species,pic_id,original_filename,local_filename,url,family,in_miyazawa,download_status,file_size
Chaetodon vagabundus,10004,10004AF.jpg,Chaetodon_vagabundus_FishPix_10004.jpg,https://fishpix.kahaku.go.jp/photos/NR0010/10004AF.jpg,Chaetodontidae,yes,exists,23552
Chaetodon rafflesii,10012,10012AF.jpg,Chaetodon_rafflesii_FishPix_10012.jpg,https://fishpix.kahaku.go.jp/photos/NR0010/10012AF.jpg,Chaetodontidae,yes,exists,28672
Coradion melanopus,10029,10029AF.jpg,Coradion_melanopus_FishPix_10029.jpg,https://fishpix.kahaku.go.jp/photos/NR0010/10029AF.jpg,Chaetodontidae,yes,exists,21504
Chaetodon ornatissimus,10043,10043AF.jpg,Chaetodon_ornatissimus_FishPix_10043.jpg,https://fishpix.kahaku.go.jp/photos/NR0010/10043AF.jpg,Chaetodontidae,yes,exists,27648
Chaetodon bennetti,10061,10061AF.jpg,Chaetodon_bennetti_FishPix_10061.jpg,https://fishpix.kahaku.go.jp/photos/NR0010/10061AF.jpg,Chaetodontidae,no,exists,19456
Chaetodon punctatofasciatus,10063,10063AF.jpg,Chaetodon_punctatofasciatus_FishPix_10063.jpg,https://fishpix.kahaku.go.jp/photos/NR0010/10063AF.jpg,Chaetodontidae,yes,exists,29696
Chaetodon argentatus,10095,10095AF.jpg,Chaetodon_argentatus_FishPix_10095.jpg,https://fishpix.kahaku.go.jp/photos/NR0010/10095AF.jpg,Chaetodontidae,no,exists,24576
Chaetodon nippon,10165,10165AF.jpg,Chaetodon_nippon_FishPix_10165.jpg,https://fishpix.kahaku.go.jp/photos/NR0010/10165AF.jpg,Chaetodontidae,no,exists,32768
Chaetodon auripes,10258,10258AF.jpg,Chaetodon_auripes_FishPix_10258.jpg,https://fishpix.kahaku.go.jp/photos/NR0010/10258AF.jpg,Chaetodontidae,no,exists,30720
Chaetodon argentatus,10341,10341AF.jpg,Chaetodon_argentatus_FishPix_10341.jpg,https://fishpix.kahaku.go.jp/photos/NR0010/10341AF.jpg,Chaetodontidae,no,exists,27648
Chaetodon reticulatus,10349,10349AF.jpg,Chaetodon_reticulatus_FishPix_10349.jpg,https://fishpix.kahaku.go.jp/photos/NR0010/10349AF.jpg,Chaetodontidae,no,exists,29696
Chaetodon nippon,10409,10409AF.jpg,Chaetodon_nippon_FishPix_10409.jpg,https://fishpix.kahaku.go.jp/photos/NR0010/10409AF.jpg,Chaetodontidae,no,exists,31744
Heniochus chrysostomus,10410,10410AF.jpg,Heniochus_chrysostomus_FishPix_10410.jpg,https://fishpix.kahaku.go.jp/photos/NR0010/10410AF.jpg,Chaetodontidae,no,exists,41984
Chaetodon auriga,10431,10431AF.jpg,Chaetodon_auriga_FishPix_10431.jpg,https://fishpix.kahaku.go.jp/photos/NR0010/10431AF.jpg,Chaetodontidae,no,exists,43008
Chaetodon auriga,10472,10472AF.jpg,Chaetodon_auriga_FishPix_10472.jpg,https://fishpix.kahaku.go.jp/photos/NR0010/10472AF.jpg,Chaetodontidae,no,exists,21504
Chaetodon auripes,10473,10473AF.jpg,Chaetodon_auripes_FishPix_10473.jpg,https://fishpix.kahaku.go.jp/photos/NR0010/10473AF.jpg,Chaetodontidae,no,exists,26624
Roa modesta,10474,10474AF.jpg,Roa_modesta_FishPix_10474.jpg,https://fishpix.kahaku.go.jp/photos/NR0010/10474AF.jpg,Chaetodontidae,no,exists,22528
Chaetodon nippon,10475,10475AF.jpg,Chaetodon_nippon_FishPix_10475.jpg,https://fishpix.kahaku.go.jp/photos/NR0010/10475AF.jpg,Chaetodontidae,no,exists,15360
Chaetodon trifascialis,10580,10580AF.jpg,Chaetodon_trifascialis_FishPix_10580.jpg,https://fishpix.kahaku.go.jp/photos/NR0010/10580AF.jpg,Chaetodontidae,no,exists,100827
Chaetodon melannotus,10581,10581AF.jpg,Chaetodon_melannotus_FishPix_10581.jpg,https://fishpix.kahaku.go.jp/photos/NR0010/10581AF.jpg,Chaetodontidae,no,exists,92117
Chaetodon auriga,10582,10582AF.jpg,Chaetodon_auriga_FishPix_10582.jpg,https://fishpix.kahaku.go.jp/photos/NR0010/10582AF.jpg,Chaetodontidae,no,exists,121660
Chaetodon plebeius,10583,10583AF.jpg,Chaetodon_plebeius_FishPix_10583.jpg,https://fishpix.kahaku.go.jp/photos/NR0010/10583AF.jpg,Chaetodontidae,no,exists,88670
Chaetodon wiebeli,10584,10584AF.jpg,Chaetodon_wiebeli_FishPix_10584.jpg,https://fishpix.kahaku.go.jp/photos/NR0010/10584AF.jpg,Chaetodontidae,no,exists,79396
Chaetodon wiebeli,10585,10585AF.jpg,Chaetodon_wiebeli_FishPix_10585.jpg,https://fishpix.kahaku.go.jp/photos/NR0010/10585AF.jpg,Chaetodontidae,no,exists,66934
Chaetodon auripes,10586,10586AF.jpg,Chaetodon_auripes_FishPix_10586.jpg,https://fishpix.kahaku.go.jp/photos/NR0010/10586AF.jpg,Chaetodontidae,no,exists,101927
Chaetodon kleinii,10587,10587AF.jpg,Chaetodon_kleinii_FishPix_10587.jpg,https://fishpix.kahaku.go.jp/photos/NR0010/10587AF.jpg,Chaetodontidae,yes,exists,72788
Heniochus chrysostomus,10592,10592AF.jpg,Heniochus_chrysostomus_FishPix_10592.jpg,https://fishpix.kahaku.go.jp/photos/NR0010/10592AF.jpg,Chaetodontidae,no,exists,108698
Heniochus diphreutes,10593,10593AF.jpg,Heniochus_diphreutes_FishPix_10593.jpg,https://fishpix.kahaku.go.jp/photos/NR0010/10593AF.jpg,Chaetodontidae,no,exists,75950
Coradion melanopus,10621,10621AF.jpg,Coradion_melanopus_FishPix_10621.jpg,https://fishpix.kahaku.go.jp/photos/NR0010/10621AF.jpg,Chaetodontidae,no,exists,138880
Chaetodon baronessa,10624,10624AF.jpg,Chaetodon_baronessa_FishPix_10624.jpg,https://fishpix.kahaku.go.jp/photos/NR0010/10624AF.jpg,Chaetodontidae,no,exists,121234
Chaetodon semilarvatus,10689,10689AF.jpg,Chaetodon_semilarvatus_FishPix_10689.jpg,https://fishpix.kahaku.go.jp/photos/NR0010/10689AF.jpg,Chaetodontidae,no,exists,149246
Chaetodon austriacus,10690,10690AF.jpg,Chaetodon_austriacus_FishPix_10690.jpg,https://fishpix.kahaku.go.jp/photos/NR0010/10690AF.jpg,Chaetodontidae,no,exists,155056
Chaetodon fasciatus,10691,10691AF.jpg,Chaetodon_fasciatus_FishPix_10691.jpg,https://fishpix.kahaku.go.jp/photos/NR0010/10691AF.jpg,Chaetodontidae,no,exists,112656
Chaetodon fasciatus,10692,10692AF.jpg,Chaetodon_fasciatus_FishPix_10692.jpg,https://fishpix.kahaku.go.jp/photos/NR0010/10692AF.jpg,Chaetodontidae,no,exists,155771
Chaetodon auriga,10693,10693AF.jpg,Chaetodon_auriga_FishPix_10693.jpg,https://fishpix.kahaku.go.jp/photos/NR0010/10693AF.jpg,Chaetodontidae,no,exists,64162
Chaetodon auriga,10694,10694AF.jpg,Chaetodon_auriga_FishPix_10694.jpg,https://fishpix.kahaku.go.jp/photos/NR0010/10694AF.jpg,Chaetodontidae,no,exists,107898
Chaetodon trifascialis,10695,10695AF.jpg,Chaetodon_trifascialis_FishPix_10695.jpg,https://fishpix.kahaku.go.jp/photos/NR0010/10695AF.jpg,Chaetodontidae,no,exists,69075
Chaetodon paucifasciatus,10696,10696AF.jpg,Chaetodon_paucifasciatus_FishPix_10696.jpg,https://fishpix.kahaku.go.jp/photos/NR0010/10696AF.jpg,Chaetodontidae,no,exists,154090
Heniochus intermedius,10697,10697AF.jpg,Heniochus_intermedius_FishPix_10697.jpg,https://fishpix.kahaku.go.jp/photos/NR0010/10697AF.jpg,Chaetodontidae,no,exists,167605
Heniochus intermedius,10698,10698AF.jpg,Heniochus_intermedius_FishPix_10698.jpg,https://fishpix.kahaku.go.jp/photos/NR0010/10698AF.jpg,Chaetodontidae,no,exists,100623
Chaetodon reticulatus,107133,107133AF.jpg,Chaetodon_reticulatus_FishPix_107133.jpg,https://fishpix.kahaku.go.jp/photos/NR0107/107133AF.jpg,Chaetodontidae,no,exists,162930
Chaetodon reticulatus,107134,107134AF.jpg,Chaetodon_reticulatus_FishPix_107134.jpg,https://fishpix.kahaku.go.jp/photos/NR0107/107134AF.jpg,Chaetodontidae,yes,exists,160930
Chaetodon lunula,107269,107269AF.jpg,Chaetodon_lunula_FishPix_107269.jpg,https://fishpix.kahaku.go.jp/photos/NR0107/107269AF.jpg,Chaetodontidae,no,exists,133477
Chaetodon lunula,107270,107270AF.jpg,Chaetodon_lunula_FishPix_107270.jpg,https://fishpix.kahaku.go.jp/photos/NR0107/107270AF.jpg,Chaetodontidae,no,exists,136784
Chaetodon auriga,10730,10730AF.jpg,Chaetodon_auriga_FishPix_10730.jpg,https://fishpix.kahaku.go.jp/photos/NR0010/10730AF.jpg,Chaetodontidae,no,exists,69042
Chaetodon wiebeli,107464,107464AF.jpg,Chaetodon_wiebeli_FishPix_107464.jpg,https://fishpix.kahaku.go.jp/photos/NR0107/107464AF.jpg,Chaetodontidae,yes,exists,130492
Heniochus varius,10755,10755AF.jpg,Heniochus_varius_FishPix_10755.jpg,https://fishpix.kahaku.go.jp/photos/NR0010/10755AF.jpg,Chaetodontidae,no,exists,28672
Heniochus chrysostomus,10765,10765AF.jpg,Heniochus_chrysostomus_FishPix_10765.jpg,https://fishpix.kahaku.go.jp/photos/NR0010/10765AF.jpg,Chaetodontidae,no,exists,30720
Hemitaurichthys polylepis,10768,10768AF.jpg,Hemitaurichthys_polylepis_FishPix_10768.jpg,https://fishpix.kahaku.go.jp/photos/NR0010/10768AF.jpg,Chaetodontidae,no,exists,24576
Forcipiger flavissimus,10771,10771AF.jpg,Forcipiger_flavissimus_FishPix_10771.jpg,https://fishpix.kahaku.go.jp/photos/NR0010/10771AF.jpg,Chaetodontidae,no,exists,23552
Parachaetodon ocellatus,107713,107713AF.jpg,Parachaetodon_ocellatus_FishPix_107713.jpg,https://fishpix.kahaku.go.jp/photos/NR0107/107713AF.jpg,Chaetodontidae,no,exists,131188
Chaetodon reticulatus,10773,10773AF.jpg,Chaetodon_reticulatus_FishPix_10773.jpg,https://fishpix.kahaku.go.jp/photos/NR0010/10773AF.jpg,Chaetodontidae,no,exists,23552
Roa modesta,107768,107768AF.jpg,Roa_modesta_FishPix_107768.jpg,https://fishpix.kahaku.go.jp/photos/NR0107/107768AF.jpg,Chaetodontidae,no,exists,122647
Heniochus acuminatus,10789,10789AF.jpg,Heniochus_acuminatus_FishPix_10789.jpg,https://fishpix.kahaku.go.jp/photos/NR0010/10789AF.jpg,Chaetodontidae,no,exists,18432
Chaetodon plebeius,107951,107951AF.jpg,Chaetodon_plebeius_FishPix_107951.jpg,https://fishpix.kahaku.go.jp/photos/NR0107/107951AF.jpg,Chaetodontidae,yes,exists,124467
Chaetodon nippon,10811,10811AF.jpg,Chaetodon_nippon_FishPix_10811.jpg,https://fishpix.kahaku.go.jp/photos/NR0010/10811AF.jpg,Chaetodontidae,no,exists,17408
Chaetodon vagabundus,108224,108224AF.jpg,Chaetodon_vagabundus_FishPix_108224.jpg,https://fishpix.kahaku.go.jp/photos/NR0108/108224AF.jpg,Chaetodontidae,no,exists,128789
Chaetodon lunula,108471,108471AF.jpg,Chaetodon_lunula_FishPix_108471.jpg,https://fishpix.kahaku.go.jp/photos/NR0108/108471AF.jpg,Chaetodontidae,no,exists,100376
Chaetodon argentatus,108490,108490AF.jpg,Chaetodon_argentatus_FishPix_108490.jpg,https://fishpix.kahaku.go.jp/photos/NR0108/108490AF.jpg,Chaetodontidae,no,exists,95407
Chaetodon lunula,108491,108491AF.jpg,Chaetodon_lunula_FishPix_108491.jpg,https://fishpix.kahaku.go.jp/photos/NR0108/108491AF.jpg,Chaetodontidae,no,exists,124668
Chaetodon auriga,108492,108492AF.jpg,Chaetodon_auriga_FishPix_108492.jpg,https://fishpix.kahaku.go.jp/photos/NR0108/108492AF.jpg,Chaetodontidae,no,exists,105597
Chaetodon lunulatus,108982,108982AF.jpg,Chaetodon_lunulatus_FishPix_108982.jpg,https://fishpix.kahaku.go.jp/photos/NR0108/108982AF.jpg,Chaetodontidae,no,exists,104189
Chaetodon lunulatus,108983,108983AF.jpg,Chaetodon_lunulatus_FishPix_108983.jpg,https://fishpix.kahaku.go.jp/photos/NR0108/108983AF.jpg,Chaetodontidae,no,exists,85967
Chaetodon plebeius,10909,10909AF.jpg,Chaetodon_plebeius_FishPix_10909.jpg,https://fishpix.kahaku.go.jp/photos/NR0010/10909AF.jpg,Chaetodontidae,no,exists,46080
Heniochus diphreutes,109159,109159AF.jpg,Heniochus_diphreutes_FishPix_109159.jpg,https://fishpix.kahaku.go.jp/photos/NR0109/109159AF.jpg,Chaetodontidae,no,exists,87482
Heniochus diphreutes,109160,109160AF.jpg,Heniochus_diphreutes_FishPix_109160.jpg,https://fishpix.kahaku.go.jp/photos/NR0109/109160AF.jpg,Chaetodontidae,no,exists,78957
Heniochus diphreutes,109161,109161AF.jpg,Heniochus_diphreutes_FishPix_109161.jpg,https://fishpix.kahaku.go.jp/photos/NR0109/109161AF.jpg,Chaetodontidae,no,exists,96842
Heniochus diphreutes,109190,109190AF.jpg,Heniochus_diphreutes_FishPix_109190.jpg,https://fishpix.kahaku.go.jp/photos/NR0109/109190AF.jpg,Chaetodontidae,no,exists,69245
Chaetodon auripes,109265,109265AF.jpg,Chaetodon_auripes_FishPix_109265.jpg,https://fishpix.kahaku.go.jp/photos/NR0109/109265AF.jpg,Chaetodontidae,no,exists,89898
Heniochus diphreutes,109266,109266AF.jpg,Heniochus_diphreutes_FishPix_109266.jpg,https://fishpix.kahaku.go.jp/photos/NR0109/109266AF.jpg,Chaetodontidae,no,exists,75447
Heniochus acuminatus,10954,10954AF.jpg,Heniochus_acuminatus_FishPix_10954.jpg,https://fishpix.kahaku.go.jp/photos/NR0010/10954AF.jpg,Chaetodontidae,no,exists,31744
Chaetodon argentatus,10957,10957AF.jpg,Chaetodon_argentatus_FishPix_10957.jpg,https://fishpix.kahaku.go.jp/photos/NR0010/10957AF.jpg,Chaetodontidae,no,exists,26624
Hemitaurichthys polylepis,10962,10962AF.jpg,Hemitaurichthys_polylepis_FishPix_10962.jpg,https://fishpix.kahaku.go.jp/photos/NR0010/10962AF.jpg,Chaetodontidae,no,exists,15360
Chaetodon argentatus,109671,109671AF.jpg,Chaetodon_argentatus_FishPix_109671.jpg,https://fishpix.kahaku.go.jp/photos/NR0109/109671AF.jpg,Chaetodontidae,no,exists,113472
Chaetodon trifascialis,10969,10969AF.jpg,Chaetodon_trifascialis_FishPix_10969.jpg,https://fishpix.kahaku.go.jp/photos/NR0010/10969AF.jpg,Chaetodontidae,no,exists,26624
Chaetodon speculum,109938,109938AF.jpg,Chaetodon_speculum_FishPix_109938.jpg,https://fishpix.kahaku.go.jp/photos/NR0109/109938AF.jpg,Chaetodontidae,no,exists,105874
Chaetodon ulietensis,109971,109971AF.jpg,Chaetodon_ulietensis_FishPix_109971.jpg,https://fishpix.kahaku.go.jp/photos/NR0109/109971AF.jpg,Chaetodontidae,no,exists,101729
Chaetodon vagabundus,11253,11253AF.jpg,Chaetodon_vagabundus_FishPix_11253.jpg,https://fishpix.kahaku.go.jp/photos/NR0011/11253AF.jpg,Chaetodontidae,no,exists,16384
Chaetodon punctatofasciatus,11379,11379AF.jpg,Chaetodon_punctatofasciatus_FishPix_11379.jpg,https://fishpix.kahaku.go.jp/photos/NR0011/11379AF.jpg,Chaetodontidae,no,exists,30720
Chaetodon auriga,11409,11409AF.jpg,Chaetodon_auriga_FishPix_11409.jpg,https://fishpix.kahaku.go.jp/photos/NR0011/11409AF.jpg,Chaetodontidae,no,exists,20480
Chaetodon vagabundus,11441,11441AF.jpg,Chaetodon_vagabundus_FishPix_11441.jpg,https://fishpix.kahaku.go.jp/photos/NR0011/11441AF.jpg,Chaetodontidae,no,exists,36864
Chaetodon punctatofasciatus,11544,11544AF.jpg,Chaetodon_punctatofasciatus_FishPix_11544.jpg,https://fishpix.kahaku.go.jp/photos/NR0011/11544AF.jpg,Chaetodontidae,no,exists,116550
Heniochus diphreutes,11583,11583AF.jpg,Heniochus_diphreutes_FishPix_11583.jpg,https://fishpix.kahaku.go.jp/photos/NR0011/11583AF.jpg,Chaetodontidae,yes,exists,133143
Heniochus diphreutes,11585,11585AF.jpg,Heniochus_diphreutes_FishPix_11585.jpg,https://fishpix.kahaku.go.jp/photos/NR0011/11585AF.jpg,Chaetodontidae,no,exists,125303
Heniochus diphreutes,11640,11640AF.jpg,Heniochus_diphreutes_FishPix_11640.jpg,https://fishpix.kahaku.go.jp/photos/NR0011/11640AF.jpg,Chaetodontidae,no,exists,136948
Heniochus diphreutes,11641,11641AF.jpg,Heniochus_diphreutes_FishPix_11641.jpg,https://fishpix.kahaku.go.jp/photos/NR0011/11641AF.jpg,Chaetodontidae,no,exists,125532
Chaetodon vagabundus,11642,11642AF.jpg,Chaetodon_vagabundus_FishPix_11642.jpg,https://fishpix.kahaku.go.jp/photos/NR0011/11642AF.jpg,Chaetodontidae,no,exists,135104
Chaetodon lunula,11643,11643AF.jpg,Chaetodon_lunula_FishPix_11643.jpg,https://fishpix.kahaku.go.jp/photos/NR0011/11643AF.jpg,Chaetodontidae,yes,exists,139436
Chaetodon melannotus,11644,11644AF.jpg,Chaetodon_melannotus_FishPix_11644.jpg,https://fishpix.kahaku.go.jp/photos/NR0011/11644AF.jpg,Chaetodontidae,no,exists,143821
Chaetodon speculum,11717,11717AF.jpg,Chaetodon_speculum_FishPix_11717.jpg,https://fishpix.kahaku.go.jp/photos/NR0011/11717AF.jpg,Chaetodontidae,no,exists,153677
Chaetodon ephippium,11722,11722AF.jpg,Chaetodon_ephippium_FishPix_11722.jpg,https://fishpix.kahaku.go.jp/photos/NR0011/11722AF.jpg,Chaetodontidae,no,exists,102975
Chaetodon speculum,11725,11725AF.jpg,Chaetodon_speculum_FishPix_11725.jpg,https://fishpix.kahaku.go.jp/photos/NR0011/11725AF.jpg,Chaetodontidae,no,exists,138608
Chaetodon auriga,11838,11838AF.jpg,Chaetodon_auriga_FishPix_11838.jpg,https://fishpix.kahaku.go.jp/photos/NR0011/11838AF.jpg,Chaetodontidae,no,exists,27648
Roa modesta,11839,11839AF.jpg,Roa_modesta_FishPix_11839.jpg,https://fishpix.kahaku.go.jp/photos/NR0011/11839AF.jpg,Chaetodontidae,yes,exists,30720
Coradion altivelis,11840,11840AF.jpg,Coradion_altivelis_FishPix_11840.jpg,https://fishpix.kahaku.go.jp/photos/NR0011/11840AF.jpg,Chaetodontidae,no,exists,22528
Chaetodon vagabundus,11841,11841AF.jpg,Chaetodon_vagabundus_FishPix_11841.jpg,https://fishpix.kahaku.go.jp/photos/NR0011/11841AF.jpg,Chaetodontidae,no,exists,33792
Chaetodon auripes,11842,11842AF.jpg,Chaetodon_auripes_FishPix_11842.jpg,https://fishpix.kahaku.go.jp/photos/NR0011/11842AF.jpg,Chaetodontidae,no,exists,24576
Chaetodon auripes,11843,11843AF.jpg,Chaetodon_auripes_FishPix_11843.jpg,https://fishpix.kahaku.go.jp/photos/NR0011/11843AF.jpg,Chaetodontidae,no,exists,18432
Chaetodon kleinii,11844,11844AF.jpg,Chaetodon_kleinii_FishPix_11844.jpg,https://fishpix.kahaku.go.jp/photos/NR0011/11844AF.jpg,Chaetodontidae,no,exists,25600
Chaetodon guentheri,11845,11845AF.jpg,Chaetodon_guentheri_FishPix_11845.jpg,https://fishpix.kahaku.go.jp/photos/NR0011/11845AF.jpg,Chaetodontidae,no,exists,21504
Chaetodon nippon,11846,11846AF.jpg,Chaetodon_nippon_FishPix_11846.jpg,https://fishpix.kahaku.go.jp/photos/NR0011/11846AF.jpg,Chaetodontidae,no,exists,17408
Chaetodon nippon,11847,11847AF.jpg,Chaetodon_nippon_FishPix_11847.jpg,https://fishpix.kahaku.go.jp/photos/NR0011/11847AF.jpg,Chaetodontidae,no,exists,24576
Chaetodon daedalma,11848,11848AF.jpg,Chaetodon_daedalma_FishPix_11848.jpg,https://fishpix.kahaku.go.jp/photos/NR0011/11848AF.jpg,Chaetodontidae,no,exists,26624
Heniochus acuminatus,11849,11849AF.jpg,Heniochus_acuminatus_FishPix_11849.jpg,https://fishpix.kahaku.go.jp/photos/NR0011/11849AF.jpg,Chaetodontidae,no,exists,18432
Heniochus diphreutes,11850,11850AF.jpg,Heniochus_diphreutes_FishPix_11850.jpg,https://fishpix.kahaku.go.jp/photos/NR0011/11850AF.jpg,Chaetodontidae,no,exists,15360
Forcipiger flavissimus,11851,11851AF.jpg,Forcipiger_flavissimus_FishPix_11851.jpg,https://fishpix.kahaku.go.jp/photos/NR0011/11851AF.jpg,Chaetodontidae,yes,exists,20480
Heniochus monoceros,12014,12014AF.jpg,Heniochus_monoceros_FishPix_12014.jpg,https://fishpix.kahaku.go.jp/photos/NR0012/12014AF.jpg,Chaetodontidae,no,exists,22528
Chaetodon oxycephalus,12047,12047AF.jpg,Chaetodon_oxycephalus_FishPix_12047.jpg,https://fishpix.kahaku.go.jp/photos/NR0012/12047AF.jpg,Chaetodontidae,no,exists,14336
Chaetodon madagaskariensis,12048,12048AF.jpg,Chaetodon_madagaskariensis_FishPix_12048.jpg,https://fishpix.kahaku.go.jp/photos/NR0012/12048AF.jpg,Chaetodontidae,no,exists,46080
Hemitaurichthys zoster,12049,12049AF.jpg,Hemitaurichthys_zoster_FishPix_12049.jpg,https://fishpix.kahaku.go.jp/photos/NR0012/12049AF.jpg,Chaetodontidae,yes,exists,123155
Forcipiger longirostris,12050,12050AF.jpg,Forcipiger_longirostris_FishPix_12050.jpg,https://fishpix.kahaku.go.jp/photos/NR0012/12050AF.jpg,Chaetodontidae,no,exists,20480
Chaetodon xanthocephalus,12051,12051AF.jpg,Chaetodon_xanthocephalus_FishPix_12051.jpg,https://fishpix.kahaku.go.jp/photos/NR0012/12051AF.jpg,Chaetodontidae,no,exists,31744
Chaetodon kleinii,12052,12052AF.jpg,Chaetodon_kleinii_FishPix_12052.jpg,https://fishpix.kahaku.go.jp/photos/NR0012/12052AF.jpg,Chaetodontidae,no,exists,40960
Chaetodon bennetti,12053,12053AF.jpg,Chaetodon_bennetti_FishPix_12053.jpg,https://fishpix.kahaku.go.jp/photos/NR0012/12053AF.jpg,Chaetodontidae,no,exists,44032
Hemitaurichthys polylepis,12054,12054AF.jpg,Hemitaurichthys_polylepis_FishPix_12054.jpg,https://fishpix.kahaku.go.jp/photos/NR0012/12054AF.jpg,Chaetodontidae,no,exists,144476
Chaetodon punctatofasciatus,12055,12055AF.jpg,Chaetodon_punctatofasciatus_FishPix_12055.jpg,https://fishpix.kahaku.go.jp/photos/NR0012/12055AF.jpg,Chaetodontidae,no,exists,30720
Heniochus varius,12056,12056AF.jpg,Heniochus_varius_FishPix_12056.jpg,https://fishpix.kahaku.go.jp/photos/NR0012/12056AF.jpg,Chaetodontidae,no,exists,40960
Chaetodon auripes,12057,12057AF.jpg,Chaetodon_auripes_FishPix_12057.jpg,https://fishpix.kahaku.go.jp/photos/NR0012/12057AF.jpg,Chaetodontidae,no,exists,86114
Chaetodon ephippium,12058,12058AF.jpg,Chaetodon_ephippium_FishPix_12058.jpg,https://fishpix.kahaku.go.jp/photos/NR0012/12058AF.jpg,Chaetodontidae,no,exists,24576
Hemitaurichthys polylepis,12059,12059AF.jpg,Hemitaurichthys_polylepis_FishPix_12059.jpg,https://fishpix.kahaku.go.jp/photos/NR0012/12059AF.jpg,Chaetodontidae,no,exists,31744
Chaetodon lunula,12060,12060AF.jpg,Chaetodon_lunula_FishPix_12060.jpg,https://fishpix.kahaku.go.jp/photos/NR0012/12060AF.jpg,Chaetodontidae,no,exists,20480
Chaetodon auriga,12061,12061AF.jpg,Chaetodon_auriga_FishPix_12061.jpg,https://fishpix.kahaku.go.jp/photos/NR0012/12061AF.jpg,Chaetodontidae,yes,exists,25600
Chaetodon meyeri,12062,12062AF.jpg,Chaetodon_meyeri_FishPix_12062.jpg,https://fishpix.kahaku.go.jp/photos/NR0012/12062AF.jpg,Chaetodontidae,no,exists,39936
Chaetodon guttatissimus,12063,12063AF.jpg,Chaetodon_guttatissimus_FishPix_12063.jpg,https://fishpix.kahaku.go.jp/photos/NR0012/12063AF.jpg,Chaetodontidae,no,exists,37888
Chaetodon xanthocephalus,12064,12064AF.jpg,Chaetodon_xanthocephalus_FishPix_12064.jpg,https://fishpix.kahaku.go.jp/photos/NR0012/12064AF.jpg,Chaetodontidae,no,exists,36864
Chaetodon guttatissimus,12065,12065AF.jpg,Chaetodon_guttatissimus_FishPix_12065.jpg,https://fishpix.kahaku.go.jp/photos/NR0012/12065AF.jpg,Chaetodontidae,no,exists,27648
Chaetodon madagaskariensis,12066,12066AF.jpg,Chaetodon_madagaskariensis_FishPix_12066.jpg,https://fishpix.kahaku.go.jp/photos/NR0012/12066AF.jpg,Chaetodontidae,no,exists,151734
Chaetodon falcula,12067,12067AF.jpg,Chaetodon_falcula_FishPix_12067.jpg,https://fishpix.kahaku.go.jp/photos/NR0012/12067AF.jpg,Chaetodontidae,no,exists,14336
Chaetodon meyeri,12068,12068AF.jpg,Chaetodon_meyeri_FishPix_12068.jpg,https://fishpix.kahaku.go.jp/photos/NR0012/12068AF.jpg,Chaetodontidae,no,exists,38912
Heniochus pleurotaenia,12069,12069AF.jpg,Heniochus_pleurotaenia_FishPix_12069.jpg,https://fishpix.kahaku.go.jp/photos/NR0012/12069AF.jpg,Chaetodontidae,no,exists,135801
Chaetodon collare,12070,12070AF.jpg,Chaetodon_collare_FishPix_12070.jpg,https://fishpix.kahaku.go.jp/photos/NR0012/12070AF.jpg,Chaetodontidae,no,exists,182866
Chaetodon unimaculatus,12071,12071AF.jpg,Chaetodon_unimaculatus_FishPix_12071.jpg,https://fishpix.kahaku.go.jp/photos/NR0012/12071AF.jpg,Chaetodontidae,no,exists,59392
Heniochus monoceros,12072,12072AF.jpg,Heniochus_monoceros_FishPix_12072.jpg,https://fishpix.kahaku.go.jp/photos/NR0012/12072AF.jpg,Chaetodontidae,no,exists,33792
Chaetodon kleinii,12075,12075AF.jpg,Chaetodon_kleinii_FishPix_12075.jpg,https://fishpix.kahaku.go.jp/photos/NR0012/12075AF.jpg,Chaetodontidae,no,exists,53248
Chaetodon argentatus,12076,12076AF.jpg,Chaetodon_argentatus_FishPix_12076.jpg,https://fishpix.kahaku.go.jp/photos/NR0012/12076AF.jpg,Chaetodontidae,no,exists,38912
Forcipiger flavissimus,12077,12077AF.jpg,Forcipiger_flavissimus_FishPix_12077.jpg,https://fishpix.kahaku.go.jp/photos/NR0012/12077AF.jpg,Chaetodontidae,no,exists,23552
Chaetodon melannotus,12078,12078AF.jpg,Chaetodon_melannotus_FishPix_12078.jpg,https://fishpix.kahaku.go.jp/photos/NR0012/12078AF.jpg,Chaetodontidae,no,exists,36864
Chaetodon bennetti,12079,12079AF.jpg,Chaetodon_bennetti_FishPix_12079.jpg,https://fishpix.kahaku.go.jp/photos/NR0012/12079AF.jpg,Chaetodontidae,no,exists,40960
Chaetodon speculum,12080,12080AF.jpg,Chaetodon_speculum_FishPix_12080.jpg,https://fishpix.kahaku.go.jp/photos/NR0012/12080AF.jpg,Chaetodontidae,yes,exists,21504
Chaetodon trifascialis,12081,12081AF.jpg,Chaetodon_trifascialis_FishPix_12081.jpg,https://fishpix.kahaku.go.jp/photos/NR0012/12081AF.jpg,Chaetodontidae,no,exists,30720
Chaetodon argentatus,12082,12082AF.jpg,Chaetodon_argentatus_FishPix_12082.jpg,https://fishpix.kahaku.go.jp/photos/NR0012/12082AF.jpg,Chaetodontidae,no,exists,25600
Chaetodon ephippium,12083,12083AF.jpg,Chaetodon_ephippium_FishPix_12083.jpg,https://fishpix.kahaku.go.jp/photos/NR0012/12083AF.jpg,Chaetodontidae,no,exists,33792
Heniochus chrysostomus,12084,12084AF.jpg,Heniochus_chrysostomus_FishPix_12084.jpg,https://fishpix.kahaku.go.jp/photos/NR0012/12084AF.jpg,Chaetodontidae,no,exists,24576
Heniochus chrysostomus,12085,12085AF.jpg,Heniochus_chrysostomus_FishPix_12085.jpg,https://fishpix.kahaku.go.jp/photos/NR0012/12085AF.jpg,Chaetodontidae,no,exists,33792
Heniochus diphreutes,1249,1249AF.jpg,Heniochus_diphreutes_FishPix_1249.jpg,https://fishpix.kahaku.go.jp/photos/NR0001/1249AF.jpg,Chaetodontidae,no,exists,33792
Chaetodon auripes,1251,1251AF.jpg,Chaetodon_auripes_FishPix_1251.jpg,https://fishpix.kahaku.go.jp/photos/NR0001/1251AF.jpg,Chaetodontidae,no,exists,19456
Coradion chrysozonus,12716,12716AF.jpg,Coradion_chrysozonus_FishPix_12716.jpg,https://fishpix.kahaku.go.jp/photos/NR0012/12716AF.jpg,Chaetodontidae,no,exists,22528
Chaetodon baronessa,12747,12747AF.jpg,Chaetodon_baronessa_FishPix_12747.jpg,https://fishpix.kahaku.go.jp/photos/NR0012/12747AF.jpg,Chaetodontidae,no,exists,30720
Heniochus diphreutes,12773,12773AF.jpg,Heniochus_diphreutes_FishPix_12773.jpg,https://fishpix.kahaku.go.jp/photos/NR0012/12773AF.jpg,Chaetodontidae,no,exists,89445
Chaetodon auriga,12980,12980AF.jpg,Chaetodon_auriga_FishPix_12980.jpg,https://fishpix.kahaku.go.jp/photos/NR0012/12980AF.jpg,Chaetodontidae,no,exists,131410
Chaetodon xanthurus,13034,13034AF.jpg,Chaetodon_xanthurus_FishPix_13034.jpg,https://fishpix.kahaku.go.jp/photos/NR0013/13034AF.jpg,Chaetodontidae,yes,exists,202127
Coradion chrysozonus,13050,13050AF.jpg,Coradion_chrysozonus_FishPix_13050.jpg,https://fishpix.kahaku.go.jp/photos/NR0013/13050AF.jpg,Chaetodontidae,no,exists,112398
Chaetodon daedalma,13089,13089AF.jpg,Chaetodon_daedalma_FishPix_13089.jpg,https://fishpix.kahaku.go.jp/photos/NR0013/13089AF.jpg,Chaetodontidae,no,exists,173921
Heniochus diphreutes,13101,13101AF.jpg,Heniochus_diphreutes_FishPix_13101.jpg,https://fishpix.kahaku.go.jp/photos/NR0013/13101AF.jpg,Chaetodontidae,no,exists,112628
Chaetodon citrinellus,131830,131830AF.jpg,Chaetodon_citrinellus_FishPix_131830.jpg,https://fishpix.kahaku.go.jp/photos/NR0131/131830AF.jpg,Chaetodontidae,no,exists,131977
Chaetodon citrinellus,131831,131831AF.jpg,Chaetodon_citrinellus_FishPix_131831.jpg,https://fishpix.kahaku.go.jp/photos/NR0131/131831AF.jpg,Chaetodontidae,no,exists,135938
Chaetodon vagabundus,131836,131836AF.jpg,Chaetodon_vagabundus_FishPix_131836.jpg,https://fishpix.kahaku.go.jp/photos/NR0131/131836AF.jpg,Chaetodontidae,no,exists,127552
Chaetodon vagabundus,131837,131837AF.jpg,Chaetodon_vagabundus_FishPix_131837.jpg,https://fishpix.kahaku.go.jp/photos/NR0131/131837AF.jpg,Chaetodontidae,no,exists,135998
Chaetodon daedalma,13207,13207AF.jpg,Chaetodon_daedalma_FishPix_13207.jpg,https://fishpix.kahaku.go.jp/photos/NR0013/13207AF.jpg,Chaetodontidae,no,exists,162788
Chaetodon daedalma,13208,13208AF.jpg,Chaetodon_daedalma_FishPix_13208.jpg,https://fishpix.kahaku.go.jp/photos/NR0013/13208AF.jpg,Chaetodontidae,no,exists,152331
Chaetodon collare,13259,13259AF.jpg,Chaetodon_collare_FishPix_13259.jpg,https://fishpix.kahaku.go.jp/photos/NR0013/13259AF.jpg,Chaetodontidae,no,exists,199155
Hemitaurichthys zoster,13261,13261AF.jpg,Hemitaurichthys_zoster_FishPix_13261.jpg,https://fishpix.kahaku.go.jp/photos/NR0013/13261AF.jpg,Chaetodontidae,no,exists,168412
Heniochus pleurotaenia,13263,13263AF.jpg,Heniochus_pleurotaenia_FishPix_13263.jpg,https://fishpix.kahaku.go.jp/photos/NR0013/13263AF.jpg,Chaetodontidae,no,exists,191390
Chaetodon xanthocephalus,13266,13266AF.jpg,Chaetodon_xanthocephalus_FishPix_13266.jpg,https://fishpix.kahaku.go.jp/photos/NR0013/13266AF.jpg,Chaetodontidae,no,exists,43008
Chaetodon collare,13310,13310AF.jpg,Chaetodon_collare_FishPix_13310.jpg,https://fishpix.kahaku.go.jp/photos/NR0013/13310AF.jpg,Chaetodontidae,no,exists,140222
Chaetodon bennetti,13315,13315AF.jpg,Chaetodon_bennetti_FishPix_13315.jpg,https://fishpix.kahaku.go.jp/photos/NR0013/13315AF.jpg,Chaetodontidae,no,exists,154794
Heniochus pleurotaenia,13320,13320AF.jpg,Heniochus_pleurotaenia_FishPix_13320.jpg,https://fishpix.kahaku.go.jp/photos/NR0013/13320AF.jpg,Chaetodontidae,no,exists,227830
Chaetodon xanthocephalus,13322,13322AF.jpg,Chaetodon_xanthocephalus_FishPix_13322.jpg,https://fishpix.kahaku.go.jp/photos/NR0013/13322AF.jpg,Chaetodontidae,no,exists,31744
Chaetodon unimaculatus,13345,13345AF.jpg,Chaetodon_unimaculatus_FishPix_13345.jpg,https://fishpix.kahaku.go.jp/photos/NR0013/13345AF.jpg,Chaetodontidae,no,exists,70218
Forcipiger flavissimus,13349,13349AF.jpg,Forcipiger_flavissimus_FishPix_13349.jpg,https://fishpix.kahaku.go.jp/photos/NR0013/13349AF.jpg,Chaetodontidae,no,exists,27648
Hemitaurichthys polylepis,13351,13351AF.jpg,Hemitaurichthys_polylepis_FishPix_13351.jpg,https://fishpix.kahaku.go.jp/photos/NR0013/13351AF.jpg,Chaetodontidae,no,exists,14336
Chaetodon auriga,13352,13352AF.jpg,Chaetodon_auriga_FishPix_13352.jpg,https://fishpix.kahaku.go.jp/photos/NR0013/13352AF.jpg,Chaetodontidae,no,exists,34816
Hemitaurichthys polylepis,13374,13374AF.jpg,Hemitaurichthys_polylepis_FishPix_13374.jpg,https://fishpix.kahaku.go.jp/photos/NR0013/13374AF.jpg,Chaetodontidae,no,exists,31744
Forcipiger flavissimus,13388,13388AF.jpg,Forcipiger_flavissimus_FishPix_13388.jpg,https://fishpix.kahaku.go.jp/photos/NR0013/13388AF.jpg,Chaetodontidae,no,exists,41984
Chaetodon citrinellus,13404,13404AF.jpg,Chaetodon_citrinellus_FishPix_13404.jpg,https://fishpix.kahaku.go.jp/photos/NR0013/13404AF.jpg,Chaetodontidae,no,exists,23552
Chaetodon kleinii,13411,13411AF.jpg,Chaetodon_kleinii_FishPix_13411.jpg,https://fishpix.kahaku.go.jp/photos/NR0013/13411AF.jpg,Chaetodontidae,no,exists,18432
Chaetodon lineolatus,13412,13412AF.jpg,Chaetodon_lineolatus_FishPix_13412.jpg,https://fishpix.kahaku.go.jp/photos/NR0013/13412AF.jpg,Chaetodontidae,no,exists,21504
Chaetodon plebeius,13426,13426AF.jpg,Chaetodon_plebeius_FishPix_13426.jpg,https://fishpix.kahaku.go.jp/photos/NR0013/13426AF.jpg,Chaetodontidae,no,exists,39936
Chaetodon baronessa,13458,13458AF.jpg,Chaetodon_baronessa_FishPix_13458.jpg,https://fishpix.kahaku.go.jp/photos/NR0013/13458AF.jpg,Chaetodontidae,no,exists,23552
Chaetodon kleinii,13470,13470AF.jpg,Chaetodon_kleinii_FishPix_13470.jpg,https://fishpix.kahaku.go.jp/photos/NR0013/13470AF.jpg,Chaetodontidae,no,exists,57344
Heniochus chrysostomus,13486,13486AF.jpg,Heniochus_chrysostomus_FishPix_13486.jpg,https://fishpix.kahaku.go.jp/photos/NR0013/13486AF.jpg,Chaetodontidae,no,exists,28672
Chaetodon auripes,13524,13524AF.jpg,Chaetodon_auripes_FishPix_13524.jpg,https://fishpix.kahaku.go.jp/photos/NR0013/13524AF.jpg,Chaetodontidae,no,exists,16384
Roa modesta,13759,13759AF.jpg,Roa_modesta_FishPix_13759.jpg,https://fishpix.kahaku.go.jp/photos/NR0013/13759AF.jpg,Chaetodontidae,no,exists,120964
Roa modesta,13776,13776AF.jpg,Roa_modesta_FishPix_13776.jpg,https://fishpix.kahaku.go.jp/photos/NR0013/13776AF.jpg,Chaetodontidae,no,exists,115066
Roa modesta,13810,13810AF.jpg,Roa_modesta_FishPix_13810.jpg,https://fishpix.kahaku.go.jp/photos/NR0013/13810AF.jpg,Chaetodontidae,no,exists,120984
Chaetodon nippon,13814,13814AF.jpg,Chaetodon_nippon_FishPix_13814.jpg,https://fishpix.kahaku.go.jp/photos/NR0013/13814AF.jpg,Chaetodontidae,no,exists,186889
Chaetodon nippon,13839,13839AF.jpg,Chaetodon_nippon_FishPix_13839.jpg,https://fishpix.kahaku.go.jp/photos/NR0013/13839AF.jpg,Chaetodontidae,no,exists,204068
Forcipiger flavissimus,13879,13879AF.jpg,Forcipiger_flavissimus_FishPix_13879.jpg,https://fishpix.kahaku.go.jp/photos/NR0013/13879AF.jpg,Chaetodontidae,no,exists,126809
Chaetodon nippon,13889,13889AF.jpg,Chaetodon_nippon_FishPix_13889.jpg,https://fishpix.kahaku.go.jp/photos/NR0013/13889AF.jpg,Chaetodontidae,no,exists,173576
Coradion altivelis,13891,13891AF.jpg,Coradion_altivelis_FishPix_13891.jpg,https://fishpix.kahaku.go.jp/photos/NR0013/13891AF.jpg,Chaetodontidae,no,exists,163282
Chaetodon kleinii,13907,13907AF.jpg,Chaetodon_kleinii_FishPix_13907.jpg,https://fishpix.kahaku.go.jp/photos/NR0013/13907AF.jpg,Chaetodontidae,no,exists,149181
Roa modesta,13925,13925AF.jpg,Roa_modesta_FishPix_13925.jpg,https://fishpix.kahaku.go.jp/photos/NR0013/13925AF.jpg,Chaetodontidae,no,exists,131825
Coradion altivelis,13931,13931AF.jpg,Coradion_altivelis_FishPix_13931.jpg,https://fishpix.kahaku.go.jp/photos/NR0013/13931AF.jpg,Chaetodontidae,no,exists,118572
Chaetodon nippon,13940,13940AF.jpg,Chaetodon_nippon_FishPix_13940.jpg,https://fishpix.kahaku.go.jp/photos/NR0013/13940AF.jpg,Chaetodontidae,no,exists,158995
Coradion altivelis,13949,13949AF.jpg,Coradion_altivelis_FishPix_13949.jpg,https://fishpix.kahaku.go.jp/photos/NR0013/13949AF.jpg,Chaetodontidae,no,exists,160767
Coradion altivelis,13964,13964AF.jpg,Coradion_altivelis_FishPix_13964.jpg,https://fishpix.kahaku.go.jp/photos/NR0013/13964AF.jpg,Chaetodontidae,no,exists,107682
Coradion altivelis,13987,13987AF.jpg,Coradion_altivelis_FishPix_13987.jpg,https://fishpix.kahaku.go.jp/photos/NR0013/13987AF.jpg,Chaetodontidae,no,exists,128912
Chaetodon punctatofasciatus,140009,140009AF.jpg,Chaetodon_punctatofasciatus_FishPix_140009.jpg,https://fishpix.kahaku.go.jp/photos/NR0140/140009AF.jpg,Chaetodontidae,no,exists,214181
Chaetodon daedalma,140011,140011AF.jpg,Chaetodon_daedalma_FishPix_140011.jpg,https://fishpix.kahaku.go.jp/photos/NR0140/140011AF.jpg,Chaetodontidae,no,exists,259936
Forcipiger flavissimus,140015,140015AF.jpg,Forcipiger_flavissimus_FishPix_140015.jpg,https://fishpix.kahaku.go.jp/photos/NR0140/140015AF.jpg,Chaetodontidae,no,exists,192005
Chaetodon punctatofasciatus,140019,140019AF.jpg,Chaetodon_punctatofasciatus_FishPix_140019.jpg,https://fishpix.kahaku.go.jp/photos/NR0140/140019AF.jpg,Chaetodontidae,no,exists,154835
Chaetodon daedalma,140026,140026AF.jpg,Chaetodon_daedalma_FishPix_140026.jpg,https://fishpix.kahaku.go.jp/photos/NR0140/140026AF.jpg,Chaetodontidae,no,exists,273001
Chaetodon mertensii,140027,140027AF.jpg,Chaetodon_mertensii_FishPix_140027.jpg,https://fishpix.kahaku.go.jp/photos/NR0140/140027AF.jpg,Chaetodontidae,yes,exists,307919
Chaetodon lineolatus,140119,140119AF.jpg,Chaetodon_lineolatus_FishPix_140119.jpg,https://fishpix.kahaku.go.jp/photos/NR0140/140119AF.jpg,Chaetodontidae,no,exists,168549
Coradion altivelis,14012,14012AF.jpg,Coradion_altivelis_FishPix_14012.jpg,https://fishpix.kahaku.go.jp/photos/NR0014/14012AF.jpg,Chaetodontidae,no,exists,136839
Chaetodon trifascialis,140138,140138AF.jpg,Chaetodon_trifascialis_FishPix_140138.jpg,https://fishpix.kahaku.go.jp/photos/NR0140/140138AF.jpg,Chaetodontidae,no,exists,210112
Chaetodon daedalma,140158,140158AF.jpg,Chaetodon_daedalma_FishPix_140158.jpg,https://fishpix.kahaku.go.jp/photos/NR0140/140158AF.jpg,Chaetodontidae,no,exists,277724
Chaetodon daedalma,140243,140243AF.jpg,Chaetodon_daedalma_FishPix_140243.jpg,https://fishpix.kahaku.go.jp/photos/NR0140/140243AF.jpg,Chaetodontidae,no,exists,129555
Chaetodon daedalma,140247,140247AF.jpg,Chaetodon_daedalma_FishPix_140247.jpg,https://fishpix.kahaku.go.jp/photos/NR0140/140247AF.jpg,Chaetodontidae,no,exists,231994
Chaetodon trifascialis,140260,140260AF.jpg,Chaetodon_trifascialis_FishPix_140260.jpg,https://fishpix.kahaku.go.jp/photos/NR0140/140260AF.jpg,Chaetodontidae,no,exists,172663
Forcipiger flavissimus,140283,140283AF.jpg,Forcipiger_flavissimus_FishPix_140283.jpg,https://fishpix.kahaku.go.jp/photos/NR0140/140283AF.jpg,Chaetodontidae,no,exists,118347
Chaetodon daedalma,140292,140292AF.jpg,Chaetodon_daedalma_FishPix_140292.jpg,https://fishpix.kahaku.go.jp/photos/NR0140/140292AF.jpg,Chaetodontidae,no,exists,235751
Chaetodon daedalma,140293,140293AF.jpg,Chaetodon_daedalma_FishPix_140293.jpg,https://fishpix.kahaku.go.jp/photos/NR0140/140293AF.jpg,Chaetodontidae,no,exists,304178
Chaetodon ornatissimus,140337,140337AF.jpg,Chaetodon_ornatissimus_FishPix_140337.jpg,https://fishpix.kahaku.go.jp/photos/NR0140/140337AF.jpg,Chaetodontidae,no,exists,132468
Chaetodon ornatissimus,140338,140338AF.jpg,Chaetodon_ornatissimus_FishPix_140338.jpg,https://fishpix.kahaku.go.jp/photos/NR0140/140338AF.jpg,Chaetodontidae,no,exists,155813
Chaetodon auriga,140339,140339AF.jpg,Chaetodon_auriga_FishPix_140339.jpg,https://fishpix.kahaku.go.jp/photos/NR0140/140339AF.jpg,Chaetodontidae,no,exists,166642
Chaetodon trifascialis,140343,140343AF.jpg,Chaetodon_trifascialis_FishPix_140343.jpg,https://fishpix.kahaku.go.jp/photos/NR0140/140343AF.jpg,Chaetodontidae,no,exists,174348
Chaetodon lunulatus,140393,140393AF.jpg,Chaetodon_lunulatus_FishPix_140393.jpg,https://fishpix.kahaku.go.jp/photos/NR0140/140393AF.jpg,Chaetodontidae,no,exists,98771
Chaetodon daedalma,140396,140396AF.jpg,Chaetodon_daedalma_FishPix_140396.jpg,https://fishpix.kahaku.go.jp/photos/NR0140/140396AF.jpg,Chaetodontidae,no,exists,225710
Chaetodon daedalma,140414,140414AF.jpg,Chaetodon_daedalma_FishPix_140414.jpg,https://fishpix.kahaku.go.jp/photos/NR0140/140414AF.jpg,Chaetodontidae,no,exists,141094
Chaetodon daedalma,140422,140422AF.jpg,Chaetodon_daedalma_FishPix_140422.jpg,https://fishpix.kahaku.go.jp/photos/NR0140/140422AF.jpg,Chaetodontidae,no,exists,159996
Chaetodon daedalma,140424,140424AF.jpg,Chaetodon_daedalma_FishPix_140424.jpg,https://fishpix.kahaku.go.jp/photos/NR0140/140424AF.jpg,Chaetodontidae,no,exists,162105
Chaetodon daedalma,140432,140432AF.jpg,Chaetodon_daedalma_FishPix_140432.jpg,https://fishpix.kahaku.go.jp/photos/NR0140/140432AF.jpg,Chaetodontidae,no,exists,202000
Chaetodon mertensii,140492,140492AF.jpg,Chaetodon_mertensii_FishPix_140492.jpg,https://fishpix.kahaku.go.jp/photos/NR0140/140492AF.jpg,Chaetodontidae,no,exists,176612
Chaetodon punctatofasciatus,140514,140514AF.jpg,Chaetodon_punctatofasciatus_FishPix_140514.jpg,https://fishpix.kahaku.go.jp/photos/NR0140/140514AF.jpg,Chaetodontidae,no,exists,155420
Chaetodon punctatofasciatus,140523,140523AF.jpg,Chaetodon_punctatofasciatus_FishPix_140523.jpg,https://fishpix.kahaku.go.jp/photos/NR0140/140523AF.jpg,Chaetodontidae,no,exists,175597
Chaetodon trifascialis,140533,140533AF.jpg,Chaetodon_trifascialis_FishPix_140533.jpg,https://fishpix.kahaku.go.jp/photos/NR0140/140533AF.jpg,Chaetodontidae,yes,exists,189904
Chaetodon trifascialis,140551,140551AF.jpg,Chaetodon_trifascialis_FishPix_140551.jpg,https://fishpix.kahaku.go.jp/photos/NR0140/140551AF.jpg,Chaetodontidae,no,exists,174476
Chaetodon trifascialis,140552,140552AF.jpg,Chaetodon_trifascialis_FishPix_140552.jpg,https://fishpix.kahaku.go.jp/photos/NR0140/140552AF.jpg,Chaetodontidae,no,exists,194912
Chaetodon daedalma,140579,140579AF.jpg,Chaetodon_daedalma_FishPix_140579.jpg,https://fishpix.kahaku.go.jp/photos/NR0140/140579AF.jpg,Chaetodontidae,yes,exists,256830
Chaetodon auriga,140581,140581AF.jpg,Chaetodon_auriga_FishPix_140581.jpg,https://fishpix.kahaku.go.jp/photos/NR0140/140581AF.jpg,Chaetodontidae,no,exists,151513
Chaetodon daedalma,140604,140604AF.jpg,Chaetodon_daedalma_FishPix_140604.jpg,https://fishpix.kahaku.go.jp/photos/NR0140/140604AF.jpg,Chaetodontidae,no,exists,108535
Chaetodon auriga,140616,140616AF.jpg,Chaetodon_auriga_FishPix_140616.jpg,https://fishpix.kahaku.go.jp/photos/NR0140/140616AF.jpg,Chaetodontidae,no,exists,87902
Chaetodon punctatofasciatus,140618,140618AF.jpg,Chaetodon_punctatofasciatus_FishPix_140618.jpg,https://fishpix.kahaku.go.jp/photos/NR0140/140618AF.jpg,Chaetodontidae,no,exists,113604
Forcipiger flavissimus,140623,140623AF.jpg,Forcipiger_flavissimus_FishPix_140623.jpg,https://fishpix.kahaku.go.jp/photos/NR0140/140623AF.jpg,Chaetodontidae,no,exists,124678
Forcipiger flavissimus,140626,140626AF.jpg,Forcipiger_flavissimus_FishPix_140626.jpg,https://fishpix.kahaku.go.jp/photos/NR0140/140626AF.jpg,Chaetodontidae,no,exists,105280
Chaetodon mertensii,140627,140627AF.jpg,Chaetodon_mertensii_FishPix_140627.jpg,https://fishpix.kahaku.go.jp/photos/NR0140/140627AF.jpg,Chaetodontidae,no,exists,99544
Chaetodon trifascialis,140632,140632AF.jpg,Chaetodon_trifascialis_FishPix_140632.jpg,https://fishpix.kahaku.go.jp/photos/NR0140/140632AF.jpg,Chaetodontidae,no,exists,123462
Chaetodon punctatofasciatus,140634,140634AF.jpg,Chaetodon_punctatofasciatus_FishPix_140634.jpg,https://fishpix.kahaku.go.jp/photos/NR0140/140634AF.jpg,Chaetodontidae,no,exists,145936
Chaetodon punctatofasciatus,140653,140653AF.jpg,Chaetodon_punctatofasciatus_FishPix_140653.jpg,https://fishpix.kahaku.go.jp/photos/NR0140/140653AF.jpg,Chaetodontidae,no,exists,170018
Chaetodon auripes,140654,140654AF.jpg,Chaetodon_auripes_FishPix_140654.jpg,https://fishpix.kahaku.go.jp/photos/NR0140/140654AF.jpg,Chaetodontidae,no,exists,127805
Chaetodon daedalma,140659,140659AF.jpg,Chaetodon_daedalma_FishPix_140659.jpg,https://fishpix.kahaku.go.jp/photos/NR0140/140659AF.jpg,Chaetodontidae,no,exists,143420
Chaetodon daedalma,140683,140683AF.jpg,Chaetodon_daedalma_FishPix_140683.jpg,https://fishpix.kahaku.go.jp/photos/NR0140/140683AF.jpg,Chaetodontidae,no,exists,215490
Chaetodon daedalma,140695,140695AF.jpg,Chaetodon_daedalma_FishPix_140695.jpg,https://fishpix.kahaku.go.jp/photos/NR0140/140695AF.jpg,Chaetodontidae,no,exists,197138
Chaetodon ulietensis,140697,140697AF.jpg,Chaetodon_ulietensis_FishPix_140697.jpg,https://fishpix.kahaku.go.jp/photos/NR0140/140697AF.jpg,Chaetodontidae,no,exists,86873
Chaetodon auripes,14070,14070AF.jpg,Chaetodon_auripes_FishPix_14070.jpg,https://fishpix.kahaku.go.jp/photos/NR0014/14070AF.jpg,Chaetodontidae,no,exists,121042
Chaetodon lunulatus,140704,140704AF.jpg,Chaetodon_lunulatus_FishPix_140704.jpg,https://fishpix.kahaku.go.jp/photos/NR0140/140704AF.jpg,Chaetodontidae,yes,exists,96426
Chaetodon trifascialis,140713,140713AF.jpg,Chaetodon_trifascialis_FishPix_140713.jpg,https://fishpix.kahaku.go.jp/photos/NR0140/140713AF.jpg,Chaetodontidae,no,exists,194299
Chaetodon punctatofasciatus,140723,140723AF.jpg,Chaetodon_punctatofasciatus_FishPix_140723.jpg,https://fishpix.kahaku.go.jp/photos/NR0140/140723AF.jpg,Chaetodontidae,no,exists,122198
Chaetodon auriga,14073,14073AF.jpg,Chaetodon_auriga_FishPix_14073.jpg,https://fishpix.kahaku.go.jp/photos/NR0014/14073AF.jpg,Chaetodontidae,no,exists,127498
Chaetodon lunulatus,140752,140752AF.jpg,Chaetodon_lunulatus_FishPix_140752.jpg,https://fishpix.kahaku.go.jp/photos/NR0140/140752AF.jpg,Chaetodontidae,no,exists,120214
Chaetodon auripes,140765,140765AF.jpg,Chaetodon_auripes_FishPix_140765.jpg,https://fishpix.kahaku.go.jp/photos/NR0140/140765AF.jpg,Chaetodontidae,yes,exists,195853
Forcipiger flavissimus,140776,140776AF.jpg,Forcipiger_flavissimus_FishPix_140776.jpg,https://fishpix.kahaku.go.jp/photos/NR0140/140776AF.jpg,Chaetodontidae,no,exists,130735
Chaetodon lineolatus,140792,140792AF.jpg,Chaetodon_lineolatus_FishPix_140792.jpg,https://fishpix.kahaku.go.jp/photos/NR0140/140792AF.jpg,Chaetodontidae,yes,exists,97557
Chaetodon punctatofasciatus,140804,140804AF.jpg,Chaetodon_punctatofasciatus_FishPix_140804.jpg,https://fishpix.kahaku.go.jp/photos/NR0140/140804AF.jpg,Chaetodontidae,no,exists,113579
Chaetodon daedalma,140817,140817AF.jpg,Chaetodon_daedalma_FishPix_140817.jpg,https://fishpix.kahaku.go.jp/photos/NR0140/140817AF.jpg,Chaetodontidae,no,exists,277655
Chaetodon auripes,14086,14086AF.jpg,Chaetodon_auripes_FishPix_14086.jpg,https://fishpix.kahaku.go.jp/photos/NR0014/14086AF.jpg,Chaetodontidae,no,exists,140895
Chaetodon auriga,14087,14087AF.jpg,Chaetodon_auriga_FishPix_14087.jpg,https://fishpix.kahaku.go.jp/photos/NR0014/14087AF.jpg,Chaetodontidae,no,exists,142122
Chaetodon daedalma,140878,140878AF.jpg,Chaetodon_daedalma_FishPix_140878.jpg,https://fishpix.kahaku.go.jp/photos/NR0140/140878AF.jpg,Chaetodontidae,no,exists,183907
Chaetodon flavirostris,140897,140897AF.jpg,Chaetodon_flavirostris_FishPix_140897.jpg,https://fishpix.kahaku.go.jp/photos/NR0140/140897AF.jpg,Chaetodontidae,no,exists,72945
Chaetodon flavirostris,140898,140898AF.jpg,Chaetodon_flavirostris_FishPix_140898.jpg,https://fishpix.kahaku.go.jp/photos/NR0140/140898AF.jpg,Chaetodontidae,no,exists,90684
Chaetodon rainfordi,140899,140899AF.jpg,Chaetodon_rainfordi_FishPix_140899.jpg,https://fishpix.kahaku.go.jp/photos/NR0140/140899AF.jpg,Chaetodontidae,no,exists,106570
Chaetodon rainfordi,140900,140900AF.jpg,Chaetodon_rainfordi_FishPix_140900.jpg,https://fishpix.kahaku.go.jp/photos/NR0140/140900AF.jpg,Chaetodontidae,no,exists,91696
Chaetodon multicinctus,140909,140909AF.jpg,Chaetodon_multicinctus_FishPix_140909.jpg,https://fishpix.kahaku.go.jp/photos/NR0140/140909AF.jpg,Chaetodontidae,no,exists,79007
Chaetodon collare,140916,140916AF.jpg,Chaetodon_collare_FishPix_140916.jpg,https://fishpix.kahaku.go.jp/photos/NR0140/140916AF.jpg,Chaetodontidae,no,exists,120260
Hemitaurichthys zoster,140917,140917AF.jpg,Hemitaurichthys_zoster_FishPix_140917.jpg,https://fishpix.kahaku.go.jp/photos/NR0140/140917AF.jpg,Chaetodontidae,no,exists,84461
Heniochus diphreutes,140919,140919AF.jpg,Heniochus_diphreutes_FishPix_140919.jpg,https://fishpix.kahaku.go.jp/photos/NR0140/140919AF.jpg,Chaetodontidae,no,exists,106982
Chaetodon xanthocephalus,140921,140921AF.jpg,Chaetodon_xanthocephalus_FishPix_140921.jpg,https://fishpix.kahaku.go.jp/photos/NR0140/140921AF.jpg,Chaetodontidae,no,exists,101912
Chaetodon falcula,140925,140925AF.jpg,Chaetodon_falcula_FishPix_140925.jpg,https://fishpix.kahaku.go.jp/photos/NR0140/140925AF.jpg,Chaetodontidae,no,exists,75873
Chaetodon andamanensis,140927,140927AF.jpg,Chaetodon_andamanensis_FishPix_140927.jpg,https://fishpix.kahaku.go.jp/photos/NR0140/140927AF.jpg,Chaetodontidae,no,exists,91628
Chaetodon madagaskariensis,140929,140929AF.jpg,Chaetodon_madagaskariensis_FishPix_140929.jpg,https://fishpix.kahaku.go.jp/photos/NR0140/140929AF.jpg,Chaetodontidae,no,exists,79829
Chaetodon adiergastos,140951,140951AF.jpg,Chaetodon_adiergastos_FishPix_140951.jpg,https://fishpix.kahaku.go.jp/photos/NR0140/140951AF.jpg,Chaetodontidae,no,exists,58517
Forcipiger longirostris,140962,140962AF.jpg,Forcipiger_longirostris_FishPix_140962.jpg,https://fishpix.kahaku.go.jp/photos/NR0140/140962AF.jpg,Chaetodontidae,no,exists,139498
Chaetodon quadrimaculatus,140966,140966AF.jpg,Chaetodon_quadrimaculatus_FishPix_140966.jpg,https://fishpix.kahaku.go.jp/photos/NR0140/140966AF.jpg,Chaetodontidae,no,exists,159748
Chaetodon trichrous,140969,140969AF.jpg,Chaetodon_trichrous_FishPix_140969.jpg,https://fishpix.kahaku.go.jp/photos/NR0140/140969AF.jpg,Chaetodontidae,no,exists,87364
Chaetodon xanthurus,140970,140970AF.jpg,Chaetodon_xanthurus_FishPix_140970.jpg,https://fishpix.kahaku.go.jp/photos/NR0140/140970AF.jpg,Chaetodontidae,no,exists,105721
Chaetodon mertensii,140971,140971AF.jpg,Chaetodon_mertensii_FishPix_140971.jpg,https://fishpix.kahaku.go.jp/photos/NR0140/140971AF.jpg,Chaetodontidae,no,exists,105721
Heniochus intermedius,140996,140996AF.jpg,Heniochus_intermedius_FishPix_140996.jpg,https://fishpix.kahaku.go.jp/photos/NR0140/140996AF.jpg,Chaetodontidae,no,exists,108297
Heniochus intermedius,141005,141005AF.jpg,Heniochus_intermedius_FishPix_141005.jpg,https://fishpix.kahaku.go.jp/photos/NR0141/141005AF.jpg,Chaetodontidae,no,exists,105886
Chaetodon semilarvatus,141015,141015AF.jpg,Chaetodon_semilarvatus_FishPix_141015.jpg,https://fishpix.kahaku.go.jp/photos/NR0141/141015AF.jpg,Chaetodontidae,no,exists,77312
Heniochus acuminatus,141018,141018AF.jpg,Heniochus_acuminatus_FishPix_141018.jpg,https://fishpix.kahaku.go.jp/photos/NR0141/141018AF.jpg,Chaetodontidae,no,exists,111547
Heniochus acuminatus,141019,141019AF.jpg,Heniochus_acuminatus_FishPix_141019.jpg,https://fishpix.kahaku.go.jp/photos/NR0141/141019AF.jpg,Chaetodontidae,no,exists,108773
Chaetodon larvatus,141031,141031AF.jpg,Chaetodon_larvatus_FishPix_141031.jpg,https://fishpix.kahaku.go.jp/photos/NR0141/141031AF.jpg,Chaetodontidae,no,exists,67078
Chaetodon melannotus,141035,141035AF.jpg,Chaetodon_melannotus_FishPix_141035.jpg,https://fishpix.kahaku.go.jp/photos/NR0141/141035AF.jpg,Chaetodontidae,no,exists,97835
Chaetodon semilarvatus,141056,141056AF.jpg,Chaetodon_semilarvatus_FishPix_141056.jpg,https://fishpix.kahaku.go.jp/photos/NR0141/141056AF.jpg,Chaetodontidae,no,exists,136521
Heniochus intermedius,141059,141059AF.jpg,Heniochus_intermedius_FishPix_141059.jpg,https://fishpix.kahaku.go.jp/photos/NR0141/141059AF.jpg,Chaetodontidae,yes,exists,78224
Chaetodon auriga,141073,141073AF.jpg,Chaetodon_auriga_FishPix_141073.jpg,https://fishpix.kahaku.go.jp/photos/NR0141/141073AF.jpg,Chaetodontidae,no,exists,102366
Chaetodon trifascialis,141134,141134AF.jpg,Chaetodon_trifascialis_FishPix_141134.jpg,https://fishpix.kahaku.go.jp/photos/NR0141/141134AF.jpg,Chaetodontidae,no,exists,74954
Chaetodon semilarvatus,141141,141141AF.jpg,Chaetodon_semilarvatus_FishPix_141141.jpg,https://fishpix.kahaku.go.jp/photos/NR0141/141141AF.jpg,Chaetodontidae,no,exists,67043
Chaetodon austriacus,141148,141148AF.jpg,Chaetodon_austriacus_FishPix_141148.jpg,https://fishpix.kahaku.go.jp/photos/NR0141/141148AF.jpg,Chaetodontidae,no,exists,106065
Chaetodon melannotus,141176,141176AF.jpg,Chaetodon_melannotus_FishPix_141176.jpg,https://fishpix.kahaku.go.jp/photos/NR0141/141176AF.jpg,Chaetodontidae,no,exists,105574
Chaetodon fasciatus,141203,141203AF.jpg,Chaetodon_fasciatus_FishPix_141203.jpg,https://fishpix.kahaku.go.jp/photos/NR0141/141203AF.jpg,Chaetodontidae,no,exists,87014
Chaetodon mesoleucos,141316,141316AF.jpg,Chaetodon_mesoleucos_FishPix_141316.jpg,https://fishpix.kahaku.go.jp/photos/NR0141/141316AF.jpg,Chaetodontidae,yes,exists,115402
Chaetodon mesoleucos,141317,141317AF.jpg,Chaetodon_mesoleucos_FishPix_141317.jpg,https://fishpix.kahaku.go.jp/photos/NR0141/141317AF.jpg,Chaetodontidae,no,exists,141511
Chaetodon mesoleucos,141318,141318AF.jpg,Chaetodon_mesoleucos_FishPix_141318.jpg,https://fishpix.kahaku.go.jp/photos/NR0141/141318AF.jpg,Chaetodontidae,no,exists,119345
Chaetodon paucifasciatus,141349,141349AF.jpg,Chaetodon_paucifasciatus_FishPix_141349.jpg,https://fishpix.kahaku.go.jp/photos/NR0141/141349AF.jpg,Chaetodontidae,no,exists,97876
Chaetodon paucifasciatus,141350,141350AF.jpg,Chaetodon_paucifasciatus_FishPix_141350.jpg,https://fishpix.kahaku.go.jp/photos/NR0141/141350AF.jpg,Chaetodontidae,no,exists,111475
Chaetodon fasciatus,141351,141351AF.jpg,Chaetodon_fasciatus_FishPix_141351.jpg,https://fishpix.kahaku.go.jp/photos/NR0141/141351AF.jpg,Chaetodontidae,no,exists,95035
Chaetodon auriga,141355,141355AF.jpg,Chaetodon_auriga_FishPix_141355.jpg,https://fishpix.kahaku.go.jp/photos/NR0141/141355AF.jpg,Chaetodontidae,no,exists,87688
Chaetodon trifascialis,141367,141367AF.jpg,Chaetodon_trifascialis_FishPix_141367.jpg,https://fishpix.kahaku.go.jp/photos/NR0141/141367AF.jpg,Chaetodontidae,no,exists,132875
Chaetodon vagabundus,141485,141485AF.jpg,Chaetodon_vagabundus_FishPix_141485.jpg,https://fishpix.kahaku.go.jp/photos/NR0141/141485AF.jpg,Chaetodontidae,no,exists,94477
Chaetodon kleinii,14161,14161AF.jpg,Chaetodon_kleinii_FishPix_14161.jpg,https://fishpix.kahaku.go.jp/photos/NR0014/14161AF.jpg,Chaetodontidae,no,exists,152188
Heniochus acuminatus,14162,14162AF.jpg,Heniochus_acuminatus_FishPix_14162.jpg,https://fishpix.kahaku.go.jp/photos/NR0014/14162AF.jpg,Chaetodontidae,no,exists,114673
Chaetodon ephippium,141659,141659AF.jpg,Chaetodon_ephippium_FishPix_141659.jpg,https://fishpix.kahaku.go.jp/photos/NR0141/141659AF.jpg,Chaetodontidae,yes,exists,137937
Chaetodon auriga,141684,141684AF.jpg,Chaetodon_auriga_FishPix_141684.jpg,https://fishpix.kahaku.go.jp/photos/NR0141/141684AF.jpg,Chaetodontidae,no,exists,163081
Heniochus monoceros,141688,141688AF.jpg,Heniochus_monoceros_FishPix_141688.jpg,https://fishpix.kahaku.go.jp/photos/NR0141/141688AF.jpg,Chaetodontidae,no,exists,69598
Chaetodon auriga,14181,14181AF.jpg,Chaetodon_auriga_FishPix_14181.jpg,https://fishpix.kahaku.go.jp/photos/NR0014/14181AF.jpg,Chaetodontidae,no,exists,147183
Chaetodon auriga,14182,14182AF.jpg,Chaetodon_auriga_FishPix_14182.jpg,https://fishpix.kahaku.go.jp/photos/NR0014/14182AF.jpg,Chaetodontidae,no,exists,150707
Heniochus acuminatus,14192,14192AF.jpg,Heniochus_acuminatus_FishPix_14192.jpg,https://fishpix.kahaku.go.jp/photos/NR0014/14192AF.jpg,Chaetodontidae,no,exists,130901
Heniochus acuminatus,14195,14195AF.jpg,Heniochus_acuminatus_FishPix_14195.jpg,https://fishpix.kahaku.go.jp/photos/NR0014/14195AF.jpg,Chaetodontidae,no,exists,109106
Heniochus acuminatus,14200,14200AF.jpg,Heniochus_acuminatus_FishPix_14200.jpg,https://fishpix.kahaku.go.jp/photos/NR0014/14200AF.jpg,Chaetodontidae,no,exists,151880
Chaetodon vagabundus,14213,14213AF.jpg,Chaetodon_vagabundus_FishPix_14213.jpg,https://fishpix.kahaku.go.jp/photos/NR0014/14213AF.jpg,Chaetodontidae,no,exists,101863
Chaetodon vagabundus,14216,14216AF.jpg,Chaetodon_vagabundus_FishPix_14216.jpg,https://fishpix.kahaku.go.jp/photos/NR0014/14216AF.jpg,Chaetodontidae,no,exists,114647
Chaetodon auripes,14217,14217AF.jpg,Chaetodon_auripes_FishPix_14217.jpg,https://fishpix.kahaku.go.jp/photos/NR0014/14217AF.jpg,Chaetodontidae,no,exists,114647
Chaetodon ulietensis,142228,142228AF.jpg,Chaetodon_ulietensis_FishPix_142228.jpg,https://fishpix.kahaku.go.jp/photos/NR0142/142228AF.jpg,Chaetodontidae,no,exists,86696
Chaetodon plebeius,142233,142233AF.jpg,Chaetodon_plebeius_FishPix_142233.jpg,https://fishpix.kahaku.go.jp/photos/NR0142/142233AF.jpg,Chaetodontidae,no,exists,99103
Chaetodon melannotus,142234,142234AF.jpg,Chaetodon_melannotus_FishPix_142234.jpg,https://fishpix.kahaku.go.jp/photos/NR0142/142234AF.jpg,Chaetodontidae,no,exists,101444
Chaetodon auriga,14233,14233AF.jpg,Chaetodon_auriga_FishPix_14233.jpg,https://fishpix.kahaku.go.jp/photos/NR0014/14233AF.jpg,Chaetodontidae,no,exists,136826
Chaetodon speculum,142347,142347AF.jpg,Chaetodon_speculum_FishPix_142347.jpg,https://fishpix.kahaku.go.jp/photos/NR0142/142347AF.jpg,Chaetodontidae,no,exists,84723
Chaetodon lunula,142352,142352AF.jpg,Chaetodon_lunula_FishPix_142352.jpg,https://fishpix.kahaku.go.jp/photos/NR0142/142352AF.jpg,Chaetodontidae,no,exists,120891
Chaetodon lunulatus,142353,142353AF.jpg,Chaetodon_lunulatus_FishPix_142353.jpg,https://fishpix.kahaku.go.jp/photos/NR0142/142353AF.jpg,Chaetodontidae,no,exists,139929
Chaetodon punctatofasciatus,142361,142361AF.jpg,Chaetodon_punctatofasciatus_FishPix_142361.jpg,https://fishpix.kahaku.go.jp/photos/NR0142/142361AF.jpg,Chaetodontidae,no,exists,155952
Chaetodon auripes,142363,142363AF.jpg,Chaetodon_auripes_FishPix_142363.jpg,https://fishpix.kahaku.go.jp/photos/NR0142/142363AF.jpg,Chaetodontidae,no,exists,154712
Chaetodon auripes,142391,142391AF.jpg,Chaetodon_auripes_FishPix_142391.jpg,https://fishpix.kahaku.go.jp/photos/NR0142/142391AF.jpg,Chaetodontidae,no,exists,148214
Chaetodon plebeius,142425,142425AF.jpg,Chaetodon_plebeius_FishPix_142425.jpg,https://fishpix.kahaku.go.jp/photos/NR0142/142425AF.jpg,Chaetodontidae,no,exists,111851
Heniochus varius,142426,142426AF.jpg,Heniochus_varius_FishPix_142426.jpg,https://fishpix.kahaku.go.jp/photos/NR0142/142426AF.jpg,Chaetodontidae,no,exists,137015
Chaetodon punctatofasciatus,142436,142436AF.jpg,Chaetodon_punctatofasciatus_FishPix_142436.jpg,https://fishpix.kahaku.go.jp/photos/NR0142/142436AF.jpg,Chaetodontidae,no,exists,82294
Heniochus monoceros,142477,142477AF.jpg,Heniochus_monoceros_FishPix_142477.jpg,https://fishpix.kahaku.go.jp/photos/NR0142/142477AF.jpg,Chaetodontidae,no,exists,147121
Chaetodon lunula,142482,142482AF.jpg,Chaetodon_lunula_FishPix_142482.jpg,https://fishpix.kahaku.go.jp/photos/NR0142/142482AF.jpg,Chaetodontidae,no,exists,74331
Chaetodon ephippium,142492,142492AF.jpg,Chaetodon_ephippium_FishPix_142492.jpg,https://fishpix.kahaku.go.jp/photos/NR0142/142492AF.jpg,Chaetodontidae,no,exists,103716
Chaetodon auriga,14251,14251AF.jpg,Chaetodon_auriga_FishPix_14251.jpg,https://fishpix.kahaku.go.jp/photos/NR0014/14251AF.jpg,Chaetodontidae,no,exists,140375
Chaetodon bennetti,142516,142516AF.jpg,Chaetodon_bennetti_FishPix_142516.jpg,https://fishpix.kahaku.go.jp/photos/NR0142/142516AF.jpg,Chaetodontidae,no,exists,88138
Heniochus chrysostomus,142517,142517AF.jpg,Heniochus_chrysostomus_FishPix_142517.jpg,https://fishpix.kahaku.go.jp/photos/NR0142/142517AF.jpg,Chaetodontidae,no,exists,113973
Heniochus diphreutes,14254,14254AF.jpg,Heniochus_diphreutes_FishPix_14254.jpg,https://fishpix.kahaku.go.jp/photos/NR0014/14254AF.jpg,Chaetodontidae,no,exists,102063
Chaetodon unimaculatus,142542,142542AF.jpg,Chaetodon_unimaculatus_FishPix_142542.jpg,https://fishpix.kahaku.go.jp/photos/NR0142/142542AF.jpg,Chaetodontidae,no,exists,129641
Chaetodon citrinellus,142545,142545AF.jpg,Chaetodon_citrinellus_FishPix_142545.jpg,https://fishpix.kahaku.go.jp/photos/NR0142/142545AF.jpg,Chaetodontidae,no,exists,166996
Heniochus chrysostomus,142546,142546AF.jpg,Heniochus_chrysostomus_FishPix_142546.jpg,https://fishpix.kahaku.go.jp/photos/NR0142/142546AF.jpg,Chaetodontidae,no,exists,85971
Chaetodon nippon,14256,14256AF.jpg,Chaetodon_nippon_FishPix_14256.jpg,https://fishpix.kahaku.go.jp/photos/NR0014/14256AF.jpg,Chaetodontidae,no,exists,131949
Chaetodon melannotus,142562,142562AF.jpg,Chaetodon_melannotus_FishPix_142562.jpg,https://fishpix.kahaku.go.jp/photos/NR0142/142562AF.jpg,Chaetodontidae,no,exists,104300
Chaetodon kleinii,142594,142594AF.jpg,Chaetodon_kleinii_FishPix_142594.jpg,https://fishpix.kahaku.go.jp/photos/NR0142/142594AF.jpg,Chaetodontidae,no,exists,126507
Heniochus diphreutes,14261,14261AF.jpg,Heniochus_diphreutes_FishPix_14261.jpg,https://fishpix.kahaku.go.jp/photos/NR0014/14261AF.jpg,Chaetodontidae,no,exists,108055
Chaetodon ornatissimus,142635,142635AF.jpg,Chaetodon_ornatissimus_FishPix_142635.jpg,https://fishpix.kahaku.go.jp/photos/NR0142/142635AF.jpg,Chaetodontidae,no,exists,101384
Heniochus diphreutes,14264,14264AF.jpg,Heniochus_diphreutes_FishPix_14264.jpg,https://fishpix.kahaku.go.jp/photos/NR0014/14264AF.jpg,Chaetodontidae,no,exists,98806
Chaetodon lunula,142642,142642AF.jpg,Chaetodon_lunula_FishPix_142642.jpg,https://fishpix.kahaku.go.jp/photos/NR0142/142642AF.jpg,Chaetodontidae,no,exists,75447
Chaetodon plebeius,142647,142647AF.jpg,Chaetodon_plebeius_FishPix_142647.jpg,https://fishpix.kahaku.go.jp/photos/NR0142/142647AF.jpg,Chaetodontidae,no,exists,136339
Chaetodon ornatissimus,142679,142679AF.jpg,Chaetodon_ornatissimus_FishPix_142679.jpg,https://fishpix.kahaku.go.jp/photos/NR0142/142679AF.jpg,Chaetodontidae,no,exists,119495
Heniochus diphreutes,14270,14270AF.jpg,Heniochus_diphreutes_FishPix_14270.jpg,https://fishpix.kahaku.go.jp/photos/NR0014/14270AF.jpg,Chaetodontidae,no,exists,120193
Chaetodon lunulatus,142709,142709AF.jpg,Chaetodon_lunulatus_FishPix_142709.jpg,https://fishpix.kahaku.go.jp/photos/NR0142/142709AF.jpg,Chaetodontidae,no,exists,103216
Chaetodon vagabundus,142716,142716AF.jpg,Chaetodon_vagabundus_FishPix_142716.jpg,https://fishpix.kahaku.go.jp/photos/NR0142/142716AF.jpg,Chaetodontidae,no,exists,81693
Chaetodon vagabundus,142723,142723AF.jpg,Chaetodon_vagabundus_FishPix_142723.jpg,https://fishpix.kahaku.go.jp/photos/NR0142/142723AF.jpg,Chaetodontidae,no,exists,152717
Heniochus diphreutes,14273,14273AF.jpg,Heniochus_diphreutes_FishPix_14273.jpg,https://fishpix.kahaku.go.jp/photos/NR0014/14273AF.jpg,Chaetodontidae,no,exists,141783
Chaetodon ulietensis,142733,142733AF.jpg,Chaetodon_ulietensis_FishPix_142733.jpg,https://fishpix.kahaku.go.jp/photos/NR0142/142733AF.jpg,Chaetodontidae,no,exists,151292
Chaetodon lunula,142734,142734AF.jpg,Chaetodon_lunula_FishPix_142734.jpg,https://fishpix.kahaku.go.jp/photos/NR0142/142734AF.jpg,Chaetodontidae,no,exists,168068
Chaetodon lunula,142735,142735AF.jpg,Chaetodon_lunula_FishPix_142735.jpg,https://fishpix.kahaku.go.jp/photos/NR0142/142735AF.jpg,Chaetodontidae,no,exists,125425
Chaetodon kleinii,142744,142744AF.jpg,Chaetodon_kleinii_FishPix_142744.jpg,https://fishpix.kahaku.go.jp/photos/NR0142/142744AF.jpg,Chaetodontidae,no,exists,106182
Chaetodon unimaculatus,142748,142748AF.jpg,Chaetodon_unimaculatus_FishPix_142748.jpg,https://fishpix.kahaku.go.jp/photos/NR0142/142748AF.jpg,Chaetodontidae,no,exists,114999
Chaetodon citrinellus,142756,142756AF.jpg,Chaetodon_citrinellus_FishPix_142756.jpg,https://fishpix.kahaku.go.jp/photos/NR0142/142756AF.jpg,Chaetodontidae,no,exists,77325
Chaetodon trifascialis,142759,142759AF.jpg,Chaetodon_trifascialis_FishPix_142759.jpg,https://fishpix.kahaku.go.jp/photos/NR0142/142759AF.jpg,Chaetodontidae,no,exists,103216
Chaetodon kleinii,142760,142760AF.jpg,Chaetodon_kleinii_FishPix_142760.jpg,https://fishpix.kahaku.go.jp/photos/NR0142/142760AF.jpg,Chaetodontidae,no,exists,133574
Chaetodon unimaculatus,142776,142776AF.jpg,Chaetodon_unimaculatus_FishPix_142776.jpg,https://fishpix.kahaku.go.jp/photos/NR0142/142776AF.jpg,Chaetodontidae,no,exists,120616
Chaetodon auripes,142862,142862AF.jpg,Chaetodon_auripes_FishPix_142862.jpg,https://fishpix.kahaku.go.jp/photos/NR0142/142862AF.jpg,Chaetodontidae,no,exists,153577
Chaetodon lunulatus,142906,142906AF.jpg,Chaetodon_lunulatus_FishPix_142906.jpg,https://fishpix.kahaku.go.jp/photos/NR0142/142906AF.jpg,Chaetodontidae,no,exists,52973
Chaetodon lunulatus,142928,142928AF.jpg,Chaetodon_lunulatus_FishPix_142928.jpg,https://fishpix.kahaku.go.jp/photos/NR0142/142928AF.jpg,Chaetodontidae,no,exists,53128
Chaetodon daedalma,142939,142939AF.jpg,Chaetodon_daedalma_FishPix_142939.jpg,https://fishpix.kahaku.go.jp/photos/NR0142/142939AF.jpg,Chaetodontidae,no,exists,114092
Chaetodon lunula,142963,142963AF.jpg,Chaetodon_lunula_FishPix_142963.jpg,https://fishpix.kahaku.go.jp/photos/NR0142/142963AF.jpg,Chaetodontidae,no,exists,58509
Chaetodon quadrimaculatus,142985,142985AF.jpg,Chaetodon_quadrimaculatus_FishPix_142985.jpg,https://fishpix.kahaku.go.jp/photos/NR0142/142985AF.jpg,Chaetodontidae,no,exists,54977
Chaetodon lunulatus,142987,142987AF.jpg,Chaetodon_lunulatus_FishPix_142987.jpg,https://fishpix.kahaku.go.jp/photos/NR0142/142987AF.jpg,Chaetodontidae,no,exists,100425
Roa modesta,14319,14319AF.jpg,Roa_modesta_FishPix_14319.jpg,https://fishpix.kahaku.go.jp/photos/NR0014/14319AF.jpg,Chaetodontidae,no,exists,122463
Chaetodon daedalma,143206,143206AF.jpg,Chaetodon_daedalma_FishPix_143206.jpg,https://fishpix.kahaku.go.jp/photos/NR0143/143206AF.jpg,Chaetodontidae,no,exists,92936
Chaetodon wiebeli,143320,143320AF.jpg,Chaetodon_wiebeli_FishPix_143320.jpg,https://fishpix.kahaku.go.jp/photos/NR0143/143320AF.jpg,Chaetodontidae,no,exists,45217
Chaetodon lunulatus,143354,143354AF.jpg,Chaetodon_lunulatus_FishPix_143354.jpg,https://fishpix.kahaku.go.jp/photos/NR0143/143354AF.jpg,Chaetodontidae,no,exists,49872
Chaetodon lunulatus,143588,143588AF.jpg,Chaetodon_lunulatus_FishPix_143588.jpg,https://fishpix.kahaku.go.jp/photos/NR0143/143588AF.jpg,Chaetodontidae,no,exists,151098
Heniochus varius,143730,143730AF.jpg,Heniochus_varius_FishPix_143730.jpg,https://fishpix.kahaku.go.jp/photos/NR0143/143730AF.jpg,Chaetodontidae,no,exists,80285
Chaetodon melannotus,143981,143981AF.jpg,Chaetodon_melannotus_FishPix_143981.jpg,https://fishpix.kahaku.go.jp/photos/NR0143/143981AF.jpg,Chaetodontidae,no,exists,121488
Chaetodon plebeius,144164,144164AF.jpg,Chaetodon_plebeius_FishPix_144164.jpg,https://fishpix.kahaku.go.jp/photos/NR0144/144164AF.jpg,Chaetodontidae,no,exists,98988
Chaetodon auripes,14434,14434AF.jpg,Chaetodon_auripes_FishPix_14434.jpg,https://fishpix.kahaku.go.jp/photos/NR0014/14434AF.jpg,Chaetodontidae,no,exists,108819
Heniochus acuminatus,144390,144390AF.jpg,Heniochus_acuminatus_FishPix_144390.jpg,https://fishpix.kahaku.go.jp/photos/NR0144/144390AF.jpg,Chaetodontidae,no,exists,103881
Heniochus acuminatus,14443,14443AF.jpg,Heniochus_acuminatus_FishPix_14443.jpg,https://fishpix.kahaku.go.jp/photos/NR0014/14443AF.jpg,Chaetodontidae,no,exists,92704
Chaetodon reticulatus,144465,144465AF.jpg,Chaetodon_reticulatus_FishPix_144465.jpg,https://fishpix.kahaku.go.jp/photos/NR0144/144465AF.jpg,Chaetodontidae,no,exists,232069
Chaetodon melannotus,144472,144472AF.jpg,Chaetodon_melannotus_FishPix_144472.jpg,https://fishpix.kahaku.go.jp/photos/NR0144/144472AF.jpg,Chaetodontidae,no,exists,178726
Chaetodon unimaculatus,144484,144484AF.jpg,Chaetodon_unimaculatus_FishPix_144484.jpg,https://fishpix.kahaku.go.jp/photos/NR0144/144484AF.jpg,Chaetodontidae,no,exists,111062
Chaetodon citrinellus,144488,144488AF.jpg,Chaetodon_citrinellus_FishPix_144488.jpg,https://fishpix.kahaku.go.jp/photos/NR0144/144488AF.jpg,Chaetodontidae,no,exists,161118
Chaetodon daedalma,14453,14453AF.jpg,Chaetodon_daedalma_FishPix_14453.jpg,https://fishpix.kahaku.go.jp/photos/NR0014/14453AF.jpg,Chaetodontidae,no,exists,156613
Chaetodon auriga,144695,144695AF.jpg,Chaetodon_auriga_FishPix_144695.jpg,https://fishpix.kahaku.go.jp/photos/NR0144/144695AF.jpg,Chaetodontidae,no,exists,128880
Chaetodon auripes,144696,144696AF.jpg,Chaetodon_auripes_FishPix_144696.jpg,https://fishpix.kahaku.go.jp/photos/NR0144/144696AF.jpg,Chaetodontidae,no,exists,149659
Chaetodon auripes,144697,144697AF.jpg,Chaetodon_auripes_FishPix_144697.jpg,https://fishpix.kahaku.go.jp/photos/NR0144/144697AF.jpg,Chaetodontidae,no,exists,141539
Chaetodon daedalma,144698,144698AF.jpg,Chaetodon_daedalma_FishPix_144698.jpg,https://fishpix.kahaku.go.jp/photos/NR0144/144698AF.jpg,Chaetodontidae,no,exists,160054
Chaetodon daedalma,144699,144699AF.jpg,Chaetodon_daedalma_FishPix_144699.jpg,https://fishpix.kahaku.go.jp/photos/NR0144/144699AF.jpg,Chaetodontidae,no,exists,187193
Chaetodon daedalma,144700,144700AF.jpg,Chaetodon_daedalma_FishPix_144700.jpg,https://fishpix.kahaku.go.jp/photos/NR0144/144700AF.jpg,Chaetodontidae,no,exists,158587
Chaetodon lunula,144701,144701AF.jpg,Chaetodon_lunula_FishPix_144701.jpg,https://fishpix.kahaku.go.jp/photos/NR0144/144701AF.jpg,Chaetodontidae,no,exists,145987
Chaetodon speculum,144702,144702AF.jpg,Chaetodon_speculum_FishPix_144702.jpg,https://fishpix.kahaku.go.jp/photos/NR0144/144702AF.jpg,Chaetodontidae,no,exists,132249
Hemitaurichthys polylepis,144703,144703AF.jpg,Hemitaurichthys_polylepis_FishPix_144703.jpg,https://fishpix.kahaku.go.jp/photos/NR0144/144703AF.jpg,Chaetodontidae,no,exists,141982
Heniochus acuminatus,144704,144704AF.jpg,Heniochus_acuminatus_FishPix_144704.jpg,https://fishpix.kahaku.go.jp/photos/NR0144/144704AF.jpg,Chaetodontidae,no,exists,92799
Heniochus monoceros,144705,144705AF.jpg,Heniochus_monoceros_FishPix_144705.jpg,https://fishpix.kahaku.go.jp/photos/NR0144/144705AF.jpg,Chaetodontidae,no,exists,135209
Chaetodon auriga,144801,144801AF.jpg,Chaetodon_auriga_FishPix_144801.jpg,https://fishpix.kahaku.go.jp/photos/NR0144/144801AF.jpg,Chaetodontidae,no,exists,107253
Chaetodon daedalma,144802,144802AF.jpg,Chaetodon_daedalma_FishPix_144802.jpg,https://fishpix.kahaku.go.jp/photos/NR0144/144802AF.jpg,Chaetodontidae,no,exists,199951
Chaetodon daedalma,144803,144803AF.jpg,Chaetodon_daedalma_FishPix_144803.jpg,https://fishpix.kahaku.go.jp/photos/NR0144/144803AF.jpg,Chaetodontidae,no,exists,197169
Chaetodon reticulatus,144804,144804AF.jpg,Chaetodon_reticulatus_FishPix_144804.jpg,https://fishpix.kahaku.go.jp/photos/NR0144/144804AF.jpg,Chaetodontidae,no,exists,169606
Hemitaurichthys thompsoni,144805,144805AF.jpg,Hemitaurichthys_thompsoni_FishPix_144805.jpg,https://fishpix.kahaku.go.jp/photos/NR0144/144805AF.jpg,Chaetodontidae,no,exists,121523
Hemitaurichthys thompsoni,144806,144806AF.jpg,Hemitaurichthys_thompsoni_FishPix_144806.jpg,https://fishpix.kahaku.go.jp/photos/NR0144/144806AF.jpg,Chaetodontidae,no,exists,113957
Hemitaurichthys thompsoni,144807,144807AF.jpg,Hemitaurichthys_thompsoni_FishPix_144807.jpg,https://fishpix.kahaku.go.jp/photos/NR0144/144807AF.jpg,Chaetodontidae,no,exists,121603
Hemitaurichthys thompsoni,144808,144808AF.jpg,Hemitaurichthys_thompsoni_FishPix_144808.jpg,https://fishpix.kahaku.go.jp/photos/NR0144/144808AF.jpg,Chaetodontidae,no,exists,115181
Hemitaurichthys thompsoni,144809,144809AF.jpg,Hemitaurichthys_thompsoni_FishPix_144809.jpg,https://fishpix.kahaku.go.jp/photos/NR0144/144809AF.jpg,Chaetodontidae,no,exists,111022
Chaetodon auripes,144866,144866AF.jpg,Chaetodon_auripes_FishPix_144866.jpg,https://fishpix.kahaku.go.jp/photos/NR0144/144866AF.jpg,Chaetodontidae,no,exists,165252
Chaetodon ephippium,144867,144867AF.jpg,Chaetodon_ephippium_FishPix_144867.jpg,https://fishpix.kahaku.go.jp/photos/NR0144/144867AF.jpg,Chaetodontidae,no,exists,155259
Chaetodon lineolatus,144871,144871AF.jpg,Chaetodon_lineolatus_FishPix_144871.jpg,https://fishpix.kahaku.go.jp/photos/NR0144/144871AF.jpg,Chaetodontidae,no,exists,115578
Chaetodon lineolatus,144877,144877AF.jpg,Chaetodon_lineolatus_FishPix_144877.jpg,https://fishpix.kahaku.go.jp/photos/NR0144/144877AF.jpg,Chaetodontidae,no,exists,128494
Chaetodon auripes,144882,144882AF.jpg,Chaetodon_auripes_FishPix_144882.jpg,https://fishpix.kahaku.go.jp/photos/NR0144/144882AF.jpg,Chaetodontidae,no,exists,142094
Chaetodon daedalma,144900,144900AF.jpg,Chaetodon_daedalma_FishPix_144900.jpg,https://fishpix.kahaku.go.jp/photos/NR0144/144900AF.jpg,Chaetodontidae,no,exists,310864
Chaetodon auripes,144925,144925AF.jpg,Chaetodon_auripes_FishPix_144925.jpg,https://fishpix.kahaku.go.jp/photos/NR0144/144925AF.jpg,Chaetodontidae,no,exists,347426
Hemitaurichthys thompsoni,144928,144928AF.jpg,Hemitaurichthys_thompsoni_FishPix_144928.jpg,https://fishpix.kahaku.go.jp/photos/NR0144/144928AF.jpg,Chaetodontidae,no,exists,91358
Hemitaurichthys polylepis,144929,144929AF.jpg,Hemitaurichthys_polylepis_FishPix_144929.jpg,https://fishpix.kahaku.go.jp/photos/NR0144/144929AF.jpg,Chaetodontidae,no,exists,94718
Heniochus chrysostomus,144934,144934AF.jpg,Heniochus_chrysostomus_FishPix_144934.jpg,https://fishpix.kahaku.go.jp/photos/NR0144/144934AF.jpg,Chaetodontidae,no,exists,315032
Heniochus chrysostomus,144935,144935AF.jpg,Heniochus_chrysostomus_FishPix_144935.jpg,https://fishpix.kahaku.go.jp/photos/NR0144/144935AF.jpg,Chaetodontidae,no,exists,246595
Hemitaurichthys thompsoni,144936,144936AF.jpg,Hemitaurichthys_thompsoni_FishPix_144936.jpg,https://fishpix.kahaku.go.jp/photos/NR0144/144936AF.jpg,Chaetodontidae,no,exists,101627
Hemitaurichthys polylepis,144937,144937AF.jpg,Hemitaurichthys_polylepis_FishPix_144937.jpg,https://fishpix.kahaku.go.jp/photos/NR0144/144937AF.jpg,Chaetodontidae,no,exists,100149
Chaetodon ornatissimus,144941,144941AF.jpg,Chaetodon_ornatissimus_FishPix_144941.jpg,https://fishpix.kahaku.go.jp/photos/NR0144/144941AF.jpg,Chaetodontidae,no,exists,371630
Chaetodon speculum,144942,144942AF.jpg,Chaetodon_speculum_FishPix_144942.jpg,https://fishpix.kahaku.go.jp/photos/NR0144/144942AF.jpg,Chaetodontidae,no,exists,175646
Heniochus monoceros,144952,144952AF.jpg,Heniochus_monoceros_FishPix_144952.jpg,https://fishpix.kahaku.go.jp/photos/NR0144/144952AF.jpg,Chaetodontidae,no,exists,152258
Chaetodon ulietensis,144955,144955AF.jpg,Chaetodon_ulietensis_FishPix_144955.jpg,https://fishpix.kahaku.go.jp/photos/NR0144/144955AF.jpg,Chaetodontidae,no,exists,232087
Chaetodon kleinii,144956,144956AF.jpg,Chaetodon_kleinii_FishPix_144956.jpg,https://fishpix.kahaku.go.jp/photos/NR0144/144956AF.jpg,Chaetodontidae,no,exists,394513
Chaetodon kleinii,144957,144957AF.jpg,Chaetodon_kleinii_FishPix_144957.jpg,https://fishpix.kahaku.go.jp/photos/NR0144/144957AF.jpg,Chaetodontidae,no,exists,231911
Chaetodon citrinellus,144960,144960AF.jpg,Chaetodon_citrinellus_FishPix_144960.jpg,https://fishpix.kahaku.go.jp/photos/NR0144/144960AF.jpg,Chaetodontidae,no,exists,227869
Forcipiger flavissimus,144961,144961AF.jpg,Forcipiger_flavissimus_FishPix_144961.jpg,https://fishpix.kahaku.go.jp/photos/NR0144/144961AF.jpg,Chaetodontidae,no,exists,190946
Heniochus monoceros,144980,144980AF.jpg,Heniochus_monoceros_FishPix_144980.jpg,https://fishpix.kahaku.go.jp/photos/NR0144/144980AF.jpg,Chaetodontidae,no,exists,245065
Hemitaurichthys thompsoni,144982,144982AF.jpg,Hemitaurichthys_thompsoni_FishPix_144982.jpg,https://fishpix.kahaku.go.jp/photos/NR0144/144982AF.jpg,Chaetodontidae,no,exists,158102
Hemitaurichthys thompsoni,144983,144983AF.jpg,Hemitaurichthys_thompsoni_FishPix_144983.jpg,https://fishpix.kahaku.go.jp/photos/NR0144/144983AF.jpg,Chaetodontidae,no,exists,229762
Chaetodon daedalma,144988,144988AF.jpg,Chaetodon_daedalma_FishPix_144988.jpg,https://fishpix.kahaku.go.jp/photos/NR0144/144988AF.jpg,Chaetodontidae,no,exists,365848
Hemitaurichthys thompsoni,144989,144989AF.jpg,Hemitaurichthys_thompsoni_FishPix_144989.jpg,https://fishpix.kahaku.go.jp/photos/NR0144/144989AF.jpg,Chaetodontidae,no,exists,219861
Hemitaurichthys polylepis,144991,144991AF.jpg,Hemitaurichthys_polylepis_FishPix_144991.jpg,https://fishpix.kahaku.go.jp/photos/NR0144/144991AF.jpg,Chaetodontidae,no,exists,229913
Chaetodon punctatofasciatus,144992,144992AF.jpg,Chaetodon_punctatofasciatus_FishPix_144992.jpg,https://fishpix.kahaku.go.jp/photos/NR0144/144992AF.jpg,Chaetodontidae,no,exists,92260
Chaetodon ornatissimus,144993,144993AF.jpg,Chaetodon_ornatissimus_FishPix_144993.jpg,https://fishpix.kahaku.go.jp/photos/NR0144/144993AF.jpg,Chaetodontidae,no,exists,106949
Hemitaurichthys polylepis,144999,144999AF.jpg,Hemitaurichthys_polylepis_FishPix_144999.jpg,https://fishpix.kahaku.go.jp/photos/NR0144/144999AF.jpg,Chaetodontidae,no,exists,204507
Chaetodon kleinii,145000,145000AF.jpg,Chaetodon_kleinii_FishPix_145000.jpg,https://fishpix.kahaku.go.jp/photos/NR0145/145000AF.jpg,Chaetodontidae,no,exists,190461
Heniochus monoceros,145011,145011AF.jpg,Heniochus_monoceros_FishPix_145011.jpg,https://fishpix.kahaku.go.jp/photos/NR0145/145011AF.jpg,Chaetodontidae,no,exists,221195
Chaetodon quadrimaculatus,145020,145020AF.jpg,Chaetodon_quadrimaculatus_FishPix_145020.jpg,https://fishpix.kahaku.go.jp/photos/NR0145/145020AF.jpg,Chaetodontidae,no,exists,315066
Forcipiger flavissimus,145021,145021AF.jpg,Forcipiger_flavissimus_FishPix_145021.jpg,https://fishpix.kahaku.go.jp/photos/NR0145/145021AF.jpg,Chaetodontidae,no,exists,242691
Chaetodon auripes,145024,145024AF.jpg,Chaetodon_auripes_FishPix_145024.jpg,https://fishpix.kahaku.go.jp/photos/NR0145/145024AF.jpg,Chaetodontidae,no,exists,132574
Chaetodon daedalma,145025,145025AF.jpg,Chaetodon_daedalma_FishPix_145025.jpg,https://fishpix.kahaku.go.jp/photos/NR0145/145025AF.jpg,Chaetodontidae,no,exists,318434
Chaetodon auripes,145028,145028AF.jpg,Chaetodon_auripes_FishPix_145028.jpg,https://fishpix.kahaku.go.jp/photos/NR0145/145028AF.jpg,Chaetodontidae,no,exists,324555
Chaetodon citrinellus,145030,145030AF.jpg,Chaetodon_citrinellus_FishPix_145030.jpg,https://fishpix.kahaku.go.jp/photos/NR0145/145030AF.jpg,Chaetodontidae,no,exists,334602
Chaetodon auripes,145051,145051AF.jpg,Chaetodon_auripes_FishPix_145051.jpg,https://fishpix.kahaku.go.jp/photos/NR0145/145051AF.jpg,Chaetodontidae,no,exists,185373
Hemitaurichthys thompsoni,145076,145076AF.jpg,Hemitaurichthys_thompsoni_FishPix_145076.jpg,https://fishpix.kahaku.go.jp/photos/NR0145/145076AF.jpg,Chaetodontidae,no,exists,84279
Hemitaurichthys polylepis,145077,145077AF.jpg,Hemitaurichthys_polylepis_FishPix_145077.jpg,https://fishpix.kahaku.go.jp/photos/NR0145/145077AF.jpg,Chaetodontidae,no,exists,141425
Hemitaurichthys thompsoni,145078,145078AF.jpg,Hemitaurichthys_thompsoni_FishPix_145078.jpg,https://fishpix.kahaku.go.jp/photos/NR0145/145078AF.jpg,Chaetodontidae,no,exists,220409
Hemitaurichthys polylepis,145079,145079AF.jpg,Hemitaurichthys_polylepis_FishPix_145079.jpg,https://fishpix.kahaku.go.jp/photos/NR0145/145079AF.jpg,Chaetodontidae,no,exists,201266
Hemitaurichthys thompsoni,145081,145081AF.jpg,Hemitaurichthys_thompsoni_FishPix_145081.jpg,https://fishpix.kahaku.go.jp/photos/NR0145/145081AF.jpg,Chaetodontidae,no,exists,247283
Hemitaurichthys polylepis,145082,145082AF.jpg,Hemitaurichthys_polylepis_FishPix_145082.jpg,https://fishpix.kahaku.go.jp/photos/NR0145/145082AF.jpg,Chaetodontidae,no,exists,220186
Hemitaurichthys thompsoni,145084,145084AF.jpg,Hemitaurichthys_thompsoni_FishPix_145084.jpg,https://fishpix.kahaku.go.jp/photos/NR0145/145084AF.jpg,Chaetodontidae,no,exists,248073
Hemitaurichthys polylepis,145085,145085AF.jpg,Hemitaurichthys_polylepis_FishPix_145085.jpg,https://fishpix.kahaku.go.jp/photos/NR0145/145085AF.jpg,Chaetodontidae,no,exists,190516
Hemitaurichthys thompsoni,145086,145086AF.jpg,Hemitaurichthys_thompsoni_FishPix_145086.jpg,https://fishpix.kahaku.go.jp/photos/NR0145/145086AF.jpg,Chaetodontidae,no,exists,249571
Hemitaurichthys polylepis,145087,145087AF.jpg,Hemitaurichthys_polylepis_FishPix_145087.jpg,https://fishpix.kahaku.go.jp/photos/NR0145/145087AF.jpg,Chaetodontidae,no,exists,198427
Chaetodon daedalma,145088,145088AF.jpg,Chaetodon_daedalma_FishPix_145088.jpg,https://fishpix.kahaku.go.jp/photos/NR0145/145088AF.jpg,Chaetodontidae,no,exists,176895
Hemitaurichthys thompsoni,145089,145089AF.jpg,Hemitaurichthys_thompsoni_FishPix_145089.jpg,https://fishpix.kahaku.go.jp/photos/NR0145/145089AF.jpg,Chaetodontidae,no,exists,164988
Heniochus diphreutes,145090,145090AF.jpg,Heniochus_diphreutes_FishPix_145090.jpg,https://fishpix.kahaku.go.jp/photos/NR0145/145090AF.jpg,Chaetodontidae,no,exists,186683
Chaetodon reticulatus,145108,145108AF.jpg,Chaetodon_reticulatus_FishPix_145108.jpg,https://fishpix.kahaku.go.jp/photos/NR0145/145108AF.jpg,Chaetodontidae,no,exists,384199
Chaetodon daedalma,145109,145109AF.jpg,Chaetodon_daedalma_FishPix_145109.jpg,https://fishpix.kahaku.go.jp/photos/NR0145/145109AF.jpg,Chaetodontidae,no,exists,246569
Heniochus monoceros,145122,145122AF.jpg,Heniochus_monoceros_FishPix_145122.jpg,https://fishpix.kahaku.go.jp/photos/NR0145/145122AF.jpg,Chaetodontidae,no,exists,244341
Heniochus diphreutes,145123,145123AF.jpg,Heniochus_diphreutes_FishPix_145123.jpg,https://fishpix.kahaku.go.jp/photos/NR0145/145123AF.jpg,Chaetodontidae,no,exists,197258
Chaetodon auriga,145283,145283AF.jpg,Chaetodon_auriga_FishPix_145283.jpg,https://fishpix.kahaku.go.jp/photos/NR0145/145283AF.jpg,Chaetodontidae,no,exists,85434
Chaetodon citrinellus,145335,145335AF.jpg,Chaetodon_citrinellus_FishPix_145335.jpg,https://fishpix.kahaku.go.jp/photos/NR0145/145335AF.jpg,Chaetodontidae,no,exists,172884
Chaetodon speculum,145450,145450AF.jpg,Chaetodon_speculum_FishPix_145450.jpg,https://fishpix.kahaku.go.jp/photos/NR0145/145450AF.jpg,Chaetodontidae,no,exists,127534
Chaetodon plebeius,145451,145451AF.jpg,Chaetodon_plebeius_FishPix_145451.jpg,https://fishpix.kahaku.go.jp/photos/NR0145/145451AF.jpg,Chaetodontidae,no,exists,94544
Chaetodon bennetti,145452,145452AF.jpg,Chaetodon_bennetti_FishPix_145452.jpg,https://fishpix.kahaku.go.jp/photos/NR0145/145452AF.jpg,Chaetodontidae,no,exists,162710
Chaetodon bennetti,145473,145473AF.jpg,Chaetodon_bennetti_FishPix_145473.jpg,https://fishpix.kahaku.go.jp/photos/NR0145/145473AF.jpg,Chaetodontidae,no,exists,129690
Chaetodon argentatus,145500,145500AF.jpg,Chaetodon_argentatus_FishPix_145500.jpg,https://fishpix.kahaku.go.jp/photos/NR0145/145500AF.jpg,Chaetodontidae,no,exists,115173
Chaetodon punctatofasciatus,145565,145565AF.jpg,Chaetodon_punctatofasciatus_FishPix_145565.jpg,https://fishpix.kahaku.go.jp/photos/NR0145/145565AF.jpg,Chaetodontidae,no,exists,117106
Heniochus varius,145574,145574AF.jpg,Heniochus_varius_FishPix_145574.jpg,https://fishpix.kahaku.go.jp/photos/NR0145/145574AF.jpg,Chaetodontidae,no,exists,206407
Chaetodon lunula,145637,145637AF.jpg,Chaetodon_lunula_FishPix_145637.jpg,https://fishpix.kahaku.go.jp/photos/NR0145/145637AF.jpg,Chaetodontidae,no,exists,93669
Chaetodon vagabundus,145716,145716AF.jpg,Chaetodon_vagabundus_FishPix_145716.jpg,https://fishpix.kahaku.go.jp/photos/NR0145/145716AF.jpg,Chaetodontidae,no,exists,103647
Heniochus varius,145962,145962AF.jpg,Heniochus_varius_FishPix_145962.jpg,https://fishpix.kahaku.go.jp/photos/NR0145/145962AF.jpg,Chaetodontidae,no,exists,114737
Chaetodon selene,145992,145992AF.jpg,Chaetodon_selene_FishPix_145992.jpg,https://fishpix.kahaku.go.jp/photos/NR0145/145992AF.jpg,Chaetodontidae,no,exists,126892
Heniochus monoceros,146013,146013AF.jpg,Heniochus_monoceros_FishPix_146013.jpg,https://fishpix.kahaku.go.jp/photos/NR0146/146013AF.jpg,Chaetodontidae,no,exists,135027
Chaetodon auriga,146296,146296AF.jpg,Chaetodon_auriga_FishPix_146296.jpg,https://fishpix.kahaku.go.jp/photos/NR0146/146296AF.jpg,Chaetodontidae,no,exists,221727
Chaetodon ephippium,146340,146340AF.jpg,Chaetodon_ephippium_FishPix_146340.jpg,https://fishpix.kahaku.go.jp/photos/NR0146/146340AF.jpg,Chaetodontidae,no,exists,143814
Chaetodon lineolatus,146514,146514AF.jpg,Chaetodon_lineolatus_FishPix_146514.jpg,https://fishpix.kahaku.go.jp/photos/NR0146/146514AF.jpg,Chaetodontidae,no,exists,45344
Chaetodon auriga,146518,146518AF.jpg,Chaetodon_auriga_FishPix_146518.jpg,https://fishpix.kahaku.go.jp/photos/NR0146/146518AF.jpg,Chaetodontidae,no,exists,53785
Chaetodon daedalma,146530,146530AF.jpg,Chaetodon_daedalma_FishPix_146530.jpg,https://fishpix.kahaku.go.jp/photos/NR0146/146530AF.jpg,Chaetodontidae,no,exists,113103
Chaetodon daedalma,146534,146534AF.jpg,Chaetodon_daedalma_FishPix_146534.jpg,https://fishpix.kahaku.go.jp/photos/NR0146/146534AF.jpg,Chaetodontidae,no,exists,140736
Chaetodon daedalma,146535,146535AF.jpg,Chaetodon_daedalma_FishPix_146535.jpg,https://fishpix.kahaku.go.jp/photos/NR0146/146535AF.jpg,Chaetodontidae,no,exists,138903
Chaetodon ephippium,146562,146562AF.jpg,Chaetodon_ephippium_FishPix_146562.jpg,https://fishpix.kahaku.go.jp/photos/NR0146/146562AF.jpg,Chaetodontidae,no,exists,44985
Chaetodon lunula,146564,146564AF.jpg,Chaetodon_lunula_FishPix_146564.jpg,https://fishpix.kahaku.go.jp/photos/NR0146/146564AF.jpg,Chaetodontidae,no,exists,61729
Chaetodon quadrimaculatus,146569,146569AF.jpg,Chaetodon_quadrimaculatus_FishPix_146569.jpg,https://fishpix.kahaku.go.jp/photos/NR0146/146569AF.jpg,Chaetodontidae,no,exists,134809
Chaetodon trifascialis,146570,146570AF.jpg,Chaetodon_trifascialis_FishPix_146570.jpg,https://fishpix.kahaku.go.jp/photos/NR0146/146570AF.jpg,Chaetodontidae,no,exists,82132
Chaetodon citrinellus,146600,146600AF.jpg,Chaetodon_citrinellus_FishPix_146600.jpg,https://fishpix.kahaku.go.jp/photos/NR0146/146600AF.jpg,Chaetodontidae,no,exists,47757
Chaetodon lineolatus,146607,146607AF.jpg,Chaetodon_lineolatus_FishPix_146607.jpg,https://fishpix.kahaku.go.jp/photos/NR0146/146607AF.jpg,Chaetodontidae,no,exists,92221
Chaetodon kleinii,146639,146639AF.jpg,Chaetodon_kleinii_FishPix_146639.jpg,https://fishpix.kahaku.go.jp/photos/NR0146/146639AF.jpg,Chaetodontidae,no,exists,43801
Chaetodon daedalma,146665,146665AF.jpg,Chaetodon_daedalma_FishPix_146665.jpg,https://fishpix.kahaku.go.jp/photos/NR0146/146665AF.jpg,Chaetodontidae,no,exists,81766
Chaetodon bennetti,146674,146674AF.jpg,Chaetodon_bennetti_FishPix_146674.jpg,https://fishpix.kahaku.go.jp/photos/NR0146/146674AF.jpg,Chaetodontidae,no,exists,91707
Chaetodon bennetti,146683,146683AF.jpg,Chaetodon_bennetti_FishPix_146683.jpg,https://fishpix.kahaku.go.jp/photos/NR0146/146683AF.jpg,Chaetodontidae,no,exists,100614
Heniochus diphreutes,146701,146701AF.jpg,Heniochus_diphreutes_FishPix_146701.jpg,https://fishpix.kahaku.go.jp/photos/NR0146/146701AF.jpg,Chaetodontidae,no,exists,101853
Chaetodon auriga,146702,146702AF.jpg,Chaetodon_auriga_FishPix_146702.jpg,https://fishpix.kahaku.go.jp/photos/NR0146/146702AF.jpg,Chaetodontidae,no,exists,50167
Chaetodon lunulatus,146709,146709AF.jpg,Chaetodon_lunulatus_FishPix_146709.jpg,https://fishpix.kahaku.go.jp/photos/NR0146/146709AF.jpg,Chaetodontidae,no,exists,66846
Chaetodon bennetti,146710,146710AF.jpg,Chaetodon_bennetti_FishPix_146710.jpg,https://fishpix.kahaku.go.jp/photos/NR0146/146710AF.jpg,Chaetodontidae,no,exists,76307
Chaetodon ornatissimus,146712,146712AF.jpg,Chaetodon_ornatissimus_FishPix_146712.jpg,https://fishpix.kahaku.go.jp/photos/NR0146/146712AF.jpg,Chaetodontidae,no,exists,177972
Chaetodon auripes,14672,14672AF.jpg,Chaetodon_auripes_FishPix_14672.jpg,https://fishpix.kahaku.go.jp/photos/NR0014/14672AF.jpg,Chaetodontidae,no,exists,126788
Chaetodon auriga,146734,146734AF.jpg,Chaetodon_auriga_FishPix_146734.jpg,https://fishpix.kahaku.go.jp/photos/NR0146/146734AF.jpg,Chaetodontidae,no,exists,87804
Chaetodon bennetti,146755,146755AF.jpg,Chaetodon_bennetti_FishPix_146755.jpg,https://fishpix.kahaku.go.jp/photos/NR0146/146755AF.jpg,Chaetodontidae,no,exists,75887
Chaetodon ornatissimus,146756,146756AF.jpg,Chaetodon_ornatissimus_FishPix_146756.jpg,https://fishpix.kahaku.go.jp/photos/NR0146/146756AF.jpg,Chaetodontidae,no,exists,124217
Chaetodon trifascialis,146757,146757AF.jpg,Chaetodon_trifascialis_FishPix_146757.jpg,https://fishpix.kahaku.go.jp/photos/NR0146/146757AF.jpg,Chaetodontidae,no,exists,95858
Chaetodon plebeius,146758,146758AF.jpg,Chaetodon_plebeius_FishPix_146758.jpg,https://fishpix.kahaku.go.jp/photos/NR0146/146758AF.jpg,Chaetodontidae,no,exists,91802
Chaetodon daedalma,146759,146759AF.jpg,Chaetodon_daedalma_FishPix_146759.jpg,https://fishpix.kahaku.go.jp/photos/NR0146/146759AF.jpg,Chaetodontidae,no,exists,142245
Chaetodon bennetti,146760,146760AF.jpg,Chaetodon_bennetti_FishPix_146760.jpg,https://fishpix.kahaku.go.jp/photos/NR0146/146760AF.jpg,Chaetodontidae,no,exists,78256
Chaetodon lunulatus,146761,146761AF.jpg,Chaetodon_lunulatus_FishPix_146761.jpg,https://fishpix.kahaku.go.jp/photos/NR0146/146761AF.jpg,Chaetodontidae,no,exists,103128
Chaetodon lunulatus,146763,146763AF.jpg,Chaetodon_lunulatus_FishPix_146763.jpg,https://fishpix.kahaku.go.jp/photos/NR0146/146763AF.jpg,Chaetodontidae,no,exists,99169
Chaetodon reticulatus,146765,146765AF.jpg,Chaetodon_reticulatus_FishPix_146765.jpg,https://fishpix.kahaku.go.jp/photos/NR0146/146765AF.jpg,Chaetodontidae,no,exists,101654
Chaetodon auriga,146783,146783AF.jpg,Chaetodon_auriga_FishPix_146783.jpg,https://fishpix.kahaku.go.jp/photos/NR0146/146783AF.jpg,Chaetodontidae,no,exists,80173
Chaetodon trifascialis,146787,146787AF.jpg,Chaetodon_trifascialis_FishPix_146787.jpg,https://fishpix.kahaku.go.jp/photos/NR0146/146787AF.jpg,Chaetodontidae,no,exists,94842
Heniochus monoceros,146795,146795AF.jpg,Heniochus_monoceros_FishPix_146795.jpg,https://fishpix.kahaku.go.jp/photos/NR0146/146795AF.jpg,Chaetodontidae,no,exists,68029
Chaetodon ephippium,146797,146797AF.jpg,Chaetodon_ephippium_FishPix_146797.jpg,https://fishpix.kahaku.go.jp/photos/NR0146/146797AF.jpg,Chaetodontidae,no,exists,92120
Chaetodon lunulatus,146843,146843AF.jpg,Chaetodon_lunulatus_FishPix_146843.jpg,https://fishpix.kahaku.go.jp/photos/NR0146/146843AF.jpg,Chaetodontidae,no,exists,108903
Forcipiger flavissimus,146856,146856AF.jpg,Forcipiger_flavissimus_FishPix_146856.jpg,https://fishpix.kahaku.go.jp/photos/NR0146/146856AF.jpg,Chaetodontidae,no,exists,88881
Chaetodon punctatofasciatus,146891,146891AF.jpg,Chaetodon_punctatofasciatus_FishPix_146891.jpg,https://fishpix.kahaku.go.jp/photos/NR0146/146891AF.jpg,Chaetodontidae,no,exists,98193
Chaetodon speculum,146903,146903AF.jpg,Chaetodon_speculum_FishPix_146903.jpg,https://fishpix.kahaku.go.jp/photos/NR0146/146903AF.jpg,Chaetodontidae,no,exists,101147
Heniochus monoceros,146917,146917AF.jpg,Heniochus_monoceros_FishPix_146917.jpg,https://fishpix.kahaku.go.jp/photos/NR0146/146917AF.jpg,Chaetodontidae,no,exists,107592
Chaetodon vagabundus,14695,14695AF.jpg,Chaetodon_vagabundus_FishPix_14695.jpg,https://fishpix.kahaku.go.jp/photos/NR0014/14695AF.jpg,Chaetodontidae,no,exists,94287
Chaetodon mertensii,146960,146960AF.jpg,Chaetodon_mertensii_FishPix_146960.jpg,https://fishpix.kahaku.go.jp/photos/NR0146/146960AF.jpg,Chaetodontidae,no,exists,88623
Chaetodon mertensii,146961,146961AF.jpg,Chaetodon_mertensii_FishPix_146961.jpg,https://fishpix.kahaku.go.jp/photos/NR0146/146961AF.jpg,Chaetodontidae,no,exists,84181
Chaetodon mertensii,146962,146962AF.jpg,Chaetodon_mertensii_FishPix_146962.jpg,https://fishpix.kahaku.go.jp/photos/NR0146/146962AF.jpg,Chaetodontidae,no,exists,136155
Chaetodon ornatissimus,146977,146977AF.jpg,Chaetodon_ornatissimus_FishPix_146977.jpg,https://fishpix.kahaku.go.jp/photos/NR0146/146977AF.jpg,Chaetodontidae,no,exists,95050
Chaetodon plebeius,147014,147014AF.jpg,Chaetodon_plebeius_FishPix_147014.jpg,https://fishpix.kahaku.go.jp/photos/NR0147/147014AF.jpg,Chaetodontidae,no,exists,96531
Chaetodon trifascialis,147015,147015AF.jpg,Chaetodon_trifascialis_FishPix_147015.jpg,https://fishpix.kahaku.go.jp/photos/NR0147/147015AF.jpg,Chaetodontidae,no,exists,100805
Chaetodon auripes,147023,147023AF.jpg,Chaetodon_auripes_FishPix_147023.jpg,https://fishpix.kahaku.go.jp/photos/NR0147/147023AF.jpg,Chaetodontidae,no,exists,74373
Chaetodon daedalma,147024,147024AF.jpg,Chaetodon_daedalma_FishPix_147024.jpg,https://fishpix.kahaku.go.jp/photos/NR0147/147024AF.jpg,Chaetodontidae,no,exists,158282
Forcipiger flavissimus,147069,147069AF.jpg,Forcipiger_flavissimus_FishPix_147069.jpg,https://fishpix.kahaku.go.jp/photos/NR0147/147069AF.jpg,Chaetodontidae,no,exists,94354
Chaetodon auriga,14709,14709AF.jpg,Chaetodon_auriga_FishPix_14709.jpg,https://fishpix.kahaku.go.jp/photos/NR0014/14709AF.jpg,Chaetodontidae,no,exists,101103
Chaetodon baronessa,147132,147132AF.jpg,Chaetodon_baronessa_FishPix_147132.jpg,https://fishpix.kahaku.go.jp/photos/NR0147/147132AF.jpg,Chaetodontidae,no,exists,255286
Chaetodon speculum,147140,147140AF.jpg,Chaetodon_speculum_FishPix_147140.jpg,https://fishpix.kahaku.go.jp/photos/NR0147/147140AF.jpg,Chaetodontidae,no,exists,197433
Chaetodon ulietensis,147141,147141AF.jpg,Chaetodon_ulietensis_FishPix_147141.jpg,https://fishpix.kahaku.go.jp/photos/NR0147/147141AF.jpg,Chaetodontidae,no,exists,196291
Chaetodon kleinii,147167,147167AF.jpg,Chaetodon_kleinii_FishPix_147167.jpg,https://fishpix.kahaku.go.jp/photos/NR0147/147167AF.jpg,Chaetodontidae,no,exists,153224
Chaetodon vagabundus,14717,14717AF.jpg,Chaetodon_vagabundus_FishPix_14717.jpg,https://fishpix.kahaku.go.jp/photos/NR0014/14717AF.jpg,Chaetodontidae,no,exists,95940
Coradion melanopus,147207,147207AF.jpg,Coradion_melanopus_FishPix_147207.jpg,https://fishpix.kahaku.go.jp/photos/NR0147/147207AF.jpg,Chaetodontidae,no,exists,219018
Chaetodon kleinii,147220,147220AF.jpg,Chaetodon_kleinii_FishPix_147220.jpg,https://fishpix.kahaku.go.jp/photos/NR0147/147220AF.jpg,Chaetodontidae,no,exists,138203
Coradion chrysozonus,147222,147222AF.jpg,Coradion_chrysozonus_FishPix_147222.jpg,https://fishpix.kahaku.go.jp/photos/NR0147/147222AF.jpg,Chaetodontidae,no,exists,199573
Coradion melanopus,147231,147231AF.jpg,Coradion_melanopus_FishPix_147231.jpg,https://fishpix.kahaku.go.jp/photos/NR0147/147231AF.jpg,Chaetodontidae,no,exists,213082
Chaetodon rafflesii,147245,147245AF.jpg,Chaetodon_rafflesii_FishPix_147245.jpg,https://fishpix.kahaku.go.jp/photos/NR0147/147245AF.jpg,Chaetodontidae,no,exists,244138
Chaetodon kleinii,147265,147265AF.jpg,Chaetodon_kleinii_FishPix_147265.jpg,https://fishpix.kahaku.go.jp/photos/NR0147/147265AF.jpg,Chaetodontidae,no,exists,183527
Chaetodon kleinii,147270,147270AF.jpg,Chaetodon_kleinii_FishPix_147270.jpg,https://fishpix.kahaku.go.jp/photos/NR0147/147270AF.jpg,Chaetodontidae,no,exists,178880
Chaetodon kleinii,147306,147306AF.jpg,Chaetodon_kleinii_FishPix_147306.jpg,https://fishpix.kahaku.go.jp/photos/NR0147/147306AF.jpg,Chaetodontidae,no,exists,204668
Chaetodon selene,147338,147338AF.jpg,Chaetodon_selene_FishPix_147338.jpg,https://fishpix.kahaku.go.jp/photos/NR0147/147338AF.jpg,Chaetodontidae,no,exists,322829
Coradion chrysozonus,147357,147357AF.jpg,Coradion_chrysozonus_FishPix_147357.jpg,https://fishpix.kahaku.go.jp/photos/NR0147/147357AF.jpg,Chaetodontidae,no,exists,345017
Coradion chrysozonus,147365,147365AF.jpg,Coradion_chrysozonus_FishPix_147365.jpg,https://fishpix.kahaku.go.jp/photos/NR0147/147365AF.jpg,Chaetodontidae,no,exists,172426
Coradion chrysozonus,147367,147367AF.jpg,Coradion_chrysozonus_FishPix_147367.jpg,https://fishpix.kahaku.go.jp/photos/NR0147/147367AF.jpg,Chaetodontidae,no,exists,307011
Chaetodon octofasciatus,147381,147381AF.jpg,Chaetodon_octofasciatus_FishPix_147381.jpg,https://fishpix.kahaku.go.jp/photos/NR0147/147381AF.jpg,Chaetodontidae,no,exists,206080
Heniochus varius,147410,147410AF.jpg,Heniochus_varius_FishPix_147410.jpg,https://fishpix.kahaku.go.jp/photos/NR0147/147410AF.jpg,Chaetodontidae,no,exists,211041
Chaetodon oxycephalus,147412,147412AF.jpg,Chaetodon_oxycephalus_FishPix_147412.jpg,https://fishpix.kahaku.go.jp/photos/NR0147/147412AF.jpg,Chaetodontidae,no,exists,219809
Chaetodon punctatofasciatus,147417,147417AF.jpg,Chaetodon_punctatofasciatus_FishPix_147417.jpg,https://fishpix.kahaku.go.jp/photos/NR0147/147417AF.jpg,Chaetodontidae,no,exists,201253
Chaetodon speculum,147437,147437AF.jpg,Chaetodon_speculum_FishPix_147437.jpg,https://fishpix.kahaku.go.jp/photos/NR0147/147437AF.jpg,Chaetodontidae,no,exists,204338
Chaetodon ephippium,147674,147674AF.jpg,Chaetodon_ephippium_FishPix_147674.jpg,https://fishpix.kahaku.go.jp/photos/NR0147/147674AF.jpg,Chaetodontidae,no,exists,133265
Chaetodon speculum,147697,147697AF.jpg,Chaetodon_speculum_FishPix_147697.jpg,https://fishpix.kahaku.go.jp/photos/NR0147/147697AF.jpg,Chaetodontidae,no,exists,118321
Chaetodon plebeius,147698,147698AF.jpg,Chaetodon_plebeius_FishPix_147698.jpg,https://fishpix.kahaku.go.jp/photos/NR0147/147698AF.jpg,Chaetodontidae,no,exists,91654
Roa modesta,14776,14776AF.jpg,Roa_modesta_FishPix_14776.jpg,https://fishpix.kahaku.go.jp/photos/NR0014/14776AF.jpg,Chaetodontidae,no,exists,141801
Chaetodon ephippium,147776,147776AF.jpg,Chaetodon_ephippium_FishPix_147776.jpg,https://fishpix.kahaku.go.jp/photos/NR0147/147776AF.jpg,Chaetodontidae,no,exists,96599
Chaetodon speculum,147779,147779AF.jpg,Chaetodon_speculum_FishPix_147779.jpg,https://fishpix.kahaku.go.jp/photos/NR0147/147779AF.jpg,Chaetodontidae,no,exists,130350
Chaetodon lunulatus,147797,147797AF.jpg,Chaetodon_lunulatus_FishPix_147797.jpg,https://fishpix.kahaku.go.jp/photos/NR0147/147797AF.jpg,Chaetodontidae,no,exists,130187
Chaetodon auripes,14780,14780AF.jpg,Chaetodon_auripes_FishPix_14780.jpg,https://fishpix.kahaku.go.jp/photos/NR0014/14780AF.jpg,Chaetodontidae,no,exists,102566
Chaetodon speculum,147803,147803AF.jpg,Chaetodon_speculum_FishPix_147803.jpg,https://fishpix.kahaku.go.jp/photos/NR0147/147803AF.jpg,Chaetodontidae,no,exists,117739
Chaetodon rafflesii,147811,147811AF.jpg,Chaetodon_rafflesii_FishPix_147811.jpg,https://fishpix.kahaku.go.jp/photos/NR0147/147811AF.jpg,Chaetodontidae,no,exists,126667
Forcipiger flavissimus,147848,147848AF.jpg,Forcipiger_flavissimus_FishPix_147848.jpg,https://fishpix.kahaku.go.jp/photos/NR0147/147848AF.jpg,Chaetodontidae,no,exists,90822
Chaetodon lunulatus,147873,147873AF.jpg,Chaetodon_lunulatus_FishPix_147873.jpg,https://fishpix.kahaku.go.jp/photos/NR0147/147873AF.jpg,Chaetodontidae,no,exists,125353
Chaetodon vagabundus,147884,147884AF.jpg,Chaetodon_vagabundus_FishPix_147884.jpg,https://fishpix.kahaku.go.jp/photos/NR0147/147884AF.jpg,Chaetodontidae,no,exists,83703
Chaetodon trifascialis,147917,147917AF.jpg,Chaetodon_trifascialis_FishPix_147917.jpg,https://fishpix.kahaku.go.jp/photos/NR0147/147917AF.jpg,Chaetodontidae,no,exists,137369
Chaetodon trifascialis,147918,147918AF.jpg,Chaetodon_trifascialis_FishPix_147918.jpg,https://fishpix.kahaku.go.jp/photos/NR0147/147918AF.jpg,Chaetodontidae,no,exists,160146
Chaetodon trifascialis,147933,147933AF.jpg,Chaetodon_trifascialis_FishPix_147933.jpg,https://fishpix.kahaku.go.jp/photos/NR0147/147933AF.jpg,Chaetodontidae,no,exists,212132
Chaetodon trifascialis,147954,147954AF.jpg,Chaetodon_trifascialis_FishPix_147954.jpg,https://fishpix.kahaku.go.jp/photos/NR0147/147954AF.jpg,Chaetodontidae,no,exists,141927
Chaetodon punctatofasciatus,148018,148018AF.jpg,Chaetodon_punctatofasciatus_FishPix_148018.jpg,https://fishpix.kahaku.go.jp/photos/NR0148/148018AF.jpg,Chaetodontidae,no,exists,136453
Heniochus singularius,148039,148039AF.jpg,Heniochus_singularius_FishPix_148039.jpg,https://fishpix.kahaku.go.jp/photos/NR0148/148039AF.jpg,Chaetodontidae,no,exists,81984
Chaetodon pelewensis,148040,148040AF.jpg,Chaetodon_pelewensis_FishPix_148040.jpg,https://fishpix.kahaku.go.jp/photos/NR0148/148040AF.jpg,Chaetodontidae,no,exists,80002
Chaetodon guttatissimus,148053,148053AF.jpg,Chaetodon_guttatissimus_FishPix_148053.jpg,https://fishpix.kahaku.go.jp/photos/NR0148/148053AF.jpg,Chaetodontidae,no,exists,74330
Chaetodon guttatissimus,148054,148054AF.jpg,Chaetodon_guttatissimus_FishPix_148054.jpg,https://fishpix.kahaku.go.jp/photos/NR0148/148054AF.jpg,Chaetodontidae,no,exists,109263
Chaetodon meyeri,148055,148055AF.jpg,Chaetodon_meyeri_FishPix_148055.jpg,https://fishpix.kahaku.go.jp/photos/NR0148/148055AF.jpg,Chaetodontidae,no,exists,112747
Chaetodon octofasciatus,148086,148086AF.jpg,Chaetodon_octofasciatus_FishPix_148086.jpg,https://fishpix.kahaku.go.jp/photos/NR0148/148086AF.jpg,Chaetodontidae,no,exists,103779
Chaetodon lunulatus,148159,148159AF.jpg,Chaetodon_lunulatus_FishPix_148159.jpg,https://fishpix.kahaku.go.jp/photos/NR0148/148159AF.jpg,Chaetodontidae,no,exists,120834
Chaetodon citrinellus,148165,148165AF.jpg,Chaetodon_citrinellus_FishPix_148165.jpg,https://fishpix.kahaku.go.jp/photos/NR0148/148165AF.jpg,Chaetodontidae,no,exists,183945
Chaetodon speculum,148172,148172AF.jpg,Chaetodon_speculum_FishPix_148172.jpg,https://fishpix.kahaku.go.jp/photos/NR0148/148172AF.jpg,Chaetodontidae,no,exists,117547
Chaetodon lunula,148193,148193AF.jpg,Chaetodon_lunula_FishPix_148193.jpg,https://fishpix.kahaku.go.jp/photos/NR0148/148193AF.jpg,Chaetodontidae,no,exists,116809
Chaetodon kleinii,148199,148199AF.jpg,Chaetodon_kleinii_FishPix_148199.jpg,https://fishpix.kahaku.go.jp/photos/NR0148/148199AF.jpg,Chaetodontidae,no,exists,178044
Chaetodon citrinellus,148355,148355AF.jpg,Chaetodon_citrinellus_FishPix_148355.jpg,https://fishpix.kahaku.go.jp/photos/NR0148/148355AF.jpg,Chaetodontidae,no,exists,188697
Chaetodon lunula,148375,148375AF.jpg,Chaetodon_lunula_FishPix_148375.jpg,https://fishpix.kahaku.go.jp/photos/NR0148/148375AF.jpg,Chaetodontidae,no,exists,100007
Chaetodon wiebeli,148406,148406AF.jpg,Chaetodon_wiebeli_FishPix_148406.jpg,https://fishpix.kahaku.go.jp/photos/NR0148/148406AF.jpg,Chaetodontidae,no,exists,71002
Roa modesta,148412,148412AF.jpg,Roa_modesta_FishPix_148412.jpg,https://fishpix.kahaku.go.jp/photos/NR0148/148412AF.jpg,Chaetodontidae,no,exists,49995
Roa modesta,148413,148413AF.jpg,Roa_modesta_FishPix_148413.jpg,https://fishpix.kahaku.go.jp/photos/NR0148/148413AF.jpg,Chaetodontidae,no,exists,61464
Chaetodon auripes,148429,148429AF.jpg,Chaetodon_auripes_FishPix_148429.jpg,https://fishpix.kahaku.go.jp/photos/NR0148/148429AF.jpg,Chaetodontidae,no,exists,58476
Chaetodon wiebeli,148430,148430AF.jpg,Chaetodon_wiebeli_FishPix_148430.jpg,https://fishpix.kahaku.go.jp/photos/NR0148/148430AF.jpg,Chaetodontidae,no,exists,58666
Chaetodon wiebeli,148431,148431AF.jpg,Chaetodon_wiebeli_FishPix_148431.jpg,https://fishpix.kahaku.go.jp/photos/NR0148/148431AF.jpg,Chaetodontidae,no,exists,48143
Chaetodon guentheri,148502,148502AF.jpg,Chaetodon_guentheri_FishPix_148502.jpg,https://fishpix.kahaku.go.jp/photos/NR0148/148502AF.jpg,Chaetodontidae,no,exists,49986
Roa modesta,148504,148504AF.jpg,Roa_modesta_FishPix_148504.jpg,https://fishpix.kahaku.go.jp/photos/NR0148/148504AF.jpg,Chaetodontidae,no,exists,85503
Roa modesta,148515,148515AF.jpg,Roa_modesta_FishPix_148515.jpg,https://fishpix.kahaku.go.jp/photos/NR0148/148515AF.jpg,Chaetodontidae,no,exists,104819
Coradion altivelis,14853,14853AF.jpg,Coradion_altivelis_FishPix_14853.jpg,https://fishpix.kahaku.go.jp/photos/NR0014/14853AF.jpg,Chaetodontidae,no,exists,134216
Coradion altivelis,148539,148539AF.jpg,Coradion_altivelis_FishPix_148539.jpg,https://fishpix.kahaku.go.jp/photos/NR0148/148539AF.jpg,Chaetodontidae,no,exists,64220
Heniochus acuminatus,148705,148705AF.jpg,Heniochus_acuminatus_FishPix_148705.jpg,https://fishpix.kahaku.go.jp/photos/NR0148/148705AF.jpg,Chaetodontidae,no,exists,76003
Heniochus acuminatus,148706,148706AF.jpg,Heniochus_acuminatus_FishPix_148706.jpg,https://fishpix.kahaku.go.jp/photos/NR0148/148706AF.jpg,Chaetodontidae,no,exists,42562
Roa modesta,148707,148707AF.jpg,Roa_modesta_FishPix_148707.jpg,https://fishpix.kahaku.go.jp/photos/NR0148/148707AF.jpg,Chaetodontidae,no,exists,59196
Coradion altivelis,14878,14878AF.jpg,Coradion_altivelis_FishPix_14878.jpg,https://fishpix.kahaku.go.jp/photos/NR0014/14878AF.jpg,Chaetodontidae,no,exists,123562
Chaetodon auripes,14882,14882AF.jpg,Chaetodon_auripes_FishPix_14882.jpg,https://fishpix.kahaku.go.jp/photos/NR0014/14882AF.jpg,Chaetodontidae,no,exists,138517
Chaetodon kleinii,14888,14888AF.jpg,Chaetodon_kleinii_FishPix_14888.jpg,https://fishpix.kahaku.go.jp/photos/NR0014/14888AF.jpg,Chaetodontidae,no,exists,150339
Chaetodon lunulatus,148893,148893AF.jpg,Chaetodon_lunulatus_FishPix_148893.jpg,https://fishpix.kahaku.go.jp/photos/NR0148/148893AF.jpg,Chaetodontidae,no,exists,209396
Chaetodon lunula,148895,148895AF.jpg,Chaetodon_lunula_FishPix_148895.jpg,https://fishpix.kahaku.go.jp/photos/NR0148/148895AF.jpg,Chaetodontidae,no,exists,183983
Chaetodon ephippium,148901,148901AF.jpg,Chaetodon_ephippium_FishPix_148901.jpg,https://fishpix.kahaku.go.jp/photos/NR0148/148901AF.jpg,Chaetodontidae,no,exists,160981
Hemitaurichthys polylepis,148923,148923AF.jpg,Hemitaurichthys_polylepis_FishPix_148923.jpg,https://fishpix.kahaku.go.jp/photos/NR0148/148923AF.jpg,Chaetodontidae,no,exists,134205
Chaetodon kleinii,148933,148933AF.jpg,Chaetodon_kleinii_FishPix_148933.jpg,https://fishpix.kahaku.go.jp/photos/NR0148/148933AF.jpg,Chaetodontidae,no,exists,124647
Chaetodon punctatofasciatus,148934,148934AF.jpg,Chaetodon_punctatofasciatus_FishPix_148934.jpg,https://fishpix.kahaku.go.jp/photos/NR0148/148934AF.jpg,Chaetodontidae,no,exists,175213
Chaetodon rafflesii,148940,148940AF.jpg,Chaetodon_rafflesii_FishPix_148940.jpg,https://fishpix.kahaku.go.jp/photos/NR0148/148940AF.jpg,Chaetodontidae,no,exists,201565
Forcipiger flavissimus,14907,14907AF.jpg,Forcipiger_flavissimus_FishPix_14907.jpg,https://fishpix.kahaku.go.jp/photos/NR0014/14907AF.jpg,Chaetodontidae,no,exists,120473
Chaetodon unimaculatus,149071,149071AF.jpg,Chaetodon_unimaculatus_FishPix_149071.jpg,https://fishpix.kahaku.go.jp/photos/NR0149/149071AF.jpg,Chaetodontidae,no,exists,147656
Chaetodon nippon,14911,14911AF.jpg,Chaetodon_nippon_FishPix_14911.jpg,https://fishpix.kahaku.go.jp/photos/NR0014/14911AF.jpg,Chaetodontidae,no,exists,165279
Chaetodon kleinii,149111,149111AF.jpg,Chaetodon_kleinii_FishPix_149111.jpg,https://fishpix.kahaku.go.jp/photos/NR0149/149111AF.jpg,Chaetodontidae,no,exists,119558
Chaetodon unimaculatus,149151,149151AF.jpg,Chaetodon_unimaculatus_FishPix_149151.jpg,https://fishpix.kahaku.go.jp/photos/NR0149/149151AF.jpg,Chaetodontidae,no,exists,102058
Chaetodon ornatissimus,149234,149234AF.jpg,Chaetodon_ornatissimus_FishPix_149234.jpg,https://fishpix.kahaku.go.jp/photos/NR0149/149234AF.jpg,Chaetodontidae,no,exists,147570
Chaetodon auripes,14935,14935AF.jpg,Chaetodon_auripes_FishPix_14935.jpg,https://fishpix.kahaku.go.jp/photos/NR0014/14935AF.jpg,Chaetodontidae,no,exists,222155
Chaetodon kleinii,14936,14936AF.jpg,Chaetodon_kleinii_FishPix_14936.jpg,https://fishpix.kahaku.go.jp/photos/NR0014/14936AF.jpg,Chaetodontidae,no,exists,155881
Forcipiger flavissimus,149375,149375AF.jpg,Forcipiger_flavissimus_FishPix_149375.jpg,https://fishpix.kahaku.go.jp/photos/NR0149/149375AF.jpg,Chaetodontidae,no,exists,141121
Chaetodon ulietensis,149395,149395AF.jpg,Chaetodon_ulietensis_FishPix_149395.jpg,https://fishpix.kahaku.go.jp/photos/NR0149/149395AF.jpg,Chaetodontidae,no,exists,137535
Chaetodon melannotus,149401,149401AF.jpg,Chaetodon_melannotus_FishPix_149401.jpg,https://fishpix.kahaku.go.jp/photos/NR0149/149401AF.jpg,Chaetodontidae,no,exists,171492
Chaetodon octofasciatus,149408,149408AF.jpg,Chaetodon_octofasciatus_FishPix_149408.jpg,https://fishpix.kahaku.go.jp/photos/NR0149/149408AF.jpg,Chaetodontidae,no,exists,132535
Chaetodon vagabundus,149468,149468AF.jpg,Chaetodon_vagabundus_FishPix_149468.jpg,https://fishpix.kahaku.go.jp/photos/NR0149/149468AF.jpg,Chaetodontidae,no,exists,131357
Chaetodon citrinellus,149481,149481AF.jpg,Chaetodon_citrinellus_FishPix_149481.jpg,https://fishpix.kahaku.go.jp/photos/NR0149/149481AF.jpg,Chaetodontidae,no,exists,174202
Chaetodon plebeius,149489,149489AF.jpg,Chaetodon_plebeius_FishPix_149489.jpg,https://fishpix.kahaku.go.jp/photos/NR0149/149489AF.jpg,Chaetodontidae,no,exists,119177
Chaetodon auripes,14953,14953AF.jpg,Chaetodon_auripes_FishPix_14953.jpg,https://fishpix.kahaku.go.jp/photos/NR0014/14953AF.jpg,Chaetodontidae,no,exists,135088
Coradion altivelis,14958,14958AF.jpg,Coradion_altivelis_FishPix_14958.jpg,https://fishpix.kahaku.go.jp/photos/NR0014/14958AF.jpg,Chaetodontidae,no,exists,128263
Chaetodon melannotus,149602,149602AF.jpg,Chaetodon_melannotus_FishPix_149602.jpg,https://fishpix.kahaku.go.jp/photos/NR0149/149602AF.jpg,Chaetodontidae,no,exists,126333
Forcipiger flavissimus,14964,14964AF.jpg,Forcipiger_flavissimus_FishPix_14964.jpg,https://fishpix.kahaku.go.jp/photos/NR0014/14964AF.jpg,Chaetodontidae,no,exists,98936
Heniochus varius,149681,149681AF.jpg,Heniochus_varius_FishPix_149681.jpg,https://fishpix.kahaku.go.jp/photos/NR0149/149681AF.jpg,Chaetodontidae,no,exists,144268
Chaetodon lunulatus,149741,149741AF.jpg,Chaetodon_lunulatus_FishPix_149741.jpg,https://fishpix.kahaku.go.jp/photos/NR0149/149741AF.jpg,Chaetodontidae,no,exists,153546
Heniochus acuminatus,149746,149746AF.jpg,Heniochus_acuminatus_FishPix_149746.jpg,https://fishpix.kahaku.go.jp/photos/NR0149/149746AF.jpg,Chaetodontidae,no,exists,96573
Chaetodon auriga,149770,149770AF.jpg,Chaetodon_auriga_FishPix_149770.jpg,https://fishpix.kahaku.go.jp/photos/NR0149/149770AF.jpg,Chaetodontidae,no,exists,163530
Heniochus chrysostomus,149817,149817AF.jpg,Heniochus_chrysostomus_FishPix_149817.jpg,https://fishpix.kahaku.go.jp/photos/NR0149/149817AF.jpg,Chaetodontidae,no,exists,190660
Chaetodon octofasciatus,149818,149818AF.jpg,Chaetodon_octofasciatus_FishPix_149818.jpg,https://fishpix.kahaku.go.jp/photos/NR0149/149818AF.jpg,Chaetodontidae,no,exists,182662
Chaetodon kleinii,149873,149873AF.jpg,Chaetodon_kleinii_FishPix_149873.jpg,https://fishpix.kahaku.go.jp/photos/NR0149/149873AF.jpg,Chaetodontidae,no,exists,116483
Chaetodon citrinellus,149874,149874AF.jpg,Chaetodon_citrinellus_FishPix_149874.jpg,https://fishpix.kahaku.go.jp/photos/NR0149/149874AF.jpg,Chaetodontidae,no,exists,110973
Chaetodon lunula,149880,149880AF.jpg,Chaetodon_lunula_FishPix_149880.jpg,https://fishpix.kahaku.go.jp/photos/NR0149/149880AF.jpg,Chaetodontidae,no,exists,164234
Chaetodon unimaculatus,149882,149882AF.jpg,Chaetodon_unimaculatus_FishPix_149882.jpg,https://fishpix.kahaku.go.jp/photos/NR0149/149882AF.jpg,Chaetodontidae,no,exists,111932
Chaetodon citrinellus,149887,149887AF.jpg,Chaetodon_citrinellus_FishPix_149887.jpg,https://fishpix.kahaku.go.jp/photos/NR0149/149887AF.jpg,Chaetodontidae,no,exists,107478
Chaetodon argentatus,149894,149894AF.jpg,Chaetodon_argentatus_FishPix_149894.jpg,https://fishpix.kahaku.go.jp/photos/NR0149/149894AF.jpg,Chaetodontidae,no,exists,96397
Heniochus monoceros,149895,149895AF.jpg,Heniochus_monoceros_FishPix_149895.jpg,https://fishpix.kahaku.go.jp/photos/NR0149/149895AF.jpg,Chaetodontidae,no,exists,142999
Chaetodon rafflesii,150027,150027AF.jpg,Chaetodon_rafflesii_FishPix_150027.jpg,https://fishpix.kahaku.go.jp/photos/NR0150/150027AF.jpg,Chaetodontidae,no,exists,107528
Chaetodon lunulatus,150065,150065AF.jpg,Chaetodon_lunulatus_FishPix_150065.jpg,https://fishpix.kahaku.go.jp/photos/NR0150/150065AF.jpg,Chaetodontidae,no,exists,119220
Chaetodon lunula,150070,150070AF.jpg,Chaetodon_lunula_FishPix_150070.jpg,https://fishpix.kahaku.go.jp/photos/NR0150/150070AF.jpg,Chaetodontidae,no,exists,129527
Chaetodon argentatus,150076,150076AF.jpg,Chaetodon_argentatus_FishPix_150076.jpg,https://fishpix.kahaku.go.jp/photos/NR0150/150076AF.jpg,Chaetodontidae,no,exists,148715
Chaetodon lunulatus,150083,150083AF.jpg,Chaetodon_lunulatus_FishPix_150083.jpg,https://fishpix.kahaku.go.jp/photos/NR0150/150083AF.jpg,Chaetodontidae,no,exists,104022
Chaetodon argentatus,150095,150095AF.jpg,Chaetodon_argentatus_FishPix_150095.jpg,https://fishpix.kahaku.go.jp/photos/NR0150/150095AF.jpg,Chaetodontidae,no,exists,132503
Chaetodon rafflesii,150135,150135AF.jpg,Chaetodon_rafflesii_FishPix_150135.jpg,https://fishpix.kahaku.go.jp/photos/NR0150/150135AF.jpg,Chaetodontidae,no,exists,171845
Chaetodon lunulatus,150176,150176AF.jpg,Chaetodon_lunulatus_FishPix_150176.jpg,https://fishpix.kahaku.go.jp/photos/NR0150/150176AF.jpg,Chaetodontidae,no,exists,127132
Heniochus varius,150181,150181AF.jpg,Heniochus_varius_FishPix_150181.jpg,https://fishpix.kahaku.go.jp/photos/NR0150/150181AF.jpg,Chaetodontidae,no,exists,200769
Unknown,15025,15025AF.jpg,Unknown_FishPix_15025.jpg,https://fishpix.kahaku.go.jp/photos/NR0015/15025AF.jpg,Chaetodontidae,no,exists,95556
Chaetodon unimaculatus,15036,15036AF.jpg,Chaetodon_unimaculatus_FishPix_15036.jpg,https://fishpix.kahaku.go.jp/photos/NR0015/15036AF.jpg,Chaetodontidae,yes,exists,117078
Chaetodon kleinii,15043,15043AF.jpg,Chaetodon_kleinii_FishPix_15043.jpg,https://fishpix.kahaku.go.jp/photos/NR0015/15043AF.jpg,Chaetodontidae,no,exists,115331
Chaetodon ulietensis,150461,150461AF.jpg,Chaetodon_ulietensis_FishPix_150461.jpg,https://fishpix.kahaku.go.jp/photos/NR0150/150461AF.jpg,Chaetodontidae,no,exists,112599
Coradion altivelis,15047,15047AF.jpg,Coradion_altivelis_FishPix_15047.jpg,https://fishpix.kahaku.go.jp/photos/NR0015/15047AF.jpg,Chaetodontidae,yes,exists,166836
Coradion altivelis,15054,15054AF.jpg,Coradion_altivelis_FishPix_15054.jpg,https://fishpix.kahaku.go.jp/photos/NR0015/15054AF.jpg,Chaetodontidae,no,exists,163268
Heniochus acuminatus,150564,150564AF.jpg,Heniochus_acuminatus_FishPix_150564.jpg,https://fishpix.kahaku.go.jp/photos/NR0150/150564AF.jpg,Chaetodontidae,no,exists,157379
Forcipiger flavissimus,150577,150577AF.jpg,Forcipiger_flavissimus_FishPix_150577.jpg,https://fishpix.kahaku.go.jp/photos/NR0150/150577AF.jpg,Chaetodontidae,no,exists,112161
Chaetodon punctatofasciatus,150621,150621AF.jpg,Chaetodon_punctatofasciatus_FishPix_150621.jpg,https://fishpix.kahaku.go.jp/photos/NR0150/150621AF.jpg,Chaetodontidae,no,exists,126278
Forcipiger flavissimus,150630,150630AF.jpg,Forcipiger_flavissimus_FishPix_150630.jpg,https://fishpix.kahaku.go.jp/photos/NR0150/150630AF.jpg,Chaetodontidae,no,exists,176368
Chaetodon citrinellus,150639,150639AF.jpg,Chaetodon_citrinellus_FishPix_150639.jpg,https://fishpix.kahaku.go.jp/photos/NR0150/150639AF.jpg,Chaetodontidae,no,exists,234106
Heniochus varius,150650,150650AF.jpg,Heniochus_varius_FishPix_150650.jpg,https://fishpix.kahaku.go.jp/photos/NR0150/150650AF.jpg,Chaetodontidae,no,exists,133253
Heniochus varius,150651,150651AF.jpg,Heniochus_varius_FishPix_150651.jpg,https://fishpix.kahaku.go.jp/photos/NR0150/150651AF.jpg,Chaetodontidae,no,exists,67186
Heniochus varius,150653,150653AF.jpg,Heniochus_varius_FishPix_150653.jpg,https://fishpix.kahaku.go.jp/photos/NR0150/150653AF.jpg,Chaetodontidae,no,exists,60750
Chaetodon kleinii,150742,150742AF.jpg,Chaetodon_kleinii_FishPix_150742.jpg,https://fishpix.kahaku.go.jp/photos/NR0150/150742AF.jpg,Chaetodontidae,no,exists,122331
Chaetodon auriga,150769,150769AF.jpg,Chaetodon_auriga_FishPix_150769.jpg,https://fishpix.kahaku.go.jp/photos/NR0150/150769AF.jpg,Chaetodontidae,no,exists,104123
Chaetodon baronessa,150856,150856AF.jpg,Chaetodon_baronessa_FishPix_150856.jpg,https://fishpix.kahaku.go.jp/photos/NR0150/150856AF.jpg,Chaetodontidae,no,exists,118395
Chaetodon octofasciatus,151209,151209AF.jpg,Chaetodon_octofasciatus_FishPix_151209.jpg,https://fishpix.kahaku.go.jp/photos/NR0151/151209AF.jpg,Chaetodontidae,no,exists,190357
Chaetodon ornatissimus,151228,151228AF.jpg,Chaetodon_ornatissimus_FishPix_151228.jpg,https://fishpix.kahaku.go.jp/photos/NR0151/151228AF.jpg,Chaetodontidae,no,exists,177881
Heniochus chrysostomus,151232,151232AF.jpg,Heniochus_chrysostomus_FishPix_151232.jpg,https://fishpix.kahaku.go.jp/photos/NR0151/151232AF.jpg,Chaetodontidae,no,exists,137601
Heniochus chrysostomus,151239,151239AF.jpg,Heniochus_chrysostomus_FishPix_151239.jpg,https://fishpix.kahaku.go.jp/photos/NR0151/151239AF.jpg,Chaetodontidae,no,exists,171685
Chaetodon bennetti,151284,151284AF.jpg,Chaetodon_bennetti_FishPix_151284.jpg,https://fishpix.kahaku.go.jp/photos/NR0151/151284AF.jpg,Chaetodontidae,no,exists,118657
Chaetodon ephippium,151287,151287AF.jpg,Chaetodon_ephippium_FishPix_151287.jpg,https://fishpix.kahaku.go.jp/photos/NR0151/151287AF.jpg,Chaetodontidae,no,exists,128177
Chaetodon vagabundus,151371,151371AF.jpg,Chaetodon_vagabundus_FishPix_151371.jpg,https://fishpix.kahaku.go.jp/photos/NR0151/151371AF.jpg,Chaetodontidae,no,exists,142276
Forcipiger flavissimus,151440,151440AF.jpg,Forcipiger_flavissimus_FishPix_151440.jpg,https://fishpix.kahaku.go.jp/photos/NR0151/151440AF.jpg,Chaetodontidae,no,exists,125727
Roa modesta,15145,15145AF.jpg,Roa_modesta_FishPix_15145.jpg,https://fishpix.kahaku.go.jp/photos/NR0015/15145AF.jpg,Chaetodontidae,no,exists,178048
Chaetodon octofasciatus,151656,151656AF.jpg,Chaetodon_octofasciatus_FishPix_151656.jpg,https://fishpix.kahaku.go.jp/photos/NR0151/151656AF.jpg,Chaetodontidae,no,exists,96407
Chaetodon lunula,151704,151704AF.jpg,Chaetodon_lunula_FishPix_151704.jpg,https://fishpix.kahaku.go.jp/photos/NR0151/151704AF.jpg,Chaetodontidae,no,exists,117359
Heniochus varius,151712,151712AF.jpg,Heniochus_varius_FishPix_151712.jpg,https://fishpix.kahaku.go.jp/photos/NR0151/151712AF.jpg,Chaetodontidae,no,exists,125259
Heniochus chrysostomus,151713,151713AF.jpg,Heniochus_chrysostomus_FishPix_151713.jpg,https://fishpix.kahaku.go.jp/photos/NR0151/151713AF.jpg,Chaetodontidae,no,exists,121733
Heniochus singularius,151714,151714AF.jpg,Heniochus_singularius_FishPix_151714.jpg,https://fishpix.kahaku.go.jp/photos/NR0151/151714AF.jpg,Chaetodontidae,no,exists,127349
Hemitaurichthys polylepis,151839,151839AF.jpg,Hemitaurichthys_polylepis_FishPix_151839.jpg,https://fishpix.kahaku.go.jp/photos/NR0151/151839AF.jpg,Chaetodontidae,no,exists,195944
Hemitaurichthys polylepis,151840,151840AF.jpg,Hemitaurichthys_polylepis_FishPix_151840.jpg,https://fishpix.kahaku.go.jp/photos/NR0151/151840AF.jpg,Chaetodontidae,no,exists,149242
Heniochus varius,151849,151849AF.jpg,Heniochus_varius_FishPix_151849.jpg,https://fishpix.kahaku.go.jp/photos/NR0151/151849AF.jpg,Chaetodontidae,no,exists,192173
Heniochus varius,151852,151852AF.jpg,Heniochus_varius_FishPix_151852.jpg,https://fishpix.kahaku.go.jp/photos/NR0151/151852AF.jpg,Chaetodontidae,no,exists,173699
Heniochus acuminatus,151921,151921AF.jpg,Heniochus_acuminatus_FishPix_151921.jpg,https://fishpix.kahaku.go.jp/photos/NR0151/151921AF.jpg,Chaetodontidae,no,exists,201370
Heniochus acuminatus,151922,151922AF.jpg,Heniochus_acuminatus_FishPix_151922.jpg,https://fishpix.kahaku.go.jp/photos/NR0151/151922AF.jpg,Chaetodontidae,no,exists,148582
Heniochus acuminatus,151923,151923AF.jpg,Heniochus_acuminatus_FishPix_151923.jpg,https://fishpix.kahaku.go.jp/photos/NR0151/151923AF.jpg,Chaetodontidae,no,exists,111524
Heniochus monoceros,151937,151937AF.jpg,Heniochus_monoceros_FishPix_151937.jpg,https://fishpix.kahaku.go.jp/photos/NR0151/151937AF.jpg,Chaetodontidae,no,exists,88676
Heniochus chrysostomus,151938,151938AF.jpg,Heniochus_chrysostomus_FishPix_151938.jpg,https://fishpix.kahaku.go.jp/photos/NR0151/151938AF.jpg,Chaetodontidae,no,exists,103669
Heniochus chrysostomus,151939,151939AF.jpg,Heniochus_chrysostomus_FishPix_151939.jpg,https://fishpix.kahaku.go.jp/photos/NR0151/151939AF.jpg,Chaetodontidae,no,exists,120692
Chaetodon bennetti,152117,152117AF.jpg,Chaetodon_bennetti_FishPix_152117.jpg,https://fishpix.kahaku.go.jp/photos/NR0152/152117AF.jpg,Chaetodontidae,no,exists,139947
Chaetodon melannotus,152282,152282AF.jpg,Chaetodon_melannotus_FishPix_152282.jpg,https://fishpix.kahaku.go.jp/photos/NR0152/152282AF.jpg,Chaetodontidae,no,exists,147474
Chaetodon lineolatus,152307,152307AF.jpg,Chaetodon_lineolatus_FishPix_152307.jpg,https://fishpix.kahaku.go.jp/photos/NR0152/152307AF.jpg,Chaetodontidae,no,exists,146667
Chaetodon kleinii,15240,15240AF.jpg,Chaetodon_kleinii_FishPix_15240.jpg,https://fishpix.kahaku.go.jp/photos/NR0015/15240AF.jpg,Chaetodontidae,no,exists,89753
Chaetodon speculum,15242,15242AF.jpg,Chaetodon_speculum_FishPix_15242.jpg,https://fishpix.kahaku.go.jp/photos/NR0015/15242AF.jpg,Chaetodontidae,no,exists,122571
Hemitaurichthys polylepis,15254,15254AF.jpg,Hemitaurichthys_polylepis_FishPix_15254.jpg,https://fishpix.kahaku.go.jp/photos/NR0015/15254AF.jpg,Chaetodontidae,no,exists,64857
Chaetodon melannotus,15255,15255AF.jpg,Chaetodon_melannotus_FishPix_15255.jpg,https://fishpix.kahaku.go.jp/photos/NR0015/15255AF.jpg,Chaetodontidae,no,exists,84172
Chaetodon unimaculatus,15256,15256AF.jpg,Chaetodon_unimaculatus_FishPix_15256.jpg,https://fishpix.kahaku.go.jp/photos/NR0015/15256AF.jpg,Chaetodontidae,no,exists,104524
Coradion altivelis,152563,152563AF.jpg,Coradion_altivelis_FishPix_152563.jpg,https://fishpix.kahaku.go.jp/photos/NR0152/152563AF.jpg,Chaetodontidae,no,exists,55653
Chaetodon auripes,152564,152564AF.jpg,Chaetodon_auripes_FishPix_152564.jpg,https://fishpix.kahaku.go.jp/photos/NR0152/152564AF.jpg,Chaetodontidae,no,exists,49206
Heniochus varius,15257,15257AF.jpg,Heniochus_varius_FishPix_15257.jpg,https://fishpix.kahaku.go.jp/photos/NR0015/15257AF.jpg,Chaetodontidae,no,exists,124067
Heniochus diphreutes,15258,15258AF.jpg,Heniochus_diphreutes_FishPix_15258.jpg,https://fishpix.kahaku.go.jp/photos/NR0015/15258AF.jpg,Chaetodontidae,no,exists,112610
Heniochus chrysostomus,15259,15259AF.jpg,Heniochus_chrysostomus_FishPix_15259.jpg,https://fishpix.kahaku.go.jp/photos/NR0015/15259AF.jpg,Chaetodontidae,yes,exists,108689
Chaetodon nippon,152590,152590AF.jpg,Chaetodon_nippon_FishPix_152590.jpg,https://fishpix.kahaku.go.jp/photos/NR0152/152590AF.jpg,Chaetodontidae,no,exists,80023
Coradion altivelis,152591,152591AF.jpg,Coradion_altivelis_FishPix_152591.jpg,https://fishpix.kahaku.go.jp/photos/NR0152/152591AF.jpg,Chaetodontidae,no,exists,69815
Chaetodon selene,152593,152593AF.jpg,Chaetodon_selene_FishPix_152593.jpg,https://fishpix.kahaku.go.jp/photos/NR0152/152593AF.jpg,Chaetodontidae,no,exists,57064
Chaetodon speculum,152594,152594AF.jpg,Chaetodon_speculum_FishPix_152594.jpg,https://fishpix.kahaku.go.jp/photos/NR0152/152594AF.jpg,Chaetodontidae,no,exists,57706
Heniochus monoceros,15260,15260AF.jpg,Heniochus_monoceros_FishPix_15260.jpg,https://fishpix.kahaku.go.jp/photos/NR0015/15260AF.jpg,Chaetodontidae,no,exists,106789
Coradion altivelis,15261,15261AF.jpg,Coradion_altivelis_FishPix_15261.jpg,https://fishpix.kahaku.go.jp/photos/NR0015/15261AF.jpg,Chaetodontidae,no,exists,149013
Chaetodon plebeius,152619,152619AF.jpg,Chaetodon_plebeius_FishPix_152619.jpg,https://fishpix.kahaku.go.jp/photos/NR0152/152619AF.jpg,Chaetodontidae,no,exists,88770
Coradion altivelis,15262,15262AF.jpg,Coradion_altivelis_FishPix_15262.jpg,https://fishpix.kahaku.go.jp/photos/NR0015/15262AF.jpg,Chaetodontidae,no,exists,133767
Forcipiger flavissimus,15263,15263AF.jpg,Forcipiger_flavissimus_FishPix_15263.jpg,https://fishpix.kahaku.go.jp/photos/NR0015/15263AF.jpg,Chaetodontidae,no,exists,111594
Heniochus singularius,15264,15264AF.jpg,Heniochus_singularius_FishPix_15264.jpg,https://fishpix.kahaku.go.jp/photos/NR0015/15264AF.jpg,Chaetodontidae,no,exists,81427
Coradion altivelis,15265,15265AF.jpg,Coradion_altivelis_FishPix_15265.jpg,https://fishpix.kahaku.go.jp/photos/NR0015/15265AF.jpg,Chaetodontidae,no,exists,80356
Chaetodon speculum,152659,152659AF.jpg,Chaetodon_speculum_FishPix_152659.jpg,https://fishpix.kahaku.go.jp/photos/NR0152/152659AF.jpg,Chaetodontidae,no,exists,44262
Coradion altivelis,15266,15266AF.jpg,Coradion_altivelis_FishPix_15266.jpg,https://fishpix.kahaku.go.jp/photos/NR0015/15266AF.jpg,Chaetodontidae,no,exists,138218
Chaetodon wiebeli,152660,152660AF.jpg,Chaetodon_wiebeli_FishPix_152660.jpg,https://fishpix.kahaku.go.jp/photos/NR0152/152660AF.jpg,Chaetodontidae,no,exists,35893
Chaetodon lunulatus,15267,15267AF.jpg,Chaetodon_lunulatus_FishPix_15267.jpg,https://fishpix.kahaku.go.jp/photos/NR0015/15267AF.jpg,Chaetodontidae,no,exists,89710
Chaetodon humeralis,152871,152871AF.jpg,Chaetodon_humeralis_FishPix_152871.jpg,https://fishpix.kahaku.go.jp/photos/NR0152/152871AF.jpg,Chaetodontidae,no,exists,134722
Chaetodon octofasciatus,153070,153070AF.jpg,Chaetodon_octofasciatus_FishPix_153070.jpg,https://fishpix.kahaku.go.jp/photos/NR0153/153070AF.jpg,Chaetodontidae,no,exists,176673
Chaetodon trifascialis,153072,153072AF.jpg,Chaetodon_trifascialis_FishPix_153072.jpg,https://fishpix.kahaku.go.jp/photos/NR0153/153072AF.jpg,Chaetodontidae,no,exists,202156
Chaetodon octofasciatus,153077,153077AF.jpg,Chaetodon_octofasciatus_FishPix_153077.jpg,https://fishpix.kahaku.go.jp/photos/NR0153/153077AF.jpg,Chaetodontidae,no,exists,191976
Chaetodon octofasciatus,153130,153130AF.jpg,Chaetodon_octofasciatus_FishPix_153130.jpg,https://fishpix.kahaku.go.jp/photos/NR0153/153130AF.jpg,Chaetodontidae,no,exists,175333
Chaetodon baronessa,153131,153131AF.jpg,Chaetodon_baronessa_FishPix_153131.jpg,https://fishpix.kahaku.go.jp/photos/NR0153/153131AF.jpg,Chaetodontidae,no,exists,196032
Chaetodon octofasciatus,153136,153136AF.jpg,Chaetodon_octofasciatus_FishPix_153136.jpg,https://fishpix.kahaku.go.jp/photos/NR0153/153136AF.jpg,Chaetodontidae,no,exists,163204
Chaetodon baronessa,153164,153164AF.jpg,Chaetodon_baronessa_FishPix_153164.jpg,https://fishpix.kahaku.go.jp/photos/NR0153/153164AF.jpg,Chaetodontidae,no,exists,196173
Chaetodon vagabundus,153322,153322AF.jpg,Chaetodon_vagabundus_FishPix_153322.jpg,https://fishpix.kahaku.go.jp/photos/NR0153/153322AF.jpg,Chaetodontidae,no,exists,260748
Chaetodon ornatissimus,15336,15336AF.jpg,Chaetodon_ornatissimus_FishPix_15336.jpg,https://fishpix.kahaku.go.jp/photos/NR0015/15336AF.jpg,Chaetodontidae,no,exists,97640
Chaetodon auripes,153363,153363AF.jpg,Chaetodon_auripes_FishPix_153363.jpg,https://fishpix.kahaku.go.jp/photos/NR0153/153363AF.jpg,Chaetodontidae,no,exists,304381
Chaetodon baronessa,15337,15337AF.jpg,Chaetodon_baronessa_FishPix_15337.jpg,https://fishpix.kahaku.go.jp/photos/NR0015/15337AF.jpg,Chaetodontidae,no,exists,96663
Chaetodon baronessa,15338,15338AF.jpg,Chaetodon_baronessa_FishPix_15338.jpg,https://fishpix.kahaku.go.jp/photos/NR0015/15338AF.jpg,Chaetodontidae,no,exists,137374
Forcipiger flavissimus,15339,15339AF.jpg,Forcipiger_flavissimus_FishPix_15339.jpg,https://fishpix.kahaku.go.jp/photos/NR0015/15339AF.jpg,Chaetodontidae,no,exists,150367
Chaetodon ephippium,153391,153391AF.jpg,Chaetodon_ephippium_FishPix_153391.jpg,https://fishpix.kahaku.go.jp/photos/NR0153/153391AF.jpg,Chaetodontidae,no,exists,315478
Chaetodon lineolatus,153393,153393AF.jpg,Chaetodon_lineolatus_FishPix_153393.jpg,https://fishpix.kahaku.go.jp/photos/NR0153/153393AF.jpg,Chaetodontidae,no,exists,245823
Chaetodon lunula,153409,153409AF.jpg,Chaetodon_lunula_FishPix_153409.jpg,https://fishpix.kahaku.go.jp/photos/NR0153/153409AF.jpg,Chaetodontidae,no,exists,248556
Chaetodon auripes,153420,153420AF.jpg,Chaetodon_auripes_FishPix_153420.jpg,https://fishpix.kahaku.go.jp/photos/NR0153/153420AF.jpg,Chaetodontidae,no,exists,320288
Chaetodon plebeius,153466,153466AF.jpg,Chaetodon_plebeius_FishPix_153466.jpg,https://fishpix.kahaku.go.jp/photos/NR0153/153466AF.jpg,Chaetodontidae,no,exists,297513
Chaetodon argentatus,153467,153467AF.jpg,Chaetodon_argentatus_FishPix_153467.jpg,https://fishpix.kahaku.go.jp/photos/NR0153/153467AF.jpg,Chaetodontidae,no,exists,200681
Chaetodon vagabundus,153477,153477AF.jpg,Chaetodon_vagabundus_FishPix_153477.jpg,https://fishpix.kahaku.go.jp/photos/NR0153/153477AF.jpg,Chaetodontidae,no,exists,321364
Chaetodon melannotus,153603,153603AF.jpg,Chaetodon_melannotus_FishPix_153603.jpg,https://fishpix.kahaku.go.jp/photos/NR0153/153603AF.jpg,Chaetodontidae,no,exists,296107
Heniochus chrysostomus,153624,153624AF.jpg,Heniochus_chrysostomus_FishPix_153624.jpg,https://fishpix.kahaku.go.jp/photos/NR0153/153624AF.jpg,Chaetodontidae,no,exists,268672
Heniochus varius,153625,153625AF.jpg,Heniochus_varius_FishPix_153625.jpg,https://fishpix.kahaku.go.jp/photos/NR0153/153625AF.jpg,Chaetodontidae,no,exists,216789
Chaetodon citrinellus,153639,153639AF.jpg,Chaetodon_citrinellus_FishPix_153639.jpg,https://fishpix.kahaku.go.jp/photos/NR0153/153639AF.jpg,Chaetodontidae,no,exists,159864
Chaetodon bennetti,153653,153653AF.jpg,Chaetodon_bennetti_FishPix_153653.jpg,https://fishpix.kahaku.go.jp/photos/NR0153/153653AF.jpg,Chaetodontidae,no,exists,201493
Chaetodon argentatus,153682,153682AF.jpg,Chaetodon_argentatus_FishPix_153682.jpg,https://fishpix.kahaku.go.jp/photos/NR0153/153682AF.jpg,Chaetodontidae,no,exists,273987
Chaetodon ulietensis,153696,153696AF.jpg,Chaetodon_ulietensis_FishPix_153696.jpg,https://fishpix.kahaku.go.jp/photos/NR0153/153696AF.jpg,Chaetodontidae,no,exists,233725
Chaetodon ephippium,153705,153705AF.jpg,Chaetodon_ephippium_FishPix_153705.jpg,https://fishpix.kahaku.go.jp/photos/NR0153/153705AF.jpg,Chaetodontidae,no,exists,299206
Forcipiger flavissimus,153708,153708AF.jpg,Forcipiger_flavissimus_FishPix_153708.jpg,https://fishpix.kahaku.go.jp/photos/NR0153/153708AF.jpg,Chaetodontidae,no,exists,239342
Chaetodon ornatissimus,153715,153715AF.jpg,Chaetodon_ornatissimus_FishPix_153715.jpg,https://fishpix.kahaku.go.jp/photos/NR0153/153715AF.jpg,Chaetodontidae,no,exists,171049
Chaetodon trifascialis,153720,153720AF.jpg,Chaetodon_trifascialis_FishPix_153720.jpg,https://fishpix.kahaku.go.jp/photos/NR0153/153720AF.jpg,Chaetodontidae,no,exists,184546
Chaetodon auripes,153726,153726AF.jpg,Chaetodon_auripes_FishPix_153726.jpg,https://fishpix.kahaku.go.jp/photos/NR0153/153726AF.jpg,Chaetodontidae,no,exists,286697
Chaetodon lunulatus,153727,153727AF.jpg,Chaetodon_lunulatus_FishPix_153727.jpg,https://fishpix.kahaku.go.jp/photos/NR0153/153727AF.jpg,Chaetodontidae,no,exists,172588
Chaetodon auriga,153738,153738AF.jpg,Chaetodon_auriga_FishPix_153738.jpg,https://fishpix.kahaku.go.jp/photos/NR0153/153738AF.jpg,Chaetodontidae,no,exists,143965
Chaetodon vagabundus,153741,153741AF.jpg,Chaetodon_vagabundus_FishPix_153741.jpg,https://fishpix.kahaku.go.jp/photos/NR0153/153741AF.jpg,Chaetodontidae,no,exists,157886
Chaetodon vagabundus,153774,153774AF.jpg,Chaetodon_vagabundus_FishPix_153774.jpg,https://fishpix.kahaku.go.jp/photos/NR0153/153774AF.jpg,Chaetodontidae,no,exists,159649
Chaetodon unimaculatus,153916,153916AF.jpg,Chaetodon_unimaculatus_FishPix_153916.jpg,https://fishpix.kahaku.go.jp/photos/NR0153/153916AF.jpg,Chaetodontidae,no,exists,156572
Chaetodon lunulatus,153942,153942AF.jpg,Chaetodon_lunulatus_FishPix_153942.jpg,https://fishpix.kahaku.go.jp/photos/NR0153/153942AF.jpg,Chaetodontidae,no,exists,230784
Chaetodon ulietensis,153958,153958AF.jpg,Chaetodon_ulietensis_FishPix_153958.jpg,https://fishpix.kahaku.go.jp/photos/NR0153/153958AF.jpg,Chaetodontidae,no,exists,294040
Chaetodon ornatissimus,153965,153965AF.jpg,Chaetodon_ornatissimus_FishPix_153965.jpg,https://fishpix.kahaku.go.jp/photos/NR0153/153965AF.jpg,Chaetodontidae,no,exists,272505
Chaetodon lunula,154178,154178AF.jpg,Chaetodon_lunula_FishPix_154178.jpg,https://fishpix.kahaku.go.jp/photos/NR0154/154178AF.jpg,Chaetodontidae,no,exists,61743
Roa modesta,154585,154585AF.jpg,Roa_modesta_FishPix_154585.jpg,https://fishpix.kahaku.go.jp/photos/NR0154/154585AF.jpg,Chaetodontidae,no,exists,76020
Chaetodon melannotus,154738,154738AF.jpg,Chaetodon_melannotus_FishPix_154738.jpg,https://fishpix.kahaku.go.jp/photos/NR0154/154738AF.jpg,Chaetodontidae,no,exists,67740
Chaetodon auriga,154765,154765AF.jpg,Chaetodon_auriga_FishPix_154765.jpg,https://fishpix.kahaku.go.jp/photos/NR0154/154765AF.jpg,Chaetodontidae,no,exists,72997
Forcipiger flavissimus,154766,154766AF.jpg,Forcipiger_flavissimus_FishPix_154766.jpg,https://fishpix.kahaku.go.jp/photos/NR0154/154766AF.jpg,Chaetodontidae,no,exists,98746
Chaetodon plebeius,154768,154768AF.jpg,Chaetodon_plebeius_FishPix_154768.jpg,https://fishpix.kahaku.go.jp/photos/NR0154/154768AF.jpg,Chaetodontidae,no,exists,107093
Chaetodon speculum,154769,154769AF.jpg,Chaetodon_speculum_FishPix_154769.jpg,https://fishpix.kahaku.go.jp/photos/NR0154/154769AF.jpg,Chaetodontidae,no,exists,86859
Chaetodon speculum,154770,154770AF.jpg,Chaetodon_speculum_FishPix_154770.jpg,https://fishpix.kahaku.go.jp/photos/NR0154/154770AF.jpg,Chaetodontidae,no,exists,49529
Chaetodon kleinii,154771,154771AF.jpg,Chaetodon_kleinii_FishPix_154771.jpg,https://fishpix.kahaku.go.jp/photos/NR0154/154771AF.jpg,Chaetodontidae,no,exists,65015
Chaetodon selene,154778,154778AF.jpg,Chaetodon_selene_FishPix_154778.jpg,https://fishpix.kahaku.go.jp/photos/NR0154/154778AF.jpg,Chaetodontidae,no,exists,98245
Chaetodon vagabundus,155194,155194AF.jpg,Chaetodon_vagabundus_FishPix_155194.jpg,https://fishpix.kahaku.go.jp/photos/NR0155/155194AF.jpg,Chaetodontidae,no,exists,97029
Heniochus chrysostomus,15536,15536AF.jpg,Heniochus_chrysostomus_FishPix_15536.jpg,https://fishpix.kahaku.go.jp/photos/NR0015/15536AF.jpg,Chaetodontidae,no,exists,93830
Hemitaurichthys polylepis,155360,155360AF.jpg,Hemitaurichthys_polylepis_FishPix_155360.jpg,https://fishpix.kahaku.go.jp/photos/NR0155/155360AF.jpg,Chaetodontidae,no,exists,87601
Chaetodon punctatofasciatus,155378,155378AF.jpg,Chaetodon_punctatofasciatus_FishPix_155378.jpg,https://fishpix.kahaku.go.jp/photos/NR0155/155378AF.jpg,Chaetodontidae,no,exists,122490
Hemitaurichthys polylepis,155381,155381AF.jpg,Hemitaurichthys_polylepis_FishPix_155381.jpg,https://fishpix.kahaku.go.jp/photos/NR0155/155381AF.jpg,Chaetodontidae,no,exists,151397
Chaetodon argentatus,155424,155424AF.jpg,Chaetodon_argentatus_FishPix_155424.jpg,https://fishpix.kahaku.go.jp/photos/NR0155/155424AF.jpg,Chaetodontidae,no,exists,145548
Heniochus diphreutes,15548,15548AF.jpg,Heniochus_diphreutes_FishPix_15548.jpg,https://fishpix.kahaku.go.jp/photos/NR0015/15548AF.jpg,Chaetodontidae,no,exists,78707
Chaetodon vagabundus,155628,155628AF.jpg,Chaetodon_vagabundus_FishPix_155628.jpg,https://fishpix.kahaku.go.jp/photos/NR0155/155628AF.jpg,Chaetodontidae,no,exists,155931
Forcipiger flavissimus,155741,155741AF.jpg,Forcipiger_flavissimus_FishPix_155741.jpg,https://fishpix.kahaku.go.jp/photos/NR0155/155741AF.jpg,Chaetodontidae,no,exists,112968
Chaetodon ulietensis,155754,155754AF.jpg,Chaetodon_ulietensis_FishPix_155754.jpg,https://fishpix.kahaku.go.jp/photos/NR0155/155754AF.jpg,Chaetodontidae,no,exists,149755
Chaetodon baronessa,155855,155855AF.jpg,Chaetodon_baronessa_FishPix_155855.jpg,https://fishpix.kahaku.go.jp/photos/NR0155/155855AF.jpg,Chaetodontidae,no,exists,155859
Chaetodon lunula,155909,155909AF.jpg,Chaetodon_lunula_FishPix_155909.jpg,https://fishpix.kahaku.go.jp/photos/NR0155/155909AF.jpg,Chaetodontidae,no,exists,104190
Chaetodon bennetti,155917,155917AF.jpg,Chaetodon_bennetti_FishPix_155917.jpg,https://fishpix.kahaku.go.jp/photos/NR0155/155917AF.jpg,Chaetodontidae,no,exists,124490
Chaetodon melannotus,155923,155923AF.jpg,Chaetodon_melannotus_FishPix_155923.jpg,https://fishpix.kahaku.go.jp/photos/NR0155/155923AF.jpg,Chaetodontidae,no,exists,153430
Chaetodon plebeius,155927,155927AF.jpg,Chaetodon_plebeius_FishPix_155927.jpg,https://fishpix.kahaku.go.jp/photos/NR0155/155927AF.jpg,Chaetodontidae,no,exists,115619
Chaetodon bennetti,155933,155933AF.jpg,Chaetodon_bennetti_FishPix_155933.jpg,https://fishpix.kahaku.go.jp/photos/NR0155/155933AF.jpg,Chaetodontidae,no,exists,136603
Chaetodon plebeius,155936,155936AF.jpg,Chaetodon_plebeius_FishPix_155936.jpg,https://fishpix.kahaku.go.jp/photos/NR0155/155936AF.jpg,Chaetodontidae,no,exists,135406
Heniochus chrysostomus,155943,155943AF.jpg,Heniochus_chrysostomus_FishPix_155943.jpg,https://fishpix.kahaku.go.jp/photos/NR0155/155943AF.jpg,Chaetodontidae,no,exists,110622
Chaetodon unimaculatus,155970,155970AF.jpg,Chaetodon_unimaculatus_FishPix_155970.jpg,https://fishpix.kahaku.go.jp/photos/NR0155/155970AF.jpg,Chaetodontidae,no,exists,163670
Chaetodon reticulatus,155976,155976AF.jpg,Chaetodon_reticulatus_FishPix_155976.jpg,https://fishpix.kahaku.go.jp/photos/NR0155/155976AF.jpg,Chaetodontidae,no,exists,213650
Chaetodon bennetti,155981,155981AF.jpg,Chaetodon_bennetti_FishPix_155981.jpg,https://fishpix.kahaku.go.jp/photos/NR0155/155981AF.jpg,Chaetodontidae,no,exists,217653
Chaetodon unimaculatus,156039,156039AF.jpg,Chaetodon_unimaculatus_FishPix_156039.jpg,https://fishpix.kahaku.go.jp/photos/NR0156/156039AF.jpg,Chaetodontidae,no,exists,129287
Chaetodon ephippium,156098,156098AF.jpg,Chaetodon_ephippium_FishPix_156098.jpg,https://fishpix.kahaku.go.jp/photos/NR0156/156098AF.jpg,Chaetodontidae,no,exists,134170
Chaetodon citrinellus,156131,156131AF.jpg,Chaetodon_citrinellus_FishPix_156131.jpg,https://fishpix.kahaku.go.jp/photos/NR0156/156131AF.jpg,Chaetodontidae,no,exists,180704
Chaetodon vagabundus,156153,156153AF.jpg,Chaetodon_vagabundus_FishPix_156153.jpg,https://fishpix.kahaku.go.jp/photos/NR0156/156153AF.jpg,Chaetodontidae,no,exists,242946
Heniochus varius,156208,156208AF.jpg,Heniochus_varius_FishPix_156208.jpg,https://fishpix.kahaku.go.jp/photos/NR0156/156208AF.jpg,Chaetodontidae,no,exists,223355
Chaetodon rafflesii,156216,156216AF.jpg,Chaetodon_rafflesii_FishPix_156216.jpg,https://fishpix.kahaku.go.jp/photos/NR0156/156216AF.jpg,Chaetodontidae,no,exists,221433
Chaetodon auripes,156223,156223AF.jpg,Chaetodon_auripes_FishPix_156223.jpg,https://fishpix.kahaku.go.jp/photos/NR0156/156223AF.jpg,Chaetodontidae,no,exists,300726
Chaetodon punctatofasciatus,156228,156228AF.jpg,Chaetodon_punctatofasciatus_FishPix_156228.jpg,https://fishpix.kahaku.go.jp/photos/NR0156/156228AF.jpg,Chaetodontidae,no,exists,178278
Chaetodon rafflesii,156240,156240AF.jpg,Chaetodon_rafflesii_FishPix_156240.jpg,https://fishpix.kahaku.go.jp/photos/NR0156/156240AF.jpg,Chaetodontidae,no,exists,224438
Heniochus chrysostomus,156276,156276AF.jpg,Heniochus_chrysostomus_FishPix_156276.jpg,https://fishpix.kahaku.go.jp/photos/NR0156/156276AF.jpg,Chaetodontidae,no,exists,210147
Heniochus monoceros,156279,156279AF.jpg,Heniochus_monoceros_FishPix_156279.jpg,https://fishpix.kahaku.go.jp/photos/NR0156/156279AF.jpg,Chaetodontidae,no,exists,156959
Heniochus varius,156281,156281AF.jpg,Heniochus_varius_FishPix_156281.jpg,https://fishpix.kahaku.go.jp/photos/NR0156/156281AF.jpg,Chaetodontidae,no,exists,198772
Chaetodon lineolatus,156287,156287AF.jpg,Chaetodon_lineolatus_FishPix_156287.jpg,https://fishpix.kahaku.go.jp/photos/NR0156/156287AF.jpg,Chaetodontidae,no,exists,181229
Chaetodon argentatus,156288,156288AF.jpg,Chaetodon_argentatus_FishPix_156288.jpg,https://fishpix.kahaku.go.jp/photos/NR0156/156288AF.jpg,Chaetodontidae,no,exists,215263
Chaetodon auriga,156336,156336AF.jpg,Chaetodon_auriga_FishPix_156336.jpg,https://fishpix.kahaku.go.jp/photos/NR0156/156336AF.jpg,Chaetodontidae,no,exists,258361
Chaetodon auriga,156342,156342AF.jpg,Chaetodon_auriga_FishPix_156342.jpg,https://fishpix.kahaku.go.jp/photos/NR0156/156342AF.jpg,Chaetodontidae,no,exists,210243
Chaetodon miliaris,156346,156346AF.jpg,Chaetodon_miliaris_FishPix_156346.jpg,https://fishpix.kahaku.go.jp/photos/NR0156/156346AF.jpg,Chaetodontidae,no,exists,238384
Chaetodon lunula,156358,156358AF.jpg,Chaetodon_lunula_FishPix_156358.jpg,https://fishpix.kahaku.go.jp/photos/NR0156/156358AF.jpg,Chaetodontidae,no,exists,234949
Chaetodon lunula,156422,156422AF.jpg,Chaetodon_lunula_FishPix_156422.jpg,https://fishpix.kahaku.go.jp/photos/NR0156/156422AF.jpg,Chaetodontidae,no,exists,161193
Chaetodon auriga,156427,156427AF.jpg,Chaetodon_auriga_FishPix_156427.jpg,https://fishpix.kahaku.go.jp/photos/NR0156/156427AF.jpg,Chaetodontidae,no,exists,176035
Chaetodon bennetti,156433,156433AF.jpg,Chaetodon_bennetti_FishPix_156433.jpg,https://fishpix.kahaku.go.jp/photos/NR0156/156433AF.jpg,Chaetodontidae,no,exists,218671
Chaetodon ephippium,156435,156435AF.jpg,Chaetodon_ephippium_FishPix_156435.jpg,https://fishpix.kahaku.go.jp/photos/NR0156/156435AF.jpg,Chaetodontidae,no,exists,196382
Chaetodon lunula,15644,15644AF.jpg,Chaetodon_lunula_FishPix_15644.jpg,https://fishpix.kahaku.go.jp/photos/NR0015/15644AF.jpg,Chaetodontidae,no,exists,33792
Chaetodon lunulatus,156443,156443AF.jpg,Chaetodon_lunulatus_FishPix_156443.jpg,https://fishpix.kahaku.go.jp/photos/NR0156/156443AF.jpg,Chaetodontidae,no,exists,179637
Chaetodon reticulatus,156448,156448AF.jpg,Chaetodon_reticulatus_FishPix_156448.jpg,https://fishpix.kahaku.go.jp/photos/NR0156/156448AF.jpg,Chaetodontidae,no,exists,227391
Chaetodon daedalma,156483,156483AF.jpg,Chaetodon_daedalma_FishPix_156483.jpg,https://fishpix.kahaku.go.jp/photos/NR0156/156483AF.jpg,Chaetodontidae,no,exists,314661
Chaetodon punctatofasciatus,156489,156489AF.jpg,Chaetodon_punctatofasciatus_FishPix_156489.jpg,https://fishpix.kahaku.go.jp/photos/NR0156/156489AF.jpg,Chaetodontidae,no,exists,201636
Chaetodon mertensii,156491,156491AF.jpg,Chaetodon_mertensii_FishPix_156491.jpg,https://fishpix.kahaku.go.jp/photos/NR0156/156491AF.jpg,Chaetodontidae,no,exists,185460
Chaetodon melannotus,15651,15651AF.jpg,Chaetodon_melannotus_FishPix_15651.jpg,https://fishpix.kahaku.go.jp/photos/NR0015/15651AF.jpg,Chaetodontidae,no,exists,145739
Forcipiger flavissimus,15653,15653AF.jpg,Forcipiger_flavissimus_FishPix_15653.jpg,https://fishpix.kahaku.go.jp/photos/NR0015/15653AF.jpg,Chaetodontidae,no,exists,111724
Chaetodon vagabundus,15654,15654AF.jpg,Chaetodon_vagabundus_FishPix_15654.jpg,https://fishpix.kahaku.go.jp/photos/NR0015/15654AF.jpg,Chaetodontidae,no,exists,173528
Heniochus acuminatus,15669,15669AF.jpg,Heniochus_acuminatus_FishPix_15669.jpg,https://fishpix.kahaku.go.jp/photos/NR0015/15669AF.jpg,Chaetodontidae,no,exists,103308
Chaetodon baronessa,157192,157192AF.jpg,Chaetodon_baronessa_FishPix_157192.jpg,https://fishpix.kahaku.go.jp/photos/NR0157/157192AF.jpg,Chaetodontidae,no,exists,103626
Chaetodon kleinii,157193,157193AF.jpg,Chaetodon_kleinii_FishPix_157193.jpg,https://fishpix.kahaku.go.jp/photos/NR0157/157193AF.jpg,Chaetodontidae,no,exists,101449
Chaetodon kleinii,157194,157194AF.jpg,Chaetodon_kleinii_FishPix_157194.jpg,https://fishpix.kahaku.go.jp/photos/NR0157/157194AF.jpg,Chaetodontidae,no,exists,100476
Chaetodon lunulatus,157195,157195AF.jpg,Chaetodon_lunulatus_FishPix_157195.jpg,https://fishpix.kahaku.go.jp/photos/NR0157/157195AF.jpg,Chaetodontidae,no,exists,81653
Chaetodon vagabundus,157196,157196AF.jpg,Chaetodon_vagabundus_FishPix_157196.jpg,https://fishpix.kahaku.go.jp/photos/NR0157/157196AF.jpg,Chaetodontidae,no,exists,53294
Heniochus varius,157235,157235AF.jpg,Heniochus_varius_FishPix_157235.jpg,https://fishpix.kahaku.go.jp/photos/NR0157/157235AF.jpg,Chaetodontidae,no,exists,71261
Chaetodon kleinii,157239,157239AF.jpg,Chaetodon_kleinii_FishPix_157239.jpg,https://fishpix.kahaku.go.jp/photos/NR0157/157239AF.jpg,Chaetodontidae,no,exists,62702
Chaetodon kleinii,157253,157253AF.jpg,Chaetodon_kleinii_FishPix_157253.jpg,https://fishpix.kahaku.go.jp/photos/NR0157/157253AF.jpg,Chaetodontidae,no,exists,84802
Chaetodon selene,157254,157254AF.jpg,Chaetodon_selene_FishPix_157254.jpg,https://fishpix.kahaku.go.jp/photos/NR0157/157254AF.jpg,Chaetodontidae,no,exists,69961
Chaetodon baronessa,157325,157325AF.jpg,Chaetodon_baronessa_FishPix_157325.jpg,https://fishpix.kahaku.go.jp/photos/NR0157/157325AF.jpg,Chaetodontidae,no,exists,63489
Chaetodon kleinii,157326,157326AF.jpg,Chaetodon_kleinii_FishPix_157326.jpg,https://fishpix.kahaku.go.jp/photos/NR0157/157326AF.jpg,Chaetodontidae,no,exists,66493
Chaetodon kleinii,157327,157327AF.jpg,Chaetodon_kleinii_FishPix_157327.jpg,https://fishpix.kahaku.go.jp/photos/NR0157/157327AF.jpg,Chaetodontidae,no,exists,40562
Chaetodon kleinii,157328,157328AF.jpg,Chaetodon_kleinii_FishPix_157328.jpg,https://fishpix.kahaku.go.jp/photos/NR0157/157328AF.jpg,Chaetodontidae,no,exists,51262
Chaetodon kleinii,157329,157329AF.jpg,Chaetodon_kleinii_FishPix_157329.jpg,https://fishpix.kahaku.go.jp/photos/NR0157/157329AF.jpg,Chaetodontidae,no,exists,97792
Chaetodon guentheri,15733,15733AF.jpg,Chaetodon_guentheri_FishPix_15733.jpg,https://fishpix.kahaku.go.jp/photos/NR0015/15733AF.jpg,Chaetodontidae,no,exists,145332
Chaetodon kleinii,157330,157330AF.jpg,Chaetodon_kleinii_FishPix_157330.jpg,https://fishpix.kahaku.go.jp/photos/NR0157/157330AF.jpg,Chaetodontidae,no,exists,73622
Chaetodon kleinii,157331,157331AF.jpg,Chaetodon_kleinii_FishPix_157331.jpg,https://fishpix.kahaku.go.jp/photos/NR0157/157331AF.jpg,Chaetodontidae,no,exists,110973
Chaetodon kleinii,157332,157332AF.jpg,Chaetodon_kleinii_FishPix_157332.jpg,https://fishpix.kahaku.go.jp/photos/NR0157/157332AF.jpg,Chaetodontidae,no,exists,60467
Chaetodon kleinii,157333,157333AF.jpg,Chaetodon_kleinii_FishPix_157333.jpg,https://fishpix.kahaku.go.jp/photos/NR0157/157333AF.jpg,Chaetodontidae,no,exists,43030
Chaetodon melannotus,157334,157334AF.jpg,Chaetodon_melannotus_FishPix_157334.jpg,https://fishpix.kahaku.go.jp/photos/NR0157/157334AF.jpg,Chaetodontidae,no,exists,105462
Chaetodon baronessa,157335,157335AF.jpg,Chaetodon_baronessa_FishPix_157335.jpg,https://fishpix.kahaku.go.jp/photos/NR0157/157335AF.jpg,Chaetodontidae,no,exists,61293
Chaetodon vagabundus,157336,157336AF.jpg,Chaetodon_vagabundus_FishPix_157336.jpg,https://fishpix.kahaku.go.jp/photos/NR0157/157336AF.jpg,Chaetodontidae,no,exists,121994
Chaetodon speculum,157337,157337AF.jpg,Chaetodon_speculum_FishPix_157337.jpg,https://fishpix.kahaku.go.jp/photos/NR0157/157337AF.jpg,Chaetodontidae,no,exists,128398
Heniochus singularius,157348,157348AF.jpg,Heniochus_singularius_FishPix_157348.jpg,https://fishpix.kahaku.go.jp/photos/NR0157/157348AF.jpg,Chaetodontidae,no,exists,113287
Heniochus varius,157349,157349AF.jpg,Heniochus_varius_FishPix_157349.jpg,https://fishpix.kahaku.go.jp/photos/NR0157/157349AF.jpg,Chaetodontidae,no,exists,79180
Forcipiger flavissimus,157351,157351AF.jpg,Forcipiger_flavissimus_FishPix_157351.jpg,https://fishpix.kahaku.go.jp/photos/NR0157/157351AF.jpg,Chaetodontidae,no,exists,44661
Chaetodon lunulatus,157463,157463AF.jpg,Chaetodon_lunulatus_FishPix_157463.jpg,https://fishpix.kahaku.go.jp/photos/NR0157/157463AF.jpg,Chaetodontidae,no,exists,103327
Chaetodon auriga,15749,15749AF.jpg,Chaetodon_auriga_FishPix_15749.jpg,https://fishpix.kahaku.go.jp/photos/NR0015/15749AF.jpg,Chaetodontidae,no,exists,120109
Chaetodon melannotus,157500,157500AF.jpg,Chaetodon_melannotus_FishPix_157500.jpg,https://fishpix.kahaku.go.jp/photos/NR0157/157500AF.jpg,Chaetodontidae,no,exists,76339
Chaetodon lineolatus,15751,15751AF.jpg,Chaetodon_lineolatus_FishPix_15751.jpg,https://fishpix.kahaku.go.jp/photos/NR0015/15751AF.jpg,Chaetodontidae,no,exists,148706
Chaetodon lunulatus,15752,15752AF.jpg,Chaetodon_lunulatus_FishPix_15752.jpg,https://fishpix.kahaku.go.jp/photos/NR0015/15752AF.jpg,Chaetodontidae,no,exists,181104
Heniochus varius,15753,15753AF.jpg,Heniochus_varius_FishPix_15753.jpg,https://fishpix.kahaku.go.jp/photos/NR0015/15753AF.jpg,Chaetodontidae,no,exists,86609
Chaetodon kleinii,157540,157540AF.jpg,Chaetodon_kleinii_FishPix_157540.jpg,https://fishpix.kahaku.go.jp/photos/NR0157/157540AF.jpg,Chaetodontidae,no,exists,83641
Heniochus varius,157542,157542AF.jpg,Heniochus_varius_FishPix_157542.jpg,https://fishpix.kahaku.go.jp/photos/NR0157/157542AF.jpg,Chaetodontidae,no,exists,71661
Chaetodon baronessa,157547,157547AF.jpg,Chaetodon_baronessa_FishPix_157547.jpg,https://fishpix.kahaku.go.jp/photos/NR0157/157547AF.jpg,Chaetodontidae,no,exists,98625
Heniochus varius,157585,157585AF.jpg,Heniochus_varius_FishPix_157585.jpg,https://fishpix.kahaku.go.jp/photos/NR0157/157585AF.jpg,Chaetodontidae,no,exists,63251
Chaetodon unimaculatus,157589,157589AF.jpg,Chaetodon_unimaculatus_FishPix_157589.jpg,https://fishpix.kahaku.go.jp/photos/NR0157/157589AF.jpg,Chaetodontidae,no,exists,73397
Chaetodon lunulatus,157594,157594AF.jpg,Chaetodon_lunulatus_FishPix_157594.jpg,https://fishpix.kahaku.go.jp/photos/NR0157/157594AF.jpg,Chaetodontidae,no,exists,92984
Chaetodon lunulatus,157595,157595AF.jpg,Chaetodon_lunulatus_FishPix_157595.jpg,https://fishpix.kahaku.go.jp/photos/NR0157/157595AF.jpg,Chaetodontidae,no,exists,91472
Chaetodon auripes,15763,15763AF.jpg,Chaetodon_auripes_FishPix_15763.jpg,https://fishpix.kahaku.go.jp/photos/NR0015/15763AF.jpg,Chaetodontidae,no,exists,23552
Heniochus singularius,1578,1578AF.jpg,Heniochus_singularius_FishPix_1578.jpg,https://fishpix.kahaku.go.jp/photos/NR0001/1578AF.jpg,Chaetodontidae,no,exists,16384
Heniochus diphreutes,1579,1579AF.jpg,Heniochus_diphreutes_FishPix_1579.jpg,https://fishpix.kahaku.go.jp/photos/NR0001/1579AF.jpg,Chaetodontidae,no,exists,17408
Chaetodon daedalma,157955,157955AF.jpg,Chaetodon_daedalma_FishPix_157955.jpg,https://fishpix.kahaku.go.jp/photos/NR0157/157955AF.jpg,Chaetodontidae,no,exists,280169
Chaetodon trifascialis,157997,157997AF.jpg,Chaetodon_trifascialis_FishPix_157997.jpg,https://fishpix.kahaku.go.jp/photos/NR0157/157997AF.jpg,Chaetodontidae,no,exists,201083
Heniochus diphreutes,1580,1580AF.jpg,Heniochus_diphreutes_FishPix_1580.jpg,https://fishpix.kahaku.go.jp/photos/NR0001/1580AF.jpg,Chaetodontidae,no,exists,22528
Chaetodon mertensii,158001,158001AF.jpg,Chaetodon_mertensii_FishPix_158001.jpg,https://fishpix.kahaku.go.jp/photos/NR0158/158001AF.jpg,Chaetodontidae,no,exists,275897
Chaetodon punctatofasciatus,158002,158002AF.jpg,Chaetodon_punctatofasciatus_FishPix_158002.jpg,https://fishpix.kahaku.go.jp/photos/NR0158/158002AF.jpg,Chaetodontidae,no,exists,327626
Chaetodon daedalma,158035,158035AF.jpg,Chaetodon_daedalma_FishPix_158035.jpg,https://fishpix.kahaku.go.jp/photos/NR0158/158035AF.jpg,Chaetodontidae,no,exists,359680
Chaetodon punctatofasciatus,158057,158057AF.jpg,Chaetodon_punctatofasciatus_FishPix_158057.jpg,https://fishpix.kahaku.go.jp/photos/NR0158/158057AF.jpg,Chaetodontidae,no,exists,217352
Hemitaurichthys polylepis,158068,158068AF.jpg,Hemitaurichthys_polylepis_FishPix_158068.jpg,https://fishpix.kahaku.go.jp/photos/NR0158/158068AF.jpg,Chaetodontidae,no,exists,197226
Coradion altivelis,1581,1581AF.jpg,Coradion_altivelis_FishPix_1581.jpg,https://fishpix.kahaku.go.jp/photos/NR0001/1581AF.jpg,Chaetodontidae,no,exists,24576
Forcipiger flavissimus,158130,158130AF.jpg,Forcipiger_flavissimus_FishPix_158130.jpg,https://fishpix.kahaku.go.jp/photos/NR0158/158130AF.jpg,Chaetodontidae,no,exists,224073
Chaetodon trifascialis,158132,158132AF.jpg,Chaetodon_trifascialis_FishPix_158132.jpg,https://fishpix.kahaku.go.jp/photos/NR0158/158132AF.jpg,Chaetodontidae,no,exists,212857
Chaetodon daedalma,158151,158151AF.jpg,Chaetodon_daedalma_FishPix_158151.jpg,https://fishpix.kahaku.go.jp/photos/NR0158/158151AF.jpg,Chaetodontidae,no,exists,330360
Forcipiger flavissimus,158164,158164AF.jpg,Forcipiger_flavissimus_FishPix_158164.jpg,https://fishpix.kahaku.go.jp/photos/NR0158/158164AF.jpg,Chaetodontidae,no,exists,169229
Chaetodon ornatissimus,158190,158190AF.jpg,Chaetodon_ornatissimus_FishPix_158190.jpg,https://fishpix.kahaku.go.jp/photos/NR0158/158190AF.jpg,Chaetodontidae,no,exists,230429
Chaetodon auripes,158199,158199AF.jpg,Chaetodon_auripes_FishPix_158199.jpg,https://fishpix.kahaku.go.jp/photos/NR0158/158199AF.jpg,Chaetodontidae,no,exists,162082
Chaetodon auriga,1582,1582AF.jpg,Chaetodon_auriga_FishPix_1582.jpg,https://fishpix.kahaku.go.jp/photos/NR0001/1582AF.jpg,Chaetodontidae,no,exists,20480
Chaetodon ornatissimus,158200,158200AF.jpg,Chaetodon_ornatissimus_FishPix_158200.jpg,https://fishpix.kahaku.go.jp/photos/NR0158/158200AF.jpg,Chaetodontidae,no,exists,289050
Chaetodon ornatissimus,158203,158203AF.jpg,Chaetodon_ornatissimus_FishPix_158203.jpg,https://fishpix.kahaku.go.jp/photos/NR0158/158203AF.jpg,Chaetodontidae,no,exists,257782
Chaetodon auripes,158222,158222AF.jpg,Chaetodon_auripes_FishPix_158222.jpg,https://fishpix.kahaku.go.jp/photos/NR0158/158222AF.jpg,Chaetodontidae,no,exists,293234
Heniochus diphreutes,15823,15823AF.jpg,Heniochus_diphreutes_FishPix_15823.jpg,https://fishpix.kahaku.go.jp/photos/NR0015/15823AF.jpg,Chaetodontidae,no,exists,158508
Chaetodon nippon,15824,15824AF.jpg,Chaetodon_nippon_FishPix_15824.jpg,https://fishpix.kahaku.go.jp/photos/NR0015/15824AF.jpg,Chaetodontidae,no,exists,14336
Chaetodon auripes,158263,158263AF.jpg,Chaetodon_auripes_FishPix_158263.jpg,https://fishpix.kahaku.go.jp/photos/NR0158/158263AF.jpg,Chaetodontidae,no,exists,188210
Roa modesta,1583,1583AF.jpg,Roa_modesta_FishPix_1583.jpg,https://fishpix.kahaku.go.jp/photos/NR0001/1583AF.jpg,Chaetodontidae,no,exists,21504
Forcipiger flavissimus,158306,158306AF.jpg,Forcipiger_flavissimus_FishPix_158306.jpg,https://fishpix.kahaku.go.jp/photos/NR0158/158306AF.jpg,Chaetodontidae,no,exists,166821
Chaetodon mertensii,158308,158308AF.jpg,Chaetodon_mertensii_FishPix_158308.jpg,https://fishpix.kahaku.go.jp/photos/NR0158/158308AF.jpg,Chaetodontidae,no,exists,187259
Hemitaurichthys polylepis,158310,158310AF.jpg,Hemitaurichthys_polylepis_FishPix_158310.jpg,https://fishpix.kahaku.go.jp/photos/NR0158/158310AF.jpg,Chaetodontidae,no,exists,154548
Chaetodon mertensii,158332,158332AF.jpg,Chaetodon_mertensii_FishPix_158332.jpg,https://fishpix.kahaku.go.jp/photos/NR0158/158332AF.jpg,Chaetodontidae,no,exists,257300
Chaetodon punctatofasciatus,158334,158334AF.jpg,Chaetodon_punctatofasciatus_FishPix_158334.jpg,https://fishpix.kahaku.go.jp/photos/NR0158/158334AF.jpg,Chaetodontidae,no,exists,213402
Forcipiger flavissimus,158339,158339AF.jpg,Forcipiger_flavissimus_FishPix_158339.jpg,https://fishpix.kahaku.go.jp/photos/NR0158/158339AF.jpg,Chaetodontidae,no,exists,176025
Chaetodon auripes,158369,158369AF.jpg,Chaetodon_auripes_FishPix_158369.jpg,https://fishpix.kahaku.go.jp/photos/NR0158/158369AF.jpg,Chaetodontidae,no,exists,168327
Chaetodon lunula,1584,1584AF.jpg,Chaetodon_lunula_FishPix_1584.jpg,https://fishpix.kahaku.go.jp/photos/NR0001/1584AF.jpg,Chaetodontidae,no,exists,25600
Chaetodon trifascialis,158409,158409AF.jpg,Chaetodon_trifascialis_FishPix_158409.jpg,https://fishpix.kahaku.go.jp/photos/NR0158/158409AF.jpg,Chaetodontidae,no,exists,243786
Chaetodon auriga,158412,158412AF.jpg,Chaetodon_auriga_FishPix_158412.jpg,https://fishpix.kahaku.go.jp/photos/NR0158/158412AF.jpg,Chaetodontidae,no,exists,163980
Chaetodon bennetti,158462,158462AF.jpg,Chaetodon_bennetti_FishPix_158462.jpg,https://fishpix.kahaku.go.jp/photos/NR0158/158462AF.jpg,Chaetodontidae,no,exists,168086
Chaetodon lunulatus,158473,158473AF.jpg,Chaetodon_lunulatus_FishPix_158473.jpg,https://fishpix.kahaku.go.jp/photos/NR0158/158473AF.jpg,Chaetodontidae,no,exists,254406
Chaetodon punctatofasciatus,158498,158498AF.jpg,Chaetodon_punctatofasciatus_FishPix_158498.jpg,https://fishpix.kahaku.go.jp/photos/NR0158/158498AF.jpg,Chaetodontidae,no,exists,188917
Forcipiger flavissimus,158499,158499AF.jpg,Forcipiger_flavissimus_FishPix_158499.jpg,https://fishpix.kahaku.go.jp/photos/NR0158/158499AF.jpg,Chaetodontidae,no,exists,262433
Chaetodon vagabundus,1585,1585AF.jpg,Chaetodon_vagabundus_FishPix_1585.jpg,https://fishpix.kahaku.go.jp/photos/NR0001/1585AF.jpg,Chaetodontidae,no,exists,24576
Heniochus acuminatus,158588,158588AF.jpg,Heniochus_acuminatus_FishPix_158588.jpg,https://fishpix.kahaku.go.jp/photos/NR0158/158588AF.jpg,Chaetodontidae,no,exists,116681
Chaetodon melannotus,1586,1586AF.jpg,Chaetodon_melannotus_FishPix_1586.jpg,https://fishpix.kahaku.go.jp/photos/NR0001/1586AF.jpg,Chaetodontidae,no,exists,46080
Chaetodon ornatissimus,158626,158626AF.jpg,Chaetodon_ornatissimus_FishPix_158626.jpg,https://fishpix.kahaku.go.jp/photos/NR0158/158626AF.jpg,Chaetodontidae,no,exists,256585
Chaetodon ornatissimus,158630,158630AF.jpg,Chaetodon_ornatissimus_FishPix_158630.jpg,https://fishpix.kahaku.go.jp/photos/NR0158/158630AF.jpg,Chaetodontidae,no,exists,233226
Forcipiger flavissimus,158647,158647AF.jpg,Forcipiger_flavissimus_FishPix_158647.jpg,https://fishpix.kahaku.go.jp/photos/NR0158/158647AF.jpg,Chaetodontidae,no,exists,206716
Chaetodon citrinellus,158648,158648AF.jpg,Chaetodon_citrinellus_FishPix_158648.jpg,https://fishpix.kahaku.go.jp/photos/NR0158/158648AF.jpg,Chaetodontidae,no,exists,225424
Chaetodon ephippium,158651,158651AF.jpg,Chaetodon_ephippium_FishPix_158651.jpg,https://fishpix.kahaku.go.jp/photos/NR0158/158651AF.jpg,Chaetodontidae,no,exists,157834
Chaetodon kleinii,158652,158652AF.jpg,Chaetodon_kleinii_FishPix_158652.jpg,https://fishpix.kahaku.go.jp/photos/NR0158/158652AF.jpg,Chaetodontidae,no,exists,171726
Chaetodon auriga,158667,158667AF.jpg,Chaetodon_auriga_FishPix_158667.jpg,https://fishpix.kahaku.go.jp/photos/NR0158/158667AF.jpg,Chaetodontidae,no,exists,98871
Chaetodon citrinellus,158670,158670AF.jpg,Chaetodon_citrinellus_FishPix_158670.jpg,https://fishpix.kahaku.go.jp/photos/NR0158/158670AF.jpg,Chaetodontidae,no,exists,187187
Heniochus chrysostomus,158687,158687AF.jpg,Heniochus_chrysostomus_FishPix_158687.jpg,https://fishpix.kahaku.go.jp/photos/NR0158/158687AF.jpg,Chaetodontidae,no,exists,192436
Forcipiger flavissimus,158691,158691AF.jpg,Forcipiger_flavissimus_FishPix_158691.jpg,https://fishpix.kahaku.go.jp/photos/NR0158/158691AF.jpg,Chaetodontidae,no,exists,160057
Chaetodon auripes,1587,1587AF.jpg,Chaetodon_auripes_FishPix_1587.jpg,https://fishpix.kahaku.go.jp/photos/NR0001/1587AF.jpg,Chaetodontidae,no,exists,37888
Chaetodon lineolatus,158754,158754AF.jpg,Chaetodon_lineolatus_FishPix_158754.jpg,https://fishpix.kahaku.go.jp/photos/NR0158/158754AF.jpg,Chaetodontidae,no,exists,283935
Chaetodon baronessa,158762,158762AF.jpg,Chaetodon_baronessa_FishPix_158762.jpg,https://fishpix.kahaku.go.jp/photos/NR0158/158762AF.jpg,Chaetodontidae,no,exists,205182
Chaetodon melannotus,158764,158764AF.jpg,Chaetodon_melannotus_FishPix_158764.jpg,https://fishpix.kahaku.go.jp/photos/NR0158/158764AF.jpg,Chaetodontidae,no,exists,256750
Chaetodon baronessa,158769,158769AF.jpg,Chaetodon_baronessa_FishPix_158769.jpg,https://fishpix.kahaku.go.jp/photos/NR0158/158769AF.jpg,Chaetodontidae,no,exists,253055
Chaetodon argentatus,158772,158772AF.jpg,Chaetodon_argentatus_FishPix_158772.jpg,https://fishpix.kahaku.go.jp/photos/NR0158/158772AF.jpg,Chaetodontidae,no,exists,164261
Chaetodon kleinii,158774,158774AF.jpg,Chaetodon_kleinii_FishPix_158774.jpg,https://fishpix.kahaku.go.jp/photos/NR0158/158774AF.jpg,Chaetodontidae,no,exists,173542
Chaetodon auriga,158788,158788AF.jpg,Chaetodon_auriga_FishPix_158788.jpg,https://fishpix.kahaku.go.jp/photos/NR0158/158788AF.jpg,Chaetodontidae,no,exists,192916
Chaetodon ephippium,158790,158790AF.jpg,Chaetodon_ephippium_FishPix_158790.jpg,https://fishpix.kahaku.go.jp/photos/NR0158/158790AF.jpg,Chaetodontidae,no,exists,141448
Chaetodon auripes,158799,158799AF.jpg,Chaetodon_auripes_FishPix_158799.jpg,https://fishpix.kahaku.go.jp/photos/NR0158/158799AF.jpg,Chaetodontidae,no,exists,324918
Chaetodon auripes,1588,1588AF.jpg,Chaetodon_auripes_FishPix_1588.jpg,https://fishpix.kahaku.go.jp/photos/NR0001/1588AF.jpg,Chaetodontidae,no,exists,49152
Chaetodon unimaculatus,158885,158885AF.jpg,Chaetodon_unimaculatus_FishPix_158885.jpg,https://fishpix.kahaku.go.jp/photos/NR0158/158885AF.jpg,Chaetodontidae,no,exists,184557
Chaetodon kleinii,1589,1589AF.jpg,Chaetodon_kleinii_FishPix_1589.jpg,https://fishpix.kahaku.go.jp/photos/NR0001/1589AF.jpg,Chaetodontidae,no,exists,26624
Chaetodon bennetti,158904,158904AF.jpg,Chaetodon_bennetti_FishPix_158904.jpg,https://fishpix.kahaku.go.jp/photos/NR0158/158904AF.jpg,Chaetodontidae,no,exists,145282
Chaetodon unimaculatus,158911,158911AF.jpg,Chaetodon_unimaculatus_FishPix_158911.jpg,https://fishpix.kahaku.go.jp/photos/NR0158/158911AF.jpg,Chaetodontidae,no,exists,385018
Chaetodon bennetti,158916,158916AF.jpg,Chaetodon_bennetti_FishPix_158916.jpg,https://fishpix.kahaku.go.jp/photos/NR0158/158916AF.jpg,Chaetodontidae,no,exists,191596
Chaetodon kleinii,158918,158918AF.jpg,Chaetodon_kleinii_FishPix_158918.jpg,https://fishpix.kahaku.go.jp/photos/NR0158/158918AF.jpg,Chaetodontidae,no,exists,113876
Chaetodon mertensii,15894,15894AF.jpg,Chaetodon_mertensii_FishPix_15894.jpg,https://fishpix.kahaku.go.jp/photos/NR0015/15894AF.jpg,Chaetodontidae,no,exists,152054
Chaetodon lunula,158942,158942AF.jpg,Chaetodon_lunula_FishPix_158942.jpg,https://fishpix.kahaku.go.jp/photos/NR0158/158942AF.jpg,Chaetodontidae,no,exists,269358
Chaetodon lunula,158956,158956AF.jpg,Chaetodon_lunula_FishPix_158956.jpg,https://fishpix.kahaku.go.jp/photos/NR0158/158956AF.jpg,Chaetodontidae,no,exists,202124
Chaetodon lunulatus,158957,158957AF.jpg,Chaetodon_lunulatus_FishPix_158957.jpg,https://fishpix.kahaku.go.jp/photos/NR0158/158957AF.jpg,Chaetodontidae,no,exists,244448
Chaetodon punctatofasciatus,158962,158962AF.jpg,Chaetodon_punctatofasciatus_FishPix_158962.jpg,https://fishpix.kahaku.go.jp/photos/NR0158/158962AF.jpg,Chaetodontidae,no,exists,210020
Forcipiger flavissimus,158970,158970AF.jpg,Forcipiger_flavissimus_FishPix_158970.jpg,https://fishpix.kahaku.go.jp/photos/NR0158/158970AF.jpg,Chaetodontidae,no,exists,198656
Chaetodon plebeius,158971,158971AF.jpg,Chaetodon_plebeius_FishPix_158971.jpg,https://fishpix.kahaku.go.jp/photos/NR0158/158971AF.jpg,Chaetodontidae,no,exists,218607
Chaetodon baronessa,158979,158979AF.jpg,Chaetodon_baronessa_FishPix_158979.jpg,https://fishpix.kahaku.go.jp/photos/NR0158/158979AF.jpg,Chaetodontidae,no,exists,325831
Chaetodon baronessa,158980,158980AF.jpg,Chaetodon_baronessa_FishPix_158980.jpg,https://fishpix.kahaku.go.jp/photos/NR0158/158980AF.jpg,Chaetodontidae,no,exists,219633
Chaetodon nippon,1590,1590AF.jpg,Chaetodon_nippon_FishPix_1590.jpg,https://fishpix.kahaku.go.jp/photos/NR0001/1590AF.jpg,Chaetodontidae,yes,exists,19456
Chaetodon nippon,1591,1591AF.jpg,Chaetodon_nippon_FishPix_1591.jpg,https://fishpix.kahaku.go.jp/photos/NR0001/1591AF.jpg,Chaetodontidae,no,exists,26624
Chaetodon selene,15918,15918AF.jpg,Chaetodon_selene_FishPix_15918.jpg,https://fishpix.kahaku.go.jp/photos/NR0015/15918AF.jpg,Chaetodontidae,no,exists,109407
Heniochus acuminatus,159375,159375AF.jpg,Heniochus_acuminatus_FishPix_159375.jpg,https://fishpix.kahaku.go.jp/photos/NR0159/159375AF.jpg,Chaetodontidae,no,exists,46221
Chaetodon reticulatus,159377,159377AF.jpg,Chaetodon_reticulatus_FishPix_159377.jpg,https://fishpix.kahaku.go.jp/photos/NR0159/159377AF.jpg,Chaetodontidae,no,exists,93213
Unknown,159386,159386AF.jpg,Unknown_FishPix_159386.jpg,https://fishpix.kahaku.go.jp/photos/NR0159/159386AF.jpg,Chaetodontidae,no,exists,43613
Chaetodon guentheri,159420,159420AF.jpg,Chaetodon_guentheri_FishPix_159420.jpg,https://fishpix.kahaku.go.jp/photos/NR0159/159420AF.jpg,Chaetodontidae,no,exists,75492
Chelmon rostratus,159433,159433AF.jpg,Chelmon_rostratus_FishPix_159433.jpg,https://fishpix.kahaku.go.jp/photos/NR0159/159433AF.jpg,Chaetodontidae,no,exists,72790
Coradion altivelis,159435,159435AF.jpg,Coradion_altivelis_FishPix_159435.jpg,https://fishpix.kahaku.go.jp/photos/NR0159/159435AF.jpg,Chaetodontidae,no,exists,88012
Coradion chrysozonus,159449,159449AF.jpg,Coradion_chrysozonus_FishPix_159449.jpg,https://fishpix.kahaku.go.jp/photos/NR0159/159449AF.jpg,Chaetodontidae,no,exists,108782
Chaetodon octofasciatus,159450,159450AF.jpg,Chaetodon_octofasciatus_FishPix_159450.jpg,https://fishpix.kahaku.go.jp/photos/NR0159/159450AF.jpg,Chaetodontidae,no,exists,116047
Chaetodon trichrous,159464,159464AF.jpg,Chaetodon_trichrous_FishPix_159464.jpg,https://fishpix.kahaku.go.jp/photos/NR0159/159464AF.jpg,Chaetodontidae,no,exists,104411
Chaetodon trifascialis,159504,159504AF.jpg,Chaetodon_trifascialis_FishPix_159504.jpg,https://fishpix.kahaku.go.jp/photos/NR0159/159504AF.jpg,Chaetodontidae,no,exists,231683
Chaetodon daedalma,159521,159521AF.jpg,Chaetodon_daedalma_FishPix_159521.jpg,https://fishpix.kahaku.go.jp/photos/NR0159/159521AF.jpg,Chaetodontidae,no,exists,313731
Chaetodon citrinellus,159540,159540AF.jpg,Chaetodon_citrinellus_FishPix_159540.jpg,https://fishpix.kahaku.go.jp/photos/NR0159/159540AF.jpg,Chaetodontidae,no,exists,185584
Chaetodon lunulatus,159542,159542AF.jpg,Chaetodon_lunulatus_FishPix_159542.jpg,https://fishpix.kahaku.go.jp/photos/NR0159/159542AF.jpg,Chaetodontidae,no,exists,159241
Chaetodon daedalma,159570,159570AF.jpg,Chaetodon_daedalma_FishPix_159570.jpg,https://fishpix.kahaku.go.jp/photos/NR0159/159570AF.jpg,Chaetodontidae,no,exists,157924
Chaetodon lunula,159584,159584AF.jpg,Chaetodon_lunula_FishPix_159584.jpg,https://fishpix.kahaku.go.jp/photos/NR0159/159584AF.jpg,Chaetodontidae,no,exists,128520
Heniochus monoceros,159596,159596AF.jpg,Heniochus_monoceros_FishPix_159596.jpg,https://fishpix.kahaku.go.jp/photos/NR0159/159596AF.jpg,Chaetodontidae,no,exists,141882
Heniochus acuminatus,159597,159597AF.jpg,Heniochus_acuminatus_FishPix_159597.jpg,https://fishpix.kahaku.go.jp/photos/NR0159/159597AF.jpg,Chaetodontidae,no,exists,332800
Heniochus monoceros,159616,159616AF.jpg,Heniochus_monoceros_FishPix_159616.jpg,https://fishpix.kahaku.go.jp/photos/NR0159/159616AF.jpg,Chaetodontidae,no,exists,124958
Chaetodon auriga,159633,159633AF.jpg,Chaetodon_auriga_FishPix_159633.jpg,https://fishpix.kahaku.go.jp/photos/NR0159/159633AF.jpg,Chaetodontidae,no,exists,121442
Chaetodon auriga,159673,159673AF.jpg,Chaetodon_auriga_FishPix_159673.jpg,https://fishpix.kahaku.go.jp/photos/NR0159/159673AF.jpg,Chaetodontidae,no,exists,163068
Chaetodon daedalma,159676,159676AF.jpg,Chaetodon_daedalma_FishPix_159676.jpg,https://fishpix.kahaku.go.jp/photos/NR0159/159676AF.jpg,Chaetodontidae,no,exists,331384
Chaetodon daedalma,159680,159680AF.jpg,Chaetodon_daedalma_FishPix_159680.jpg,https://fishpix.kahaku.go.jp/photos/NR0159/159680AF.jpg,Chaetodontidae,no,exists,219840
Chaetodon daedalma,159701,159701AF.jpg,Chaetodon_daedalma_FishPix_159701.jpg,https://fishpix.kahaku.go.jp/photos/NR0159/159701AF.jpg,Chaetodontidae,no,exists,170766
Chaetodon argentatus,159702,159702AF.jpg,Chaetodon_argentatus_FishPix_159702.jpg,https://fishpix.kahaku.go.jp/photos/NR0159/159702AF.jpg,Chaetodontidae,no,exists,126857
Forcipiger flavissimus,159710,159710AF.jpg,Forcipiger_flavissimus_FishPix_159710.jpg,https://fishpix.kahaku.go.jp/photos/NR0159/159710AF.jpg,Chaetodontidae,no,exists,138981
Chaetodon trifascialis,159729,159729AF.jpg,Chaetodon_trifascialis_FishPix_159729.jpg,https://fishpix.kahaku.go.jp/photos/NR0159/159729AF.jpg,Chaetodontidae,no,exists,160718
Chaetodon daedalma,159732,159732AF.jpg,Chaetodon_daedalma_FishPix_159732.jpg,https://fishpix.kahaku.go.jp/photos/NR0159/159732AF.jpg,Chaetodontidae,no,exists,134327
Chaetodon daedalma,159771,159771AF.jpg,Chaetodon_daedalma_FishPix_159771.jpg,https://fishpix.kahaku.go.jp/photos/NR0159/159771AF.jpg,Chaetodontidae,no,exists,207998
Chaetodon daedalma,159796,159796AF.jpg,Chaetodon_daedalma_FishPix_159796.jpg,https://fishpix.kahaku.go.jp/photos/NR0159/159796AF.jpg,Chaetodontidae,no,exists,285097
Chaetodon auriga,159827,159827AF.jpg,Chaetodon_auriga_FishPix_159827.jpg,https://fishpix.kahaku.go.jp/photos/NR0159/159827AF.jpg,Chaetodontidae,no,exists,112116
Chaetodon punctatofasciatus,159844,159844AF.jpg,Chaetodon_punctatofasciatus_FishPix_159844.jpg,https://fishpix.kahaku.go.jp/photos/NR0159/159844AF.jpg,Chaetodontidae,no,exists,136178
Chaetodon daedalma,159884,159884AF.jpg,Chaetodon_daedalma_FishPix_159884.jpg,https://fishpix.kahaku.go.jp/photos/NR0159/159884AF.jpg,Chaetodontidae,no,exists,223921
Chaetodon meyeri,15990,15990AF.jpg,Chaetodon_meyeri_FishPix_15990.jpg,https://fishpix.kahaku.go.jp/photos/NR0015/15990AF.jpg,Chaetodontidae,yes,exists,143119
Heniochus varius,15993,15993AF.jpg,Heniochus_varius_FishPix_15993.jpg,https://fishpix.kahaku.go.jp/photos/NR0015/15993AF.jpg,Chaetodontidae,yes,exists,123122
Chaetodon daedalma,159943,159943AF.jpg,Chaetodon_daedalma_FishPix_159943.jpg,https://fishpix.kahaku.go.jp/photos/NR0159/159943AF.jpg,Chaetodontidae,no,exists,197143
Chaetodon lunulatus,160022,160022AF.jpg,Chaetodon_lunulatus_FishPix_160022.jpg,https://fishpix.kahaku.go.jp/photos/NR0160/160022AF.jpg,Chaetodontidae,no,exists,128853
Chaetodon bennetti,160029,160029AF.jpg,Chaetodon_bennetti_FishPix_160029.jpg,https://fishpix.kahaku.go.jp/photos/NR0160/160029AF.jpg,Chaetodontidae,no,exists,104194
Chaetodon lunulatus,160030,160030AF.jpg,Chaetodon_lunulatus_FishPix_160030.jpg,https://fishpix.kahaku.go.jp/photos/NR0160/160030AF.jpg,Chaetodontidae,no,exists,133520
Chaetodon bennetti,160032,160032AF.jpg,Chaetodon_bennetti_FishPix_160032.jpg,https://fishpix.kahaku.go.jp/photos/NR0160/160032AF.jpg,Chaetodontidae,no,exists,140274
Chaetodon daedalma,160038,160038AF.jpg,Chaetodon_daedalma_FishPix_160038.jpg,https://fishpix.kahaku.go.jp/photos/NR0160/160038AF.jpg,Chaetodontidae,no,exists,150110
Chaetodon plebeius,160040,160040AF.jpg,Chaetodon_plebeius_FishPix_160040.jpg,https://fishpix.kahaku.go.jp/photos/NR0160/160040AF.jpg,Chaetodontidae,no,exists,135843
Chaetodon bennetti,160047,160047AF.jpg,Chaetodon_bennetti_FishPix_160047.jpg,https://fishpix.kahaku.go.jp/photos/NR0160/160047AF.jpg,Chaetodontidae,no,exists,113117
Chaetodon lunulatus,160050,160050AF.jpg,Chaetodon_lunulatus_FishPix_160050.jpg,https://fishpix.kahaku.go.jp/photos/NR0160/160050AF.jpg,Chaetodontidae,no,exists,178756
Chaetodon ephippium,160051,160051AF.jpg,Chaetodon_ephippium_FishPix_160051.jpg,https://fishpix.kahaku.go.jp/photos/NR0160/160051AF.jpg,Chaetodontidae,no,exists,130669
Chaetodon lunulatus,160083,160083AF.jpg,Chaetodon_lunulatus_FishPix_160083.jpg,https://fishpix.kahaku.go.jp/photos/NR0160/160083AF.jpg,Chaetodontidae,no,exists,130433
Heniochus monoceros,160085,160085AF.jpg,Heniochus_monoceros_FishPix_160085.jpg,https://fishpix.kahaku.go.jp/photos/NR0160/160085AF.jpg,Chaetodontidae,no,exists,198063
Chaetodon ephippium,160087,160087AF.jpg,Chaetodon_ephippium_FishPix_160087.jpg,https://fishpix.kahaku.go.jp/photos/NR0160/160087AF.jpg,Chaetodontidae,no,exists,157587
Chaetodon trifascialis,160088,160088AF.jpg,Chaetodon_trifascialis_FishPix_160088.jpg,https://fishpix.kahaku.go.jp/photos/NR0160/160088AF.jpg,Chaetodontidae,no,exists,98541
Chaetodon reticulatus,160093,160093AF.jpg,Chaetodon_reticulatus_FishPix_160093.jpg,https://fishpix.kahaku.go.jp/photos/NR0160/160093AF.jpg,Chaetodontidae,no,exists,181587
Chaetodon lunulatus,160105,160105AF.jpg,Chaetodon_lunulatus_FishPix_160105.jpg,https://fishpix.kahaku.go.jp/photos/NR0160/160105AF.jpg,Chaetodontidae,no,exists,119186
Chaetodon plebeius,160107,160107AF.jpg,Chaetodon_plebeius_FishPix_160107.jpg,https://fishpix.kahaku.go.jp/photos/NR0160/160107AF.jpg,Chaetodontidae,no,exists,129055
Chaetodon bennetti,160108,160108AF.jpg,Chaetodon_bennetti_FishPix_160108.jpg,https://fishpix.kahaku.go.jp/photos/NR0160/160108AF.jpg,Chaetodontidae,no,exists,105275
Chaetodon guentheri,16011,16011AF.jpg,Chaetodon_guentheri_FishPix_16011.jpg,https://fishpix.kahaku.go.jp/photos/NR0016/16011AF.jpg,Chaetodontidae,yes,exists,95779
Chaetodon bennetti,160116,160116AF.jpg,Chaetodon_bennetti_FishPix_160116.jpg,https://fishpix.kahaku.go.jp/photos/NR0160/160116AF.jpg,Chaetodontidae,no,exists,117800
Chaetodon punctatofasciatus,160117,160117AF.jpg,Chaetodon_punctatofasciatus_FishPix_160117.jpg,https://fishpix.kahaku.go.jp/photos/NR0160/160117AF.jpg,Chaetodontidae,no,exists,143178
Chaetodon lunulatus,160118,160118AF.jpg,Chaetodon_lunulatus_FishPix_160118.jpg,https://fishpix.kahaku.go.jp/photos/NR0160/160118AF.jpg,Chaetodontidae,no,exists,132983
Chaetodon auriga,160119,160119AF.jpg,Chaetodon_auriga_FishPix_160119.jpg,https://fishpix.kahaku.go.jp/photos/NR0160/160119AF.jpg,Chaetodontidae,no,exists,127242
Chaetodon ornatissimus,160120,160120AF.jpg,Chaetodon_ornatissimus_FishPix_160120.jpg,https://fishpix.kahaku.go.jp/photos/NR0160/160120AF.jpg,Chaetodontidae,no,exists,128334
Chaetodon trifascialis,160121,160121AF.jpg,Chaetodon_trifascialis_FishPix_160121.jpg,https://fishpix.kahaku.go.jp/photos/NR0160/160121AF.jpg,Chaetodontidae,no,exists,147147
Chaetodon daedalma,160122,160122AF.jpg,Chaetodon_daedalma_FishPix_160122.jpg,https://fishpix.kahaku.go.jp/photos/NR0160/160122AF.jpg,Chaetodontidae,no,exists,170147
Chaetodon bennetti,160125,160125AF.jpg,Chaetodon_bennetti_FishPix_160125.jpg,https://fishpix.kahaku.go.jp/photos/NR0160/160125AF.jpg,Chaetodontidae,no,exists,107916
Chaetodon auripes,160132,160132AF.jpg,Chaetodon_auripes_FishPix_160132.jpg,https://fishpix.kahaku.go.jp/photos/NR0160/160132AF.jpg,Chaetodontidae,no,exists,172329
Chaetodon reticulatus,160159,160159AF.jpg,Chaetodon_reticulatus_FishPix_160159.jpg,https://fishpix.kahaku.go.jp/photos/NR0160/160159AF.jpg,Chaetodontidae,no,exists,175728
Chaetodon daedalma,160165,160165AF.jpg,Chaetodon_daedalma_FishPix_160165.jpg,https://fishpix.kahaku.go.jp/photos/NR0160/160165AF.jpg,Chaetodontidae,no,exists,306789
Chaetodon daedalma,160171,160171AF.jpg,Chaetodon_daedalma_FishPix_160171.jpg,https://fishpix.kahaku.go.jp/photos/NR0160/160171AF.jpg,Chaetodontidae,no,exists,263826
Chaetodon nippon,160254,160254AF.jpg,Chaetodon_nippon_FishPix_160254.jpg,https://fishpix.kahaku.go.jp/photos/NR0160/160254AF.jpg,Chaetodontidae,no,exists,44929
Chaetodon unimaculatus,160451,160451AF.jpg,Chaetodon_unimaculatus_FishPix_160451.jpg,https://fishpix.kahaku.go.jp/photos/NR0160/160451AF.jpg,Chaetodontidae,no,exists,203560
Chaetodon kleinii,160545,160545AF.jpg,Chaetodon_kleinii_FishPix_160545.jpg,https://fishpix.kahaku.go.jp/photos/NR0160/160545AF.jpg,Chaetodontidae,no,exists,163123
Heniochus diphreutes,160994,160994AF.jpg,Heniochus_diphreutes_FishPix_160994.jpg,https://fishpix.kahaku.go.jp/photos/NR0160/160994AF.jpg,Chaetodontidae,no,exists,81733
Chaetodon daedalma,161046,161046AF.jpg,Chaetodon_daedalma_FishPix_161046.jpg,https://fishpix.kahaku.go.jp/photos/NR0161/161046AF.jpg,Chaetodontidae,no,exists,107605
Chaetodon selene,161154,161154AF.jpg,Chaetodon_selene_FishPix_161154.jpg,https://fishpix.kahaku.go.jp/photos/NR0161/161154AF.jpg,Chaetodontidae,no,exists,60933
Heniochus varius,161245,161245AF.jpg,Heniochus_varius_FishPix_161245.jpg,https://fishpix.kahaku.go.jp/photos/NR0161/161245AF.jpg,Chaetodontidae,no,exists,70985
Heniochus acuminatus,161260,161260AF.jpg,Heniochus_acuminatus_FishPix_161260.jpg,https://fishpix.kahaku.go.jp/photos/NR0161/161260AF.jpg,Chaetodontidae,no,exists,54650
Chaetodon kleinii,161261,161261AF.jpg,Chaetodon_kleinii_FishPix_161261.jpg,https://fishpix.kahaku.go.jp/photos/NR0161/161261AF.jpg,Chaetodontidae,no,exists,53386
Heniochus acuminatus,161312,161312AF.jpg,Heniochus_acuminatus_FishPix_161312.jpg,https://fishpix.kahaku.go.jp/photos/NR0161/161312AF.jpg,Chaetodontidae,no,exists,96043
Chaetodon auriga,161313,161313AF.jpg,Chaetodon_auriga_FishPix_161313.jpg,https://fishpix.kahaku.go.jp/photos/NR0161/161313AF.jpg,Chaetodontidae,no,exists,87721
Chaetodon auriga,161344,161344AF.jpg,Chaetodon_auriga_FishPix_161344.jpg,https://fishpix.kahaku.go.jp/photos/NR0161/161344AF.jpg,Chaetodontidae,no,exists,64773
Heniochus acuminatus,161345,161345AF.jpg,Heniochus_acuminatus_FishPix_161345.jpg,https://fishpix.kahaku.go.jp/photos/NR0161/161345AF.jpg,Chaetodontidae,no,exists,60212
Chaetodon auriga,16138,16138AF.jpg,Chaetodon_auriga_FishPix_16138.jpg,https://fishpix.kahaku.go.jp/photos/NR0016/16138AF.jpg,Chaetodontidae,no,exists,162050
Chaetodon rafflesii,16139,16139AF.jpg,Chaetodon_rafflesii_FishPix_16139.jpg,https://fishpix.kahaku.go.jp/photos/NR0016/16139AF.jpg,Chaetodontidae,no,exists,242871
Chaetodon melannotus,16140,16140AF.jpg,Chaetodon_melannotus_FishPix_16140.jpg,https://fishpix.kahaku.go.jp/photos/NR0016/16140AF.jpg,Chaetodontidae,no,exists,157529
Chaetodon lunulatus,16141,16141AF.jpg,Chaetodon_lunulatus_FishPix_16141.jpg,https://fishpix.kahaku.go.jp/photos/NR0016/16141AF.jpg,Chaetodontidae,no,exists,168218
Roa modesta,161414,161414AF.jpg,Roa_modesta_FishPix_161414.jpg,https://fishpix.kahaku.go.jp/photos/NR0161/161414AF.jpg,Chaetodontidae,no,exists,60521
Heniochus acuminatus,161416,161416AF.jpg,Heniochus_acuminatus_FishPix_161416.jpg,https://fishpix.kahaku.go.jp/photos/NR0161/161416AF.jpg,Chaetodontidae,no,exists,38511
Chaetodon speculum,16142,16142AF.jpg,Chaetodon_speculum_FishPix_16142.jpg,https://fishpix.kahaku.go.jp/photos/NR0016/16142AF.jpg,Chaetodontidae,no,exists,142737
Chaetodon auriga,161422,161422AF.jpg,Chaetodon_auriga_FishPix_161422.jpg,https://fishpix.kahaku.go.jp/photos/NR0161/161422AF.jpg,Chaetodontidae,no,exists,84392
Chaetodon kleinii,161426,161426AF.jpg,Chaetodon_kleinii_FishPix_161426.jpg,https://fishpix.kahaku.go.jp/photos/NR0161/161426AF.jpg,Chaetodontidae,no,exists,56485
Chaetodon selene,161427,161427AF.jpg,Chaetodon_selene_FishPix_161427.jpg,https://fishpix.kahaku.go.jp/photos/NR0161/161427AF.jpg,Chaetodontidae,no,exists,50310
Chaetodon trifascialis,16143,16143AF.jpg,Chaetodon_trifascialis_FishPix_16143.jpg,https://fishpix.kahaku.go.jp/photos/NR0016/16143AF.jpg,Chaetodontidae,no,exists,155662
Heniochus diphreutes,161436,161436AF.jpg,Heniochus_diphreutes_FishPix_161436.jpg,https://fishpix.kahaku.go.jp/photos/NR0161/161436AF.jpg,Chaetodontidae,no,exists,52067
Chaetodon unimaculatus,16144,16144AF.jpg,Chaetodon_unimaculatus_FishPix_16144.jpg,https://fishpix.kahaku.go.jp/photos/NR0016/16144AF.jpg,Chaetodontidae,no,exists,150588
Chaetodon kleinii,16145,16145AF.jpg,Chaetodon_kleinii_FishPix_16145.jpg,https://fishpix.kahaku.go.jp/photos/NR0016/16145AF.jpg,Chaetodontidae,no,exists,132638
Chaetodon auriga,161479,161479AF.jpg,Chaetodon_auriga_FishPix_161479.jpg,https://fishpix.kahaku.go.jp/photos/NR0161/161479AF.jpg,Chaetodontidae,no,exists,66332
Chaetodon baronessa,161526,161526AF.jpg,Chaetodon_baronessa_FishPix_161526.jpg,https://fishpix.kahaku.go.jp/photos/NR0161/161526AF.jpg,Chaetodontidae,no,exists,228770
Chaetodon melannotus,161543,161543AF.jpg,Chaetodon_melannotus_FishPix_161543.jpg,https://fishpix.kahaku.go.jp/photos/NR0161/161543AF.jpg,Chaetodontidae,no,exists,183018
Chaetodon plebeius,161553,161553AF.jpg,Chaetodon_plebeius_FishPix_161553.jpg,https://fishpix.kahaku.go.jp/photos/NR0161/161553AF.jpg,Chaetodontidae,no,exists,192741
Chaetodon punctatofasciatus,161562,161562AF.jpg,Chaetodon_punctatofasciatus_FishPix_161562.jpg,https://fishpix.kahaku.go.jp/photos/NR0161/161562AF.jpg,Chaetodontidae,no,exists,191457
Forcipiger flavissimus,161576,161576AF.jpg,Forcipiger_flavissimus_FishPix_161576.jpg,https://fishpix.kahaku.go.jp/photos/NR0161/161576AF.jpg,Chaetodontidae,no,exists,270531
Chaetodon vagabundus,161577,161577AF.jpg,Chaetodon_vagabundus_FishPix_161577.jpg,https://fishpix.kahaku.go.jp/photos/NR0161/161577AF.jpg,Chaetodontidae,no,exists,276025
Chaetodon auriga,161673,161673AF.jpg,Chaetodon_auriga_FishPix_161673.jpg,https://fishpix.kahaku.go.jp/photos/NR0161/161673AF.jpg,Chaetodontidae,no,exists,222981
Chaetodon unimaculatus,161675,161675AF.jpg,Chaetodon_unimaculatus_FishPix_161675.jpg,https://fishpix.kahaku.go.jp/photos/NR0161/161675AF.jpg,Chaetodontidae,no,exists,173010
Chaetodon auriga,161683,161683AF.jpg,Chaetodon_auriga_FishPix_161683.jpg,https://fishpix.kahaku.go.jp/photos/NR0161/161683AF.jpg,Chaetodontidae,no,exists,224401
Heniochus varius,161735,161735AF.jpg,Heniochus_varius_FishPix_161735.jpg,https://fishpix.kahaku.go.jp/photos/NR0161/161735AF.jpg,Chaetodontidae,no,exists,148706
Heniochus chrysostomus,161736,161736AF.jpg,Heniochus_chrysostomus_FishPix_161736.jpg,https://fishpix.kahaku.go.jp/photos/NR0161/161736AF.jpg,Chaetodontidae,no,exists,132768
Heniochus monoceros,161738,161738AF.jpg,Heniochus_monoceros_FishPix_161738.jpg,https://fishpix.kahaku.go.jp/photos/NR0161/161738AF.jpg,Chaetodontidae,no,exists,185024
Chaetodon punctatofasciatus,161765,161765AF.jpg,Chaetodon_punctatofasciatus_FishPix_161765.jpg,https://fishpix.kahaku.go.jp/photos/NR0161/161765AF.jpg,Chaetodontidae,no,exists,172095
Chaetodon lunula,161790,161790AF.jpg,Chaetodon_lunula_FishPix_161790.jpg,https://fishpix.kahaku.go.jp/photos/NR0161/161790AF.jpg,Chaetodontidae,no,exists,167879
Chaetodon baronessa,161818,161818AF.jpg,Chaetodon_baronessa_FishPix_161818.jpg,https://fishpix.kahaku.go.jp/photos/NR0161/161818AF.jpg,Chaetodontidae,no,exists,251268
Chaetodon lunulatus,161828,161828AF.jpg,Chaetodon_lunulatus_FishPix_161828.jpg,https://fishpix.kahaku.go.jp/photos/NR0161/161828AF.jpg,Chaetodontidae,no,exists,178005
Chaetodon unimaculatus,161877,161877AF.jpg,Chaetodon_unimaculatus_FishPix_161877.jpg,https://fishpix.kahaku.go.jp/photos/NR0161/161877AF.jpg,Chaetodontidae,no,exists,129459
Chaetodon plebeius,161880,161880AF.jpg,Chaetodon_plebeius_FishPix_161880.jpg,https://fishpix.kahaku.go.jp/photos/NR0161/161880AF.jpg,Chaetodontidae,no,exists,150094
Chaetodon argentatus,161926,161926AF.jpg,Chaetodon_argentatus_FishPix_161926.jpg,https://fishpix.kahaku.go.jp/photos/NR0161/161926AF.jpg,Chaetodontidae,no,exists,182970
Chaetodon speculum,161964,161964AF.jpg,Chaetodon_speculum_FishPix_161964.jpg,https://fishpix.kahaku.go.jp/photos/NR0161/161964AF.jpg,Chaetodontidae,no,exists,121557
Chaetodon vagabundus,161966,161966AF.jpg,Chaetodon_vagabundus_FishPix_161966.jpg,https://fishpix.kahaku.go.jp/photos/NR0161/161966AF.jpg,Chaetodontidae,no,exists,223399
Chaetodon lunulatus,162033,162033AF.jpg,Chaetodon_lunulatus_FishPix_162033.jpg,https://fishpix.kahaku.go.jp/photos/NR0162/162033AF.jpg,Chaetodontidae,no,exists,226210
Chaetodon lunulatus,162037,162037AF.jpg,Chaetodon_lunulatus_FishPix_162037.jpg,https://fishpix.kahaku.go.jp/photos/NR0162/162037AF.jpg,Chaetodontidae,no,exists,184926
Chaetodon bennetti,162057,162057AF.jpg,Chaetodon_bennetti_FishPix_162057.jpg,https://fishpix.kahaku.go.jp/photos/NR0162/162057AF.jpg,Chaetodontidae,no,exists,116874
Chaetodon ulietensis,162061,162061AF.jpg,Chaetodon_ulietensis_FishPix_162061.jpg,https://fishpix.kahaku.go.jp/photos/NR0162/162061AF.jpg,Chaetodontidae,no,exists,98225
Chaetodon trifascialis,162119,162119AF.jpg,Chaetodon_trifascialis_FishPix_162119.jpg,https://fishpix.kahaku.go.jp/photos/NR0162/162119AF.jpg,Chaetodontidae,no,exists,179791
Chaetodon nippon,16218,16218AF.jpg,Chaetodon_nippon_FishPix_16218.jpg,https://fishpix.kahaku.go.jp/photos/NR0016/16218AF.jpg,Chaetodontidae,no,exists,206316
Heniochus acuminatus,162367,162367AF.jpg,Heniochus_acuminatus_FishPix_162367.jpg,https://fishpix.kahaku.go.jp/photos/NR0162/162367AF.jpg,Chaetodontidae,no,exists,58389
Heniochus acuminatus,162368,162368AF.jpg,Heniochus_acuminatus_FishPix_162368.jpg,https://fishpix.kahaku.go.jp/photos/NR0162/162368AF.jpg,Chaetodontidae,no,exists,57632
Forcipiger flavissimus,16240,16240AF.jpg,Forcipiger_flavissimus_FishPix_16240.jpg,https://fishpix.kahaku.go.jp/photos/NR0016/16240AF.jpg,Chaetodontidae,no,exists,209967
Unknown,162451,162451AF.jpg,Unknown_FishPix_162451.jpg,https://fishpix.kahaku.go.jp/photos/NR0162/162451AF.jpg,Chaetodontidae,no,exists,79273
Unknown,162455,162455AF.jpg,Unknown_FishPix_162455.jpg,https://fishpix.kahaku.go.jp/photos/NR0162/162455AF.jpg,Chaetodontidae,no,exists,63396
Chaetodon lunula,162554,162554AF.jpg,Chaetodon_lunula_FishPix_162554.jpg,https://fishpix.kahaku.go.jp/photos/NR0162/162554AF.jpg,Chaetodontidae,no,exists,72195
Chaetodon lunula,162555,162555AF.jpg,Chaetodon_lunula_FishPix_162555.jpg,https://fishpix.kahaku.go.jp/photos/NR0162/162555AF.jpg,Chaetodontidae,no,exists,53482
Chaetodon nippon,162687,162687AF.jpg,Chaetodon_nippon_FishPix_162687.jpg,https://fishpix.kahaku.go.jp/photos/NR0162/162687AF.jpg,Chaetodontidae,no,exists,49459
Chaetodon argentatus,16273,16273AF.jpg,Chaetodon_argentatus_FishPix_16273.jpg,https://fishpix.kahaku.go.jp/photos/NR0016/16273AF.jpg,Chaetodontidae,no,exists,153241
Chaetodon auripes,162739,162739AF.jpg,Chaetodon_auripes_FishPix_162739.jpg,https://fishpix.kahaku.go.jp/photos/NR0162/162739AF.jpg,Chaetodontidae,no,exists,72280
Chaetodon auriga,162753,162753AF.jpg,Chaetodon_auriga_FishPix_162753.jpg,https://fishpix.kahaku.go.jp/photos/NR0162/162753AF.jpg,Chaetodontidae,no,exists,59452
Chaetodon vagabundus,162756,162756AF.jpg,Chaetodon_vagabundus_FishPix_162756.jpg,https://fishpix.kahaku.go.jp/photos/NR0162/162756AF.jpg,Chaetodontidae,no,exists,55851
Chaetodon auriga,162776,162776AF.jpg,Chaetodon_auriga_FishPix_162776.jpg,https://fishpix.kahaku.go.jp/photos/NR0162/162776AF.jpg,Chaetodontidae,no,exists,38015
Chaetodon vagabundus,162783,162783AF.jpg,Chaetodon_vagabundus_FishPix_162783.jpg,https://fishpix.kahaku.go.jp/photos/NR0162/162783AF.jpg,Chaetodontidae,no,exists,52203
Chaetodon xanthurus,16279,16279AF.jpg,Chaetodon_xanthurus_FishPix_16279.jpg,https://fishpix.kahaku.go.jp/photos/NR0016/16279AF.jpg,Chaetodontidae,no,exists,210372
Chaetodon auriga,162791,162791AF.jpg,Chaetodon_auriga_FishPix_162791.jpg,https://fishpix.kahaku.go.jp/photos/NR0162/162791AF.jpg,Chaetodontidae,no,exists,57048
Coradion altivelis,16281,16281AF.jpg,Coradion_altivelis_FishPix_16281.jpg,https://fishpix.kahaku.go.jp/photos/NR0016/16281AF.jpg,Chaetodontidae,no,exists,298280
Chaetodon auriga,162815,162815AF.jpg,Chaetodon_auriga_FishPix_162815.jpg,https://fishpix.kahaku.go.jp/photos/NR0162/162815AF.jpg,Chaetodontidae,no,exists,43865
Chaetodon auripes,162816,162816AF.jpg,Chaetodon_auripes_FishPix_162816.jpg,https://fishpix.kahaku.go.jp/photos/NR0162/162816AF.jpg,Chaetodontidae,no,exists,61462
Chaetodon ornatissimus,16284,16284AF.jpg,Chaetodon_ornatissimus_FishPix_16284.jpg,https://fishpix.kahaku.go.jp/photos/NR0016/16284AF.jpg,Chaetodontidae,no,exists,240855
Chaetodon nippon,162861,162861AF.jpg,Chaetodon_nippon_FishPix_162861.jpg,https://fishpix.kahaku.go.jp/photos/NR0162/162861AF.jpg,Chaetodontidae,no,exists,119595
Chaetodon nippon,162862,162862AF.jpg,Chaetodon_nippon_FishPix_162862.jpg,https://fishpix.kahaku.go.jp/photos/NR0162/162862AF.jpg,Chaetodontidae,no,exists,91876
Chaetodon lunula,16287,16287AF.jpg,Chaetodon_lunula_FishPix_16287.jpg,https://fishpix.kahaku.go.jp/photos/NR0016/16287AF.jpg,Chaetodontidae,no,exists,233576
Heniochus diphreutes,162883,162883AF.jpg,Heniochus_diphreutes_FishPix_162883.jpg,https://fishpix.kahaku.go.jp/photos/NR0162/162883AF.jpg,Chaetodontidae,no,exists,53518
Forcipiger longirostris,16294,16294AF.jpg,Forcipiger_longirostris_FishPix_16294.jpg,https://fishpix.kahaku.go.jp/photos/NR0016/16294AF.jpg,Chaetodontidae,no,exists,214229
Chaetodon nippon,162946,162946AF.jpg,Chaetodon_nippon_FishPix_162946.jpg,https://fishpix.kahaku.go.jp/photos/NR0162/162946AF.jpg,Chaetodontidae,no,exists,58645
Chaetodon multicinctus,16295,16295AF.jpg,Chaetodon_multicinctus_FishPix_16295.jpg,https://fishpix.kahaku.go.jp/photos/NR0016/16295AF.jpg,Chaetodontidae,no,exists,214229
Chaetodon nippon,163024,163024AF.jpg,Chaetodon_nippon_FishPix_163024.jpg,https://fishpix.kahaku.go.jp/photos/NR0163/163024AF.jpg,Chaetodontidae,no,exists,73039
Chaetodon auripes,163108,163108AF.jpg,Chaetodon_auripes_FishPix_163108.jpg,https://fishpix.kahaku.go.jp/photos/NR0163/163108AF.jpg,Chaetodontidae,no,exists,107284
Heniochus chrysostomus,163111,163111AF.jpg,Heniochus_chrysostomus_FishPix_163111.jpg,https://fishpix.kahaku.go.jp/photos/NR0163/163111AF.jpg,Chaetodontidae,no,exists,131856
Chaetodon citrinellus,163155,163155AF.jpg,Chaetodon_citrinellus_FishPix_163155.jpg,https://fishpix.kahaku.go.jp/photos/NR0163/163155AF.jpg,Chaetodontidae,no,exists,53083
Chaetodon xanthurus,163163,163163AF.jpg,Chaetodon_xanthurus_FishPix_163163.jpg,https://fishpix.kahaku.go.jp/photos/NR0163/163163AF.jpg,Chaetodontidae,no,exists,63324
Chaetodon bennetti,163191,163191AF.jpg,Chaetodon_bennetti_FishPix_163191.jpg,https://fishpix.kahaku.go.jp/photos/NR0163/163191AF.jpg,Chaetodontidae,no,exists,71451
Chaetodon auripes,163223,163223AF.jpg,Chaetodon_auripes_FishPix_163223.jpg,https://fishpix.kahaku.go.jp/photos/NR0163/163223AF.jpg,Chaetodontidae,no,exists,59428
Chaetodon punctatofasciatus,163244,163244AF.jpg,Chaetodon_punctatofasciatus_FishPix_163244.jpg,https://fishpix.kahaku.go.jp/photos/NR0163/163244AF.jpg,Chaetodontidae,no,exists,80577
Forcipiger flavissimus,163265,163265AF.jpg,Forcipiger_flavissimus_FishPix_163265.jpg,https://fishpix.kahaku.go.jp/photos/NR0163/163265AF.jpg,Chaetodontidae,no,exists,63864
Chaetodon ulietensis,163266,163266AF.jpg,Chaetodon_ulietensis_FishPix_163266.jpg,https://fishpix.kahaku.go.jp/photos/NR0163/163266AF.jpg,Chaetodontidae,no,exists,82562
Chaetodon kleinii,163268,163268AF.jpg,Chaetodon_kleinii_FishPix_163268.jpg,https://fishpix.kahaku.go.jp/photos/NR0163/163268AF.jpg,Chaetodontidae,no,exists,72823
Chaetodon vagabundus,163271,163271AF.jpg,Chaetodon_vagabundus_FishPix_163271.jpg,https://fishpix.kahaku.go.jp/photos/NR0163/163271AF.jpg,Chaetodontidae,no,exists,79530
Chaetodon argentatus,163276,163276AF.jpg,Chaetodon_argentatus_FishPix_163276.jpg,https://fishpix.kahaku.go.jp/photos/NR0163/163276AF.jpg,Chaetodontidae,no,exists,58279
Chaetodon ornatissimus,163278,163278AF.jpg,Chaetodon_ornatissimus_FishPix_163278.jpg,https://fishpix.kahaku.go.jp/photos/NR0163/163278AF.jpg,Chaetodontidae,no,exists,48686
Heniochus chrysostomus,163297,163297AF.jpg,Heniochus_chrysostomus_FishPix_163297.jpg,https://fishpix.kahaku.go.jp/photos/NR0163/163297AF.jpg,Chaetodontidae,no,exists,58689
Chaetodon plebeius,163302,163302AF.jpg,Chaetodon_plebeius_FishPix_163302.jpg,https://fishpix.kahaku.go.jp/photos/NR0163/163302AF.jpg,Chaetodontidae,no,exists,51340
Chaetodon kleinii,163306,163306AF.jpg,Chaetodon_kleinii_FishPix_163306.jpg,https://fishpix.kahaku.go.jp/photos/NR0163/163306AF.jpg,Chaetodontidae,no,exists,71554
Heniochus chrysostomus,163347,163347AF.jpg,Heniochus_chrysostomus_FishPix_163347.jpg,https://fishpix.kahaku.go.jp/photos/NR0163/163347AF.jpg,Chaetodontidae,no,exists,55924
Heniochus chrysostomus,163382,163382AF.jpg,Heniochus_chrysostomus_FishPix_163382.jpg,https://fishpix.kahaku.go.jp/photos/NR0163/163382AF.jpg,Chaetodontidae,no,exists,65317
Heniochus varius,163393,163393AF.jpg,Heniochus_varius_FishPix_163393.jpg,https://fishpix.kahaku.go.jp/photos/NR0163/163393AF.jpg,Chaetodontidae,no,exists,81132
Heniochus chrysostomus,163458,163458AF.jpg,Heniochus_chrysostomus_FishPix_163458.jpg,https://fishpix.kahaku.go.jp/photos/NR0163/163458AF.jpg,Chaetodontidae,no,exists,60456
Chaetodon citrinellus,163485,163485AF.jpg,Chaetodon_citrinellus_FishPix_163485.jpg,https://fishpix.kahaku.go.jp/photos/NR0163/163485AF.jpg,Chaetodontidae,no,exists,73799
Chaetodon kleinii,163499,163499AF.jpg,Chaetodon_kleinii_FishPix_163499.jpg,https://fishpix.kahaku.go.jp/photos/NR0163/163499AF.jpg,Chaetodontidae,no,exists,76530
Chaetodon citrinellus,163514,163514AF.jpg,Chaetodon_citrinellus_FishPix_163514.jpg,https://fishpix.kahaku.go.jp/photos/NR0163/163514AF.jpg,Chaetodontidae,no,exists,98158
Chaetodon auriga,163515,163515AF.jpg,Chaetodon_auriga_FishPix_163515.jpg,https://fishpix.kahaku.go.jp/photos/NR0163/163515AF.jpg,Chaetodontidae,no,exists,59514
Chaetodon lunulatus,163524,163524AF.jpg,Chaetodon_lunulatus_FishPix_163524.jpg,https://fishpix.kahaku.go.jp/photos/NR0163/163524AF.jpg,Chaetodontidae,no,exists,67450
Chaetodon lunulatus,163583,163583AF.jpg,Chaetodon_lunulatus_FishPix_163583.jpg,https://fishpix.kahaku.go.jp/photos/NR0163/163583AF.jpg,Chaetodontidae,no,exists,55302
Chaetodon rafflesii,163584,163584AF.jpg,Chaetodon_rafflesii_FishPix_163584.jpg,https://fishpix.kahaku.go.jp/photos/NR0163/163584AF.jpg,Chaetodontidae,no,exists,79890
Chaetodon ephippium,163585,163585AF.jpg,Chaetodon_ephippium_FishPix_163585.jpg,https://fishpix.kahaku.go.jp/photos/NR0163/163585AF.jpg,Chaetodontidae,no,exists,54207
Chaetodon bennetti,163599,163599AF.jpg,Chaetodon_bennetti_FishPix_163599.jpg,https://fishpix.kahaku.go.jp/photos/NR0163/163599AF.jpg,Chaetodontidae,no,exists,48552
Chaetodon lunulatus,163617,163617AF.jpg,Chaetodon_lunulatus_FishPix_163617.jpg,https://fishpix.kahaku.go.jp/photos/NR0163/163617AF.jpg,Chaetodontidae,no,exists,70253
Heniochus chrysostomus,163618,163618AF.jpg,Heniochus_chrysostomus_FishPix_163618.jpg,https://fishpix.kahaku.go.jp/photos/NR0163/163618AF.jpg,Chaetodontidae,no,exists,53048
Chaetodon ornatissimus,163655,163655AF.jpg,Chaetodon_ornatissimus_FishPix_163655.jpg,https://fishpix.kahaku.go.jp/photos/NR0163/163655AF.jpg,Chaetodontidae,no,exists,54052
Chaetodon baronessa,163672,163672AF.jpg,Chaetodon_baronessa_FishPix_163672.jpg,https://fishpix.kahaku.go.jp/photos/NR0163/163672AF.jpg,Chaetodontidae,no,exists,71082
Chaetodon ulietensis,163682,163682AF.jpg,Chaetodon_ulietensis_FishPix_163682.jpg,https://fishpix.kahaku.go.jp/photos/NR0163/163682AF.jpg,Chaetodontidae,no,exists,56028
Chaetodon melannotus,163720,163720AF.jpg,Chaetodon_melannotus_FishPix_163720.jpg,https://fishpix.kahaku.go.jp/photos/NR0163/163720AF.jpg,Chaetodontidae,no,exists,59947
Chaetodon unimaculatus,163722,163722AF.jpg,Chaetodon_unimaculatus_FishPix_163722.jpg,https://fishpix.kahaku.go.jp/photos/NR0163/163722AF.jpg,Chaetodontidae,no,exists,42856
Chaetodon plebeius,163724,163724AF.jpg,Chaetodon_plebeius_FishPix_163724.jpg,https://fishpix.kahaku.go.jp/photos/NR0163/163724AF.jpg,Chaetodontidae,no,exists,50979
Chaetodon melannotus,163758,163758AF.jpg,Chaetodon_melannotus_FishPix_163758.jpg,https://fishpix.kahaku.go.jp/photos/NR0163/163758AF.jpg,Chaetodontidae,no,exists,54616
Heniochus varius,163770,163770AF.jpg,Heniochus_varius_FishPix_163770.jpg,https://fishpix.kahaku.go.jp/photos/NR0163/163770AF.jpg,Chaetodontidae,no,exists,80781
Chaetodon xanthurus,163797,163797AF.jpg,Chaetodon_xanthurus_FishPix_163797.jpg,https://fishpix.kahaku.go.jp/photos/NR0163/163797AF.jpg,Chaetodontidae,no,exists,72344
Chaetodon bennetti,163829,163829AF.jpg,Chaetodon_bennetti_FishPix_163829.jpg,https://fishpix.kahaku.go.jp/photos/NR0163/163829AF.jpg,Chaetodontidae,no,exists,68654
Forcipiger flavissimus,163842,163842AF.jpg,Forcipiger_flavissimus_FishPix_163842.jpg,https://fishpix.kahaku.go.jp/photos/NR0163/163842AF.jpg,Chaetodontidae,no,exists,73469
Chaetodon baronessa,163845,163845AF.jpg,Chaetodon_baronessa_FishPix_163845.jpg,https://fishpix.kahaku.go.jp/photos/NR0163/163845AF.jpg,Chaetodontidae,no,exists,61195
Chaetodon trifascialis,163860,163860AF.jpg,Chaetodon_trifascialis_FishPix_163860.jpg,https://fishpix.kahaku.go.jp/photos/NR0163/163860AF.jpg,Chaetodontidae,no,exists,57280
Chaetodon baronessa,163861,163861AF.jpg,Chaetodon_baronessa_FishPix_163861.jpg,https://fishpix.kahaku.go.jp/photos/NR0163/163861AF.jpg,Chaetodontidae,no,exists,57255
Chaetodon trifascialis,163864,163864AF.jpg,Chaetodon_trifascialis_FishPix_163864.jpg,https://fishpix.kahaku.go.jp/photos/NR0163/163864AF.jpg,Chaetodontidae,no,exists,62642
Chaetodon unimaculatus,163871,163871AF.jpg,Chaetodon_unimaculatus_FishPix_163871.jpg,https://fishpix.kahaku.go.jp/photos/NR0163/163871AF.jpg,Chaetodontidae,no,exists,50232
Heniochus acuminatus,163887,163887AF.jpg,Heniochus_acuminatus_FishPix_163887.jpg,https://fishpix.kahaku.go.jp/photos/NR0163/163887AF.jpg,Chaetodontidae,no,exists,73039
Chaetodon auriga,163910,163910AF.jpg,Chaetodon_auriga_FishPix_163910.jpg,https://fishpix.kahaku.go.jp/photos/NR0163/163910AF.jpg,Chaetodontidae,no,exists,53330
Chaetodon lunula,163931,163931AF.jpg,Chaetodon_lunula_FishPix_163931.jpg,https://fishpix.kahaku.go.jp/photos/NR0163/163931AF.jpg,Chaetodontidae,no,exists,53658
Chaetodon lunulatus,163936,163936AF.jpg,Chaetodon_lunulatus_FishPix_163936.jpg,https://fishpix.kahaku.go.jp/photos/NR0163/163936AF.jpg,Chaetodontidae,no,exists,54568
Chaetodon melannotus,163941,163941AF.jpg,Chaetodon_melannotus_FishPix_163941.jpg,https://fishpix.kahaku.go.jp/photos/NR0163/163941AF.jpg,Chaetodontidae,no,exists,63371
Heniochus monoceros,163949,163949AF.jpg,Heniochus_monoceros_FishPix_163949.jpg,https://fishpix.kahaku.go.jp/photos/NR0163/163949AF.jpg,Chaetodontidae,no,exists,81177
Chaetodon argentatus,163973,163973AF.jpg,Chaetodon_argentatus_FishPix_163973.jpg,https://fishpix.kahaku.go.jp/photos/NR0163/163973AF.jpg,Chaetodontidae,no,exists,56527
Chaetodon ephippium,163977,163977AF.jpg,Chaetodon_ephippium_FishPix_163977.jpg,https://fishpix.kahaku.go.jp/photos/NR0163/163977AF.jpg,Chaetodontidae,no,exists,89128
Chaetodon plebeius,163995,163995AF.jpg,Chaetodon_plebeius_FishPix_163995.jpg,https://fishpix.kahaku.go.jp/photos/NR0163/163995AF.jpg,Chaetodontidae,no,exists,89456
Chaetodon kleinii,163996,163996AF.jpg,Chaetodon_kleinii_FishPix_163996.jpg,https://fishpix.kahaku.go.jp/photos/NR0163/163996AF.jpg,Chaetodontidae,no,exists,86724
Chaetodon ephippium,164000,164000AF.jpg,Chaetodon_ephippium_FishPix_164000.jpg,https://fishpix.kahaku.go.jp/photos/NR0164/164000AF.jpg,Chaetodontidae,no,exists,61709
Chaetodon vagabundus,164034,164034AF.jpg,Chaetodon_vagabundus_FishPix_164034.jpg,https://fishpix.kahaku.go.jp/photos/NR0164/164034AF.jpg,Chaetodontidae,no,exists,64485
Forcipiger flavissimus,164053,164053AF.jpg,Forcipiger_flavissimus_FishPix_164053.jpg,https://fishpix.kahaku.go.jp/photos/NR0164/164053AF.jpg,Chaetodontidae,no,exists,46060
Chaetodon mertensii,164072,164072AF.jpg,Chaetodon_mertensii_FishPix_164072.jpg,https://fishpix.kahaku.go.jp/photos/NR0164/164072AF.jpg,Chaetodontidae,no,exists,52767
Chaetodon xanthurus,164092,164092AF.jpg,Chaetodon_xanthurus_FishPix_164092.jpg,https://fishpix.kahaku.go.jp/photos/NR0164/164092AF.jpg,Chaetodontidae,no,exists,52500
Chaetodon argentatus,164093,164093AF.jpg,Chaetodon_argentatus_FishPix_164093.jpg,https://fishpix.kahaku.go.jp/photos/NR0164/164093AF.jpg,Chaetodontidae,no,exists,51299
Chaetodon mertensii,164097,164097AF.jpg,Chaetodon_mertensii_FishPix_164097.jpg,https://fishpix.kahaku.go.jp/photos/NR0164/164097AF.jpg,Chaetodontidae,no,exists,45663
Chaetodon mertensii,164103,164103AF.jpg,Chaetodon_mertensii_FishPix_164103.jpg,https://fishpix.kahaku.go.jp/photos/NR0164/164103AF.jpg,Chaetodontidae,no,exists,63723
Chaetodon citrinellus,164167,164167AF.jpg,Chaetodon_citrinellus_FishPix_164167.jpg,https://fishpix.kahaku.go.jp/photos/NR0164/164167AF.jpg,Chaetodontidae,no,exists,47215
Chaetodon citrinellus,164234,164234AF.jpg,Chaetodon_citrinellus_FishPix_164234.jpg,https://fishpix.kahaku.go.jp/photos/NR0164/164234AF.jpg,Chaetodontidae,no,exists,54800
Chaetodon lunula,164242,164242AF.jpg,Chaetodon_lunula_FishPix_164242.jpg,https://fishpix.kahaku.go.jp/photos/NR0164/164242AF.jpg,Chaetodontidae,no,exists,54727
Chaetodon citrinellus,164260,164260AF.jpg,Chaetodon_citrinellus_FishPix_164260.jpg,https://fishpix.kahaku.go.jp/photos/NR0164/164260AF.jpg,Chaetodontidae,no,exists,103826
Heniochus diphreutes,164335,164335AF.jpg,Heniochus_diphreutes_FishPix_164335.jpg,https://fishpix.kahaku.go.jp/photos/NR0164/164335AF.jpg,Chaetodontidae,no,exists,49512
Roa modesta,16434,16434AF.jpg,Roa_modesta_FishPix_16434.jpg,https://fishpix.kahaku.go.jp/photos/NR0016/16434AF.jpg,Chaetodontidae,no,exists,224652
Chaetodon plebeius,164427,164427AF.jpg,Chaetodon_plebeius_FishPix_164427.jpg,https://fishpix.kahaku.go.jp/photos/NR0164/164427AF.jpg,Chaetodontidae,no,exists,58625
Unknown,164504,164504AF.jpg,Unknown_FishPix_164504.jpg,https://fishpix.kahaku.go.jp/photos/NR0164/164504AF.jpg,Chaetodontidae,no,exists,60671
Unknown,164505,164505AF.jpg,Unknown_FishPix_164505.jpg,https://fishpix.kahaku.go.jp/photos/NR0164/164505AF.jpg,Chaetodontidae,no,exists,64656
Unknown,164506,164506AF.jpg,Unknown_FishPix_164506.jpg,https://fishpix.kahaku.go.jp/photos/NR0164/164506AF.jpg,Chaetodontidae,no,exists,74142
Unknown,164507,164507AF.jpg,Unknown_FishPix_164507.jpg,https://fishpix.kahaku.go.jp/photos/NR0164/164507AF.jpg,Chaetodontidae,no,exists,99156
Chaetodon auriga,164555,164555AF.jpg,Chaetodon_auriga_FishPix_164555.jpg,https://fishpix.kahaku.go.jp/photos/NR0164/164555AF.jpg,Chaetodontidae,no,exists,52821
Chaetodon daedalma,164573,164573AF.jpg,Chaetodon_daedalma_FishPix_164573.jpg,https://fishpix.kahaku.go.jp/photos/NR0164/164573AF.jpg,Chaetodontidae,no,exists,96832
Chaetodon punctatofasciatus,164655,164655AF.jpg,Chaetodon_punctatofasciatus_FishPix_164655.jpg,https://fishpix.kahaku.go.jp/photos/NR0164/164655AF.jpg,Chaetodontidae,no,exists,66679
Forcipiger flavissimus,164708,164708AF.jpg,Forcipiger_flavissimus_FishPix_164708.jpg,https://fishpix.kahaku.go.jp/photos/NR0164/164708AF.jpg,Chaetodontidae,no,exists,64986
Chaetodon quadrimaculatus,164767,164767AF.jpg,Chaetodon_quadrimaculatus_FishPix_164767.jpg,https://fishpix.kahaku.go.jp/photos/NR0164/164767AF.jpg,Chaetodontidae,no,exists,63297
Chaetodon bennetti,164770,164770AF.jpg,Chaetodon_bennetti_FishPix_164770.jpg,https://fishpix.kahaku.go.jp/photos/NR0164/164770AF.jpg,Chaetodontidae,no,exists,38902
Chaetodon lunula,164778,164778AF.jpg,Chaetodon_lunula_FishPix_164778.jpg,https://fishpix.kahaku.go.jp/photos/NR0164/164778AF.jpg,Chaetodontidae,no,exists,48583
Chaetodon quadrimaculatus,164845,164845AF.jpg,Chaetodon_quadrimaculatus_FishPix_164845.jpg,https://fishpix.kahaku.go.jp/photos/NR0164/164845AF.jpg,Chaetodontidae,no,exists,98037
Forcipiger flavissimus,164879,164879AF.jpg,Forcipiger_flavissimus_FishPix_164879.jpg,https://fishpix.kahaku.go.jp/photos/NR0164/164879AF.jpg,Chaetodontidae,no,exists,92148
Forcipiger flavissimus,164911,164911AF.jpg,Forcipiger_flavissimus_FishPix_164911.jpg,https://fishpix.kahaku.go.jp/photos/NR0164/164911AF.jpg,Chaetodontidae,no,exists,75005
Chaetodon ornatissimus,164915,164915AF.jpg,Chaetodon_ornatissimus_FishPix_164915.jpg,https://fishpix.kahaku.go.jp/photos/NR0164/164915AF.jpg,Chaetodontidae,no,exists,99528
Chaetodon punctatofasciatus,164926,164926AF.jpg,Chaetodon_punctatofasciatus_FishPix_164926.jpg,https://fishpix.kahaku.go.jp/photos/NR0164/164926AF.jpg,Chaetodontidae,no,exists,57217
Chaetodon trifascialis,164945,164945AF.jpg,Chaetodon_trifascialis_FishPix_164945.jpg,https://fishpix.kahaku.go.jp/photos/NR0164/164945AF.jpg,Chaetodontidae,no,exists,96266
Chaetodon mertensii,164960,164960AF.jpg,Chaetodon_mertensii_FishPix_164960.jpg,https://fishpix.kahaku.go.jp/photos/NR0164/164960AF.jpg,Chaetodontidae,no,exists,135093
Chaetodon bennetti,164977,164977AF.jpg,Chaetodon_bennetti_FishPix_164977.jpg,https://fishpix.kahaku.go.jp/photos/NR0164/164977AF.jpg,Chaetodontidae,no,exists,79614
Chaetodon bennetti,164980,164980AF.jpg,Chaetodon_bennetti_FishPix_164980.jpg,https://fishpix.kahaku.go.jp/photos/NR0164/164980AF.jpg,Chaetodontidae,no,exists,62309
Heniochus diphreutes,165015,165015AF.jpg,Heniochus_diphreutes_FishPix_165015.jpg,https://fishpix.kahaku.go.jp/photos/NR0165/165015AF.jpg,Chaetodontidae,no,exists,67601
Chaetodon guentheri,165017,165017AF.jpg,Chaetodon_guentheri_FishPix_165017.jpg,https://fishpix.kahaku.go.jp/photos/NR0165/165017AF.jpg,Chaetodontidae,no,exists,36666
Chaetodon daedalma,165024,165024AF.jpg,Chaetodon_daedalma_FishPix_165024.jpg,https://fishpix.kahaku.go.jp/photos/NR0165/165024AF.jpg,Chaetodontidae,no,exists,132942
Chaetodon trifascialis,165043,165043AF.jpg,Chaetodon_trifascialis_FishPix_165043.jpg,https://fishpix.kahaku.go.jp/photos/NR0165/165043AF.jpg,Chaetodontidae,no,exists,101765
Heniochus diphreutes,16516,16516AF.jpg,Heniochus_diphreutes_FishPix_16516.jpg,https://fishpix.kahaku.go.jp/photos/NR0016/16516AF.jpg,Chaetodontidae,no,exists,265529
Chaetodon auriga,165169,165169AF.jpg,Chaetodon_auriga_FishPix_165169.jpg,https://fishpix.kahaku.go.jp/photos/NR0165/165169AF.jpg,Chaetodontidae,no,exists,50005
Chaetodon lunula,165184,165184AF.jpg,Chaetodon_lunula_FishPix_165184.jpg,https://fishpix.kahaku.go.jp/photos/NR0165/165184AF.jpg,Chaetodontidae,no,exists,77902
Chaetodon lunula,165200,165200AF.jpg,Chaetodon_lunula_FishPix_165200.jpg,https://fishpix.kahaku.go.jp/photos/NR0165/165200AF.jpg,Chaetodontidae,no,exists,81651
Chaetodon bennetti,165312,165312AF.jpg,Chaetodon_bennetti_FishPix_165312.jpg,https://fishpix.kahaku.go.jp/photos/NR0165/165312AF.jpg,Chaetodontidae,no,exists,55230
Forcipiger flavissimus,165313,165313AF.jpg,Forcipiger_flavissimus_FishPix_165313.jpg,https://fishpix.kahaku.go.jp/photos/NR0165/165313AF.jpg,Chaetodontidae,no,exists,67852
Chaetodon melannotus,165327,165327AF.jpg,Chaetodon_melannotus_FishPix_165327.jpg,https://fishpix.kahaku.go.jp/photos/NR0165/165327AF.jpg,Chaetodontidae,no,exists,84728
Chaetodon daedalma,165354,165354AF.jpg,Chaetodon_daedalma_FishPix_165354.jpg,https://fishpix.kahaku.go.jp/photos/NR0165/165354AF.jpg,Chaetodontidae,no,exists,134178
Chaetodon punctatofasciatus,165399,165399AF.jpg,Chaetodon_punctatofasciatus_FishPix_165399.jpg,https://fishpix.kahaku.go.jp/photos/NR0165/165399AF.jpg,Chaetodontidae,no,exists,104361
Chaetodon guentheri,165404,165404AF.jpg,Chaetodon_guentheri_FishPix_165404.jpg,https://fishpix.kahaku.go.jp/photos/NR0165/165404AF.jpg,Chaetodontidae,no,exists,54047
Chaetodon auripes,165412,165412AF.jpg,Chaetodon_auripes_FishPix_165412.jpg,https://fishpix.kahaku.go.jp/photos/NR0165/165412AF.jpg,Chaetodontidae,no,exists,77975
Chaetodon lunulatus,165478,165478AF.jpg,Chaetodon_lunulatus_FishPix_165478.jpg,https://fishpix.kahaku.go.jp/photos/NR0165/165478AF.jpg,Chaetodontidae,no,exists,86976
Heniochus chrysostomus,165493,165493AF.jpg,Heniochus_chrysostomus_FishPix_165493.jpg,https://fishpix.kahaku.go.jp/photos/NR0165/165493AF.jpg,Chaetodontidae,no,exists,107381
Heniochus varius,165498,165498AF.jpg,Heniochus_varius_FishPix_165498.jpg,https://fishpix.kahaku.go.jp/photos/NR0165/165498AF.jpg,Chaetodontidae,no,exists,126595
Chaetodon argentatus,165521,165521AF.jpg,Chaetodon_argentatus_FishPix_165521.jpg,https://fishpix.kahaku.go.jp/photos/NR0165/165521AF.jpg,Chaetodontidae,no,exists,58932
Chaetodon rafflesii,165548,165548AF.jpg,Chaetodon_rafflesii_FishPix_165548.jpg,https://fishpix.kahaku.go.jp/photos/NR0165/165548AF.jpg,Chaetodontidae,no,exists,86456
Chaetodon citrinellus,165560,165560AF.jpg,Chaetodon_citrinellus_FishPix_165560.jpg,https://fishpix.kahaku.go.jp/photos/NR0165/165560AF.jpg,Chaetodontidae,no,exists,44593
Chaetodon ornatissimus,165571,165571AF.jpg,Chaetodon_ornatissimus_FishPix_165571.jpg,https://fishpix.kahaku.go.jp/photos/NR0165/165571AF.jpg,Chaetodontidae,no,exists,78175
Chaetodon unimaculatus,165667,165667AF.jpg,Chaetodon_unimaculatus_FishPix_165667.jpg,https://fishpix.kahaku.go.jp/photos/NR0165/165667AF.jpg,Chaetodontidae,no,exists,70019
Chaetodon humeralis,165741,165741AF.jpg,Chaetodon_humeralis_FishPix_165741.jpg,https://fishpix.kahaku.go.jp/photos/NR0165/165741AF.jpg,Chaetodontidae,no,exists,137945
Chaetodon humeralis,165742,165742AF.jpg,Chaetodon_humeralis_FishPix_165742.jpg,https://fishpix.kahaku.go.jp/photos/NR0165/165742AF.jpg,Chaetodontidae,no,exists,150680
Chaetodon humeralis,165759,165759AF.jpg,Chaetodon_humeralis_FishPix_165759.jpg,https://fishpix.kahaku.go.jp/photos/NR0165/165759AF.jpg,Chaetodontidae,no,exists,96949
Johnrandallia nigrirostris,165760,165760AF.jpg,Johnrandallia_nigrirostris_FishPix_165760.jpg,https://fishpix.kahaku.go.jp/photos/NR0165/165760AF.jpg,Chaetodontidae,no,exists,127099
Chaetodon humeralis,165837,165837AF.jpg,Chaetodon_humeralis_FishPix_165837.jpg,https://fishpix.kahaku.go.jp/photos/NR0165/165837AF.jpg,Chaetodontidae,no,exists,203751
Chaetodon daedalma,16585,16585AF.jpg,Chaetodon_daedalma_FishPix_16585.jpg,https://fishpix.kahaku.go.jp/photos/NR0016/16585AF.jpg,Chaetodontidae,no,exists,185680
Chaetodon humeralis,165851,165851AF.jpg,Chaetodon_humeralis_FishPix_165851.jpg,https://fishpix.kahaku.go.jp/photos/NR0165/165851AF.jpg,Chaetodontidae,no,exists,213805
Johnrandallia nigrirostris,165859,165859AF.jpg,Johnrandallia_nigrirostris_FishPix_165859.jpg,https://fishpix.kahaku.go.jp/photos/NR0165/165859AF.jpg,Chaetodontidae,no,exists,351623
Johnrandallia nigrirostris,165866,165866AF.jpg,Johnrandallia_nigrirostris_FishPix_165866.jpg,https://fishpix.kahaku.go.jp/photos/NR0165/165866AF.jpg,Chaetodontidae,no,exists,444538
Johnrandallia nigrirostris,165876,165876AF.jpg,Johnrandallia_nigrirostris_FishPix_165876.jpg,https://fishpix.kahaku.go.jp/photos/NR0165/165876AF.jpg,Chaetodontidae,no,exists,261233
Chaetodon kleinii,166040,166040AF.jpg,Chaetodon_kleinii_FishPix_166040.jpg,https://fishpix.kahaku.go.jp/photos/NR0166/166040AF.jpg,Chaetodontidae,no,exists,88586
Chaetodon nippon,16661,16661AF.jpg,Chaetodon_nippon_FishPix_16661.jpg,https://fishpix.kahaku.go.jp/photos/NR0016/16661AF.jpg,Chaetodontidae,no,exists,513272
Chaetodon ephippium,166711,166711AF.jpg,Chaetodon_ephippium_FishPix_166711.jpg,https://fishpix.kahaku.go.jp/photos/NR0166/166711AF.jpg,Chaetodontidae,no,exists,138154
Chaetodon auripes,166806,166806AF.jpg,Chaetodon_auripes_FishPix_166806.jpg,https://fishpix.kahaku.go.jp/photos/NR0166/166806AF.jpg,Chaetodontidae,no,exists,115789
Heniochus chrysostomus,166865,166865AF.jpg,Heniochus_chrysostomus_FishPix_166865.jpg,https://fishpix.kahaku.go.jp/photos/NR0166/166865AF.jpg,Chaetodontidae,no,exists,104938
Heniochus varius,166866,166866AF.jpg,Heniochus_varius_FishPix_166866.jpg,https://fishpix.kahaku.go.jp/photos/NR0166/166866AF.jpg,Chaetodontidae,no,exists,70426
Chaetodon lunula,166952,166952AF.jpg,Chaetodon_lunula_FishPix_166952.jpg,https://fishpix.kahaku.go.jp/photos/NR0166/166952AF.jpg,Chaetodontidae,no,exists,116835
Chaetodon punctatofasciatus,166960,166960AF.jpg,Chaetodon_punctatofasciatus_FishPix_166960.jpg,https://fishpix.kahaku.go.jp/photos/NR0166/166960AF.jpg,Chaetodontidae,no,exists,90616
Chaetodon baronessa,166983,166983AF.jpg,Chaetodon_baronessa_FishPix_166983.jpg,https://fishpix.kahaku.go.jp/photos/NR0166/166983AF.jpg,Chaetodontidae,no,exists,93436
Chaetodon lunula,167015,167015AF.jpg,Chaetodon_lunula_FishPix_167015.jpg,https://fishpix.kahaku.go.jp/photos/NR0167/167015AF.jpg,Chaetodontidae,no,exists,117254
Chaetodon ephippium,167020,167020AF.jpg,Chaetodon_ephippium_FishPix_167020.jpg,https://fishpix.kahaku.go.jp/photos/NR0167/167020AF.jpg,Chaetodontidae,no,exists,102997
Heniochus chrysostomus,167089,167089AF.jpg,Heniochus_chrysostomus_FishPix_167089.jpg,https://fishpix.kahaku.go.jp/photos/NR0167/167089AF.jpg,Chaetodontidae,no,exists,78835
Heniochus chrysostomus,16712,16712AF.jpg,Heniochus_chrysostomus_FishPix_16712.jpg,https://fishpix.kahaku.go.jp/photos/NR0016/16712AF.jpg,Chaetodontidae,no,exists,586439
Unknown,167122,167122AF.jpg,Unknown_FishPix_167122.jpg,https://fishpix.kahaku.go.jp/photos/NR0167/167122AF.jpg,Chaetodontidae,no,exists,74557
Chaetodon melannotus,167123,167123AF.jpg,Chaetodon_melannotus_FishPix_167123.jpg,https://fishpix.kahaku.go.jp/photos/NR0167/167123AF.jpg,Chaetodontidae,no,exists,49358
Chaetodon bennetti,16721,16721AF.jpg,Chaetodon_bennetti_FishPix_16721.jpg,https://fishpix.kahaku.go.jp/photos/NR0016/16721AF.jpg,Chaetodontidae,yes,exists,596243
Chaetodon adiergastos,168235,168235AF.jpg,Chaetodon_adiergastos_FishPix_168235.jpg,https://fishpix.kahaku.go.jp/photos/NR0168/168235AF.jpg,Chaetodontidae,no,exists,134754
Chaetodon argentatus,168236,168236AF.jpg,Chaetodon_argentatus_FishPix_168236.jpg,https://fishpix.kahaku.go.jp/photos/NR0168/168236AF.jpg,Chaetodontidae,no,exists,106653
Chaetodon argentatus,168237,168237AF.jpg,Chaetodon_argentatus_FishPix_168237.jpg,https://fishpix.kahaku.go.jp/photos/NR0168/168237AF.jpg,Chaetodontidae,no,exists,155334
Chaetodon argentatus,168238,168238AF.jpg,Chaetodon_argentatus_FishPix_168238.jpg,https://fishpix.kahaku.go.jp/photos/NR0168/168238AF.jpg,Chaetodontidae,no,exists,134532
Chaetodon argentatus,168239,168239AF.jpg,Chaetodon_argentatus_FishPix_168239.jpg,https://fishpix.kahaku.go.jp/photos/NR0168/168239AF.jpg,Chaetodontidae,no,exists,99529
Chaetodon argentatus,168240,168240AF.jpg,Chaetodon_argentatus_FishPix_168240.jpg,https://fishpix.kahaku.go.jp/photos/NR0168/168240AF.jpg,Chaetodontidae,no,exists,163653
Chaetodon argentatus,168241,168241AF.jpg,Chaetodon_argentatus_FishPix_168241.jpg,https://fishpix.kahaku.go.jp/photos/NR0168/168241AF.jpg,Chaetodontidae,no,exists,128494
Chaetodon argentatus,168242,168242AF.jpg,Chaetodon_argentatus_FishPix_168242.jpg,https://fishpix.kahaku.go.jp/photos/NR0168/168242AF.jpg,Chaetodontidae,no,exists,158256
Chaetodon argentatus,168243,168243AF.jpg,Chaetodon_argentatus_FishPix_168243.jpg,https://fishpix.kahaku.go.jp/photos/NR0168/168243AF.jpg,Chaetodontidae,no,exists,186109
Chaetodon auriga,168244,168244AF.jpg,Chaetodon_auriga_FishPix_168244.jpg,https://fishpix.kahaku.go.jp/photos/NR0168/168244AF.jpg,Chaetodontidae,no,exists,89309
Chaetodon auriga,168245,168245AF.jpg,Chaetodon_auriga_FishPix_168245.jpg,https://fishpix.kahaku.go.jp/photos/NR0168/168245AF.jpg,Chaetodontidae,no,exists,81333
Chaetodon auriga,168246,168246AF.jpg,Chaetodon_auriga_FishPix_168246.jpg,https://fishpix.kahaku.go.jp/photos/NR0168/168246AF.jpg,Chaetodontidae,no,exists,60790
Chaetodon auriga,168247,168247AF.jpg,Chaetodon_auriga_FishPix_168247.jpg,https://fishpix.kahaku.go.jp/photos/NR0168/168247AF.jpg,Chaetodontidae,no,exists,91181
Chaetodon auriga,168248,168248AF.jpg,Chaetodon_auriga_FishPix_168248.jpg,https://fishpix.kahaku.go.jp/photos/NR0168/168248AF.jpg,Chaetodontidae,no,exists,91464
Chaetodon auriga,168249,168249AF.jpg,Chaetodon_auriga_FishPix_168249.jpg,https://fishpix.kahaku.go.jp/photos/NR0168/168249AF.jpg,Chaetodontidae,no,exists,95785
Chaetodon auriga,168250,168250AF.jpg,Chaetodon_auriga_FishPix_168250.jpg,https://fishpix.kahaku.go.jp/photos/NR0168/168250AF.jpg,Chaetodontidae,no,exists,120011
Chaetodon auriga,168251,168251AF.jpg,Chaetodon_auriga_FishPix_168251.jpg,https://fishpix.kahaku.go.jp/photos/NR0168/168251AF.jpg,Chaetodontidae,no,exists,116912
Chaetodon auriga,168252,168252AF.jpg,Chaetodon_auriga_FishPix_168252.jpg,https://fishpix.kahaku.go.jp/photos/NR0168/168252AF.jpg,Chaetodontidae,no,exists,140428
Chaetodon auriga,168253,168253AF.jpg,Chaetodon_auriga_FishPix_168253.jpg,https://fishpix.kahaku.go.jp/photos/NR0168/168253AF.jpg,Chaetodontidae,no,exists,118536
Chaetodon auriga,168254,168254AF.jpg,Chaetodon_auriga_FishPix_168254.jpg,https://fishpix.kahaku.go.jp/photos/NR0168/168254AF.jpg,Chaetodontidae,no,exists,101010
Chaetodon auriga,168255,168255AF.jpg,Chaetodon_auriga_FishPix_168255.jpg,https://fishpix.kahaku.go.jp/photos/NR0168/168255AF.jpg,Chaetodontidae,no,exists,131086
Chaetodon auriga,168256,168256AF.jpg,Chaetodon_auriga_FishPix_168256.jpg,https://fishpix.kahaku.go.jp/photos/NR0168/168256AF.jpg,Chaetodontidae,no,exists,112520
Chaetodon auriga,168257,168257AF.jpg,Chaetodon_auriga_FishPix_168257.jpg,https://fishpix.kahaku.go.jp/photos/NR0168/168257AF.jpg,Chaetodontidae,no,exists,107532
Chaetodon auriga,168258,168258AF.jpg,Chaetodon_auriga_FishPix_168258.jpg,https://fishpix.kahaku.go.jp/photos/NR0168/168258AF.jpg,Chaetodontidae,no,exists,99913
Chaetodon auripes,168259,168259AF.jpg,Chaetodon_auripes_FishPix_168259.jpg,https://fishpix.kahaku.go.jp/photos/NR0168/168259AF.jpg,Chaetodontidae,no,exists,127350
Chaetodon auripes,168260,168260AF.jpg,Chaetodon_auripes_FishPix_168260.jpg,https://fishpix.kahaku.go.jp/photos/NR0168/168260AF.jpg,Chaetodontidae,no,exists,88382
Chaetodon auripes,168261,168261AF.jpg,Chaetodon_auripes_FishPix_168261.jpg,https://fishpix.kahaku.go.jp/photos/NR0168/168261AF.jpg,Chaetodontidae,no,exists,110102
Chaetodon auripes,168262,168262AF.jpg,Chaetodon_auripes_FishPix_168262.jpg,https://fishpix.kahaku.go.jp/photos/NR0168/168262AF.jpg,Chaetodontidae,no,exists,100000
Chaetodon auripes,168263,168263AF.jpg,Chaetodon_auripes_FishPix_168263.jpg,https://fishpix.kahaku.go.jp/photos/NR0168/168263AF.jpg,Chaetodontidae,no,exists,123045
Chaetodon auripes,168264,168264AF.jpg,Chaetodon_auripes_FishPix_168264.jpg,https://fishpix.kahaku.go.jp/photos/NR0168/168264AF.jpg,Chaetodontidae,no,exists,97778
Chaetodon baronessa,168265,168265AF.jpg,Chaetodon_baronessa_FishPix_168265.jpg,https://fishpix.kahaku.go.jp/photos/NR0168/168265AF.jpg,Chaetodontidae,no,exists,158998
Chaetodon baronessa,168266,168266AF.jpg,Chaetodon_baronessa_FishPix_168266.jpg,https://fishpix.kahaku.go.jp/photos/NR0168/168266AF.jpg,Chaetodontidae,no,exists,132205
Chaetodon baronessa,168267,168267AF.jpg,Chaetodon_baronessa_FishPix_168267.jpg,https://fishpix.kahaku.go.jp/photos/NR0168/168267AF.jpg,Chaetodontidae,no,exists,145261
Chaetodon baronessa,168268,168268AF.jpg,Chaetodon_baronessa_FishPix_168268.jpg,https://fishpix.kahaku.go.jp/photos/NR0168/168268AF.jpg,Chaetodontidae,no,exists,109681
Chaetodon baronessa,168269,168269AF.jpg,Chaetodon_baronessa_FishPix_168269.jpg,https://fishpix.kahaku.go.jp/photos/NR0168/168269AF.jpg,Chaetodontidae,no,exists,95029
Chaetodon baronessa,168270,168270AF.jpg,Chaetodon_baronessa_FishPix_168270.jpg,https://fishpix.kahaku.go.jp/photos/NR0168/168270AF.jpg,Chaetodontidae,no,exists,179562
Chaetodon baronessa,168271,168271AF.jpg,Chaetodon_baronessa_FishPix_168271.jpg,https://fishpix.kahaku.go.jp/photos/NR0168/168271AF.jpg,Chaetodontidae,no,exists,108645
Chaetodon baronessa,168272,168272AF.jpg,Chaetodon_baronessa_FishPix_168272.jpg,https://fishpix.kahaku.go.jp/photos/NR0168/168272AF.jpg,Chaetodontidae,no,exists,148758
Chaetodon bennetti,168273,168273AF.jpg,Chaetodon_bennetti_FishPix_168273.jpg,https://fishpix.kahaku.go.jp/photos/NR0168/168273AF.jpg,Chaetodontidae,no,exists,120803
Chaetodon bennetti,168274,168274AF.jpg,Chaetodon_bennetti_FishPix_168274.jpg,https://fishpix.kahaku.go.jp/photos/NR0168/168274AF.jpg,Chaetodontidae,no,exists,111650
Chaetodon bennetti,168275,168275AF.jpg,Chaetodon_bennetti_FishPix_168275.jpg,https://fishpix.kahaku.go.jp/photos/NR0168/168275AF.jpg,Chaetodontidae,no,exists,138698
Chaetodon bennetti,168276,168276AF.jpg,Chaetodon_bennetti_FishPix_168276.jpg,https://fishpix.kahaku.go.jp/photos/NR0168/168276AF.jpg,Chaetodontidae,no,exists,99793
Chaetodon bennetti,168277,168277AF.jpg,Chaetodon_bennetti_FishPix_168277.jpg,https://fishpix.kahaku.go.jp/photos/NR0168/168277AF.jpg,Chaetodontidae,no,exists,120184
Chaetodon bennetti,168278,168278AF.jpg,Chaetodon_bennetti_FishPix_168278.jpg,https://fishpix.kahaku.go.jp/photos/NR0168/168278AF.jpg,Chaetodontidae,no,exists,121806
Chaetodon bennetti,168279,168279AF.jpg,Chaetodon_bennetti_FishPix_168279.jpg,https://fishpix.kahaku.go.jp/photos/NR0168/168279AF.jpg,Chaetodontidae,no,exists,92478
Chaetodon citrinellus,168280,168280AF.jpg,Chaetodon_citrinellus_FishPix_168280.jpg,https://fishpix.kahaku.go.jp/photos/NR0168/168280AF.jpg,Chaetodontidae,no,exists,133489
Chaetodon citrinellus,168281,168281AF.jpg,Chaetodon_citrinellus_FishPix_168281.jpg,https://fishpix.kahaku.go.jp/photos/NR0168/168281AF.jpg,Chaetodontidae,no,exists,128622
Chaetodon citrinellus,168282,168282AF.jpg,Chaetodon_citrinellus_FishPix_168282.jpg,https://fishpix.kahaku.go.jp/photos/NR0168/168282AF.jpg,Chaetodontidae,no,exists,133959
Chaetodon citrinellus,168283,168283AF.jpg,Chaetodon_citrinellus_FishPix_168283.jpg,https://fishpix.kahaku.go.jp/photos/NR0168/168283AF.jpg,Chaetodontidae,no,exists,142772
Chaetodon citrinellus,168284,168284AF.jpg,Chaetodon_citrinellus_FishPix_168284.jpg,https://fishpix.kahaku.go.jp/photos/NR0168/168284AF.jpg,Chaetodontidae,no,exists,144699
Chaetodon citrinellus,168285,168285AF.jpg,Chaetodon_citrinellus_FishPix_168285.jpg,https://fishpix.kahaku.go.jp/photos/NR0168/168285AF.jpg,Chaetodontidae,no,exists,94785
Chaetodon citrinellus,168286,168286AF.jpg,Chaetodon_citrinellus_FishPix_168286.jpg,https://fishpix.kahaku.go.jp/photos/NR0168/168286AF.jpg,Chaetodontidae,no,exists,146247
Chaetodon citrinellus,168287,168287AF.jpg,Chaetodon_citrinellus_FishPix_168287.jpg,https://fishpix.kahaku.go.jp/photos/NR0168/168287AF.jpg,Chaetodontidae,no,exists,143867
Chaetodon citrinellus,168288,168288AF.jpg,Chaetodon_citrinellus_FishPix_168288.jpg,https://fishpix.kahaku.go.jp/photos/NR0168/168288AF.jpg,Chaetodontidae,no,exists,131928
Chaetodon citrinellus,168289,168289AF.jpg,Chaetodon_citrinellus_FishPix_168289.jpg,https://fishpix.kahaku.go.jp/photos/NR0168/168289AF.jpg,Chaetodontidae,no,exists,161553
Chaetodon ephippium,168290,168290AF.jpg,Chaetodon_ephippium_FishPix_168290.jpg,https://fishpix.kahaku.go.jp/photos/NR0168/168290AF.jpg,Chaetodontidae,no,exists,114727
Chaetodon ephippium,168291,168291AF.jpg,Chaetodon_ephippium_FishPix_168291.jpg,https://fishpix.kahaku.go.jp/photos/NR0168/168291AF.jpg,Chaetodontidae,no,exists,115464
Chaetodon ephippium,168292,168292AF.jpg,Chaetodon_ephippium_FishPix_168292.jpg,https://fishpix.kahaku.go.jp/photos/NR0168/168292AF.jpg,Chaetodontidae,no,exists,139404
Chaetodon ephippium,168293,168293AF.jpg,Chaetodon_ephippium_FishPix_168293.jpg,https://fishpix.kahaku.go.jp/photos/NR0168/168293AF.jpg,Chaetodontidae,no,exists,148489
Chaetodon guentheri,168294,168294AF.jpg,Chaetodon_guentheri_FishPix_168294.jpg,https://fishpix.kahaku.go.jp/photos/NR0168/168294AF.jpg,Chaetodontidae,no,exists,89982
Chaetodon kleinii,168295,168295AF.jpg,Chaetodon_kleinii_FishPix_168295.jpg,https://fishpix.kahaku.go.jp/photos/NR0168/168295AF.jpg,Chaetodontidae,no,exists,88464
Chaetodon kleinii,168296,168296AF.jpg,Chaetodon_kleinii_FishPix_168296.jpg,https://fishpix.kahaku.go.jp/photos/NR0168/168296AF.jpg,Chaetodontidae,no,exists,90202
Chaetodon kleinii,168297,168297AF.jpg,Chaetodon_kleinii_FishPix_168297.jpg,https://fishpix.kahaku.go.jp/photos/NR0168/168297AF.jpg,Chaetodontidae,no,exists,132697
Chaetodon kleinii,168298,168298AF.jpg,Chaetodon_kleinii_FishPix_168298.jpg,https://fishpix.kahaku.go.jp/photos/NR0168/168298AF.jpg,Chaetodontidae,no,exists,137312
Chaetodon kleinii,168299,168299AF.jpg,Chaetodon_kleinii_FishPix_168299.jpg,https://fishpix.kahaku.go.jp/photos/NR0168/168299AF.jpg,Chaetodontidae,no,exists,146969
Chaetodon guentheri,16830,16830AF.jpg,Chaetodon_guentheri_FishPix_16830.jpg,https://fishpix.kahaku.go.jp/photos/NR0016/16830AF.jpg,Chaetodontidae,no,exists,166623
Chaetodon kleinii,168300,168300AF.jpg,Chaetodon_kleinii_FishPix_168300.jpg,https://fishpix.kahaku.go.jp/photos/NR0168/168300AF.jpg,Chaetodontidae,no,exists,95434
Chaetodon lineolatus,168301,168301AF.jpg,Chaetodon_lineolatus_FishPix_168301.jpg,https://fishpix.kahaku.go.jp/photos/NR0168/168301AF.jpg,Chaetodontidae,no,exists,117421
Chaetodon lineolatus,168302,168302AF.jpg,Chaetodon_lineolatus_FishPix_168302.jpg,https://fishpix.kahaku.go.jp/photos/NR0168/168302AF.jpg,Chaetodontidae,no,exists,138599
Chaetodon lineolatus,168303,168303AF.jpg,Chaetodon_lineolatus_FishPix_168303.jpg,https://fishpix.kahaku.go.jp/photos/NR0168/168303AF.jpg,Chaetodontidae,no,exists,163651
Chaetodon lineolatus,168304,168304AF.jpg,Chaetodon_lineolatus_FishPix_168304.jpg,https://fishpix.kahaku.go.jp/photos/NR0168/168304AF.jpg,Chaetodontidae,no,exists,133957
Chaetodon lunula,168305,168305AF.jpg,Chaetodon_lunula_FishPix_168305.jpg,https://fishpix.kahaku.go.jp/photos/NR0168/168305AF.jpg,Chaetodontidae,no,exists,122952
Chaetodon lunula,168306,168306AF.jpg,Chaetodon_lunula_FishPix_168306.jpg,https://fishpix.kahaku.go.jp/photos/NR0168/168306AF.jpg,Chaetodontidae,no,exists,108072
Chaetodon lunula,168307,168307AF.jpg,Chaetodon_lunula_FishPix_168307.jpg,https://fishpix.kahaku.go.jp/photos/NR0168/168307AF.jpg,Chaetodontidae,no,exists,231002
Chaetodon lunula,168308,168308AF.jpg,Chaetodon_lunula_FishPix_168308.jpg,https://fishpix.kahaku.go.jp/photos/NR0168/168308AF.jpg,Chaetodontidae,no,exists,141041
Chaetodon lunula,168309,168309AF.jpg,Chaetodon_lunula_FishPix_168309.jpg,https://fishpix.kahaku.go.jp/photos/NR0168/168309AF.jpg,Chaetodontidae,no,exists,128080
Chaetodon lunula,168310,168310AF.jpg,Chaetodon_lunula_FishPix_168310.jpg,https://fishpix.kahaku.go.jp/photos/NR0168/168310AF.jpg,Chaetodontidae,no,exists,94544
Chaetodon lunula,168311,168311AF.jpg,Chaetodon_lunula_FishPix_168311.jpg,https://fishpix.kahaku.go.jp/photos/NR0168/168311AF.jpg,Chaetodontidae,no,exists,113808
Chaetodon melannotus,168312,168312AF.jpg,Chaetodon_melannotus_FishPix_168312.jpg,https://fishpix.kahaku.go.jp/photos/NR0168/168312AF.jpg,Chaetodontidae,no,exists,135681
Chaetodon melannotus,168313,168313AF.jpg,Chaetodon_melannotus_FishPix_168313.jpg,https://fishpix.kahaku.go.jp/photos/NR0168/168313AF.jpg,Chaetodontidae,no,exists,108270
Chaetodon melannotus,168314,168314AF.jpg,Chaetodon_melannotus_FishPix_168314.jpg,https://fishpix.kahaku.go.jp/photos/NR0168/168314AF.jpg,Chaetodontidae,no,exists,122343
Chaetodon melannotus,168315,168315AF.jpg,Chaetodon_melannotus_FishPix_168315.jpg,https://fishpix.kahaku.go.jp/photos/NR0168/168315AF.jpg,Chaetodontidae,no,exists,120852
Chaetodon melannotus,168316,168316AF.jpg,Chaetodon_melannotus_FishPix_168316.jpg,https://fishpix.kahaku.go.jp/photos/NR0168/168316AF.jpg,Chaetodontidae,no,exists,101589
Chaetodon melannotus,168317,168317AF.jpg,Chaetodon_melannotus_FishPix_168317.jpg,https://fishpix.kahaku.go.jp/photos/NR0168/168317AF.jpg,Chaetodontidae,no,exists,94294
Chaetodon melannotus,168318,168318AF.jpg,Chaetodon_melannotus_FishPix_168318.jpg,https://fishpix.kahaku.go.jp/photos/NR0168/168318AF.jpg,Chaetodontidae,no,exists,146017
Chaetodon nippon,168319,168319AF.jpg,Chaetodon_nippon_FishPix_168319.jpg,https://fishpix.kahaku.go.jp/photos/NR0168/168319AF.jpg,Chaetodontidae,no,exists,132396
Chaetodon nippon,168320,168320AF.jpg,Chaetodon_nippon_FishPix_168320.jpg,https://fishpix.kahaku.go.jp/photos/NR0168/168320AF.jpg,Chaetodontidae,no,exists,120336
Chaetodon nippon,168321,168321AF.jpg,Chaetodon_nippon_FishPix_168321.jpg,https://fishpix.kahaku.go.jp/photos/NR0168/168321AF.jpg,Chaetodontidae,no,exists,123502
Chaetodon nippon,168322,168322AF.jpg,Chaetodon_nippon_FishPix_168322.jpg,https://fishpix.kahaku.go.jp/photos/NR0168/168322AF.jpg,Chaetodontidae,no,exists,103269
Chaetodon nippon,168323,168323AF.jpg,Chaetodon_nippon_FishPix_168323.jpg,https://fishpix.kahaku.go.jp/photos/NR0168/168323AF.jpg,Chaetodontidae,no,exists,128836
Chaetodon ornatissimus,168324,168324AF.jpg,Chaetodon_ornatissimus_FishPix_168324.jpg,https://fishpix.kahaku.go.jp/photos/NR0168/168324AF.jpg,Chaetodontidae,no,exists,95935
Chaetodon ornatissimus,168325,168325AF.jpg,Chaetodon_ornatissimus_FishPix_168325.jpg,https://fishpix.kahaku.go.jp/photos/NR0168/168325AF.jpg,Chaetodontidae,no,exists,143040
Chaetodon ornatissimus,168326,168326AF.jpg,Chaetodon_ornatissimus_FishPix_168326.jpg,https://fishpix.kahaku.go.jp/photos/NR0168/168326AF.jpg,Chaetodontidae,no,exists,145325
Chaetodon plebeius,168327,168327AF.jpg,Chaetodon_plebeius_FishPix_168327.jpg,https://fishpix.kahaku.go.jp/photos/NR0168/168327AF.jpg,Chaetodontidae,no,exists,158158
Chaetodon plebeius,168328,168328AF.jpg,Chaetodon_plebeius_FishPix_168328.jpg,https://fishpix.kahaku.go.jp/photos/NR0168/168328AF.jpg,Chaetodontidae,no,exists,81945
Chaetodon plebeius,168329,168329AF.jpg,Chaetodon_plebeius_FishPix_168329.jpg,https://fishpix.kahaku.go.jp/photos/NR0168/168329AF.jpg,Chaetodontidae,no,exists,142692
Chaetodon plebeius,168330,168330AF.jpg,Chaetodon_plebeius_FishPix_168330.jpg,https://fishpix.kahaku.go.jp/photos/NR0168/168330AF.jpg,Chaetodontidae,no,exists,136111
Chaetodon plebeius,168331,168331AF.jpg,Chaetodon_plebeius_FishPix_168331.jpg,https://fishpix.kahaku.go.jp/photos/NR0168/168331AF.jpg,Chaetodontidae,no,exists,117391
Chaetodon plebeius,168332,168332AF.jpg,Chaetodon_plebeius_FishPix_168332.jpg,https://fishpix.kahaku.go.jp/photos/NR0168/168332AF.jpg,Chaetodontidae,no,exists,109275
Chaetodon punctatofasciatus,168333,168333AF.jpg,Chaetodon_punctatofasciatus_FishPix_168333.jpg,https://fishpix.kahaku.go.jp/photos/NR0168/168333AF.jpg,Chaetodontidae,no,exists,102545
Chaetodon punctatofasciatus,168334,168334AF.jpg,Chaetodon_punctatofasciatus_FishPix_168334.jpg,https://fishpix.kahaku.go.jp/photos/NR0168/168334AF.jpg,Chaetodontidae,no,exists,151904
Chaetodon punctatofasciatus,168335,168335AF.jpg,Chaetodon_punctatofasciatus_FishPix_168335.jpg,https://fishpix.kahaku.go.jp/photos/NR0168/168335AF.jpg,Chaetodontidae,no,exists,97687
Chaetodon punctatofasciatus,168336,168336AF.jpg,Chaetodon_punctatofasciatus_FishPix_168336.jpg,https://fishpix.kahaku.go.jp/photos/NR0168/168336AF.jpg,Chaetodontidae,no,exists,140506
Chaetodon punctatofasciatus,168337,168337AF.jpg,Chaetodon_punctatofasciatus_FishPix_168337.jpg,https://fishpix.kahaku.go.jp/photos/NR0168/168337AF.jpg,Chaetodontidae,no,exists,130736
Chaetodon punctatofasciatus,168338,168338AF.jpg,Chaetodon_punctatofasciatus_FishPix_168338.jpg,https://fishpix.kahaku.go.jp/photos/NR0168/168338AF.jpg,Chaetodontidae,no,exists,122861
Chaetodon punctatofasciatus,168339,168339AF.jpg,Chaetodon_punctatofasciatus_FishPix_168339.jpg,https://fishpix.kahaku.go.jp/photos/NR0168/168339AF.jpg,Chaetodontidae,no,exists,122826
Chaetodon punctatofasciatus,168340,168340AF.jpg,Chaetodon_punctatofasciatus_FishPix_168340.jpg,https://fishpix.kahaku.go.jp/photos/NR0168/168340AF.jpg,Chaetodontidae,no,exists,171947
Chaetodon punctatofasciatus,168341,168341AF.jpg,Chaetodon_punctatofasciatus_FishPix_168341.jpg,https://fishpix.kahaku.go.jp/photos/NR0168/168341AF.jpg,Chaetodontidae,no,exists,133081
Chaetodon punctatofasciatus,168342,168342AF.jpg,Chaetodon_punctatofasciatus_FishPix_168342.jpg,https://fishpix.kahaku.go.jp/photos/NR0168/168342AF.jpg,Chaetodontidae,no,exists,165325
Chaetodon punctatofasciatus,168343,168343AF.jpg,Chaetodon_punctatofasciatus_FishPix_168343.jpg,https://fishpix.kahaku.go.jp/photos/NR0168/168343AF.jpg,Chaetodontidae,no,exists,164697
Chaetodon rafflesii,168344,168344AF.jpg,Chaetodon_rafflesii_FishPix_168344.jpg,https://fishpix.kahaku.go.jp/photos/NR0168/168344AF.jpg,Chaetodontidae,no,exists,124000
Chaetodon rafflesii,168345,168345AF.jpg,Chaetodon_rafflesii_FishPix_168345.jpg,https://fishpix.kahaku.go.jp/photos/NR0168/168345AF.jpg,Chaetodontidae,no,exists,136870
Chaetodon rafflesii,168346,168346AF.jpg,Chaetodon_rafflesii_FishPix_168346.jpg,https://fishpix.kahaku.go.jp/photos/NR0168/168346AF.jpg,Chaetodontidae,no,exists,96348
Chaetodon rafflesii,168347,168347AF.jpg,Chaetodon_rafflesii_FishPix_168347.jpg,https://fishpix.kahaku.go.jp/photos/NR0168/168347AF.jpg,Chaetodontidae,no,exists,137202
Chaetodon rafflesii,168348,168348AF.jpg,Chaetodon_rafflesii_FishPix_168348.jpg,https://fishpix.kahaku.go.jp/photos/NR0168/168348AF.jpg,Chaetodontidae,no,exists,100943
Chaetodon rafflesii,168349,168349AF.jpg,Chaetodon_rafflesii_FishPix_168349.jpg,https://fishpix.kahaku.go.jp/photos/NR0168/168349AF.jpg,Chaetodontidae,no,exists,116838
Chaetodon rafflesii,168350,168350AF.jpg,Chaetodon_rafflesii_FishPix_168350.jpg,https://fishpix.kahaku.go.jp/photos/NR0168/168350AF.jpg,Chaetodontidae,no,exists,124909
Chaetodon rafflesii,168351,168351AF.jpg,Chaetodon_rafflesii_FishPix_168351.jpg,https://fishpix.kahaku.go.jp/photos/NR0168/168351AF.jpg,Chaetodontidae,no,exists,116918
Chaetodon reticulatus,168352,168352AF.jpg,Chaetodon_reticulatus_FishPix_168352.jpg,https://fishpix.kahaku.go.jp/photos/NR0168/168352AF.jpg,Chaetodontidae,no,exists,113618
Chaetodon reticulatus,168353,168353AF.jpg,Chaetodon_reticulatus_FishPix_168353.jpg,https://fishpix.kahaku.go.jp/photos/NR0168/168353AF.jpg,Chaetodontidae,no,exists,109296
Chaetodon selene,168354,168354AF.jpg,Chaetodon_selene_FishPix_168354.jpg,https://fishpix.kahaku.go.jp/photos/NR0168/168354AF.jpg,Chaetodontidae,no,exists,111850
Chaetodon selene,168355,168355AF.jpg,Chaetodon_selene_FishPix_168355.jpg,https://fishpix.kahaku.go.jp/photos/NR0168/168355AF.jpg,Chaetodontidae,no,exists,145971
Chaetodon speculum,168356,168356AF.jpg,Chaetodon_speculum_FishPix_168356.jpg,https://fishpix.kahaku.go.jp/photos/NR0168/168356AF.jpg,Chaetodontidae,no,exists,102815
Chaetodon speculum,168357,168357AF.jpg,Chaetodon_speculum_FishPix_168357.jpg,https://fishpix.kahaku.go.jp/photos/NR0168/168357AF.jpg,Chaetodontidae,no,exists,114516
Chaetodon speculum,168358,168358AF.jpg,Chaetodon_speculum_FishPix_168358.jpg,https://fishpix.kahaku.go.jp/photos/NR0168/168358AF.jpg,Chaetodontidae,no,exists,123111
Chaetodon trifascialis,168359,168359AF.jpg,Chaetodon_trifascialis_FishPix_168359.jpg,https://fishpix.kahaku.go.jp/photos/NR0168/168359AF.jpg,Chaetodontidae,no,exists,112783
Chaetodon trifascialis,168360,168360AF.jpg,Chaetodon_trifascialis_FishPix_168360.jpg,https://fishpix.kahaku.go.jp/photos/NR0168/168360AF.jpg,Chaetodontidae,no,exists,93258
Chaetodon trifascialis,168361,168361AF.jpg,Chaetodon_trifascialis_FishPix_168361.jpg,https://fishpix.kahaku.go.jp/photos/NR0168/168361AF.jpg,Chaetodontidae,no,exists,115913
Chaetodon trifascialis,168362,168362AF.jpg,Chaetodon_trifascialis_FishPix_168362.jpg,https://fishpix.kahaku.go.jp/photos/NR0168/168362AF.jpg,Chaetodontidae,no,exists,112820
Chaetodon trifascialis,168363,168363AF.jpg,Chaetodon_trifascialis_FishPix_168363.jpg,https://fishpix.kahaku.go.jp/photos/NR0168/168363AF.jpg,Chaetodontidae,no,exists,126837
Chaetodon trifascialis,168364,168364AF.jpg,Chaetodon_trifascialis_FishPix_168364.jpg,https://fishpix.kahaku.go.jp/photos/NR0168/168364AF.jpg,Chaetodontidae,no,exists,134634
Chaetodon trifascialis,168365,168365AF.jpg,Chaetodon_trifascialis_FishPix_168365.jpg,https://fishpix.kahaku.go.jp/photos/NR0168/168365AF.jpg,Chaetodontidae,no,exists,123845
Chaetodon trifascialis,168366,168366AF.jpg,Chaetodon_trifascialis_FishPix_168366.jpg,https://fishpix.kahaku.go.jp/photos/NR0168/168366AF.jpg,Chaetodontidae,no,exists,149033
Chaetodon trifascialis,168367,168367AF.jpg,Chaetodon_trifascialis_FishPix_168367.jpg,https://fishpix.kahaku.go.jp/photos/NR0168/168367AF.jpg,Chaetodontidae,no,exists,165659
Chaetodon trifascialis,168368,168368AF.jpg,Chaetodon_trifascialis_FishPix_168368.jpg,https://fishpix.kahaku.go.jp/photos/NR0168/168368AF.jpg,Chaetodontidae,no,exists,160777
Chaetodon trifascialis,168369,168369AF.jpg,Chaetodon_trifascialis_FishPix_168369.jpg,https://fishpix.kahaku.go.jp/photos/NR0168/168369AF.jpg,Chaetodontidae,no,exists,127408
Chaetodon lunulatus,168370,168370AF.jpg,Chaetodon_lunulatus_FishPix_168370.jpg,https://fishpix.kahaku.go.jp/photos/NR0168/168370AF.jpg,Chaetodontidae,no,exists,87511
Chaetodon lunulatus,168371,168371AF.jpg,Chaetodon_lunulatus_FishPix_168371.jpg,https://fishpix.kahaku.go.jp/photos/NR0168/168371AF.jpg,Chaetodontidae,no,exists,104609
Chaetodon lunulatus,168372,168372AF.jpg,Chaetodon_lunulatus_FishPix_168372.jpg,https://fishpix.kahaku.go.jp/photos/NR0168/168372AF.jpg,Chaetodontidae,no,exists,130530
Chaetodon lunulatus,168373,168373AF.jpg,Chaetodon_lunulatus_FishPix_168373.jpg,https://fishpix.kahaku.go.jp/photos/NR0168/168373AF.jpg,Chaetodontidae,no,exists,132183
Chaetodon lunulatus,168374,168374AF.jpg,Chaetodon_lunulatus_FishPix_168374.jpg,https://fishpix.kahaku.go.jp/photos/NR0168/168374AF.jpg,Chaetodontidae,no,exists,137263
Chaetodon lunulatus,168375,168375AF.jpg,Chaetodon_lunulatus_FishPix_168375.jpg,https://fishpix.kahaku.go.jp/photos/NR0168/168375AF.jpg,Chaetodontidae,no,exists,135470
Chaetodon lunulatus,168376,168376AF.jpg,Chaetodon_lunulatus_FishPix_168376.jpg,https://fishpix.kahaku.go.jp/photos/NR0168/168376AF.jpg,Chaetodontidae,no,exists,128767
Chaetodon ulietensis,168377,168377AF.jpg,Chaetodon_ulietensis_FishPix_168377.jpg,https://fishpix.kahaku.go.jp/photos/NR0168/168377AF.jpg,Chaetodontidae,no,exists,137263
Chaetodon ulietensis,168378,168378AF.jpg,Chaetodon_ulietensis_FishPix_168378.jpg,https://fishpix.kahaku.go.jp/photos/NR0168/168378AF.jpg,Chaetodontidae,no,exists,126842
Chaetodon ulietensis,168379,168379AF.jpg,Chaetodon_ulietensis_FishPix_168379.jpg,https://fishpix.kahaku.go.jp/photos/NR0168/168379AF.jpg,Chaetodontidae,no,exists,110909
Chaetodon unimaculatus,168380,168380AF.jpg,Chaetodon_unimaculatus_FishPix_168380.jpg,https://fishpix.kahaku.go.jp/photos/NR0168/168380AF.jpg,Chaetodontidae,no,exists,150750
Chaetodon unimaculatus,168381,168381AF.jpg,Chaetodon_unimaculatus_FishPix_168381.jpg,https://fishpix.kahaku.go.jp/photos/NR0168/168381AF.jpg,Chaetodontidae,no,exists,81496
Chaetodon unimaculatus,168382,168382AF.jpg,Chaetodon_unimaculatus_FishPix_168382.jpg,https://fishpix.kahaku.go.jp/photos/NR0168/168382AF.jpg,Chaetodontidae,no,exists,142599
Chaetodon unimaculatus,168383,168383AF.jpg,Chaetodon_unimaculatus_FishPix_168383.jpg,https://fishpix.kahaku.go.jp/photos/NR0168/168383AF.jpg,Chaetodontidae,no,exists,72120
Chaetodon unimaculatus,168384,168384AF.jpg,Chaetodon_unimaculatus_FishPix_168384.jpg,https://fishpix.kahaku.go.jp/photos/NR0168/168384AF.jpg,Chaetodontidae,no,exists,111738
Chaetodon unimaculatus,168385,168385AF.jpg,Chaetodon_unimaculatus_FishPix_168385.jpg,https://fishpix.kahaku.go.jp/photos/NR0168/168385AF.jpg,Chaetodontidae,no,exists,116577
Chaetodon vagabundus,168386,168386AF.jpg,Chaetodon_vagabundus_FishPix_168386.jpg,https://fishpix.kahaku.go.jp/photos/NR0168/168386AF.jpg,Chaetodontidae,no,exists,61876
Chaetodon vagabundus,168387,168387AF.jpg,Chaetodon_vagabundus_FishPix_168387.jpg,https://fishpix.kahaku.go.jp/photos/NR0168/168387AF.jpg,Chaetodontidae,no,exists,114718
Chaetodon vagabundus,168388,168388AF.jpg,Chaetodon_vagabundus_FishPix_168388.jpg,https://fishpix.kahaku.go.jp/photos/NR0168/168388AF.jpg,Chaetodontidae,no,exists,126447
Chaetodon vagabundus,168389,168389AF.jpg,Chaetodon_vagabundus_FishPix_168389.jpg,https://fishpix.kahaku.go.jp/photos/NR0168/168389AF.jpg,Chaetodontidae,no,exists,150128
Chaetodon vagabundus,168390,168390AF.jpg,Chaetodon_vagabundus_FishPix_168390.jpg,https://fishpix.kahaku.go.jp/photos/NR0168/168390AF.jpg,Chaetodontidae,no,exists,103105
Chaetodon vagabundus,168391,168391AF.jpg,Chaetodon_vagabundus_FishPix_168391.jpg,https://fishpix.kahaku.go.jp/photos/NR0168/168391AF.jpg,Chaetodontidae,no,exists,102833
Chaetodon vagabundus,168392,168392AF.jpg,Chaetodon_vagabundus_FishPix_168392.jpg,https://fishpix.kahaku.go.jp/photos/NR0168/168392AF.jpg,Chaetodontidae,no,exists,120124
Chaetodon vagabundus,168393,168393AF.jpg,Chaetodon_vagabundus_FishPix_168393.jpg,https://fishpix.kahaku.go.jp/photos/NR0168/168393AF.jpg,Chaetodontidae,no,exists,144941
Chaetodon vagabundus,168394,168394AF.jpg,Chaetodon_vagabundus_FishPix_168394.jpg,https://fishpix.kahaku.go.jp/photos/NR0168/168394AF.jpg,Chaetodontidae,no,exists,109338
Chaetodon vagabundus,168395,168395AF.jpg,Chaetodon_vagabundus_FishPix_168395.jpg,https://fishpix.kahaku.go.jp/photos/NR0168/168395AF.jpg,Chaetodontidae,no,exists,139515
Chaetodon vagabundus,168396,168396AF.jpg,Chaetodon_vagabundus_FishPix_168396.jpg,https://fishpix.kahaku.go.jp/photos/NR0168/168396AF.jpg,Chaetodontidae,no,exists,100091
Chaetodon vagabundus,168397,168397AF.jpg,Chaetodon_vagabundus_FishPix_168397.jpg,https://fishpix.kahaku.go.jp/photos/NR0168/168397AF.jpg,Chaetodontidae,no,exists,127734
Chaetodon vagabundus,168398,168398AF.jpg,Chaetodon_vagabundus_FishPix_168398.jpg,https://fishpix.kahaku.go.jp/photos/NR0168/168398AF.jpg,Chaetodontidae,no,exists,141582
Chaetodon xanthurus,168399,168399AF.jpg,Chaetodon_xanthurus_FishPix_168399.jpg,https://fishpix.kahaku.go.jp/photos/NR0168/168399AF.jpg,Chaetodontidae,no,exists,125455
Chaetodon xanthurus,168400,168400AF.jpg,Chaetodon_xanthurus_FishPix_168400.jpg,https://fishpix.kahaku.go.jp/photos/NR0168/168400AF.jpg,Chaetodontidae,no,exists,148609
Chaetodon xanthurus,168401,168401AF.jpg,Chaetodon_xanthurus_FishPix_168401.jpg,https://fishpix.kahaku.go.jp/photos/NR0168/168401AF.jpg,Chaetodontidae,no,exists,154225
Chaetodon xanthurus,168402,168402AF.jpg,Chaetodon_xanthurus_FishPix_168402.jpg,https://fishpix.kahaku.go.jp/photos/NR0168/168402AF.jpg,Chaetodontidae,no,exists,177660
Chaetodon xanthurus,168403,168403AF.jpg,Chaetodon_xanthurus_FishPix_168403.jpg,https://fishpix.kahaku.go.jp/photos/NR0168/168403AF.jpg,Chaetodontidae,no,exists,126869
Chaetodon xanthurus,168404,168404AF.jpg,Chaetodon_xanthurus_FishPix_168404.jpg,https://fishpix.kahaku.go.jp/photos/NR0168/168404AF.jpg,Chaetodontidae,no,exists,119294
Coradion altivelis,168405,168405AF.jpg,Coradion_altivelis_FishPix_168405.jpg,https://fishpix.kahaku.go.jp/photos/NR0168/168405AF.jpg,Chaetodontidae,no,exists,104587
Coradion altivelis,168406,168406AF.jpg,Coradion_altivelis_FishPix_168406.jpg,https://fishpix.kahaku.go.jp/photos/NR0168/168406AF.jpg,Chaetodontidae,no,exists,104200
Coradion altivelis,168407,168407AF.jpg,Coradion_altivelis_FishPix_168407.jpg,https://fishpix.kahaku.go.jp/photos/NR0168/168407AF.jpg,Chaetodontidae,no,exists,99375
Coradion altivelis,168408,168408AF.jpg,Coradion_altivelis_FishPix_168408.jpg,https://fishpix.kahaku.go.jp/photos/NR0168/168408AF.jpg,Chaetodontidae,no,exists,128806
Coradion altivelis,168409,168409AF.jpg,Coradion_altivelis_FishPix_168409.jpg,https://fishpix.kahaku.go.jp/photos/NR0168/168409AF.jpg,Chaetodontidae,no,exists,100747
Forcipiger flavissimus,168410,168410AF.jpg,Forcipiger_flavissimus_FishPix_168410.jpg,https://fishpix.kahaku.go.jp/photos/NR0168/168410AF.jpg,Chaetodontidae,no,exists,94464
Forcipiger flavissimus,168411,168411AF.jpg,Forcipiger_flavissimus_FishPix_168411.jpg,https://fishpix.kahaku.go.jp/photos/NR0168/168411AF.jpg,Chaetodontidae,no,exists,94220
Forcipiger flavissimus,168412,168412AF.jpg,Forcipiger_flavissimus_FishPix_168412.jpg,https://fishpix.kahaku.go.jp/photos/NR0168/168412AF.jpg,Chaetodontidae,no,exists,89774
Forcipiger flavissimus,168413,168413AF.jpg,Forcipiger_flavissimus_FishPix_168413.jpg,https://fishpix.kahaku.go.jp/photos/NR0168/168413AF.jpg,Chaetodontidae,no,exists,100362
Forcipiger flavissimus,168414,168414AF.jpg,Forcipiger_flavissimus_FishPix_168414.jpg,https://fishpix.kahaku.go.jp/photos/NR0168/168414AF.jpg,Chaetodontidae,no,exists,91923
Forcipiger flavissimus,168415,168415AF.jpg,Forcipiger_flavissimus_FishPix_168415.jpg,https://fishpix.kahaku.go.jp/photos/NR0168/168415AF.jpg,Chaetodontidae,no,exists,77251
Forcipiger flavissimus,168416,168416AF.jpg,Forcipiger_flavissimus_FishPix_168416.jpg,https://fishpix.kahaku.go.jp/photos/NR0168/168416AF.jpg,Chaetodontidae,no,exists,111835
Forcipiger flavissimus,168417,168417AF.jpg,Forcipiger_flavissimus_FishPix_168417.jpg,https://fishpix.kahaku.go.jp/photos/NR0168/168417AF.jpg,Chaetodontidae,no,exists,84159
Forcipiger flavissimus,168418,168418AF.jpg,Forcipiger_flavissimus_FishPix_168418.jpg,https://fishpix.kahaku.go.jp/photos/NR0168/168418AF.jpg,Chaetodontidae,no,exists,100830
Forcipiger flavissimus,168419,168419AF.jpg,Forcipiger_flavissimus_FishPix_168419.jpg,https://fishpix.kahaku.go.jp/photos/NR0168/168419AF.jpg,Chaetodontidae,no,exists,137232
Hemitaurichthys polylepis,168420,168420AF.jpg,Hemitaurichthys_polylepis_FishPix_168420.jpg,https://fishpix.kahaku.go.jp/photos/NR0168/168420AF.jpg,Chaetodontidae,no,exists,103928
Hemitaurichthys polylepis,168421,168421AF.jpg,Hemitaurichthys_polylepis_FishPix_168421.jpg,https://fishpix.kahaku.go.jp/photos/NR0168/168421AF.jpg,Chaetodontidae,no,exists,60573
Hemitaurichthys polylepis,168422,168422AF.jpg,Hemitaurichthys_polylepis_FishPix_168422.jpg,https://fishpix.kahaku.go.jp/photos/NR0168/168422AF.jpg,Chaetodontidae,no,exists,68498
Hemitaurichthys polylepis,168423,168423AF.jpg,Hemitaurichthys_polylepis_FishPix_168423.jpg,https://fishpix.kahaku.go.jp/photos/NR0168/168423AF.jpg,Chaetodontidae,no,exists,60973
Hemitaurichthys polylepis,168424,168424AF.jpg,Hemitaurichthys_polylepis_FishPix_168424.jpg,https://fishpix.kahaku.go.jp/photos/NR0168/168424AF.jpg,Chaetodontidae,no,exists,104923
Hemitaurichthys polylepis,168425,168425AF.jpg,Hemitaurichthys_polylepis_FishPix_168425.jpg,https://fishpix.kahaku.go.jp/photos/NR0168/168425AF.jpg,Chaetodontidae,no,exists,95330
Hemitaurichthys polylepis,168426,168426AF.jpg,Hemitaurichthys_polylepis_FishPix_168426.jpg,https://fishpix.kahaku.go.jp/photos/NR0168/168426AF.jpg,Chaetodontidae,no,exists,64405
Heniochus acuminatus,168427,168427AF.jpg,Heniochus_acuminatus_FishPix_168427.jpg,https://fishpix.kahaku.go.jp/photos/NR0168/168427AF.jpg,Chaetodontidae,no,exists,75333
Heniochus acuminatus,168428,168428AF.jpg,Heniochus_acuminatus_FishPix_168428.jpg,https://fishpix.kahaku.go.jp/photos/NR0168/168428AF.jpg,Chaetodontidae,no,exists,104793
Heniochus chrysostomus,168429,168429AF.jpg,Heniochus_chrysostomus_FishPix_168429.jpg,https://fishpix.kahaku.go.jp/photos/NR0168/168429AF.jpg,Chaetodontidae,no,exists,84736
Heniochus chrysostomus,168430,168430AF.jpg,Heniochus_chrysostomus_FishPix_168430.jpg,https://fishpix.kahaku.go.jp/photos/NR0168/168430AF.jpg,Chaetodontidae,no,exists,177397
Heniochus chrysostomus,168431,168431AF.jpg,Heniochus_chrysostomus_FishPix_168431.jpg,https://fishpix.kahaku.go.jp/photos/NR0168/168431AF.jpg,Chaetodontidae,no,exists,146985
Heniochus chrysostomus,168432,168432AF.jpg,Heniochus_chrysostomus_FishPix_168432.jpg,https://fishpix.kahaku.go.jp/photos/NR0168/168432AF.jpg,Chaetodontidae,no,exists,96351
Heniochus chrysostomus,168433,168433AF.jpg,Heniochus_chrysostomus_FishPix_168433.jpg,https://fishpix.kahaku.go.jp/photos/NR0168/168433AF.jpg,Chaetodontidae,no,exists,125230
Heniochus chrysostomus,168434,168434AF.jpg,Heniochus_chrysostomus_FishPix_168434.jpg,https://fishpix.kahaku.go.jp/photos/NR0168/168434AF.jpg,Chaetodontidae,no,exists,161437
Heniochus chrysostomus,168435,168435AF.jpg,Heniochus_chrysostomus_FishPix_168435.jpg,https://fishpix.kahaku.go.jp/photos/NR0168/168435AF.jpg,Chaetodontidae,no,exists,167278
Heniochus chrysostomus,168436,168436AF.jpg,Heniochus_chrysostomus_FishPix_168436.jpg,https://fishpix.kahaku.go.jp/photos/NR0168/168436AF.jpg,Chaetodontidae,no,exists,155200
Heniochus diphreutes,168437,168437AF.jpg,Heniochus_diphreutes_FishPix_168437.jpg,https://fishpix.kahaku.go.jp/photos/NR0168/168437AF.jpg,Chaetodontidae,no,exists,67593
Heniochus diphreutes,168438,168438AF.jpg,Heniochus_diphreutes_FishPix_168438.jpg,https://fishpix.kahaku.go.jp/photos/NR0168/168438AF.jpg,Chaetodontidae,no,exists,61034
Heniochus diphreutes,168439,168439AF.jpg,Heniochus_diphreutes_FishPix_168439.jpg,https://fishpix.kahaku.go.jp/photos/NR0168/168439AF.jpg,Chaetodontidae,no,exists,53295
Heniochus diphreutes,168440,168440AF.jpg,Heniochus_diphreutes_FishPix_168440.jpg,https://fishpix.kahaku.go.jp/photos/NR0168/168440AF.jpg,Chaetodontidae,no,exists,56362
Heniochus diphreutes,168441,168441AF.jpg,Heniochus_diphreutes_FishPix_168441.jpg,https://fishpix.kahaku.go.jp/photos/NR0168/168441AF.jpg,Chaetodontidae,no,exists,60274
Heniochus diphreutes,168442,168442AF.jpg,Heniochus_diphreutes_FishPix_168442.jpg,https://fishpix.kahaku.go.jp/photos/NR0168/168442AF.jpg,Chaetodontidae,no,exists,51452
Heniochus diphreutes,168443,168443AF.jpg,Heniochus_diphreutes_FishPix_168443.jpg,https://fishpix.kahaku.go.jp/photos/NR0168/168443AF.jpg,Chaetodontidae,no,exists,81486
Heniochus diphreutes,168444,168444AF.jpg,Heniochus_diphreutes_FishPix_168444.jpg,https://fishpix.kahaku.go.jp/photos/NR0168/168444AF.jpg,Chaetodontidae,no,exists,90002
Heniochus monoceros,168445,168445AF.jpg,Heniochus_monoceros_FishPix_168445.jpg,https://fishpix.kahaku.go.jp/photos/NR0168/168445AF.jpg,Chaetodontidae,no,exists,86964
Heniochus monoceros,168446,168446AF.jpg,Heniochus_monoceros_FishPix_168446.jpg,https://fishpix.kahaku.go.jp/photos/NR0168/168446AF.jpg,Chaetodontidae,no,exists,137925
Heniochus monoceros,168447,168447AF.jpg,Heniochus_monoceros_FishPix_168447.jpg,https://fishpix.kahaku.go.jp/photos/NR0168/168447AF.jpg,Chaetodontidae,no,exists,117284
Heniochus singularius,168448,168448AF.jpg,Heniochus_singularius_FishPix_168448.jpg,https://fishpix.kahaku.go.jp/photos/NR0168/168448AF.jpg,Chaetodontidae,no,exists,159039
Heniochus singularius,168449,168449AF.jpg,Heniochus_singularius_FishPix_168449.jpg,https://fishpix.kahaku.go.jp/photos/NR0168/168449AF.jpg,Chaetodontidae,no,exists,126173
Heniochus varius,168450,168450AF.jpg,Heniochus_varius_FishPix_168450.jpg,https://fishpix.kahaku.go.jp/photos/NR0168/168450AF.jpg,Chaetodontidae,no,exists,74987
Heniochus varius,168451,168451AF.jpg,Heniochus_varius_FishPix_168451.jpg,https://fishpix.kahaku.go.jp/photos/NR0168/168451AF.jpg,Chaetodontidae,no,exists,80326
Heniochus varius,168452,168452AF.jpg,Heniochus_varius_FishPix_168452.jpg,https://fishpix.kahaku.go.jp/photos/NR0168/168452AF.jpg,Chaetodontidae,no,exists,123957
Heniochus varius,168453,168453AF.jpg,Heniochus_varius_FishPix_168453.jpg,https://fishpix.kahaku.go.jp/photos/NR0168/168453AF.jpg,Chaetodontidae,no,exists,120622
Heniochus varius,168454,168454AF.jpg,Heniochus_varius_FishPix_168454.jpg,https://fishpix.kahaku.go.jp/photos/NR0168/168454AF.jpg,Chaetodontidae,no,exists,129473
Heniochus varius,168455,168455AF.jpg,Heniochus_varius_FishPix_168455.jpg,https://fishpix.kahaku.go.jp/photos/NR0168/168455AF.jpg,Chaetodontidae,no,exists,130292
Heniochus varius,168456,168456AF.jpg,Heniochus_varius_FishPix_168456.jpg,https://fishpix.kahaku.go.jp/photos/NR0168/168456AF.jpg,Chaetodontidae,no,exists,163522
Heniochus varius,168457,168457AF.jpg,Heniochus_varius_FishPix_168457.jpg,https://fishpix.kahaku.go.jp/photos/NR0168/168457AF.jpg,Chaetodontidae,no,exists,121398
Heniochus varius,168458,168458AF.jpg,Heniochus_varius_FishPix_168458.jpg,https://fishpix.kahaku.go.jp/photos/NR0168/168458AF.jpg,Chaetodontidae,no,exists,161511
Heniochus diphreutes,16852,16852AF.jpg,Heniochus_diphreutes_FishPix_16852.jpg,https://fishpix.kahaku.go.jp/photos/NR0016/16852AF.jpg,Chaetodontidae,no,exists,253501
Forcipiger flavissimus,16859,16859AF.jpg,Forcipiger_flavissimus_FishPix_16859.jpg,https://fishpix.kahaku.go.jp/photos/NR0016/16859AF.jpg,Chaetodontidae,no,exists,124639
Chaetodon selene,16868,16868AF.jpg,Chaetodon_selene_FishPix_16868.jpg,https://fishpix.kahaku.go.jp/photos/NR0016/16868AF.jpg,Chaetodontidae,no,exists,206268
Chaetodon auripes,16887,16887AF.jpg,Chaetodon_auripes_FishPix_16887.jpg,https://fishpix.kahaku.go.jp/photos/NR0016/16887AF.jpg,Chaetodontidae,no,exists,273948
Parachaetodon ocellatus,16927,16927AF.jpg,Parachaetodon_ocellatus_FishPix_16927.jpg,https://fishpix.kahaku.go.jp/photos/NR0016/16927AF.jpg,Chaetodontidae,no,exists,106415
Heniochus acuminatus,16940,16940AF.jpg,Heniochus_acuminatus_FishPix_16940.jpg,https://fishpix.kahaku.go.jp/photos/NR0016/16940AF.jpg,Chaetodontidae,no,exists,113634
Heniochus acuminatus,16988,16988AF.jpg,Heniochus_acuminatus_FishPix_16988.jpg,https://fishpix.kahaku.go.jp/photos/NR0016/16988AF.jpg,Chaetodontidae,no,exists,92549
Chaetodon auriga,17035,17035AF.jpg,Chaetodon_auriga_FishPix_17035.jpg,https://fishpix.kahaku.go.jp/photos/NR0017/17035AF.jpg,Chaetodontidae,no,exists,113549
Heniochus monoceros,17044,17044AF.jpg,Heniochus_monoceros_FishPix_17044.jpg,https://fishpix.kahaku.go.jp/photos/NR0017/17044AF.jpg,Chaetodontidae,no,exists,264520
Chaetodon ulietensis,17061,17061AF.jpg,Chaetodon_ulietensis_FishPix_17061.jpg,https://fishpix.kahaku.go.jp/photos/NR0017/17061AF.jpg,Chaetodontidae,no,exists,130414
Chaetodon wiebeli,17103,17103AF.jpg,Chaetodon_wiebeli_FishPix_17103.jpg,https://fishpix.kahaku.go.jp/photos/NR0017/17103AF.jpg,Chaetodontidae,no,exists,500086
Chaetodon guentheri,17104,17104AF.jpg,Chaetodon_guentheri_FishPix_17104.jpg,https://fishpix.kahaku.go.jp/photos/NR0017/17104AF.jpg,Chaetodontidae,no,exists,516111
Chaetodon lunula,171285,171285AF.jpg,Chaetodon_lunula_FishPix_171285.jpg,https://fishpix.kahaku.go.jp/photos/NR0171/171285AF.jpg,Chaetodontidae,no,exists,127667
Chaetodon nippon,171378,171378AF.jpg,Chaetodon_nippon_FishPix_171378.jpg,https://fishpix.kahaku.go.jp/photos/NR0171/171378AF.jpg,Chaetodontidae,no,exists,94603
Chaetodon lunulatus,171408,171408AF.jpg,Chaetodon_lunulatus_FishPix_171408.jpg,https://fishpix.kahaku.go.jp/photos/NR0171/171408AF.jpg,Chaetodontidae,no,exists,78074
Chaetodon lunulatus,171409,171409AF.jpg,Chaetodon_lunulatus_FishPix_171409.jpg,https://fishpix.kahaku.go.jp/photos/NR0171/171409AF.jpg,Chaetodontidae,no,exists,107759
Chaetodon lunulatus,171425,171425AF.jpg,Chaetodon_lunulatus_FishPix_171425.jpg,https://fishpix.kahaku.go.jp/photos/NR0171/171425AF.jpg,Chaetodontidae,no,exists,66133
Chaetodon trifascialis,171426,171426AF.jpg,Chaetodon_trifascialis_FishPix_171426.jpg,https://fishpix.kahaku.go.jp/photos/NR0171/171426AF.jpg,Chaetodontidae,no,exists,71661
Chaetodon trifascialis,171429,171429AF.jpg,Chaetodon_trifascialis_FishPix_171429.jpg,https://fishpix.kahaku.go.jp/photos/NR0171/171429AF.jpg,Chaetodontidae,no,exists,56921
Chaetodon punctatofasciatus,171462,171462AF.jpg,Chaetodon_punctatofasciatus_FishPix_171462.jpg,https://fishpix.kahaku.go.jp/photos/NR0171/171462AF.jpg,Chaetodontidae,no,exists,96530
Chaetodon auripes,171471,171471AF.jpg,Chaetodon_auripes_FishPix_171471.jpg,https://fishpix.kahaku.go.jp/photos/NR0171/171471AF.jpg,Chaetodontidae,no,exists,76552
Chaetodon trifascialis,171476,171476AF.jpg,Chaetodon_trifascialis_FishPix_171476.jpg,https://fishpix.kahaku.go.jp/photos/NR0171/171476AF.jpg,Chaetodontidae,no,exists,63942
Chaetodon lunulatus,171504,171504AF.jpg,Chaetodon_lunulatus_FishPix_171504.jpg,https://fishpix.kahaku.go.jp/photos/NR0171/171504AF.jpg,Chaetodontidae,no,exists,67539
Chaetodon vagabundus,171543,171543AF.jpg,Chaetodon_vagabundus_FishPix_171543.jpg,https://fishpix.kahaku.go.jp/photos/NR0171/171543AF.jpg,Chaetodontidae,no,exists,100740
Chaetodon plebeius,171563,171563AF.jpg,Chaetodon_plebeius_FishPix_171563.jpg,https://fishpix.kahaku.go.jp/photos/NR0171/171563AF.jpg,Chaetodontidae,no,exists,129950
Chaetodon bennetti,171565,171565AF.jpg,Chaetodon_bennetti_FishPix_171565.jpg,https://fishpix.kahaku.go.jp/photos/NR0171/171565AF.jpg,Chaetodontidae,no,exists,99212
Chaetodon plebeius,171579,171579AF.jpg,Chaetodon_plebeius_FishPix_171579.jpg,https://fishpix.kahaku.go.jp/photos/NR0171/171579AF.jpg,Chaetodontidae,no,exists,92939
Chaetodon vagabundus,171580,171580AF.jpg,Chaetodon_vagabundus_FishPix_171580.jpg,https://fishpix.kahaku.go.jp/photos/NR0171/171580AF.jpg,Chaetodontidae,no,exists,90251
Chaetodon lunulatus,171582,171582AF.jpg,Chaetodon_lunulatus_FishPix_171582.jpg,https://fishpix.kahaku.go.jp/photos/NR0171/171582AF.jpg,Chaetodontidae,no,exists,73693
Chaetodon trifascialis,171584,171584AF.jpg,Chaetodon_trifascialis_FishPix_171584.jpg,https://fishpix.kahaku.go.jp/photos/NR0171/171584AF.jpg,Chaetodontidae,no,exists,64202
Chaetodon trifascialis,171587,171587AF.jpg,Chaetodon_trifascialis_FishPix_171587.jpg,https://fishpix.kahaku.go.jp/photos/NR0171/171587AF.jpg,Chaetodontidae,no,exists,84893
Chaetodon auripes,171629,171629AF.jpg,Chaetodon_auripes_FishPix_171629.jpg,https://fishpix.kahaku.go.jp/photos/NR0171/171629AF.jpg,Chaetodontidae,no,exists,56448
Chaetodon punctatofasciatus,171652,171652AF.jpg,Chaetodon_punctatofasciatus_FishPix_171652.jpg,https://fishpix.kahaku.go.jp/photos/NR0171/171652AF.jpg,Chaetodontidae,no,exists,102525
Chaetodon auriga,171664,171664AF.jpg,Chaetodon_auriga_FishPix_171664.jpg,https://fishpix.kahaku.go.jp/photos/NR0171/171664AF.jpg,Chaetodontidae,no,exists,187898
Chaetodon auripes,171673,171673AF.jpg,Chaetodon_auripes_FishPix_171673.jpg,https://fishpix.kahaku.go.jp/photos/NR0171/171673AF.jpg,Chaetodontidae,no,exists,148515
Chaetodon auriga,171713,171713AF.jpg,Chaetodon_auriga_FishPix_171713.jpg,https://fishpix.kahaku.go.jp/photos/NR0171/171713AF.jpg,Chaetodontidae,no,exists,248684
Heniochus diphreutes,171718,171718AF.jpg,Heniochus_diphreutes_FishPix_171718.jpg,https://fishpix.kahaku.go.jp/photos/NR0171/171718AF.jpg,Chaetodontidae,no,exists,295464
Chaetodon vagabundus,171736,171736AF.jpg,Chaetodon_vagabundus_FishPix_171736.jpg,https://fishpix.kahaku.go.jp/photos/NR0171/171736AF.jpg,Chaetodontidae,no,exists,226511
Chaetodon auriga,171775,171775AF.jpg,Chaetodon_auriga_FishPix_171775.jpg,https://fishpix.kahaku.go.jp/photos/NR0171/171775AF.jpg,Chaetodontidae,no,exists,136643
Roa modesta,17178,17178AF.jpg,Roa_modesta_FishPix_17178.jpg,https://fishpix.kahaku.go.jp/photos/NR0017/17178AF.jpg,Chaetodontidae,no,exists,130129
Chaetodon auriga,171822,171822AF.jpg,Chaetodon_auriga_FishPix_171822.jpg,https://fishpix.kahaku.go.jp/photos/NR0171/171822AF.jpg,Chaetodontidae,no,exists,178807
Chaetodon auripes,171861,171861AF.jpg,Chaetodon_auripes_FishPix_171861.jpg,https://fishpix.kahaku.go.jp/photos/NR0171/171861AF.jpg,Chaetodontidae,no,exists,180046
Chaetodon guentheri,17187,17187AF.jpg,Chaetodon_guentheri_FishPix_17187.jpg,https://fishpix.kahaku.go.jp/photos/NR0017/17187AF.jpg,Chaetodontidae,no,exists,149937
Chaetodon argentatus,171881,171881AF.jpg,Chaetodon_argentatus_FishPix_171881.jpg,https://fishpix.kahaku.go.jp/photos/NR0171/171881AF.jpg,Chaetodontidae,no,exists,114823
Chaetodon nippon,17190,17190AF.jpg,Chaetodon_nippon_FishPix_17190.jpg,https://fishpix.kahaku.go.jp/photos/NR0017/17190AF.jpg,Chaetodontidae,no,exists,132337
Heniochus acuminatus,17215,17215AF.jpg,Heniochus_acuminatus_FishPix_17215.jpg,https://fishpix.kahaku.go.jp/photos/NR0017/17215AF.jpg,Chaetodontidae,no,exists,243133
Chaetodon guentheri,17231,17231AF.jpg,Chaetodon_guentheri_FishPix_17231.jpg,https://fishpix.kahaku.go.jp/photos/NR0017/17231AF.jpg,Chaetodontidae,no,exists,179980
Heniochus diphreutes,17232,17232AF.jpg,Heniochus_diphreutes_FishPix_17232.jpg,https://fishpix.kahaku.go.jp/photos/NR0017/17232AF.jpg,Chaetodontidae,no,exists,114355
Chaetodon guentheri,17252,17252AF.jpg,Chaetodon_guentheri_FishPix_17252.jpg,https://fishpix.kahaku.go.jp/photos/NR0017/17252AF.jpg,Chaetodontidae,no,exists,133994
Forcipiger flavissimus,17253,17253AF.jpg,Forcipiger_flavissimus_FishPix_17253.jpg,https://fishpix.kahaku.go.jp/photos/NR0017/17253AF.jpg,Chaetodontidae,no,exists,218927
Coradion altivelis,17291,17291AF.jpg,Coradion_altivelis_FishPix_17291.jpg,https://fishpix.kahaku.go.jp/photos/NR0017/17291AF.jpg,Chaetodontidae,no,exists,198437
Chaetodon melannotus,17334,17334AF.jpg,Chaetodon_melannotus_FishPix_17334.jpg,https://fishpix.kahaku.go.jp/photos/NR0017/17334AF.jpg,Chaetodontidae,yes,exists,44497
Chaetodon citrinellus,17335,17335AF.jpg,Chaetodon_citrinellus_FishPix_17335.jpg,https://fishpix.kahaku.go.jp/photos/NR0017/17335AF.jpg,Chaetodontidae,no,exists,78949
Chaetodon vagabundus,174,174AF.jpg,Chaetodon_vagabundus_FishPix_174.jpg,https://fishpix.kahaku.go.jp/photos/NR0000/174AF.jpg,Chaetodontidae,no,exists,118391
Chaetodon reticulatus,174416,174416AF.jpg,Chaetodon_reticulatus_FishPix_174416.jpg,https://fishpix.kahaku.go.jp/photos/NR0174/174416AF.jpg,Chaetodontidae,no,exists,75901
Forcipiger flavissimus,174417,174417AF.jpg,Forcipiger_flavissimus_FishPix_174417.jpg,https://fishpix.kahaku.go.jp/photos/NR0174/174417AF.jpg,Chaetodontidae,no,exists,108147
Chaetodon trifascialis,174435,174435AF.jpg,Chaetodon_trifascialis_FishPix_174435.jpg,https://fishpix.kahaku.go.jp/photos/NR0174/174435AF.jpg,Chaetodontidae,no,exists,91231
Chaetodon rafflesii,174442,174442AF.jpg,Chaetodon_rafflesii_FishPix_174442.jpg,https://fishpix.kahaku.go.jp/photos/NR0174/174442AF.jpg,Chaetodontidae,no,exists,60244
Chaetodon lunulatus,174454,174454AF.jpg,Chaetodon_lunulatus_FishPix_174454.jpg,https://fishpix.kahaku.go.jp/photos/NR0174/174454AF.jpg,Chaetodontidae,no,exists,61530
Heniochus chrysostomus,174490,174490AF.jpg,Heniochus_chrysostomus_FishPix_174490.jpg,https://fishpix.kahaku.go.jp/photos/NR0174/174490AF.jpg,Chaetodontidae,no,exists,76112
Forcipiger flavissimus,174497,174497AF.jpg,Forcipiger_flavissimus_FishPix_174497.jpg,https://fishpix.kahaku.go.jp/photos/NR0174/174497AF.jpg,Chaetodontidae,no,exists,55820
Chaetodon plebeius,174502,174502AF.jpg,Chaetodon_plebeius_FishPix_174502.jpg,https://fishpix.kahaku.go.jp/photos/NR0174/174502AF.jpg,Chaetodontidae,no,exists,94228
Chaetodon ephippium,174526,174526AF.jpg,Chaetodon_ephippium_FishPix_174526.jpg,https://fishpix.kahaku.go.jp/photos/NR0174/174526AF.jpg,Chaetodontidae,no,exists,127694
Chaetodon ulietensis,174537,174537AF.jpg,Chaetodon_ulietensis_FishPix_174537.jpg,https://fishpix.kahaku.go.jp/photos/NR0174/174537AF.jpg,Chaetodontidae,no,exists,41523
Chaetodon auriga,174549,174549AF.jpg,Chaetodon_auriga_FishPix_174549.jpg,https://fishpix.kahaku.go.jp/photos/NR0174/174549AF.jpg,Chaetodontidae,no,exists,58867
Chaetodon auripes,174593,174593AF.jpg,Chaetodon_auripes_FishPix_174593.jpg,https://fishpix.kahaku.go.jp/photos/NR0174/174593AF.jpg,Chaetodontidae,no,exists,34416
Chaetodon citrinellus,174603,174603AF.jpg,Chaetodon_citrinellus_FishPix_174603.jpg,https://fishpix.kahaku.go.jp/photos/NR0174/174603AF.jpg,Chaetodontidae,no,exists,52413
Chaetodon auripes,174620,174620AF.jpg,Chaetodon_auripes_FishPix_174620.jpg,https://fishpix.kahaku.go.jp/photos/NR0174/174620AF.jpg,Chaetodontidae,no,exists,77534
Chaetodon baronessa,174637,174637AF.jpg,Chaetodon_baronessa_FishPix_174637.jpg,https://fishpix.kahaku.go.jp/photos/NR0174/174637AF.jpg,Chaetodontidae,no,exists,68010
Chaetodon auripes,174655,174655AF.jpg,Chaetodon_auripes_FishPix_174655.jpg,https://fishpix.kahaku.go.jp/photos/NR0174/174655AF.jpg,Chaetodontidae,no,exists,93088
Chaetodon vagabundus,174657,174657AF.jpg,Chaetodon_vagabundus_FishPix_174657.jpg,https://fishpix.kahaku.go.jp/photos/NR0174/174657AF.jpg,Chaetodontidae,no,exists,56542
Chaetodon plebeius,174664,174664AF.jpg,Chaetodon_plebeius_FishPix_174664.jpg,https://fishpix.kahaku.go.jp/photos/NR0174/174664AF.jpg,Chaetodontidae,no,exists,68589
Chaetodon vagabundus,174675,174675AF.jpg,Chaetodon_vagabundus_FishPix_174675.jpg,https://fishpix.kahaku.go.jp/photos/NR0174/174675AF.jpg,Chaetodontidae,no,exists,81869
Chaetodon rafflesii,174688,174688AF.jpg,Chaetodon_rafflesii_FishPix_174688.jpg,https://fishpix.kahaku.go.jp/photos/NR0174/174688AF.jpg,Chaetodontidae,no,exists,99127
Chaetodon reticulatus,174695,174695AF.jpg,Chaetodon_reticulatus_FishPix_174695.jpg,https://fishpix.kahaku.go.jp/photos/NR0174/174695AF.jpg,Chaetodontidae,no,exists,102410
Chaetodon trifascialis,174703,174703AF.jpg,Chaetodon_trifascialis_FishPix_174703.jpg,https://fishpix.kahaku.go.jp/photos/NR0174/174703AF.jpg,Chaetodontidae,no,exists,50102
Chaetodon reticulatus,174711,174711AF.jpg,Chaetodon_reticulatus_FishPix_174711.jpg,https://fishpix.kahaku.go.jp/photos/NR0174/174711AF.jpg,Chaetodontidae,no,exists,61395
Chaetodon auripes,174719,174719AF.jpg,Chaetodon_auripes_FishPix_174719.jpg,https://fishpix.kahaku.go.jp/photos/NR0174/174719AF.jpg,Chaetodontidae,no,exists,131036
Chaetodon kleinii,174726,174726AF.jpg,Chaetodon_kleinii_FishPix_174726.jpg,https://fishpix.kahaku.go.jp/photos/NR0174/174726AF.jpg,Chaetodontidae,no,exists,63912
Chaetodon punctatofasciatus,174742,174742AF.jpg,Chaetodon_punctatofasciatus_FishPix_174742.jpg,https://fishpix.kahaku.go.jp/photos/NR0174/174742AF.jpg,Chaetodontidae,no,exists,117605
Chaetodon ornatissimus,174767,174767AF.jpg,Chaetodon_ornatissimus_FishPix_174767.jpg,https://fishpix.kahaku.go.jp/photos/NR0174/174767AF.jpg,Chaetodontidae,no,exists,58096
Chaetodon baronessa,174769,174769AF.jpg,Chaetodon_baronessa_FishPix_174769.jpg,https://fishpix.kahaku.go.jp/photos/NR0174/174769AF.jpg,Chaetodontidae,no,exists,81266
Chaetodon punctatofasciatus,174770,174770AF.jpg,Chaetodon_punctatofasciatus_FishPix_174770.jpg,https://fishpix.kahaku.go.jp/photos/NR0174/174770AF.jpg,Chaetodontidae,no,exists,57839
Chaetodon lunula,174781,174781AF.jpg,Chaetodon_lunula_FishPix_174781.jpg,https://fishpix.kahaku.go.jp/photos/NR0174/174781AF.jpg,Chaetodontidae,no,exists,72280
Chaetodon ephippium,174795,174795AF.jpg,Chaetodon_ephippium_FishPix_174795.jpg,https://fishpix.kahaku.go.jp/photos/NR0174/174795AF.jpg,Chaetodontidae,no,exists,86316
Chaetodon bennetti,174808,174808AF.jpg,Chaetodon_bennetti_FishPix_174808.jpg,https://fishpix.kahaku.go.jp/photos/NR0174/174808AF.jpg,Chaetodontidae,no,exists,68609
Chaetodon auripes,174833,174833AF.jpg,Chaetodon_auripes_FishPix_174833.jpg,https://fishpix.kahaku.go.jp/photos/NR0174/174833AF.jpg,Chaetodontidae,no,exists,71851
Heniochus monoceros,174834,174834AF.jpg,Heniochus_monoceros_FishPix_174834.jpg,https://fishpix.kahaku.go.jp/photos/NR0174/174834AF.jpg,Chaetodontidae,no,exists,80167
Chaetodon auripes,174841,174841AF.jpg,Chaetodon_auripes_FishPix_174841.jpg,https://fishpix.kahaku.go.jp/photos/NR0174/174841AF.jpg,Chaetodontidae,no,exists,71382
Hemitaurichthys polylepis,174913,174913AF.jpg,Hemitaurichthys_polylepis_FishPix_174913.jpg,https://fishpix.kahaku.go.jp/photos/NR0174/174913AF.jpg,Chaetodontidae,no,exists,33596
Chaetodon punctatofasciatus,174925,174925AF.jpg,Chaetodon_punctatofasciatus_FishPix_174925.jpg,https://fishpix.kahaku.go.jp/photos/NR0174/174925AF.jpg,Chaetodontidae,no,exists,121428
Chaetodon ephippium,174974,174974AF.jpg,Chaetodon_ephippium_FishPix_174974.jpg,https://fishpix.kahaku.go.jp/photos/NR0174/174974AF.jpg,Chaetodontidae,no,exists,49560
Chaetodon trifascialis,174976,174976AF.jpg,Chaetodon_trifascialis_FishPix_174976.jpg,https://fishpix.kahaku.go.jp/photos/NR0174/174976AF.jpg,Chaetodontidae,no,exists,62173
Chaetodon argentatus,175006,175006AF.jpg,Chaetodon_argentatus_FishPix_175006.jpg,https://fishpix.kahaku.go.jp/photos/NR0175/175006AF.jpg,Chaetodontidae,no,exists,214163
Chaetodon vagabundus,175013,175013AF.jpg,Chaetodon_vagabundus_FishPix_175013.jpg,https://fishpix.kahaku.go.jp/photos/NR0175/175013AF.jpg,Chaetodontidae,no,exists,233752
Heniochus acuminatus,175020,175020AF.jpg,Heniochus_acuminatus_FishPix_175020.jpg,https://fishpix.kahaku.go.jp/photos/NR0175/175020AF.jpg,Chaetodontidae,no,exists,184965
Chaetodon argentatus,175025,175025AF.jpg,Chaetodon_argentatus_FishPix_175025.jpg,https://fishpix.kahaku.go.jp/photos/NR0175/175025AF.jpg,Chaetodontidae,no,exists,301197
Chaetodon citrinellus,175027,175027AF.jpg,Chaetodon_citrinellus_FishPix_175027.jpg,https://fishpix.kahaku.go.jp/photos/NR0175/175027AF.jpg,Chaetodontidae,no,exists,250168
Hemitaurichthys polylepis,175032,175032AF.jpg,Hemitaurichthys_polylepis_FishPix_175032.jpg,https://fishpix.kahaku.go.jp/photos/NR0175/175032AF.jpg,Chaetodontidae,no,exists,159985
Chaetodon plebeius,175055,175055AF.jpg,Chaetodon_plebeius_FishPix_175055.jpg,https://fishpix.kahaku.go.jp/photos/NR0175/175055AF.jpg,Chaetodontidae,no,exists,209685
Chaetodon lunulatus,175060,175060AF.jpg,Chaetodon_lunulatus_FishPix_175060.jpg,https://fishpix.kahaku.go.jp/photos/NR0175/175060AF.jpg,Chaetodontidae,no,exists,258485
Chaetodon melannotus,175078,175078AF.jpg,Chaetodon_melannotus_FishPix_175078.jpg,https://fishpix.kahaku.go.jp/photos/NR0175/175078AF.jpg,Chaetodontidae,no,exists,211092
Chaetodon auriga,175094,175094AF.jpg,Chaetodon_auriga_FishPix_175094.jpg,https://fishpix.kahaku.go.jp/photos/NR0175/175094AF.jpg,Chaetodontidae,no,exists,208133
Chaetodon unimaculatus,175095,175095AF.jpg,Chaetodon_unimaculatus_FishPix_175095.jpg,https://fishpix.kahaku.go.jp/photos/NR0175/175095AF.jpg,Chaetodontidae,no,exists,238533
Chaetodon xanthurus,175104,175104AF.jpg,Chaetodon_xanthurus_FishPix_175104.jpg,https://fishpix.kahaku.go.jp/photos/NR0175/175104AF.jpg,Chaetodontidae,no,exists,63464
Chaetodon mertensii,175112,175112AF.jpg,Chaetodon_mertensii_FishPix_175112.jpg,https://fishpix.kahaku.go.jp/photos/NR0175/175112AF.jpg,Chaetodontidae,no,exists,120006
Chaetodon daedalma,175114,175114AF.jpg,Chaetodon_daedalma_FishPix_175114.jpg,https://fishpix.kahaku.go.jp/photos/NR0175/175114AF.jpg,Chaetodontidae,no,exists,172470
Heniochus monoceros,175138,175138AF.jpg,Heniochus_monoceros_FishPix_175138.jpg,https://fishpix.kahaku.go.jp/photos/NR0175/175138AF.jpg,Chaetodontidae,no,exists,78350
Heniochus acuminatus,175159,175159AF.jpg,Heniochus_acuminatus_FishPix_175159.jpg,https://fishpix.kahaku.go.jp/photos/NR0175/175159AF.jpg,Chaetodontidae,no,exists,129488
Chaetodon daedalma,175220,175220AF.jpg,Chaetodon_daedalma_FishPix_175220.jpg,https://fishpix.kahaku.go.jp/photos/NR0175/175220AF.jpg,Chaetodontidae,no,exists,174027
Chaetodon auripes,175261,175261AF.jpg,Chaetodon_auripes_FishPix_175261.jpg,https://fishpix.kahaku.go.jp/photos/NR0175/175261AF.jpg,Chaetodontidae,no,exists,109763
Chaetodon daedalma,175281,175281AF.jpg,Chaetodon_daedalma_FishPix_175281.jpg,https://fishpix.kahaku.go.jp/photos/NR0175/175281AF.jpg,Chaetodontidae,no,exists,317990
Chaetodon auriga,175283,175283AF.jpg,Chaetodon_auriga_FishPix_175283.jpg,https://fishpix.kahaku.go.jp/photos/NR0175/175283AF.jpg,Chaetodontidae,no,exists,105423
Chaetodon quadrimaculatus,175284,175284AF.jpg,Chaetodon_quadrimaculatus_FishPix_175284.jpg,https://fishpix.kahaku.go.jp/photos/NR0175/175284AF.jpg,Chaetodontidae,no,exists,82261
Chaetodon auripes,175293,175293AF.jpg,Chaetodon_auripes_FishPix_175293.jpg,https://fishpix.kahaku.go.jp/photos/NR0175/175293AF.jpg,Chaetodontidae,no,exists,120737
Chaetodon trifascialis,175300,175300AF.jpg,Chaetodon_trifascialis_FishPix_175300.jpg,https://fishpix.kahaku.go.jp/photos/NR0175/175300AF.jpg,Chaetodontidae,no,exists,74837
Chaetodon trifascialis,175363,175363AF.jpg,Chaetodon_trifascialis_FishPix_175363.jpg,https://fishpix.kahaku.go.jp/photos/NR0175/175363AF.jpg,Chaetodontidae,no,exists,85215
Heniochus diphreutes,175378,175378AF.jpg,Heniochus_diphreutes_FishPix_175378.jpg,https://fishpix.kahaku.go.jp/photos/NR0175/175378AF.jpg,Chaetodontidae,no,exists,172159
Chaetodon kleinii,175410,175410AF.jpg,Chaetodon_kleinii_FishPix_175410.jpg,https://fishpix.kahaku.go.jp/photos/NR0175/175410AF.jpg,Chaetodontidae,no,exists,174844
Chaetodon auriga,175418,175418AF.jpg,Chaetodon_auriga_FishPix_175418.jpg,https://fishpix.kahaku.go.jp/photos/NR0175/175418AF.jpg,Chaetodontidae,no,exists,100062
Chaetodon punctatofasciatus,175419,175419AF.jpg,Chaetodon_punctatofasciatus_FishPix_175419.jpg,https://fishpix.kahaku.go.jp/photos/NR0175/175419AF.jpg,Chaetodontidae,no,exists,90042
Chaetodon quadrimaculatus,175460,175460AF.jpg,Chaetodon_quadrimaculatus_FishPix_175460.jpg,https://fishpix.kahaku.go.jp/photos/NR0175/175460AF.jpg,Chaetodontidae,no,exists,106796
Chaetodon quadrimaculatus,175461,175461AF.jpg,Chaetodon_quadrimaculatus_FishPix_175461.jpg,https://fishpix.kahaku.go.jp/photos/NR0175/175461AF.jpg,Chaetodontidae,no,exists,104688
Chaetodon quadrimaculatus,175462,175462AF.jpg,Chaetodon_quadrimaculatus_FishPix_175462.jpg,https://fishpix.kahaku.go.jp/photos/NR0175/175462AF.jpg,Chaetodontidae,no,exists,130831
Chaetodon lunula,175476,175476AF.jpg,Chaetodon_lunula_FishPix_175476.jpg,https://fishpix.kahaku.go.jp/photos/NR0175/175476AF.jpg,Chaetodontidae,no,exists,164167
Chaetodon lineolatus,175496,175496AF.jpg,Chaetodon_lineolatus_FishPix_175496.jpg,https://fishpix.kahaku.go.jp/photos/NR0175/175496AF.jpg,Chaetodontidae,no,exists,119446
Chaetodon ornatissimus,175503,175503AF.jpg,Chaetodon_ornatissimus_FishPix_175503.jpg,https://fishpix.kahaku.go.jp/photos/NR0175/175503AF.jpg,Chaetodontidae,no,exists,176116
Chaetodon ephippium,175539,175539AF.jpg,Chaetodon_ephippium_FishPix_175539.jpg,https://fishpix.kahaku.go.jp/photos/NR0175/175539AF.jpg,Chaetodontidae,no,exists,204414
Chaetodon daedalma,175559,175559AF.jpg,Chaetodon_daedalma_FishPix_175559.jpg,https://fishpix.kahaku.go.jp/photos/NR0175/175559AF.jpg,Chaetodontidae,no,exists,194111
Chaetodon daedalma,175589,175589AF.jpg,Chaetodon_daedalma_FishPix_175589.jpg,https://fishpix.kahaku.go.jp/photos/NR0175/175589AF.jpg,Chaetodontidae,no,exists,214000
Chaetodon quadrimaculatus,175606,175606AF.jpg,Chaetodon_quadrimaculatus_FishPix_175606.jpg,https://fishpix.kahaku.go.jp/photos/NR0175/175606AF.jpg,Chaetodontidae,no,exists,140004
Chaetodon auriga,175610,175610AF.jpg,Chaetodon_auriga_FishPix_175610.jpg,https://fishpix.kahaku.go.jp/photos/NR0175/175610AF.jpg,Chaetodontidae,no,exists,99930
Chaetodon lunulatus,175628,175628AF.jpg,Chaetodon_lunulatus_FishPix_175628.jpg,https://fishpix.kahaku.go.jp/photos/NR0175/175628AF.jpg,Chaetodontidae,no,exists,102322
Chaetodon bennetti,175629,175629AF.jpg,Chaetodon_bennetti_FishPix_175629.jpg,https://fishpix.kahaku.go.jp/photos/NR0175/175629AF.jpg,Chaetodontidae,no,exists,109449
Chaetodon auriga,175663,175663AF.jpg,Chaetodon_auriga_FishPix_175663.jpg,https://fishpix.kahaku.go.jp/photos/NR0175/175663AF.jpg,Chaetodontidae,no,exists,131783
Chaetodon bennetti,175664,175664AF.jpg,Chaetodon_bennetti_FishPix_175664.jpg,https://fishpix.kahaku.go.jp/photos/NR0175/175664AF.jpg,Chaetodontidae,no,exists,118889
Chaetodon lunulatus,175698,175698AF.jpg,Chaetodon_lunulatus_FishPix_175698.jpg,https://fishpix.kahaku.go.jp/photos/NR0175/175698AF.jpg,Chaetodontidae,no,exists,174531
Chaetodon daedalma,175700,175700AF.jpg,Chaetodon_daedalma_FishPix_175700.jpg,https://fishpix.kahaku.go.jp/photos/NR0175/175700AF.jpg,Chaetodontidae,no,exists,203783
Chaetodon melannotus,175728,175728AF.jpg,Chaetodon_melannotus_FishPix_175728.jpg,https://fishpix.kahaku.go.jp/photos/NR0175/175728AF.jpg,Chaetodontidae,no,exists,104557
Chaetodon bennetti,175756,175756AF.jpg,Chaetodon_bennetti_FishPix_175756.jpg,https://fishpix.kahaku.go.jp/photos/NR0175/175756AF.jpg,Chaetodontidae,no,exists,90351
Chaetodon unimaculatus,175757,175757AF.jpg,Chaetodon_unimaculatus_FishPix_175757.jpg,https://fishpix.kahaku.go.jp/photos/NR0175/175757AF.jpg,Chaetodontidae,no,exists,104096
Chaetodon auriga,175758,175758AF.jpg,Chaetodon_auriga_FishPix_175758.jpg,https://fishpix.kahaku.go.jp/photos/NR0175/175758AF.jpg,Chaetodontidae,no,exists,75662
Chaetodon bennetti,175786,175786AF.jpg,Chaetodon_bennetti_FishPix_175786.jpg,https://fishpix.kahaku.go.jp/photos/NR0175/175786AF.jpg,Chaetodontidae,no,exists,157647
Chaetodon mertensii,175801,175801AF.jpg,Chaetodon_mertensii_FishPix_175801.jpg,https://fishpix.kahaku.go.jp/photos/NR0175/175801AF.jpg,Chaetodontidae,no,exists,98485
Chaetodon ornatissimus,175954,175954AF.jpg,Chaetodon_ornatissimus_FishPix_175954.jpg,https://fishpix.kahaku.go.jp/photos/NR0175/175954AF.jpg,Chaetodontidae,no,exists,91094
Hemitaurichthys polylepis,175993,175993AF.jpg,Hemitaurichthys_polylepis_FishPix_175993.jpg,https://fishpix.kahaku.go.jp/photos/NR0175/175993AF.jpg,Chaetodontidae,no,exists,158242
Forcipiger flavissimus,176000,176000AF.jpg,Forcipiger_flavissimus_FishPix_176000.jpg,https://fishpix.kahaku.go.jp/photos/NR0176/176000AF.jpg,Chaetodontidae,no,exists,139879
Chaetodon auripes,176051,176051AF.jpg,Chaetodon_auripes_FishPix_176051.jpg,https://fishpix.kahaku.go.jp/photos/NR0176/176051AF.jpg,Chaetodontidae,no,exists,151213
Chaetodon punctatofasciatus,176125,176125AF.jpg,Chaetodon_punctatofasciatus_FishPix_176125.jpg,https://fishpix.kahaku.go.jp/photos/NR0176/176125AF.jpg,Chaetodontidae,no,exists,104281
Forcipiger flavissimus,176129,176129AF.jpg,Forcipiger_flavissimus_FishPix_176129.jpg,https://fishpix.kahaku.go.jp/photos/NR0176/176129AF.jpg,Chaetodontidae,no,exists,177995
Chaetodon bennetti,176130,176130AF.jpg,Chaetodon_bennetti_FishPix_176130.jpg,https://fishpix.kahaku.go.jp/photos/NR0176/176130AF.jpg,Chaetodontidae,no,exists,71624
Chaetodon guentheri,176175,176175AF.jpg,Chaetodon_guentheri_FishPix_176175.jpg,https://fishpix.kahaku.go.jp/photos/NR0176/176175AF.jpg,Chaetodontidae,no,exists,76002
Chaetodon lunulatus,176178,176178AF.jpg,Chaetodon_lunulatus_FishPix_176178.jpg,https://fishpix.kahaku.go.jp/photos/NR0176/176178AF.jpg,Chaetodontidae,no,exists,119549
Chaetodon ulietensis,176182,176182AF.jpg,Chaetodon_ulietensis_FishPix_176182.jpg,https://fishpix.kahaku.go.jp/photos/NR0176/176182AF.jpg,Chaetodontidae,no,exists,120619
Chaetodon nippon,176235,176235AF.jpg,Chaetodon_nippon_FishPix_176235.jpg,https://fishpix.kahaku.go.jp/photos/NR0176/176235AF.jpg,Chaetodontidae,no,exists,67715
Chaetodon daedalma,176265,176265AF.jpg,Chaetodon_daedalma_FishPix_176265.jpg,https://fishpix.kahaku.go.jp/photos/NR0176/176265AF.jpg,Chaetodontidae,no,exists,126533
Chaetodon auriga,176281,176281AF.jpg,Chaetodon_auriga_FishPix_176281.jpg,https://fishpix.kahaku.go.jp/photos/NR0176/176281AF.jpg,Chaetodontidae,no,exists,51034
Unknown,176333,176333AF.jpg,Unknown_FishPix_176333.jpg,https://fishpix.kahaku.go.jp/photos/NR0176/176333AF.jpg,Chaetodontidae,no,exists,60947
Chaetodon nippon,176345,176345AF.jpg,Chaetodon_nippon_FishPix_176345.jpg,https://fishpix.kahaku.go.jp/photos/NR0176/176345AF.jpg,Chaetodontidae,no,exists,56411
Chaetodon bennetti,176347,176347AF.jpg,Chaetodon_bennetti_FishPix_176347.jpg,https://fishpix.kahaku.go.jp/photos/NR0176/176347AF.jpg,Chaetodontidae,no,exists,70309
Chaetodon oxycephalus,176526,176526AF.jpg,Chaetodon_oxycephalus_FishPix_176526.jpg,https://fishpix.kahaku.go.jp/photos/NR0176/176526AF.jpg,Chaetodontidae,no,exists,42316
Chaetodon ulietensis,176634,176634AF.jpg,Chaetodon_ulietensis_FishPix_176634.jpg,https://fishpix.kahaku.go.jp/photos/NR0176/176634AF.jpg,Chaetodontidae,no,exists,70506
Chaetodon ocellicaudus,176638,176638AF.jpg,Chaetodon_ocellicaudus_FishPix_176638.jpg,https://fishpix.kahaku.go.jp/photos/NR0176/176638AF.jpg,Chaetodontidae,no,exists,97253
Chaetodon quadrimaculatus,176757,176757AF.jpg,Chaetodon_quadrimaculatus_FishPix_176757.jpg,https://fishpix.kahaku.go.jp/photos/NR0176/176757AF.jpg,Chaetodontidae,no,exists,102254
Forcipiger flavissimus,176786,176786AF.jpg,Forcipiger_flavissimus_FishPix_176786.jpg,https://fishpix.kahaku.go.jp/photos/NR0176/176786AF.jpg,Chaetodontidae,no,exists,108312
Chaetodon ephippium,177006,177006AF.jpg,Chaetodon_ephippium_FishPix_177006.jpg,https://fishpix.kahaku.go.jp/photos/NR0177/177006AF.jpg,Chaetodontidae,no,exists,71994
Chaetodon ephippium,177007,177007AF.jpg,Chaetodon_ephippium_FishPix_177007.jpg,https://fishpix.kahaku.go.jp/photos/NR0177/177007AF.jpg,Chaetodontidae,no,exists,45800
Chaetodon ephippium,177008,177008AF.jpg,Chaetodon_ephippium_FishPix_177008.jpg,https://fishpix.kahaku.go.jp/photos/NR0177/177008AF.jpg,Chaetodontidae,no,exists,87904
Chaetodon ephippium,177009,177009AF.jpg,Chaetodon_ephippium_FishPix_177009.jpg,https://fishpix.kahaku.go.jp/photos/NR0177/177009AF.jpg,Chaetodontidae,no,exists,47396
Chaetodon ephippium,177010,177010AF.jpg,Chaetodon_ephippium_FishPix_177010.jpg,https://fishpix.kahaku.go.jp/photos/NR0177/177010AF.jpg,Chaetodontidae,no,exists,70635
Chaetodon lunula,177025,177025AF.jpg,Chaetodon_lunula_FishPix_177025.jpg,https://fishpix.kahaku.go.jp/photos/NR0177/177025AF.jpg,Chaetodontidae,no,exists,74231
Chaetodon auriga,177027,177027AF.jpg,Chaetodon_auriga_FishPix_177027.jpg,https://fishpix.kahaku.go.jp/photos/NR0177/177027AF.jpg,Chaetodontidae,no,exists,71534
Chaetodon auriga,177028,177028AF.jpg,Chaetodon_auriga_FishPix_177028.jpg,https://fishpix.kahaku.go.jp/photos/NR0177/177028AF.jpg,Chaetodontidae,no,exists,73000
Chaetodon auriga,177069,177069AF.jpg,Chaetodon_auriga_FishPix_177069.jpg,https://fishpix.kahaku.go.jp/photos/NR0177/177069AF.jpg,Chaetodontidae,no,exists,71724
Chaetodon auripes,177070,177070AF.jpg,Chaetodon_auripes_FishPix_177070.jpg,https://fishpix.kahaku.go.jp/photos/NR0177/177070AF.jpg,Chaetodontidae,no,exists,78446
Chaetodon kleinii,177248,177248AF.jpg,Chaetodon_kleinii_FishPix_177248.jpg,https://fishpix.kahaku.go.jp/photos/NR0177/177248AF.jpg,Chaetodontidae,no,exists,72029
Chaetodon kleinii,177249,177249AF.jpg,Chaetodon_kleinii_FishPix_177249.jpg,https://fishpix.kahaku.go.jp/photos/NR0177/177249AF.jpg,Chaetodontidae,no,exists,72501
Chaetodon mertensii,177263,177263AF.jpg,Chaetodon_mertensii_FishPix_177263.jpg,https://fishpix.kahaku.go.jp/photos/NR0177/177263AF.jpg,Chaetodontidae,no,exists,87330
Chaetodon bennetti,177271,177271AF.jpg,Chaetodon_bennetti_FishPix_177271.jpg,https://fishpix.kahaku.go.jp/photos/NR0177/177271AF.jpg,Chaetodontidae,no,exists,69495
Heniochus monoceros,177281,177281AF.jpg,Heniochus_monoceros_FishPix_177281.jpg,https://fishpix.kahaku.go.jp/photos/NR0177/177281AF.jpg,Chaetodontidae,no,exists,76021
Chaetodon lineolatus,177338,177338AF.jpg,Chaetodon_lineolatus_FishPix_177338.jpg,https://fishpix.kahaku.go.jp/photos/NR0177/177338AF.jpg,Chaetodontidae,no,exists,55846
Chaetodon bennetti,177345,177345AF.jpg,Chaetodon_bennetti_FishPix_177345.jpg,https://fishpix.kahaku.go.jp/photos/NR0177/177345AF.jpg,Chaetodontidae,no,exists,73749
Chaetodon lunulatus,177352,177352AF.jpg,Chaetodon_lunulatus_FishPix_177352.jpg,https://fishpix.kahaku.go.jp/photos/NR0177/177352AF.jpg,Chaetodontidae,no,exists,92701
Chaetodon bennetti,177366,177366AF.jpg,Chaetodon_bennetti_FishPix_177366.jpg,https://fishpix.kahaku.go.jp/photos/NR0177/177366AF.jpg,Chaetodontidae,no,exists,103879
Unknown,177378,177378AF.jpg,Unknown_FishPix_177378.jpg,https://fishpix.kahaku.go.jp/photos/NR0177/177378AF.jpg,Chaetodontidae,no,exists,62919
Chaetodon bennetti,177399,177399AF.jpg,Chaetodon_bennetti_FishPix_177399.jpg,https://fishpix.kahaku.go.jp/photos/NR0177/177399AF.jpg,Chaetodontidae,no,exists,89796
Chaetodon lunulatus,177400,177400AF.jpg,Chaetodon_lunulatus_FishPix_177400.jpg,https://fishpix.kahaku.go.jp/photos/NR0177/177400AF.jpg,Chaetodontidae,no,exists,79147
Chaetodon punctatofasciatus,177401,177401AF.jpg,Chaetodon_punctatofasciatus_FishPix_177401.jpg,https://fishpix.kahaku.go.jp/photos/NR0177/177401AF.jpg,Chaetodontidae,no,exists,106378
Hemitaurichthys thompsoni,177405,177405AF.jpg,Hemitaurichthys_thompsoni_FishPix_177405.jpg,https://fishpix.kahaku.go.jp/photos/NR0177/177405AF.jpg,Chaetodontidae,no,exists,129600
Chaetodon punctatofasciatus,177419,177419AF.jpg,Chaetodon_punctatofasciatus_FishPix_177419.jpg,https://fishpix.kahaku.go.jp/photos/NR0177/177419AF.jpg,Chaetodontidae,no,exists,87794
Chaetodon auripes,177432,177432AF.jpg,Chaetodon_auripes_FishPix_177432.jpg,https://fishpix.kahaku.go.jp/photos/NR0177/177432AF.jpg,Chaetodontidae,no,exists,137878
Chaetodon daedalma,177443,177443AF.jpg,Chaetodon_daedalma_FishPix_177443.jpg,https://fishpix.kahaku.go.jp/photos/NR0177/177443AF.jpg,Chaetodontidae,no,exists,161304
Chaetodon trifascialis,177490,177490AF.jpg,Chaetodon_trifascialis_FishPix_177490.jpg,https://fishpix.kahaku.go.jp/photos/NR0177/177490AF.jpg,Chaetodontidae,no,exists,163562
Chaetodon punctatofasciatus,177499,177499AF.jpg,Chaetodon_punctatofasciatus_FishPix_177499.jpg,https://fishpix.kahaku.go.jp/photos/NR0177/177499AF.jpg,Chaetodontidae,no,exists,118736
Chaetodon daedalma,177558,177558AF.jpg,Chaetodon_daedalma_FishPix_177558.jpg,https://fishpix.kahaku.go.jp/photos/NR0177/177558AF.jpg,Chaetodontidae,no,exists,143252
Forcipiger flavissimus,177595,177595AF.jpg,Forcipiger_flavissimus_FishPix_177595.jpg,https://fishpix.kahaku.go.jp/photos/NR0177/177595AF.jpg,Chaetodontidae,no,exists,95929
Chaetodon quadrimaculatus,177625,177625AF.jpg,Chaetodon_quadrimaculatus_FishPix_177625.jpg,https://fishpix.kahaku.go.jp/photos/NR0177/177625AF.jpg,Chaetodontidae,no,exists,83359
Chaetodon auripes,177627,177627AF.jpg,Chaetodon_auripes_FishPix_177627.jpg,https://fishpix.kahaku.go.jp/photos/NR0177/177627AF.jpg,Chaetodontidae,no,exists,97784
Chaetodon auriga,177629,177629AF.jpg,Chaetodon_auriga_FishPix_177629.jpg,https://fishpix.kahaku.go.jp/photos/NR0177/177629AF.jpg,Chaetodontidae,no,exists,64813
Chaetodon auriga,177632,177632AF.jpg,Chaetodon_auriga_FishPix_177632.jpg,https://fishpix.kahaku.go.jp/photos/NR0177/177632AF.jpg,Chaetodontidae,no,exists,112061
Chaetodon trifascialis,177638,177638AF.jpg,Chaetodon_trifascialis_FishPix_177638.jpg,https://fishpix.kahaku.go.jp/photos/NR0177/177638AF.jpg,Chaetodontidae,no,exists,90548
Chaetodon guentheri,177648,177648AF.jpg,Chaetodon_guentheri_FishPix_177648.jpg,https://fishpix.kahaku.go.jp/photos/NR0177/177648AF.jpg,Chaetodontidae,no,exists,71910
Heniochus diphreutes,177650,177650AF.jpg,Heniochus_diphreutes_FishPix_177650.jpg,https://fishpix.kahaku.go.jp/photos/NR0177/177650AF.jpg,Chaetodontidae,no,exists,62020
Chaetodon guentheri,177653,177653AF.jpg,Chaetodon_guentheri_FishPix_177653.jpg,https://fishpix.kahaku.go.jp/photos/NR0177/177653AF.jpg,Chaetodontidae,no,exists,74105
Chaetodon guentheri,177673,177673AF.jpg,Chaetodon_guentheri_FishPix_177673.jpg,https://fishpix.kahaku.go.jp/photos/NR0177/177673AF.jpg,Chaetodontidae,no,exists,87024
Chaetodon daedalma,177676,177676AF.jpg,Chaetodon_daedalma_FishPix_177676.jpg,https://fishpix.kahaku.go.jp/photos/NR0177/177676AF.jpg,Chaetodontidae,no,exists,121402
Chaetodon daedalma,177688,177688AF.jpg,Chaetodon_daedalma_FishPix_177688.jpg,https://fishpix.kahaku.go.jp/photos/NR0177/177688AF.jpg,Chaetodontidae,no,exists,139880
Heniochus diphreutes,177692,177692AF.jpg,Heniochus_diphreutes_FishPix_177692.jpg,https://fishpix.kahaku.go.jp/photos/NR0177/177692AF.jpg,Chaetodontidae,no,exists,62222
Heniochus diphreutes,177695,177695AF.jpg,Heniochus_diphreutes_FishPix_177695.jpg,https://fishpix.kahaku.go.jp/photos/NR0177/177695AF.jpg,Chaetodontidae,no,exists,61235
Heniochus diphreutes,177697,177697AF.jpg,Heniochus_diphreutes_FishPix_177697.jpg,https://fishpix.kahaku.go.jp/photos/NR0177/177697AF.jpg,Chaetodontidae,no,exists,68425
Chaetodon guentheri,177764,177764AF.jpg,Chaetodon_guentheri_FishPix_177764.jpg,https://fishpix.kahaku.go.jp/photos/NR0177/177764AF.jpg,Chaetodontidae,no,exists,75579
Chaetodon kleinii,177765,177765AF.jpg,Chaetodon_kleinii_FishPix_177765.jpg,https://fishpix.kahaku.go.jp/photos/NR0177/177765AF.jpg,Chaetodontidae,no,exists,130098
Chaetodon daedalma,177768,177768AF.jpg,Chaetodon_daedalma_FishPix_177768.jpg,https://fishpix.kahaku.go.jp/photos/NR0177/177768AF.jpg,Chaetodontidae,no,exists,137625
Chaetodon daedalma,177769,177769AF.jpg,Chaetodon_daedalma_FishPix_177769.jpg,https://fishpix.kahaku.go.jp/photos/NR0177/177769AF.jpg,Chaetodontidae,no,exists,111918
Chaetodon daedalma,177770,177770AF.jpg,Chaetodon_daedalma_FishPix_177770.jpg,https://fishpix.kahaku.go.jp/photos/NR0177/177770AF.jpg,Chaetodontidae,no,exists,119407
Chaetodon guentheri,177771,177771AF.jpg,Chaetodon_guentheri_FishPix_177771.jpg,https://fishpix.kahaku.go.jp/photos/NR0177/177771AF.jpg,Chaetodontidae,no,exists,91666
Chaetodon daedalma,177772,177772AF.jpg,Chaetodon_daedalma_FishPix_177772.jpg,https://fishpix.kahaku.go.jp/photos/NR0177/177772AF.jpg,Chaetodontidae,no,exists,109659
Chaetodon daedalma,177773,177773AF.jpg,Chaetodon_daedalma_FishPix_177773.jpg,https://fishpix.kahaku.go.jp/photos/NR0177/177773AF.jpg,Chaetodontidae,no,exists,81013
Chaetodon auripes,177787,177787AF.jpg,Chaetodon_auripes_FishPix_177787.jpg,https://fishpix.kahaku.go.jp/photos/NR0177/177787AF.jpg,Chaetodontidae,no,exists,92959
Heniochus monoceros,177802,177802AF.jpg,Heniochus_monoceros_FishPix_177802.jpg,https://fishpix.kahaku.go.jp/photos/NR0177/177802AF.jpg,Chaetodontidae,no,exists,82522
Chaetodon kleinii,177830,177830AF.jpg,Chaetodon_kleinii_FishPix_177830.jpg,https://fishpix.kahaku.go.jp/photos/NR0177/177830AF.jpg,Chaetodontidae,no,exists,106486
Chaetodon daedalma,177835,177835AF.jpg,Chaetodon_daedalma_FishPix_177835.jpg,https://fishpix.kahaku.go.jp/photos/NR0177/177835AF.jpg,Chaetodontidae,no,exists,138974
Chaetodon guentheri,177842,177842AF.jpg,Chaetodon_guentheri_FishPix_177842.jpg,https://fishpix.kahaku.go.jp/photos/NR0177/177842AF.jpg,Chaetodontidae,no,exists,57059
Heniochus diphreutes,177847,177847AF.jpg,Heniochus_diphreutes_FishPix_177847.jpg,https://fishpix.kahaku.go.jp/photos/NR0177/177847AF.jpg,Chaetodontidae,no,exists,55378
Hemitaurichthys thompsoni,177848,177848AF.jpg,Hemitaurichthys_thompsoni_FishPix_177848.jpg,https://fishpix.kahaku.go.jp/photos/NR0177/177848AF.jpg,Chaetodontidae,no,exists,58483
Hemitaurichthys thompsoni,177849,177849AF.jpg,Hemitaurichthys_thompsoni_FishPix_177849.jpg,https://fishpix.kahaku.go.jp/photos/NR0177/177849AF.jpg,Chaetodontidae,no,exists,62975
Hemitaurichthys thompsoni,177850,177850AF.jpg,Hemitaurichthys_thompsoni_FishPix_177850.jpg,https://fishpix.kahaku.go.jp/photos/NR0177/177850AF.jpg,Chaetodontidae,no,exists,62114
Chaetodon punctatofasciatus,177859,177859AF.jpg,Chaetodon_punctatofasciatus_FishPix_177859.jpg,https://fishpix.kahaku.go.jp/photos/NR0177/177859AF.jpg,Chaetodontidae,no,exists,109229
Chaetodon trifascialis,177861,177861AF.jpg,Chaetodon_trifascialis_FishPix_177861.jpg,https://fishpix.kahaku.go.jp/photos/NR0177/177861AF.jpg,Chaetodontidae,no,exists,103135
Chaetodon trifascialis,177878,177878AF.jpg,Chaetodon_trifascialis_FishPix_177878.jpg,https://fishpix.kahaku.go.jp/photos/NR0177/177878AF.jpg,Chaetodontidae,no,exists,90923
Chaetodon daedalma,177880,177880AF.jpg,Chaetodon_daedalma_FishPix_177880.jpg,https://fishpix.kahaku.go.jp/photos/NR0177/177880AF.jpg,Chaetodontidae,no,exists,208838
Hemitaurichthys polylepis,177898,177898AF.jpg,Hemitaurichthys_polylepis_FishPix_177898.jpg,https://fishpix.kahaku.go.jp/photos/NR0177/177898AF.jpg,Chaetodontidae,no,exists,87495
Hemitaurichthys polylepis,177899,177899AF.jpg,Hemitaurichthys_polylepis_FishPix_177899.jpg,https://fishpix.kahaku.go.jp/photos/NR0177/177899AF.jpg,Chaetodontidae,no,exists,74904
Chaetodon auripes,177905,177905AF.jpg,Chaetodon_auripes_FishPix_177905.jpg,https://fishpix.kahaku.go.jp/photos/NR0177/177905AF.jpg,Chaetodontidae,no,exists,111138
Chaetodon daedalma,177928,177928AF.jpg,Chaetodon_daedalma_FishPix_177928.jpg,https://fishpix.kahaku.go.jp/photos/NR0177/177928AF.jpg,Chaetodontidae,no,exists,129461
Chaetodon daedalma,177951,177951AF.jpg,Chaetodon_daedalma_FishPix_177951.jpg,https://fishpix.kahaku.go.jp/photos/NR0177/177951AF.jpg,Chaetodontidae,no,exists,141879
Chaetodon trifascialis,177972,177972AF.jpg,Chaetodon_trifascialis_FishPix_177972.jpg,https://fishpix.kahaku.go.jp/photos/NR0177/177972AF.jpg,Chaetodontidae,no,exists,79452
Chaetodon daedalma,177980,177980AF.jpg,Chaetodon_daedalma_FishPix_177980.jpg,https://fishpix.kahaku.go.jp/photos/NR0177/177980AF.jpg,Chaetodontidae,no,exists,123090
Chaetodon guentheri,178023,178023AF.jpg,Chaetodon_guentheri_FishPix_178023.jpg,https://fishpix.kahaku.go.jp/photos/NR0178/178023AF.jpg,Chaetodontidae,no,exists,54760
Chaetodon guentheri,178028,178028AF.jpg,Chaetodon_guentheri_FishPix_178028.jpg,https://fishpix.kahaku.go.jp/photos/NR0178/178028AF.jpg,Chaetodontidae,no,exists,68244
Chaetodon daedalma,178040,178040AF.jpg,Chaetodon_daedalma_FishPix_178040.jpg,https://fishpix.kahaku.go.jp/photos/NR0178/178040AF.jpg,Chaetodontidae,no,exists,120221
Forcipiger flavissimus,178056,178056AF.jpg,Forcipiger_flavissimus_FishPix_178056.jpg,https://fishpix.kahaku.go.jp/photos/NR0178/178056AF.jpg,Chaetodontidae,no,exists,141597
Forcipiger longirostris,178059,178059AF.jpg,Forcipiger_longirostris_FishPix_178059.jpg,https://fishpix.kahaku.go.jp/photos/NR0178/178059AF.jpg,Chaetodontidae,no,exists,68312
Chaetodon auripes,17806,17806AF.jpg,Chaetodon_auripes_FishPix_17806.jpg,https://fishpix.kahaku.go.jp/photos/NR0017/17806AF.jpg,Chaetodontidae,no,exists,31452
Chaetodon daedalma,178077,178077AF.jpg,Chaetodon_daedalma_FishPix_178077.jpg,https://fishpix.kahaku.go.jp/photos/NR0178/178077AF.jpg,Chaetodontidae,no,exists,158816
Chaetodon daedalma,178078,178078AF.jpg,Chaetodon_daedalma_FishPix_178078.jpg,https://fishpix.kahaku.go.jp/photos/NR0178/178078AF.jpg,Chaetodontidae,no,exists,144550
Chaetodon auripes,178087,178087AF.jpg,Chaetodon_auripes_FishPix_178087.jpg,https://fishpix.kahaku.go.jp/photos/NR0178/178087AF.jpg,Chaetodontidae,no,exists,91827
Forcipiger flavissimus,178094,178094AF.jpg,Forcipiger_flavissimus_FishPix_178094.jpg,https://fishpix.kahaku.go.jp/photos/NR0178/178094AF.jpg,Chaetodontidae,no,exists,112675
Chaetodon daedalma,178097,178097AF.jpg,Chaetodon_daedalma_FishPix_178097.jpg,https://fishpix.kahaku.go.jp/photos/NR0178/178097AF.jpg,Chaetodontidae,no,exists,102288
Chaetodon bennetti,178111,178111AF.jpg,Chaetodon_bennetti_FishPix_178111.jpg,https://fishpix.kahaku.go.jp/photos/NR0178/178111AF.jpg,Chaetodontidae,no,exists,89776
Chaetodon daedalma,178117,178117AF.jpg,Chaetodon_daedalma_FishPix_178117.jpg,https://fishpix.kahaku.go.jp/photos/NR0178/178117AF.jpg,Chaetodontidae,no,exists,61430
Chaetodon lunula,178137,178137AF.jpg,Chaetodon_lunula_FishPix_178137.jpg,https://fishpix.kahaku.go.jp/photos/NR0178/178137AF.jpg,Chaetodontidae,no,exists,82703
Chaetodon daedalma,178156,178156AF.jpg,Chaetodon_daedalma_FishPix_178156.jpg,https://fishpix.kahaku.go.jp/photos/NR0178/178156AF.jpg,Chaetodontidae,no,exists,161451
Forcipiger flavissimus,178178,178178AF.jpg,Forcipiger_flavissimus_FishPix_178178.jpg,https://fishpix.kahaku.go.jp/photos/NR0178/178178AF.jpg,Chaetodontidae,no,exists,78237
Chaetodon auriga,178210,178210AF.jpg,Chaetodon_auriga_FishPix_178210.jpg,https://fishpix.kahaku.go.jp/photos/NR0178/178210AF.jpg,Chaetodontidae,no,exists,68361
Chaetodon trifascialis,178214,178214AF.jpg,Chaetodon_trifascialis_FishPix_178214.jpg,https://fishpix.kahaku.go.jp/photos/NR0178/178214AF.jpg,Chaetodontidae,no,exists,101735
Chaetodon lunula,178219,178219AF.jpg,Chaetodon_lunula_FishPix_178219.jpg,https://fishpix.kahaku.go.jp/photos/NR0178/178219AF.jpg,Chaetodontidae,no,exists,71749
Chaetodon trifascialis,178250,178250AF.jpg,Chaetodon_trifascialis_FishPix_178250.jpg,https://fishpix.kahaku.go.jp/photos/NR0178/178250AF.jpg,Chaetodontidae,no,exists,110961
Chaetodon bennetti,178260,178260AF.jpg,Chaetodon_bennetti_FishPix_178260.jpg,https://fishpix.kahaku.go.jp/photos/NR0178/178260AF.jpg,Chaetodontidae,no,exists,86257
Chaetodon lunula,178263,178263AF.jpg,Chaetodon_lunula_FishPix_178263.jpg,https://fishpix.kahaku.go.jp/photos/NR0178/178263AF.jpg,Chaetodontidae,no,exists,89252
Chaetodon unimaculatus,178265,178265AF.jpg,Chaetodon_unimaculatus_FishPix_178265.jpg,https://fishpix.kahaku.go.jp/photos/NR0178/178265AF.jpg,Chaetodontidae,no,exists,59597
Chaetodon lunula,178282,178282AF.jpg,Chaetodon_lunula_FishPix_178282.jpg,https://fishpix.kahaku.go.jp/photos/NR0178/178282AF.jpg,Chaetodontidae,no,exists,79240
Chaetodon trifascialis,178286,178286AF.jpg,Chaetodon_trifascialis_FishPix_178286.jpg,https://fishpix.kahaku.go.jp/photos/NR0178/178286AF.jpg,Chaetodontidae,no,exists,111012
Chaetodon mertensii,178287,178287AF.jpg,Chaetodon_mertensii_FishPix_178287.jpg,https://fishpix.kahaku.go.jp/photos/NR0178/178287AF.jpg,Chaetodontidae,no,exists,97783
Chaetodon auriga,178323,178323AF.jpg,Chaetodon_auriga_FishPix_178323.jpg,https://fishpix.kahaku.go.jp/photos/NR0178/178323AF.jpg,Chaetodontidae,no,exists,76877
Chaetodon punctatofasciatus,178394,178394AF.jpg,Chaetodon_punctatofasciatus_FishPix_178394.jpg,https://fishpix.kahaku.go.jp/photos/NR0178/178394AF.jpg,Chaetodontidae,no,exists,80469
Chaetodon daedalma,178404,178404AF.jpg,Chaetodon_daedalma_FishPix_178404.jpg,https://fishpix.kahaku.go.jp/photos/NR0178/178404AF.jpg,Chaetodontidae,no,exists,105748
Chaetodon daedalma,178405,178405AF.jpg,Chaetodon_daedalma_FishPix_178405.jpg,https://fishpix.kahaku.go.jp/photos/NR0178/178405AF.jpg,Chaetodontidae,no,exists,87515
Chaetodon bennetti,178415,178415AF.jpg,Chaetodon_bennetti_FishPix_178415.jpg,https://fishpix.kahaku.go.jp/photos/NR0178/178415AF.jpg,Chaetodontidae,no,exists,85833
Chaetodon plebeius,178420,178420AF.jpg,Chaetodon_plebeius_FishPix_178420.jpg,https://fishpix.kahaku.go.jp/photos/NR0178/178420AF.jpg,Chaetodontidae,no,exists,70481
Chaetodon daedalma,178434,178434AF.jpg,Chaetodon_daedalma_FishPix_178434.jpg,https://fishpix.kahaku.go.jp/photos/NR0178/178434AF.jpg,Chaetodontidae,no,exists,123761
Chaetodon bennetti,178525,178525AF.jpg,Chaetodon_bennetti_FishPix_178525.jpg,https://fishpix.kahaku.go.jp/photos/NR0178/178525AF.jpg,Chaetodontidae,no,exists,43708
Chaetodon daedalma,178528,178528AF.jpg,Chaetodon_daedalma_FishPix_178528.jpg,https://fishpix.kahaku.go.jp/photos/NR0178/178528AF.jpg,Chaetodontidae,no,exists,122764
Chaetodon ephippium,178554,178554AF.jpg,Chaetodon_ephippium_FishPix_178554.jpg,https://fishpix.kahaku.go.jp/photos/NR0178/178554AF.jpg,Chaetodontidae,no,exists,67565
Chaetodon lunula,178560,178560AF.jpg,Chaetodon_lunula_FishPix_178560.jpg,https://fishpix.kahaku.go.jp/photos/NR0178/178560AF.jpg,Chaetodontidae,no,exists,97377
Chaetodon auripes,178566,178566AF.jpg,Chaetodon_auripes_FishPix_178566.jpg,https://fishpix.kahaku.go.jp/photos/NR0178/178566AF.jpg,Chaetodontidae,no,exists,66105
Chaetodon trifascialis,178571,178571AF.jpg,Chaetodon_trifascialis_FishPix_178571.jpg,https://fishpix.kahaku.go.jp/photos/NR0178/178571AF.jpg,Chaetodontidae,no,exists,65330
Chaetodon lunula,178572,178572AF.jpg,Chaetodon_lunula_FishPix_178572.jpg,https://fishpix.kahaku.go.jp/photos/NR0178/178572AF.jpg,Chaetodontidae,no,exists,48547
Chaetodon daedalma,178577,178577AF.jpg,Chaetodon_daedalma_FishPix_178577.jpg,https://fishpix.kahaku.go.jp/photos/NR0178/178577AF.jpg,Chaetodontidae,no,exists,128377
Chaetodon daedalma,178602,178602AF.jpg,Chaetodon_daedalma_FishPix_178602.jpg,https://fishpix.kahaku.go.jp/photos/NR0178/178602AF.jpg,Chaetodontidae,no,exists,130743
Chaetodon bennetti,178639,178639AF.jpg,Chaetodon_bennetti_FishPix_178639.jpg,https://fishpix.kahaku.go.jp/photos/NR0178/178639AF.jpg,Chaetodontidae,no,exists,65856
Chaetodon auriga,178643,178643AF.jpg,Chaetodon_auriga_FishPix_178643.jpg,https://fishpix.kahaku.go.jp/photos/NR0178/178643AF.jpg,Chaetodontidae,no,exists,59868
Chaetodon auriga,178646,178646AF.jpg,Chaetodon_auriga_FishPix_178646.jpg,https://fishpix.kahaku.go.jp/photos/NR0178/178646AF.jpg,Chaetodontidae,no,exists,72512
Chaetodon bennetti,178649,178649AF.jpg,Chaetodon_bennetti_FishPix_178649.jpg,https://fishpix.kahaku.go.jp/photos/NR0178/178649AF.jpg,Chaetodontidae,no,exists,67706
Chaetodon bennetti,178655,178655AF.jpg,Chaetodon_bennetti_FishPix_178655.jpg,https://fishpix.kahaku.go.jp/photos/NR0178/178655AF.jpg,Chaetodontidae,no,exists,52148
Chaetodon auriga,178710,178710AF.jpg,Chaetodon_auriga_FishPix_178710.jpg,https://fishpix.kahaku.go.jp/photos/NR0178/178710AF.jpg,Chaetodontidae,no,exists,61195
Chaetodon daedalma,178714,178714AF.jpg,Chaetodon_daedalma_FishPix_178714.jpg,https://fishpix.kahaku.go.jp/photos/NR0178/178714AF.jpg,Chaetodontidae,no,exists,132855
Chaetodon lunulatus,178716,178716AF.jpg,Chaetodon_lunulatus_FishPix_178716.jpg,https://fishpix.kahaku.go.jp/photos/NR0178/178716AF.jpg,Chaetodontidae,no,exists,79175
Chaetodon lunulatus,178727,178727AF.jpg,Chaetodon_lunulatus_FishPix_178727.jpg,https://fishpix.kahaku.go.jp/photos/NR0178/178727AF.jpg,Chaetodontidae,no,exists,80448
Chaetodon trifascialis,178731,178731AF.jpg,Chaetodon_trifascialis_FishPix_178731.jpg,https://fishpix.kahaku.go.jp/photos/NR0178/178731AF.jpg,Chaetodontidae,no,exists,71913
Chaetodon lineolatus,178738,178738AF.jpg,Chaetodon_lineolatus_FishPix_178738.jpg,https://fishpix.kahaku.go.jp/photos/NR0178/178738AF.jpg,Chaetodontidae,no,exists,55035
Chaetodon melannotus,178749,178749AF.jpg,Chaetodon_melannotus_FishPix_178749.jpg,https://fishpix.kahaku.go.jp/photos/NR0178/178749AF.jpg,Chaetodontidae,no,exists,83489
Chaetodon bennetti,178754,178754AF.jpg,Chaetodon_bennetti_FishPix_178754.jpg,https://fishpix.kahaku.go.jp/photos/NR0178/178754AF.jpg,Chaetodontidae,no,exists,52892
Chaetodon auriga,178756,178756AF.jpg,Chaetodon_auriga_FishPix_178756.jpg,https://fishpix.kahaku.go.jp/photos/NR0178/178756AF.jpg,Chaetodontidae,no,exists,53159
Chaetodon bennetti,178780,178780AF.jpg,Chaetodon_bennetti_FishPix_178780.jpg,https://fishpix.kahaku.go.jp/photos/NR0178/178780AF.jpg,Chaetodontidae,no,exists,56250
Chaetodon auriga,178781,178781AF.jpg,Chaetodon_auriga_FishPix_178781.jpg,https://fishpix.kahaku.go.jp/photos/NR0178/178781AF.jpg,Chaetodontidae,no,exists,53074
Chaetodon lunula,178782,178782AF.jpg,Chaetodon_lunula_FishPix_178782.jpg,https://fishpix.kahaku.go.jp/photos/NR0178/178782AF.jpg,Chaetodontidae,no,exists,61914
Chaetodon lineolatus,178788,178788AF.jpg,Chaetodon_lineolatus_FishPix_178788.jpg,https://fishpix.kahaku.go.jp/photos/NR0178/178788AF.jpg,Chaetodontidae,no,exists,48452
Heniochus monoceros,178789,178789AF.jpg,Heniochus_monoceros_FishPix_178789.jpg,https://fishpix.kahaku.go.jp/photos/NR0178/178789AF.jpg,Chaetodontidae,no,exists,47570
Chaetodon bennetti,178790,178790AF.jpg,Chaetodon_bennetti_FishPix_178790.jpg,https://fishpix.kahaku.go.jp/photos/NR0178/178790AF.jpg,Chaetodontidae,no,exists,58804
Heniochus monoceros,178791,178791AF.jpg,Heniochus_monoceros_FishPix_178791.jpg,https://fishpix.kahaku.go.jp/photos/NR0178/178791AF.jpg,Chaetodontidae,no,exists,48788
Chaetodon trifascialis,178794,178794AF.jpg,Chaetodon_trifascialis_FishPix_178794.jpg,https://fishpix.kahaku.go.jp/photos/NR0178/178794AF.jpg,Chaetodontidae,no,exists,70844
Heniochus monoceros,178812,178812AF.jpg,Heniochus_monoceros_FishPix_178812.jpg,https://fishpix.kahaku.go.jp/photos/NR0178/178812AF.jpg,Chaetodontidae,no,exists,73114
Chaetodon bennetti,178815,178815AF.jpg,Chaetodon_bennetti_FishPix_178815.jpg,https://fishpix.kahaku.go.jp/photos/NR0178/178815AF.jpg,Chaetodontidae,no,exists,52014
Heniochus monoceros,178828,178828AF.jpg,Heniochus_monoceros_FishPix_178828.jpg,https://fishpix.kahaku.go.jp/photos/NR0178/178828AF.jpg,Chaetodontidae,no,exists,69939
Chaetodon punctatofasciatus,178870,178870AF.jpg,Chaetodon_punctatofasciatus_FishPix_178870.jpg,https://fishpix.kahaku.go.jp/photos/NR0178/178870AF.jpg,Chaetodontidae,no,exists,80466
Chaetodon daedalma,178883,178883AF.jpg,Chaetodon_daedalma_FishPix_178883.jpg,https://fishpix.kahaku.go.jp/photos/NR0178/178883AF.jpg,Chaetodontidae,no,exists,108641
Chaetodon daedalma,178947,178947AF.jpg,Chaetodon_daedalma_FishPix_178947.jpg,https://fishpix.kahaku.go.jp/photos/NR0178/178947AF.jpg,Chaetodontidae,no,exists,100564
Chaetodon lunula,178980,178980AF.jpg,Chaetodon_lunula_FishPix_178980.jpg,https://fishpix.kahaku.go.jp/photos/NR0178/178980AF.jpg,Chaetodontidae,no,exists,99420
Chaetodon lunula,178995,178995AF.jpg,Chaetodon_lunula_FishPix_178995.jpg,https://fishpix.kahaku.go.jp/photos/NR0178/178995AF.jpg,Chaetodontidae,no,exists,83458
Heniochus monoceros,178996,178996AF.jpg,Heniochus_monoceros_FishPix_178996.jpg,https://fishpix.kahaku.go.jp/photos/NR0178/178996AF.jpg,Chaetodontidae,no,exists,104233
Chaetodon auripes,178997,178997AF.jpg,Chaetodon_auripes_FishPix_178997.jpg,https://fishpix.kahaku.go.jp/photos/NR0178/178997AF.jpg,Chaetodontidae,no,exists,86101
Chaetodon daedalma,179039,179039AF.jpg,Chaetodon_daedalma_FishPix_179039.jpg,https://fishpix.kahaku.go.jp/photos/NR0179/179039AF.jpg,Chaetodontidae,no,exists,145499
Heniochus varius,179106,179106AF.jpg,Heniochus_varius_FishPix_179106.jpg,https://fishpix.kahaku.go.jp/photos/NR0179/179106AF.jpg,Chaetodontidae,no,exists,453641
Chaetodon baronessa,179441,179441AF.jpg,Chaetodon_baronessa_FishPix_179441.jpg,https://fishpix.kahaku.go.jp/photos/NR0179/179441AF.jpg,Chaetodontidae,no,exists,446729
Chaetodon baronessa,179500,179500AF.jpg,Chaetodon_baronessa_FishPix_179500.jpg,https://fishpix.kahaku.go.jp/photos/NR0179/179500AF.jpg,Chaetodontidae,no,exists,505664
Chaetodon ocellicaudus,179530,179530AF.jpg,Chaetodon_ocellicaudus_FishPix_179530.jpg,https://fishpix.kahaku.go.jp/photos/NR0179/179530AF.jpg,Chaetodontidae,no,exists,487945
Chaetodon adiergastos,179577,179577AF.jpg,Chaetodon_adiergastos_FishPix_179577.jpg,https://fishpix.kahaku.go.jp/photos/NR0179/179577AF.jpg,Chaetodontidae,no,exists,482642
Chaetodon adiergastos,179578,179578AF.jpg,Chaetodon_adiergastos_FishPix_179578.jpg,https://fishpix.kahaku.go.jp/photos/NR0179/179578AF.jpg,Chaetodontidae,no,exists,565714
Chaetodon adiergastos,179590,179590AF.jpg,Chaetodon_adiergastos_FishPix_179590.jpg,https://fishpix.kahaku.go.jp/photos/NR0179/179590AF.jpg,Chaetodontidae,no,exists,514415
Heniochus varius,179591,179591AF.jpg,Heniochus_varius_FishPix_179591.jpg,https://fishpix.kahaku.go.jp/photos/NR0179/179591AF.jpg,Chaetodontidae,no,exists,432044
Chaetodon rafflesii,179594,179594AF.jpg,Chaetodon_rafflesii_FishPix_179594.jpg,https://fishpix.kahaku.go.jp/photos/NR0179/179594AF.jpg,Chaetodontidae,no,exists,535928
Chaetodon ocellicaudus,179641,179641AF.jpg,Chaetodon_ocellicaudus_FishPix_179641.jpg,https://fishpix.kahaku.go.jp/photos/NR0179/179641AF.jpg,Chaetodontidae,no,exists,477059
Chaetodon baronessa,179643,179643AF.jpg,Chaetodon_baronessa_FishPix_179643.jpg,https://fishpix.kahaku.go.jp/photos/NR0179/179643AF.jpg,Chaetodontidae,no,exists,492030
Chaetodon baronessa,179661,179661AF.jpg,Chaetodon_baronessa_FishPix_179661.jpg,https://fishpix.kahaku.go.jp/photos/NR0179/179661AF.jpg,Chaetodontidae,no,exists,525722
Chaetodon rafflesii,179680,179680AF.jpg,Chaetodon_rafflesii_FishPix_179680.jpg,https://fishpix.kahaku.go.jp/photos/NR0179/179680AF.jpg,Chaetodontidae,no,exists,456707
Chaetodon adiergastos,179767,179767AF.jpg,Chaetodon_adiergastos_FishPix_179767.jpg,https://fishpix.kahaku.go.jp/photos/NR0179/179767AF.jpg,Chaetodontidae,no,exists,555391
Chaetodon auriga,180003,180003AF.jpg,Chaetodon_auriga_FishPix_180003.jpg,https://fishpix.kahaku.go.jp/photos/NR0180/180003AF.jpg,Chaetodontidae,no,exists,95399
Chaetodon melannotus,180004,180004AF.jpg,Chaetodon_melannotus_FishPix_180004.jpg,https://fishpix.kahaku.go.jp/photos/NR0180/180004AF.jpg,Chaetodontidae,no,exists,97814
Heniochus acuminatus,180142,180142AF.jpg,Heniochus_acuminatus_FishPix_180142.jpg,https://fishpix.kahaku.go.jp/photos/NR0180/180142AF.jpg,Chaetodontidae,no,exists,69318
Heniochus acuminatus,180143,180143AF.jpg,Heniochus_acuminatus_FishPix_180143.jpg,https://fishpix.kahaku.go.jp/photos/NR0180/180143AF.jpg,Chaetodontidae,no,exists,93762
Heniochus acuminatus,180144,180144AF.jpg,Heniochus_acuminatus_FishPix_180144.jpg,https://fishpix.kahaku.go.jp/photos/NR0180/180144AF.jpg,Chaetodontidae,no,exists,77694
Heniochus acuminatus,180145,180145AF.jpg,Heniochus_acuminatus_FishPix_180145.jpg,https://fishpix.kahaku.go.jp/photos/NR0180/180145AF.jpg,Chaetodontidae,no,exists,95032
Heniochus acuminatus,180146,180146AF.jpg,Heniochus_acuminatus_FishPix_180146.jpg,https://fishpix.kahaku.go.jp/photos/NR0180/180146AF.jpg,Chaetodontidae,no,exists,87695
Roa modesta,180235,180235AF.jpg,Roa_modesta_FishPix_180235.jpg,https://fishpix.kahaku.go.jp/photos/NR0180/180235AF.jpg,Chaetodontidae,no,exists,115101
Roa modesta,180239,180239AF.jpg,Roa_modesta_FishPix_180239.jpg,https://fishpix.kahaku.go.jp/photos/NR0180/180239AF.jpg,Chaetodontidae,no,exists,81849
Roa modesta,180258,180258AF.jpg,Roa_modesta_FishPix_180258.jpg,https://fishpix.kahaku.go.jp/photos/NR0180/180258AF.jpg,Chaetodontidae,no,exists,93691
Heniochus acuminatus,180266,180266AF.jpg,Heniochus_acuminatus_FishPix_180266.jpg,https://fishpix.kahaku.go.jp/photos/NR0180/180266AF.jpg,Chaetodontidae,no,exists,71364
Heniochus acuminatus,180267,180267AF.jpg,Heniochus_acuminatus_FishPix_180267.jpg,https://fishpix.kahaku.go.jp/photos/NR0180/180267AF.jpg,Chaetodontidae,no,exists,81055
Heniochus acuminatus,180268,180268AF.jpg,Heniochus_acuminatus_FishPix_180268.jpg,https://fishpix.kahaku.go.jp/photos/NR0180/180268AF.jpg,Chaetodontidae,no,exists,80480
Roa modesta,180297,180297AF.jpg,Roa_modesta_FishPix_180297.jpg,https://fishpix.kahaku.go.jp/photos/NR0180/180297AF.jpg,Chaetodontidae,no,exists,104064
Chaetodon vagabundus,180331,180331AF.jpg,Chaetodon_vagabundus_FishPix_180331.jpg,https://fishpix.kahaku.go.jp/photos/NR0180/180331AF.jpg,Chaetodontidae,no,exists,99908
Chaetodon vagabundus,180332,180332AF.jpg,Chaetodon_vagabundus_FishPix_180332.jpg,https://fishpix.kahaku.go.jp/photos/NR0180/180332AF.jpg,Chaetodontidae,no,exists,103828
Heniochus acuminatus,180390,180390AF.jpg,Heniochus_acuminatus_FishPix_180390.jpg,https://fishpix.kahaku.go.jp/photos/NR0180/180390AF.jpg,Chaetodontidae,no,exists,91462
Heniochus acuminatus,180391,180391AF.jpg,Heniochus_acuminatus_FishPix_180391.jpg,https://fishpix.kahaku.go.jp/photos/NR0180/180391AF.jpg,Chaetodontidae,no,exists,94023
Chaetodon trifascialis,180427,180427AF.jpg,Chaetodon_trifascialis_FishPix_180427.jpg,https://fishpix.kahaku.go.jp/photos/NR0180/180427AF.jpg,Chaetodontidae,no,exists,101606
Chaetodon auripes,180518,180518AF.jpg,Chaetodon_auripes_FishPix_180518.jpg,https://fishpix.kahaku.go.jp/photos/NR0180/180518AF.jpg,Chaetodontidae,no,exists,109587
Chaetodon vagabundus,180522,180522AF.jpg,Chaetodon_vagabundus_FishPix_180522.jpg,https://fishpix.kahaku.go.jp/photos/NR0180/180522AF.jpg,Chaetodontidae,no,exists,106583
Chaetodon vagabundus,180523,180523AF.jpg,Chaetodon_vagabundus_FishPix_180523.jpg,https://fishpix.kahaku.go.jp/photos/NR0180/180523AF.jpg,Chaetodontidae,no,exists,107658
Chaetodon vagabundus,180538,180538AF.jpg,Chaetodon_vagabundus_FishPix_180538.jpg,https://fishpix.kahaku.go.jp/photos/NR0180/180538AF.jpg,Chaetodontidae,no,exists,106986
Chaetodon melannotus,180724,180724AF.jpg,Chaetodon_melannotus_FishPix_180724.jpg,https://fishpix.kahaku.go.jp/photos/NR0180/180724AF.jpg,Chaetodontidae,no,exists,85871
Chaetodon melannotus,180786,180786AF.jpg,Chaetodon_melannotus_FishPix_180786.jpg,https://fishpix.kahaku.go.jp/photos/NR0180/180786AF.jpg,Chaetodontidae,no,exists,212240
Chaetodon speculum,180854,180854AF.jpg,Chaetodon_speculum_FishPix_180854.jpg,https://fishpix.kahaku.go.jp/photos/NR0180/180854AF.jpg,Chaetodontidae,no,exists,114489
Chaetodon auripes,180863,180863AF.jpg,Chaetodon_auripes_FishPix_180863.jpg,https://fishpix.kahaku.go.jp/photos/NR0180/180863AF.jpg,Chaetodontidae,no,exists,99675
Heniochus monoceros,180883,180883AF.jpg,Heniochus_monoceros_FishPix_180883.jpg,https://fishpix.kahaku.go.jp/photos/NR0180/180883AF.jpg,Chaetodontidae,no,exists,80792
Heniochus monoceros,180908,180908AF.jpg,Heniochus_monoceros_FishPix_180908.jpg,https://fishpix.kahaku.go.jp/photos/NR0180/180908AF.jpg,Chaetodontidae,no,exists,82629
Roa modesta,181328,181328AF.jpg,Roa_modesta_FishPix_181328.jpg,https://fishpix.kahaku.go.jp/photos/NR0181/181328AF.jpg,Chaetodontidae,no,exists,129220
Roa modesta,181329,181329AF.jpg,Roa_modesta_FishPix_181329.jpg,https://fishpix.kahaku.go.jp/photos/NR0181/181329AF.jpg,Chaetodontidae,no,exists,105614
Heniochus diphreutes,181589,181589AF.jpg,Heniochus_diphreutes_FishPix_181589.jpg,https://fishpix.kahaku.go.jp/photos/NR0181/181589AF.jpg,Chaetodontidae,no,exists,302836
Chaetodon citrinellus,181598,181598AF.jpg,Chaetodon_citrinellus_FishPix_181598.jpg,https://fishpix.kahaku.go.jp/photos/NR0181/181598AF.jpg,Chaetodontidae,no,exists,362372
Chaetodon wiebeli,181827,181827AF.jpg,Chaetodon_wiebeli_FishPix_181827.jpg,https://fishpix.kahaku.go.jp/photos/NR0181/181827AF.jpg,Chaetodontidae,no,exists,124433
Chaetodon ulietensis,181867,181867AF.jpg,Chaetodon_ulietensis_FishPix_181867.jpg,https://fishpix.kahaku.go.jp/photos/NR0181/181867AF.jpg,Chaetodontidae,no,exists,111014
Chaetodon wiebeli,181938,181938AF.jpg,Chaetodon_wiebeli_FishPix_181938.jpg,https://fishpix.kahaku.go.jp/photos/NR0181/181938AF.jpg,Chaetodontidae,no,exists,129330
Chaetodon ephippium,181954,181954AF.jpg,Chaetodon_ephippium_FishPix_181954.jpg,https://fishpix.kahaku.go.jp/photos/NR0181/181954AF.jpg,Chaetodontidae,no,exists,124849
Chaetodon auripes,182418,182418AF.jpg,Chaetodon_auripes_FishPix_182418.jpg,https://fishpix.kahaku.go.jp/photos/NR0182/182418AF.jpg,Chaetodontidae,no,exists,117710
Heniochus acuminatus,182420,182420AF.jpg,Heniochus_acuminatus_FishPix_182420.jpg,https://fishpix.kahaku.go.jp/photos/NR0182/182420AF.jpg,Chaetodontidae,no,exists,72677
Parachaetodon ocellatus,182523,182523AF.jpg,Parachaetodon_ocellatus_FishPix_182523.jpg,https://fishpix.kahaku.go.jp/photos/NR0182/182523AF.jpg,Chaetodontidae,no,exists,456982
Heniochus varius,182549,182549AF.jpg,Heniochus_varius_FishPix_182549.jpg,https://fishpix.kahaku.go.jp/photos/NR0182/182549AF.jpg,Chaetodontidae,no,exists,445703
Chaetodon baronessa,182550,182550AF.jpg,Chaetodon_baronessa_FishPix_182550.jpg,https://fishpix.kahaku.go.jp/photos/NR0182/182550AF.jpg,Chaetodontidae,no,exists,413082
Chaetodon baronessa,182569,182569AF.jpg,Chaetodon_baronessa_FishPix_182569.jpg,https://fishpix.kahaku.go.jp/photos/NR0182/182569AF.jpg,Chaetodontidae,no,exists,478502
Chaetodon baronessa,182600,182600AF.jpg,Chaetodon_baronessa_FishPix_182600.jpg,https://fishpix.kahaku.go.jp/photos/NR0182/182600AF.jpg,Chaetodontidae,no,exists,429159
Chaetodon octofasciatus,182604,182604AF.jpg,Chaetodon_octofasciatus_FishPix_182604.jpg,https://fishpix.kahaku.go.jp/photos/NR0182/182604AF.jpg,Chaetodontidae,no,exists,422766
Chaetodon octofasciatus,182620,182620AF.jpg,Chaetodon_octofasciatus_FishPix_182620.jpg,https://fishpix.kahaku.go.jp/photos/NR0182/182620AF.jpg,Chaetodontidae,no,exists,456703
Chaetodon baronessa,182623,182623AF.jpg,Chaetodon_baronessa_FishPix_182623.jpg,https://fishpix.kahaku.go.jp/photos/NR0182/182623AF.jpg,Chaetodontidae,no,exists,431930
Chaetodon baronessa,182665,182665AF.jpg,Chaetodon_baronessa_FishPix_182665.jpg,https://fishpix.kahaku.go.jp/photos/NR0182/182665AF.jpg,Chaetodontidae,no,exists,420519
Chaetodon baronessa,182688,182688AF.jpg,Chaetodon_baronessa_FishPix_182688.jpg,https://fishpix.kahaku.go.jp/photos/NR0182/182688AF.jpg,Chaetodontidae,no,exists,376110
Parachaetodon ocellatus,182897,182897AF.jpg,Parachaetodon_ocellatus_FishPix_182897.jpg,https://fishpix.kahaku.go.jp/photos/NR0182/182897AF.jpg,Chaetodontidae,no,exists,362141
Coradion melanopus,182975,182975AF.jpg,Coradion_melanopus_FishPix_182975.jpg,https://fishpix.kahaku.go.jp/photos/NR0182/182975AF.jpg,Chaetodontidae,no,exists,450844
Coradion chrysozonus,182992,182992AF.jpg,Coradion_chrysozonus_FishPix_182992.jpg,https://fishpix.kahaku.go.jp/photos/NR0182/182992AF.jpg,Chaetodontidae,no,exists,500702
Chaetodon rafflesii,183076,183076AF.jpg,Chaetodon_rafflesii_FishPix_183076.jpg,https://fishpix.kahaku.go.jp/photos/NR0183/183076AF.jpg,Chaetodontidae,no,exists,425210
Chaetodon ocellicaudus,183077,183077AF.jpg,Chaetodon_ocellicaudus_FishPix_183077.jpg,https://fishpix.kahaku.go.jp/photos/NR0183/183077AF.jpg,Chaetodontidae,no,exists,479125
Chaetodon octofasciatus,183136,183136AF.jpg,Chaetodon_octofasciatus_FishPix_183136.jpg,https://fishpix.kahaku.go.jp/photos/NR0183/183136AF.jpg,Chaetodontidae,no,exists,415429
Chaetodon octofasciatus,183154,183154AF.jpg,Chaetodon_octofasciatus_FishPix_183154.jpg,https://fishpix.kahaku.go.jp/photos/NR0183/183154AF.jpg,Chaetodontidae,no,exists,425354
Chaetodon madagaskariensis,183175,183175AF.jpg,Chaetodon_madagaskariensis_FishPix_183175.jpg,https://fishpix.kahaku.go.jp/photos/NR0183/183175AF.jpg,Chaetodontidae,no,exists,470539
Chaetodon octofasciatus,183185,183185AF.jpg,Chaetodon_octofasciatus_FishPix_183185.jpg,https://fishpix.kahaku.go.jp/photos/NR0183/183185AF.jpg,Chaetodontidae,no,exists,428887
Chaetodon baronessa,183188,183188AF.jpg,Chaetodon_baronessa_FishPix_183188.jpg,https://fishpix.kahaku.go.jp/photos/NR0183/183188AF.jpg,Chaetodontidae,no,exists,422617
Chaetodon ocellicaudus,183201,183201AF.jpg,Chaetodon_ocellicaudus_FishPix_183201.jpg,https://fishpix.kahaku.go.jp/photos/NR0183/183201AF.jpg,Chaetodontidae,no,exists,406417
Chaetodon baronessa,183205,183205AF.jpg,Chaetodon_baronessa_FishPix_183205.jpg,https://fishpix.kahaku.go.jp/photos/NR0183/183205AF.jpg,Chaetodontidae,no,exists,63121
Chaetodon octofasciatus,183212,183212AF.jpg,Chaetodon_octofasciatus_FishPix_183212.jpg,https://fishpix.kahaku.go.jp/photos/NR0183/183212AF.jpg,Chaetodontidae,no,exists,47661
Chaetodon lunulatus,183220,183220AF.jpg,Chaetodon_lunulatus_FishPix_183220.jpg,https://fishpix.kahaku.go.jp/photos/NR0183/183220AF.jpg,Chaetodontidae,no,exists,52862
Coradion melanopus,183229,183229AF.jpg,Coradion_melanopus_FishPix_183229.jpg,https://fishpix.kahaku.go.jp/photos/NR0183/183229AF.jpg,Chaetodontidae,no,exists,124355
Chaetodon octofasciatus,183235,183235AF.jpg,Chaetodon_octofasciatus_FishPix_183235.jpg,https://fishpix.kahaku.go.jp/photos/NR0183/183235AF.jpg,Chaetodontidae,no,exists,82196
Chaetodon ocellicaudus,183247,183247AF.jpg,Chaetodon_ocellicaudus_FishPix_183247.jpg,https://fishpix.kahaku.go.jp/photos/NR0183/183247AF.jpg,Chaetodontidae,no,exists,53836
Chaetodon octofasciatus,183261,183261AF.jpg,Chaetodon_octofasciatus_FishPix_183261.jpg,https://fishpix.kahaku.go.jp/photos/NR0183/183261AF.jpg,Chaetodontidae,no,exists,53292
Chaetodon lunulatus,183267,183267AF.jpg,Chaetodon_lunulatus_FishPix_183267.jpg,https://fishpix.kahaku.go.jp/photos/NR0183/183267AF.jpg,Chaetodontidae,no,exists,48684
Coradion chrysozonus,183491,183491AF.jpg,Coradion_chrysozonus_FishPix_183491.jpg,https://fishpix.kahaku.go.jp/photos/NR0183/183491AF.jpg,Chaetodontidae,no,exists,81288
Coradion melanopus,183492,183492AF.jpg,Coradion_melanopus_FishPix_183492.jpg,https://fishpix.kahaku.go.jp/photos/NR0183/183492AF.jpg,Chaetodontidae,no,exists,49091
Coradion chrysozonus,183495,183495AF.jpg,Coradion_chrysozonus_FishPix_183495.jpg,https://fishpix.kahaku.go.jp/photos/NR0183/183495AF.jpg,Chaetodontidae,no,exists,78520
Chaetodon baronessa,183722,183722AF.jpg,Chaetodon_baronessa_FishPix_183722.jpg,https://fishpix.kahaku.go.jp/photos/NR0183/183722AF.jpg,Chaetodontidae,no,exists,68246
Chaetodon baronessa,183734,183734AF.jpg,Chaetodon_baronessa_FishPix_183734.jpg,https://fishpix.kahaku.go.jp/photos/NR0183/183734AF.jpg,Chaetodontidae,no,exists,80803
Chaetodon ocellicaudus,183741,183741AF.jpg,Chaetodon_ocellicaudus_FishPix_183741.jpg,https://fishpix.kahaku.go.jp/photos/NR0183/183741AF.jpg,Chaetodontidae,no,exists,52958
Chaetodon adiergastos,183786,183786AF.jpg,Chaetodon_adiergastos_FishPix_183786.jpg,https://fishpix.kahaku.go.jp/photos/NR0183/183786AF.jpg,Chaetodontidae,no,exists,54752
Chaetodon ocellicaudus,183816,183816AF.jpg,Chaetodon_ocellicaudus_FishPix_183816.jpg,https://fishpix.kahaku.go.jp/photos/NR0183/183816AF.jpg,Chaetodontidae,no,exists,45864
Chaetodon ocellicaudus,183829,183829AF.jpg,Chaetodon_ocellicaudus_FishPix_183829.jpg,https://fishpix.kahaku.go.jp/photos/NR0183/183829AF.jpg,Chaetodontidae,no,exists,52038
Chaetodon vagabundus,183833,183833AF.jpg,Chaetodon_vagabundus_FishPix_183833.jpg,https://fishpix.kahaku.go.jp/photos/NR0183/183833AF.jpg,Chaetodontidae,no,exists,56219
Chaetodon ephippium,183852,183852AF.jpg,Chaetodon_ephippium_FishPix_183852.jpg,https://fishpix.kahaku.go.jp/photos/NR0183/183852AF.jpg,Chaetodontidae,no,exists,64810
Forcipiger flavissimus,183877,183877AF.jpg,Forcipiger_flavissimus_FishPix_183877.jpg,https://fishpix.kahaku.go.jp/photos/NR0183/183877AF.jpg,Chaetodontidae,no,exists,44321
Chaetodon vagabundus,183886,183886AF.jpg,Chaetodon_vagabundus_FishPix_183886.jpg,https://fishpix.kahaku.go.jp/photos/NR0183/183886AF.jpg,Chaetodontidae,no,exists,85454
Chaetodon ephippium,183904,183904AF.jpg,Chaetodon_ephippium_FishPix_183904.jpg,https://fishpix.kahaku.go.jp/photos/NR0183/183904AF.jpg,Chaetodontidae,no,exists,102994
Chaetodon ephippium,183940,183940AF.jpg,Chaetodon_ephippium_FishPix_183940.jpg,https://fishpix.kahaku.go.jp/photos/NR0183/183940AF.jpg,Chaetodontidae,no,exists,45635
Chaetodon ephippium,183989,183989AF.jpg,Chaetodon_ephippium_FishPix_183989.jpg,https://fishpix.kahaku.go.jp/photos/NR0183/183989AF.jpg,Chaetodontidae,no,exists,50520
Chaetodon trifascialis,184163,184163AF.jpg,Chaetodon_trifascialis_FishPix_184163.jpg,https://fishpix.kahaku.go.jp/photos/NR0184/184163AF.jpg,Chaetodontidae,no,exists,79713
Chaetodon pelewensis,184296,184296AF.jpg,Chaetodon_pelewensis_FishPix_184296.jpg,https://fishpix.kahaku.go.jp/photos/NR0184/184296AF.jpg,Chaetodontidae,no,exists,65336
Chaetodon wiebeli,184315,184315AF.jpg,Chaetodon_wiebeli_FishPix_184315.jpg,https://fishpix.kahaku.go.jp/photos/NR0184/184315AF.jpg,Chaetodontidae,no,exists,58914
Chaetodon bennetti,184425,184425AF.jpg,Chaetodon_bennetti_FishPix_184425.jpg,https://fishpix.kahaku.go.jp/photos/NR0184/184425AF.jpg,Chaetodontidae,no,exists,47078
Chaetodon melannotus,184432,184432AF.jpg,Chaetodon_melannotus_FishPix_184432.jpg,https://fishpix.kahaku.go.jp/photos/NR0184/184432AF.jpg,Chaetodontidae,no,exists,47657
Chaetodon ulietensis,184456,184456AF.jpg,Chaetodon_ulietensis_FishPix_184456.jpg,https://fishpix.kahaku.go.jp/photos/NR0184/184456AF.jpg,Chaetodontidae,no,exists,69392
Chaetodon melannotus,184477,184477AF.jpg,Chaetodon_melannotus_FishPix_184477.jpg,https://fishpix.kahaku.go.jp/photos/NR0184/184477AF.jpg,Chaetodontidae,no,exists,64721
Chaetodon ulietensis,184479,184479AF.jpg,Chaetodon_ulietensis_FishPix_184479.jpg,https://fishpix.kahaku.go.jp/photos/NR0184/184479AF.jpg,Chaetodontidae,no,exists,45028
Chaetodon ephippium,184497,184497AF.jpg,Chaetodon_ephippium_FishPix_184497.jpg,https://fishpix.kahaku.go.jp/photos/NR0184/184497AF.jpg,Chaetodontidae,no,exists,75573
Chaetodon citrinellus,184517,184517AF.jpg,Chaetodon_citrinellus_FishPix_184517.jpg,https://fishpix.kahaku.go.jp/photos/NR0184/184517AF.jpg,Chaetodontidae,no,exists,42231
Chaetodon plebeius,184566,184566AF.jpg,Chaetodon_plebeius_FishPix_184566.jpg,https://fishpix.kahaku.go.jp/photos/NR0184/184566AF.jpg,Chaetodontidae,no,exists,61064
Chaetodon argentatus,184580,184580AF.jpg,Chaetodon_argentatus_FishPix_184580.jpg,https://fishpix.kahaku.go.jp/photos/NR0184/184580AF.jpg,Chaetodontidae,no,exists,73003
Chaetodon auripes,184648,184648AF.jpg,Chaetodon_auripes_FishPix_184648.jpg,https://fishpix.kahaku.go.jp/photos/NR0184/184648AF.jpg,Chaetodontidae,no,exists,79575
Chaetodon auriga,184649,184649AF.jpg,Chaetodon_auriga_FishPix_184649.jpg,https://fishpix.kahaku.go.jp/photos/NR0184/184649AF.jpg,Chaetodontidae,no,exists,44542
Forcipiger flavissimus,184651,184651AF.jpg,Forcipiger_flavissimus_FishPix_184651.jpg,https://fishpix.kahaku.go.jp/photos/NR0184/184651AF.jpg,Chaetodontidae,no,exists,50992
Chaetodon citrinellus,184653,184653AF.jpg,Chaetodon_citrinellus_FishPix_184653.jpg,https://fishpix.kahaku.go.jp/photos/NR0184/184653AF.jpg,Chaetodontidae,no,exists,75319
Chaetodon auripes,184676,184676AF.jpg,Chaetodon_auripes_FishPix_184676.jpg,https://fishpix.kahaku.go.jp/photos/NR0184/184676AF.jpg,Chaetodontidae,no,exists,76755
Chaetodon argentatus,184711,184711AF.jpg,Chaetodon_argentatus_FishPix_184711.jpg,https://fishpix.kahaku.go.jp/photos/NR0184/184711AF.jpg,Chaetodontidae,no,exists,73221
Chaetodon citrinellus,184722,184722AF.jpg,Chaetodon_citrinellus_FishPix_184722.jpg,https://fishpix.kahaku.go.jp/photos/NR0184/184722AF.jpg,Chaetodontidae,no,exists,85001
Chaetodon lineolatus,184740,184740AF.jpg,Chaetodon_lineolatus_FishPix_184740.jpg,https://fishpix.kahaku.go.jp/photos/NR0184/184740AF.jpg,Chaetodontidae,no,exists,93615
Chaetodon melannotus,184804,184804AF.jpg,Chaetodon_melannotus_FishPix_184804.jpg,https://fishpix.kahaku.go.jp/photos/NR0184/184804AF.jpg,Chaetodontidae,no,exists,47186
Chaetodon ephippium,184807,184807AF.jpg,Chaetodon_ephippium_FishPix_184807.jpg,https://fishpix.kahaku.go.jp/photos/NR0184/184807AF.jpg,Chaetodontidae,no,exists,89279
Chaetodon vagabundus,184837,184837AF.jpg,Chaetodon_vagabundus_FishPix_184837.jpg,https://fishpix.kahaku.go.jp/photos/NR0184/184837AF.jpg,Chaetodontidae,no,exists,64598
Chaetodon punctatofasciatus,184842,184842AF.jpg,Chaetodon_punctatofasciatus_FishPix_184842.jpg,https://fishpix.kahaku.go.jp/photos/NR0184/184842AF.jpg,Chaetodontidae,no,exists,74018
Chaetodon argentatus,184847,184847AF.jpg,Chaetodon_argentatus_FishPix_184847.jpg,https://fishpix.kahaku.go.jp/photos/NR0184/184847AF.jpg,Chaetodontidae,no,exists,54006
Chaetodon auripes,184930,184930AF.jpg,Chaetodon_auripes_FishPix_184930.jpg,https://fishpix.kahaku.go.jp/photos/NR0184/184930AF.jpg,Chaetodontidae,no,exists,95646
Heniochus diphreutes,184937,184937AF.jpg,Heniochus_diphreutes_FishPix_184937.jpg,https://fishpix.kahaku.go.jp/photos/NR0184/184937AF.jpg,Chaetodontidae,no,exists,66192
Heniochus chrysostomus,184972,184972AF.jpg,Heniochus_chrysostomus_FishPix_184972.jpg,https://fishpix.kahaku.go.jp/photos/NR0184/184972AF.jpg,Chaetodontidae,no,exists,56539
Chaetodon lunulatus,184992,184992AF.jpg,Chaetodon_lunulatus_FishPix_184992.jpg,https://fishpix.kahaku.go.jp/photos/NR0184/184992AF.jpg,Chaetodontidae,no,exists,53954
Chaetodon kleinii,185040,185040AF.jpg,Chaetodon_kleinii_FishPix_185040.jpg,https://fishpix.kahaku.go.jp/photos/NR0185/185040AF.jpg,Chaetodontidae,no,exists,41316
Chaetodon kleinii,185041,185041AF.jpg,Chaetodon_kleinii_FishPix_185041.jpg,https://fishpix.kahaku.go.jp/photos/NR0185/185041AF.jpg,Chaetodontidae,no,exists,42823
Chaetodon unimaculatus,185066,185066AF.jpg,Chaetodon_unimaculatus_FishPix_185066.jpg,https://fishpix.kahaku.go.jp/photos/NR0185/185066AF.jpg,Chaetodontidae,no,exists,40998
Chaetodon lunulatus,185070,185070AF.jpg,Chaetodon_lunulatus_FishPix_185070.jpg,https://fishpix.kahaku.go.jp/photos/NR0185/185070AF.jpg,Chaetodontidae,no,exists,46216
Chaetodon auripes,185129,185129AF.jpg,Chaetodon_auripes_FishPix_185129.jpg,https://fishpix.kahaku.go.jp/photos/NR0185/185129AF.jpg,Chaetodontidae,no,exists,71995
Chaetodon trifascialis,185136,185136AF.jpg,Chaetodon_trifascialis_FishPix_185136.jpg,https://fishpix.kahaku.go.jp/photos/NR0185/185136AF.jpg,Chaetodontidae,no,exists,65031
Chaetodon lineolatus,185150,185150AF.jpg,Chaetodon_lineolatus_FishPix_185150.jpg,https://fishpix.kahaku.go.jp/photos/NR0185/185150AF.jpg,Chaetodontidae,no,exists,32546
Chaetodon auriga,185154,185154AF.jpg,Chaetodon_auriga_FishPix_185154.jpg,https://fishpix.kahaku.go.jp/photos/NR0185/185154AF.jpg,Chaetodontidae,no,exists,37078
Chaetodon baronessa,185155,185155AF.jpg,Chaetodon_baronessa_FishPix_185155.jpg,https://fishpix.kahaku.go.jp/photos/NR0185/185155AF.jpg,Chaetodontidae,no,exists,64090
Chaetodon argentatus,185163,185163AF.jpg,Chaetodon_argentatus_FishPix_185163.jpg,https://fishpix.kahaku.go.jp/photos/NR0185/185163AF.jpg,Chaetodontidae,no,exists,52787
Heniochus chrysostomus,185168,185168AF.jpg,Heniochus_chrysostomus_FishPix_185168.jpg,https://fishpix.kahaku.go.jp/photos/NR0185/185168AF.jpg,Chaetodontidae,no,exists,108739
Heniochus chrysostomus,185169,185169AF.jpg,Heniochus_chrysostomus_FishPix_185169.jpg,https://fishpix.kahaku.go.jp/photos/NR0185/185169AF.jpg,Chaetodontidae,no,exists,105961
Chaetodon citrinellus,185192,185192AF.jpg,Chaetodon_citrinellus_FishPix_185192.jpg,https://fishpix.kahaku.go.jp/photos/NR0185/185192AF.jpg,Chaetodontidae,no,exists,71234
Chaetodon auripes,185318,185318AF.jpg,Chaetodon_auripes_FishPix_185318.jpg,https://fishpix.kahaku.go.jp/photos/NR0185/185318AF.jpg,Chaetodontidae,no,exists,82644
Chaetodon vagabundus,185319,185319AF.jpg,Chaetodon_vagabundus_FishPix_185319.jpg,https://fishpix.kahaku.go.jp/photos/NR0185/185319AF.jpg,Chaetodontidae,no,exists,76673
Heniochus acuminatus,185372,185372AF.jpg,Heniochus_acuminatus_FishPix_185372.jpg,https://fishpix.kahaku.go.jp/photos/NR0185/185372AF.jpg,Chaetodontidae,no,exists,66707
Heniochus acuminatus,185373,185373AF.jpg,Heniochus_acuminatus_FishPix_185373.jpg,https://fishpix.kahaku.go.jp/photos/NR0185/185373AF.jpg,Chaetodontidae,no,exists,69326
Unknown,185394,185394AF.jpg,Unknown_FishPix_185394.jpg,https://fishpix.kahaku.go.jp/photos/NR0185/185394AF.jpg,Chaetodontidae,no,exists,67343
Chaetodon auriga,185399,185399AF.jpg,Chaetodon_auriga_FishPix_185399.jpg,https://fishpix.kahaku.go.jp/photos/NR0185/185399AF.jpg,Chaetodontidae,no,exists,102352
Heniochus acuminatus,185547,185547AF.jpg,Heniochus_acuminatus_FishPix_185547.jpg,https://fishpix.kahaku.go.jp/photos/NR0185/185547AF.jpg,Chaetodontidae,no,exists,57577
Heniochus acuminatus,185551,185551AF.jpg,Heniochus_acuminatus_FishPix_185551.jpg,https://fishpix.kahaku.go.jp/photos/NR0185/185551AF.jpg,Chaetodontidae,no,exists,30735
Chaetodon ornatissimus,185590,185590AF.jpg,Chaetodon_ornatissimus_FishPix_185590.jpg,https://fishpix.kahaku.go.jp/photos/NR0185/185590AF.jpg,Chaetodontidae,no,exists,52292
Chaetodon trifascialis,185591,185591AF.jpg,Chaetodon_trifascialis_FishPix_185591.jpg,https://fishpix.kahaku.go.jp/photos/NR0185/185591AF.jpg,Chaetodontidae,no,exists,55848
Heniochus chrysostomus,185629,185629AF.jpg,Heniochus_chrysostomus_FishPix_185629.jpg,https://fishpix.kahaku.go.jp/photos/NR0185/185629AF.jpg,Chaetodontidae,no,exists,81728
Chaetodon lunulatus,185637,185637AF.jpg,Chaetodon_lunulatus_FishPix_185637.jpg,https://fishpix.kahaku.go.jp/photos/NR0185/185637AF.jpg,Chaetodontidae,no,exists,53646
Chaetodon lunulatus,185653,185653AF.jpg,Chaetodon_lunulatus_FishPix_185653.jpg,https://fishpix.kahaku.go.jp/photos/NR0185/185653AF.jpg,Chaetodontidae,no,exists,50209
Heniochus monoceros,185686,185686AF.jpg,Heniochus_monoceros_FishPix_185686.jpg,https://fishpix.kahaku.go.jp/photos/NR0185/185686AF.jpg,Chaetodontidae,no,exists,58639
Chaetodon ephippium,185688,185688AF.jpg,Chaetodon_ephippium_FishPix_185688.jpg,https://fishpix.kahaku.go.jp/photos/NR0185/185688AF.jpg,Chaetodontidae,no,exists,42078
Chaetodon bennetti,185693,185693AF.jpg,Chaetodon_bennetti_FishPix_185693.jpg,https://fishpix.kahaku.go.jp/photos/NR0185/185693AF.jpg,Chaetodontidae,no,exists,42506
Chaetodon melannotus,185724,185724AF.jpg,Chaetodon_melannotus_FishPix_185724.jpg,https://fishpix.kahaku.go.jp/photos/NR0185/185724AF.jpg,Chaetodontidae,no,exists,46237
Forcipiger flavissimus,185788,185788AF.jpg,Forcipiger_flavissimus_FishPix_185788.jpg,https://fishpix.kahaku.go.jp/photos/NR0185/185788AF.jpg,Chaetodontidae,no,exists,46550
Chaetodon trifascialis,185852,185852AF.jpg,Chaetodon_trifascialis_FishPix_185852.jpg,https://fishpix.kahaku.go.jp/photos/NR0185/185852AF.jpg,Chaetodontidae,no,exists,62251
Chaetodon trifascialis,185941,185941AF.jpg,Chaetodon_trifascialis_FishPix_185941.jpg,https://fishpix.kahaku.go.jp/photos/NR0185/185941AF.jpg,Chaetodontidae,no,exists,78385
Chaetodon auripes,185946,185946AF.jpg,Chaetodon_auripes_FishPix_185946.jpg,https://fishpix.kahaku.go.jp/photos/NR0185/185946AF.jpg,Chaetodontidae,no,exists,80804
Chaetodon punctatofasciatus,185948,185948AF.jpg,Chaetodon_punctatofasciatus_FishPix_185948.jpg,https://fishpix.kahaku.go.jp/photos/NR0185/185948AF.jpg,Chaetodontidae,no,exists,121772
Chaetodon lunulatus,185957,185957AF.jpg,Chaetodon_lunulatus_FishPix_185957.jpg,https://fishpix.kahaku.go.jp/photos/NR0185/185957AF.jpg,Chaetodontidae,no,exists,55957
Chaetodon punctatofasciatus,185962,185962AF.jpg,Chaetodon_punctatofasciatus_FishPix_185962.jpg,https://fishpix.kahaku.go.jp/photos/NR0185/185962AF.jpg,Chaetodontidae,no,exists,55930
Heniochus varius,185964,185964AF.jpg,Heniochus_varius_FishPix_185964.jpg,https://fishpix.kahaku.go.jp/photos/NR0185/185964AF.jpg,Chaetodontidae,no,exists,33188
Chaetodon bennetti,185973,185973AF.jpg,Chaetodon_bennetti_FishPix_185973.jpg,https://fishpix.kahaku.go.jp/photos/NR0185/185973AF.jpg,Chaetodontidae,no,exists,40461
Chaetodon ephippium,185984,185984AF.jpg,Chaetodon_ephippium_FishPix_185984.jpg,https://fishpix.kahaku.go.jp/photos/NR0185/185984AF.jpg,Chaetodontidae,no,exists,45749
Chaetodon lunulatus,185989,185989AF.jpg,Chaetodon_lunulatus_FishPix_185989.jpg,https://fishpix.kahaku.go.jp/photos/NR0185/185989AF.jpg,Chaetodontidae,no,exists,59735
Chaetodon speculum,185991,185991AF.jpg,Chaetodon_speculum_FishPix_185991.jpg,https://fishpix.kahaku.go.jp/photos/NR0185/185991AF.jpg,Chaetodontidae,no,exists,57868
Chaetodon ephippium,185996,185996AF.jpg,Chaetodon_ephippium_FishPix_185996.jpg,https://fishpix.kahaku.go.jp/photos/NR0185/185996AF.jpg,Chaetodontidae,no,exists,58704
Chaetodon bennetti,185997,185997AF.jpg,Chaetodon_bennetti_FishPix_185997.jpg,https://fishpix.kahaku.go.jp/photos/NR0185/185997AF.jpg,Chaetodontidae,no,exists,57419
Chaetodon plebeius,186000,186000AF.jpg,Chaetodon_plebeius_FishPix_186000.jpg,https://fishpix.kahaku.go.jp/photos/NR0186/186000AF.jpg,Chaetodontidae,no,exists,68789
Chaetodon melannotus,186019,186019AF.jpg,Chaetodon_melannotus_FishPix_186019.jpg,https://fishpix.kahaku.go.jp/photos/NR0186/186019AF.jpg,Chaetodontidae,no,exists,57542
Chaetodon lunulatus,186043,186043AF.jpg,Chaetodon_lunulatus_FishPix_186043.jpg,https://fishpix.kahaku.go.jp/photos/NR0186/186043AF.jpg,Chaetodontidae,no,exists,48883
Chaetodon kleinii,186097,186097AF.jpg,Chaetodon_kleinii_FishPix_186097.jpg,https://fishpix.kahaku.go.jp/photos/NR0186/186097AF.jpg,Chaetodontidae,no,exists,39549
Hemitaurichthys polylepis,186109,186109AF.jpg,Hemitaurichthys_polylepis_FishPix_186109.jpg,https://fishpix.kahaku.go.jp/photos/NR0186/186109AF.jpg,Chaetodontidae,no,exists,44135
Chaetodon bennetti,186110,186110AF.jpg,Chaetodon_bennetti_FishPix_186110.jpg,https://fishpix.kahaku.go.jp/photos/NR0186/186110AF.jpg,Chaetodontidae,no,exists,37437
Forcipiger flavissimus,186112,186112AF.jpg,Forcipiger_flavissimus_FishPix_186112.jpg,https://fishpix.kahaku.go.jp/photos/NR0186/186112AF.jpg,Chaetodontidae,no,exists,48670
Chaetodon ulietensis,186121,186121AF.jpg,Chaetodon_ulietensis_FishPix_186121.jpg,https://fishpix.kahaku.go.jp/photos/NR0186/186121AF.jpg,Chaetodontidae,no,exists,41682
Chaetodon ulietensis,186154,186154AF.jpg,Chaetodon_ulietensis_FishPix_186154.jpg,https://fishpix.kahaku.go.jp/photos/NR0186/186154AF.jpg,Chaetodontidae,no,exists,50131
Chaetodon lunulatus,186162,186162AF.jpg,Chaetodon_lunulatus_FishPix_186162.jpg,https://fishpix.kahaku.go.jp/photos/NR0186/186162AF.jpg,Chaetodontidae,no,exists,45164
Heniochus acuminatus,186176,186176AF.jpg,Heniochus_acuminatus_FishPix_186176.jpg,https://fishpix.kahaku.go.jp/photos/NR0186/186176AF.jpg,Chaetodontidae,no,exists,64673
Heniochus acuminatus,186178,186178AF.jpg,Heniochus_acuminatus_FishPix_186178.jpg,https://fishpix.kahaku.go.jp/photos/NR0186/186178AF.jpg,Chaetodontidae,no,exists,45998
Heniochus acuminatus,186186,186186AF.jpg,Heniochus_acuminatus_FishPix_186186.jpg,https://fishpix.kahaku.go.jp/photos/NR0186/186186AF.jpg,Chaetodontidae,no,exists,60557
Heniochus monoceros,186208,186208AF.jpg,Heniochus_monoceros_FishPix_186208.jpg,https://fishpix.kahaku.go.jp/photos/NR0186/186208AF.jpg,Chaetodontidae,no,exists,51843
Forcipiger flavissimus,186261,186261AF.jpg,Forcipiger_flavissimus_FishPix_186261.jpg,https://fishpix.kahaku.go.jp/photos/NR0186/186261AF.jpg,Chaetodontidae,no,exists,50924
Chaetodon vagabundus,186264,186264AF.jpg,Chaetodon_vagabundus_FishPix_186264.jpg,https://fishpix.kahaku.go.jp/photos/NR0186/186264AF.jpg,Chaetodontidae,no,exists,40720
Heniochus diphreutes,186267,186267AF.jpg,Heniochus_diphreutes_FishPix_186267.jpg,https://fishpix.kahaku.go.jp/photos/NR0186/186267AF.jpg,Chaetodontidae,no,exists,55798
Chaetodon speculum,186310,186310AF.jpg,Chaetodon_speculum_FishPix_186310.jpg,https://fishpix.kahaku.go.jp/photos/NR0186/186310AF.jpg,Chaetodontidae,no,exists,101295
Chaetodon vagabundus,186317,186317AF.jpg,Chaetodon_vagabundus_FishPix_186317.jpg,https://fishpix.kahaku.go.jp/photos/NR0186/186317AF.jpg,Chaetodontidae,no,exists,60102
Chaetodon argentatus,186318,186318AF.jpg,Chaetodon_argentatus_FishPix_186318.jpg,https://fishpix.kahaku.go.jp/photos/NR0186/186318AF.jpg,Chaetodontidae,no,exists,99228
Chaetodon melannotus,186329,186329AF.jpg,Chaetodon_melannotus_FishPix_186329.jpg,https://fishpix.kahaku.go.jp/photos/NR0186/186329AF.jpg,Chaetodontidae,no,exists,88211
Chaetodon selene,186378,186378AF.jpg,Chaetodon_selene_FishPix_186378.jpg,https://fishpix.kahaku.go.jp/photos/NR0186/186378AF.jpg,Chaetodontidae,no,exists,45135
Coradion chrysozonus,186381,186381AF.jpg,Coradion_chrysozonus_FishPix_186381.jpg,https://fishpix.kahaku.go.jp/photos/NR0186/186381AF.jpg,Chaetodontidae,no,exists,102027
Coradion chrysozonus,186383,186383AF.jpg,Coradion_chrysozonus_FishPix_186383.jpg,https://fishpix.kahaku.go.jp/photos/NR0186/186383AF.jpg,Chaetodontidae,no,exists,67798
Chaetodon ornatissimus,186614,186614AF.jpg,Chaetodon_ornatissimus_FishPix_186614.jpg,https://fishpix.kahaku.go.jp/photos/NR0186/186614AF.jpg,Chaetodontidae,no,exists,335198
Chaetodon lineolatus,186705,186705AF.jpg,Chaetodon_lineolatus_FishPix_186705.jpg,https://fishpix.kahaku.go.jp/photos/NR0186/186705AF.jpg,Chaetodontidae,no,exists,52648
Chaetodon punctatofasciatus,186768,186768AF.jpg,Chaetodon_punctatofasciatus_FishPix_186768.jpg,https://fishpix.kahaku.go.jp/photos/NR0186/186768AF.jpg,Chaetodontidae,no,exists,65743
Chaetodon guentheri,187177,187177AF.jpg,Chaetodon_guentheri_FishPix_187177.jpg,https://fishpix.kahaku.go.jp/photos/NR0187/187177AF.jpg,Chaetodontidae,no,exists,110512
Chaetodon guentheri,187178,187178AF.jpg,Chaetodon_guentheri_FishPix_187178.jpg,https://fishpix.kahaku.go.jp/photos/NR0187/187178AF.jpg,Chaetodontidae,no,exists,115156
Chaetodon citrinellus,187179,187179AF.jpg,Chaetodon_citrinellus_FishPix_187179.jpg,https://fishpix.kahaku.go.jp/photos/NR0187/187179AF.jpg,Chaetodontidae,no,exists,114952
Heniochus varius,187180,187180AF.jpg,Heniochus_varius_FishPix_187180.jpg,https://fishpix.kahaku.go.jp/photos/NR0187/187180AF.jpg,Chaetodontidae,no,exists,121803
Heniochus acuminatus,187181,187181AF.jpg,Heniochus_acuminatus_FishPix_187181.jpg,https://fishpix.kahaku.go.jp/photos/NR0187/187181AF.jpg,Chaetodontidae,no,exists,118450
Heniochus acuminatus,187182,187182AF.jpg,Heniochus_acuminatus_FishPix_187182.jpg,https://fishpix.kahaku.go.jp/photos/NR0187/187182AF.jpg,Chaetodontidae,no,exists,113608
Heniochus acuminatus,187183,187183AF.jpg,Heniochus_acuminatus_FishPix_187183.jpg,https://fishpix.kahaku.go.jp/photos/NR0187/187183AF.jpg,Chaetodontidae,no,exists,118537
Heniochus acuminatus,187184,187184AF.jpg,Heniochus_acuminatus_FishPix_187184.jpg,https://fishpix.kahaku.go.jp/photos/NR0187/187184AF.jpg,Chaetodontidae,no,exists,110688
Heniochus acuminatus,187185,187185AF.jpg,Heniochus_acuminatus_FishPix_187185.jpg,https://fishpix.kahaku.go.jp/photos/NR0187/187185AF.jpg,Chaetodontidae,no,exists,117444
Chaetodon ornatissimus,187186,187186AF.jpg,Chaetodon_ornatissimus_FishPix_187186.jpg,https://fishpix.kahaku.go.jp/photos/NR0187/187186AF.jpg,Chaetodontidae,no,exists,116739
Chaetodon vagabundus,187187,187187AF.jpg,Chaetodon_vagabundus_FishPix_187187.jpg,https://fishpix.kahaku.go.jp/photos/NR0187/187187AF.jpg,Chaetodontidae,no,exists,117349
Chaetodon baronessa,187188,187188AF.jpg,Chaetodon_baronessa_FishPix_187188.jpg,https://fishpix.kahaku.go.jp/photos/NR0187/187188AF.jpg,Chaetodontidae,no,exists,122067
Chaetodon kleinii,187189,187189AF.jpg,Chaetodon_kleinii_FishPix_187189.jpg,https://fishpix.kahaku.go.jp/photos/NR0187/187189AF.jpg,Chaetodontidae,no,exists,121714
Heniochus diphreutes,187190,187190AF.jpg,Heniochus_diphreutes_FishPix_187190.jpg,https://fishpix.kahaku.go.jp/photos/NR0187/187190AF.jpg,Chaetodontidae,no,exists,118594
Heniochus diphreutes,187191,187191AF.jpg,Heniochus_diphreutes_FishPix_187191.jpg,https://fishpix.kahaku.go.jp/photos/NR0187/187191AF.jpg,Chaetodontidae,no,exists,122735
Coradion chrysozonus,187523,187523AF.jpg,Coradion_chrysozonus_FishPix_187523.jpg,https://fishpix.kahaku.go.jp/photos/NR0187/187523AF.jpg,Chaetodontidae,no,exists,112948
Chaetodon kleinii,187598,187598AF.jpg,Chaetodon_kleinii_FishPix_187598.jpg,https://fishpix.kahaku.go.jp/photos/NR0187/187598AF.jpg,Chaetodontidae,no,exists,122697
Chaetodon kleinii,187607,187607AF.jpg,Chaetodon_kleinii_FishPix_187607.jpg,https://fishpix.kahaku.go.jp/photos/NR0187/187607AF.jpg,Chaetodontidae,no,exists,94124
Chaetodon collare,187683,187683AF.jpg,Chaetodon_collare_FishPix_187683.jpg,https://fishpix.kahaku.go.jp/photos/NR0187/187683AF.jpg,Chaetodontidae,no,exists,90208
Chaetodon argentatus,188893,188893AF.jpg,Chaetodon_argentatus_FishPix_188893.jpg,https://fishpix.kahaku.go.jp/photos/NR0188/188893AF.jpg,Chaetodontidae,no,exists,150509
Heniochus monoceros,188927,188927AF.jpg,Heniochus_monoceros_FishPix_188927.jpg,https://fishpix.kahaku.go.jp/photos/NR0188/188927AF.jpg,Chaetodontidae,no,exists,164177
Heniochus monoceros,188941,188941AF.jpg,Heniochus_monoceros_FishPix_188941.jpg,https://fishpix.kahaku.go.jp/photos/NR0188/188941AF.jpg,Chaetodontidae,no,exists,132695
Chaetodon collare,189126,189126AF.jpg,Chaetodon_collare_FishPix_189126.jpg,https://fishpix.kahaku.go.jp/photos/NR0189/189126AF.jpg,Chaetodontidae,no,exists,93318
Chaetodon octofasciatus,189138,189138AF.jpg,Chaetodon_octofasciatus_FishPix_189138.jpg,https://fishpix.kahaku.go.jp/photos/NR0189/189138AF.jpg,Chaetodontidae,no,exists,107968
Chaetodon octofasciatus,189139,189139AF.jpg,Chaetodon_octofasciatus_FishPix_189139.jpg,https://fishpix.kahaku.go.jp/photos/NR0189/189139AF.jpg,Chaetodontidae,no,exists,104208
Chaetodon collare,189216,189216AF.jpg,Chaetodon_collare_FishPix_189216.jpg,https://fishpix.kahaku.go.jp/photos/NR0189/189216AF.jpg,Chaetodontidae,no,exists,112273
Chaetodon lineolatus,189268,189268AF.jpg,Chaetodon_lineolatus_FishPix_189268.jpg,https://fishpix.kahaku.go.jp/photos/NR0189/189268AF.jpg,Chaetodontidae,no,exists,45309
Chaetodon lunula,189503,189503AF.jpg,Chaetodon_lunula_FishPix_189503.jpg,https://fishpix.kahaku.go.jp/photos/NR0189/189503AF.jpg,Chaetodontidae,no,exists,121309
Chaetodon vagabundus,189551,189551AF.jpg,Chaetodon_vagabundus_FishPix_189551.jpg,https://fishpix.kahaku.go.jp/photos/NR0189/189551AF.jpg,Chaetodontidae,no,exists,162996
Chaetodon argentatus,189559,189559AF.jpg,Chaetodon_argentatus_FishPix_189559.jpg,https://fishpix.kahaku.go.jp/photos/NR0189/189559AF.jpg,Chaetodontidae,no,exists,134011
Chaetodon baronessa,189577,189577AF.jpg,Chaetodon_baronessa_FishPix_189577.jpg,https://fishpix.kahaku.go.jp/photos/NR0189/189577AF.jpg,Chaetodontidae,no,exists,121160
Chaetodon argentatus,189611,189611AF.jpg,Chaetodon_argentatus_FishPix_189611.jpg,https://fishpix.kahaku.go.jp/photos/NR0189/189611AF.jpg,Chaetodontidae,no,exists,85119
Chaetodon punctatofasciatus,189618,189618AF.jpg,Chaetodon_punctatofasciatus_FishPix_189618.jpg,https://fishpix.kahaku.go.jp/photos/NR0189/189618AF.jpg,Chaetodontidae,no,exists,142372
Chaetodon auriga,189646,189646AF.jpg,Chaetodon_auriga_FishPix_189646.jpg,https://fishpix.kahaku.go.jp/photos/NR0189/189646AF.jpg,Chaetodontidae,no,exists,119983
Heniochus chrysostomus,189647,189647AF.jpg,Heniochus_chrysostomus_FishPix_189647.jpg,https://fishpix.kahaku.go.jp/photos/NR0189/189647AF.jpg,Chaetodontidae,no,exists,141626
Chaetodon bennetti,189650,189650AF.jpg,Chaetodon_bennetti_FishPix_189650.jpg,https://fishpix.kahaku.go.jp/photos/NR0189/189650AF.jpg,Chaetodontidae,no,exists,91200
Heniochus chrysostomus,189754,189754AF.jpg,Heniochus_chrysostomus_FishPix_189754.jpg,https://fishpix.kahaku.go.jp/photos/NR0189/189754AF.jpg,Chaetodontidae,no,exists,109243
Chaetodon citrinellus,189790,189790AF.jpg,Chaetodon_citrinellus_FishPix_189790.jpg,https://fishpix.kahaku.go.jp/photos/NR0189/189790AF.jpg,Chaetodontidae,no,exists,126168
Heniochus diphreutes,189792,189792AF.jpg,Heniochus_diphreutes_FishPix_189792.jpg,https://fishpix.kahaku.go.jp/photos/NR0189/189792AF.jpg,Chaetodontidae,no,exists,93845
Heniochus acuminatus,189817,189817AF.jpg,Heniochus_acuminatus_FishPix_189817.jpg,https://fishpix.kahaku.go.jp/photos/NR0189/189817AF.jpg,Chaetodontidae,no,exists,77547
Chaetodon lunulatus,189843,189843AF.jpg,Chaetodon_lunulatus_FishPix_189843.jpg,https://fishpix.kahaku.go.jp/photos/NR0189/189843AF.jpg,Chaetodontidae,no,exists,115907
Chaetodon ulietensis,189875,189875AF.jpg,Chaetodon_ulietensis_FishPix_189875.jpg,https://fishpix.kahaku.go.jp/photos/NR0189/189875AF.jpg,Chaetodontidae,no,exists,110067
Chaetodon vagabundus,189879,189879AF.jpg,Chaetodon_vagabundus_FishPix_189879.jpg,https://fishpix.kahaku.go.jp/photos/NR0189/189879AF.jpg,Chaetodontidae,no,exists,88227
Chaetodon rafflesii,189886,189886AF.jpg,Chaetodon_rafflesii_FishPix_189886.jpg,https://fishpix.kahaku.go.jp/photos/NR0189/189886AF.jpg,Chaetodontidae,no,exists,141868
Forcipiger flavissimus,189908,189908AF.jpg,Forcipiger_flavissimus_FishPix_189908.jpg,https://fishpix.kahaku.go.jp/photos/NR0189/189908AF.jpg,Chaetodontidae,no,exists,86850
Heniochus chrysostomus,189948,189948AF.jpg,Heniochus_chrysostomus_FishPix_189948.jpg,https://fishpix.kahaku.go.jp/photos/NR0189/189948AF.jpg,Chaetodontidae,no,exists,97344
Chaetodon lunulatus,189956,189956AF.jpg,Chaetodon_lunulatus_FishPix_189956.jpg,https://fishpix.kahaku.go.jp/photos/NR0189/189956AF.jpg,Chaetodontidae,no,exists,96296
Chaetodon unimaculatus,189985,189985AF.jpg,Chaetodon_unimaculatus_FishPix_189985.jpg,https://fishpix.kahaku.go.jp/photos/NR0189/189985AF.jpg,Chaetodontidae,no,exists,107884
Chaetodon lunula,189994,189994AF.jpg,Chaetodon_lunula_FishPix_189994.jpg,https://fishpix.kahaku.go.jp/photos/NR0189/189994AF.jpg,Chaetodontidae,no,exists,85312
Chaetodon ornatissimus,190078,190078AF.jpg,Chaetodon_ornatissimus_FishPix_190078.jpg,https://fishpix.kahaku.go.jp/photos/NR0190/190078AF.jpg,Chaetodontidae,no,exists,107573
Chaetodon punctatofasciatus,190091,190091AF.jpg,Chaetodon_punctatofasciatus_FishPix_190091.jpg,https://fishpix.kahaku.go.jp/photos/NR0190/190091AF.jpg,Chaetodontidae,no,exists,129827
Heniochus chrysostomus,190099,190099AF.jpg,Heniochus_chrysostomus_FishPix_190099.jpg,https://fishpix.kahaku.go.jp/photos/NR0190/190099AF.jpg,Chaetodontidae,no,exists,127437
Chaetodon trifascialis,190108,190108AF.jpg,Chaetodon_trifascialis_FishPix_190108.jpg,https://fishpix.kahaku.go.jp/photos/NR0190/190108AF.jpg,Chaetodontidae,no,exists,126812
Chaetodon auriga,190127,190127AF.jpg,Chaetodon_auriga_FishPix_190127.jpg,https://fishpix.kahaku.go.jp/photos/NR0190/190127AF.jpg,Chaetodontidae,no,exists,156229
Chaetodon melannotus,190139,190139AF.jpg,Chaetodon_melannotus_FishPix_190139.jpg,https://fishpix.kahaku.go.jp/photos/NR0190/190139AF.jpg,Chaetodontidae,no,exists,178418
Chaetodon kleinii,190171,190171AF.jpg,Chaetodon_kleinii_FishPix_190171.jpg,https://fishpix.kahaku.go.jp/photos/NR0190/190171AF.jpg,Chaetodontidae,no,exists,136201
Chaetodon plebeius,190172,190172AF.jpg,Chaetodon_plebeius_FishPix_190172.jpg,https://fishpix.kahaku.go.jp/photos/NR0190/190172AF.jpg,Chaetodontidae,no,exists,105204
Chaetodon trifascialis,190175,190175AF.jpg,Chaetodon_trifascialis_FishPix_190175.jpg,https://fishpix.kahaku.go.jp/photos/NR0190/190175AF.jpg,Chaetodontidae,no,exists,151597
Chaetodon melannotus,190181,190181AF.jpg,Chaetodon_melannotus_FishPix_190181.jpg,https://fishpix.kahaku.go.jp/photos/NR0190/190181AF.jpg,Chaetodontidae,no,exists,179950
Chaetodon vagabundus,190256,190256AF.jpg,Chaetodon_vagabundus_FishPix_190256.jpg,https://fishpix.kahaku.go.jp/photos/NR0190/190256AF.jpg,Chaetodontidae,no,exists,129721
Chaetodon citrinellus,190266,190266AF.jpg,Chaetodon_citrinellus_FishPix_190266.jpg,https://fishpix.kahaku.go.jp/photos/NR0190/190266AF.jpg,Chaetodontidae,no,exists,144602
Chaetodon rafflesii,190267,190267AF.jpg,Chaetodon_rafflesii_FishPix_190267.jpg,https://fishpix.kahaku.go.jp/photos/NR0190/190267AF.jpg,Chaetodontidae,no,exists,163849
Forcipiger flavissimus,190268,190268AF.jpg,Forcipiger_flavissimus_FishPix_190268.jpg,https://fishpix.kahaku.go.jp/photos/NR0190/190268AF.jpg,Chaetodontidae,no,exists,156115
Chaetodon vagabundus,190361,190361AF.jpg,Chaetodon_vagabundus_FishPix_190361.jpg,https://fishpix.kahaku.go.jp/photos/NR0190/190361AF.jpg,Chaetodontidae,no,exists,95924
Chaetodon trifascialis,190444,190444AF.jpg,Chaetodon_trifascialis_FishPix_190444.jpg,https://fishpix.kahaku.go.jp/photos/NR0190/190444AF.jpg,Chaetodontidae,no,exists,115974
Chaetodon lunulatus,190665,190665AF.jpg,Chaetodon_lunulatus_FishPix_190665.jpg,https://fishpix.kahaku.go.jp/photos/NR0190/190665AF.jpg,Chaetodontidae,no,exists,155562
Chaetodon vagabundus,190821,190821AF.jpg,Chaetodon_vagabundus_FishPix_190821.jpg,https://fishpix.kahaku.go.jp/photos/NR0190/190821AF.jpg,Chaetodontidae,no,exists,120048
Chaetodon ephippium,190844,190844AF.jpg,Chaetodon_ephippium_FishPix_190844.jpg,https://fishpix.kahaku.go.jp/photos/NR0190/190844AF.jpg,Chaetodontidae,no,exists,140269
Chaetodon bennetti,190865,190865AF.jpg,Chaetodon_bennetti_FishPix_190865.jpg,https://fishpix.kahaku.go.jp/photos/NR0190/190865AF.jpg,Chaetodontidae,no,exists,125008
Chaetodon ulietensis,190959,190959AF.jpg,Chaetodon_ulietensis_FishPix_190959.jpg,https://fishpix.kahaku.go.jp/photos/NR0190/190959AF.jpg,Chaetodontidae,no,exists,251601
Chaetodon unimaculatus,190962,190962AF.jpg,Chaetodon_unimaculatus_FishPix_190962.jpg,https://fishpix.kahaku.go.jp/photos/NR0190/190962AF.jpg,Chaetodontidae,no,exists,185100
Chaetodon lunulatus,191179,191179AF.jpg,Chaetodon_lunulatus_FishPix_191179.jpg,https://fishpix.kahaku.go.jp/photos/NR0191/191179AF.jpg,Chaetodontidae,no,exists,151571
Chaetodon ephippium,191180,191180AF.jpg,Chaetodon_ephippium_FishPix_191180.jpg,https://fishpix.kahaku.go.jp/photos/NR0191/191180AF.jpg,Chaetodontidae,no,exists,149455
Chaetodon ephippium,191181,191181AF.jpg,Chaetodon_ephippium_FishPix_191181.jpg,https://fishpix.kahaku.go.jp/photos/NR0191/191181AF.jpg,Chaetodontidae,no,exists,151406
Chaetodon baronessa,191320,191320AF.jpg,Chaetodon_baronessa_FishPix_191320.jpg,https://fishpix.kahaku.go.jp/photos/NR0191/191320AF.jpg,Chaetodontidae,no,exists,136841
Chaetodon lunula,191442,191442AF.jpg,Chaetodon_lunula_FishPix_191442.jpg,https://fishpix.kahaku.go.jp/photos/NR0191/191442AF.jpg,Chaetodontidae,no,exists,146064
Chaetodon lunulatus,191495,191495AF.jpg,Chaetodon_lunulatus_FishPix_191495.jpg,https://fishpix.kahaku.go.jp/photos/NR0191/191495AF.jpg,Chaetodontidae,no,exists,119994
Chaetodon bennetti,191499,191499AF.jpg,Chaetodon_bennetti_FishPix_191499.jpg,https://fishpix.kahaku.go.jp/photos/NR0191/191499AF.jpg,Chaetodontidae,no,exists,107874
Chaetodon bennetti,191500,191500AF.jpg,Chaetodon_bennetti_FishPix_191500.jpg,https://fishpix.kahaku.go.jp/photos/NR0191/191500AF.jpg,Chaetodontidae,no,exists,144674
Chaetodon ulietensis,191501,191501AF.jpg,Chaetodon_ulietensis_FishPix_191501.jpg,https://fishpix.kahaku.go.jp/photos/NR0191/191501AF.jpg,Chaetodontidae,no,exists,197450
Chaetodon ephippium,191506,191506AF.jpg,Chaetodon_ephippium_FishPix_191506.jpg,https://fishpix.kahaku.go.jp/photos/NR0191/191506AF.jpg,Chaetodontidae,no,exists,122006
Chaetodon rafflesii,191582,191582AF.jpg,Chaetodon_rafflesii_FishPix_191582.jpg,https://fishpix.kahaku.go.jp/photos/NR0191/191582AF.jpg,Chaetodontidae,no,exists,125178
Chaetodon plebeius,191583,191583AF.jpg,Chaetodon_plebeius_FishPix_191583.jpg,https://fishpix.kahaku.go.jp/photos/NR0191/191583AF.jpg,Chaetodontidae,no,exists,110024
Chaetodon speculum,191586,191586AF.jpg,Chaetodon_speculum_FishPix_191586.jpg,https://fishpix.kahaku.go.jp/photos/NR0191/191586AF.jpg,Chaetodontidae,no,exists,73580
Chaetodon vagabundus,191588,191588AF.jpg,Chaetodon_vagabundus_FishPix_191588.jpg,https://fishpix.kahaku.go.jp/photos/NR0191/191588AF.jpg,Chaetodontidae,no,exists,94958
Chaetodon ephippium,191603,191603AF.jpg,Chaetodon_ephippium_FishPix_191603.jpg,https://fishpix.kahaku.go.jp/photos/NR0191/191603AF.jpg,Chaetodontidae,no,exists,120610
Chaetodon ephippium,191915,191915AF.jpg,Chaetodon_ephippium_FishPix_191915.jpg,https://fishpix.kahaku.go.jp/photos/NR0191/191915AF.jpg,Chaetodontidae,no,exists,95857
Chaetodon auriga,191961,191961AF.jpg,Chaetodon_auriga_FishPix_191961.jpg,https://fishpix.kahaku.go.jp/photos/NR0191/191961AF.jpg,Chaetodontidae,no,exists,122570
Chaetodon bennetti,191971,191971AF.jpg,Chaetodon_bennetti_FishPix_191971.jpg,https://fishpix.kahaku.go.jp/photos/NR0191/191971AF.jpg,Chaetodontidae,no,exists,115104
Chaetodon lineolatus,191984,191984AF.jpg,Chaetodon_lineolatus_FishPix_191984.jpg,https://fishpix.kahaku.go.jp/photos/NR0191/191984AF.jpg,Chaetodontidae,no,exists,98556
Chaetodon nippon,1920,1920AF.jpg,Chaetodon_nippon_FishPix_1920.jpg,https://fishpix.kahaku.go.jp/photos/NR0001/1920AF.jpg,Chaetodontidae,no,exists,17408
Chaetodon argentatus,19200,19200AF.jpg,Chaetodon_argentatus_FishPix_19200.jpg,https://fishpix.kahaku.go.jp/photos/NR0019/19200AF.jpg,Chaetodontidae,no,exists,176106
Chaetodon speculum,192008,192008AF.jpg,Chaetodon_speculum_FishPix_192008.jpg,https://fishpix.kahaku.go.jp/photos/NR0192/192008AF.jpg,Chaetodontidae,no,exists,94140
Chaetodon lunulatus,192029,192029AF.jpg,Chaetodon_lunulatus_FishPix_192029.jpg,https://fishpix.kahaku.go.jp/photos/NR0192/192029AF.jpg,Chaetodontidae,no,exists,134085
Chaetodon plebeius,192038,192038AF.jpg,Chaetodon_plebeius_FishPix_192038.jpg,https://fishpix.kahaku.go.jp/photos/NR0192/192038AF.jpg,Chaetodontidae,no,exists,104920
Heniochus chrysostomus,192039,192039AF.jpg,Heniochus_chrysostomus_FishPix_192039.jpg,https://fishpix.kahaku.go.jp/photos/NR0192/192039AF.jpg,Chaetodontidae,no,exists,117133
Chaetodon trifascialis,192048,192048AF.jpg,Chaetodon_trifascialis_FishPix_192048.jpg,https://fishpix.kahaku.go.jp/photos/NR0192/192048AF.jpg,Chaetodontidae,no,exists,115303
Chaetodon punctatofasciatus,192049,192049AF.jpg,Chaetodon_punctatofasciatus_FishPix_192049.jpg,https://fishpix.kahaku.go.jp/photos/NR0192/192049AF.jpg,Chaetodontidae,no,exists,106698
Chaetodon auriga,192056,192056AF.jpg,Chaetodon_auriga_FishPix_192056.jpg,https://fishpix.kahaku.go.jp/photos/NR0192/192056AF.jpg,Chaetodontidae,no,exists,211933
Chaetodon vagabundus,192068,192068AF.jpg,Chaetodon_vagabundus_FishPix_192068.jpg,https://fishpix.kahaku.go.jp/photos/NR0192/192068AF.jpg,Chaetodontidae,no,exists,107844
Chaetodon kleinii,192073,192073AF.jpg,Chaetodon_kleinii_FishPix_192073.jpg,https://fishpix.kahaku.go.jp/photos/NR0192/192073AF.jpg,Chaetodontidae,no,exists,161283
Heniochus chrysostomus,192095,192095AF.jpg,Heniochus_chrysostomus_FishPix_192095.jpg,https://fishpix.kahaku.go.jp/photos/NR0192/192095AF.jpg,Chaetodontidae,no,exists,177662
Chaetodon unimaculatus,192122,192122AF.jpg,Chaetodon_unimaculatus_FishPix_192122.jpg,https://fishpix.kahaku.go.jp/photos/NR0192/192122AF.jpg,Chaetodontidae,no,exists,78827
Chaetodon citrinellus,192130,192130AF.jpg,Chaetodon_citrinellus_FishPix_192130.jpg,https://fishpix.kahaku.go.jp/photos/NR0192/192130AF.jpg,Chaetodontidae,no,exists,147689
Chaetodon ephippium,192164,192164AF.jpg,Chaetodon_ephippium_FishPix_192164.jpg,https://fishpix.kahaku.go.jp/photos/NR0192/192164AF.jpg,Chaetodontidae,no,exists,149382
Chaetodon vagabundus,192174,192174AF.jpg,Chaetodon_vagabundus_FishPix_192174.jpg,https://fishpix.kahaku.go.jp/photos/NR0192/192174AF.jpg,Chaetodontidae,no,exists,97711
Chaetodon ornatissimus,192191,192191AF.jpg,Chaetodon_ornatissimus_FishPix_192191.jpg,https://fishpix.kahaku.go.jp/photos/NR0192/192191AF.jpg,Chaetodontidae,no,exists,145952
Chaetodon citrinellus,192216,192216AF.jpg,Chaetodon_citrinellus_FishPix_192216.jpg,https://fishpix.kahaku.go.jp/photos/NR0192/192216AF.jpg,Chaetodontidae,no,exists,143531
Chaetodon vagabundus,192225,192225AF.jpg,Chaetodon_vagabundus_FishPix_192225.jpg,https://fishpix.kahaku.go.jp/photos/NR0192/192225AF.jpg,Chaetodontidae,no,exists,123439
Chaetodon auripes,192270,192270AF.jpg,Chaetodon_auripes_FishPix_192270.jpg,https://fishpix.kahaku.go.jp/photos/NR0192/192270AF.jpg,Chaetodontidae,no,exists,144580
Forcipiger flavissimus,192271,192271AF.jpg,Forcipiger_flavissimus_FishPix_192271.jpg,https://fishpix.kahaku.go.jp/photos/NR0192/192271AF.jpg,Chaetodontidae,no,exists,147218
Chaetodon auripes,192285,192285AF.jpg,Chaetodon_auripes_FishPix_192285.jpg,https://fishpix.kahaku.go.jp/photos/NR0192/192285AF.jpg,Chaetodontidae,no,exists,129545
Chaetodon auriga,192294,192294AF.jpg,Chaetodon_auriga_FishPix_192294.jpg,https://fishpix.kahaku.go.jp/photos/NR0192/192294AF.jpg,Chaetodontidae,no,exists,97679
Forcipiger flavissimus,192300,192300AF.jpg,Forcipiger_flavissimus_FishPix_192300.jpg,https://fishpix.kahaku.go.jp/photos/NR0192/192300AF.jpg,Chaetodontidae,no,exists,149924
Heniochus acuminatus,192412,192412AF.jpg,Heniochus_acuminatus_FishPix_192412.jpg,https://fishpix.kahaku.go.jp/photos/NR0192/192412AF.jpg,Chaetodontidae,no,exists,128375
Chaetodon auriga,19242,19242AF.jpg,Chaetodon_auriga_FishPix_19242.jpg,https://fishpix.kahaku.go.jp/photos/NR0019/19242AF.jpg,Chaetodontidae,no,exists,94474
Chaetodon plebeius,192447,192447AF.jpg,Chaetodon_plebeius_FishPix_192447.jpg,https://fishpix.kahaku.go.jp/photos/NR0192/192447AF.jpg,Chaetodontidae,no,exists,148665
Chaetodon auripes,192498,192498AF.jpg,Chaetodon_auripes_FishPix_192498.jpg,https://fishpix.kahaku.go.jp/photos/NR0192/192498AF.jpg,Chaetodontidae,no,exists,91576
Chaetodon baronessa,192514,192514AF.jpg,Chaetodon_baronessa_FishPix_192514.jpg,https://fishpix.kahaku.go.jp/photos/NR0192/192514AF.jpg,Chaetodontidae,no,exists,129903
Chaetodon vagabundus,192518,192518AF.jpg,Chaetodon_vagabundus_FishPix_192518.jpg,https://fishpix.kahaku.go.jp/photos/NR0192/192518AF.jpg,Chaetodontidae,no,exists,75839
Chaetodon unimaculatus,192525,192525AF.jpg,Chaetodon_unimaculatus_FishPix_192525.jpg,https://fishpix.kahaku.go.jp/photos/NR0192/192525AF.jpg,Chaetodontidae,no,exists,104379
Chaetodon lunula,192595,192595AF.jpg,Chaetodon_lunula_FishPix_192595.jpg,https://fishpix.kahaku.go.jp/photos/NR0192/192595AF.jpg,Chaetodontidae,no,exists,112277
Chaetodon lunulatus,192611,192611AF.jpg,Chaetodon_lunulatus_FishPix_192611.jpg,https://fishpix.kahaku.go.jp/photos/NR0192/192611AF.jpg,Chaetodontidae,no,exists,97205
Heniochus varius,192634,192634AF.jpg,Heniochus_varius_FishPix_192634.jpg,https://fishpix.kahaku.go.jp/photos/NR0192/192634AF.jpg,Chaetodontidae,no,exists,175628
Chaetodon vagabundus,192640,192640AF.jpg,Chaetodon_vagabundus_FishPix_192640.jpg,https://fishpix.kahaku.go.jp/photos/NR0192/192640AF.jpg,Chaetodontidae,no,exists,161778
Chaetodon lunulatus,192653,192653AF.jpg,Chaetodon_lunulatus_FishPix_192653.jpg,https://fishpix.kahaku.go.jp/photos/NR0192/192653AF.jpg,Chaetodontidae,no,exists,138959
Chaetodon vagabundus,192668,192668AF.jpg,Chaetodon_vagabundus_FishPix_192668.jpg,https://fishpix.kahaku.go.jp/photos/NR0192/192668AF.jpg,Chaetodontidae,no,exists,102194
Chaetodon argentatus,192681,192681AF.jpg,Chaetodon_argentatus_FishPix_192681.jpg,https://fishpix.kahaku.go.jp/photos/NR0192/192681AF.jpg,Chaetodontidae,no,exists,170598
Chaetodon lunulatus,192682,192682AF.jpg,Chaetodon_lunulatus_FishPix_192682.jpg,https://fishpix.kahaku.go.jp/photos/NR0192/192682AF.jpg,Chaetodontidae,no,exists,131009
Chaetodon bennetti,192693,192693AF.jpg,Chaetodon_bennetti_FishPix_192693.jpg,https://fishpix.kahaku.go.jp/photos/NR0192/192693AF.jpg,Chaetodontidae,no,exists,78461
Heniochus varius,192701,192701AF.jpg,Heniochus_varius_FishPix_192701.jpg,https://fishpix.kahaku.go.jp/photos/NR0192/192701AF.jpg,Chaetodontidae,no,exists,104078
Heniochus chrysostomus,192708,192708AF.jpg,Heniochus_chrysostomus_FishPix_192708.jpg,https://fishpix.kahaku.go.jp/photos/NR0192/192708AF.jpg,Chaetodontidae,no,exists,92887
Chaetodon ornatissimus,192715,192715AF.jpg,Chaetodon_ornatissimus_FishPix_192715.jpg,https://fishpix.kahaku.go.jp/photos/NR0192/192715AF.jpg,Chaetodontidae,no,exists,140842
Chaetodon trifascialis,192716,192716AF.jpg,Chaetodon_trifascialis_FishPix_192716.jpg,https://fishpix.kahaku.go.jp/photos/NR0192/192716AF.jpg,Chaetodontidae,no,exists,118244
Chaetodon lunulatus,192771,192771AF.jpg,Chaetodon_lunulatus_FishPix_192771.jpg,https://fishpix.kahaku.go.jp/photos/NR0192/192771AF.jpg,Chaetodontidae,no,exists,105562
Heniochus chrysostomus,192777,192777AF.jpg,Heniochus_chrysostomus_FishPix_192777.jpg,https://fishpix.kahaku.go.jp/photos/NR0192/192777AF.jpg,Chaetodontidae,no,exists,85343
Forcipiger flavissimus,192816,192816AF.jpg,Forcipiger_flavissimus_FishPix_192816.jpg,https://fishpix.kahaku.go.jp/photos/NR0192/192816AF.jpg,Chaetodontidae,no,exists,158637
Chaetodon plebeius,192817,192817AF.jpg,Chaetodon_plebeius_FishPix_192817.jpg,https://fishpix.kahaku.go.jp/photos/NR0192/192817AF.jpg,Chaetodontidae,no,exists,96484
Chaetodon ephippium,192878,192878AF.jpg,Chaetodon_ephippium_FishPix_192878.jpg,https://fishpix.kahaku.go.jp/photos/NR0192/192878AF.jpg,Chaetodontidae,no,exists,122393
Chaetodon lunulatus,192891,192891AF.jpg,Chaetodon_lunulatus_FishPix_192891.jpg,https://fishpix.kahaku.go.jp/photos/NR0192/192891AF.jpg,Chaetodontidae,no,exists,110681
Chaetodon lunula,192894,192894AF.jpg,Chaetodon_lunula_FishPix_192894.jpg,https://fishpix.kahaku.go.jp/photos/NR0192/192894AF.jpg,Chaetodontidae,no,exists,111943
Chaetodon trifascialis,192972,192972AF.jpg,Chaetodon_trifascialis_FishPix_192972.jpg,https://fishpix.kahaku.go.jp/photos/NR0192/192972AF.jpg,Chaetodontidae,no,exists,109539
Chaetodon trifascialis,192978,192978AF.jpg,Chaetodon_trifascialis_FishPix_192978.jpg,https://fishpix.kahaku.go.jp/photos/NR0192/192978AF.jpg,Chaetodontidae,no,exists,83407
Chaetodon kleinii,192979,192979AF.jpg,Chaetodon_kleinii_FishPix_192979.jpg,https://fishpix.kahaku.go.jp/photos/NR0192/192979AF.jpg,Chaetodontidae,no,exists,137432
Chaetodon lunulatus,192993,192993AF.jpg,Chaetodon_lunulatus_FishPix_192993.jpg,https://fishpix.kahaku.go.jp/photos/NR0192/192993AF.jpg,Chaetodontidae,no,exists,75704
Chaetodon bennetti,19302,19302AF.jpg,Chaetodon_bennetti_FishPix_19302.jpg,https://fishpix.kahaku.go.jp/photos/NR0019/19302AF.jpg,Chaetodontidae,no,exists,66070
Chaetodon wiebeli,193056,193056AF.jpg,Chaetodon_wiebeli_FishPix_193056.jpg,https://fishpix.kahaku.go.jp/photos/NR0193/193056AF.jpg,Chaetodontidae,no,exists,52811
Heniochus acuminatus,193127,193127AF.jpg,Heniochus_acuminatus_FishPix_193127.jpg,https://fishpix.kahaku.go.jp/photos/NR0193/193127AF.jpg,Chaetodontidae,no,exists,39316
Chaetodon argentatus,193270,193270AF.jpg,Chaetodon_argentatus_FishPix_193270.jpg,https://fishpix.kahaku.go.jp/photos/NR0193/193270AF.jpg,Chaetodontidae,no,exists,93189
Heniochus diphreutes,193341,193341AF.jpg,Heniochus_diphreutes_FishPix_193341.jpg,https://fishpix.kahaku.go.jp/photos/NR0193/193341AF.jpg,Chaetodontidae,no,exists,81169
Chaetodon adiergastos,193419,193419AF.jpg,Chaetodon_adiergastos_FishPix_193419.jpg,https://fishpix.kahaku.go.jp/photos/NR0193/193419AF.jpg,Chaetodontidae,no,exists,103165
Hemitaurichthys polylepis,19342,19342AF.jpg,Hemitaurichthys_polylepis_FishPix_19342.jpg,https://fishpix.kahaku.go.jp/photos/NR0019/19342AF.jpg,Chaetodontidae,yes,exists,66798
Coradion altivelis,19344,19344AF.jpg,Coradion_altivelis_FishPix_19344.jpg,https://fishpix.kahaku.go.jp/photos/NR0019/19344AF.jpg,Chaetodontidae,no,exists,117806
Chaetodon adiergastos,193443,193443AF.jpg,Chaetodon_adiergastos_FishPix_193443.jpg,https://fishpix.kahaku.go.jp/photos/NR0193/193443AF.jpg,Chaetodontidae,no,exists,42431
Chaetodon ocellicaudus,193478,193478AF.jpg,Chaetodon_ocellicaudus_FishPix_193478.jpg,https://fishpix.kahaku.go.jp/photos/NR0193/193478AF.jpg,Chaetodontidae,no,exists,100521
Chaetodon punctatofasciatus,193481,193481AF.jpg,Chaetodon_punctatofasciatus_FishPix_193481.jpg,https://fishpix.kahaku.go.jp/photos/NR0193/193481AF.jpg,Chaetodontidae,no,exists,100741
Chaetodon vagabundus,193484,193484AF.jpg,Chaetodon_vagabundus_FishPix_193484.jpg,https://fishpix.kahaku.go.jp/photos/NR0193/193484AF.jpg,Chaetodontidae,no,exists,76660
Heniochus monoceros,193528,193528AF.jpg,Heniochus_monoceros_FishPix_193528.jpg,https://fishpix.kahaku.go.jp/photos/NR0193/193528AF.jpg,Chaetodontidae,no,exists,128929
Chaetodon auriga,193538,193538AF.jpg,Chaetodon_auriga_FishPix_193538.jpg,https://fishpix.kahaku.go.jp/photos/NR0193/193538AF.jpg,Chaetodontidae,no,exists,194953
Heniochus acuminatus,19354,19354AF.jpg,Heniochus_acuminatus_FishPix_19354.jpg,https://fishpix.kahaku.go.jp/photos/NR0019/19354AF.jpg,Chaetodontidae,no,exists,77709
Forcipiger flavissimus,193542,193542AF.jpg,Forcipiger_flavissimus_FishPix_193542.jpg,https://fishpix.kahaku.go.jp/photos/NR0193/193542AF.jpg,Chaetodontidae,no,exists,150180
Heniochus varius,19357,19357AF.jpg,Heniochus_varius_FishPix_19357.jpg,https://fishpix.kahaku.go.jp/photos/NR0019/19357AF.jpg,Chaetodontidae,no,exists,72150
Chaetodon vagabundus,193578,193578AF.jpg,Chaetodon_vagabundus_FishPix_193578.jpg,https://fishpix.kahaku.go.jp/photos/NR0193/193578AF.jpg,Chaetodontidae,no,exists,245728
Chaetodon vagabundus,19363,19363AF.jpg,Chaetodon_vagabundus_FishPix_19363.jpg,https://fishpix.kahaku.go.jp/photos/NR0019/19363AF.jpg,Chaetodontidae,no,exists,97807
Chaetodon vagabundus,193645,193645AF.jpg,Chaetodon_vagabundus_FishPix_193645.jpg,https://fishpix.kahaku.go.jp/photos/NR0193/193645AF.jpg,Chaetodontidae,no,exists,68165
Chaetodon ornatissimus,193646,193646AF.jpg,Chaetodon_ornatissimus_FishPix_193646.jpg,https://fishpix.kahaku.go.jp/photos/NR0193/193646AF.jpg,Chaetodontidae,no,exists,105483
Chaetodon ephippium,193654,193654AF.jpg,Chaetodon_ephippium_FishPix_193654.jpg,https://fishpix.kahaku.go.jp/photos/NR0193/193654AF.jpg,Chaetodontidae,no,exists,80890
Chaetodon auripes,193656,193656AF.jpg,Chaetodon_auripes_FishPix_193656.jpg,https://fishpix.kahaku.go.jp/photos/NR0193/193656AF.jpg,Chaetodontidae,no,exists,61479
Chaetodon auriga,193711,193711AF.jpg,Chaetodon_auriga_FishPix_193711.jpg,https://fishpix.kahaku.go.jp/photos/NR0193/193711AF.jpg,Chaetodontidae,no,exists,65787
Chaetodon vagabundus,193717,193717AF.jpg,Chaetodon_vagabundus_FishPix_193717.jpg,https://fishpix.kahaku.go.jp/photos/NR0193/193717AF.jpg,Chaetodontidae,no,exists,94327
Chaetodon unimaculatus,193720,193720AF.jpg,Chaetodon_unimaculatus_FishPix_193720.jpg,https://fishpix.kahaku.go.jp/photos/NR0193/193720AF.jpg,Chaetodontidae,no,exists,72455
Forcipiger flavissimus,193726,193726AF.jpg,Forcipiger_flavissimus_FishPix_193726.jpg,https://fishpix.kahaku.go.jp/photos/NR0193/193726AF.jpg,Chaetodontidae,no,exists,78192
Chaetodon melannotus,193734,193734AF.jpg,Chaetodon_melannotus_FishPix_193734.jpg,https://fishpix.kahaku.go.jp/photos/NR0193/193734AF.jpg,Chaetodontidae,no,exists,86454
Chaetodon collare,193756,193756AF.jpg,Chaetodon_collare_FishPix_193756.jpg,https://fishpix.kahaku.go.jp/photos/NR0193/193756AF.jpg,Chaetodontidae,no,exists,68069
Chaetodon collare,193757,193757AF.jpg,Chaetodon_collare_FishPix_193757.jpg,https://fishpix.kahaku.go.jp/photos/NR0193/193757AF.jpg,Chaetodontidae,no,exists,97196
Chaetodon collare,193824,193824AF.jpg,Chaetodon_collare_FishPix_193824.jpg,https://fishpix.kahaku.go.jp/photos/NR0193/193824AF.jpg,Chaetodontidae,no,exists,71116
Chaetodon collare,193834,193834AF.jpg,Chaetodon_collare_FishPix_193834.jpg,https://fishpix.kahaku.go.jp/photos/NR0193/193834AF.jpg,Chaetodontidae,no,exists,74482
Chaetodon collare,193846,193846AF.jpg,Chaetodon_collare_FishPix_193846.jpg,https://fishpix.kahaku.go.jp/photos/NR0193/193846AF.jpg,Chaetodontidae,no,exists,119261
Chaetodon collare,193865,193865AF.jpg,Chaetodon_collare_FishPix_193865.jpg,https://fishpix.kahaku.go.jp/photos/NR0193/193865AF.jpg,Chaetodontidae,no,exists,93772
Chaetodon octofasciatus,193973,193973AF.jpg,Chaetodon_octofasciatus_FishPix_193973.jpg,https://fishpix.kahaku.go.jp/photos/NR0193/193973AF.jpg,Chaetodontidae,no,exists,94333
Chaetodon octofasciatus,193992,193992AF.jpg,Chaetodon_octofasciatus_FishPix_193992.jpg,https://fishpix.kahaku.go.jp/photos/NR0193/193992AF.jpg,Chaetodontidae,no,exists,92705
Chaetodon octofasciatus,194026,194026AF.jpg,Chaetodon_octofasciatus_FishPix_194026.jpg,https://fishpix.kahaku.go.jp/photos/NR0194/194026AF.jpg,Chaetodontidae,no,exists,98105
Chaetodon octofasciatus,194030,194030AF.jpg,Chaetodon_octofasciatus_FishPix_194030.jpg,https://fishpix.kahaku.go.jp/photos/NR0194/194030AF.jpg,Chaetodontidae,no,exists,114772
Chaetodon octofasciatus,194031,194031AF.jpg,Chaetodon_octofasciatus_FishPix_194031.jpg,https://fishpix.kahaku.go.jp/photos/NR0194/194031AF.jpg,Chaetodontidae,no,exists,118791
Chaetodon octofasciatus,194032,194032AF.jpg,Chaetodon_octofasciatus_FishPix_194032.jpg,https://fishpix.kahaku.go.jp/photos/NR0194/194032AF.jpg,Chaetodontidae,no,exists,111125
Chaetodon collare,194040,194040AF.jpg,Chaetodon_collare_FishPix_194040.jpg,https://fishpix.kahaku.go.jp/photos/NR0194/194040AF.jpg,Chaetodontidae,no,exists,91545
Chaetodon octofasciatus,194134,194134AF.jpg,Chaetodon_octofasciatus_FishPix_194134.jpg,https://fishpix.kahaku.go.jp/photos/NR0194/194134AF.jpg,Chaetodontidae,no,exists,90760
Chaetodon citrinellus,19414,19414AF.jpg,Chaetodon_citrinellus_FishPix_19414.jpg,https://fishpix.kahaku.go.jp/photos/NR0019/19414AF.jpg,Chaetodontidae,no,exists,109069
Chaetodon collare,194141,194141AF.jpg,Chaetodon_collare_FishPix_194141.jpg,https://fishpix.kahaku.go.jp/photos/NR0194/194141AF.jpg,Chaetodontidae,no,exists,92278
Chaetodon octofasciatus,194152,194152AF.jpg,Chaetodon_octofasciatus_FishPix_194152.jpg,https://fishpix.kahaku.go.jp/photos/NR0194/194152AF.jpg,Chaetodontidae,no,exists,124253
Chaetodon collare,194154,194154AF.jpg,Chaetodon_collare_FishPix_194154.jpg,https://fishpix.kahaku.go.jp/photos/NR0194/194154AF.jpg,Chaetodontidae,no,exists,112191
Chaetodon octofasciatus,194161,194161AF.jpg,Chaetodon_octofasciatus_FishPix_194161.jpg,https://fishpix.kahaku.go.jp/photos/NR0194/194161AF.jpg,Chaetodontidae,no,exists,106034
Chaetodon kleinii,19418,19418AF.jpg,Chaetodon_kleinii_FishPix_19418.jpg,https://fishpix.kahaku.go.jp/photos/NR0019/19418AF.jpg,Chaetodontidae,no,exists,110993
Chaetodon octofasciatus,194227,194227AF.jpg,Chaetodon_octofasciatus_FishPix_194227.jpg,https://fishpix.kahaku.go.jp/photos/NR0194/194227AF.jpg,Chaetodontidae,no,exists,129536
Chaetodon octofasciatus,194228,194228AF.jpg,Chaetodon_octofasciatus_FishPix_194228.jpg,https://fishpix.kahaku.go.jp/photos/NR0194/194228AF.jpg,Chaetodontidae,no,exists,137837
Chaetodon octofasciatus,194229,194229AF.jpg,Chaetodon_octofasciatus_FishPix_194229.jpg,https://fishpix.kahaku.go.jp/photos/NR0194/194229AF.jpg,Chaetodontidae,no,exists,129400
Chaetodon octofasciatus,194230,194230AF.jpg,Chaetodon_octofasciatus_FishPix_194230.jpg,https://fishpix.kahaku.go.jp/photos/NR0194/194230AF.jpg,Chaetodontidae,no,exists,128516
Chaetodon argentatus,194297,194297AF.jpg,Chaetodon_argentatus_FishPix_194297.jpg,https://fishpix.kahaku.go.jp/photos/NR0194/194297AF.jpg,Chaetodontidae,no,exists,92273
Chaetodon lunulatus,194324,194324AF.jpg,Chaetodon_lunulatus_FishPix_194324.jpg,https://fishpix.kahaku.go.jp/photos/NR0194/194324AF.jpg,Chaetodontidae,no,exists,99281
Chaetodon adiergastos,194371,194371AF.jpg,Chaetodon_adiergastos_FishPix_194371.jpg,https://fishpix.kahaku.go.jp/photos/NR0194/194371AF.jpg,Chaetodontidae,no,exists,60870
Chaetodon ocellicaudus,194386,194386AF.jpg,Chaetodon_ocellicaudus_FishPix_194386.jpg,https://fishpix.kahaku.go.jp/photos/NR0194/194386AF.jpg,Chaetodontidae,no,exists,62702
Parachaetodon ocellatus,194404,194404AF.jpg,Parachaetodon_ocellatus_FishPix_194404.jpg,https://fishpix.kahaku.go.jp/photos/NR0194/194404AF.jpg,Chaetodontidae,no,exists,72449
Chaetodon baronessa,194445,194445AF.jpg,Chaetodon_baronessa_FishPix_194445.jpg,https://fishpix.kahaku.go.jp/photos/NR0194/194445AF.jpg,Chaetodontidae,no,exists,85818
Chaetodon octofasciatus,194454,194454AF.jpg,Chaetodon_octofasciatus_FishPix_194454.jpg,https://fishpix.kahaku.go.jp/photos/NR0194/194454AF.jpg,Chaetodontidae,no,exists,89408
Heniochus chrysostomus,19446,19446AF.jpg,Heniochus_chrysostomus_FishPix_19446.jpg,https://fishpix.kahaku.go.jp/photos/NR0019/19446AF.jpg,Chaetodontidae,no,exists,78055
Heniochus varius,19447,19447AF.jpg,Heniochus_varius_FishPix_19447.jpg,https://fishpix.kahaku.go.jp/photos/NR0019/19447AF.jpg,Chaetodontidae,no,exists,104058
Chaetodon vagabundus,194532,194532AF.jpg,Chaetodon_vagabundus_FishPix_194532.jpg,https://fishpix.kahaku.go.jp/photos/NR0194/194532AF.jpg,Chaetodontidae,no,exists,92373
Chaetodon lunulatus,194601,194601AF.jpg,Chaetodon_lunulatus_FishPix_194601.jpg,https://fishpix.kahaku.go.jp/photos/NR0194/194601AF.jpg,Chaetodontidae,no,exists,63741
Chaetodon trifascialis,194635,194635AF.jpg,Chaetodon_trifascialis_FishPix_194635.jpg,https://fishpix.kahaku.go.jp/photos/NR0194/194635AF.jpg,Chaetodontidae,no,exists,50911
Chaetodon lunulatus,194636,194636AF.jpg,Chaetodon_lunulatus_FishPix_194636.jpg,https://fishpix.kahaku.go.jp/photos/NR0194/194636AF.jpg,Chaetodontidae,no,exists,57789
Forcipiger flavissimus,194640,194640AF.jpg,Forcipiger_flavissimus_FishPix_194640.jpg,https://fishpix.kahaku.go.jp/photos/NR0194/194640AF.jpg,Chaetodontidae,no,exists,67118
Heniochus chrysostomus,194645,194645AF.jpg,Heniochus_chrysostomus_FishPix_194645.jpg,https://fishpix.kahaku.go.jp/photos/NR0194/194645AF.jpg,Chaetodontidae,no,exists,53338
Chaetodon ornatissimus,194652,194652AF.jpg,Chaetodon_ornatissimus_FishPix_194652.jpg,https://fishpix.kahaku.go.jp/photos/NR0194/194652AF.jpg,Chaetodontidae,no,exists,66573
Chaetodon argentatus,194653,194653AF.jpg,Chaetodon_argentatus_FishPix_194653.jpg,https://fishpix.kahaku.go.jp/photos/NR0194/194653AF.jpg,Chaetodontidae,no,exists,78113
Chaetodon lunulatus,194664,194664AF.jpg,Chaetodon_lunulatus_FishPix_194664.jpg,https://fishpix.kahaku.go.jp/photos/NR0194/194664AF.jpg,Chaetodontidae,no,exists,75912
Chaetodon melannotus,194739,194739AF.jpg,Chaetodon_melannotus_FishPix_194739.jpg,https://fishpix.kahaku.go.jp/photos/NR0194/194739AF.jpg,Chaetodontidae,no,exists,67101
Heniochus chrysostomus,194746,194746AF.jpg,Heniochus_chrysostomus_FishPix_194746.jpg,https://fishpix.kahaku.go.jp/photos/NR0194/194746AF.jpg,Chaetodontidae,no,exists,35188
Hemitaurichthys polylepis,194750,194750AF.jpg,Hemitaurichthys_polylepis_FishPix_194750.jpg,https://fishpix.kahaku.go.jp/photos/NR0194/194750AF.jpg,Chaetodontidae,no,exists,57368
Chaetodon citrinellus,194785,194785AF.jpg,Chaetodon_citrinellus_FishPix_194785.jpg,https://fishpix.kahaku.go.jp/photos/NR0194/194785AF.jpg,Chaetodontidae,no,exists,50257
Chaetodon auripes,194855,194855AF.jpg,Chaetodon_auripes_FishPix_194855.jpg,https://fishpix.kahaku.go.jp/photos/NR0194/194855AF.jpg,Chaetodontidae,no,exists,49952
Chaetodon punctatofasciatus,194858,194858AF.jpg,Chaetodon_punctatofasciatus_FishPix_194858.jpg,https://fishpix.kahaku.go.jp/photos/NR0194/194858AF.jpg,Chaetodontidae,no,exists,59795
Forcipiger flavissimus,194859,194859AF.jpg,Forcipiger_flavissimus_FishPix_194859.jpg,https://fishpix.kahaku.go.jp/photos/NR0194/194859AF.jpg,Chaetodontidae,no,exists,62946
Chaetodon meyeri,194865,194865AF.jpg,Chaetodon_meyeri_FishPix_194865.jpg,https://fishpix.kahaku.go.jp/photos/NR0194/194865AF.jpg,Chaetodontidae,no,exists,101112
Chaetodon punctatofasciatus,194905,194905AF.jpg,Chaetodon_punctatofasciatus_FishPix_194905.jpg,https://fishpix.kahaku.go.jp/photos/NR0194/194905AF.jpg,Chaetodontidae,no,exists,122443
Chaetodon xanthurus,194906,194906AF.jpg,Chaetodon_xanthurus_FishPix_194906.jpg,https://fishpix.kahaku.go.jp/photos/NR0194/194906AF.jpg,Chaetodontidae,no,exists,97902
Chaetodon argentatus,194907,194907AF.jpg,Chaetodon_argentatus_FishPix_194907.jpg,https://fishpix.kahaku.go.jp/photos/NR0194/194907AF.jpg,Chaetodontidae,no,exists,82004
Chaetodon plebeius,194915,194915AF.jpg,Chaetodon_plebeius_FishPix_194915.jpg,https://fishpix.kahaku.go.jp/photos/NR0194/194915AF.jpg,Chaetodontidae,no,exists,51609
Chaetodon baronessa,194918,194918AF.jpg,Chaetodon_baronessa_FishPix_194918.jpg,https://fishpix.kahaku.go.jp/photos/NR0194/194918AF.jpg,Chaetodontidae,no,exists,101194
Chaetodon lunulatus,194920,194920AF.jpg,Chaetodon_lunulatus_FishPix_194920.jpg,https://fishpix.kahaku.go.jp/photos/NR0194/194920AF.jpg,Chaetodontidae,no,exists,69313
Chaetodon lunula,194925,194925AF.jpg,Chaetodon_lunula_FishPix_194925.jpg,https://fishpix.kahaku.go.jp/photos/NR0194/194925AF.jpg,Chaetodontidae,no,exists,49306
Chaetodon ephippium,194952,194952AF.jpg,Chaetodon_ephippium_FishPix_194952.jpg,https://fishpix.kahaku.go.jp/photos/NR0194/194952AF.jpg,Chaetodontidae,no,exists,78609
Chaetodon plebeius,194954,194954AF.jpg,Chaetodon_plebeius_FishPix_194954.jpg,https://fishpix.kahaku.go.jp/photos/NR0194/194954AF.jpg,Chaetodontidae,no,exists,61347
Chaetodon punctatofasciatus,194983,194983AF.jpg,Chaetodon_punctatofasciatus_FishPix_194983.jpg,https://fishpix.kahaku.go.jp/photos/NR0194/194983AF.jpg,Chaetodontidae,no,exists,72965
Chaetodon lineolatus,195020,195020AF.jpg,Chaetodon_lineolatus_FishPix_195020.jpg,https://fishpix.kahaku.go.jp/photos/NR0195/195020AF.jpg,Chaetodontidae,no,exists,80858
Heniochus chrysostomus,195071,195071AF.jpg,Heniochus_chrysostomus_FishPix_195071.jpg,https://fishpix.kahaku.go.jp/photos/NR0195/195071AF.jpg,Chaetodontidae,no,exists,90756
Chaetodon argentatus,195081,195081AF.jpg,Chaetodon_argentatus_FishPix_195081.jpg,https://fishpix.kahaku.go.jp/photos/NR0195/195081AF.jpg,Chaetodontidae,no,exists,74148
Chaetodon citrinellus,195141,195141AF.jpg,Chaetodon_citrinellus_FishPix_195141.jpg,https://fishpix.kahaku.go.jp/photos/NR0195/195141AF.jpg,Chaetodontidae,no,exists,82469
Chaetodon plebeius,195148,195148AF.jpg,Chaetodon_plebeius_FishPix_195148.jpg,https://fishpix.kahaku.go.jp/photos/NR0195/195148AF.jpg,Chaetodontidae,no,exists,53342
Chaetodon reticulatus,195188,195188AF.jpg,Chaetodon_reticulatus_FishPix_195188.jpg,https://fishpix.kahaku.go.jp/photos/NR0195/195188AF.jpg,Chaetodontidae,no,exists,56068
Chaetodon lunulatus,195189,195189AF.jpg,Chaetodon_lunulatus_FishPix_195189.jpg,https://fishpix.kahaku.go.jp/photos/NR0195/195189AF.jpg,Chaetodontidae,no,exists,75053
Chaetodon baronessa,195191,195191AF.jpg,Chaetodon_baronessa_FishPix_195191.jpg,https://fishpix.kahaku.go.jp/photos/NR0195/195191AF.jpg,Chaetodontidae,no,exists,80027
Chaetodon reticulatus,195194,195194AF.jpg,Chaetodon_reticulatus_FishPix_195194.jpg,https://fishpix.kahaku.go.jp/photos/NR0195/195194AF.jpg,Chaetodontidae,no,exists,72051
Chaetodon kleinii,19520,19520AF.jpg,Chaetodon_kleinii_FishPix_19520.jpg,https://fishpix.kahaku.go.jp/photos/NR0019/19520AF.jpg,Chaetodontidae,no,exists,93464
Heniochus acuminatus,19521,19521AF.jpg,Heniochus_acuminatus_FishPix_19521.jpg,https://fishpix.kahaku.go.jp/photos/NR0019/19521AF.jpg,Chaetodontidae,no,exists,78928
Hemitaurichthys polylepis,195215,195215AF.jpg,Hemitaurichthys_polylepis_FishPix_195215.jpg,https://fishpix.kahaku.go.jp/photos/NR0195/195215AF.jpg,Chaetodontidae,no,exists,50143
Chaetodon kleinii,195216,195216AF.jpg,Chaetodon_kleinii_FishPix_195216.jpg,https://fishpix.kahaku.go.jp/photos/NR0195/195216AF.jpg,Chaetodontidae,no,exists,48783
Heniochus acuminatus,19522,19522AF.jpg,Heniochus_acuminatus_FishPix_19522.jpg,https://fishpix.kahaku.go.jp/photos/NR0019/19522AF.jpg,Chaetodontidae,no,exists,76912
Chaetodon vagabundus,19523,19523AF.jpg,Chaetodon_vagabundus_FishPix_19523.jpg,https://fishpix.kahaku.go.jp/photos/NR0019/19523AF.jpg,Chaetodontidae,no,exists,109036
Chaetodon lunulatus,195255,195255AF.jpg,Chaetodon_lunulatus_FishPix_195255.jpg,https://fishpix.kahaku.go.jp/photos/NR0195/195255AF.jpg,Chaetodontidae,no,exists,79670
Chaetodon argentatus,195271,195271AF.jpg,Chaetodon_argentatus_FishPix_195271.jpg,https://fishpix.kahaku.go.jp/photos/NR0195/195271AF.jpg,Chaetodontidae,no,exists,89459
Heniochus chrysostomus,195354,195354AF.jpg,Heniochus_chrysostomus_FishPix_195354.jpg,https://fishpix.kahaku.go.jp/photos/NR0195/195354AF.jpg,Chaetodontidae,no,exists,65862
Chaetodon lunulatus,195381,195381AF.jpg,Chaetodon_lunulatus_FishPix_195381.jpg,https://fishpix.kahaku.go.jp/photos/NR0195/195381AF.jpg,Chaetodontidae,no,exists,83859
Hemitaurichthys polylepis,195388,195388AF.jpg,Hemitaurichthys_polylepis_FishPix_195388.jpg,https://fishpix.kahaku.go.jp/photos/NR0195/195388AF.jpg,Chaetodontidae,no,exists,69572
Chaetodon melannotus,195391,195391AF.jpg,Chaetodon_melannotus_FishPix_195391.jpg,https://fishpix.kahaku.go.jp/photos/NR0195/195391AF.jpg,Chaetodontidae,no,exists,91887
Chaetodon trifascialis,195393,195393AF.jpg,Chaetodon_trifascialis_FishPix_195393.jpg,https://fishpix.kahaku.go.jp/photos/NR0195/195393AF.jpg,Chaetodontidae,no,exists,70741
Chaetodon speculum,195407,195407AF.jpg,Chaetodon_speculum_FishPix_195407.jpg,https://fishpix.kahaku.go.jp/photos/NR0195/195407AF.jpg,Chaetodontidae,no,exists,82836
Heniochus chrysostomus,19541,19541AF.jpg,Heniochus_chrysostomus_FishPix_19541.jpg,https://fishpix.kahaku.go.jp/photos/NR0019/19541AF.jpg,Chaetodontidae,no,exists,102842
Heniochus monoceros,19542,19542AF.jpg,Heniochus_monoceros_FishPix_19542.jpg,https://fishpix.kahaku.go.jp/photos/NR0019/19542AF.jpg,Chaetodontidae,no,exists,66602
Heniochus singularius,195424,195424AF.jpg,Heniochus_singularius_FishPix_195424.jpg,https://fishpix.kahaku.go.jp/photos/NR0195/195424AF.jpg,Chaetodontidae,no,exists,104213
Chaetodon bennetti,19543,19543AF.jpg,Chaetodon_bennetti_FishPix_19543.jpg,https://fishpix.kahaku.go.jp/photos/NR0019/19543AF.jpg,Chaetodontidae,no,exists,72729
Chaetodon bennetti,19544,19544AF.jpg,Chaetodon_bennetti_FishPix_19544.jpg,https://fishpix.kahaku.go.jp/photos/NR0019/19544AF.jpg,Chaetodontidae,no,exists,100091
Chaetodon citrinellus,195455,195455AF.jpg,Chaetodon_citrinellus_FishPix_195455.jpg,https://fishpix.kahaku.go.jp/photos/NR0195/195455AF.jpg,Chaetodontidae,no,exists,87607
Chaetodon melannotus,19547,19547AF.jpg,Chaetodon_melannotus_FishPix_19547.jpg,https://fishpix.kahaku.go.jp/photos/NR0019/19547AF.jpg,Chaetodontidae,no,exists,84007
Chaetodon plebeius,19548,19548AF.jpg,Chaetodon_plebeius_FishPix_19548.jpg,https://fishpix.kahaku.go.jp/photos/NR0019/19548AF.jpg,Chaetodontidae,no,exists,103284
Chaetodon kleinii,19549,19549AF.jpg,Chaetodon_kleinii_FishPix_19549.jpg,https://fishpix.kahaku.go.jp/photos/NR0019/19549AF.jpg,Chaetodontidae,no,exists,80791
Chaetodon speculum,19550,19550AF.jpg,Chaetodon_speculum_FishPix_19550.jpg,https://fishpix.kahaku.go.jp/photos/NR0019/19550AF.jpg,Chaetodontidae,no,exists,95705
Chaetodon citrinellus,195542,195542AF.jpg,Chaetodon_citrinellus_FishPix_195542.jpg,https://fishpix.kahaku.go.jp/photos/NR0195/195542AF.jpg,Chaetodontidae,no,exists,75671
Chaetodon lunula,195586,195586AF.jpg,Chaetodon_lunula_FishPix_195586.jpg,https://fishpix.kahaku.go.jp/photos/NR0195/195586AF.jpg,Chaetodontidae,no,exists,101356
Forcipiger flavissimus,195648,195648AF.jpg,Forcipiger_flavissimus_FishPix_195648.jpg,https://fishpix.kahaku.go.jp/photos/NR0195/195648AF.jpg,Chaetodontidae,no,exists,135377
Chaetodon ornatissimus,195717,195717AF.jpg,Chaetodon_ornatissimus_FishPix_195717.jpg,https://fishpix.kahaku.go.jp/photos/NR0195/195717AF.jpg,Chaetodontidae,no,exists,53875
Chaetodon auripes,195747,195747AF.jpg,Chaetodon_auripes_FishPix_195747.jpg,https://fishpix.kahaku.go.jp/photos/NR0195/195747AF.jpg,Chaetodontidae,no,exists,85062
Hemitaurichthys polylepis,195771,195771AF.jpg,Hemitaurichthys_polylepis_FishPix_195771.jpg,https://fishpix.kahaku.go.jp/photos/NR0195/195771AF.jpg,Chaetodontidae,no,exists,62784
Chaetodon punctatofasciatus,195852,195852AF.jpg,Chaetodon_punctatofasciatus_FishPix_195852.jpg,https://fishpix.kahaku.go.jp/photos/NR0195/195852AF.jpg,Chaetodontidae,no,exists,66479
Chaetodon punctatofasciatus,195853,195853AF.jpg,Chaetodon_punctatofasciatus_FishPix_195853.jpg,https://fishpix.kahaku.go.jp/photos/NR0195/195853AF.jpg,Chaetodontidae,no,exists,72898
Chaetodon trifascialis,195859,195859AF.jpg,Chaetodon_trifascialis_FishPix_195859.jpg,https://fishpix.kahaku.go.jp/photos/NR0195/195859AF.jpg,Chaetodontidae,no,exists,56848
Chaetodon vagabundus,19586,19586AF.jpg,Chaetodon_vagabundus_FishPix_19586.jpg,https://fishpix.kahaku.go.jp/photos/NR0019/19586AF.jpg,Chaetodontidae,no,exists,115565
Chaetodon trifascialis,195871,195871AF.jpg,Chaetodon_trifascialis_FishPix_195871.jpg,https://fishpix.kahaku.go.jp/photos/NR0195/195871AF.jpg,Chaetodontidae,no,exists,65743
Heniochus chrysostomus,195889,195889AF.jpg,Heniochus_chrysostomus_FishPix_195889.jpg,https://fishpix.kahaku.go.jp/photos/NR0195/195889AF.jpg,Chaetodontidae,no,exists,74862
Chaetodon xanthurus,195911,195911AF.jpg,Chaetodon_xanthurus_FishPix_195911.jpg,https://fishpix.kahaku.go.jp/photos/NR0195/195911AF.jpg,Chaetodontidae,no,exists,111502
Chaetodon bennetti,195915,195915AF.jpg,Chaetodon_bennetti_FishPix_195915.jpg,https://fishpix.kahaku.go.jp/photos/NR0195/195915AF.jpg,Chaetodontidae,no,exists,76514
Chaetodon xanthurus,195942,195942AF.jpg,Chaetodon_xanthurus_FishPix_195942.jpg,https://fishpix.kahaku.go.jp/photos/NR0195/195942AF.jpg,Chaetodontidae,no,exists,101349
Chaetodon vagabundus,195955,195955AF.jpg,Chaetodon_vagabundus_FishPix_195955.jpg,https://fishpix.kahaku.go.jp/photos/NR0195/195955AF.jpg,Chaetodontidae,no,exists,88242
Chaetodon kleinii,195963,195963AF.jpg,Chaetodon_kleinii_FishPix_195963.jpg,https://fishpix.kahaku.go.jp/photos/NR0195/195963AF.jpg,Chaetodontidae,no,exists,97284
Heniochus varius,195968,195968AF.jpg,Heniochus_varius_FishPix_195968.jpg,https://fishpix.kahaku.go.jp/photos/NR0195/195968AF.jpg,Chaetodontidae,no,exists,74324
Chaetodon ephippium,195969,195969AF.jpg,Chaetodon_ephippium_FishPix_195969.jpg,https://fishpix.kahaku.go.jp/photos/NR0195/195969AF.jpg,Chaetodontidae,no,exists,76015
Heniochus chrysostomus,195977,195977AF.jpg,Heniochus_chrysostomus_FishPix_195977.jpg,https://fishpix.kahaku.go.jp/photos/NR0195/195977AF.jpg,Chaetodontidae,no,exists,80368
Chaetodon reticulatus,195981,195981AF.jpg,Chaetodon_reticulatus_FishPix_195981.jpg,https://fishpix.kahaku.go.jp/photos/NR0195/195981AF.jpg,Chaetodontidae,no,exists,91777
Heniochus acuminatus,196004,196004AF.jpg,Heniochus_acuminatus_FishPix_196004.jpg,https://fishpix.kahaku.go.jp/photos/NR0196/196004AF.jpg,Chaetodontidae,no,exists,46779
Chaetodon melannotus,196037,196037AF.jpg,Chaetodon_melannotus_FishPix_196037.jpg,https://fishpix.kahaku.go.jp/photos/NR0196/196037AF.jpg,Chaetodontidae,no,exists,71289
Heniochus acuminatus,19606,19606AF.jpg,Heniochus_acuminatus_FishPix_19606.jpg,https://fishpix.kahaku.go.jp/photos/NR0019/19606AF.jpg,Chaetodontidae,no,exists,93087
Forcipiger flavissimus,196060,196060AF.jpg,Forcipiger_flavissimus_FishPix_196060.jpg,https://fishpix.kahaku.go.jp/photos/NR0196/196060AF.jpg,Chaetodontidae,no,exists,51769
Heniochus acuminatus,196114,196114AF.jpg,Heniochus_acuminatus_FishPix_196114.jpg,https://fishpix.kahaku.go.jp/photos/NR0196/196114AF.jpg,Chaetodontidae,no,exists,41427
Chaetodon ephippium,196128,196128AF.jpg,Chaetodon_ephippium_FishPix_196128.jpg,https://fishpix.kahaku.go.jp/photos/NR0196/196128AF.jpg,Chaetodontidae,no,exists,88254
Heniochus varius,196142,196142AF.jpg,Heniochus_varius_FishPix_196142.jpg,https://fishpix.kahaku.go.jp/photos/NR0196/196142AF.jpg,Chaetodontidae,no,exists,85249
Chaetodon capistratus,196476,196476AF.jpg,Chaetodon_capistratus_FishPix_196476.jpg,https://fishpix.kahaku.go.jp/photos/NR0196/196476AF.jpg,Chaetodontidae,no,exists,177449
Heniochus diphreutes,19648,19648AF.jpg,Heniochus_diphreutes_FishPix_19648.jpg,https://fishpix.kahaku.go.jp/photos/NR0019/19648AF.jpg,Chaetodontidae,no,exists,98087
Johnrandallia nigrirostris,196495,196495AF.jpg,Johnrandallia_nigrirostris_FishPix_196495.jpg,https://fishpix.kahaku.go.jp/photos/NR0196/196495AF.jpg,Chaetodontidae,no,exists,237460
Chaetodon selene,19650,19650AF.jpg,Chaetodon_selene_FishPix_19650.jpg,https://fishpix.kahaku.go.jp/photos/NR0019/19650AF.jpg,Chaetodontidae,no,exists,85312
Chaetodon selene,19673,19673AF.jpg,Chaetodon_selene_FishPix_19673.jpg,https://fishpix.kahaku.go.jp/photos/NR0019/19673AF.jpg,Chaetodontidae,no,exists,101446
Heniochus acuminatus,19677,19677AF.jpg,Heniochus_acuminatus_FishPix_19677.jpg,https://fishpix.kahaku.go.jp/photos/NR0019/19677AF.jpg,Chaetodontidae,no,exists,102987
Chaetodon auripes,19685,19685AF.jpg,Chaetodon_auripes_FishPix_19685.jpg,https://fishpix.kahaku.go.jp/photos/NR0019/19685AF.jpg,Chaetodontidae,no,exists,106394
Unknown,197103,197103AF.jpg,Unknown_FishPix_197103.jpg,https://fishpix.kahaku.go.jp/photos/NR0197/197103AF.jpg,Chaetodontidae,no,exists,38649
Heniochus diphreutes,19714,19714AF.jpg,Heniochus_diphreutes_FishPix_19714.jpg,https://fishpix.kahaku.go.jp/photos/NR0019/19714AF.jpg,Chaetodontidae,no,exists,97228
Forcipiger flavissimus,19715,19715AF.jpg,Forcipiger_flavissimus_FishPix_19715.jpg,https://fishpix.kahaku.go.jp/photos/NR0019/19715AF.jpg,Chaetodontidae,no,exists,96424
Chaetodon ulietensis,197286,197286AF.jpg,Chaetodon_ulietensis_FishPix_197286.jpg,https://fishpix.kahaku.go.jp/photos/NR0197/197286AF.jpg,Chaetodontidae,no,exists,280981
Chaetodon unimaculatus,197310,197310AF.jpg,Chaetodon_unimaculatus_FishPix_197310.jpg,https://fishpix.kahaku.go.jp/photos/NR0197/197310AF.jpg,Chaetodontidae,no,exists,320268
Heniochus monoceros,197370,197370AF.jpg,Heniochus_monoceros_FishPix_197370.jpg,https://fishpix.kahaku.go.jp/photos/NR0197/197370AF.jpg,Chaetodontidae,no,exists,159603
Heniochus diphreutes,197373,197373AF.jpg,Heniochus_diphreutes_FishPix_197373.jpg,https://fishpix.kahaku.go.jp/photos/NR0197/197373AF.jpg,Chaetodontidae,no,exists,58452
Heniochus diphreutes,197375,197375AF.jpg,Heniochus_diphreutes_FishPix_197375.jpg,https://fishpix.kahaku.go.jp/photos/NR0197/197375AF.jpg,Chaetodontidae,no,exists,48718
Chaetodon daedalma,197382,197382AF.jpg,Chaetodon_daedalma_FishPix_197382.jpg,https://fishpix.kahaku.go.jp/photos/NR0197/197382AF.jpg,Chaetodontidae,no,exists,139797
Chaetodon daedalma,197395,197395AF.jpg,Chaetodon_daedalma_FishPix_197395.jpg,https://fishpix.kahaku.go.jp/photos/NR0197/197395AF.jpg,Chaetodontidae,no,exists,231923
Hemitaurichthys polylepis,197413,197413AF.jpg,Hemitaurichthys_polylepis_FishPix_197413.jpg,https://fishpix.kahaku.go.jp/photos/NR0197/197413AF.jpg,Chaetodontidae,no,exists,105255
Forcipiger flavissimus,197437,197437AF.jpg,Forcipiger_flavissimus_FishPix_197437.jpg,https://fishpix.kahaku.go.jp/photos/NR0197/197437AF.jpg,Chaetodontidae,no,exists,144874
Chaetodon citrinellus,197471,197471AF.jpg,Chaetodon_citrinellus_FishPix_197471.jpg,https://fishpix.kahaku.go.jp/photos/NR0197/197471AF.jpg,Chaetodontidae,no,exists,87025
Chaetodon lunulatus,197475,197475AF.jpg,Chaetodon_lunulatus_FishPix_197475.jpg,https://fishpix.kahaku.go.jp/photos/NR0197/197475AF.jpg,Chaetodontidae,no,exists,102778
Hemitaurichthys polylepis,197483,197483AF.jpg,Hemitaurichthys_polylepis_FishPix_197483.jpg,https://fishpix.kahaku.go.jp/photos/NR0197/197483AF.jpg,Chaetodontidae,no,exists,132375
Chaetodon kleinii,197487,197487AF.jpg,Chaetodon_kleinii_FishPix_197487.jpg,https://fishpix.kahaku.go.jp/photos/NR0197/197487AF.jpg,Chaetodontidae,no,exists,111488
Heniochus diphreutes,197501,197501AF.jpg,Heniochus_diphreutes_FishPix_197501.jpg,https://fishpix.kahaku.go.jp/photos/NR0197/197501AF.jpg,Chaetodontidae,no,exists,120420
Hemitaurichthys zoster,197525,197525AF.jpg,Hemitaurichthys_zoster_FishPix_197525.jpg,https://fishpix.kahaku.go.jp/photos/NR0197/197525AF.jpg,Chaetodontidae,no,exists,97842
Chaetodon xanthocephalus,197526,197526AF.jpg,Chaetodon_xanthocephalus_FishPix_197526.jpg,https://fishpix.kahaku.go.jp/photos/NR0197/197526AF.jpg,Chaetodontidae,no,exists,137848
Chaetodon collare,197531,197531AF.jpg,Chaetodon_collare_FishPix_197531.jpg,https://fishpix.kahaku.go.jp/photos/NR0197/197531AF.jpg,Chaetodontidae,no,exists,151882
Heniochus diphreutes,197550,197550AF.jpg,Heniochus_diphreutes_FishPix_197550.jpg,https://fishpix.kahaku.go.jp/photos/NR0197/197550AF.jpg,Chaetodontidae,no,exists,51377
Heniochus diphreutes,197551,197551AF.jpg,Heniochus_diphreutes_FishPix_197551.jpg,https://fishpix.kahaku.go.jp/photos/NR0197/197551AF.jpg,Chaetodontidae,no,exists,66654
Chaetodon vagabundus,197704,197704AF.jpg,Chaetodon_vagabundus_FishPix_197704.jpg,https://fishpix.kahaku.go.jp/photos/NR0197/197704AF.jpg,Chaetodontidae,no,exists,116955
Chaetodon lunulatus,197736,197736AF.jpg,Chaetodon_lunulatus_FishPix_197736.jpg,https://fishpix.kahaku.go.jp/photos/NR0197/197736AF.jpg,Chaetodontidae,no,exists,103997
Chaetodon vagabundus,197752,197752AF.jpg,Chaetodon_vagabundus_FishPix_197752.jpg,https://fishpix.kahaku.go.jp/photos/NR0197/197752AF.jpg,Chaetodontidae,no,exists,124775
Heniochus chrysostomus,197753,197753AF.jpg,Heniochus_chrysostomus_FishPix_197753.jpg,https://fishpix.kahaku.go.jp/photos/NR0197/197753AF.jpg,Chaetodontidae,no,exists,122346
Heniochus acuminatus,19776,19776AF.jpg,Heniochus_acuminatus_FishPix_19776.jpg,https://fishpix.kahaku.go.jp/photos/NR0019/19776AF.jpg,Chaetodontidae,no,exists,118519
Chaetodon plebeius,197788,197788AF.jpg,Chaetodon_plebeius_FishPix_197788.jpg,https://fishpix.kahaku.go.jp/photos/NR0197/197788AF.jpg,Chaetodontidae,no,exists,84643
Forcipiger flavissimus,197795,197795AF.jpg,Forcipiger_flavissimus_FishPix_197795.jpg,https://fishpix.kahaku.go.jp/photos/NR0197/197795AF.jpg,Chaetodontidae,no,exists,98744
Chaetodon lunulatus,197801,197801AF.jpg,Chaetodon_lunulatus_FishPix_197801.jpg,https://fishpix.kahaku.go.jp/photos/NR0197/197801AF.jpg,Chaetodontidae,no,exists,103475
Chaetodon lunulatus,197802,197802AF.jpg,Chaetodon_lunulatus_FishPix_197802.jpg,https://fishpix.kahaku.go.jp/photos/NR0197/197802AF.jpg,Chaetodontidae,no,exists,98978
Chaetodon lunula,197810,197810AF.jpg,Chaetodon_lunula_FishPix_197810.jpg,https://fishpix.kahaku.go.jp/photos/NR0197/197810AF.jpg,Chaetodontidae,no,exists,149626
Chaetodon citrinellus,197813,197813AF.jpg,Chaetodon_citrinellus_FishPix_197813.jpg,https://fishpix.kahaku.go.jp/photos/NR0197/197813AF.jpg,Chaetodontidae,no,exists,82563
Chaetodon lineolatus,197838,197838AF.jpg,Chaetodon_lineolatus_FishPix_197838.jpg,https://fishpix.kahaku.go.jp/photos/NR0197/197838AF.jpg,Chaetodontidae,no,exists,104616
Chaetodon vagabundus,197859,197859AF.jpg,Chaetodon_vagabundus_FishPix_197859.jpg,https://fishpix.kahaku.go.jp/photos/NR0197/197859AF.jpg,Chaetodontidae,no,exists,123621
Chaetodon argentatus,197866,197866AF.jpg,Chaetodon_argentatus_FishPix_197866.jpg,https://fishpix.kahaku.go.jp/photos/NR0197/197866AF.jpg,Chaetodontidae,no,exists,89509
Forcipiger flavissimus,197878,197878AF.jpg,Forcipiger_flavissimus_FishPix_197878.jpg,https://fishpix.kahaku.go.jp/photos/NR0197/197878AF.jpg,Chaetodontidae,no,exists,140456
Chaetodon ephippium,197883,197883AF.jpg,Chaetodon_ephippium_FishPix_197883.jpg,https://fishpix.kahaku.go.jp/photos/NR0197/197883AF.jpg,Chaetodontidae,no,exists,105207
Chaetodon plebeius,197894,197894AF.jpg,Chaetodon_plebeius_FishPix_197894.jpg,https://fishpix.kahaku.go.jp/photos/NR0197/197894AF.jpg,Chaetodontidae,no,exists,120392
Heniochus monoceros,19791,19791AF.jpg,Heniochus_monoceros_FishPix_19791.jpg,https://fishpix.kahaku.go.jp/photos/NR0019/19791AF.jpg,Chaetodontidae,no,exists,91688
Chaetodon auripes,197932,197932AF.jpg,Chaetodon_auripes_FishPix_197932.jpg,https://fishpix.kahaku.go.jp/photos/NR0197/197932AF.jpg,Chaetodontidae,no,exists,102528
Chaetodon lunulatus,197938,197938AF.jpg,Chaetodon_lunulatus_FishPix_197938.jpg,https://fishpix.kahaku.go.jp/photos/NR0197/197938AF.jpg,Chaetodontidae,no,exists,111312
Chaetodon trifascialis,197940,197940AF.jpg,Chaetodon_trifascialis_FishPix_197940.jpg,https://fishpix.kahaku.go.jp/photos/NR0197/197940AF.jpg,Chaetodontidae,no,exists,100758
Chaetodon punctatofasciatus,197966,197966AF.jpg,Chaetodon_punctatofasciatus_FishPix_197966.jpg,https://fishpix.kahaku.go.jp/photos/NR0197/197966AF.jpg,Chaetodontidae,no,exists,137028
Forcipiger flavissimus,197967,197967AF.jpg,Forcipiger_flavissimus_FishPix_197967.jpg,https://fishpix.kahaku.go.jp/photos/NR0197/197967AF.jpg,Chaetodontidae,no,exists,92575
Chaetodon auriga,197988,197988AF.jpg,Chaetodon_auriga_FishPix_197988.jpg,https://fishpix.kahaku.go.jp/photos/NR0197/197988AF.jpg,Chaetodontidae,no,exists,160006
Roa modesta,198233,198233AF.jpg,Roa_modesta_FishPix_198233.jpg,https://fishpix.kahaku.go.jp/photos/NR0198/198233AF.jpg,Chaetodontidae,no,exists,127738
Roa modesta,198234,198234AF.jpg,Roa_modesta_FishPix_198234.jpg,https://fishpix.kahaku.go.jp/photos/NR0198/198234AF.jpg,Chaetodontidae,no,exists,172974
Chaetodon ornatissimus,19838,19838AF.jpg,Chaetodon_ornatissimus_FishPix_19838.jpg,https://fishpix.kahaku.go.jp/photos/NR0019/19838AF.jpg,Chaetodontidae,no,exists,99664
Chaetodon kleinii,19869,19869AF.jpg,Chaetodon_kleinii_FishPix_19869.jpg,https://fishpix.kahaku.go.jp/photos/NR0019/19869AF.jpg,Chaetodontidae,no,exists,80898
Heniochus diphreutes,198724,198724AF.jpg,Heniochus_diphreutes_FishPix_198724.jpg,https://fishpix.kahaku.go.jp/photos/NR0198/198724AF.jpg,Chaetodontidae,no,exists,312596
Chaetodon ornatissimus,19874,19874AF.jpg,Chaetodon_ornatissimus_FishPix_19874.jpg,https://fishpix.kahaku.go.jp/photos/NR0019/19874AF.jpg,Chaetodontidae,no,exists,88735
Heniochus acuminatus,198802,198802AF.jpg,Heniochus_acuminatus_FishPix_198802.jpg,https://fishpix.kahaku.go.jp/photos/NR0198/198802AF.jpg,Chaetodontidae,no,exists,323678
Heniochus acuminatus,198875,198875AF.jpg,Heniochus_acuminatus_FishPix_198875.jpg,https://fishpix.kahaku.go.jp/photos/NR0198/198875AF.jpg,Chaetodontidae,no,exists,363566
Roa modesta,198889,198889AF.jpg,Roa_modesta_FishPix_198889.jpg,https://fishpix.kahaku.go.jp/photos/NR0198/198889AF.jpg,Chaetodontidae,no,exists,78151
Chaetodon auriga,198987,198987AF.jpg,Chaetodon_auriga_FishPix_198987.jpg,https://fishpix.kahaku.go.jp/photos/NR0198/198987AF.jpg,Chaetodontidae,no,exists,162676
Chaetodon trifascialis,19902,19902AF.jpg,Chaetodon_trifascialis_FishPix_19902.jpg,https://fishpix.kahaku.go.jp/photos/NR0019/19902AF.jpg,Chaetodontidae,no,exists,95871
Chaetodon citrinellus,199201,199201AF.jpg,Chaetodon_citrinellus_FishPix_199201.jpg,https://fishpix.kahaku.go.jp/photos/NR0199/199201AF.jpg,Chaetodontidae,no,exists,90861
Heniochus varius,199264,199264AF.jpg,Heniochus_varius_FishPix_199264.jpg,https://fishpix.kahaku.go.jp/photos/NR0199/199264AF.jpg,Chaetodontidae,no,exists,144278
Chaetodon plebeius,199276,199276AF.jpg,Chaetodon_plebeius_FishPix_199276.jpg,https://fishpix.kahaku.go.jp/photos/NR0199/199276AF.jpg,Chaetodontidae,no,exists,102696
Chaetodon baronessa,199314,199314AF.jpg,Chaetodon_baronessa_FishPix_199314.jpg,https://fishpix.kahaku.go.jp/photos/NR0199/199314AF.jpg,Chaetodontidae,no,exists,127551
Chaetodon ornatissimus,199329,199329AF.jpg,Chaetodon_ornatissimus_FishPix_199329.jpg,https://fishpix.kahaku.go.jp/photos/NR0199/199329AF.jpg,Chaetodontidae,no,exists,131750
Chaetodon unimaculatus,199389,199389AF.jpg,Chaetodon_unimaculatus_FishPix_199389.jpg,https://fishpix.kahaku.go.jp/photos/NR0199/199389AF.jpg,Chaetodontidae,no,exists,71604
Forcipiger flavissimus,199393,199393AF.jpg,Forcipiger_flavissimus_FishPix_199393.jpg,https://fishpix.kahaku.go.jp/photos/NR0199/199393AF.jpg,Chaetodontidae,no,exists,130742
Chaetodon argentatus,199423,199423AF.jpg,Chaetodon_argentatus_FishPix_199423.jpg,https://fishpix.kahaku.go.jp/photos/NR0199/199423AF.jpg,Chaetodontidae,no,exists,118489
Chaetodon striatus,19948,19948AF.jpg,Chaetodon_striatus_FishPix_19948.jpg,https://fishpix.kahaku.go.jp/photos/NR0019/19948AF.jpg,Chaetodontidae,no,exists,55974
Chaetodon auriga,199483,199483AF.jpg,Chaetodon_auriga_FishPix_199483.jpg,https://fishpix.kahaku.go.jp/photos/NR0199/199483AF.jpg,Chaetodontidae,no,exists,61665
Chaetodon trifascialis,199485,199485AF.jpg,Chaetodon_trifascialis_FishPix_199485.jpg,https://fishpix.kahaku.go.jp/photos/NR0199/199485AF.jpg,Chaetodontidae,no,exists,111236
Chaetodon kleinii,199488,199488AF.jpg,Chaetodon_kleinii_FishPix_199488.jpg,https://fishpix.kahaku.go.jp/photos/NR0199/199488AF.jpg,Chaetodontidae,no,exists,76975
Chaetodon striatus,19949,19949AF.jpg,Chaetodon_striatus_FishPix_19949.jpg,https://fishpix.kahaku.go.jp/photos/NR0019/19949AF.jpg,Chaetodontidae,no,exists,57860
Chaetodon capistratus,19950,19950AF.jpg,Chaetodon_capistratus_FishPix_19950.jpg,https://fishpix.kahaku.go.jp/photos/NR0019/19950AF.jpg,Chaetodontidae,no,exists,48271
Chaetodon capistratus,19951,19951AF.jpg,Chaetodon_capistratus_FishPix_19951.jpg,https://fishpix.kahaku.go.jp/photos/NR0019/19951AF.jpg,Chaetodontidae,no,exists,75317
Chaetodon baronessa,199515,199515AF.jpg,Chaetodon_baronessa_FishPix_199515.jpg,https://fishpix.kahaku.go.jp/photos/NR0199/199515AF.jpg,Chaetodontidae,no,exists,221464
Chaetodon ocellatus,19952,19952AF.jpg,Chaetodon_ocellatus_FishPix_19952.jpg,https://fishpix.kahaku.go.jp/photos/NR0019/19952AF.jpg,Chaetodontidae,no,exists,45542
Chaetodon lunulatus,199522,199522AF.jpg,Chaetodon_lunulatus_FishPix_199522.jpg,https://fishpix.kahaku.go.jp/photos/NR0199/199522AF.jpg,Chaetodontidae,no,exists,126989
Chaetodon ulietensis,199558,199558AF.jpg,Chaetodon_ulietensis_FishPix_199558.jpg,https://fishpix.kahaku.go.jp/photos/NR0199/199558AF.jpg,Chaetodontidae,no,exists,110470
Chaetodon unimaculatus,199592,199592AF.jpg,Chaetodon_unimaculatus_FishPix_199592.jpg,https://fishpix.kahaku.go.jp/photos/NR0199/199592AF.jpg,Chaetodontidae,no,exists,105530
Chaetodon melannotus,199595,199595AF.jpg,Chaetodon_melannotus_FishPix_199595.jpg,https://fishpix.kahaku.go.jp/photos/NR0199/199595AF.jpg,Chaetodontidae,no,exists,110267
Chaetodon ulietensis,199596,199596AF.jpg,Chaetodon_ulietensis_FishPix_199596.jpg,https://fishpix.kahaku.go.jp/photos/NR0199/199596AF.jpg,Chaetodontidae,no,exists,94179
Chaetodon rafflesii,199639,199639AF.jpg,Chaetodon_rafflesii_FishPix_199639.jpg,https://fishpix.kahaku.go.jp/photos/NR0199/199639AF.jpg,Chaetodontidae,no,exists,121981
Chaetodon lineolatus,199682,199682AF.jpg,Chaetodon_lineolatus_FishPix_199682.jpg,https://fishpix.kahaku.go.jp/photos/NR0199/199682AF.jpg,Chaetodontidae,no,exists,126450
Heniochus chrysostomus,199700,199700AF.jpg,Heniochus_chrysostomus_FishPix_199700.jpg,https://fishpix.kahaku.go.jp/photos/NR0199/199700AF.jpg,Chaetodontidae,no,exists,70556
Chaetodon auripes,199923,199923AF.jpg,Chaetodon_auripes_FishPix_199923.jpg,https://fishpix.kahaku.go.jp/photos/NR0199/199923AF.jpg,Chaetodontidae,no,exists,63324
Chaetodon ornatissimus,200754,200754AF.jpg,Chaetodon_ornatissimus_FishPix_200754.jpg,https://fishpix.kahaku.go.jp/photos/NR0200/200754AF.jpg,Chaetodontidae,no,exists,117192
Chaetodon daedalma,200756,200756AF.jpg,Chaetodon_daedalma_FishPix_200756.jpg,https://fishpix.kahaku.go.jp/photos/NR0200/200756AF.jpg,Chaetodontidae,no,exists,121219
Chaetodon bennetti,200757,200757AF.jpg,Chaetodon_bennetti_FishPix_200757.jpg,https://fishpix.kahaku.go.jp/photos/NR0200/200757AF.jpg,Chaetodontidae,no,exists,113436
Chaetodon daedalma,200758,200758AF.jpg,Chaetodon_daedalma_FishPix_200758.jpg,https://fishpix.kahaku.go.jp/photos/NR0200/200758AF.jpg,Chaetodontidae,no,exists,117181
Hemitaurichthys polylepis,200875,200875AF.jpg,Hemitaurichthys_polylepis_FishPix_200875.jpg,https://fishpix.kahaku.go.jp/photos/NR0200/200875AF.jpg,Chaetodontidae,no,exists,88159
Hemitaurichthys polylepis,200876,200876AF.jpg,Hemitaurichthys_polylepis_FishPix_200876.jpg,https://fishpix.kahaku.go.jp/photos/NR0200/200876AF.jpg,Chaetodontidae,no,exists,89502
Chaetodon lunula,20170,20170AF.jpg,Chaetodon_lunula_FishPix_20170.jpg,https://fishpix.kahaku.go.jp/photos/NR0020/20170AF.jpg,Chaetodontidae,no,exists,111126
Chaetodon nippon,201809,201809AF.jpg,Chaetodon_nippon_FishPix_201809.jpg,https://fishpix.kahaku.go.jp/photos/NR0201/201809AF.jpg,Chaetodontidae,no,exists,98686
Chaetodon auriga,201927,201927AF.jpg,Chaetodon_auriga_FishPix_201927.jpg,https://fishpix.kahaku.go.jp/photos/NR0201/201927AF.jpg,Chaetodontidae,no,exists,103876
Heniochus monoceros,20255,20255AF.jpg,Heniochus_monoceros_FishPix_20255.jpg,https://fishpix.kahaku.go.jp/photos/NR0020/20255AF.jpg,Chaetodontidae,no,exists,87248
Chaetodon auriga,202929,202929AF.jpg,Chaetodon_auriga_FishPix_202929.jpg,https://fishpix.kahaku.go.jp/photos/NR0202/202929AF.jpg,Chaetodontidae,no,exists,72802
Heniochus acuminatus,2030,2030AF.jpg,Heniochus_acuminatus_FishPix_2030.jpg,https://fishpix.kahaku.go.jp/photos/NR0002/2030AF.jpg,Chaetodontidae,no,exists,15360
Chaetodon lunula,20309,20309AF.jpg,Chaetodon_lunula_FishPix_20309.jpg,https://fishpix.kahaku.go.jp/photos/NR0020/20309AF.jpg,Chaetodontidae,no,exists,96647
Roa modesta,2032,2032AF.jpg,Roa_modesta_FishPix_2032.jpg,https://fishpix.kahaku.go.jp/photos/NR0002/2032AF.jpg,Chaetodontidae,no,exists,17408
Coradion altivelis,2033,2033AF.jpg,Coradion_altivelis_FishPix_2033.jpg,https://fishpix.kahaku.go.jp/photos/NR0002/2033AF.jpg,Chaetodontidae,no,exists,40960
Chelmon rostratus,203420,203420AF.jpg,Chelmon_rostratus_FishPix_203420.jpg,https://fishpix.kahaku.go.jp/photos/NR0203/203420AF.jpg,Chaetodontidae,no,exists,110072
Chelmon rostratus,203422,203422AF.jpg,Chelmon_rostratus_FishPix_203422.jpg,https://fishpix.kahaku.go.jp/photos/NR0203/203422AF.jpg,Chaetodontidae,no,exists,116617
Chaetodon octofasciatus,203430,203430AF.jpg,Chaetodon_octofasciatus_FishPix_203430.jpg,https://fishpix.kahaku.go.jp/photos/NR0203/203430AF.jpg,Chaetodontidae,no,exists,98097
Chaetodon octofasciatus,203483,203483AF.jpg,Chaetodon_octofasciatus_FishPix_203483.jpg,https://fishpix.kahaku.go.jp/photos/NR0203/203483AF.jpg,Chaetodontidae,no,exists,101710
Chaetodon octofasciatus,203521,203521AF.jpg,Chaetodon_octofasciatus_FishPix_203521.jpg,https://fishpix.kahaku.go.jp/photos/NR0203/203521AF.jpg,Chaetodontidae,no,exists,94773
Chelmon rostratus,203682,203682AF.jpg,Chelmon_rostratus_FishPix_203682.jpg,https://fishpix.kahaku.go.jp/photos/NR0203/203682AF.jpg,Chaetodontidae,no,exists,173974
Chelmon rostratus,203753,203753AF.jpg,Chelmon_rostratus_FishPix_203753.jpg,https://fishpix.kahaku.go.jp/photos/NR0203/203753AF.jpg,Chaetodontidae,no,exists,110877
Chaetodon octofasciatus,203756,203756AF.jpg,Chaetodon_octofasciatus_FishPix_203756.jpg,https://fishpix.kahaku.go.jp/photos/NR0203/203756AF.jpg,Chaetodontidae,no,exists,109553
Chelmon rostratus,203761,203761AF.jpg,Chelmon_rostratus_FishPix_203761.jpg,https://fishpix.kahaku.go.jp/photos/NR0203/203761AF.jpg,Chaetodontidae,no,exists,119882
Chaetodon octofasciatus,203763,203763AF.jpg,Chaetodon_octofasciatus_FishPix_203763.jpg,https://fishpix.kahaku.go.jp/photos/NR0203/203763AF.jpg,Chaetodontidae,no,exists,91272
Chaetodon octofasciatus,203821,203821AF.jpg,Chaetodon_octofasciatus_FishPix_203821.jpg,https://fishpix.kahaku.go.jp/photos/NR0203/203821AF.jpg,Chaetodontidae,no,exists,103411
Chelmon rostratus,203859,203859AF.jpg,Chelmon_rostratus_FishPix_203859.jpg,https://fishpix.kahaku.go.jp/photos/NR0203/203859AF.jpg,Chaetodontidae,no,exists,125746
Chelmon rostratus,203900,203900AF.jpg,Chelmon_rostratus_FishPix_203900.jpg,https://fishpix.kahaku.go.jp/photos/NR0203/203900AF.jpg,Chaetodontidae,no,exists,130123
Chaetodon octofasciatus,203906,203906AF.jpg,Chaetodon_octofasciatus_FishPix_203906.jpg,https://fishpix.kahaku.go.jp/photos/NR0203/203906AF.jpg,Chaetodontidae,no,exists,122881
Chaetodon nippon,203966,203966AF.jpg,Chaetodon_nippon_FishPix_203966.jpg,https://fishpix.kahaku.go.jp/photos/NR0203/203966AF.jpg,Chaetodontidae,no,exists,77059
Chaetodon auripes,203980,203980AF.jpg,Chaetodon_auripes_FishPix_203980.jpg,https://fishpix.kahaku.go.jp/photos/NR0203/203980AF.jpg,Chaetodontidae,no,exists,201704
Chaetodon nippon,203982,203982AF.jpg,Chaetodon_nippon_FishPix_203982.jpg,https://fishpix.kahaku.go.jp/photos/NR0203/203982AF.jpg,Chaetodontidae,no,exists,119730
Chaetodon auripes,204011,204011AF.jpg,Chaetodon_auripes_FishPix_204011.jpg,https://fishpix.kahaku.go.jp/photos/NR0204/204011AF.jpg,Chaetodontidae,no,exists,112865
Chaetodon auriga,204025,204025AF.jpg,Chaetodon_auriga_FishPix_204025.jpg,https://fishpix.kahaku.go.jp/photos/NR0204/204025AF.jpg,Chaetodontidae,no,exists,114934
Roa modesta,204030,204030AF.jpg,Roa_modesta_FishPix_204030.jpg,https://fishpix.kahaku.go.jp/photos/NR0204/204030AF.jpg,Chaetodontidae,no,exists,86338
Roa modesta,204031,204031AF.jpg,Roa_modesta_FishPix_204031.jpg,https://fishpix.kahaku.go.jp/photos/NR0204/204031AF.jpg,Chaetodontidae,no,exists,94350
Roa modesta,204034,204034AF.jpg,Roa_modesta_FishPix_204034.jpg,https://fishpix.kahaku.go.jp/photos/NR0204/204034AF.jpg,Chaetodontidae,no,exists,160170
Heniochus diphreutes,204035,204035AF.jpg,Heniochus_diphreutes_FishPix_204035.jpg,https://fishpix.kahaku.go.jp/photos/NR0204/204035AF.jpg,Chaetodontidae,no,exists,66011
Chaetodon auripes,204052,204052AF.jpg,Chaetodon_auripes_FishPix_204052.jpg,https://fishpix.kahaku.go.jp/photos/NR0204/204052AF.jpg,Chaetodontidae,no,exists,132553
Heniochus chrysostomus,204071,204071AF.jpg,Heniochus_chrysostomus_FishPix_204071.jpg,https://fishpix.kahaku.go.jp/photos/NR0204/204071AF.jpg,Chaetodontidae,no,exists,129274
Heniochus monoceros,204072,204072AF.jpg,Heniochus_monoceros_FishPix_204072.jpg,https://fishpix.kahaku.go.jp/photos/NR0204/204072AF.jpg,Chaetodontidae,no,exists,79475
Chaetodon argentatus,204129,204129AF.jpg,Chaetodon_argentatus_FishPix_204129.jpg,https://fishpix.kahaku.go.jp/photos/NR0204/204129AF.jpg,Chaetodontidae,no,exists,84989
Chaetodon punctatofasciatus,204130,204130AF.jpg,Chaetodon_punctatofasciatus_FishPix_204130.jpg,https://fishpix.kahaku.go.jp/photos/NR0204/204130AF.jpg,Chaetodontidae,no,exists,100031
Chaetodon vagabundus,204175,204175AF.jpg,Chaetodon_vagabundus_FishPix_204175.jpg,https://fishpix.kahaku.go.jp/photos/NR0204/204175AF.jpg,Chaetodontidae,no,exists,165705
Chaetodon wiebeli,204237,204237AF.jpg,Chaetodon_wiebeli_FishPix_204237.jpg,https://fishpix.kahaku.go.jp/photos/NR0204/204237AF.jpg,Chaetodontidae,no,exists,416081
Chaetodon citrinellus,204250,204250AF.jpg,Chaetodon_citrinellus_FishPix_204250.jpg,https://fishpix.kahaku.go.jp/photos/NR0204/204250AF.jpg,Chaetodontidae,no,exists,114032
Chaetodon kleinii,204265,204265AF.jpg,Chaetodon_kleinii_FishPix_204265.jpg,https://fishpix.kahaku.go.jp/photos/NR0204/204265AF.jpg,Chaetodontidae,no,exists,94866
Chaetodon citrinellus,204271,204271AF.jpg,Chaetodon_citrinellus_FishPix_204271.jpg,https://fishpix.kahaku.go.jp/photos/NR0204/204271AF.jpg,Chaetodontidae,no,exists,125674
Chaetodon plebeius,204283,204283AF.jpg,Chaetodon_plebeius_FishPix_204283.jpg,https://fishpix.kahaku.go.jp/photos/NR0204/204283AF.jpg,Chaetodontidae,no,exists,84209
Chaetodon bennetti,20430,20430AF.jpg,Chaetodon_bennetti_FishPix_20430.jpg,https://fishpix.kahaku.go.jp/photos/NR0020/20430AF.jpg,Chaetodontidae,no,exists,128789
Chaetodon lineolatus,204305,204305AF.jpg,Chaetodon_lineolatus_FishPix_204305.jpg,https://fishpix.kahaku.go.jp/photos/NR0204/204305AF.jpg,Chaetodontidae,no,exists,97189
Chaetodon bennetti,204314,204314AF.jpg,Chaetodon_bennetti_FishPix_204314.jpg,https://fishpix.kahaku.go.jp/photos/NR0204/204314AF.jpg,Chaetodontidae,no,exists,132383
Chaetodon lunulatus,204321,204321AF.jpg,Chaetodon_lunulatus_FishPix_204321.jpg,https://fishpix.kahaku.go.jp/photos/NR0204/204321AF.jpg,Chaetodontidae,no,exists,104037
Chaetodon trifascialis,204360,204360AF.jpg,Chaetodon_trifascialis_FishPix_204360.jpg,https://fishpix.kahaku.go.jp/photos/NR0204/204360AF.jpg,Chaetodontidae,no,exists,134509
Chaetodon bennetti,204363,204363AF.jpg,Chaetodon_bennetti_FishPix_204363.jpg,https://fishpix.kahaku.go.jp/photos/NR0204/204363AF.jpg,Chaetodontidae,no,exists,106512
Chaetodon lunulatus,20437,20437AF.jpg,Chaetodon_lunulatus_FishPix_20437.jpg,https://fishpix.kahaku.go.jp/photos/NR0020/20437AF.jpg,Chaetodontidae,no,exists,109110
Chaetodon trifascialis,20438,20438AF.jpg,Chaetodon_trifascialis_FishPix_20438.jpg,https://fishpix.kahaku.go.jp/photos/NR0020/20438AF.jpg,Chaetodontidae,no,exists,93633
Chaetodon lunula,204380,204380AF.jpg,Chaetodon_lunula_FishPix_204380.jpg,https://fishpix.kahaku.go.jp/photos/NR0204/204380AF.jpg,Chaetodontidae,no,exists,129627
Chaetodon plebeius,204394,204394AF.jpg,Chaetodon_plebeius_FishPix_204394.jpg,https://fishpix.kahaku.go.jp/photos/NR0204/204394AF.jpg,Chaetodontidae,no,exists,136866
Chaetodon unimaculatus,204403,204403AF.jpg,Chaetodon_unimaculatus_FishPix_204403.jpg,https://fishpix.kahaku.go.jp/photos/NR0204/204403AF.jpg,Chaetodontidae,no,exists,136978
Chaetodon ornatissimus,204411,204411AF.jpg,Chaetodon_ornatissimus_FishPix_204411.jpg,https://fishpix.kahaku.go.jp/photos/NR0204/204411AF.jpg,Chaetodontidae,no,exists,114044
Chaetodon lunula,204416,204416AF.jpg,Chaetodon_lunula_FishPix_204416.jpg,https://fishpix.kahaku.go.jp/photos/NR0204/204416AF.jpg,Chaetodontidae,no,exists,97284
Chaetodon unimaculatus,204417,204417AF.jpg,Chaetodon_unimaculatus_FishPix_204417.jpg,https://fishpix.kahaku.go.jp/photos/NR0204/204417AF.jpg,Chaetodontidae,no,exists,113810
Chaetodon kleinii,204489,204489AF.jpg,Chaetodon_kleinii_FishPix_204489.jpg,https://fishpix.kahaku.go.jp/photos/NR0204/204489AF.jpg,Chaetodontidae,no,exists,443224
Chaetodon trifascialis,204508,204508AF.jpg,Chaetodon_trifascialis_FishPix_204508.jpg,https://fishpix.kahaku.go.jp/photos/NR0204/204508AF.jpg,Chaetodontidae,no,exists,476671
Chaetodon trifascialis,204511,204511AF.jpg,Chaetodon_trifascialis_FishPix_204511.jpg,https://fishpix.kahaku.go.jp/photos/NR0204/204511AF.jpg,Chaetodontidae,no,exists,429443
Chaetodon lunula,204554,204554AF.jpg,Chaetodon_lunula_FishPix_204554.jpg,https://fishpix.kahaku.go.jp/photos/NR0204/204554AF.jpg,Chaetodontidae,no,exists,500193
Chaetodon ornatissimus,204555,204555AF.jpg,Chaetodon_ornatissimus_FishPix_204555.jpg,https://fishpix.kahaku.go.jp/photos/NR0204/204555AF.jpg,Chaetodontidae,no,exists,419183
Chaetodon lunulatus,204559,204559AF.jpg,Chaetodon_lunulatus_FishPix_204559.jpg,https://fishpix.kahaku.go.jp/photos/NR0204/204559AF.jpg,Chaetodontidae,no,exists,557516
Chaetodon lunulatus,204563,204563AF.jpg,Chaetodon_lunulatus_FishPix_204563.jpg,https://fishpix.kahaku.go.jp/photos/NR0204/204563AF.jpg,Chaetodontidae,no,exists,377975
Chaetodon trifascialis,204568,204568AF.jpg,Chaetodon_trifascialis_FishPix_204568.jpg,https://fishpix.kahaku.go.jp/photos/NR0204/204568AF.jpg,Chaetodontidae,no,exists,581236
Chaetodon auripes,204570,204570AF.jpg,Chaetodon_auripes_FishPix_204570.jpg,https://fishpix.kahaku.go.jp/photos/NR0204/204570AF.jpg,Chaetodontidae,no,exists,524720
Chaetodon plebeius,204572,204572AF.jpg,Chaetodon_plebeius_FishPix_204572.jpg,https://fishpix.kahaku.go.jp/photos/NR0204/204572AF.jpg,Chaetodontidae,no,exists,445217
Chaetodon unimaculatus,204601,204601AF.jpg,Chaetodon_unimaculatus_FishPix_204601.jpg,https://fishpix.kahaku.go.jp/photos/NR0204/204601AF.jpg,Chaetodontidae,no,exists,422260
Hemitaurichthys polylepis,204648,204648AF.jpg,Hemitaurichthys_polylepis_FishPix_204648.jpg,https://fishpix.kahaku.go.jp/photos/NR0204/204648AF.jpg,Chaetodontidae,no,exists,473867
Hemitaurichthys polylepis,204649,204649AF.jpg,Hemitaurichthys_polylepis_FishPix_204649.jpg,https://fishpix.kahaku.go.jp/photos/NR0204/204649AF.jpg,Chaetodontidae,no,exists,397605
Hemitaurichthys polylepis,204650,204650AF.jpg,Hemitaurichthys_polylepis_FishPix_204650.jpg,https://fishpix.kahaku.go.jp/photos/NR0204/204650AF.jpg,Chaetodontidae,no,exists,411928
Hemitaurichthys polylepis,204651,204651AF.jpg,Hemitaurichthys_polylepis_FishPix_204651.jpg,https://fishpix.kahaku.go.jp/photos/NR0204/204651AF.jpg,Chaetodontidae,no,exists,459816
Heniochus monoceros,204659,204659AF.jpg,Heniochus_monoceros_FishPix_204659.jpg,https://fishpix.kahaku.go.jp/photos/NR0204/204659AF.jpg,Chaetodontidae,no,exists,636995
Chaetodon ephippium,204670,204670AF.jpg,Chaetodon_ephippium_FishPix_204670.jpg,https://fishpix.kahaku.go.jp/photos/NR0204/204670AF.jpg,Chaetodontidae,no,exists,402110
Chaetodon auripes,204672,204672AF.jpg,Chaetodon_auripes_FishPix_204672.jpg,https://fishpix.kahaku.go.jp/photos/NR0204/204672AF.jpg,Chaetodontidae,no,exists,581098
Chaetodon auripes,204675,204675AF.jpg,Chaetodon_auripes_FishPix_204675.jpg,https://fishpix.kahaku.go.jp/photos/NR0204/204675AF.jpg,Chaetodontidae,no,exists,533298
Chaetodon ornatissimus,204685,204685AF.jpg,Chaetodon_ornatissimus_FishPix_204685.jpg,https://fishpix.kahaku.go.jp/photos/NR0204/204685AF.jpg,Chaetodontidae,no,exists,463591
Chaetodon kleinii,204696,204696AF.jpg,Chaetodon_kleinii_FishPix_204696.jpg,https://fishpix.kahaku.go.jp/photos/NR0204/204696AF.jpg,Chaetodontidae,no,exists,381533
Chaetodon lineolatus,204789,204789AF.jpg,Chaetodon_lineolatus_FishPix_204789.jpg,https://fishpix.kahaku.go.jp/photos/NR0204/204789AF.jpg,Chaetodontidae,no,exists,464923
Chaetodon auripes,204793,204793AF.jpg,Chaetodon_auripes_FishPix_204793.jpg,https://fishpix.kahaku.go.jp/photos/NR0204/204793AF.jpg,Chaetodontidae,no,exists,447917
Chaetodon melannotus,204796,204796AF.jpg,Chaetodon_melannotus_FishPix_204796.jpg,https://fishpix.kahaku.go.jp/photos/NR0204/204796AF.jpg,Chaetodontidae,no,exists,460458
Heniochus varius,204805,204805AF.jpg,Heniochus_varius_FishPix_204805.jpg,https://fishpix.kahaku.go.jp/photos/NR0204/204805AF.jpg,Chaetodontidae,no,exists,531467
Chaetodon ephippium,204810,204810AF.jpg,Chaetodon_ephippium_FishPix_204810.jpg,https://fishpix.kahaku.go.jp/photos/NR0204/204810AF.jpg,Chaetodontidae,no,exists,499591
Chaetodon vagabundus,204857,204857AF.jpg,Chaetodon_vagabundus_FishPix_204857.jpg,https://fishpix.kahaku.go.jp/photos/NR0204/204857AF.jpg,Chaetodontidae,no,exists,159562
Chaetodon trifascialis,204866,204866AF.jpg,Chaetodon_trifascialis_FishPix_204866.jpg,https://fishpix.kahaku.go.jp/photos/NR0204/204866AF.jpg,Chaetodontidae,no,exists,149668
Heniochus chrysostomus,204893,204893AF.jpg,Heniochus_chrysostomus_FishPix_204893.jpg,https://fishpix.kahaku.go.jp/photos/NR0204/204893AF.jpg,Chaetodontidae,no,exists,179938
Chaetodon citrinellus,204953,204953AF.jpg,Chaetodon_citrinellus_FishPix_204953.jpg,https://fishpix.kahaku.go.jp/photos/NR0204/204953AF.jpg,Chaetodontidae,no,exists,137139
Heniochus chrysostomus,204993,204993AF.jpg,Heniochus_chrysostomus_FishPix_204993.jpg,https://fishpix.kahaku.go.jp/photos/NR0204/204993AF.jpg,Chaetodontidae,no,exists,109537
Roa modesta,205024,205024AF.jpg,Roa_modesta_FishPix_205024.jpg,https://fishpix.kahaku.go.jp/photos/NR0205/205024AF.jpg,Chaetodontidae,no,exists,312854
Hemitaurichthys polylepis,205061,205061AF.jpg,Hemitaurichthys_polylepis_FishPix_205061.jpg,https://fishpix.kahaku.go.jp/photos/NR0205/205061AF.jpg,Chaetodontidae,no,exists,292725
Hemitaurichthys polylepis,205069,205069AF.jpg,Hemitaurichthys_polylepis_FishPix_205069.jpg,https://fishpix.kahaku.go.jp/photos/NR0205/205069AF.jpg,Chaetodontidae,no,exists,283767
Heniochus chrysostomus,205072,205072AF.jpg,Heniochus_chrysostomus_FishPix_205072.jpg,https://fishpix.kahaku.go.jp/photos/NR0205/205072AF.jpg,Chaetodontidae,no,exists,390221
Chaetodon auripes,205079,205079AF.jpg,Chaetodon_auripes_FishPix_205079.jpg,https://fishpix.kahaku.go.jp/photos/NR0205/205079AF.jpg,Chaetodontidae,no,exists,450603
Chaetodon citrinellus,205089,205089AF.jpg,Chaetodon_citrinellus_FishPix_205089.jpg,https://fishpix.kahaku.go.jp/photos/NR0205/205089AF.jpg,Chaetodontidae,no,exists,427079
Heniochus varius,205103,205103AF.jpg,Heniochus_varius_FishPix_205103.jpg,https://fishpix.kahaku.go.jp/photos/NR0205/205103AF.jpg,Chaetodontidae,no,exists,389711
Chaetodon auripes,205104,205104AF.jpg,Chaetodon_auripes_FishPix_205104.jpg,https://fishpix.kahaku.go.jp/photos/NR0205/205104AF.jpg,Chaetodontidae,no,exists,454810
Chaetodon trifascialis,205115,205115AF.jpg,Chaetodon_trifascialis_FishPix_205115.jpg,https://fishpix.kahaku.go.jp/photos/NR0205/205115AF.jpg,Chaetodontidae,no,exists,269791
Heniochus chrysostomus,205132,205132AF.jpg,Heniochus_chrysostomus_FishPix_205132.jpg,https://fishpix.kahaku.go.jp/photos/NR0205/205132AF.jpg,Chaetodontidae,no,exists,367713
Chaetodon ulietensis,205147,205147AF.jpg,Chaetodon_ulietensis_FishPix_205147.jpg,https://fishpix.kahaku.go.jp/photos/NR0205/205147AF.jpg,Chaetodontidae,no,exists,482871
Chaetodon ephippium,205151,205151AF.jpg,Chaetodon_ephippium_FishPix_205151.jpg,https://fishpix.kahaku.go.jp/photos/NR0205/205151AF.jpg,Chaetodontidae,no,exists,327615
Chaetodon auriga,205155,205155AF.jpg,Chaetodon_auriga_FishPix_205155.jpg,https://fishpix.kahaku.go.jp/photos/NR0205/205155AF.jpg,Chaetodontidae,no,exists,489075
Chaetodon plebeius,205182,205182AF.jpg,Chaetodon_plebeius_FishPix_205182.jpg,https://fishpix.kahaku.go.jp/photos/NR0205/205182AF.jpg,Chaetodontidae,no,exists,309970
Chaetodon vagabundus,205192,205192AF.jpg,Chaetodon_vagabundus_FishPix_205192.jpg,https://fishpix.kahaku.go.jp/photos/NR0205/205192AF.jpg,Chaetodontidae,no,exists,499845
Chaetodon vagabundus,205257,205257AF.jpg,Chaetodon_vagabundus_FishPix_205257.jpg,https://fishpix.kahaku.go.jp/photos/NR0205/205257AF.jpg,Chaetodontidae,no,exists,299848
Chaetodon ephippium,205317,205317AF.jpg,Chaetodon_ephippium_FishPix_205317.jpg,https://fishpix.kahaku.go.jp/photos/NR0205/205317AF.jpg,Chaetodontidae,no,exists,369699
Chaetodon lunulatus,205318,205318AF.jpg,Chaetodon_lunulatus_FishPix_205318.jpg,https://fishpix.kahaku.go.jp/photos/NR0205/205318AF.jpg,Chaetodontidae,no,exists,379245
Chaetodon lunulatus,205376,205376AF.jpg,Chaetodon_lunulatus_FishPix_205376.jpg,https://fishpix.kahaku.go.jp/photos/NR0205/205376AF.jpg,Chaetodontidae,no,exists,147594
Heniochus chrysostomus,205389,205389AF.jpg,Heniochus_chrysostomus_FishPix_205389.jpg,https://fishpix.kahaku.go.jp/photos/NR0205/205389AF.jpg,Chaetodontidae,no,exists,79991
Chaetodon auriga,205391,205391AF.jpg,Chaetodon_auriga_FishPix_205391.jpg,https://fishpix.kahaku.go.jp/photos/NR0205/205391AF.jpg,Chaetodontidae,no,exists,89642
Chaetodon vagabundus,205410,205410AF.jpg,Chaetodon_vagabundus_FishPix_205410.jpg,https://fishpix.kahaku.go.jp/photos/NR0205/205410AF.jpg,Chaetodontidae,no,exists,122196
Chaetodon ephippium,205418,205418AF.jpg,Chaetodon_ephippium_FishPix_205418.jpg,https://fishpix.kahaku.go.jp/photos/NR0205/205418AF.jpg,Chaetodontidae,no,exists,119295
Chaetodon bennetti,205441,205441AF.jpg,Chaetodon_bennetti_FishPix_205441.jpg,https://fishpix.kahaku.go.jp/photos/NR0205/205441AF.jpg,Chaetodontidae,no,exists,84960
Chaetodon speculum,205452,205452AF.jpg,Chaetodon_speculum_FishPix_205452.jpg,https://fishpix.kahaku.go.jp/photos/NR0205/205452AF.jpg,Chaetodontidae,no,exists,98935
Chaetodon vagabundus,205454,205454AF.jpg,Chaetodon_vagabundus_FishPix_205454.jpg,https://fishpix.kahaku.go.jp/photos/NR0205/205454AF.jpg,Chaetodontidae,no,exists,164045
Chaetodon plebeius,205458,205458AF.jpg,Chaetodon_plebeius_FishPix_205458.jpg,https://fishpix.kahaku.go.jp/photos/NR0205/205458AF.jpg,Chaetodontidae,no,exists,112827
Heniochus chrysostomus,205464,205464AF.jpg,Heniochus_chrysostomus_FishPix_205464.jpg,https://fishpix.kahaku.go.jp/photos/NR0205/205464AF.jpg,Chaetodontidae,no,exists,126282
Heniochus monoceros,205594,205594AF.jpg,Heniochus_monoceros_FishPix_205594.jpg,https://fishpix.kahaku.go.jp/photos/NR0205/205594AF.jpg,Chaetodontidae,no,exists,105079
Chaetodon baronessa,205601,205601AF.jpg,Chaetodon_baronessa_FishPix_205601.jpg,https://fishpix.kahaku.go.jp/photos/NR0205/205601AF.jpg,Chaetodontidae,no,exists,120259
Heniochus chrysostomus,205603,205603AF.jpg,Heniochus_chrysostomus_FishPix_205603.jpg,https://fishpix.kahaku.go.jp/photos/NR0205/205603AF.jpg,Chaetodontidae,no,exists,126041
Chaetodon citrinellus,205606,205606AF.jpg,Chaetodon_citrinellus_FishPix_205606.jpg,https://fishpix.kahaku.go.jp/photos/NR0205/205606AF.jpg,Chaetodontidae,no,exists,152860
Chaetodon lunulatus,205637,205637AF.jpg,Chaetodon_lunulatus_FishPix_205637.jpg,https://fishpix.kahaku.go.jp/photos/NR0205/205637AF.jpg,Chaetodontidae,no,exists,118117
Heniochus chrysostomus,205648,205648AF.jpg,Heniochus_chrysostomus_FishPix_205648.jpg,https://fishpix.kahaku.go.jp/photos/NR0205/205648AF.jpg,Chaetodontidae,no,exists,112084
Chaetodon bennetti,205657,205657AF.jpg,Chaetodon_bennetti_FishPix_205657.jpg,https://fishpix.kahaku.go.jp/photos/NR0205/205657AF.jpg,Chaetodontidae,no,exists,84124
Chaetodon lunulatus,205669,205669AF.jpg,Chaetodon_lunulatus_FishPix_205669.jpg,https://fishpix.kahaku.go.jp/photos/NR0205/205669AF.jpg,Chaetodontidae,no,exists,88611
Forcipiger flavissimus,205683,205683AF.jpg,Forcipiger_flavissimus_FishPix_205683.jpg,https://fishpix.kahaku.go.jp/photos/NR0205/205683AF.jpg,Chaetodontidae,no,exists,129827
Heniochus chrysostomus,205686,205686AF.jpg,Heniochus_chrysostomus_FishPix_205686.jpg,https://fishpix.kahaku.go.jp/photos/NR0205/205686AF.jpg,Chaetodontidae,no,exists,102231
Coradion altivelis,205702,205702AF.jpg,Coradion_altivelis_FishPix_205702.jpg,https://fishpix.kahaku.go.jp/photos/NR0205/205702AF.jpg,Chaetodontidae,no,exists,79610
Coradion altivelis,205703,205703AF.jpg,Coradion_altivelis_FishPix_205703.jpg,https://fishpix.kahaku.go.jp/photos/NR0205/205703AF.jpg,Chaetodontidae,no,exists,96602
Chaetodon daedalma,205740,205740AF.jpg,Chaetodon_daedalma_FishPix_205740.jpg,https://fishpix.kahaku.go.jp/photos/NR0205/205740AF.jpg,Chaetodontidae,no,exists,121367
Hemitaurichthys polylepis,205746,205746AF.jpg,Hemitaurichthys_polylepis_FishPix_205746.jpg,https://fishpix.kahaku.go.jp/photos/NR0205/205746AF.jpg,Chaetodontidae,no,exists,59868
Chaetodon rainfordi,205814,205814AF.jpg,Chaetodon_rainfordi_FishPix_205814.jpg,https://fishpix.kahaku.go.jp/photos/NR0205/205814AF.jpg,Chaetodontidae,no,exists,77623
Chaetodon rainfordi,205817,205817AF.jpg,Chaetodon_rainfordi_FishPix_205817.jpg,https://fishpix.kahaku.go.jp/photos/NR0205/205817AF.jpg,Chaetodontidae,no,exists,109259
Chaetodon flavirostris,205860,205860AF.jpg,Chaetodon_flavirostris_FishPix_205860.jpg,https://fishpix.kahaku.go.jp/photos/NR0205/205860AF.jpg,Chaetodontidae,no,exists,83840
Chaetodon octofasciatus,205887,205887AF.jpg,Chaetodon_octofasciatus_FishPix_205887.jpg,https://fishpix.kahaku.go.jp/photos/NR0205/205887AF.jpg,Chaetodontidae,no,exists,75381
Chaetodon nippon,205933,205933AF.jpg,Chaetodon_nippon_FishPix_205933.jpg,https://fishpix.kahaku.go.jp/photos/NR0205/205933AF.jpg,Chaetodontidae,no,exists,100754
Chaetodon auriga,205942,205942AF.jpg,Chaetodon_auriga_FishPix_205942.jpg,https://fishpix.kahaku.go.jp/photos/NR0205/205942AF.jpg,Chaetodontidae,no,exists,82234
Chaetodon bennetti,205945,205945AF.jpg,Chaetodon_bennetti_FishPix_205945.jpg,https://fishpix.kahaku.go.jp/photos/NR0205/205945AF.jpg,Chaetodontidae,no,exists,81864
Chaetodon mertensii,205946,205946AF.jpg,Chaetodon_mertensii_FishPix_205946.jpg,https://fishpix.kahaku.go.jp/photos/NR0205/205946AF.jpg,Chaetodontidae,no,exists,115429
Chaetodon ulietensis,205951,205951AF.jpg,Chaetodon_ulietensis_FishPix_205951.jpg,https://fishpix.kahaku.go.jp/photos/NR0205/205951AF.jpg,Chaetodontidae,no,exists,113666
Heniochus chrysostomus,205959,205959AF.jpg,Heniochus_chrysostomus_FishPix_205959.jpg,https://fishpix.kahaku.go.jp/photos/NR0205/205959AF.jpg,Chaetodontidae,no,exists,114225
Chaetodon ulietensis,205962,205962AF.jpg,Chaetodon_ulietensis_FishPix_205962.jpg,https://fishpix.kahaku.go.jp/photos/NR0205/205962AF.jpg,Chaetodontidae,no,exists,93496
Chaetodon nippon,205980,205980AF.jpg,Chaetodon_nippon_FishPix_205980.jpg,https://fishpix.kahaku.go.jp/photos/NR0205/205980AF.jpg,Chaetodontidae,no,exists,115148
Roa modesta,205984,205984AF.jpg,Roa_modesta_FishPix_205984.jpg,https://fishpix.kahaku.go.jp/photos/NR0205/205984AF.jpg,Chaetodontidae,no,exists,106009
Chaetodon melannotus,206063,206063AF.jpg,Chaetodon_melannotus_FishPix_206063.jpg,https://fishpix.kahaku.go.jp/photos/NR0206/206063AF.jpg,Chaetodontidae,no,exists,57634
Chaetodon kleinii,20615,20615AF.jpg,Chaetodon_kleinii_FishPix_20615.jpg,https://fishpix.kahaku.go.jp/photos/NR0020/20615AF.jpg,Chaetodontidae,no,exists,79986
Chaetodon vagabundus,20616,20616AF.jpg,Chaetodon_vagabundus_FishPix_20616.jpg,https://fishpix.kahaku.go.jp/photos/NR0020/20616AF.jpg,Chaetodontidae,no,exists,77986
Chaetodon auriga,206263,206263AF.jpg,Chaetodon_auriga_FishPix_206263.jpg,https://fishpix.kahaku.go.jp/photos/NR0206/206263AF.jpg,Chaetodontidae,no,exists,215380
Heniochus diphreutes,206277,206277AF.jpg,Heniochus_diphreutes_FishPix_206277.jpg,https://fishpix.kahaku.go.jp/photos/NR0206/206277AF.jpg,Chaetodontidae,no,exists,105804
Coradion altivelis,206278,206278AF.jpg,Coradion_altivelis_FishPix_206278.jpg,https://fishpix.kahaku.go.jp/photos/NR0206/206278AF.jpg,Chaetodontidae,no,exists,124591
Chaetodon argentatus,206611,206611AF.jpg,Chaetodon_argentatus_FishPix_206611.jpg,https://fishpix.kahaku.go.jp/photos/NR0206/206611AF.jpg,Chaetodontidae,no,exists,129347
Hemitaurichthys polylepis,206617,206617AF.jpg,Hemitaurichthys_polylepis_FishPix_206617.jpg,https://fishpix.kahaku.go.jp/photos/NR0206/206617AF.jpg,Chaetodontidae,no,exists,98478
Chaetodon kleinii,206619,206619AF.jpg,Chaetodon_kleinii_FishPix_206619.jpg,https://fishpix.kahaku.go.jp/photos/NR0206/206619AF.jpg,Chaetodontidae,no,exists,111856
Chaetodon nippon,206630,206630AF.jpg,Chaetodon_nippon_FishPix_206630.jpg,https://fishpix.kahaku.go.jp/photos/NR0206/206630AF.jpg,Chaetodontidae,no,exists,67128
Heniochus diphreutes,206638,206638AF.jpg,Heniochus_diphreutes_FishPix_206638.jpg,https://fishpix.kahaku.go.jp/photos/NR0206/206638AF.jpg,Chaetodontidae,no,exists,111373
Chaetodon auripes,206653,206653AF.jpg,Chaetodon_auripes_FishPix_206653.jpg,https://fishpix.kahaku.go.jp/photos/NR0206/206653AF.jpg,Chaetodontidae,no,exists,95265
Chaetodon kleinii,206717,206717AF.jpg,Chaetodon_kleinii_FishPix_206717.jpg,https://fishpix.kahaku.go.jp/photos/NR0206/206717AF.jpg,Chaetodontidae,no,exists,85539
Chaetodon auriga,206727,206727AF.jpg,Chaetodon_auriga_FishPix_206727.jpg,https://fishpix.kahaku.go.jp/photos/NR0206/206727AF.jpg,Chaetodontidae,no,exists,99584
Chaetodon oxycephalus,206737,206737AF.jpg,Chaetodon_oxycephalus_FishPix_206737.jpg,https://fishpix.kahaku.go.jp/photos/NR0206/206737AF.jpg,Chaetodontidae,no,exists,62113
Chaetodon oxycephalus,206740,206740AF.jpg,Chaetodon_oxycephalus_FishPix_206740.jpg,https://fishpix.kahaku.go.jp/photos/NR0206/206740AF.jpg,Chaetodontidae,no,exists,132638
Chaetodon lunulatus,206747,206747AF.jpg,Chaetodon_lunulatus_FishPix_206747.jpg,https://fishpix.kahaku.go.jp/photos/NR0206/206747AF.jpg,Chaetodontidae,no,exists,115870
Chaetodon lunulatus,206752,206752AF.jpg,Chaetodon_lunulatus_FishPix_206752.jpg,https://fishpix.kahaku.go.jp/photos/NR0206/206752AF.jpg,Chaetodontidae,no,exists,125048
Chaetodon lineolatus,206770,206770AF.jpg,Chaetodon_lineolatus_FishPix_206770.jpg,https://fishpix.kahaku.go.jp/photos/NR0206/206770AF.jpg,Chaetodontidae,no,exists,70028
Chaetodon lineolatus,206787,206787AF.jpg,Chaetodon_lineolatus_FishPix_206787.jpg,https://fishpix.kahaku.go.jp/photos/NR0206/206787AF.jpg,Chaetodontidae,no,exists,68756
Chaetodon argentatus,2068,2068AF.jpg,Chaetodon_argentatus_FishPix_2068.jpg,https://fishpix.kahaku.go.jp/photos/NR0002/2068AF.jpg,Chaetodontidae,yes,exists,107241
Hemitaurichthys polylepis,206803,206803AF.jpg,Hemitaurichthys_polylepis_FishPix_206803.jpg,https://fishpix.kahaku.go.jp/photos/NR0206/206803AF.jpg,Chaetodontidae,no,exists,142795
Chaetodon quadrimaculatus,206804,206804AF.jpg,Chaetodon_quadrimaculatus_FishPix_206804.jpg,https://fishpix.kahaku.go.jp/photos/NR0206/206804AF.jpg,Chaetodontidae,no,exists,125763
Hemitaurichthys polylepis,206808,206808AF.jpg,Hemitaurichthys_polylepis_FishPix_206808.jpg,https://fishpix.kahaku.go.jp/photos/NR0206/206808AF.jpg,Chaetodontidae,no,exists,52655
Chaetodon reticulatus,206810,206810AF.jpg,Chaetodon_reticulatus_FishPix_206810.jpg,https://fishpix.kahaku.go.jp/photos/NR0206/206810AF.jpg,Chaetodontidae,no,exists,124766
Chaetodon ephippium,206814,206814AF.jpg,Chaetodon_ephippium_FishPix_206814.jpg,https://fishpix.kahaku.go.jp/photos/NR0206/206814AF.jpg,Chaetodontidae,no,exists,81508
Chaetodon citrinellus,206827,206827AF.jpg,Chaetodon_citrinellus_FishPix_206827.jpg,https://fishpix.kahaku.go.jp/photos/NR0206/206827AF.jpg,Chaetodontidae,no,exists,106762
Chaetodon unimaculatus,206856,206856AF.jpg,Chaetodon_unimaculatus_FishPix_206856.jpg,https://fishpix.kahaku.go.jp/photos/NR0206/206856AF.jpg,Chaetodontidae,no,exists,102625
Hemitaurichthys polylepis,206857,206857AF.jpg,Hemitaurichthys_polylepis_FishPix_206857.jpg,https://fishpix.kahaku.go.jp/photos/NR0206/206857AF.jpg,Chaetodontidae,no,exists,80657
Chaetodon quadrimaculatus,206860,206860AF.jpg,Chaetodon_quadrimaculatus_FishPix_206860.jpg,https://fishpix.kahaku.go.jp/photos/NR0206/206860AF.jpg,Chaetodontidae,no,exists,102687
Chaetodon lunula,206861,206861AF.jpg,Chaetodon_lunula_FishPix_206861.jpg,https://fishpix.kahaku.go.jp/photos/NR0206/206861AF.jpg,Chaetodontidae,no,exists,81754
Forcipiger flavissimus,206862,206862AF.jpg,Forcipiger_flavissimus_FishPix_206862.jpg,https://fishpix.kahaku.go.jp/photos/NR0206/206862AF.jpg,Chaetodontidae,no,exists,155563
Chaetodon reticulatus,206864,206864AF.jpg,Chaetodon_reticulatus_FishPix_206864.jpg,https://fishpix.kahaku.go.jp/photos/NR0206/206864AF.jpg,Chaetodontidae,no,exists,106406
Chaetodon lunula,206868,206868AF.jpg,Chaetodon_lunula_FishPix_206868.jpg,https://fishpix.kahaku.go.jp/photos/NR0206/206868AF.jpg,Chaetodontidae,no,exists,97161
Chaetodon baronessa,206895,206895AF.jpg,Chaetodon_baronessa_FishPix_206895.jpg,https://fishpix.kahaku.go.jp/photos/NR0206/206895AF.jpg,Chaetodontidae,no,exists,107046
Chaetodon trifascialis,206913,206913AF.jpg,Chaetodon_trifascialis_FishPix_206913.jpg,https://fishpix.kahaku.go.jp/photos/NR0206/206913AF.jpg,Chaetodontidae,no,exists,99620
Chaetodon plebeius,206918,206918AF.jpg,Chaetodon_plebeius_FishPix_206918.jpg,https://fishpix.kahaku.go.jp/photos/NR0206/206918AF.jpg,Chaetodontidae,no,exists,78286
Forcipiger flavissimus,206920,206920AF.jpg,Forcipiger_flavissimus_FishPix_206920.jpg,https://fishpix.kahaku.go.jp/photos/NR0206/206920AF.jpg,Chaetodontidae,no,exists,121204
Chaetodon trifascialis,206921,206921AF.jpg,Chaetodon_trifascialis_FishPix_206921.jpg,https://fishpix.kahaku.go.jp/photos/NR0206/206921AF.jpg,Chaetodontidae,no,exists,113244
Forcipiger flavissimus,206936,206936AF.jpg,Forcipiger_flavissimus_FishPix_206936.jpg,https://fishpix.kahaku.go.jp/photos/NR0206/206936AF.jpg,Chaetodontidae,no,exists,99127
Heniochus monoceros,207030,207030AF.jpg,Heniochus_monoceros_FishPix_207030.jpg,https://fishpix.kahaku.go.jp/photos/NR0207/207030AF.jpg,Chaetodontidae,no,exists,143136
Forcipiger flavissimus,207099,207099AF.jpg,Forcipiger_flavissimus_FishPix_207099.jpg,https://fishpix.kahaku.go.jp/photos/NR0207/207099AF.jpg,Chaetodontidae,no,exists,206189
Heniochus diphreutes,207135,207135AF.jpg,Heniochus_diphreutes_FishPix_207135.jpg,https://fishpix.kahaku.go.jp/photos/NR0207/207135AF.jpg,Chaetodontidae,no,exists,171175
Heniochus diphreutes,207148,207148AF.jpg,Heniochus_diphreutes_FishPix_207148.jpg,https://fishpix.kahaku.go.jp/photos/NR0207/207148AF.jpg,Chaetodontidae,no,exists,127995
Heniochus diphreutes,207149,207149AF.jpg,Heniochus_diphreutes_FishPix_207149.jpg,https://fishpix.kahaku.go.jp/photos/NR0207/207149AF.jpg,Chaetodontidae,no,exists,103079
Chaetodon vagabundus,207168,207168AF.jpg,Chaetodon_vagabundus_FishPix_207168.jpg,https://fishpix.kahaku.go.jp/photos/NR0207/207168AF.jpg,Chaetodontidae,no,exists,188749
Chaetodon rainfordi,207173,207173AF.jpg,Chaetodon_rainfordi_FishPix_207173.jpg,https://fishpix.kahaku.go.jp/photos/NR0207/207173AF.jpg,Chaetodontidae,no,exists,218592
Chaetodon aureofasciatus,207178,207178AF.jpg,Chaetodon_aureofasciatus_FishPix_207178.jpg,https://fishpix.kahaku.go.jp/photos/NR0207/207178AF.jpg,Chaetodontidae,no,exists,184390
Heniochus varius,207184,207184AF.jpg,Heniochus_varius_FishPix_207184.jpg,https://fishpix.kahaku.go.jp/photos/NR0207/207184AF.jpg,Chaetodontidae,no,exists,229450
Heniochus chrysostomus,207190,207190AF.jpg,Heniochus_chrysostomus_FishPix_207190.jpg,https://fishpix.kahaku.go.jp/photos/NR0207/207190AF.jpg,Chaetodontidae,no,exists,247373
Chaetodon plebeius,207196,207196AF.jpg,Chaetodon_plebeius_FishPix_207196.jpg,https://fishpix.kahaku.go.jp/photos/NR0207/207196AF.jpg,Chaetodontidae,no,exists,180696
Chaetodon quadrimaculatus,207213,207213AF.jpg,Chaetodon_quadrimaculatus_FishPix_207213.jpg,https://fishpix.kahaku.go.jp/photos/NR0207/207213AF.jpg,Chaetodontidae,no,exists,226640
Hemitaurichthys polylepis,207214,207214AF.jpg,Hemitaurichthys_polylepis_FishPix_207214.jpg,https://fishpix.kahaku.go.jp/photos/NR0207/207214AF.jpg,Chaetodontidae,no,exists,150483
Chaetodon daedalma,207218,207218AF.jpg,Chaetodon_daedalma_FishPix_207218.jpg,https://fishpix.kahaku.go.jp/photos/NR0207/207218AF.jpg,Chaetodontidae,no,exists,171691
Hemitaurichthys polylepis,207221,207221AF.jpg,Hemitaurichthys_polylepis_FishPix_207221.jpg,https://fishpix.kahaku.go.jp/photos/NR0207/207221AF.jpg,Chaetodontidae,no,exists,230598
Chaetodon argentatus,207224,207224AF.jpg,Chaetodon_argentatus_FishPix_207224.jpg,https://fishpix.kahaku.go.jp/photos/NR0207/207224AF.jpg,Chaetodontidae,no,exists,229773
Chaetodon auriga,207228,207228AF.jpg,Chaetodon_auriga_FishPix_207228.jpg,https://fishpix.kahaku.go.jp/photos/NR0207/207228AF.jpg,Chaetodontidae,no,exists,193612
Chaetodon lunulatus,207232,207232AF.jpg,Chaetodon_lunulatus_FishPix_207232.jpg,https://fishpix.kahaku.go.jp/photos/NR0207/207232AF.jpg,Chaetodontidae,no,exists,238541
Chaetodon unimaculatus,207233,207233AF.jpg,Chaetodon_unimaculatus_FishPix_207233.jpg,https://fishpix.kahaku.go.jp/photos/NR0207/207233AF.jpg,Chaetodontidae,no,exists,221553
Chaetodon lunulatus,207236,207236AF.jpg,Chaetodon_lunulatus_FishPix_207236.jpg,https://fishpix.kahaku.go.jp/photos/NR0207/207236AF.jpg,Chaetodontidae,no,exists,255280
Chaetodon oxycephalus,207239,207239AF.jpg,Chaetodon_oxycephalus_FishPix_207239.jpg,https://fishpix.kahaku.go.jp/photos/NR0207/207239AF.jpg,Chaetodontidae,no,exists,169153
Chaetodon auriga,207245,207245AF.jpg,Chaetodon_auriga_FishPix_207245.jpg,https://fishpix.kahaku.go.jp/photos/NR0207/207245AF.jpg,Chaetodontidae,no,exists,201574
Chaetodon daedalma,207252,207252AF.jpg,Chaetodon_daedalma_FishPix_207252.jpg,https://fishpix.kahaku.go.jp/photos/NR0207/207252AF.jpg,Chaetodontidae,no,exists,186829
Chaetodon nippon,207272,207272AF.jpg,Chaetodon_nippon_FishPix_207272.jpg,https://fishpix.kahaku.go.jp/photos/NR0207/207272AF.jpg,Chaetodontidae,no,exists,133074
Chaetodon kleinii,207291,207291AF.jpg,Chaetodon_kleinii_FishPix_207291.jpg,https://fishpix.kahaku.go.jp/photos/NR0207/207291AF.jpg,Chaetodontidae,no,exists,159452
Roa modesta,207321,207321AF.jpg,Roa_modesta_FishPix_207321.jpg,https://fishpix.kahaku.go.jp/photos/NR0207/207321AF.jpg,Chaetodontidae,no,exists,165815
Hemitaurichthys polylepis,207331,207331AF.jpg,Hemitaurichthys_polylepis_FishPix_207331.jpg,https://fishpix.kahaku.go.jp/photos/NR0207/207331AF.jpg,Chaetodontidae,no,exists,159253
Hemitaurichthys polylepis,207334,207334AF.jpg,Hemitaurichthys_polylepis_FishPix_207334.jpg,https://fishpix.kahaku.go.jp/photos/NR0207/207334AF.jpg,Chaetodontidae,no,exists,156724
Chaetodon octofasciatus,207387,207387AF.jpg,Chaetodon_octofasciatus_FishPix_207387.jpg,https://fishpix.kahaku.go.jp/photos/NR0207/207387AF.jpg,Chaetodontidae,no,exists,142411
Chaetodon kleinii,207442,207442AF.jpg,Chaetodon_kleinii_FishPix_207442.jpg,https://fishpix.kahaku.go.jp/photos/NR0207/207442AF.jpg,Chaetodontidae,no,exists,136768
Chaetodon lunula,207604,207604AF.jpg,Chaetodon_lunula_FishPix_207604.jpg,https://fishpix.kahaku.go.jp/photos/NR0207/207604AF.jpg,Chaetodontidae,no,exists,320476
Chaetodon vagabundus,207606,207606AF.jpg,Chaetodon_vagabundus_FishPix_207606.jpg,https://fishpix.kahaku.go.jp/photos/NR0207/207606AF.jpg,Chaetodontidae,no,exists,298860
Chaetodon lunula,207610,207610AF.jpg,Chaetodon_lunula_FishPix_207610.jpg,https://fishpix.kahaku.go.jp/photos/NR0207/207610AF.jpg,Chaetodontidae,no,exists,267585
Chaetodon auriga,207612,207612AF.jpg,Chaetodon_auriga_FishPix_207612.jpg,https://fishpix.kahaku.go.jp/photos/NR0207/207612AF.jpg,Chaetodontidae,no,exists,336472
Heniochus chrysostomus,207616,207616AF.jpg,Heniochus_chrysostomus_FishPix_207616.jpg,https://fishpix.kahaku.go.jp/photos/NR0207/207616AF.jpg,Chaetodontidae,no,exists,352203
Chaetodon speculum,207617,207617AF.jpg,Chaetodon_speculum_FishPix_207617.jpg,https://fishpix.kahaku.go.jp/photos/NR0207/207617AF.jpg,Chaetodontidae,no,exists,309679
Chaetodon melannotus,20909,20909AF.jpg,Chaetodon_melannotus_FishPix_20909.jpg,https://fishpix.kahaku.go.jp/photos/NR0020/20909AF.jpg,Chaetodontidae,no,exists,103785
Roa modesta,21135,21135AF.jpg,Roa_modesta_FishPix_21135.jpg,https://fishpix.kahaku.go.jp/photos/NR0021/21135AF.jpg,Chaetodontidae,no,exists,108876
Chaetodon auriga,21162,21162AF.jpg,Chaetodon_auriga_FishPix_21162.jpg,https://fishpix.kahaku.go.jp/photos/NR0021/21162AF.jpg,Chaetodontidae,no,exists,119652
Chaetodon auripes,21172,21172AF.jpg,Chaetodon_auripes_FishPix_21172.jpg,https://fishpix.kahaku.go.jp/photos/NR0021/21172AF.jpg,Chaetodontidae,no,exists,106470
Heniochus diphreutes,21252,21252AF.jpg,Heniochus_diphreutes_FishPix_21252.jpg,https://fishpix.kahaku.go.jp/photos/NR0021/21252AF.jpg,Chaetodontidae,yes,exists,85226
Chaetodon vagabundus,2132,2132AF.jpg,Chaetodon_vagabundus_FishPix_2132.jpg,https://fishpix.kahaku.go.jp/photos/NR0002/2132AF.jpg,Chaetodontidae,no,exists,23552
Heniochus chrysostomus,21527,21527AF.jpg,Heniochus_chrysostomus_FishPix_21527.jpg,https://fishpix.kahaku.go.jp/photos/NR0021/21527AF.jpg,Chaetodontidae,no,exists,99782
Heniochus diphreutes,21592,21592AF.jpg,Heniochus_diphreutes_FishPix_21592.jpg,https://fishpix.kahaku.go.jp/photos/NR0021/21592AF.jpg,Chaetodontidae,no,exists,111660
Heniochus singularius,21593,21593AF.jpg,Heniochus_singularius_FishPix_21593.jpg,https://fishpix.kahaku.go.jp/photos/NR0021/21593AF.jpg,Chaetodontidae,no,exists,93580
Chaetodon nippon,21594,21594AF.jpg,Chaetodon_nippon_FishPix_21594.jpg,https://fishpix.kahaku.go.jp/photos/NR0021/21594AF.jpg,Chaetodontidae,no,exists,63858
Chaetodon kleinii,21595,21595AF.jpg,Chaetodon_kleinii_FishPix_21595.jpg,https://fishpix.kahaku.go.jp/photos/NR0021/21595AF.jpg,Chaetodontidae,no,exists,186619
Chaetodon auriga,21596,21596AF.jpg,Chaetodon_auriga_FishPix_21596.jpg,https://fishpix.kahaku.go.jp/photos/NR0021/21596AF.jpg,Chaetodontidae,no,exists,122369
Chaetodon melannotus,21597,21597AF.jpg,Chaetodon_melannotus_FishPix_21597.jpg,https://fishpix.kahaku.go.jp/photos/NR0021/21597AF.jpg,Chaetodontidae,no,exists,131216
Chaetodon argentatus,2169,2169AF.jpg,Chaetodon_argentatus_FishPix_2169.jpg,https://fishpix.kahaku.go.jp/photos/NR0002/2169AF.jpg,Chaetodontidae,no,exists,110781
Heniochus acuminatus,2174,2174AF.jpg,Heniochus_acuminatus_FishPix_2174.jpg,https://fishpix.kahaku.go.jp/photos/NR0002/2174AF.jpg,Chaetodontidae,no,exists,75591
Forcipiger flavissimus,21775,21775AF.jpg,Forcipiger_flavissimus_FishPix_21775.jpg,https://fishpix.kahaku.go.jp/photos/NR0021/21775AF.jpg,Chaetodontidae,no,exists,72398
Heniochus chrysostomus,21811,21811AF.jpg,Heniochus_chrysostomus_FishPix_21811.jpg,https://fishpix.kahaku.go.jp/photos/NR0021/21811AF.jpg,Chaetodontidae,no,exists,126064
Forcipiger flavissimus,21812,21812AF.jpg,Forcipiger_flavissimus_FishPix_21812.jpg,https://fishpix.kahaku.go.jp/photos/NR0021/21812AF.jpg,Chaetodontidae,no,exists,175537
Heniochus intermedius,21832,21832AF.jpg,Heniochus_intermedius_FishPix_21832.jpg,https://fishpix.kahaku.go.jp/photos/NR0021/21832AF.jpg,Chaetodontidae,no,exists,141990
Chaetodon austriacus,21833,21833AF.jpg,Chaetodon_austriacus_FishPix_21833.jpg,https://fishpix.kahaku.go.jp/photos/NR0021/21833AF.jpg,Chaetodontidae,no,exists,113903
Chaetodon paucifasciatus,21834,21834AF.jpg,Chaetodon_paucifasciatus_FishPix_21834.jpg,https://fishpix.kahaku.go.jp/photos/NR0021/21834AF.jpg,Chaetodontidae,no,exists,147210
Chaetodon semilarvatus,21835,21835AF.jpg,Chaetodon_semilarvatus_FishPix_21835.jpg,https://fishpix.kahaku.go.jp/photos/NR0021/21835AF.jpg,Chaetodontidae,no,exists,131797
Chaetodon fasciatus,21836,21836AF.jpg,Chaetodon_fasciatus_FishPix_21836.jpg,https://fishpix.kahaku.go.jp/photos/NR0021/21836AF.jpg,Chaetodontidae,no,exists,93136
Coradion melanopus,21897,21897AF.jpg,Coradion_melanopus_FishPix_21897.jpg,https://fishpix.kahaku.go.jp/photos/NR0021/21897AF.jpg,Chaetodontidae,no,exists,116020
Chaetodon xanthurus,22015,22015AF.jpg,Chaetodon_xanthurus_FishPix_22015.jpg,https://fishpix.kahaku.go.jp/photos/NR0022/22015AF.jpg,Chaetodontidae,no,exists,83182
Chaetodon paucifasciatus,22038,22038AF.jpg,Chaetodon_paucifasciatus_FishPix_22038.jpg,https://fishpix.kahaku.go.jp/photos/NR0022/22038AF.jpg,Chaetodontidae,no,exists,95802
Chaetodon semilarvatus,22039,22039AF.jpg,Chaetodon_semilarvatus_FishPix_22039.jpg,https://fishpix.kahaku.go.jp/photos/NR0022/22039AF.jpg,Chaetodontidae,no,exists,106480
Chaetodon citrinellus,22138,22138AF.jpg,Chaetodon_citrinellus_FishPix_22138.jpg,https://fishpix.kahaku.go.jp/photos/NR0022/22138AF.jpg,Chaetodontidae,no,exists,127804
Chaetodon citrinellus,22139,22139AF.jpg,Chaetodon_citrinellus_FishPix_22139.jpg,https://fishpix.kahaku.go.jp/photos/NR0022/22139AF.jpg,Chaetodontidae,no,exists,102113
Chaetodon auriga,22140,22140AF.jpg,Chaetodon_auriga_FishPix_22140.jpg,https://fishpix.kahaku.go.jp/photos/NR0022/22140AF.jpg,Chaetodontidae,no,exists,57563
Chaetodon auriga,22141,22141AF.jpg,Chaetodon_auriga_FishPix_22141.jpg,https://fishpix.kahaku.go.jp/photos/NR0022/22141AF.jpg,Chaetodontidae,no,exists,112770
Chaetodon auriga,22142,22142AF.jpg,Chaetodon_auriga_FishPix_22142.jpg,https://fishpix.kahaku.go.jp/photos/NR0022/22142AF.jpg,Chaetodontidae,no,exists,106371
Chaetodon auriga,22143,22143AF.jpg,Chaetodon_auriga_FishPix_22143.jpg,https://fishpix.kahaku.go.jp/photos/NR0022/22143AF.jpg,Chaetodontidae,no,exists,86438
Chaetodon auriga,22144,22144AF.jpg,Chaetodon_auriga_FishPix_22144.jpg,https://fishpix.kahaku.go.jp/photos/NR0022/22144AF.jpg,Chaetodontidae,no,exists,87420
Roa modesta,22145,22145AF.jpg,Roa_modesta_FishPix_22145.jpg,https://fishpix.kahaku.go.jp/photos/NR0022/22145AF.jpg,Chaetodontidae,no,exists,101626
Chaetodon plebeius,22146,22146AF.jpg,Chaetodon_plebeius_FishPix_22146.jpg,https://fishpix.kahaku.go.jp/photos/NR0022/22146AF.jpg,Chaetodontidae,no,exists,100497
Coradion altivelis,22147,22147AF.jpg,Coradion_altivelis_FishPix_22147.jpg,https://fishpix.kahaku.go.jp/photos/NR0022/22147AF.jpg,Chaetodontidae,no,exists,81653
Coradion altivelis,22148,22148AF.jpg,Coradion_altivelis_FishPix_22148.jpg,https://fishpix.kahaku.go.jp/photos/NR0022/22148AF.jpg,Chaetodontidae,no,exists,119058
Chaetodon daedalma,22149,22149AF.jpg,Chaetodon_daedalma_FishPix_22149.jpg,https://fishpix.kahaku.go.jp/photos/NR0022/22149AF.jpg,Chaetodontidae,no,exists,156159
Chaetodon kleinii,22150,22150AF.jpg,Chaetodon_kleinii_FishPix_22150.jpg,https://fishpix.kahaku.go.jp/photos/NR0022/22150AF.jpg,Chaetodontidae,no,exists,96733
Chaetodon kleinii,22151,22151AF.jpg,Chaetodon_kleinii_FishPix_22151.jpg,https://fishpix.kahaku.go.jp/photos/NR0022/22151AF.jpg,Chaetodontidae,no,exists,134932
Chaetodon unimaculatus,22152,22152AF.jpg,Chaetodon_unimaculatus_FishPix_22152.jpg,https://fishpix.kahaku.go.jp/photos/NR0022/22152AF.jpg,Chaetodontidae,no,exists,100907
Chaetodon selene,22153,22153AF.jpg,Chaetodon_selene_FishPix_22153.jpg,https://fishpix.kahaku.go.jp/photos/NR0022/22153AF.jpg,Chaetodontidae,no,exists,125819
Chaetodon lunula,22154,22154AF.jpg,Chaetodon_lunula_FishPix_22154.jpg,https://fishpix.kahaku.go.jp/photos/NR0022/22154AF.jpg,Chaetodontidae,no,exists,91605
Chaetodon lunula,22155,22155AF.jpg,Chaetodon_lunula_FishPix_22155.jpg,https://fishpix.kahaku.go.jp/photos/NR0022/22155AF.jpg,Chaetodontidae,no,exists,137642
Chaetodon lineolatus,22156,22156AF.jpg,Chaetodon_lineolatus_FishPix_22156.jpg,https://fishpix.kahaku.go.jp/photos/NR0022/22156AF.jpg,Chaetodontidae,no,exists,155015
Chaetodon auripes,22157,22157AF.jpg,Chaetodon_auripes_FishPix_22157.jpg,https://fishpix.kahaku.go.jp/photos/NR0022/22157AF.jpg,Chaetodontidae,no,exists,138370
Chaetodon auripes,22158,22158AF.jpg,Chaetodon_auripes_FishPix_22158.jpg,https://fishpix.kahaku.go.jp/photos/NR0022/22158AF.jpg,Chaetodontidae,no,exists,96990
Chaetodon punctatofasciatus,22159,22159AF.jpg,Chaetodon_punctatofasciatus_FishPix_22159.jpg,https://fishpix.kahaku.go.jp/photos/NR0022/22159AF.jpg,Chaetodontidae,no,exists,112560
Heniochus chrysostomus,22160,22160AF.jpg,Heniochus_chrysostomus_FishPix_22160.jpg,https://fishpix.kahaku.go.jp/photos/NR0022/22160AF.jpg,Chaetodontidae,no,exists,102228
Heniochus monoceros,22161,22161AF.jpg,Heniochus_monoceros_FishPix_22161.jpg,https://fishpix.kahaku.go.jp/photos/NR0022/22161AF.jpg,Chaetodontidae,no,exists,109292
Heniochus diphreutes,22162,22162AF.jpg,Heniochus_diphreutes_FishPix_22162.jpg,https://fishpix.kahaku.go.jp/photos/NR0022/22162AF.jpg,Chaetodontidae,no,exists,77679
Heniochus diphreutes,22163,22163AF.jpg,Heniochus_diphreutes_FishPix_22163.jpg,https://fishpix.kahaku.go.jp/photos/NR0022/22163AF.jpg,Chaetodontidae,no,exists,104011
Heniochus diphreutes,22164,22164AF.jpg,Heniochus_diphreutes_FishPix_22164.jpg,https://fishpix.kahaku.go.jp/photos/NR0022/22164AF.jpg,Chaetodontidae,no,exists,98738
Heniochus diphreutes,22165,22165AF.jpg,Heniochus_diphreutes_FishPix_22165.jpg,https://fishpix.kahaku.go.jp/photos/NR0022/22165AF.jpg,Chaetodontidae,no,exists,66437
Chaetodon ulietensis,22166,22166AF.jpg,Chaetodon_ulietensis_FishPix_22166.jpg,https://fishpix.kahaku.go.jp/photos/NR0022/22166AF.jpg,Chaetodontidae,no,exists,64146
Chaetodon mertensii,22167,22167AF.jpg,Chaetodon_mertensii_FishPix_22167.jpg,https://fishpix.kahaku.go.jp/photos/NR0022/22167AF.jpg,Chaetodontidae,no,exists,125529
Chaetodon baronessa,22168,22168AF.jpg,Chaetodon_baronessa_FishPix_22168.jpg,https://fishpix.kahaku.go.jp/photos/NR0022/22168AF.jpg,Chaetodontidae,no,exists,111675
Chaetodon oxycephalus,22169,22169AF.jpg,Chaetodon_oxycephalus_FishPix_22169.jpg,https://fishpix.kahaku.go.jp/photos/NR0022/22169AF.jpg,Chaetodontidae,yes,exists,85803
Chaetodon melannotus,22170,22170AF.jpg,Chaetodon_melannotus_FishPix_22170.jpg,https://fishpix.kahaku.go.jp/photos/NR0022/22170AF.jpg,Chaetodontidae,no,exists,120380
Chaetodon melannotus,22171,22171AF.jpg,Chaetodon_melannotus_FishPix_22171.jpg,https://fishpix.kahaku.go.jp/photos/NR0022/22171AF.jpg,Chaetodontidae,no,exists,150306
Chaetodon argentatus,22172,22172AF.jpg,Chaetodon_argentatus_FishPix_22172.jpg,https://fishpix.kahaku.go.jp/photos/NR0022/22172AF.jpg,Chaetodontidae,no,exists,116916
Chaetodon falcula,22173,22173AF.jpg,Chaetodon_falcula_FishPix_22173.jpg,https://fishpix.kahaku.go.jp/photos/NR0022/22173AF.jpg,Chaetodontidae,yes,exists,91293
Chaetodon trifascialis,22174,22174AF.jpg,Chaetodon_trifascialis_FishPix_22174.jpg,https://fishpix.kahaku.go.jp/photos/NR0022/22174AF.jpg,Chaetodontidae,no,exists,139594
Chaetodon xanthocephalus,22175,22175AF.jpg,Chaetodon_xanthocephalus_FishPix_22175.jpg,https://fishpix.kahaku.go.jp/photos/NR0022/22175AF.jpg,Chaetodontidae,yes,exists,114384
Chaetodon ornatissimus,22176,22176AF.jpg,Chaetodon_ornatissimus_FishPix_22176.jpg,https://fishpix.kahaku.go.jp/photos/NR0022/22176AF.jpg,Chaetodontidae,no,exists,145561
Chaetodon bennetti,22177,22177AF.jpg,Chaetodon_bennetti_FishPix_22177.jpg,https://fishpix.kahaku.go.jp/photos/NR0022/22177AF.jpg,Chaetodontidae,no,exists,71052
Chaetodon bennetti,22178,22178AF.jpg,Chaetodon_bennetti_FishPix_22178.jpg,https://fishpix.kahaku.go.jp/photos/NR0022/22178AF.jpg,Chaetodontidae,no,exists,93323
Forcipiger flavissimus,22179,22179AF.jpg,Forcipiger_flavissimus_FishPix_22179.jpg,https://fishpix.kahaku.go.jp/photos/NR0022/22179AF.jpg,Chaetodontidae,no,exists,107380
Forcipiger flavissimus,22180,22180AF.jpg,Forcipiger_flavissimus_FishPix_22180.jpg,https://fishpix.kahaku.go.jp/photos/NR0022/22180AF.jpg,Chaetodontidae,no,exists,98069
Chaetodon ocellatus,22181,22181AF.jpg,Chaetodon_ocellatus_FishPix_22181.jpg,https://fishpix.kahaku.go.jp/photos/NR0022/22181AF.jpg,Chaetodontidae,yes,exists,108683
Chaetodon capistratus,22182,22182AF.jpg,Chaetodon_capistratus_FishPix_22182.jpg,https://fishpix.kahaku.go.jp/photos/NR0022/22182AF.jpg,Chaetodontidae,no,exists,109707
Heniochus varius,22183,22183AF.jpg,Heniochus_varius_FishPix_22183.jpg,https://fishpix.kahaku.go.jp/photos/NR0022/22183AF.jpg,Chaetodontidae,no,exists,96654
Chaetodon striatus,22184,22184AF.jpg,Chaetodon_striatus_FishPix_22184.jpg,https://fishpix.kahaku.go.jp/photos/NR0022/22184AF.jpg,Chaetodontidae,no,exists,108408
Chaetodon nippon,22185,22185AF.jpg,Chaetodon_nippon_FishPix_22185.jpg,https://fishpix.kahaku.go.jp/photos/NR0022/22185AF.jpg,Chaetodontidae,no,exists,74916
Chaetodon lunulatus,22186,22186AF.jpg,Chaetodon_lunulatus_FishPix_22186.jpg,https://fishpix.kahaku.go.jp/photos/NR0022/22186AF.jpg,Chaetodontidae,no,exists,157742
Chaetodon lunulatus,22187,22187AF.jpg,Chaetodon_lunulatus_FishPix_22187.jpg,https://fishpix.kahaku.go.jp/photos/NR0022/22187AF.jpg,Chaetodontidae,no,exists,117762
Chaetodon lunulatus,22188,22188AF.jpg,Chaetodon_lunulatus_FishPix_22188.jpg,https://fishpix.kahaku.go.jp/photos/NR0022/22188AF.jpg,Chaetodontidae,no,exists,116021
Heniochus chrysostomus,22201,22201AF.jpg,Heniochus_chrysostomus_FishPix_22201.jpg,https://fishpix.kahaku.go.jp/photos/NR0022/22201AF.jpg,Chaetodontidae,no,exists,104967
Chaetodon kleinii,22207,22207AF.jpg,Chaetodon_kleinii_FishPix_22207.jpg,https://fishpix.kahaku.go.jp/photos/NR0022/22207AF.jpg,Chaetodontidae,no,exists,137675
Chaetodon auriga,22311,22311AF.jpg,Chaetodon_auriga_FishPix_22311.jpg,https://fishpix.kahaku.go.jp/photos/NR0022/22311AF.jpg,Chaetodontidae,no,exists,84160
Chaetodon auripes,22312,22312AF.jpg,Chaetodon_auripes_FishPix_22312.jpg,https://fishpix.kahaku.go.jp/photos/NR0022/22312AF.jpg,Chaetodontidae,no,exists,100209
Chaetodon daedalma,22324,22324AF.jpg,Chaetodon_daedalma_FishPix_22324.jpg,https://fishpix.kahaku.go.jp/photos/NR0022/22324AF.jpg,Chaetodontidae,no,exists,202965
Chaetodon auripes,22371,22371AF.jpg,Chaetodon_auripes_FishPix_22371.jpg,https://fishpix.kahaku.go.jp/photos/NR0022/22371AF.jpg,Chaetodontidae,no,exists,82543
Chaetodon citrinellus,22373,22373AF.jpg,Chaetodon_citrinellus_FishPix_22373.jpg,https://fishpix.kahaku.go.jp/photos/NR0022/22373AF.jpg,Chaetodontidae,no,exists,75488
Chaetodon melannotus,22376,22376AF.jpg,Chaetodon_melannotus_FishPix_22376.jpg,https://fishpix.kahaku.go.jp/photos/NR0022/22376AF.jpg,Chaetodontidae,no,exists,84674
Chaetodon nippon,22382,22382AF.jpg,Chaetodon_nippon_FishPix_22382.jpg,https://fishpix.kahaku.go.jp/photos/NR0022/22382AF.jpg,Chaetodontidae,no,exists,90174
Chaetodon auripes,22395,22395AF.jpg,Chaetodon_auripes_FishPix_22395.jpg,https://fishpix.kahaku.go.jp/photos/NR0022/22395AF.jpg,Chaetodontidae,no,exists,59675
Chaetodon nippon,22401,22401AF.jpg,Chaetodon_nippon_FishPix_22401.jpg,https://fishpix.kahaku.go.jp/photos/NR0022/22401AF.jpg,Chaetodontidae,no,exists,101056
Chaetodon nippon,22417,22417AF.jpg,Chaetodon_nippon_FishPix_22417.jpg,https://fishpix.kahaku.go.jp/photos/NR0022/22417AF.jpg,Chaetodontidae,no,exists,92314
Chaetodon nippon,22424,22424AF.jpg,Chaetodon_nippon_FishPix_22424.jpg,https://fishpix.kahaku.go.jp/photos/NR0022/22424AF.jpg,Chaetodontidae,no,exists,83493
Heniochus diphreutes,22442,22442AF.jpg,Heniochus_diphreutes_FishPix_22442.jpg,https://fishpix.kahaku.go.jp/photos/NR0022/22442AF.jpg,Chaetodontidae,no,exists,96422
Chaetodon nippon,22447,22447AF.jpg,Chaetodon_nippon_FishPix_22447.jpg,https://fishpix.kahaku.go.jp/photos/NR0022/22447AF.jpg,Chaetodontidae,no,exists,101905
Heniochus chrysostomus,22517,22517AF.jpg,Heniochus_chrysostomus_FishPix_22517.jpg,https://fishpix.kahaku.go.jp/photos/NR0022/22517AF.jpg,Chaetodontidae,no,exists,114674
Heniochus diphreutes,22564,22564AF.jpg,Heniochus_diphreutes_FishPix_22564.jpg,https://fishpix.kahaku.go.jp/photos/NR0022/22564AF.jpg,Chaetodontidae,no,exists,119304
Chaetodon lunula,22569,22569AF.jpg,Chaetodon_lunula_FishPix_22569.jpg,https://fishpix.kahaku.go.jp/photos/NR0022/22569AF.jpg,Chaetodontidae,no,exists,119777
Heniochus varius,22570,22570AF.jpg,Heniochus_varius_FishPix_22570.jpg,https://fishpix.kahaku.go.jp/photos/NR0022/22570AF.jpg,Chaetodontidae,no,exists,109161
Chaetodon reticulatus,22628,22628AF.jpg,Chaetodon_reticulatus_FishPix_22628.jpg,https://fishpix.kahaku.go.jp/photos/NR0022/22628AF.jpg,Chaetodontidae,no,exists,87972
Chaetodon unimaculatus,22705,22705AF.jpg,Chaetodon_unimaculatus_FishPix_22705.jpg,https://fishpix.kahaku.go.jp/photos/NR0022/22705AF.jpg,Chaetodontidae,no,exists,99626
Chaetodon auripes,22706,22706AF.jpg,Chaetodon_auripes_FishPix_22706.jpg,https://fishpix.kahaku.go.jp/photos/NR0022/22706AF.jpg,Chaetodontidae,no,exists,76336
Chaetodon lunulatus,22707,22707AF.jpg,Chaetodon_lunulatus_FishPix_22707.jpg,https://fishpix.kahaku.go.jp/photos/NR0022/22707AF.jpg,Chaetodontidae,no,exists,145976
Chaetodon trifascialis,22708,22708AF.jpg,Chaetodon_trifascialis_FishPix_22708.jpg,https://fishpix.kahaku.go.jp/photos/NR0022/22708AF.jpg,Chaetodontidae,no,exists,151206
Chaetodon auriga,22709,22709AF.jpg,Chaetodon_auriga_FishPix_22709.jpg,https://fishpix.kahaku.go.jp/photos/NR0022/22709AF.jpg,Chaetodontidae,no,exists,128755
Chaetodon citrinellus,22710,22710AF.jpg,Chaetodon_citrinellus_FishPix_22710.jpg,https://fishpix.kahaku.go.jp/photos/NR0022/22710AF.jpg,Chaetodontidae,no,exists,264260
Chaetodon melannotus,22711,22711AF.jpg,Chaetodon_melannotus_FishPix_22711.jpg,https://fishpix.kahaku.go.jp/photos/NR0022/22711AF.jpg,Chaetodontidae,no,exists,163209
Hemitaurichthys polylepis,22712,22712AF.jpg,Hemitaurichthys_polylepis_FishPix_22712.jpg,https://fishpix.kahaku.go.jp/photos/NR0022/22712AF.jpg,Chaetodontidae,no,exists,57259
Chaetodon punctatofasciatus,22713,22713AF.jpg,Chaetodon_punctatofasciatus_FishPix_22713.jpg,https://fishpix.kahaku.go.jp/photos/NR0022/22713AF.jpg,Chaetodontidae,no,exists,162429
Heniochus chrysostomus,23013,23013AF.jpg,Heniochus_chrysostomus_FishPix_23013.jpg,https://fishpix.kahaku.go.jp/photos/NR0023/23013AF.jpg,Chaetodontidae,no,exists,119818
Heniochus monoceros,23014,23014AF.jpg,Heniochus_monoceros_FishPix_23014.jpg,https://fishpix.kahaku.go.jp/photos/NR0023/23014AF.jpg,Chaetodontidae,no,exists,44453
Heniochus acuminatus,23015,23015AF.jpg,Heniochus_acuminatus_FishPix_23015.jpg,https://fishpix.kahaku.go.jp/photos/NR0023/23015AF.jpg,Chaetodontidae,no,exists,28705
Hemitaurichthys polylepis,23016,23016AF.jpg,Hemitaurichthys_polylepis_FishPix_23016.jpg,https://fishpix.kahaku.go.jp/photos/NR0023/23016AF.jpg,Chaetodontidae,no,exists,48056
Chaetodon trifascialis,23017,23017AF.jpg,Chaetodon_trifascialis_FishPix_23017.jpg,https://fishpix.kahaku.go.jp/photos/NR0023/23017AF.jpg,Chaetodontidae,no,exists,64202
Chaetodon trifascialis,23018,23018AF.jpg,Chaetodon_trifascialis_FishPix_23018.jpg,https://fishpix.kahaku.go.jp/photos/NR0023/23018AF.jpg,Chaetodontidae,no,exists,61474
Chaetodon plebeius,23019,23019AF.jpg,Chaetodon_plebeius_FishPix_23019.jpg,https://fishpix.kahaku.go.jp/photos/NR0023/23019AF.jpg,Chaetodontidae,no,exists,56370
Chaetodon auriga,23020,23020AF.jpg,Chaetodon_auriga_FishPix_23020.jpg,https://fishpix.kahaku.go.jp/photos/NR0023/23020AF.jpg,Chaetodontidae,no,exists,78964
Chaetodon auriga,23021,23021AF.jpg,Chaetodon_auriga_FishPix_23021.jpg,https://fishpix.kahaku.go.jp/photos/NR0023/23021AF.jpg,Chaetodontidae,no,exists,70426
Chaetodon bennetti,23022,23022AF.jpg,Chaetodon_bennetti_FishPix_23022.jpg,https://fishpix.kahaku.go.jp/photos/NR0023/23022AF.jpg,Chaetodontidae,no,exists,60015
Chaetodon ephippium,23023,23023AF.jpg,Chaetodon_ephippium_FishPix_23023.jpg,https://fishpix.kahaku.go.jp/photos/NR0023/23023AF.jpg,Chaetodontidae,no,exists,65601
Chaetodon ephippium,23024,23024AF.jpg,Chaetodon_ephippium_FishPix_23024.jpg,https://fishpix.kahaku.go.jp/photos/NR0023/23024AF.jpg,Chaetodontidae,no,exists,51773
Chaetodon unimaculatus,23025,23025AF.jpg,Chaetodon_unimaculatus_FishPix_23025.jpg,https://fishpix.kahaku.go.jp/photos/NR0023/23025AF.jpg,Chaetodontidae,no,exists,79059
Chaetodon baronessa,23026,23026AF.jpg,Chaetodon_baronessa_FishPix_23026.jpg,https://fishpix.kahaku.go.jp/photos/NR0023/23026AF.jpg,Chaetodontidae,yes,exists,72792
Roa modesta,23027,23027AF.jpg,Roa_modesta_FishPix_23027.jpg,https://fishpix.kahaku.go.jp/photos/NR0023/23027AF.jpg,Chaetodontidae,no,exists,73464
Chaetodon punctatofasciatus,23028,23028AF.jpg,Chaetodon_punctatofasciatus_FishPix_23028.jpg,https://fishpix.kahaku.go.jp/photos/NR0023/23028AF.jpg,Chaetodontidae,no,exists,69912
Chaetodon argentatus,23029,23029AF.jpg,Chaetodon_argentatus_FishPix_23029.jpg,https://fishpix.kahaku.go.jp/photos/NR0023/23029AF.jpg,Chaetodontidae,no,exists,68432
Chaetodon vagabundus,23030,23030AF.jpg,Chaetodon_vagabundus_FishPix_23030.jpg,https://fishpix.kahaku.go.jp/photos/NR0023/23030AF.jpg,Chaetodontidae,no,exists,78304
Chaetodon lunulatus,23031,23031AF.jpg,Chaetodon_lunulatus_FishPix_23031.jpg,https://fishpix.kahaku.go.jp/photos/NR0023/23031AF.jpg,Chaetodontidae,no,exists,68400
Chaetodon lunulatus,23032,23032AF.jpg,Chaetodon_lunulatus_FishPix_23032.jpg,https://fishpix.kahaku.go.jp/photos/NR0023/23032AF.jpg,Chaetodontidae,no,exists,75787
Chaetodon lineolatus,23033,23033AF.jpg,Chaetodon_lineolatus_FishPix_23033.jpg,https://fishpix.kahaku.go.jp/photos/NR0023/23033AF.jpg,Chaetodontidae,no,exists,67737
Chaetodon ornatissimus,23034,23034AF.jpg,Chaetodon_ornatissimus_FishPix_23034.jpg,https://fishpix.kahaku.go.jp/photos/NR0023/23034AF.jpg,Chaetodontidae,no,exists,70510
Chaetodon meyeri,23035,23035AF.jpg,Chaetodon_meyeri_FishPix_23035.jpg,https://fishpix.kahaku.go.jp/photos/NR0023/23035AF.jpg,Chaetodontidae,no,exists,112005
Chaetodon melannotus,23036,23036AF.jpg,Chaetodon_melannotus_FishPix_23036.jpg,https://fishpix.kahaku.go.jp/photos/NR0023/23036AF.jpg,Chaetodontidae,no,exists,69861
Chaetodon rafflesii,23037,23037AF.jpg,Chaetodon_rafflesii_FishPix_23037.jpg,https://fishpix.kahaku.go.jp/photos/NR0023/23037AF.jpg,Chaetodontidae,no,exists,106383
Chaetodon auripes,23038,23038AF.jpg,Chaetodon_auripes_FishPix_23038.jpg,https://fishpix.kahaku.go.jp/photos/NR0023/23038AF.jpg,Chaetodontidae,no,exists,66635
Chaetodon auripes,23039,23039AF.jpg,Chaetodon_auripes_FishPix_23039.jpg,https://fishpix.kahaku.go.jp/photos/NR0023/23039AF.jpg,Chaetodontidae,no,exists,54339
Chaetodon auripes,23040,23040AF.jpg,Chaetodon_auripes_FishPix_23040.jpg,https://fishpix.kahaku.go.jp/photos/NR0023/23040AF.jpg,Chaetodontidae,no,exists,122550
Chaetodon auripes,23041,23041AF.jpg,Chaetodon_auripes_FishPix_23041.jpg,https://fishpix.kahaku.go.jp/photos/NR0023/23041AF.jpg,Chaetodontidae,no,exists,122133
Chaetodon kleinii,23042,23042AF.jpg,Chaetodon_kleinii_FishPix_23042.jpg,https://fishpix.kahaku.go.jp/photos/NR0023/23042AF.jpg,Chaetodontidae,no,exists,54345
Chaetodon kleinii,23043,23043AF.jpg,Chaetodon_kleinii_FishPix_23043.jpg,https://fishpix.kahaku.go.jp/photos/NR0023/23043AF.jpg,Chaetodontidae,no,exists,87582
Chaetodon mertensii,23044,23044AF.jpg,Chaetodon_mertensii_FishPix_23044.jpg,https://fishpix.kahaku.go.jp/photos/NR0023/23044AF.jpg,Chaetodontidae,no,exists,82868
Chaetodon citrinellus,23045,23045AF.jpg,Chaetodon_citrinellus_FishPix_23045.jpg,https://fishpix.kahaku.go.jp/photos/NR0023/23045AF.jpg,Chaetodontidae,no,exists,110178
Chaetodon adiergastos,23046,23046AF.jpg,Chaetodon_adiergastos_FishPix_23046.jpg,https://fishpix.kahaku.go.jp/photos/NR0023/23046AF.jpg,Chaetodontidae,no,exists,101318
Chaetodon nippon,23047,23047AF.jpg,Chaetodon_nippon_FishPix_23047.jpg,https://fishpix.kahaku.go.jp/photos/NR0023/23047AF.jpg,Chaetodontidae,no,exists,34278
Chaetodon daedalma,23048,23048AF.jpg,Chaetodon_daedalma_FishPix_23048.jpg,https://fishpix.kahaku.go.jp/photos/NR0023/23048AF.jpg,Chaetodontidae,no,exists,63703
Chaetodon vagabundus,23049,23049AF.jpg,Chaetodon_vagabundus_FishPix_23049.jpg,https://fishpix.kahaku.go.jp/photos/NR0023/23049AF.jpg,Chaetodontidae,no,exists,110343
Chaetodon auriga,23515,23515AF.jpg,Chaetodon_auriga_FishPix_23515.jpg,https://fishpix.kahaku.go.jp/photos/NR0023/23515AF.jpg,Chaetodontidae,no,exists,86597
Chaetodon vagabundus,23572,23572AF.jpg,Chaetodon_vagabundus_FishPix_23572.jpg,https://fishpix.kahaku.go.jp/photos/NR0023/23572AF.jpg,Chaetodontidae,no,exists,83865
Chaetodon speculum,23573,23573AF.jpg,Chaetodon_speculum_FishPix_23573.jpg,https://fishpix.kahaku.go.jp/photos/NR0023/23573AF.jpg,Chaetodontidae,no,exists,99536
Heniochus monoceros,23574,23574AF.jpg,Heniochus_monoceros_FishPix_23574.jpg,https://fishpix.kahaku.go.jp/photos/NR0023/23574AF.jpg,Chaetodontidae,no,exists,100377
Chaetodon speculum,23575,23575AF.jpg,Chaetodon_speculum_FishPix_23575.jpg,https://fishpix.kahaku.go.jp/photos/NR0023/23575AF.jpg,Chaetodontidae,no,exists,119676
Chaetodon kleinii,23783,23783AF.jpg,Chaetodon_kleinii_FishPix_23783.jpg,https://fishpix.kahaku.go.jp/photos/NR0023/23783AF.jpg,Chaetodontidae,no,exists,64664
Chaetodon ephippium,23784,23784AF.jpg,Chaetodon_ephippium_FishPix_23784.jpg,https://fishpix.kahaku.go.jp/photos/NR0023/23784AF.jpg,Chaetodontidae,no,exists,73408
Chaetodon lunula,23785,23785AF.jpg,Chaetodon_lunula_FishPix_23785.jpg,https://fishpix.kahaku.go.jp/photos/NR0023/23785AF.jpg,Chaetodontidae,no,exists,51675
Chaetodon trifascialis,23806,23806AF.jpg,Chaetodon_trifascialis_FishPix_23806.jpg,https://fishpix.kahaku.go.jp/photos/NR0023/23806AF.jpg,Chaetodontidae,no,exists,69674
Chaetodon daedalma,23904,23904AF.jpg,Chaetodon_daedalma_FishPix_23904.jpg,https://fishpix.kahaku.go.jp/photos/NR0023/23904AF.jpg,Chaetodontidae,no,exists,130382
Heniochus monoceros,23919,23919AF.jpg,Heniochus_monoceros_FishPix_23919.jpg,https://fishpix.kahaku.go.jp/photos/NR0023/23919AF.jpg,Chaetodontidae,no,exists,167751
Chaetodon wiebeli,23969,23969AF.jpg,Chaetodon_wiebeli_FishPix_23969.jpg,https://fishpix.kahaku.go.jp/photos/NR0023/23969AF.jpg,Chaetodontidae,no,exists,76943
Chaetodon auripes,23998,23998AF.jpg,Chaetodon_auripes_FishPix_23998.jpg,https://fishpix.kahaku.go.jp/photos/NR0023/23998AF.jpg,Chaetodontidae,no,exists,74712
Chaetodon lunula,24030,24030AF.jpg,Chaetodon_lunula_FishPix_24030.jpg,https://fishpix.kahaku.go.jp/photos/NR0024/24030AF.jpg,Chaetodontidae,no,exists,67287
Chaetodon auriga,24036,24036AF.jpg,Chaetodon_auriga_FishPix_24036.jpg,https://fishpix.kahaku.go.jp/photos/NR0024/24036AF.jpg,Chaetodontidae,no,exists,44289
Chaetodon auriga,24037,24037AF.jpg,Chaetodon_auriga_FishPix_24037.jpg,https://fishpix.kahaku.go.jp/photos/NR0024/24037AF.jpg,Chaetodontidae,no,exists,70956
Forcipiger flavissimus,24040,24040AF.jpg,Forcipiger_flavissimus_FishPix_24040.jpg,https://fishpix.kahaku.go.jp/photos/NR0024/24040AF.jpg,Chaetodontidae,no,exists,70649
Chaetodon auriga,24067,24067AF.jpg,Chaetodon_auriga_FishPix_24067.jpg,https://fishpix.kahaku.go.jp/photos/NR0024/24067AF.jpg,Chaetodontidae,no,exists,77798
Heniochus acuminatus,24069,24069AF.jpg,Heniochus_acuminatus_FishPix_24069.jpg,https://fishpix.kahaku.go.jp/photos/NR0024/24069AF.jpg,Chaetodontidae,no,exists,78379
Chaetodon auripes,24070,24070AF.jpg,Chaetodon_auripes_FishPix_24070.jpg,https://fishpix.kahaku.go.jp/photos/NR0024/24070AF.jpg,Chaetodontidae,no,exists,77675
Chaetodon auripes,24077,24077AF.jpg,Chaetodon_auripes_FishPix_24077.jpg,https://fishpix.kahaku.go.jp/photos/NR0024/24077AF.jpg,Chaetodontidae,no,exists,91066
Chelmon rostratus,24205,24205AF.jpg,Chelmon_rostratus_FishPix_24205.jpg,https://fishpix.kahaku.go.jp/photos/NR0024/24205AF.jpg,Chaetodontidae,no,exists,144191
Parachaetodon ocellatus,24206,24206AF.jpg,Parachaetodon_ocellatus_FishPix_24206.jpg,https://fishpix.kahaku.go.jp/photos/NR0024/24206AF.jpg,Chaetodontidae,no,exists,115312
Chaetodon melannotus,24359,24359AF.jpg,Chaetodon_melannotus_FishPix_24359.jpg,https://fishpix.kahaku.go.jp/photos/NR0024/24359AF.jpg,Chaetodontidae,no,exists,81894
Chaetodon daedalma,24362,24362AF.jpg,Chaetodon_daedalma_FishPix_24362.jpg,https://fishpix.kahaku.go.jp/photos/NR0024/24362AF.jpg,Chaetodontidae,no,exists,108272
Heniochus diphreutes,24401,24401AF.jpg,Heniochus_diphreutes_FishPix_24401.jpg,https://fishpix.kahaku.go.jp/photos/NR0024/24401AF.jpg,Chaetodontidae,no,exists,64258
Heniochus diphreutes,24402,24402AF.jpg,Heniochus_diphreutes_FishPix_24402.jpg,https://fishpix.kahaku.go.jp/photos/NR0024/24402AF.jpg,Chaetodontidae,no,exists,55073
Heniochus diphreutes,24403,24403AF.jpg,Heniochus_diphreutes_FishPix_24403.jpg,https://fishpix.kahaku.go.jp/photos/NR0024/24403AF.jpg,Chaetodontidae,no,exists,75126
Roa modesta,24422,24422AF.jpg,Roa_modesta_FishPix_24422.jpg,https://fishpix.kahaku.go.jp/photos/NR0024/24422AF.jpg,Chaetodontidae,no,exists,96936
Chaetodon auripes,24812,24812AF.jpg,Chaetodon_auripes_FishPix_24812.jpg,https://fishpix.kahaku.go.jp/photos/NR0024/24812AF.jpg,Chaetodontidae,no,exists,161503
Chaetodon auripes,24813,24813AF.jpg,Chaetodon_auripes_FishPix_24813.jpg,https://fishpix.kahaku.go.jp/photos/NR0024/24813AF.jpg,Chaetodontidae,no,exists,188090
Chaetodon auripes,24814,24814AF.jpg,Chaetodon_auripes_FishPix_24814.jpg,https://fishpix.kahaku.go.jp/photos/NR0024/24814AF.jpg,Chaetodontidae,no,exists,209406
Chaetodon nippon,24815,24815AF.jpg,Chaetodon_nippon_FishPix_24815.jpg,https://fishpix.kahaku.go.jp/photos/NR0024/24815AF.jpg,Chaetodontidae,no,exists,151155
Chaetodon nippon,24816,24816AF.jpg,Chaetodon_nippon_FishPix_24816.jpg,https://fishpix.kahaku.go.jp/photos/NR0024/24816AF.jpg,Chaetodontidae,no,exists,126016
Chaetodon nippon,24817,24817AF.jpg,Chaetodon_nippon_FishPix_24817.jpg,https://fishpix.kahaku.go.jp/photos/NR0024/24817AF.jpg,Chaetodontidae,no,exists,171330
Chaetodon nippon,24818,24818AF.jpg,Chaetodon_nippon_FishPix_24818.jpg,https://fishpix.kahaku.go.jp/photos/NR0024/24818AF.jpg,Chaetodontidae,no,exists,227723
Chaetodon nippon,24819,24819AF.jpg,Chaetodon_nippon_FishPix_24819.jpg,https://fishpix.kahaku.go.jp/photos/NR0024/24819AF.jpg,Chaetodontidae,no,exists,111823
Roa modesta,24822,24822AF.jpg,Roa_modesta_FishPix_24822.jpg,https://fishpix.kahaku.go.jp/photos/NR0024/24822AF.jpg,Chaetodontidae,no,exists,137084
Coradion altivelis,24823,24823AF.jpg,Coradion_altivelis_FishPix_24823.jpg,https://fishpix.kahaku.go.jp/photos/NR0024/24823AF.jpg,Chaetodontidae,no,exists,174384
Forcipiger flavissimus,24824,24824AF.jpg,Forcipiger_flavissimus_FishPix_24824.jpg,https://fishpix.kahaku.go.jp/photos/NR0024/24824AF.jpg,Chaetodontidae,no,exists,153613
Forcipiger flavissimus,24825,24825AF.jpg,Forcipiger_flavissimus_FishPix_24825.jpg,https://fishpix.kahaku.go.jp/photos/NR0024/24825AF.jpg,Chaetodontidae,no,exists,102547
Chaetodon kleinii,24826,24826AF.jpg,Chaetodon_kleinii_FishPix_24826.jpg,https://fishpix.kahaku.go.jp/photos/NR0024/24826AF.jpg,Chaetodontidae,no,exists,125834
Chaetodon kleinii,24827,24827AF.jpg,Chaetodon_kleinii_FishPix_24827.jpg,https://fishpix.kahaku.go.jp/photos/NR0024/24827AF.jpg,Chaetodontidae,no,exists,104005
Chaetodon vagabundus,24828,24828AF.jpg,Chaetodon_vagabundus_FishPix_24828.jpg,https://fishpix.kahaku.go.jp/photos/NR0024/24828AF.jpg,Chaetodontidae,no,exists,168875
Chaetodon guentheri,24829,24829AF.jpg,Chaetodon_guentheri_FishPix_24829.jpg,https://fishpix.kahaku.go.jp/photos/NR0024/24829AF.jpg,Chaetodontidae,no,exists,192275
Heniochus acuminatus,24830,24830AF.jpg,Heniochus_acuminatus_FishPix_24830.jpg,https://fishpix.kahaku.go.jp/photos/NR0024/24830AF.jpg,Chaetodontidae,no,exists,95535
Heniochus diphreutes,24831,24831AF.jpg,Heniochus_diphreutes_FishPix_24831.jpg,https://fishpix.kahaku.go.jp/photos/NR0024/24831AF.jpg,Chaetodontidae,no,exists,72925
Heniochus diphreutes,24832,24832AF.jpg,Heniochus_diphreutes_FishPix_24832.jpg,https://fishpix.kahaku.go.jp/photos/NR0024/24832AF.jpg,Chaetodontidae,no,exists,96735
Heniochus diphreutes,24833,24833AF.jpg,Heniochus_diphreutes_FishPix_24833.jpg,https://fishpix.kahaku.go.jp/photos/NR0024/24833AF.jpg,Chaetodontidae,no,exists,158922
Heniochus diphreutes,24834,24834AF.jpg,Heniochus_diphreutes_FishPix_24834.jpg,https://fishpix.kahaku.go.jp/photos/NR0024/24834AF.jpg,Chaetodontidae,no,exists,91203
Heniochus diphreutes,24835,24835AF.jpg,Heniochus_diphreutes_FishPix_24835.jpg,https://fishpix.kahaku.go.jp/photos/NR0024/24835AF.jpg,Chaetodontidae,no,exists,96362
Heniochus diphreutes,24836,24836AF.jpg,Heniochus_diphreutes_FishPix_24836.jpg,https://fishpix.kahaku.go.jp/photos/NR0024/24836AF.jpg,Chaetodontidae,no,exists,125766
Heniochus diphreutes,24837,24837AF.jpg,Heniochus_diphreutes_FishPix_24837.jpg,https://fishpix.kahaku.go.jp/photos/NR0024/24837AF.jpg,Chaetodontidae,no,exists,148175
Heniochus acuminatus,24838,24838AF.jpg,Heniochus_acuminatus_FishPix_24838.jpg,https://fishpix.kahaku.go.jp/photos/NR0024/24838AF.jpg,Chaetodontidae,no,exists,152583
Heniochus diphreutes,24839,24839AF.jpg,Heniochus_diphreutes_FishPix_24839.jpg,https://fishpix.kahaku.go.jp/photos/NR0024/24839AF.jpg,Chaetodontidae,no,exists,103663
Heniochus diphreutes,24840,24840AF.jpg,Heniochus_diphreutes_FishPix_24840.jpg,https://fishpix.kahaku.go.jp/photos/NR0024/24840AF.jpg,Chaetodontidae,no,exists,132229
Heniochus diphreutes,24841,24841AF.jpg,Heniochus_diphreutes_FishPix_24841.jpg,https://fishpix.kahaku.go.jp/photos/NR0024/24841AF.jpg,Chaetodontidae,no,exists,106509
Heniochus diphreutes,24842,24842AF.jpg,Heniochus_diphreutes_FishPix_24842.jpg,https://fishpix.kahaku.go.jp/photos/NR0024/24842AF.jpg,Chaetodontidae,no,exists,137200
Heniochus diphreutes,24843,24843AF.jpg,Heniochus_diphreutes_FishPix_24843.jpg,https://fishpix.kahaku.go.jp/photos/NR0024/24843AF.jpg,Chaetodontidae,no,exists,131510
Heniochus diphreutes,25278,25278AF.jpg,Heniochus_diphreutes_FishPix_25278.jpg,https://fishpix.kahaku.go.jp/photos/NR0025/25278AF.jpg,Chaetodontidae,no,exists,264265
Chaetodon auripes,25282,25282AF.jpg,Chaetodon_auripes_FishPix_25282.jpg,https://fishpix.kahaku.go.jp/photos/NR0025/25282AF.jpg,Chaetodontidae,no,exists,231458
Chaetodon nippon,25285,25285AF.jpg,Chaetodon_nippon_FishPix_25285.jpg,https://fishpix.kahaku.go.jp/photos/NR0025/25285AF.jpg,Chaetodontidae,no,exists,237489
Heniochus diphreutes,25326,25326AF.jpg,Heniochus_diphreutes_FishPix_25326.jpg,https://fishpix.kahaku.go.jp/photos/NR0025/25326AF.jpg,Chaetodontidae,no,exists,154111
Heniochus diphreutes,25350,25350AF.jpg,Heniochus_diphreutes_FishPix_25350.jpg,https://fishpix.kahaku.go.jp/photos/NR0025/25350AF.jpg,Chaetodontidae,no,exists,141888
Chaetodon nippon,25385,25385AF.jpg,Chaetodon_nippon_FishPix_25385.jpg,https://fishpix.kahaku.go.jp/photos/NR0025/25385AF.jpg,Chaetodontidae,no,exists,103947
Heniochus diphreutes,25394,25394AF.jpg,Heniochus_diphreutes_FishPix_25394.jpg,https://fishpix.kahaku.go.jp/photos/NR0025/25394AF.jpg,Chaetodontidae,no,exists,58351
Heniochus chrysostomus,25450,25450AF.jpg,Heniochus_chrysostomus_FishPix_25450.jpg,https://fishpix.kahaku.go.jp/photos/NR0025/25450AF.jpg,Chaetodontidae,no,exists,98638
Heniochus monoceros,25451,25451AF.jpg,Heniochus_monoceros_FishPix_25451.jpg,https://fishpix.kahaku.go.jp/photos/NR0025/25451AF.jpg,Chaetodontidae,yes,exists,88119
Chaetodon lunulatus,25452,25452AF.jpg,Chaetodon_lunulatus_FishPix_25452.jpg,https://fishpix.kahaku.go.jp/photos/NR0025/25452AF.jpg,Chaetodontidae,no,exists,129948
Chaetodon citrinellus,25819,25819AF.jpg,Chaetodon_citrinellus_FishPix_25819.jpg,https://fishpix.kahaku.go.jp/photos/NR0025/25819AF.jpg,Chaetodontidae,no,exists,106215
Heniochus chrysostomus,25897,25897AF.jpg,Heniochus_chrysostomus_FishPix_25897.jpg,https://fishpix.kahaku.go.jp/photos/NR0025/25897AF.jpg,Chaetodontidae,no,exists,64111
Chaetodon trifascialis,25900,25900AF.jpg,Chaetodon_trifascialis_FishPix_25900.jpg,https://fishpix.kahaku.go.jp/photos/NR0025/25900AF.jpg,Chaetodontidae,no,exists,89779
Chaetodon auripes,25906,25906AF.jpg,Chaetodon_auripes_FishPix_25906.jpg,https://fishpix.kahaku.go.jp/photos/NR0025/25906AF.jpg,Chaetodontidae,no,exists,101551
Chaetodon lunulatus,25909,25909AF.jpg,Chaetodon_lunulatus_FishPix_25909.jpg,https://fishpix.kahaku.go.jp/photos/NR0025/25909AF.jpg,Chaetodontidae,no,exists,100233
Chaetodon speculum,25911,25911AF.jpg,Chaetodon_speculum_FishPix_25911.jpg,https://fishpix.kahaku.go.jp/photos/NR0025/25911AF.jpg,Chaetodontidae,no,exists,79127
Forcipiger flavissimus,25921,25921AF.jpg,Forcipiger_flavissimus_FishPix_25921.jpg,https://fishpix.kahaku.go.jp/photos/NR0025/25921AF.jpg,Chaetodontidae,no,exists,89448
Chaetodon unimaculatus,25924,25924AF.jpg,Chaetodon_unimaculatus_FishPix_25924.jpg,https://fishpix.kahaku.go.jp/photos/NR0025/25924AF.jpg,Chaetodontidae,no,exists,80495
Coradion altivelis,25925,25925AF.jpg,Coradion_altivelis_FishPix_25925.jpg,https://fishpix.kahaku.go.jp/photos/NR0025/25925AF.jpg,Chaetodontidae,no,exists,122333
Chaetodon lineolatus,25989,25989AF.jpg,Chaetodon_lineolatus_FishPix_25989.jpg,https://fishpix.kahaku.go.jp/photos/NR0025/25989AF.jpg,Chaetodontidae,no,exists,87856
Heniochus monoceros,26042,26042AF.jpg,Heniochus_monoceros_FishPix_26042.jpg,https://fishpix.kahaku.go.jp/photos/NR0026/26042AF.jpg,Chaetodontidae,no,exists,88760
Heniochus singularius,26051,26051AF.jpg,Heniochus_singularius_FishPix_26051.jpg,https://fishpix.kahaku.go.jp/photos/NR0026/26051AF.jpg,Chaetodontidae,no,exists,88904
Chaetodon plebeius,26129,26129AF.jpg,Chaetodon_plebeius_FishPix_26129.jpg,https://fishpix.kahaku.go.jp/photos/NR0026/26129AF.jpg,Chaetodontidae,no,exists,83665
Chaetodon melannotus,26141,26141AF.jpg,Chaetodon_melannotus_FishPix_26141.jpg,https://fishpix.kahaku.go.jp/photos/NR0026/26141AF.jpg,Chaetodontidae,no,exists,205286
Chaetodon rafflesii,26142,26142AF.jpg,Chaetodon_rafflesii_FishPix_26142.jpg,https://fishpix.kahaku.go.jp/photos/NR0026/26142AF.jpg,Chaetodontidae,no,exists,168366
Chaetodon xanthurus,26143,26143AF.jpg,Chaetodon_xanthurus_FishPix_26143.jpg,https://fishpix.kahaku.go.jp/photos/NR0026/26143AF.jpg,Chaetodontidae,no,exists,143601
Chaetodon unimaculatus,26144,26144AF.jpg,Chaetodon_unimaculatus_FishPix_26144.jpg,https://fishpix.kahaku.go.jp/photos/NR0026/26144AF.jpg,Chaetodontidae,no,exists,173796
Chaetodon bennetti,26145,26145AF.jpg,Chaetodon_bennetti_FishPix_26145.jpg,https://fishpix.kahaku.go.jp/photos/NR0026/26145AF.jpg,Chaetodontidae,no,exists,167220
Chaetodon meyeri,26146,26146AF.jpg,Chaetodon_meyeri_FishPix_26146.jpg,https://fishpix.kahaku.go.jp/photos/NR0026/26146AF.jpg,Chaetodontidae,no,exists,144010
Forcipiger longirostris,26147,26147AF.jpg,Forcipiger_longirostris_FishPix_26147.jpg,https://fishpix.kahaku.go.jp/photos/NR0026/26147AF.jpg,Chaetodontidae,no,exists,130954
Chaetodon argentatus,26148,26148AF.jpg,Chaetodon_argentatus_FishPix_26148.jpg,https://fishpix.kahaku.go.jp/photos/NR0026/26148AF.jpg,Chaetodontidae,no,exists,112983
Hemitaurichthys polylepis,26149,26149AF.jpg,Hemitaurichthys_polylepis_FishPix_26149.jpg,https://fishpix.kahaku.go.jp/photos/NR0026/26149AF.jpg,Chaetodontidae,no,exists,93007
Chaetodon citrinellus,26150,26150AF.jpg,Chaetodon_citrinellus_FishPix_26150.jpg,https://fishpix.kahaku.go.jp/photos/NR0026/26150AF.jpg,Chaetodontidae,no,exists,147500
Chaetodon punctatofasciatus,26151,26151AF.jpg,Chaetodon_punctatofasciatus_FishPix_26151.jpg,https://fishpix.kahaku.go.jp/photos/NR0026/26151AF.jpg,Chaetodontidae,no,exists,179122
Chaetodon ulietensis,26152,26152AF.jpg,Chaetodon_ulietensis_FishPix_26152.jpg,https://fishpix.kahaku.go.jp/photos/NR0026/26152AF.jpg,Chaetodontidae,no,exists,132960
Chaetodon plebeius,26153,26153AF.jpg,Chaetodon_plebeius_FishPix_26153.jpg,https://fishpix.kahaku.go.jp/photos/NR0026/26153AF.jpg,Chaetodontidae,no,exists,98208
Chaetodon ephippium,26154,26154AF.jpg,Chaetodon_ephippium_FishPix_26154.jpg,https://fishpix.kahaku.go.jp/photos/NR0026/26154AF.jpg,Chaetodontidae,no,exists,86942
Coradion altivelis,26155,26155AF.jpg,Coradion_altivelis_FishPix_26155.jpg,https://fishpix.kahaku.go.jp/photos/NR0026/26155AF.jpg,Chaetodontidae,no,exists,118085
Chaetodon auripes,26156,26156AF.jpg,Chaetodon_auripes_FishPix_26156.jpg,https://fishpix.kahaku.go.jp/photos/NR0026/26156AF.jpg,Chaetodontidae,no,exists,162344
Chaetodon lunula,26157,26157AF.jpg,Chaetodon_lunula_FishPix_26157.jpg,https://fishpix.kahaku.go.jp/photos/NR0026/26157AF.jpg,Chaetodontidae,no,exists,120345
Heniochus varius,26158,26158AF.jpg,Heniochus_varius_FishPix_26158.jpg,https://fishpix.kahaku.go.jp/photos/NR0026/26158AF.jpg,Chaetodontidae,no,exists,137227
Chaetodon auriga,26159,26159AF.jpg,Chaetodon_auriga_FishPix_26159.jpg,https://fishpix.kahaku.go.jp/photos/NR0026/26159AF.jpg,Chaetodontidae,no,exists,141018
Chaetodon speculum,26160,26160AF.jpg,Chaetodon_speculum_FishPix_26160.jpg,https://fishpix.kahaku.go.jp/photos/NR0026/26160AF.jpg,Chaetodontidae,no,exists,117262
Chaetodon lineolatus,26161,26161AF.jpg,Chaetodon_lineolatus_FishPix_26161.jpg,https://fishpix.kahaku.go.jp/photos/NR0026/26161AF.jpg,Chaetodontidae,no,exists,73921
Heniochus acuminatus,26162,26162AF.jpg,Heniochus_acuminatus_FishPix_26162.jpg,https://fishpix.kahaku.go.jp/photos/NR0026/26162AF.jpg,Chaetodontidae,no,exists,178156
Chaetodon ornatissimus,26163,26163AF.jpg,Chaetodon_ornatissimus_FishPix_26163.jpg,https://fishpix.kahaku.go.jp/photos/NR0026/26163AF.jpg,Chaetodontidae,no,exists,206862
Chaetodon vagabundus,26164,26164AF.jpg,Chaetodon_vagabundus_FishPix_26164.jpg,https://fishpix.kahaku.go.jp/photos/NR0026/26164AF.jpg,Chaetodontidae,no,exists,138046
Forcipiger flavissimus,26165,26165AF.jpg,Forcipiger_flavissimus_FishPix_26165.jpg,https://fishpix.kahaku.go.jp/photos/NR0026/26165AF.jpg,Chaetodontidae,no,exists,120087
Chaetodon mertensii,26166,26166AF.jpg,Chaetodon_mertensii_FishPix_26166.jpg,https://fishpix.kahaku.go.jp/photos/NR0026/26166AF.jpg,Chaetodontidae,no,exists,104253
Chaetodon baronessa,26167,26167AF.jpg,Chaetodon_baronessa_FishPix_26167.jpg,https://fishpix.kahaku.go.jp/photos/NR0026/26167AF.jpg,Chaetodontidae,no,exists,170994
Chaetodon lunulatus,26168,26168AF.jpg,Chaetodon_lunulatus_FishPix_26168.jpg,https://fishpix.kahaku.go.jp/photos/NR0026/26168AF.jpg,Chaetodontidae,no,exists,111368
Chaetodon kleinii,26169,26169AF.jpg,Chaetodon_kleinii_FishPix_26169.jpg,https://fishpix.kahaku.go.jp/photos/NR0026/26169AF.jpg,Chaetodontidae,no,exists,196132
Heniochus chrysostomus,26170,26170AF.jpg,Heniochus_chrysostomus_FishPix_26170.jpg,https://fishpix.kahaku.go.jp/photos/NR0026/26170AF.jpg,Chaetodontidae,no,exists,148230
Heniochus diphreutes,26171,26171AF.jpg,Heniochus_diphreutes_FishPix_26171.jpg,https://fishpix.kahaku.go.jp/photos/NR0026/26171AF.jpg,Chaetodontidae,no,exists,108850
Chaetodon trifascialis,26172,26172AF.jpg,Chaetodon_trifascialis_FishPix_26172.jpg,https://fishpix.kahaku.go.jp/photos/NR0026/26172AF.jpg,Chaetodontidae,no,exists,145100
Forcipiger flavissimus,26422,26422AF.jpg,Forcipiger_flavissimus_FishPix_26422.jpg,https://fishpix.kahaku.go.jp/photos/NR0026/26422AF.jpg,Chaetodontidae,no,exists,85377
Chaetodon selene,26453,26453AF.jpg,Chaetodon_selene_FishPix_26453.jpg,https://fishpix.kahaku.go.jp/photos/NR0026/26453AF.jpg,Chaetodontidae,yes,exists,156567
Chaetodon xanthurus,26461,26461AF.jpg,Chaetodon_xanthurus_FishPix_26461.jpg,https://fishpix.kahaku.go.jp/photos/NR0026/26461AF.jpg,Chaetodontidae,no,exists,126530
Chaetodon auripes,26557,26557AF.jpg,Chaetodon_auripes_FishPix_26557.jpg,https://fishpix.kahaku.go.jp/photos/NR0026/26557AF.jpg,Chaetodontidae,no,exists,62475
Chaetodon ulietensis,26584,26584AF.jpg,Chaetodon_ulietensis_FishPix_26584.jpg,https://fishpix.kahaku.go.jp/photos/NR0026/26584AF.jpg,Chaetodontidae,yes,exists,114406
Chaetodon quadrimaculatus,26595,26595AF.jpg,Chaetodon_quadrimaculatus_FishPix_26595.jpg,https://fishpix.kahaku.go.jp/photos/NR0026/26595AF.jpg,Chaetodontidae,yes,exists,105493
Chaetodon ulietensis,26598,26598AF.jpg,Chaetodon_ulietensis_FishPix_26598.jpg,https://fishpix.kahaku.go.jp/photos/NR0026/26598AF.jpg,Chaetodontidae,no,exists,70049
Heniochus chrysostomus,26599,26599AF.jpg,Heniochus_chrysostomus_FishPix_26599.jpg,https://fishpix.kahaku.go.jp/photos/NR0026/26599AF.jpg,Chaetodontidae,no,exists,126590
Heniochus acuminatus,26641,26641AF.jpg,Heniochus_acuminatus_FishPix_26641.jpg,https://fishpix.kahaku.go.jp/photos/NR0026/26641AF.jpg,Chaetodontidae,no,exists,144135
Chaetodon vagabundus,26655,26655AF.jpg,Chaetodon_vagabundus_FishPix_26655.jpg,https://fishpix.kahaku.go.jp/photos/NR0026/26655AF.jpg,Chaetodontidae,no,exists,101704
Chaetodon bennetti,26715,26715AF.jpg,Chaetodon_bennetti_FishPix_26715.jpg,https://fishpix.kahaku.go.jp/photos/NR0026/26715AF.jpg,Chaetodontidae,no,exists,72122
Chaetodon citrinellus,26733,26733AF.jpg,Chaetodon_citrinellus_FishPix_26733.jpg,https://fishpix.kahaku.go.jp/photos/NR0026/26733AF.jpg,Chaetodontidae,no,exists,83910
Heniochus diphreutes,26829,26829AF.jpg,Heniochus_diphreutes_FishPix_26829.jpg,https://fishpix.kahaku.go.jp/photos/NR0026/26829AF.jpg,Chaetodontidae,no,exists,45721
Heniochus diphreutes,26881,26881AF.jpg,Heniochus_diphreutes_FishPix_26881.jpg,https://fishpix.kahaku.go.jp/photos/NR0026/26881AF.jpg,Chaetodontidae,no,exists,54645
Chaetodon nippon,26901,26901AF.jpg,Chaetodon_nippon_FishPix_26901.jpg,https://fishpix.kahaku.go.jp/photos/NR0026/26901AF.jpg,Chaetodontidae,no,exists,77768
Chaetodon nippon,26918,26918AF.jpg,Chaetodon_nippon_FishPix_26918.jpg,https://fishpix.kahaku.go.jp/photos/NR0026/26918AF.jpg,Chaetodontidae,no,exists,90357
Coradion altivelis,27100,27100AF.jpg,Coradion_altivelis_FishPix_27100.jpg,https://fishpix.kahaku.go.jp/photos/NR0027/27100AF.jpg,Chaetodontidae,no,exists,116332
Coradion altivelis,27101,27101AF.jpg,Coradion_altivelis_FishPix_27101.jpg,https://fishpix.kahaku.go.jp/photos/NR0027/27101AF.jpg,Chaetodontidae,no,exists,66978
Coradion altivelis,27102,27102AF.jpg,Coradion_altivelis_FishPix_27102.jpg,https://fishpix.kahaku.go.jp/photos/NR0027/27102AF.jpg,Chaetodontidae,no,exists,84418
Coradion altivelis,27103,27103AF.jpg,Coradion_altivelis_FishPix_27103.jpg,https://fishpix.kahaku.go.jp/photos/NR0027/27103AF.jpg,Chaetodontidae,no,exists,148775
Chaetodon plebeius,27104,27104AF.jpg,Chaetodon_plebeius_FishPix_27104.jpg,https://fishpix.kahaku.go.jp/photos/NR0027/27104AF.jpg,Chaetodontidae,no,exists,89400
Chaetodon trifascialis,27105,27105AF.jpg,Chaetodon_trifascialis_FishPix_27105.jpg,https://fishpix.kahaku.go.jp/photos/NR0027/27105AF.jpg,Chaetodontidae,no,exists,61018
Chaetodon selene,27106,27106AF.jpg,Chaetodon_selene_FishPix_27106.jpg,https://fishpix.kahaku.go.jp/photos/NR0027/27106AF.jpg,Chaetodontidae,no,exists,75806
Chaetodon plebeius,27107,27107AF.jpg,Chaetodon_plebeius_FishPix_27107.jpg,https://fishpix.kahaku.go.jp/photos/NR0027/27107AF.jpg,Chaetodontidae,no,exists,87296
Chaetodon auripes,27108,27108AF.jpg,Chaetodon_auripes_FishPix_27108.jpg,https://fishpix.kahaku.go.jp/photos/NR0027/27108AF.jpg,Chaetodontidae,no,exists,138340
Heniochus acuminatus,27109,27109AF.jpg,Heniochus_acuminatus_FishPix_27109.jpg,https://fishpix.kahaku.go.jp/photos/NR0027/27109AF.jpg,Chaetodontidae,no,exists,133739
Heniochus varius,27110,27110AF.jpg,Heniochus_varius_FishPix_27110.jpg,https://fishpix.kahaku.go.jp/photos/NR0027/27110AF.jpg,Chaetodontidae,no,exists,89190
Forcipiger flavissimus,27111,27111AF.jpg,Forcipiger_flavissimus_FishPix_27111.jpg,https://fishpix.kahaku.go.jp/photos/NR0027/27111AF.jpg,Chaetodontidae,no,exists,114638
Chaetodon xanthurus,27315,27315AF.jpg,Chaetodon_xanthurus_FishPix_27315.jpg,https://fishpix.kahaku.go.jp/photos/NR0027/27315AF.jpg,Chaetodontidae,no,exists,145052
Chaetodon flavirostris,27451,27451AF.jpg,Chaetodon_flavirostris_FishPix_27451.jpg,https://fishpix.kahaku.go.jp/photos/NR0027/27451AF.jpg,Chaetodontidae,no,exists,124221
Chaetodon bennetti,27452,27452AF.jpg,Chaetodon_bennetti_FishPix_27452.jpg,https://fishpix.kahaku.go.jp/photos/NR0027/27452AF.jpg,Chaetodontidae,no,exists,122861
Chaetodon lunulatus,27457,27457AF.jpg,Chaetodon_lunulatus_FishPix_27457.jpg,https://fishpix.kahaku.go.jp/photos/NR0027/27457AF.jpg,Chaetodontidae,no,exists,102055
Chaetodon melannotus,27458,27458AF.jpg,Chaetodon_melannotus_FishPix_27458.jpg,https://fishpix.kahaku.go.jp/photos/NR0027/27458AF.jpg,Chaetodontidae,no,exists,104659
Chaetodon guttatissimus,27479,27479AF.jpg,Chaetodon_guttatissimus_FishPix_27479.jpg,https://fishpix.kahaku.go.jp/photos/NR0027/27479AF.jpg,Chaetodontidae,no,exists,76351
Hemitaurichthys zoster,27480,27480AF.jpg,Hemitaurichthys_zoster_FishPix_27480.jpg,https://fishpix.kahaku.go.jp/photos/NR0027/27480AF.jpg,Chaetodontidae,no,exists,108948
Chaetodon meyeri,27482,27482AF.jpg,Chaetodon_meyeri_FishPix_27482.jpg,https://fishpix.kahaku.go.jp/photos/NR0027/27482AF.jpg,Chaetodontidae,no,exists,107197
Chaetodon speculum,27590,27590AF.jpg,Chaetodon_speculum_FishPix_27590.jpg,https://fishpix.kahaku.go.jp/photos/NR0027/27590AF.jpg,Chaetodontidae,no,exists,66837
Chaetodon ocellicaudus,27591,27591AF.jpg,Chaetodon_ocellicaudus_FishPix_27591.jpg,https://fishpix.kahaku.go.jp/photos/NR0027/27591AF.jpg,Chaetodontidae,no,exists,104612
Heniochus monoceros,27657,27657AF.jpg,Heniochus_monoceros_FishPix_27657.jpg,https://fishpix.kahaku.go.jp/photos/NR0027/27657AF.jpg,Chaetodontidae,no,exists,72775
Chaetodon daedalma,27766,27766AF.jpg,Chaetodon_daedalma_FishPix_27766.jpg,https://fishpix.kahaku.go.jp/photos/NR0027/27766AF.jpg,Chaetodontidae,no,exists,88037
Heniochus diphreutes,27804,27804AF.jpg,Heniochus_diphreutes_FishPix_27804.jpg,https://fishpix.kahaku.go.jp/photos/NR0027/27804AF.jpg,Chaetodontidae,no,exists,58032
Chaetodon nippon,27828,27828AF.jpg,Chaetodon_nippon_FishPix_27828.jpg,https://fishpix.kahaku.go.jp/photos/NR0027/27828AF.jpg,Chaetodontidae,no,exists,139416
Heniochus chrysostomus,27843,27843AF.jpg,Heniochus_chrysostomus_FishPix_27843.jpg,https://fishpix.kahaku.go.jp/photos/NR0027/27843AF.jpg,Chaetodontidae,no,exists,81594
Chaetodon nippon,27869,27869AF.jpg,Chaetodon_nippon_FishPix_27869.jpg,https://fishpix.kahaku.go.jp/photos/NR0027/27869AF.jpg,Chaetodontidae,no,exists,103582
Chaetodon nippon,27875,27875AF.jpg,Chaetodon_nippon_FishPix_27875.jpg,https://fishpix.kahaku.go.jp/photos/NR0027/27875AF.jpg,Chaetodontidae,no,exists,93057
Chaetodon lunulatus,27898,27898AF.jpg,Chaetodon_lunulatus_FishPix_27898.jpg,https://fishpix.kahaku.go.jp/photos/NR0027/27898AF.jpg,Chaetodontidae,no,exists,81062
Chaetodon bennetti,27899,27899AF.jpg,Chaetodon_bennetti_FishPix_27899.jpg,https://fishpix.kahaku.go.jp/photos/NR0027/27899AF.jpg,Chaetodontidae,no,exists,91949
Chaetodon bennetti,27900,27900AF.jpg,Chaetodon_bennetti_FishPix_27900.jpg,https://fishpix.kahaku.go.jp/photos/NR0027/27900AF.jpg,Chaetodontidae,no,exists,78432
Chaetodon bennetti,27901,27901AF.jpg,Chaetodon_bennetti_FishPix_27901.jpg,https://fishpix.kahaku.go.jp/photos/NR0027/27901AF.jpg,Chaetodontidae,no,exists,93154
Chaetodon lunulatus,27902,27902AF.jpg,Chaetodon_lunulatus_FishPix_27902.jpg,https://fishpix.kahaku.go.jp/photos/NR0027/27902AF.jpg,Chaetodontidae,no,exists,84531
Chaetodon auriga,27905,27905AF.jpg,Chaetodon_auriga_FishPix_27905.jpg,https://fishpix.kahaku.go.jp/photos/NR0027/27905AF.jpg,Chaetodontidae,no,exists,97545
Heniochus varius,27910,27910AF.jpg,Heniochus_varius_FishPix_27910.jpg,https://fishpix.kahaku.go.jp/photos/NR0027/27910AF.jpg,Chaetodontidae,no,exists,78332
Chaetodon auriga,27911,27911AF.jpg,Chaetodon_auriga_FishPix_27911.jpg,https://fishpix.kahaku.go.jp/photos/NR0027/27911AF.jpg,Chaetodontidae,no,exists,100292
Chaetodon speculum,27912,27912AF.jpg,Chaetodon_speculum_FishPix_27912.jpg,https://fishpix.kahaku.go.jp/photos/NR0027/27912AF.jpg,Chaetodontidae,no,exists,103900
Chaetodon nippon,28017,28017AF.jpg,Chaetodon_nippon_FishPix_28017.jpg,https://fishpix.kahaku.go.jp/photos/NR0028/28017AF.jpg,Chaetodontidae,no,exists,84838
Chaetodon vagabundus,28090,28090AF.jpg,Chaetodon_vagabundus_FishPix_28090.jpg,https://fishpix.kahaku.go.jp/photos/NR0028/28090AF.jpg,Chaetodontidae,no,exists,80824
Chaetodon lunulatus,28098,28098AF.jpg,Chaetodon_lunulatus_FishPix_28098.jpg,https://fishpix.kahaku.go.jp/photos/NR0028/28098AF.jpg,Chaetodontidae,no,exists,120466
Heniochus monoceros,28105,28105AF.jpg,Heniochus_monoceros_FishPix_28105.jpg,https://fishpix.kahaku.go.jp/photos/NR0028/28105AF.jpg,Chaetodontidae,no,exists,111074
Forcipiger flavissimus,28108,28108AF.jpg,Forcipiger_flavissimus_FishPix_28108.jpg,https://fishpix.kahaku.go.jp/photos/NR0028/28108AF.jpg,Chaetodontidae,no,exists,77303
Chaetodon trifascialis,28112,28112AF.jpg,Chaetodon_trifascialis_FishPix_28112.jpg,https://fishpix.kahaku.go.jp/photos/NR0028/28112AF.jpg,Chaetodontidae,no,exists,166345
Chaetodon argentatus,28117,28117AF.jpg,Chaetodon_argentatus_FishPix_28117.jpg,https://fishpix.kahaku.go.jp/photos/NR0028/28117AF.jpg,Chaetodontidae,no,exists,121239
Heniochus chrysostomus,28126,28126AF.jpg,Heniochus_chrysostomus_FishPix_28126.jpg,https://fishpix.kahaku.go.jp/photos/NR0028/28126AF.jpg,Chaetodontidae,no,exists,163212
Chaetodon unimaculatus,28141,28141AF.jpg,Chaetodon_unimaculatus_FishPix_28141.jpg,https://fishpix.kahaku.go.jp/photos/NR0028/28141AF.jpg,Chaetodontidae,no,exists,122781
Chaetodon citrinellus,28142,28142AF.jpg,Chaetodon_citrinellus_FishPix_28142.jpg,https://fishpix.kahaku.go.jp/photos/NR0028/28142AF.jpg,Chaetodontidae,no,exists,119932
Chaetodon ornatissimus,28145,28145AF.jpg,Chaetodon_ornatissimus_FishPix_28145.jpg,https://fishpix.kahaku.go.jp/photos/NR0028/28145AF.jpg,Chaetodontidae,no,exists,91905
Chaetodon bennetti,28163,28163AF.jpg,Chaetodon_bennetti_FishPix_28163.jpg,https://fishpix.kahaku.go.jp/photos/NR0028/28163AF.jpg,Chaetodontidae,no,exists,124406
Chaetodon pelewensis,28225,28225AF.jpg,Chaetodon_pelewensis_FishPix_28225.jpg,https://fishpix.kahaku.go.jp/photos/NR0028/28225AF.jpg,Chaetodontidae,yes,exists,91584
Chaetodon quadrimaculatus,28275,28275AF.jpg,Chaetodon_quadrimaculatus_FishPix_28275.jpg,https://fishpix.kahaku.go.jp/photos/NR0028/28275AF.jpg,Chaetodontidae,no,exists,74883
Chaetodon lineolatus,28337,28337AF.jpg,Chaetodon_lineolatus_FishPix_28337.jpg,https://fishpix.kahaku.go.jp/photos/NR0028/28337AF.jpg,Chaetodontidae,no,exists,216127
Chaetodon melannotus,28344,28344AF.jpg,Chaetodon_melannotus_FishPix_28344.jpg,https://fishpix.kahaku.go.jp/photos/NR0028/28344AF.jpg,Chaetodontidae,no,exists,242244
Chaetodon reticulatus,28453,28453AF.jpg,Chaetodon_reticulatus_FishPix_28453.jpg,https://fishpix.kahaku.go.jp/photos/NR0028/28453AF.jpg,Chaetodontidae,no,exists,116357
Chaetodon daedalma,28454,28454AF.jpg,Chaetodon_daedalma_FishPix_28454.jpg,https://fishpix.kahaku.go.jp/photos/NR0028/28454AF.jpg,Chaetodontidae,no,exists,177743
Chaetodon adiergastos,28455,28455AF.jpg,Chaetodon_adiergastos_FishPix_28455.jpg,https://fishpix.kahaku.go.jp/photos/NR0028/28455AF.jpg,Chaetodontidae,yes,exists,91432
Chaetodon oxycephalus,28456,28456AF.jpg,Chaetodon_oxycephalus_FishPix_28456.jpg,https://fishpix.kahaku.go.jp/photos/NR0028/28456AF.jpg,Chaetodontidae,no,exists,127750
Chaetodon lunula,28495,28495AF.jpg,Chaetodon_lunula_FishPix_28495.jpg,https://fishpix.kahaku.go.jp/photos/NR0028/28495AF.jpg,Chaetodontidae,no,exists,85965
Chaetodon auriga,28496,28496AF.jpg,Chaetodon_auriga_FishPix_28496.jpg,https://fishpix.kahaku.go.jp/photos/NR0028/28496AF.jpg,Chaetodontidae,no,exists,104044
Roa modesta,28569,28569AF.jpg,Roa_modesta_FishPix_28569.jpg,https://fishpix.kahaku.go.jp/photos/NR0028/28569AF.jpg,Chaetodontidae,no,exists,76968
Heniochus diphreutes,28571,28571AF.jpg,Heniochus_diphreutes_FishPix_28571.jpg,https://fishpix.kahaku.go.jp/photos/NR0028/28571AF.jpg,Chaetodontidae,no,exists,59646
Chaetodon auriga,28572,28572AF.jpg,Chaetodon_auriga_FishPix_28572.jpg,https://fishpix.kahaku.go.jp/photos/NR0028/28572AF.jpg,Chaetodontidae,no,exists,90414
Chaetodon nippon,28585,28585AF.jpg,Chaetodon_nippon_FishPix_28585.jpg,https://fishpix.kahaku.go.jp/photos/NR0028/28585AF.jpg,Chaetodontidae,no,exists,243498
Heniochus chrysostomus,28919,28919AF.jpg,Heniochus_chrysostomus_FishPix_28919.jpg,https://fishpix.kahaku.go.jp/photos/NR0028/28919AF.jpg,Chaetodontidae,no,exists,211776
Heniochus chrysostomus,28921,28921AF.jpg,Heniochus_chrysostomus_FishPix_28921.jpg,https://fishpix.kahaku.go.jp/photos/NR0028/28921AF.jpg,Chaetodontidae,no,exists,226483
Chaetodon vagabundus,28930,28930AF.jpg,Chaetodon_vagabundus_FishPix_28930.jpg,https://fishpix.kahaku.go.jp/photos/NR0028/28930AF.jpg,Chaetodontidae,no,exists,137276
Chaetodon citrinellus,28935,28935AF.jpg,Chaetodon_citrinellus_FishPix_28935.jpg,https://fishpix.kahaku.go.jp/photos/NR0028/28935AF.jpg,Chaetodontidae,no,exists,167739
Roa modesta,28964,28964AF.jpg,Roa_modesta_FishPix_28964.jpg,https://fishpix.kahaku.go.jp/photos/NR0028/28964AF.jpg,Chaetodontidae,no,exists,147979
Chaetodon plebeius,29051,29051AF.jpg,Chaetodon_plebeius_FishPix_29051.jpg,https://fishpix.kahaku.go.jp/photos/NR0029/29051AF.jpg,Chaetodontidae,no,exists,85695
Chaetodon trifascialis,29110,29110AF.jpg,Chaetodon_trifascialis_FishPix_29110.jpg,https://fishpix.kahaku.go.jp/photos/NR0029/29110AF.jpg,Chaetodontidae,no,exists,121404
Heniochus diphreutes,29205,29205AF.jpg,Heniochus_diphreutes_FishPix_29205.jpg,https://fishpix.kahaku.go.jp/photos/NR0029/29205AF.jpg,Chaetodontidae,no,exists,44066
Chaetodon vagabundus,29212,29212AF.jpg,Chaetodon_vagabundus_FishPix_29212.jpg,https://fishpix.kahaku.go.jp/photos/NR0029/29212AF.jpg,Chaetodontidae,no,exists,116222
Heniochus diphreutes,29227,29227AF.jpg,Heniochus_diphreutes_FishPix_29227.jpg,https://fishpix.kahaku.go.jp/photos/NR0029/29227AF.jpg,Chaetodontidae,no,exists,41042
Chaetodon guentheri,29233,29233AF.jpg,Chaetodon_guentheri_FishPix_29233.jpg,https://fishpix.kahaku.go.jp/photos/NR0029/29233AF.jpg,Chaetodontidae,no,exists,59470
Heniochus diphreutes,29241,29241AF.jpg,Heniochus_diphreutes_FishPix_29241.jpg,https://fishpix.kahaku.go.jp/photos/NR0029/29241AF.jpg,Chaetodontidae,no,exists,70693
Heniochus diphreutes,29335,29335AF.jpg,Heniochus_diphreutes_FishPix_29335.jpg,https://fishpix.kahaku.go.jp/photos/NR0029/29335AF.jpg,Chaetodontidae,no,exists,65184
Chaetodon nippon,29371,29371AF.jpg,Chaetodon_nippon_FishPix_29371.jpg,https://fishpix.kahaku.go.jp/photos/NR0029/29371AF.jpg,Chaetodontidae,no,exists,82216
Heniochus diphreutes,29375,29375AF.jpg,Heniochus_diphreutes_FishPix_29375.jpg,https://fishpix.kahaku.go.jp/photos/NR0029/29375AF.jpg,Chaetodontidae,no,exists,78720
Chaetodon guentheri,29387,29387AF.jpg,Chaetodon_guentheri_FishPix_29387.jpg,https://fishpix.kahaku.go.jp/photos/NR0029/29387AF.jpg,Chaetodontidae,no,exists,51570
Coradion altivelis,29388,29388AF.jpg,Coradion_altivelis_FishPix_29388.jpg,https://fishpix.kahaku.go.jp/photos/NR0029/29388AF.jpg,Chaetodontidae,no,exists,55615
Chaetodon nippon,29397,29397AF.jpg,Chaetodon_nippon_FishPix_29397.jpg,https://fishpix.kahaku.go.jp/photos/NR0029/29397AF.jpg,Chaetodontidae,no,exists,55513
Chaetodon auripes,29490,29490AF.jpg,Chaetodon_auripes_FishPix_29490.jpg,https://fishpix.kahaku.go.jp/photos/NR0029/29490AF.jpg,Chaetodontidae,no,exists,57664
Chaetodon vagabundus,29514,29514AF.jpg,Chaetodon_vagabundus_FishPix_29514.jpg,https://fishpix.kahaku.go.jp/photos/NR0029/29514AF.jpg,Chaetodontidae,no,exists,74457
Chaetodon nippon,29546,29546AF.jpg,Chaetodon_nippon_FishPix_29546.jpg,https://fishpix.kahaku.go.jp/photos/NR0029/29546AF.jpg,Chaetodontidae,no,exists,160782
Hemitaurichthys zoster,29615,29615AF.jpg,Hemitaurichthys_zoster_FishPix_29615.jpg,https://fishpix.kahaku.go.jp/photos/NR0029/29615AF.jpg,Chaetodontidae,no,exists,46989
Heniochus monoceros,29624,29624AF.jpg,Heniochus_monoceros_FishPix_29624.jpg,https://fishpix.kahaku.go.jp/photos/NR0029/29624AF.jpg,Chaetodontidae,no,exists,78494
Heniochus pleurotaenia,29629,29629AF.jpg,Heniochus_pleurotaenia_FishPix_29629.jpg,https://fishpix.kahaku.go.jp/photos/NR0029/29629AF.jpg,Chaetodontidae,no,exists,48821
Chaetodon oxycephalus,29635,29635AF.jpg,Chaetodon_oxycephalus_FishPix_29635.jpg,https://fishpix.kahaku.go.jp/photos/NR0029/29635AF.jpg,Chaetodontidae,no,exists,67610
Chaetodon collare,29636,29636AF.jpg,Chaetodon_collare_FishPix_29636.jpg,https://fishpix.kahaku.go.jp/photos/NR0029/29636AF.jpg,Chaetodontidae,no,exists,45980
Chaetodon trifasciatus,29637,29637AF.jpg,Chaetodon_trifasciatus_FishPix_29637.jpg,https://fishpix.kahaku.go.jp/photos/NR0029/29637AF.jpg,Chaetodontidae,no,exists,59477
Chaetodon kleinii,29638,29638AF.jpg,Chaetodon_kleinii_FishPix_29638.jpg,https://fishpix.kahaku.go.jp/photos/NR0029/29638AF.jpg,Chaetodontidae,no,exists,36573
Chaetodon guttatissimus,29641,29641AF.jpg,Chaetodon_guttatissimus_FishPix_29641.jpg,https://fishpix.kahaku.go.jp/photos/NR0029/29641AF.jpg,Chaetodontidae,no,exists,67169
Chaetodon falcula,29644,29644AF.jpg,Chaetodon_falcula_FishPix_29644.jpg,https://fishpix.kahaku.go.jp/photos/NR0029/29644AF.jpg,Chaetodontidae,no,exists,64829
Chaetodon xanthocephalus,29646,29646AF.jpg,Chaetodon_xanthocephalus_FishPix_29646.jpg,https://fishpix.kahaku.go.jp/photos/NR0029/29646AF.jpg,Chaetodontidae,no,exists,73057
Chaetodon xanthocephalus,29647,29647AF.jpg,Chaetodon_xanthocephalus_FishPix_29647.jpg,https://fishpix.kahaku.go.jp/photos/NR0029/29647AF.jpg,Chaetodontidae,no,exists,51994
Chaetodon lunula,29653,29653AF.jpg,Chaetodon_lunula_FishPix_29653.jpg,https://fishpix.kahaku.go.jp/photos/NR0029/29653AF.jpg,Chaetodontidae,no,exists,40662
Chaetodon bennetti,29654,29654AF.jpg,Chaetodon_bennetti_FishPix_29654.jpg,https://fishpix.kahaku.go.jp/photos/NR0029/29654AF.jpg,Chaetodontidae,no,exists,64687
Chaetodon falcula,29697,29697AF.jpg,Chaetodon_falcula_FishPix_29697.jpg,https://fishpix.kahaku.go.jp/photos/NR0029/29697AF.jpg,Chaetodontidae,no,exists,53254
Chaetodon melannotus,29758,29758AF.jpg,Chaetodon_melannotus_FishPix_29758.jpg,https://fishpix.kahaku.go.jp/photos/NR0029/29758AF.jpg,Chaetodontidae,no,exists,67323
Heniochus chrysostomus,30216,30216AF.jpg,Heniochus_chrysostomus_FishPix_30216.jpg,https://fishpix.kahaku.go.jp/photos/NR0030/30216AF.jpg,Chaetodontidae,no,exists,38702
Forcipiger flavissimus,30217,30217AF.jpg,Forcipiger_flavissimus_FishPix_30217.jpg,https://fishpix.kahaku.go.jp/photos/NR0030/30217AF.jpg,Chaetodontidae,no,exists,61217
Coradion altivelis,30218,30218AF.jpg,Coradion_altivelis_FishPix_30218.jpg,https://fishpix.kahaku.go.jp/photos/NR0030/30218AF.jpg,Chaetodontidae,no,exists,74118
Hemitaurichthys polylepis,30219,30219AF.jpg,Hemitaurichthys_polylepis_FishPix_30219.jpg,https://fishpix.kahaku.go.jp/photos/NR0030/30219AF.jpg,Chaetodontidae,no,exists,43974
Chaetodon plebeius,30220,30220AF.jpg,Chaetodon_plebeius_FishPix_30220.jpg,https://fishpix.kahaku.go.jp/photos/NR0030/30220AF.jpg,Chaetodontidae,no,exists,62319
Chaetodon speculum,30221,30221AF.jpg,Chaetodon_speculum_FishPix_30221.jpg,https://fishpix.kahaku.go.jp/photos/NR0030/30221AF.jpg,Chaetodontidae,no,exists,68934
Chaetodon lunula,30222,30222AF.jpg,Chaetodon_lunula_FishPix_30222.jpg,https://fishpix.kahaku.go.jp/photos/NR0030/30222AF.jpg,Chaetodontidae,no,exists,51922
Chaetodon punctatofasciatus,30223,30223AF.jpg,Chaetodon_punctatofasciatus_FishPix_30223.jpg,https://fishpix.kahaku.go.jp/photos/NR0030/30223AF.jpg,Chaetodontidae,no,exists,76209
Chaetodon punctatofasciatus,30224,30224AF.jpg,Chaetodon_punctatofasciatus_FishPix_30224.jpg,https://fishpix.kahaku.go.jp/photos/NR0030/30224AF.jpg,Chaetodontidae,no,exists,81649
Chaetodon argentatus,30225,30225AF.jpg,Chaetodon_argentatus_FishPix_30225.jpg,https://fishpix.kahaku.go.jp/photos/NR0030/30225AF.jpg,Chaetodontidae,no,exists,75935
Chaetodon vagabundus,30226,30226AF.jpg,Chaetodon_vagabundus_FishPix_30226.jpg,https://fishpix.kahaku.go.jp/photos/NR0030/30226AF.jpg,Chaetodontidae,no,exists,106969
Chaetodon vagabundus,30227,30227AF.jpg,Chaetodon_vagabundus_FishPix_30227.jpg,https://fishpix.kahaku.go.jp/photos/NR0030/30227AF.jpg,Chaetodontidae,no,exists,111284
Chaetodon lunulatus,30228,30228AF.jpg,Chaetodon_lunulatus_FishPix_30228.jpg,https://fishpix.kahaku.go.jp/photos/NR0030/30228AF.jpg,Chaetodontidae,no,exists,79817
Chaetodon meyeri,30229,30229AF.jpg,Chaetodon_meyeri_FishPix_30229.jpg,https://fishpix.kahaku.go.jp/photos/NR0030/30229AF.jpg,Chaetodontidae,no,exists,74394
Chaetodon auripes,30230,30230AF.jpg,Chaetodon_auripes_FishPix_30230.jpg,https://fishpix.kahaku.go.jp/photos/NR0030/30230AF.jpg,Chaetodontidae,no,exists,72232
Chaetodon melannotus,30231,30231AF.jpg,Chaetodon_melannotus_FishPix_30231.jpg,https://fishpix.kahaku.go.jp/photos/NR0030/30231AF.jpg,Chaetodontidae,no,exists,58905
Chaetodon guentheri,30232,30232AF.jpg,Chaetodon_guentheri_FishPix_30232.jpg,https://fishpix.kahaku.go.jp/photos/NR0030/30232AF.jpg,Chaetodontidae,no,exists,111509
Chaetodon rafflesii,30233,30233AF.jpg,Chaetodon_rafflesii_FishPix_30233.jpg,https://fishpix.kahaku.go.jp/photos/NR0030/30233AF.jpg,Chaetodontidae,no,exists,92729
Chaetodon xanthurus,30234,30234AF.jpg,Chaetodon_xanthurus_FishPix_30234.jpg,https://fishpix.kahaku.go.jp/photos/NR0030/30234AF.jpg,Chaetodontidae,no,exists,138765
Chaetodon kleinii,30235,30235AF.jpg,Chaetodon_kleinii_FishPix_30235.jpg,https://fishpix.kahaku.go.jp/photos/NR0030/30235AF.jpg,Chaetodontidae,no,exists,97100
Chaetodon punctatofasciatus,31062,31062AF.jpg,Chaetodon_punctatofasciatus_FishPix_31062.jpg,https://fishpix.kahaku.go.jp/photos/NR0031/31062AF.jpg,Chaetodontidae,no,exists,43312
Chaetodon daedalma,31065,31065AF.jpg,Chaetodon_daedalma_FishPix_31065.jpg,https://fishpix.kahaku.go.jp/photos/NR0031/31065AF.jpg,Chaetodontidae,no,exists,46265
Heniochus monoceros,31201,31201AF.jpg,Heniochus_monoceros_FishPix_31201.jpg,https://fishpix.kahaku.go.jp/photos/NR0031/31201AF.jpg,Chaetodontidae,no,exists,35835
Heniochus varius,31202,31202AF.jpg,Heniochus_varius_FishPix_31202.jpg,https://fishpix.kahaku.go.jp/photos/NR0031/31202AF.jpg,Chaetodontidae,no,exists,44724
Heniochus diphreutes,31203,31203AF.jpg,Heniochus_diphreutes_FishPix_31203.jpg,https://fishpix.kahaku.go.jp/photos/NR0031/31203AF.jpg,Chaetodontidae,no,exists,12644
Heniochus diphreutes,31204,31204AF.jpg,Heniochus_diphreutes_FishPix_31204.jpg,https://fishpix.kahaku.go.jp/photos/NR0031/31204AF.jpg,Chaetodontidae,no,exists,34459
Forcipiger flavissimus,31205,31205AF.jpg,Forcipiger_flavissimus_FishPix_31205.jpg,https://fishpix.kahaku.go.jp/photos/NR0031/31205AF.jpg,Chaetodontidae,no,exists,34579
Hemitaurichthys polylepis,31206,31206AF.jpg,Hemitaurichthys_polylepis_FishPix_31206.jpg,https://fishpix.kahaku.go.jp/photos/NR0031/31206AF.jpg,Chaetodontidae,no,exists,24764
Chaetodon trifascialis,31207,31207AF.jpg,Chaetodon_trifascialis_FishPix_31207.jpg,https://fishpix.kahaku.go.jp/photos/NR0031/31207AF.jpg,Chaetodontidae,no,exists,43958
Chaetodon trifascialis,31208,31208AF.jpg,Chaetodon_trifascialis_FishPix_31208.jpg,https://fishpix.kahaku.go.jp/photos/NR0031/31208AF.jpg,Chaetodontidae,no,exists,40067
Chaetodon plebeius,31209,31209AF.jpg,Chaetodon_plebeius_FishPix_31209.jpg,https://fishpix.kahaku.go.jp/photos/NR0031/31209AF.jpg,Chaetodontidae,no,exists,49590
Chaetodon bennetti,31210,31210AF.jpg,Chaetodon_bennetti_FishPix_31210.jpg,https://fishpix.kahaku.go.jp/photos/NR0031/31210AF.jpg,Chaetodontidae,no,exists,39849
Chaetodon ephippium,31211,31211AF.jpg,Chaetodon_ephippium_FishPix_31211.jpg,https://fishpix.kahaku.go.jp/photos/NR0031/31211AF.jpg,Chaetodontidae,no,exists,41725
Chaetodon unimaculatus,31212,31212AF.jpg,Chaetodon_unimaculatus_FishPix_31212.jpg,https://fishpix.kahaku.go.jp/photos/NR0031/31212AF.jpg,Chaetodontidae,no,exists,35541
Chaetodon speculum,31213,31213AF.jpg,Chaetodon_speculum_FishPix_31213.jpg,https://fishpix.kahaku.go.jp/photos/NR0031/31213AF.jpg,Chaetodontidae,no,exists,35805
Chaetodon quadrimaculatus,31214,31214AF.jpg,Chaetodon_quadrimaculatus_FishPix_31214.jpg,https://fishpix.kahaku.go.jp/photos/NR0031/31214AF.jpg,Chaetodontidae,no,exists,20852
Chaetodon reticulatus,31215,31215AF.jpg,Chaetodon_reticulatus_FishPix_31215.jpg,https://fishpix.kahaku.go.jp/photos/NR0031/31215AF.jpg,Chaetodontidae,no,exists,33281
Chaetodon lunula,31216,31216AF.jpg,Chaetodon_lunula_FishPix_31216.jpg,https://fishpix.kahaku.go.jp/photos/NR0031/31216AF.jpg,Chaetodontidae,no,exists,30025
Chaetodon punctatofasciatus,31217,31217AF.jpg,Chaetodon_punctatofasciatus_FishPix_31217.jpg,https://fishpix.kahaku.go.jp/photos/NR0031/31217AF.jpg,Chaetodontidae,no,exists,45357
Chaetodon punctatofasciatus,31218,31218AF.jpg,Chaetodon_punctatofasciatus_FishPix_31218.jpg,https://fishpix.kahaku.go.jp/photos/NR0031/31218AF.jpg,Chaetodontidae,no,exists,61810
Chaetodon argentatus,31219,31219AF.jpg,Chaetodon_argentatus_FishPix_31219.jpg,https://fishpix.kahaku.go.jp/photos/NR0031/31219AF.jpg,Chaetodontidae,no,exists,25173
Chaetodon argentatus,31220,31220AF.jpg,Chaetodon_argentatus_FishPix_31220.jpg,https://fishpix.kahaku.go.jp/photos/NR0031/31220AF.jpg,Chaetodontidae,no,exists,51068
Chaetodon vagabundus,31221,31221AF.jpg,Chaetodon_vagabundus_FishPix_31221.jpg,https://fishpix.kahaku.go.jp/photos/NR0031/31221AF.jpg,Chaetodontidae,no,exists,21932
Chaetodon lunulatus,31222,31222AF.jpg,Chaetodon_lunulatus_FishPix_31222.jpg,https://fishpix.kahaku.go.jp/photos/NR0031/31222AF.jpg,Chaetodontidae,no,exists,38155
Chaetodon lunulatus,31223,31223AF.jpg,Chaetodon_lunulatus_FishPix_31223.jpg,https://fishpix.kahaku.go.jp/photos/NR0031/31223AF.jpg,Chaetodontidae,no,exists,61079
Chaetodon lineolatus,31224,31224AF.jpg,Chaetodon_lineolatus_FishPix_31224.jpg,https://fishpix.kahaku.go.jp/photos/NR0031/31224AF.jpg,Chaetodontidae,no,exists,41151
Chaetodon ornatissimus,31225,31225AF.jpg,Chaetodon_ornatissimus_FishPix_31225.jpg,https://fishpix.kahaku.go.jp/photos/NR0031/31225AF.jpg,Chaetodontidae,no,exists,37860
Chaetodon ornatissimus,31226,31226AF.jpg,Chaetodon_ornatissimus_FishPix_31226.jpg,https://fishpix.kahaku.go.jp/photos/NR0031/31226AF.jpg,Chaetodontidae,no,exists,36159
Chaetodon melannotus,31227,31227AF.jpg,Chaetodon_melannotus_FishPix_31227.jpg,https://fishpix.kahaku.go.jp/photos/NR0031/31227AF.jpg,Chaetodontidae,no,exists,31661
Chaetodon melannotus,31228,31228AF.jpg,Chaetodon_melannotus_FishPix_31228.jpg,https://fishpix.kahaku.go.jp/photos/NR0031/31228AF.jpg,Chaetodontidae,no,exists,42360
Chaetodon auripes,31229,31229AF.jpg,Chaetodon_auripes_FishPix_31229.jpg,https://fishpix.kahaku.go.jp/photos/NR0031/31229AF.jpg,Chaetodontidae,no,exists,50826
Chaetodon kleinii,31230,31230AF.jpg,Chaetodon_kleinii_FishPix_31230.jpg,https://fishpix.kahaku.go.jp/photos/NR0031/31230AF.jpg,Chaetodontidae,no,exists,40992
Chaetodon kleinii,31231,31231AF.jpg,Chaetodon_kleinii_FishPix_31231.jpg,https://fishpix.kahaku.go.jp/photos/NR0031/31231AF.jpg,Chaetodontidae,no,exists,35392
Chaetodon mertensii,31232,31232AF.jpg,Chaetodon_mertensii_FishPix_31232.jpg,https://fishpix.kahaku.go.jp/photos/NR0031/31232AF.jpg,Chaetodontidae,no,exists,60179
Chaetodon mertensii,31233,31233AF.jpg,Chaetodon_mertensii_FishPix_31233.jpg,https://fishpix.kahaku.go.jp/photos/NR0031/31233AF.jpg,Chaetodontidae,no,exists,37392
Chaetodon guentheri,31234,31234AF.jpg,Chaetodon_guentheri_FishPix_31234.jpg,https://fishpix.kahaku.go.jp/photos/NR0031/31234AF.jpg,Chaetodontidae,no,exists,21715
Chaetodon daedalma,31235,31235AF.jpg,Chaetodon_daedalma_FishPix_31235.jpg,https://fishpix.kahaku.go.jp/photos/NR0031/31235AF.jpg,Chaetodontidae,no,exists,82483
Chaetodon daedalma,31236,31236AF.jpg,Chaetodon_daedalma_FishPix_31236.jpg,https://fishpix.kahaku.go.jp/photos/NR0031/31236AF.jpg,Chaetodontidae,no,exists,48202
Heniochus acuminatus,31556,31556AF.jpg,Heniochus_acuminatus_FishPix_31556.jpg,https://fishpix.kahaku.go.jp/photos/NR0031/31556AF.jpg,Chaetodontidae,no,exists,83856
Chaetodon wiebeli,31568,31568AF.jpg,Chaetodon_wiebeli_FishPix_31568.jpg,https://fishpix.kahaku.go.jp/photos/NR0031/31568AF.jpg,Chaetodontidae,no,exists,104630
Chaetodon guentheri,31570,31570AF.jpg,Chaetodon_guentheri_FishPix_31570.jpg,https://fishpix.kahaku.go.jp/photos/NR0031/31570AF.jpg,Chaetodontidae,no,exists,115391
Chaetodon wiebeli,31573,31573AF.jpg,Chaetodon_wiebeli_FishPix_31573.jpg,https://fishpix.kahaku.go.jp/photos/NR0031/31573AF.jpg,Chaetodontidae,no,exists,79762
Chaetodon bennetti,31596,31596AF.jpg,Chaetodon_bennetti_FishPix_31596.jpg,https://fishpix.kahaku.go.jp/photos/NR0031/31596AF.jpg,Chaetodontidae,no,exists,98652
Chaetodon adiergastos,31600,31600AF.jpg,Chaetodon_adiergastos_FishPix_31600.jpg,https://fishpix.kahaku.go.jp/photos/NR0031/31600AF.jpg,Chaetodontidae,no,exists,70066
Chaetodon wiebeli,31613,31613AF.jpg,Chaetodon_wiebeli_FishPix_31613.jpg,https://fishpix.kahaku.go.jp/photos/NR0031/31613AF.jpg,Chaetodontidae,no,exists,85818
Heniochus diphreutes,31678,31678AF.jpg,Heniochus_diphreutes_FishPix_31678.jpg,https://fishpix.kahaku.go.jp/photos/NR0031/31678AF.jpg,Chaetodontidae,no,exists,72109
Heniochus diphreutes,31680,31680AF.jpg,Heniochus_diphreutes_FishPix_31680.jpg,https://fishpix.kahaku.go.jp/photos/NR0031/31680AF.jpg,Chaetodontidae,no,exists,54477
Forcipiger flavissimus,31912,31912AF.jpg,Forcipiger_flavissimus_FishPix_31912.jpg,https://fishpix.kahaku.go.jp/photos/NR0031/31912AF.jpg,Chaetodontidae,no,exists,100777
Hemitaurichthys polylepis,31913,31913AF.jpg,Hemitaurichthys_polylepis_FishPix_31913.jpg,https://fishpix.kahaku.go.jp/photos/NR0031/31913AF.jpg,Chaetodontidae,no,exists,76645
Chaetodon citrinellus,31914,31914AF.jpg,Chaetodon_citrinellus_FishPix_31914.jpg,https://fishpix.kahaku.go.jp/photos/NR0031/31914AF.jpg,Chaetodontidae,no,exists,109203
Chaetodon plebeius,31915,31915AF.jpg,Chaetodon_plebeius_FishPix_31915.jpg,https://fishpix.kahaku.go.jp/photos/NR0031/31915AF.jpg,Chaetodontidae,no,exists,75220
Chaetodon trifascialis,31916,31916AF.jpg,Chaetodon_trifascialis_FishPix_31916.jpg,https://fishpix.kahaku.go.jp/photos/NR0031/31916AF.jpg,Chaetodontidae,no,exists,71672
Chaetodon auripes,31917,31917AF.jpg,Chaetodon_auripes_FishPix_31917.jpg,https://fishpix.kahaku.go.jp/photos/NR0031/31917AF.jpg,Chaetodontidae,no,exists,70558
Chaetodon ephippium,31918,31918AF.jpg,Chaetodon_ephippium_FishPix_31918.jpg,https://fishpix.kahaku.go.jp/photos/NR0031/31918AF.jpg,Chaetodontidae,no,exists,85482
Chaetodon lunulatus,31919,31919AF.jpg,Chaetodon_lunulatus_FishPix_31919.jpg,https://fishpix.kahaku.go.jp/photos/NR0031/31919AF.jpg,Chaetodontidae,no,exists,81118
Chaetodon kleinii,31920,31920AF.jpg,Chaetodon_kleinii_FishPix_31920.jpg,https://fishpix.kahaku.go.jp/photos/NR0031/31920AF.jpg,Chaetodontidae,no,exists,116105
Chaetodon kleinii,31921,31921AF.jpg,Chaetodon_kleinii_FishPix_31921.jpg,https://fishpix.kahaku.go.jp/photos/NR0031/31921AF.jpg,Chaetodontidae,no,exists,46528
Chaetodon melannotus,31922,31922AF.jpg,Chaetodon_melannotus_FishPix_31922.jpg,https://fishpix.kahaku.go.jp/photos/NR0031/31922AF.jpg,Chaetodontidae,no,exists,91064
Heniochus chrysostomus,31923,31923AF.jpg,Heniochus_chrysostomus_FishPix_31923.jpg,https://fishpix.kahaku.go.jp/photos/NR0031/31923AF.jpg,Chaetodontidae,no,exists,80405
Chaetodon bennetti,31924,31924AF.jpg,Chaetodon_bennetti_FishPix_31924.jpg,https://fishpix.kahaku.go.jp/photos/NR0031/31924AF.jpg,Chaetodontidae,no,exists,77145
Chaetodon bennetti,31925,31925AF.jpg,Chaetodon_bennetti_FishPix_31925.jpg,https://fishpix.kahaku.go.jp/photos/NR0031/31925AF.jpg,Chaetodontidae,no,exists,90783
Chaetodon speculum,31926,31926AF.jpg,Chaetodon_speculum_FishPix_31926.jpg,https://fishpix.kahaku.go.jp/photos/NR0031/31926AF.jpg,Chaetodontidae,no,exists,94956
Chaetodon punctatofasciatus,31927,31927AF.jpg,Chaetodon_punctatofasciatus_FishPix_31927.jpg,https://fishpix.kahaku.go.jp/photos/NR0031/31927AF.jpg,Chaetodontidae,no,exists,73489
Chaetodon citrinellus,31928,31928AF.jpg,Chaetodon_citrinellus_FishPix_31928.jpg,https://fishpix.kahaku.go.jp/photos/NR0031/31928AF.jpg,Chaetodontidae,no,exists,117485
Chaetodon vagabundus,31929,31929AF.jpg,Chaetodon_vagabundus_FishPix_31929.jpg,https://fishpix.kahaku.go.jp/photos/NR0031/31929AF.jpg,Chaetodontidae,no,exists,70535
Chaetodon reticulatus,31930,31930AF.jpg,Chaetodon_reticulatus_FishPix_31930.jpg,https://fishpix.kahaku.go.jp/photos/NR0031/31930AF.jpg,Chaetodontidae,no,exists,70988
Chaetodon ephippium,31931,31931AF.jpg,Chaetodon_ephippium_FishPix_31931.jpg,https://fishpix.kahaku.go.jp/photos/NR0031/31931AF.jpg,Chaetodontidae,no,exists,83499
Chaetodon melannotus,31932,31932AF.jpg,Chaetodon_melannotus_FishPix_31932.jpg,https://fishpix.kahaku.go.jp/photos/NR0031/31932AF.jpg,Chaetodontidae,no,exists,75431
Hemitaurichthys polylepis,31933,31933AF.jpg,Hemitaurichthys_polylepis_FishPix_31933.jpg,https://fishpix.kahaku.go.jp/photos/NR0031/31933AF.jpg,Chaetodontidae,no,exists,35333
Heniochus varius,31934,31934AF.jpg,Heniochus_varius_FishPix_31934.jpg,https://fishpix.kahaku.go.jp/photos/NR0031/31934AF.jpg,Chaetodontidae,no,exists,65142
Chaetodon ornatissimus,31935,31935AF.jpg,Chaetodon_ornatissimus_FishPix_31935.jpg,https://fishpix.kahaku.go.jp/photos/NR0031/31935AF.jpg,Chaetodontidae,no,exists,37999
Chaetodon argentatus,31936,31936AF.jpg,Chaetodon_argentatus_FishPix_31936.jpg,https://fishpix.kahaku.go.jp/photos/NR0031/31936AF.jpg,Chaetodontidae,no,exists,92824
Heniochus chrysostomus,32525,32525AF.jpg,Heniochus_chrysostomus_FishPix_32525.jpg,https://fishpix.kahaku.go.jp/photos/NR0032/32525AF.jpg,Chaetodontidae,no,exists,43542
Heniochus singularius,32526,32526AF.jpg,Heniochus_singularius_FishPix_32526.jpg,https://fishpix.kahaku.go.jp/photos/NR0032/32526AF.jpg,Chaetodontidae,no,exists,61526
Forcipiger flavissimus,32527,32527AF.jpg,Forcipiger_flavissimus_FishPix_32527.jpg,https://fishpix.kahaku.go.jp/photos/NR0032/32527AF.jpg,Chaetodontidae,no,exists,60340
Chaetodon meyeri,32528,32528AF.jpg,Chaetodon_meyeri_FishPix_32528.jpg,https://fishpix.kahaku.go.jp/photos/NR0032/32528AF.jpg,Chaetodontidae,no,exists,60905
Chaetodon meyeri,32529,32529AF.jpg,Chaetodon_meyeri_FishPix_32529.jpg,https://fishpix.kahaku.go.jp/photos/NR0032/32529AF.jpg,Chaetodontidae,no,exists,84126
Chaetodon ephippium,32530,32530AF.jpg,Chaetodon_ephippium_FishPix_32530.jpg,https://fishpix.kahaku.go.jp/photos/NR0032/32530AF.jpg,Chaetodontidae,no,exists,55086
Chaetodon lineolatus,32531,32531AF.jpg,Chaetodon_lineolatus_FishPix_32531.jpg,https://fishpix.kahaku.go.jp/photos/NR0032/32531AF.jpg,Chaetodontidae,no,exists,48069
Chaetodon auriga,32532,32532AF.jpg,Chaetodon_auriga_FishPix_32532.jpg,https://fishpix.kahaku.go.jp/photos/NR0032/32532AF.jpg,Chaetodontidae,no,exists,47745
Chaetodon lineolatus,32533,32533AF.jpg,Chaetodon_lineolatus_FishPix_32533.jpg,https://fishpix.kahaku.go.jp/photos/NR0032/32533AF.jpg,Chaetodontidae,no,exists,39319
Chaetodon austriacus,32777,32777AF.jpg,Chaetodon_austriacus_FishPix_32777.jpg,https://fishpix.kahaku.go.jp/photos/NR0032/32777AF.jpg,Chaetodontidae,no,exists,75140
Chaetodon melannotus,32783,32783AF.jpg,Chaetodon_melannotus_FishPix_32783.jpg,https://fishpix.kahaku.go.jp/photos/NR0032/32783AF.jpg,Chaetodontidae,no,exists,92848
Heniochus intermedius,32785,32785AF.jpg,Heniochus_intermedius_FishPix_32785.jpg,https://fishpix.kahaku.go.jp/photos/NR0032/32785AF.jpg,Chaetodontidae,no,exists,80335
Chaetodon paucifasciatus,32786,32786AF.jpg,Chaetodon_paucifasciatus_FishPix_32786.jpg,https://fishpix.kahaku.go.jp/photos/NR0032/32786AF.jpg,Chaetodontidae,no,exists,101536
Chaetodon fasciatus,32789,32789AF.jpg,Chaetodon_fasciatus_FishPix_32789.jpg,https://fishpix.kahaku.go.jp/photos/NR0032/32789AF.jpg,Chaetodontidae,yes,exists,76860
Chaetodon semilarvatus,32790,32790AF.jpg,Chaetodon_semilarvatus_FishPix_32790.jpg,https://fishpix.kahaku.go.jp/photos/NR0032/32790AF.jpg,Chaetodontidae,yes,exists,50336
Chaetodon melannotus,32809,32809AF.jpg,Chaetodon_melannotus_FishPix_32809.jpg,https://fishpix.kahaku.go.jp/photos/NR0032/32809AF.jpg,Chaetodontidae,no,exists,100261
Chaetodon fasciatus,32822,32822AF.jpg,Chaetodon_fasciatus_FishPix_32822.jpg,https://fishpix.kahaku.go.jp/photos/NR0032/32822AF.jpg,Chaetodontidae,no,exists,125979
Chaetodon lunulatus,32882,32882AF.jpg,Chaetodon_lunulatus_FishPix_32882.jpg,https://fishpix.kahaku.go.jp/photos/NR0032/32882AF.jpg,Chaetodontidae,no,exists,62274
Chaetodon flavirostris,32909,32909AF.jpg,Chaetodon_flavirostris_FishPix_32909.jpg,https://fishpix.kahaku.go.jp/photos/NR0032/32909AF.jpg,Chaetodontidae,yes,exists,58904
Coradion altivelis,33008,33008AF.jpg,Coradion_altivelis_FishPix_33008.jpg,https://fishpix.kahaku.go.jp/photos/NR0033/33008AF.jpg,Chaetodontidae,no,exists,122390
Hemitaurichthys polylepis,33009,33009AF.jpg,Hemitaurichthys_polylepis_FishPix_33009.jpg,https://fishpix.kahaku.go.jp/photos/NR0033/33009AF.jpg,Chaetodontidae,no,exists,68613
Chaetodon plebeius,33010,33010AF.jpg,Chaetodon_plebeius_FishPix_33010.jpg,https://fishpix.kahaku.go.jp/photos/NR0033/33010AF.jpg,Chaetodontidae,no,exists,156403
Chaetodon citrinellus,33011,33011AF.jpg,Chaetodon_citrinellus_FishPix_33011.jpg,https://fishpix.kahaku.go.jp/photos/NR0033/33011AF.jpg,Chaetodontidae,yes,exists,108011
Roa modesta,33098,33098AF.jpg,Roa_modesta_FishPix_33098.jpg,https://fishpix.kahaku.go.jp/photos/NR0033/33098AF.jpg,Chaetodontidae,no,exists,117396
Chaetodon plebeius,33109,33109AF.jpg,Chaetodon_plebeius_FishPix_33109.jpg,https://fishpix.kahaku.go.jp/photos/NR0033/33109AF.jpg,Chaetodontidae,no,exists,74156
Chaetodon auripes,33125,33125AF.jpg,Chaetodon_auripes_FishPix_33125.jpg,https://fishpix.kahaku.go.jp/photos/NR0033/33125AF.jpg,Chaetodontidae,no,exists,60294
Chaetodon ephippium,33131,33131AF.jpg,Chaetodon_ephippium_FishPix_33131.jpg,https://fishpix.kahaku.go.jp/photos/NR0033/33131AF.jpg,Chaetodontidae,no,exists,68458
Chaetodon vagabundus,33132,33132AF.jpg,Chaetodon_vagabundus_FishPix_33132.jpg,https://fishpix.kahaku.go.jp/photos/NR0033/33132AF.jpg,Chaetodontidae,no,exists,90180
Roa modesta,33140,33140AF.jpg,Roa_modesta_FishPix_33140.jpg,https://fishpix.kahaku.go.jp/photos/NR0033/33140AF.jpg,Chaetodontidae,no,exists,80546
Chaetodon nippon,33163,33163AF.jpg,Chaetodon_nippon_FishPix_33163.jpg,https://fishpix.kahaku.go.jp/photos/NR0033/33163AF.jpg,Chaetodontidae,no,exists,112915
Heniochus diphreutes,33234,33234AF.jpg,Heniochus_diphreutes_FishPix_33234.jpg,https://fishpix.kahaku.go.jp/photos/NR0033/33234AF.jpg,Chaetodontidae,no,exists,55018
Heniochus singularius,33265,33265AF.jpg,Heniochus_singularius_FishPix_33265.jpg,https://fishpix.kahaku.go.jp/photos/NR0033/33265AF.jpg,Chaetodontidae,no,exists,81049
Chaetodon unimaculatus,33331,33331AF.jpg,Chaetodon_unimaculatus_FishPix_33331.jpg,https://fishpix.kahaku.go.jp/photos/NR0033/33331AF.jpg,Chaetodontidae,no,exists,45007
Hemitaurichthys polylepis,33332,33332AF.jpg,Hemitaurichthys_polylepis_FishPix_33332.jpg,https://fishpix.kahaku.go.jp/photos/NR0033/33332AF.jpg,Chaetodontidae,no,exists,42083
Chaetodon plebeius,33333,33333AF.jpg,Chaetodon_plebeius_FishPix_33333.jpg,https://fishpix.kahaku.go.jp/photos/NR0033/33333AF.jpg,Chaetodontidae,no,exists,90354
Chelmon rostratus,33375,33375AF.jpg,Chelmon_rostratus_FishPix_33375.jpg,https://fishpix.kahaku.go.jp/photos/NR0033/33375AF.jpg,Chaetodontidae,yes,exists,63168
Heniochus diphreutes,33378,33378AF.jpg,Heniochus_diphreutes_FishPix_33378.jpg,https://fishpix.kahaku.go.jp/photos/NR0033/33378AF.jpg,Chaetodontidae,no,exists,38709
Heniochus diphreutes,33476,33476AF.jpg,Heniochus_diphreutes_FishPix_33476.jpg,https://fishpix.kahaku.go.jp/photos/NR0033/33476AF.jpg,Chaetodontidae,no,exists,29817
Heniochus diphreutes,33477,33477AF.jpg,Heniochus_diphreutes_FishPix_33477.jpg,https://fishpix.kahaku.go.jp/photos/NR0033/33477AF.jpg,Chaetodontidae,no,exists,31567
Chaetodon ornatissimus,33537,33537AF.jpg,Chaetodon_ornatissimus_FishPix_33537.jpg,https://fishpix.kahaku.go.jp/photos/NR0033/33537AF.jpg,Chaetodontidae,no,exists,51276
Chaetodon ulietensis,33538,33538AF.jpg,Chaetodon_ulietensis_FishPix_33538.jpg,https://fishpix.kahaku.go.jp/photos/NR0033/33538AF.jpg,Chaetodontidae,no,exists,45159
Forcipiger flavissimus,33539,33539AF.jpg,Forcipiger_flavissimus_FishPix_33539.jpg,https://fishpix.kahaku.go.jp/photos/NR0033/33539AF.jpg,Chaetodontidae,no,exists,37859
Chaetodon auriga,33553,33553AF.jpg,Chaetodon_auriga_FishPix_33553.jpg,https://fishpix.kahaku.go.jp/photos/NR0033/33553AF.jpg,Chaetodontidae,no,exists,55230
Chaetodon ornatissimus,33554,33554AF.jpg,Chaetodon_ornatissimus_FishPix_33554.jpg,https://fishpix.kahaku.go.jp/photos/NR0033/33554AF.jpg,Chaetodontidae,no,exists,39176
Chaetodon ulietensis,33557,33557AF.jpg,Chaetodon_ulietensis_FishPix_33557.jpg,https://fishpix.kahaku.go.jp/photos/NR0033/33557AF.jpg,Chaetodontidae,no,exists,45203
Forcipiger flavissimus,33559,33559AF.jpg,Forcipiger_flavissimus_FishPix_33559.jpg,https://fishpix.kahaku.go.jp/photos/NR0033/33559AF.jpg,Chaetodontidae,no,exists,42544
Chaetodon lunulatus,33565,33565AF.jpg,Chaetodon_lunulatus_FishPix_33565.jpg,https://fishpix.kahaku.go.jp/photos/NR0033/33565AF.jpg,Chaetodontidae,no,exists,66225
Chaetodon lunula,33818,33818AF.jpg,Chaetodon_lunula_FishPix_33818.jpg,https://fishpix.kahaku.go.jp/photos/NR0033/33818AF.jpg,Chaetodontidae,no,exists,33848
Chaetodon lunula,33821,33821AF.jpg,Chaetodon_lunula_FishPix_33821.jpg,https://fishpix.kahaku.go.jp/photos/NR0033/33821AF.jpg,Chaetodontidae,no,exists,29523
Parachaetodon ocellatus,33941,33941AF.jpg,Parachaetodon_ocellatus_FishPix_33941.jpg,https://fishpix.kahaku.go.jp/photos/NR0033/33941AF.jpg,Chaetodontidae,no,exists,38446
Chaetodon adiergastos,33955,33955AF.jpg,Chaetodon_adiergastos_FishPix_33955.jpg,https://fishpix.kahaku.go.jp/photos/NR0033/33955AF.jpg,Chaetodontidae,no,exists,58323
Chaetodon ornatissimus,33987,33987AF.jpg,Chaetodon_ornatissimus_FishPix_33987.jpg,https://fishpix.kahaku.go.jp/photos/NR0033/33987AF.jpg,Chaetodontidae,no,exists,71542
Chelmon rostratus,34001,34001AF.jpg,Chelmon_rostratus_FishPix_34001.jpg,https://fishpix.kahaku.go.jp/photos/NR0034/34001AF.jpg,Chaetodontidae,no,exists,73194
Chaetodon lunula,34009,34009AF.jpg,Chaetodon_lunula_FishPix_34009.jpg,https://fishpix.kahaku.go.jp/photos/NR0034/34009AF.jpg,Chaetodontidae,no,exists,79691
Chaetodon adiergastos,34012,34012AF.jpg,Chaetodon_adiergastos_FishPix_34012.jpg,https://fishpix.kahaku.go.jp/photos/NR0034/34012AF.jpg,Chaetodontidae,no,exists,53669
Chaetodon xanthurus,34020,34020AF.jpg,Chaetodon_xanthurus_FishPix_34020.jpg,https://fishpix.kahaku.go.jp/photos/NR0034/34020AF.jpg,Chaetodontidae,no,exists,101242
Heniochus acuminatus,34036,34036AF.jpg,Heniochus_acuminatus_FishPix_34036.jpg,https://fishpix.kahaku.go.jp/photos/NR0034/34036AF.jpg,Chaetodontidae,no,exists,46976
Chaetodon nippon,34039,34039AF.jpg,Chaetodon_nippon_FishPix_34039.jpg,https://fishpix.kahaku.go.jp/photos/NR0034/34039AF.jpg,Chaetodontidae,no,exists,69624
Chaetodon lunula,34048,34048AF.jpg,Chaetodon_lunula_FishPix_34048.jpg,https://fishpix.kahaku.go.jp/photos/NR0034/34048AF.jpg,Chaetodontidae,no,exists,34984
Chaetodon auripes,34123,34123AF.jpg,Chaetodon_auripes_FishPix_34123.jpg,https://fishpix.kahaku.go.jp/photos/NR0034/34123AF.jpg,Chaetodontidae,no,exists,49805
Chaetodon vagabundus,34125,34125AF.jpg,Chaetodon_vagabundus_FishPix_34125.jpg,https://fishpix.kahaku.go.jp/photos/NR0034/34125AF.jpg,Chaetodontidae,no,exists,64957
Forcipiger flavissimus,34130,34130AF.jpg,Forcipiger_flavissimus_FishPix_34130.jpg,https://fishpix.kahaku.go.jp/photos/NR0034/34130AF.jpg,Chaetodontidae,no,exists,83013
Chaetodon ornatissimus,34131,34131AF.jpg,Chaetodon_ornatissimus_FishPix_34131.jpg,https://fishpix.kahaku.go.jp/photos/NR0034/34131AF.jpg,Chaetodontidae,no,exists,125305
Heniochus varius,34135,34135AF.jpg,Heniochus_varius_FishPix_34135.jpg,https://fishpix.kahaku.go.jp/photos/NR0034/34135AF.jpg,Chaetodontidae,no,exists,112686
Chaetodon auriga,34146,34146AF.jpg,Chaetodon_auriga_FishPix_34146.jpg,https://fishpix.kahaku.go.jp/photos/NR0034/34146AF.jpg,Chaetodontidae,no,exists,86530
Hemitaurichthys polylepis,34158,34158AF.jpg,Hemitaurichthys_polylepis_FishPix_34158.jpg,https://fishpix.kahaku.go.jp/photos/NR0034/34158AF.jpg,Chaetodontidae,no,exists,67475
Heniochus chrysostomus,34172,34172AF.jpg,Heniochus_chrysostomus_FishPix_34172.jpg,https://fishpix.kahaku.go.jp/photos/NR0034/34172AF.jpg,Chaetodontidae,no,exists,113674
Chaetodon punctatofasciatus,34218,34218AF.jpg,Chaetodon_punctatofasciatus_FishPix_34218.jpg,https://fishpix.kahaku.go.jp/photos/NR0034/34218AF.jpg,Chaetodontidae,no,exists,77616
Chaetodon auriga,34266,34266AF.jpg,Chaetodon_auriga_FishPix_34266.jpg,https://fishpix.kahaku.go.jp/photos/NR0034/34266AF.jpg,Chaetodontidae,no,exists,100303
Chaetodon argentatus,34269,34269AF.jpg,Chaetodon_argentatus_FishPix_34269.jpg,https://fishpix.kahaku.go.jp/photos/NR0034/34269AF.jpg,Chaetodontidae,no,exists,94978
Chaetodon vagabundus,34271,34271AF.jpg,Chaetodon_vagabundus_FishPix_34271.jpg,https://fishpix.kahaku.go.jp/photos/NR0034/34271AF.jpg,Chaetodontidae,no,exists,161205
Heniochus acuminatus,34367,34367AF.jpg,Heniochus_acuminatus_FishPix_34367.jpg,https://fishpix.kahaku.go.jp/photos/NR0034/34367AF.jpg,Chaetodontidae,no,exists,59408
Chaetodon daedalma,34383,34383AF.jpg,Chaetodon_daedalma_FishPix_34383.jpg,https://fishpix.kahaku.go.jp/photos/NR0034/34383AF.jpg,Chaetodontidae,no,exists,86900
Chaetodon auripes,34441,34441AF.jpg,Chaetodon_auripes_FishPix_34441.jpg,https://fishpix.kahaku.go.jp/photos/NR0034/34441AF.jpg,Chaetodontidae,no,exists,62504
Chaetodon kleinii,34442,34442AF.jpg,Chaetodon_kleinii_FishPix_34442.jpg,https://fishpix.kahaku.go.jp/photos/NR0034/34442AF.jpg,Chaetodontidae,no,exists,59479
Heniochus varius,34481,34481AF.jpg,Heniochus_varius_FishPix_34481.jpg,https://fishpix.kahaku.go.jp/photos/NR0034/34481AF.jpg,Chaetodontidae,no,exists,40590
Chaetodon semeion,34482,34482AF.jpg,Chaetodon_semeion_FishPix_34482.jpg,https://fishpix.kahaku.go.jp/photos/NR0034/34482AF.jpg,Chaetodontidae,no,exists,43992
Chaetodon bennetti,34483,34483AF.jpg,Chaetodon_bennetti_FishPix_34483.jpg,https://fishpix.kahaku.go.jp/photos/NR0034/34483AF.jpg,Chaetodontidae,no,exists,66515
Chaetodon ephippium,34484,34484AF.jpg,Chaetodon_ephippium_FishPix_34484.jpg,https://fishpix.kahaku.go.jp/photos/NR0034/34484AF.jpg,Chaetodontidae,no,exists,67160
Chaetodon plebeius,34485,34485AF.jpg,Chaetodon_plebeius_FishPix_34485.jpg,https://fishpix.kahaku.go.jp/photos/NR0034/34485AF.jpg,Chaetodontidae,no,exists,41867
Chaetodon ornatissimus,34486,34486AF.jpg,Chaetodon_ornatissimus_FishPix_34486.jpg,https://fishpix.kahaku.go.jp/photos/NR0034/34486AF.jpg,Chaetodontidae,no,exists,68539
Heniochus singularius,34591,34591AF.jpg,Heniochus_singularius_FishPix_34591.jpg,https://fishpix.kahaku.go.jp/photos/NR0034/34591AF.jpg,Chaetodontidae,no,exists,92850
Chaetodon vagabundus,34659,34659AF.jpg,Chaetodon_vagabundus_FishPix_34659.jpg,https://fishpix.kahaku.go.jp/photos/NR0034/34659AF.jpg,Chaetodontidae,no,exists,62812
Chaetodon selene,34688,34688AF.jpg,Chaetodon_selene_FishPix_34688.jpg,https://fishpix.kahaku.go.jp/photos/NR0034/34688AF.jpg,Chaetodontidae,no,exists,67366
Chaetodon wiebeli,34821,34821AF.jpg,Chaetodon_wiebeli_FishPix_34821.jpg,https://fishpix.kahaku.go.jp/photos/NR0034/34821AF.jpg,Chaetodontidae,no,exists,53511
Chaetodon wiebeli,34822,34822AF.jpg,Chaetodon_wiebeli_FishPix_34822.jpg,https://fishpix.kahaku.go.jp/photos/NR0034/34822AF.jpg,Chaetodontidae,no,exists,73083
Heniochus chrysostomus,34873,34873AF.jpg,Heniochus_chrysostomus_FishPix_34873.jpg,https://fishpix.kahaku.go.jp/photos/NR0034/34873AF.jpg,Chaetodontidae,no,exists,62685
Forcipiger flavissimus,34875,34875AF.jpg,Forcipiger_flavissimus_FishPix_34875.jpg,https://fishpix.kahaku.go.jp/photos/NR0034/34875AF.jpg,Chaetodontidae,no,exists,36114
Chaetodon unimaculatus,34882,34882AF.jpg,Chaetodon_unimaculatus_FishPix_34882.jpg,https://fishpix.kahaku.go.jp/photos/NR0034/34882AF.jpg,Chaetodontidae,no,exists,45533
Heniochus monoceros,34913,34913AF.jpg,Heniochus_monoceros_FishPix_34913.jpg,https://fishpix.kahaku.go.jp/photos/NR0034/34913AF.jpg,Chaetodontidae,no,exists,74136
Chaetodon auriga,34915,34915AF.jpg,Chaetodon_auriga_FishPix_34915.jpg,https://fishpix.kahaku.go.jp/photos/NR0034/34915AF.jpg,Chaetodontidae,no,exists,46741
Chaetodon argentatus,34938,34938AF.jpg,Chaetodon_argentatus_FishPix_34938.jpg,https://fishpix.kahaku.go.jp/photos/NR0034/34938AF.jpg,Chaetodontidae,no,exists,49922
Chaetodon argentatus,34994,34994AF.jpg,Chaetodon_argentatus_FishPix_34994.jpg,https://fishpix.kahaku.go.jp/photos/NR0034/34994AF.jpg,Chaetodontidae,no,exists,52801
Chaetodon lunulatus,35005,35005AF.jpg,Chaetodon_lunulatus_FishPix_35005.jpg,https://fishpix.kahaku.go.jp/photos/NR0035/35005AF.jpg,Chaetodontidae,no,exists,69475
Chaetodon ephippium,35031,35031AF.jpg,Chaetodon_ephippium_FishPix_35031.jpg,https://fishpix.kahaku.go.jp/photos/NR0035/35031AF.jpg,Chaetodontidae,no,exists,34543
Chaetodon trifascialis,35037,35037AF.jpg,Chaetodon_trifascialis_FishPix_35037.jpg,https://fishpix.kahaku.go.jp/photos/NR0035/35037AF.jpg,Chaetodontidae,no,exists,52719
Chaetodon xanthurus,35040,35040AF.jpg,Chaetodon_xanthurus_FishPix_35040.jpg,https://fishpix.kahaku.go.jp/photos/NR0035/35040AF.jpg,Chaetodontidae,no,exists,51979
Chaetodon kleinii,35042,35042AF.jpg,Chaetodon_kleinii_FishPix_35042.jpg,https://fishpix.kahaku.go.jp/photos/NR0035/35042AF.jpg,Chaetodontidae,no,exists,37023
Coradion altivelis,35057,35057AF.jpg,Coradion_altivelis_FishPix_35057.jpg,https://fishpix.kahaku.go.jp/photos/NR0035/35057AF.jpg,Chaetodontidae,no,exists,56518
Chaetodon auriga,35075,35075AF.jpg,Chaetodon_auriga_FishPix_35075.jpg,https://fishpix.kahaku.go.jp/photos/NR0035/35075AF.jpg,Chaetodontidae,no,exists,46547
Chaetodon citrinellus,35116,35116AF.jpg,Chaetodon_citrinellus_FishPix_35116.jpg,https://fishpix.kahaku.go.jp/photos/NR0035/35116AF.jpg,Chaetodontidae,no,exists,129176
Chaetodon selene,35238,35238AF.jpg,Chaetodon_selene_FishPix_35238.jpg,https://fishpix.kahaku.go.jp/photos/NR0035/35238AF.jpg,Chaetodontidae,no,exists,189070
Forcipiger flavissimus,35255,35255AF.jpg,Forcipiger_flavissimus_FishPix_35255.jpg,https://fishpix.kahaku.go.jp/photos/NR0035/35255AF.jpg,Chaetodontidae,no,exists,155794
Roa modesta,35320,35320AF.jpg,Roa_modesta_FishPix_35320.jpg,https://fishpix.kahaku.go.jp/photos/NR0035/35320AF.jpg,Chaetodontidae,no,exists,56935
Chaetodon reticulatus,35491,35491AF.jpg,Chaetodon_reticulatus_FishPix_35491.jpg,https://fishpix.kahaku.go.jp/photos/NR0035/35491AF.jpg,Chaetodontidae,no,exists,55527
Coradion melanopus,35777,35777AF.jpg,Coradion_melanopus_FishPix_35777.jpg,https://fishpix.kahaku.go.jp/photos/NR0035/35777AF.jpg,Chaetodontidae,no,exists,49183
Chaetodon selene,35778,35778AF.jpg,Chaetodon_selene_FishPix_35778.jpg,https://fishpix.kahaku.go.jp/photos/NR0035/35778AF.jpg,Chaetodontidae,no,exists,43033
Chaetodon lunulatus,35897,35897AF.jpg,Chaetodon_lunulatus_FishPix_35897.jpg,https://fishpix.kahaku.go.jp/photos/NR0035/35897AF.jpg,Chaetodontidae,no,exists,105366
Chaetodon auriga,35904,35904AF.jpg,Chaetodon_auriga_FishPix_35904.jpg,https://fishpix.kahaku.go.jp/photos/NR0035/35904AF.jpg,Chaetodontidae,no,exists,101364
Chaetodon bennetti,35927,35927AF.jpg,Chaetodon_bennetti_FishPix_35927.jpg,https://fishpix.kahaku.go.jp/photos/NR0035/35927AF.jpg,Chaetodontidae,no,exists,61994
Chaetodon ornatissimus,35928,35928AF.jpg,Chaetodon_ornatissimus_FishPix_35928.jpg,https://fishpix.kahaku.go.jp/photos/NR0035/35928AF.jpg,Chaetodontidae,no,exists,97830
Chaetodon semilarvatus,35934,35934AF.jpg,Chaetodon_semilarvatus_FishPix_35934.jpg,https://fishpix.kahaku.go.jp/photos/NR0035/35934AF.jpg,Chaetodontidae,no,exists,78469
Chaetodon pelewensis,35943,35943AF.jpg,Chaetodon_pelewensis_FishPix_35943.jpg,https://fishpix.kahaku.go.jp/photos/NR0035/35943AF.jpg,Chaetodontidae,no,exists,70621
Chaetodon auripes,35945,35945AF.jpg,Chaetodon_auripes_FishPix_35945.jpg,https://fishpix.kahaku.go.jp/photos/NR0035/35945AF.jpg,Chaetodontidae,no,exists,82431
Chaetodon octofasciatus,35956,35956AF.jpg,Chaetodon_octofasciatus_FishPix_35956.jpg,https://fishpix.kahaku.go.jp/photos/NR0035/35956AF.jpg,Chaetodontidae,no,exists,61457
Chaetodon reticulatus,36000,36000AF.jpg,Chaetodon_reticulatus_FishPix_36000.jpg,https://fishpix.kahaku.go.jp/photos/NR0036/36000AF.jpg,Chaetodontidae,no,exists,103165
Coradion altivelis,36390,36390AF.jpg,Coradion_altivelis_FishPix_36390.jpg,https://fishpix.kahaku.go.jp/photos/NR0036/36390AF.jpg,Chaetodontidae,no,exists,88375
Chaetodon xanthurus,36391,36391AF.jpg,Chaetodon_xanthurus_FishPix_36391.jpg,https://fishpix.kahaku.go.jp/photos/NR0036/36391AF.jpg,Chaetodontidae,no,exists,53019
Parachaetodon ocellatus,36413,36413AF.jpg,Parachaetodon_ocellatus_FishPix_36413.jpg,https://fishpix.kahaku.go.jp/photos/NR0036/36413AF.jpg,Chaetodontidae,no,exists,43644
Heniochus chrysostomus,36500,36500AF.jpg,Heniochus_chrysostomus_FishPix_36500.jpg,https://fishpix.kahaku.go.jp/photos/NR0036/36500AF.jpg,Chaetodontidae,no,exists,27643
Chaetodon trifascialis,36501,36501AF.jpg,Chaetodon_trifascialis_FishPix_36501.jpg,https://fishpix.kahaku.go.jp/photos/NR0036/36501AF.jpg,Chaetodontidae,no,exists,51685
Chaetodon plebeius,36502,36502AF.jpg,Chaetodon_plebeius_FishPix_36502.jpg,https://fishpix.kahaku.go.jp/photos/NR0036/36502AF.jpg,Chaetodontidae,no,exists,52938
Chaetodon selene,36593,36593AF.jpg,Chaetodon_selene_FishPix_36593.jpg,https://fishpix.kahaku.go.jp/photos/NR0036/36593AF.jpg,Chaetodontidae,no,exists,48258
Forcipiger flavissimus,36594,36594AF.jpg,Forcipiger_flavissimus_FishPix_36594.jpg,https://fishpix.kahaku.go.jp/photos/NR0036/36594AF.jpg,Chaetodontidae,no,exists,46520
Chaetodon lunula,36729,36729AF.jpg,Chaetodon_lunula_FishPix_36729.jpg,https://fishpix.kahaku.go.jp/photos/NR0036/36729AF.jpg,Chaetodontidae,no,exists,42106
Chaetodon ephippium,36730,36730AF.jpg,Chaetodon_ephippium_FishPix_36730.jpg,https://fishpix.kahaku.go.jp/photos/NR0036/36730AF.jpg,Chaetodontidae,no,exists,63535
Chaetodon argentatus,36731,36731AF.jpg,Chaetodon_argentatus_FishPix_36731.jpg,https://fishpix.kahaku.go.jp/photos/NR0036/36731AF.jpg,Chaetodontidae,no,exists,69667
Chaetodon kleinii,36938,36938AF.jpg,Chaetodon_kleinii_FishPix_36938.jpg,https://fishpix.kahaku.go.jp/photos/NR0036/36938AF.jpg,Chaetodontidae,no,exists,60195
Chaetodon auriga,37065,37065AF.jpg,Chaetodon_auriga_FishPix_37065.jpg,https://fishpix.kahaku.go.jp/photos/NR0037/37065AF.jpg,Chaetodontidae,no,exists,27732
Forcipiger flavissimus,37070,37070AF.jpg,Forcipiger_flavissimus_FishPix_37070.jpg,https://fishpix.kahaku.go.jp/photos/NR0037/37070AF.jpg,Chaetodontidae,no,exists,35471
Chaetodon octofasciatus,37251,37251AF.jpg,Chaetodon_octofasciatus_FishPix_37251.jpg,https://fishpix.kahaku.go.jp/photos/NR0037/37251AF.jpg,Chaetodontidae,no,exists,55650
Chelmon rostratus,37483,37483AF.jpg,Chelmon_rostratus_FishPix_37483.jpg,https://fishpix.kahaku.go.jp/photos/NR0037/37483AF.jpg,Chaetodontidae,no,exists,52322
Chaetodon octofasciatus,37484,37484AF.jpg,Chaetodon_octofasciatus_FishPix_37484.jpg,https://fishpix.kahaku.go.jp/photos/NR0037/37484AF.jpg,Chaetodontidae,no,exists,57644
Forcipiger flavissimus,37604,37604AF.jpg,Forcipiger_flavissimus_FishPix_37604.jpg,https://fishpix.kahaku.go.jp/photos/NR0037/37604AF.jpg,Chaetodontidae,no,exists,65567
Chaetodon nippon,37605,37605AF.jpg,Chaetodon_nippon_FishPix_37605.jpg,https://fishpix.kahaku.go.jp/photos/NR0037/37605AF.jpg,Chaetodontidae,no,exists,71088
Chaetodon citrinellus,37606,37606AF.jpg,Chaetodon_citrinellus_FishPix_37606.jpg,https://fishpix.kahaku.go.jp/photos/NR0037/37606AF.jpg,Chaetodontidae,no,exists,53864
Chaetodon auripes,37621,37621AF.jpg,Chaetodon_auripes_FishPix_37621.jpg,https://fishpix.kahaku.go.jp/photos/NR0037/37621AF.jpg,Chaetodontidae,no,exists,82467
Chaetodon daedalma,37623,37623AF.jpg,Chaetodon_daedalma_FishPix_37623.jpg,https://fishpix.kahaku.go.jp/photos/NR0037/37623AF.jpg,Chaetodontidae,no,exists,89447
Heniochus diphreutes,37655,37655AF.jpg,Heniochus_diphreutes_FishPix_37655.jpg,https://fishpix.kahaku.go.jp/photos/NR0037/37655AF.jpg,Chaetodontidae,no,exists,30635
Chaetodon guentheri,37664,37664AF.jpg,Chaetodon_guentheri_FishPix_37664.jpg,https://fishpix.kahaku.go.jp/photos/NR0037/37664AF.jpg,Chaetodontidae,no,exists,48723
Chaetodon lineolatus,37681,37681AF.jpg,Chaetodon_lineolatus_FishPix_37681.jpg,https://fishpix.kahaku.go.jp/photos/NR0037/37681AF.jpg,Chaetodontidae,no,exists,48965
Heniochus diphreutes,37697,37697AF.jpg,Heniochus_diphreutes_FishPix_37697.jpg,https://fishpix.kahaku.go.jp/photos/NR0037/37697AF.jpg,Chaetodontidae,no,exists,30161
Chaetodon auriga,37701,37701AF.jpg,Chaetodon_auriga_FishPix_37701.jpg,https://fishpix.kahaku.go.jp/photos/NR0037/37701AF.jpg,Chaetodontidae,no,exists,41273
Heniochus chrysostomus,37866,37866AF.jpg,Heniochus_chrysostomus_FishPix_37866.jpg,https://fishpix.kahaku.go.jp/photos/NR0037/37866AF.jpg,Chaetodontidae,no,exists,49822
Chaetodon plebeius,37870,37870AF.jpg,Chaetodon_plebeius_FishPix_37870.jpg,https://fishpix.kahaku.go.jp/photos/NR0037/37870AF.jpg,Chaetodontidae,no,exists,56895
Heniochus diphreutes,37877,37877AF.jpg,Heniochus_diphreutes_FishPix_37877.jpg,https://fishpix.kahaku.go.jp/photos/NR0037/37877AF.jpg,Chaetodontidae,no,exists,37912
Heniochus chrysostomus,37885,37885AF.jpg,Heniochus_chrysostomus_FishPix_37885.jpg,https://fishpix.kahaku.go.jp/photos/NR0037/37885AF.jpg,Chaetodontidae,no,exists,93612
Chaetodon bennetti,37919,37919AF.jpg,Chaetodon_bennetti_FishPix_37919.jpg,https://fishpix.kahaku.go.jp/photos/NR0037/37919AF.jpg,Chaetodontidae,no,exists,46723
Roa modesta,37978,37978AF.jpg,Roa_modesta_FishPix_37978.jpg,https://fishpix.kahaku.go.jp/photos/NR0037/37978AF.jpg,Chaetodontidae,no,exists,82623
Coradion melanopus,38116,38116AF.jpg,Coradion_melanopus_FishPix_38116.jpg,https://fishpix.kahaku.go.jp/photos/NR0038/38116AF.jpg,Chaetodontidae,no,exists,37945
Chaetodon octofasciatus,38117,38117AF.jpg,Chaetodon_octofasciatus_FishPix_38117.jpg,https://fishpix.kahaku.go.jp/photos/NR0038/38117AF.jpg,Chaetodontidae,no,exists,65780
Chaetodon selene,38118,38118AF.jpg,Chaetodon_selene_FishPix_38118.jpg,https://fishpix.kahaku.go.jp/photos/NR0038/38118AF.jpg,Chaetodontidae,no,exists,30509
Chaetodon selene,38119,38119AF.jpg,Chaetodon_selene_FishPix_38119.jpg,https://fishpix.kahaku.go.jp/photos/NR0038/38119AF.jpg,Chaetodontidae,no,exists,48297
Chaetodon baronessa,38120,38120AF.jpg,Chaetodon_baronessa_FishPix_38120.jpg,https://fishpix.kahaku.go.jp/photos/NR0038/38120AF.jpg,Chaetodontidae,no,exists,44446
Chaetodon semeion,38321,38321AF.jpg,Chaetodon_semeion_FishPix_38321.jpg,https://fishpix.kahaku.go.jp/photos/NR0038/38321AF.jpg,Chaetodontidae,yes,exists,24595
Chaetodon reticulatus,38332,38332AF.jpg,Chaetodon_reticulatus_FishPix_38332.jpg,https://fishpix.kahaku.go.jp/photos/NR0038/38332AF.jpg,Chaetodontidae,no,exists,37468
Chaetodon adiergastos,38334,38334AF.jpg,Chaetodon_adiergastos_FishPix_38334.jpg,https://fishpix.kahaku.go.jp/photos/NR0038/38334AF.jpg,Chaetodontidae,no,exists,32164
Chaetodon adiergastos,38404,38404AF.jpg,Chaetodon_adiergastos_FishPix_38404.jpg,https://fishpix.kahaku.go.jp/photos/NR0038/38404AF.jpg,Chaetodontidae,no,exists,71025
Coradion melanopus,38405,38405AF.jpg,Coradion_melanopus_FishPix_38405.jpg,https://fishpix.kahaku.go.jp/photos/NR0038/38405AF.jpg,Chaetodontidae,no,exists,64369
Heniochus monoceros,3848,3848AF.jpg,Heniochus_monoceros_FishPix_3848.jpg,https://fishpix.kahaku.go.jp/photos/NR0003/3848AF.jpg,Chaetodontidae,no,exists,27648
Heniochus monoceros,3849,3849AF.jpg,Heniochus_monoceros_FishPix_3849.jpg,https://fishpix.kahaku.go.jp/photos/NR0003/3849AF.jpg,Chaetodontidae,no,exists,20480
Heniochus varius,3850,3850AF.jpg,Heniochus_varius_FishPix_3850.jpg,https://fishpix.kahaku.go.jp/photos/NR0003/3850AF.jpg,Chaetodontidae,no,exists,32768
Heniochus varius,3851,3851AF.jpg,Heniochus_varius_FishPix_3851.jpg,https://fishpix.kahaku.go.jp/photos/NR0003/3851AF.jpg,Chaetodontidae,no,exists,35840
Heniochus varius,3852,3852AF.jpg,Heniochus_varius_FishPix_3852.jpg,https://fishpix.kahaku.go.jp/photos/NR0003/3852AF.jpg,Chaetodontidae,no,exists,31744
Heniochus varius,3853,3853AF.jpg,Heniochus_varius_FishPix_3853.jpg,https://fishpix.kahaku.go.jp/photos/NR0003/3853AF.jpg,Chaetodontidae,no,exists,22528
Chaetodon unimaculatus,3854,3854AF.jpg,Chaetodon_unimaculatus_FishPix_3854.jpg,https://fishpix.kahaku.go.jp/photos/NR0003/3854AF.jpg,Chaetodontidae,no,exists,29696
Chaetodon lunulatus,3855,3855AF.jpg,Chaetodon_lunulatus_FishPix_3855.jpg,https://fishpix.kahaku.go.jp/photos/NR0003/3855AF.jpg,Chaetodontidae,no,exists,25600
Chaetodon lunulatus,3856,3856AF.jpg,Chaetodon_lunulatus_FishPix_3856.jpg,https://fishpix.kahaku.go.jp/photos/NR0003/3856AF.jpg,Chaetodontidae,no,exists,31744
Chaetodon ornatissimus,3857,3857AF.jpg,Chaetodon_ornatissimus_FishPix_3857.jpg,https://fishpix.kahaku.go.jp/photos/NR0003/3857AF.jpg,Chaetodontidae,no,exists,33792
Chaetodon ornatissimus,3858,3858AF.jpg,Chaetodon_ornatissimus_FishPix_3858.jpg,https://fishpix.kahaku.go.jp/photos/NR0003/3858AF.jpg,Chaetodontidae,no,exists,22528
Chaetodon ornatissimus,3859,3859AF.jpg,Chaetodon_ornatissimus_FishPix_3859.jpg,https://fishpix.kahaku.go.jp/photos/NR0003/3859AF.jpg,Chaetodontidae,no,exists,28672
Chaetodon ornatissimus,3860,3860AF.jpg,Chaetodon_ornatissimus_FishPix_3860.jpg,https://fishpix.kahaku.go.jp/photos/NR0003/3860AF.jpg,Chaetodontidae,no,exists,31744
Coradion altivelis,38608,38608AF.jpg,Coradion_altivelis_FishPix_38608.jpg,https://fishpix.kahaku.go.jp/photos/NR0038/38608AF.jpg,Chaetodontidae,no,exists,44324
Chaetodon lunulatus,3861,3861AF.jpg,Chaetodon_lunulatus_FishPix_3861.jpg,https://fishpix.kahaku.go.jp/photos/NR0003/3861AF.jpg,Chaetodontidae,no,exists,25600
Chaetodon lunulatus,3862,3862AF.jpg,Chaetodon_lunulatus_FishPix_3862.jpg,https://fishpix.kahaku.go.jp/photos/NR0003/3862AF.jpg,Chaetodontidae,no,exists,29696
Forcipiger flavissimus,3863,3863AF.jpg,Forcipiger_flavissimus_FishPix_3863.jpg,https://fishpix.kahaku.go.jp/photos/NR0003/3863AF.jpg,Chaetodontidae,no,exists,25600
Forcipiger flavissimus,3864,3864AF.jpg,Forcipiger_flavissimus_FishPix_3864.jpg,https://fishpix.kahaku.go.jp/photos/NR0003/3864AF.jpg,Chaetodontidae,no,exists,40960
Forcipiger flavissimus,3865,3865AF.jpg,Forcipiger_flavissimus_FishPix_3865.jpg,https://fishpix.kahaku.go.jp/photos/NR0003/3865AF.jpg,Chaetodontidae,no,exists,51200
Forcipiger flavissimus,3866,3866AF.jpg,Forcipiger_flavissimus_FishPix_3866.jpg,https://fishpix.kahaku.go.jp/photos/NR0003/3866AF.jpg,Chaetodontidae,no,exists,21504
Hemitaurichthys polylepis,3867,3867AF.jpg,Hemitaurichthys_polylepis_FishPix_3867.jpg,https://fishpix.kahaku.go.jp/photos/NR0003/3867AF.jpg,Chaetodontidae,no,exists,33792
Hemitaurichthys polylepis,3868,3868AF.jpg,Hemitaurichthys_polylepis_FishPix_3868.jpg,https://fishpix.kahaku.go.jp/photos/NR0003/3868AF.jpg,Chaetodontidae,no,exists,22528
Chaetodon argentatus,3869,3869AF.jpg,Chaetodon_argentatus_FishPix_3869.jpg,https://fishpix.kahaku.go.jp/photos/NR0003/3869AF.jpg,Chaetodontidae,no,exists,30720
Chaetodon argentatus,3870,3870AF.jpg,Chaetodon_argentatus_FishPix_3870.jpg,https://fishpix.kahaku.go.jp/photos/NR0003/3870AF.jpg,Chaetodontidae,no,exists,24576
Roa modesta,3871,3871AF.jpg,Roa_modesta_FishPix_3871.jpg,https://fishpix.kahaku.go.jp/photos/NR0003/3871AF.jpg,Chaetodontidae,no,exists,22528
Roa modesta,3872,3872AF.jpg,Roa_modesta_FishPix_3872.jpg,https://fishpix.kahaku.go.jp/photos/NR0003/3872AF.jpg,Chaetodontidae,no,exists,19456
Roa modesta,3873,3873AF.jpg,Roa_modesta_FishPix_3873.jpg,https://fishpix.kahaku.go.jp/photos/NR0003/3873AF.jpg,Chaetodontidae,no,exists,17408
Roa modesta,3874,3874AF.jpg,Roa_modesta_FishPix_3874.jpg,https://fishpix.kahaku.go.jp/photos/NR0003/3874AF.jpg,Chaetodontidae,no,exists,38912
Roa modesta,3875,3875AF.jpg,Roa_modesta_FishPix_3875.jpg,https://fishpix.kahaku.go.jp/photos/NR0003/3875AF.jpg,Chaetodontidae,no,exists,46080
Roa modesta,3876,3876AF.jpg,Roa_modesta_FishPix_3876.jpg,https://fishpix.kahaku.go.jp/photos/NR0003/3876AF.jpg,Chaetodontidae,no,exists,36864
Heniochus acuminatus,38766,38766AF.jpg,Heniochus_acuminatus_FishPix_38766.jpg,https://fishpix.kahaku.go.jp/photos/NR0038/38766AF.jpg,Chaetodontidae,no,exists,22661
Roa modesta,3877,3877AF.jpg,Roa_modesta_FishPix_3877.jpg,https://fishpix.kahaku.go.jp/photos/NR0003/3877AF.jpg,Chaetodontidae,no,exists,43008
Roa modesta,3878,3878AF.jpg,Roa_modesta_FishPix_3878.jpg,https://fishpix.kahaku.go.jp/photos/NR0003/3878AF.jpg,Chaetodontidae,no,exists,33792
Chaetodon daedalma,3879,3879AF.jpg,Chaetodon_daedalma_FishPix_3879.jpg,https://fishpix.kahaku.go.jp/photos/NR0003/3879AF.jpg,Chaetodontidae,no,exists,32768
Chaetodon daedalma,3880,3880AF.jpg,Chaetodon_daedalma_FishPix_3880.jpg,https://fishpix.kahaku.go.jp/photos/NR0003/3880AF.jpg,Chaetodontidae,no,exists,43008
Chaetodon daedalma,3881,3881AF.jpg,Chaetodon_daedalma_FishPix_3881.jpg,https://fishpix.kahaku.go.jp/photos/NR0003/3881AF.jpg,Chaetodontidae,no,exists,26624
Chaetodon daedalma,3882,3882AF.jpg,Chaetodon_daedalma_FishPix_3882.jpg,https://fishpix.kahaku.go.jp/photos/NR0003/3882AF.jpg,Chaetodontidae,no,exists,49152
Chaetodon nippon,3883,3883AF.jpg,Chaetodon_nippon_FishPix_3883.jpg,https://fishpix.kahaku.go.jp/photos/NR0003/3883AF.jpg,Chaetodontidae,no,exists,31744
Chaetodon nippon,3884,3884AF.jpg,Chaetodon_nippon_FishPix_3884.jpg,https://fishpix.kahaku.go.jp/photos/NR0003/3884AF.jpg,Chaetodontidae,no,exists,40960
Chaetodon nippon,3885,3885AF.jpg,Chaetodon_nippon_FishPix_3885.jpg,https://fishpix.kahaku.go.jp/photos/NR0003/3885AF.jpg,Chaetodontidae,no,exists,33792
Chaetodon nippon,3886,3886AF.jpg,Chaetodon_nippon_FishPix_3886.jpg,https://fishpix.kahaku.go.jp/photos/NR0003/3886AF.jpg,Chaetodontidae,no,exists,35840
Chaetodon nippon,3887,3887AF.jpg,Chaetodon_nippon_FishPix_3887.jpg,https://fishpix.kahaku.go.jp/photos/NR0003/3887AF.jpg,Chaetodontidae,no,exists,44032
Chaetodon nippon,3888,3888AF.jpg,Chaetodon_nippon_FishPix_3888.jpg,https://fishpix.kahaku.go.jp/photos/NR0003/3888AF.jpg,Chaetodontidae,no,exists,16384
Chaetodon nippon,3889,3889AF.jpg,Chaetodon_nippon_FishPix_3889.jpg,https://fishpix.kahaku.go.jp/photos/NR0003/3889AF.jpg,Chaetodontidae,no,exists,14336
Coradion altivelis,3890,3890AF.jpg,Coradion_altivelis_FishPix_3890.jpg,https://fishpix.kahaku.go.jp/photos/NR0003/3890AF.jpg,Chaetodontidae,no,exists,41984
Coradion altivelis,3892,3892AF.jpg,Coradion_altivelis_FishPix_3892.jpg,https://fishpix.kahaku.go.jp/photos/NR0003/3892AF.jpg,Chaetodontidae,no,exists,25600
Chaetodon auripes,3894,3894AF.jpg,Chaetodon_auripes_FishPix_3894.jpg,https://fishpix.kahaku.go.jp/photos/NR0003/3894AF.jpg,Chaetodontidae,no,exists,25600
Chaetodon auripes,3895,3895AF.jpg,Chaetodon_auripes_FishPix_3895.jpg,https://fishpix.kahaku.go.jp/photos/NR0003/3895AF.jpg,Chaetodontidae,no,exists,27648
Chaetodon guentheri,3896,3896AF.jpg,Chaetodon_guentheri_FishPix_3896.jpg,https://fishpix.kahaku.go.jp/photos/NR0003/3896AF.jpg,Chaetodontidae,no,exists,23552
Chaetodon guentheri,3897,3897AF.jpg,Chaetodon_guentheri_FishPix_3897.jpg,https://fishpix.kahaku.go.jp/photos/NR0003/3897AF.jpg,Chaetodontidae,no,exists,35840
Chaetodon vagabundus,3898,3898AF.jpg,Chaetodon_vagabundus_FishPix_3898.jpg,https://fishpix.kahaku.go.jp/photos/NR0003/3898AF.jpg,Chaetodontidae,no,exists,23552
Chaetodon vagabundus,3899,3899AF.jpg,Chaetodon_vagabundus_FishPix_3899.jpg,https://fishpix.kahaku.go.jp/photos/NR0003/3899AF.jpg,Chaetodontidae,no,exists,26624
Chaetodon vagabundus,3900,3900AF.jpg,Chaetodon_vagabundus_FishPix_3900.jpg,https://fishpix.kahaku.go.jp/photos/NR0003/3900AF.jpg,Chaetodontidae,no,exists,26624
Heniochus acuminatus,3901,3901AF.jpg,Heniochus_acuminatus_FishPix_3901.jpg,https://fishpix.kahaku.go.jp/photos/NR0003/3901AF.jpg,Chaetodontidae,no,exists,17408
Heniochus diphreutes,3902,3902AF.jpg,Heniochus_diphreutes_FishPix_3902.jpg,https://fishpix.kahaku.go.jp/photos/NR0003/3902AF.jpg,Chaetodontidae,no,exists,38912
Chaetodon auripes,39144,39144AF.jpg,Chaetodon_auripes_FishPix_39144.jpg,https://fishpix.kahaku.go.jp/photos/NR0039/39144AF.jpg,Chaetodontidae,no,exists,77866
Heniochus diphreutes,39326,39326AF.jpg,Heniochus_diphreutes_FishPix_39326.jpg,https://fishpix.kahaku.go.jp/photos/NR0039/39326AF.jpg,Chaetodontidae,no,exists,64187
Chaetodon auriga,39334,39334AF.jpg,Chaetodon_auriga_FishPix_39334.jpg,https://fishpix.kahaku.go.jp/photos/NR0039/39334AF.jpg,Chaetodontidae,no,exists,47689
Heniochus diphreutes,39395,39395AF.jpg,Heniochus_diphreutes_FishPix_39395.jpg,https://fishpix.kahaku.go.jp/photos/NR0039/39395AF.jpg,Chaetodontidae,no,exists,70150
Heniochus diphreutes,39451,39451AF.jpg,Heniochus_diphreutes_FishPix_39451.jpg,https://fishpix.kahaku.go.jp/photos/NR0039/39451AF.jpg,Chaetodontidae,no,exists,27287
Chaetodon auripes,39588,39588AF.jpg,Chaetodon_auripes_FishPix_39588.jpg,https://fishpix.kahaku.go.jp/photos/NR0039/39588AF.jpg,Chaetodontidae,no,exists,64449
Parachaetodon ocellatus,39671,39671AF.jpg,Parachaetodon_ocellatus_FishPix_39671.jpg,https://fishpix.kahaku.go.jp/photos/NR0039/39671AF.jpg,Chaetodontidae,no,exists,121307
Parachaetodon ocellatus,39672,39672AF.jpg,Parachaetodon_ocellatus_FishPix_39672.jpg,https://fishpix.kahaku.go.jp/photos/NR0039/39672AF.jpg,Chaetodontidae,no,exists,87254
Chaetodon semeion,39692,39692AF.jpg,Chaetodon_semeion_FishPix_39692.jpg,https://fishpix.kahaku.go.jp/photos/NR0039/39692AF.jpg,Chaetodontidae,no,exists,65410
Chaetodon kleinii,40215,40215AF.jpg,Chaetodon_kleinii_FishPix_40215.jpg,https://fishpix.kahaku.go.jp/photos/NR0040/40215AF.jpg,Chaetodontidae,no,exists,67677
Chaetodon guentheri,40217,40217AF.jpg,Chaetodon_guentheri_FishPix_40217.jpg,https://fishpix.kahaku.go.jp/photos/NR0040/40217AF.jpg,Chaetodontidae,no,exists,12212
Chaetodon rafflesii,40218,40218AF.jpg,Chaetodon_rafflesii_FishPix_40218.jpg,https://fishpix.kahaku.go.jp/photos/NR0040/40218AF.jpg,Chaetodontidae,no,exists,81063
Heniochus varius,40219,40219AF.jpg,Heniochus_varius_FishPix_40219.jpg,https://fishpix.kahaku.go.jp/photos/NR0040/40219AF.jpg,Chaetodontidae,no,exists,119342
Hemitaurichthys polylepis,40221,40221AF.jpg,Hemitaurichthys_polylepis_FishPix_40221.jpg,https://fishpix.kahaku.go.jp/photos/NR0040/40221AF.jpg,Chaetodontidae,no,exists,27137
Chaetodon plebeius,40222,40222AF.jpg,Chaetodon_plebeius_FishPix_40222.jpg,https://fishpix.kahaku.go.jp/photos/NR0040/40222AF.jpg,Chaetodontidae,no,exists,38349
Chaetodon auripes,40223,40223AF.jpg,Chaetodon_auripes_FishPix_40223.jpg,https://fishpix.kahaku.go.jp/photos/NR0040/40223AF.jpg,Chaetodontidae,no,exists,94775
Chaetodon speculum,40224,40224AF.jpg,Chaetodon_speculum_FishPix_40224.jpg,https://fishpix.kahaku.go.jp/photos/NR0040/40224AF.jpg,Chaetodontidae,no,exists,59186
Chaetodon lineolatus,40225,40225AF.jpg,Chaetodon_lineolatus_FishPix_40225.jpg,https://fishpix.kahaku.go.jp/photos/NR0040/40225AF.jpg,Chaetodontidae,no,exists,63316
Chaetodon lunulatus,40226,40226AF.jpg,Chaetodon_lunulatus_FishPix_40226.jpg,https://fishpix.kahaku.go.jp/photos/NR0040/40226AF.jpg,Chaetodontidae,no,exists,90261
Heniochus chrysostomus,40227,40227AF.jpg,Heniochus_chrysostomus_FishPix_40227.jpg,https://fishpix.kahaku.go.jp/photos/NR0040/40227AF.jpg,Chaetodontidae,no,exists,77297
Chaetodon trifascialis,40228,40228AF.jpg,Chaetodon_trifascialis_FishPix_40228.jpg,https://fishpix.kahaku.go.jp/photos/NR0040/40228AF.jpg,Chaetodontidae,no,exists,72603
Chaetodon auriga,40229,40229AF.jpg,Chaetodon_auriga_FishPix_40229.jpg,https://fishpix.kahaku.go.jp/photos/NR0040/40229AF.jpg,Chaetodontidae,no,exists,41166
Chaetodon vagabundus,40230,40230AF.jpg,Chaetodon_vagabundus_FishPix_40230.jpg,https://fishpix.kahaku.go.jp/photos/NR0040/40230AF.jpg,Chaetodontidae,no,exists,74255
Chaetodon ulietensis,40233,40233AF.jpg,Chaetodon_ulietensis_FishPix_40233.jpg,https://fishpix.kahaku.go.jp/photos/NR0040/40233AF.jpg,Chaetodontidae,no,exists,87364
Chaetodon ornatissimus,40234,40234AF.jpg,Chaetodon_ornatissimus_FishPix_40234.jpg,https://fishpix.kahaku.go.jp/photos/NR0040/40234AF.jpg,Chaetodontidae,no,exists,93084
Chaetodon vagabundus,40235,40235AF.jpg,Chaetodon_vagabundus_FishPix_40235.jpg,https://fishpix.kahaku.go.jp/photos/NR0040/40235AF.jpg,Chaetodontidae,no,exists,37470
Chaetodon lunula,40236,40236AF.jpg,Chaetodon_lunula_FishPix_40236.jpg,https://fishpix.kahaku.go.jp/photos/NR0040/40236AF.jpg,Chaetodontidae,no,exists,80893
Chaetodon baronessa,40237,40237AF.jpg,Chaetodon_baronessa_FishPix_40237.jpg,https://fishpix.kahaku.go.jp/photos/NR0040/40237AF.jpg,Chaetodontidae,no,exists,89897
Heniochus acuminatus,40239,40239AF.jpg,Heniochus_acuminatus_FishPix_40239.jpg,https://fishpix.kahaku.go.jp/photos/NR0040/40239AF.jpg,Chaetodontidae,no,exists,28001
Chaetodon unimaculatus,40240,40240AF.jpg,Chaetodon_unimaculatus_FishPix_40240.jpg,https://fishpix.kahaku.go.jp/photos/NR0040/40240AF.jpg,Chaetodontidae,no,exists,47154
Heniochus diphreutes,40243,40243AF.jpg,Heniochus_diphreutes_FishPix_40243.jpg,https://fishpix.kahaku.go.jp/photos/NR0040/40243AF.jpg,Chaetodontidae,no,exists,55560
Chaetodon citrinellus,40245,40245AF.jpg,Chaetodon_citrinellus_FishPix_40245.jpg,https://fishpix.kahaku.go.jp/photos/NR0040/40245AF.jpg,Chaetodontidae,no,exists,82214
Heniochus monoceros,40247,40247AF.jpg,Heniochus_monoceros_FishPix_40247.jpg,https://fishpix.kahaku.go.jp/photos/NR0040/40247AF.jpg,Chaetodontidae,no,exists,25085
Heniochus acuminatus,40248,40248AF.jpg,Heniochus_acuminatus_FishPix_40248.jpg,https://fishpix.kahaku.go.jp/photos/NR0040/40248AF.jpg,Chaetodontidae,no,exists,29515
Heniochus monoceros,40250,40250AF.jpg,Heniochus_monoceros_FishPix_40250.jpg,https://fishpix.kahaku.go.jp/photos/NR0040/40250AF.jpg,Chaetodontidae,no,exists,49981
Chaetodon bennetti,40251,40251AF.jpg,Chaetodon_bennetti_FishPix_40251.jpg,https://fishpix.kahaku.go.jp/photos/NR0040/40251AF.jpg,Chaetodontidae,no,exists,27899
Chaetodon melannotus,40252,40252AF.jpg,Chaetodon_melannotus_FishPix_40252.jpg,https://fishpix.kahaku.go.jp/photos/NR0040/40252AF.jpg,Chaetodontidae,no,exists,65239
Chaetodon nippon,40253,40253AF.jpg,Chaetodon_nippon_FishPix_40253.jpg,https://fishpix.kahaku.go.jp/photos/NR0040/40253AF.jpg,Chaetodontidae,no,exists,17157
Coradion altivelis,40254,40254AF.jpg,Coradion_altivelis_FishPix_40254.jpg,https://fishpix.kahaku.go.jp/photos/NR0040/40254AF.jpg,Chaetodontidae,no,exists,48530
Chaetodon argentatus,40256,40256AF.jpg,Chaetodon_argentatus_FishPix_40256.jpg,https://fishpix.kahaku.go.jp/photos/NR0040/40256AF.jpg,Chaetodontidae,no,exists,95114
Heniochus diphreutes,40257,40257AF.jpg,Heniochus_diphreutes_FishPix_40257.jpg,https://fishpix.kahaku.go.jp/photos/NR0040/40257AF.jpg,Chaetodontidae,no,exists,20202
Chaetodon ephippium,40259,40259AF.jpg,Chaetodon_ephippium_FishPix_40259.jpg,https://fishpix.kahaku.go.jp/photos/NR0040/40259AF.jpg,Chaetodontidae,no,exists,75662
Chaetodon lunulatus,40265,40265AF.jpg,Chaetodon_lunulatus_FishPix_40265.jpg,https://fishpix.kahaku.go.jp/photos/NR0040/40265AF.jpg,Chaetodontidae,no,exists,57099
Chaetodon melannotus,40382,40382AF.jpg,Chaetodon_melannotus_FishPix_40382.jpg,https://fishpix.kahaku.go.jp/photos/NR0040/40382AF.jpg,Chaetodontidae,no,exists,105730
Chaetodon melannotus,40391,40391AF.jpg,Chaetodon_melannotus_FishPix_40391.jpg,https://fishpix.kahaku.go.jp/photos/NR0040/40391AF.jpg,Chaetodontidae,no,exists,87105
Chaetodon vagabundus,40592,40592AF.jpg,Chaetodon_vagabundus_FishPix_40592.jpg,https://fishpix.kahaku.go.jp/photos/NR0040/40592AF.jpg,Chaetodontidae,no,exists,87047
Chaetodon wiebeli,40692,40692AF.jpg,Chaetodon_wiebeli_FishPix_40692.jpg,https://fishpix.kahaku.go.jp/photos/NR0040/40692AF.jpg,Chaetodontidae,no,exists,93582
Chaetodon punctatofasciatus,40698,40698AF.jpg,Chaetodon_punctatofasciatus_FishPix_40698.jpg,https://fishpix.kahaku.go.jp/photos/NR0040/40698AF.jpg,Chaetodontidae,no,exists,123730
Chaetodon guentheri,40701,40701AF.jpg,Chaetodon_guentheri_FishPix_40701.jpg,https://fishpix.kahaku.go.jp/photos/NR0040/40701AF.jpg,Chaetodontidae,no,exists,56724
Chaetodon reticulatus,40711,40711AF.jpg,Chaetodon_reticulatus_FishPix_40711.jpg,https://fishpix.kahaku.go.jp/photos/NR0040/40711AF.jpg,Chaetodontidae,no,exists,109724
Chaetodon baronessa,40720,40720AF.jpg,Chaetodon_baronessa_FishPix_40720.jpg,https://fishpix.kahaku.go.jp/photos/NR0040/40720AF.jpg,Chaetodontidae,no,exists,121974
Chaetodon xanthurus,40725,40725AF.jpg,Chaetodon_xanthurus_FishPix_40725.jpg,https://fishpix.kahaku.go.jp/photos/NR0040/40725AF.jpg,Chaetodontidae,no,exists,67373
Coradion chrysozonus,40739,40739AF.jpg,Coradion_chrysozonus_FishPix_40739.jpg,https://fishpix.kahaku.go.jp/photos/NR0040/40739AF.jpg,Chaetodontidae,no,exists,64204
Chaetodon adiergastos,40743,40743AF.jpg,Chaetodon_adiergastos_FishPix_40743.jpg,https://fishpix.kahaku.go.jp/photos/NR0040/40743AF.jpg,Chaetodontidae,no,exists,77925
Chaetodon octofasciatus,40751,40751AF.jpg,Chaetodon_octofasciatus_FishPix_40751.jpg,https://fishpix.kahaku.go.jp/photos/NR0040/40751AF.jpg,Chaetodontidae,yes,exists,98825
Chaetodon lunulatus,40770,40770AF.jpg,Chaetodon_lunulatus_FishPix_40770.jpg,https://fishpix.kahaku.go.jp/photos/NR0040/40770AF.jpg,Chaetodontidae,no,exists,94641
Chaetodon adiergastos,4078,4078AF.jpg,Chaetodon_adiergastos_FishPix_4078.jpg,https://fishpix.kahaku.go.jp/photos/NR0004/4078AF.jpg,Chaetodontidae,no,exists,31744
Heniochus diphreutes,4080,4080AF.jpg,Heniochus_diphreutes_FishPix_4080.jpg,https://fishpix.kahaku.go.jp/photos/NR0004/4080AF.jpg,Chaetodontidae,no,exists,26624
Heniochus varius,4081,4081AF.jpg,Heniochus_varius_FishPix_4081.jpg,https://fishpix.kahaku.go.jp/photos/NR0004/4081AF.jpg,Chaetodontidae,no,exists,60416
Chaetodon unimaculatus,4087,4087AF.jpg,Chaetodon_unimaculatus_FishPix_4087.jpg,https://fishpix.kahaku.go.jp/photos/NR0004/4087AF.jpg,Chaetodontidae,no,exists,26624
Chaetodon guentheri,40907,40907AF.jpg,Chaetodon_guentheri_FishPix_40907.jpg,https://fishpix.kahaku.go.jp/photos/NR0040/40907AF.jpg,Chaetodontidae,no,exists,151167
Heniochus varius,40992,40992AF.jpg,Heniochus_varius_FishPix_40992.jpg,https://fishpix.kahaku.go.jp/photos/NR0040/40992AF.jpg,Chaetodontidae,no,exists,140278
Hemitaurichthys polylepis,40993,40993AF.jpg,Hemitaurichthys_polylepis_FishPix_40993.jpg,https://fishpix.kahaku.go.jp/photos/NR0040/40993AF.jpg,Chaetodontidae,no,exists,48237
Chaetodon auriga,40994,40994AF.jpg,Chaetodon_auriga_FishPix_40994.jpg,https://fishpix.kahaku.go.jp/photos/NR0040/40994AF.jpg,Chaetodontidae,no,exists,110181
Chaetodon auripes,40995,40995AF.jpg,Chaetodon_auripes_FishPix_40995.jpg,https://fishpix.kahaku.go.jp/photos/NR0040/40995AF.jpg,Chaetodontidae,no,exists,107154
Chaetodon humeralis,4111,4111AF.jpg,Chaetodon_humeralis_FishPix_4111.jpg,https://fishpix.kahaku.go.jp/photos/NR0004/4111AF.jpg,Chaetodontidae,no,exists,27648
Johnrandallia nigrirostris,4114,4114AF.jpg,Johnrandallia_nigrirostris_FishPix_4114.jpg,https://fishpix.kahaku.go.jp/photos/NR0004/4114AF.jpg,Chaetodontidae,no,exists,22528
Unknown,41359,41359AF.jpg,Unknown_FishPix_41359.jpg,https://fishpix.kahaku.go.jp/photos/NR0041/41359AF.jpg,Chaetodontidae,no,exists,54501
Chaetodon wiebeli,41360,41360AF.jpg,Chaetodon_wiebeli_FishPix_41360.jpg,https://fishpix.kahaku.go.jp/photos/NR0041/41360AF.jpg,Chaetodontidae,no,exists,36198
Heniochus diphreutes,4137,4137AF.jpg,Heniochus_diphreutes_FishPix_4137.jpg,https://fishpix.kahaku.go.jp/photos/NR0004/4137AF.jpg,Chaetodontidae,no,exists,18432
Hemitaurichthys zoster,4140,4140AF.jpg,Hemitaurichthys_zoster_FishPix_4140.jpg,https://fishpix.kahaku.go.jp/photos/NR0004/4140AF.jpg,Chaetodontidae,no,exists,22528
Chaetodon vagabundus,41455,41455AF.jpg,Chaetodon_vagabundus_FishPix_41455.jpg,https://fishpix.kahaku.go.jp/photos/NR0041/41455AF.jpg,Chaetodontidae,no,exists,51249
Chaetodon ephippium,41456,41456AF.jpg,Chaetodon_ephippium_FishPix_41456.jpg,https://fishpix.kahaku.go.jp/photos/NR0041/41456AF.jpg,Chaetodontidae,no,exists,52814
Chaetodon lunula,41457,41457AF.jpg,Chaetodon_lunula_FishPix_41457.jpg,https://fishpix.kahaku.go.jp/photos/NR0041/41457AF.jpg,Chaetodontidae,no,exists,58833
Chaetodon auripes,4149,4149AF.jpg,Chaetodon_auripes_FishPix_4149.jpg,https://fishpix.kahaku.go.jp/photos/NR0004/4149AF.jpg,Chaetodontidae,no,exists,30720
Chaetodon auriga,41518,41518AF.jpg,Chaetodon_auriga_FishPix_41518.jpg,https://fishpix.kahaku.go.jp/photos/NR0041/41518AF.jpg,Chaetodontidae,no,exists,45854
Heniochus acuminatus,41542,41542AF.jpg,Heniochus_acuminatus_FishPix_41542.jpg,https://fishpix.kahaku.go.jp/photos/NR0041/41542AF.jpg,Chaetodontidae,no,exists,39660
Heniochus diphreutes,41776,41776AF.jpg,Heniochus_diphreutes_FishPix_41776.jpg,https://fishpix.kahaku.go.jp/photos/NR0041/41776AF.jpg,Chaetodontidae,no,exists,75288
Heniochus diphreutes,41777,41777AF.jpg,Heniochus_diphreutes_FishPix_41777.jpg,https://fishpix.kahaku.go.jp/photos/NR0041/41777AF.jpg,Chaetodontidae,no,exists,73861
Chaetodon melannotus,41778,41778AF.jpg,Chaetodon_melannotus_FishPix_41778.jpg,https://fishpix.kahaku.go.jp/photos/NR0041/41778AF.jpg,Chaetodontidae,no,exists,100369
Chaetodon auripes,41779,41779AF.jpg,Chaetodon_auripes_FishPix_41779.jpg,https://fishpix.kahaku.go.jp/photos/NR0041/41779AF.jpg,Chaetodontidae,no,exists,116171
Chaetodon daedalma,4188,4188AF.jpg,Chaetodon_daedalma_FishPix_4188.jpg,https://fishpix.kahaku.go.jp/photos/NR0004/4188AF.jpg,Chaetodontidae,no,exists,30720
Chaetodon daedalma,42008,42008AF.jpg,Chaetodon_daedalma_FishPix_42008.jpg,https://fishpix.kahaku.go.jp/photos/NR0042/42008AF.jpg,Chaetodontidae,no,exists,99835
Chaetodon kleinii,42009,42009AF.jpg,Chaetodon_kleinii_FishPix_42009.jpg,https://fishpix.kahaku.go.jp/photos/NR0042/42009AF.jpg,Chaetodontidae,no,exists,58977
Chaetodon ulietensis,42130,42130AF.jpg,Chaetodon_ulietensis_FishPix_42130.jpg,https://fishpix.kahaku.go.jp/photos/NR0042/42130AF.jpg,Chaetodontidae,no,exists,31774
Chaetodon citrinellus,42139,42139AF.jpg,Chaetodon_citrinellus_FishPix_42139.jpg,https://fishpix.kahaku.go.jp/photos/NR0042/42139AF.jpg,Chaetodontidae,no,exists,48609
Chaetodon plebeius,42374,42374AF.jpg,Chaetodon_plebeius_FishPix_42374.jpg,https://fishpix.kahaku.go.jp/photos/NR0042/42374AF.jpg,Chaetodontidae,no,exists,62343
Chaetodon argentatus,42376,42376AF.jpg,Chaetodon_argentatus_FishPix_42376.jpg,https://fishpix.kahaku.go.jp/photos/NR0042/42376AF.jpg,Chaetodontidae,no,exists,73749
Chaetodon ephippium,42416,42416AF.jpg,Chaetodon_ephippium_FishPix_42416.jpg,https://fishpix.kahaku.go.jp/photos/NR0042/42416AF.jpg,Chaetodontidae,no,exists,67596
Chaetodon vagabundus,42468,42468AF.jpg,Chaetodon_vagabundus_FishPix_42468.jpg,https://fishpix.kahaku.go.jp/photos/NR0042/42468AF.jpg,Chaetodontidae,no,exists,72808
Chaetodon vagabundus,42469,42469AF.jpg,Chaetodon_vagabundus_FishPix_42469.jpg,https://fishpix.kahaku.go.jp/photos/NR0042/42469AF.jpg,Chaetodontidae,no,exists,73113
Chaetodon lunula,42504,42504AF.jpg,Chaetodon_lunula_FishPix_42504.jpg,https://fishpix.kahaku.go.jp/photos/NR0042/42504AF.jpg,Chaetodontidae,no,exists,75366
Chaetodon lunula,42505,42505AF.jpg,Chaetodon_lunula_FishPix_42505.jpg,https://fishpix.kahaku.go.jp/photos/NR0042/42505AF.jpg,Chaetodontidae,no,exists,74270
Chaetodon vagabundus,42512,42512AF.jpg,Chaetodon_vagabundus_FishPix_42512.jpg,https://fishpix.kahaku.go.jp/photos/NR0042/42512AF.jpg,Chaetodontidae,no,exists,72005
Chaetodon vagabundus,42513,42513AF.jpg,Chaetodon_vagabundus_FishPix_42513.jpg,https://fishpix.kahaku.go.jp/photos/NR0042/42513AF.jpg,Chaetodontidae,no,exists,74166
Chaetodon auriga,42514,42514AF.jpg,Chaetodon_auriga_FishPix_42514.jpg,https://fishpix.kahaku.go.jp/photos/NR0042/42514AF.jpg,Chaetodontidae,no,exists,62391
Chaetodon auriga,42515,42515AF.jpg,Chaetodon_auriga_FishPix_42515.jpg,https://fishpix.kahaku.go.jp/photos/NR0042/42515AF.jpg,Chaetodontidae,no,exists,69714
Chaetodon citrinellus,42525,42525AF.jpg,Chaetodon_citrinellus_FishPix_42525.jpg,https://fishpix.kahaku.go.jp/photos/NR0042/42525AF.jpg,Chaetodontidae,no,exists,73305
Chaetodon lunulatus,42526,42526AF.jpg,Chaetodon_lunulatus_FishPix_42526.jpg,https://fishpix.kahaku.go.jp/photos/NR0042/42526AF.jpg,Chaetodontidae,no,exists,68842
Chaetodon citrinellus,42527,42527AF.jpg,Chaetodon_citrinellus_FishPix_42527.jpg,https://fishpix.kahaku.go.jp/photos/NR0042/42527AF.jpg,Chaetodontidae,no,exists,71707
Chaetodon speculum,4275,4275AF.jpg,Chaetodon_speculum_FishPix_4275.jpg,https://fishpix.kahaku.go.jp/photos/NR0004/4275AF.jpg,Chaetodontidae,no,exists,39936
Chaetodon ephippium,43437,43437AF.jpg,Chaetodon_ephippium_FishPix_43437.jpg,https://fishpix.kahaku.go.jp/photos/NR0043/43437AF.jpg,Chaetodontidae,no,exists,56667
Chaetodon melannotus,43439,43439AF.jpg,Chaetodon_melannotus_FishPix_43439.jpg,https://fishpix.kahaku.go.jp/photos/NR0043/43439AF.jpg,Chaetodontidae,no,exists,72142
Chaetodon vagabundus,43440,43440AF.jpg,Chaetodon_vagabundus_FishPix_43440.jpg,https://fishpix.kahaku.go.jp/photos/NR0043/43440AF.jpg,Chaetodontidae,no,exists,57544
Heniochus chrysostomus,43442,43442AF.jpg,Heniochus_chrysostomus_FishPix_43442.jpg,https://fishpix.kahaku.go.jp/photos/NR0043/43442AF.jpg,Chaetodontidae,no,exists,65138
Chaetodon kleinii,43966,43966AF.jpg,Chaetodon_kleinii_FishPix_43966.jpg,https://fishpix.kahaku.go.jp/photos/NR0043/43966AF.jpg,Chaetodontidae,no,exists,71988
Chaetodon auripes,43983,43983AF.jpg,Chaetodon_auripes_FishPix_43983.jpg,https://fishpix.kahaku.go.jp/photos/NR0043/43983AF.jpg,Chaetodontidae,no,exists,65179
Chaetodon rafflesii,44011,44011AF.jpg,Chaetodon_rafflesii_FishPix_44011.jpg,https://fishpix.kahaku.go.jp/photos/NR0044/44011AF.jpg,Chaetodontidae,no,exists,82757
Chaetodon lineolatus,44034,44034AF.jpg,Chaetodon_lineolatus_FishPix_44034.jpg,https://fishpix.kahaku.go.jp/photos/NR0044/44034AF.jpg,Chaetodontidae,no,exists,73450
Chaetodon trifascialis,44035,44035AF.jpg,Chaetodon_trifascialis_FishPix_44035.jpg,https://fishpix.kahaku.go.jp/photos/NR0044/44035AF.jpg,Chaetodontidae,no,exists,62748
Forcipiger flavissimus,4435,4435AF.jpg,Forcipiger_flavissimus_FishPix_4435.jpg,https://fishpix.kahaku.go.jp/photos/NR0004/4435AF.jpg,Chaetodontidae,no,exists,30720
Chaetodon trifascialis,4436,4436AF.jpg,Chaetodon_trifascialis_FishPix_4436.jpg,https://fishpix.kahaku.go.jp/photos/NR0004/4436AF.jpg,Chaetodontidae,no,exists,22528
Chaetodon plebeius,4437,4437AF.jpg,Chaetodon_plebeius_FishPix_4437.jpg,https://fishpix.kahaku.go.jp/photos/NR0004/4437AF.jpg,Chaetodontidae,no,exists,20480
Chaetodon unimaculatus,4438,4438AF.jpg,Chaetodon_unimaculatus_FishPix_4438.jpg,https://fishpix.kahaku.go.jp/photos/NR0004/4438AF.jpg,Chaetodontidae,no,exists,22528
Chaetodon argentatus,4439,4439AF.jpg,Chaetodon_argentatus_FishPix_4439.jpg,https://fishpix.kahaku.go.jp/photos/NR0004/4439AF.jpg,Chaetodontidae,no,exists,23552
Chaetodon auriga,4440,4440AF.jpg,Chaetodon_auriga_FishPix_4440.jpg,https://fishpix.kahaku.go.jp/photos/NR0004/4440AF.jpg,Chaetodontidae,no,exists,17408
Chaetodon vagabundus,4441,4441AF.jpg,Chaetodon_vagabundus_FishPix_4441.jpg,https://fishpix.kahaku.go.jp/photos/NR0004/4441AF.jpg,Chaetodontidae,no,exists,27648
Chaetodon lunula,4442,4442AF.jpg,Chaetodon_lunula_FishPix_4442.jpg,https://fishpix.kahaku.go.jp/photos/NR0004/4442AF.jpg,Chaetodontidae,no,exists,17408
Chaetodon auripes,4443,4443AF.jpg,Chaetodon_auripes_FishPix_4443.jpg,https://fishpix.kahaku.go.jp/photos/NR0004/4443AF.jpg,Chaetodontidae,no,exists,30720
Chaetodon wiebeli,4444,4444AF.jpg,Chaetodon_wiebeli_FishPix_4444.jpg,https://fishpix.kahaku.go.jp/photos/NR0004/4444AF.jpg,Chaetodontidae,no,exists,27648
Chaetodon ornatissimus,4445,4445AF.jpg,Chaetodon_ornatissimus_FishPix_4445.jpg,https://fishpix.kahaku.go.jp/photos/NR0004/4445AF.jpg,Chaetodontidae,no,exists,24576
Chaetodon daedalma,4446,4446AF.jpg,Chaetodon_daedalma_FishPix_4446.jpg,https://fishpix.kahaku.go.jp/photos/NR0004/4446AF.jpg,Chaetodontidae,no,exists,54272
Chaetodon citrinellus,4447,4447AF.jpg,Chaetodon_citrinellus_FishPix_4447.jpg,https://fishpix.kahaku.go.jp/photos/NR0004/4447AF.jpg,Chaetodontidae,no,exists,20480
Chaetodon kleinii,4448,4448AF.jpg,Chaetodon_kleinii_FishPix_4448.jpg,https://fishpix.kahaku.go.jp/photos/NR0004/4448AF.jpg,Chaetodontidae,no,exists,37888
Chaetodon melannotus,4449,4449AF.jpg,Chaetodon_melannotus_FishPix_4449.jpg,https://fishpix.kahaku.go.jp/photos/NR0004/4449AF.jpg,Chaetodontidae,no,exists,30720
Chaetodon nippon,4450,4450AF.jpg,Chaetodon_nippon_FishPix_4450.jpg,https://fishpix.kahaku.go.jp/photos/NR0004/4450AF.jpg,Chaetodontidae,no,exists,31744
Heniochus acuminatus,4451,4451AF.jpg,Heniochus_acuminatus_FishPix_4451.jpg,https://fishpix.kahaku.go.jp/photos/NR0004/4451AF.jpg,Chaetodontidae,no,exists,18432
Heniochus monoceros,4452,4452AF.jpg,Heniochus_monoceros_FishPix_4452.jpg,https://fishpix.kahaku.go.jp/photos/NR0004/4452AF.jpg,Chaetodontidae,no,exists,28672
Heniochus singularius,4453,4453AF.jpg,Heniochus_singularius_FishPix_4453.jpg,https://fishpix.kahaku.go.jp/photos/NR0004/4453AF.jpg,Chaetodontidae,no,exists,31744
Heniochus chrysostomus,4454,4454AF.jpg,Heniochus_chrysostomus_FishPix_4454.jpg,https://fishpix.kahaku.go.jp/photos/NR0004/4454AF.jpg,Chaetodontidae,no,exists,27648
Hemitaurichthys polylepis,4455,4455AF.jpg,Hemitaurichthys_polylepis_FishPix_4455.jpg,https://fishpix.kahaku.go.jp/photos/NR0004/4455AF.jpg,Chaetodontidae,no,exists,24576
Chaetodon auriga,44929,44929AF.jpg,Chaetodon_auriga_FishPix_44929.jpg,https://fishpix.kahaku.go.jp/photos/NR0044/44929AF.jpg,Chaetodontidae,no,exists,113549
Chaetodon lunula,45220,45220AF.jpg,Chaetodon_lunula_FishPix_45220.jpg,https://fishpix.kahaku.go.jp/photos/NR0045/45220AF.jpg,Chaetodontidae,no,exists,137299
Heniochus diphreutes,45279,45279AF.jpg,Heniochus_diphreutes_FishPix_45279.jpg,https://fishpix.kahaku.go.jp/photos/NR0045/45279AF.jpg,Chaetodontidae,no,exists,95654
Chaetodon auriga,45352,45352AF.jpg,Chaetodon_auriga_FishPix_45352.jpg,https://fishpix.kahaku.go.jp/photos/NR0045/45352AF.jpg,Chaetodontidae,no,exists,108927
Chaetodon octofasciatus,45565,45565AF.jpg,Chaetodon_octofasciatus_FishPix_45565.jpg,https://fishpix.kahaku.go.jp/photos/NR0045/45565AF.jpg,Chaetodontidae,no,exists,161906
Chaetodon lineolatus,45566,45566AF.jpg,Chaetodon_lineolatus_FishPix_45566.jpg,https://fishpix.kahaku.go.jp/photos/NR0045/45566AF.jpg,Chaetodontidae,no,exists,128639
Chaetodon lineolatus,45567,45567AF.jpg,Chaetodon_lineolatus_FishPix_45567.jpg,https://fishpix.kahaku.go.jp/photos/NR0045/45567AF.jpg,Chaetodontidae,no,exists,157648
Chaetodon nippon,45689,45689AF.jpg,Chaetodon_nippon_FishPix_45689.jpg,https://fishpix.kahaku.go.jp/photos/NR0045/45689AF.jpg,Chaetodontidae,no,exists,132999
Chaetodon auriga,46167,46167AF.jpg,Chaetodon_auriga_FishPix_46167.jpg,https://fishpix.kahaku.go.jp/photos/NR0046/46167AF.jpg,Chaetodontidae,no,exists,132137
Chaetodon vagabundus,46293,46293AF.jpg,Chaetodon_vagabundus_FishPix_46293.jpg,https://fishpix.kahaku.go.jp/photos/NR0046/46293AF.jpg,Chaetodontidae,no,exists,138015
Chaetodon vagabundus,46294,46294AF.jpg,Chaetodon_vagabundus_FishPix_46294.jpg,https://fishpix.kahaku.go.jp/photos/NR0046/46294AF.jpg,Chaetodontidae,no,exists,136591
Chaetodon nippon,47373,47373AF.jpg,Chaetodon_nippon_FishPix_47373.jpg,https://fishpix.kahaku.go.jp/photos/NR0047/47373AF.jpg,Chaetodontidae,no,exists,156983
Roa modesta,474,474AF.jpg,Roa_modesta_FishPix_474.jpg,https://fishpix.kahaku.go.jp/photos/NR0000/474AF.jpg,Chaetodontidae,no,exists,70004
Chaetodon nippon,47597,47597AF.jpg,Chaetodon_nippon_FishPix_47597.jpg,https://fishpix.kahaku.go.jp/photos/NR0047/47597AF.jpg,Chaetodontidae,no,exists,128238
Chaetodon lunula,47844,47844AF.jpg,Chaetodon_lunula_FishPix_47844.jpg,https://fishpix.kahaku.go.jp/photos/NR0047/47844AF.jpg,Chaetodontidae,no,exists,76480
Chaetodon plebeius,47863,47863AF.jpg,Chaetodon_plebeius_FishPix_47863.jpg,https://fishpix.kahaku.go.jp/photos/NR0047/47863AF.jpg,Chaetodontidae,no,exists,297314
Roa modesta,479,479AF.jpg,Roa_modesta_FishPix_479.jpg,https://fishpix.kahaku.go.jp/photos/NR0000/479AF.jpg,Chaetodontidae,no,exists,75264
Chaetodon oxycephalus,4824,4824AF.jpg,Chaetodon_oxycephalus_FishPix_4824.jpg,https://fishpix.kahaku.go.jp/photos/NR0004/4824AF.jpg,Chaetodontidae,no,exists,23552
Chaetodon collare,4825,4825AF.jpg,Chaetodon_collare_FishPix_4825.jpg,https://fishpix.kahaku.go.jp/photos/NR0004/4825AF.jpg,Chaetodontidae,no,exists,33792
Chaetodon madagaskariensis,4826,4826AF.jpg,Chaetodon_madagaskariensis_FishPix_4826.jpg,https://fishpix.kahaku.go.jp/photos/NR0004/4826AF.jpg,Chaetodontidae,no,exists,21504
Chaetodon melannotus,4827,4827AF.jpg,Chaetodon_melannotus_FishPix_4827.jpg,https://fishpix.kahaku.go.jp/photos/NR0004/4827AF.jpg,Chaetodontidae,no,exists,26624
Chaetodon auriga,48278,48278AF.jpg,Chaetodon_auriga_FishPix_48278.jpg,https://fishpix.kahaku.go.jp/photos/NR0048/48278AF.jpg,Chaetodontidae,no,exists,110541
Forcipiger flavissimus,4828,4828AF.jpg,Forcipiger_flavissimus_FishPix_4828.jpg,https://fishpix.kahaku.go.jp/photos/NR0004/4828AF.jpg,Chaetodontidae,no,exists,18432
Chaetodon trifasciatus,4829,4829AF.jpg,Chaetodon_trifasciatus_FishPix_4829.jpg,https://fishpix.kahaku.go.jp/photos/NR0004/4829AF.jpg,Chaetodontidae,no,exists,22528
Chaetodon trifasciatus,4830,4830AF.jpg,Chaetodon_trifasciatus_FishPix_4830.jpg,https://fishpix.kahaku.go.jp/photos/NR0004/4830AF.jpg,Chaetodontidae,no,exists,20480
Chaetodon falcula,4831,4831AF.jpg,Chaetodon_falcula_FishPix_4831.jpg,https://fishpix.kahaku.go.jp/photos/NR0004/4831AF.jpg,Chaetodontidae,no,exists,24576
Chaetodon guttatissimus,4832,4832AF.jpg,Chaetodon_guttatissimus_FishPix_4832.jpg,https://fishpix.kahaku.go.jp/photos/NR0004/4832AF.jpg,Chaetodontidae,no,exists,31744
Chaetodon meyeri,4834,4834AF.jpg,Chaetodon_meyeri_FishPix_4834.jpg,https://fishpix.kahaku.go.jp/photos/NR0004/4834AF.jpg,Chaetodontidae,no,exists,26624
Hemitaurichthys zoster,4835,4835AF.jpg,Hemitaurichthys_zoster_FishPix_4835.jpg,https://fishpix.kahaku.go.jp/photos/NR0004/4835AF.jpg,Chaetodontidae,no,exists,18432
Chaetodon trifascialis,48413,48413AF.jpg,Chaetodon_trifascialis_FishPix_48413.jpg,https://fishpix.kahaku.go.jp/photos/NR0048/48413AF.jpg,Chaetodontidae,no,exists,117105
Chaetodon lunulatus,48414,48414AF.jpg,Chaetodon_lunulatus_FishPix_48414.jpg,https://fishpix.kahaku.go.jp/photos/NR0048/48414AF.jpg,Chaetodontidae,no,exists,116429
Chaetodon lunula,48543,48543AF.jpg,Chaetodon_lunula_FishPix_48543.jpg,https://fishpix.kahaku.go.jp/photos/NR0048/48543AF.jpg,Chaetodontidae,no,exists,152479
Chaetodon auriga,48576,48576AF.jpg,Chaetodon_auriga_FishPix_48576.jpg,https://fishpix.kahaku.go.jp/photos/NR0048/48576AF.jpg,Chaetodontidae,no,exists,162923
Chaetodon vagabundus,48577,48577AF.jpg,Chaetodon_vagabundus_FishPix_48577.jpg,https://fishpix.kahaku.go.jp/photos/NR0048/48577AF.jpg,Chaetodontidae,no,exists,220984
Chaetodon auripes,48950,48950AF.jpg,Chaetodon_auripes_FishPix_48950.jpg,https://fishpix.kahaku.go.jp/photos/NR0048/48950AF.jpg,Chaetodontidae,no,exists,146833
Chaetodon auriga,48965,48965AF.jpg,Chaetodon_auriga_FishPix_48965.jpg,https://fishpix.kahaku.go.jp/photos/NR0048/48965AF.jpg,Chaetodontidae,no,exists,117919
Chaetodon auriga,48966,48966AF.jpg,Chaetodon_auriga_FishPix_48966.jpg,https://fishpix.kahaku.go.jp/photos/NR0048/48966AF.jpg,Chaetodontidae,no,exists,106826
Chaetodon auriga,48967,48967AF.jpg,Chaetodon_auriga_FishPix_48967.jpg,https://fishpix.kahaku.go.jp/photos/NR0048/48967AF.jpg,Chaetodontidae,no,exists,112652
Chaetodon vagabundus,48968,48968AF.jpg,Chaetodon_vagabundus_FishPix_48968.jpg,https://fishpix.kahaku.go.jp/photos/NR0048/48968AF.jpg,Chaetodontidae,no,exists,124847
Chaetodon reticulatus,4905,4905AF.jpg,Chaetodon_reticulatus_FishPix_4905.jpg,https://fishpix.kahaku.go.jp/photos/NR0004/4905AF.jpg,Chaetodontidae,no,exists,41984
Chaetodon reticulatus,4906,4906AF.jpg,Chaetodon_reticulatus_FishPix_4906.jpg,https://fishpix.kahaku.go.jp/photos/NR0004/4906AF.jpg,Chaetodontidae,no,exists,43008
Hemitaurichthys thompsoni,4907,4907AF.jpg,Hemitaurichthys_thompsoni_FishPix_4907.jpg,https://fishpix.kahaku.go.jp/photos/NR0004/4907AF.jpg,Chaetodontidae,no,exists,43008
Hemitaurichthys thompsoni,4908,4908AF.jpg,Hemitaurichthys_thompsoni_FishPix_4908.jpg,https://fishpix.kahaku.go.jp/photos/NR0004/4908AF.jpg,Chaetodontidae,no,exists,36864
Hemitaurichthys thompsoni,4909,4909AF.jpg,Hemitaurichthys_thompsoni_FishPix_4909.jpg,https://fishpix.kahaku.go.jp/photos/NR0004/4909AF.jpg,Chaetodontidae,no,exists,41984
Hemitaurichthys thompsoni,4910,4910AF.jpg,Hemitaurichthys_thompsoni_FishPix_4910.jpg,https://fishpix.kahaku.go.jp/photos/NR0004/4910AF.jpg,Chaetodontidae,no,exists,38912
Hemitaurichthys thompsoni,4911,4911AF.jpg,Hemitaurichthys_thompsoni_FishPix_4911.jpg,https://fishpix.kahaku.go.jp/photos/NR0004/4911AF.jpg,Chaetodontidae,no,exists,35840
Hemitaurichthys thompsoni,4912,4912AF.jpg,Hemitaurichthys_thompsoni_FishPix_4912.jpg,https://fishpix.kahaku.go.jp/photos/NR0004/4912AF.jpg,Chaetodontidae,no,exists,37888
Chaetodon nippon,49783,49783AF.jpg,Chaetodon_nippon_FishPix_49783.jpg,https://fishpix.kahaku.go.jp/photos/NR0049/49783AF.jpg,Chaetodontidae,no,exists,149138
Chaetodon lunula,4999,4999AF.jpg,Chaetodon_lunula_FishPix_4999.jpg,https://fishpix.kahaku.go.jp/photos/NR0004/4999AF.jpg,Chaetodontidae,no,exists,31744
Chaetodon argentatus,51655,51655AF.jpg,Chaetodon_argentatus_FishPix_51655.jpg,https://fishpix.kahaku.go.jp/photos/NR0051/51655AF.jpg,Chaetodontidae,no,exists,46040
Chaetodon auriga,51656,51656AF.jpg,Chaetodon_auriga_FishPix_51656.jpg,https://fishpix.kahaku.go.jp/photos/NR0051/51656AF.jpg,Chaetodontidae,no,exists,43536
Chaetodon auripes,51657,51657AF.jpg,Chaetodon_auripes_FishPix_51657.jpg,https://fishpix.kahaku.go.jp/photos/NR0051/51657AF.jpg,Chaetodontidae,no,exists,42169
Chaetodon bennetti,51658,51658AF.jpg,Chaetodon_bennetti_FishPix_51658.jpg,https://fishpix.kahaku.go.jp/photos/NR0051/51658AF.jpg,Chaetodontidae,no,exists,45681
Chaetodon kleinii,51659,51659AF.jpg,Chaetodon_kleinii_FishPix_51659.jpg,https://fishpix.kahaku.go.jp/photos/NR0051/51659AF.jpg,Chaetodontidae,no,exists,48121
Chaetodon kleinii,51660,51660AF.jpg,Chaetodon_kleinii_FishPix_51660.jpg,https://fishpix.kahaku.go.jp/photos/NR0051/51660AF.jpg,Chaetodontidae,no,exists,43113
Chaetodon kleinii,51661,51661AF.jpg,Chaetodon_kleinii_FishPix_51661.jpg,https://fishpix.kahaku.go.jp/photos/NR0051/51661AF.jpg,Chaetodontidae,no,exists,44270
Roa modesta,51662,51662AF.jpg,Roa_modesta_FishPix_51662.jpg,https://fishpix.kahaku.go.jp/photos/NR0051/51662AF.jpg,Chaetodontidae,no,exists,40242
Roa modesta,51663,51663AF.jpg,Roa_modesta_FishPix_51663.jpg,https://fishpix.kahaku.go.jp/photos/NR0051/51663AF.jpg,Chaetodontidae,no,exists,40885
Roa modesta,51664,51664AF.jpg,Roa_modesta_FishPix_51664.jpg,https://fishpix.kahaku.go.jp/photos/NR0051/51664AF.jpg,Chaetodontidae,no,exists,48927
Chaetodon nippon,51665,51665AF.jpg,Chaetodon_nippon_FishPix_51665.jpg,https://fishpix.kahaku.go.jp/photos/NR0051/51665AF.jpg,Chaetodontidae,no,exists,49109
Chaetodon nippon,51666,51666AF.jpg,Chaetodon_nippon_FishPix_51666.jpg,https://fishpix.kahaku.go.jp/photos/NR0051/51666AF.jpg,Chaetodontidae,no,exists,46580
Chaetodon nippon,51667,51667AF.jpg,Chaetodon_nippon_FishPix_51667.jpg,https://fishpix.kahaku.go.jp/photos/NR0051/51667AF.jpg,Chaetodontidae,no,exists,43425
Chaetodon nippon,51668,51668AF.jpg,Chaetodon_nippon_FishPix_51668.jpg,https://fishpix.kahaku.go.jp/photos/NR0051/51668AF.jpg,Chaetodontidae,no,exists,46714
Chaetodon nippon,51669,51669AF.jpg,Chaetodon_nippon_FishPix_51669.jpg,https://fishpix.kahaku.go.jp/photos/NR0051/51669AF.jpg,Chaetodontidae,no,exists,50669
Chaetodon nippon,51670,51670AF.jpg,Chaetodon_nippon_FishPix_51670.jpg,https://fishpix.kahaku.go.jp/photos/NR0051/51670AF.jpg,Chaetodontidae,no,exists,49575
Chaetodon nippon,51671,51671AF.jpg,Chaetodon_nippon_FishPix_51671.jpg,https://fishpix.kahaku.go.jp/photos/NR0051/51671AF.jpg,Chaetodontidae,no,exists,47916
Chaetodon semilarvatus,51672,51672AF.jpg,Chaetodon_semilarvatus_FishPix_51672.jpg,https://fishpix.kahaku.go.jp/photos/NR0051/51672AF.jpg,Chaetodontidae,no,exists,39048
Chaetodon lunulatus,51673,51673AF.jpg,Chaetodon_lunulatus_FishPix_51673.jpg,https://fishpix.kahaku.go.jp/photos/NR0051/51673AF.jpg,Chaetodontidae,no,exists,50552
Chaetodon lunulatus,51674,51674AF.jpg,Chaetodon_lunulatus_FishPix_51674.jpg,https://fishpix.kahaku.go.jp/photos/NR0051/51674AF.jpg,Chaetodontidae,no,exists,50334
Hemitaurichthys polylepis,51675,51675AF.jpg,Hemitaurichthys_polylepis_FishPix_51675.jpg,https://fishpix.kahaku.go.jp/photos/NR0051/51675AF.jpg,Chaetodontidae,no,exists,51381
Hemitaurichthys thompsoni,51676,51676AF.jpg,Hemitaurichthys_thompsoni_FishPix_51676.jpg,https://fishpix.kahaku.go.jp/photos/NR0051/51676AF.jpg,Chaetodontidae,no,exists,44737
Heniochus acuminatus,51677,51677AF.jpg,Heniochus_acuminatus_FishPix_51677.jpg,https://fishpix.kahaku.go.jp/photos/NR0051/51677AF.jpg,Chaetodontidae,no,exists,45618
Heniochus chrysostomus,51678,51678AF.jpg,Heniochus_chrysostomus_FishPix_51678.jpg,https://fishpix.kahaku.go.jp/photos/NR0051/51678AF.jpg,Chaetodontidae,no,exists,42263
Chaetodon lunula,5226,5226AF.jpg,Chaetodon_lunula_FishPix_5226.jpg,https://fishpix.kahaku.go.jp/photos/NR0005/5226AF.jpg,Chaetodontidae,no,exists,23552
Chaetodon ocellicaudus,5227,5227AF.jpg,Chaetodon_ocellicaudus_FishPix_5227.jpg,https://fishpix.kahaku.go.jp/photos/NR0005/5227AF.jpg,Chaetodontidae,yes,exists,28672
Forcipiger flavissimus,5228,5228AF.jpg,Forcipiger_flavissimus_FishPix_5228.jpg,https://fishpix.kahaku.go.jp/photos/NR0005/5228AF.jpg,Chaetodontidae,no,exists,20480
Coradion melanopus,5229,5229AF.jpg,Coradion_melanopus_FishPix_5229.jpg,https://fishpix.kahaku.go.jp/photos/NR0005/5229AF.jpg,Chaetodontidae,no,exists,26624
Chaetodon octofasciatus,5230,5230AF.jpg,Chaetodon_octofasciatus_FishPix_5230.jpg,https://fishpix.kahaku.go.jp/photos/NR0005/5230AF.jpg,Chaetodontidae,no,exists,27648
Chaetodon adiergastos,5231,5231AF.jpg,Chaetodon_adiergastos_FishPix_5231.jpg,https://fishpix.kahaku.go.jp/photos/NR0005/5231AF.jpg,Chaetodontidae,no,exists,22528
Chaetodon speculum,5232,5232AF.jpg,Chaetodon_speculum_FishPix_5232.jpg,https://fishpix.kahaku.go.jp/photos/NR0005/5232AF.jpg,Chaetodontidae,no,exists,36864
Chaetodon trifascialis,5234,5234AF.jpg,Chaetodon_trifascialis_FishPix_5234.jpg,https://fishpix.kahaku.go.jp/photos/NR0005/5234AF.jpg,Chaetodontidae,no,exists,26624
Chaetodon semeion,5235,5235AF.jpg,Chaetodon_semeion_FishPix_5235.jpg,https://fishpix.kahaku.go.jp/photos/NR0005/5235AF.jpg,Chaetodontidae,no,exists,17408
Chaetodon ocellicaudus,5329,5329AF.jpg,Chaetodon_ocellicaudus_FishPix_5329.jpg,https://fishpix.kahaku.go.jp/photos/NR0005/5329AF.jpg,Chaetodontidae,no,exists,20480
Chaetodon vagabundus,53563,53563AF.jpg,Chaetodon_vagabundus_FishPix_53563.jpg,https://fishpix.kahaku.go.jp/photos/NR0053/53563AF.jpg,Chaetodontidae,no,exists,50886
Chaetodon argentatus,53584,53584AF.jpg,Chaetodon_argentatus_FishPix_53584.jpg,https://fishpix.kahaku.go.jp/photos/NR0053/53584AF.jpg,Chaetodontidae,no,exists,46770
Chaetodon bennetti,53585,53585AF.jpg,Chaetodon_bennetti_FishPix_53585.jpg,https://fishpix.kahaku.go.jp/photos/NR0053/53585AF.jpg,Chaetodontidae,no,exists,43781
Chaetodon quadrimaculatus,53586,53586AF.jpg,Chaetodon_quadrimaculatus_FishPix_53586.jpg,https://fishpix.kahaku.go.jp/photos/NR0053/53586AF.jpg,Chaetodontidae,no,exists,44576
Chaetodon ephippium,5365,5365AF.jpg,Chaetodon_ephippium_FishPix_5365.jpg,https://fishpix.kahaku.go.jp/photos/NR0005/5365AF.jpg,Chaetodontidae,no,exists,22528
Heniochus acuminatus,53919,53919AF.jpg,Heniochus_acuminatus_FishPix_53919.jpg,https://fishpix.kahaku.go.jp/photos/NR0053/53919AF.jpg,Chaetodontidae,no,exists,37917
Chaetodon lunula,53942,53942AF.jpg,Chaetodon_lunula_FishPix_53942.jpg,https://fishpix.kahaku.go.jp/photos/NR0053/53942AF.jpg,Chaetodontidae,no,exists,50016
Chaetodon vagabundus,53970,53970AF.jpg,Chaetodon_vagabundus_FishPix_53970.jpg,https://fishpix.kahaku.go.jp/photos/NR0053/53970AF.jpg,Chaetodontidae,no,exists,42805
Chaetodon lunulatus,53971,53971AF.jpg,Chaetodon_lunulatus_FishPix_53971.jpg,https://fishpix.kahaku.go.jp/photos/NR0053/53971AF.jpg,Chaetodontidae,no,exists,47280
Chaetodon melannotus,53972,53972AF.jpg,Chaetodon_melannotus_FishPix_53972.jpg,https://fishpix.kahaku.go.jp/photos/NR0053/53972AF.jpg,Chaetodontidae,no,exists,43790
Chaetodon lunula,53973,53973AF.jpg,Chaetodon_lunula_FishPix_53973.jpg,https://fishpix.kahaku.go.jp/photos/NR0053/53973AF.jpg,Chaetodontidae,no,exists,47382
Chaetodon citrinellus,53974,53974AF.jpg,Chaetodon_citrinellus_FishPix_53974.jpg,https://fishpix.kahaku.go.jp/photos/NR0053/53974AF.jpg,Chaetodontidae,no,exists,39825
Heniochus acuminatus,54009,54009AF.jpg,Heniochus_acuminatus_FishPix_54009.jpg,https://fishpix.kahaku.go.jp/photos/NR0054/54009AF.jpg,Chaetodontidae,yes,exists,45776
Chaetodon bennetti,5401,5401AF.jpg,Chaetodon_bennetti_FishPix_5401.jpg,https://fishpix.kahaku.go.jp/photos/NR0005/5401AF.jpg,Chaetodontidae,no,exists,22528
Chaetodon auriga,54041,54041AF.jpg,Chaetodon_auriga_FishPix_54041.jpg,https://fishpix.kahaku.go.jp/photos/NR0054/54041AF.jpg,Chaetodontidae,no,exists,38842
Chaetodon vagabundus,54047,54047AF.jpg,Chaetodon_vagabundus_FishPix_54047.jpg,https://fishpix.kahaku.go.jp/photos/NR0054/54047AF.jpg,Chaetodontidae,no,exists,50556
Chaetodon auriga,54049,54049AF.jpg,Chaetodon_auriga_FishPix_54049.jpg,https://fishpix.kahaku.go.jp/photos/NR0054/54049AF.jpg,Chaetodontidae,no,exists,45578
Chaetodon auriga,54070,54070AF.jpg,Chaetodon_auriga_FishPix_54070.jpg,https://fishpix.kahaku.go.jp/photos/NR0054/54070AF.jpg,Chaetodontidae,no,exists,40082
Chaetodon speculum,5425,5425AF.jpg,Chaetodon_speculum_FishPix_5425.jpg,https://fishpix.kahaku.go.jp/photos/NR0005/5425AF.jpg,Chaetodontidae,no,exists,36864
Chaetodon melannotus,54351,54351AF.jpg,Chaetodon_melannotus_FishPix_54351.jpg,https://fishpix.kahaku.go.jp/photos/NR0054/54351AF.jpg,Chaetodontidae,no,exists,47304
Chaetodon lunulatus,54365,54365AF.jpg,Chaetodon_lunulatus_FishPix_54365.jpg,https://fishpix.kahaku.go.jp/photos/NR0054/54365AF.jpg,Chaetodontidae,no,exists,48844
Chaetodon collare,55259,55259AF.jpg,Chaetodon_collare_FishPix_55259.jpg,https://fishpix.kahaku.go.jp/photos/NR0055/55259AF.jpg,Chaetodontidae,no,exists,58203
Chaetodon falcula,55260,55260AF.jpg,Chaetodon_falcula_FishPix_55260.jpg,https://fishpix.kahaku.go.jp/photos/NR0055/55260AF.jpg,Chaetodontidae,no,exists,54854
Heniochus acuminatus,55271,55271AF.jpg,Heniochus_acuminatus_FishPix_55271.jpg,https://fishpix.kahaku.go.jp/photos/NR0055/55271AF.jpg,Chaetodontidae,no,exists,57007
Chaetodon capistratus,5530,5530AF.jpg,Chaetodon_capistratus_FishPix_5530.jpg,https://fishpix.kahaku.go.jp/photos/NR0005/5530AF.jpg,Chaetodontidae,no,exists,30720
Chelmon rostratus,55347,55347AF.jpg,Chelmon_rostratus_FishPix_55347.jpg,https://fishpix.kahaku.go.jp/photos/NR0055/55347AF.jpg,Chaetodontidae,no,exists,52900
Chaetodon rafflesii,55348,55348AF.jpg,Chaetodon_rafflesii_FishPix_55348.jpg,https://fishpix.kahaku.go.jp/photos/NR0055/55348AF.jpg,Chaetodontidae,no,exists,56930
Chaetodon kleinii,5549,5549AF.jpg,Chaetodon_kleinii_FishPix_5549.jpg,https://fishpix.kahaku.go.jp/photos/NR0005/5549AF.jpg,Chaetodontidae,no,exists,44032
Chaetodon auriga,55579,55579AF.jpg,Chaetodon_auriga_FishPix_55579.jpg,https://fishpix.kahaku.go.jp/photos/NR0055/55579AF.jpg,Chaetodontidae,no,exists,58854
Chaetodon auriga,55580,55580AF.jpg,Chaetodon_auriga_FishPix_55580.jpg,https://fishpix.kahaku.go.jp/photos/NR0055/55580AF.jpg,Chaetodontidae,no,exists,56333
Chaetodon kleinii,5561,5561AF.jpg,Chaetodon_kleinii_FishPix_5561.jpg,https://fishpix.kahaku.go.jp/photos/NR0005/5561AF.jpg,Chaetodontidae,no,exists,30720
Chaetodon ornatissimus,55660,55660AF.jpg,Chaetodon_ornatissimus_FishPix_55660.jpg,https://fishpix.kahaku.go.jp/photos/NR0055/55660AF.jpg,Chaetodontidae,no,exists,59207
Chaetodon lunula,55697,55697AF.jpg,Chaetodon_lunula_FishPix_55697.jpg,https://fishpix.kahaku.go.jp/photos/NR0055/55697AF.jpg,Chaetodontidae,no,exists,51524
Chaetodon vagabundus,55699,55699AF.jpg,Chaetodon_vagabundus_FishPix_55699.jpg,https://fishpix.kahaku.go.jp/photos/NR0055/55699AF.jpg,Chaetodontidae,no,exists,58346
Chaetodon vagabundus,55700,55700AF.jpg,Chaetodon_vagabundus_FishPix_55700.jpg,https://fishpix.kahaku.go.jp/photos/NR0055/55700AF.jpg,Chaetodontidae,no,exists,50005
Chaetodon auriga,55711,55711AF.jpg,Chaetodon_auriga_FishPix_55711.jpg,https://fishpix.kahaku.go.jp/photos/NR0055/55711AF.jpg,Chaetodontidae,no,exists,53903
Chaetodon vagabundus,55712,55712AF.jpg,Chaetodon_vagabundus_FishPix_55712.jpg,https://fishpix.kahaku.go.jp/photos/NR0055/55712AF.jpg,Chaetodontidae,no,exists,58780
Chaetodon auriga,55717,55717AF.jpg,Chaetodon_auriga_FishPix_55717.jpg,https://fishpix.kahaku.go.jp/photos/NR0055/55717AF.jpg,Chaetodontidae,no,exists,81902
Chaetodon tricinctus,55752,55752AF.jpg,Chaetodon_tricinctus_FishPix_55752.jpg,https://fishpix.kahaku.go.jp/photos/NR0055/55752AF.jpg,Chaetodontidae,yes,exists,54470
Chaetodon semilarvatus,55779,55779AF.jpg,Chaetodon_semilarvatus_FishPix_55779.jpg,https://fishpix.kahaku.go.jp/photos/NR0055/55779AF.jpg,Chaetodontidae,no,exists,58444
Chaetodon punctatofasciatus,55781,55781AF.jpg,Chaetodon_punctatofasciatus_FishPix_55781.jpg,https://fishpix.kahaku.go.jp/photos/NR0055/55781AF.jpg,Chaetodontidae,no,exists,59514
Chaetodon punctatofasciatus,55784,55784AF.jpg,Chaetodon_punctatofasciatus_FishPix_55784.jpg,https://fishpix.kahaku.go.jp/photos/NR0055/55784AF.jpg,Chaetodontidae,no,exists,62542
Heniochus singularius,55785,55785AF.jpg,Heniochus_singularius_FishPix_55785.jpg,https://fishpix.kahaku.go.jp/photos/NR0055/55785AF.jpg,Chaetodontidae,no,exists,52782
Heniochus singularius,55786,55786AF.jpg,Heniochus_singularius_FishPix_55786.jpg,https://fishpix.kahaku.go.jp/photos/NR0055/55786AF.jpg,Chaetodontidae,no,exists,55289
Unknown,55787,55787AF.jpg,Unknown_FishPix_55787.jpg,https://fishpix.kahaku.go.jp/photos/NR0055/55787AF.jpg,Chaetodontidae,no,exists,50422
Chaetodon ulietensis,55788,55788AF.jpg,Chaetodon_ulietensis_FishPix_55788.jpg,https://fishpix.kahaku.go.jp/photos/NR0055/55788AF.jpg,Chaetodontidae,no,exists,55680
Chaetodon ulietensis,55789,55789AF.jpg,Chaetodon_ulietensis_FishPix_55789.jpg,https://fishpix.kahaku.go.jp/photos/NR0055/55789AF.jpg,Chaetodontidae,no,exists,52630
Chaetodon lunula,55790,55790AF.jpg,Chaetodon_lunula_FishPix_55790.jpg,https://fishpix.kahaku.go.jp/photos/NR0055/55790AF.jpg,Chaetodontidae,no,exists,57682
Chaetodon lunula,55791,55791AF.jpg,Chaetodon_lunula_FishPix_55791.jpg,https://fishpix.kahaku.go.jp/photos/NR0055/55791AF.jpg,Chaetodontidae,no,exists,59988
Heniochus varius,55792,55792AF.jpg,Heniochus_varius_FishPix_55792.jpg,https://fishpix.kahaku.go.jp/photos/NR0055/55792AF.jpg,Chaetodontidae,no,exists,52783
Heniochus varius,55793,55793AF.jpg,Heniochus_varius_FishPix_55793.jpg,https://fishpix.kahaku.go.jp/photos/NR0055/55793AF.jpg,Chaetodontidae,no,exists,50475
Chaetodon selene,55794,55794AF.jpg,Chaetodon_selene_FishPix_55794.jpg,https://fishpix.kahaku.go.jp/photos/NR0055/55794AF.jpg,Chaetodontidae,no,exists,58187
Chaetodon speculum,55795,55795AF.jpg,Chaetodon_speculum_FishPix_55795.jpg,https://fishpix.kahaku.go.jp/photos/NR0055/55795AF.jpg,Chaetodontidae,no,exists,50221
Chaetodon speculum,55796,55796AF.jpg,Chaetodon_speculum_FishPix_55796.jpg,https://fishpix.kahaku.go.jp/photos/NR0055/55796AF.jpg,Chaetodontidae,no,exists,52970
Chaetodon lineolatus,55797,55797AF.jpg,Chaetodon_lineolatus_FishPix_55797.jpg,https://fishpix.kahaku.go.jp/photos/NR0055/55797AF.jpg,Chaetodontidae,no,exists,53970
Chaetodon lineolatus,55798,55798AF.jpg,Chaetodon_lineolatus_FishPix_55798.jpg,https://fishpix.kahaku.go.jp/photos/NR0055/55798AF.jpg,Chaetodontidae,no,exists,48118
Chaetodon burgessi,55799,55799AF.jpg,Chaetodon_burgessi_FishPix_55799.jpg,https://fishpix.kahaku.go.jp/photos/NR0055/55799AF.jpg,Chaetodontidae,yes,exists,58865
Chelmon rostratus,55800,55800AF.jpg,Chelmon_rostratus_FishPix_55800.jpg,https://fishpix.kahaku.go.jp/photos/NR0055/55800AF.jpg,Chaetodontidae,no,exists,56231
Chelmon rostratus,55801,55801AF.jpg,Chelmon_rostratus_FishPix_55801.jpg,https://fishpix.kahaku.go.jp/photos/NR0055/55801AF.jpg,Chaetodontidae,no,exists,59736
Chaetodon vagabundus,55802,55802AF.jpg,Chaetodon_vagabundus_FishPix_55802.jpg,https://fishpix.kahaku.go.jp/photos/NR0055/55802AF.jpg,Chaetodontidae,no,exists,51019
Chaetodon vagabundus,55803,55803AF.jpg,Chaetodon_vagabundus_FishPix_55803.jpg,https://fishpix.kahaku.go.jp/photos/NR0055/55803AF.jpg,Chaetodontidae,no,exists,53840
Chaetodon baronessa,55804,55804AF.jpg,Chaetodon_baronessa_FishPix_55804.jpg,https://fishpix.kahaku.go.jp/photos/NR0055/55804AF.jpg,Chaetodontidae,no,exists,53142
Chaetodon baronessa,55805,55805AF.jpg,Chaetodon_baronessa_FishPix_55805.jpg,https://fishpix.kahaku.go.jp/photos/NR0055/55805AF.jpg,Chaetodontidae,no,exists,57178
Chaetodon lunulatus,55806,55806AF.jpg,Chaetodon_lunulatus_FishPix_55806.jpg,https://fishpix.kahaku.go.jp/photos/NR0055/55806AF.jpg,Chaetodontidae,no,exists,58543
Chaetodon trifasciatus,55807,55807AF.jpg,Chaetodon_trifasciatus_FishPix_55807.jpg,https://fishpix.kahaku.go.jp/photos/NR0055/55807AF.jpg,Chaetodontidae,yes,exists,54760
Heniochus chrysostomus,55808,55808AF.jpg,Heniochus_chrysostomus_FishPix_55808.jpg,https://fishpix.kahaku.go.jp/photos/NR0055/55808AF.jpg,Chaetodontidae,no,exists,55545
Heniochus diphreutes,55840,55840AF.jpg,Heniochus_diphreutes_FishPix_55840.jpg,https://fishpix.kahaku.go.jp/photos/NR0055/55840AF.jpg,Chaetodontidae,no,exists,58234
Heniochus diphreutes,55841,55841AF.jpg,Heniochus_diphreutes_FishPix_55841.jpg,https://fishpix.kahaku.go.jp/photos/NR0055/55841AF.jpg,Chaetodontidae,no,exists,53206
Forcipiger flavissimus,55842,55842AF.jpg,Forcipiger_flavissimus_FishPix_55842.jpg,https://fishpix.kahaku.go.jp/photos/NR0055/55842AF.jpg,Chaetodontidae,no,exists,55275
Forcipiger flavissimus,55843,55843AF.jpg,Forcipiger_flavissimus_FishPix_55843.jpg,https://fishpix.kahaku.go.jp/photos/NR0055/55843AF.jpg,Chaetodontidae,no,exists,54818
Chaetodon decussatus,55844,55844AF.jpg,Chaetodon_decussatus_FishPix_55844.jpg,https://fishpix.kahaku.go.jp/photos/NR0055/55844AF.jpg,Chaetodontidae,no,exists,52162
Chaetodon ephippium,55845,55845AF.jpg,Chaetodon_ephippium_FishPix_55845.jpg,https://fishpix.kahaku.go.jp/photos/NR0055/55845AF.jpg,Chaetodontidae,no,exists,49850
Chaetodon ephippium,55846,55846AF.jpg,Chaetodon_ephippium_FishPix_55846.jpg,https://fishpix.kahaku.go.jp/photos/NR0055/55846AF.jpg,Chaetodontidae,no,exists,49998
Chaetodon unimaculatus,55847,55847AF.jpg,Chaetodon_unimaculatus_FishPix_55847.jpg,https://fishpix.kahaku.go.jp/photos/NR0055/55847AF.jpg,Chaetodontidae,no,exists,59287
Chaetodon unimaculatus,55848,55848AF.jpg,Chaetodon_unimaculatus_FishPix_55848.jpg,https://fishpix.kahaku.go.jp/photos/NR0055/55848AF.jpg,Chaetodontidae,no,exists,58487
Chaetodon decussatus,55849,55849AF.jpg,Chaetodon_decussatus_FishPix_55849.jpg,https://fishpix.kahaku.go.jp/photos/NR0055/55849AF.jpg,Chaetodontidae,no,exists,56160
Chaetodon bennetti,55850,55850AF.jpg,Chaetodon_bennetti_FishPix_55850.jpg,https://fishpix.kahaku.go.jp/photos/NR0055/55850AF.jpg,Chaetodontidae,no,exists,53419
Chaetodon bennetti,55851,55851AF.jpg,Chaetodon_bennetti_FishPix_55851.jpg,https://fishpix.kahaku.go.jp/photos/NR0055/55851AF.jpg,Chaetodontidae,no,exists,55826
Chaetodon bennetti,55852,55852AF.jpg,Chaetodon_bennetti_FishPix_55852.jpg,https://fishpix.kahaku.go.jp/photos/NR0055/55852AF.jpg,Chaetodontidae,no,exists,51486
Chaetodon meyeri,55853,55853AF.jpg,Chaetodon_meyeri_FishPix_55853.jpg,https://fishpix.kahaku.go.jp/photos/NR0055/55853AF.jpg,Chaetodontidae,no,exists,52790
Heniochus monoceros,55854,55854AF.jpg,Heniochus_monoceros_FishPix_55854.jpg,https://fishpix.kahaku.go.jp/photos/NR0055/55854AF.jpg,Chaetodontidae,no,exists,52572
Chaetodon adiergastos,55855,55855AF.jpg,Chaetodon_adiergastos_FishPix_55855.jpg,https://fishpix.kahaku.go.jp/photos/NR0055/55855AF.jpg,Chaetodontidae,no,exists,51827
Chaetodon adiergastos,55856,55856AF.jpg,Chaetodon_adiergastos_FishPix_55856.jpg,https://fishpix.kahaku.go.jp/photos/NR0055/55856AF.jpg,Chaetodontidae,no,exists,51068
Chaetodon citrinellus,55857,55857AF.jpg,Chaetodon_citrinellus_FishPix_55857.jpg,https://fishpix.kahaku.go.jp/photos/NR0055/55857AF.jpg,Chaetodontidae,no,exists,50031
Chaetodon citrinellus,55858,55858AF.jpg,Chaetodon_citrinellus_FishPix_55858.jpg,https://fishpix.kahaku.go.jp/photos/NR0055/55858AF.jpg,Chaetodontidae,no,exists,51695
Chaetodon trifascialis,55859,55859AF.jpg,Chaetodon_trifascialis_FishPix_55859.jpg,https://fishpix.kahaku.go.jp/photos/NR0055/55859AF.jpg,Chaetodontidae,no,exists,51074
Chaetodon trifascialis,55860,55860AF.jpg,Chaetodon_trifascialis_FishPix_55860.jpg,https://fishpix.kahaku.go.jp/photos/NR0055/55860AF.jpg,Chaetodontidae,no,exists,54590
Chaetodon paucifasciatus,55861,55861AF.jpg,Chaetodon_paucifasciatus_FishPix_55861.jpg,https://fishpix.kahaku.go.jp/photos/NR0055/55861AF.jpg,Chaetodontidae,no,exists,59801
Chaetodon paucifasciatus,55862,55862AF.jpg,Chaetodon_paucifasciatus_FishPix_55862.jpg,https://fishpix.kahaku.go.jp/photos/NR0055/55862AF.jpg,Chaetodontidae,no,exists,52217
Chaetodon melannotus,55945,55945AF.jpg,Chaetodon_melannotus_FishPix_55945.jpg,https://fishpix.kahaku.go.jp/photos/NR0055/55945AF.jpg,Chaetodontidae,no,exists,53834
Chaetodon melannotus,55946,55946AF.jpg,Chaetodon_melannotus_FishPix_55946.jpg,https://fishpix.kahaku.go.jp/photos/NR0055/55946AF.jpg,Chaetodontidae,no,exists,55368
Chaetodon rafflesii,55947,55947AF.jpg,Chaetodon_rafflesii_FishPix_55947.jpg,https://fishpix.kahaku.go.jp/photos/NR0055/55947AF.jpg,Chaetodontidae,no,exists,58229
Chaetodon rafflesii,55948,55948AF.jpg,Chaetodon_rafflesii_FishPix_55948.jpg,https://fishpix.kahaku.go.jp/photos/NR0055/55948AF.jpg,Chaetodontidae,no,exists,59256
Chaetodon xanthurus,55949,55949AF.jpg,Chaetodon_xanthurus_FishPix_55949.jpg,https://fishpix.kahaku.go.jp/photos/NR0055/55949AF.jpg,Chaetodontidae,no,exists,52756
Chaetodon xanthurus,55950,55950AF.jpg,Chaetodon_xanthurus_FishPix_55950.jpg,https://fishpix.kahaku.go.jp/photos/NR0055/55950AF.jpg,Chaetodontidae,no,exists,51978
Heniochus monoceros,56021,56021AF.jpg,Heniochus_monoceros_FishPix_56021.jpg,https://fishpix.kahaku.go.jp/photos/NR0056/56021AF.jpg,Chaetodontidae,no,exists,54232
Heniochus acuminatus,56062,56062AF.jpg,Heniochus_acuminatus_FishPix_56062.jpg,https://fishpix.kahaku.go.jp/photos/NR0056/56062AF.jpg,Chaetodontidae,no,exists,52896
Chaetodon vagabundus,56063,56063AF.jpg,Chaetodon_vagabundus_FishPix_56063.jpg,https://fishpix.kahaku.go.jp/photos/NR0056/56063AF.jpg,Chaetodontidae,no,exists,49274
Chaetodon punctatofasciatus,5658,5658AF.jpg,Chaetodon_punctatofasciatus_FishPix_5658.jpg,https://fishpix.kahaku.go.jp/photos/NR0005/5658AF.jpg,Chaetodontidae,no,exists,37888
Chaetodon lunulatus,5659,5659AF.jpg,Chaetodon_lunulatus_FishPix_5659.jpg,https://fishpix.kahaku.go.jp/photos/NR0005/5659AF.jpg,Chaetodontidae,no,exists,37888
Coradion altivelis,5660,5660AF.jpg,Coradion_altivelis_FishPix_5660.jpg,https://fishpix.kahaku.go.jp/photos/NR0005/5660AF.jpg,Chaetodontidae,no,exists,21504
Chaetodon mesoleucos,56657,56657AF.jpg,Chaetodon_mesoleucos_FishPix_56657.jpg,https://fishpix.kahaku.go.jp/photos/NR0056/56657AF.jpg,Chaetodontidae,no,exists,92877
Chaetodon daedalma,56678,56678AF.jpg,Chaetodon_daedalma_FishPix_56678.jpg,https://fishpix.kahaku.go.jp/photos/NR0056/56678AF.jpg,Chaetodontidae,no,exists,56362
Chaetodon selene,56973,56973AF.jpg,Chaetodon_selene_FishPix_56973.jpg,https://fishpix.kahaku.go.jp/photos/NR0056/56973AF.jpg,Chaetodontidae,no,exists,54004
Chaetodon nippon,56983,56983AF.jpg,Chaetodon_nippon_FishPix_56983.jpg,https://fishpix.kahaku.go.jp/photos/NR0056/56983AF.jpg,Chaetodontidae,no,exists,51420
Chaetodon auripes,57200,57200AF.jpg,Chaetodon_auripes_FishPix_57200.jpg,https://fishpix.kahaku.go.jp/photos/NR0057/57200AF.jpg,Chaetodontidae,no,exists,53768
Chaetodon kleinii,5749,5749AF.jpg,Chaetodon_kleinii_FishPix_5749.jpg,https://fishpix.kahaku.go.jp/photos/NR0005/5749AF.jpg,Chaetodontidae,no,exists,26624
Chaetodon melannotus,5751,5751AF.jpg,Chaetodon_melannotus_FishPix_5751.jpg,https://fishpix.kahaku.go.jp/photos/NR0005/5751AF.jpg,Chaetodontidae,no,exists,48128
Chaetodon melannotus,5752,5752AF.jpg,Chaetodon_melannotus_FishPix_5752.jpg,https://fishpix.kahaku.go.jp/photos/NR0005/5752AF.jpg,Chaetodontidae,no,exists,32768
Chaetodon trifascialis,5753,5753AF.jpg,Chaetodon_trifascialis_FishPix_5753.jpg,https://fishpix.kahaku.go.jp/photos/NR0005/5753AF.jpg,Chaetodontidae,no,exists,36864
Chaetodon bennetti,5754,5754AF.jpg,Chaetodon_bennetti_FishPix_5754.jpg,https://fishpix.kahaku.go.jp/photos/NR0005/5754AF.jpg,Chaetodontidae,no,exists,29696
Chaetodon trifascialis,5755,5755AF.jpg,Chaetodon_trifascialis_FishPix_5755.jpg,https://fishpix.kahaku.go.jp/photos/NR0005/5755AF.jpg,Chaetodontidae,no,exists,22528
Chaetodon punctatofasciatus,5756,5756AF.jpg,Chaetodon_punctatofasciatus_FishPix_5756.jpg,https://fishpix.kahaku.go.jp/photos/NR0005/5756AF.jpg,Chaetodontidae,no,exists,33792
Chaetodon vagabundus,5757,5757AF.jpg,Chaetodon_vagabundus_FishPix_5757.jpg,https://fishpix.kahaku.go.jp/photos/NR0005/5757AF.jpg,Chaetodontidae,no,exists,28672
Heniochus chrysostomus,5758,5758AF.jpg,Heniochus_chrysostomus_FishPix_5758.jpg,https://fishpix.kahaku.go.jp/photos/NR0005/5758AF.jpg,Chaetodontidae,no,exists,18432
Chaetodon lunulatus,5759,5759AF.jpg,Chaetodon_lunulatus_FishPix_5759.jpg,https://fishpix.kahaku.go.jp/photos/NR0005/5759AF.jpg,Chaetodontidae,no,exists,23552
Chaetodon lunulatus,5760,5760AF.jpg,Chaetodon_lunulatus_FishPix_5760.jpg,https://fishpix.kahaku.go.jp/photos/NR0005/5760AF.jpg,Chaetodontidae,no,exists,21504
Chaetodon unimaculatus,5761,5761AF.jpg,Chaetodon_unimaculatus_FishPix_5761.jpg,https://fishpix.kahaku.go.jp/photos/NR0005/5761AF.jpg,Chaetodontidae,no,exists,16384
Chaetodon burgessi,57613,57613AF.jpg,Chaetodon_burgessi_FishPix_57613.jpg,https://fishpix.kahaku.go.jp/photos/NR0057/57613AF.jpg,Chaetodontidae,no,exists,52998
Chaetodon melannotus,5762,5762AF.jpg,Chaetodon_melannotus_FishPix_5762.jpg,https://fishpix.kahaku.go.jp/photos/NR0005/5762AF.jpg,Chaetodontidae,no,exists,25600
Forcipiger flavissimus,5763,5763AF.jpg,Forcipiger_flavissimus_FishPix_5763.jpg,https://fishpix.kahaku.go.jp/photos/NR0005/5763AF.jpg,Chaetodontidae,no,exists,29696
Heniochus chrysostomus,5764,5764AF.jpg,Heniochus_chrysostomus_FishPix_5764.jpg,https://fishpix.kahaku.go.jp/photos/NR0005/5764AF.jpg,Chaetodontidae,no,exists,16384
Chaetodon trifascialis,5765,5765AF.jpg,Chaetodon_trifascialis_FishPix_5765.jpg,https://fishpix.kahaku.go.jp/photos/NR0005/5765AF.jpg,Chaetodontidae,no,exists,17408
Chaetodon unimaculatus,5766,5766AF.jpg,Chaetodon_unimaculatus_FishPix_5766.jpg,https://fishpix.kahaku.go.jp/photos/NR0005/5766AF.jpg,Chaetodontidae,no,exists,17408
Chaetodon trifascialis,5767,5767AF.jpg,Chaetodon_trifascialis_FishPix_5767.jpg,https://fishpix.kahaku.go.jp/photos/NR0005/5767AF.jpg,Chaetodontidae,no,exists,21504
Chaetodon plebeius,5768,5768AF.jpg,Chaetodon_plebeius_FishPix_5768.jpg,https://fishpix.kahaku.go.jp/photos/NR0005/5768AF.jpg,Chaetodontidae,no,exists,16384
Chaetodon auriga,5769,5769AF.jpg,Chaetodon_auriga_FishPix_5769.jpg,https://fishpix.kahaku.go.jp/photos/NR0005/5769AF.jpg,Chaetodontidae,no,exists,36864
Chaetodon speculum,5770,5770AF.jpg,Chaetodon_speculum_FishPix_5770.jpg,https://fishpix.kahaku.go.jp/photos/NR0005/5770AF.jpg,Chaetodontidae,no,exists,29696
Chaetodon punctatofasciatus,5771,5771AF.jpg,Chaetodon_punctatofasciatus_FishPix_5771.jpg,https://fishpix.kahaku.go.jp/photos/NR0005/5771AF.jpg,Chaetodontidae,no,exists,34816
Chaetodon vagabundus,57720,57720AF.jpg,Chaetodon_vagabundus_FishPix_57720.jpg,https://fishpix.kahaku.go.jp/photos/NR0057/57720AF.jpg,Chaetodontidae,no,exists,64087
Chaetodon wiebeli,57721,57721AF.jpg,Chaetodon_wiebeli_FishPix_57721.jpg,https://fishpix.kahaku.go.jp/photos/NR0057/57721AF.jpg,Chaetodontidae,no,exists,54239
Chaetodon argentatus,57722,57722AF.jpg,Chaetodon_argentatus_FishPix_57722.jpg,https://fishpix.kahaku.go.jp/photos/NR0057/57722AF.jpg,Chaetodontidae,no,exists,64608
Chaetodon lunula,57730,57730AF.jpg,Chaetodon_lunula_FishPix_57730.jpg,https://fishpix.kahaku.go.jp/photos/NR0057/57730AF.jpg,Chaetodontidae,no,exists,56749
Chaetodon mertensii,57731,57731AF.jpg,Chaetodon_mertensii_FishPix_57731.jpg,https://fishpix.kahaku.go.jp/photos/NR0057/57731AF.jpg,Chaetodontidae,no,exists,59764
Heniochus diphreutes,58316,58316AF.jpg,Heniochus_diphreutes_FishPix_58316.jpg,https://fishpix.kahaku.go.jp/photos/NR0058/58316AF.jpg,Chaetodontidae,no,exists,58083
Heniochus monoceros,58362,58362AF.jpg,Heniochus_monoceros_FishPix_58362.jpg,https://fishpix.kahaku.go.jp/photos/NR0058/58362AF.jpg,Chaetodontidae,no,exists,53784
Forcipiger flavissimus,58441,58441AF.jpg,Forcipiger_flavissimus_FishPix_58441.jpg,https://fishpix.kahaku.go.jp/photos/NR0058/58441AF.jpg,Chaetodontidae,no,exists,55567
Chaetodon ulietensis,58514,58514AF.jpg,Chaetodon_ulietensis_FishPix_58514.jpg,https://fishpix.kahaku.go.jp/photos/NR0058/58514AF.jpg,Chaetodontidae,no,exists,61207
Chaetodon ephippium,58517,58517AF.jpg,Chaetodon_ephippium_FishPix_58517.jpg,https://fishpix.kahaku.go.jp/photos/NR0058/58517AF.jpg,Chaetodontidae,no,exists,61910
Roa modesta,58708,58708AF.jpg,Roa_modesta_FishPix_58708.jpg,https://fishpix.kahaku.go.jp/photos/NR0058/58708AF.jpg,Chaetodontidae,no,exists,74370
Roa modesta,58930,58930AF.jpg,Roa_modesta_FishPix_58930.jpg,https://fishpix.kahaku.go.jp/photos/NR0058/58930AF.jpg,Chaetodontidae,no,exists,71405
Chaetodon nippon,59146,59146AF.jpg,Chaetodon_nippon_FishPix_59146.jpg,https://fishpix.kahaku.go.jp/photos/NR0059/59146AF.jpg,Chaetodontidae,no,exists,70810
Chaetodon nippon,59147,59147AF.jpg,Chaetodon_nippon_FishPix_59147.jpg,https://fishpix.kahaku.go.jp/photos/NR0059/59147AF.jpg,Chaetodontidae,no,exists,70263
Roa modesta,59420,59420AF.jpg,Roa_modesta_FishPix_59420.jpg,https://fishpix.kahaku.go.jp/photos/NR0059/59420AF.jpg,Chaetodontidae,no,exists,76816
Chaetodon speculum,59728,59728AF.jpg,Chaetodon_speculum_FishPix_59728.jpg,https://fishpix.kahaku.go.jp/photos/NR0059/59728AF.jpg,Chaetodontidae,no,exists,79140
Chaetodon speculum,59729,59729AF.jpg,Chaetodon_speculum_FishPix_59729.jpg,https://fishpix.kahaku.go.jp/photos/NR0059/59729AF.jpg,Chaetodontidae,no,exists,87976
Chaetodon melannotus,59731,59731AF.jpg,Chaetodon_melannotus_FishPix_59731.jpg,https://fishpix.kahaku.go.jp/photos/NR0059/59731AF.jpg,Chaetodontidae,no,exists,88428
Heniochus acuminatus,59732,59732AF.jpg,Heniochus_acuminatus_FishPix_59732.jpg,https://fishpix.kahaku.go.jp/photos/NR0059/59732AF.jpg,Chaetodontidae,no,exists,50060
Chaetodon auriga,59733,59733AF.jpg,Chaetodon_auriga_FishPix_59733.jpg,https://fishpix.kahaku.go.jp/photos/NR0059/59733AF.jpg,Chaetodontidae,no,exists,74241
Chaetodon auriga,59734,59734AF.jpg,Chaetodon_auriga_FishPix_59734.jpg,https://fishpix.kahaku.go.jp/photos/NR0059/59734AF.jpg,Chaetodontidae,no,exists,73758
Heniochus monoceros,59796,59796AF.jpg,Heniochus_monoceros_FishPix_59796.jpg,https://fishpix.kahaku.go.jp/photos/NR0059/59796AF.jpg,Chaetodontidae,no,exists,61777
Chaetodon auriga,59857,59857AF.jpg,Chaetodon_auriga_FishPix_59857.jpg,https://fishpix.kahaku.go.jp/photos/NR0059/59857AF.jpg,Chaetodontidae,no,exists,77117
Chaetodon lunula,59859,59859AF.jpg,Chaetodon_lunula_FishPix_59859.jpg,https://fishpix.kahaku.go.jp/photos/NR0059/59859AF.jpg,Chaetodontidae,no,exists,72026
Chaetodon vagabundus,59860,59860AF.jpg,Chaetodon_vagabundus_FishPix_59860.jpg,https://fishpix.kahaku.go.jp/photos/NR0059/59860AF.jpg,Chaetodontidae,no,exists,72209
Chaetodon kleinii,60122,60122AF.jpg,Chaetodon_kleinii_FishPix_60122.jpg,https://fishpix.kahaku.go.jp/photos/NR0060/60122AF.jpg,Chaetodontidae,no,exists,47560
Hemitaurichthys polylepis,60172,60172AF.jpg,Hemitaurichthys_polylepis_FishPix_60172.jpg,https://fishpix.kahaku.go.jp/photos/NR0060/60172AF.jpg,Chaetodontidae,no,exists,38794
Heniochus monoceros,60422,60422AF.jpg,Heniochus_monoceros_FishPix_60422.jpg,https://fishpix.kahaku.go.jp/photos/NR0060/60422AF.jpg,Chaetodontidae,no,exists,73550
Chaetodon octofasciatus,60444,60444AF.jpg,Chaetodon_octofasciatus_FishPix_60444.jpg,https://fishpix.kahaku.go.jp/photos/NR0060/60444AF.jpg,Chaetodontidae,no,exists,51627
Coradion chrysozonus,60454,60454AF.jpg,Coradion_chrysozonus_FishPix_60454.jpg,https://fishpix.kahaku.go.jp/photos/NR0060/60454AF.jpg,Chaetodontidae,no,exists,51289
Chaetodon octofasciatus,60527,60527AF.jpg,Chaetodon_octofasciatus_FishPix_60527.jpg,https://fishpix.kahaku.go.jp/photos/NR0060/60527AF.jpg,Chaetodontidae,no,exists,81411
Chaetodon argentatus,60616,60616AF.jpg,Chaetodon_argentatus_FishPix_60616.jpg,https://fishpix.kahaku.go.jp/photos/NR0060/60616AF.jpg,Chaetodontidae,no,exists,78404
Chaetodon auripes,60626,60626AF.jpg,Chaetodon_auripes_FishPix_60626.jpg,https://fishpix.kahaku.go.jp/photos/NR0060/60626AF.jpg,Chaetodontidae,no,exists,68305
Chaetodon selene,60688,60688AF.jpg,Chaetodon_selene_FishPix_60688.jpg,https://fishpix.kahaku.go.jp/photos/NR0060/60688AF.jpg,Chaetodontidae,no,exists,104662
Chaetodon xanthurus,60846,60846AF.jpg,Chaetodon_xanthurus_FishPix_60846.jpg,https://fishpix.kahaku.go.jp/photos/NR0060/60846AF.jpg,Chaetodontidae,no,exists,58221
Chaetodon burgessi,60893,60893AF.jpg,Chaetodon_burgessi_FishPix_60893.jpg,https://fishpix.kahaku.go.jp/photos/NR0060/60893AF.jpg,Chaetodontidae,no,exists,42044
Forcipiger flavissimus,61249,61249AF.jpg,Forcipiger_flavissimus_FishPix_61249.jpg,https://fishpix.kahaku.go.jp/photos/NR0061/61249AF.jpg,Chaetodontidae,no,exists,74304
Chaetodon bennetti,61250,61250AF.jpg,Chaetodon_bennetti_FishPix_61250.jpg,https://fishpix.kahaku.go.jp/photos/NR0061/61250AF.jpg,Chaetodontidae,no,exists,59061
Chaetodon melannotus,61251,61251AF.jpg,Chaetodon_melannotus_FishPix_61251.jpg,https://fishpix.kahaku.go.jp/photos/NR0061/61251AF.jpg,Chaetodontidae,no,exists,60874
Chaetodon selene,61473,61473AF.jpg,Chaetodon_selene_FishPix_61473.jpg,https://fishpix.kahaku.go.jp/photos/NR0061/61473AF.jpg,Chaetodontidae,no,exists,74904
Roa modesta,61486,61486AF.jpg,Roa_modesta_FishPix_61486.jpg,https://fishpix.kahaku.go.jp/photos/NR0061/61486AF.jpg,Chaetodontidae,no,exists,78393
Chaetodon austriacus,61516,61516AF.jpg,Chaetodon_austriacus_FishPix_61516.jpg,https://fishpix.kahaku.go.jp/photos/NR0061/61516AF.jpg,Chaetodontidae,no,exists,87879
Chaetodon fasciatus,61528,61528AF.jpg,Chaetodon_fasciatus_FishPix_61528.jpg,https://fishpix.kahaku.go.jp/photos/NR0061/61528AF.jpg,Chaetodontidae,no,exists,54983
Heniochus intermedius,61529,61529AF.jpg,Heniochus_intermedius_FishPix_61529.jpg,https://fishpix.kahaku.go.jp/photos/NR0061/61529AF.jpg,Chaetodontidae,no,exists,110512
Chaetodon auriga,61530,61530AF.jpg,Chaetodon_auriga_FishPix_61530.jpg,https://fishpix.kahaku.go.jp/photos/NR0061/61530AF.jpg,Chaetodontidae,no,exists,57372
Chaetodon semilarvatus,61531,61531AF.jpg,Chaetodon_semilarvatus_FishPix_61531.jpg,https://fishpix.kahaku.go.jp/photos/NR0061/61531AF.jpg,Chaetodontidae,no,exists,62362
Chaetodon paucifasciatus,61546,61546AF.jpg,Chaetodon_paucifasciatus_FishPix_61546.jpg,https://fishpix.kahaku.go.jp/photos/NR0061/61546AF.jpg,Chaetodontidae,no,exists,76405
Chaetodon collare,61562,61562AF.jpg,Chaetodon_collare_FishPix_61562.jpg,https://fishpix.kahaku.go.jp/photos/NR0061/61562AF.jpg,Chaetodontidae,yes,exists,63109
Chaetodon triangulum,61573,61573AF.jpg,Chaetodon_triangulum_FishPix_61573.jpg,https://fishpix.kahaku.go.jp/photos/NR0061/61573AF.jpg,Chaetodontidae,no,exists,86632
Chaetodon decussatus,61588,61588AF.jpg,Chaetodon_decussatus_FishPix_61588.jpg,https://fishpix.kahaku.go.jp/photos/NR0061/61588AF.jpg,Chaetodontidae,no,exists,61850
Chaetodon decussatus,61589,61589AF.jpg,Chaetodon_decussatus_FishPix_61589.jpg,https://fishpix.kahaku.go.jp/photos/NR0061/61589AF.jpg,Chaetodontidae,no,exists,51467
Chaetodon octofasciatus,61610,61610AF.jpg,Chaetodon_octofasciatus_FishPix_61610.jpg,https://fishpix.kahaku.go.jp/photos/NR0061/61610AF.jpg,Chaetodontidae,no,exists,82123
Roa modesta,61641,61641AF.jpg,Roa_modesta_FishPix_61641.jpg,https://fishpix.kahaku.go.jp/photos/NR0061/61641AF.jpg,Chaetodontidae,no,exists,63844
Chaetodon auriga,61683,61683AF.jpg,Chaetodon_auriga_FishPix_61683.jpg,https://fishpix.kahaku.go.jp/photos/NR0061/61683AF.jpg,Chaetodontidae,no,exists,52935
Coradion altivelis,61719,61719AF.jpg,Coradion_altivelis_FishPix_61719.jpg,https://fishpix.kahaku.go.jp/photos/NR0061/61719AF.jpg,Chaetodontidae,no,exists,59242
Chaetodon auripes,61781,61781AF.jpg,Chaetodon_auripes_FishPix_61781.jpg,https://fishpix.kahaku.go.jp/photos/NR0061/61781AF.jpg,Chaetodontidae,no,exists,55404
Chaetodon auriga,61782,61782AF.jpg,Chaetodon_auriga_FishPix_61782.jpg,https://fishpix.kahaku.go.jp/photos/NR0061/61782AF.jpg,Chaetodontidae,no,exists,60558
Chaetodon melannotus,61783,61783AF.jpg,Chaetodon_melannotus_FishPix_61783.jpg,https://fishpix.kahaku.go.jp/photos/NR0061/61783AF.jpg,Chaetodontidae,no,exists,66394
Chaetodon vagabundus,61784,61784AF.jpg,Chaetodon_vagabundus_FishPix_61784.jpg,https://fishpix.kahaku.go.jp/photos/NR0061/61784AF.jpg,Chaetodontidae,no,exists,61249
Chaetodon ephippium,61792,61792AF.jpg,Chaetodon_ephippium_FishPix_61792.jpg,https://fishpix.kahaku.go.jp/photos/NR0061/61792AF.jpg,Chaetodontidae,no,exists,54402
Chaetodon kleinii,61793,61793AF.jpg,Chaetodon_kleinii_FishPix_61793.jpg,https://fishpix.kahaku.go.jp/photos/NR0061/61793AF.jpg,Chaetodontidae,no,exists,52452
Chaetodon lineolatus,61794,61794AF.jpg,Chaetodon_lineolatus_FishPix_61794.jpg,https://fishpix.kahaku.go.jp/photos/NR0061/61794AF.jpg,Chaetodontidae,no,exists,63624
Chaetodon lunula,61795,61795AF.jpg,Chaetodon_lunula_FishPix_61795.jpg,https://fishpix.kahaku.go.jp/photos/NR0061/61795AF.jpg,Chaetodontidae,no,exists,62313
Chaetodon citrinellus,61796,61796AF.jpg,Chaetodon_citrinellus_FishPix_61796.jpg,https://fishpix.kahaku.go.jp/photos/NR0061/61796AF.jpg,Chaetodontidae,no,exists,55994
Coradion altivelis,6192,6192AF.jpg,Coradion_altivelis_FishPix_6192.jpg,https://fishpix.kahaku.go.jp/photos/NR0006/6192AF.jpg,Chaetodontidae,no,exists,15360
Coradion altivelis,6193,6193AF.jpg,Coradion_altivelis_FishPix_6193.jpg,https://fishpix.kahaku.go.jp/photos/NR0006/6193AF.jpg,Chaetodontidae,no,exists,14336
Chaetodon octofasciatus,61933,61933AF.jpg,Chaetodon_octofasciatus_FishPix_61933.jpg,https://fishpix.kahaku.go.jp/photos/NR0061/61933AF.jpg,Chaetodontidae,no,exists,67155
Chaetodon quadrimaculatus,61934,61934AF.jpg,Chaetodon_quadrimaculatus_FishPix_61934.jpg,https://fishpix.kahaku.go.jp/photos/NR0061/61934AF.jpg,Chaetodontidae,no,exists,30569
Coradion altivelis,6194,6194AF.jpg,Coradion_altivelis_FishPix_6194.jpg,https://fishpix.kahaku.go.jp/photos/NR0006/6194AF.jpg,Chaetodontidae,no,exists,16384
Coradion altivelis,6195,6195AF.jpg,Coradion_altivelis_FishPix_6195.jpg,https://fishpix.kahaku.go.jp/photos/NR0006/6195AF.jpg,Chaetodontidae,no,exists,15360
Chaetodon kleinii,6196,6196AF.jpg,Chaetodon_kleinii_FishPix_6196.jpg,https://fishpix.kahaku.go.jp/photos/NR0006/6196AF.jpg,Chaetodontidae,no,exists,21504
Chaetodon quadrimaculatus,61966,61966AF.jpg,Chaetodon_quadrimaculatus_FishPix_61966.jpg,https://fishpix.kahaku.go.jp/photos/NR0061/61966AF.jpg,Chaetodontidae,no,exists,41825
Chaetodon quadrimaculatus,61967,61967AF.jpg,Chaetodon_quadrimaculatus_FishPix_61967.jpg,https://fishpix.kahaku.go.jp/photos/NR0061/61967AF.jpg,Chaetodontidae,no,exists,36478
Chaetodon xanthurus,61969,61969AF.jpg,Chaetodon_xanthurus_FishPix_61969.jpg,https://fishpix.kahaku.go.jp/photos/NR0061/61969AF.jpg,Chaetodontidae,no,exists,63359
Chaetodon nippon,6197,6197AF.jpg,Chaetodon_nippon_FishPix_6197.jpg,https://fishpix.kahaku.go.jp/photos/NR0006/6197AF.jpg,Chaetodontidae,no,exists,40960
Chaetodon ornatissimus,61974,61974AF.jpg,Chaetodon_ornatissimus_FishPix_61974.jpg,https://fishpix.kahaku.go.jp/photos/NR0061/61974AF.jpg,Chaetodontidae,no,exists,50703
Chaetodon punctatofasciatus,61975,61975AF.jpg,Chaetodon_punctatofasciatus_FishPix_61975.jpg,https://fishpix.kahaku.go.jp/photos/NR0061/61975AF.jpg,Chaetodontidae,no,exists,39029
Chaetodon kleinii,6198,6198AF.jpg,Chaetodon_kleinii_FishPix_6198.jpg,https://fishpix.kahaku.go.jp/photos/NR0006/6198AF.jpg,Chaetodontidae,no,exists,19456
Chaetodon daedalma,61985,61985AF.jpg,Chaetodon_daedalma_FishPix_61985.jpg,https://fishpix.kahaku.go.jp/photos/NR0061/61985AF.jpg,Chaetodontidae,no,exists,51672
Chaetodon wiebeli,61986,61986AF.jpg,Chaetodon_wiebeli_FishPix_61986.jpg,https://fishpix.kahaku.go.jp/photos/NR0061/61986AF.jpg,Chaetodontidae,no,exists,44095
Chaetodon kleinii,6200,6200AF.jpg,Chaetodon_kleinii_FishPix_6200.jpg,https://fishpix.kahaku.go.jp/photos/NR0006/6200AF.jpg,Chaetodontidae,no,exists,18432
Chaetodon kleinii,6201,6201AF.jpg,Chaetodon_kleinii_FishPix_6201.jpg,https://fishpix.kahaku.go.jp/photos/NR0006/6201AF.jpg,Chaetodontidae,no,exists,13312
Heniochus diphreutes,6203,6203AF.jpg,Heniochus_diphreutes_FishPix_6203.jpg,https://fishpix.kahaku.go.jp/photos/NR0006/6203AF.jpg,Chaetodontidae,no,exists,14336
Heniochus diphreutes,6204,6204AF.jpg,Heniochus_diphreutes_FishPix_6204.jpg,https://fishpix.kahaku.go.jp/photos/NR0006/6204AF.jpg,Chaetodontidae,no,exists,13312
Forcipiger flavissimus,6205,6205AF.jpg,Forcipiger_flavissimus_FishPix_6205.jpg,https://fishpix.kahaku.go.jp/photos/NR0006/6205AF.jpg,Chaetodontidae,no,exists,28672
Chaetodon bennetti,6206,6206AF.jpg,Chaetodon_bennetti_FishPix_6206.jpg,https://fishpix.kahaku.go.jp/photos/NR0006/6206AF.jpg,Chaetodontidae,no,exists,19456
Chaetodon plebeius,6207,6207AF.jpg,Chaetodon_plebeius_FishPix_6207.jpg,https://fishpix.kahaku.go.jp/photos/NR0006/6207AF.jpg,Chaetodontidae,no,exists,26624
Heniochus diphreutes,6208,6208AF.jpg,Heniochus_diphreutes_FishPix_6208.jpg,https://fishpix.kahaku.go.jp/photos/NR0006/6208AF.jpg,Chaetodontidae,no,exists,14336
Chaetodon auriga,62083,62083AF.jpg,Chaetodon_auriga_FishPix_62083.jpg,https://fishpix.kahaku.go.jp/photos/NR0062/62083AF.jpg,Chaetodontidae,no,exists,56734
Chaetodon auriga,6210,6210AF.jpg,Chaetodon_auriga_FishPix_6210.jpg,https://fishpix.kahaku.go.jp/photos/NR0006/6210AF.jpg,Chaetodontidae,no,exists,18432
Chaetodon vagabundus,6211,6211AF.jpg,Chaetodon_vagabundus_FishPix_6211.jpg,https://fishpix.kahaku.go.jp/photos/NR0006/6211AF.jpg,Chaetodontidae,no,exists,22528
Chaetodon kleinii,6212,6212AF.jpg,Chaetodon_kleinii_FishPix_6212.jpg,https://fishpix.kahaku.go.jp/photos/NR0006/6212AF.jpg,Chaetodontidae,no,exists,24576
Chaetodon kleinii,6214,6214AF.jpg,Chaetodon_kleinii_FishPix_6214.jpg,https://fishpix.kahaku.go.jp/photos/NR0006/6214AF.jpg,Chaetodontidae,no,exists,22528
Chaetodon argentatus,6216,6216AF.jpg,Chaetodon_argentatus_FishPix_6216.jpg,https://fishpix.kahaku.go.jp/photos/NR0006/6216AF.jpg,Chaetodontidae,no,exists,20480
Chaetodon trifascialis,6217,6217AF.jpg,Chaetodon_trifascialis_FishPix_6217.jpg,https://fishpix.kahaku.go.jp/photos/NR0006/6217AF.jpg,Chaetodontidae,no,exists,37888
Heniochus diphreutes,6218,6218AF.jpg,Heniochus_diphreutes_FishPix_6218.jpg,https://fishpix.kahaku.go.jp/photos/NR0006/6218AF.jpg,Chaetodontidae,no,exists,77824
Chaetodon plebeius,6219,6219AF.jpg,Chaetodon_plebeius_FishPix_6219.jpg,https://fishpix.kahaku.go.jp/photos/NR0006/6219AF.jpg,Chaetodontidae,no,exists,24576
Chaetodon daedalma,6220,6220AF.jpg,Chaetodon_daedalma_FishPix_6220.jpg,https://fishpix.kahaku.go.jp/photos/NR0006/6220AF.jpg,Chaetodontidae,no,exists,31744
Chaetodon daedalma,6221,6221AF.jpg,Chaetodon_daedalma_FishPix_6221.jpg,https://fishpix.kahaku.go.jp/photos/NR0006/6221AF.jpg,Chaetodontidae,no,exists,41984
Chaetodon daedalma,6222,6222AF.jpg,Chaetodon_daedalma_FishPix_6222.jpg,https://fishpix.kahaku.go.jp/photos/NR0006/6222AF.jpg,Chaetodontidae,no,exists,27648
Forcipiger flavissimus,62227,62227AF.jpg,Forcipiger_flavissimus_FishPix_62227.jpg,https://fishpix.kahaku.go.jp/photos/NR0062/62227AF.jpg,Chaetodontidae,no,exists,55091
Chaetodon daedalma,6223,6223AF.jpg,Chaetodon_daedalma_FishPix_6223.jpg,https://fishpix.kahaku.go.jp/photos/NR0006/6223AF.jpg,Chaetodontidae,no,exists,31744
Chaetodon auripes,6224,6224AF.jpg,Chaetodon_auripes_FishPix_6224.jpg,https://fishpix.kahaku.go.jp/photos/NR0006/6224AF.jpg,Chaetodontidae,no,exists,22528
Heniochus acuminatus,62242,62242AF.jpg,Heniochus_acuminatus_FishPix_62242.jpg,https://fishpix.kahaku.go.jp/photos/NR0062/62242AF.jpg,Chaetodontidae,no,exists,62187
Chaetodon ornatissimus,6225,6225AF.jpg,Chaetodon_ornatissimus_FishPix_6225.jpg,https://fishpix.kahaku.go.jp/photos/NR0006/6225AF.jpg,Chaetodontidae,no,exists,23552
Chaetodon auriga,6226,6226AF.jpg,Chaetodon_auriga_FishPix_6226.jpg,https://fishpix.kahaku.go.jp/photos/NR0006/6226AF.jpg,Chaetodontidae,no,exists,28672
Chaetodon trifascialis,6227,6227AF.jpg,Chaetodon_trifascialis_FishPix_6227.jpg,https://fishpix.kahaku.go.jp/photos/NR0006/6227AF.jpg,Chaetodontidae,no,exists,37888
Chaetodon guentheri,6228,6228AF.jpg,Chaetodon_guentheri_FishPix_6228.jpg,https://fishpix.kahaku.go.jp/photos/NR0006/6228AF.jpg,Chaetodontidae,no,exists,13312
Chaetodon guentheri,6229,6229AF.jpg,Chaetodon_guentheri_FishPix_6229.jpg,https://fishpix.kahaku.go.jp/photos/NR0006/6229AF.jpg,Chaetodontidae,no,exists,14336
Coradion altivelis,6230,6230AF.jpg,Coradion_altivelis_FishPix_6230.jpg,https://fishpix.kahaku.go.jp/photos/NR0006/6230AF.jpg,Chaetodontidae,no,exists,23552
Heniochus diphreutes,6231,6231AF.jpg,Heniochus_diphreutes_FishPix_6231.jpg,https://fishpix.kahaku.go.jp/photos/NR0006/6231AF.jpg,Chaetodontidae,no,exists,16384
Chaetodon vagabundus,6232,6232AF.jpg,Chaetodon_vagabundus_FishPix_6232.jpg,https://fishpix.kahaku.go.jp/photos/NR0006/6232AF.jpg,Chaetodontidae,no,exists,33792
Chaetodon lunula,6233,6233AF.jpg,Chaetodon_lunula_FishPix_6233.jpg,https://fishpix.kahaku.go.jp/photos/NR0006/6233AF.jpg,Chaetodontidae,no,exists,24576
Heniochus acuminatus,6234,6234AF.jpg,Heniochus_acuminatus_FishPix_6234.jpg,https://fishpix.kahaku.go.jp/photos/NR0006/6234AF.jpg,Chaetodontidae,no,exists,15360
Heniochus diphreutes,6235,6235AF.jpg,Heniochus_diphreutes_FishPix_6235.jpg,https://fishpix.kahaku.go.jp/photos/NR0006/6235AF.jpg,Chaetodontidae,no,exists,16384
Chaetodon rafflesii,62353,62353AF.jpg,Chaetodon_rafflesii_FishPix_62353.jpg,https://fishpix.kahaku.go.jp/photos/NR0062/62353AF.jpg,Chaetodontidae,no,exists,56112
Heniochus diphreutes,6236,6236AF.jpg,Heniochus_diphreutes_FishPix_6236.jpg,https://fishpix.kahaku.go.jp/photos/NR0006/6236AF.jpg,Chaetodontidae,no,exists,18432
Chaetodon auripes,6237,6237AF.jpg,Chaetodon_auripes_FishPix_6237.jpg,https://fishpix.kahaku.go.jp/photos/NR0006/6237AF.jpg,Chaetodontidae,no,exists,21504
Heniochus diphreutes,6238,6238AF.jpg,Heniochus_diphreutes_FishPix_6238.jpg,https://fishpix.kahaku.go.jp/photos/NR0006/6238AF.jpg,Chaetodontidae,no,exists,17408
Chaetodon lineolatus,62439,62439AF.jpg,Chaetodon_lineolatus_FishPix_62439.jpg,https://fishpix.kahaku.go.jp/photos/NR0062/62439AF.jpg,Chaetodontidae,no,exists,67194
Coradion altivelis,62520,62520AF.jpg,Coradion_altivelis_FishPix_62520.jpg,https://fishpix.kahaku.go.jp/photos/NR0062/62520AF.jpg,Chaetodontidae,no,exists,66368
Chaetodon nippon,62565,62565AF.jpg,Chaetodon_nippon_FishPix_62565.jpg,https://fishpix.kahaku.go.jp/photos/NR0062/62565AF.jpg,Chaetodontidae,no,exists,80031
Chaetodon nippon,62566,62566AF.jpg,Chaetodon_nippon_FishPix_62566.jpg,https://fishpix.kahaku.go.jp/photos/NR0062/62566AF.jpg,Chaetodontidae,no,exists,58634
Coradion altivelis,62593,62593AF.jpg,Coradion_altivelis_FishPix_62593.jpg,https://fishpix.kahaku.go.jp/photos/NR0062/62593AF.jpg,Chaetodontidae,no,exists,51440
Chaetodon selene,62624,62624AF.jpg,Chaetodon_selene_FishPix_62624.jpg,https://fishpix.kahaku.go.jp/photos/NR0062/62624AF.jpg,Chaetodontidae,no,exists,60832
Chaetodon octofasciatus,62679,62679AF.jpg,Chaetodon_octofasciatus_FishPix_62679.jpg,https://fishpix.kahaku.go.jp/photos/NR0062/62679AF.jpg,Chaetodontidae,no,exists,54058
Heniochus chrysostomus,62770,62770AF.jpg,Heniochus_chrysostomus_FishPix_62770.jpg,https://fishpix.kahaku.go.jp/photos/NR0062/62770AF.jpg,Chaetodontidae,no,exists,47133
Chaetodon bennetti,62771,62771AF.jpg,Chaetodon_bennetti_FishPix_62771.jpg,https://fishpix.kahaku.go.jp/photos/NR0062/62771AF.jpg,Chaetodontidae,no,exists,44211
Chaetodon auriga,62772,62772AF.jpg,Chaetodon_auriga_FishPix_62772.jpg,https://fishpix.kahaku.go.jp/photos/NR0062/62772AF.jpg,Chaetodontidae,no,exists,58637
Chaetodon ulietensis,62773,62773AF.jpg,Chaetodon_ulietensis_FishPix_62773.jpg,https://fishpix.kahaku.go.jp/photos/NR0062/62773AF.jpg,Chaetodontidae,no,exists,57368
Chaetodon ephippium,62774,62774AF.jpg,Chaetodon_ephippium_FishPix_62774.jpg,https://fishpix.kahaku.go.jp/photos/NR0062/62774AF.jpg,Chaetodontidae,no,exists,71338
Chaetodon xanthurus,62832,62832AF.jpg,Chaetodon_xanthurus_FishPix_62832.jpg,https://fishpix.kahaku.go.jp/photos/NR0062/62832AF.jpg,Chaetodontidae,no,exists,63214
Chaetodon ulietensis,62906,62906AF.jpg,Chaetodon_ulietensis_FishPix_62906.jpg,https://fishpix.kahaku.go.jp/photos/NR0062/62906AF.jpg,Chaetodontidae,no,exists,74411
Chaetodon oxycephalus,62907,62907AF.jpg,Chaetodon_oxycephalus_FishPix_62907.jpg,https://fishpix.kahaku.go.jp/photos/NR0062/62907AF.jpg,Chaetodontidae,no,exists,32936
Chaetodon guentheri,62908,62908AF.jpg,Chaetodon_guentheri_FishPix_62908.jpg,https://fishpix.kahaku.go.jp/photos/NR0062/62908AF.jpg,Chaetodontidae,no,exists,82487
Chaetodon bennetti,62909,62909AF.jpg,Chaetodon_bennetti_FishPix_62909.jpg,https://fishpix.kahaku.go.jp/photos/NR0062/62909AF.jpg,Chaetodontidae,no,exists,60873
Chaetodon mertensii,62910,62910AF.jpg,Chaetodon_mertensii_FishPix_62910.jpg,https://fishpix.kahaku.go.jp/photos/NR0062/62910AF.jpg,Chaetodontidae,no,exists,56298
Coradion melanopus,62911,62911AF.jpg,Coradion_melanopus_FishPix_62911.jpg,https://fishpix.kahaku.go.jp/photos/NR0062/62911AF.jpg,Chaetodontidae,no,exists,51401
Coradion melanopus,62912,62912AF.jpg,Coradion_melanopus_FishPix_62912.jpg,https://fishpix.kahaku.go.jp/photos/NR0062/62912AF.jpg,Chaetodontidae,no,exists,38632
Chaetodon adiergastos,62913,62913AF.jpg,Chaetodon_adiergastos_FishPix_62913.jpg,https://fishpix.kahaku.go.jp/photos/NR0062/62913AF.jpg,Chaetodontidae,no,exists,55080
Chaetodon vagabundus,62914,62914AF.jpg,Chaetodon_vagabundus_FishPix_62914.jpg,https://fishpix.kahaku.go.jp/photos/NR0062/62914AF.jpg,Chaetodontidae,no,exists,67034
Chaetodon decussatus,62915,62915AF.jpg,Chaetodon_decussatus_FishPix_62915.jpg,https://fishpix.kahaku.go.jp/photos/NR0062/62915AF.jpg,Chaetodontidae,no,exists,66401
Chaetodon decussatus,62916,62916AF.jpg,Chaetodon_decussatus_FishPix_62916.jpg,https://fishpix.kahaku.go.jp/photos/NR0062/62916AF.jpg,Chaetodontidae,no,exists,60980
Heniochus diphreutes,62983,62983AF.jpg,Heniochus_diphreutes_FishPix_62983.jpg,https://fishpix.kahaku.go.jp/photos/NR0062/62983AF.jpg,Chaetodontidae,no,exists,52847
Chaetodon selene,62985,62985AF.jpg,Chaetodon_selene_FishPix_62985.jpg,https://fishpix.kahaku.go.jp/photos/NR0062/62985AF.jpg,Chaetodontidae,no,exists,69726
Chaetodon selene,62994,62994AF.jpg,Chaetodon_selene_FishPix_62994.jpg,https://fishpix.kahaku.go.jp/photos/NR0062/62994AF.jpg,Chaetodontidae,no,exists,53803
Chaetodon kleinii,63032,63032AF.jpg,Chaetodon_kleinii_FishPix_63032.jpg,https://fishpix.kahaku.go.jp/photos/NR0063/63032AF.jpg,Chaetodontidae,no,exists,73182
Chaetodon auriga,63033,63033AF.jpg,Chaetodon_auriga_FishPix_63033.jpg,https://fishpix.kahaku.go.jp/photos/NR0063/63033AF.jpg,Chaetodontidae,no,exists,57375
Chaetodon vagabundus,63036,63036AF.jpg,Chaetodon_vagabundus_FishPix_63036.jpg,https://fishpix.kahaku.go.jp/photos/NR0063/63036AF.jpg,Chaetodontidae,no,exists,63933
Forcipiger longirostris,63056,63056AF.jpg,Forcipiger_longirostris_FishPix_63056.jpg,https://fishpix.kahaku.go.jp/photos/NR0063/63056AF.jpg,Chaetodontidae,no,exists,96219
Chaetodon unimaculatus,63144,63144AF.jpg,Chaetodon_unimaculatus_FishPix_63144.jpg,https://fishpix.kahaku.go.jp/photos/NR0063/63144AF.jpg,Chaetodontidae,no,exists,47967
Chaetodon citrinellus,63150,63150AF.jpg,Chaetodon_citrinellus_FishPix_63150.jpg,https://fishpix.kahaku.go.jp/photos/NR0063/63150AF.jpg,Chaetodontidae,no,exists,72240
Chaetodon kleinii,63151,63151AF.jpg,Chaetodon_kleinii_FishPix_63151.jpg,https://fishpix.kahaku.go.jp/photos/NR0063/63151AF.jpg,Chaetodontidae,no,exists,80191
Chaetodon guentheri,63157,63157AF.jpg,Chaetodon_guentheri_FishPix_63157.jpg,https://fishpix.kahaku.go.jp/photos/NR0063/63157AF.jpg,Chaetodontidae,no,exists,49856
Chaetodon octofasciatus,63247,63247AF.jpg,Chaetodon_octofasciatus_FishPix_63247.jpg,https://fishpix.kahaku.go.jp/photos/NR0063/63247AF.jpg,Chaetodontidae,no,exists,55462
Chaetodon auripes,63309,63309AF.jpg,Chaetodon_auripes_FishPix_63309.jpg,https://fishpix.kahaku.go.jp/photos/NR0063/63309AF.jpg,Chaetodontidae,no,exists,34906
Chaetodon lineolatus,63376,63376AF.jpg,Chaetodon_lineolatus_FishPix_63376.jpg,https://fishpix.kahaku.go.jp/photos/NR0063/63376AF.jpg,Chaetodontidae,no,exists,32753
Chaetodon humeralis,63449,63449AF.jpg,Chaetodon_humeralis_FishPix_63449.jpg,https://fishpix.kahaku.go.jp/photos/NR0063/63449AF.jpg,Chaetodontidae,no,exists,63775
Chaetodon daedalma,63635,63635AF.jpg,Chaetodon_daedalma_FishPix_63635.jpg,https://fishpix.kahaku.go.jp/photos/NR0063/63635AF.jpg,Chaetodontidae,no,exists,146647
Chaetodon auripes,63645,63645AF.jpg,Chaetodon_auripes_FishPix_63645.jpg,https://fishpix.kahaku.go.jp/photos/NR0063/63645AF.jpg,Chaetodontidae,no,exists,52736
Chaetodon auripes,63646,63646AF.jpg,Chaetodon_auripes_FishPix_63646.jpg,https://fishpix.kahaku.go.jp/photos/NR0063/63646AF.jpg,Chaetodontidae,no,exists,60279
Chaetodon plebeius,63919,63919AF.jpg,Chaetodon_plebeius_FishPix_63919.jpg,https://fishpix.kahaku.go.jp/photos/NR0063/63919AF.jpg,Chaetodontidae,no,exists,71179
Chaetodon lunulatus,63922,63922AF.jpg,Chaetodon_lunulatus_FishPix_63922.jpg,https://fishpix.kahaku.go.jp/photos/NR0063/63922AF.jpg,Chaetodontidae,no,exists,60537
Heniochus singularius,63952,63952AF.jpg,Heniochus_singularius_FishPix_63952.jpg,https://fishpix.kahaku.go.jp/photos/NR0063/63952AF.jpg,Chaetodontidae,no,exists,47745
Chaetodon citrinellus,63964,63964AF.jpg,Chaetodon_citrinellus_FishPix_63964.jpg,https://fishpix.kahaku.go.jp/photos/NR0063/63964AF.jpg,Chaetodontidae,no,exists,72367
Chaetodon lunula,63965,63965AF.jpg,Chaetodon_lunula_FishPix_63965.jpg,https://fishpix.kahaku.go.jp/photos/NR0063/63965AF.jpg,Chaetodontidae,no,exists,81248
Chaetodon rafflesii,63966,63966AF.jpg,Chaetodon_rafflesii_FishPix_63966.jpg,https://fishpix.kahaku.go.jp/photos/NR0063/63966AF.jpg,Chaetodontidae,no,exists,77857
Chaetodon trifascialis,63974,63974AF.jpg,Chaetodon_trifascialis_FishPix_63974.jpg,https://fishpix.kahaku.go.jp/photos/NR0063/63974AF.jpg,Chaetodontidae,no,exists,55002
Chaetodon lunula,63988,63988AF.jpg,Chaetodon_lunula_FishPix_63988.jpg,https://fishpix.kahaku.go.jp/photos/NR0063/63988AF.jpg,Chaetodontidae,no,exists,51219
Coradion altivelis,64013,64013AF.jpg,Coradion_altivelis_FishPix_64013.jpg,https://fishpix.kahaku.go.jp/photos/NR0064/64013AF.jpg,Chaetodontidae,no,exists,94028
Chaetodon argentatus,64044,64044AF.jpg,Chaetodon_argentatus_FishPix_64044.jpg,https://fishpix.kahaku.go.jp/photos/NR0064/64044AF.jpg,Chaetodontidae,no,exists,86123
Coradion altivelis,64094,64094AF.jpg,Coradion_altivelis_FishPix_64094.jpg,https://fishpix.kahaku.go.jp/photos/NR0064/64094AF.jpg,Chaetodontidae,no,exists,72466
Chaetodon plebeius,64117,64117AF.jpg,Chaetodon_plebeius_FishPix_64117.jpg,https://fishpix.kahaku.go.jp/photos/NR0064/64117AF.jpg,Chaetodontidae,no,exists,72032
Forcipiger flavissimus,64129,64129AF.jpg,Forcipiger_flavissimus_FishPix_64129.jpg,https://fishpix.kahaku.go.jp/photos/NR0064/64129AF.jpg,Chaetodontidae,no,exists,57904
Chaetodon kleinii,64132,64132AF.jpg,Chaetodon_kleinii_FishPix_64132.jpg,https://fishpix.kahaku.go.jp/photos/NR0064/64132AF.jpg,Chaetodontidae,no,exists,78657
Chaetodon kleinii,64133,64133AF.jpg,Chaetodon_kleinii_FishPix_64133.jpg,https://fishpix.kahaku.go.jp/photos/NR0064/64133AF.jpg,Chaetodontidae,no,exists,85834
Heniochus chrysostomus,64151,64151AF.jpg,Heniochus_chrysostomus_FishPix_64151.jpg,https://fishpix.kahaku.go.jp/photos/NR0064/64151AF.jpg,Chaetodontidae,no,exists,52152
Chaetodon nippon,6420,6420AF.jpg,Chaetodon_nippon_FishPix_6420.jpg,https://fishpix.kahaku.go.jp/photos/NR0006/6420AF.jpg,Chaetodontidae,no,exists,27648
Hemitaurichthys polylepis,64504,64504AF.jpg,Hemitaurichthys_polylepis_FishPix_64504.jpg,https://fishpix.kahaku.go.jp/photos/NR0064/64504AF.jpg,Chaetodontidae,no,exists,80245
Chaetodon rafflesii,64505,64505AF.jpg,Chaetodon_rafflesii_FishPix_64505.jpg,https://fishpix.kahaku.go.jp/photos/NR0064/64505AF.jpg,Chaetodontidae,no,exists,86700
Chaetodon lineolatus,64506,64506AF.jpg,Chaetodon_lineolatus_FishPix_64506.jpg,https://fishpix.kahaku.go.jp/photos/NR0064/64506AF.jpg,Chaetodontidae,no,exists,58231
Chaetodon wiebeli,64658,64658AF.jpg,Chaetodon_wiebeli_FishPix_64658.jpg,https://fishpix.kahaku.go.jp/photos/NR0064/64658AF.jpg,Chaetodontidae,no,exists,85965
Chaetodon argentatus,65125,65125AF.jpg,Chaetodon_argentatus_FishPix_65125.jpg,https://fishpix.kahaku.go.jp/photos/NR0065/65125AF.jpg,Chaetodontidae,no,exists,104855
Chaetodon argentatus,65126,65126AF.jpg,Chaetodon_argentatus_FishPix_65126.jpg,https://fishpix.kahaku.go.jp/photos/NR0065/65126AF.jpg,Chaetodontidae,no,exists,84344
Chaetodon xanthurus,65127,65127AF.jpg,Chaetodon_xanthurus_FishPix_65127.jpg,https://fishpix.kahaku.go.jp/photos/NR0065/65127AF.jpg,Chaetodontidae,no,exists,57542
Chaetodon auriga,65128,65128AF.jpg,Chaetodon_auriga_FishPix_65128.jpg,https://fishpix.kahaku.go.jp/photos/NR0065/65128AF.jpg,Chaetodontidae,no,exists,68461
Chaetodon auriga,65129,65129AF.jpg,Chaetodon_auriga_FishPix_65129.jpg,https://fishpix.kahaku.go.jp/photos/NR0065/65129AF.jpg,Chaetodontidae,no,exists,54897
Chaetodon baronessa,65130,65130AF.jpg,Chaetodon_baronessa_FishPix_65130.jpg,https://fishpix.kahaku.go.jp/photos/NR0065/65130AF.jpg,Chaetodontidae,no,exists,76969
Chaetodon auripes,65131,65131AF.jpg,Chaetodon_auripes_FishPix_65131.jpg,https://fishpix.kahaku.go.jp/photos/NR0065/65131AF.jpg,Chaetodontidae,no,exists,48791
Chaetodon citrinellus,65132,65132AF.jpg,Chaetodon_citrinellus_FishPix_65132.jpg,https://fishpix.kahaku.go.jp/photos/NR0065/65132AF.jpg,Chaetodontidae,no,exists,80618
Chaetodon ephippium,65133,65133AF.jpg,Chaetodon_ephippium_FishPix_65133.jpg,https://fishpix.kahaku.go.jp/photos/NR0065/65133AF.jpg,Chaetodontidae,no,exists,77778
Chaetodon ephippium,65134,65134AF.jpg,Chaetodon_ephippium_FishPix_65134.jpg,https://fishpix.kahaku.go.jp/photos/NR0065/65134AF.jpg,Chaetodontidae,no,exists,38317
Chaetodon kleinii,65135,65135AF.jpg,Chaetodon_kleinii_FishPix_65135.jpg,https://fishpix.kahaku.go.jp/photos/NR0065/65135AF.jpg,Chaetodontidae,no,exists,105981
Chaetodon kleinii,65136,65136AF.jpg,Chaetodon_kleinii_FishPix_65136.jpg,https://fishpix.kahaku.go.jp/photos/NR0065/65136AF.jpg,Chaetodontidae,no,exists,58786
Chaetodon lineolatus,65137,65137AF.jpg,Chaetodon_lineolatus_FishPix_65137.jpg,https://fishpix.kahaku.go.jp/photos/NR0065/65137AF.jpg,Chaetodontidae,no,exists,28067
Chaetodon lunula,65138,65138AF.jpg,Chaetodon_lunula_FishPix_65138.jpg,https://fishpix.kahaku.go.jp/photos/NR0065/65138AF.jpg,Chaetodontidae,no,exists,27882
Chaetodon melannotus,65139,65139AF.jpg,Chaetodon_melannotus_FishPix_65139.jpg,https://fishpix.kahaku.go.jp/photos/NR0065/65139AF.jpg,Chaetodontidae,no,exists,78631
Chaetodon ornatissimus,65140,65140AF.jpg,Chaetodon_ornatissimus_FishPix_65140.jpg,https://fishpix.kahaku.go.jp/photos/NR0065/65140AF.jpg,Chaetodontidae,no,exists,58100
Chaetodon ornatissimus,65141,65141AF.jpg,Chaetodon_ornatissimus_FishPix_65141.jpg,https://fishpix.kahaku.go.jp/photos/NR0065/65141AF.jpg,Chaetodontidae,no,exists,69138
Chaetodon ornatissimus,65142,65142AF.jpg,Chaetodon_ornatissimus_FishPix_65142.jpg,https://fishpix.kahaku.go.jp/photos/NR0065/65142AF.jpg,Chaetodontidae,no,exists,70588
Chaetodon ornatissimus,65143,65143AF.jpg,Chaetodon_ornatissimus_FishPix_65143.jpg,https://fishpix.kahaku.go.jp/photos/NR0065/65143AF.jpg,Chaetodontidae,no,exists,51936
Chaetodon ornatissimus,65144,65144AF.jpg,Chaetodon_ornatissimus_FishPix_65144.jpg,https://fishpix.kahaku.go.jp/photos/NR0065/65144AF.jpg,Chaetodontidae,no,exists,65612
Chaetodon plebeius,65145,65145AF.jpg,Chaetodon_plebeius_FishPix_65145.jpg,https://fishpix.kahaku.go.jp/photos/NR0065/65145AF.jpg,Chaetodontidae,no,exists,78778
Chaetodon plebeius,65146,65146AF.jpg,Chaetodon_plebeius_FishPix_65146.jpg,https://fishpix.kahaku.go.jp/photos/NR0065/65146AF.jpg,Chaetodontidae,no,exists,48887
Chaetodon punctatofasciatus,65147,65147AF.jpg,Chaetodon_punctatofasciatus_FishPix_65147.jpg,https://fishpix.kahaku.go.jp/photos/NR0065/65147AF.jpg,Chaetodontidae,no,exists,92436
Chaetodon punctatofasciatus,65148,65148AF.jpg,Chaetodon_punctatofasciatus_FishPix_65148.jpg,https://fishpix.kahaku.go.jp/photos/NR0065/65148AF.jpg,Chaetodontidae,no,exists,73895
Chaetodon punctatofasciatus,65149,65149AF.jpg,Chaetodon_punctatofasciatus_FishPix_65149.jpg,https://fishpix.kahaku.go.jp/photos/NR0065/65149AF.jpg,Chaetodontidae,no,exists,71765
Chaetodon punctatofasciatus,65150,65150AF.jpg,Chaetodon_punctatofasciatus_FishPix_65150.jpg,https://fishpix.kahaku.go.jp/photos/NR0065/65150AF.jpg,Chaetodontidae,no,exists,78793
Chaetodon punctatofasciatus,65151,65151AF.jpg,Chaetodon_punctatofasciatus_FishPix_65151.jpg,https://fishpix.kahaku.go.jp/photos/NR0065/65151AF.jpg,Chaetodontidae,no,exists,69409
Chaetodon reticulatus,65152,65152AF.jpg,Chaetodon_reticulatus_FishPix_65152.jpg,https://fishpix.kahaku.go.jp/photos/NR0065/65152AF.jpg,Chaetodontidae,no,exists,74442
Chaetodon trifascialis,65153,65153AF.jpg,Chaetodon_trifascialis_FishPix_65153.jpg,https://fishpix.kahaku.go.jp/photos/NR0065/65153AF.jpg,Chaetodontidae,no,exists,93407
Chaetodon trifascialis,65154,65154AF.jpg,Chaetodon_trifascialis_FishPix_65154.jpg,https://fishpix.kahaku.go.jp/photos/NR0065/65154AF.jpg,Chaetodontidae,no,exists,61078
Chaetodon lunulatus,65155,65155AF.jpg,Chaetodon_lunulatus_FishPix_65155.jpg,https://fishpix.kahaku.go.jp/photos/NR0065/65155AF.jpg,Chaetodontidae,no,exists,55598
Chaetodon ulietensis,65156,65156AF.jpg,Chaetodon_ulietensis_FishPix_65156.jpg,https://fishpix.kahaku.go.jp/photos/NR0065/65156AF.jpg,Chaetodontidae,no,exists,53041
Chaetodon unimaculatus,65157,65157AF.jpg,Chaetodon_unimaculatus_FishPix_65157.jpg,https://fishpix.kahaku.go.jp/photos/NR0065/65157AF.jpg,Chaetodontidae,no,exists,58227
Chaetodon unimaculatus,65158,65158AF.jpg,Chaetodon_unimaculatus_FishPix_65158.jpg,https://fishpix.kahaku.go.jp/photos/NR0065/65158AF.jpg,Chaetodontidae,no,exists,52997
Chaetodon unimaculatus,65159,65159AF.jpg,Chaetodon_unimaculatus_FishPix_65159.jpg,https://fishpix.kahaku.go.jp/photos/NR0065/65159AF.jpg,Chaetodontidae,no,exists,61780
Chaetodon vagabundus,65160,65160AF.jpg,Chaetodon_vagabundus_FishPix_65160.jpg,https://fishpix.kahaku.go.jp/photos/NR0065/65160AF.jpg,Chaetodontidae,no,exists,78524
Chaetodon xanthurus,65161,65161AF.jpg,Chaetodon_xanthurus_FishPix_65161.jpg,https://fishpix.kahaku.go.jp/photos/NR0065/65161AF.jpg,Chaetodontidae,no,exists,88160
Chaetodon xanthurus,65162,65162AF.jpg,Chaetodon_xanthurus_FishPix_65162.jpg,https://fishpix.kahaku.go.jp/photos/NR0065/65162AF.jpg,Chaetodontidae,no,exists,109429
Chaetodon xanthurus,65163,65163AF.jpg,Chaetodon_xanthurus_FishPix_65163.jpg,https://fishpix.kahaku.go.jp/photos/NR0065/65163AF.jpg,Chaetodontidae,no,exists,58834
Forcipiger flavissimus,65164,65164AF.jpg,Forcipiger_flavissimus_FishPix_65164.jpg,https://fishpix.kahaku.go.jp/photos/NR0065/65164AF.jpg,Chaetodontidae,no,exists,76991
Forcipiger longirostris,65165,65165AF.jpg,Forcipiger_longirostris_FishPix_65165.jpg,https://fishpix.kahaku.go.jp/photos/NR0065/65165AF.jpg,Chaetodontidae,no,exists,50269
Hemitaurichthys polylepis,65166,65166AF.jpg,Hemitaurichthys_polylepis_FishPix_65166.jpg,https://fishpix.kahaku.go.jp/photos/NR0065/65166AF.jpg,Chaetodontidae,no,exists,39777
Heniochus acuminatus,65167,65167AF.jpg,Heniochus_acuminatus_FishPix_65167.jpg,https://fishpix.kahaku.go.jp/photos/NR0065/65167AF.jpg,Chaetodontidae,no,exists,49265
Heniochus acuminatus,65168,65168AF.jpg,Heniochus_acuminatus_FishPix_65168.jpg,https://fishpix.kahaku.go.jp/photos/NR0065/65168AF.jpg,Chaetodontidae,no,exists,51170
Heniochus singularius,65169,65169AF.jpg,Heniochus_singularius_FishPix_65169.jpg,https://fishpix.kahaku.go.jp/photos/NR0065/65169AF.jpg,Chaetodontidae,no,exists,67174
Heniochus varius,65170,65170AF.jpg,Heniochus_varius_FishPix_65170.jpg,https://fishpix.kahaku.go.jp/photos/NR0065/65170AF.jpg,Chaetodontidae,no,exists,80564
Heniochus varius,65171,65171AF.jpg,Heniochus_varius_FishPix_65171.jpg,https://fishpix.kahaku.go.jp/photos/NR0065/65171AF.jpg,Chaetodontidae,no,exists,75078
Chaetodon vagabundus,65721,65721AF.jpg,Chaetodon_vagabundus_FishPix_65721.jpg,https://fishpix.kahaku.go.jp/photos/NR0065/65721AF.jpg,Chaetodontidae,no,exists,77516
Chaetodon vagabundus,6575,6575AF.jpg,Chaetodon_vagabundus_FishPix_6575.jpg,https://fishpix.kahaku.go.jp/photos/NR0006/6575AF.jpg,Chaetodontidae,no,exists,23552
Chaetodon auriga,6576,6576AF.jpg,Chaetodon_auriga_FishPix_6576.jpg,https://fishpix.kahaku.go.jp/photos/NR0006/6576AF.jpg,Chaetodontidae,no,exists,19456
Chaetodon auriga,6577,6577AF.jpg,Chaetodon_auriga_FishPix_6577.jpg,https://fishpix.kahaku.go.jp/photos/NR0006/6577AF.jpg,Chaetodontidae,no,exists,27648
Heniochus varius,65795,65795AF.jpg,Heniochus_varius_FishPix_65795.jpg,https://fishpix.kahaku.go.jp/photos/NR0065/65795AF.jpg,Chaetodontidae,no,exists,86460
Chaetodon auriga,65838,65838AF.jpg,Chaetodon_auriga_FishPix_65838.jpg,https://fishpix.kahaku.go.jp/photos/NR0065/65838AF.jpg,Chaetodontidae,no,exists,46531
Chaetodon lunulatus,65852,65852AF.jpg,Chaetodon_lunulatus_FishPix_65852.jpg,https://fishpix.kahaku.go.jp/photos/NR0065/65852AF.jpg,Chaetodontidae,no,exists,67294
Chaetodon lunula,66128,66128AF.jpg,Chaetodon_lunula_FishPix_66128.jpg,https://fishpix.kahaku.go.jp/photos/NR0066/66128AF.jpg,Chaetodontidae,no,exists,74731
Chaetodon nippon,66162,66162AF.jpg,Chaetodon_nippon_FishPix_66162.jpg,https://fishpix.kahaku.go.jp/photos/NR0066/66162AF.jpg,Chaetodontidae,no,exists,78724
Heniochus varius,66169,66169AF.jpg,Heniochus_varius_FishPix_66169.jpg,https://fishpix.kahaku.go.jp/photos/NR0066/66169AF.jpg,Chaetodontidae,no,exists,61007
Chaetodon lunula,66214,66214AF.jpg,Chaetodon_lunula_FishPix_66214.jpg,https://fishpix.kahaku.go.jp/photos/NR0066/66214AF.jpg,Chaetodontidae,no,exists,81215
Hemitaurichthys polylepis,66216,66216AF.jpg,Hemitaurichthys_polylepis_FishPix_66216.jpg,https://fishpix.kahaku.go.jp/photos/NR0066/66216AF.jpg,Chaetodontidae,no,exists,51460
Chaetodon plebeius,66217,66217AF.jpg,Chaetodon_plebeius_FishPix_66217.jpg,https://fishpix.kahaku.go.jp/photos/NR0066/66217AF.jpg,Chaetodontidae,no,exists,80149
Chaetodon argentatus,66218,66218AF.jpg,Chaetodon_argentatus_FishPix_66218.jpg,https://fishpix.kahaku.go.jp/photos/NR0066/66218AF.jpg,Chaetodontidae,no,exists,97768
Chaetodon auriga,66220,66220AF.jpg,Chaetodon_auriga_FishPix_66220.jpg,https://fishpix.kahaku.go.jp/photos/NR0066/66220AF.jpg,Chaetodontidae,no,exists,80510
Coradion altivelis,66227,66227AF.jpg,Coradion_altivelis_FishPix_66227.jpg,https://fishpix.kahaku.go.jp/photos/NR0066/66227AF.jpg,Chaetodontidae,no,exists,135407
Chaetodon wiebeli,66355,66355AF.jpg,Chaetodon_wiebeli_FishPix_66355.jpg,https://fishpix.kahaku.go.jp/photos/NR0066/66355AF.jpg,Chaetodontidae,no,exists,44073
Chaetodon selene,66477,66477AF.jpg,Chaetodon_selene_FishPix_66477.jpg,https://fishpix.kahaku.go.jp/photos/NR0066/66477AF.jpg,Chaetodontidae,no,exists,29206
Chaetodon auriga,66590,66590AF.jpg,Chaetodon_auriga_FishPix_66590.jpg,https://fishpix.kahaku.go.jp/photos/NR0066/66590AF.jpg,Chaetodontidae,no,exists,49900
Chaetodon baronessa,66591,66591AF.jpg,Chaetodon_baronessa_FishPix_66591.jpg,https://fishpix.kahaku.go.jp/photos/NR0066/66591AF.jpg,Chaetodontidae,no,exists,56267
Chaetodon bennetti,66592,66592AF.jpg,Chaetodon_bennetti_FishPix_66592.jpg,https://fishpix.kahaku.go.jp/photos/NR0066/66592AF.jpg,Chaetodontidae,no,exists,55311
Chaetodon citrinellus,66593,66593AF.jpg,Chaetodon_citrinellus_FishPix_66593.jpg,https://fishpix.kahaku.go.jp/photos/NR0066/66593AF.jpg,Chaetodontidae,no,exists,60030
Chaetodon ephippium,66594,66594AF.jpg,Chaetodon_ephippium_FishPix_66594.jpg,https://fishpix.kahaku.go.jp/photos/NR0066/66594AF.jpg,Chaetodontidae,no,exists,55670
Chaetodon kleinii,66595,66595AF.jpg,Chaetodon_kleinii_FishPix_66595.jpg,https://fishpix.kahaku.go.jp/photos/NR0066/66595AF.jpg,Chaetodontidae,no,exists,57894
Chaetodon oxycephalus,66596,66596AF.jpg,Chaetodon_oxycephalus_FishPix_66596.jpg,https://fishpix.kahaku.go.jp/photos/NR0066/66596AF.jpg,Chaetodontidae,no,exists,59108
Chaetodon lineolatus,66597,66597AF.jpg,Chaetodon_lineolatus_FishPix_66597.jpg,https://fishpix.kahaku.go.jp/photos/NR0066/66597AF.jpg,Chaetodontidae,no,exists,55494
Chaetodon lunula,66598,66598AF.jpg,Chaetodon_lunula_FishPix_66598.jpg,https://fishpix.kahaku.go.jp/photos/NR0066/66598AF.jpg,Chaetodontidae,no,exists,57285
Chaetodon melannotus,66599,66599AF.jpg,Chaetodon_melannotus_FishPix_66599.jpg,https://fishpix.kahaku.go.jp/photos/NR0066/66599AF.jpg,Chaetodontidae,no,exists,59379
Chaetodon mertensii,66600,66600AF.jpg,Chaetodon_mertensii_FishPix_66600.jpg,https://fishpix.kahaku.go.jp/photos/NR0066/66600AF.jpg,Chaetodontidae,no,exists,61100
Chaetodon ornatissimus,66601,66601AF.jpg,Chaetodon_ornatissimus_FishPix_66601.jpg,https://fishpix.kahaku.go.jp/photos/NR0066/66601AF.jpg,Chaetodontidae,no,exists,57375
Chaetodon plebeius,66602,66602AF.jpg,Chaetodon_plebeius_FishPix_66602.jpg,https://fishpix.kahaku.go.jp/photos/NR0066/66602AF.jpg,Chaetodontidae,no,exists,52576
Chaetodon rafflesii,66603,66603AF.jpg,Chaetodon_rafflesii_FishPix_66603.jpg,https://fishpix.kahaku.go.jp/photos/NR0066/66603AF.jpg,Chaetodontidae,no,exists,60394
Chaetodon pelewensis,66604,66604AF.jpg,Chaetodon_pelewensis_FishPix_66604.jpg,https://fishpix.kahaku.go.jp/photos/NR0066/66604AF.jpg,Chaetodontidae,no,exists,56688
Chaetodon reticulatus,66605,66605AF.jpg,Chaetodon_reticulatus_FishPix_66605.jpg,https://fishpix.kahaku.go.jp/photos/NR0066/66605AF.jpg,Chaetodontidae,no,exists,58365
Chaetodon trifascialis,66606,66606AF.jpg,Chaetodon_trifascialis_FishPix_66606.jpg,https://fishpix.kahaku.go.jp/photos/NR0066/66606AF.jpg,Chaetodontidae,no,exists,61029
Chaetodon lunulatus,66607,66607AF.jpg,Chaetodon_lunulatus_FishPix_66607.jpg,https://fishpix.kahaku.go.jp/photos/NR0066/66607AF.jpg,Chaetodontidae,no,exists,61405
Chaetodon unimaculatus,66608,66608AF.jpg,Chaetodon_unimaculatus_FishPix_66608.jpg,https://fishpix.kahaku.go.jp/photos/NR0066/66608AF.jpg,Chaetodontidae,no,exists,62105
Chaetodon ulietensis,66609,66609AF.jpg,Chaetodon_ulietensis_FishPix_66609.jpg,https://fishpix.kahaku.go.jp/photos/NR0066/66609AF.jpg,Chaetodontidae,no,exists,60724
Chaetodon vagabundus,66610,66610AF.jpg,Chaetodon_vagabundus_FishPix_66610.jpg,https://fishpix.kahaku.go.jp/photos/NR0066/66610AF.jpg,Chaetodontidae,no,exists,49881
Forcipiger flavissimus,66611,66611AF.jpg,Forcipiger_flavissimus_FishPix_66611.jpg,https://fishpix.kahaku.go.jp/photos/NR0066/66611AF.jpg,Chaetodontidae,no,exists,50105
Hemitaurichthys polylepis,66612,66612AF.jpg,Hemitaurichthys_polylepis_FishPix_66612.jpg,https://fishpix.kahaku.go.jp/photos/NR0066/66612AF.jpg,Chaetodontidae,no,exists,58836
Heniochus acuminatus,66613,66613AF.jpg,Heniochus_acuminatus_FishPix_66613.jpg,https://fishpix.kahaku.go.jp/photos/NR0066/66613AF.jpg,Chaetodontidae,no,exists,51084
Heniochus chrysostomus,66614,66614AF.jpg,Heniochus_chrysostomus_FishPix_66614.jpg,https://fishpix.kahaku.go.jp/photos/NR0066/66614AF.jpg,Chaetodontidae,no,exists,54696
Heniochus monoceros,66615,66615AF.jpg,Heniochus_monoceros_FishPix_66615.jpg,https://fishpix.kahaku.go.jp/photos/NR0066/66615AF.jpg,Chaetodontidae,no,exists,55076
Heniochus varius,66616,66616AF.jpg,Heniochus_varius_FishPix_66616.jpg,https://fishpix.kahaku.go.jp/photos/NR0066/66616AF.jpg,Chaetodontidae,no,exists,53236
Heniochus singularius,66617,66617AF.jpg,Heniochus_singularius_FishPix_66617.jpg,https://fishpix.kahaku.go.jp/photos/NR0066/66617AF.jpg,Chaetodontidae,no,exists,61766
Heniochus acuminatus,67206,67206AF.jpg,Heniochus_acuminatus_FishPix_67206.jpg,https://fishpix.kahaku.go.jp/photos/NR0067/67206AF.jpg,Chaetodontidae,no,exists,49090
Chaetodon plebeius,67207,67207AF.jpg,Chaetodon_plebeius_FishPix_67207.jpg,https://fishpix.kahaku.go.jp/photos/NR0067/67207AF.jpg,Chaetodontidae,no,exists,64188
Chaetodon trifascialis,67208,67208AF.jpg,Chaetodon_trifascialis_FishPix_67208.jpg,https://fishpix.kahaku.go.jp/photos/NR0067/67208AF.jpg,Chaetodontidae,no,exists,67752
Chaetodon vagabundus,67209,67209AF.jpg,Chaetodon_vagabundus_FishPix_67209.jpg,https://fishpix.kahaku.go.jp/photos/NR0067/67209AF.jpg,Chaetodontidae,no,exists,92793
Chaetodon daedalma,6760,6760AF.jpg,Chaetodon_daedalma_FishPix_6760.jpg,https://fishpix.kahaku.go.jp/photos/NR0006/6760AF.jpg,Chaetodontidae,no,exists,33792
Chaetodon daedalma,6761,6761AF.jpg,Chaetodon_daedalma_FishPix_6761.jpg,https://fishpix.kahaku.go.jp/photos/NR0006/6761AF.jpg,Chaetodontidae,no,exists,37888
Chaetodon auriga,6762,6762AF.jpg,Chaetodon_auriga_FishPix_6762.jpg,https://fishpix.kahaku.go.jp/photos/NR0006/6762AF.jpg,Chaetodontidae,no,exists,27648
Chaetodon punctatofasciatus,6764,6764AF.jpg,Chaetodon_punctatofasciatus_FishPix_6764.jpg,https://fishpix.kahaku.go.jp/photos/NR0006/6764AF.jpg,Chaetodontidae,no,exists,20480
Chaetodon trifascialis,6768,6768AF.jpg,Chaetodon_trifascialis_FishPix_6768.jpg,https://fishpix.kahaku.go.jp/photos/NR0006/6768AF.jpg,Chaetodontidae,no,exists,33792
Chaetodon lunulatus,6779,6779AF.jpg,Chaetodon_lunulatus_FishPix_6779.jpg,https://fishpix.kahaku.go.jp/photos/NR0006/6779AF.jpg,Chaetodontidae,no,exists,27648
Chaetodon trifascialis,6783,6783AF.jpg,Chaetodon_trifascialis_FishPix_6783.jpg,https://fishpix.kahaku.go.jp/photos/NR0006/6783AF.jpg,Chaetodontidae,no,exists,27648
Forcipiger flavissimus,6790,6790AF.jpg,Forcipiger_flavissimus_FishPix_6790.jpg,https://fishpix.kahaku.go.jp/photos/NR0006/6790AF.jpg,Chaetodontidae,no,exists,31744
Chaetodon auriga,6811,6811AF.jpg,Chaetodon_auriga_FishPix_6811.jpg,https://fishpix.kahaku.go.jp/photos/NR0006/6811AF.jpg,Chaetodontidae,no,exists,25600
Chaetodon punctatofasciatus,6833,6833AF.jpg,Chaetodon_punctatofasciatus_FishPix_6833.jpg,https://fishpix.kahaku.go.jp/photos/NR0006/6833AF.jpg,Chaetodontidae,no,exists,24576
Chaetodon punctatofasciatus,6834,6834AF.jpg,Chaetodon_punctatofasciatus_FishPix_6834.jpg,https://fishpix.kahaku.go.jp/photos/NR0006/6834AF.jpg,Chaetodontidae,no,exists,32768
Chaetodon speculum,68349,68349AF.jpg,Chaetodon_speculum_FishPix_68349.jpg,https://fishpix.kahaku.go.jp/photos/NR0068/68349AF.jpg,Chaetodontidae,no,exists,67316
Chaetodon bennetti,68350,68350AF.jpg,Chaetodon_bennetti_FishPix_68350.jpg,https://fishpix.kahaku.go.jp/photos/NR0068/68350AF.jpg,Chaetodontidae,no,exists,34043
Chaetodon auripes,68351,68351AF.jpg,Chaetodon_auripes_FishPix_68351.jpg,https://fishpix.kahaku.go.jp/photos/NR0068/68351AF.jpg,Chaetodontidae,no,exists,50830
Chaetodon rafflesii,68352,68352AF.jpg,Chaetodon_rafflesii_FishPix_68352.jpg,https://fishpix.kahaku.go.jp/photos/NR0068/68352AF.jpg,Chaetodontidae,no,exists,54047
Chaetodon lunula,68353,68353AF.jpg,Chaetodon_lunula_FishPix_68353.jpg,https://fishpix.kahaku.go.jp/photos/NR0068/68353AF.jpg,Chaetodontidae,no,exists,44484
Chaetodon melannotus,68354,68354AF.jpg,Chaetodon_melannotus_FishPix_68354.jpg,https://fishpix.kahaku.go.jp/photos/NR0068/68354AF.jpg,Chaetodontidae,no,exists,61958
Heniochus acuminatus,68355,68355AF.jpg,Heniochus_acuminatus_FishPix_68355.jpg,https://fishpix.kahaku.go.jp/photos/NR0068/68355AF.jpg,Chaetodontidae,no,exists,67751
Heniochus chrysostomus,68356,68356AF.jpg,Heniochus_chrysostomus_FishPix_68356.jpg,https://fishpix.kahaku.go.jp/photos/NR0068/68356AF.jpg,Chaetodontidae,no,exists,77806
Heniochus monoceros,68357,68357AF.jpg,Heniochus_monoceros_FishPix_68357.jpg,https://fishpix.kahaku.go.jp/photos/NR0068/68357AF.jpg,Chaetodontidae,no,exists,78576
Heniochus varius,68431,68431AF.jpg,Heniochus_varius_FishPix_68431.jpg,https://fishpix.kahaku.go.jp/photos/NR0068/68431AF.jpg,Chaetodontidae,no,exists,86145
Hemitaurichthys polylepis,6848,6848AF.jpg,Hemitaurichthys_polylepis_FishPix_6848.jpg,https://fishpix.kahaku.go.jp/photos/NR0006/6848AF.jpg,Chaetodontidae,no,exists,22528
Chaetodon unimaculatus,6850,6850AF.jpg,Chaetodon_unimaculatus_FishPix_6850.jpg,https://fishpix.kahaku.go.jp/photos/NR0006/6850AF.jpg,Chaetodontidae,no,exists,23552
Chaetodon lunula,68889,68889AF.jpg,Chaetodon_lunula_FishPix_68889.jpg,https://fishpix.kahaku.go.jp/photos/NR0068/68889AF.jpg,Chaetodontidae,no,exists,47195
Chaetodon auriga,68890,68890AF.jpg,Chaetodon_auriga_FishPix_68890.jpg,https://fishpix.kahaku.go.jp/photos/NR0068/68890AF.jpg,Chaetodontidae,no,exists,31157
Chaetodon collare,68985,68985AF.jpg,Chaetodon_collare_FishPix_68985.jpg,https://fishpix.kahaku.go.jp/photos/NR0068/68985AF.jpg,Chaetodontidae,no,exists,56664
Hemitaurichthys zoster,69002,69002AF.jpg,Hemitaurichthys_zoster_FishPix_69002.jpg,https://fishpix.kahaku.go.jp/photos/NR0069/69002AF.jpg,Chaetodontidae,no,exists,43382
Heniochus pleurotaenia,69005,69005AF.jpg,Heniochus_pleurotaenia_FishPix_69005.jpg,https://fishpix.kahaku.go.jp/photos/NR0069/69005AF.jpg,Chaetodontidae,no,exists,67044
Chaetodon madagaskariensis,69019,69019AF.jpg,Chaetodon_madagaskariensis_FishPix_69019.jpg,https://fishpix.kahaku.go.jp/photos/NR0069/69019AF.jpg,Chaetodontidae,no,exists,82010
Chaetodon oxycephalus,69023,69023AF.jpg,Chaetodon_oxycephalus_FishPix_69023.jpg,https://fishpix.kahaku.go.jp/photos/NR0069/69023AF.jpg,Chaetodontidae,no,exists,42053
Chaetodon lunula,69068,69068AF.jpg,Chaetodon_lunula_FishPix_69068.jpg,https://fishpix.kahaku.go.jp/photos/NR0069/69068AF.jpg,Chaetodontidae,no,exists,49730
Heniochus pleurotaenia,69077,69077AF.jpg,Heniochus_pleurotaenia_FishPix_69077.jpg,https://fishpix.kahaku.go.jp/photos/NR0069/69077AF.jpg,Chaetodontidae,no,exists,62761
Chaetodon argentatus,69354,69354AF.jpg,Chaetodon_argentatus_FishPix_69354.jpg,https://fishpix.kahaku.go.jp/photos/NR0069/69354AF.jpg,Chaetodontidae,no,exists,104496
Chaetodon speculum,69374,69374AF.jpg,Chaetodon_speculum_FishPix_69374.jpg,https://fishpix.kahaku.go.jp/photos/NR0069/69374AF.jpg,Chaetodontidae,no,exists,65829
Chaetodon auripes,69377,69377AF.jpg,Chaetodon_auripes_FishPix_69377.jpg,https://fishpix.kahaku.go.jp/photos/NR0069/69377AF.jpg,Chaetodontidae,no,exists,56385
Chaetodon auriga,69378,69378AF.jpg,Chaetodon_auriga_FishPix_69378.jpg,https://fishpix.kahaku.go.jp/photos/NR0069/69378AF.jpg,Chaetodontidae,no,exists,101534
Heniochus chrysostomus,69380,69380AF.jpg,Heniochus_chrysostomus_FishPix_69380.jpg,https://fishpix.kahaku.go.jp/photos/NR0069/69380AF.jpg,Chaetodontidae,no,exists,55040
Heniochus chrysostomus,69437,69437AF.jpg,Heniochus_chrysostomus_FishPix_69437.jpg,https://fishpix.kahaku.go.jp/photos/NR0069/69437AF.jpg,Chaetodontidae,no,exists,58468
Chaetodon ulietensis,69703,69703AF.jpg,Chaetodon_ulietensis_FishPix_69703.jpg,https://fishpix.kahaku.go.jp/photos/NR0069/69703AF.jpg,Chaetodontidae,no,exists,80672
Heniochus chrysostomus,69753,69753AF.jpg,Heniochus_chrysostomus_FishPix_69753.jpg,https://fishpix.kahaku.go.jp/photos/NR0069/69753AF.jpg,Chaetodontidae,no,exists,45732
Chaetodon lunulatus,69805,69805AF.jpg,Chaetodon_lunulatus_FishPix_69805.jpg,https://fishpix.kahaku.go.jp/photos/NR0069/69805AF.jpg,Chaetodontidae,no,exists,58396
Heniochus acuminatus,69809,69809AF.jpg,Heniochus_acuminatus_FishPix_69809.jpg,https://fishpix.kahaku.go.jp/photos/NR0069/69809AF.jpg,Chaetodontidae,no,exists,96363
Chaetodon auriga,69862,69862AF.jpg,Chaetodon_auriga_FishPix_69862.jpg,https://fishpix.kahaku.go.jp/photos/NR0069/69862AF.jpg,Chaetodontidae,no,exists,60498
Chaetodon lunulatus,69953,69953AF.jpg,Chaetodon_lunulatus_FishPix_69953.jpg,https://fishpix.kahaku.go.jp/photos/NR0069/69953AF.jpg,Chaetodontidae,no,exists,72000
Chaetodon mertensii,69963,69963AF.jpg,Chaetodon_mertensii_FishPix_69963.jpg,https://fishpix.kahaku.go.jp/photos/NR0069/69963AF.jpg,Chaetodontidae,no,exists,67369
Chaetodon trifascialis,69985,69985AF.jpg,Chaetodon_trifascialis_FishPix_69985.jpg,https://fishpix.kahaku.go.jp/photos/NR0069/69985AF.jpg,Chaetodontidae,no,exists,63548
Unknown,70109,70109AF.jpg,Unknown_FishPix_70109.jpg,https://fishpix.kahaku.go.jp/photos/NR0070/70109AF.jpg,Chaetodontidae,no,exists,59289
Chaetodon nippon,70314,70314AF.jpg,Chaetodon_nippon_FishPix_70314.jpg,https://fishpix.kahaku.go.jp/photos/NR0070/70314AF.jpg,Chaetodontidae,no,exists,79281
Heniochus monoceros,70316,70316AF.jpg,Heniochus_monoceros_FishPix_70316.jpg,https://fishpix.kahaku.go.jp/photos/NR0070/70316AF.jpg,Chaetodontidae,no,exists,60550
Chaetodon argentatus,7047,7047AF.jpg,Chaetodon_argentatus_FishPix_7047.jpg,https://fishpix.kahaku.go.jp/photos/NR0007/7047AF.jpg,Chaetodontidae,no,exists,29696
Chaetodon argentatus,7048,7048AF.jpg,Chaetodon_argentatus_FishPix_7048.jpg,https://fishpix.kahaku.go.jp/photos/NR0007/7048AF.jpg,Chaetodontidae,no,exists,23552
Chaetodon lunula,7049,7049AF.jpg,Chaetodon_lunula_FishPix_7049.jpg,https://fishpix.kahaku.go.jp/photos/NR0007/7049AF.jpg,Chaetodontidae,no,exists,21504
Chaetodon speculum,7050,7050AF.jpg,Chaetodon_speculum_FishPix_7050.jpg,https://fishpix.kahaku.go.jp/photos/NR0007/7050AF.jpg,Chaetodontidae,no,exists,38912
Chaetodon melannotus,7051,7051AF.jpg,Chaetodon_melannotus_FishPix_7051.jpg,https://fishpix.kahaku.go.jp/photos/NR0007/7051AF.jpg,Chaetodontidae,no,exists,26624
Chaetodon rafflesii,7052,7052AF.jpg,Chaetodon_rafflesii_FishPix_7052.jpg,https://fishpix.kahaku.go.jp/photos/NR0007/7052AF.jpg,Chaetodontidae,no,exists,28672
Chaetodon xanthurus,7053,7053AF.jpg,Chaetodon_xanthurus_FishPix_7053.jpg,https://fishpix.kahaku.go.jp/photos/NR0007/7053AF.jpg,Chaetodontidae,no,exists,28672
Chaetodon ornatissimus,7054,7054AF.jpg,Chaetodon_ornatissimus_FishPix_7054.jpg,https://fishpix.kahaku.go.jp/photos/NR0007/7054AF.jpg,Chaetodontidae,no,exists,20480
Chaetodon kleinii,7055,7055AF.jpg,Chaetodon_kleinii_FishPix_7055.jpg,https://fishpix.kahaku.go.jp/photos/NR0007/7055AF.jpg,Chaetodontidae,no,exists,23552
Heniochus chrysostomus,7056,7056AF.jpg,Heniochus_chrysostomus_FishPix_7056.jpg,https://fishpix.kahaku.go.jp/photos/NR0007/7056AF.jpg,Chaetodontidae,no,exists,18432
Coradion altivelis,7057,7057AF.jpg,Coradion_altivelis_FishPix_7057.jpg,https://fishpix.kahaku.go.jp/photos/NR0007/7057AF.jpg,Chaetodontidae,no,exists,23552
Chaetodon baronessa,70575,70575AF.jpg,Chaetodon_baronessa_FishPix_70575.jpg,https://fishpix.kahaku.go.jp/photos/NR0070/70575AF.jpg,Chaetodontidae,no,exists,60607
Chaetodon citrinellus,70616,70616AF.jpg,Chaetodon_citrinellus_FishPix_70616.jpg,https://fishpix.kahaku.go.jp/photos/NR0070/70616AF.jpg,Chaetodontidae,no,exists,86501
Chaetodon selene,70685,70685AF.jpg,Chaetodon_selene_FishPix_70685.jpg,https://fishpix.kahaku.go.jp/photos/NR0070/70685AF.jpg,Chaetodontidae,no,exists,62843
Chaetodon baronessa,70710,70710AF.jpg,Chaetodon_baronessa_FishPix_70710.jpg,https://fishpix.kahaku.go.jp/photos/NR0070/70710AF.jpg,Chaetodontidae,no,exists,157107
Chaetodon melannotus,70750,70750AF.jpg,Chaetodon_melannotus_FishPix_70750.jpg,https://fishpix.kahaku.go.jp/photos/NR0070/70750AF.jpg,Chaetodontidae,no,exists,147013
Heniochus chrysostomus,70784,70784AF.jpg,Heniochus_chrysostomus_FishPix_70784.jpg,https://fishpix.kahaku.go.jp/photos/NR0070/70784AF.jpg,Chaetodontidae,no,exists,48947
Chaetodon xanthurus,70795,70795AF.jpg,Chaetodon_xanthurus_FishPix_70795.jpg,https://fishpix.kahaku.go.jp/photos/NR0070/70795AF.jpg,Chaetodontidae,no,exists,73364
Heniochus varius,70816,70816AF.jpg,Heniochus_varius_FishPix_70816.jpg,https://fishpix.kahaku.go.jp/photos/NR0070/70816AF.jpg,Chaetodontidae,no,exists,85165
Chaetodon selene,70847,70847AF.jpg,Chaetodon_selene_FishPix_70847.jpg,https://fishpix.kahaku.go.jp/photos/NR0070/70847AF.jpg,Chaetodontidae,no,exists,53302
Chaetodon punctatofasciatus,70901,70901AF.jpg,Chaetodon_punctatofasciatus_FishPix_70901.jpg,https://fishpix.kahaku.go.jp/photos/NR0070/70901AF.jpg,Chaetodontidae,no,exists,45818
Chaetodon xanthurus,70903,70903AF.jpg,Chaetodon_xanthurus_FishPix_70903.jpg,https://fishpix.kahaku.go.jp/photos/NR0070/70903AF.jpg,Chaetodontidae,no,exists,34001
Chaetodon lunulatus,70981,70981AF.jpg,Chaetodon_lunulatus_FishPix_70981.jpg,https://fishpix.kahaku.go.jp/photos/NR0070/70981AF.jpg,Chaetodontidae,no,exists,89855
Chaetodon argentatus,70996,70996AF.jpg,Chaetodon_argentatus_FishPix_70996.jpg,https://fishpix.kahaku.go.jp/photos/NR0070/70996AF.jpg,Chaetodontidae,no,exists,94017
Chaetodon kleinii,71028,71028AF.jpg,Chaetodon_kleinii_FishPix_71028.jpg,https://fishpix.kahaku.go.jp/photos/NR0071/71028AF.jpg,Chaetodontidae,no,exists,57052
Chaetodon xanthurus,71202,71202AF.jpg,Chaetodon_xanthurus_FishPix_71202.jpg,https://fishpix.kahaku.go.jp/photos/NR0071/71202AF.jpg,Chaetodontidae,no,exists,83348
Chaetodon lunulatus,71258,71258AF.jpg,Chaetodon_lunulatus_FishPix_71258.jpg,https://fishpix.kahaku.go.jp/photos/NR0071/71258AF.jpg,Chaetodontidae,no,exists,83316
Chaetodon argentatus,71261,71261AF.jpg,Chaetodon_argentatus_FishPix_71261.jpg,https://fishpix.kahaku.go.jp/photos/NR0071/71261AF.jpg,Chaetodontidae,no,exists,89692
Heniochus diphreutes,71267,71267AF.jpg,Heniochus_diphreutes_FishPix_71267.jpg,https://fishpix.kahaku.go.jp/photos/NR0071/71267AF.jpg,Chaetodontidae,no,exists,78640
Chaetodon xanthocephalus,71270,71270AF.jpg,Chaetodon_xanthocephalus_FishPix_71270.jpg,https://fishpix.kahaku.go.jp/photos/NR0071/71270AF.jpg,Chaetodontidae,no,exists,101555
Chaetodon auriga,71282,71282AF.jpg,Chaetodon_auriga_FishPix_71282.jpg,https://fishpix.kahaku.go.jp/photos/NR0071/71282AF.jpg,Chaetodontidae,no,exists,98172
Forcipiger flavissimus,71283,71283AF.jpg,Forcipiger_flavissimus_FishPix_71283.jpg,https://fishpix.kahaku.go.jp/photos/NR0071/71283AF.jpg,Chaetodontidae,no,exists,69211
Chaetodon citrinellus,71321,71321AF.jpg,Chaetodon_citrinellus_FishPix_71321.jpg,https://fishpix.kahaku.go.jp/photos/NR0071/71321AF.jpg,Chaetodontidae,no,exists,104238
Chaetodon baronessa,71367,71367AF.jpg,Chaetodon_baronessa_FishPix_71367.jpg,https://fishpix.kahaku.go.jp/photos/NR0071/71367AF.jpg,Chaetodontidae,no,exists,85634
Chaetodon ornatissimus,71383,71383AF.jpg,Chaetodon_ornatissimus_FishPix_71383.jpg,https://fishpix.kahaku.go.jp/photos/NR0071/71383AF.jpg,Chaetodontidae,no,exists,72731
Chaetodon citrinellus,71394,71394AF.jpg,Chaetodon_citrinellus_FishPix_71394.jpg,https://fishpix.kahaku.go.jp/photos/NR0071/71394AF.jpg,Chaetodontidae,no,exists,50273
Chaetodon ornatissimus,71406,71406AF.jpg,Chaetodon_ornatissimus_FishPix_71406.jpg,https://fishpix.kahaku.go.jp/photos/NR0071/71406AF.jpg,Chaetodontidae,no,exists,71866
Heniochus varius,71464,71464AF.jpg,Heniochus_varius_FishPix_71464.jpg,https://fishpix.kahaku.go.jp/photos/NR0071/71464AF.jpg,Chaetodontidae,no,exists,56204
Chaetodon melannotus,71513,71513AF.jpg,Chaetodon_melannotus_FishPix_71513.jpg,https://fishpix.kahaku.go.jp/photos/NR0071/71513AF.jpg,Chaetodontidae,no,exists,345768
Chaetodon ephippium,71579,71579AF.jpg,Chaetodon_ephippium_FishPix_71579.jpg,https://fishpix.kahaku.go.jp/photos/NR0071/71579AF.jpg,Chaetodontidae,no,exists,349499
Chaetodon ephippium,71580,71580AF.jpg,Chaetodon_ephippium_FishPix_71580.jpg,https://fishpix.kahaku.go.jp/photos/NR0071/71580AF.jpg,Chaetodontidae,no,exists,315539
Chaetodon ephippium,71581,71581AF.jpg,Chaetodon_ephippium_FishPix_71581.jpg,https://fishpix.kahaku.go.jp/photos/NR0071/71581AF.jpg,Chaetodontidae,no,exists,367916
Chaetodon ephippium,71582,71582AF.jpg,Chaetodon_ephippium_FishPix_71582.jpg,https://fishpix.kahaku.go.jp/photos/NR0071/71582AF.jpg,Chaetodontidae,no,exists,367195
Chaetodon ephippium,71583,71583AF.jpg,Chaetodon_ephippium_FishPix_71583.jpg,https://fishpix.kahaku.go.jp/photos/NR0071/71583AF.jpg,Chaetodontidae,no,exists,280461
Chaetodon auripes,71593,71593AF.jpg,Chaetodon_auripes_FishPix_71593.jpg,https://fishpix.kahaku.go.jp/photos/NR0071/71593AF.jpg,Chaetodontidae,no,exists,314250
Chaetodon auripes,71594,71594AF.jpg,Chaetodon_auripes_FishPix_71594.jpg,https://fishpix.kahaku.go.jp/photos/NR0071/71594AF.jpg,Chaetodontidae,no,exists,318481
Chaetodon melannotus,71595,71595AF.jpg,Chaetodon_melannotus_FishPix_71595.jpg,https://fishpix.kahaku.go.jp/photos/NR0071/71595AF.jpg,Chaetodontidae,no,exists,256272
Chaetodon lunula,71596,71596AF.jpg,Chaetodon_lunula_FishPix_71596.jpg,https://fishpix.kahaku.go.jp/photos/NR0071/71596AF.jpg,Chaetodontidae,no,exists,321959
Chaetodon lunula,71597,71597AF.jpg,Chaetodon_lunula_FishPix_71597.jpg,https://fishpix.kahaku.go.jp/photos/NR0071/71597AF.jpg,Chaetodontidae,no,exists,273851
Chaetodon lunula,71598,71598AF.jpg,Chaetodon_lunula_FishPix_71598.jpg,https://fishpix.kahaku.go.jp/photos/NR0071/71598AF.jpg,Chaetodontidae,no,exists,293708
Chaetodon wiebeli,71599,71599AF.jpg,Chaetodon_wiebeli_FishPix_71599.jpg,https://fishpix.kahaku.go.jp/photos/NR0071/71599AF.jpg,Chaetodontidae,no,exists,361499
Chaetodon wiebeli,71600,71600AF.jpg,Chaetodon_wiebeli_FishPix_71600.jpg,https://fishpix.kahaku.go.jp/photos/NR0071/71600AF.jpg,Chaetodontidae,no,exists,365627
Chaetodon wiebeli,71601,71601AF.jpg,Chaetodon_wiebeli_FishPix_71601.jpg,https://fishpix.kahaku.go.jp/photos/NR0071/71601AF.jpg,Chaetodontidae,no,exists,320840
Chaetodon wiebeli,71602,71602AF.jpg,Chaetodon_wiebeli_FishPix_71602.jpg,https://fishpix.kahaku.go.jp/photos/NR0071/71602AF.jpg,Chaetodontidae,no,exists,382325
Chaetodon wiebeli,71603,71603AF.jpg,Chaetodon_wiebeli_FishPix_71603.jpg,https://fishpix.kahaku.go.jp/photos/NR0071/71603AF.jpg,Chaetodontidae,no,exists,473986
Chaetodon auriga,71604,71604AF.jpg,Chaetodon_auriga_FishPix_71604.jpg,https://fishpix.kahaku.go.jp/photos/NR0071/71604AF.jpg,Chaetodontidae,no,exists,300728
Chaetodon melannotus,71605,71605AF.jpg,Chaetodon_melannotus_FishPix_71605.jpg,https://fishpix.kahaku.go.jp/photos/NR0071/71605AF.jpg,Chaetodontidae,no,exists,300728
Chaetodon auriga,71606,71606AF.jpg,Chaetodon_auriga_FishPix_71606.jpg,https://fishpix.kahaku.go.jp/photos/NR0071/71606AF.jpg,Chaetodontidae,no,exists,271054
Chaetodon auriga,71607,71607AF.jpg,Chaetodon_auriga_FishPix_71607.jpg,https://fishpix.kahaku.go.jp/photos/NR0071/71607AF.jpg,Chaetodontidae,no,exists,280010
Chaetodon auriga,71608,71608AF.jpg,Chaetodon_auriga_FishPix_71608.jpg,https://fishpix.kahaku.go.jp/photos/NR0071/71608AF.jpg,Chaetodontidae,no,exists,319321
Chaetodon lineolatus,71616,71616AF.jpg,Chaetodon_lineolatus_FishPix_71616.jpg,https://fishpix.kahaku.go.jp/photos/NR0071/71616AF.jpg,Chaetodontidae,no,exists,260294
Heniochus acuminatus,71620,71620AF.jpg,Heniochus_acuminatus_FishPix_71620.jpg,https://fishpix.kahaku.go.jp/photos/NR0071/71620AF.jpg,Chaetodontidae,no,exists,283405
Heniochus acuminatus,71621,71621AF.jpg,Heniochus_acuminatus_FishPix_71621.jpg,https://fishpix.kahaku.go.jp/photos/NR0071/71621AF.jpg,Chaetodontidae,no,exists,299546
Chaetodon vagabundus,71637,71637AF.jpg,Chaetodon_vagabundus_FishPix_71637.jpg,https://fishpix.kahaku.go.jp/photos/NR0071/71637AF.jpg,Chaetodontidae,no,exists,328169
Chaetodon vagabundus,71638,71638AF.jpg,Chaetodon_vagabundus_FishPix_71638.jpg,https://fishpix.kahaku.go.jp/photos/NR0071/71638AF.jpg,Chaetodontidae,no,exists,285925
Heniochus acuminatus,71666,71666AF.jpg,Heniochus_acuminatus_FishPix_71666.jpg,https://fishpix.kahaku.go.jp/photos/NR0071/71666AF.jpg,Chaetodontidae,no,exists,278574
Heniochus acuminatus,71667,71667AF.jpg,Heniochus_acuminatus_FishPix_71667.jpg,https://fishpix.kahaku.go.jp/photos/NR0071/71667AF.jpg,Chaetodontidae,no,exists,183334
Heniochus acuminatus,71668,71668AF.jpg,Heniochus_acuminatus_FishPix_71668.jpg,https://fishpix.kahaku.go.jp/photos/NR0071/71668AF.jpg,Chaetodontidae,no,exists,229268
Chaetodon lunulatus,71687,71687AF.jpg,Chaetodon_lunulatus_FishPix_71687.jpg,https://fishpix.kahaku.go.jp/photos/NR0071/71687AF.jpg,Chaetodontidae,no,exists,60099
Chaetodon auriga,71695,71695AF.jpg,Chaetodon_auriga_FishPix_71695.jpg,https://fishpix.kahaku.go.jp/photos/NR0071/71695AF.jpg,Chaetodontidae,no,exists,49858
Hemitaurichthys polylepis,71715,71715AF.jpg,Hemitaurichthys_polylepis_FishPix_71715.jpg,https://fishpix.kahaku.go.jp/photos/NR0071/71715AF.jpg,Chaetodontidae,no,exists,45594
Heniochus monoceros,71733,71733AF.jpg,Heniochus_monoceros_FishPix_71733.jpg,https://fishpix.kahaku.go.jp/photos/NR0071/71733AF.jpg,Chaetodontidae,no,exists,129154
Chaetodon bennetti,71743,71743AF.jpg,Chaetodon_bennetti_FishPix_71743.jpg,https://fishpix.kahaku.go.jp/photos/NR0071/71743AF.jpg,Chaetodontidae,no,exists,75016
Heniochus diphreutes,72020,72020AF.jpg,Heniochus_diphreutes_FishPix_72020.jpg,https://fishpix.kahaku.go.jp/photos/NR0072/72020AF.jpg,Chaetodontidae,no,exists,65212
Heniochus diphreutes,72036,72036AF.jpg,Heniochus_diphreutes_FishPix_72036.jpg,https://fishpix.kahaku.go.jp/photos/NR0072/72036AF.jpg,Chaetodontidae,no,exists,53507
Chaetodon kleinii,72094,72094AF.jpg,Chaetodon_kleinii_FishPix_72094.jpg,https://fishpix.kahaku.go.jp/photos/NR0072/72094AF.jpg,Chaetodontidae,no,exists,62824
Coradion chrysozonus,72095,72095AF.jpg,Coradion_chrysozonus_FishPix_72095.jpg,https://fishpix.kahaku.go.jp/photos/NR0072/72095AF.jpg,Chaetodontidae,yes,exists,91644
Chaetodon xanthurus,72233,72233AF.jpg,Chaetodon_xanthurus_FishPix_72233.jpg,https://fishpix.kahaku.go.jp/photos/NR0072/72233AF.jpg,Chaetodontidae,no,exists,82834
Heniochus chrysostomus,72236,72236AF.jpg,Heniochus_chrysostomus_FishPix_72236.jpg,https://fishpix.kahaku.go.jp/photos/NR0072/72236AF.jpg,Chaetodontidae,no,exists,130244
Chaetodon bennetti,72244,72244AF.jpg,Chaetodon_bennetti_FishPix_72244.jpg,https://fishpix.kahaku.go.jp/photos/NR0072/72244AF.jpg,Chaetodontidae,no,exists,78825
Chaetodon adiergastos,7225,7225AF.jpg,Chaetodon_adiergastos_FishPix_7225.jpg,https://fishpix.kahaku.go.jp/photos/NR0007/7225AF.jpg,Chaetodontidae,no,exists,21504
Chaetodon kleinii,72257,72257AF.jpg,Chaetodon_kleinii_FishPix_72257.jpg,https://fishpix.kahaku.go.jp/photos/NR0072/72257AF.jpg,Chaetodontidae,no,exists,45286
Chaetodon kleinii,72300,72300AF.jpg,Chaetodon_kleinii_FishPix_72300.jpg,https://fishpix.kahaku.go.jp/photos/NR0072/72300AF.jpg,Chaetodontidae,no,exists,121333
Hemitaurichthys polylepis,72307,72307AF.jpg,Hemitaurichthys_polylepis_FishPix_72307.jpg,https://fishpix.kahaku.go.jp/photos/NR0072/72307AF.jpg,Chaetodontidae,no,exists,69193
Chaetodon quadrimaculatus,72320,72320AF.jpg,Chaetodon_quadrimaculatus_FishPix_72320.jpg,https://fishpix.kahaku.go.jp/photos/NR0072/72320AF.jpg,Chaetodontidae,no,exists,72396
Chaetodon lunula,72324,72324AF.jpg,Chaetodon_lunula_FishPix_72324.jpg,https://fishpix.kahaku.go.jp/photos/NR0072/72324AF.jpg,Chaetodontidae,no,exists,89975
Chaetodon auriga,72365,72365AF.jpg,Chaetodon_auriga_FishPix_72365.jpg,https://fishpix.kahaku.go.jp/photos/NR0072/72365AF.jpg,Chaetodontidae,no,exists,37996
Chaetodon lunula,72366,72366AF.jpg,Chaetodon_lunula_FishPix_72366.jpg,https://fishpix.kahaku.go.jp/photos/NR0072/72366AF.jpg,Chaetodontidae,no,exists,63605
Chaetodon quadrimaculatus,72372,72372AF.jpg,Chaetodon_quadrimaculatus_FishPix_72372.jpg,https://fishpix.kahaku.go.jp/photos/NR0072/72372AF.jpg,Chaetodontidae,no,exists,98352
Chaetodon fremblii,72382,72382AF.jpg,Chaetodon_fremblii_FishPix_72382.jpg,https://fishpix.kahaku.go.jp/photos/NR0072/72382AF.jpg,Chaetodontidae,no,exists,83204
Chaetodon fremblii,72386,72386AF.jpg,Chaetodon_fremblii_FishPix_72386.jpg,https://fishpix.kahaku.go.jp/photos/NR0072/72386AF.jpg,Chaetodontidae,no,exists,101761
Chaetodon octofasciatus,72419,72419AF.jpg,Chaetodon_octofasciatus_FishPix_72419.jpg,https://fishpix.kahaku.go.jp/photos/NR0072/72419AF.jpg,Chaetodontidae,no,exists,119682
Chaetodon ocellicaudus,72543,72543AF.jpg,Chaetodon_ocellicaudus_FishPix_72543.jpg,https://fishpix.kahaku.go.jp/photos/NR0072/72543AF.jpg,Chaetodontidae,no,exists,74737
Chaetodon octofasciatus,72545,72545AF.jpg,Chaetodon_octofasciatus_FishPix_72545.jpg,https://fishpix.kahaku.go.jp/photos/NR0072/72545AF.jpg,Chaetodontidae,no,exists,82691
Chaetodon vagabundus,72563,72563AF.jpg,Chaetodon_vagabundus_FishPix_72563.jpg,https://fishpix.kahaku.go.jp/photos/NR0072/72563AF.jpg,Chaetodontidae,no,exists,90558
Hemitaurichthys polylepis,72589,72589AF.jpg,Hemitaurichthys_polylepis_FishPix_72589.jpg,https://fishpix.kahaku.go.jp/photos/NR0072/72589AF.jpg,Chaetodontidae,no,exists,90871
Chaetodon melannotus,72599,72599AF.jpg,Chaetodon_melannotus_FishPix_72599.jpg,https://fishpix.kahaku.go.jp/photos/NR0072/72599AF.jpg,Chaetodontidae,no,exists,96632
Chaetodon auriga,72608,72608AF.jpg,Chaetodon_auriga_FishPix_72608.jpg,https://fishpix.kahaku.go.jp/photos/NR0072/72608AF.jpg,Chaetodontidae,no,exists,68493
Heniochus monoceros,72612,72612AF.jpg,Heniochus_monoceros_FishPix_72612.jpg,https://fishpix.kahaku.go.jp/photos/NR0072/72612AF.jpg,Chaetodontidae,no,exists,66671
Chaetodon punctatofasciatus,72626,72626AF.jpg,Chaetodon_punctatofasciatus_FishPix_72626.jpg,https://fishpix.kahaku.go.jp/photos/NR0072/72626AF.jpg,Chaetodontidae,no,exists,76277
Heniochus chrysostomus,72627,72627AF.jpg,Heniochus_chrysostomus_FishPix_72627.jpg,https://fishpix.kahaku.go.jp/photos/NR0072/72627AF.jpg,Chaetodontidae,no,exists,148332
Chaetodon auripes,72631,72631AF.jpg,Chaetodon_auripes_FishPix_72631.jpg,https://fishpix.kahaku.go.jp/photos/NR0072/72631AF.jpg,Chaetodontidae,no,exists,130462
Chaetodon ornatissimus,72636,72636AF.jpg,Chaetodon_ornatissimus_FishPix_72636.jpg,https://fishpix.kahaku.go.jp/photos/NR0072/72636AF.jpg,Chaetodontidae,no,exists,65806
Chaetodon auriga,72637,72637AF.jpg,Chaetodon_auriga_FishPix_72637.jpg,https://fishpix.kahaku.go.jp/photos/NR0072/72637AF.jpg,Chaetodontidae,no,exists,114023
Chaetodon kleinii,72654,72654AF.jpg,Chaetodon_kleinii_FishPix_72654.jpg,https://fishpix.kahaku.go.jp/photos/NR0072/72654AF.jpg,Chaetodontidae,no,exists,101121
Chaetodon unimaculatus,72663,72663AF.jpg,Chaetodon_unimaculatus_FishPix_72663.jpg,https://fishpix.kahaku.go.jp/photos/NR0072/72663AF.jpg,Chaetodontidae,no,exists,49401
Chaetodon lunula,72716,72716AF.jpg,Chaetodon_lunula_FishPix_72716.jpg,https://fishpix.kahaku.go.jp/photos/NR0072/72716AF.jpg,Chaetodontidae,no,exists,85759
Chaetodon ephippium,72728,72728AF.jpg,Chaetodon_ephippium_FishPix_72728.jpg,https://fishpix.kahaku.go.jp/photos/NR0072/72728AF.jpg,Chaetodontidae,no,exists,97111
Chaetodon auripes,72731,72731AF.jpg,Chaetodon_auripes_FishPix_72731.jpg,https://fishpix.kahaku.go.jp/photos/NR0072/72731AF.jpg,Chaetodontidae,no,exists,102038
Heniochus chrysostomus,72741,72741AF.jpg,Heniochus_chrysostomus_FishPix_72741.jpg,https://fishpix.kahaku.go.jp/photos/NR0072/72741AF.jpg,Chaetodontidae,no,exists,91216
Chaetodon bennetti,72747,72747AF.jpg,Chaetodon_bennetti_FishPix_72747.jpg,https://fishpix.kahaku.go.jp/photos/NR0072/72747AF.jpg,Chaetodontidae,no,exists,112593
Chaetodon vagabundus,72765,72765AF.jpg,Chaetodon_vagabundus_FishPix_72765.jpg,https://fishpix.kahaku.go.jp/photos/NR0072/72765AF.jpg,Chaetodontidae,no,exists,55554
Chaetodon ephippium,72815,72815AF.jpg,Chaetodon_ephippium_FishPix_72815.jpg,https://fishpix.kahaku.go.jp/photos/NR0072/72815AF.jpg,Chaetodontidae,no,exists,67119
Heniochus chrysostomus,72888,72888AF.jpg,Heniochus_chrysostomus_FishPix_72888.jpg,https://fishpix.kahaku.go.jp/photos/NR0072/72888AF.jpg,Chaetodontidae,no,exists,72231
Heniochus varius,72889,72889AF.jpg,Heniochus_varius_FishPix_72889.jpg,https://fishpix.kahaku.go.jp/photos/NR0072/72889AF.jpg,Chaetodontidae,no,exists,84016
Chaetodon melannotus,72898,72898AF.jpg,Chaetodon_melannotus_FishPix_72898.jpg,https://fishpix.kahaku.go.jp/photos/NR0072/72898AF.jpg,Chaetodontidae,no,exists,108791
Chaetodon plebeius,72917,72917AF.jpg,Chaetodon_plebeius_FishPix_72917.jpg,https://fishpix.kahaku.go.jp/photos/NR0072/72917AF.jpg,Chaetodontidae,no,exists,64439
Chaetodon bennetti,72919,72919AF.jpg,Chaetodon_bennetti_FishPix_72919.jpg,https://fishpix.kahaku.go.jp/photos/NR0072/72919AF.jpg,Chaetodontidae,no,exists,105749
Chaetodon melannotus,72950,72950AF.jpg,Chaetodon_melannotus_FishPix_72950.jpg,https://fishpix.kahaku.go.jp/photos/NR0072/72950AF.jpg,Chaetodontidae,no,exists,93286
Heniochus chrysostomus,72957,72957AF.jpg,Heniochus_chrysostomus_FishPix_72957.jpg,https://fishpix.kahaku.go.jp/photos/NR0072/72957AF.jpg,Chaetodontidae,no,exists,95958
Chaetodon lunula,72970,72970AF.jpg,Chaetodon_lunula_FishPix_72970.jpg,https://fishpix.kahaku.go.jp/photos/NR0072/72970AF.jpg,Chaetodontidae,no,exists,86826
Chaetodon melannotus,72972,72972AF.jpg,Chaetodon_melannotus_FishPix_72972.jpg,https://fishpix.kahaku.go.jp/photos/NR0072/72972AF.jpg,Chaetodontidae,no,exists,89859
Heniochus chrysostomus,72985,72985AF.jpg,Heniochus_chrysostomus_FishPix_72985.jpg,https://fishpix.kahaku.go.jp/photos/NR0072/72985AF.jpg,Chaetodontidae,no,exists,73620
Chaetodon unimaculatus,72991,72991AF.jpg,Chaetodon_unimaculatus_FishPix_72991.jpg,https://fishpix.kahaku.go.jp/photos/NR0072/72991AF.jpg,Chaetodontidae,no,exists,75929
Chaetodon lineolatus,73173,73173AF.jpg,Chaetodon_lineolatus_FishPix_73173.jpg,https://fishpix.kahaku.go.jp/photos/NR0073/73173AF.jpg,Chaetodontidae,no,exists,74499
Chaetodon citrinellus,73179,73179AF.jpg,Chaetodon_citrinellus_FishPix_73179.jpg,https://fishpix.kahaku.go.jp/photos/NR0073/73179AF.jpg,Chaetodontidae,no,exists,39224
Chaetodon argentatus,73224,73224AF.jpg,Chaetodon_argentatus_FishPix_73224.jpg,https://fishpix.kahaku.go.jp/photos/NR0073/73224AF.jpg,Chaetodontidae,no,exists,56404
Chaetodon melannotus,73250,73250AF.jpg,Chaetodon_melannotus_FishPix_73250.jpg,https://fishpix.kahaku.go.jp/photos/NR0073/73250AF.jpg,Chaetodontidae,no,exists,31264
Roa haraguchiae,73261,73261AF.jpg,Roa_haraguchiae_FishPix_73261.jpg,https://fishpix.kahaku.go.jp/photos/NR0073/73261AF.jpg,Chaetodontidae,no,exists,77592
Roa haraguchiae,73306,73306AF.jpg,Roa_haraguchiae_FishPix_73306.jpg,https://fishpix.kahaku.go.jp/photos/NR0073/73306AF.jpg,Chaetodontidae,no,exists,54730
Chaetodon octofasciatus,73652,73652AF.jpg,Chaetodon_octofasciatus_FishPix_73652.jpg,https://fishpix.kahaku.go.jp/photos/NR0073/73652AF.jpg,Chaetodontidae,no,exists,53432
Chaetodon lunula,73679,73679AF.jpg,Chaetodon_lunula_FishPix_73679.jpg,https://fishpix.kahaku.go.jp/photos/NR0073/73679AF.jpg,Chaetodontidae,no,exists,60239
Heniochus singularius,7386,7386AF.jpg,Heniochus_singularius_FishPix_7386.jpg,https://fishpix.kahaku.go.jp/photos/NR0007/7386AF.jpg,Chaetodontidae,no,exists,32768
Heniochus chrysostomus,7387,7387AF.jpg,Heniochus_chrysostomus_FishPix_7387.jpg,https://fishpix.kahaku.go.jp/photos/NR0007/7387AF.jpg,Chaetodontidae,no,exists,22528
Heniochus chrysostomus,7388,7388AF.jpg,Heniochus_chrysostomus_FishPix_7388.jpg,https://fishpix.kahaku.go.jp/photos/NR0007/7388AF.jpg,Chaetodontidae,no,exists,20480
Heniochus varius,7389,7389AF.jpg,Heniochus_varius_FishPix_7389.jpg,https://fishpix.kahaku.go.jp/photos/NR0007/7389AF.jpg,Chaetodontidae,no,exists,21504
Chaetodon auripes,7390,7390AF.jpg,Chaetodon_auripes_FishPix_7390.jpg,https://fishpix.kahaku.go.jp/photos/NR0007/7390AF.jpg,Chaetodontidae,no,exists,28672
Chaetodon auriga,7391,7391AF.jpg,Chaetodon_auriga_FishPix_7391.jpg,https://fishpix.kahaku.go.jp/photos/NR0007/7391AF.jpg,Chaetodontidae,no,exists,20480
Chaetodon lunulatus,7392,7392AF.jpg,Chaetodon_lunulatus_FishPix_7392.jpg,https://fishpix.kahaku.go.jp/photos/NR0007/7392AF.jpg,Chaetodontidae,no,exists,26624
Chaetodon kleinii,7393,7393AF.jpg,Chaetodon_kleinii_FishPix_7393.jpg,https://fishpix.kahaku.go.jp/photos/NR0007/7393AF.jpg,Chaetodontidae,no,exists,23552
Chaetodon vagabundus,7394,7394AF.jpg,Chaetodon_vagabundus_FishPix_7394.jpg,https://fishpix.kahaku.go.jp/photos/NR0007/7394AF.jpg,Chaetodontidae,no,exists,47104
Chaetodon melannotus,7395,7395AF.jpg,Chaetodon_melannotus_FishPix_7395.jpg,https://fishpix.kahaku.go.jp/photos/NR0007/7395AF.jpg,Chaetodontidae,no,exists,27648
Chaetodon bennetti,7396,7396AF.jpg,Chaetodon_bennetti_FishPix_7396.jpg,https://fishpix.kahaku.go.jp/photos/NR0007/7396AF.jpg,Chaetodontidae,no,exists,36864
Chaetodon ephippium,7397,7397AF.jpg,Chaetodon_ephippium_FishPix_7397.jpg,https://fishpix.kahaku.go.jp/photos/NR0007/7397AF.jpg,Chaetodontidae,no,exists,17408
Chaetodon lunulatus,73970,73970AF.jpg,Chaetodon_lunulatus_FishPix_73970.jpg,https://fishpix.kahaku.go.jp/photos/NR0073/73970AF.jpg,Chaetodontidae,no,exists,62321
Chaetodon ephippium,7398,7398AF.jpg,Chaetodon_ephippium_FishPix_7398.jpg,https://fishpix.kahaku.go.jp/photos/NR0007/7398AF.jpg,Chaetodontidae,no,exists,21504
Chaetodon lunula,7399,7399AF.jpg,Chaetodon_lunula_FishPix_7399.jpg,https://fishpix.kahaku.go.jp/photos/NR0007/7399AF.jpg,Chaetodontidae,no,exists,45056
Chaetodon unimaculatus,7400,7400AF.jpg,Chaetodon_unimaculatus_FishPix_7400.jpg,https://fishpix.kahaku.go.jp/photos/NR0007/7400AF.jpg,Chaetodontidae,no,exists,23552
Chaetodon xanthurus,7401,7401AF.jpg,Chaetodon_xanthurus_FishPix_7401.jpg,https://fishpix.kahaku.go.jp/photos/NR0007/7401AF.jpg,Chaetodontidae,no,exists,25600
Chaetodon argentatus,7402,7402AF.jpg,Chaetodon_argentatus_FishPix_7402.jpg,https://fishpix.kahaku.go.jp/photos/NR0007/7402AF.jpg,Chaetodontidae,no,exists,29696
Chaetodon melannotus,7403,7403AF.jpg,Chaetodon_melannotus_FishPix_7403.jpg,https://fishpix.kahaku.go.jp/photos/NR0007/7403AF.jpg,Chaetodontidae,no,exists,26624
Heniochus acuminatus,74068,74068AF.jpg,Heniochus_acuminatus_FishPix_74068.jpg,https://fishpix.kahaku.go.jp/photos/NR0074/74068AF.jpg,Chaetodontidae,no,exists,51902
Chaetodon adiergastos,74377,74377AF.jpg,Chaetodon_adiergastos_FishPix_74377.jpg,https://fishpix.kahaku.go.jp/photos/NR0074/74377AF.jpg,Chaetodontidae,no,exists,46711
Chaetodon wiebeli,74380,74380AF.jpg,Chaetodon_wiebeli_FishPix_74380.jpg,https://fishpix.kahaku.go.jp/photos/NR0074/74380AF.jpg,Chaetodontidae,no,exists,35022
Chaetodon wiebeli,74392,74392AF.jpg,Chaetodon_wiebeli_FishPix_74392.jpg,https://fishpix.kahaku.go.jp/photos/NR0074/74392AF.jpg,Chaetodontidae,no,exists,60560
Chaetodon lunula,74394,74394AF.jpg,Chaetodon_lunula_FishPix_74394.jpg,https://fishpix.kahaku.go.jp/photos/NR0074/74394AF.jpg,Chaetodontidae,no,exists,62236
Heniochus diphreutes,74451,74451AF.jpg,Heniochus_diphreutes_FishPix_74451.jpg,https://fishpix.kahaku.go.jp/photos/NR0074/74451AF.jpg,Chaetodontidae,no,exists,46476
Heniochus diphreutes,74452,74452AF.jpg,Heniochus_diphreutes_FishPix_74452.jpg,https://fishpix.kahaku.go.jp/photos/NR0074/74452AF.jpg,Chaetodontidae,no,exists,50166
Chaetodon auripes,74509,74509AF.jpg,Chaetodon_auripes_FishPix_74509.jpg,https://fishpix.kahaku.go.jp/photos/NR0074/74509AF.jpg,Chaetodontidae,no,exists,67936
Chaetodon auriga,74519,74519AF.jpg,Chaetodon_auriga_FishPix_74519.jpg,https://fishpix.kahaku.go.jp/photos/NR0074/74519AF.jpg,Chaetodontidae,no,exists,71883
Chaetodon lunula,74520,74520AF.jpg,Chaetodon_lunula_FishPix_74520.jpg,https://fishpix.kahaku.go.jp/photos/NR0074/74520AF.jpg,Chaetodontidae,no,exists,41826
Heniochus acuminatus,74525,74525AF.jpg,Heniochus_acuminatus_FishPix_74525.jpg,https://fishpix.kahaku.go.jp/photos/NR0074/74525AF.jpg,Chaetodontidae,no,exists,78184
Chaetodon lunula,74526,74526AF.jpg,Chaetodon_lunula_FishPix_74526.jpg,https://fishpix.kahaku.go.jp/photos/NR0074/74526AF.jpg,Chaetodontidae,no,exists,56308
Chaetodon auripes,74675,74675AF.jpg,Chaetodon_auripes_FishPix_74675.jpg,https://fishpix.kahaku.go.jp/photos/NR0074/74675AF.jpg,Chaetodontidae,no,exists,94537
Chaetodon lineolatus,74802,74802AF.jpg,Chaetodon_lineolatus_FishPix_74802.jpg,https://fishpix.kahaku.go.jp/photos/NR0074/74802AF.jpg,Chaetodontidae,no,exists,203811
Coradion altivelis,74804,74804AF.jpg,Coradion_altivelis_FishPix_74804.jpg,https://fishpix.kahaku.go.jp/photos/NR0074/74804AF.jpg,Chaetodontidae,no,exists,31912
Chaetodon vagabundus,74810,74810AF.jpg,Chaetodon_vagabundus_FishPix_74810.jpg,https://fishpix.kahaku.go.jp/photos/NR0074/74810AF.jpg,Chaetodontidae,no,exists,71770
Coradion altivelis,74818,74818AF.jpg,Coradion_altivelis_FishPix_74818.jpg,https://fishpix.kahaku.go.jp/photos/NR0074/74818AF.jpg,Chaetodontidae,no,exists,56224
Chaetodon melannotus,74824,74824AF.jpg,Chaetodon_melannotus_FishPix_74824.jpg,https://fishpix.kahaku.go.jp/photos/NR0074/74824AF.jpg,Chaetodontidae,no,exists,78527
Chaetodon speculum,74826,74826AF.jpg,Chaetodon_speculum_FishPix_74826.jpg,https://fishpix.kahaku.go.jp/photos/NR0074/74826AF.jpg,Chaetodontidae,no,exists,72471
Chaetodon vagabundus,74837,74837AF.jpg,Chaetodon_vagabundus_FishPix_74837.jpg,https://fishpix.kahaku.go.jp/photos/NR0074/74837AF.jpg,Chaetodontidae,no,exists,58007
Heniochus diphreutes,74841,74841AF.jpg,Heniochus_diphreutes_FishPix_74841.jpg,https://fishpix.kahaku.go.jp/photos/NR0074/74841AF.jpg,Chaetodontidae,no,exists,30366
Chaetodon auripes,74895,74895AF.jpg,Chaetodon_auripes_FishPix_74895.jpg,https://fishpix.kahaku.go.jp/photos/NR0074/74895AF.jpg,Chaetodontidae,no,exists,61865
Heniochus diphreutes,74914,74914AF.jpg,Heniochus_diphreutes_FishPix_74914.jpg,https://fishpix.kahaku.go.jp/photos/NR0074/74914AF.jpg,Chaetodontidae,no,exists,48125
Coradion altivelis,75062,75062AF.jpg,Coradion_altivelis_FishPix_75062.jpg,https://fishpix.kahaku.go.jp/photos/NR0075/75062AF.jpg,Chaetodontidae,no,exists,75216
Coradion altivelis,75063,75063AF.jpg,Coradion_altivelis_FishPix_75063.jpg,https://fishpix.kahaku.go.jp/photos/NR0075/75063AF.jpg,Chaetodontidae,no,exists,84881
Chaetodon nippon,75069,75069AF.jpg,Chaetodon_nippon_FishPix_75069.jpg,https://fishpix.kahaku.go.jp/photos/NR0075/75069AF.jpg,Chaetodontidae,no,exists,54340
Chaetodon nippon,75071,75071AF.jpg,Chaetodon_nippon_FishPix_75071.jpg,https://fishpix.kahaku.go.jp/photos/NR0075/75071AF.jpg,Chaetodontidae,no,exists,47393
Chaetodon melannotus,75118,75118AF.jpg,Chaetodon_melannotus_FishPix_75118.jpg,https://fishpix.kahaku.go.jp/photos/NR0075/75118AF.jpg,Chaetodontidae,no,exists,55789
Chaetodon auriga,75126,75126AF.jpg,Chaetodon_auriga_FishPix_75126.jpg,https://fishpix.kahaku.go.jp/photos/NR0075/75126AF.jpg,Chaetodontidae,no,exists,72402
Chaetodon auriga,75127,75127AF.jpg,Chaetodon_auriga_FishPix_75127.jpg,https://fishpix.kahaku.go.jp/photos/NR0075/75127AF.jpg,Chaetodontidae,no,exists,51623
Chaetodon speculum,75128,75128AF.jpg,Chaetodon_speculum_FishPix_75128.jpg,https://fishpix.kahaku.go.jp/photos/NR0075/75128AF.jpg,Chaetodontidae,no,exists,60937
Chaetodon lineolatus,75130,75130AF.jpg,Chaetodon_lineolatus_FishPix_75130.jpg,https://fishpix.kahaku.go.jp/photos/NR0075/75130AF.jpg,Chaetodontidae,no,exists,77969
Heniochus diphreutes,75187,75187AF.jpg,Heniochus_diphreutes_FishPix_75187.jpg,https://fishpix.kahaku.go.jp/photos/NR0075/75187AF.jpg,Chaetodontidae,no,exists,63800
Chaetodon punctatofasciatus,75433,75433AF.jpg,Chaetodon_punctatofasciatus_FishPix_75433.jpg,https://fishpix.kahaku.go.jp/photos/NR0075/75433AF.jpg,Chaetodontidae,no,exists,50916
Chaetodon decussatus,75574,75574AF.jpg,Chaetodon_decussatus_FishPix_75574.jpg,https://fishpix.kahaku.go.jp/photos/NR0075/75574AF.jpg,Chaetodontidae,no,exists,78352
Forcipiger longirostris,75584,75584AF.jpg,Forcipiger_longirostris_FishPix_75584.jpg,https://fishpix.kahaku.go.jp/photos/NR0075/75584AF.jpg,Chaetodontidae,no,exists,59834
Chaetodon adiergastos,75597,75597AF.jpg,Chaetodon_adiergastos_FishPix_75597.jpg,https://fishpix.kahaku.go.jp/photos/NR0075/75597AF.jpg,Chaetodontidae,no,exists,57077
Chaetodon adiergastos,75598,75598AF.jpg,Chaetodon_adiergastos_FishPix_75598.jpg,https://fishpix.kahaku.go.jp/photos/NR0075/75598AF.jpg,Chaetodontidae,no,exists,43874
Heniochus varius,75608,75608AF.jpg,Heniochus_varius_FishPix_75608.jpg,https://fishpix.kahaku.go.jp/photos/NR0075/75608AF.jpg,Chaetodontidae,no,exists,71535
Chaetodon rafflesii,75615,75615AF.jpg,Chaetodon_rafflesii_FishPix_75615.jpg,https://fishpix.kahaku.go.jp/photos/NR0075/75615AF.jpg,Chaetodontidae,no,exists,50437
Chaetodon ephippium,75617,75617AF.jpg,Chaetodon_ephippium_FishPix_75617.jpg,https://fishpix.kahaku.go.jp/photos/NR0075/75617AF.jpg,Chaetodontidae,no,exists,60526
Chaetodon decussatus,75626,75626AF.jpg,Chaetodon_decussatus_FishPix_75626.jpg,https://fishpix.kahaku.go.jp/photos/NR0075/75626AF.jpg,Chaetodontidae,no,exists,68604
Chaetodon rafflesii,75664,75664AF.jpg,Chaetodon_rafflesii_FishPix_75664.jpg,https://fishpix.kahaku.go.jp/photos/NR0075/75664AF.jpg,Chaetodontidae,no,exists,92439
Chaetodon xanthurus,75677,75677AF.jpg,Chaetodon_xanthurus_FishPix_75677.jpg,https://fishpix.kahaku.go.jp/photos/NR0075/75677AF.jpg,Chaetodontidae,no,exists,92042
Chaetodon oxycephalus,75705,75705AF.jpg,Chaetodon_oxycephalus_FishPix_75705.jpg,https://fishpix.kahaku.go.jp/photos/NR0075/75705AF.jpg,Chaetodontidae,no,exists,58881
Chaetodon lunula,75720,75720AF.jpg,Chaetodon_lunula_FishPix_75720.jpg,https://fishpix.kahaku.go.jp/photos/NR0075/75720AF.jpg,Chaetodontidae,no,exists,64654
Heniochus chrysostomus,75740,75740AF.jpg,Heniochus_chrysostomus_FishPix_75740.jpg,https://fishpix.kahaku.go.jp/photos/NR0075/75740AF.jpg,Chaetodontidae,no,exists,44794
Heniochus chrysostomus,75746,75746AF.jpg,Heniochus_chrysostomus_FishPix_75746.jpg,https://fishpix.kahaku.go.jp/photos/NR0075/75746AF.jpg,Chaetodontidae,no,exists,63394
Chaetodon auriga,75858,75858AF.jpg,Chaetodon_auriga_FishPix_75858.jpg,https://fishpix.kahaku.go.jp/photos/NR0075/75858AF.jpg,Chaetodontidae,no,exists,44272
Chaetodon miliaris,76079,76079AF.jpg,Chaetodon_miliaris_FishPix_76079.jpg,https://fishpix.kahaku.go.jp/photos/NR0076/76079AF.jpg,Chaetodontidae,no,exists,40850
Chaetodon miliaris,76080,76080AF.jpg,Chaetodon_miliaris_FishPix_76080.jpg,https://fishpix.kahaku.go.jp/photos/NR0076/76080AF.jpg,Chaetodontidae,no,exists,33276
Forcipiger longirostris,76096,76096AF.jpg,Forcipiger_longirostris_FishPix_76096.jpg,https://fishpix.kahaku.go.jp/photos/NR0076/76096AF.jpg,Chaetodontidae,no,exists,74949
Chaetodon unimaculatus,76098,76098AF.jpg,Chaetodon_unimaculatus_FishPix_76098.jpg,https://fishpix.kahaku.go.jp/photos/NR0076/76098AF.jpg,Chaetodontidae,no,exists,77635
Chaetodon multicinctus,76102,76102AF.jpg,Chaetodon_multicinctus_FishPix_76102.jpg,https://fishpix.kahaku.go.jp/photos/NR0076/76102AF.jpg,Chaetodontidae,yes,exists,83480
Chaetodon multicinctus,76108,76108AF.jpg,Chaetodon_multicinctus_FishPix_76108.jpg,https://fishpix.kahaku.go.jp/photos/NR0076/76108AF.jpg,Chaetodontidae,no,exists,60249
Chaetodon kleinii,76117,76117AF.jpg,Chaetodon_kleinii_FishPix_76117.jpg,https://fishpix.kahaku.go.jp/photos/NR0076/76117AF.jpg,Chaetodontidae,no,exists,75690
Chaetodon quadrimaculatus,76118,76118AF.jpg,Chaetodon_quadrimaculatus_FishPix_76118.jpg,https://fishpix.kahaku.go.jp/photos/NR0076/76118AF.jpg,Chaetodontidae,no,exists,57086
Chaetodon auriga,76131,76131AF.jpg,Chaetodon_auriga_FishPix_76131.jpg,https://fishpix.kahaku.go.jp/photos/NR0076/76131AF.jpg,Chaetodontidae,no,exists,59079
Chaetodon lunula,76134,76134AF.jpg,Chaetodon_lunula_FishPix_76134.jpg,https://fishpix.kahaku.go.jp/photos/NR0076/76134AF.jpg,Chaetodontidae,no,exists,45068
Chaetodon lineolatus,76142,76142AF.jpg,Chaetodon_lineolatus_FishPix_76142.jpg,https://fishpix.kahaku.go.jp/photos/NR0076/76142AF.jpg,Chaetodontidae,no,exists,53424
Hemitaurichthys thompsoni,76147,76147AF.jpg,Hemitaurichthys_thompsoni_FishPix_76147.jpg,https://fishpix.kahaku.go.jp/photos/NR0076/76147AF.jpg,Chaetodontidae,yes,exists,62646
Hemitaurichthys thompsoni,76148,76148AF.jpg,Hemitaurichthys_thompsoni_FishPix_76148.jpg,https://fishpix.kahaku.go.jp/photos/NR0076/76148AF.jpg,Chaetodontidae,no,exists,45671
Hemitaurichthys thompsoni,76149,76149AF.jpg,Hemitaurichthys_thompsoni_FishPix_76149.jpg,https://fishpix.kahaku.go.jp/photos/NR0076/76149AF.jpg,Chaetodontidae,no,exists,73321
Chaetodon lunula,76152,76152AF.jpg,Chaetodon_lunula_FishPix_76152.jpg,https://fishpix.kahaku.go.jp/photos/NR0076/76152AF.jpg,Chaetodontidae,no,exists,129904
Hemitaurichthys thompsoni,76154,76154AF.jpg,Hemitaurichthys_thompsoni_FishPix_76154.jpg,https://fishpix.kahaku.go.jp/photos/NR0076/76154AF.jpg,Chaetodontidae,no,exists,90663
Heniochus acuminatus,76187,76187AF.jpg,Heniochus_acuminatus_FishPix_76187.jpg,https://fishpix.kahaku.go.jp/photos/NR0076/76187AF.jpg,Chaetodontidae,no,exists,105191
Heniochus monoceros,76188,76188AF.jpg,Heniochus_monoceros_FishPix_76188.jpg,https://fishpix.kahaku.go.jp/photos/NR0076/76188AF.jpg,Chaetodontidae,no,exists,96950
Chaetodon mertensii,76211,76211AF.jpg,Chaetodon_mertensii_FishPix_76211.jpg,https://fishpix.kahaku.go.jp/photos/NR0076/76211AF.jpg,Chaetodontidae,no,exists,108225
Chaetodon vagabundus,76212,76212AF.jpg,Chaetodon_vagabundus_FishPix_76212.jpg,https://fishpix.kahaku.go.jp/photos/NR0076/76212AF.jpg,Chaetodontidae,no,exists,81839
Chaetodon lunula,76245,76245AF.jpg,Chaetodon_lunula_FishPix_76245.jpg,https://fishpix.kahaku.go.jp/photos/NR0076/76245AF.jpg,Chaetodontidae,no,exists,143667
Chaetodon ornatissimus,76246,76246AF.jpg,Chaetodon_ornatissimus_FishPix_76246.jpg,https://fishpix.kahaku.go.jp/photos/NR0076/76246AF.jpg,Chaetodontidae,no,exists,93793
Chaetodon ulietensis,76249,76249AF.jpg,Chaetodon_ulietensis_FishPix_76249.jpg,https://fishpix.kahaku.go.jp/photos/NR0076/76249AF.jpg,Chaetodontidae,no,exists,40654
Chaetodon punctatofasciatus,76251,76251AF.jpg,Chaetodon_punctatofasciatus_FishPix_76251.jpg,https://fishpix.kahaku.go.jp/photos/NR0076/76251AF.jpg,Chaetodontidae,no,exists,95690
Chelmonops truncatus,76307,76307AF.jpg,Chelmonops_truncatus_FishPix_76307.jpg,https://fishpix.kahaku.go.jp/photos/NR0076/76307AF.jpg,Chaetodontidae,no,exists,82523
Chaetodon auriga,76641,76641AF.jpg,Chaetodon_auriga_FishPix_76641.jpg,https://fishpix.kahaku.go.jp/photos/NR0076/76641AF.jpg,Chaetodontidae,no,exists,76086
Chaetodon auriga,76642,76642AF.jpg,Chaetodon_auriga_FishPix_76642.jpg,https://fishpix.kahaku.go.jp/photos/NR0076/76642AF.jpg,Chaetodontidae,no,exists,141451
Chaetodon auriga,76643,76643AF.jpg,Chaetodon_auriga_FishPix_76643.jpg,https://fishpix.kahaku.go.jp/photos/NR0076/76643AF.jpg,Chaetodontidae,no,exists,132553
Chaetodon auripes,76644,76644AF.jpg,Chaetodon_auripes_FishPix_76644.jpg,https://fishpix.kahaku.go.jp/photos/NR0076/76644AF.jpg,Chaetodontidae,no,exists,101772
Chaetodon auripes,76645,76645AF.jpg,Chaetodon_auripes_FishPix_76645.jpg,https://fishpix.kahaku.go.jp/photos/NR0076/76645AF.jpg,Chaetodontidae,no,exists,171511
Chaetodon auripes,76646,76646AF.jpg,Chaetodon_auripes_FishPix_76646.jpg,https://fishpix.kahaku.go.jp/photos/NR0076/76646AF.jpg,Chaetodontidae,no,exists,157155
Chaetodon auripes,76647,76647AF.jpg,Chaetodon_auripes_FishPix_76647.jpg,https://fishpix.kahaku.go.jp/photos/NR0076/76647AF.jpg,Chaetodontidae,no,exists,84437
Chaetodon guentheri,76648,76648AF.jpg,Chaetodon_guentheri_FishPix_76648.jpg,https://fishpix.kahaku.go.jp/photos/NR0076/76648AF.jpg,Chaetodontidae,no,exists,127080
Chaetodon kleinii,76649,76649AF.jpg,Chaetodon_kleinii_FishPix_76649.jpg,https://fishpix.kahaku.go.jp/photos/NR0076/76649AF.jpg,Chaetodontidae,no,exists,80938
Chaetodon kleinii,76650,76650AF.jpg,Chaetodon_kleinii_FishPix_76650.jpg,https://fishpix.kahaku.go.jp/photos/NR0076/76650AF.jpg,Chaetodontidae,no,exists,130581
Chaetodon kleinii,76651,76651AF.jpg,Chaetodon_kleinii_FishPix_76651.jpg,https://fishpix.kahaku.go.jp/photos/NR0076/76651AF.jpg,Chaetodontidae,no,exists,101999
Chaetodon kleinii,76652,76652AF.jpg,Chaetodon_kleinii_FishPix_76652.jpg,https://fishpix.kahaku.go.jp/photos/NR0076/76652AF.jpg,Chaetodontidae,no,exists,74628
Chaetodon kleinii,76653,76653AF.jpg,Chaetodon_kleinii_FishPix_76653.jpg,https://fishpix.kahaku.go.jp/photos/NR0076/76653AF.jpg,Chaetodontidae,no,exists,108832
Chaetodon nippon,76654,76654AF.jpg,Chaetodon_nippon_FishPix_76654.jpg,https://fishpix.kahaku.go.jp/photos/NR0076/76654AF.jpg,Chaetodontidae,no,exists,117665
Chaetodon vagabundus,76655,76655AF.jpg,Chaetodon_vagabundus_FishPix_76655.jpg,https://fishpix.kahaku.go.jp/photos/NR0076/76655AF.jpg,Chaetodontidae,no,exists,173563
Chaetodon vagabundus,76656,76656AF.jpg,Chaetodon_vagabundus_FishPix_76656.jpg,https://fishpix.kahaku.go.jp/photos/NR0076/76656AF.jpg,Chaetodontidae,no,exists,124228
Chaetodon vagabundus,76657,76657AF.jpg,Chaetodon_vagabundus_FishPix_76657.jpg,https://fishpix.kahaku.go.jp/photos/NR0076/76657AF.jpg,Chaetodontidae,no,exists,138465
Chaetodon vagabundus,76658,76658AF.jpg,Chaetodon_vagabundus_FishPix_76658.jpg,https://fishpix.kahaku.go.jp/photos/NR0076/76658AF.jpg,Chaetodontidae,no,exists,91388
Chaetodon vagabundus,76659,76659AF.jpg,Chaetodon_vagabundus_FishPix_76659.jpg,https://fishpix.kahaku.go.jp/photos/NR0076/76659AF.jpg,Chaetodontidae,no,exists,95061
Heniochus diphreutes,76660,76660AF.jpg,Heniochus_diphreutes_FishPix_76660.jpg,https://fishpix.kahaku.go.jp/photos/NR0076/76660AF.jpg,Chaetodontidae,no,exists,71946
Heniochus diphreutes,76661,76661AF.jpg,Heniochus_diphreutes_FishPix_76661.jpg,https://fishpix.kahaku.go.jp/photos/NR0076/76661AF.jpg,Chaetodontidae,no,exists,64166
Heniochus diphreutes,76662,76662AF.jpg,Heniochus_diphreutes_FishPix_76662.jpg,https://fishpix.kahaku.go.jp/photos/NR0076/76662AF.jpg,Chaetodontidae,no,exists,61413
Heniochus diphreutes,76663,76663AF.jpg,Heniochus_diphreutes_FishPix_76663.jpg,https://fishpix.kahaku.go.jp/photos/NR0076/76663AF.jpg,Chaetodontidae,no,exists,92099
Heniochus diphreutes,76664,76664AF.jpg,Heniochus_diphreutes_FishPix_76664.jpg,https://fishpix.kahaku.go.jp/photos/NR0076/76664AF.jpg,Chaetodontidae,no,exists,74496
Chaetodon argentatus,77442,77442AF.jpg,Chaetodon_argentatus_FishPix_77442.jpg,https://fishpix.kahaku.go.jp/photos/NR0077/77442AF.jpg,Chaetodontidae,no,exists,63302
Chaetodon reticulatus,77592,77592AF.jpg,Chaetodon_reticulatus_FishPix_77592.jpg,https://fishpix.kahaku.go.jp/photos/NR0077/77592AF.jpg,Chaetodontidae,no,exists,65866
Chaetodon wiebeli,77599,77599AF.jpg,Chaetodon_wiebeli_FishPix_77599.jpg,https://fishpix.kahaku.go.jp/photos/NR0077/77599AF.jpg,Chaetodontidae,no,exists,52178
Chaetodon speculum,77634,77634AF.jpg,Chaetodon_speculum_FishPix_77634.jpg,https://fishpix.kahaku.go.jp/photos/NR0077/77634AF.jpg,Chaetodontidae,no,exists,83828
Chaetodon melannotus,77652,77652AF.jpg,Chaetodon_melannotus_FishPix_77652.jpg,https://fishpix.kahaku.go.jp/photos/NR0077/77652AF.jpg,Chaetodontidae,no,exists,76228
Chaetodon melannotus,77684,77684AF.jpg,Chaetodon_melannotus_FishPix_77684.jpg,https://fishpix.kahaku.go.jp/photos/NR0077/77684AF.jpg,Chaetodontidae,no,exists,61340
Chaetodon speculum,77692,77692AF.jpg,Chaetodon_speculum_FishPix_77692.jpg,https://fishpix.kahaku.go.jp/photos/NR0077/77692AF.jpg,Chaetodontidae,no,exists,72087
Heniochus acuminatus,77706,77706AF.jpg,Heniochus_acuminatus_FishPix_77706.jpg,https://fishpix.kahaku.go.jp/photos/NR0077/77706AF.jpg,Chaetodontidae,no,exists,82112
Chaetodon auripes,77720,77720AF.jpg,Chaetodon_auripes_FishPix_77720.jpg,https://fishpix.kahaku.go.jp/photos/NR0077/77720AF.jpg,Chaetodontidae,no,exists,104099
Chaetodon lunula,77736,77736AF.jpg,Chaetodon_lunula_FishPix_77736.jpg,https://fishpix.kahaku.go.jp/photos/NR0077/77736AF.jpg,Chaetodontidae,no,exists,54490
Heniochus acuminatus,77771,77771AF.jpg,Heniochus_acuminatus_FishPix_77771.jpg,https://fishpix.kahaku.go.jp/photos/NR0077/77771AF.jpg,Chaetodontidae,no,exists,57508
Chaetodon octofasciatus,78076,78076AF.jpg,Chaetodon_octofasciatus_FishPix_78076.jpg,https://fishpix.kahaku.go.jp/photos/NR0078/78076AF.jpg,Chaetodontidae,no,exists,132960
Chaetodon guttatissimus,78150,78150AF.jpg,Chaetodon_guttatissimus_FishPix_78150.jpg,https://fishpix.kahaku.go.jp/photos/NR0078/78150AF.jpg,Chaetodontidae,no,exists,94562
Chaetodon xanthocephalus,78151,78151AF.jpg,Chaetodon_xanthocephalus_FishPix_78151.jpg,https://fishpix.kahaku.go.jp/photos/NR0078/78151AF.jpg,Chaetodontidae,no,exists,89434
Chaetodon meyeri,78153,78153AF.jpg,Chaetodon_meyeri_FishPix_78153.jpg,https://fishpix.kahaku.go.jp/photos/NR0078/78153AF.jpg,Chaetodontidae,no,exists,68906
Chaetodon trifasciatus,78154,78154AF.jpg,Chaetodon_trifasciatus_FishPix_78154.jpg,https://fishpix.kahaku.go.jp/photos/NR0078/78154AF.jpg,Chaetodontidae,no,exists,82417
Hemitaurichthys zoster,78155,78155AF.jpg,Hemitaurichthys_zoster_FishPix_78155.jpg,https://fishpix.kahaku.go.jp/photos/NR0078/78155AF.jpg,Chaetodontidae,no,exists,50172
Chaetodon auripes,78193,78193AF.jpg,Chaetodon_auripes_FishPix_78193.jpg,https://fishpix.kahaku.go.jp/photos/NR0078/78193AF.jpg,Chaetodontidae,no,exists,159047
Chaetodon lunula,78203,78203AF.jpg,Chaetodon_lunula_FishPix_78203.jpg,https://fishpix.kahaku.go.jp/photos/NR0078/78203AF.jpg,Chaetodontidae,no,exists,159650
Chaetodon lunula,78207,78207AF.jpg,Chaetodon_lunula_FishPix_78207.jpg,https://fishpix.kahaku.go.jp/photos/NR0078/78207AF.jpg,Chaetodontidae,no,exists,92830
Heniochus acuminatus,78216,78216AF.jpg,Heniochus_acuminatus_FishPix_78216.jpg,https://fishpix.kahaku.go.jp/photos/NR0078/78216AF.jpg,Chaetodontidae,no,exists,142445
Forcipiger flavissimus,78223,78223AF.jpg,Forcipiger_flavissimus_FishPix_78223.jpg,https://fishpix.kahaku.go.jp/photos/NR0078/78223AF.jpg,Chaetodontidae,no,exists,114946
Chaetodon daedalma,78232,78232AF.jpg,Chaetodon_daedalma_FishPix_78232.jpg,https://fishpix.kahaku.go.jp/photos/NR0078/78232AF.jpg,Chaetodontidae,no,exists,190105
Chaetodon auriga,78235,78235AF.jpg,Chaetodon_auriga_FishPix_78235.jpg,https://fishpix.kahaku.go.jp/photos/NR0078/78235AF.jpg,Chaetodontidae,no,exists,86133
Heniochus monoceros,78252,78252AF.jpg,Heniochus_monoceros_FishPix_78252.jpg,https://fishpix.kahaku.go.jp/photos/NR0078/78252AF.jpg,Chaetodontidae,no,exists,230978
Chaetodon auripes,78253,78253AF.jpg,Chaetodon_auripes_FishPix_78253.jpg,https://fishpix.kahaku.go.jp/photos/NR0078/78253AF.jpg,Chaetodontidae,no,exists,222996
Chaetodon auriga,78273,78273AF.jpg,Chaetodon_auriga_FishPix_78273.jpg,https://fishpix.kahaku.go.jp/photos/NR0078/78273AF.jpg,Chaetodontidae,no,exists,147178
Forcipiger flavissimus,78279,78279AF.jpg,Forcipiger_flavissimus_FishPix_78279.jpg,https://fishpix.kahaku.go.jp/photos/NR0078/78279AF.jpg,Chaetodontidae,no,exists,94191
Chaetodon daedalma,78294,78294AF.jpg,Chaetodon_daedalma_FishPix_78294.jpg,https://fishpix.kahaku.go.jp/photos/NR0078/78294AF.jpg,Chaetodontidae,no,exists,349501
Chaetodon punctatofasciatus,78563,78563AF.jpg,Chaetodon_punctatofasciatus_FishPix_78563.jpg,https://fishpix.kahaku.go.jp/photos/NR0078/78563AF.jpg,Chaetodontidae,no,exists,49529
Chaetodon lunula,78640,78640AF.jpg,Chaetodon_lunula_FishPix_78640.jpg,https://fishpix.kahaku.go.jp/photos/NR0078/78640AF.jpg,Chaetodontidae,no,exists,40761
Chaetodon auriga,78782,78782AF.jpg,Chaetodon_auriga_FishPix_78782.jpg,https://fishpix.kahaku.go.jp/photos/NR0078/78782AF.jpg,Chaetodontidae,no,exists,79247
Chaetodon lunulatus,78791,78791AF.jpg,Chaetodon_lunulatus_FishPix_78791.jpg,https://fishpix.kahaku.go.jp/photos/NR0078/78791AF.jpg,Chaetodontidae,no,exists,93059
Chaetodon trifascialis,78792,78792AF.jpg,Chaetodon_trifascialis_FishPix_78792.jpg,https://fishpix.kahaku.go.jp/photos/NR0078/78792AF.jpg,Chaetodontidae,no,exists,121069
Heniochus chrysostomus,78805,78805AF.jpg,Heniochus_chrysostomus_FishPix_78805.jpg,https://fishpix.kahaku.go.jp/photos/NR0078/78805AF.jpg,Chaetodontidae,no,exists,89466
Chaetodon aureofasciatus,78813,78813AF.jpg,Chaetodon_aureofasciatus_FishPix_78813.jpg,https://fishpix.kahaku.go.jp/photos/NR0078/78813AF.jpg,Chaetodontidae,no,exists,50931
Chaetodon rainfordi,78816,78816AF.jpg,Chaetodon_rainfordi_FishPix_78816.jpg,https://fishpix.kahaku.go.jp/photos/NR0078/78816AF.jpg,Chaetodontidae,yes,exists,52618
Chaetodon plebeius,78837,78837AF.jpg,Chaetodon_plebeius_FishPix_78837.jpg,https://fishpix.kahaku.go.jp/photos/NR0078/78837AF.jpg,Chaetodontidae,no,exists,53805
Chaetodon unimaculatus,78867,78867AF.jpg,Chaetodon_unimaculatus_FishPix_78867.jpg,https://fishpix.kahaku.go.jp/photos/NR0078/78867AF.jpg,Chaetodontidae,no,exists,61099
Heniochus varius,78868,78868AF.jpg,Heniochus_varius_FishPix_78868.jpg,https://fishpix.kahaku.go.jp/photos/NR0078/78868AF.jpg,Chaetodontidae,no,exists,58874
Chaetodon lunulatus,78869,78869AF.jpg,Chaetodon_lunulatus_FishPix_78869.jpg,https://fishpix.kahaku.go.jp/photos/NR0078/78869AF.jpg,Chaetodontidae,no,exists,47706
Chaetodon octofasciatus,78920,78920AF.jpg,Chaetodon_octofasciatus_FishPix_78920.jpg,https://fishpix.kahaku.go.jp/photos/NR0078/78920AF.jpg,Chaetodontidae,no,exists,186670
Heniochus monoceros,78959,78959AF.jpg,Heniochus_monoceros_FishPix_78959.jpg,https://fishpix.kahaku.go.jp/photos/NR0078/78959AF.jpg,Chaetodontidae,no,exists,170605
Roa modesta,79080,79080AF.jpg,Roa_modesta_FishPix_79080.jpg,https://fishpix.kahaku.go.jp/photos/NR0079/79080AF.jpg,Chaetodontidae,no,exists,228782
Coradion altivelis,79288,79288AF.jpg,Coradion_altivelis_FishPix_79288.jpg,https://fishpix.kahaku.go.jp/photos/NR0079/79288AF.jpg,Chaetodontidae,no,exists,154238
Chaetodon lineolatus,79296,79296AF.jpg,Chaetodon_lineolatus_FishPix_79296.jpg,https://fishpix.kahaku.go.jp/photos/NR0079/79296AF.jpg,Chaetodontidae,no,exists,288741
Heniochus acuminatus,79319,79319AF.jpg,Heniochus_acuminatus_FishPix_79319.jpg,https://fishpix.kahaku.go.jp/photos/NR0079/79319AF.jpg,Chaetodontidae,no,exists,231261
Chaetodon rafflesii,79425,79425AF.jpg,Chaetodon_rafflesii_FishPix_79425.jpg,https://fishpix.kahaku.go.jp/photos/NR0079/79425AF.jpg,Chaetodontidae,no,exists,155422
Chaetodon baronessa,79426,79426AF.jpg,Chaetodon_baronessa_FishPix_79426.jpg,https://fishpix.kahaku.go.jp/photos/NR0079/79426AF.jpg,Chaetodontidae,no,exists,183901
Chaetodon kleinii,79487,79487AF.jpg,Chaetodon_kleinii_FishPix_79487.jpg,https://fishpix.kahaku.go.jp/photos/NR0079/79487AF.jpg,Chaetodontidae,no,exists,144979
Chaetodon auriga,79545,79545AF.jpg,Chaetodon_auriga_FishPix_79545.jpg,https://fishpix.kahaku.go.jp/photos/NR0079/79545AF.jpg,Chaetodontidae,no,exists,59419
Chaetodon melannotus,79550,79550AF.jpg,Chaetodon_melannotus_FishPix_79550.jpg,https://fishpix.kahaku.go.jp/photos/NR0079/79550AF.jpg,Chaetodontidae,no,exists,64970
Heniochus diphreutes,79556,79556AF.jpg,Heniochus_diphreutes_FishPix_79556.jpg,https://fishpix.kahaku.go.jp/photos/NR0079/79556AF.jpg,Chaetodontidae,no,exists,44633
Chaetodon kleinii,79560,79560AF.jpg,Chaetodon_kleinii_FishPix_79560.jpg,https://fishpix.kahaku.go.jp/photos/NR0079/79560AF.jpg,Chaetodontidae,no,exists,42092
Chaetodon vagabundus,79581,79581AF.jpg,Chaetodon_vagabundus_FishPix_79581.jpg,https://fishpix.kahaku.go.jp/photos/NR0079/79581AF.jpg,Chaetodontidae,no,exists,62175
Chaetodon lunula,79586,79586AF.jpg,Chaetodon_lunula_FishPix_79586.jpg,https://fishpix.kahaku.go.jp/photos/NR0079/79586AF.jpg,Chaetodontidae,no,exists,58860
Chaetodon guentheri,79593,79593AF.jpg,Chaetodon_guentheri_FishPix_79593.jpg,https://fishpix.kahaku.go.jp/photos/NR0079/79593AF.jpg,Chaetodontidae,no,exists,85463
Chaetodon guentheri,79596,79596AF.jpg,Chaetodon_guentheri_FishPix_79596.jpg,https://fishpix.kahaku.go.jp/photos/NR0079/79596AF.jpg,Chaetodontidae,no,exists,57500
Chaetodon auripes,79597,79597AF.jpg,Chaetodon_auripes_FishPix_79597.jpg,https://fishpix.kahaku.go.jp/photos/NR0079/79597AF.jpg,Chaetodontidae,no,exists,69155
Chaetodon melannotus,79619,79619AF.jpg,Chaetodon_melannotus_FishPix_79619.jpg,https://fishpix.kahaku.go.jp/photos/NR0079/79619AF.jpg,Chaetodontidae,no,exists,72452
Heniochus diphreutes,79622,79622AF.jpg,Heniochus_diphreutes_FishPix_79622.jpg,https://fishpix.kahaku.go.jp/photos/NR0079/79622AF.jpg,Chaetodontidae,no,exists,50771
Chaetodon auripes,79625,79625AF.jpg,Chaetodon_auripes_FishPix_79625.jpg,https://fishpix.kahaku.go.jp/photos/NR0079/79625AF.jpg,Chaetodontidae,no,exists,76792
Roa haraguchiae,79633,79633AF.jpg,Roa_haraguchiae_FishPix_79633.jpg,https://fishpix.kahaku.go.jp/photos/NR0079/79633AF.jpg,Chaetodontidae,no,exists,80230
Chaetodon guentheri,79645,79645AF.jpg,Chaetodon_guentheri_FishPix_79645.jpg,https://fishpix.kahaku.go.jp/photos/NR0079/79645AF.jpg,Chaetodontidae,no,exists,75111
Chaetodon kleinii,80039,80039AF.jpg,Chaetodon_kleinii_FishPix_80039.jpg,https://fishpix.kahaku.go.jp/photos/NR0080/80039AF.jpg,Chaetodontidae,no,exists,50203
Chaetodon baronessa,80082,80082AF.jpg,Chaetodon_baronessa_FishPix_80082.jpg,https://fishpix.kahaku.go.jp/photos/NR0080/80082AF.jpg,Chaetodontidae,no,exists,63368
Chaetodon pelewensis,80099,80099AF.jpg,Chaetodon_pelewensis_FishPix_80099.jpg,https://fishpix.kahaku.go.jp/photos/NR0080/80099AF.jpg,Chaetodontidae,no,exists,71233
Chaetodon citrinellus,80110,80110AF.jpg,Chaetodon_citrinellus_FishPix_80110.jpg,https://fishpix.kahaku.go.jp/photos/NR0080/80110AF.jpg,Chaetodontidae,no,exists,74865
Chaetodon rafflesii,80154,80154AF.jpg,Chaetodon_rafflesii_FishPix_80154.jpg,https://fishpix.kahaku.go.jp/photos/NR0080/80154AF.jpg,Chaetodontidae,no,exists,76956
Roa modesta,80243,80243AF.jpg,Roa_modesta_FishPix_80243.jpg,https://fishpix.kahaku.go.jp/photos/NR0080/80243AF.jpg,Chaetodontidae,no,exists,38474
Heniochus singularius,80248,80248AF.jpg,Heniochus_singularius_FishPix_80248.jpg,https://fishpix.kahaku.go.jp/photos/NR0080/80248AF.jpg,Chaetodontidae,no,exists,56453
Chaetodon vagabundus,80277,80277AF.jpg,Chaetodon_vagabundus_FishPix_80277.jpg,https://fishpix.kahaku.go.jp/photos/NR0080/80277AF.jpg,Chaetodontidae,no,exists,90967
Chaetodon auriga,80278,80278AF.jpg,Chaetodon_auriga_FishPix_80278.jpg,https://fishpix.kahaku.go.jp/photos/NR0080/80278AF.jpg,Chaetodontidae,no,exists,60974
Chaetodon daedalma,80286,80286AF.jpg,Chaetodon_daedalma_FishPix_80286.jpg,https://fishpix.kahaku.go.jp/photos/NR0080/80286AF.jpg,Chaetodontidae,no,exists,53731
Heniochus singularius,8030,8030AF.jpg,Heniochus_singularius_FishPix_8030.jpg,https://fishpix.kahaku.go.jp/photos/NR0008/8030AF.jpg,Chaetodontidae,no,exists,26624
Heniochus diphreutes,8031,8031AF.jpg,Heniochus_diphreutes_FishPix_8031.jpg,https://fishpix.kahaku.go.jp/photos/NR0008/8031AF.jpg,Chaetodontidae,no,exists,21504
Heniochus diphreutes,8032,8032AF.jpg,Heniochus_diphreutes_FishPix_8032.jpg,https://fishpix.kahaku.go.jp/photos/NR0008/8032AF.jpg,Chaetodontidae,no,exists,16384
Coradion altivelis,8033,8033AF.jpg,Coradion_altivelis_FishPix_8033.jpg,https://fishpix.kahaku.go.jp/photos/NR0008/8033AF.jpg,Chaetodontidae,no,exists,22528
Roa modesta,8034,8034AF.jpg,Roa_modesta_FishPix_8034.jpg,https://fishpix.kahaku.go.jp/photos/NR0008/8034AF.jpg,Chaetodontidae,no,exists,23552
Hemitaurichthys thompsoni,80346,80346AF.jpg,Hemitaurichthys_thompsoni_FishPix_80346.jpg,https://fishpix.kahaku.go.jp/photos/NR0080/80346AF.jpg,Chaetodontidae,no,exists,54155
Chaetodon auriga,8035,8035AF.jpg,Chaetodon_auriga_FishPix_8035.jpg,https://fishpix.kahaku.go.jp/photos/NR0008/8035AF.jpg,Chaetodontidae,no,exists,18432
Chaetodon lunula,80356,80356AF.jpg,Chaetodon_lunula_FishPix_80356.jpg,https://fishpix.kahaku.go.jp/photos/NR0080/80356AF.jpg,Chaetodontidae,no,exists,57731
Chaetodon auriga,8036,8036AF.jpg,Chaetodon_auriga_FishPix_8036.jpg,https://fishpix.kahaku.go.jp/photos/NR0008/8036AF.jpg,Chaetodontidae,no,exists,14336
Chaetodon lunula,8037,8037AF.jpg,Chaetodon_lunula_FishPix_8037.jpg,https://fishpix.kahaku.go.jp/photos/NR0008/8037AF.jpg,Chaetodontidae,no,exists,17408
Chaetodon vagabundus,8038,8038AF.jpg,Chaetodon_vagabundus_FishPix_8038.jpg,https://fishpix.kahaku.go.jp/photos/NR0008/8038AF.jpg,Chaetodontidae,no,exists,33792
Chaetodon lineolatus,8039,8039AF.jpg,Chaetodon_lineolatus_FishPix_8039.jpg,https://fishpix.kahaku.go.jp/photos/NR0008/8039AF.jpg,Chaetodontidae,no,exists,24576
Chaetodon selene,8040,8040AF.jpg,Chaetodon_selene_FishPix_8040.jpg,https://fishpix.kahaku.go.jp/photos/NR0008/8040AF.jpg,Chaetodontidae,no,exists,27648
Chaetodon selene,8041,8041AF.jpg,Chaetodon_selene_FishPix_8041.jpg,https://fishpix.kahaku.go.jp/photos/NR0008/8041AF.jpg,Chaetodontidae,no,exists,21504
Chaetodon melannotus,8042,8042AF.jpg,Chaetodon_melannotus_FishPix_8042.jpg,https://fishpix.kahaku.go.jp/photos/NR0008/8042AF.jpg,Chaetodontidae,no,exists,33792
Chaetodon auripes,8043,8043AF.jpg,Chaetodon_auripes_FishPix_8043.jpg,https://fishpix.kahaku.go.jp/photos/NR0008/8043AF.jpg,Chaetodontidae,no,exists,22528
Chaetodon kleinii,8044,8044AF.jpg,Chaetodon_kleinii_FishPix_8044.jpg,https://fishpix.kahaku.go.jp/photos/NR0008/8044AF.jpg,Chaetodontidae,no,exists,23552
Chaetodon citrinellus,8045,8045AF.jpg,Chaetodon_citrinellus_FishPix_8045.jpg,https://fishpix.kahaku.go.jp/photos/NR0008/8045AF.jpg,Chaetodontidae,no,exists,29696
Chaetodon nippon,8046,8046AF.jpg,Chaetodon_nippon_FishPix_8046.jpg,https://fishpix.kahaku.go.jp/photos/NR0008/8046AF.jpg,Chaetodontidae,no,exists,18432
Chaetodon guentheri,8047,8047AF.jpg,Chaetodon_guentheri_FishPix_8047.jpg,https://fishpix.kahaku.go.jp/photos/NR0008/8047AF.jpg,Chaetodontidae,no,exists,19456
Chaetodon unimaculatus,80470,80470AF.jpg,Chaetodon_unimaculatus_FishPix_80470.jpg,https://fishpix.kahaku.go.jp/photos/NR0080/80470AF.jpg,Chaetodontidae,no,exists,49907
Chaetodon ephippium,80482,80482AF.jpg,Chaetodon_ephippium_FishPix_80482.jpg,https://fishpix.kahaku.go.jp/photos/NR0080/80482AF.jpg,Chaetodontidae,no,exists,66421
Chaetodon unimaculatus,80516,80516AF.jpg,Chaetodon_unimaculatus_FishPix_80516.jpg,https://fishpix.kahaku.go.jp/photos/NR0080/80516AF.jpg,Chaetodontidae,no,exists,52012
Coradion altivelis,80522,80522AF.jpg,Coradion_altivelis_FishPix_80522.jpg,https://fishpix.kahaku.go.jp/photos/NR0080/80522AF.jpg,Chaetodontidae,no,exists,52879
Heniochus diphreutes,80553,80553AF.jpg,Heniochus_diphreutes_FishPix_80553.jpg,https://fishpix.kahaku.go.jp/photos/NR0080/80553AF.jpg,Chaetodontidae,no,exists,55499
Chaetodon kleinii,80561,80561AF.jpg,Chaetodon_kleinii_FishPix_80561.jpg,https://fishpix.kahaku.go.jp/photos/NR0080/80561AF.jpg,Chaetodontidae,no,exists,91696
Unknown,80615,80615AF.jpg,Unknown_FishPix_80615.jpg,https://fishpix.kahaku.go.jp/photos/NR0080/80615AF.jpg,Chaetodontidae,no,exists,99043
Chaetodon lineolatus,80782,80782AF.jpg,Chaetodon_lineolatus_FishPix_80782.jpg,https://fishpix.kahaku.go.jp/photos/NR0080/80782AF.jpg,Chaetodontidae,no,exists,70968
Chaetodon speculum,80783,80783AF.jpg,Chaetodon_speculum_FishPix_80783.jpg,https://fishpix.kahaku.go.jp/photos/NR0080/80783AF.jpg,Chaetodontidae,no,exists,53095
Chelmon rostratus,80786,80786AF.jpg,Chelmon_rostratus_FishPix_80786.jpg,https://fishpix.kahaku.go.jp/photos/NR0080/80786AF.jpg,Chaetodontidae,no,exists,76471
Unknown,80834,80834AF.jpg,Unknown_FishPix_80834.jpg,https://fishpix.kahaku.go.jp/photos/NR0080/80834AF.jpg,Chaetodontidae,no,exists,60085
Chaetodon rafflesii,81444,81444AF.jpg,Chaetodon_rafflesii_FishPix_81444.jpg,https://fishpix.kahaku.go.jp/photos/NR0081/81444AF.jpg,Chaetodontidae,no,exists,71630
Chaetodon unimaculatus,81445,81445AF.jpg,Chaetodon_unimaculatus_FishPix_81445.jpg,https://fishpix.kahaku.go.jp/photos/NR0081/81445AF.jpg,Chaetodontidae,no,exists,65335
Chaetodon lunula,81446,81446AF.jpg,Chaetodon_lunula_FishPix_81446.jpg,https://fishpix.kahaku.go.jp/photos/NR0081/81446AF.jpg,Chaetodontidae,no,exists,66581
Forcipiger flavissimus,81447,81447AF.jpg,Forcipiger_flavissimus_FishPix_81447.jpg,https://fishpix.kahaku.go.jp/photos/NR0081/81447AF.jpg,Chaetodontidae,no,exists,62489
Chaetodon plebeius,81448,81448AF.jpg,Chaetodon_plebeius_FishPix_81448.jpg,https://fishpix.kahaku.go.jp/photos/NR0081/81448AF.jpg,Chaetodontidae,no,exists,66431
Chaetodon meyeri,81449,81449AF.jpg,Chaetodon_meyeri_FishPix_81449.jpg,https://fishpix.kahaku.go.jp/photos/NR0081/81449AF.jpg,Chaetodontidae,no,exists,78427
Chaetodon auripes,81450,81450AF.jpg,Chaetodon_auripes_FishPix_81450.jpg,https://fishpix.kahaku.go.jp/photos/NR0081/81450AF.jpg,Chaetodontidae,no,exists,70848
Chaetodon ornatissimus,81451,81451AF.jpg,Chaetodon_ornatissimus_FishPix_81451.jpg,https://fishpix.kahaku.go.jp/photos/NR0081/81451AF.jpg,Chaetodontidae,no,exists,62456
Chaetodon ulietensis,81452,81452AF.jpg,Chaetodon_ulietensis_FishPix_81452.jpg,https://fishpix.kahaku.go.jp/photos/NR0081/81452AF.jpg,Chaetodontidae,no,exists,61011
Chaetodon reticulatus,81453,81453AF.jpg,Chaetodon_reticulatus_FishPix_81453.jpg,https://fishpix.kahaku.go.jp/photos/NR0081/81453AF.jpg,Chaetodontidae,no,exists,71620
Chaetodon lunulatus,81454,81454AF.jpg,Chaetodon_lunulatus_FishPix_81454.jpg,https://fishpix.kahaku.go.jp/photos/NR0081/81454AF.jpg,Chaetodontidae,no,exists,67350
Chaetodon punctatofasciatus,81455,81455AF.jpg,Chaetodon_punctatofasciatus_FishPix_81455.jpg,https://fishpix.kahaku.go.jp/photos/NR0081/81455AF.jpg,Chaetodontidae,no,exists,73713
Chaetodon ephippium,81456,81456AF.jpg,Chaetodon_ephippium_FishPix_81456.jpg,https://fishpix.kahaku.go.jp/photos/NR0081/81456AF.jpg,Chaetodontidae,no,exists,68963
Hemitaurichthys polylepis,81457,81457AF.jpg,Hemitaurichthys_polylepis_FishPix_81457.jpg,https://fishpix.kahaku.go.jp/photos/NR0081/81457AF.jpg,Chaetodontidae,no,exists,72267
Heniochus acuminatus,81458,81458AF.jpg,Heniochus_acuminatus_FishPix_81458.jpg,https://fishpix.kahaku.go.jp/photos/NR0081/81458AF.jpg,Chaetodontidae,no,exists,64816
Chaetodon adiergastos,81459,81459AF.jpg,Chaetodon_adiergastos_FishPix_81459.jpg,https://fishpix.kahaku.go.jp/photos/NR0081/81459AF.jpg,Chaetodontidae,no,exists,64243
Chaetodon lineolatus,81460,81460AF.jpg,Chaetodon_lineolatus_FishPix_81460.jpg,https://fishpix.kahaku.go.jp/photos/NR0081/81460AF.jpg,Chaetodontidae,no,exists,69429
Chaetodon trifascialis,81461,81461AF.jpg,Chaetodon_trifascialis_FishPix_81461.jpg,https://fishpix.kahaku.go.jp/photos/NR0081/81461AF.jpg,Chaetodontidae,no,exists,61258
Chaetodon kleinii,81462,81462AF.jpg,Chaetodon_kleinii_FishPix_81462.jpg,https://fishpix.kahaku.go.jp/photos/NR0081/81462AF.jpg,Chaetodontidae,no,exists,66643
Chaetodon trifascialis,81463,81463AF.jpg,Chaetodon_trifascialis_FishPix_81463.jpg,https://fishpix.kahaku.go.jp/photos/NR0081/81463AF.jpg,Chaetodontidae,no,exists,67105
Chaetodon trifascialis,81464,81464AF.jpg,Chaetodon_trifascialis_FishPix_81464.jpg,https://fishpix.kahaku.go.jp/photos/NR0081/81464AF.jpg,Chaetodontidae,no,exists,66839
Heniochus monoceros,81465,81465AF.jpg,Heniochus_monoceros_FishPix_81465.jpg,https://fishpix.kahaku.go.jp/photos/NR0081/81465AF.jpg,Chaetodontidae,no,exists,68693
Chaetodon xanthurus,81466,81466AF.jpg,Chaetodon_xanthurus_FishPix_81466.jpg,https://fishpix.kahaku.go.jp/photos/NR0081/81466AF.jpg,Chaetodontidae,no,exists,66988
Chaetodon argentatus,81467,81467AF.jpg,Chaetodon_argentatus_FishPix_81467.jpg,https://fishpix.kahaku.go.jp/photos/NR0081/81467AF.jpg,Chaetodontidae,no,exists,68710
Heniochus chrysostomus,81468,81468AF.jpg,Heniochus_chrysostomus_FishPix_81468.jpg,https://fishpix.kahaku.go.jp/photos/NR0081/81468AF.jpg,Chaetodontidae,no,exists,70310
Chaetodon lunulatus,81469,81469AF.jpg,Chaetodon_lunulatus_FishPix_81469.jpg,https://fishpix.kahaku.go.jp/photos/NR0081/81469AF.jpg,Chaetodontidae,no,exists,81424
Chaetodon vagabundus,81470,81470AF.jpg,Chaetodon_vagabundus_FishPix_81470.jpg,https://fishpix.kahaku.go.jp/photos/NR0081/81470AF.jpg,Chaetodontidae,no,exists,68901
Chaetodon melannotus,81471,81471AF.jpg,Chaetodon_melannotus_FishPix_81471.jpg,https://fishpix.kahaku.go.jp/photos/NR0081/81471AF.jpg,Chaetodontidae,no,exists,67695
Chaetodon citrinellus,81472,81472AF.jpg,Chaetodon_citrinellus_FishPix_81472.jpg,https://fishpix.kahaku.go.jp/photos/NR0081/81472AF.jpg,Chaetodontidae,no,exists,74149
Chaetodon bennetti,81473,81473AF.jpg,Chaetodon_bennetti_FishPix_81473.jpg,https://fishpix.kahaku.go.jp/photos/NR0081/81473AF.jpg,Chaetodontidae,no,exists,56403
Heniochus varius,81474,81474AF.jpg,Heniochus_varius_FishPix_81474.jpg,https://fishpix.kahaku.go.jp/photos/NR0081/81474AF.jpg,Chaetodontidae,no,exists,63114
Chaetodon baronessa,81475,81475AF.jpg,Chaetodon_baronessa_FishPix_81475.jpg,https://fishpix.kahaku.go.jp/photos/NR0081/81475AF.jpg,Chaetodontidae,no,exists,68516
Heniochus singularius,81476,81476AF.jpg,Heniochus_singularius_FishPix_81476.jpg,https://fishpix.kahaku.go.jp/photos/NR0081/81476AF.jpg,Chaetodontidae,no,exists,61957
Chaetodon auriga,81477,81477AF.jpg,Chaetodon_auriga_FishPix_81477.jpg,https://fishpix.kahaku.go.jp/photos/NR0081/81477AF.jpg,Chaetodontidae,no,exists,57921
Chaetodon speculum,81478,81478AF.jpg,Chaetodon_speculum_FishPix_81478.jpg,https://fishpix.kahaku.go.jp/photos/NR0081/81478AF.jpg,Chaetodontidae,no,exists,57307
Coradion chrysozonus,81925,81925AF.jpg,Coradion_chrysozonus_FishPix_81925.jpg,https://fishpix.kahaku.go.jp/photos/NR0081/81925AF.jpg,Chaetodontidae,no,exists,83483
Coradion chrysozonus,81926,81926AF.jpg,Coradion_chrysozonus_FishPix_81926.jpg,https://fishpix.kahaku.go.jp/photos/NR0081/81926AF.jpg,Chaetodontidae,no,exists,98034
Chaetodon baronessa,82085,82085AF.jpg,Chaetodon_baronessa_FishPix_82085.jpg,https://fishpix.kahaku.go.jp/photos/NR0082/82085AF.jpg,Chaetodontidae,no,exists,72229
Heniochus monoceros,82244,82244AF.jpg,Heniochus_monoceros_FishPix_82244.jpg,https://fishpix.kahaku.go.jp/photos/NR0082/82244AF.jpg,Chaetodontidae,no,exists,48310
Chaetodon baronessa,82344,82344AF.jpg,Chaetodon_baronessa_FishPix_82344.jpg,https://fishpix.kahaku.go.jp/photos/NR0082/82344AF.jpg,Chaetodontidae,no,exists,63984
Heniochus chrysostomus,82393,82393AF.jpg,Heniochus_chrysostomus_FishPix_82393.jpg,https://fishpix.kahaku.go.jp/photos/NR0082/82393AF.jpg,Chaetodontidae,no,exists,56617
Chaetodon baronessa,82399,82399AF.jpg,Chaetodon_baronessa_FishPix_82399.jpg,https://fishpix.kahaku.go.jp/photos/NR0082/82399AF.jpg,Chaetodontidae,no,exists,58702
Chaetodon rafflesii,82435,82435AF.jpg,Chaetodon_rafflesii_FishPix_82435.jpg,https://fishpix.kahaku.go.jp/photos/NR0082/82435AF.jpg,Chaetodontidae,no,exists,76387
Chaetodon mertensii,82495,82495AF.jpg,Chaetodon_mertensii_FishPix_82495.jpg,https://fishpix.kahaku.go.jp/photos/NR0082/82495AF.jpg,Chaetodontidae,no,exists,81501
Chaetodon auriga,82746,82746AF.jpg,Chaetodon_auriga_FishPix_82746.jpg,https://fishpix.kahaku.go.jp/photos/NR0082/82746AF.jpg,Chaetodontidae,no,exists,73074
Chaetodon vagabundus,82747,82747AF.jpg,Chaetodon_vagabundus_FishPix_82747.jpg,https://fishpix.kahaku.go.jp/photos/NR0082/82747AF.jpg,Chaetodontidae,no,exists,49690
Chaetodon auripes,82748,82748AF.jpg,Chaetodon_auripes_FishPix_82748.jpg,https://fishpix.kahaku.go.jp/photos/NR0082/82748AF.jpg,Chaetodontidae,no,exists,39626
Chaetodon plebeius,82749,82749AF.jpg,Chaetodon_plebeius_FishPix_82749.jpg,https://fishpix.kahaku.go.jp/photos/NR0082/82749AF.jpg,Chaetodontidae,no,exists,38685
Chaetodon vagabundus,82785,82785AF.jpg,Chaetodon_vagabundus_FishPix_82785.jpg,https://fishpix.kahaku.go.jp/photos/NR0082/82785AF.jpg,Chaetodontidae,no,exists,68524
Chaetodon melannotus,82821,82821AF.jpg,Chaetodon_melannotus_FishPix_82821.jpg,https://fishpix.kahaku.go.jp/photos/NR0082/82821AF.jpg,Chaetodontidae,no,exists,63763
Heniochus diphreutes,82912,82912AF.jpg,Heniochus_diphreutes_FishPix_82912.jpg,https://fishpix.kahaku.go.jp/photos/NR0082/82912AF.jpg,Chaetodontidae,no,exists,26269
Chaetodon auripes,82913,82913AF.jpg,Chaetodon_auripes_FishPix_82913.jpg,https://fishpix.kahaku.go.jp/photos/NR0082/82913AF.jpg,Chaetodontidae,no,exists,96225
Chaetodon kleinii,82914,82914AF.jpg,Chaetodon_kleinii_FishPix_82914.jpg,https://fishpix.kahaku.go.jp/photos/NR0082/82914AF.jpg,Chaetodontidae,no,exists,41528
Chaetodon nippon,82915,82915AF.jpg,Chaetodon_nippon_FishPix_82915.jpg,https://fishpix.kahaku.go.jp/photos/NR0082/82915AF.jpg,Chaetodontidae,no,exists,46918
Chaetodon vagabundus,83073,83073AF.jpg,Chaetodon_vagabundus_FishPix_83073.jpg,https://fishpix.kahaku.go.jp/photos/NR0083/83073AF.jpg,Chaetodontidae,no,exists,63435
Chaetodon kleinii,83074,83074AF.jpg,Chaetodon_kleinii_FishPix_83074.jpg,https://fishpix.kahaku.go.jp/photos/NR0083/83074AF.jpg,Chaetodontidae,no,exists,49227
Chaetodon nippon,83075,83075AF.jpg,Chaetodon_nippon_FishPix_83075.jpg,https://fishpix.kahaku.go.jp/photos/NR0083/83075AF.jpg,Chaetodontidae,no,exists,34123
Chaetodon speculum,83171,83171AF.jpg,Chaetodon_speculum_FishPix_83171.jpg,https://fishpix.kahaku.go.jp/photos/NR0083/83171AF.jpg,Chaetodontidae,no,exists,51072
Chaetodon ephippium,83195,83195AF.jpg,Chaetodon_ephippium_FishPix_83195.jpg,https://fishpix.kahaku.go.jp/photos/NR0083/83195AF.jpg,Chaetodontidae,no,exists,40979
Heniochus diphreutes,83448,83448AF.jpg,Heniochus_diphreutes_FishPix_83448.jpg,https://fishpix.kahaku.go.jp/photos/NR0083/83448AF.jpg,Chaetodontidae,no,exists,26901
Roa modesta,83449,83449AF.jpg,Roa_modesta_FishPix_83449.jpg,https://fishpix.kahaku.go.jp/photos/NR0083/83449AF.jpg,Chaetodontidae,no,exists,57306
Chaetodon auripes,83450,83450AF.jpg,Chaetodon_auripes_FishPix_83450.jpg,https://fishpix.kahaku.go.jp/photos/NR0083/83450AF.jpg,Chaetodontidae,no,exists,52420
Chaetodon auripes,83451,83451AF.jpg,Chaetodon_auripes_FishPix_83451.jpg,https://fishpix.kahaku.go.jp/photos/NR0083/83451AF.jpg,Chaetodontidae,no,exists,40838
Chaetodon citrinellus,83452,83452AF.jpg,Chaetodon_citrinellus_FishPix_83452.jpg,https://fishpix.kahaku.go.jp/photos/NR0083/83452AF.jpg,Chaetodontidae,no,exists,47232
Chaetodon nippon,83453,83453AF.jpg,Chaetodon_nippon_FishPix_83453.jpg,https://fishpix.kahaku.go.jp/photos/NR0083/83453AF.jpg,Chaetodontidae,no,exists,42838
Chaetodon nippon,83454,83454AF.jpg,Chaetodon_nippon_FishPix_83454.jpg,https://fishpix.kahaku.go.jp/photos/NR0083/83454AF.jpg,Chaetodontidae,no,exists,27978
Chaetodon vagabundus,83763,83763AF.jpg,Chaetodon_vagabundus_FishPix_83763.jpg,https://fishpix.kahaku.go.jp/photos/NR0083/83763AF.jpg,Chaetodontidae,no,exists,43418
Chaetodon lunula,83764,83764AF.jpg,Chaetodon_lunula_FishPix_83764.jpg,https://fishpix.kahaku.go.jp/photos/NR0083/83764AF.jpg,Chaetodontidae,no,exists,73567
Chaetodon lunula,83765,83765AF.jpg,Chaetodon_lunula_FishPix_83765.jpg,https://fishpix.kahaku.go.jp/photos/NR0083/83765AF.jpg,Chaetodontidae,no,exists,68678
Chaetodon vagabundus,83766,83766AF.jpg,Chaetodon_vagabundus_FishPix_83766.jpg,https://fishpix.kahaku.go.jp/photos/NR0083/83766AF.jpg,Chaetodontidae,no,exists,68232
Chaetodon auripes,83799,83799AF.jpg,Chaetodon_auripes_FishPix_83799.jpg,https://fishpix.kahaku.go.jp/photos/NR0083/83799AF.jpg,Chaetodontidae,no,exists,58924
Chaetodon ornatissimus,83843,83843AF.jpg,Chaetodon_ornatissimus_FishPix_83843.jpg,https://fishpix.kahaku.go.jp/photos/NR0083/83843AF.jpg,Chaetodontidae,no,exists,64440
Chaetodon auripes,83857,83857AF.jpg,Chaetodon_auripes_FishPix_83857.jpg,https://fishpix.kahaku.go.jp/photos/NR0083/83857AF.jpg,Chaetodontidae,no,exists,73088
Chaetodon plebeius,83900,83900AF.jpg,Chaetodon_plebeius_FishPix_83900.jpg,https://fishpix.kahaku.go.jp/photos/NR0083/83900AF.jpg,Chaetodontidae,no,exists,52961
Chaetodon auripes,83905,83905AF.jpg,Chaetodon_auripes_FishPix_83905.jpg,https://fishpix.kahaku.go.jp/photos/NR0083/83905AF.jpg,Chaetodontidae,no,exists,73105
Chaetodon auripes,83964,83964AF.jpg,Chaetodon_auripes_FishPix_83964.jpg,https://fishpix.kahaku.go.jp/photos/NR0083/83964AF.jpg,Chaetodontidae,no,exists,40651
Chaetodon kleinii,83965,83965AF.jpg,Chaetodon_kleinii_FishPix_83965.jpg,https://fishpix.kahaku.go.jp/photos/NR0083/83965AF.jpg,Chaetodontidae,no,exists,38386
Roa modesta,83966,83966AF.jpg,Roa_modesta_FishPix_83966.jpg,https://fishpix.kahaku.go.jp/photos/NR0083/83966AF.jpg,Chaetodontidae,no,exists,44514
Coradion altivelis,83967,83967AF.jpg,Coradion_altivelis_FishPix_83967.jpg,https://fishpix.kahaku.go.jp/photos/NR0083/83967AF.jpg,Chaetodontidae,no,exists,28866
Chaetodon auriga,84054,84054AF.jpg,Chaetodon_auriga_FishPix_84054.jpg,https://fishpix.kahaku.go.jp/photos/NR0084/84054AF.jpg,Chaetodontidae,no,exists,46643
Chaetodon auriga,84055,84055AF.jpg,Chaetodon_auriga_FishPix_84055.jpg,https://fishpix.kahaku.go.jp/photos/NR0084/84055AF.jpg,Chaetodontidae,no,exists,32406
Chaetodon auriga,84056,84056AF.jpg,Chaetodon_auriga_FishPix_84056.jpg,https://fishpix.kahaku.go.jp/photos/NR0084/84056AF.jpg,Chaetodontidae,no,exists,52089
Chaetodon vagabundus,84057,84057AF.jpg,Chaetodon_vagabundus_FishPix_84057.jpg,https://fishpix.kahaku.go.jp/photos/NR0084/84057AF.jpg,Chaetodontidae,no,exists,41851
Chaetodon auripes,84058,84058AF.jpg,Chaetodon_auripes_FishPix_84058.jpg,https://fishpix.kahaku.go.jp/photos/NR0084/84058AF.jpg,Chaetodontidae,no,exists,60630
Chaetodon vagabundus,84104,84104AF.jpg,Chaetodon_vagabundus_FishPix_84104.jpg,https://fishpix.kahaku.go.jp/photos/NR0084/84104AF.jpg,Chaetodontidae,no,exists,50618
Chaetodon vagabundus,84105,84105AF.jpg,Chaetodon_vagabundus_FishPix_84105.jpg,https://fishpix.kahaku.go.jp/photos/NR0084/84105AF.jpg,Chaetodontidae,no,exists,33700
Chaetodon auripes,84107,84107AF.jpg,Chaetodon_auripes_FishPix_84107.jpg,https://fishpix.kahaku.go.jp/photos/NR0084/84107AF.jpg,Chaetodontidae,no,exists,45744
Chaetodon auriga,84108,84108AF.jpg,Chaetodon_auriga_FishPix_84108.jpg,https://fishpix.kahaku.go.jp/photos/NR0084/84108AF.jpg,Chaetodontidae,no,exists,36146
Chaetodon daedalma,84172,84172AF.jpg,Chaetodon_daedalma_FishPix_84172.jpg,https://fishpix.kahaku.go.jp/photos/NR0084/84172AF.jpg,Chaetodontidae,no,exists,143837
Hemitaurichthys polylepis,84195,84195AF.jpg,Hemitaurichthys_polylepis_FishPix_84195.jpg,https://fishpix.kahaku.go.jp/photos/NR0084/84195AF.jpg,Chaetodontidae,no,exists,78505
Chaetodon daedalma,842,842AF.jpg,Chaetodon_daedalma_FishPix_842.jpg,https://fishpix.kahaku.go.jp/photos/NR0000/842AF.jpg,Chaetodontidae,no,exists,142053
Chaetodon kleinii,84205,84205AF.jpg,Chaetodon_kleinii_FishPix_84205.jpg,https://fishpix.kahaku.go.jp/photos/NR0084/84205AF.jpg,Chaetodontidae,no,exists,96627
Chaetodon bennetti,84208,84208AF.jpg,Chaetodon_bennetti_FishPix_84208.jpg,https://fishpix.kahaku.go.jp/photos/NR0084/84208AF.jpg,Chaetodontidae,no,exists,67446
Chaetodon kleinii,84211,84211AF.jpg,Chaetodon_kleinii_FishPix_84211.jpg,https://fishpix.kahaku.go.jp/photos/NR0084/84211AF.jpg,Chaetodontidae,no,exists,89253
Chaetodon rafflesii,84214,84214AF.jpg,Chaetodon_rafflesii_FishPix_84214.jpg,https://fishpix.kahaku.go.jp/photos/NR0084/84214AF.jpg,Chaetodontidae,no,exists,95062
Heniochus varius,84216,84216AF.jpg,Heniochus_varius_FishPix_84216.jpg,https://fishpix.kahaku.go.jp/photos/NR0084/84216AF.jpg,Chaetodontidae,no,exists,109717
Heniochus chrysostomus,84270,84270AF.jpg,Heniochus_chrysostomus_FishPix_84270.jpg,https://fishpix.kahaku.go.jp/photos/NR0084/84270AF.jpg,Chaetodontidae,no,exists,67177
Chaetodon speculum,84274,84274AF.jpg,Chaetodon_speculum_FishPix_84274.jpg,https://fishpix.kahaku.go.jp/photos/NR0084/84274AF.jpg,Chaetodontidae,no,exists,114304
Chaetodon daedalma,843,843AF.jpg,Chaetodon_daedalma_FishPix_843.jpg,https://fishpix.kahaku.go.jp/photos/NR0000/843AF.jpg,Chaetodontidae,no,exists,137799
Heniochus diphreutes,8433,8433AF.jpg,Heniochus_diphreutes_FishPix_8433.jpg,https://fishpix.kahaku.go.jp/photos/NR0008/8433AF.jpg,Chaetodontidae,no,exists,17408
Chaetodon kleinii,8434,8434AF.jpg,Chaetodon_kleinii_FishPix_8434.jpg,https://fishpix.kahaku.go.jp/photos/NR0008/8434AF.jpg,Chaetodontidae,no,exists,21504
Chaetodon auriga,84448,84448AF.jpg,Chaetodon_auriga_FishPix_84448.jpg,https://fishpix.kahaku.go.jp/photos/NR0084/84448AF.jpg,Chaetodontidae,no,exists,53343
Chaetodon vagabundus,84470,84470AF.jpg,Chaetodon_vagabundus_FishPix_84470.jpg,https://fishpix.kahaku.go.jp/photos/NR0084/84470AF.jpg,Chaetodontidae,no,exists,48507
Chaetodon auripes,84483,84483AF.jpg,Chaetodon_auripes_FishPix_84483.jpg,https://fishpix.kahaku.go.jp/photos/NR0084/84483AF.jpg,Chaetodontidae,no,exists,29550
Chaetodon lunula,84499,84499AF.jpg,Chaetodon_lunula_FishPix_84499.jpg,https://fishpix.kahaku.go.jp/photos/NR0084/84499AF.jpg,Chaetodontidae,no,exists,32605
Chaetodon speculum,84788,84788AF.jpg,Chaetodon_speculum_FishPix_84788.jpg,https://fishpix.kahaku.go.jp/photos/NR0084/84788AF.jpg,Chaetodontidae,no,exists,61791
Chaetodon lunulatus,84835,84835AF.jpg,Chaetodon_lunulatus_FishPix_84835.jpg,https://fishpix.kahaku.go.jp/photos/NR0084/84835AF.jpg,Chaetodontidae,no,exists,104628
Chaetodon lineolatus,84836,84836AF.jpg,Chaetodon_lineolatus_FishPix_84836.jpg,https://fishpix.kahaku.go.jp/photos/NR0084/84836AF.jpg,Chaetodontidae,no,exists,92911
Chaetodon ulietensis,84837,84837AF.jpg,Chaetodon_ulietensis_FishPix_84837.jpg,https://fishpix.kahaku.go.jp/photos/NR0084/84837AF.jpg,Chaetodontidae,no,exists,77471
Chaetodon speculum,84838,84838AF.jpg,Chaetodon_speculum_FishPix_84838.jpg,https://fishpix.kahaku.go.jp/photos/NR0084/84838AF.jpg,Chaetodontidae,no,exists,43861
Chaetodon plebeius,84839,84839AF.jpg,Chaetodon_plebeius_FishPix_84839.jpg,https://fishpix.kahaku.go.jp/photos/NR0084/84839AF.jpg,Chaetodontidae,no,exists,64409
Chaetodon lunula,84921,84921AF.jpg,Chaetodon_lunula_FishPix_84921.jpg,https://fishpix.kahaku.go.jp/photos/NR0084/84921AF.jpg,Chaetodontidae,no,exists,64146
Chaetodon melannotus,84922,84922AF.jpg,Chaetodon_melannotus_FishPix_84922.jpg,https://fishpix.kahaku.go.jp/photos/NR0084/84922AF.jpg,Chaetodontidae,no,exists,65811
Chaetodon meyeri,84969,84969AF.jpg,Chaetodon_meyeri_FishPix_84969.jpg,https://fishpix.kahaku.go.jp/photos/NR0084/84969AF.jpg,Chaetodontidae,no,exists,103356
Chaetodon reticulatus,84970,84970AF.jpg,Chaetodon_reticulatus_FishPix_84970.jpg,https://fishpix.kahaku.go.jp/photos/NR0084/84970AF.jpg,Chaetodontidae,no,exists,106299
Unknown,85023,85023AF.jpg,Unknown_FishPix_85023.jpg,https://fishpix.kahaku.go.jp/photos/NR0085/85023AF.jpg,Chaetodontidae,no,exists,79315
Chaetodon semeion,85083,85083AF.jpg,Chaetodon_semeion_FishPix_85083.jpg,https://fishpix.kahaku.go.jp/photos/NR0085/85083AF.jpg,Chaetodontidae,no,exists,72994
Unknown,85084,85084AF.jpg,Unknown_FishPix_85084.jpg,https://fishpix.kahaku.go.jp/photos/NR0085/85084AF.jpg,Chaetodontidae,no,exists,71921
Chaetodon burgessi,85085,85085AF.jpg,Chaetodon_burgessi_FishPix_85085.jpg,https://fishpix.kahaku.go.jp/photos/NR0085/85085AF.jpg,Chaetodontidae,no,exists,63414
Chaetodon declivis,85086,85086AF.jpg,Chaetodon_declivis_FishPix_85086.jpg,https://fishpix.kahaku.go.jp/photos/NR0085/85086AF.jpg,Chaetodontidae,no,exists,56633
Chaetodon declivis,85087,85087AF.jpg,Chaetodon_declivis_FishPix_85087.jpg,https://fishpix.kahaku.go.jp/photos/NR0085/85087AF.jpg,Chaetodontidae,no,exists,80820
Chaetodon decussatus,85088,85088AF.jpg,Chaetodon_decussatus_FishPix_85088.jpg,https://fishpix.kahaku.go.jp/photos/NR0085/85088AF.jpg,Chaetodontidae,no,exists,50023
Unknown,85089,85089AF.jpg,Unknown_FishPix_85089.jpg,https://fishpix.kahaku.go.jp/photos/NR0085/85089AF.jpg,Chaetodontidae,no,exists,72649
Chaetodon fremblii,85090,85090AF.jpg,Chaetodon_fremblii_FishPix_85090.jpg,https://fishpix.kahaku.go.jp/photos/NR0085/85090AF.jpg,Chaetodontidae,yes,exists,58562
Chaetodon fremblii,85091,85091AF.jpg,Chaetodon_fremblii_FishPix_85091.jpg,https://fishpix.kahaku.go.jp/photos/NR0085/85091AF.jpg,Chaetodontidae,no,exists,61638
Chaetodon larvatus,85092,85092AF.jpg,Chaetodon_larvatus_FishPix_85092.jpg,https://fishpix.kahaku.go.jp/photos/NR0085/85092AF.jpg,Chaetodontidae,yes,exists,72317
Chaetodon lunula,85093,85093AF.jpg,Chaetodon_lunula_FishPix_85093.jpg,https://fishpix.kahaku.go.jp/photos/NR0085/85093AF.jpg,Chaetodontidae,no,exists,89084
Chaetodon mertensii,85094,85094AF.jpg,Chaetodon_mertensii_FishPix_85094.jpg,https://fishpix.kahaku.go.jp/photos/NR0085/85094AF.jpg,Chaetodontidae,no,exists,74338
Chaetodon miliaris,85095,85095AF.jpg,Chaetodon_miliaris_FishPix_85095.jpg,https://fishpix.kahaku.go.jp/photos/NR0085/85095AF.jpg,Chaetodontidae,no,exists,56103
Chaetodon mitratus,85096,85096AF.jpg,Chaetodon_mitratus_FishPix_85096.jpg,https://fishpix.kahaku.go.jp/photos/NR0085/85096AF.jpg,Chaetodontidae,no,exists,35950
Chaetodon mitratus,85097,85097AF.jpg,Chaetodon_mitratus_FishPix_85097.jpg,https://fishpix.kahaku.go.jp/photos/NR0085/85097AF.jpg,Chaetodontidae,yes,exists,69953
Chaetodon octofasciatus,85098,85098AF.jpg,Chaetodon_octofasciatus_FishPix_85098.jpg,https://fishpix.kahaku.go.jp/photos/NR0085/85098AF.jpg,Chaetodontidae,no,exists,86500
Chaetodon paucifasciatus,85099,85099AF.jpg,Chaetodon_paucifasciatus_FishPix_85099.jpg,https://fishpix.kahaku.go.jp/photos/NR0085/85099AF.jpg,Chaetodontidae,no,exists,74612
Chaetodon quadrimaculatus,85100,85100AF.jpg,Chaetodon_quadrimaculatus_FishPix_85100.jpg,https://fishpix.kahaku.go.jp/photos/NR0085/85100AF.jpg,Chaetodontidae,no,exists,73441
Chaetodon quadrimaculatus,85101,85101AF.jpg,Chaetodon_quadrimaculatus_FishPix_85101.jpg,https://fishpix.kahaku.go.jp/photos/NR0085/85101AF.jpg,Chaetodontidae,no,exists,83265
Chaetodon selene,85102,85102AF.jpg,Chaetodon_selene_FishPix_85102.jpg,https://fishpix.kahaku.go.jp/photos/NR0085/85102AF.jpg,Chaetodontidae,no,exists,60127
Chaetodon semeion,85103,85103AF.jpg,Chaetodon_semeion_FishPix_85103.jpg,https://fishpix.kahaku.go.jp/photos/NR0085/85103AF.jpg,Chaetodontidae,no,exists,64932
Chaetodon semeion,85104,85104AF.jpg,Chaetodon_semeion_FishPix_85104.jpg,https://fishpix.kahaku.go.jp/photos/NR0085/85104AF.jpg,Chaetodontidae,no,exists,42250
Chaetodon semeion,85105,85105AF.jpg,Chaetodon_semeion_FishPix_85105.jpg,https://fishpix.kahaku.go.jp/photos/NR0085/85105AF.jpg,Chaetodontidae,no,exists,57273
Chaetodon smithi,85106,85106AF.jpg,Chaetodon_smithi_FishPix_85106.jpg,https://fishpix.kahaku.go.jp/photos/NR0085/85106AF.jpg,Chaetodontidae,no,exists,63530
Chaetodon striatus,85107,85107AF.jpg,Chaetodon_striatus_FishPix_85107.jpg,https://fishpix.kahaku.go.jp/photos/NR0085/85107AF.jpg,Chaetodontidae,no,exists,93958
Chaetodon tinkeri,85108,85108AF.jpg,Chaetodon_tinkeri_FishPix_85108.jpg,https://fishpix.kahaku.go.jp/photos/NR0085/85108AF.jpg,Chaetodontidae,yes,exists,58300
Chaetodon unimaculatus,85109,85109AF.jpg,Chaetodon_unimaculatus_FishPix_85109.jpg,https://fishpix.kahaku.go.jp/photos/NR0085/85109AF.jpg,Chaetodontidae,no,exists,54844
Chaetodon wiebeli,85110,85110AF.jpg,Chaetodon_wiebeli_FishPix_85110.jpg,https://fishpix.kahaku.go.jp/photos/NR0085/85110AF.jpg,Chaetodontidae,no,exists,44878
Chaetodon ephippium,8514,8514AF.jpg,Chaetodon_ephippium_FishPix_8514.jpg,https://fishpix.kahaku.go.jp/photos/NR0008/8514AF.jpg,Chaetodontidae,no,exists,16384
Coradion melanopus,85148,85148AF.jpg,Coradion_melanopus_FishPix_85148.jpg,https://fishpix.kahaku.go.jp/photos/NR0085/85148AF.jpg,Chaetodontidae,no,exists,63670
Prognathodes dichrous,85183,85183AF.jpg,Prognathodes_dichrous_FishPix_85183.jpg,https://fishpix.kahaku.go.jp/photos/NR0085/85183AF.jpg,Chaetodontidae,no,exists,46838
Prognathodes guyanensis,85184,85184AF.jpg,Prognathodes_guyanensis_FishPix_85184.jpg,https://fishpix.kahaku.go.jp/photos/NR0085/85184AF.jpg,Chaetodontidae,no,exists,59618
Chaetodon flavocoronatus,85202,85202AF.jpg,Chaetodon_flavocoronatus_FishPix_85202.jpg,https://fishpix.kahaku.go.jp/photos/NR0085/85202AF.jpg,Chaetodontidae,no,exists,25978
Chaetodon flavocoronatus,85203,85203AF.jpg,Chaetodon_flavocoronatus_FishPix_85203.jpg,https://fishpix.kahaku.go.jp/photos/NR0085/85203AF.jpg,Chaetodontidae,no,exists,29758
Chaetodon baronessa,85262,85262AF.jpg,Chaetodon_baronessa_FishPix_85262.jpg,https://fishpix.kahaku.go.jp/photos/NR0085/85262AF.jpg,Chaetodontidae,no,exists,56899
Heniochus acuminatus,85293,85293AF.jpg,Heniochus_acuminatus_FishPix_85293.jpg,https://fishpix.kahaku.go.jp/photos/NR0085/85293AF.jpg,Chaetodontidae,no,exists,46774
Heniochus diphreutes,85315,85315AF.jpg,Heniochus_diphreutes_FishPix_85315.jpg,https://fishpix.kahaku.go.jp/photos/NR0085/85315AF.jpg,Chaetodontidae,no,exists,29978
Heniochus diphreutes,85541,85541AF.jpg,Heniochus_diphreutes_FishPix_85541.jpg,https://fishpix.kahaku.go.jp/photos/NR0085/85541AF.jpg,Chaetodontidae,no,exists,40501
Heniochus diphreutes,85542,85542AF.jpg,Heniochus_diphreutes_FishPix_85542.jpg,https://fishpix.kahaku.go.jp/photos/NR0085/85542AF.jpg,Chaetodontidae,no,exists,30954
Heniochus diphreutes,85549,85549AF.jpg,Heniochus_diphreutes_FishPix_85549.jpg,https://fishpix.kahaku.go.jp/photos/NR0085/85549AF.jpg,Chaetodontidae,no,exists,37347
Chaetodon auriga,85553,85553AF.jpg,Chaetodon_auriga_FishPix_85553.jpg,https://fishpix.kahaku.go.jp/photos/NR0085/85553AF.jpg,Chaetodontidae,no,exists,47018
Heniochus diphreutes,85557,85557AF.jpg,Heniochus_diphreutes_FishPix_85557.jpg,https://fishpix.kahaku.go.jp/photos/NR0085/85557AF.jpg,Chaetodontidae,no,exists,13972
Chaetodon auriga,85562,85562AF.jpg,Chaetodon_auriga_FishPix_85562.jpg,https://fishpix.kahaku.go.jp/photos/NR0085/85562AF.jpg,Chaetodontidae,no,exists,25136
Chaetodon kleinii,85570,85570AF.jpg,Chaetodon_kleinii_FishPix_85570.jpg,https://fishpix.kahaku.go.jp/photos/NR0085/85570AF.jpg,Chaetodontidae,no,exists,11951
Heniochus diphreutes,85578,85578AF.jpg,Heniochus_diphreutes_FishPix_85578.jpg,https://fishpix.kahaku.go.jp/photos/NR0085/85578AF.jpg,Chaetodontidae,no,exists,17902
Heniochus diphreutes,85586,85586AF.jpg,Heniochus_diphreutes_FishPix_85586.jpg,https://fishpix.kahaku.go.jp/photos/NR0085/85586AF.jpg,Chaetodontidae,no,exists,16675
Chaetodon kleinii,85613,85613AF.jpg,Chaetodon_kleinii_FishPix_85613.jpg,https://fishpix.kahaku.go.jp/photos/NR0085/85613AF.jpg,Chaetodontidae,no,exists,21087
Chaetodon auriga,85615,85615AF.jpg,Chaetodon_auriga_FishPix_85615.jpg,https://fishpix.kahaku.go.jp/photos/NR0085/85615AF.jpg,Chaetodontidae,no,exists,57939
Heniochus acuminatus,85627,85627AF.jpg,Heniochus_acuminatus_FishPix_85627.jpg,https://fishpix.kahaku.go.jp/photos/NR0085/85627AF.jpg,Chaetodontidae,no,exists,18660
Chaetodon lunula,85638,85638AF.jpg,Chaetodon_lunula_FishPix_85638.jpg,https://fishpix.kahaku.go.jp/photos/NR0085/85638AF.jpg,Chaetodontidae,no,exists,57175
Heniochus diphreutes,85651,85651AF.jpg,Heniochus_diphreutes_FishPix_85651.jpg,https://fishpix.kahaku.go.jp/photos/NR0085/85651AF.jpg,Chaetodontidae,no,exists,36664
Chaetodon argentatus,85673,85673AF.jpg,Chaetodon_argentatus_FishPix_85673.jpg,https://fishpix.kahaku.go.jp/photos/NR0085/85673AF.jpg,Chaetodontidae,no,exists,72344
Chaetodon speculum,85699,85699AF.jpg,Chaetodon_speculum_FishPix_85699.jpg,https://fishpix.kahaku.go.jp/photos/NR0085/85699AF.jpg,Chaetodontidae,no,exists,39061
Chaetodon speculum,85700,85700AF.jpg,Chaetodon_speculum_FishPix_85700.jpg,https://fishpix.kahaku.go.jp/photos/NR0085/85700AF.jpg,Chaetodontidae,no,exists,74127
Chaetodon kleinii,85717,85717AF.jpg,Chaetodon_kleinii_FishPix_85717.jpg,https://fishpix.kahaku.go.jp/photos/NR0085/85717AF.jpg,Chaetodontidae,no,exists,44423
Chaetodon punctatofasciatus,85730,85730AF.jpg,Chaetodon_punctatofasciatus_FishPix_85730.jpg,https://fishpix.kahaku.go.jp/photos/NR0085/85730AF.jpg,Chaetodontidae,no,exists,51519
Unknown,85771,85771AF.jpg,Unknown_FishPix_85771.jpg,https://fishpix.kahaku.go.jp/photos/NR0085/85771AF.jpg,Chaetodontidae,no,exists,35151
Chaetodon vagabundus,85772,85772AF.jpg,Chaetodon_vagabundus_FishPix_85772.jpg,https://fishpix.kahaku.go.jp/photos/NR0085/85772AF.jpg,Chaetodontidae,no,exists,39410
Heniochus varius,85859,85859AF.jpg,Heniochus_varius_FishPix_85859.jpg,https://fishpix.kahaku.go.jp/photos/NR0085/85859AF.jpg,Chaetodontidae,no,exists,72666
Chaetodon ulietensis,85918,85918AF.jpg,Chaetodon_ulietensis_FishPix_85918.jpg,https://fishpix.kahaku.go.jp/photos/NR0085/85918AF.jpg,Chaetodontidae,no,exists,108873
Coradion altivelis,85939,85939AF.jpg,Coradion_altivelis_FishPix_85939.jpg,https://fishpix.kahaku.go.jp/photos/NR0085/85939AF.jpg,Chaetodontidae,no,exists,116372
Heniochus diphreutes,8595,8595AF.jpg,Heniochus_diphreutes_FishPix_8595.jpg,https://fishpix.kahaku.go.jp/photos/NR0008/8595AF.jpg,Chaetodontidae,no,exists,22528
Heniochus diphreutes,8596,8596AF.jpg,Heniochus_diphreutes_FishPix_8596.jpg,https://fishpix.kahaku.go.jp/photos/NR0008/8596AF.jpg,Chaetodontidae,no,exists,20480
Chaetodon melannotus,85984,85984AF.jpg,Chaetodon_melannotus_FishPix_85984.jpg,https://fishpix.kahaku.go.jp/photos/NR0085/85984AF.jpg,Chaetodontidae,no,exists,86431
Heniochus varius,85986,85986AF.jpg,Heniochus_varius_FishPix_85986.jpg,https://fishpix.kahaku.go.jp/photos/NR0085/85986AF.jpg,Chaetodontidae,no,exists,55439
Heniochus chrysostomus,85987,85987AF.jpg,Heniochus_chrysostomus_FishPix_85987.jpg,https://fishpix.kahaku.go.jp/photos/NR0085/85987AF.jpg,Chaetodontidae,no,exists,60018
Heniochus varius,85998,85998AF.jpg,Heniochus_varius_FishPix_85998.jpg,https://fishpix.kahaku.go.jp/photos/NR0085/85998AF.jpg,Chaetodontidae,no,exists,73640
Chaetodon meyeri,86001,86001AF.jpg,Chaetodon_meyeri_FishPix_86001.jpg,https://fishpix.kahaku.go.jp/photos/NR0086/86001AF.jpg,Chaetodontidae,no,exists,104786
Chaetodon lunula,86013,86013AF.jpg,Chaetodon_lunula_FishPix_86013.jpg,https://fishpix.kahaku.go.jp/photos/NR0086/86013AF.jpg,Chaetodontidae,no,exists,58994
Chaetodon rafflesii,86018,86018AF.jpg,Chaetodon_rafflesii_FishPix_86018.jpg,https://fishpix.kahaku.go.jp/photos/NR0086/86018AF.jpg,Chaetodontidae,no,exists,113571
Heniochus varius,86312,86312AF.jpg,Heniochus_varius_FishPix_86312.jpg,https://fishpix.kahaku.go.jp/photos/NR0086/86312AF.jpg,Chaetodontidae,no,exists,58893
Heniochus chrysostomus,86313,86313AF.jpg,Heniochus_chrysostomus_FishPix_86313.jpg,https://fishpix.kahaku.go.jp/photos/NR0086/86313AF.jpg,Chaetodontidae,no,exists,49587
Heniochus chrysostomus,86314,86314AF.jpg,Heniochus_chrysostomus_FishPix_86314.jpg,https://fishpix.kahaku.go.jp/photos/NR0086/86314AF.jpg,Chaetodontidae,no,exists,70192
Heniochus chrysostomus,86315,86315AF.jpg,Heniochus_chrysostomus_FishPix_86315.jpg,https://fishpix.kahaku.go.jp/photos/NR0086/86315AF.jpg,Chaetodontidae,no,exists,81940
Heniochus acuminatus,86316,86316AF.jpg,Heniochus_acuminatus_FishPix_86316.jpg,https://fishpix.kahaku.go.jp/photos/NR0086/86316AF.jpg,Chaetodontidae,no,exists,33720
Heniochus acuminatus,86317,86317AF.jpg,Heniochus_acuminatus_FishPix_86317.jpg,https://fishpix.kahaku.go.jp/photos/NR0086/86317AF.jpg,Chaetodontidae,no,exists,48451
Heniochus acuminatus,86318,86318AF.jpg,Heniochus_acuminatus_FishPix_86318.jpg,https://fishpix.kahaku.go.jp/photos/NR0086/86318AF.jpg,Chaetodontidae,no,exists,72007
Heniochus diphreutes,86319,86319AF.jpg,Heniochus_diphreutes_FishPix_86319.jpg,https://fishpix.kahaku.go.jp/photos/NR0086/86319AF.jpg,Chaetodontidae,no,exists,21897
Heniochus diphreutes,86320,86320AF.jpg,Heniochus_diphreutes_FishPix_86320.jpg,https://fishpix.kahaku.go.jp/photos/NR0086/86320AF.jpg,Chaetodontidae,no,exists,32421
Heniochus acuminatus,86322,86322AF.jpg,Heniochus_acuminatus_FishPix_86322.jpg,https://fishpix.kahaku.go.jp/photos/NR0086/86322AF.jpg,Chaetodontidae,no,exists,40982
Heniochus acuminatus,86324,86324AF.jpg,Heniochus_acuminatus_FishPix_86324.jpg,https://fishpix.kahaku.go.jp/photos/NR0086/86324AF.jpg,Chaetodontidae,no,exists,37372
Forcipiger flavissimus,86325,86325AF.jpg,Forcipiger_flavissimus_FishPix_86325.jpg,https://fishpix.kahaku.go.jp/photos/NR0086/86325AF.jpg,Chaetodontidae,no,exists,46525
Forcipiger flavissimus,86326,86326AF.jpg,Forcipiger_flavissimus_FishPix_86326.jpg,https://fishpix.kahaku.go.jp/photos/NR0086/86326AF.jpg,Chaetodontidae,no,exists,54677
Forcipiger flavissimus,86327,86327AF.jpg,Forcipiger_flavissimus_FishPix_86327.jpg,https://fishpix.kahaku.go.jp/photos/NR0086/86327AF.jpg,Chaetodontidae,no,exists,97091
Forcipiger flavissimus,86328,86328AF.jpg,Forcipiger_flavissimus_FishPix_86328.jpg,https://fishpix.kahaku.go.jp/photos/NR0086/86328AF.jpg,Chaetodontidae,no,exists,62603
Forcipiger flavissimus,86329,86329AF.jpg,Forcipiger_flavissimus_FishPix_86329.jpg,https://fishpix.kahaku.go.jp/photos/NR0086/86329AF.jpg,Chaetodontidae,no,exists,38170
Forcipiger flavissimus,86330,86330AF.jpg,Forcipiger_flavissimus_FishPix_86330.jpg,https://fishpix.kahaku.go.jp/photos/NR0086/86330AF.jpg,Chaetodontidae,no,exists,50583
Hemitaurichthys polylepis,86331,86331AF.jpg,Hemitaurichthys_polylepis_FishPix_86331.jpg,https://fishpix.kahaku.go.jp/photos/NR0086/86331AF.jpg,Chaetodontidae,no,exists,35306
Hemitaurichthys polylepis,86332,86332AF.jpg,Hemitaurichthys_polylepis_FishPix_86332.jpg,https://fishpix.kahaku.go.jp/photos/NR0086/86332AF.jpg,Chaetodontidae,no,exists,30672
Coradion altivelis,86333,86333AF.jpg,Coradion_altivelis_FishPix_86333.jpg,https://fishpix.kahaku.go.jp/photos/NR0086/86333AF.jpg,Chaetodontidae,no,exists,78542
Coradion altivelis,86334,86334AF.jpg,Coradion_altivelis_FishPix_86334.jpg,https://fishpix.kahaku.go.jp/photos/NR0086/86334AF.jpg,Chaetodontidae,no,exists,43801
Coradion altivelis,86335,86335AF.jpg,Coradion_altivelis_FishPix_86335.jpg,https://fishpix.kahaku.go.jp/photos/NR0086/86335AF.jpg,Chaetodontidae,no,exists,47699
Chaetodon ephippium,86336,86336AF.jpg,Chaetodon_ephippium_FishPix_86336.jpg,https://fishpix.kahaku.go.jp/photos/NR0086/86336AF.jpg,Chaetodontidae,no,exists,45898
Chaetodon plebeius,86337,86337AF.jpg,Chaetodon_plebeius_FishPix_86337.jpg,https://fishpix.kahaku.go.jp/photos/NR0086/86337AF.jpg,Chaetodontidae,no,exists,69604
Chaetodon bennetti,86338,86338AF.jpg,Chaetodon_bennetti_FishPix_86338.jpg,https://fishpix.kahaku.go.jp/photos/NR0086/86338AF.jpg,Chaetodontidae,no,exists,42076
Chaetodon speculum,86339,86339AF.jpg,Chaetodon_speculum_FishPix_86339.jpg,https://fishpix.kahaku.go.jp/photos/NR0086/86339AF.jpg,Chaetodontidae,no,exists,71944
Chaetodon vagabundus,86340,86340AF.jpg,Chaetodon_vagabundus_FishPix_86340.jpg,https://fishpix.kahaku.go.jp/photos/NR0086/86340AF.jpg,Chaetodontidae,no,exists,85248
Chaetodon vagabundus,86341,86341AF.jpg,Chaetodon_vagabundus_FishPix_86341.jpg,https://fishpix.kahaku.go.jp/photos/NR0086/86341AF.jpg,Chaetodontidae,no,exists,74198
Chaetodon vagabundus,86342,86342AF.jpg,Chaetodon_vagabundus_FishPix_86342.jpg,https://fishpix.kahaku.go.jp/photos/NR0086/86342AF.jpg,Chaetodontidae,no,exists,66888
Chaetodon vagabundus,86343,86343AF.jpg,Chaetodon_vagabundus_FishPix_86343.jpg,https://fishpix.kahaku.go.jp/photos/NR0086/86343AF.jpg,Chaetodontidae,no,exists,77944
Chaetodon ornatissimus,86344,86344AF.jpg,Chaetodon_ornatissimus_FishPix_86344.jpg,https://fishpix.kahaku.go.jp/photos/NR0086/86344AF.jpg,Chaetodontidae,no,exists,68736
Chaetodon auripes,86345,86345AF.jpg,Chaetodon_auripes_FishPix_86345.jpg,https://fishpix.kahaku.go.jp/photos/NR0086/86345AF.jpg,Chaetodontidae,no,exists,55771
Chaetodon auripes,86347,86347AF.jpg,Chaetodon_auripes_FishPix_86347.jpg,https://fishpix.kahaku.go.jp/photos/NR0086/86347AF.jpg,Chaetodontidae,no,exists,44870
Chaetodon auripes,86348,86348AF.jpg,Chaetodon_auripes_FishPix_86348.jpg,https://fishpix.kahaku.go.jp/photos/NR0086/86348AF.jpg,Chaetodontidae,no,exists,85956
Chaetodon auripes,86349,86349AF.jpg,Chaetodon_auripes_FishPix_86349.jpg,https://fishpix.kahaku.go.jp/photos/NR0086/86349AF.jpg,Chaetodontidae,no,exists,78744
Chaetodon kleinii,86350,86350AF.jpg,Chaetodon_kleinii_FishPix_86350.jpg,https://fishpix.kahaku.go.jp/photos/NR0086/86350AF.jpg,Chaetodontidae,no,exists,71613
Chaetodon kleinii,86351,86351AF.jpg,Chaetodon_kleinii_FishPix_86351.jpg,https://fishpix.kahaku.go.jp/photos/NR0086/86351AF.jpg,Chaetodontidae,no,exists,65154
Chaetodon guentheri,86352,86352AF.jpg,Chaetodon_guentheri_FishPix_86352.jpg,https://fishpix.kahaku.go.jp/photos/NR0086/86352AF.jpg,Chaetodontidae,no,exists,80111
Chaetodon guentheri,86353,86353AF.jpg,Chaetodon_guentheri_FishPix_86353.jpg,https://fishpix.kahaku.go.jp/photos/NR0086/86353AF.jpg,Chaetodontidae,no,exists,34258
Chaetodon nippon,86354,86354AF.jpg,Chaetodon_nippon_FishPix_86354.jpg,https://fishpix.kahaku.go.jp/photos/NR0086/86354AF.jpg,Chaetodontidae,no,exists,36737
Chaetodon nippon,86355,86355AF.jpg,Chaetodon_nippon_FishPix_86355.jpg,https://fishpix.kahaku.go.jp/photos/NR0086/86355AF.jpg,Chaetodontidae,no,exists,63656
Chaetodon nippon,86356,86356AF.jpg,Chaetodon_nippon_FishPix_86356.jpg,https://fishpix.kahaku.go.jp/photos/NR0086/86356AF.jpg,Chaetodontidae,no,exists,60261
Chaetodon nippon,86357,86357AF.jpg,Chaetodon_nippon_FishPix_86357.jpg,https://fishpix.kahaku.go.jp/photos/NR0086/86357AF.jpg,Chaetodontidae,no,exists,54223
Chaetodon nippon,86358,86358AF.jpg,Chaetodon_nippon_FishPix_86358.jpg,https://fishpix.kahaku.go.jp/photos/NR0086/86358AF.jpg,Chaetodontidae,no,exists,48636
Chaetodon auripes,8666,8666AF.jpg,Chaetodon_auripes_FishPix_8666.jpg,https://fishpix.kahaku.go.jp/photos/NR0008/8666AF.jpg,Chaetodontidae,no,exists,44032
Heniochus diphreutes,8671,8671AF.jpg,Heniochus_diphreutes_FishPix_8671.jpg,https://fishpix.kahaku.go.jp/photos/NR0008/8671AF.jpg,Chaetodontidae,no,exists,32768
Chaetodon nippon,8687,8687AF.jpg,Chaetodon_nippon_FishPix_8687.jpg,https://fishpix.kahaku.go.jp/photos/NR0008/8687AF.jpg,Chaetodontidae,no,exists,25600
Heniochus diphreutes,86995,86995AF.jpg,Heniochus_diphreutes_FishPix_86995.jpg,https://fishpix.kahaku.go.jp/photos/NR0086/86995AF.jpg,Chaetodontidae,no,exists,58535
Chaetodon nippon,87024,87024AF.jpg,Chaetodon_nippon_FishPix_87024.jpg,https://fishpix.kahaku.go.jp/photos/NR0087/87024AF.jpg,Chaetodontidae,no,exists,83760
Chaetodon lunulatus,87117,87117AF.jpg,Chaetodon_lunulatus_FishPix_87117.jpg,https://fishpix.kahaku.go.jp/photos/NR0087/87117AF.jpg,Chaetodontidae,no,exists,57247
Forcipiger flavissimus,87157,87157AF.jpg,Forcipiger_flavissimus_FishPix_87157.jpg,https://fishpix.kahaku.go.jp/photos/NR0087/87157AF.jpg,Chaetodontidae,no,exists,57399
Roa modesta,8716,8716AF.jpg,Roa_modesta_FishPix_8716.jpg,https://fishpix.kahaku.go.jp/photos/NR0008/8716AF.jpg,Chaetodontidae,no,exists,29696
Heniochus varius,87197,87197AF.jpg,Heniochus_varius_FishPix_87197.jpg,https://fishpix.kahaku.go.jp/photos/NR0087/87197AF.jpg,Chaetodontidae,no,exists,59857
Chaetodon melannotus,87221,87221AF.jpg,Chaetodon_melannotus_FishPix_87221.jpg,https://fishpix.kahaku.go.jp/photos/NR0087/87221AF.jpg,Chaetodontidae,no,exists,53044
Chaetodon ornatissimus,87245,87245AF.jpg,Chaetodon_ornatissimus_FishPix_87245.jpg,https://fishpix.kahaku.go.jp/photos/NR0087/87245AF.jpg,Chaetodontidae,no,exists,65217
Chaetodon auripes,87250,87250AF.jpg,Chaetodon_auripes_FishPix_87250.jpg,https://fishpix.kahaku.go.jp/photos/NR0087/87250AF.jpg,Chaetodontidae,no,exists,47989
Chaetodon lunulatus,87281,87281AF.jpg,Chaetodon_lunulatus_FishPix_87281.jpg,https://fishpix.kahaku.go.jp/photos/NR0087/87281AF.jpg,Chaetodontidae,no,exists,56172
Chaetodon lunulatus,87317,87317AF.jpg,Chaetodon_lunulatus_FishPix_87317.jpg,https://fishpix.kahaku.go.jp/photos/NR0087/87317AF.jpg,Chaetodontidae,no,exists,73080
Chaetodon auriga,87327,87327AF.jpg,Chaetodon_auriga_FishPix_87327.jpg,https://fishpix.kahaku.go.jp/photos/NR0087/87327AF.jpg,Chaetodontidae,no,exists,57275
Chaetodon lunulatus,87346,87346AF.jpg,Chaetodon_lunulatus_FishPix_87346.jpg,https://fishpix.kahaku.go.jp/photos/NR0087/87346AF.jpg,Chaetodontidae,no,exists,56648
Chaetodon auriga,87361,87361AF.jpg,Chaetodon_auriga_FishPix_87361.jpg,https://fishpix.kahaku.go.jp/photos/NR0087/87361AF.jpg,Chaetodontidae,no,exists,61729
Heniochus chrysostomus,87362,87362AF.jpg,Heniochus_chrysostomus_FishPix_87362.jpg,https://fishpix.kahaku.go.jp/photos/NR0087/87362AF.jpg,Chaetodontidae,no,exists,66786
Chaetodon auriga,87368,87368AF.jpg,Chaetodon_auriga_FishPix_87368.jpg,https://fishpix.kahaku.go.jp/photos/NR0087/87368AF.jpg,Chaetodontidae,no,exists,44817
Chaetodon trifascialis,87423,87423AF.jpg,Chaetodon_trifascialis_FishPix_87423.jpg,https://fishpix.kahaku.go.jp/photos/NR0087/87423AF.jpg,Chaetodontidae,no,exists,50425
Chaetodon rafflesii,87425,87425AF.jpg,Chaetodon_rafflesii_FishPix_87425.jpg,https://fishpix.kahaku.go.jp/photos/NR0087/87425AF.jpg,Chaetodontidae,no,exists,52797
Chaetodon argentatus,87444,87444AF.jpg,Chaetodon_argentatus_FishPix_87444.jpg,https://fishpix.kahaku.go.jp/photos/NR0087/87444AF.jpg,Chaetodontidae,no,exists,61851
Chaetodon melannotus,87503,87503AF.jpg,Chaetodon_melannotus_FishPix_87503.jpg,https://fishpix.kahaku.go.jp/photos/NR0087/87503AF.jpg,Chaetodontidae,no,exists,39904
Chaetodon oxycephalus,87504,87504AF.jpg,Chaetodon_oxycephalus_FishPix_87504.jpg,https://fishpix.kahaku.go.jp/photos/NR0087/87504AF.jpg,Chaetodontidae,no,exists,40051
Chaetodon lunula,87506,87506AF.jpg,Chaetodon_lunula_FishPix_87506.jpg,https://fishpix.kahaku.go.jp/photos/NR0087/87506AF.jpg,Chaetodontidae,no,exists,37041
Chaetodon ephippium,87512,87512AF.jpg,Chaetodon_ephippium_FishPix_87512.jpg,https://fishpix.kahaku.go.jp/photos/NR0087/87512AF.jpg,Chaetodontidae,no,exists,54196
Chaetodon unimaculatus,87517,87517AF.jpg,Chaetodon_unimaculatus_FishPix_87517.jpg,https://fishpix.kahaku.go.jp/photos/NR0087/87517AF.jpg,Chaetodontidae,no,exists,45516
Coradion altivelis,8762,8762AF.jpg,Coradion_altivelis_FishPix_8762.jpg,https://fishpix.kahaku.go.jp/photos/NR0008/8762AF.jpg,Chaetodontidae,no,exists,15360
Chaetodon lineolatus,87785,87785AF.jpg,Chaetodon_lineolatus_FishPix_87785.jpg,https://fishpix.kahaku.go.jp/photos/NR0087/87785AF.jpg,Chaetodontidae,no,exists,52884
Heniochus monoceros,87786,87786AF.jpg,Heniochus_monoceros_FishPix_87786.jpg,https://fishpix.kahaku.go.jp/photos/NR0087/87786AF.jpg,Chaetodontidae,no,exists,45231
Heniochus chrysostomus,87811,87811AF.jpg,Heniochus_chrysostomus_FishPix_87811.jpg,https://fishpix.kahaku.go.jp/photos/NR0087/87811AF.jpg,Chaetodontidae,no,exists,101406
Chaetodon auripes,8782,8782AF.jpg,Chaetodon_auripes_FishPix_8782.jpg,https://fishpix.kahaku.go.jp/photos/NR0008/8782AF.jpg,Chaetodontidae,no,exists,20480
Chaetodon unimaculatus,87826,87826AF.jpg,Chaetodon_unimaculatus_FishPix_87826.jpg,https://fishpix.kahaku.go.jp/photos/NR0087/87826AF.jpg,Chaetodontidae,no,exists,48847
Chaetodon ephippium,87835,87835AF.jpg,Chaetodon_ephippium_FishPix_87835.jpg,https://fishpix.kahaku.go.jp/photos/NR0087/87835AF.jpg,Chaetodontidae,no,exists,78755
Chaetodon melannotus,87842,87842AF.jpg,Chaetodon_melannotus_FishPix_87842.jpg,https://fishpix.kahaku.go.jp/photos/NR0087/87842AF.jpg,Chaetodontidae,no,exists,62858
Heniochus acuminatus,87845,87845AF.jpg,Heniochus_acuminatus_FishPix_87845.jpg,https://fishpix.kahaku.go.jp/photos/NR0087/87845AF.jpg,Chaetodontidae,no,exists,53867
Chaetodon speculum,87977,87977AF.jpg,Chaetodon_speculum_FishPix_87977.jpg,https://fishpix.kahaku.go.jp/photos/NR0087/87977AF.jpg,Chaetodontidae,no,exists,60375
Chaetodon xanthurus,88201,88201AF.jpg,Chaetodon_xanthurus_FishPix_88201.jpg,https://fishpix.kahaku.go.jp/photos/NR0088/88201AF.jpg,Chaetodontidae,no,exists,83051
Chaetodon lunula,88222,88222AF.jpg,Chaetodon_lunula_FishPix_88222.jpg,https://fishpix.kahaku.go.jp/photos/NR0088/88222AF.jpg,Chaetodontidae,no,exists,47553
Chaetodon selene,8842,8842AF.jpg,Chaetodon_selene_FishPix_8842.jpg,https://fishpix.kahaku.go.jp/photos/NR0008/8842AF.jpg,Chaetodontidae,no,exists,17408
Forcipiger flavissimus,88840,88840AF.jpg,Forcipiger_flavissimus_FishPix_88840.jpg,https://fishpix.kahaku.go.jp/photos/NR0088/88840AF.jpg,Chaetodontidae,no,exists,50654
Forcipiger flavissimus,88883,88883AF.jpg,Forcipiger_flavissimus_FishPix_88883.jpg,https://fishpix.kahaku.go.jp/photos/NR0088/88883AF.jpg,Chaetodontidae,no,exists,61772
Chaetodon auripes,88904,88904AF.jpg,Chaetodon_auripes_FishPix_88904.jpg,https://fishpix.kahaku.go.jp/photos/NR0088/88904AF.jpg,Chaetodontidae,no,exists,54154
Chaetodon melannotus,88905,88905AF.jpg,Chaetodon_melannotus_FishPix_88905.jpg,https://fishpix.kahaku.go.jp/photos/NR0088/88905AF.jpg,Chaetodontidae,no,exists,51061
Chaetodon ulietensis,88971,88971AF.jpg,Chaetodon_ulietensis_FishPix_88971.jpg,https://fishpix.kahaku.go.jp/photos/NR0088/88971AF.jpg,Chaetodontidae,no,exists,78303
Chaetodon pelewensis,88986,88986AF.jpg,Chaetodon_pelewensis_FishPix_88986.jpg,https://fishpix.kahaku.go.jp/photos/NR0088/88986AF.jpg,Chaetodontidae,no,exists,79081
Chaetodon andamanensis,88987,88987AF.jpg,Chaetodon_andamanensis_FishPix_88987.jpg,https://fishpix.kahaku.go.jp/photos/NR0088/88987AF.jpg,Chaetodontidae,yes,exists,61380
Chaetodon blackburnii,88988,88988AF.jpg,Chaetodon_blackburnii_FishPix_88988.jpg,https://fishpix.kahaku.go.jp/photos/NR0088/88988AF.jpg,Chaetodontidae,no,exists,31408
Chaetodon mitratus,88989,88989AF.jpg,Chaetodon_mitratus_FishPix_88989.jpg,https://fishpix.kahaku.go.jp/photos/NR0088/88989AF.jpg,Chaetodontidae,no,exists,38772
Chaetodon octofasciatus,88990,88990AF.jpg,Chaetodon_octofasciatus_FishPix_88990.jpg,https://fishpix.kahaku.go.jp/photos/NR0088/88990AF.jpg,Chaetodontidae,no,exists,81090
Chaetodon smithi,88991,88991AF.jpg,Chaetodon_smithi_FishPix_88991.jpg,https://fishpix.kahaku.go.jp/photos/NR0088/88991AF.jpg,Chaetodontidae,no,exists,52795
Chaetodon tinkeri,88992,88992AF.jpg,Chaetodon_tinkeri_FishPix_88992.jpg,https://fishpix.kahaku.go.jp/photos/NR0088/88992AF.jpg,Chaetodontidae,no,exists,73205
Chaetodon wiebeli,88993,88993AF.jpg,Chaetodon_wiebeli_FishPix_88993.jpg,https://fishpix.kahaku.go.jp/photos/NR0088/88993AF.jpg,Chaetodontidae,no,exists,83015
Chaetodon wiebeli,88994,88994AF.jpg,Chaetodon_wiebeli_FishPix_88994.jpg,https://fishpix.kahaku.go.jp/photos/NR0088/88994AF.jpg,Chaetodontidae,no,exists,62069
Chaetodon argentatus,88995,88995AF.jpg,Chaetodon_argentatus_FishPix_88995.jpg,https://fishpix.kahaku.go.jp/photos/NR0088/88995AF.jpg,Chaetodontidae,no,exists,80612
Chaetodon austriacus,88996,88996AF.jpg,Chaetodon_austriacus_FishPix_88996.jpg,https://fishpix.kahaku.go.jp/photos/NR0088/88996AF.jpg,Chaetodontidae,no,exists,69611
Chaetodon larvatus,88997,88997AF.jpg,Chaetodon_larvatus_FishPix_88997.jpg,https://fishpix.kahaku.go.jp/photos/NR0088/88997AF.jpg,Chaetodontidae,no,exists,67146
Coradion melanopus,89041,89041AF.jpg,Coradion_melanopus_FishPix_89041.jpg,https://fishpix.kahaku.go.jp/photos/NR0089/89041AF.jpg,Chaetodontidae,no,exists,69284
Chaetodon auripes,89047,89047AF.jpg,Chaetodon_auripes_FishPix_89047.jpg,https://fishpix.kahaku.go.jp/photos/NR0089/89047AF.jpg,Chaetodontidae,no,exists,60139
Chaetodon wiebeli,89048,89048AF.jpg,Chaetodon_wiebeli_FishPix_89048.jpg,https://fishpix.kahaku.go.jp/photos/NR0089/89048AF.jpg,Chaetodontidae,no,exists,44167
Parachaetodon ocellatus,89079,89079AF.jpg,Parachaetodon_ocellatus_FishPix_89079.jpg,https://fishpix.kahaku.go.jp/photos/NR0089/89079AF.jpg,Chaetodontidae,no,exists,73992
Prognathodes dichrous,89092,89092AF.jpg,Prognathodes_dichrous_FishPix_89092.jpg,https://fishpix.kahaku.go.jp/photos/NR0089/89092AF.jpg,Chaetodontidae,yes,exists,41037
Prognathodes guyanensis,89093,89093AF.jpg,Prognathodes_guyanensis_FishPix_89093.jpg,https://fishpix.kahaku.go.jp/photos/NR0089/89093AF.jpg,Chaetodontidae,yes,exists,56003
Chaetodon kleinii,89116,89116AF.jpg,Chaetodon_kleinii_FishPix_89116.jpg,https://fishpix.kahaku.go.jp/photos/NR0089/89116AF.jpg,Chaetodontidae,no,exists,103752
Chaetodon lunula,89117,89117AF.jpg,Chaetodon_lunula_FishPix_89117.jpg,https://fishpix.kahaku.go.jp/photos/NR0089/89117AF.jpg,Chaetodontidae,no,exists,67113
Heniochus acuminatus,89118,89118AF.jpg,Heniochus_acuminatus_FishPix_89118.jpg,https://fishpix.kahaku.go.jp/photos/NR0089/89118AF.jpg,Chaetodontidae,no,exists,51509
Chaetodon xanthurus,89285,89285AF.jpg,Chaetodon_xanthurus_FishPix_89285.jpg,https://fishpix.kahaku.go.jp/photos/NR0089/89285AF.jpg,Chaetodontidae,no,exists,84191
Chaetodon quadrimaculatus,89364,89364AF.jpg,Chaetodon_quadrimaculatus_FishPix_89364.jpg,https://fishpix.kahaku.go.jp/photos/NR0089/89364AF.jpg,Chaetodontidae,no,exists,105513
Heniochus chrysostomus,8957,8957AF.jpg,Heniochus_chrysostomus_FishPix_8957.jpg,https://fishpix.kahaku.go.jp/photos/NR0008/8957AF.jpg,Chaetodontidae,no,exists,29696
Chaetodon auripes,89653,89653AF.jpg,Chaetodon_auripes_FishPix_89653.jpg,https://fishpix.kahaku.go.jp/photos/NR0089/89653AF.jpg,Chaetodontidae,no,exists,71726
Chaetodon daedalma,89654,89654AF.jpg,Chaetodon_daedalma_FishPix_89654.jpg,https://fishpix.kahaku.go.jp/photos/NR0089/89654AF.jpg,Chaetodontidae,no,exists,86276
Chaetodon nippon,89655,89655AF.jpg,Chaetodon_nippon_FishPix_89655.jpg,https://fishpix.kahaku.go.jp/photos/NR0089/89655AF.jpg,Chaetodontidae,no,exists,64956
Chaetodon speculum,89697,89697AF.jpg,Chaetodon_speculum_FishPix_89697.jpg,https://fishpix.kahaku.go.jp/photos/NR0089/89697AF.jpg,Chaetodontidae,no,exists,59283
Chaetodon wiebeli,89824,89824AF.jpg,Chaetodon_wiebeli_FishPix_89824.jpg,https://fishpix.kahaku.go.jp/photos/NR0089/89824AF.jpg,Chaetodontidae,no,exists,103448
Chaetodon wiebeli,89853,89853AF.jpg,Chaetodon_wiebeli_FishPix_89853.jpg,https://fishpix.kahaku.go.jp/photos/NR0089/89853AF.jpg,Chaetodontidae,no,exists,51321
Chaetodon quadrimaculatus,89897,89897AF.jpg,Chaetodon_quadrimaculatus_FishPix_89897.jpg,https://fishpix.kahaku.go.jp/photos/NR0089/89897AF.jpg,Chaetodontidae,no,exists,60997
Chaetodon rafflesii,90081,90081AF.jpg,Chaetodon_rafflesii_FishPix_90081.jpg,https://fishpix.kahaku.go.jp/photos/NR0090/90081AF.jpg,Chaetodontidae,no,exists,50517
Roa modesta,90260,90260AF.jpg,Roa_modesta_FishPix_90260.jpg,https://fishpix.kahaku.go.jp/photos/NR0090/90260AF.jpg,Chaetodontidae,no,exists,119406
Roa modesta,90261,90261AF.jpg,Roa_modesta_FishPix_90261.jpg,https://fishpix.kahaku.go.jp/photos/NR0090/90261AF.jpg,Chaetodontidae,no,exists,78332
Chaetodon nippon,90276,90276AF.jpg,Chaetodon_nippon_FishPix_90276.jpg,https://fishpix.kahaku.go.jp/photos/NR0090/90276AF.jpg,Chaetodontidae,no,exists,63633
Chaetodon auripes,90287,90287AF.jpg,Chaetodon_auripes_FishPix_90287.jpg,https://fishpix.kahaku.go.jp/photos/NR0090/90287AF.jpg,Chaetodontidae,no,exists,119702
Chaetodon auriga,90288,90288AF.jpg,Chaetodon_auriga_FishPix_90288.jpg,https://fishpix.kahaku.go.jp/photos/NR0090/90288AF.jpg,Chaetodontidae,no,exists,87802
Chaetodon citrinellus,9041,9041AF.jpg,Chaetodon_citrinellus_FishPix_9041.jpg,https://fishpix.kahaku.go.jp/photos/NR0009/9041AF.jpg,Chaetodontidae,no,exists,27648
Chaetodon adiergastos,90508,90508AF.jpg,Chaetodon_adiergastos_FishPix_90508.jpg,https://fishpix.kahaku.go.jp/photos/NR0090/90508AF.jpg,Chaetodontidae,no,exists,38401
Chaetodon ulietensis,90739,90739AF.jpg,Chaetodon_ulietensis_FishPix_90739.jpg,https://fishpix.kahaku.go.jp/photos/NR0090/90739AF.jpg,Chaetodontidae,no,exists,61806
Chaetodon reticulatus,90740,90740AF.jpg,Chaetodon_reticulatus_FishPix_90740.jpg,https://fishpix.kahaku.go.jp/photos/NR0090/90740AF.jpg,Chaetodontidae,no,exists,97454
Forcipiger flavissimus,90741,90741AF.jpg,Forcipiger_flavissimus_FishPix_90741.jpg,https://fishpix.kahaku.go.jp/photos/NR0090/90741AF.jpg,Chaetodontidae,no,exists,65455
Chaetodon daedalma,90828,90828AF.jpg,Chaetodon_daedalma_FishPix_90828.jpg,https://fishpix.kahaku.go.jp/photos/NR0090/90828AF.jpg,Chaetodontidae,no,exists,106896
Heniochus pleurotaenia,90966,90966AF.jpg,Heniochus_pleurotaenia_FishPix_90966.jpg,https://fishpix.kahaku.go.jp/photos/NR0090/90966AF.jpg,Chaetodontidae,no,exists,71753
Chaetodon wiebeli,91006,91006AF.jpg,Chaetodon_wiebeli_FishPix_91006.jpg,https://fishpix.kahaku.go.jp/photos/NR0091/91006AF.jpg,Chaetodontidae,no,exists,75682
Chaetodon unimaculatus,91019,91019AF.jpg,Chaetodon_unimaculatus_FishPix_91019.jpg,https://fishpix.kahaku.go.jp/photos/NR0091/91019AF.jpg,Chaetodontidae,no,exists,46591
Heniochus monoceros,91038,91038AF.jpg,Heniochus_monoceros_FishPix_91038.jpg,https://fishpix.kahaku.go.jp/photos/NR0091/91038AF.jpg,Chaetodontidae,no,exists,62791
Chaetodon lunulatus,91079,91079AF.jpg,Chaetodon_lunulatus_FishPix_91079.jpg,https://fishpix.kahaku.go.jp/photos/NR0091/91079AF.jpg,Chaetodontidae,no,exists,91054
Chaetodon melannotus,91081,91081AF.jpg,Chaetodon_melannotus_FishPix_91081.jpg,https://fishpix.kahaku.go.jp/photos/NR0091/91081AF.jpg,Chaetodontidae,no,exists,58291
Chaetodon vagabundus,91082,91082AF.jpg,Chaetodon_vagabundus_FishPix_91082.jpg,https://fishpix.kahaku.go.jp/photos/NR0091/91082AF.jpg,Chaetodontidae,no,exists,57967
Chaetodon auriga,91084,91084AF.jpg,Chaetodon_auriga_FishPix_91084.jpg,https://fishpix.kahaku.go.jp/photos/NR0091/91084AF.jpg,Chaetodontidae,no,exists,52335
Chaetodon lunula,91092,91092AF.jpg,Chaetodon_lunula_FishPix_91092.jpg,https://fishpix.kahaku.go.jp/photos/NR0091/91092AF.jpg,Chaetodontidae,no,exists,100144
Chaetodon auripes,91096,91096AF.jpg,Chaetodon_auripes_FishPix_91096.jpg,https://fishpix.kahaku.go.jp/photos/NR0091/91096AF.jpg,Chaetodontidae,no,exists,58033
Chaetodon auripes,91102,91102AF.jpg,Chaetodon_auripes_FishPix_91102.jpg,https://fishpix.kahaku.go.jp/photos/NR0091/91102AF.jpg,Chaetodontidae,no,exists,54618
Heniochus diphreutes,91107,91107AF.jpg,Heniochus_diphreutes_FishPix_91107.jpg,https://fishpix.kahaku.go.jp/photos/NR0091/91107AF.jpg,Chaetodontidae,no,exists,47259
Chaetodon vagabundus,91110,91110AF.jpg,Chaetodon_vagabundus_FishPix_91110.jpg,https://fishpix.kahaku.go.jp/photos/NR0091/91110AF.jpg,Chaetodontidae,no,exists,70169
Chaetodon auripes,91119,91119AF.jpg,Chaetodon_auripes_FishPix_91119.jpg,https://fishpix.kahaku.go.jp/photos/NR0091/91119AF.jpg,Chaetodontidae,no,exists,54912
Chaetodon vagabundus,91120,91120AF.jpg,Chaetodon_vagabundus_FishPix_91120.jpg,https://fishpix.kahaku.go.jp/photos/NR0091/91120AF.jpg,Chaetodontidae,no,exists,54916
Chaetodon lunula,91121,91121AF.jpg,Chaetodon_lunula_FishPix_91121.jpg,https://fishpix.kahaku.go.jp/photos/NR0091/91121AF.jpg,Chaetodontidae,no,exists,54588
Chaetodon auripes,91129,91129AF.jpg,Chaetodon_auripes_FishPix_91129.jpg,https://fishpix.kahaku.go.jp/photos/NR0091/91129AF.jpg,Chaetodontidae,no,exists,43877
Heniochus acuminatus,91130,91130AF.jpg,Heniochus_acuminatus_FishPix_91130.jpg,https://fishpix.kahaku.go.jp/photos/NR0091/91130AF.jpg,Chaetodontidae,no,exists,43553
Chaetodon auriga,91133,91133AF.jpg,Chaetodon_auriga_FishPix_91133.jpg,https://fishpix.kahaku.go.jp/photos/NR0091/91133AF.jpg,Chaetodontidae,no,exists,52990
Chaetodon melannotus,91134,91134AF.jpg,Chaetodon_melannotus_FishPix_91134.jpg,https://fishpix.kahaku.go.jp/photos/NR0091/91134AF.jpg,Chaetodontidae,no,exists,42766
Chaetodon lunula,91145,91145AF.jpg,Chaetodon_lunula_FishPix_91145.jpg,https://fishpix.kahaku.go.jp/photos/NR0091/91145AF.jpg,Chaetodontidae,no,exists,69426
Chaetodon auriga,91164,91164AF.jpg,Chaetodon_auriga_FishPix_91164.jpg,https://fishpix.kahaku.go.jp/photos/NR0091/91164AF.jpg,Chaetodontidae,no,exists,83623
Chaetodon ephippium,91169,91169AF.jpg,Chaetodon_ephippium_FishPix_91169.jpg,https://fishpix.kahaku.go.jp/photos/NR0091/91169AF.jpg,Chaetodontidae,no,exists,66488
Heniochus diphreutes,91179,91179AF.jpg,Heniochus_diphreutes_FishPix_91179.jpg,https://fishpix.kahaku.go.jp/photos/NR0091/91179AF.jpg,Chaetodontidae,no,exists,43661
Chaetodon lunula,91182,91182AF.jpg,Chaetodon_lunula_FishPix_91182.jpg,https://fishpix.kahaku.go.jp/photos/NR0091/91182AF.jpg,Chaetodontidae,no,exists,97757
Chaetodon melannotus,91184,91184AF.jpg,Chaetodon_melannotus_FishPix_91184.jpg,https://fishpix.kahaku.go.jp/photos/NR0091/91184AF.jpg,Chaetodontidae,no,exists,78916
Forcipiger flavissimus,91352,91352AF.jpg,Forcipiger_flavissimus_FishPix_91352.jpg,https://fishpix.kahaku.go.jp/photos/NR0091/91352AF.jpg,Chaetodontidae,no,exists,43567
Forcipiger flavissimus,91353,91353AF.jpg,Forcipiger_flavissimus_FishPix_91353.jpg,https://fishpix.kahaku.go.jp/photos/NR0091/91353AF.jpg,Chaetodontidae,no,exists,47640
Chaetodon miliaris,91363,91363AF.jpg,Chaetodon_miliaris_FishPix_91363.jpg,https://fishpix.kahaku.go.jp/photos/NR0091/91363AF.jpg,Chaetodontidae,no,exists,51444
Chaetodon multicinctus,91369,91369AF.jpg,Chaetodon_multicinctus_FishPix_91369.jpg,https://fishpix.kahaku.go.jp/photos/NR0091/91369AF.jpg,Chaetodontidae,no,exists,78294
Chaetodon fremblii,91378,91378AF.jpg,Chaetodon_fremblii_FishPix_91378.jpg,https://fishpix.kahaku.go.jp/photos/NR0091/91378AF.jpg,Chaetodontidae,no,exists,53499
Chaetodon multicinctus,91394,91394AF.jpg,Chaetodon_multicinctus_FishPix_91394.jpg,https://fishpix.kahaku.go.jp/photos/NR0091/91394AF.jpg,Chaetodontidae,no,exists,55880
Chaetodon kleinii,91401,91401AF.jpg,Chaetodon_kleinii_FishPix_91401.jpg,https://fishpix.kahaku.go.jp/photos/NR0091/91401AF.jpg,Chaetodontidae,no,exists,72558
Chaetodon lunula,91435,91435AF.jpg,Chaetodon_lunula_FishPix_91435.jpg,https://fishpix.kahaku.go.jp/photos/NR0091/91435AF.jpg,Chaetodontidae,no,exists,48293
Chaetodon multicinctus,91437,91437AF.jpg,Chaetodon_multicinctus_FishPix_91437.jpg,https://fishpix.kahaku.go.jp/photos/NR0091/91437AF.jpg,Chaetodontidae,no,exists,70426
Chaetodon kleinii,91440,91440AF.jpg,Chaetodon_kleinii_FishPix_91440.jpg,https://fishpix.kahaku.go.jp/photos/NR0091/91440AF.jpg,Chaetodontidae,no,exists,44693
Chaetodon ornatissimus,91451,91451AF.jpg,Chaetodon_ornatissimus_FishPix_91451.jpg,https://fishpix.kahaku.go.jp/photos/NR0091/91451AF.jpg,Chaetodontidae,no,exists,85921
Chaetodon multicinctus,91456,91456AF.jpg,Chaetodon_multicinctus_FishPix_91456.jpg,https://fishpix.kahaku.go.jp/photos/NR0091/91456AF.jpg,Chaetodontidae,no,exists,62703
Forcipiger flavissimus,91459,91459AF.jpg,Forcipiger_flavissimus_FishPix_91459.jpg,https://fishpix.kahaku.go.jp/photos/NR0091/91459AF.jpg,Chaetodontidae,no,exists,51543
Heniochus diphreutes,9147,9147AF.jpg,Heniochus_diphreutes_FishPix_9147.jpg,https://fishpix.kahaku.go.jp/photos/NR0009/9147AF.jpg,Chaetodontidae,no,exists,19456
Chaetodon multicinctus,91475,91475AF.jpg,Chaetodon_multicinctus_FishPix_91475.jpg,https://fishpix.kahaku.go.jp/photos/NR0091/91475AF.jpg,Chaetodontidae,no,exists,70618
Chaetodon miliaris,91476,91476AF.jpg,Chaetodon_miliaris_FishPix_91476.jpg,https://fishpix.kahaku.go.jp/photos/NR0091/91476AF.jpg,Chaetodontidae,no,exists,73241
Coradion altivelis,9150,9150AF.jpg,Coradion_altivelis_FishPix_9150.jpg,https://fishpix.kahaku.go.jp/photos/NR0009/9150AF.jpg,Chaetodontidae,no,exists,31744
Chaetodon nippon,91530,91530AF.jpg,Chaetodon_nippon_FishPix_91530.jpg,https://fishpix.kahaku.go.jp/photos/NR0091/91530AF.jpg,Chaetodontidae,no,exists,69679
Chaetodon kleinii,91588,91588AF.jpg,Chaetodon_kleinii_FishPix_91588.jpg,https://fishpix.kahaku.go.jp/photos/NR0091/91588AF.jpg,Chaetodontidae,no,exists,110685
Chaetodon kleinii,91589,91589AF.jpg,Chaetodon_kleinii_FishPix_91589.jpg,https://fishpix.kahaku.go.jp/photos/NR0091/91589AF.jpg,Chaetodontidae,no,exists,38144
Forcipiger flavissimus,91684,91684AF.jpg,Forcipiger_flavissimus_FishPix_91684.jpg,https://fishpix.kahaku.go.jp/photos/NR0091/91684AF.jpg,Chaetodontidae,no,exists,63953
Chaetodon vagabundus,91687,91687AF.jpg,Chaetodon_vagabundus_FishPix_91687.jpg,https://fishpix.kahaku.go.jp/photos/NR0091/91687AF.jpg,Chaetodontidae,no,exists,76785
Chaetodon lunula,91689,91689AF.jpg,Chaetodon_lunula_FishPix_91689.jpg,https://fishpix.kahaku.go.jp/photos/NR0091/91689AF.jpg,Chaetodontidae,no,exists,42311
Coradion altivelis,9170,9170AF.jpg,Coradion_altivelis_FishPix_9170.jpg,https://fishpix.kahaku.go.jp/photos/NR0009/9170AF.jpg,Chaetodontidae,no,exists,39936
Chaetodon bennetti,91731,91731AF.jpg,Chaetodon_bennetti_FishPix_91731.jpg,https://fishpix.kahaku.go.jp/photos/NR0091/91731AF.jpg,Chaetodontidae,no,exists,77374
Chaetodon unimaculatus,91753,91753AF.jpg,Chaetodon_unimaculatus_FishPix_91753.jpg,https://fishpix.kahaku.go.jp/photos/NR0091/91753AF.jpg,Chaetodontidae,no,exists,37441
Unknown,91853,91853AF.jpg,Unknown_FishPix_91853.jpg,https://fishpix.kahaku.go.jp/photos/NR0091/91853AF.jpg,Chaetodontidae,no,exists,39164
Chaetodon wiebeli,91854,91854AF.jpg,Chaetodon_wiebeli_FishPix_91854.jpg,https://fishpix.kahaku.go.jp/photos/NR0091/91854AF.jpg,Chaetodontidae,no,exists,65135
Chaetodon trifascialis,92507,92507AF.jpg,Chaetodon_trifascialis_FishPix_92507.jpg,https://fishpix.kahaku.go.jp/photos/NR0092/92507AF.jpg,Chaetodontidae,no,exists,80564
Unknown,92791,92791AF.jpg,Unknown_FishPix_92791.jpg,https://fishpix.kahaku.go.jp/photos/NR0092/92791AF.jpg,Chaetodontidae,no,exists,97637
Chaetodon auripes,92909,92909AF.jpg,Chaetodon_auripes_FishPix_92909.jpg,https://fishpix.kahaku.go.jp/photos/NR0092/92909AF.jpg,Chaetodontidae,no,exists,66024
Chaetodon auripes,9300,9300AF.jpg,Chaetodon_auripes_FishPix_9300.jpg,https://fishpix.kahaku.go.jp/photos/NR0009/9300AF.jpg,Chaetodontidae,no,exists,27648
Chaetodon plebeius,9301,9301AF.jpg,Chaetodon_plebeius_FishPix_9301.jpg,https://fishpix.kahaku.go.jp/photos/NR0009/9301AF.jpg,Chaetodontidae,no,exists,31744
Chaetodon lunulatus,9302,9302AF.jpg,Chaetodon_lunulatus_FishPix_9302.jpg,https://fishpix.kahaku.go.jp/photos/NR0009/9302AF.jpg,Chaetodontidae,no,exists,27648
Chaetodon vagabundus,93043,93043AF.jpg,Chaetodon_vagabundus_FishPix_93043.jpg,https://fishpix.kahaku.go.jp/photos/NR0093/93043AF.jpg,Chaetodontidae,no,exists,106140
Chaetodon ephippium,93044,93044AF.jpg,Chaetodon_ephippium_FishPix_93044.jpg,https://fishpix.kahaku.go.jp/photos/NR0093/93044AF.jpg,Chaetodontidae,no,exists,83053
Chaetodon auriga,93045,93045AF.jpg,Chaetodon_auriga_FishPix_93045.jpg,https://fishpix.kahaku.go.jp/photos/NR0093/93045AF.jpg,Chaetodontidae,no,exists,80642
Chaetodon citrinellus,93063,93063AF.jpg,Chaetodon_citrinellus_FishPix_93063.jpg,https://fishpix.kahaku.go.jp/photos/NR0093/93063AF.jpg,Chaetodontidae,no,exists,85226
Chaetodon trifascialis,93064,93064AF.jpg,Chaetodon_trifascialis_FishPix_93064.jpg,https://fishpix.kahaku.go.jp/photos/NR0093/93064AF.jpg,Chaetodontidae,no,exists,65736
Chaetodon lunulatus,93065,93065AF.jpg,Chaetodon_lunulatus_FishPix_93065.jpg,https://fishpix.kahaku.go.jp/photos/NR0093/93065AF.jpg,Chaetodontidae,no,exists,73771
Heniochus chrysostomus,93097,93097AF.jpg,Heniochus_chrysostomus_FishPix_93097.jpg,https://fishpix.kahaku.go.jp/photos/NR0093/93097AF.jpg,Chaetodontidae,no,exists,85890
Hemitaurichthys polylepis,9310,9310AF.jpg,Hemitaurichthys_polylepis_FishPix_9310.jpg,https://fishpix.kahaku.go.jp/photos/NR0009/9310AF.jpg,Chaetodontidae,no,exists,14336
Heniochus varius,9316,9316AF.jpg,Heniochus_varius_FishPix_9316.jpg,https://fishpix.kahaku.go.jp/photos/NR0009/9316AF.jpg,Chaetodontidae,no,exists,20480
Chaetodon citrinellus,93162,93162AF.jpg,Chaetodon_citrinellus_FishPix_93162.jpg,https://fishpix.kahaku.go.jp/photos/NR0093/93162AF.jpg,Chaetodontidae,no,exists,79535
Chaetodon citrinellus,93163,93163AF.jpg,Chaetodon_citrinellus_FishPix_93163.jpg,https://fishpix.kahaku.go.jp/photos/NR0093/93163AF.jpg,Chaetodontidae,no,exists,107903
Chaetodon reticulatus,93164,93164AF.jpg,Chaetodon_reticulatus_FishPix_93164.jpg,https://fishpix.kahaku.go.jp/photos/NR0093/93164AF.jpg,Chaetodontidae,no,exists,81595
Chaetodon trifascialis,93165,93165AF.jpg,Chaetodon_trifascialis_FishPix_93165.jpg,https://fishpix.kahaku.go.jp/photos/NR0093/93165AF.jpg,Chaetodontidae,no,exists,104520
Chaetodon lunulatus,93166,93166AF.jpg,Chaetodon_lunulatus_FishPix_93166.jpg,https://fishpix.kahaku.go.jp/photos/NR0093/93166AF.jpg,Chaetodontidae,no,exists,106529
Heniochus chrysostomus,93170,93170AF.jpg,Heniochus_chrysostomus_FishPix_93170.jpg,https://fishpix.kahaku.go.jp/photos/NR0093/93170AF.jpg,Chaetodontidae,no,exists,129856
Forcipiger flavissimus,9320,9320AF.jpg,Forcipiger_flavissimus_FishPix_9320.jpg,https://fishpix.kahaku.go.jp/photos/NR0009/9320AF.jpg,Chaetodontidae,no,exists,37888
Chaetodon wiebeli,93626,93626AF.jpg,Chaetodon_wiebeli_FishPix_93626.jpg,https://fishpix.kahaku.go.jp/photos/NR0093/93626AF.jpg,Chaetodontidae,no,exists,26638
Chaetodon auripes,93669,93669AF.jpg,Chaetodon_auripes_FishPix_93669.jpg,https://fishpix.kahaku.go.jp/photos/NR0093/93669AF.jpg,Chaetodontidae,no,exists,32908
Chaetodon guttatissimus,93850,93850AF.jpg,Chaetodon_guttatissimus_FishPix_93850.jpg,https://fishpix.kahaku.go.jp/photos/NR0093/93850AF.jpg,Chaetodontidae,no,exists,98725
Chaetodon meyeri,93857,93857AF.jpg,Chaetodon_meyeri_FishPix_93857.jpg,https://fishpix.kahaku.go.jp/photos/NR0093/93857AF.jpg,Chaetodontidae,no,exists,107324
Forcipiger flavissimus,93861,93861AF.jpg,Forcipiger_flavissimus_FishPix_93861.jpg,https://fishpix.kahaku.go.jp/photos/NR0093/93861AF.jpg,Chaetodontidae,no,exists,112640
Chaetodon mertensii,93869,93869AF.jpg,Chaetodon_mertensii_FishPix_93869.jpg,https://fishpix.kahaku.go.jp/photos/NR0093/93869AF.jpg,Chaetodontidae,no,exists,89499
Chaetodon trifasciatus,93870,93870AF.jpg,Chaetodon_trifasciatus_FishPix_93870.jpg,https://fishpix.kahaku.go.jp/photos/NR0093/93870AF.jpg,Chaetodontidae,no,exists,109095
Chaetodon xanthurus,93952,93952AF.jpg,Chaetodon_xanthurus_FishPix_93952.jpg,https://fishpix.kahaku.go.jp/photos/NR0093/93952AF.jpg,Chaetodontidae,no,exists,60096
Chaetodon nippon,94020,94020AF.jpg,Chaetodon_nippon_FishPix_94020.jpg,https://fishpix.kahaku.go.jp/photos/NR0094/94020AF.jpg,Chaetodontidae,no,exists,62719
Heniochus varius,9403,9403AF.jpg,Heniochus_varius_FishPix_9403.jpg,https://fishpix.kahaku.go.jp/photos/NR0009/9403AF.jpg,Chaetodontidae,no,exists,24576
Roa haraguchiae,94030,94030AF.jpg,Roa_haraguchiae_FishPix_94030.jpg,https://fishpix.kahaku.go.jp/photos/NR0094/94030AF.jpg,Chaetodontidae,no,exists,49072
Roa haraguchiae,94031,94031AF.jpg,Roa_haraguchiae_FishPix_94031.jpg,https://fishpix.kahaku.go.jp/photos/NR0094/94031AF.jpg,Chaetodontidae,no,exists,32728
Roa haraguchiae,94032,94032AF.jpg,Roa_haraguchiae_FishPix_94032.jpg,https://fishpix.kahaku.go.jp/photos/NR0094/94032AF.jpg,Chaetodontidae,no,exists,57340
Roa haraguchiae,94033,94033AF.jpg,Roa_haraguchiae_FishPix_94033.jpg,https://fishpix.kahaku.go.jp/photos/NR0094/94033AF.jpg,Chaetodontidae,no,exists,40870
Chaetodon guentheri,94040,94040AF.jpg,Chaetodon_guentheri_FishPix_94040.jpg,https://fishpix.kahaku.go.jp/photos/NR0094/94040AF.jpg,Chaetodontidae,no,exists,56032
Roa haraguchiae,94041,94041AF.jpg,Roa_haraguchiae_FishPix_94041.jpg,https://fishpix.kahaku.go.jp/photos/NR0094/94041AF.jpg,Chaetodontidae,no,exists,60442
Roa haraguchiae,94043,94043AF.jpg,Roa_haraguchiae_FishPix_94043.jpg,https://fishpix.kahaku.go.jp/photos/NR0094/94043AF.jpg,Chaetodontidae,no,exists,37885
Unknown,94084,94084AF.jpg,Unknown_FishPix_94084.jpg,https://fishpix.kahaku.go.jp/photos/NR0094/94084AF.jpg,Chaetodontidae,no,exists,47546
Unknown,94168,94168AF.jpg,Unknown_FishPix_94168.jpg,https://fishpix.kahaku.go.jp/photos/NR0094/94168AF.jpg,Chaetodontidae,no,exists,48060
Chaetodon lineolatus,94322,94322AF.jpg,Chaetodon_lineolatus_FishPix_94322.jpg,https://fishpix.kahaku.go.jp/photos/NR0094/94322AF.jpg,Chaetodontidae,no,exists,82673
Chaetodon argentatus,9437,9437AF.jpg,Chaetodon_argentatus_FishPix_9437.jpg,https://fishpix.kahaku.go.jp/photos/NR0009/9437AF.jpg,Chaetodontidae,no,exists,32768
Chaetodon melannotus,9441,9441AF.jpg,Chaetodon_melannotus_FishPix_9441.jpg,https://fishpix.kahaku.go.jp/photos/NR0009/9441AF.jpg,Chaetodontidae,no,exists,41984
Unknown,94451,94451AF.jpg,Unknown_FishPix_94451.jpg,https://fishpix.kahaku.go.jp/photos/NR0094/94451AF.jpg,Chaetodontidae,no,exists,56096
Chaetodon lunulatus,9447,9447AF.jpg,Chaetodon_lunulatus_FishPix_9447.jpg,https://fishpix.kahaku.go.jp/photos/NR0009/9447AF.jpg,Chaetodontidae,no,exists,35840
Unknown,94521,94521AF.jpg,Unknown_FishPix_94521.jpg,https://fishpix.kahaku.go.jp/photos/NR0094/94521AF.jpg,Chaetodontidae,no,exists,55464
Unknown,94522,94522AF.jpg,Unknown_FishPix_94522.jpg,https://fishpix.kahaku.go.jp/photos/NR0094/94522AF.jpg,Chaetodontidae,no,exists,67685
Chaetodon ocellicaudus,94554,94554AF.jpg,Chaetodon_ocellicaudus_FishPix_94554.jpg,https://fishpix.kahaku.go.jp/photos/NR0094/94554AF.jpg,Chaetodontidae,no,exists,49002
Chaetodon citrinellus,94750,94750AF.jpg,Chaetodon_citrinellus_FishPix_94750.jpg,https://fishpix.kahaku.go.jp/photos/NR0094/94750AF.jpg,Chaetodontidae,no,exists,63973
Chaetodon melannotus,94751,94751AF.jpg,Chaetodon_melannotus_FishPix_94751.jpg,https://fishpix.kahaku.go.jp/photos/NR0094/94751AF.jpg,Chaetodontidae,no,exists,50595
Chaetodon rafflesii,94752,94752AF.jpg,Chaetodon_rafflesii_FishPix_94752.jpg,https://fishpix.kahaku.go.jp/photos/NR0094/94752AF.jpg,Chaetodontidae,no,exists,54373
Coradion altivelis,9485,9485AF.jpg,Coradion_altivelis_FishPix_9485.jpg,https://fishpix.kahaku.go.jp/photos/NR0009/9485AF.jpg,Chaetodontidae,no,exists,30720
Heniochus acuminatus,94881,94881AF.jpg,Heniochus_acuminatus_FishPix_94881.jpg,https://fishpix.kahaku.go.jp/photos/NR0094/94881AF.jpg,Chaetodontidae,no,exists,65237
Heniochus varius,94894,94894AF.jpg,Heniochus_varius_FishPix_94894.jpg,https://fishpix.kahaku.go.jp/photos/NR0094/94894AF.jpg,Chaetodontidae,no,exists,86754
Chaetodon trifascialis,94972,94972AF.jpg,Chaetodon_trifascialis_FishPix_94972.jpg,https://fishpix.kahaku.go.jp/photos/NR0094/94972AF.jpg,Chaetodontidae,no,exists,61282
Chaetodon baronessa,94994,94994AF.jpg,Chaetodon_baronessa_FishPix_94994.jpg,https://fishpix.kahaku.go.jp/photos/NR0094/94994AF.jpg,Chaetodontidae,no,exists,108668
Chaetodon vagabundus,95002,95002AF.jpg,Chaetodon_vagabundus_FishPix_95002.jpg,https://fishpix.kahaku.go.jp/photos/NR0095/95002AF.jpg,Chaetodontidae,no,exists,68773
Chaetodon vagabundus,95008,95008AF.jpg,Chaetodon_vagabundus_FishPix_95008.jpg,https://fishpix.kahaku.go.jp/photos/NR0095/95008AF.jpg,Chaetodontidae,no,exists,69332
Chaetodon bennetti,95018,95018AF.jpg,Chaetodon_bennetti_FishPix_95018.jpg,https://fishpix.kahaku.go.jp/photos/NR0095/95018AF.jpg,Chaetodontidae,no,exists,56213
Chaetodon vagabundus,95020,95020AF.jpg,Chaetodon_vagabundus_FishPix_95020.jpg,https://fishpix.kahaku.go.jp/photos/NR0095/95020AF.jpg,Chaetodontidae,no,exists,83173
Chaetodon citrinellus,95024,95024AF.jpg,Chaetodon_citrinellus_FishPix_95024.jpg,https://fishpix.kahaku.go.jp/photos/NR0095/95024AF.jpg,Chaetodontidae,no,exists,99008
Chaetodon plebeius,95051,95051AF.jpg,Chaetodon_plebeius_FishPix_95051.jpg,https://fishpix.kahaku.go.jp/photos/NR0095/95051AF.jpg,Chaetodontidae,no,exists,55314
Chaetodon vagabundus,95054,95054AF.jpg,Chaetodon_vagabundus_FishPix_95054.jpg,https://fishpix.kahaku.go.jp/photos/NR0095/95054AF.jpg,Chaetodontidae,no,exists,102807
Chaetodon melannotus,95081,95081AF.jpg,Chaetodon_melannotus_FishPix_95081.jpg,https://fishpix.kahaku.go.jp/photos/NR0095/95081AF.jpg,Chaetodontidae,no,exists,85079
Chaetodon auripes,95126,95126AF.jpg,Chaetodon_auripes_FishPix_95126.jpg,https://fishpix.kahaku.go.jp/photos/NR0095/95126AF.jpg,Chaetodontidae,no,exists,58050
Chaetodon auripes,95134,95134AF.jpg,Chaetodon_auripes_FishPix_95134.jpg,https://fishpix.kahaku.go.jp/photos/NR0095/95134AF.jpg,Chaetodontidae,no,exists,124338
Chaetodon kleinii,95191,95191AF.jpg,Chaetodon_kleinii_FishPix_95191.jpg,https://fishpix.kahaku.go.jp/photos/NR0095/95191AF.jpg,Chaetodontidae,no,exists,86309
Chaetodon speculum,95201,95201AF.jpg,Chaetodon_speculum_FishPix_95201.jpg,https://fishpix.kahaku.go.jp/photos/NR0095/95201AF.jpg,Chaetodontidae,no,exists,80763
Chaetodon lunulatus,95206,95206AF.jpg,Chaetodon_lunulatus_FishPix_95206.jpg,https://fishpix.kahaku.go.jp/photos/NR0095/95206AF.jpg,Chaetodontidae,no,exists,118056
Chaetodon ornatissimus,95212,95212AF.jpg,Chaetodon_ornatissimus_FishPix_95212.jpg,https://fishpix.kahaku.go.jp/photos/NR0095/95212AF.jpg,Chaetodontidae,no,exists,67922
Forcipiger flavissimus,95213,95213AF.jpg,Forcipiger_flavissimus_FishPix_95213.jpg,https://fishpix.kahaku.go.jp/photos/NR0095/95213AF.jpg,Chaetodontidae,no,exists,71757
Chaetodon citrinellus,95218,95218AF.jpg,Chaetodon_citrinellus_FishPix_95218.jpg,https://fishpix.kahaku.go.jp/photos/NR0095/95218AF.jpg,Chaetodontidae,no,exists,104732
Chaetodon citrinellus,95221,95221AF.jpg,Chaetodon_citrinellus_FishPix_95221.jpg,https://fishpix.kahaku.go.jp/photos/NR0095/95221AF.jpg,Chaetodontidae,no,exists,93801
Chaetodon unimaculatus,95234,95234AF.jpg,Chaetodon_unimaculatus_FishPix_95234.jpg,https://fishpix.kahaku.go.jp/photos/NR0095/95234AF.jpg,Chaetodontidae,no,exists,44442
Chaetodon unimaculatus,95238,95238AF.jpg,Chaetodon_unimaculatus_FishPix_95238.jpg,https://fishpix.kahaku.go.jp/photos/NR0095/95238AF.jpg,Chaetodontidae,no,exists,100114
Chaetodon punctatofasciatus,95276,95276AF.jpg,Chaetodon_punctatofasciatus_FishPix_95276.jpg,https://fishpix.kahaku.go.jp/photos/NR0095/95276AF.jpg,Chaetodontidae,no,exists,78805
Chaetodon punctatofasciatus,95278,95278AF.jpg,Chaetodon_punctatofasciatus_FishPix_95278.jpg,https://fishpix.kahaku.go.jp/photos/NR0095/95278AF.jpg,Chaetodontidae,no,exists,82930
Chaetodon unimaculatus,95280,95280AF.jpg,Chaetodon_unimaculatus_FishPix_95280.jpg,https://fishpix.kahaku.go.jp/photos/NR0095/95280AF.jpg,Chaetodontidae,no,exists,86719
Chaetodon baronessa,95299,95299AF.jpg,Chaetodon_baronessa_FishPix_95299.jpg,https://fishpix.kahaku.go.jp/photos/NR0095/95299AF.jpg,Chaetodontidae,no,exists,103118
Hemitaurichthys polylepis,95313,95313AF.jpg,Hemitaurichthys_polylepis_FishPix_95313.jpg,https://fishpix.kahaku.go.jp/photos/NR0095/95313AF.jpg,Chaetodontidae,no,exists,58639
Hemitaurichthys polylepis,95315,95315AF.jpg,Hemitaurichthys_polylepis_FishPix_95315.jpg,https://fishpix.kahaku.go.jp/photos/NR0095/95315AF.jpg,Chaetodontidae,no,exists,54443
Chaetodon punctatofasciatus,95317,95317AF.jpg,Chaetodon_punctatofasciatus_FishPix_95317.jpg,https://fishpix.kahaku.go.jp/photos/NR0095/95317AF.jpg,Chaetodontidae,no,exists,63310
Chaetodon lunulatus,95320,95320AF.jpg,Chaetodon_lunulatus_FishPix_95320.jpg,https://fishpix.kahaku.go.jp/photos/NR0095/95320AF.jpg,Chaetodontidae,no,exists,89662
Heniochus varius,95322,95322AF.jpg,Heniochus_varius_FishPix_95322.jpg,https://fishpix.kahaku.go.jp/photos/NR0095/95322AF.jpg,Chaetodontidae,no,exists,74349
Chaetodon lunulatus,95328,95328AF.jpg,Chaetodon_lunulatus_FishPix_95328.jpg,https://fishpix.kahaku.go.jp/photos/NR0095/95328AF.jpg,Chaetodontidae,no,exists,71391
Chaetodon reticulatus,95339,95339AF.jpg,Chaetodon_reticulatus_FishPix_95339.jpg,https://fishpix.kahaku.go.jp/photos/NR0095/95339AF.jpg,Chaetodontidae,no,exists,67301
Chaetodon bennetti,95354,95354AF.jpg,Chaetodon_bennetti_FishPix_95354.jpg,https://fishpix.kahaku.go.jp/photos/NR0095/95354AF.jpg,Chaetodontidae,no,exists,59329
Chaetodon vagabundus,95359,95359AF.jpg,Chaetodon_vagabundus_FishPix_95359.jpg,https://fishpix.kahaku.go.jp/photos/NR0095/95359AF.jpg,Chaetodontidae,no,exists,84468
Heniochus acuminatus,95368,95368AF.jpg,Heniochus_acuminatus_FishPix_95368.jpg,https://fishpix.kahaku.go.jp/photos/NR0095/95368AF.jpg,Chaetodontidae,no,exists,80203
Chaetodon auripes,95369,95369AF.jpg,Chaetodon_auripes_FishPix_95369.jpg,https://fishpix.kahaku.go.jp/photos/NR0095/95369AF.jpg,Chaetodontidae,no,exists,87895
Chaetodon lunula,95375,95375AF.jpg,Chaetodon_lunula_FishPix_95375.jpg,https://fishpix.kahaku.go.jp/photos/NR0095/95375AF.jpg,Chaetodontidae,no,exists,89816
Chaetodon reticulatus,95408,95408AF.jpg,Chaetodon_reticulatus_FishPix_95408.jpg,https://fishpix.kahaku.go.jp/photos/NR0095/95408AF.jpg,Chaetodontidae,no,exists,91221
Chaetodon reticulatus,95411,95411AF.jpg,Chaetodon_reticulatus_FishPix_95411.jpg,https://fishpix.kahaku.go.jp/photos/NR0095/95411AF.jpg,Chaetodontidae,no,exists,89390
Chaetodon auripes,95419,95419AF.jpg,Chaetodon_auripes_FishPix_95419.jpg,https://fishpix.kahaku.go.jp/photos/NR0095/95419AF.jpg,Chaetodontidae,no,exists,95364
Chaetodon auripes,95421,95421AF.jpg,Chaetodon_auripes_FishPix_95421.jpg,https://fishpix.kahaku.go.jp/photos/NR0095/95421AF.jpg,Chaetodontidae,no,exists,97875
Chaetodon ulietensis,95426,95426AF.jpg,Chaetodon_ulietensis_FishPix_95426.jpg,https://fishpix.kahaku.go.jp/photos/NR0095/95426AF.jpg,Chaetodontidae,no,exists,75404
Chaetodon plebeius,95427,95427AF.jpg,Chaetodon_plebeius_FishPix_95427.jpg,https://fishpix.kahaku.go.jp/photos/NR0095/95427AF.jpg,Chaetodontidae,no,exists,109688
Heniochus chrysostomus,95428,95428AF.jpg,Heniochus_chrysostomus_FishPix_95428.jpg,https://fishpix.kahaku.go.jp/photos/NR0095/95428AF.jpg,Chaetodontidae,no,exists,79318
Chaetodon auriga,95429,95429AF.jpg,Chaetodon_auriga_FishPix_95429.jpg,https://fishpix.kahaku.go.jp/photos/NR0095/95429AF.jpg,Chaetodontidae,no,exists,58895
Chaetodon punctatofasciatus,95434,95434AF.jpg,Chaetodon_punctatofasciatus_FishPix_95434.jpg,https://fishpix.kahaku.go.jp/photos/NR0095/95434AF.jpg,Chaetodontidae,no,exists,113339
Chaetodon ornatissimus,95436,95436AF.jpg,Chaetodon_ornatissimus_FishPix_95436.jpg,https://fishpix.kahaku.go.jp/photos/NR0095/95436AF.jpg,Chaetodontidae,no,exists,84502
Chaetodon unimaculatus,95437,95437AF.jpg,Chaetodon_unimaculatus_FishPix_95437.jpg,https://fishpix.kahaku.go.jp/photos/NR0095/95437AF.jpg,Chaetodontidae,no,exists,100003
Chaetodon speculum,95639,95639AF.jpg,Chaetodon_speculum_FishPix_95639.jpg,https://fishpix.kahaku.go.jp/photos/NR0095/95639AF.jpg,Chaetodontidae,no,exists,78833
Heniochus diphreutes,95671,95671AF.jpg,Heniochus_diphreutes_FishPix_95671.jpg,https://fishpix.kahaku.go.jp/photos/NR0095/95671AF.jpg,Chaetodontidae,no,exists,44258
Unknown,95672,95672AF.jpg,Unknown_FishPix_95672.jpg,https://fishpix.kahaku.go.jp/photos/NR0095/95672AF.jpg,Chaetodontidae,no,exists,38760
Chaetodon plebeius,9583,9583AF.jpg,Chaetodon_plebeius_FishPix_9583.jpg,https://fishpix.kahaku.go.jp/photos/NR0009/9583AF.jpg,Chaetodontidae,no,exists,25600
Heniochus chrysostomus,9592,9592AF.jpg,Heniochus_chrysostomus_FishPix_9592.jpg,https://fishpix.kahaku.go.jp/photos/NR0009/9592AF.jpg,Chaetodontidae,no,exists,34816
Chaetodon citrinellus,9593,9593AF.jpg,Chaetodon_citrinellus_FishPix_9593.jpg,https://fishpix.kahaku.go.jp/photos/NR0009/9593AF.jpg,Chaetodontidae,no,exists,33792
Chaetodon citrinellus,9595,9595AF.jpg,Chaetodon_citrinellus_FishPix_9595.jpg,https://fishpix.kahaku.go.jp/photos/NR0009/9595AF.jpg,Chaetodontidae,no,exists,40960
Unknown,95986,95986AF.jpg,Unknown_FishPix_95986.jpg,https://fishpix.kahaku.go.jp/photos/NR0095/95986AF.jpg,Chaetodontidae,no,exists,100892
Chaetodon reticulatus,9605,9605AF.jpg,Chaetodon_reticulatus_FishPix_9605.jpg,https://fishpix.kahaku.go.jp/photos/NR0009/9605AF.jpg,Chaetodontidae,no,exists,20480
Chaetodon reticulatus,9606,9606AF.jpg,Chaetodon_reticulatus_FishPix_9606.jpg,https://fishpix.kahaku.go.jp/photos/NR0009/9606AF.jpg,Chaetodontidae,no,exists,33792
Chaetodon plebeius,96144,96144AF.jpg,Chaetodon_plebeius_FishPix_96144.jpg,https://fishpix.kahaku.go.jp/photos/NR0096/96144AF.jpg,Chaetodontidae,no,exists,53874
Heniochus acuminatus,96162,96162AF.jpg,Heniochus_acuminatus_FishPix_96162.jpg,https://fishpix.kahaku.go.jp/photos/NR0096/96162AF.jpg,Chaetodontidae,no,exists,43891
Chaetodon speculum,96167,96167AF.jpg,Chaetodon_speculum_FishPix_96167.jpg,https://fishpix.kahaku.go.jp/photos/NR0096/96167AF.jpg,Chaetodontidae,no,exists,47093
Heniochus monoceros,96171,96171AF.jpg,Heniochus_monoceros_FishPix_96171.jpg,https://fishpix.kahaku.go.jp/photos/NR0096/96171AF.jpg,Chaetodontidae,no,exists,56273
Forcipiger flavissimus,96172,96172AF.jpg,Forcipiger_flavissimus_FishPix_96172.jpg,https://fishpix.kahaku.go.jp/photos/NR0096/96172AF.jpg,Chaetodontidae,no,exists,73379
Forcipiger flavissimus,96174,96174AF.jpg,Forcipiger_flavissimus_FishPix_96174.jpg,https://fishpix.kahaku.go.jp/photos/NR0096/96174AF.jpg,Chaetodontidae,no,exists,68522
Chelmon rostratus,96319,96319AF.jpg,Chelmon_rostratus_FishPix_96319.jpg,https://fishpix.kahaku.go.jp/photos/NR0096/96319AF.jpg,Chaetodontidae,no,exists,60715
Chaetodon vagabundus,96360,96360AF.jpg,Chaetodon_vagabundus_FishPix_96360.jpg,https://fishpix.kahaku.go.jp/photos/NR0096/96360AF.jpg,Chaetodontidae,no,exists,91627
Chaetodon ephippium,96392,96392AF.jpg,Chaetodon_ephippium_FishPix_96392.jpg,https://fishpix.kahaku.go.jp/photos/NR0096/96392AF.jpg,Chaetodontidae,no,exists,122026
Chaetodon pelewensis,96488,96488AF.jpg,Chaetodon_pelewensis_FishPix_96488.jpg,https://fishpix.kahaku.go.jp/photos/NR0096/96488AF.jpg,Chaetodontidae,no,exists,91080
Hemitaurichthys polylepis,9650,9650AF.jpg,Hemitaurichthys_polylepis_FishPix_9650.jpg,https://fishpix.kahaku.go.jp/photos/NR0009/9650AF.jpg,Chaetodontidae,no,exists,16384
Chaetodon rafflesii,96509,96509AF.jpg,Chaetodon_rafflesii_FishPix_96509.jpg,https://fishpix.kahaku.go.jp/photos/NR0096/96509AF.jpg,Chaetodontidae,no,exists,118423
Chaetodon plebeius,96515,96515AF.jpg,Chaetodon_plebeius_FishPix_96515.jpg,https://fishpix.kahaku.go.jp/photos/NR0096/96515AF.jpg,Chaetodontidae,no,exists,65181
Chaetodon pelewensis,96524,96524AF.jpg,Chaetodon_pelewensis_FishPix_96524.jpg,https://fishpix.kahaku.go.jp/photos/NR0096/96524AF.jpg,Chaetodontidae,no,exists,85077
Chaetodon rafflesii,96525,96525AF.jpg,Chaetodon_rafflesii_FishPix_96525.jpg,https://fishpix.kahaku.go.jp/photos/NR0096/96525AF.jpg,Chaetodontidae,no,exists,98642
Chaetodon meyeri,9654,9654AF.jpg,Chaetodon_meyeri_FishPix_9654.jpg,https://fishpix.kahaku.go.jp/photos/NR0009/9654AF.jpg,Chaetodontidae,no,exists,29696
Chaetodon rafflesii,96584,96584AF.jpg,Chaetodon_rafflesii_FishPix_96584.jpg,https://fishpix.kahaku.go.jp/photos/NR0096/96584AF.jpg,Chaetodontidae,no,exists,100396
Chaetodon unimaculatus,96585,96585AF.jpg,Chaetodon_unimaculatus_FishPix_96585.jpg,https://fishpix.kahaku.go.jp/photos/NR0096/96585AF.jpg,Chaetodontidae,no,exists,118693
Chaetodon melannotus,96689,96689AF.jpg,Chaetodon_melannotus_FishPix_96689.jpg,https://fishpix.kahaku.go.jp/photos/NR0096/96689AF.jpg,Chaetodontidae,no,exists,64057
Chaetodon melannotus,96690,96690AF.jpg,Chaetodon_melannotus_FishPix_96690.jpg,https://fishpix.kahaku.go.jp/photos/NR0096/96690AF.jpg,Chaetodontidae,no,exists,70896
Chaetodon melannotus,96691,96691AF.jpg,Chaetodon_melannotus_FishPix_96691.jpg,https://fishpix.kahaku.go.jp/photos/NR0096/96691AF.jpg,Chaetodontidae,no,exists,72687
Chaetodon ephippium,96931,96931AF.jpg,Chaetodon_ephippium_FishPix_96931.jpg,https://fishpix.kahaku.go.jp/photos/NR0096/96931AF.jpg,Chaetodontidae,no,exists,69940
Chaetodon ephippium,96932,96932AF.jpg,Chaetodon_ephippium_FishPix_96932.jpg,https://fishpix.kahaku.go.jp/photos/NR0096/96932AF.jpg,Chaetodontidae,no,exists,67725
Chaetodon ephippium,96933,96933AF.jpg,Chaetodon_ephippium_FishPix_96933.jpg,https://fishpix.kahaku.go.jp/photos/NR0096/96933AF.jpg,Chaetodontidae,no,exists,65756
Chaetodon ephippium,96934,96934AF.jpg,Chaetodon_ephippium_FishPix_96934.jpg,https://fishpix.kahaku.go.jp/photos/NR0096/96934AF.jpg,Chaetodontidae,no,exists,50261
Chaetodon ephippium,96935,96935AF.jpg,Chaetodon_ephippium_FishPix_96935.jpg,https://fishpix.kahaku.go.jp/photos/NR0096/96935AF.jpg,Chaetodontidae,no,exists,63721
Chaetodon ephippium,96936,96936AF.jpg,Chaetodon_ephippium_FishPix_96936.jpg,https://fishpix.kahaku.go.jp/photos/NR0096/96936AF.jpg,Chaetodontidae,no,exists,83439
Chaetodon auripes,96953,96953AF.jpg,Chaetodon_auripes_FishPix_96953.jpg,https://fishpix.kahaku.go.jp/photos/NR0096/96953AF.jpg,Chaetodontidae,no,exists,120892
Chaetodon auripes,96954,96954AF.jpg,Chaetodon_auripes_FishPix_96954.jpg,https://fishpix.kahaku.go.jp/photos/NR0096/96954AF.jpg,Chaetodontidae,no,exists,64941
Chaetodon auripes,96955,96955AF.jpg,Chaetodon_auripes_FishPix_96955.jpg,https://fishpix.kahaku.go.jp/photos/NR0096/96955AF.jpg,Chaetodontidae,no,exists,72214
Chaetodon auripes,96956,96956AF.jpg,Chaetodon_auripes_FishPix_96956.jpg,https://fishpix.kahaku.go.jp/photos/NR0096/96956AF.jpg,Chaetodontidae,no,exists,56498
Chaetodon auripes,96957,96957AF.jpg,Chaetodon_auripes_FishPix_96957.jpg,https://fishpix.kahaku.go.jp/photos/NR0096/96957AF.jpg,Chaetodontidae,no,exists,88782
Chaetodon lunula,96958,96958AF.jpg,Chaetodon_lunula_FishPix_96958.jpg,https://fishpix.kahaku.go.jp/photos/NR0096/96958AF.jpg,Chaetodontidae,no,exists,57215
Chaetodon lunula,96959,96959AF.jpg,Chaetodon_lunula_FishPix_96959.jpg,https://fishpix.kahaku.go.jp/photos/NR0096/96959AF.jpg,Chaetodontidae,no,exists,58881
Chaetodon lunula,96960,96960AF.jpg,Chaetodon_lunula_FishPix_96960.jpg,https://fishpix.kahaku.go.jp/photos/NR0096/96960AF.jpg,Chaetodontidae,no,exists,87413
Chaetodon lunula,96961,96961AF.jpg,Chaetodon_lunula_FishPix_96961.jpg,https://fishpix.kahaku.go.jp/photos/NR0096/96961AF.jpg,Chaetodontidae,no,exists,83335
Chaetodon lunula,96962,96962AF.jpg,Chaetodon_lunula_FishPix_96962.jpg,https://fishpix.kahaku.go.jp/photos/NR0096/96962AF.jpg,Chaetodontidae,no,exists,55975
Chaetodon lunula,96963,96963AF.jpg,Chaetodon_lunula_FishPix_96963.jpg,https://fishpix.kahaku.go.jp/photos/NR0096/96963AF.jpg,Chaetodontidae,no,exists,54495
Chaetodon lunula,96964,96964AF.jpg,Chaetodon_lunula_FishPix_96964.jpg,https://fishpix.kahaku.go.jp/photos/NR0096/96964AF.jpg,Chaetodontidae,no,exists,60162
Chaetodon lunula,96965,96965AF.jpg,Chaetodon_lunula_FishPix_96965.jpg,https://fishpix.kahaku.go.jp/photos/NR0096/96965AF.jpg,Chaetodontidae,no,exists,84298
Chaetodon lunula,96966,96966AF.jpg,Chaetodon_lunula_FishPix_96966.jpg,https://fishpix.kahaku.go.jp/photos/NR0096/96966AF.jpg,Chaetodontidae,no,exists,82025
Chaetodon lunula,96967,96967AF.jpg,Chaetodon_lunula_FishPix_96967.jpg,https://fishpix.kahaku.go.jp/photos/NR0096/96967AF.jpg,Chaetodontidae,no,exists,80829
Chaetodon lunula,96968,96968AF.jpg,Chaetodon_lunula_FishPix_96968.jpg,https://fishpix.kahaku.go.jp/photos/NR0096/96968AF.jpg,Chaetodontidae,no,exists,106257
Chaetodon wiebeli,96969,96969AF.jpg,Chaetodon_wiebeli_FishPix_96969.jpg,https://fishpix.kahaku.go.jp/photos/NR0096/96969AF.jpg,Chaetodontidae,no,exists,65654
Chaetodon auriga,96989,96989AF.jpg,Chaetodon_auriga_FishPix_96989.jpg,https://fishpix.kahaku.go.jp/photos/NR0096/96989AF.jpg,Chaetodontidae,no,exists,55530
Chaetodon auriga,96990,96990AF.jpg,Chaetodon_auriga_FishPix_96990.jpg,https://fishpix.kahaku.go.jp/photos/NR0096/96990AF.jpg,Chaetodontidae,no,exists,52661
Chaetodon auriga,96991,96991AF.jpg,Chaetodon_auriga_FishPix_96991.jpg,https://fishpix.kahaku.go.jp/photos/NR0096/96991AF.jpg,Chaetodontidae,no,exists,51227
Chaetodon auriga,96992,96992AF.jpg,Chaetodon_auriga_FishPix_96992.jpg,https://fishpix.kahaku.go.jp/photos/NR0096/96992AF.jpg,Chaetodontidae,no,exists,69201
Chaetodon auriga,96993,96993AF.jpg,Chaetodon_auriga_FishPix_96993.jpg,https://fishpix.kahaku.go.jp/photos/NR0096/96993AF.jpg,Chaetodontidae,no,exists,52655
Chaetodon auriga,96994,96994AF.jpg,Chaetodon_auriga_FishPix_96994.jpg,https://fishpix.kahaku.go.jp/photos/NR0096/96994AF.jpg,Chaetodontidae,no,exists,54351
Chaetodon auriga,96995,96995AF.jpg,Chaetodon_auriga_FishPix_96995.jpg,https://fishpix.kahaku.go.jp/photos/NR0096/96995AF.jpg,Chaetodontidae,no,exists,83156
Chaetodon auriga,96996,96996AF.jpg,Chaetodon_auriga_FishPix_96996.jpg,https://fishpix.kahaku.go.jp/photos/NR0096/96996AF.jpg,Chaetodontidae,no,exists,61033
Chaetodon auriga,96997,96997AF.jpg,Chaetodon_auriga_FishPix_96997.jpg,https://fishpix.kahaku.go.jp/photos/NR0096/96997AF.jpg,Chaetodontidae,no,exists,58024
Chaetodon lineolatus,97038,97038AF.jpg,Chaetodon_lineolatus_FishPix_97038.jpg,https://fishpix.kahaku.go.jp/photos/NR0097/97038AF.jpg,Chaetodontidae,no,exists,62439
Heniochus acuminatus,97047,97047AF.jpg,Heniochus_acuminatus_FishPix_97047.jpg,https://fishpix.kahaku.go.jp/photos/NR0097/97047AF.jpg,Chaetodontidae,no,exists,40864
Heniochus acuminatus,97048,97048AF.jpg,Heniochus_acuminatus_FishPix_97048.jpg,https://fishpix.kahaku.go.jp/photos/NR0097/97048AF.jpg,Chaetodontidae,no,exists,47395
Heniochus acuminatus,97049,97049AF.jpg,Heniochus_acuminatus_FishPix_97049.jpg,https://fishpix.kahaku.go.jp/photos/NR0097/97049AF.jpg,Chaetodontidae,no,exists,81772
Chaetodon vagabundus,97069,97069AF.jpg,Chaetodon_vagabundus_FishPix_97069.jpg,https://fishpix.kahaku.go.jp/photos/NR0097/97069AF.jpg,Chaetodontidae,no,exists,55959
Chaetodon vagabundus,97070,97070AF.jpg,Chaetodon_vagabundus_FishPix_97070.jpg,https://fishpix.kahaku.go.jp/photos/NR0097/97070AF.jpg,Chaetodontidae,no,exists,70555
Chaetodon vagabundus,97071,97071AF.jpg,Chaetodon_vagabundus_FishPix_97071.jpg,https://fishpix.kahaku.go.jp/photos/NR0097/97071AF.jpg,Chaetodontidae,no,exists,73629
Chaetodon vagabundus,97072,97072AF.jpg,Chaetodon_vagabundus_FishPix_97072.jpg,https://fishpix.kahaku.go.jp/photos/NR0097/97072AF.jpg,Chaetodontidae,no,exists,88392
Chaetodon vagabundus,97073,97073AF.jpg,Chaetodon_vagabundus_FishPix_97073.jpg,https://fishpix.kahaku.go.jp/photos/NR0097/97073AF.jpg,Chaetodontidae,no,exists,78546
Heniochus acuminatus,97123,97123AF.jpg,Heniochus_acuminatus_FishPix_97123.jpg,https://fishpix.kahaku.go.jp/photos/NR0097/97123AF.jpg,Chaetodontidae,no,exists,59000
Heniochus acuminatus,97124,97124AF.jpg,Heniochus_acuminatus_FishPix_97124.jpg,https://fishpix.kahaku.go.jp/photos/NR0097/97124AF.jpg,Chaetodontidae,no,exists,44461
Heniochus acuminatus,97125,97125AF.jpg,Heniochus_acuminatus_FishPix_97125.jpg,https://fishpix.kahaku.go.jp/photos/NR0097/97125AF.jpg,Chaetodontidae,no,exists,79156
Heniochus acuminatus,97126,97126AF.jpg,Heniochus_acuminatus_FishPix_97126.jpg,https://fishpix.kahaku.go.jp/photos/NR0097/97126AF.jpg,Chaetodontidae,no,exists,69489
Forcipiger flavissimus,9713,9713AF.jpg,Forcipiger_flavissimus_FishPix_9713.jpg,https://fishpix.kahaku.go.jp/photos/NR0009/9713AF.jpg,Chaetodontidae,no,exists,29696
Chaetodon octofasciatus,97130,97130AF.jpg,Chaetodon_octofasciatus_FishPix_97130.jpg,https://fishpix.kahaku.go.jp/photos/NR0097/97130AF.jpg,Chaetodontidae,no,exists,80076
Chaetodon octofasciatus,97131,97131AF.jpg,Chaetodon_octofasciatus_FishPix_97131.jpg,https://fishpix.kahaku.go.jp/photos/NR0097/97131AF.jpg,Chaetodontidae,no,exists,66292
Chaetodon octofasciatus,97132,97132AF.jpg,Chaetodon_octofasciatus_FishPix_97132.jpg,https://fishpix.kahaku.go.jp/photos/NR0097/97132AF.jpg,Chaetodontidae,no,exists,69177
Chaetodon octofasciatus,97133,97133AF.jpg,Chaetodon_octofasciatus_FishPix_97133.jpg,https://fishpix.kahaku.go.jp/photos/NR0097/97133AF.jpg,Chaetodontidae,no,exists,64383
Chaetodon octofasciatus,97134,97134AF.jpg,Chaetodon_octofasciatus_FishPix_97134.jpg,https://fishpix.kahaku.go.jp/photos/NR0097/97134AF.jpg,Chaetodontidae,no,exists,81891
Chaetodon octofasciatus,97135,97135AF.jpg,Chaetodon_octofasciatus_FishPix_97135.jpg,https://fishpix.kahaku.go.jp/photos/NR0097/97135AF.jpg,Chaetodontidae,no,exists,69408
Chaetodon octofasciatus,97136,97136AF.jpg,Chaetodon_octofasciatus_FishPix_97136.jpg,https://fishpix.kahaku.go.jp/photos/NR0097/97136AF.jpg,Chaetodontidae,no,exists,57797
Chaetodon octofasciatus,97137,97137AF.jpg,Chaetodon_octofasciatus_FishPix_97137.jpg,https://fishpix.kahaku.go.jp/photos/NR0097/97137AF.jpg,Chaetodontidae,no,exists,79594
Chaetodon octofasciatus,97138,97138AF.jpg,Chaetodon_octofasciatus_FishPix_97138.jpg,https://fishpix.kahaku.go.jp/photos/NR0097/97138AF.jpg,Chaetodontidae,no,exists,74060
Chaetodon octofasciatus,97139,97139AF.jpg,Chaetodon_octofasciatus_FishPix_97139.jpg,https://fishpix.kahaku.go.jp/photos/NR0097/97139AF.jpg,Chaetodontidae,no,exists,96215
Chaetodon octofasciatus,97140,97140AF.jpg,Chaetodon_octofasciatus_FishPix_97140.jpg,https://fishpix.kahaku.go.jp/photos/NR0097/97140AF.jpg,Chaetodontidae,no,exists,65386
Chaetodon octofasciatus,97141,97141AF.jpg,Chaetodon_octofasciatus_FishPix_97141.jpg,https://fishpix.kahaku.go.jp/photos/NR0097/97141AF.jpg,Chaetodontidae,no,exists,91899
Chaetodon octofasciatus,97142,97142AF.jpg,Chaetodon_octofasciatus_FishPix_97142.jpg,https://fishpix.kahaku.go.jp/photos/NR0097/97142AF.jpg,Chaetodontidae,no,exists,82067
Chaetodon octofasciatus,97189,97189AF.jpg,Chaetodon_octofasciatus_FishPix_97189.jpg,https://fishpix.kahaku.go.jp/photos/NR0097/97189AF.jpg,Chaetodontidae,no,exists,71146
Heniochus diphreutes,97270,97270AF.jpg,Heniochus_diphreutes_FishPix_97270.jpg,https://fishpix.kahaku.go.jp/photos/NR0097/97270AF.jpg,Chaetodontidae,no,exists,92443
Chaetodon semeion,9733,9733AF.jpg,Chaetodon_semeion_FishPix_9733.jpg,https://fishpix.kahaku.go.jp/photos/NR0009/9733AF.jpg,Chaetodontidae,no,exists,35840
Chaetodon reticulatus,9735,9735AF.jpg,Chaetodon_reticulatus_FishPix_9735.jpg,https://fishpix.kahaku.go.jp/photos/NR0009/9735AF.jpg,Chaetodontidae,no,exists,22528
Chaetodon rafflesii,9746,9746AF.jpg,Chaetodon_rafflesii_FishPix_9746.jpg,https://fishpix.kahaku.go.jp/photos/NR0009/9746AF.jpg,Chaetodontidae,no,exists,27648
Chaetodon octofasciatus,97515,97515AF.jpg,Chaetodon_octofasciatus_FishPix_97515.jpg,https://fishpix.kahaku.go.jp/photos/NR0097/97515AF.jpg,Chaetodontidae,no,exists,57850
Chaetodon octofasciatus,97516,97516AF.jpg,Chaetodon_octofasciatus_FishPix_97516.jpg,https://fishpix.kahaku.go.jp/photos/NR0097/97516AF.jpg,Chaetodontidae,no,exists,63903
Heniochus chrysostomus,9754,9754AF.jpg,Heniochus_chrysostomus_FishPix_9754.jpg,https://fishpix.kahaku.go.jp/photos/NR0009/9754AF.jpg,Chaetodontidae,no,exists,21504
Heniochus chrysostomus,9767,9767AF.jpg,Heniochus_chrysostomus_FishPix_9767.jpg,https://fishpix.kahaku.go.jp/photos/NR0009/9767AF.jpg,Chaetodontidae,no,exists,38912
Chaetodon semeion,9771,9771AF.jpg,Chaetodon_semeion_FishPix_9771.jpg,https://fishpix.kahaku.go.jp/photos/NR0009/9771AF.jpg,Chaetodontidae,no,exists,29696
Chaetodon meyeri,9772,9772AF.jpg,Chaetodon_meyeri_FishPix_9772.jpg,https://fishpix.kahaku.go.jp/photos/NR0009/9772AF.jpg,Chaetodontidae,no,exists,33792
Chaetodon citrinellus,97778,97778AF.jpg,Chaetodon_citrinellus_FishPix_97778.jpg,https://fishpix.kahaku.go.jp/photos/NR0097/97778AF.jpg,Chaetodontidae,no,exists,68853
Heniochus chrysostomus,97783,97783AF.jpg,Heniochus_chrysostomus_FishPix_97783.jpg,https://fishpix.kahaku.go.jp/photos/NR0097/97783AF.jpg,Chaetodontidae,no,exists,122296
Chaetodon citrinellus,97792,97792AF.jpg,Chaetodon_citrinellus_FishPix_97792.jpg,https://fishpix.kahaku.go.jp/photos/NR0097/97792AF.jpg,Chaetodontidae,no,exists,80664
Chaetodon citrinellus,97797,97797AF.jpg,Chaetodon_citrinellus_FishPix_97797.jpg,https://fishpix.kahaku.go.jp/photos/NR0097/97797AF.jpg,Chaetodontidae,no,exists,101366
Chaetodon pelewensis,97801,97801AF.jpg,Chaetodon_pelewensis_FishPix_97801.jpg,https://fishpix.kahaku.go.jp/photos/NR0097/97801AF.jpg,Chaetodontidae,no,exists,95511
Chaetodon mertensii,97855,97855AF.jpg,Chaetodon_mertensii_FishPix_97855.jpg,https://fishpix.kahaku.go.jp/photos/NR0097/97855AF.jpg,Chaetodontidae,no,exists,131217
Heniochus diphreutes,97984,97984AF.jpg,Heniochus_diphreutes_FishPix_97984.jpg,https://fishpix.kahaku.go.jp/photos/NR0097/97984AF.jpg,Chaetodontidae,no,exists,44942
Chaetodon nippon,98005,98005AF.jpg,Chaetodon_nippon_FishPix_98005.jpg,https://fishpix.kahaku.go.jp/photos/NR0098/98005AF.jpg,Chaetodontidae,no,exists,78409
Roa modesta,981,981AF.jpg,Roa_modesta_FishPix_981.jpg,https://fishpix.kahaku.go.jp/photos/NR0000/981AF.jpg,Chaetodontidae,no,exists,303796
Chaetodon trifascialis,98147,98147AF.jpg,Chaetodon_trifascialis_FishPix_98147.jpg,https://fishpix.kahaku.go.jp/photos/NR0098/98147AF.jpg,Chaetodontidae,no,exists,95158
Chaetodon trifascialis,98152,98152AF.jpg,Chaetodon_trifascialis_FishPix_98152.jpg,https://fishpix.kahaku.go.jp/photos/NR0098/98152AF.jpg,Chaetodontidae,no,exists,76923
Chaetodon trifascialis,98208,98208AF.jpg,Chaetodon_trifascialis_FishPix_98208.jpg,https://fishpix.kahaku.go.jp/photos/NR0098/98208AF.jpg,Chaetodontidae,no,exists,78210
Chaetodon melannotus,9825,9825AF.jpg,Chaetodon_melannotus_FishPix_9825.jpg,https://fishpix.kahaku.go.jp/photos/NR0009/9825AF.jpg,Chaetodontidae,no,exists,21504
Chelmon rostratus,98389,98389AF.jpg,Chelmon_rostratus_FishPix_98389.jpg,https://fishpix.kahaku.go.jp/photos/NR0098/98389AF.jpg,Chaetodontidae,no,exists,71573
Chelmon rostratus,98400,98400AF.jpg,Chelmon_rostratus_FishPix_98400.jpg,https://fishpix.kahaku.go.jp/photos/NR0098/98400AF.jpg,Chaetodontidae,no,exists,65241
Chaetodon octofasciatus,98456,98456AF.jpg,Chaetodon_octofasciatus_FishPix_98456.jpg,https://fishpix.kahaku.go.jp/photos/NR0098/98456AF.jpg,Chaetodontidae,no,exists,73754
Chaetodon unimaculatus,98945,98945AF.jpg,Chaetodon_unimaculatus_FishPix_98945.jpg,https://fishpix.kahaku.go.jp/photos/NR0098/98945AF.jpg,Chaetodontidae,no,exists,85005
Chaetodon pelewensis,98964,98964AF.jpg,Chaetodon_pelewensis_FishPix_98964.jpg,https://fishpix.kahaku.go.jp/photos/NR0098/98964AF.jpg,Chaetodontidae,no,exists,75638
Chaetodon mertensii,98998,98998AF.jpg,Chaetodon_mertensii_FishPix_98998.jpg,https://fishpix.kahaku.go.jp/photos/NR0098/98998AF.jpg,Chaetodontidae,no,exists,48869
Roa modesta,990,990AF.jpg,Roa_modesta_FishPix_990.jpg,https://fishpix.kahaku.go.jp/photos/NR0000/990AF.jpg,Chaetodontidae,no,exists,236188
Chaetodon punctatofasciatus,99005,99005AF.jpg,Chaetodon_punctatofasciatus_FishPix_99005.jpg,https://fishpix.kahaku.go.jp/photos/NR0099/99005AF.jpg,Chaetodontidae,no,exists,73144
Chaetodon meyeri,99050,99050AF.jpg,Chaetodon_meyeri_FishPix_99050.jpg,https://fishpix.kahaku.go.jp/photos/NR0099/99050AF.jpg,Chaetodontidae,no,exists,64845
Chaetodon semeion,99104,99104AF.jpg,Chaetodon_semeion_FishPix_99104.jpg,https://fishpix.kahaku.go.jp/photos/NR0099/99104AF.jpg,Chaetodontidae,no,exists,74638
Chaetodon ulietensis,99115,99115AF.jpg,Chaetodon_ulietensis_FishPix_99115.jpg,https://fishpix.kahaku.go.jp/photos/NR0099/99115AF.jpg,Chaetodontidae,no,exists,56679
Chaetodon semeion,99117,99117AF.jpg,Chaetodon_semeion_FishPix_99117.jpg,https://fishpix.kahaku.go.jp/photos/NR0099/99117AF.jpg,Chaetodontidae,no,exists,72544
Chaetodon xanthurus,99137,99137AF.jpg,Chaetodon_xanthurus_FishPix_99137.jpg,https://fishpix.kahaku.go.jp/photos/NR0099/99137AF.jpg,Chaetodontidae,no,exists,53907
Chaetodon ornatissimus,99140,99140AF.jpg,Chaetodon_ornatissimus_FishPix_99140.jpg,https://fishpix.kahaku.go.jp/photos/NR0099/99140AF.jpg,Chaetodontidae,no,exists,73385
Chaetodon punctatofasciatus,99144,99144AF.jpg,Chaetodon_punctatofasciatus_FishPix_99144.jpg,https://fishpix.kahaku.go.jp/photos/NR0099/99144AF.jpg,Chaetodontidae,no,exists,101054
Chaetodon octofasciatus,99164,99164AF.jpg,Chaetodon_octofasciatus_FishPix_99164.jpg,https://fishpix.kahaku.go.jp/photos/NR0099/99164AF.jpg,Chaetodontidae,no,exists,49730
Chaetodon punctatofasciatus,99210,99210AF.jpg,Chaetodon_punctatofasciatus_FishPix_99210.jpg,https://fishpix.kahaku.go.jp/photos/NR0099/99210AF.jpg,Chaetodontidae,no,exists,63753
Heniochus chrysostomus,99215,99215AF.jpg,Heniochus_chrysostomus_FishPix_99215.jpg,https://fishpix.kahaku.go.jp/photos/NR0099/99215AF.jpg,Chaetodontidae,no,exists,61457
Chaetodon trifascialis,99280,99280AF.jpg,Chaetodon_trifascialis_FishPix_99280.jpg,https://fishpix.kahaku.go.jp/photos/NR0099/99280AF.jpg,Chaetodontidae,no,exists,70020
Chaetodon punctatofasciatus,99283,99283AF.jpg,Chaetodon_punctatofasciatus_FishPix_99283.jpg,https://fishpix.kahaku.go.jp/photos/NR0099/99283AF.jpg,Chaetodontidae,no,exists,70168
Chaetodon ephippium,99284,99284AF.jpg,Chaetodon_ephippium_FishPix_99284.jpg,https://fishpix.kahaku.go.jp/photos/NR0099/99284AF.jpg,Chaetodontidae,no,exists,54769
Chaetodon auriga,99357,99357AF.jpg,Chaetodon_auriga_FishPix_99357.jpg,https://fishpix.kahaku.go.jp/photos/NR0099/99357AF.jpg,Chaetodontidae,no,exists,102775
Chaetodon unimaculatus,99373,99373AF.jpg,Chaetodon_unimaculatus_FishPix_99373.jpg,https://fishpix.kahaku.go.jp/photos/NR0099/99373AF.jpg,Chaetodontidae,no,exists,56163
Chaetodon melannotus,99394,99394AF.jpg,Chaetodon_melannotus_FishPix_99394.jpg,https://fishpix.kahaku.go.jp/photos/NR0099/99394AF.jpg,Chaetodontidae,no,exists,81706
Heniochus diphreutes,99466,99466AF.jpg,Heniochus_diphreutes_FishPix_99466.jpg,https://fishpix.kahaku.go.jp/photos/NR0099/99466AF.jpg,Chaetodontidae,no,exists,50965
Heniochus singularius,9956,9956AF.jpg,Heniochus_singularius_FishPix_9956.jpg,https://fishpix.kahaku.go.jp/photos/NR0009/9956AF.jpg,Chaetodontidae,no,exists,24576
Chaetodon octofasciatus,99562,99562AF.jpg,Chaetodon_octofasciatus_FishPix_99562.jpg,https://fishpix.kahaku.go.jp/photos/NR0099/99562AF.jpg,Chaetodontidae,no,exists,96536
Chaetodon citrinellus,99650,99650AF.jpg,Chaetodon_citrinellus_FishPix_99650.jpg,https://fishpix.kahaku.go.jp/photos/NR0099/99650AF.jpg,Chaetodontidae,no,exists,75994
Chaetodon argentatus,99674,99674AF.jpg,Chaetodon_argentatus_FishPix_99674.jpg,https://fishpix.kahaku.go.jp/photos/NR0099/99674AF.jpg,Chaetodontidae,no,exists,95970
Chaetodon trifascialis,99693,99693AF.jpg,Chaetodon_trifascialis_FishPix_99693.jpg,https://fishpix.kahaku.go.jp/photos/NR0099/99693AF.jpg,Chaetodontidae,no,exists,83410
Chaetodon trifascialis,99694,99694AF.jpg,Chaetodon_trifascialis_FishPix_99694.jpg,https://fishpix.kahaku.go.jp/photos/NR0099/99694AF.jpg,Chaetodontidae,no,exists,81956
Chaetodon selene,99737,99737AF.jpg,Chaetodon_selene_FishPix_99737.jpg,https://fishpix.kahaku.go.jp/photos/NR0099/99737AF.jpg,Chaetodontidae,no,exists,111972
Heniochus diphreutes,99742,99742AF.jpg,Heniochus_diphreutes_FishPix_99742.jpg,https://fishpix.kahaku.go.jp/photos/NR0099/99742AF.jpg,Chaetodontidae,no,exists,58880
Heniochus diphreutes,99799,99799AF.jpg,Heniochus_diphreutes_FishPix_99799.jpg,https://fishpix.kahaku.go.jp/photos/NR0099/99799AF.jpg,Chaetodontidae,no,exists,50459
Chaetodon punctatofasciatus,99885,99885AF.jpg,Chaetodon_punctatofasciatus_FishPix_99885.jpg,https://fishpix.kahaku.go.jp/photos/NR0099/99885AF.jpg,Chaetodontidae,no,exists,107247
Chaetodon auripes,999,999AF.jpg,Chaetodon_auripes_FishPix_999.jpg,https://fishpix.kahaku.go.jp/photos/NR0000/999AF.jpg,Chaetodontidae,no,exists,257480
Chaetodon xanthurus,99985,99985AF.jpg,Chaetodon_xanthurus_FishPix_99985.jpg,https://fishpix.kahaku.go.jp/photos/NR0099/99985AF.jpg,Chaetodontidae,no,exists,63133
