species,photographer,filename,thumb_url,full_url,format,sid
Amphichaetodon howensis,Ken Graham,030360F007696W000006.jpg,https://www.fishwisepro.com/pics/JPG/TN/TN030360F007696W000006.jpg,https://www.fishwisepro.com/pics/JPG/030360F007696W000006.jpg,JPG,30360
Amphichaetodon howensis,Ken Graham,030360F007696W000007.jpg,https://www.fishwisepro.com/pics/JPG/TN/TN030360F007696W000007.jpg,https://www.fishwisepro.com/pics/JPG/030360F007696W000007.jpg,JPG,30360
Amphichaetodon howensis,"Unknown, Museum of New Zealand Te Papa Tongarewa",030360F008947W000008.JPG,https://www.fishwisepro.com/pics/JPG/TN/TN030360F008947W000008.JPG,https://www.fishwisepro.com/pics/JPG/030360F008947W000008.JPG,JPG,30360
Amphichaetodon howensis,Jack Randall,030360F000024W000003.jpg,https://www.fishwisepro.com/pics/JPG/TN/TN030360F000024W000003.jpg,https://www.fishwisepro.com/pics/JPG/030360F000024W000003.jpg,JPG,30360
Amphichaetodon howensis,Jack Randall,030360F000024W000002.jpg,https://www.fishwisepro.com/pics/JPG/TN/TN030360F000024W000002.jpg,https://www.fishwisepro.com/pics/JPG/030360F000024W000002.jpg,JPG,30360
Amphichaetodon howensis,CSIRO,030360F000048W000001.gif,https://www.fishwisepro.com/pics/GIF/TN/TN030360F000048W000001.gif,https://www.fishwisepro.com/pics/GIF/030360F000048W000001.gif,GIF,30360
Amphichaetodon howensis,Jack Randall,030360F000024W000004.jpg,https://www.fishwisepro.com/pics/JPG/TN/TN030360F000024W000004.jpg,https://www.fishwisepro.com/pics/JPG/030360F000024W000004.jpg,JPG,30360
Amphichaetodon howensis,Jack Randall,030360F000024W000005.jpg,https://www.fishwisepro.com/pics/JPG/TN/TN030360F000024W000005.jpg,https://www.fishwisepro.com/pics/JPG/030360F000024W000005.jpg,JPG,30360
Amphichaetodon melbae,Jack Randall,043655F000024W000001.jpg,https://www.fishwisepro.com/pics/JPG/TN/TN043655F000024W000001.jpg,https://www.fishwisepro.com/pics/JPG/043655F000024W000001.jpg,JPG,43655
Chaetodon adiergastos,Wayne Osborn,000669F000492W000015.jpg,https://www.fishwisepro.com/pics/JPG/TN/TN000669F000492W000015.jpg,https://www.fishwisepro.com/pics/JPG/000669F000492W000015.jpg,JPG,669
Chaetodon adiergastos,Jack Randall,000669F000024W000002.jpg,https://www.fishwisepro.com/pics/JPG/TN/TN000669F000024W000002.jpg,https://www.fishwisepro.com/pics/JPG/000669F000024W000002.jpg,JPG,669
Chaetodon adiergastos,P. Teichmann,000669F000110W000003.jpg,https://www.fishwisepro.com/pics/JPG/TN/TN000669F000110W000003.jpg,https://www.fishwisepro.com/pics/JPG/000669F000110W000003.jpg,JPG,669
Chaetodon adiergastos,Jack Randall,000669F000024W000001.jpg,https://www.fishwisepro.com/pics/JPG/TN/TN000669F000024W000001.jpg,https://www.fishwisepro.com/pics/JPG/000669F000024W000001.jpg,JPG,669
Chaetodon adiergastos,D. C. Cook,000669F000031W000004.jpg,https://www.fishwisepro.com/pics/JPG/TN/TN000669F000031W000004.jpg,https://www.fishwisepro.com/pics/JPG/000669F000031W000004.jpg,JPG,669
Chaetodon adiergastos,Dennis Polack,000669F000009W000005.jpg,https://www.fishwisepro.com/pics/JPG/TN/TN000669F000009W000005.jpg,https://www.fishwisepro.com/pics/JPG/000669F000009W000005.jpg,JPG,669
Chaetodon adiergastos,Sally Polack,000669F000387W000006.jpg,https://www.fishwisepro.com/pics/JPG/TN/TN000669F000387W000006.jpg,https://www.fishwisepro.com/pics/JPG/000669F000387W000006.jpg,JPG,669
Chaetodon adiergastos,Dennis Polack,000669F000009W000007.jpg,https://www.fishwisepro.com/pics/JPG/TN/TN000669F000009W000007.jpg,https://www.fishwisepro.com/pics/JPG/000669F000009W000007.jpg,JPG,669
Chaetodon adiergastos,Dennis Polack,000669F000009W000008.jpg,https://www.fishwisepro.com/pics/JPG/TN/TN000669F000009W000008.jpg,https://www.fishwisepro.com/pics/JPG/000669F000009W000008.jpg,JPG,669
Chaetodon adiergastos,Dennis Polack,000669F000009W000009.jpg,https://www.fishwisepro.com/pics/JPG/TN/TN000669F000009W000009.jpg,https://www.fishwisepro.com/pics/JPG/000669F000009W000009.jpg,JPG,669
Chaetodon adiergastos,Dennis Polack,000669F000009W000010.jpg,https://www.fishwisepro.com/pics/JPG/TN/TN000669F000009W000010.jpg,https://www.fishwisepro.com/pics/JPG/000669F000009W000010.jpg,JPG,669
Chaetodon adiergastos,Dennis Polack,000669F000009W000011.jpg,https://www.fishwisepro.com/pics/JPG/TN/TN000669F000009W000011.jpg,https://www.fishwisepro.com/pics/JPG/000669F000009W000011.jpg,JPG,669
Chaetodon adiergastos,Dennis Polack,000669F000009W000012.jpg,https://www.fishwisepro.com/pics/JPG/TN/TN000669F000009W000012.jpg,https://www.fishwisepro.com/pics/JPG/000669F000009W000012.jpg,JPG,669
Chaetodon adiergastos,Dennis Polack,000669F000009W000013.jpg,https://www.fishwisepro.com/pics/JPG/TN/TN000669F000009W000013.jpg,https://www.fishwisepro.com/pics/JPG/000669F000009W000013.jpg,JPG,669
Chaetodon adiergastos,Sally Polack,000669F000387W000014.jpg,https://www.fishwisepro.com/pics/JPG/TN/TN000669F000387W000014.jpg,https://www.fishwisepro.com/pics/JPG/000669F000387W000014.jpg,JPG,669
Chaetodon andamanensis,Jack Randall,111328F000024W000002.jpg,https://www.fishwisepro.com/pics/JPG/TN/TN111328F000024W000002.jpg,https://www.fishwisepro.com/pics/JPG/111328F000024W000002.jpg,JPG,111328
Chaetodon andamanensis,Jack Randall,111328F000024W000003.jpg,https://www.fishwisepro.com/pics/JPG/TN/TN111328F000024W000003.jpg,https://www.fishwisepro.com/pics/JPG/111328F000024W000003.jpg,JPG,111328
Chaetodon andamanensis,Jack Randall,111328F000024W000001.jpg,https://www.fishwisepro.com/pics/JPG/TN/TN111328F000024W000001.jpg,https://www.fishwisepro.com/pics/JPG/111328F000024W000001.jpg,JPG,111328
Chaetodon argentatus,Izuzuki Diver,004409F006601W000005.jpg,https://www.fishwisepro.com/pics/JPG/TN/TN004409F006601W000005.jpg,https://www.fishwisepro.com/pics/JPG/004409F006601W000005.jpg,JPG,4409
Chaetodon argentatus,Izuzuki Diver,004409F006601W000006.jpg,https://www.fishwisepro.com/pics/JPG/TN/TN004409F006601W000006.jpg,https://www.fishwisepro.com/pics/JPG/004409F006601W000006.jpg,JPG,4409
Chaetodon argentatus,Jack Randall,004409F000024W000003.jpg,https://www.fishwisepro.com/pics/JPG/TN/TN004409F000024W000003.jpg,https://www.fishwisepro.com/pics/JPG/004409F000024W000003.jpg,JPG,4409
Chaetodon argentatus,Jack Randall,004409F000024W000002.jpg,https://www.fishwisepro.com/pics/JPG/TN/TN004409F000024W000002.jpg,https://www.fishwisepro.com/pics/JPG/004409F000024W000002.jpg,JPG,4409
Chaetodon argentatus,K. T. Shao,004409F000039W000001.jpg,https://www.fishwisepro.com/pics/JPG/TN/TN004409F000039W000001.jpg,https://www.fishwisepro.com/pics/JPG/004409F000039W000001.jpg,JPG,4409
Chaetodon argentatus,Jack Randall,004409F000024W000004.jpg,https://www.fishwisepro.com/pics/JPG/TN/TN004409F000024W000004.jpg,https://www.fishwisepro.com/pics/JPG/004409F000024W000004.jpg,JPG,4409
Chaetodon assarius,CSIRO,005270F000048W000001.jpg,https://www.fishwisepro.com/pics/JPG/TN/TN005270F000048W000001.jpg,https://www.fishwisepro.com/pics/JPG/005270F000048W000001.jpg,JPG,5270
Chaetodon aureofasciatus,Jack Randall,006046F000024W000001.jpg,https://www.fishwisepro.com/pics/JPG/TN/TN006046F000024W000001.jpg,https://www.fishwisepro.com/pics/JPG/006046F000024W000001.jpg,JPG,6046
Chaetodon aureofasciatus,Jack Randall,006046F000024W000002.jpg,https://www.fishwisepro.com/pics/JPG/TN/TN006046F000024W000002.jpg,https://www.fishwisepro.com/pics/JPG/006046F000024W000002.jpg,JPG,6046
Chaetodon aureofasciatus,Rick Winterbottom,006046F000112W000003.jpg,https://www.fishwisepro.com/pics/JPG/TN/TN006046F000112W000003.jpg,https://www.fishwisepro.com/pics/JPG/006046F000112W000003.jpg,JPG,6046
Chaetodon auriga,Dennis Polack,006157F000009W000087.jpg,https://www.fishwisepro.com/pics/JPG/TN/TN006157F000009W000087.jpg,https://www.fishwisepro.com/pics/JPG/006157F000009W000087.jpg,JPG,6157
Chaetodon auriga,Dennis Polack,006157F000009W000088.jpg,https://www.fishwisepro.com/pics/JPG/TN/TN006157F000009W000088.jpg,https://www.fishwisepro.com/pics/JPG/006157F000009W000088.jpg,JPG,6157
Chaetodon auriga,Ken Graham,006157F007696W000089.jpg,https://www.fishwisepro.com/pics/JPG/TN/TN006157F007696W000089.jpg,https://www.fishwisepro.com/pics/JPG/006157F007696W000089.jpg,JPG,6157
Chaetodon auriga,Jack Randall,006157F000024W000001.jpg,https://www.fishwisepro.com/pics/JPG/TN/TN006157F000024W000001.jpg,https://www.fishwisepro.com/pics/JPG/006157F000024W000001.jpg,JPG,6157
Chaetodon auriga,Dennis Polack,006157F000009W000037.jpg,https://www.fishwisepro.com/pics/JPG/TN/TN006157F000009W000037.jpg,https://www.fishwisepro.com/pics/JPG/006157F000009W000037.jpg,JPG,6157
Chaetodon auriga,Jack Randall,006157F000024W000051.jpg,https://www.fishwisepro.com/pics/JPG/TN/TN006157F000024W000051.jpg,https://www.fishwisepro.com/pics/JPG/006157F000024W000051.jpg,JPG,6157
Chaetodon auriga,Jack Randall,006157F000024W000057.jpg,https://www.fishwisepro.com/pics/JPG/TN/TN006157F000024W000057.jpg,https://www.fishwisepro.com/pics/JPG/006157F000024W000057.jpg,JPG,6157
Chaetodon auriga,Dennis Polack,006157F000009W000045.jpg,https://www.fishwisepro.com/pics/JPG/TN/TN006157F000009W000045.jpg,https://www.fishwisepro.com/pics/JPG/006157F000009W000045.jpg,JPG,6157
Chaetodon auriga,Jack Randall,006157F000024W000056.jpg,https://www.fishwisepro.com/pics/JPG/TN/TN006157F000024W000056.jpg,https://www.fishwisepro.com/pics/JPG/006157F000024W000056.jpg,JPG,6157
Chaetodon auriga,Jack Randall,006157F000024W000033.jpg,https://www.fishwisepro.com/pics/JPG/TN/TN006157F000024W000033.jpg,https://www.fishwisepro.com/pics/JPG/006157F000024W000033.jpg,JPG,6157
Chaetodon auriga,Jack Randall,006157F000024W000049.jpg,https://www.fishwisepro.com/pics/JPG/TN/TN006157F000024W000049.jpg,https://www.fishwisepro.com/pics/JPG/006157F000024W000049.jpg,JPG,6157
Chaetodon auriga,Jack Randall,006157F000024W000054.jpg,https://www.fishwisepro.com/pics/JPG/TN/TN006157F000024W000054.jpg,https://www.fishwisepro.com/pics/JPG/006157F000024W000054.jpg,JPG,6157
Chaetodon auriga,Jack Randall,006157F000024W000059.jpg,https://www.fishwisepro.com/pics/JPG/TN/TN006157F000024W000059.jpg,https://www.fishwisepro.com/pics/JPG/006157F000024W000059.jpg,JPG,6157
Chaetodon auriga,M. Wilkie,006157F000090W000008.jpg,https://www.fishwisepro.com/pics/JPG/TN/TN006157F000090W000008.jpg,https://www.fishwisepro.com/pics/JPG/006157F000090W000008.jpg,JPG,6157
Chaetodon auriga,Rick Winterbottom,006157F000112W000021.jpg,https://www.fishwisepro.com/pics/JPG/TN/TN006157F000112W000021.jpg,https://www.fishwisepro.com/pics/JPG/006157F000112W000021.jpg,JPG,6157
Chaetodon auriga,Dennis Polack,006157F000009W000042.jpg,https://www.fishwisepro.com/pics/JPG/TN/TN006157F000009W000042.jpg,https://www.fishwisepro.com/pics/JPG/006157F000009W000042.jpg,JPG,6157
Chaetodon auriga,D. C. Cook,006157F000031W000043.jpg,https://www.fishwisepro.com/pics/JPG/TN/TN006157F000031W000043.jpg,https://www.fishwisepro.com/pics/JPG/006157F000031W000043.jpg,JPG,6157
Chaetodon auriga,Jeremy Tindall,006157F000167W000052.jpg,https://www.fishwisepro.com/pics/JPG/TN/TN006157F000167W000052.jpg,https://www.fishwisepro.com/pics/JPG/006157F000167W000052.jpg,JPG,6157
Chaetodon auriga,Dennis Polack,006157F000009W000053.jpg,https://www.fishwisepro.com/pics/JPG/TN/TN006157F000009W000053.jpg,https://www.fishwisepro.com/pics/JPG/006157F000009W000053.jpg,JPG,6157
Chaetodon auriga,Jeremy Tindall,006157F000167W000055.jpg,https://www.fishwisepro.com/pics/JPG/TN/TN006157F000167W000055.jpg,https://www.fishwisepro.com/pics/JPG/006157F000167W000055.jpg,JPG,6157
Chaetodon auriga,D. C. Cook,006157F000031W000058.jpg,https://www.fishwisepro.com/pics/JPG/TN/TN006157F000031W000058.jpg,https://www.fishwisepro.com/pics/JPG/006157F000031W000058.jpg,JPG,6157
Chaetodon auriga,Rick Winterbottom,006157F000112W000060.jpg,https://www.fishwisepro.com/pics/JPG/TN/TN006157F000112W000060.jpg,https://www.fishwisepro.com/pics/JPG/006157F000112W000060.jpg,JPG,6157
Chaetodon auriga,Dennis Polack,006157F000009W000061.jpg,https://www.fishwisepro.com/pics/JPG/TN/TN006157F000009W000061.jpg,https://www.fishwisepro.com/pics/JPG/006157F000009W000061.jpg,JPG,6157
Chaetodon auriga,Dennis Polack,006157F000009W000062.jpg,https://www.fishwisepro.com/pics/JPG/TN/TN006157F000009W000062.jpg,https://www.fishwisepro.com/pics/JPG/006157F000009W000062.jpg,JPG,6157
Chaetodon auriga,Dennis Polack,006157F000009W000063.jpg,https://www.fishwisepro.com/pics/JPG/TN/TN006157F000009W000063.jpg,https://www.fishwisepro.com/pics/JPG/006157F000009W000063.jpg,JPG,6157
Chaetodon auriga,Dennis Polack,006157F000009W000064.jpg,https://www.fishwisepro.com/pics/JPG/TN/TN006157F000009W000064.jpg,https://www.fishwisepro.com/pics/JPG/006157F000009W000064.jpg,JPG,6157
Chaetodon auriga,Dennis Polack,006157F000009W000065.jpg,https://www.fishwisepro.com/pics/JPG/TN/TN006157F000009W000065.jpg,https://www.fishwisepro.com/pics/JPG/006157F000009W000065.jpg,JPG,6157
Chaetodon auriga,Dennis Polack,006157F000009W000066.jpg,https://www.fishwisepro.com/pics/JPG/TN/TN006157F000009W000066.jpg,https://www.fishwisepro.com/pics/JPG/006157F000009W000066.jpg,JPG,6157
Chaetodon auriga,Sally Polack,006157F000387W000067.jpg,https://www.fishwisepro.com/pics/JPG/TN/TN006157F000387W000067.jpg,https://www.fishwisepro.com/pics/JPG/006157F000387W000067.jpg,JPG,6157
Chaetodon auriga,Dennis Polack,006157F000009W000068.jpg,https://www.fishwisepro.com/pics/JPG/TN/TN006157F000009W000068.jpg,https://www.fishwisepro.com/pics/JPG/006157F000009W000068.jpg,JPG,6157
Chaetodon auriga,Sally Polack,006157F000387W000070.jpg,https://www.fishwisepro.com/pics/JPG/TN/TN006157F000387W000070.jpg,https://www.fishwisepro.com/pics/JPG/006157F000387W000070.jpg,JPG,6157
Chaetodon auriga,Sally Polack,006157F000387W000071.jpg,https://www.fishwisepro.com/pics/JPG/TN/TN006157F000387W000071.jpg,https://www.fishwisepro.com/pics/JPG/006157F000387W000071.jpg,JPG,6157
Chaetodon auriga,Dennis Polack,006157F000009W000072.jpg,https://www.fishwisepro.com/pics/JPG/TN/TN006157F000009W000072.jpg,https://www.fishwisepro.com/pics/JPG/006157F000009W000072.jpg,JPG,6157
Chaetodon auriga,Dennis Polack,006157F000009W000073.jpg,https://www.fishwisepro.com/pics/JPG/TN/TN006157F000009W000073.jpg,https://www.fishwisepro.com/pics/JPG/006157F000009W000073.jpg,JPG,6157
Chaetodon auriga,Dennis Polack,006157F000009W000074.jpg,https://www.fishwisepro.com/pics/JPG/TN/TN006157F000009W000074.jpg,https://www.fishwisepro.com/pics/JPG/006157F000009W000074.jpg,JPG,6157
Chaetodon auriga,Dennis Polack,006157F000009W000075.jpg,https://www.fishwisepro.com/pics/JPG/TN/TN006157F000009W000075.jpg,https://www.fishwisepro.com/pics/JPG/006157F000009W000075.jpg,JPG,6157
Chaetodon auriga,Dennis Polack,006157F000009W000076.jpg,https://www.fishwisepro.com/pics/JPG/TN/TN006157F000009W000076.jpg,https://www.fishwisepro.com/pics/JPG/006157F000009W000076.jpg,JPG,6157
Chaetodon auriga,Dennis Polack,006157F000009W000077.jpg,https://www.fishwisepro.com/pics/JPG/TN/TN006157F000009W000077.jpg,https://www.fishwisepro.com/pics/JPG/006157F000009W000077.jpg,JPG,6157
Chaetodon auriga,Jeff Williams,006157F000433W000078.jpg,https://www.fishwisepro.com/pics/JPG/TN/TN006157F000433W000078.jpg,https://www.fishwisepro.com/pics/JPG/006157F000433W000078.jpg,JPG,6157
Chaetodon auriga,Dennis Polack,006157F000009W000079.jpg,https://www.fishwisepro.com/pics/JPG/TN/TN006157F000009W000079.jpg,https://www.fishwisepro.com/pics/JPG/006157F000009W000079.jpg,JPG,6157
Chaetodon auriga,Dennis Polack,006157F000009W000080.jpg,https://www.fishwisepro.com/pics/JPG/TN/TN006157F000009W000080.jpg,https://www.fishwisepro.com/pics/JPG/006157F000009W000080.jpg,JPG,6157
Chaetodon auriga,Dennis Polack,006157F000009W000081.jpg,https://www.fishwisepro.com/pics/JPG/TN/TN006157F000009W000081.jpg,https://www.fishwisepro.com/pics/JPG/006157F000009W000081.jpg,JPG,6157
Chaetodon auriga,Dennis Polack,006157F000009W000082.jpg,https://www.fishwisepro.com/pics/JPG/TN/TN006157F000009W000082.jpg,https://www.fishwisepro.com/pics/JPG/006157F000009W000082.jpg,JPG,6157
Chaetodon auriga,Dennis Polack,006157F000009W000083.jpg,https://www.fishwisepro.com/pics/JPG/TN/TN006157F000009W000083.jpg,https://www.fishwisepro.com/pics/JPG/006157F000009W000083.jpg,JPG,6157
Chaetodon auriga,Dennis Polack,006157F000009W000084.jpg,https://www.fishwisepro.com/pics/JPG/TN/TN006157F000009W000084.jpg,https://www.fishwisepro.com/pics/JPG/006157F000009W000084.jpg,JPG,6157
Chaetodon auriga,Dennis Polack,006157F000009W000085.jpg,https://www.fishwisepro.com/pics/JPG/TN/TN006157F000009W000085.jpg,https://www.fishwisepro.com/pics/JPG/006157F000009W000085.jpg,JPG,6157
Chaetodon auriga,John Dench,006157F000003W000086.jpg,https://www.fishwisepro.com/pics/JPG/TN/TN006157F000003W000086.jpg,https://www.fishwisepro.com/pics/JPG/006157F000003W000086.jpg,JPG,6157
Chaetodon auripes,Jack Randall,006172F000024W000003.jpg,https://www.fishwisepro.com/pics/JPG/TN/TN006172F000024W000003.jpg,https://www.fishwisepro.com/pics/JPG/006172F000024W000003.jpg,JPG,6172
Chaetodon auripes,Jack Randall,006172F000024W000001.jpg,https://www.fishwisepro.com/pics/JPG/TN/TN006172F000024W000001.jpg,https://www.fishwisepro.com/pics/JPG/006172F000024W000001.jpg,JPG,6172
Chaetodon auripes,Jack Randall,006172F000024W000002.jpg,https://www.fishwisepro.com/pics/JPG/TN/TN006172F000024W000002.jpg,https://www.fishwisepro.com/pics/JPG/006172F000024W000002.jpg,JPG,6172
Chaetodon auripes,Rick Winterbottom,006172F000112W000004.jpg,https://www.fishwisepro.com/pics/JPG/TN/TN006172F000112W000004.jpg,https://www.fishwisepro.com/pics/JPG/006172F000112W000004.jpg,JPG,6172
Chaetodon austriacus,Jack Randall,006503F000024W000001.jpg,https://www.fishwisepro.com/pics/JPG/TN/TN006503F000024W000001.jpg,https://www.fishwisepro.com/pics/JPG/006503F000024W000001.jpg,JPG,6503
Chaetodon austriacus,Jeremy Tindall,006503F000167W000002.jpg,https://www.fishwisepro.com/pics/JPG/TN/TN006503F000167W000002.jpg,https://www.fishwisepro.com/pics/JPG/006503F000167W000002.jpg,JPG,6503
Chaetodon austriacus,Richard Field,006503F000175W000003.jpg,https://www.fishwisepro.com/pics/JPG/TN/TN006503F000175W000003.jpg,https://www.fishwisepro.com/pics/JPG/006503F000175W000003.jpg,JPG,6503
Chaetodon austriacus,Jack Randall,006503F000024W000004.jpg,https://www.fishwisepro.com/pics/JPG/TN/TN006503F000024W000004.jpg,https://www.fishwisepro.com/pics/JPG/006503F000024W000004.jpg,JPG,6503
Chaetodon austriacus,Dennis Polack,006503F000009W000005.jpg,https://www.fishwisepro.com/pics/JPG/TN/TN006503F000009W000005.jpg,https://www.fishwisepro.com/pics/JPG/006503F000009W000005.jpg,JPG,6503
Chaetodon austriacus,Dennis Polack,006503F000009W000006.jpg,https://www.fishwisepro.com/pics/JPG/TN/TN006503F000009W000006.jpg,https://www.fishwisepro.com/pics/JPG/006503F000009W000006.jpg,JPG,6503
Chaetodon austriacus,Dennis Polack,006503F000009W000007.jpg,https://www.fishwisepro.com/pics/JPG/TN/TN006503F000009W000007.jpg,https://www.fishwisepro.com/pics/JPG/006503F000009W000007.jpg,JPG,6503
Chaetodon austriacus,Dennis Polack,006503F000009W000008.jpg,https://www.fishwisepro.com/pics/JPG/TN/TN006503F000009W000008.jpg,https://www.fishwisepro.com/pics/JPG/006503F000009W000008.jpg,JPG,6503
Chaetodon austriacus,Dennis Polack,006503F000009W000009.jpg,https://www.fishwisepro.com/pics/JPG/TN/TN006503F000009W000009.jpg,https://www.fishwisepro.com/pics/JPG/006503F000009W000009.jpg,JPG,6503
Chaetodon austriacus,Sally Polack,006503F000387W000011.jpg,https://www.fishwisepro.com/pics/JPG/TN/TN006503F000387W000011.jpg,https://www.fishwisepro.com/pics/JPG/006503F000387W000011.jpg,JPG,6503
Chaetodon austriacus,Sally Polack,006503F000387W000012.jpg,https://www.fishwisepro.com/pics/JPG/TN/TN006503F000387W000012.jpg,https://www.fishwisepro.com/pics/JPG/006503F000387W000012.jpg,JPG,6503
Chaetodon baronessa,Robert Yin,007419F000033W000001.jpg,https://www.fishwisepro.com/pics/JPG/TN/TN007419F000033W000001.jpg,https://www.fishwisepro.com/pics/JPG/007419F000033W000001.jpg,JPG,7419
Chaetodon baronessa,Jack Randall,007419F000024W000004.jpg,https://www.fishwisepro.com/pics/JPG/TN/TN007419F000024W000004.jpg,https://www.fishwisepro.com/pics/JPG/007419F000024W000004.jpg,JPG,7419
Chaetodon baronessa,Jack Randall,007419F000024W000005.jpg,https://www.fishwisepro.com/pics/JPG/TN/TN007419F000024W000005.jpg,https://www.fishwisepro.com/pics/JPG/007419F000024W000005.jpg,JPG,7419
Chaetodon baronessa,Jack Randall,007419F000024W000006.jpg,https://www.fishwisepro.com/pics/JPG/TN/TN007419F000024W000006.jpg,https://www.fishwisepro.com/pics/JPG/007419F000024W000006.jpg,JPG,7419
Chaetodon baronessa,Jack Randall,007419F000024W000002.jpg,https://www.fishwisepro.com/pics/JPG/TN/TN007419F000024W000002.jpg,https://www.fishwisepro.com/pics/JPG/007419F000024W000002.jpg,JPG,7419
Chaetodon baronessa,Jack Randall,007419F000024W000003.jpg,https://www.fishwisepro.com/pics/JPG/TN/TN007419F000024W000003.jpg,https://www.fishwisepro.com/pics/JPG/007419F000024W000003.jpg,JPG,7419
Chaetodon baronessa,Rick Winterbottom,007419F000112W000007.jpg,https://www.fishwisepro.com/pics/JPG/TN/TN007419F000112W000007.jpg,https://www.fishwisepro.com/pics/JPG/007419F000112W000007.jpg,JPG,7419
Chaetodon baronessa,Dennis Polack,007419F000009W000008.jpg,https://www.fishwisepro.com/pics/JPG/TN/TN007419F000009W000008.jpg,https://www.fishwisepro.com/pics/JPG/007419F000009W000008.jpg,JPG,7419
Chaetodon baronessa,Dennis Polack,007419F000009W000009.jpg,https://www.fishwisepro.com/pics/JPG/TN/TN007419F000009W000009.jpg,https://www.fishwisepro.com/pics/JPG/007419F000009W000009.jpg,JPG,7419
Chaetodon baronessa,Dennis Polack,007419F000009W000010.jpg,https://www.fishwisepro.com/pics/JPG/TN/TN007419F000009W000010.jpg,https://www.fishwisepro.com/pics/JPG/007419F000009W000010.jpg,JPG,7419
Chaetodon baronessa,Sally Polack,007419F000387W000011.jpg,https://www.fishwisepro.com/pics/JPG/TN/TN007419F000387W000011.jpg,https://www.fishwisepro.com/pics/JPG/007419F000387W000011.jpg,JPG,7419
Chaetodon baronessa,Sally Polack,007419F000387W000012.jpg,https://www.fishwisepro.com/pics/JPG/TN/TN007419F000387W000012.jpg,https://www.fishwisepro.com/pics/JPG/007419F000387W000012.jpg,JPG,7419
Chaetodon baronessa,Sally Polack,007419F000387W000013.jpg,https://www.fishwisepro.com/pics/JPG/TN/TN007419F000387W000013.jpg,https://www.fishwisepro.com/pics/JPG/007419F000387W000013.jpg,JPG,7419
Chaetodon baronessa,Dennis Polack,007419F000009W000014.jpg,https://www.fishwisepro.com/pics/JPG/TN/TN007419F000009W000014.jpg,https://www.fishwisepro.com/pics/JPG/007419F000009W000014.jpg,JPG,7419
Chaetodon baronessa,Dennis Polack,007419F000009W000015.jpg,https://www.fishwisepro.com/pics/JPG/TN/TN007419F000009W000015.jpg,https://www.fishwisepro.com/pics/JPG/007419F000009W000015.jpg,JPG,7419
Chaetodon baronessa,Sally Polack,007419F000387W000016.jpg,https://www.fishwisepro.com/pics/JPG/TN/TN007419F000387W000016.jpg,https://www.fishwisepro.com/pics/JPG/007419F000387W000016.jpg,JPG,7419
Chaetodon bennetti,D. C. Cook,007960F000031W000003.jpg,https://www.fishwisepro.com/pics/JPG/TN/TN007960F000031W000003.jpg,https://www.fishwisepro.com/pics/JPG/007960F000031W000003.jpg,JPG,7960
Chaetodon bennetti,Jack Randall,007960F000024W000002.jpg,https://www.fishwisepro.com/pics/JPG/TN/TN007960F000024W000002.jpg,https://www.fishwisepro.com/pics/JPG/007960F000024W000002.jpg,JPG,7960
Chaetodon bennetti,Dennis Polack,007960F000009W000004.jpg,https://www.fishwisepro.com/pics/JPG/TN/TN007960F000009W000004.jpg,https://www.fishwisepro.com/pics/JPG/007960F000009W000004.jpg,JPG,7960
Chaetodon bennetti,K. T. Shao,007960F000039W000001.jpg,https://www.fishwisepro.com/pics/JPG/TN/TN007960F000039W000001.jpg,https://www.fishwisepro.com/pics/JPG/007960F000039W000001.jpg,JPG,7960
Chaetodon bennetti,Jack Randall,007960F000024W000005.jpg,https://www.fishwisepro.com/pics/JPG/TN/TN007960F000024W000005.jpg,https://www.fishwisepro.com/pics/JPG/007960F000024W000005.jpg,JPG,7960
Chaetodon bennetti,Dennis Polack,007960F000009W000006.jpg,https://www.fishwisepro.com/pics/JPG/TN/TN007960F000009W000006.jpg,https://www.fishwisepro.com/pics/JPG/007960F000009W000006.jpg,JPG,7960
Chaetodon bennetti,Rick Winterbottom,007960F000112W000007.jpg,https://www.fishwisepro.com/pics/JPG/TN/TN007960F000112W000007.jpg,https://www.fishwisepro.com/pics/JPG/007960F000112W000007.jpg,JPG,7960
Chaetodon bennetti,Dennis Polack,007960F000009W000008.jpg,https://www.fishwisepro.com/pics/JPG/TN/TN007960F000009W000008.jpg,https://www.fishwisepro.com/pics/JPG/007960F000009W000008.jpg,JPG,7960
Chaetodon bennetti,Dennis Polack,007960F000009W000009.jpg,https://www.fishwisepro.com/pics/JPG/TN/TN007960F000009W000009.jpg,https://www.fishwisepro.com/pics/JPG/007960F000009W000009.jpg,JPG,7960
Chaetodon bennetti,Dennis Polack,007960F000009W000010.jpg,https://www.fishwisepro.com/pics/JPG/TN/TN007960F000009W000010.jpg,https://www.fishwisepro.com/pics/JPG/007960F000009W000010.jpg,JPG,7960
Chaetodon bennetti,Dennis Polack,007960F000009W000011.jpg,https://www.fishwisepro.com/pics/JPG/TN/TN007960F000009W000011.jpg,https://www.fishwisepro.com/pics/JPG/007960F000009W000011.jpg,JPG,7960
Chaetodon bennetti,Dennis Polack,007960F000009W000012.jpg,https://www.fishwisepro.com/pics/JPG/TN/TN007960F000009W000012.jpg,https://www.fishwisepro.com/pics/JPG/007960F000009W000012.jpg,JPG,7960
Chaetodon bennetti,Dennis Polack,007960F000009W000013.jpg,https://www.fishwisepro.com/pics/JPG/TN/TN007960F000009W000013.jpg,https://www.fishwisepro.com/pics/JPG/007960F000009W000013.jpg,JPG,7960
Chaetodon bennetti,Dennis Polack,007960F000009W000014.jpg,https://www.fishwisepro.com/pics/JPG/TN/TN007960F000009W000014.jpg,https://www.fishwisepro.com/pics/JPG/007960F000009W000014.jpg,JPG,7960
Chaetodon bennetti,Dennis Polack,007960F000009W000015.jpg,https://www.fishwisepro.com/pics/JPG/TN/TN007960F000009W000015.jpg,https://www.fishwisepro.com/pics/JPG/007960F000009W000015.jpg,JPG,7960
Chaetodon bennetti,Dennis Polack,007960F000009W000016.jpg,https://www.fishwisepro.com/pics/JPG/TN/TN007960F000009W000016.jpg,https://www.fishwisepro.com/pics/JPG/007960F000009W000016.jpg,JPG,7960
Chaetodon blackburnii,Dennis Polack,009005F000009W000012.jpg,https://www.fishwisepro.com/pics/JPG/TN/TN009005F000009W000012.jpg,https://www.fishwisepro.com/pics/JPG/009005F000009W000012.jpg,JPG,9005
Chaetodon blackburnii,Jack Randall,009005F000024W000001.jpg,https://www.fishwisepro.com/pics/JPG/TN/TN009005F000024W000001.jpg,https://www.fishwisepro.com/pics/JPG/009005F000024W000001.jpg,JPG,9005
Chaetodon blackburnii,Jack Randall,009005F000024W000002.jpg,https://www.fishwisepro.com/pics/JPG/TN/TN009005F000024W000002.jpg,https://www.fishwisepro.com/pics/JPG/009005F000024W000002.jpg,JPG,9005
Chaetodon blackburnii,Jack Randall,009005F000024W000003.jpg,https://www.fishwisepro.com/pics/JPG/TN/TN009005F000024W000003.jpg,https://www.fishwisepro.com/pics/JPG/009005F000024W000003.jpg,JPG,9005
Chaetodon blackburnii,Jack Randall,009005F000024W000004.jpg,https://www.fishwisepro.com/pics/JPG/TN/TN009005F000024W000004.jpg,https://www.fishwisepro.com/pics/JPG/009005F000024W000004.jpg,JPG,9005
Chaetodon blackburnii,Dennis Polack,009005F000009W000005.jpg,https://www.fishwisepro.com/pics/JPG/TN/TN009005F000009W000005.jpg,https://www.fishwisepro.com/pics/JPG/009005F000009W000005.jpg,JPG,9005
Chaetodon blackburnii,Rick Winterbottom,009005F000112W000006.jpg,https://www.fishwisepro.com/pics/JPG/TN/TN009005F000112W000006.jpg,https://www.fishwisepro.com/pics/JPG/009005F000112W000006.jpg,JPG,9005
Chaetodon blackburnii,Dennis Polack,009005F000009W000007.jpg,https://www.fishwisepro.com/pics/JPG/TN/TN009005F000009W000007.jpg,https://www.fishwisepro.com/pics/JPG/009005F000009W000007.jpg,JPG,9005
Chaetodon blackburnii,Sally Polack,009005F000387W000008.jpg,https://www.fishwisepro.com/pics/JPG/TN/TN009005F000387W000008.jpg,https://www.fishwisepro.com/pics/JPG/009005F000387W000008.jpg,JPG,9005
Chaetodon blackburnii,Dennis Polack,009005F000009W000009.jpg,https://www.fishwisepro.com/pics/JPG/TN/TN009005F000009W000009.jpg,https://www.fishwisepro.com/pics/JPG/009005F000009W000009.jpg,JPG,9005
Chaetodon blackburnii,Dennis Polack,009005F000009W000011.jpg,https://www.fishwisepro.com/pics/JPG/TN/TN009005F000009W000011.jpg,https://www.fishwisepro.com/pics/JPG/009005F000009W000011.jpg,JPG,9005
Chaetodon burgessi,Jack Randall,011504F000024W000001.jpg,https://www.fishwisepro.com/pics/JPG/TN/TN011504F000024W000001.jpg,https://www.fishwisepro.com/pics/JPG/011504F000024W000001.jpg,JPG,11504
Chaetodon capistratus,M. Benjamin Cowan,012678F000163W000002.jpg,https://www.fishwisepro.com/pics/JPG/TN/TN012678F000163W000002.jpg,https://www.fishwisepro.com/pics/JPG/012678F000163W000002.jpg,JPG,12678
Chaetodon capistratus,David Snyder,012678F000164W000003.jpg,https://www.fishwisepro.com/pics/JPG/TN/TN012678F000164W000003.jpg,https://www.fishwisepro.com/pics/JPG/012678F000164W000003.jpg,JPG,12678
Chaetodon capistratus,David Snyder,012678F000164W000004.jpg,https://www.fishwisepro.com/pics/JPG/TN/TN012678F000164W000004.jpg,https://www.fishwisepro.com/pics/JPG/012678F000164W000004.jpg,JPG,12678
Chaetodon capistratus,Jack Randall,012678F000024W000001.jpg,https://www.fishwisepro.com/pics/JPG/TN/TN012678F000024W000001.jpg,https://www.fishwisepro.com/pics/JPG/012678F000024W000001.jpg,JPG,12678
Chaetodon citrinellus,Pam Osborn,015270F000493W000013.jpg,https://www.fishwisepro.com/pics/JPG/TN/TN015270F000493W000013.jpg,https://www.fishwisepro.com/pics/JPG/015270F000493W000013.jpg,JPG,15270
Chaetodon citrinellus,Dennis Polack,015270F000009W000007.jpg,https://www.fishwisepro.com/pics/JPG/TN/TN015270F000009W000007.jpg,https://www.fishwisepro.com/pics/JPG/015270F000009W000007.jpg,JPG,15270
Chaetodon citrinellus,Jack Randall,015270F000024W000003.jpg,https://www.fishwisepro.com/pics/JPG/TN/TN015270F000024W000003.jpg,https://www.fishwisepro.com/pics/JPG/015270F000024W000003.jpg,JPG,15270
Chaetodon citrinellus,Jack Randall,015270F000024W000004.jpg,https://www.fishwisepro.com/pics/JPG/TN/TN015270F000024W000004.jpg,https://www.fishwisepro.com/pics/JPG/015270F000024W000004.jpg,JPG,15270
Chaetodon citrinellus,Jack Randall,015270F000024W000005.jpg,https://www.fishwisepro.com/pics/JPG/TN/TN015270F000024W000005.jpg,https://www.fishwisepro.com/pics/JPG/015270F000024W000005.jpg,JPG,15270
Chaetodon citrinellus,Jack Randall,015270F000024W000006.jpg,https://www.fishwisepro.com/pics/JPG/TN/TN015270F000024W000006.jpg,https://www.fishwisepro.com/pics/JPG/015270F000024W000006.jpg,JPG,15270
Chaetodon citrinellus,Jack Randall,015270F000024W000001.jpg,https://www.fishwisepro.com/pics/JPG/TN/TN015270F000024W000001.jpg,https://www.fishwisepro.com/pics/JPG/015270F000024W000001.jpg,JPG,15270
Chaetodon citrinellus,Jack Randall,015270F000024W000002.jpg,https://www.fishwisepro.com/pics/JPG/TN/TN015270F000024W000002.jpg,https://www.fishwisepro.com/pics/JPG/015270F000024W000002.jpg,JPG,15270
Chaetodon citrinellus,Dennis Polack,015270F000009W000008.jpg,https://www.fishwisepro.com/pics/JPG/TN/TN015270F000009W000008.jpg,https://www.fishwisepro.com/pics/JPG/015270F000009W000008.jpg,JPG,15270
Chaetodon citrinellus,Sally Polack,015270F000387W000009.jpg,https://www.fishwisepro.com/pics/JPG/TN/TN015270F000387W000009.jpg,https://www.fishwisepro.com/pics/JPG/015270F000387W000009.jpg,JPG,15270
Chaetodon citrinellus,Sally Polack,015270F000387W000010.jpg,https://www.fishwisepro.com/pics/JPG/TN/TN015270F000387W000010.jpg,https://www.fishwisepro.com/pics/JPG/015270F000387W000010.jpg,JPG,15270
Chaetodon citrinellus,Sally Polack,015270F000387W000011.jpg,https://www.fishwisepro.com/pics/JPG/TN/TN015270F000387W000011.jpg,https://www.fishwisepro.com/pics/JPG/015270F000387W000011.jpg,JPG,15270
Chaetodon citrinellus,Jeff Williams,015270F000433W000012.jpg,https://www.fishwisepro.com/pics/JPG/TN/TN015270F000433W000012.jpg,https://www.fishwisepro.com/pics/JPG/015270F000433W000012.jpg,JPG,15270
Chaetodon collare,Dennis Polack,015726F000009W000005.jpg,https://www.fishwisepro.com/pics/JPG/TN/TN015726F000009W000005.jpg,https://www.fishwisepro.com/pics/JPG/015726F000009W000005.jpg,JPG,15726
Chaetodon collare,Dennis Polack,015726F000009W000004.jpg,https://www.fishwisepro.com/pics/JPG/TN/TN015726F000009W000004.jpg,https://www.fishwisepro.com/pics/JPG/015726F000009W000004.jpg,JPG,15726
Chaetodon collare,Jack Randall,015726F000024W000006.jpg,https://www.fishwisepro.com/pics/JPG/TN/TN015726F000024W000006.jpg,https://www.fishwisepro.com/pics/JPG/015726F000024W000006.jpg,JPG,15726
Chaetodon collare,G. V. Hermosa Jr.,015726F000049W000001.jpg,https://www.fishwisepro.com/pics/JPG/TN/TN015726F000049W000001.jpg,https://www.fishwisepro.com/pics/JPG/015726F000049W000001.jpg,JPG,15726
Chaetodon collare,Jack Randall,015726F000024W000002.jpg,https://www.fishwisepro.com/pics/JPG/TN/TN015726F000024W000002.jpg,https://www.fishwisepro.com/pics/JPG/015726F000024W000002.jpg,JPG,15726
Chaetodon collare,Jack Randall,015726F000024W000003.jpg,https://www.fishwisepro.com/pics/JPG/TN/TN015726F000024W000003.jpg,https://www.fishwisepro.com/pics/JPG/015726F000024W000003.jpg,JPG,15726
Chaetodon daedalma,Jack Randall,018082F000024W000001.jpg,https://www.fishwisepro.com/pics/JPG/TN/TN018082F000024W000001.jpg,https://www.fishwisepro.com/pics/JPG/018082F000024W000001.jpg,JPG,18082
Chaetodon daedalma,Jack Randall,018082F000024W000002.jpg,https://www.fishwisepro.com/pics/JPG/TN/TN018082F000024W000002.jpg,https://www.fishwisepro.com/pics/JPG/018082F000024W000002.jpg,JPG,18082
Chaetodon declivis,Jack Randall,018544F000024W000002.jpg,https://www.fishwisepro.com/pics/JPG/TN/TN018544F000024W000002.jpg,https://www.fishwisepro.com/pics/JPG/018544F000024W000002.jpg,JPG,18544
Chaetodon declivis,Jack Randall,018544F000024W000003.jpg,https://www.fishwisepro.com/pics/JPG/TN/TN018544F000024W000003.jpg,https://www.fishwisepro.com/pics/JPG/018544F000024W000003.jpg,JPG,18544
Chaetodon declivis,Jack Randall,018544F000024W000001.jpg,https://www.fishwisepro.com/pics/JPG/TN/TN018544F000024W000001.jpg,https://www.fishwisepro.com/pics/JPG/018544F000024W000001.jpg,JPG,18544
Chaetodon declivis,Jack Randall,018544F000024W000004.jpg,https://www.fishwisepro.com/pics/JPG/TN/TN018544F000024W000004.jpg,https://www.fishwisepro.com/pics/JPG/018544F000024W000004.jpg,JPG,18544
Chaetodon decussatus,Jack Randall,018588F000024W000003.jpg,https://www.fishwisepro.com/pics/JPG/TN/TN018588F000024W000003.jpg,https://www.fishwisepro.com/pics/JPG/018588F000024W000003.jpg,JPG,18588
Chaetodon decussatus,Jack Randall,018588F000024W000001.jpg,https://www.fishwisepro.com/pics/JPG/TN/TN018588F000024W000001.jpg,https://www.fishwisepro.com/pics/JPG/018588F000024W000001.jpg,JPG,18588
Chaetodon decussatus,Jack Randall,018588F000024W000002.jpg,https://www.fishwisepro.com/pics/JPG/TN/TN018588F000024W000002.jpg,https://www.fishwisepro.com/pics/JPG/018588F000024W000002.jpg,JPG,18588
Chaetodon dialeucos,Jack Randall,019176F000024W000001.jpg,https://www.fishwisepro.com/pics/JPG/TN/TN019176F000024W000001.jpg,https://www.fishwisepro.com/pics/JPG/019176F000024W000001.jpg,JPG,19176
Chaetodon dialeucos,Jack Randall,019176F000024W000002.jpg,https://www.fishwisepro.com/pics/JPG/TN/TN019176F000024W000002.jpg,https://www.fishwisepro.com/pics/JPG/019176F000024W000002.jpg,JPG,19176
Chaetodon dialeucos,Jack Randall,019176F000024W000003.jpg,https://www.fishwisepro.com/pics/JPG/TN/TN019176F000024W000003.jpg,https://www.fishwisepro.com/pics/JPG/019176F000024W000003.jpg,JPG,19176
Chaetodon dolosus,Phil Heemstra,019748F000004W000009.jpg,https://www.fishwisepro.com/pics/JPG/TN/TN019748F000004W000009.jpg,https://www.fishwisepro.com/pics/JPG/019748F000004W000009.jpg,JPG,19748
Chaetodon dolosus,Jack Randall,019748F000024W000001.jpg,https://www.fishwisepro.com/pics/JPG/TN/TN019748F000024W000001.jpg,https://www.fishwisepro.com/pics/JPG/019748F000024W000001.jpg,JPG,19748
Chaetodon dolosus,Jack Randall,019748F000024W000002.jpg,https://www.fishwisepro.com/pics/JPG/TN/TN019748F000024W000002.jpg,https://www.fishwisepro.com/pics/JPG/019748F000024W000002.jpg,JPG,19748
Chaetodon dolosus,Phil Heemstra,019748F000004W000003.jpg,https://www.fishwisepro.com/pics/JPG/TN/TN019748F000004W000003.jpg,https://www.fishwisepro.com/pics/JPG/019748F000004W000003.jpg,JPG,19748
Chaetodon dolosus,Dennis Polack,019748F000009W000004.jpg,https://www.fishwisepro.com/pics/JPG/TN/TN019748F000009W000004.jpg,https://www.fishwisepro.com/pics/JPG/019748F000009W000004.jpg,JPG,19748
Chaetodon dolosus,Dennis Polack,019748F000009W000005.jpg,https://www.fishwisepro.com/pics/JPG/TN/TN019748F000009W000005.jpg,https://www.fishwisepro.com/pics/JPG/019748F000009W000005.jpg,JPG,19748
Chaetodon dolosus,Dennis Polack,019748F000009W000006.jpg,https://www.fishwisepro.com/pics/JPG/TN/TN019748F000009W000006.jpg,https://www.fishwisepro.com/pics/JPG/019748F000009W000006.jpg,JPG,19748
Chaetodon dolosus,Dennis Polack,019748F000009W000007.jpg,https://www.fishwisepro.com/pics/JPG/TN/TN019748F000009W000007.jpg,https://www.fishwisepro.com/pics/JPG/019748F000009W000007.jpg,JPG,19748
Chaetodon dolosus,Dennis Polack,019748F000009W000008.jpg,https://www.fishwisepro.com/pics/JPG/TN/TN019748F000009W000008.jpg,https://www.fishwisepro.com/pics/JPG/019748F000009W000008.jpg,JPG,19748
Chaetodon ephippium,Jack Randall,021561F000024W000002.jpg,https://www.fishwisepro.com/pics/JPG/TN/TN021561F000024W000002.jpg,https://www.fishwisepro.com/pics/JPG/021561F000024W000002.jpg,JPG,21561
Chaetodon ephippium,Jack Randall,021561F000024W000004.jpg,https://www.fishwisepro.com/pics/JPG/TN/TN021561F000024W000004.jpg,https://www.fishwisepro.com/pics/JPG/021561F000024W000004.jpg,JPG,21561
Chaetodon ephippium,A. C. L. G. Günther,021561F000066W000001.gif,https://www.fishwisepro.com/pics/GIF/TN/TN021561F000066W000001.gif,https://www.fishwisepro.com/pics/GIF/021561F000066W000001.gif,GIF,21561
Chaetodon ephippium,Jack Randall,021561F000024W000003.jpg,https://www.fishwisepro.com/pics/JPG/TN/TN021561F000024W000003.jpg,https://www.fishwisepro.com/pics/JPG/021561F000024W000003.jpg,JPG,21561
Chaetodon ephippium,Dennis Polack,021561F000009W000005.jpg,https://www.fishwisepro.com/pics/JPG/TN/TN021561F000009W000005.jpg,https://www.fishwisepro.com/pics/JPG/021561F000009W000005.jpg,JPG,21561
Chaetodon ephippium,Rick Winterbottom,021561F000112W000006.jpg,https://www.fishwisepro.com/pics/JPG/TN/TN021561F000112W000006.jpg,https://www.fishwisepro.com/pics/JPG/021561F000112W000006.jpg,JPG,21561
Chaetodon ephippium,Sally Polack,021561F000387W000007.jpg,https://www.fishwisepro.com/pics/JPG/TN/TN021561F000387W000007.jpg,https://www.fishwisepro.com/pics/JPG/021561F000387W000007.jpg,JPG,21561
Chaetodon ephippium,Sally Polack,021561F000387W000008.jpg,https://www.fishwisepro.com/pics/JPG/TN/TN021561F000387W000008.jpg,https://www.fishwisepro.com/pics/JPG/021561F000387W000008.jpg,JPG,21561
Chaetodon ephippium,Dennis Polack,021561F000009W000009.jpg,https://www.fishwisepro.com/pics/JPG/TN/TN021561F000009W000009.jpg,https://www.fishwisepro.com/pics/JPG/021561F000009W000009.jpg,JPG,21561
Chaetodon ephippium,Dennis Polack,021561F000009W000010.jpg,https://www.fishwisepro.com/pics/JPG/TN/TN021561F000009W000010.jpg,https://www.fishwisepro.com/pics/JPG/021561F000009W000010.jpg,JPG,21561
Chaetodon ephippium,Dennis Polack,021561F000009W000011.jpg,https://www.fishwisepro.com/pics/JPG/TN/TN021561F000009W000011.jpg,https://www.fishwisepro.com/pics/JPG/021561F000009W000011.jpg,JPG,21561
Chaetodon ephippium,Dennis Polack,021561F000009W000012.jpg,https://www.fishwisepro.com/pics/JPG/TN/TN021561F000009W000012.jpg,https://www.fishwisepro.com/pics/JPG/021561F000009W000012.jpg,JPG,21561
Chaetodon ephippium,Dennis Polack,021561F000009W000013.jpg,https://www.fishwisepro.com/pics/JPG/TN/TN021561F000009W000013.jpg,https://www.fishwisepro.com/pics/JPG/021561F000009W000013.jpg,JPG,21561
Chaetodon ephippium,Dennis Polack,021561F000009W000014.jpg,https://www.fishwisepro.com/pics/JPG/TN/TN021561F000009W000014.jpg,https://www.fishwisepro.com/pics/JPG/021561F000009W000014.jpg,JPG,21561
Chaetodon ephippium,Dennis Polack,021561F000009W000015.jpg,https://www.fishwisepro.com/pics/JPG/TN/TN021561F000009W000015.jpg,https://www.fishwisepro.com/pics/JPG/021561F000009W000015.jpg,JPG,21561
Chaetodon ephippium,Dennis Polack,021561F000009W000016.jpg,https://www.fishwisepro.com/pics/JPG/TN/TN021561F000009W000016.jpg,https://www.fishwisepro.com/pics/JPG/021561F000009W000016.jpg,JPG,21561
Chaetodon ephippium,Dennis Polack,021561F000009W000017.jpg,https://www.fishwisepro.com/pics/JPG/TN/TN021561F000009W000017.jpg,https://www.fishwisepro.com/pics/JPG/021561F000009W000017.jpg,JPG,21561
Chaetodon ephippium,Dennis Polack,021561F000009W000018.jpg,https://www.fishwisepro.com/pics/JPG/TN/TN021561F000009W000018.jpg,https://www.fishwisepro.com/pics/JPG/021561F000009W000018.jpg,JPG,21561
Chaetodon ephippium,Dennis Polack,021561F000009W000019.jpg,https://www.fishwisepro.com/pics/JPG/TN/TN021561F000009W000019.jpg,https://www.fishwisepro.com/pics/JPG/021561F000009W000019.jpg,JPG,21561
Chaetodon falcula,Jack Randall,022574F000024W000001.jpg,https://www.fishwisepro.com/pics/JPG/TN/TN022574F000024W000001.jpg,https://www.fishwisepro.com/pics/JPG/022574F000024W000001.jpg,JPG,22574
Chaetodon falcula,Dennis Polack,022574F000009W000003.jpg,https://www.fishwisepro.com/pics/JPG/TN/TN022574F000009W000003.jpg,https://www.fishwisepro.com/pics/JPG/022574F000009W000003.jpg,JPG,22574
Chaetodon falcula,Jack Randall,022574F000024W000002.jpg,https://www.fishwisepro.com/pics/JPG/TN/TN022574F000024W000002.jpg,https://www.fishwisepro.com/pics/JPG/022574F000024W000002.jpg,JPG,22574
Chaetodon falcula,B. Bonhall,022574F000217W000004.jpg,https://www.fishwisepro.com/pics/JPG/TN/TN022574F000217W000004.jpg,https://www.fishwisepro.com/pics/JPG/022574F000217W000004.jpg,JPG,22574
Chaetodon falcula,Rick Winterbottom,022574F000112W000005.jpg,https://www.fishwisepro.com/pics/JPG/TN/TN022574F000112W000005.jpg,https://www.fishwisepro.com/pics/JPG/022574F000112W000005.jpg,JPG,22574
Chaetodon fasciatus,Richard Field,090685F000175W000001.jpg,https://www.fishwisepro.com/pics/JPG/TN/TN090685F000175W000001.jpg,https://www.fishwisepro.com/pics/JPG/090685F000175W000001.jpg,JPG,90685
Chaetodon fasciatus,Dennis Polack,090685F000009W000002.jpg,https://www.fishwisepro.com/pics/JPG/TN/TN090685F000009W000002.jpg,https://www.fishwisepro.com/pics/JPG/090685F000009W000002.jpg,JPG,90685
Chaetodon fasciatus,Jack Randall,090685F000024W000003.jpg,https://www.fishwisepro.com/pics/JPG/TN/TN090685F000024W000003.jpg,https://www.fishwisepro.com/pics/JPG/090685F000024W000003.jpg,JPG,90685
Chaetodon fasciatus,Jack Randall,090685F000024W000004.jpg,https://www.fishwisepro.com/pics/JPG/TN/TN090685F000024W000004.jpg,https://www.fishwisepro.com/pics/JPG/090685F000024W000004.jpg,JPG,90685
Chaetodon fasciatus,Jack Randall,090685F000024W000005.jpg,https://www.fishwisepro.com/pics/JPG/TN/TN090685F000024W000005.jpg,https://www.fishwisepro.com/pics/JPG/090685F000024W000005.jpg,JPG,90685
Chaetodon fasciatus,Dennis Polack,090685F000009W000007.jpg,https://www.fishwisepro.com/pics/JPG/TN/TN090685F000009W000007.jpg,https://www.fishwisepro.com/pics/JPG/090685F000009W000007.jpg,JPG,90685
Chaetodon fasciatus,Dennis Polack,090685F000009W000008.jpg,https://www.fishwisepro.com/pics/JPG/TN/TN090685F000009W000008.jpg,https://www.fishwisepro.com/pics/JPG/090685F000009W000008.jpg,JPG,90685
Chaetodon fasciatus,Sally Polack,090685F000387W000010.jpg,https://www.fishwisepro.com/pics/JPG/TN/TN090685F000387W000010.jpg,https://www.fishwisepro.com/pics/JPG/090685F000387W000010.jpg,JPG,90685
Chaetodon fasciatus,Sally Polack,090685F000387W000011.jpg,https://www.fishwisepro.com/pics/JPG/TN/TN090685F000387W000011.jpg,https://www.fishwisepro.com/pics/JPG/090685F000387W000011.jpg,JPG,90685
Chaetodon fasciatus,Sally Polack,090685F000387W000012.jpg,https://www.fishwisepro.com/pics/JPG/TN/TN090685F000387W000012.jpg,https://www.fishwisepro.com/pics/JPG/090685F000387W000012.jpg,JPG,90685
Chaetodon flavirostris,Richard Ling,023881F006689W000004.jpg,https://www.fishwisepro.com/pics/JPG/TN/TN023881F006689W000004.jpg,https://www.fishwisepro.com/pics/JPG/023881F006689W000004.jpg,JPG,23881
Chaetodon flavirostris,Jack Randall,023881F000024W000001.jpg,https://www.fishwisepro.com/pics/JPG/TN/TN023881F000024W000001.jpg,https://www.fishwisepro.com/pics/JPG/023881F000024W000001.jpg,JPG,23881
Chaetodon flavirostris,Jack Randall,023881F000024W000002.jpg,https://www.fishwisepro.com/pics/JPG/TN/TN023881F000024W000002.jpg,https://www.fishwisepro.com/pics/JPG/023881F000024W000002.jpg,JPG,23881
Chaetodon flavirostris,Rick Winterbottom,023881F000112W000003.jpg,https://www.fishwisepro.com/pics/JPG/TN/TN023881F000112W000003.jpg,https://www.fishwisepro.com/pics/JPG/023881F000112W000003.jpg,JPG,23881
Chaetodon flavocoronatus,R. L. Pyle,023913F000038W000001.jpg,https://www.fishwisepro.com/pics/JPG/TN/TN023913F000038W000001.jpg,https://www.fishwisepro.com/pics/JPG/023913F000038W000001.jpg,JPG,23913
Chaetodon flavocoronatus,Jack Randall,023913F000024W000002.jpg,https://www.fishwisepro.com/pics/JPG/TN/TN023913F000024W000002.jpg,https://www.fishwisepro.com/pics/JPG/023913F000024W000002.jpg,JPG,23913
Chaetodon fremblii,Jack Randall,024634F000024W000001.jpg,https://www.fishwisepro.com/pics/JPG/TN/TN024634F000024W000001.jpg,https://www.fishwisepro.com/pics/JPG/024634F000024W000001.jpg,JPG,24634
Chaetodon fremblii,Jack Randall,024634F000024W000002.jpg,https://www.fishwisepro.com/pics/JPG/TN/TN024634F000024W000002.jpg,https://www.fishwisepro.com/pics/JPG/024634F000024W000002.jpg,JPG,24634
Chaetodon fremblii,Dennis Polack,024634F000009W000003.jpg,https://www.fishwisepro.com/pics/JPG/TN/TN024634F000009W000003.jpg,https://www.fishwisepro.com/pics/JPG/024634F000009W000003.jpg,JPG,24634
Chaetodon gardineri,Jack Randall,025566F000024W000002.jpg,https://www.fishwisepro.com/pics/JPG/TN/TN025566F000024W000002.jpg,https://www.fishwisepro.com/pics/JPG/025566F000024W000002.jpg,JPG,25566
Chaetodon gardineri,FAO,025566F000025W000001.gif,https://www.fishwisepro.com/pics/GIF/TN/TN025566F000025W000001.gif,https://www.fishwisepro.com/pics/GIF/025566F000025W000001.gif,GIF,25566
Chaetodon gardineri,Jack Randall,025566F000024W000003.jpg,https://www.fishwisepro.com/pics/JPG/TN/TN025566F000024W000003.jpg,https://www.fishwisepro.com/pics/JPG/025566F000024W000003.jpg,JPG,25566
Chaetodon gardineri,G. V. Hermosa Jr.,025566F000049W000004.jpg,https://www.fishwisepro.com/pics/JPG/TN/TN025566F000049W000004.jpg,https://www.fishwisepro.com/pics/JPG/025566F000049W000004.jpg,JPG,25566
Chaetodon guentheri,Ken Graham,027857F007696W000003.jpg,https://www.fishwisepro.com/pics/JPG/TN/TN027857F007696W000003.jpg,https://www.fishwisepro.com/pics/JPG/027857F007696W000003.jpg,JPG,27857
Chaetodon guentheri,Ken Graham,027857F007696W000004.jpg,https://www.fishwisepro.com/pics/JPG/TN/TN027857F007696W000004.jpg,https://www.fishwisepro.com/pics/JPG/027857F007696W000004.jpg,JPG,27857
Chaetodon guentheri,Jack Randall,027857F000024W000001.jpg,https://www.fishwisepro.com/pics/JPG/TN/TN027857F000024W000001.jpg,https://www.fishwisepro.com/pics/JPG/027857F000024W000001.jpg,JPG,27857
Chaetodon guentheri,Jack Randall,027857F000024W000002.jpg,https://www.fishwisepro.com/pics/JPG/TN/TN027857F000024W000002.jpg,https://www.fishwisepro.com/pics/JPG/027857F000024W000002.jpg,JPG,27857
Chaetodon guttatissimus,Pam Osborn,028217F000493W000018.jpg,https://www.fishwisepro.com/pics/JPG/TN/TN028217F000493W000018.jpg,https://www.fishwisepro.com/pics/JPG/028217F000493W000018.jpg,JPG,28217
Chaetodon guttatissimus,Dennis Polack,028217F000009W000019.jpg,https://www.fishwisepro.com/pics/JPG/TN/TN028217F000009W000019.jpg,https://www.fishwisepro.com/pics/JPG/028217F000009W000019.jpg,JPG,28217
Chaetodon guttatissimus,Dennis Polack,028217F000009W000020.jpg,https://www.fishwisepro.com/pics/JPG/TN/TN028217F000009W000020.jpg,https://www.fishwisepro.com/pics/JPG/028217F000009W000020.jpg,JPG,28217
Chaetodon guttatissimus,Jack Randall,028217F000024W000001.jpg,https://www.fishwisepro.com/pics/JPG/TN/TN028217F000024W000001.jpg,https://www.fishwisepro.com/pics/JPG/028217F000024W000001.jpg,JPG,28217
Chaetodon guttatissimus,Johnny van der Walt,028217F000261W000003.jpg,https://www.fishwisepro.com/pics/JPG/TN/TN028217F000261W000003.jpg,https://www.fishwisepro.com/pics/JPG/028217F000261W000003.jpg,JPG,28217
Chaetodon guttatissimus,Jack Randall,028217F000024W000002.jpg,https://www.fishwisepro.com/pics/JPG/TN/TN028217F000024W000002.jpg,https://www.fishwisepro.com/pics/JPG/028217F000024W000002.jpg,JPG,28217
Chaetodon guttatissimus,Jeremy Tindall,028217F000167W000004.jpg,https://www.fishwisepro.com/pics/JPG/TN/TN028217F000167W000004.jpg,https://www.fishwisepro.com/pics/JPG/028217F000167W000004.jpg,JPG,28217
Chaetodon guttatissimus,Rick Winterbottom,028217F000112W000005.jpg,https://www.fishwisepro.com/pics/JPG/TN/TN028217F000112W000005.jpg,https://www.fishwisepro.com/pics/JPG/028217F000112W000005.jpg,JPG,28217
Chaetodon guttatissimus,Jack Randall,028217F000024W000006.jpg,https://www.fishwisepro.com/pics/JPG/TN/TN028217F000024W000006.jpg,https://www.fishwisepro.com/pics/JPG/028217F000024W000006.jpg,JPG,28217
Chaetodon guttatissimus,Dennis Polack,028217F000009W000007.jpg,https://www.fishwisepro.com/pics/JPG/TN/TN028217F000009W000007.jpg,https://www.fishwisepro.com/pics/JPG/028217F000009W000007.jpg,JPG,28217
Chaetodon guttatissimus,Dennis Polack,028217F000009W000008.jpg,https://www.fishwisepro.com/pics/JPG/TN/TN028217F000009W000008.jpg,https://www.fishwisepro.com/pics/JPG/028217F000009W000008.jpg,JPG,28217
Chaetodon guttatissimus,Dennis Polack,028217F000009W000009.jpg,https://www.fishwisepro.com/pics/JPG/TN/TN028217F000009W000009.jpg,https://www.fishwisepro.com/pics/JPG/028217F000009W000009.jpg,JPG,28217
Chaetodon guttatissimus,Rick Winterbottom,028217F000112W000010.jpg,https://www.fishwisepro.com/pics/JPG/TN/TN028217F000112W000010.jpg,https://www.fishwisepro.com/pics/JPG/028217F000112W000010.jpg,JPG,28217
Chaetodon guttatissimus,Dennis Polack,028217F000009W000011.jpg,https://www.fishwisepro.com/pics/JPG/TN/TN028217F000009W000011.jpg,https://www.fishwisepro.com/pics/JPG/028217F000009W000011.jpg,JPG,28217
Chaetodon guttatissimus,Dennis Polack,028217F000009W000012.jpg,https://www.fishwisepro.com/pics/JPG/TN/TN028217F000009W000012.jpg,https://www.fishwisepro.com/pics/JPG/028217F000009W000012.jpg,JPG,28217
Chaetodon guttatissimus,Dennis Polack,028217F000009W000013.jpg,https://www.fishwisepro.com/pics/JPG/TN/TN028217F000009W000013.jpg,https://www.fishwisepro.com/pics/JPG/028217F000009W000013.jpg,JPG,28217
Chaetodon guttatissimus,Dennis Polack,028217F000009W000014.jpg,https://www.fishwisepro.com/pics/JPG/TN/TN028217F000009W000014.jpg,https://www.fishwisepro.com/pics/JPG/028217F000009W000014.jpg,JPG,28217
Chaetodon guttatissimus,Dennis Polack,028217F000009W000015.jpg,https://www.fishwisepro.com/pics/JPG/TN/TN028217F000009W000015.jpg,https://www.fishwisepro.com/pics/JPG/028217F000009W000015.jpg,JPG,28217
Chaetodon guttatissimus,Dennis Polack,028217F000009W000016.jpg,https://www.fishwisepro.com/pics/JPG/TN/TN028217F000009W000016.jpg,https://www.fishwisepro.com/pics/JPG/028217F000009W000016.jpg,JPG,28217
Chaetodon hoefleri,Jack Randall,029994F000024W000001.jpg,https://www.fishwisepro.com/pics/JPG/TN/TN029994F000024W000001.jpg,https://www.fishwisepro.com/pics/JPG/029994F000024W000001.jpg,JPG,29994
Chaetodon hoefleri,Jack Randall,029994F000024W000002.jpg,https://www.fishwisepro.com/pics/JPG/TN/TN029994F000024W000002.jpg,https://www.fishwisepro.com/pics/JPG/029994F000024W000002.jpg,JPG,29994
Chaetodon humeralis,FAO,030547F000025W000001.gif,https://www.fishwisepro.com/pics/GIF/TN/TN030547F000025W000001.gif,https://www.fishwisepro.com/pics/GIF/030547F000025W000001.gif,GIF,30547
Chaetodon interruptus,Dennis Polack,032066F000009W000043.jpg,https://www.fishwisepro.com/pics/JPG/TN/TN032066F000009W000043.jpg,https://www.fishwisepro.com/pics/JPG/032066F000009W000043.jpg,JPG,32066
Chaetodon interruptus,Jack Randall,032066F000024W000010.jpg,https://www.fishwisepro.com/pics/JPG/TN/TN032066F000024W000010.jpg,https://www.fishwisepro.com/pics/JPG/032066F000024W000010.jpg,JPG,32066
Chaetodon interruptus,Jack Randall,032066F000024W000011.jpg,https://www.fishwisepro.com/pics/JPG/TN/TN032066F000024W000011.jpg,https://www.fishwisepro.com/pics/JPG/032066F000024W000011.jpg,JPG,32066
Chaetodon interruptus,Dennis Polack,032066F000009W000001.jpg,https://www.fishwisepro.com/pics/JPG/TN/TN032066F000009W000001.jpg,https://www.fishwisepro.com/pics/JPG/032066F000009W000001.jpg,JPG,32066
Chaetodon interruptus,Jeremy Tindall,032066F000167W000002.jpg,https://www.fishwisepro.com/pics/JPG/TN/TN032066F000167W000002.jpg,https://www.fishwisepro.com/pics/JPG/032066F000167W000002.jpg,JPG,32066
Chaetodon interruptus,Jeremy Tindall,032066F000167W000003.jpg,https://www.fishwisepro.com/pics/JPG/TN/TN032066F000167W000003.jpg,https://www.fishwisepro.com/pics/JPG/032066F000167W000003.jpg,JPG,32066
Chaetodon interruptus,Dennis Polack,032066F000009W000004.jpg,https://www.fishwisepro.com/pics/JPG/TN/TN032066F000009W000004.jpg,https://www.fishwisepro.com/pics/JPG/032066F000009W000004.jpg,JPG,32066
Chaetodon interruptus,Dennis Polack,032066F000009W000005.jpg,https://www.fishwisepro.com/pics/JPG/TN/TN032066F000009W000005.jpg,https://www.fishwisepro.com/pics/JPG/032066F000009W000005.jpg,JPG,32066
Chaetodon interruptus,Dennis Polack,032066F000009W000006.jpg,https://www.fishwisepro.com/pics/JPG/TN/TN032066F000009W000006.jpg,https://www.fishwisepro.com/pics/JPG/032066F000009W000006.jpg,JPG,32066
Chaetodon interruptus,Dennis Polack,032066F000009W000007.jpg,https://www.fishwisepro.com/pics/JPG/TN/TN032066F000009W000007.jpg,https://www.fishwisepro.com/pics/JPG/032066F000009W000007.jpg,JPG,32066
Chaetodon interruptus,Dennis Polack,032066F000009W000008.jpg,https://www.fishwisepro.com/pics/JPG/TN/TN032066F000009W000008.jpg,https://www.fishwisepro.com/pics/JPG/032066F000009W000008.jpg,JPG,32066
Chaetodon interruptus,Dennis Polack,032066F000009W000009.jpg,https://www.fishwisepro.com/pics/JPG/TN/TN032066F000009W000009.jpg,https://www.fishwisepro.com/pics/JPG/032066F000009W000009.jpg,JPG,32066
Chaetodon interruptus,Rick Winterbottom,032066F000112W000012.jpg,https://www.fishwisepro.com/pics/JPG/TN/TN032066F000112W000012.jpg,https://www.fishwisepro.com/pics/JPG/032066F000112W000012.jpg,JPG,32066
Chaetodon interruptus,Rick Winterbottom,032066F000112W000013.jpg,https://www.fishwisepro.com/pics/JPG/TN/TN032066F000112W000013.jpg,https://www.fishwisepro.com/pics/JPG/032066F000112W000013.jpg,JPG,32066
Chaetodon interruptus,Rick Winterbottom,032066F000112W000014.jpg,https://www.fishwisepro.com/pics/JPG/TN/TN032066F000112W000014.jpg,https://www.fishwisepro.com/pics/JPG/032066F000112W000014.jpg,JPG,32066
Chaetodon interruptus,Dennis Polack,032066F000009W000015.jpg,https://www.fishwisepro.com/pics/JPG/TN/TN032066F000009W000015.jpg,https://www.fishwisepro.com/pics/JPG/032066F000009W000015.jpg,JPG,32066
Chaetodon interruptus,Dennis Polack,032066F000009W000016.jpg,https://www.fishwisepro.com/pics/JPG/TN/TN032066F000009W000016.jpg,https://www.fishwisepro.com/pics/JPG/032066F000009W000016.jpg,JPG,32066
Chaetodon interruptus,Dennis Polack,032066F000009W000017.jpg,https://www.fishwisepro.com/pics/JPG/TN/TN032066F000009W000017.jpg,https://www.fishwisepro.com/pics/JPG/032066F000009W000017.jpg,JPG,32066
Chaetodon interruptus,Dennis Polack,032066F000009W000018.jpg,https://www.fishwisepro.com/pics/JPG/TN/TN032066F000009W000018.jpg,https://www.fishwisepro.com/pics/JPG/032066F000009W000018.jpg,JPG,32066
Chaetodon interruptus,Dennis Polack,032066F000009W000019.jpg,https://www.fishwisepro.com/pics/JPG/TN/TN032066F000009W000019.jpg,https://www.fishwisepro.com/pics/JPG/032066F000009W000019.jpg,JPG,32066
Chaetodon interruptus,Dennis Polack,032066F000009W000020.jpg,https://www.fishwisepro.com/pics/JPG/TN/TN032066F000009W000020.jpg,https://www.fishwisepro.com/pics/JPG/032066F000009W000020.jpg,JPG,32066
Chaetodon interruptus,Dennis Polack,032066F000009W000021.jpg,https://www.fishwisepro.com/pics/JPG/TN/TN032066F000009W000021.jpg,https://www.fishwisepro.com/pics/JPG/032066F000009W000021.jpg,JPG,32066
Chaetodon interruptus,Dennis Polack,032066F000009W000022.jpg,https://www.fishwisepro.com/pics/JPG/TN/TN032066F000009W000022.jpg,https://www.fishwisepro.com/pics/JPG/032066F000009W000022.jpg,JPG,32066
Chaetodon interruptus,Dennis Polack,032066F000009W000023.jpg,https://www.fishwisepro.com/pics/JPG/TN/TN032066F000009W000023.jpg,https://www.fishwisepro.com/pics/JPG/032066F000009W000023.jpg,JPG,32066
Chaetodon interruptus,Dennis Polack,032066F000009W000024.jpg,https://www.fishwisepro.com/pics/JPG/TN/TN032066F000009W000024.jpg,https://www.fishwisepro.com/pics/JPG/032066F000009W000024.jpg,JPG,32066
Chaetodon interruptus,Dennis Polack,032066F000009W000025.jpg,https://www.fishwisepro.com/pics/JPG/TN/TN032066F000009W000025.jpg,https://www.fishwisepro.com/pics/JPG/032066F000009W000025.jpg,JPG,32066
Chaetodon interruptus,Dennis Polack,032066F000009W000026.jpg,https://www.fishwisepro.com/pics/JPG/TN/TN032066F000009W000026.jpg,https://www.fishwisepro.com/pics/JPG/032066F000009W000026.jpg,JPG,32066
Chaetodon interruptus,Dennis Polack,032066F000009W000027.jpg,https://www.fishwisepro.com/pics/JPG/TN/TN032066F000009W000027.jpg,https://www.fishwisepro.com/pics/JPG/032066F000009W000027.jpg,JPG,32066
Chaetodon interruptus,Sally Polack,032066F000387W000028.jpg,https://www.fishwisepro.com/pics/JPG/TN/TN032066F000387W000028.jpg,https://www.fishwisepro.com/pics/JPG/032066F000387W000028.jpg,JPG,32066
Chaetodon interruptus,Dennis Polack,032066F000009W000029.jpg,https://www.fishwisepro.com/pics/JPG/TN/TN032066F000009W000029.jpg,https://www.fishwisepro.com/pics/JPG/032066F000009W000029.jpg,JPG,32066
Chaetodon interruptus,Dennis Polack,032066F000009W000031.jpg,https://www.fishwisepro.com/pics/JPG/TN/TN032066F000009W000031.jpg,https://www.fishwisepro.com/pics/JPG/032066F000009W000031.jpg,JPG,32066
Chaetodon interruptus,Sally Polack,032066F000387W000032.jpg,https://www.fishwisepro.com/pics/JPG/TN/TN032066F000387W000032.jpg,https://www.fishwisepro.com/pics/JPG/032066F000387W000032.jpg,JPG,32066
Chaetodon interruptus,Sally Polack,032066F000387W000033.jpg,https://www.fishwisepro.com/pics/JPG/TN/TN032066F000387W000033.jpg,https://www.fishwisepro.com/pics/JPG/032066F000387W000033.jpg,JPG,32066
Chaetodon interruptus,Dennis Polack,032066F000009W000034.jpg,https://www.fishwisepro.com/pics/JPG/TN/TN032066F000009W000034.jpg,https://www.fishwisepro.com/pics/JPG/032066F000009W000034.jpg,JPG,32066
Chaetodon interruptus,Dennis Polack,032066F000009W000035.jpg,https://www.fishwisepro.com/pics/JPG/TN/TN032066F000009W000035.jpg,https://www.fishwisepro.com/pics/JPG/032066F000009W000035.jpg,JPG,32066
Chaetodon interruptus,Dennis Polack,032066F000009W000036.jpg,https://www.fishwisepro.com/pics/JPG/TN/TN032066F000009W000036.jpg,https://www.fishwisepro.com/pics/JPG/032066F000009W000036.jpg,JPG,32066
Chaetodon interruptus,Dennis Polack,032066F000009W000037.jpg,https://www.fishwisepro.com/pics/JPG/TN/TN032066F000009W000037.jpg,https://www.fishwisepro.com/pics/JPG/032066F000009W000037.jpg,JPG,32066
Chaetodon interruptus,Dennis Polack,032066F000009W000042.jpg,https://www.fishwisepro.com/pics/JPG/TN/TN032066F000009W000042.jpg,https://www.fishwisepro.com/pics/JPG/032066F000009W000042.jpg,JPG,32066
Chaetodon kleinii,Rokus Groeneveld,034237F000451W000021.jpg,https://www.fishwisepro.com/pics/JPG/TN/TN034237F000451W000021.jpg,https://www.fishwisepro.com/pics/JPG/034237F000451W000021.jpg,JPG,34237
Chaetodon kleinii,Dennis Polack,034237F000009W000007.jpg,https://www.fishwisepro.com/pics/JPG/TN/TN034237F000009W000007.jpg,https://www.fishwisepro.com/pics/JPG/034237F000009W000007.jpg,JPG,34237
Chaetodon kleinii,Jack Randall,034237F000024W000001.jpg,https://www.fishwisepro.com/pics/JPG/TN/TN034237F000024W000001.jpg,https://www.fishwisepro.com/pics/JPG/034237F000024W000001.jpg,JPG,34237
Chaetodon kleinii,Jack Randall,034237F000024W000002.jpg,https://www.fishwisepro.com/pics/JPG/TN/TN034237F000024W000002.jpg,https://www.fishwisepro.com/pics/JPG/034237F000024W000002.jpg,JPG,34237
Chaetodon kleinii,Jack Randall,034237F000024W000004.jpg,https://www.fishwisepro.com/pics/JPG/TN/TN034237F000024W000004.jpg,https://www.fishwisepro.com/pics/JPG/034237F000024W000004.jpg,JPG,34237
Chaetodon kleinii,Jack Randall,034237F000024W000005.jpg,https://www.fishwisepro.com/pics/JPG/TN/TN034237F000024W000005.jpg,https://www.fishwisepro.com/pics/JPG/034237F000024W000005.jpg,JPG,34237
Chaetodon kleinii,J.-C. Baur,034237F000035W000003.jpg,https://www.fishwisepro.com/pics/JPG/TN/TN034237F000035W000003.jpg,https://www.fishwisepro.com/pics/JPG/034237F000035W000003.jpg,JPG,34237
Chaetodon kleinii,Phil Heemstra,034237F000004W000006.jpg,https://www.fishwisepro.com/pics/JPG/TN/TN034237F000004W000006.jpg,https://www.fishwisepro.com/pics/JPG/034237F000004W000006.jpg,JPG,34237
Chaetodon kleinii,Dennis Polack,034237F000009W000008.jpg,https://www.fishwisepro.com/pics/JPG/TN/TN034237F000009W000008.jpg,https://www.fishwisepro.com/pics/JPG/034237F000009W000008.jpg,JPG,34237
Chaetodon kleinii,Rick Winterbottom,034237F000112W000009.jpg,https://www.fishwisepro.com/pics/JPG/TN/TN034237F000112W000009.jpg,https://www.fishwisepro.com/pics/JPG/034237F000112W000009.jpg,JPG,34237
Chaetodon kleinii,Rick Winterbottom,034237F000112W000010.jpg,https://www.fishwisepro.com/pics/JPG/TN/TN034237F000112W000010.jpg,https://www.fishwisepro.com/pics/JPG/034237F000112W000010.jpg,JPG,34237
Chaetodon kleinii,Dennis Polack,034237F000009W000011.jpg,https://www.fishwisepro.com/pics/JPG/TN/TN034237F000009W000011.jpg,https://www.fishwisepro.com/pics/JPG/034237F000009W000011.jpg,JPG,34237
Chaetodon kleinii,Rick Winterbottom,034237F000112W000012.jpg,https://www.fishwisepro.com/pics/JPG/TN/TN034237F000112W000012.jpg,https://www.fishwisepro.com/pics/JPG/034237F000112W000012.jpg,JPG,34237
Chaetodon kleinii,Dennis Polack,034237F000009W000013.jpg,https://www.fishwisepro.com/pics/JPG/TN/TN034237F000009W000013.jpg,https://www.fishwisepro.com/pics/JPG/034237F000009W000013.jpg,JPG,34237
Chaetodon kleinii,Sally Polack,034237F000387W000014.jpg,https://www.fishwisepro.com/pics/JPG/TN/TN034237F000387W000014.jpg,https://www.fishwisepro.com/pics/JPG/034237F000387W000014.jpg,JPG,34237
Chaetodon kleinii,Dennis Polack,034237F000009W000015.jpg,https://www.fishwisepro.com/pics/JPG/TN/TN034237F000009W000015.jpg,https://www.fishwisepro.com/pics/JPG/034237F000009W000015.jpg,JPG,34237
Chaetodon kleinii,Dennis Polack,034237F000009W000016.jpg,https://www.fishwisepro.com/pics/JPG/TN/TN034237F000009W000016.jpg,https://www.fishwisepro.com/pics/JPG/034237F000009W000016.jpg,JPG,34237
Chaetodon kleinii,Sally Polack,034237F000387W000017.jpg,https://www.fishwisepro.com/pics/JPG/TN/TN034237F000387W000017.jpg,https://www.fishwisepro.com/pics/JPG/034237F000387W000017.jpg,JPG,34237
Chaetodon kleinii,Dennis Polack,034237F000009W000018.jpg,https://www.fishwisepro.com/pics/JPG/TN/TN034237F000009W000018.jpg,https://www.fishwisepro.com/pics/JPG/034237F000009W000018.jpg,JPG,34237
Chaetodon kleinii,Dennis Polack,034237F000009W000019.jpg,https://www.fishwisepro.com/pics/JPG/TN/TN034237F000009W000019.jpg,https://www.fishwisepro.com/pics/JPG/034237F000009W000019.jpg,JPG,34237
Chaetodon kleinii,Dennis Polack,034237F000009W000020.jpg,https://www.fishwisepro.com/pics/JPG/TN/TN034237F000009W000020.jpg,https://www.fishwisepro.com/pics/JPG/034237F000009W000020.jpg,JPG,34237
Chaetodon larvatus,Richard Field,035586F000175W000003.jpg,https://www.fishwisepro.com/pics/JPG/TN/TN035586F000175W000003.jpg,https://www.fishwisepro.com/pics/JPG/035586F000175W000003.jpg,JPG,35586
Chaetodon larvatus,Jack Randall,035586F000024W000001.jpg,https://www.fishwisepro.com/pics/JPG/TN/TN035586F000024W000001.jpg,https://www.fishwisepro.com/pics/JPG/035586F000024W000001.jpg,JPG,35586
Chaetodon larvatus,Jack Randall,035586F000024W000002.jpg,https://www.fishwisepro.com/pics/JPG/TN/TN035586F000024W000002.jpg,https://www.fishwisepro.com/pics/JPG/035586F000024W000002.jpg,JPG,35586
Chaetodon leucopleura,Jack Randall,036818F000024W000001.jpg,https://www.fishwisepro.com/pics/JPG/TN/TN036818F000024W000001.jpg,https://www.fishwisepro.com/pics/JPG/036818F000024W000001.jpg,JPG,36818
Chaetodon leucopleura,Jack Randall,036818F000024W000002.jpg,https://www.fishwisepro.com/pics/JPG/TN/TN036818F000024W000002.jpg,https://www.fishwisepro.com/pics/JPG/036818F000024W000002.jpg,JPG,36818
Chaetodon lineolatus,Dennis Polack,037464F000009W000014.jpg,https://www.fishwisepro.com/pics/JPG/TN/TN037464F000009W000014.jpg,https://www.fishwisepro.com/pics/JPG/037464F000009W000014.jpg,JPG,37464
Chaetodon lineolatus,Jack Randall,037464F000024W000001.jpg,https://www.fishwisepro.com/pics/JPG/TN/TN037464F000024W000001.jpg,https://www.fishwisepro.com/pics/JPG/037464F000024W000001.jpg,JPG,37464
Chaetodon lineolatus,Dennis Polack,037464F000009W000004.jpg,https://www.fishwisepro.com/pics/JPG/TN/TN037464F000009W000004.jpg,https://www.fishwisepro.com/pics/JPG/037464F000009W000004.jpg,JPG,37464
Chaetodon lineolatus,Jack Randall,037464F000024W000002.jpg,https://www.fishwisepro.com/pics/JPG/TN/TN037464F000024W000002.jpg,https://www.fishwisepro.com/pics/JPG/037464F000024W000002.jpg,JPG,37464
Chaetodon lineolatus,Dennis Polack,037464F000009W000008.jpg,https://www.fishwisepro.com/pics/JPG/TN/TN037464F000009W000008.jpg,https://www.fishwisepro.com/pics/JPG/037464F000009W000008.jpg,JPG,37464
Chaetodon lineolatus,Jack Randall,037464F000024W000005.jpg,https://www.fishwisepro.com/pics/JPG/TN/TN037464F000024W000005.jpg,https://www.fishwisepro.com/pics/JPG/037464F000024W000005.jpg,JPG,37464
Chaetodon lineolatus,Jack Randall,037464F000024W000006.jpg,https://www.fishwisepro.com/pics/JPG/TN/TN037464F000024W000006.jpg,https://www.fishwisepro.com/pics/JPG/037464F000024W000006.jpg,JPG,37464
Chaetodon lineolatus,D. C. Cook,037464F000031W000003.jpg,https://www.fishwisepro.com/pics/JPG/TN/TN037464F000031W000003.jpg,https://www.fishwisepro.com/pics/JPG/037464F000031W000003.jpg,JPG,37464
Chaetodon lineolatus,R. L. Pyle,037464F000038W000007.jpg,https://www.fishwisepro.com/pics/JPG/TN/TN037464F000038W000007.jpg,https://www.fishwisepro.com/pics/JPG/037464F000038W000007.jpg,JPG,37464
Chaetodon lineolatus,Rick Winterbottom,037464F000112W000009.jpg,https://www.fishwisepro.com/pics/JPG/TN/TN037464F000112W000009.jpg,https://www.fishwisepro.com/pics/JPG/037464F000112W000009.jpg,JPG,37464
Chaetodon lineolatus,R. L. Pyle,037464F000038W000010.jpg,https://www.fishwisepro.com/pics/JPG/TN/TN037464F000038W000010.jpg,https://www.fishwisepro.com/pics/JPG/037464F000038W000010.jpg,JPG,37464
Chaetodon lineolatus,Dennis Polack,037464F000009W000011.jpg,https://www.fishwisepro.com/pics/JPG/TN/TN037464F000009W000011.jpg,https://www.fishwisepro.com/pics/JPG/037464F000009W000011.jpg,JPG,37464
Chaetodon lineolatus,Dennis Polack,037464F000009W000012.jpg,https://www.fishwisepro.com/pics/JPG/TN/TN037464F000009W000012.jpg,https://www.fishwisepro.com/pics/JPG/037464F000009W000012.jpg,JPG,37464
Chaetodon lineolatus,Dennis Polack,037464F000009W000013.jpg,https://www.fishwisepro.com/pics/JPG/TN/TN037464F000009W000013.jpg,https://www.fishwisepro.com/pics/JPG/037464F000009W000013.jpg,JPG,37464
Chaetodon litus,Jack Randall,037764F000024W000002.jpg,https://www.fishwisepro.com/pics/JPG/TN/TN037764F000024W000002.jpg,https://www.fishwisepro.com/pics/JPG/037764F000024W000002.jpg,JPG,37764
Chaetodon litus,Jack Randall,037764F000024W000001.jpg,https://www.fishwisepro.com/pics/JPG/TN/TN037764F000024W000001.jpg,https://www.fishwisepro.com/pics/JPG/037764F000024W000001.jpg,JPG,37764
Chaetodon lunula,Jack Randall,107206F000024W000004.jpg,https://www.fishwisepro.com/pics/JPG/TN/TN107206F000024W000004.jpg,https://www.fishwisepro.com/pics/JPG/107206F000024W000004.jpg,JPG,107206
Chaetodon lunula,Jack Randall,107206F000024W000003.jpg,https://www.fishwisepro.com/pics/JPG/TN/TN107206F000024W000003.jpg,https://www.fishwisepro.com/pics/JPG/107206F000024W000003.jpg,JPG,107206
Chaetodon lunula,Jack Randall,107206F000024W000001.jpg,https://www.fishwisepro.com/pics/JPG/TN/TN107206F000024W000001.jpg,https://www.fishwisepro.com/pics/JPG/107206F000024W000001.jpg,JPG,107206
Chaetodon lunula,Jack Randall,107206F000024W000005.jpg,https://www.fishwisepro.com/pics/JPG/TN/TN107206F000024W000005.jpg,https://www.fishwisepro.com/pics/JPG/107206F000024W000005.jpg,JPG,107206
Chaetodon lunula,Jack Randall,107206F000024W000006.jpg,https://www.fishwisepro.com/pics/JPG/TN/TN107206F000024W000006.jpg,https://www.fishwisepro.com/pics/JPG/107206F000024W000006.jpg,JPG,107206
Chaetodon lunula,K. T. Shao,107206F000039W000002.jpg,https://www.fishwisepro.com/pics/JPG/TN/TN107206F000039W000002.jpg,https://www.fishwisepro.com/pics/JPG/107206F000039W000002.jpg,JPG,107206
Chaetodon lunula,Rick Winterbottom,107206F000112W000007.jpg,https://www.fishwisepro.com/pics/JPG/TN/TN107206F000112W000007.jpg,https://www.fishwisepro.com/pics/JPG/107206F000112W000007.jpg,JPG,107206
Chaetodon lunula,Dennis Polack,107206F000009W000009.jpg,https://www.fishwisepro.com/pics/JPG/TN/TN107206F000009W000009.jpg,https://www.fishwisepro.com/pics/JPG/107206F000009W000009.jpg,JPG,107206
Chaetodon lunula,Dennis Polack,107206F000009W000010.jpg,https://www.fishwisepro.com/pics/JPG/TN/TN107206F000009W000010.jpg,https://www.fishwisepro.com/pics/JPG/107206F000009W000010.jpg,JPG,107206
Chaetodon lunula,Dennis Polack,107206F000009W000011.jpg,https://www.fishwisepro.com/pics/JPG/TN/TN107206F000009W000011.jpg,https://www.fishwisepro.com/pics/JPG/107206F000009W000011.jpg,JPG,107206
Chaetodon lunula,Rick Winterbottom,107206F000112W000012.jpg,https://www.fishwisepro.com/pics/JPG/TN/TN107206F000112W000012.jpg,https://www.fishwisepro.com/pics/JPG/107206F000112W000012.jpg,JPG,107206
Chaetodon lunula,Rick Winterbottom,107206F000112W000013.jpg,https://www.fishwisepro.com/pics/JPG/TN/TN107206F000112W000013.jpg,https://www.fishwisepro.com/pics/JPG/107206F000112W000013.jpg,JPG,107206
Chaetodon lunula,Rick Winterbottom,107206F000112W000014.jpg,https://www.fishwisepro.com/pics/JPG/TN/TN107206F000112W000014.jpg,https://www.fishwisepro.com/pics/JPG/107206F000112W000014.jpg,JPG,107206
Chaetodon lunula,Dennis Polack,107206F000009W000015.jpg,https://www.fishwisepro.com/pics/JPG/TN/TN107206F000009W000015.jpg,https://www.fishwisepro.com/pics/JPG/107206F000009W000015.jpg,JPG,107206
Chaetodon lunula,Dennis Polack,107206F000009W000016.jpg,https://www.fishwisepro.com/pics/JPG/TN/TN107206F000009W000016.jpg,https://www.fishwisepro.com/pics/JPG/107206F000009W000016.jpg,JPG,107206
Chaetodon lunula,Dennis Polack,107206F000009W000017.jpg,https://www.fishwisepro.com/pics/JPG/TN/TN107206F000009W000017.jpg,https://www.fishwisepro.com/pics/JPG/107206F000009W000017.jpg,JPG,107206
Chaetodon lunula,Dennis Polack,107206F000009W000018.jpg,https://www.fishwisepro.com/pics/JPG/TN/TN107206F000009W000018.jpg,https://www.fishwisepro.com/pics/JPG/107206F000009W000018.jpg,JPG,107206
Chaetodon lunula,Dennis Polack,107206F000009W000019.jpg,https://www.fishwisepro.com/pics/JPG/TN/TN107206F000009W000019.jpg,https://www.fishwisepro.com/pics/JPG/107206F000009W000019.jpg,JPG,107206
Chaetodon lunula,Dennis Polack,107206F000009W000020.jpg,https://www.fishwisepro.com/pics/JPG/TN/TN107206F000009W000020.jpg,https://www.fishwisepro.com/pics/JPG/107206F000009W000020.jpg,JPG,107206
Chaetodon lunula,Dennis Polack,107206F000009W000021.jpg,https://www.fishwisepro.com/pics/JPG/TN/TN107206F000009W000021.jpg,https://www.fishwisepro.com/pics/JPG/107206F000009W000021.jpg,JPG,107206
Chaetodon lunula,Dennis Polack,107206F000009W000022.jpg,https://www.fishwisepro.com/pics/JPG/TN/TN107206F000009W000022.jpg,https://www.fishwisepro.com/pics/JPG/107206F000009W000022.jpg,JPG,107206
Chaetodon lunula,Dennis Polack,107206F000009W000023.jpg,https://www.fishwisepro.com/pics/JPG/TN/TN107206F000009W000023.jpg,https://www.fishwisepro.com/pics/JPG/107206F000009W000023.jpg,JPG,107206
Chaetodon lunula,Steff Kriel,107206F000391W000024.jpg,https://www.fishwisepro.com/pics/JPG/TN/TN107206F000391W000024.jpg,https://www.fishwisepro.com/pics/JPG/107206F000391W000024.jpg,JPG,107206
Chaetodon lunulatus,Wayne Osborn,089264F000492W000011.jpg,https://www.fishwisepro.com/pics/JPG/TN/TN089264F000492W000011.jpg,https://www.fishwisepro.com/pics/JPG/089264F000492W000011.jpg,JPG,89264
Chaetodon lunulatus,Jack Randall,089264F000024W000001.jpg,https://www.fishwisepro.com/pics/JPG/TN/TN089264F000024W000001.jpg,https://www.fishwisepro.com/pics/JPG/089264F000024W000001.jpg,JPG,89264
Chaetodon lunulatus,Jack Randall,089264F000024W000002.jpg,https://www.fishwisepro.com/pics/JPG/TN/TN089264F000024W000002.jpg,https://www.fishwisepro.com/pics/JPG/089264F000024W000002.jpg,JPG,89264
Chaetodon lunulatus,R. L. Pyle,089264F000038W000003.jpg,https://www.fishwisepro.com/pics/JPG/TN/TN089264F000038W000003.jpg,https://www.fishwisepro.com/pics/JPG/089264F000038W000003.jpg,JPG,89264
Chaetodon lunulatus,Jack Randall,089264F000024W000004.jpg,https://www.fishwisepro.com/pics/JPG/TN/TN089264F000024W000004.jpg,https://www.fishwisepro.com/pics/JPG/089264F000024W000004.jpg,JPG,89264
Chaetodon lunulatus,Dennis Polack,089264F000009W000005.jpg,https://www.fishwisepro.com/pics/JPG/TN/TN089264F000009W000005.jpg,https://www.fishwisepro.com/pics/JPG/089264F000009W000005.jpg,JPG,89264
Chaetodon lunulatus,Sally Polack,089264F000387W000006.jpg,https://www.fishwisepro.com/pics/JPG/TN/TN089264F000387W000006.jpg,https://www.fishwisepro.com/pics/JPG/089264F000387W000006.jpg,JPG,89264
Chaetodon lunulatus,Dennis Polack,089264F000009W000007.jpg,https://www.fishwisepro.com/pics/JPG/TN/TN089264F000009W000007.jpg,https://www.fishwisepro.com/pics/JPG/089264F000009W000007.jpg,JPG,89264
Chaetodon lunulatus,Dennis Polack,089264F000009W000008.jpg,https://www.fishwisepro.com/pics/JPG/TN/TN089264F000009W000008.jpg,https://www.fishwisepro.com/pics/JPG/089264F000009W000008.jpg,JPG,89264
Chaetodon lunulatus,Dennis Polack,089264F000009W000009.jpg,https://www.fishwisepro.com/pics/JPG/TN/TN089264F000009W000009.jpg,https://www.fishwisepro.com/pics/JPG/089264F000009W000009.jpg,JPG,89264
Chaetodon lunulatus,Sally Polack,089264F000387W000010.jpg,https://www.fishwisepro.com/pics/JPG/TN/TN089264F000387W000010.jpg,https://www.fishwisepro.com/pics/JPG/089264F000387W000010.jpg,JPG,89264
Chaetodon madagaskariensis,Dennis Polack,040973F000009W000015.jpg,https://www.fishwisepro.com/pics/JPG/TN/TN040973F000009W000015.jpg,https://www.fishwisepro.com/pics/JPG/040973F000009W000015.jpg,JPG,40973
Chaetodon madagaskariensis,Jack Randall,040973F000024W000001.jpg,https://www.fishwisepro.com/pics/JPG/TN/TN040973F000024W000001.jpg,https://www.fishwisepro.com/pics/JPG/040973F000024W000001.jpg,JPG,40973
Chaetodon madagaskariensis,Jack Randall,040973F000024W000007.jpg,https://www.fishwisepro.com/pics/JPG/TN/TN040973F000024W000007.jpg,https://www.fishwisepro.com/pics/JPG/040973F000024W000007.jpg,JPG,40973
Chaetodon madagaskariensis,Rick Winterbottom,040973F000112W000002.jpg,https://www.fishwisepro.com/pics/JPG/TN/TN040973F000112W000002.jpg,https://www.fishwisepro.com/pics/JPG/040973F000112W000002.jpg,JPG,40973
Chaetodon madagaskariensis,Jack Randall,040973F000024W000004.jpg,https://www.fishwisepro.com/pics/JPG/TN/TN040973F000024W000004.jpg,https://www.fishwisepro.com/pics/JPG/040973F000024W000004.jpg,JPG,40973
Chaetodon madagaskariensis,Dennis Polack,040973F000009W000005.jpg,https://www.fishwisepro.com/pics/JPG/TN/TN040973F000009W000005.jpg,https://www.fishwisepro.com/pics/JPG/040973F000009W000005.jpg,JPG,40973
Chaetodon madagaskariensis,Rick Winterbottom,040973F000112W000006.jpg,https://www.fishwisepro.com/pics/JPG/TN/TN040973F000112W000006.jpg,https://www.fishwisepro.com/pics/JPG/040973F000112W000006.jpg,JPG,40973
Chaetodon madagaskariensis,Dennis Polack,040973F000009W000008.jpg,https://www.fishwisepro.com/pics/JPG/TN/TN040973F000009W000008.jpg,https://www.fishwisepro.com/pics/JPG/040973F000009W000008.jpg,JPG,40973
Chaetodon madagaskariensis,Dennis Polack,040973F000009W000009.jpg,https://www.fishwisepro.com/pics/JPG/TN/TN040973F000009W000009.jpg,https://www.fishwisepro.com/pics/JPG/040973F000009W000009.jpg,JPG,40973
Chaetodon madagaskariensis,Dennis Polack,040973F000009W000010.jpg,https://www.fishwisepro.com/pics/JPG/TN/TN040973F000009W000010.jpg,https://www.fishwisepro.com/pics/JPG/040973F000009W000010.jpg,JPG,40973
Chaetodon madagaskariensis,Sally Polack,040973F000387W000011.jpg,https://www.fishwisepro.com/pics/JPG/TN/TN040973F000387W000011.jpg,https://www.fishwisepro.com/pics/JPG/040973F000387W000011.jpg,JPG,40973
Chaetodon madagaskariensis,Sally Polack,040973F000387W000012.jpg,https://www.fishwisepro.com/pics/JPG/TN/TN040973F000387W000012.jpg,https://www.fishwisepro.com/pics/JPG/040973F000387W000012.jpg,JPG,40973
Chaetodon madagaskariensis,Sally Polack,040973F000387W000013.jpg,https://www.fishwisepro.com/pics/JPG/TN/TN040973F000387W000013.jpg,https://www.fishwisepro.com/pics/JPG/040973F000387W000013.jpg,JPG,40973
Chaetodon madagaskariensis,Dennis Polack,040973F000009W000014.jpg,https://www.fishwisepro.com/pics/JPG/TN/TN040973F000009W000014.jpg,https://www.fishwisepro.com/pics/JPG/040973F000009W000014.jpg,JPG,40973
Chaetodon marleyi,Jeremy Tindall,042046F000167W000001.jpg,https://www.fishwisepro.com/pics/JPG/TN/TN042046F000167W000001.jpg,https://www.fishwisepro.com/pics/JPG/042046F000167W000001.jpg,JPG,42046
Chaetodon marleyi,Jack Randall,042046F000024W000002.jpg,https://www.fishwisepro.com/pics/JPG/TN/TN042046F000024W000002.jpg,https://www.fishwisepro.com/pics/JPG/042046F000024W000002.jpg,JPG,42046
Chaetodon marleyi,Jack Randall,042046F000024W000003.jpg,https://www.fishwisepro.com/pics/JPG/TN/TN042046F000024W000003.jpg,https://www.fishwisepro.com/pics/JPG/042046F000024W000003.jpg,JPG,42046
Chaetodon marleyi,Dennis Polack,042046F000009W000004.jpg,https://www.fishwisepro.com/pics/JPG/TN/TN042046F000009W000004.jpg,https://www.fishwisepro.com/pics/JPG/042046F000009W000004.jpg,JPG,42046
Chaetodon marleyi,Dennis Polack,042046F000009W000005.jpg,https://www.fishwisepro.com/pics/JPG/TN/TN042046F000009W000005.jpg,https://www.fishwisepro.com/pics/JPG/042046F000009W000005.jpg,JPG,42046
Chaetodon marleyi,Dennis Polack,042046F000009W000006.jpg,https://www.fishwisepro.com/pics/JPG/TN/TN042046F000009W000006.jpg,https://www.fishwisepro.com/pics/JPG/042046F000009W000006.jpg,JPG,42046
Chaetodon marleyi,Neville Ayliffe,042046F000172W000007.jpg,https://www.fishwisepro.com/pics/JPG/TN/TN042046F000172W000007.jpg,https://www.fishwisepro.com/pics/JPG/042046F000172W000007.jpg,JPG,42046
Chaetodon melannotus,Dennis Polack,043154F000009W000004.jpg,https://www.fishwisepro.com/pics/JPG/TN/TN043154F000009W000004.jpg,https://www.fishwisepro.com/pics/JPG/043154F000009W000004.jpg,JPG,43154
Chaetodon melannotus,Jack Randall,043154F000024W000002.jpg,https://www.fishwisepro.com/pics/JPG/TN/TN043154F000024W000002.jpg,https://www.fishwisepro.com/pics/JPG/043154F000024W000002.jpg,JPG,43154
Chaetodon melannotus,Dennis Polack,043154F000009W000005.jpg,https://www.fishwisepro.com/pics/JPG/TN/TN043154F000009W000005.jpg,https://www.fishwisepro.com/pics/JPG/043154F000009W000005.jpg,JPG,43154
Chaetodon melannotus,Dennis Polack,043154F000009W000012.jpg,https://www.fishwisepro.com/pics/JPG/TN/TN043154F000009W000012.jpg,https://www.fishwisepro.com/pics/JPG/043154F000009W000012.jpg,JPG,43154
Chaetodon melannotus,Dennis Polack,043154F000009W000006.jpg,https://www.fishwisepro.com/pics/JPG/TN/TN043154F000009W000006.jpg,https://www.fishwisepro.com/pics/JPG/043154F000009W000006.jpg,JPG,43154
Chaetodon melannotus,Robert Yin,043154F000033W000003.jpg,https://www.fishwisepro.com/pics/JPG/TN/TN043154F000033W000003.jpg,https://www.fishwisepro.com/pics/JPG/043154F000033W000003.jpg,JPG,43154
Chaetodon melannotus,Jack Randall,043154F000024W000007.jpg,https://www.fishwisepro.com/pics/JPG/TN/TN043154F000024W000007.jpg,https://www.fishwisepro.com/pics/JPG/043154F000024W000007.jpg,JPG,43154
Chaetodon melannotus,Jack Randall,043154F000024W000008.jpg,https://www.fishwisepro.com/pics/JPG/TN/TN043154F000024W000008.jpg,https://www.fishwisepro.com/pics/JPG/043154F000024W000008.jpg,JPG,43154
Chaetodon melannotus,Jack Randall,043154F000024W000009.jpg,https://www.fishwisepro.com/pics/JPG/TN/TN043154F000024W000009.jpg,https://www.fishwisepro.com/pics/JPG/043154F000024W000009.jpg,JPG,43154
Chaetodon melannotus,K. T. Shao,043154F000039W000001.jpg,https://www.fishwisepro.com/pics/JPG/TN/TN043154F000039W000001.jpg,https://www.fishwisepro.com/pics/JPG/043154F000039W000001.jpg,JPG,43154
Chaetodon melannotus,Rick Winterbottom,043154F000112W000010.jpg,https://www.fishwisepro.com/pics/JPG/TN/TN043154F000112W000010.jpg,https://www.fishwisepro.com/pics/JPG/043154F000112W000010.jpg,JPG,43154
Chaetodon melannotus,Jeremy Tindall,043154F000167W000011.jpg,https://www.fishwisepro.com/pics/JPG/TN/TN043154F000167W000011.jpg,https://www.fishwisepro.com/pics/JPG/043154F000167W000011.jpg,JPG,43154
Chaetodon melannotus,Rick Winterbottom,043154F000112W000013.jpg,https://www.fishwisepro.com/pics/JPG/TN/TN043154F000112W000013.jpg,https://www.fishwisepro.com/pics/JPG/043154F000112W000013.jpg,JPG,43154
Chaetodon melannotus,Sally Polack,043154F000387W000014.jpg,https://www.fishwisepro.com/pics/JPG/TN/TN043154F000387W000014.jpg,https://www.fishwisepro.com/pics/JPG/043154F000387W000014.jpg,JPG,43154
Chaetodon melannotus,Dennis Polack,043154F000009W000015.jpg,https://www.fishwisepro.com/pics/JPG/TN/TN043154F000009W000015.jpg,https://www.fishwisepro.com/pics/JPG/043154F000009W000015.jpg,JPG,43154
Chaetodon melannotus,Dennis Polack,043154F000009W000016.jpg,https://www.fishwisepro.com/pics/JPG/TN/TN043154F000009W000016.jpg,https://www.fishwisepro.com/pics/JPG/043154F000009W000016.jpg,JPG,43154
Chaetodon melannotus,Sally Polack,043154F000387W000017.jpg,https://www.fishwisepro.com/pics/JPG/TN/TN043154F000387W000017.jpg,https://www.fishwisepro.com/pics/JPG/043154F000387W000017.jpg,JPG,43154
Chaetodon melannotus,Dennis Polack,043154F000009W000018.jpg,https://www.fishwisepro.com/pics/JPG/TN/TN043154F000009W000018.jpg,https://www.fishwisepro.com/pics/JPG/043154F000009W000018.jpg,JPG,43154
Chaetodon melannotus,Sally Polack,043154F000387W000020.jpg,https://www.fishwisepro.com/pics/JPG/TN/TN043154F000387W000020.jpg,https://www.fishwisepro.com/pics/JPG/043154F000387W000020.jpg,JPG,43154
Chaetodon melannotus,Dennis Polack,043154F000009W000021.jpg,https://www.fishwisepro.com/pics/JPG/TN/TN043154F000009W000021.jpg,https://www.fishwisepro.com/pics/JPG/043154F000009W000021.jpg,JPG,43154
Chaetodon melapterus,Jack Randall,043599F000024W000005.jpg,https://www.fishwisepro.com/pics/JPG/TN/TN043599F000024W000005.jpg,https://www.fishwisepro.com/pics/JPG/043599F000024W000005.jpg,JPG,43599
Chaetodon melapterus,Jack Randall,043599F000024W000001.jpg,https://www.fishwisepro.com/pics/JPG/TN/TN043599F000024W000001.jpg,https://www.fishwisepro.com/pics/JPG/043599F000024W000001.jpg,JPG,43599
Chaetodon melapterus,G. V. Hermosa Jr.,043599F000049W000002.jpg,https://www.fishwisepro.com/pics/JPG/TN/TN043599F000049W000002.jpg,https://www.fishwisepro.com/pics/JPG/043599F000049W000002.jpg,JPG,43599
Chaetodon melapterus,FAO,043599F000025W000003.gif,https://www.fishwisepro.com/pics/GIF/TN/TN043599F000025W000003.gif,https://www.fishwisepro.com/pics/GIF/043599F000025W000003.gif,GIF,43599
Chaetodon melapterus,Jack Randall,043599F000024W000004.jpg,https://www.fishwisepro.com/pics/JPG/TN/TN043599F000024W000004.jpg,https://www.fishwisepro.com/pics/JPG/043599F000024W000004.jpg,JPG,43599
Chaetodon mertensii,Jack Randall,043949F000024W000003.jpg,https://www.fishwisepro.com/pics/JPG/TN/TN043949F000024W000003.jpg,https://www.fishwisepro.com/pics/JPG/043949F000024W000003.jpg,JPG,43949
Chaetodon mertensii,Jack Randall,043949F000024W000004.jpg,https://www.fishwisepro.com/pics/JPG/TN/TN043949F000024W000004.jpg,https://www.fishwisepro.com/pics/JPG/043949F000024W000004.jpg,JPG,43949
Chaetodon mertensii,Jack Randall,043949F000024W000001.jpg,https://www.fishwisepro.com/pics/JPG/TN/TN043949F000024W000001.jpg,https://www.fishwisepro.com/pics/JPG/043949F000024W000001.jpg,JPG,43949
Chaetodon mertensii,Jack Randall,043949F000024W000002.jpg,https://www.fishwisepro.com/pics/JPG/TN/TN043949F000024W000002.jpg,https://www.fishwisepro.com/pics/JPG/043949F000024W000002.jpg,JPG,43949
Chaetodon mertensii,Rick Winterbottom,043949F000112W000006.jpg,https://www.fishwisepro.com/pics/JPG/TN/TN043949F000112W000006.jpg,https://www.fishwisepro.com/pics/JPG/043949F000112W000006.jpg,JPG,43949
Chaetodon mertensii,Rick Winterbottom,043949F000112W000007.jpg,https://www.fishwisepro.com/pics/JPG/TN/TN043949F000112W000007.jpg,https://www.fishwisepro.com/pics/JPG/043949F000112W000007.jpg,JPG,43949
Chaetodon mesoleucos,Jack Randall,043992F000024W000005.jpg,https://www.fishwisepro.com/pics/JPG/TN/TN043992F000024W000005.jpg,https://www.fishwisepro.com/pics/JPG/043992F000024W000005.jpg,JPG,43992
Chaetodon mesoleucos,Jack Randall,043992F000024W000002.jpg,https://www.fishwisepro.com/pics/JPG/TN/TN043992F000024W000002.jpg,https://www.fishwisepro.com/pics/JPG/043992F000024W000002.jpg,JPG,43992
Chaetodon mesoleucos,Jack Randall,043992F000024W000001.jpg,https://www.fishwisepro.com/pics/JPG/TN/TN043992F000024W000001.jpg,https://www.fishwisepro.com/pics/JPG/043992F000024W000001.jpg,JPG,43992
Chaetodon mesoleucos,Richard Field,043992F000175W000004.jpg,https://www.fishwisepro.com/pics/JPG/TN/TN043992F000175W000004.jpg,https://www.fishwisepro.com/pics/JPG/043992F000175W000004.jpg,JPG,43992
Chaetodon meyeri,Dennis Polack,044132F000009W000012.jpg,https://www.fishwisepro.com/pics/JPG/TN/TN044132F000009W000012.jpg,https://www.fishwisepro.com/pics/JPG/044132F000009W000012.jpg,JPG,44132
Chaetodon meyeri,Johnny van der Walt,044132F000261W000005.jpg,https://www.fishwisepro.com/pics/JPG/TN/TN044132F000261W000005.jpg,https://www.fishwisepro.com/pics/JPG/044132F000261W000005.jpg,JPG,44132
Chaetodon meyeri,Rick Winterbottom,044132F000112W000007.jpg,https://www.fishwisepro.com/pics/JPG/TN/TN044132F000112W000007.jpg,https://www.fishwisepro.com/pics/JPG/044132F000112W000007.jpg,JPG,44132
Chaetodon meyeri,Rick Winterbottom,044132F000112W000014.jpg,https://www.fishwisepro.com/pics/JPG/TN/TN044132F000112W000014.jpg,https://www.fishwisepro.com/pics/JPG/044132F000112W000014.jpg,JPG,44132
Chaetodon meyeri,Jack Randall,044132F000024W000001.jpg,https://www.fishwisepro.com/pics/JPG/TN/TN044132F000024W000001.jpg,https://www.fishwisepro.com/pics/JPG/044132F000024W000001.jpg,JPG,44132
Chaetodon meyeri,Dennis Polack,044132F000009W000002.jpg,https://www.fishwisepro.com/pics/JPG/TN/TN044132F000009W000002.jpg,https://www.fishwisepro.com/pics/JPG/044132F000009W000002.jpg,JPG,44132
Chaetodon meyeri,Jeremy Tindall,044132F000167W000003.jpg,https://www.fishwisepro.com/pics/JPG/TN/TN044132F000167W000003.jpg,https://www.fishwisepro.com/pics/JPG/044132F000167W000003.jpg,JPG,44132
Chaetodon meyeri,Jeremy Tindall,044132F000167W000004.jpg,https://www.fishwisepro.com/pics/JPG/TN/TN044132F000167W000004.jpg,https://www.fishwisepro.com/pics/JPG/044132F000167W000004.jpg,JPG,44132
Chaetodon meyeri,Phil Heemstra,044132F000004W000006.jpg,https://www.fishwisepro.com/pics/JPG/TN/TN044132F000004W000006.jpg,https://www.fishwisepro.com/pics/JPG/044132F000004W000006.jpg,JPG,44132
Chaetodon meyeri,Jack Randall,044132F000024W000008.jpg,https://www.fishwisepro.com/pics/JPG/TN/TN044132F000024W000008.jpg,https://www.fishwisepro.com/pics/JPG/044132F000024W000008.jpg,JPG,44132
Chaetodon meyeri,Dennis Polack,044132F000009W000009.jpg,https://www.fishwisepro.com/pics/JPG/TN/TN044132F000009W000009.jpg,https://www.fishwisepro.com/pics/JPG/044132F000009W000009.jpg,JPG,44132
Chaetodon meyeri,Dennis Polack,044132F000009W000010.jpg,https://www.fishwisepro.com/pics/JPG/TN/TN044132F000009W000010.jpg,https://www.fishwisepro.com/pics/JPG/044132F000009W000010.jpg,JPG,44132
Chaetodon meyeri,Dennis Polack,044132F000009W000011.jpg,https://www.fishwisepro.com/pics/JPG/TN/TN044132F000009W000011.jpg,https://www.fishwisepro.com/pics/JPG/044132F000009W000011.jpg,JPG,44132
Chaetodon meyeri,Rick Winterbottom,044132F000112W000013.jpg,https://www.fishwisepro.com/pics/JPG/TN/TN044132F000112W000013.jpg,https://www.fishwisepro.com/pics/JPG/044132F000112W000013.jpg,JPG,44132
Chaetodon meyeri,Sally Polack,044132F000387W000015.jpg,https://www.fishwisepro.com/pics/JPG/TN/TN044132F000387W000015.jpg,https://www.fishwisepro.com/pics/JPG/044132F000387W000015.jpg,JPG,44132
Chaetodon meyeri,Dennis Polack,044132F000009W000016.jpg,https://www.fishwisepro.com/pics/JPG/TN/TN044132F000009W000016.jpg,https://www.fishwisepro.com/pics/JPG/044132F000009W000016.jpg,JPG,44132
Chaetodon meyeri,Dennis Polack,044132F000009W000017.jpg,https://www.fishwisepro.com/pics/JPG/TN/TN044132F000009W000017.jpg,https://www.fishwisepro.com/pics/JPG/044132F000009W000017.jpg,JPG,44132
Chaetodon meyeri,Dennis Polack,044132F000009W000018.jpg,https://www.fishwisepro.com/pics/JPG/TN/TN044132F000009W000018.jpg,https://www.fishwisepro.com/pics/JPG/044132F000009W000018.jpg,JPG,44132
Chaetodon meyeri,Sally Polack,044132F000387W000019.jpg,https://www.fishwisepro.com/pics/JPG/TN/TN044132F000387W000019.jpg,https://www.fishwisepro.com/pics/JPG/044132F000387W000019.jpg,JPG,44132
Chaetodon meyeri,Sally Polack,044132F000387W000020.jpg,https://www.fishwisepro.com/pics/JPG/TN/TN044132F000387W000020.jpg,https://www.fishwisepro.com/pics/JPG/044132F000387W000020.jpg,JPG,44132
Chaetodon meyeri,Sally Polack,044132F000387W000021.jpg,https://www.fishwisepro.com/pics/JPG/TN/TN044132F000387W000021.jpg,https://www.fishwisepro.com/pics/JPG/044132F000387W000021.jpg,JPG,44132
Chaetodon meyeri,Sally Polack,044132F000387W000022.jpg,https://www.fishwisepro.com/pics/JPG/TN/TN044132F000387W000022.jpg,https://www.fishwisepro.com/pics/JPG/044132F000387W000022.jpg,JPG,44132
Chaetodon meyeri,Dennis Polack,044132F000009W000023.jpg,https://www.fishwisepro.com/pics/JPG/TN/TN044132F000009W000023.jpg,https://www.fishwisepro.com/pics/JPG/044132F000009W000023.jpg,JPG,44132
Chaetodon meyeri,Dennis Polack,044132F000009W000024.jpg,https://www.fishwisepro.com/pics/JPG/TN/TN044132F000009W000024.jpg,https://www.fishwisepro.com/pics/JPG/044132F000009W000024.jpg,JPG,44132
Chaetodon meyeri,Sally Polack,044132F000387W000025.jpg,https://www.fishwisepro.com/pics/JPG/TN/TN044132F000387W000025.jpg,https://www.fishwisepro.com/pics/JPG/044132F000387W000025.jpg,JPG,44132
Chaetodon meyeri,Dennis Polack,044132F000009W000026.jpg,https://www.fishwisepro.com/pics/JPG/TN/TN044132F000009W000026.jpg,https://www.fishwisepro.com/pics/JPG/044132F000009W000026.jpg,JPG,44132
Chaetodon miliaris,L. A. Cada,044973F000052W000001.gif,https://www.fishwisepro.com/pics/GIF/TN/TN044973F000052W000001.gif,https://www.fishwisepro.com/pics/GIF/044973F000052W000001.gif,GIF,44973
Chaetodon miliaris,Jack Randall,044973F000024W000004.jpg,https://www.fishwisepro.com/pics/JPG/TN/TN044973F000024W000004.jpg,https://www.fishwisepro.com/pics/JPG/044973F000024W000004.jpg,JPG,44973
Chaetodon miliaris,Jack Randall,044973F000024W000002.jpg,https://www.fishwisepro.com/pics/JPG/TN/TN044973F000024W000002.jpg,https://www.fishwisepro.com/pics/JPG/044973F000024W000002.jpg,JPG,44973
Chaetodon miliaris,Jack Randall,044973F000024W000003.jpg,https://www.fishwisepro.com/pics/JPG/TN/TN044973F000024W000003.jpg,https://www.fishwisepro.com/pics/JPG/044973F000024W000003.jpg,JPG,44973
Chaetodon miliaris,Dennis Polack,044973F000009W000005.jpg,https://www.fishwisepro.com/pics/JPG/TN/TN044973F000009W000005.jpg,https://www.fishwisepro.com/pics/JPG/044973F000009W000005.jpg,JPG,44973
Chaetodon miliaris,Dennis Polack,044973F000009W000006.jpg,https://www.fishwisepro.com/pics/JPG/TN/TN044973F000009W000006.jpg,https://www.fishwisepro.com/pics/JPG/044973F000009W000006.jpg,JPG,44973
Chaetodon mitratus,Allan Connell,045446F000453W000009.jpg,https://www.fishwisepro.com/pics/JPG/TN/TN045446F000453W000009.jpg,https://www.fishwisepro.com/pics/JPG/045446F000453W000009.jpg,JPG,45446
Chaetodon mitratus,Rick Winterbottom,045446F000112W000005.jpg,https://www.fishwisepro.com/pics/JPG/TN/TN045446F000112W000005.jpg,https://www.fishwisepro.com/pics/JPG/045446F000112W000005.jpg,JPG,45446
Chaetodon mitratus,B. Galil,045446F000170W000003.jpg,https://www.fishwisepro.com/pics/JPG/TN/TN045446F000170W000003.jpg,https://www.fishwisepro.com/pics/JPG/045446F000170W000003.jpg,JPG,45446
Chaetodon mitratus,Jack Randall,045446F000024W000002.jpg,https://www.fishwisepro.com/pics/JPG/TN/TN045446F000024W000002.jpg,https://www.fishwisepro.com/pics/JPG/045446F000024W000002.jpg,JPG,45446
Chaetodon mitratus,Jack Randall,045446F000024W000001.jpg,https://www.fishwisepro.com/pics/JPG/TN/TN045446F000024W000001.jpg,https://www.fishwisepro.com/pics/JPG/045446F000024W000001.jpg,JPG,45446
Chaetodon mitratus,Rick Winterbottom,045446F000112W000006.jpg,https://www.fishwisepro.com/pics/JPG/TN/TN045446F000112W000006.jpg,https://www.fishwisepro.com/pics/JPG/045446F000112W000006.jpg,JPG,45446
Chaetodon mitratus,Sally Polack,045446F000387W000007.jpg,https://www.fishwisepro.com/pics/JPG/TN/TN045446F000387W000007.jpg,https://www.fishwisepro.com/pics/JPG/045446F000387W000007.jpg,JPG,45446
Chaetodon mitratus,Dennis Polack,045446F000009W000008.jpg,https://www.fishwisepro.com/pics/JPG/TN/TN045446F000009W000008.jpg,https://www.fishwisepro.com/pics/JPG/045446F000009W000008.jpg,JPG,45446
Chaetodon modestus,D. C. Cook,125671F000031W000002.jpg,https://www.fishwisepro.com/pics/JPG/TN/TN125671F000031W000002.jpg,https://www.fishwisepro.com/pics/JPG/125671F000031W000002.jpg,JPG,125671
Chaetodon modestus,D. C. Cook,125671F000031W000003.jpg,https://www.fishwisepro.com/pics/JPG/TN/TN125671F000031W000003.jpg,https://www.fishwisepro.com/pics/JPG/125671F000031W000003.jpg,JPG,125671
Chaetodon modestus,Rudie Kuiter,125671F000042W000001.jpg,https://www.fishwisepro.com/pics/JPG/TN/TN125671F000042W000001.jpg,https://www.fishwisepro.com/pics/JPG/125671F000042W000001.jpg,JPG,125671
Chaetodon modestus,Jack Randall,125671F000024W000004.jpg,https://www.fishwisepro.com/pics/JPG/TN/TN125671F000024W000004.jpg,https://www.fishwisepro.com/pics/JPG/125671F000024W000004.jpg,JPG,125671
Chaetodon multicinctus,Dennis Polack,046454F000009W000006.jpg,https://www.fishwisepro.com/pics/JPG/TN/TN046454F000009W000006.jpg,https://www.fishwisepro.com/pics/JPG/046454F000009W000006.jpg,JPG,46454
Chaetodon multicinctus,Jack Randall,046454F000024W000002.jpg,https://www.fishwisepro.com/pics/JPG/TN/TN046454F000024W000002.jpg,https://www.fishwisepro.com/pics/JPG/046454F000024W000002.jpg,JPG,46454
Chaetodon multicinctus,Jack Randall,046454F000024W000001.jpg,https://www.fishwisepro.com/pics/JPG/TN/TN046454F000024W000001.jpg,https://www.fishwisepro.com/pics/JPG/046454F000024W000001.jpg,JPG,46454
Chaetodon multicinctus,Jack Randall,046454F000024W000003.jpg,https://www.fishwisepro.com/pics/JPG/TN/TN046454F000024W000003.jpg,https://www.fishwisepro.com/pics/JPG/046454F000024W000003.jpg,JPG,46454
Chaetodon multicinctus,Dennis Polack,046454F000009W000004.jpg,https://www.fishwisepro.com/pics/JPG/TN/TN046454F000009W000004.jpg,https://www.fishwisepro.com/pics/JPG/046454F000009W000004.jpg,JPG,46454
Chaetodon nigropunctatus,Jack Randall,048831F000024W000005.jpg,https://www.fishwisepro.com/pics/JPG/TN/TN048831F000024W000005.jpg,https://www.fishwisepro.com/pics/JPG/048831F000024W000005.jpg,JPG,48831
Chaetodon nigropunctatus,Jack Randall,048831F000024W000001.jpg,https://www.fishwisepro.com/pics/JPG/TN/TN048831F000024W000001.jpg,https://www.fishwisepro.com/pics/JPG/048831F000024W000001.jpg,JPG,48831
Chaetodon nigropunctatus,G. V. Hermosa Jr.,048831F000049W000002.jpg,https://www.fishwisepro.com/pics/JPG/TN/TN048831F000049W000002.jpg,https://www.fishwisepro.com/pics/JPG/048831F000049W000002.jpg,JPG,48831
Chaetodon nigropunctatus,Jack Randall,048831F000024W000003.jpg,https://www.fishwisepro.com/pics/JPG/TN/TN048831F000024W000003.jpg,https://www.fishwisepro.com/pics/JPG/048831F000024W000003.jpg,JPG,48831
Chaetodon nigropunctatus,FAO,048831F000025W000004.gif,https://www.fishwisepro.com/pics/GIF/TN/TN048831F000025W000004.gif,https://www.fishwisepro.com/pics/GIF/048831F000025W000004.gif,GIF,48831
Chaetodon nigropunctatus,Sally Polack,048831F000387W000006.jpg,https://www.fishwisepro.com/pics/JPG/TN/TN048831F000387W000006.jpg,https://www.fishwisepro.com/pics/JPG/048831F000387W000006.jpg,JPG,48831
Chaetodon nigropunctatus,Dennis Polack,048831F000009W000007.jpg,https://www.fishwisepro.com/pics/JPG/TN/TN048831F000009W000007.jpg,https://www.fishwisepro.com/pics/JPG/048831F000009W000007.jpg,JPG,48831
Chaetodon nippon,Jack Randall,048989F000024W000001.jpg,https://www.fishwisepro.com/pics/JPG/TN/TN048989F000024W000001.jpg,https://www.fishwisepro.com/pics/JPG/048989F000024W000001.jpg,JPG,48989
Chaetodon nippon,Jack Randall,048989F000024W000002.jpg,https://www.fishwisepro.com/pics/JPG/TN/TN048989F000024W000002.jpg,https://www.fishwisepro.com/pics/JPG/048989F000024W000002.jpg,JPG,48989
Chaetodon ocellatus,Robert Aguilar,090680F007724W000005.jpg,https://www.fishwisepro.com/pics/JPG/TN/TN090680F007724W000005.jpg,https://www.fishwisepro.com/pics/JPG/090680F007724W000005.jpg,JPG,90680
Chaetodon ocellatus,Brian Gratwicke,090680F006659W000006.jpg,https://www.fishwisepro.com/pics/JPG/TN/TN090680F006659W000006.jpg,https://www.fishwisepro.com/pics/JPG/090680F006659W000006.jpg,JPG,90680
Chaetodon ocellatus,Dennis Polack,090680F000009W000001.jpg,https://www.fishwisepro.com/pics/JPG/TN/TN090680F000009W000001.jpg,https://www.fishwisepro.com/pics/JPG/090680F000009W000001.jpg,JPG,90680
Chaetodon ocellatus,Dennis Polack,090680F000009W000002.jpg,https://www.fishwisepro.com/pics/JPG/TN/TN090680F000009W000002.jpg,https://www.fishwisepro.com/pics/JPG/090680F000009W000002.jpg,JPG,90680
Chaetodon ocellatus,A. Marsden,090680F000208W000003.jpg,https://www.fishwisepro.com/pics/JPG/TN/TN090680F000208W000003.jpg,https://www.fishwisepro.com/pics/JPG/090680F000208W000003.jpg,JPG,90680
Chaetodon ocellatus,J. Kolding,090680F000036W000004.jpg,https://www.fishwisepro.com/pics/JPG/TN/TN090680F000036W000004.jpg,https://www.fishwisepro.com/pics/JPG/090680F000036W000004.jpg,JPG,90680
Chaetodon ocellicaudus,Jack Randall,050523F000024W000002.jpg,https://www.fishwisepro.com/pics/JPG/TN/TN050523F000024W000002.jpg,https://www.fishwisepro.com/pics/JPG/050523F000024W000002.jpg,JPG,50523
Chaetodon ocellicaudus,Jack Randall,050523F000024W000001.jpg,https://www.fishwisepro.com/pics/JPG/TN/TN050523F000024W000001.jpg,https://www.fishwisepro.com/pics/JPG/050523F000024W000001.jpg,JPG,50523
Chaetodon ocellicaudus,Dennis Polack,050523F000009W000003.jpg,https://www.fishwisepro.com/pics/JPG/TN/TN050523F000009W000003.jpg,https://www.fishwisepro.com/pics/JPG/050523F000009W000003.jpg,JPG,50523
Chaetodon ocellicaudus,Dennis Polack,050523F000009W000004.jpg,https://www.fishwisepro.com/pics/JPG/TN/TN050523F000009W000004.jpg,https://www.fishwisepro.com/pics/JPG/050523F000009W000004.jpg,JPG,50523
Chaetodon ocellicaudus,Dennis Polack,050523F000009W000005.jpg,https://www.fishwisepro.com/pics/JPG/TN/TN050523F000009W000005.jpg,https://www.fishwisepro.com/pics/JPG/050523F000009W000005.jpg,JPG,50523
Chaetodon ocellicaudus,Sally Polack,050523F000387W000006.jpg,https://www.fishwisepro.com/pics/JPG/TN/TN050523F000387W000006.jpg,https://www.fishwisepro.com/pics/JPG/050523F000387W000006.jpg,JPG,50523
Chaetodon ocellicaudus,Sally Polack,050523F000387W000007.jpg,https://www.fishwisepro.com/pics/JPG/TN/TN050523F000387W000007.jpg,https://www.fishwisepro.com/pics/JPG/050523F000387W000007.jpg,JPG,50523
Chaetodon octofasciatus,P. Teichmann,050607F000110W000001.jpg,https://www.fishwisepro.com/pics/JPG/TN/TN050607F000110W000001.jpg,https://www.fishwisepro.com/pics/JPG/050607F000110W000001.jpg,JPG,50607
Chaetodon octofasciatus,Jack Randall,050607F000024W000002.jpg,https://www.fishwisepro.com/pics/JPG/TN/TN050607F000024W000002.jpg,https://www.fishwisepro.com/pics/JPG/050607F000024W000002.jpg,JPG,50607
Chaetodon octofasciatus,K. T. Shao,050607F000039W000003.jpg,https://www.fishwisepro.com/pics/JPG/TN/TN050607F000039W000003.jpg,https://www.fishwisepro.com/pics/JPG/050607F000039W000003.jpg,JPG,50607
Chaetodon octofasciatus,Jack Randall,050607F000024W000004.jpg,https://www.fishwisepro.com/pics/JPG/TN/TN050607F000024W000004.jpg,https://www.fishwisepro.com/pics/JPG/050607F000024W000004.jpg,JPG,50607
Chaetodon octofasciatus,M. Wilkie,050607F000090W000005.jpg,https://www.fishwisepro.com/pics/JPG/TN/TN050607F000090W000005.jpg,https://www.fishwisepro.com/pics/JPG/050607F000090W000005.jpg,JPG,50607
Chaetodon octofasciatus,D. C. Cook,050607F000031W000006.jpg,https://www.fishwisepro.com/pics/JPG/TN/TN050607F000031W000006.jpg,https://www.fishwisepro.com/pics/JPG/050607F000031W000006.jpg,JPG,50607
Chaetodon octofasciatus,D. C. Cook,050607F000031W000007.jpg,https://www.fishwisepro.com/pics/JPG/TN/TN050607F000031W000007.jpg,https://www.fishwisepro.com/pics/JPG/050607F000031W000007.jpg,JPG,50607
Chaetodon octofasciatus,Phil Heemstra,050607F000004W000008.jpg,https://www.fishwisepro.com/pics/JPG/TN/TN050607F000004W000008.jpg,https://www.fishwisepro.com/pics/JPG/050607F000004W000008.jpg,JPG,50607
Chaetodon octofasciatus,Rick Winterbottom,050607F000112W000009.jpg,https://www.fishwisepro.com/pics/JPG/TN/TN050607F000112W000009.jpg,https://www.fishwisepro.com/pics/JPG/050607F000112W000009.jpg,JPG,50607
Chaetodon octofasciatus,Rick Winterbottom,050607F000112W000010.jpg,https://www.fishwisepro.com/pics/JPG/TN/TN050607F000112W000010.jpg,https://www.fishwisepro.com/pics/JPG/050607F000112W000010.jpg,JPG,50607
Chaetodon octofasciatus,Rick Winterbottom,050607F000112W000011.jpg,https://www.fishwisepro.com/pics/JPG/TN/TN050607F000112W000011.jpg,https://www.fishwisepro.com/pics/JPG/050607F000112W000011.jpg,JPG,50607
Chaetodon octofasciatus,Sally Polack,050607F000387W000012.jpg,https://www.fishwisepro.com/pics/JPG/TN/TN050607F000387W000012.jpg,https://www.fishwisepro.com/pics/JPG/050607F000387W000012.jpg,JPG,50607
Chaetodon octofasciatus,Sally Polack,050607F000387W000013.jpg,https://www.fishwisepro.com/pics/JPG/TN/TN050607F000387W000013.jpg,https://www.fishwisepro.com/pics/JPG/050607F000387W000013.jpg,JPG,50607
Chaetodon ornatissimus,Wayne Osborn,051623F000492W000018.jpg,https://www.fishwisepro.com/pics/JPG/TN/TN051623F000492W000018.jpg,https://www.fishwisepro.com/pics/JPG/051623F000492W000018.jpg,JPG,51623
Chaetodon ornatissimus,Dennis Polack,051623F000009W000019.jpg,https://www.fishwisepro.com/pics/JPG/TN/TN051623F000009W000019.jpg,https://www.fishwisepro.com/pics/JPG/051623F000009W000019.jpg,JPG,51623
Chaetodon ornatissimus,Dennis Polack,051623F000009W000020.jpg,https://www.fishwisepro.com/pics/JPG/TN/TN051623F000009W000020.jpg,https://www.fishwisepro.com/pics/JPG/051623F000009W000020.jpg,JPG,51623
Chaetodon ornatissimus,Dennis Polack,051623F000009W000010.jpg,https://www.fishwisepro.com/pics/JPG/TN/TN051623F000009W000010.jpg,https://www.fishwisepro.com/pics/JPG/051623F000009W000010.jpg,JPG,51623
Chaetodon ornatissimus,Rick Winterbottom,051623F000112W000013.jpg,https://www.fishwisepro.com/pics/JPG/TN/TN051623F000112W000013.jpg,https://www.fishwisepro.com/pics/JPG/051623F000112W000013.jpg,JPG,51623
Chaetodon ornatissimus,Jack Randall,051623F000024W000003.jpg,https://www.fishwisepro.com/pics/JPG/TN/TN051623F000024W000003.jpg,https://www.fishwisepro.com/pics/JPG/051623F000024W000003.jpg,JPG,51623
Chaetodon ornatissimus,D. C. Cook,051623F000031W000004.jpg,https://www.fishwisepro.com/pics/JPG/TN/TN051623F000031W000004.jpg,https://www.fishwisepro.com/pics/JPG/051623F000031W000004.jpg,JPG,51623
Chaetodon ornatissimus,Rick Decker,051623F000156W000005.jpg,https://www.fishwisepro.com/pics/JPG/TN/TN051623F000156W000005.jpg,https://www.fishwisepro.com/pics/JPG/051623F000156W000005.jpg,JPG,51623
Chaetodon ornatissimus,Jack Randall,051623F000024W000001.jpg,https://www.fishwisepro.com/pics/JPG/TN/TN051623F000024W000001.jpg,https://www.fishwisepro.com/pics/JPG/051623F000024W000001.jpg,JPG,51623
Chaetodon ornatissimus,K. T. Shao,051623F000039W000002.jpg,https://www.fishwisepro.com/pics/JPG/TN/TN051623F000039W000002.jpg,https://www.fishwisepro.com/pics/JPG/051623F000039W000002.jpg,JPG,51623
Chaetodon ornatissimus,Jack Randall,051623F000024W000006.jpg,https://www.fishwisepro.com/pics/JPG/TN/TN051623F000024W000006.jpg,https://www.fishwisepro.com/pics/JPG/051623F000024W000006.jpg,JPG,51623
Chaetodon ornatissimus,Rick Winterbottom,051623F000112W000007.jpg,https://www.fishwisepro.com/pics/JPG/TN/TN051623F000112W000007.jpg,https://www.fishwisepro.com/pics/JPG/051623F000112W000007.jpg,JPG,51623
Chaetodon ornatissimus,A. Cornish,051623F000113W000008.jpg,https://www.fishwisepro.com/pics/JPG/TN/TN051623F000113W000008.jpg,https://www.fishwisepro.com/pics/JPG/051623F000113W000008.jpg,JPG,51623
Chaetodon ornatissimus,Dennis Polack,051623F000009W000009.jpg,https://www.fishwisepro.com/pics/JPG/TN/TN051623F000009W000009.jpg,https://www.fishwisepro.com/pics/JPG/051623F000009W000009.jpg,JPG,51623
Chaetodon ornatissimus,Dennis Polack,051623F000009W000011.jpg,https://www.fishwisepro.com/pics/JPG/TN/TN051623F000009W000011.jpg,https://www.fishwisepro.com/pics/JPG/051623F000009W000011.jpg,JPG,51623
Chaetodon ornatissimus,Dennis Polack,051623F000009W000016.jpg,https://www.fishwisepro.com/pics/JPG/TN/TN051623F000009W000016.jpg,https://www.fishwisepro.com/pics/JPG/051623F000009W000016.jpg,JPG,51623
Chaetodon ornatissimus,Dennis Polack,051623F000009W000017.jpg,https://www.fishwisepro.com/pics/JPG/TN/TN051623F000009W000017.jpg,https://www.fishwisepro.com/pics/JPG/051623F000009W000017.jpg,JPG,51623
Chaetodon oxycephalus,Jack Randall,052042F000024W000001.jpg,https://www.fishwisepro.com/pics/JPG/TN/TN052042F000024W000001.jpg,https://www.fishwisepro.com/pics/JPG/052042F000024W000001.jpg,JPG,52042
Chaetodon oxycephalus,Dennis Polack,052042F000009W000002.jpg,https://www.fishwisepro.com/pics/JPG/TN/TN052042F000009W000002.jpg,https://www.fishwisepro.com/pics/JPG/052042F000009W000002.jpg,JPG,52042
Chaetodon paucifasciatus,Richard Field,053582F000175W000003.jpg,https://www.fishwisepro.com/pics/JPG/TN/TN053582F000175W000003.jpg,https://www.fishwisepro.com/pics/JPG/053582F000175W000003.jpg,JPG,53582
Chaetodon paucifasciatus,Dennis Polack,053582F000009W000006.jpg,https://www.fishwisepro.com/pics/JPG/TN/TN053582F000009W000006.jpg,https://www.fishwisepro.com/pics/JPG/053582F000009W000006.jpg,JPG,53582
Chaetodon paucifasciatus,Dennis Polack,053582F000009W000005.jpg,https://www.fishwisepro.com/pics/JPG/TN/TN053582F000009W000005.jpg,https://www.fishwisepro.com/pics/JPG/053582F000009W000005.jpg,JPG,53582
Chaetodon paucifasciatus,Jack Randall,053582F000024W000001.jpg,https://www.fishwisepro.com/pics/JPG/TN/TN053582F000024W000001.jpg,https://www.fishwisepro.com/pics/JPG/053582F000024W000001.jpg,JPG,53582
Chaetodon paucifasciatus,Jack Randall,053582F000024W000002.jpg,https://www.fishwisepro.com/pics/JPG/TN/TN053582F000024W000002.jpg,https://www.fishwisepro.com/pics/JPG/053582F000024W000002.jpg,JPG,53582
Chaetodon paucifasciatus,Dennis Polack,053582F000009W000007.jpg,https://www.fishwisepro.com/pics/JPG/TN/TN053582F000009W000007.jpg,https://www.fishwisepro.com/pics/JPG/053582F000009W000007.jpg,JPG,53582
Chaetodon paucifasciatus,Jeremy Tindall,053582F000167W000008.jpg,https://www.fishwisepro.com/pics/JPG/TN/TN053582F000167W000008.jpg,https://www.fishwisepro.com/pics/JPG/053582F000167W000008.jpg,JPG,53582
Chaetodon paucifasciatus,Dennis Polack,053582F000009W000012.jpg,https://www.fishwisepro.com/pics/JPG/TN/TN053582F000009W000012.jpg,https://www.fishwisepro.com/pics/JPG/053582F000009W000012.jpg,JPG,53582
Chaetodon paucifasciatus,Sally Polack,053582F000387W000014.jpg,https://www.fishwisepro.com/pics/JPG/TN/TN053582F000387W000014.jpg,https://www.fishwisepro.com/pics/JPG/053582F000387W000014.jpg,JPG,53582
Chaetodon pelewensis,A. Marsden,054006F000208W000002.jpg,https://www.fishwisepro.com/pics/JPG/TN/TN054006F000208W000002.jpg,https://www.fishwisepro.com/pics/JPG/054006F000208W000002.jpg,JPG,54006
Chaetodon pelewensis,Jack Randall,054006F000024W000001.jpg,https://www.fishwisepro.com/pics/JPG/TN/TN054006F000024W000001.jpg,https://www.fishwisepro.com/pics/JPG/054006F000024W000001.jpg,JPG,54006
Chaetodon pelewensis,Rick Winterbottom,054006F000112W000003.jpg,https://www.fishwisepro.com/pics/JPG/TN/TN054006F000112W000003.jpg,https://www.fishwisepro.com/pics/JPG/054006F000112W000003.jpg,JPG,54006
Chaetodon pelewensis,Jack Randall,054006F000024W000004.jpg,https://www.fishwisepro.com/pics/JPG/TN/TN054006F000024W000004.jpg,https://www.fishwisepro.com/pics/JPG/054006F000024W000004.jpg,JPG,54006
Chaetodon pelewensis,Rick Winterbottom,054006F000112W000005.jpg,https://www.fishwisepro.com/pics/JPG/TN/TN054006F000112W000005.jpg,https://www.fishwisepro.com/pics/JPG/054006F000112W000005.jpg,JPG,54006
Chaetodon pelewensis,Sally Polack,054006F000387W000006.jpg,https://www.fishwisepro.com/pics/JPG/TN/TN054006F000387W000006.jpg,https://www.fishwisepro.com/pics/JPG/054006F000387W000006.jpg,JPG,54006
Chaetodon pictus,Jack Randall,055168F000024W000002.jpg,https://www.fishwisepro.com/pics/JPG/TN/TN055168F000024W000002.jpg,https://www.fishwisepro.com/pics/JPG/055168F000024W000002.jpg,JPG,55168
Chaetodon pictus,G. V. Hermosa Jr.,055168F000049W000003.jpg,https://www.fishwisepro.com/pics/JPG/TN/TN055168F000049W000003.jpg,https://www.fishwisepro.com/pics/JPG/055168F000049W000003.jpg,JPG,55168
Chaetodon plebeius,Jack Randall,055849F000024W000004.jpg,https://www.fishwisepro.com/pics/JPG/TN/TN055849F000024W000004.jpg,https://www.fishwisepro.com/pics/JPG/055849F000024W000004.jpg,JPG,55849
Chaetodon plebeius,Jack Randall,055849F000024W000001.jpg,https://www.fishwisepro.com/pics/JPG/TN/TN055849F000024W000001.jpg,https://www.fishwisepro.com/pics/JPG/055849F000024W000001.jpg,JPG,55849
Chaetodon plebeius,K. T. Shao,055849F000039W000002.jpg,https://www.fishwisepro.com/pics/JPG/TN/TN055849F000039W000002.jpg,https://www.fishwisepro.com/pics/JPG/055849F000039W000002.jpg,JPG,55849
Chaetodon plebeius,Jack Randall,055849F000024W000003.jpg,https://www.fishwisepro.com/pics/JPG/TN/TN055849F000024W000003.jpg,https://www.fishwisepro.com/pics/JPG/055849F000024W000003.jpg,JPG,55849
Chaetodon plebeius,Rick Winterbottom,055849F000112W000007.jpg,https://www.fishwisepro.com/pics/JPG/TN/TN055849F000112W000007.jpg,https://www.fishwisepro.com/pics/JPG/055849F000112W000007.jpg,JPG,55849
Chaetodon plebeius,Rick Winterbottom,055849F000112W000008.jpg,https://www.fishwisepro.com/pics/JPG/TN/TN055849F000112W000008.jpg,https://www.fishwisepro.com/pics/JPG/055849F000112W000008.jpg,JPG,55849
Chaetodon punctatofasciatus,Wayne Osborn,057807F000492W000015.jpg,https://www.fishwisepro.com/pics/JPG/TN/TN057807F000492W000015.jpg,https://www.fishwisepro.com/pics/JPG/057807F000492W000015.jpg,JPG,57807
Chaetodon punctatofasciatus,Jack Randall,057807F000024W000001.jpg,https://www.fishwisepro.com/pics/JPG/TN/TN057807F000024W000001.jpg,https://www.fishwisepro.com/pics/JPG/057807F000024W000001.jpg,JPG,57807
Chaetodon punctatofasciatus,K. T. Shao,057807F000039W000002.jpg,https://www.fishwisepro.com/pics/JPG/TN/TN057807F000039W000002.jpg,https://www.fishwisepro.com/pics/JPG/057807F000039W000002.jpg,JPG,57807
Chaetodon punctatofasciatus,Jack Randall,057807F000024W000003.jpg,https://www.fishwisepro.com/pics/JPG/TN/TN057807F000024W000003.jpg,https://www.fishwisepro.com/pics/JPG/057807F000024W000003.jpg,JPG,57807
Chaetodon punctatofasciatus,Dennis Polack,057807F000009W000005.jpg,https://www.fishwisepro.com/pics/JPG/TN/TN057807F000009W000005.jpg,https://www.fishwisepro.com/pics/JPG/057807F000009W000005.jpg,JPG,57807
Chaetodon punctatofasciatus,Dennis Polack,057807F000009W000006.jpg,https://www.fishwisepro.com/pics/JPG/TN/TN057807F000009W000006.jpg,https://www.fishwisepro.com/pics/JPG/057807F000009W000006.jpg,JPG,57807
Chaetodon punctatofasciatus,Rick Winterbottom,057807F000112W000007.jpg,https://www.fishwisepro.com/pics/JPG/TN/TN057807F000112W000007.jpg,https://www.fishwisepro.com/pics/JPG/057807F000112W000007.jpg,JPG,57807
Chaetodon punctatofasciatus,Rick Winterbottom,057807F000112W000008.jpg,https://www.fishwisepro.com/pics/JPG/TN/TN057807F000112W000008.jpg,https://www.fishwisepro.com/pics/JPG/057807F000112W000008.jpg,JPG,57807
Chaetodon punctatofasciatus,Sally Polack,057807F000387W000009.jpg,https://www.fishwisepro.com/pics/JPG/TN/TN057807F000387W000009.jpg,https://www.fishwisepro.com/pics/JPG/057807F000387W000009.jpg,JPG,57807
Chaetodon punctatofasciatus,Sally Polack,057807F000387W000010.jpg,https://www.fishwisepro.com/pics/JPG/TN/TN057807F000387W000010.jpg,https://www.fishwisepro.com/pics/JPG/057807F000387W000010.jpg,JPG,57807
Chaetodon punctatofasciatus,Dennis Polack,057807F000009W000011.jpg,https://www.fishwisepro.com/pics/JPG/TN/TN057807F000009W000011.jpg,https://www.fishwisepro.com/pics/JPG/057807F000009W000011.jpg,JPG,57807
Chaetodon punctatofasciatus,Dennis Polack,057807F000009W000012.jpg,https://www.fishwisepro.com/pics/JPG/TN/TN057807F000009W000012.jpg,https://www.fishwisepro.com/pics/JPG/057807F000009W000012.jpg,JPG,57807
Chaetodon punctatofasciatus,Dennis Polack,057807F000009W000013.jpg,https://www.fishwisepro.com/pics/JPG/TN/TN057807F000009W000013.jpg,https://www.fishwisepro.com/pics/JPG/057807F000009W000013.jpg,JPG,57807
Chaetodon punctatofasciatus,Dennis Polack,057807F000009W000014.jpg,https://www.fishwisepro.com/pics/JPG/TN/TN057807F000009W000014.jpg,https://www.fishwisepro.com/pics/JPG/057807F000009W000014.jpg,JPG,57807
Chaetodon quadrimaculatus,Izuzuki Diver,058491F006601W000007.jpg,https://www.fishwisepro.com/pics/JPG/TN/TN058491F006601W000007.jpg,https://www.fishwisepro.com/pics/JPG/058491F006601W000007.jpg,JPG,58491
Chaetodon quadrimaculatus,A. Marsden,058491F000208W000001.jpg,https://www.fishwisepro.com/pics/JPG/TN/TN058491F000208W000001.jpg,https://www.fishwisepro.com/pics/JPG/058491F000208W000001.jpg,JPG,58491
Chaetodon quadrimaculatus,Jack Randall,058491F000024W000002.jpg,https://www.fishwisepro.com/pics/JPG/TN/TN058491F000024W000002.jpg,https://www.fishwisepro.com/pics/JPG/058491F000024W000002.jpg,JPG,58491
Chaetodon quadrimaculatus,Rick Winterbottom,058491F000112W000003.jpg,https://www.fishwisepro.com/pics/JPG/TN/TN058491F000112W000003.jpg,https://www.fishwisepro.com/pics/JPG/058491F000112W000003.jpg,JPG,58491
Chaetodon quadrimaculatus,Dennis Polack,058491F000009W000005.jpg,https://www.fishwisepro.com/pics/JPG/TN/TN058491F000009W000005.jpg,https://www.fishwisepro.com/pics/JPG/058491F000009W000005.jpg,JPG,58491
Chaetodon quadrimaculatus,Dennis Polack,058491F000009W000006.jpg,https://www.fishwisepro.com/pics/JPG/TN/TN058491F000009W000006.jpg,https://www.fishwisepro.com/pics/JPG/058491F000009W000006.jpg,JPG,58491
Chaetodon rafflesii,Pam Osborn,058805F000493W000012.jpg,https://www.fishwisepro.com/pics/JPG/TN/TN058805F000493W000012.jpg,https://www.fishwisepro.com/pics/JPG/058805F000493W000012.jpg,JPG,58805
Chaetodon rafflesii,Jack Randall,058805F000024W000005.jpg,https://www.fishwisepro.com/pics/JPG/TN/TN058805F000024W000005.jpg,https://www.fishwisepro.com/pics/JPG/058805F000024W000005.jpg,JPG,58805
Chaetodon rafflesii,Jack Randall,058805F000024W000001.jpg,https://www.fishwisepro.com/pics/JPG/TN/TN058805F000024W000001.jpg,https://www.fishwisepro.com/pics/JPG/058805F000024W000001.jpg,JPG,58805
Chaetodon rafflesii,K. T. Shao,058805F000039W000002.jpg,https://www.fishwisepro.com/pics/JPG/TN/TN058805F000039W000002.jpg,https://www.fishwisepro.com/pics/JPG/058805F000039W000002.jpg,JPG,58805
Chaetodon rafflesii,Jack Randall,058805F000024W000003.jpg,https://www.fishwisepro.com/pics/JPG/TN/TN058805F000024W000003.jpg,https://www.fishwisepro.com/pics/JPG/058805F000024W000003.jpg,JPG,58805
Chaetodon rafflesii,D. C. Cook,058805F000031W000004.jpg,https://www.fishwisepro.com/pics/JPG/TN/TN058805F000031W000004.jpg,https://www.fishwisepro.com/pics/JPG/058805F000031W000004.jpg,JPG,58805
Chaetodon rafflesii,Dennis Polack,058805F000009W000006.jpg,https://www.fishwisepro.com/pics/JPG/TN/TN058805F000009W000006.jpg,https://www.fishwisepro.com/pics/JPG/058805F000009W000006.jpg,JPG,58805
Chaetodon rafflesii,Rick Winterbottom,058805F000112W000007.jpg,https://www.fishwisepro.com/pics/JPG/TN/TN058805F000112W000007.jpg,https://www.fishwisepro.com/pics/JPG/058805F000112W000007.jpg,JPG,58805
Chaetodon rafflesii,Dennis Polack,058805F000009W000008.jpg,https://www.fishwisepro.com/pics/JPG/TN/TN058805F000009W000008.jpg,https://www.fishwisepro.com/pics/JPG/058805F000009W000008.jpg,JPG,58805
Chaetodon rafflesii,Dennis Polack,058805F000009W000009.jpg,https://www.fishwisepro.com/pics/JPG/TN/TN058805F000009W000009.jpg,https://www.fishwisepro.com/pics/JPG/058805F000009W000009.jpg,JPG,58805
Chaetodon rafflesii,Dennis Polack,058805F000009W000010.jpg,https://www.fishwisepro.com/pics/JPG/TN/TN058805F000009W000010.jpg,https://www.fishwisepro.com/pics/JPG/058805F000009W000010.jpg,JPG,58805
Chaetodon rafflesii,Dennis Polack,058805F000009W000011.jpg,https://www.fishwisepro.com/pics/JPG/TN/TN058805F000009W000011.jpg,https://www.fishwisepro.com/pics/JPG/058805F000009W000011.jpg,JPG,58805
Chaetodon rainfordi,Jack Randall,058830F000024W000001.jpg,https://www.fishwisepro.com/pics/JPG/TN/TN058830F000024W000001.jpg,https://www.fishwisepro.com/pics/JPG/058830F000024W000001.jpg,JPG,58830
Chaetodon rainfordi,Jack Randall,058830F000024W000002.jpg,https://www.fishwisepro.com/pics/JPG/TN/TN058830F000024W000002.jpg,https://www.fishwisepro.com/pics/JPG/058830F000024W000002.jpg,JPG,58830
Chaetodon rainfordi,Rick Winterbottom,058830F000112W000003.jpg,https://www.fishwisepro.com/pics/JPG/TN/TN058830F000112W000003.jpg,https://www.fishwisepro.com/pics/JPG/058830F000112W000003.jpg,JPG,58830
Chaetodon reticulatus,Jack Randall,059555F000024W000001.jpg,https://www.fishwisepro.com/pics/JPG/TN/TN059555F000024W000001.jpg,https://www.fishwisepro.com/pics/JPG/059555F000024W000001.jpg,JPG,59555
Chaetodon reticulatus,Jack Randall,059555F000024W000002.jpg,https://www.fishwisepro.com/pics/JPG/TN/TN059555F000024W000002.jpg,https://www.fishwisepro.com/pics/JPG/059555F000024W000002.jpg,JPG,59555
Chaetodon reticulatus,Rick Winterbottom,059555F000112W000003.jpg,https://www.fishwisepro.com/pics/JPG/TN/TN059555F000112W000003.jpg,https://www.fishwisepro.com/pics/JPG/059555F000112W000003.jpg,JPG,59555
Chaetodon reticulatus,Rick Winterbottom,059555F000112W000004.jpg,https://www.fishwisepro.com/pics/JPG/TN/TN059555F000112W000004.jpg,https://www.fishwisepro.com/pics/JPG/059555F000112W000004.jpg,JPG,59555
Chaetodon reticulatus,Rick Winterbottom,059555F000112W000005.jpg,https://www.fishwisepro.com/pics/JPG/TN/TN059555F000112W000005.jpg,https://www.fishwisepro.com/pics/JPG/059555F000112W000005.jpg,JPG,59555
Chaetodon reticulatus,Rick Winterbottom,059555F000112W000006.jpg,https://www.fishwisepro.com/pics/JPG/TN/TN059555F000112W000006.jpg,https://www.fishwisepro.com/pics/JPG/059555F000112W000006.jpg,JPG,59555
Chaetodon reticulatus,Dennis Polack,059555F000009W000007.jpg,https://www.fishwisepro.com/pics/JPG/TN/TN059555F000009W000007.jpg,https://www.fishwisepro.com/pics/JPG/059555F000009W000007.jpg,JPG,59555
Chaetodon sanctaehelenae,C. L. Hernández-González,062103F000015W000001.jpg,https://www.fishwisepro.com/pics/JPG/TN/TN062103F000015W000001.jpg,https://www.fishwisepro.com/pics/JPG/062103F000015W000001.jpg,JPG,62103
Chaetodon sedentarius,David Snyder,063392F000164W000003.jpg,https://www.fishwisepro.com/pics/JPG/TN/TN063392F000164W000003.jpg,https://www.fishwisepro.com/pics/JPG/063392F000164W000003.jpg,JPG,63392
Chaetodon sedentarius,JAMARC,063392F000187W000004.jpg,https://www.fishwisepro.com/pics/JPG/TN/TN063392F000187W000004.jpg,https://www.fishwisepro.com/pics/JPG/063392F000187W000004.jpg,JPG,63392
Chaetodon sedentarius,N. A. Menezes &amp; J. L. Figueiredo,063392F000057W000005.gif,https://www.fishwisepro.com/pics/GIF/TN/TN063392F000057W000005.gif,https://www.fishwisepro.com/pics/GIF/063392F000057W000005.gif,GIF,63392
Chaetodon sedentarius,J. Kolding,063392F000036W000001.jpg,https://www.fishwisepro.com/pics/JPG/TN/TN063392F000036W000001.jpg,https://www.fishwisepro.com/pics/JPG/063392F000036W000001.jpg,JPG,63392
Chaetodon sedentarius,Jack Randall,063392F000024W000002.jpg,https://www.fishwisepro.com/pics/JPG/TN/TN063392F000024W000002.jpg,https://www.fishwisepro.com/pics/JPG/063392F000024W000002.jpg,JPG,63392
Chaetodon selene,Jack Randall,063438F000024W000001.jpg,https://www.fishwisepro.com/pics/JPG/TN/TN063438F000024W000001.jpg,https://www.fishwisepro.com/pics/JPG/063438F000024W000001.jpg,JPG,63438
Chaetodon selene,J.-C. Baur,063438F000035W000002.jpg,https://www.fishwisepro.com/pics/JPG/TN/TN063438F000035W000002.jpg,https://www.fishwisepro.com/pics/JPG/063438F000035W000002.jpg,JPG,63438
Chaetodon selene,J.-C. Baur,063438F000035W000003.jpg,https://www.fishwisepro.com/pics/JPG/TN/TN063438F000035W000003.jpg,https://www.fishwisepro.com/pics/JPG/063438F000035W000003.jpg,JPG,63438
Chaetodon semeion,Jack Randall,063473F000024W000003.jpg,https://www.fishwisepro.com/pics/JPG/TN/TN063473F000024W000003.jpg,https://www.fishwisepro.com/pics/JPG/063473F000024W000003.jpg,JPG,63473
Chaetodon semeion,Jack Randall,063473F000024W000001.jpg,https://www.fishwisepro.com/pics/JPG/TN/TN063473F000024W000001.jpg,https://www.fishwisepro.com/pics/JPG/063473F000024W000001.jpg,JPG,63473
Chaetodon semeion,Jack Randall,063473F000024W000002.jpg,https://www.fishwisepro.com/pics/JPG/TN/TN063473F000024W000002.jpg,https://www.fishwisepro.com/pics/JPG/063473F000024W000002.jpg,JPG,63473
Chaetodon semeion,Sally Polack,063473F000387W000004.jpg,https://www.fishwisepro.com/pics/JPG/TN/TN063473F000387W000004.jpg,https://www.fishwisepro.com/pics/JPG/063473F000387W000004.jpg,JPG,63473
Chaetodon semeion,Dennis Polack,063473F000009W000005.jpg,https://www.fishwisepro.com/pics/JPG/TN/TN063473F000009W000005.jpg,https://www.fishwisepro.com/pics/JPG/063473F000009W000005.jpg,JPG,63473
Chaetodon semilarvatus,Rokus Groeneveld,063576F000451W000046.jpg,https://www.fishwisepro.com/pics/JPG/TN/TN063576F000451W000046.jpg,https://www.fishwisepro.com/pics/JPG/063576F000451W000046.jpg,JPG,63576
Chaetodon semilarvatus,Stan Shebs,063576F006605W000047.jpg,https://www.fishwisepro.com/pics/JPG/TN/TN063576F006605W000047.jpg,https://www.fishwisepro.com/pics/JPG/063576F006605W000047.jpg,JPG,63576
Chaetodon semilarvatus,Dennis Polack,063576F000009W000006.jpg,https://www.fishwisepro.com/pics/JPG/TN/TN063576F000009W000006.jpg,https://www.fishwisepro.com/pics/JPG/063576F000009W000006.jpg,JPG,63576
Chaetodon semilarvatus,Dennis Polack,063576F000009W000016.jpg,https://www.fishwisepro.com/pics/JPG/TN/TN063576F000009W000016.jpg,https://www.fishwisepro.com/pics/JPG/063576F000009W000016.jpg,JPG,63576
Chaetodon semilarvatus,Dennis Polack,063576F000009W000017.jpg,https://www.fishwisepro.com/pics/JPG/TN/TN063576F000009W000017.jpg,https://www.fishwisepro.com/pics/JPG/063576F000009W000017.jpg,JPG,63576
Chaetodon semilarvatus,Dennis Polack,063576F000009W000004.jpg,https://www.fishwisepro.com/pics/JPG/TN/TN063576F000009W000004.jpg,https://www.fishwisepro.com/pics/JPG/063576F000009W000004.jpg,JPG,63576
Chaetodon semilarvatus,Richard Field,063576F000175W000010.jpg,https://www.fishwisepro.com/pics/JPG/TN/TN063576F000175W000010.jpg,https://www.fishwisepro.com/pics/JPG/063576F000175W000010.jpg,JPG,63576
Chaetodon semilarvatus,M. Benjamin Cowan,063576F000163W000009.jpg,https://www.fishwisepro.com/pics/JPG/TN/TN063576F000163W000009.jpg,https://www.fishwisepro.com/pics/JPG/063576F000163W000009.jpg,JPG,63576
Chaetodon semilarvatus,Dennis Polack,063576F000009W000007.jpg,https://www.fishwisepro.com/pics/JPG/TN/TN063576F000009W000007.jpg,https://www.fishwisepro.com/pics/JPG/063576F000009W000007.jpg,JPG,63576
Chaetodon semilarvatus,Dennis Polack,063576F000009W000005.jpg,https://www.fishwisepro.com/pics/JPG/TN/TN063576F000009W000005.jpg,https://www.fishwisepro.com/pics/JPG/063576F000009W000005.jpg,JPG,63576
Chaetodon semilarvatus,Dennis Polack,063576F000009W000008.jpg,https://www.fishwisepro.com/pics/JPG/TN/TN063576F000009W000008.jpg,https://www.fishwisepro.com/pics/JPG/063576F000009W000008.jpg,JPG,63576
Chaetodon semilarvatus,Jack Randall,063576F000024W000001.jpg,https://www.fishwisepro.com/pics/JPG/TN/TN063576F000024W000001.jpg,https://www.fishwisepro.com/pics/JPG/063576F000024W000001.jpg,JPG,63576
Chaetodon semilarvatus,Jack Randall,063576F000024W000002.jpg,https://www.fishwisepro.com/pics/JPG/TN/TN063576F000024W000002.jpg,https://www.fishwisepro.com/pics/JPG/063576F000024W000002.jpg,JPG,63576
Chaetodon semilarvatus,Dennis Polack,063576F000009W000018.jpg,https://www.fishwisepro.com/pics/JPG/TN/TN063576F000009W000018.jpg,https://www.fishwisepro.com/pics/JPG/063576F000009W000018.jpg,JPG,63576
Chaetodon semilarvatus,Dennis Polack,063576F000009W000019.jpg,https://www.fishwisepro.com/pics/JPG/TN/TN063576F000009W000019.jpg,https://www.fishwisepro.com/pics/JPG/063576F000009W000019.jpg,JPG,63576
Chaetodon semilarvatus,Dennis Polack,063576F000009W000020.jpg,https://www.fishwisepro.com/pics/JPG/TN/TN063576F000009W000020.jpg,https://www.fishwisepro.com/pics/JPG/063576F000009W000020.jpg,JPG,63576
Chaetodon semilarvatus,Dennis Polack,063576F000009W000021.jpg,https://www.fishwisepro.com/pics/JPG/TN/TN063576F000009W000021.jpg,https://www.fishwisepro.com/pics/JPG/063576F000009W000021.jpg,JPG,63576
Chaetodon semilarvatus,Jeremy Tindall,063576F000167W000022.jpg,https://www.fishwisepro.com/pics/JPG/TN/TN063576F000167W000022.jpg,https://www.fishwisepro.com/pics/JPG/063576F000167W000022.jpg,JPG,63576
Chaetodon semilarvatus,Dennis Polack,063576F000009W000036.jpg,https://www.fishwisepro.com/pics/JPG/TN/TN063576F000009W000036.jpg,https://www.fishwisepro.com/pics/JPG/063576F000009W000036.jpg,JPG,63576
Chaetodon semilarvatus,Dennis Polack,063576F000009W000040.jpg,https://www.fishwisepro.com/pics/JPG/TN/TN063576F000009W000040.jpg,https://www.fishwisepro.com/pics/JPG/063576F000009W000040.jpg,JPG,63576
Chaetodon semilarvatus,Dennis Polack,063576F000009W000042.jpg,https://www.fishwisepro.com/pics/JPG/TN/TN063576F000009W000042.jpg,https://www.fishwisepro.com/pics/JPG/063576F000009W000042.jpg,JPG,63576
Chaetodon semilarvatus,Sally Polack,063576F000387W000044.jpg,https://www.fishwisepro.com/pics/JPG/TN/TN063576F000387W000044.jpg,https://www.fishwisepro.com/pics/JPG/063576F000387W000044.jpg,JPG,63576
Chaetodon semilarvatus,Sally Polack,063576F000387W000045.jpg,https://www.fishwisepro.com/pics/JPG/TN/TN063576F000387W000045.jpg,https://www.fishwisepro.com/pics/JPG/063576F000387W000045.jpg,JPG,63576
Chaetodon smithi,Jack Randall,065128F000024W000003.jpg,https://www.fishwisepro.com/pics/JPG/TN/TN065128F000024W000003.jpg,https://www.fishwisepro.com/pics/JPG/065128F000024W000003.jpg,JPG,65128
Chaetodon smithi,Jack Randall,065128F000024W000004.jpg,https://www.fishwisepro.com/pics/JPG/TN/TN065128F000024W000004.jpg,https://www.fishwisepro.com/pics/JPG/065128F000024W000004.jpg,JPG,65128
Chaetodon smithi,Jack Randall,065128F000024W000001.jpg,https://www.fishwisepro.com/pics/JPG/TN/TN065128F000024W000001.jpg,https://www.fishwisepro.com/pics/JPG/065128F000024W000001.jpg,JPG,65128
Chaetodon smithi,Jack Randall,065128F000024W000002.jpg,https://www.fishwisepro.com/pics/JPG/TN/TN065128F000024W000002.jpg,https://www.fishwisepro.com/pics/JPG/065128F000024W000002.jpg,JPG,65128
Chaetodon speculum,Wayne Osborn,065598F000492W000011.jpg,https://www.fishwisepro.com/pics/JPG/TN/TN065598F000492W000011.jpg,https://www.fishwisepro.com/pics/JPG/065598F000492W000011.jpg,JPG,65598
Chaetodon speculum,A. Marsden,065598F000208W000003.jpg,https://www.fishwisepro.com/pics/JPG/TN/TN065598F000208W000003.jpg,https://www.fishwisepro.com/pics/JPG/065598F000208W000003.jpg,JPG,65598
Chaetodon speculum,Jack Randall,065598F000024W000001.jpg,https://www.fishwisepro.com/pics/JPG/TN/TN065598F000024W000001.jpg,https://www.fishwisepro.com/pics/JPG/065598F000024W000001.jpg,JPG,65598
Chaetodon speculum,K. T. Shao,065598F000039W000002.jpg,https://www.fishwisepro.com/pics/JPG/TN/TN065598F000039W000002.jpg,https://www.fishwisepro.com/pics/JPG/065598F000039W000002.jpg,JPG,65598
Chaetodon speculum,Jack Randall,065598F000024W000004.jpg,https://www.fishwisepro.com/pics/JPG/TN/TN065598F000024W000004.jpg,https://www.fishwisepro.com/pics/JPG/065598F000024W000004.jpg,JPG,65598
Chaetodon speculum,M. Kochzius,065598F000097W000005.jpg,https://www.fishwisepro.com/pics/JPG/TN/TN065598F000097W000005.jpg,https://www.fishwisepro.com/pics/JPG/065598F000097W000005.jpg,JPG,65598
Chaetodon speculum,A. Cornish,065598F000113W000006.jpg,https://www.fishwisepro.com/pics/JPG/TN/TN065598F000113W000006.jpg,https://www.fishwisepro.com/pics/JPG/065598F000113W000006.jpg,JPG,65598
Chaetodon speculum,Dennis Polack,065598F000009W000007.jpg,https://www.fishwisepro.com/pics/JPG/TN/TN065598F000009W000007.jpg,https://www.fishwisepro.com/pics/JPG/065598F000009W000007.jpg,JPG,65598
Chaetodon speculum,Dennis Polack,065598F000009W000008.jpg,https://www.fishwisepro.com/pics/JPG/TN/TN065598F000009W000008.jpg,https://www.fishwisepro.com/pics/JPG/065598F000009W000008.jpg,JPG,65598
Chaetodon speculum,Dennis Polack,065598F000009W000009.jpg,https://www.fishwisepro.com/pics/JPG/TN/TN065598F000009W000009.jpg,https://www.fishwisepro.com/pics/JPG/065598F000009W000009.jpg,JPG,65598
Chaetodon speculum,Dennis Polack,065598F000009W000010.jpg,https://www.fishwisepro.com/pics/JPG/TN/TN065598F000009W000010.jpg,https://www.fishwisepro.com/pics/JPG/065598F000009W000010.jpg,JPG,65598
Chaetodon striatus,Rokus Groeneveld,067087F000451W000004.jpg,https://www.fishwisepro.com/pics/JPG/TN/TN067087F000451W000004.jpg,https://www.fishwisepro.com/pics/JPG/067087F000451W000004.jpg,JPG,67087
Chaetodon striatus,Dwayne Meadows,067087F004577W000005.jpg,https://www.fishwisepro.com/pics/JPG/TN/TN067087F004577W000005.jpg,https://www.fishwisepro.com/pics/JPG/067087F004577W000005.jpg,JPG,67087
Chaetodon striatus,N. A. Menezes &amp; J. L. Figueiredo,067087F000057W000003.gif,https://www.fishwisepro.com/pics/GIF/TN/TN067087F000057W000003.gif,https://www.fishwisepro.com/pics/GIF/067087F000057W000003.gif,GIF,67087
Chaetodon striatus,Jack Randall,067087F000024W000001.jpg,https://www.fishwisepro.com/pics/JPG/TN/TN067087F000024W000001.jpg,https://www.fishwisepro.com/pics/JPG/067087F000024W000001.jpg,JPG,67087
Chaetodon tinkeri,Keoki Stender,069790F000150W000002.jpg,https://www.fishwisepro.com/pics/JPG/TN/TN069790F000150W000002.jpg,https://www.fishwisepro.com/pics/JPG/069790F000150W000002.jpg,JPG,69790
Chaetodon tinkeri,Jack Randall,069790F000024W000001.jpg,https://www.fishwisepro.com/pics/JPG/TN/TN069790F000024W000001.jpg,https://www.fishwisepro.com/pics/JPG/069790F000024W000001.jpg,JPG,69790
Chaetodon tinkeri,Jack Randall,069790F000024W000003.jpg,https://www.fishwisepro.com/pics/JPG/TN/TN069790F000024W000003.jpg,https://www.fishwisepro.com/pics/JPG/069790F000024W000003.jpg,JPG,69790
Chaetodon tinkeri,Jack Randall,069790F000024W000004.jpg,https://www.fishwisepro.com/pics/JPG/TN/TN069790F000024W000004.jpg,https://www.fishwisepro.com/pics/JPG/069790F000024W000004.jpg,JPG,69790
Chaetodon tinkeri,R. L. Pyle,069790F000038W000005.jpg,https://www.fishwisepro.com/pics/JPG/TN/TN069790F000038W000005.jpg,https://www.fishwisepro.com/pics/JPG/069790F000038W000005.jpg,JPG,69790
Chaetodon tinkeri,Jack Randall,069790F000024W000006.jpg,https://www.fishwisepro.com/pics/JPG/TN/TN069790F000024W000006.jpg,https://www.fishwisepro.com/pics/JPG/069790F000024W000006.jpg,JPG,69790
Chaetodon triangulum,Rick Winterbottom,117086F000112W000001.jpg,https://www.fishwisepro.com/pics/JPG/TN/TN117086F000112W000001.jpg,https://www.fishwisepro.com/pics/JPG/117086F000112W000001.jpg,JPG,117086
Chaetodon triangulum,Rick Winterbottom,117086F000112W000002.jpg,https://www.fishwisepro.com/pics/JPG/TN/TN117086F000112W000002.jpg,https://www.fishwisepro.com/pics/JPG/117086F000112W000002.jpg,JPG,117086
Chaetodon trichrous,Jack Randall,070371F000024W000001.jpg,https://www.fishwisepro.com/pics/JPG/TN/TN070371F000024W000001.jpg,https://www.fishwisepro.com/pics/JPG/070371F000024W000001.jpg,JPG,70371
Chaetodon tricinctus,Jack Randall,070375F000024W000001.jpg,https://www.fishwisepro.com/pics/JPG/TN/TN070375F000024W000001.jpg,https://www.fishwisepro.com/pics/JPG/070375F000024W000001.jpg,JPG,70375
Chaetodon tricinctus,Jack Randall,070375F000024W000002.jpg,https://www.fishwisepro.com/pics/JPG/TN/TN070375F000024W000002.jpg,https://www.fishwisepro.com/pics/JPG/070375F000024W000002.jpg,JPG,70375
Chaetodon trifascialis,Wayne Osborn,070463F000492W000026.jpg,https://www.fishwisepro.com/pics/JPG/TN/TN070463F000492W000026.jpg,https://www.fishwisepro.com/pics/JPG/070463F000492W000026.jpg,JPG,70463
Chaetodon trifascialis,Jack Randall,070463F000024W000002.jpg,https://www.fishwisepro.com/pics/JPG/TN/TN070463F000024W000002.jpg,https://www.fishwisepro.com/pics/JPG/070463F000024W000002.jpg,JPG,70463
Chaetodon trifascialis,Dennis Polack,070463F000009W000004.jpg,https://www.fishwisepro.com/pics/JPG/TN/TN070463F000009W000004.jpg,https://www.fishwisepro.com/pics/JPG/070463F000009W000004.jpg,JPG,70463
Chaetodon trifascialis,Jack Randall,070463F000024W000001.jpg,https://www.fishwisepro.com/pics/JPG/TN/TN070463F000024W000001.jpg,https://www.fishwisepro.com/pics/JPG/070463F000024W000001.jpg,JPG,70463
Chaetodon trifascialis,Jack Randall,070463F000024W000003.jpg,https://www.fishwisepro.com/pics/JPG/TN/TN070463F000024W000003.jpg,https://www.fishwisepro.com/pics/JPG/070463F000024W000003.jpg,JPG,70463
Chaetodon trifascialis,Jack Randall,070463F000024W000006.jpg,https://www.fishwisepro.com/pics/JPG/TN/TN070463F000024W000006.jpg,https://www.fishwisepro.com/pics/JPG/070463F000024W000006.jpg,JPG,70463
Chaetodon trifascialis,Helmut Debelius &amp; Rudie Kuiter,070463F000002W000005.jpg,https://www.fishwisepro.com/pics/JPG/TN/TN070463F000002W000005.jpg,https://www.fishwisepro.com/pics/JPG/070463F000002W000005.jpg,JPG,70463
Chaetodon trifascialis,Phil Heemstra,070463F000004W000007.jpg,https://www.fishwisepro.com/pics/JPG/TN/TN070463F000004W000007.jpg,https://www.fishwisepro.com/pics/JPG/070463F000004W000007.jpg,JPG,70463
Chaetodon trifascialis,Rick Winterbottom,070463F000112W000008.jpg,https://www.fishwisepro.com/pics/JPG/TN/TN070463F000112W000008.jpg,https://www.fishwisepro.com/pics/JPG/070463F000112W000008.jpg,JPG,70463
Chaetodon trifascialis,Dennis Polack,070463F000009W000009.jpg,https://www.fishwisepro.com/pics/JPG/TN/TN070463F000009W000009.jpg,https://www.fishwisepro.com/pics/JPG/070463F000009W000009.jpg,JPG,70463
Chaetodon trifascialis,Dennis Polack,070463F000009W000010.jpg,https://www.fishwisepro.com/pics/JPG/TN/TN070463F000009W000010.jpg,https://www.fishwisepro.com/pics/JPG/070463F000009W000010.jpg,JPG,70463
Chaetodon trifascialis,Dennis Polack,070463F000009W000011.jpg,https://www.fishwisepro.com/pics/JPG/TN/TN070463F000009W000011.jpg,https://www.fishwisepro.com/pics/JPG/070463F000009W000011.jpg,JPG,70463
Chaetodon trifascialis,Dennis Polack,070463F000009W000012.jpg,https://www.fishwisepro.com/pics/JPG/TN/TN070463F000009W000012.jpg,https://www.fishwisepro.com/pics/JPG/070463F000009W000012.jpg,JPG,70463
Chaetodon trifascialis,Dennis Polack,070463F000009W000013.jpg,https://www.fishwisepro.com/pics/JPG/TN/TN070463F000009W000013.jpg,https://www.fishwisepro.com/pics/JPG/070463F000009W000013.jpg,JPG,70463
Chaetodon trifascialis,Dennis Polack,070463F000009W000014.jpg,https://www.fishwisepro.com/pics/JPG/TN/TN070463F000009W000014.jpg,https://www.fishwisepro.com/pics/JPG/070463F000009W000014.jpg,JPG,70463
Chaetodon trifascialis,Rick Winterbottom,070463F000112W000015.jpg,https://www.fishwisepro.com/pics/JPG/TN/TN070463F000112W000015.jpg,https://www.fishwisepro.com/pics/JPG/070463F000112W000015.jpg,JPG,70463
Chaetodon trifascialis,Rick Winterbottom,070463F000112W000016.jpg,https://www.fishwisepro.com/pics/JPG/TN/TN070463F000112W000016.jpg,https://www.fishwisepro.com/pics/JPG/070463F000112W000016.jpg,JPG,70463
Chaetodon trifascialis,Rick Winterbottom,070463F000112W000017.jpg,https://www.fishwisepro.com/pics/JPG/TN/TN070463F000112W000017.jpg,https://www.fishwisepro.com/pics/JPG/070463F000112W000017.jpg,JPG,70463
Chaetodon trifascialis,Dennis Polack,070463F000009W000019.jpg,https://www.fishwisepro.com/pics/JPG/TN/TN070463F000009W000019.jpg,https://www.fishwisepro.com/pics/JPG/070463F000009W000019.jpg,JPG,70463
Chaetodon trifascialis,Sally Polack,070463F000387W000021.jpg,https://www.fishwisepro.com/pics/JPG/TN/TN070463F000387W000021.jpg,https://www.fishwisepro.com/pics/JPG/070463F000387W000021.jpg,JPG,70463
Chaetodon trifascialis,Sally Polack,070463F000387W000022.jpg,https://www.fishwisepro.com/pics/JPG/TN/TN070463F000387W000022.jpg,https://www.fishwisepro.com/pics/JPG/070463F000387W000022.jpg,JPG,70463
Chaetodon trifascialis,Sally Polack,070463F000387W000023.jpg,https://www.fishwisepro.com/pics/JPG/TN/TN070463F000387W000023.jpg,https://www.fishwisepro.com/pics/JPG/070463F000387W000023.jpg,JPG,70463
Chaetodon trifascialis,Sally Polack,070463F000387W000024.jpg,https://www.fishwisepro.com/pics/JPG/TN/TN070463F000387W000024.jpg,https://www.fishwisepro.com/pics/JPG/070463F000387W000024.jpg,JPG,70463
Chaetodon trifascialis,Sally Polack,070463F000387W000025.jpg,https://www.fishwisepro.com/pics/JPG/TN/TN070463F000387W000025.jpg,https://www.fishwisepro.com/pics/JPG/070463F000387W000025.jpg,JPG,70463
Chaetodon trifasciatus,Phil Heemstra,070483F000004W000010.jpg,https://www.fishwisepro.com/pics/JPG/TN/TN070483F000004W000010.jpg,https://www.fishwisepro.com/pics/JPG/070483F000004W000010.jpg,JPG,70483
Chaetodon trifasciatus,Jack Randall,070483F000024W000004.jpg,https://www.fishwisepro.com/pics/JPG/TN/TN070483F000024W000004.jpg,https://www.fishwisepro.com/pics/JPG/070483F000024W000004.jpg,JPG,70483
Chaetodon trifasciatus,Robert Yin,070483F000033W000001.jpg,https://www.fishwisepro.com/pics/JPG/TN/TN070483F000033W000001.jpg,https://www.fishwisepro.com/pics/JPG/070483F000033W000001.jpg,JPG,70483
Chaetodon trifasciatus,E. O. Murdy &amp; C.J. Ferraris Jr.,070483F000045W000002.jpg,https://www.fishwisepro.com/pics/JPG/TN/TN070483F000045W000002.jpg,https://www.fishwisepro.com/pics/JPG/070483F000045W000002.jpg,JPG,70483
Chaetodon trifasciatus,D. C. Cook,070483F000031W000003.jpg,https://www.fishwisepro.com/pics/JPG/TN/TN070483F000031W000003.jpg,https://www.fishwisepro.com/pics/JPG/070483F000031W000003.jpg,JPG,70483
Chaetodon trifasciatus,M. Wilkie,070483F000090W000005.jpg,https://www.fishwisepro.com/pics/JPG/TN/TN070483F000090W000005.jpg,https://www.fishwisepro.com/pics/JPG/070483F000090W000005.jpg,JPG,70483
Chaetodon trifasciatus,Jeremy Tindall,070483F000167W000006.jpg,https://www.fishwisepro.com/pics/JPG/TN/TN070483F000167W000006.jpg,https://www.fishwisepro.com/pics/JPG/070483F000167W000006.jpg,JPG,70483
Chaetodon trifasciatus,Rick Winterbottom,070483F000112W000007.jpg,https://www.fishwisepro.com/pics/JPG/TN/TN070483F000112W000007.jpg,https://www.fishwisepro.com/pics/JPG/070483F000112W000007.jpg,JPG,70483
Chaetodon trifasciatus,Rick Winterbottom,070483F000112W000008.jpg,https://www.fishwisepro.com/pics/JPG/TN/TN070483F000112W000008.jpg,https://www.fishwisepro.com/pics/JPG/070483F000112W000008.jpg,JPG,70483
Chaetodon trifasciatus,Dennis Polack,070483F000009W000009.jpg,https://www.fishwisepro.com/pics/JPG/TN/TN070483F000009W000009.jpg,https://www.fishwisepro.com/pics/JPG/070483F000009W000009.jpg,JPG,70483
Chaetodon trifasciatus,Sally Polack,070483F000387W000011.jpg,https://www.fishwisepro.com/pics/JPG/TN/TN070483F000387W000011.jpg,https://www.fishwisepro.com/pics/JPG/070483F000387W000011.jpg,JPG,70483
Chaetodon ulietensis,Jack Randall,071442F000024W000004.jpg,https://www.fishwisepro.com/pics/JPG/TN/TN071442F000024W000004.jpg,https://www.fishwisepro.com/pics/JPG/071442F000024W000004.jpg,JPG,71442
Chaetodon ulietensis,K. T. Shao,071442F000039W000001.jpg,https://www.fishwisepro.com/pics/JPG/TN/TN071442F000039W000001.jpg,https://www.fishwisepro.com/pics/JPG/071442F000039W000001.jpg,JPG,71442
Chaetodon ulietensis,Jack Randall,071442F000024W000002.jpg,https://www.fishwisepro.com/pics/JPG/TN/TN071442F000024W000002.jpg,https://www.fishwisepro.com/pics/JPG/071442F000024W000002.jpg,JPG,71442
Chaetodon ulietensis,D. C. Cook,071442F000031W000003.jpg,https://www.fishwisepro.com/pics/JPG/TN/TN071442F000031W000003.jpg,https://www.fishwisepro.com/pics/JPG/071442F000031W000003.jpg,JPG,71442
Chaetodon ulietensis,Rick Winterbottom,071442F000112W000005.jpg,https://www.fishwisepro.com/pics/JPG/TN/TN071442F000112W000005.jpg,https://www.fishwisepro.com/pics/JPG/071442F000112W000005.jpg,JPG,71442
Chaetodon ulietensis,Sally Polack,071442F000387W000006.jpg,https://www.fishwisepro.com/pics/JPG/TN/TN071442F000387W000006.jpg,https://www.fishwisepro.com/pics/JPG/071442F000387W000006.jpg,JPG,71442
Chaetodon ulietensis,Sally Polack,071442F000387W000007.jpg,https://www.fishwisepro.com/pics/JPG/TN/TN071442F000387W000007.jpg,https://www.fishwisepro.com/pics/JPG/071442F000387W000007.jpg,JPG,71442
Chaetodon ulietensis,Dennis Polack,071442F000009W000008.jpg,https://www.fishwisepro.com/pics/JPG/TN/TN071442F000009W000008.jpg,https://www.fishwisepro.com/pics/JPG/071442F000009W000008.jpg,JPG,71442
Chaetodon ulietensis,Dennis Polack,071442F000009W000009.jpg,https://www.fishwisepro.com/pics/JPG/TN/TN071442F000009W000009.jpg,https://www.fishwisepro.com/pics/JPG/071442F000009W000009.jpg,JPG,71442
Chaetodon unimaculatus,Rick Winterbottom,032065F000112W000009.jpg,https://www.fishwisepro.com/pics/JPG/TN/TN032065F000112W000009.jpg,https://www.fishwisepro.com/pics/JPG/032065F000112W000009.jpg,JPG,32065
Chaetodon unimaculatus,Dennis Polack,032065F000009W000013.jpg,https://www.fishwisepro.com/pics/JPG/TN/TN032065F000009W000013.jpg,https://www.fishwisepro.com/pics/JPG/032065F000009W000013.jpg,JPG,32065
Chaetodon unimaculatus,Jack Randall,032065F000024W000003.jpg,https://www.fishwisepro.com/pics/JPG/TN/TN032065F000024W000003.jpg,https://www.fishwisepro.com/pics/JPG/032065F000024W000003.jpg,JPG,32065
Chaetodon unimaculatus,Jack Randall,032065F000024W000005.jpg,https://www.fishwisepro.com/pics/JPG/TN/TN032065F000024W000005.jpg,https://www.fishwisepro.com/pics/JPG/032065F000024W000005.jpg,JPG,32065
Chaetodon unimaculatus,K. T. Shao,032065F000039W000004.jpg,https://www.fishwisepro.com/pics/JPG/TN/TN032065F000039W000004.jpg,https://www.fishwisepro.com/pics/JPG/032065F000039W000004.jpg,JPG,32065
Chaetodon unimaculatus,Rick Winterbottom,032065F000112W000010.jpg,https://www.fishwisepro.com/pics/JPG/TN/TN032065F000112W000010.jpg,https://www.fishwisepro.com/pics/JPG/032065F000112W000010.jpg,JPG,32065
Chaetodon unimaculatus,Sally Polack,032065F000387W000014.jpg,https://www.fishwisepro.com/pics/JPG/TN/TN032065F000387W000014.jpg,https://www.fishwisepro.com/pics/JPG/032065F000387W000014.jpg,JPG,32065
Chaetodon unimaculatus,Dennis Polack,032065F000009W000015.jpg,https://www.fishwisepro.com/pics/JPG/TN/TN032065F000009W000015.jpg,https://www.fishwisepro.com/pics/JPG/032065F000009W000015.jpg,JPG,32065
Chaetodon unimaculatus,Dennis Polack,032065F000009W000016.jpg,https://www.fishwisepro.com/pics/JPG/TN/TN032065F000009W000016.jpg,https://www.fishwisepro.com/pics/JPG/032065F000009W000016.jpg,JPG,32065
Chaetodon unimaculatus,Sally Polack,032065F000387W000017.jpg,https://www.fishwisepro.com/pics/JPG/TN/TN032065F000387W000017.jpg,https://www.fishwisepro.com/pics/JPG/032065F000387W000017.jpg,JPG,32065
Chaetodon unimaculatus,Dennis Polack,032065F000009W000018.jpg,https://www.fishwisepro.com/pics/JPG/TN/TN032065F000009W000018.jpg,https://www.fishwisepro.com/pics/JPG/032065F000009W000018.jpg,JPG,32065
Chaetodon vagabundus,Jack Randall,072115F000024W000008.jpg,https://www.fishwisepro.com/pics/JPG/TN/TN072115F000024W000008.jpg,https://www.fishwisepro.com/pics/JPG/072115F000024W000008.jpg,JPG,72115
Chaetodon vagabundus,K. T. Shao,072115F000039W000001.jpg,https://www.fishwisepro.com/pics/JPG/TN/TN072115F000039W000001.jpg,https://www.fishwisepro.com/pics/JPG/072115F000039W000001.jpg,JPG,72115
Chaetodon vagabundus,K. T. Shao,072115F000039W000003.jpg,https://www.fishwisepro.com/pics/JPG/TN/TN072115F000039W000003.jpg,https://www.fishwisepro.com/pics/JPG/072115F000039W000003.jpg,JPG,72115
Chaetodon vagabundus,M. Wilkie,072115F000090W000005.jpg,https://www.fishwisepro.com/pics/JPG/TN/TN072115F000090W000005.jpg,https://www.fishwisepro.com/pics/JPG/072115F000090W000005.jpg,JPG,72115
Chaetodon vagabundus,D. C. Cook,072115F000031W000006.jpg,https://www.fishwisepro.com/pics/JPG/TN/TN072115F000031W000006.jpg,https://www.fishwisepro.com/pics/JPG/072115F000031W000006.jpg,JPG,72115
Chaetodon vagabundus,Jeremy Tindall,072115F000167W000007.jpg,https://www.fishwisepro.com/pics/JPG/TN/TN072115F000167W000007.jpg,https://www.fishwisepro.com/pics/JPG/072115F000167W000007.jpg,JPG,72115
Chaetodon vagabundus,Jeremy Tindall,072115F000167W000009.jpg,https://www.fishwisepro.com/pics/JPG/TN/TN072115F000167W000009.jpg,https://www.fishwisepro.com/pics/JPG/072115F000167W000009.jpg,JPG,72115
Chaetodon vagabundus,Rick Winterbottom,072115F000112W000010.jpg,https://www.fishwisepro.com/pics/JPG/TN/TN072115F000112W000010.jpg,https://www.fishwisepro.com/pics/JPG/072115F000112W000010.jpg,JPG,72115
Chaetodon vagabundus,Rick Winterbottom,072115F000112W000011.jpg,https://www.fishwisepro.com/pics/JPG/TN/TN072115F000112W000011.jpg,https://www.fishwisepro.com/pics/JPG/072115F000112W000011.jpg,JPG,72115
Chaetodon vagabundus,Dennis Polack,072115F000009W000012.jpg,https://www.fishwisepro.com/pics/JPG/TN/TN072115F000009W000012.jpg,https://www.fishwisepro.com/pics/JPG/072115F000009W000012.jpg,JPG,72115
Chaetodon vagabundus,Dennis Polack,072115F000009W000013.jpg,https://www.fishwisepro.com/pics/JPG/TN/TN072115F000009W000013.jpg,https://www.fishwisepro.com/pics/JPG/072115F000009W000013.jpg,JPG,72115
Chaetodon vagabundus,Sally Polack,072115F000387W000014.jpg,https://www.fishwisepro.com/pics/JPG/TN/TN072115F000387W000014.jpg,https://www.fishwisepro.com/pics/JPG/072115F000387W000014.jpg,JPG,72115
Chaetodon vagabundus,Dennis Polack,072115F000009W000015.jpg,https://www.fishwisepro.com/pics/JPG/TN/TN072115F000009W000015.jpg,https://www.fishwisepro.com/pics/JPG/072115F000009W000015.jpg,JPG,72115
Chaetodon vagabundus,Dennis Polack,072115F000009W000016.jpg,https://www.fishwisepro.com/pics/JPG/TN/TN072115F000009W000016.jpg,https://www.fishwisepro.com/pics/JPG/072115F000009W000016.jpg,JPG,72115
Chaetodon wiebeli,K. T. Shao,074591F000039W000001.jpg,https://www.fishwisepro.com/pics/JPG/TN/TN074591F000039W000001.jpg,https://www.fishwisepro.com/pics/JPG/074591F000039W000001.jpg,JPG,74591
Chaetodon wiebeli,Jack Randall,074591F000024W000002.jpg,https://www.fishwisepro.com/pics/JPG/TN/TN074591F000024W000002.jpg,https://www.fishwisepro.com/pics/JPG/074591F000024W000002.jpg,JPG,74591
Chaetodon wiebeli,Jack Randall,074591F000024W000003.jpg,https://www.fishwisepro.com/pics/JPG/TN/TN074591F000024W000003.jpg,https://www.fishwisepro.com/pics/JPG/074591F000024W000003.jpg,JPG,74591
Chaetodon xanthocephalus,Dennis Polack,074889F000009W000014.jpg,https://www.fishwisepro.com/pics/JPG/TN/TN074889F000009W000014.jpg,https://www.fishwisepro.com/pics/JPG/074889F000009W000014.jpg,JPG,74889
Chaetodon xanthocephalus,Jack Randall,074889F000024W000001.jpg,https://www.fishwisepro.com/pics/JPG/TN/TN074889F000024W000001.jpg,https://www.fishwisepro.com/pics/JPG/074889F000024W000001.jpg,JPG,74889
Chaetodon xanthocephalus,Dennis Polack,074889F000009W000004.jpg,https://www.fishwisepro.com/pics/JPG/TN/TN074889F000009W000004.jpg,https://www.fishwisepro.com/pics/JPG/074889F000009W000004.jpg,JPG,74889
Chaetodon xanthocephalus,Rick Winterbottom,074889F000112W000006.jpg,https://www.fishwisepro.com/pics/JPG/TN/TN074889F000112W000006.jpg,https://www.fishwisepro.com/pics/JPG/074889F000112W000006.jpg,JPG,74889
Chaetodon xanthocephalus,Dennis Polack,074889F000009W000003.jpg,https://www.fishwisepro.com/pics/JPG/TN/TN074889F000009W000003.jpg,https://www.fishwisepro.com/pics/JPG/074889F000009W000003.jpg,JPG,74889
Chaetodon xanthocephalus,Jack Randall,074889F000024W000002.jpg,https://www.fishwisepro.com/pics/JPG/TN/TN074889F000024W000002.jpg,https://www.fishwisepro.com/pics/JPG/074889F000024W000002.jpg,JPG,74889
Chaetodon xanthocephalus,Alan Townsend,074889F000379W000005.jpg,https://www.fishwisepro.com/pics/JPG/TN/TN074889F000379W000005.jpg,https://www.fishwisepro.com/pics/JPG/074889F000379W000005.jpg,JPG,74889
Chaetodon xanthocephalus,Dennis Polack,074889F000009W000007.jpg,https://www.fishwisepro.com/pics/JPG/TN/TN074889F000009W000007.jpg,https://www.fishwisepro.com/pics/JPG/074889F000009W000007.jpg,JPG,74889
Chaetodon xanthocephalus,Dennis Polack,074889F000009W000008.jpg,https://www.fishwisepro.com/pics/JPG/TN/TN074889F000009W000008.jpg,https://www.fishwisepro.com/pics/JPG/074889F000009W000008.jpg,JPG,74889
Chaetodon xanthocephalus,Dennis Polack,074889F000009W000009.jpg,https://www.fishwisepro.com/pics/JPG/TN/TN074889F000009W000009.jpg,https://www.fishwisepro.com/pics/JPG/074889F000009W000009.jpg,JPG,74889
Chaetodon xanthocephalus,Sally Polack,074889F000387W000010.jpg,https://www.fishwisepro.com/pics/JPG/TN/TN074889F000387W000010.jpg,https://www.fishwisepro.com/pics/JPG/074889F000387W000010.jpg,JPG,74889
Chaetodon xanthocephalus,Dennis Polack,074889F000009W000011.jpg,https://www.fishwisepro.com/pics/JPG/TN/TN074889F000009W000011.jpg,https://www.fishwisepro.com/pics/JPG/074889F000009W000011.jpg,JPG,74889
Chaetodon xanthocephalus,Dennis Polack,074889F000009W000012.jpg,https://www.fishwisepro.com/pics/JPG/TN/TN074889F000009W000012.jpg,https://www.fishwisepro.com/pics/JPG/074889F000009W000012.jpg,JPG,74889
Chaetodon xanthocephalus,Dennis Polack,074889F000009W000013.jpg,https://www.fishwisepro.com/pics/JPG/TN/TN074889F000009W000013.jpg,https://www.fishwisepro.com/pics/JPG/074889F000009W000013.jpg,JPG,74889
Chaetodon xanthocephalus,Dennis Polack,074889F000009W000015.jpg,https://www.fishwisepro.com/pics/JPG/TN/TN074889F000009W000015.jpg,https://www.fishwisepro.com/pics/JPG/074889F000009W000015.jpg,JPG,74889
Chaetodon xanthocephalus,Neville Ayliffe,074889F000172W000016.jpg,https://www.fishwisepro.com/pics/JPG/TN/TN074889F000172W000016.jpg,https://www.fishwisepro.com/pics/JPG/074889F000172W000016.jpg,JPG,74889
Chaetodon xanthurus,Wayne Osborn,075007F000492W000006.jpg,https://www.fishwisepro.com/pics/JPG/TN/TN075007F000492W000006.jpg,https://www.fishwisepro.com/pics/JPG/075007F000492W000006.jpg,JPG,75007
Chaetodon xanthurus,Robert Yin,075007F000033W000001.jpg,https://www.fishwisepro.com/pics/JPG/TN/TN075007F000033W000001.jpg,https://www.fishwisepro.com/pics/JPG/075007F000033W000001.jpg,JPG,75007
Chaetodon xanthurus,E. O. Murdy &amp; C.J. Ferraris Jr.,075007F000045W000003.jpg,https://www.fishwisepro.com/pics/JPG/TN/TN075007F000045W000003.jpg,https://www.fishwisepro.com/pics/JPG/075007F000045W000003.jpg,JPG,75007
Chaetodon xanthurus,Jack Randall,075007F000024W000002.jpg,https://www.fishwisepro.com/pics/JPG/TN/TN075007F000024W000002.jpg,https://www.fishwisepro.com/pics/JPG/075007F000024W000002.jpg,JPG,75007
Chaetodon xanthurus,D. C. Cook,075007F000031W000004.jpg,https://www.fishwisepro.com/pics/JPG/TN/TN075007F000031W000004.jpg,https://www.fishwisepro.com/pics/JPG/075007F000031W000004.jpg,JPG,75007
Chaetodon xanthurus,Rick Winterbottom,075007F000112W000005.jpg,https://www.fishwisepro.com/pics/JPG/TN/TN075007F000112W000005.jpg,https://www.fishwisepro.com/pics/JPG/075007F000112W000005.jpg,JPG,75007
Chaetodon zanzibarensis,Rick Winterbottom,075397F000112W000001.jpg,https://www.fishwisepro.com/pics/JPG/TN/TN075397F000112W000001.jpg,https://www.fishwisepro.com/pics/JPG/075397F000112W000001.jpg,JPG,75397
Chaetodon zanzibarensis,Jack Randall,075397F000024W000003.jpg,https://www.fishwisepro.com/pics/JPG/TN/TN075397F000024W000003.jpg,https://www.fishwisepro.com/pics/JPG/075397F000024W000003.jpg,JPG,75397
Chaetodon zanzibarensis,Jack Randall,075397F000024W000002.jpg,https://www.fishwisepro.com/pics/JPG/TN/TN075397F000024W000002.jpg,https://www.fishwisepro.com/pics/JPG/075397F000024W000002.jpg,JPG,75397
Chelmon marginalis,Jack Randall,041756F000024W000001.jpg,https://www.fishwisepro.com/pics/JPG/TN/TN041756F000024W000001.jpg,https://www.fishwisepro.com/pics/JPG/041756F000024W000001.jpg,JPG,41756
Chelmon marginalis,Jack Randall,041756F000024W000002.jpg,https://www.fishwisepro.com/pics/JPG/TN/TN041756F000024W000002.jpg,https://www.fishwisepro.com/pics/JPG/041756F000024W000002.jpg,JPG,41756
Chelmon marginalis,Jack Randall,041756F000024W000003.jpg,https://www.fishwisepro.com/pics/JPG/TN/TN041756F000024W000003.jpg,https://www.fishwisepro.com/pics/JPG/041756F000024W000003.jpg,JPG,41756
Chelmon marginalis,A. C. L. G. Günther,041756F000066W000004.gif,https://www.fishwisepro.com/pics/GIF/TN/TN041756F000066W000004.gif,https://www.fishwisepro.com/pics/GIF/041756F000066W000004.gif,GIF,41756
Chelmon rostratus,Jack Randall,060866F000024W000005.jpg,https://www.fishwisepro.com/pics/JPG/TN/TN060866F000024W000005.jpg,https://www.fishwisepro.com/pics/JPG/060866F000024W000005.jpg,JPG,60866
Chelmon rostratus,Jack Randall,060866F000024W000001.jpg,https://www.fishwisepro.com/pics/JPG/TN/TN060866F000024W000001.jpg,https://www.fishwisepro.com/pics/JPG/060866F000024W000001.jpg,JPG,60866
Chelmon rostratus,K. T. Shao,060866F000039W000002.jpg,https://www.fishwisepro.com/pics/JPG/TN/TN060866F000039W000002.jpg,https://www.fishwisepro.com/pics/JPG/060866F000039W000002.jpg,JPG,60866
Chelmon rostratus,Jack Randall,060866F000024W000003.jpg,https://www.fishwisepro.com/pics/JPG/TN/TN060866F000024W000003.jpg,https://www.fishwisepro.com/pics/JPG/060866F000024W000003.jpg,JPG,60866
Chelmon rostratus,D. C. Cook,060866F000031W000004.jpg,https://www.fishwisepro.com/pics/JPG/TN/TN060866F000031W000004.jpg,https://www.fishwisepro.com/pics/JPG/060866F000031W000004.jpg,JPG,60866
Chelmon rostratus,Rick Winterbottom,060866F000112W000006.jpg,https://www.fishwisepro.com/pics/JPG/TN/TN060866F000112W000006.jpg,https://www.fishwisepro.com/pics/JPG/060866F000112W000006.jpg,JPG,60866
Chelmon rostratus,Rick Winterbottom,060866F000112W000007.jpg,https://www.fishwisepro.com/pics/JPG/TN/TN060866F000112W000007.jpg,https://www.fishwisepro.com/pics/JPG/060866F000112W000007.jpg,JPG,60866
Chelmonops curiosus,Wayne Osborn,017502F000492W000001.jpg,https://www.fishwisepro.com/pics/JPG/TN/TN017502F000492W000001.jpg,https://www.fishwisepro.com/pics/JPG/017502F000492W000001.jpg,JPG,17502
Chelmonops curiosus,Wayne Osborn,017502F000492W000002.jpg,https://www.fishwisepro.com/pics/JPG/TN/TN017502F000492W000002.jpg,https://www.fishwisepro.com/pics/JPG/017502F000492W000002.jpg,JPG,17502
Chelmonops truncatus,Ken Graham,070901F007696W000002.jpg,https://www.fishwisepro.com/pics/JPG/TN/TN070901F007696W000002.jpg,https://www.fishwisepro.com/pics/JPG/070901F007696W000002.jpg,JPG,70901
Chelmonops truncatus,Jack Randall,070901F000024W000001.jpg,https://www.fishwisepro.com/pics/JPG/TN/TN070901F000024W000001.jpg,https://www.fishwisepro.com/pics/JPG/070901F000024W000001.jpg,JPG,70901
Coradion altivelis,Richard Ling,002365F006689W000004.jpg,https://www.fishwisepro.com/pics/JPG/TN/TN002365F006689W000004.jpg,https://www.fishwisepro.com/pics/JPG/002365F006689W000004.jpg,JPG,2365
Coradion altivelis,Jack Randall,002365F000024W000005.jpg,https://www.fishwisepro.com/pics/JPG/TN/TN002365F000024W000005.jpg,https://www.fishwisepro.com/pics/JPG/002365F000024W000005.jpg,JPG,2365
Coradion altivelis,Jack Randall,002365F000024W000001.jpg,https://www.fishwisepro.com/pics/JPG/TN/TN002365F000024W000001.jpg,https://www.fishwisepro.com/pics/JPG/002365F000024W000001.jpg,JPG,2365
Coradion altivelis,Jack Randall,002365F000024W000002.jpg,https://www.fishwisepro.com/pics/JPG/TN/TN002365F000024W000002.jpg,https://www.fishwisepro.com/pics/JPG/002365F000024W000002.jpg,JPG,2365
Coradion altivelis,Jack Randall,002365F000024W000003.jpg,https://www.fishwisepro.com/pics/JPG/TN/TN002365F000024W000003.jpg,https://www.fishwisepro.com/pics/JPG/002365F000024W000003.jpg,JPG,2365
Coradion chrysozonus,Wayne Osborn,014871F000492W000008.jpg,https://www.fishwisepro.com/pics/JPG/TN/TN014871F000492W000008.jpg,https://www.fishwisepro.com/pics/JPG/014871F000492W000008.jpg,JPG,14871
Coradion chrysozonus,Jack Randall,014871F000024W000001.jpg,https://www.fishwisepro.com/pics/JPG/TN/TN014871F000024W000001.jpg,https://www.fishwisepro.com/pics/JPG/014871F000024W000001.jpg,JPG,14871
Coradion chrysozonus,Jack Randall,014871F000024W000005.jpg,https://www.fishwisepro.com/pics/JPG/TN/TN014871F000024W000005.jpg,https://www.fishwisepro.com/pics/JPG/014871F000024W000005.jpg,JPG,14871
Coradion chrysozonus,Jack Randall,014871F000024W000006.jpg,https://www.fishwisepro.com/pics/JPG/TN/TN014871F000024W000006.jpg,https://www.fishwisepro.com/pics/JPG/014871F000024W000006.jpg,JPG,14871
Coradion chrysozonus,Jack Randall,014871F000024W000007.jpg,https://www.fishwisepro.com/pics/JPG/TN/TN014871F000024W000007.jpg,https://www.fishwisepro.com/pics/JPG/014871F000024W000007.jpg,JPG,14871
Coradion chrysozonus,Robert Yin,014871F000033W000002.jpg,https://www.fishwisepro.com/pics/JPG/TN/TN014871F000033W000002.jpg,https://www.fishwisepro.com/pics/JPG/014871F000033W000002.jpg,JPG,14871
Coradion chrysozonus,Jack Randall,014871F000024W000003.jpg,https://www.fishwisepro.com/pics/JPG/TN/TN014871F000024W000003.jpg,https://www.fishwisepro.com/pics/JPG/014871F000024W000003.jpg,JPG,14871
Coradion chrysozonus,D. C. Cook,014871F000031W000004.jpg,https://www.fishwisepro.com/pics/JPG/TN/TN014871F000031W000004.jpg,https://www.fishwisepro.com/pics/JPG/014871F000031W000004.jpg,JPG,14871
Coradion melanopus,Jack Randall,043349F000024W000003.jpg,https://www.fishwisepro.com/pics/JPG/TN/TN043349F000024W000003.jpg,https://www.fishwisepro.com/pics/JPG/043349F000024W000003.jpg,JPG,43349
Coradion melanopus,Jack Randall,043349F000024W000004.jpg,https://www.fishwisepro.com/pics/JPG/TN/TN043349F000024W000004.jpg,https://www.fishwisepro.com/pics/JPG/043349F000024W000004.jpg,JPG,43349
Coradion melanopus,Jack Randall,043349F000024W000001.jpg,https://www.fishwisepro.com/pics/JPG/TN/TN043349F000024W000001.jpg,https://www.fishwisepro.com/pics/JPG/043349F000024W000001.jpg,JPG,43349
Coradion melanopus,Jack Randall,043349F000024W000002.jpg,https://www.fishwisepro.com/pics/JPG/TN/TN043349F000024W000002.jpg,https://www.fishwisepro.com/pics/JPG/043349F000024W000002.jpg,JPG,43349
Coradion melanopus,Jack Randall,043349F000024W000005.jpg,https://www.fishwisepro.com/pics/JPG/TN/TN043349F000024W000005.jpg,https://www.fishwisepro.com/pics/JPG/043349F000024W000005.jpg,JPG,43349
Coradion melanopus,Sally Polack,043349F000387W000006.jpg,https://www.fishwisepro.com/pics/JPG/TN/TN043349F000387W000006.jpg,https://www.fishwisepro.com/pics/JPG/043349F000387W000006.jpg,JPG,43349
Coradion melanopus,Sally Polack,043349F000387W000007.jpg,https://www.fishwisepro.com/pics/JPG/TN/TN043349F000387W000007.jpg,https://www.fishwisepro.com/pics/JPG/043349F000387W000007.jpg,JPG,43349
Coradion melanopus,Sally Polack,043349F000387W000008.jpg,https://www.fishwisepro.com/pics/JPG/TN/TN043349F000387W000008.jpg,https://www.fishwisepro.com/pics/JPG/043349F000387W000008.jpg,JPG,43349
Coradion melanopus,Dennis Polack,043349F000009W000009.jpg,https://www.fishwisepro.com/pics/JPG/TN/TN043349F000009W000009.jpg,https://www.fishwisepro.com/pics/JPG/043349F000009W000009.jpg,JPG,43349
Forcipiger flavissimus,Jack Randall,023887F000024W000006.jpg,https://www.fishwisepro.com/pics/JPG/TN/TN023887F000024W000006.jpg,https://www.fishwisepro.com/pics/JPG/023887F000024W000006.jpg,JPG,23887
Forcipiger flavissimus,Jack Randall,023887F000024W000002.jpg,https://www.fishwisepro.com/pics/JPG/TN/TN023887F000024W000002.jpg,https://www.fishwisepro.com/pics/JPG/023887F000024W000002.jpg,JPG,23887
Forcipiger flavissimus,Jack Randall,023887F000024W000004.jpg,https://www.fishwisepro.com/pics/JPG/TN/TN023887F000024W000004.jpg,https://www.fishwisepro.com/pics/JPG/023887F000024W000004.jpg,JPG,23887
Forcipiger flavissimus,D. C. Cook,023887F000031W000005.jpg,https://www.fishwisepro.com/pics/JPG/TN/TN023887F000031W000005.jpg,https://www.fishwisepro.com/pics/JPG/023887F000031W000005.jpg,JPG,23887
Forcipiger flavissimus,Phil Heemstra,023887F000004W000017.jpg,https://www.fishwisepro.com/pics/JPG/TN/TN023887F000004W000017.jpg,https://www.fishwisepro.com/pics/JPG/023887F000004W000017.jpg,JPG,23887
Forcipiger flavissimus,M. Wilkie,023887F000090W000003.jpg,https://www.fishwisepro.com/pics/JPG/TN/TN023887F000090W000003.jpg,https://www.fishwisepro.com/pics/JPG/023887F000090W000003.jpg,JPG,23887
Forcipiger flavissimus,FAO,023887F000025W000001.gif,https://www.fishwisepro.com/pics/GIF/TN/TN023887F000025W000001.gif,https://www.fishwisepro.com/pics/GIF/023887F000025W000001.gif,GIF,23887
Forcipiger flavissimus,Phil Heemstra,023887F000004W000018.jpg,https://www.fishwisepro.com/pics/JPG/TN/TN023887F000004W000018.jpg,https://www.fishwisepro.com/pics/JPG/023887F000004W000018.jpg,JPG,23887
Forcipiger flavissimus,Rick Winterbottom,023887F000112W000019.jpg,https://www.fishwisepro.com/pics/JPG/TN/TN023887F000112W000019.jpg,https://www.fishwisepro.com/pics/JPG/023887F000112W000019.jpg,JPG,23887
Forcipiger flavissimus,Rick Winterbottom,023887F000112W000020.jpg,https://www.fishwisepro.com/pics/JPG/TN/TN023887F000112W000020.jpg,https://www.fishwisepro.com/pics/JPG/023887F000112W000020.jpg,JPG,23887
Forcipiger flavissimus,Rick Winterbottom,023887F000112W000021.jpg,https://www.fishwisepro.com/pics/JPG/TN/TN023887F000112W000021.jpg,https://www.fishwisepro.com/pics/JPG/023887F000112W000021.jpg,JPG,23887
Forcipiger flavissimus,Rick Winterbottom,023887F000112W000022.jpg,https://www.fishwisepro.com/pics/JPG/TN/TN023887F000112W000022.jpg,https://www.fishwisepro.com/pics/JPG/023887F000112W000022.jpg,JPG,23887
Forcipiger flavissimus,Dennis Polack,023887F000009W000023.jpg,https://www.fishwisepro.com/pics/JPG/TN/TN023887F000009W000023.jpg,https://www.fishwisepro.com/pics/JPG/023887F000009W000023.jpg,JPG,23887
Forcipiger flavissimus,Dennis Polack,023887F000009W000024.jpg,https://www.fishwisepro.com/pics/JPG/TN/TN023887F000009W000024.jpg,https://www.fishwisepro.com/pics/JPG/023887F000009W000024.jpg,JPG,23887
Forcipiger flavissimus,Dennis Polack,023887F000009W000025.jpg,https://www.fishwisepro.com/pics/JPG/TN/TN023887F000009W000025.jpg,https://www.fishwisepro.com/pics/JPG/023887F000009W000025.jpg,JPG,23887
Forcipiger flavissimus,Dennis Polack,023887F000009W000026.jpg,https://www.fishwisepro.com/pics/JPG/TN/TN023887F000009W000026.jpg,https://www.fishwisepro.com/pics/JPG/023887F000009W000026.jpg,JPG,23887
Forcipiger longirostris,Dennis Polack,038381F000009W000017.jpg,https://www.fishwisepro.com/pics/JPG/TN/TN038381F000009W000017.jpg,https://www.fishwisepro.com/pics/JPG/038381F000009W000017.jpg,JPG,38381
Forcipiger longirostris,Jack Randall,038381F000024W000004.jpg,https://www.fishwisepro.com/pics/JPG/TN/TN038381F000024W000004.jpg,https://www.fishwisepro.com/pics/JPG/038381F000024W000004.jpg,JPG,38381
Forcipiger longirostris,Jack Randall,038381F000024W000001.jpg,https://www.fishwisepro.com/pics/JPG/TN/TN038381F000024W000001.jpg,https://www.fishwisepro.com/pics/JPG/038381F000024W000001.jpg,JPG,38381
Forcipiger longirostris,Jack Randall,038381F000024W000002.jpg,https://www.fishwisepro.com/pics/JPG/TN/TN038381F000024W000002.jpg,https://www.fishwisepro.com/pics/JPG/038381F000024W000002.jpg,JPG,38381
Forcipiger longirostris,J. Moreau,038381F000104W000003.jpg,https://www.fishwisepro.com/pics/JPG/TN/TN038381F000104W000003.jpg,https://www.fishwisepro.com/pics/JPG/038381F000104W000003.jpg,JPG,38381
Forcipiger longirostris,Dennis Polack,038381F000009W000005.jpg,https://www.fishwisepro.com/pics/JPG/TN/TN038381F000009W000005.jpg,https://www.fishwisepro.com/pics/JPG/038381F000009W000005.jpg,JPG,38381
Forcipiger longirostris,Dennis Polack,038381F000009W000006.jpg,https://www.fishwisepro.com/pics/JPG/TN/TN038381F000009W000006.jpg,https://www.fishwisepro.com/pics/JPG/038381F000009W000006.jpg,JPG,38381
Forcipiger longirostris,Dennis Polack,038381F000009W000007.jpg,https://www.fishwisepro.com/pics/JPG/TN/TN038381F000009W000007.jpg,https://www.fishwisepro.com/pics/JPG/038381F000009W000007.jpg,JPG,38381
Forcipiger longirostris,Rick Winterbottom,038381F000112W000008.jpg,https://www.fishwisepro.com/pics/JPG/TN/TN038381F000112W000008.jpg,https://www.fishwisepro.com/pics/JPG/038381F000112W000008.jpg,JPG,38381
Forcipiger longirostris,Dennis Polack,038381F000009W000009.jpg,https://www.fishwisepro.com/pics/JPG/TN/TN038381F000009W000009.jpg,https://www.fishwisepro.com/pics/JPG/038381F000009W000009.jpg,JPG,38381
Forcipiger longirostris,Dennis Polack,038381F000009W000010.jpg,https://www.fishwisepro.com/pics/JPG/TN/TN038381F000009W000010.jpg,https://www.fishwisepro.com/pics/JPG/038381F000009W000010.jpg,JPG,38381
Forcipiger longirostris,Dennis Polack,038381F000009W000011.jpg,https://www.fishwisepro.com/pics/JPG/TN/TN038381F000009W000011.jpg,https://www.fishwisepro.com/pics/JPG/038381F000009W000011.jpg,JPG,38381
Forcipiger longirostris,Dennis Polack,038381F000009W000012.jpg,https://www.fishwisepro.com/pics/JPG/TN/TN038381F000009W000012.jpg,https://www.fishwisepro.com/pics/JPG/038381F000009W000012.jpg,JPG,38381
Forcipiger longirostris,Dennis Polack,038381F000009W000013.jpg,https://www.fishwisepro.com/pics/JPG/TN/TN038381F000009W000013.jpg,https://www.fishwisepro.com/pics/JPG/038381F000009W000013.jpg,JPG,38381
Forcipiger longirostris,Dennis Polack,038381F000009W000014.jpg,https://www.fishwisepro.com/pics/JPG/TN/TN038381F000009W000014.jpg,https://www.fishwisepro.com/pics/JPG/038381F000009W000014.jpg,JPG,38381
Forcipiger longirostris,Dennis Polack,038381F000009W000015.jpg,https://www.fishwisepro.com/pics/JPG/TN/TN038381F000009W000015.jpg,https://www.fishwisepro.com/pics/JPG/038381F000009W000015.jpg,JPG,38381
Forcipiger longirostris,Dennis Polack,038381F000009W000016.jpg,https://www.fishwisepro.com/pics/JPG/TN/TN038381F000009W000016.jpg,https://www.fishwisepro.com/pics/JPG/038381F000009W000016.jpg,JPG,38381
Hemitaurichthys multispinosus,Jack Randall,046710F000024W000001.jpg,https://www.fishwisepro.com/pics/JPG/TN/TN046710F000024W000001.jpg,https://www.fishwisepro.com/pics/JPG/046710F000024W000001.jpg,JPG,46710
Hemitaurichthys polylepis,Jack Randall,056345F000024W000001.jpg,https://www.fishwisepro.com/pics/JPG/TN/TN056345F000024W000001.jpg,https://www.fishwisepro.com/pics/JPG/056345F000024W000001.jpg,JPG,56345
Hemitaurichthys polylepis,K. T. Shao,056345F000039W000002.jpg,https://www.fishwisepro.com/pics/JPG/TN/TN056345F000039W000002.jpg,https://www.fishwisepro.com/pics/JPG/056345F000039W000002.jpg,JPG,56345
Hemitaurichthys polylepis,Jack Randall,056345F000024W000003.jpg,https://www.fishwisepro.com/pics/JPG/TN/TN056345F000024W000003.jpg,https://www.fishwisepro.com/pics/JPG/056345F000024W000003.jpg,JPG,56345
Hemitaurichthys polylepis,Dennis Polack,056345F000009W000004.jpg,https://www.fishwisepro.com/pics/JPG/TN/TN056345F000009W000004.jpg,https://www.fishwisepro.com/pics/JPG/056345F000009W000004.jpg,JPG,56345
Hemitaurichthys polylepis,Dennis Polack,056345F000009W000005.jpg,https://www.fishwisepro.com/pics/JPG/TN/TN056345F000009W000005.jpg,https://www.fishwisepro.com/pics/JPG/056345F000009W000005.jpg,JPG,56345
Hemitaurichthys polylepis,Dennis Polack,056345F000009W000006.jpg,https://www.fishwisepro.com/pics/JPG/TN/TN056345F000009W000006.jpg,https://www.fishwisepro.com/pics/JPG/056345F000009W000006.jpg,JPG,56345
Hemitaurichthys thompsoni,Jack Randall,069466F000024W000001.jpg,https://www.fishwisepro.com/pics/JPG/TN/TN069466F000024W000001.jpg,https://www.fishwisepro.com/pics/JPG/069466F000024W000001.jpg,JPG,69466
Hemitaurichthys zoster,Dennis Polack,075707F000009W000003.jpg,https://www.fishwisepro.com/pics/JPG/TN/TN075707F000009W000003.jpg,https://www.fishwisepro.com/pics/JPG/075707F000009W000003.jpg,JPG,75707
Hemitaurichthys zoster,SFSA,075707F000064W000001.gif,https://www.fishwisepro.com/pics/GIF/TN/TN075707F000064W000001.gif,https://www.fishwisepro.com/pics/GIF/075707F000064W000001.gif,GIF,75707
Hemitaurichthys zoster,Jack Randall,075707F000024W000002.jpg,https://www.fishwisepro.com/pics/JPG/TN/TN075707F000024W000002.jpg,https://www.fishwisepro.com/pics/JPG/075707F000024W000002.jpg,JPG,75707
Hemitaurichthys zoster,Jack Randall,075707F000024W000004.jpg,https://www.fishwisepro.com/pics/JPG/TN/TN075707F000024W000004.jpg,https://www.fishwisepro.com/pics/JPG/075707F000024W000004.jpg,JPG,75707
Hemitaurichthys zoster,Jeremy Tindall,075707F000167W000005.jpg,https://www.fishwisepro.com/pics/JPG/TN/TN075707F000167W000005.jpg,https://www.fishwisepro.com/pics/JPG/075707F000167W000005.jpg,JPG,75707
Hemitaurichthys zoster,Rick Winterbottom,075707F000112W000006.jpg,https://www.fishwisepro.com/pics/JPG/TN/TN075707F000112W000006.jpg,https://www.fishwisepro.com/pics/JPG/075707F000112W000006.jpg,JPG,75707
Hemitaurichthys zoster,Dennis Polack,075707F000009W000007.jpg,https://www.fishwisepro.com/pics/JPG/TN/TN075707F000009W000007.jpg,https://www.fishwisepro.com/pics/JPG/075707F000009W000007.jpg,JPG,75707
Hemitaurichthys zoster,Dennis Polack,075707F000009W000008.jpg,https://www.fishwisepro.com/pics/JPG/TN/TN075707F000009W000008.jpg,https://www.fishwisepro.com/pics/JPG/075707F000009W000008.jpg,JPG,75707
Hemitaurichthys zoster,Dennis Polack,075707F000009W000009.jpg,https://www.fishwisepro.com/pics/JPG/TN/TN075707F000009W000009.jpg,https://www.fishwisepro.com/pics/JPG/075707F000009W000009.jpg,JPG,75707
Hemitaurichthys zoster,Dennis Polack,075707F000009W000010.jpg,https://www.fishwisepro.com/pics/JPG/TN/TN075707F000009W000010.jpg,https://www.fishwisepro.com/pics/JPG/075707F000009W000010.jpg,JPG,75707
Hemitaurichthys zoster,Dennis Polack,075707F000009W000011.jpg,https://www.fishwisepro.com/pics/JPG/TN/TN075707F000009W000011.jpg,https://www.fishwisepro.com/pics/JPG/075707F000009W000011.jpg,JPG,75707
Heniochus acuminatus,Dwayne Meadows,000442F004577W000017.jpg,https://www.fishwisepro.com/pics/JPG/TN/TN000442F004577W000017.jpg,https://www.fishwisepro.com/pics/JPG/000442F004577W000017.jpg,JPG,442
Heniochus acuminatus,Dennis Polack,000442F000009W000008.jpg,https://www.fishwisepro.com/pics/JPG/TN/TN000442F000009W000008.jpg,https://www.fishwisepro.com/pics/JPG/000442F000009W000008.jpg,JPG,442
Heniochus acuminatus,Rose McGaw,000442F000007W000009.jpg,https://www.fishwisepro.com/pics/JPG/TN/TN000442F000007W000009.jpg,https://www.fishwisepro.com/pics/JPG/000442F000007W000009.jpg,JPG,442
Heniochus acuminatus,Jack Randall,000442F000024W000005.jpg,https://www.fishwisepro.com/pics/JPG/TN/TN000442F000024W000005.jpg,https://www.fishwisepro.com/pics/JPG/000442F000024W000005.jpg,JPG,442
Heniochus acuminatus,Jack Randall,000442F000024W000003.jpg,https://www.fishwisepro.com/pics/JPG/TN/TN000442F000024W000003.jpg,https://www.fishwisepro.com/pics/JPG/000442F000024W000003.jpg,JPG,442
Heniochus acuminatus,D. C. Cook,000442F000031W000004.jpg,https://www.fishwisepro.com/pics/JPG/TN/TN000442F000031W000004.jpg,https://www.fishwisepro.com/pics/JPG/000442F000031W000004.jpg,JPG,442
Heniochus acuminatus,Jack Randall,000442F000024W000002.jpg,https://www.fishwisepro.com/pics/JPG/TN/TN000442F000024W000002.jpg,https://www.fishwisepro.com/pics/JPG/000442F000024W000002.jpg,JPG,442
Heniochus acuminatus,FAO,000442F000025W000001.gif,https://www.fishwisepro.com/pics/GIF/TN/TN000442F000025W000001.gif,https://www.fishwisepro.com/pics/GIF/000442F000025W000001.gif,GIF,442
Heniochus acuminatus,Jack Randall,000442F000024W000006.jpg,https://www.fishwisepro.com/pics/JPG/TN/TN000442F000024W000006.jpg,https://www.fishwisepro.com/pics/JPG/000442F000024W000006.jpg,JPG,442
Heniochus acuminatus,Rick Winterbottom,000442F000112W000007.jpg,https://www.fishwisepro.com/pics/JPG/TN/TN000442F000112W000007.jpg,https://www.fishwisepro.com/pics/JPG/000442F000112W000007.jpg,JPG,442
Heniochus acuminatus,Dennis Polack,000442F000009W000010.jpg,https://www.fishwisepro.com/pics/JPG/TN/TN000442F000009W000010.jpg,https://www.fishwisepro.com/pics/JPG/000442F000009W000010.jpg,JPG,442
Heniochus acuminatus,Rick Winterbottom,000442F000112W000011.jpg,https://www.fishwisepro.com/pics/JPG/TN/TN000442F000112W000011.jpg,https://www.fishwisepro.com/pics/JPG/000442F000112W000011.jpg,JPG,442
Heniochus acuminatus,Rick Winterbottom,000442F000112W000012.jpg,https://www.fishwisepro.com/pics/JPG/TN/TN000442F000112W000012.jpg,https://www.fishwisepro.com/pics/JPG/000442F000112W000012.jpg,JPG,442
Heniochus acuminatus,Dennis Polack,000442F000009W000013.jpg,https://www.fishwisepro.com/pics/JPG/TN/TN000442F000009W000013.jpg,https://www.fishwisepro.com/pics/JPG/000442F000009W000013.jpg,JPG,442
Heniochus acuminatus,Dennis Polack,000442F000009W000014.jpg,https://www.fishwisepro.com/pics/JPG/TN/TN000442F000009W000014.jpg,https://www.fishwisepro.com/pics/JPG/000442F000009W000014.jpg,JPG,442
Heniochus acuminatus,Dennis Polack,000442F000009W000015.jpg,https://www.fishwisepro.com/pics/JPG/TN/TN000442F000009W000015.jpg,https://www.fishwisepro.com/pics/JPG/000442F000009W000015.jpg,JPG,442
Heniochus acuminatus,Dennis Polack,000442F000009W000016.jpg,https://www.fishwisepro.com/pics/JPG/TN/TN000442F000009W000016.jpg,https://www.fishwisepro.com/pics/JPG/000442F000009W000016.jpg,JPG,442
Heniochus chrysostomus,Phil Heemstra,014849F000004W000011.jpg,https://www.fishwisepro.com/pics/JPG/TN/TN014849F000004W000011.jpg,https://www.fishwisepro.com/pics/JPG/014849F000004W000011.jpg,JPG,14849
Heniochus chrysostomus,Jack Randall,014849F000024W000001.jpg,https://www.fishwisepro.com/pics/JPG/TN/TN014849F000024W000001.jpg,https://www.fishwisepro.com/pics/JPG/014849F000024W000001.jpg,JPG,14849
Heniochus chrysostomus,Jack Randall,014849F000024W000002.jpg,https://www.fishwisepro.com/pics/JPG/TN/TN014849F000024W000002.jpg,https://www.fishwisepro.com/pics/JPG/014849F000024W000002.jpg,JPG,14849
Heniochus chrysostomus,M. Wilkie,014849F000090W000003.jpg,https://www.fishwisepro.com/pics/JPG/TN/TN014849F000090W000003.jpg,https://www.fishwisepro.com/pics/JPG/014849F000090W000003.jpg,JPG,14849
Heniochus chrysostomus,D. C. Cook,014849F000031W000004.jpg,https://www.fishwisepro.com/pics/JPG/TN/TN014849F000031W000004.jpg,https://www.fishwisepro.com/pics/JPG/014849F000031W000004.jpg,JPG,14849
Heniochus chrysostomus,Rick Winterbottom,014849F000112W000005.jpg,https://www.fishwisepro.com/pics/JPG/TN/TN014849F000112W000005.jpg,https://www.fishwisepro.com/pics/JPG/014849F000112W000005.jpg,JPG,14849
Heniochus chrysostomus,Rick Winterbottom,014849F000112W000006.jpg,https://www.fishwisepro.com/pics/JPG/TN/TN014849F000112W000006.jpg,https://www.fishwisepro.com/pics/JPG/014849F000112W000006.jpg,JPG,14849
Heniochus chrysostomus,Sally Polack,014849F000387W000007.jpg,https://www.fishwisepro.com/pics/JPG/TN/TN014849F000387W000007.jpg,https://www.fishwisepro.com/pics/JPG/014849F000387W000007.jpg,JPG,14849
Heniochus chrysostomus,Sally Polack,014849F000387W000008.jpg,https://www.fishwisepro.com/pics/JPG/TN/TN014849F000387W000008.jpg,https://www.fishwisepro.com/pics/JPG/014849F000387W000008.jpg,JPG,14849
Heniochus chrysostomus,Dennis Polack,014849F000009W000009.jpg,https://www.fishwisepro.com/pics/JPG/TN/TN014849F000009W000009.jpg,https://www.fishwisepro.com/pics/JPG/014849F000009W000009.jpg,JPG,14849
Heniochus chrysostomus,Rick Winterbottom,014849F000112W000010.jpg,https://www.fishwisepro.com/pics/JPG/TN/TN014849F000112W000010.jpg,https://www.fishwisepro.com/pics/JPG/014849F000112W000010.jpg,JPG,14849
Heniochus diphreutes,Jack Randall,019404F000024W000002.jpg,https://www.fishwisepro.com/pics/JPG/TN/TN019404F000024W000002.jpg,https://www.fishwisepro.com/pics/JPG/019404F000024W000002.jpg,JPG,19404
Heniochus diphreutes,Jack Randall,019404F000024W000004.jpg,https://www.fishwisepro.com/pics/JPG/TN/TN019404F000024W000004.jpg,https://www.fishwisepro.com/pics/JPG/019404F000024W000004.jpg,JPG,19404
Heniochus diphreutes,SFSA,019404F000064W000001.gif,https://www.fishwisepro.com/pics/GIF/TN/TN019404F000064W000001.gif,https://www.fishwisepro.com/pics/GIF/019404F000064W000001.gif,GIF,19404
Heniochus diphreutes,M. Wilkie,019404F000090W000007.jpg,https://www.fishwisepro.com/pics/JPG/TN/TN019404F000090W000007.jpg,https://www.fishwisepro.com/pics/JPG/019404F000090W000007.jpg,JPG,19404
Heniochus diphreutes,Rick Winterbottom,019404F000112W000008.jpg,https://www.fishwisepro.com/pics/JPG/TN/TN019404F000112W000008.jpg,https://www.fishwisepro.com/pics/JPG/019404F000112W000008.jpg,JPG,19404
Heniochus diphreutes,Rick Winterbottom,019404F000112W000009.jpg,https://www.fishwisepro.com/pics/JPG/TN/TN019404F000112W000009.jpg,https://www.fishwisepro.com/pics/JPG/019404F000112W000009.jpg,JPG,19404
Heniochus diphreutes,Rick Winterbottom,019404F000112W000010.jpg,https://www.fishwisepro.com/pics/JPG/TN/TN019404F000112W000010.jpg,https://www.fishwisepro.com/pics/JPG/019404F000112W000010.jpg,JPG,19404
Heniochus diphreutes,Dennis Polack,019404F000009W000011.jpg,https://www.fishwisepro.com/pics/JPG/TN/TN019404F000009W000011.jpg,https://www.fishwisepro.com/pics/JPG/019404F000009W000011.jpg,JPG,19404
Heniochus diphreutes,Barry Skinstad,019404F000423W000012.jpg,https://www.fishwisepro.com/pics/JPG/TN/TN019404F000423W000012.jpg,https://www.fishwisepro.com/pics/JPG/019404F000423W000012.jpg,JPG,19404
Heniochus diphreutes,Dennis Polack,019404F000009W000013.jpg,https://www.fishwisepro.com/pics/JPG/TN/TN019404F000009W000013.jpg,https://www.fishwisepro.com/pics/JPG/019404F000009W000013.jpg,JPG,19404
Heniochus intermedius,Rokus Groeneveld,031956F000451W000011.jpg,https://www.fishwisepro.com/pics/JPG/TN/TN031956F000451W000011.jpg,https://www.fishwisepro.com/pics/JPG/031956F000451W000011.jpg,JPG,31956
Heniochus intermedius,Jack Randall,031956F000024W000001.jpg,https://www.fishwisepro.com/pics/JPG/TN/TN031956F000024W000001.jpg,https://www.fishwisepro.com/pics/JPG/031956F000024W000001.jpg,JPG,31956
Heniochus intermedius,Dennis Polack,031956F000009W000002.jpg,https://www.fishwisepro.com/pics/JPG/TN/TN031956F000009W000002.jpg,https://www.fishwisepro.com/pics/JPG/031956F000009W000002.jpg,JPG,31956
Heniochus intermedius,Richard Field,031956F000175W000003.jpg,https://www.fishwisepro.com/pics/JPG/TN/TN031956F000175W000003.jpg,https://www.fishwisepro.com/pics/JPG/031956F000175W000003.jpg,JPG,31956
Heniochus intermedius,Jack Randall,031956F000024W000005.jpg,https://www.fishwisepro.com/pics/JPG/TN/TN031956F000024W000005.jpg,https://www.fishwisepro.com/pics/JPG/031956F000024W000005.jpg,JPG,31956
Heniochus intermedius,Dennis Polack,031956F000009W000006.jpg,https://www.fishwisepro.com/pics/JPG/TN/TN031956F000009W000006.jpg,https://www.fishwisepro.com/pics/JPG/031956F000009W000006.jpg,JPG,31956
Heniochus intermedius,Dennis Polack,031956F000009W000008.jpg,https://www.fishwisepro.com/pics/JPG/TN/TN031956F000009W000008.jpg,https://www.fishwisepro.com/pics/JPG/031956F000009W000008.jpg,JPG,31956
Heniochus intermedius,Dennis Polack,031956F000009W000010.jpg,https://www.fishwisepro.com/pics/JPG/TN/TN031956F000009W000010.jpg,https://www.fishwisepro.com/pics/JPG/031956F000009W000010.jpg,JPG,31956
Heniochus monoceros,Dwayne Meadows,045840F004577W000023.jpg,https://www.fishwisepro.com/pics/JPG/TN/TN045840F004577W000023.jpg,https://www.fishwisepro.com/pics/JPG/045840F004577W000023.jpg,JPG,45840
Heniochus monoceros,Jack Randall,045840F000024W000002.jpg,https://www.fishwisepro.com/pics/JPG/TN/TN045840F000024W000002.jpg,https://www.fishwisepro.com/pics/JPG/045840F000024W000002.jpg,JPG,45840
Heniochus monoceros,Dennis Polack,045840F000009W000005.jpg,https://www.fishwisepro.com/pics/JPG/TN/TN045840F000009W000005.jpg,https://www.fishwisepro.com/pics/JPG/045840F000009W000005.jpg,JPG,45840
Heniochus monoceros,Jack Randall,045840F000024W000004.jpg,https://www.fishwisepro.com/pics/JPG/TN/TN045840F000024W000004.jpg,https://www.fishwisepro.com/pics/JPG/045840F000024W000004.jpg,JPG,45840
Heniochus monoceros,K. T. Shao,045840F000039W000003.jpg,https://www.fishwisepro.com/pics/JPG/TN/TN045840F000039W000003.jpg,https://www.fishwisepro.com/pics/JPG/045840F000039W000003.jpg,JPG,45840
Heniochus monoceros,Jack Randall,045840F000024W000006.jpg,https://www.fishwisepro.com/pics/JPG/TN/TN045840F000024W000006.jpg,https://www.fishwisepro.com/pics/JPG/045840F000024W000006.jpg,JPG,45840
Heniochus monoceros,Jack Randall,045840F000024W000007.jpg,https://www.fishwisepro.com/pics/JPG/TN/TN045840F000024W000007.jpg,https://www.fishwisepro.com/pics/JPG/045840F000024W000007.jpg,JPG,45840
Heniochus monoceros,SFSA,045840F000064W000001.gif,https://www.fishwisepro.com/pics/GIF/TN/TN045840F000064W000001.gif,https://www.fishwisepro.com/pics/GIF/045840F000064W000001.gif,GIF,45840
Heniochus monoceros,Phil Heemstra,045840F000004W000008.jpg,https://www.fishwisepro.com/pics/JPG/TN/TN045840F000004W000008.jpg,https://www.fishwisepro.com/pics/JPG/045840F000004W000008.jpg,JPG,45840
Heniochus monoceros,Rick Winterbottom,045840F000112W000009.jpg,https://www.fishwisepro.com/pics/JPG/TN/TN045840F000112W000009.jpg,https://www.fishwisepro.com/pics/JPG/045840F000112W000009.jpg,JPG,45840
Heniochus monoceros,Rick Winterbottom,045840F000112W000010.jpg,https://www.fishwisepro.com/pics/JPG/TN/TN045840F000112W000010.jpg,https://www.fishwisepro.com/pics/JPG/045840F000112W000010.jpg,JPG,45840
Heniochus monoceros,Rick Winterbottom,045840F000112W000011.jpg,https://www.fishwisepro.com/pics/JPG/TN/TN045840F000112W000011.jpg,https://www.fishwisepro.com/pics/JPG/045840F000112W000011.jpg,JPG,45840
Heniochus monoceros,Dennis Polack,045840F000009W000013.jpg,https://www.fishwisepro.com/pics/JPG/TN/TN045840F000009W000013.jpg,https://www.fishwisepro.com/pics/JPG/045840F000009W000013.jpg,JPG,45840
Heniochus monoceros,Dennis Polack,045840F000009W000015.jpg,https://www.fishwisepro.com/pics/JPG/TN/TN045840F000009W000015.jpg,https://www.fishwisepro.com/pics/JPG/045840F000009W000015.jpg,JPG,45840
Heniochus monoceros,Dennis Polack,045840F000009W000021.jpg,https://www.fishwisepro.com/pics/JPG/TN/TN045840F000009W000021.jpg,https://www.fishwisepro.com/pics/JPG/045840F000009W000021.jpg,JPG,45840
Heniochus monoceros,Dennis Polack,045840F000009W000022.jpg,https://www.fishwisepro.com/pics/JPG/TN/TN045840F000009W000022.jpg,https://www.fishwisepro.com/pics/JPG/045840F000009W000022.jpg,JPG,45840
Heniochus pleurotaenia,Jack Randall,055941F000024W000001.jpg,https://www.fishwisepro.com/pics/JPG/TN/TN055941F000024W000001.jpg,https://www.fishwisepro.com/pics/JPG/055941F000024W000001.jpg,JPG,55941
Heniochus pleurotaenia,Jack Randall,055941F000024W000002.jpg,https://www.fishwisepro.com/pics/JPG/TN/TN055941F000024W000002.jpg,https://www.fishwisepro.com/pics/JPG/055941F000024W000002.jpg,JPG,55941
Heniochus pleurotaenia,Rick Winterbottom,055941F000112W000003.jpg,https://www.fishwisepro.com/pics/JPG/TN/TN055941F000112W000003.jpg,https://www.fishwisepro.com/pics/JPG/055941F000112W000003.jpg,JPG,55941
Heniochus pleurotaenia,Sally Polack,055941F000387W000004.jpg,https://www.fishwisepro.com/pics/JPG/TN/TN055941F000387W000004.jpg,https://www.fishwisepro.com/pics/JPG/055941F000387W000004.jpg,JPG,55941
Heniochus pleurotaenia,Sally Polack,055941F000387W000005.jpg,https://www.fishwisepro.com/pics/JPG/TN/TN055941F000387W000005.jpg,https://www.fishwisepro.com/pics/JPG/055941F000387W000005.jpg,JPG,55941
Heniochus pleurotaenia,Sally Polack,055941F000387W000006.jpg,https://www.fishwisepro.com/pics/JPG/TN/TN055941F000387W000006.jpg,https://www.fishwisepro.com/pics/JPG/055941F000387W000006.jpg,JPG,55941
Heniochus singularius,Jack Randall,064983F000024W000002.jpg,https://www.fishwisepro.com/pics/JPG/TN/TN064983F000024W000002.jpg,https://www.fishwisepro.com/pics/JPG/064983F000024W000002.jpg,JPG,64983
Heniochus singularius,D. C. Cook,064983F000031W000003.jpg,https://www.fishwisepro.com/pics/JPG/TN/TN064983F000031W000003.jpg,https://www.fishwisepro.com/pics/JPG/064983F000031W000003.jpg,JPG,64983
Heniochus singularius,Jack Randall,064983F000024W000001.jpg,https://www.fishwisepro.com/pics/JPG/TN/TN064983F000024W000001.jpg,https://www.fishwisepro.com/pics/JPG/064983F000024W000001.jpg,JPG,64983
Heniochus singularius,Jack Randall,064983F000024W000004.jpg,https://www.fishwisepro.com/pics/JPG/TN/TN064983F000024W000004.jpg,https://www.fishwisepro.com/pics/JPG/064983F000024W000004.jpg,JPG,64983
Heniochus singularius,Dennis Polack,064983F000009W000005.jpg,https://www.fishwisepro.com/pics/JPG/TN/TN064983F000009W000005.jpg,https://www.fishwisepro.com/pics/JPG/064983F000009W000005.jpg,JPG,64983
Heniochus varius,Phil Heemstra,072587F000004W000012.jpg,https://www.fishwisepro.com/pics/JPG/TN/TN072587F000004W000012.jpg,https://www.fishwisepro.com/pics/JPG/072587F000004W000012.jpg,JPG,72587
Heniochus varius,Jack Randall,072587F000024W000002.jpg,https://www.fishwisepro.com/pics/JPG/TN/TN072587F000024W000002.jpg,https://www.fishwisepro.com/pics/JPG/072587F000024W000002.jpg,JPG,72587
Heniochus varius,K. T. Shao,072587F000039W000003.jpg,https://www.fishwisepro.com/pics/JPG/TN/TN072587F000039W000003.jpg,https://www.fishwisepro.com/pics/JPG/072587F000039W000003.jpg,JPG,72587
Heniochus varius,A. C. L. G. Günther,072587F000066W000001.gif,https://www.fishwisepro.com/pics/GIF/TN/TN072587F000066W000001.gif,https://www.fishwisepro.com/pics/GIF/072587F000066W000001.gif,GIF,72587
Heniochus varius,D. C. Cook,072587F000031W000005.jpg,https://www.fishwisepro.com/pics/JPG/TN/TN072587F000031W000005.jpg,https://www.fishwisepro.com/pics/JPG/072587F000031W000005.jpg,JPG,72587
Heniochus varius,Jack Randall,072587F000024W000004.jpg,https://www.fishwisepro.com/pics/JPG/TN/TN072587F000024W000004.jpg,https://www.fishwisepro.com/pics/JPG/072587F000024W000004.jpg,JPG,72587
Heniochus varius,Rick Winterbottom,072587F000112W000006.jpg,https://www.fishwisepro.com/pics/JPG/TN/TN072587F000112W000006.jpg,https://www.fishwisepro.com/pics/JPG/072587F000112W000006.jpg,JPG,72587
Heniochus varius,Dennis Polack,072587F000009W000007.jpg,https://www.fishwisepro.com/pics/JPG/TN/TN072587F000009W000007.jpg,https://www.fishwisepro.com/pics/JPG/072587F000009W000007.jpg,JPG,72587
Heniochus varius,Dennis Polack,072587F000009W000008.jpg,https://www.fishwisepro.com/pics/JPG/TN/TN072587F000009W000008.jpg,https://www.fishwisepro.com/pics/JPG/072587F000009W000008.jpg,JPG,72587
Heniochus varius,Sally Polack,072587F000387W000009.jpg,https://www.fishwisepro.com/pics/JPG/TN/TN072587F000387W000009.jpg,https://www.fishwisepro.com/pics/JPG/072587F000387W000009.jpg,JPG,72587
Heniochus varius,Dennis Polack,072587F000009W000010.jpg,https://www.fishwisepro.com/pics/JPG/TN/TN072587F000009W000010.jpg,https://www.fishwisepro.com/pics/JPG/072587F000009W000010.jpg,JPG,72587
Heniochus varius,Dennis Polack,072587F000009W000011.jpg,https://www.fishwisepro.com/pics/JPG/TN/TN072587F000009W000011.jpg,https://www.fishwisepro.com/pics/JPG/072587F000009W000011.jpg,JPG,72587
Johnrandallia nigrirostris,FAO,048646F000025W000001.gif,https://www.fishwisepro.com/pics/GIF/TN/TN048646F000025W000001.gif,https://www.fishwisepro.com/pics/GIF/048646F000025W000001.gif,GIF,48646
Johnrandallia nigrirostris,Jack Randall,048646F000024W000002.jpg,https://www.fishwisepro.com/pics/JPG/TN/TN048646F000024W000002.jpg,https://www.fishwisepro.com/pics/JPG/048646F000024W000002.jpg,JPG,48646
Parachaetodon ocellatus,Jack Randall,050474F000024W000004.jpg,https://www.fishwisepro.com/pics/JPG/TN/TN050474F000024W000004.jpg,https://www.fishwisepro.com/pics/JPG/050474F000024W000004.jpg,JPG,50474
Parachaetodon ocellatus,Jack Randall,050474F000024W000001.jpg,https://www.fishwisepro.com/pics/JPG/TN/TN050474F000024W000001.jpg,https://www.fishwisepro.com/pics/JPG/050474F000024W000001.jpg,JPG,50474
Parachaetodon ocellatus,Jack Randall,050474F000024W000002.jpg,https://www.fishwisepro.com/pics/JPG/TN/TN050474F000024W000002.jpg,https://www.fishwisepro.com/pics/JPG/050474F000024W000002.jpg,JPG,50474
Parachaetodon ocellatus,Jack Randall,050474F000024W000003.jpg,https://www.fishwisepro.com/pics/JPG/TN/TN050474F000024W000003.jpg,https://www.fishwisepro.com/pics/JPG/050474F000024W000003.jpg,JPG,50474
Prognathodes aculeatus,"Unknown, NOAA",109266F004595W000007.jpg,https://www.fishwisepro.com/pics/JPG/TN/TN109266F004595W000007.jpg,https://www.fishwisepro.com/pics/JPG/109266F004595W000007.jpg,JPG,109266
Prognathodes aculeatus,Jack Randall,109266F000024W000005.jpg,https://www.fishwisepro.com/pics/JPG/TN/TN109266F000024W000005.jpg,https://www.fishwisepro.com/pics/JPG/109266F000024W000005.jpg,JPG,109266
Prognathodes aculeatus,N. A. Menezes &amp; J. L. Figueiredo,109266F000057W000006.gif,https://www.fishwisepro.com/pics/GIF/TN/TN109266F000057W000006.gif,https://www.fishwisepro.com/pics/GIF/109266F000057W000006.gif,GIF,109266
Prognathodes aculeatus,Jack Randall,109266F000024W000001.jpg,https://www.fishwisepro.com/pics/JPG/TN/TN109266F000024W000001.jpg,https://www.fishwisepro.com/pics/JPG/109266F000024W000001.jpg,JPG,109266
Prognathodes aculeatus,Jack Randall,109266F000024W000002.jpg,https://www.fishwisepro.com/pics/JPG/TN/TN109266F000024W000002.jpg,https://www.fishwisepro.com/pics/JPG/109266F000024W000002.jpg,JPG,109266
Prognathodes aculeatus,Jack Randall,109266F000024W000003.jpg,https://www.fishwisepro.com/pics/JPG/TN/TN109266F000024W000003.jpg,https://www.fishwisepro.com/pics/JPG/109266F000024W000003.jpg,JPG,109266
Prognathodes aculeatus,CSIRO,109266F000048W000004.jpg,https://www.fishwisepro.com/pics/JPG/TN/TN109266F000048W000004.jpg,https://www.fishwisepro.com/pics/JPG/109266F000048W000004.jpg,JPG,109266
Prognathodes aya,Donald Flescher,111811F000018W000001.jpg,https://www.fishwisepro.com/pics/JPG/TN/TN111811F000018W000001.jpg,https://www.fishwisepro.com/pics/JPG/111811F000018W000001.jpg,JPG,111811
Prognathodes falcifer,FAO,022553F000025W000001.gif,https://www.fishwisepro.com/pics/GIF/TN/TN022553F000025W000001.gif,https://www.fishwisepro.com/pics/GIF/022553F000025W000001.gif,GIF,22553
Prognathodes falcifer,D. Gotshall,022553F000019W000002.jpg,https://www.fishwisepro.com/pics/JPG/TN/TN022553F000019W000002.jpg,https://www.fishwisepro.com/pics/JPG/022553F000019W000002.jpg,JPG,22553
Prognathodes guyanensis,JAMARC,117869F000187W000001.jpg,https://www.fishwisepro.com/pics/JPG/TN/TN117869F000187W000001.jpg,https://www.fishwisepro.com/pics/JPG/117869F000187W000001.jpg,JPG,117869
Prognathodes guyanensis,N. A. Menezes &amp; J. L. Figueiredo,117869F000057W000002.gif,https://www.fishwisepro.com/pics/GIF/TN/TN117869F000057W000002.gif,https://www.fishwisepro.com/pics/GIF/117869F000057W000002.gif,GIF,117869
Roa australis,Barry Hutchins,120410F000384W000001.jpg,https://www.fishwisepro.com/pics/JPG/TN/TN120410F000384W000001.jpg,https://www.fishwisepro.com/pics/JPG/120410F000384W000001.jpg,JPG,120410
Roa excelsa,Jack Randall,103952F000024W000001.jpg,https://www.fishwisepro.com/pics/JPG/TN/TN103952F000024W000001.jpg,https://www.fishwisepro.com/pics/JPG/103952F000024W000001.jpg,JPG,103952
Roa excelsa,Rudie Kuiter,103952F000042W000002.jpg,https://www.fishwisepro.com/pics/JPG/TN/TN103952F000042W000002.jpg,https://www.fishwisepro.com/pics/JPG/103952F000042W000002.jpg,JPG,103952
Roa jayakari,G. V. Hermosa Jr.,123807F000049W000001.jpg,https://www.fishwisepro.com/pics/JPG/TN/TN123807F000049W000001.jpg,https://www.fishwisepro.com/pics/JPG/123807F000049W000001.jpg,JPG,123807
Roa jayakari,Jack Randall,123807F000024W000002.jpg,https://www.fishwisepro.com/pics/JPG/TN/TN123807F000024W000002.jpg,https://www.fishwisepro.com/pics/JPG/123807F000024W000002.jpg,JPG,123807
Roa jayakari,Jurgen Schauer,123807F000413W000004.jpg,https://www.fishwisepro.com/pics/JPG/TN/TN123807F000413W000004.jpg,https://www.fishwisepro.com/pics/JPG/123807F000413W000004.jpg,JPG,123807
Roa modesta,Izuzuki Diver,045566F006601W000001.jpg,https://www.fishwisepro.com/pics/JPG/TN/TN045566F006601W000001.jpg,https://www.fishwisepro.com/pics/JPG/045566F006601W000001.jpg,JPG,45566
Roa modesta,Izuzuki Diver,045566F006601W000002.jpg,https://www.fishwisepro.com/pics/JPG/TN/TN045566F006601W000002.jpg,https://www.fishwisepro.com/pics/JPG/045566F006601W000002.jpg,JPG,45566
