filename,filepath,source,species_raw,species_canonical,is_randall,taxonomy_updated
Chaetodon_flavirostris_Bishop_1864146380.jpg,/Users/michaelalfaro/Dropbox/git/downloading-fish-images-2026/images_bishop/Chaetodon_flavirostris_Bishop_1864146380.jpg,bishop,Chaetodon flavirostris,Chaetodon flavirostris,True,False
Chaetodon_melannotus_Bishop_-1381464288.jpg,/Users/michaelalfaro/Dropbox/git/downloading-fish-images-2026/images_bishop/Chaetodon_melannotus_Bishop_-1381464288.jpg,bishop,Chaetodon melannotus,Chaetodon melannotus,True,False
Chaetodon_mesoleucos_Bishop_-899095560.jpg,/Users/michaelalfaro/Dropbox/git/downloading-fish-images-2026/images_bishop/Chaetodon_mesoleucos_Bishop_-899095560.jpg,bishop,Chaetodon mesoleucos,Chaetodon mesoleucos,True,False
Heniochus_acuminatus_Bishop_1817843498.jpg,/Users/michaelalfaro/Dropbox/git/downloading-fish-images-2026/images_bishop/Heniochus_acuminatus_Bishop_1817843498.jpg,bishop,Heniochus acuminatus,Heniochus acuminatus,True,False
Chelmon_rostratus_Bishop_-1060273696.jpg,/Users/michaelalfaro/Dropbox/git/downloading-fish-images-2026/images_bishop/Chelmon_rostratus_Bishop_-1060273696.jpg,bishop,Chelmon rostratus,Chelmon rostratus,True,False
Chaetodon_semilarvatus_Bishop_-947886964.jpg,/Users/michaelalfaro/Dropbox/git/downloading-fish-images-2026/images_bishop/Chaetodon_semilarvatus_Bishop_-947886964.jpg,bishop,Chaetodon semilarvatus,Chaetodon semilarvatus,True,False
Chelmon_marginalis_Bishop_24220165.jpg,/Users/michaelalfaro/Dropbox/git/downloading-fish-images-2026/images_bishop/Chelmon_marginalis_Bishop_24220165.jpg,bishop,Chelmon marginalis,Chelmon marginalis,True,False
Chaetodon_flavocoronatus_Bishop_-1261632291.jpg,/Users/michaelalfaro/Dropbox/git/downloading-fish-images-2026/images_bishop/Chaetodon_flavocoronatus_Bishop_-1261632291.jpg,bishop,Chaetodon flavocoronatus,Chaetodon flavocoronatus,True,False
Chaetodon_argentatus_Bishop_1074668308.jpg,/Users/michaelalfaro/Dropbox/git/downloading-fish-images-2026/images_bishop/Chaetodon_argentatus_Bishop_1074668308.jpg,bishop,Chaetodon argentatus,Chaetodon argentatus,True,False
Chaetodon_blackburnii_Bishop_1288243346.jpg,/Users/michaelalfaro/Dropbox/git/downloading-fish-images-2026/images_bishop/Chaetodon_blackburnii_Bishop_1288243346.jpg,bishop,Chaetodon blackburnii,Chaetodon blackburnii,True,False
Chaetodon_decussatus_Bishop_527122207.jpg,/Users/michaelalfaro/Dropbox/git/downloading-fish-images-2026/images_bishop/Chaetodon_decussatus_Bishop_527122207.jpg,bishop,Chaetodon decussatus,Chaetodon decussatus,True,False
Chaetodon_lunula_Bishop_543936522.jpg,/Users/michaelalfaro/Dropbox/git/downloading-fish-images-2026/images_bishop/Chaetodon_lunula_Bishop_543936522.jpg,bishop,Chaetodon lunula,Chaetodon lunula,True,False
Chaetodon_mitratus_Bishop_-777256060.jpg,/Users/michaelalfaro/Dropbox/git/downloading-fish-images-2026/images_bishop/Chaetodon_mitratus_Bishop_-777256060.jpg,bishop,Chaetodon mitratus,Chaetodon mitratus,True,False
Chaetodon_semeion_Bishop_-1205919593.jpg,/Users/michaelalfaro/Dropbox/git/downloading-fish-images-2026/images_bishop/Chaetodon_semeion_Bishop_-1205919593.jpg,bishop,Chaetodon semeion,Chaetodon semeion,True,False
Chaetodon_mertensii_Bishop_-727881428.jpg,/Users/michaelalfaro/Dropbox/git/downloading-fish-images-2026/images_bishop/Chaetodon_mertensii_Bishop_-727881428.jpg,bishop,Chaetodon mertensii,Chaetodon mertensii,True,False
Amphichaetodon_howensis_Bishop_-369771762.jpg,/Users/michaelalfaro/Dropbox/git/downloading-fish-images-2026/images_bishop/Amphichaetodon_howensis_Bishop_-369771762.jpg,bishop,Amphichaetodon howensis,Amphichaetodon howensis,True,False
Amphichaetodon_howensis_Bishop_-1464681654.jpg,/Users/michaelalfaro/Dropbox/git/downloading-fish-images-2026/images_bishop/Amphichaetodon_howensis_Bishop_-1464681654.jpg,bishop,Amphichaetodon howensis,Amphichaetodon howensis,True,False
Chaetodon_miliaris_Bishop_725437158.jpg,/Users/michaelalfaro/Dropbox/git/downloading-fish-images-2026/images_bishop/Chaetodon_miliaris_Bishop_725437158.jpg,bishop,Chaetodon miliaris,Chaetodon miliaris,True,False
Chaetodon_speculum_Bishop_65885528.jpg,/Users/michaelalfaro/Dropbox/git/downloading-fish-images-2026/images_bishop/Chaetodon_speculum_Bishop_65885528.jpg,bishop,Chaetodon speculum,Chaetodon speculum,True,False
Forcipiger_flavissimus_Bishop_-1224605166.jpg,/Users/michaelalfaro/Dropbox/git/downloading-fish-images-2026/images_bishop/Forcipiger_flavissimus_Bishop_-1224605166.jpg,bishop,Forcipiger flavissimus,Forcipiger flavissimus,True,False
Heniochus_acuminatus_Bishop_1965411939.jpg,/Users/michaelalfaro/Dropbox/git/downloading-fish-images-2026/images_bishop/Heniochus_acuminatus_Bishop_1965411939.jpg,bishop,Heniochus acuminatus,Heniochus acuminatus,True,False
Chaetodon_ulietensis_Bishop_-201975074.jpg,/Users/michaelalfaro/Dropbox/git/downloading-fish-images-2026/images_bishop/Chaetodon_ulietensis_Bishop_-201975074.jpg,bishop,Chaetodon ulietensis,Chaetodon ulietensis,True,False
Chaetodon_zanzibariensis_Bishop_-1292827274.jpg,/Users/michaelalfaro/Dropbox/git/downloading-fish-images-2026/images_bishop/Chaetodon_zanzibariensis_Bishop_-1292827274.jpg,bishop,Chaetodon zanzibariensis,Chaetodon zanzibarensis,True,True
Chaetodon_unimaculatus_Bishop_-538563321.jpg,/Users/michaelalfaro/Dropbox/git/downloading-fish-images-2026/images_bishop/Chaetodon_unimaculatus_Bishop_-538563321.jpg,bishop,Chaetodon unimaculatus,Chaetodon unimaculatus,True,False
Chaetodon_ornatissimus_Bishop_164962524.jpg,/Users/michaelalfaro/Dropbox/git/downloading-fish-images-2026/images_bishop/Chaetodon_ornatissimus_Bishop_164962524.jpg,bishop,Chaetodon ornatissimus,Chaetodon ornatissimus,True,False
Chaetodon_citrinellus_Bishop_1043818087.jpg,/Users/michaelalfaro/Dropbox/git/downloading-fish-images-2026/images_bishop/Chaetodon_citrinellus_Bishop_1043818087.jpg,bishop,Chaetodon citrinellus,Chaetodon citrinellus,True,False
Chaetodon_wiebeli_Bishop_532247427.jpg,/Users/michaelalfaro/Dropbox/git/downloading-fish-images-2026/images_bishop/Chaetodon_wiebeli_Bishop_532247427.jpg,bishop,Chaetodon wiebeli,Chaetodon wiebeli,True,False
Chaetodon_declivis_Bishop_-405463978.jpg,/Users/michaelalfaro/Dropbox/git/downloading-fish-images-2026/images_bishop/Chaetodon_declivis_Bishop_-405463978.jpg,bishop,Chaetodon declivis,Chaetodon declivis,True,False
Chaetodon_declivis_Bishop_1376440265.jpg,/Users/michaelalfaro/Dropbox/git/downloading-fish-images-2026/images_bishop/Chaetodon_declivis_Bishop_1376440265.jpg,bishop,Chaetodon declivis,Chaetodon declivis,True,False
Chaetodon_ocellicaudus_Bishop_958979710.jpg,/Users/michaelalfaro/Dropbox/git/downloading-fish-images-2026/images_bishop/Chaetodon_ocellicaudus_Bishop_958979710.jpg,bishop,Chaetodon ocellicaudus,Chaetodon ocellicaudus,True,False
Chaetodon_flavocoronatus_Bishop_-1599575846.jpg,/Users/michaelalfaro/Dropbox/git/downloading-fish-images-2026/images_bishop/Chaetodon_flavocoronatus_Bishop_-1599575846.jpg,bishop,Chaetodon flavocoronatus,Chaetodon flavocoronatus,True,False
Chaetodon_mertensii_Bishop_2125964090.jpg,/Users/michaelalfaro/Dropbox/git/downloading-fish-images-2026/images_bishop/Chaetodon_mertensii_Bishop_2125964090.jpg,bishop,Chaetodon mertensii,Chaetodon mertensii,True,False
Chaetodon_vagabundus_Bishop_397124810.jpg,/Users/michaelalfaro/Dropbox/git/downloading-fish-images-2026/images_bishop/Chaetodon_vagabundus_Bishop_397124810.jpg,bishop,Chaetodon vagabundus,Chaetodon vagabundus,True,False
Chaetodon_baronessa_Bishop_918345433.jpg,/Users/michaelalfaro/Dropbox/git/downloading-fish-images-2026/images_bishop/Chaetodon_baronessa_Bishop_918345433.jpg,bishop,Chaetodon baronessa,Chaetodon baronessa,True,False
Chaetodon_vagabundus_Bishop_2044270221.jpg,/Users/michaelalfaro/Dropbox/git/downloading-fish-images-2026/images_bishop/Chaetodon_vagabundus_Bishop_2044270221.jpg,bishop,Chaetodon vagabundus,Chaetodon vagabundus,True,False
Heniochus_chrysostomus_Bishop_1854375753.jpg,/Users/michaelalfaro/Dropbox/git/downloading-fish-images-2026/images_bishop/Heniochus_chrysostomus_Bishop_1854375753.jpg,bishop,Heniochus chrysostomus,Heniochus chrysostomus,True,False
Heniochus_monoceros_Bishop_1205143013.jpg,/Users/michaelalfaro/Dropbox/git/downloading-fish-images-2026/images_bishop/Heniochus_monoceros_Bishop_1205143013.jpg,bishop,Heniochus monoceros,Heniochus monoceros,True,False
Chaetodon_lunula_Bishop_1720571305.jpg,/Users/michaelalfaro/Dropbox/git/downloading-fish-images-2026/images_bishop/Chaetodon_lunula_Bishop_1720571305.jpg,bishop,Chaetodon lunula,Chaetodon lunula,True,False
Chaetodon_kleinii_Bishop_977649394.jpg,/Users/michaelalfaro/Dropbox/git/downloading-fish-images-2026/images_bishop/Chaetodon_kleinii_Bishop_977649394.jpg,bishop,Chaetodon kleinii,Chaetodon kleinii,True,False
Chaetodon_bennetti_Bishop_711591108.jpg,/Users/michaelalfaro/Dropbox/git/downloading-fish-images-2026/images_bishop/Chaetodon_bennetti_Bishop_711591108.jpg,bishop,Chaetodon bennetti,Chaetodon bennetti,True,False
Chelmon_muelleri_Bishop_1919363298.jpg,/Users/michaelalfaro/Dropbox/git/downloading-fish-images-2026/images_bishop/Chelmon_muelleri_Bishop_1919363298.jpg,bishop,Chelmon muelleri,Chelmon muelleri,True,False
Chaetodon_lineolatus_Bishop_1526268337.jpg,/Users/michaelalfaro/Dropbox/git/downloading-fish-images-2026/images_bishop/Chaetodon_lineolatus_Bishop_1526268337.jpg,bishop,Chaetodon lineolatus,Chaetodon lineolatus,True,False
Chaetodon_austriacus_Bishop_-1737564550.jpg,/Users/michaelalfaro/Dropbox/git/downloading-fish-images-2026/images_bishop/Chaetodon_austriacus_Bishop_-1737564550.jpg,bishop,Chaetodon austriacus,Chaetodon austriacus,True,False
Chaetodon_smithi_Bishop_-756583267.jpg,/Users/michaelalfaro/Dropbox/git/downloading-fish-images-2026/images_bishop/Chaetodon_smithi_Bishop_-756583267.jpg,bishop,Chaetodon smithi,Chaetodon smithi,True,False
Chaetodon_trifascialis_Bishop_-500274613.jpg,/Users/michaelalfaro/Dropbox/git/downloading-fish-images-2026/images_bishop/Chaetodon_trifascialis_Bishop_-500274613.jpg,bishop,Chaetodon trifascialis,Chaetodon trifascialis,True,False
Chaetodon_tinkeri_Bishop_-1989865351.jpg,/Users/michaelalfaro/Dropbox/git/downloading-fish-images-2026/images_bishop/Chaetodon_tinkeri_Bishop_-1989865351.jpg,bishop,Chaetodon tinkeri,Chaetodon tinkeri,True,False
Chaetodon_guentheri_Bishop_-184146759.jpg,/Users/michaelalfaro/Dropbox/git/downloading-fish-images-2026/images_bishop/Chaetodon_guentheri_Bishop_-184146759.jpg,bishop,Chaetodon guentheri,Chaetodon guentheri,True,False
Chelmon_muelleri_Bishop_425540539.jpg,/Users/michaelalfaro/Dropbox/git/downloading-fish-images-2026/images_bishop/Chelmon_muelleri_Bishop_425540539.jpg,bishop,Chelmon muelleri,Chelmon muelleri,True,False
Forcipiger_longirostris_Bishop_2048048784.jpg,/Users/michaelalfaro/Dropbox/git/downloading-fish-images-2026/images_bishop/Forcipiger_longirostris_Bishop_2048048784.jpg,bishop,Forcipiger longirostris,Forcipiger longirostris,True,False
Chaetodon_baronessa_Bishop_601798515.jpg,/Users/michaelalfaro/Dropbox/git/downloading-fish-images-2026/images_bishop/Chaetodon_baronessa_Bishop_601798515.jpg,bishop,Chaetodon baronessa,Chaetodon baronessa,True,False
Chaetodon_auriga_Bishop_843681634.jpg,/Users/michaelalfaro/Dropbox/git/downloading-fish-images-2026/images_bishop/Chaetodon_auriga_Bishop_843681634.jpg,bishop,Chaetodon auriga,Chaetodon auriga,True,False
Chaetodon_kleinii_Bishop_-1577854379.jpg,/Users/michaelalfaro/Dropbox/git/downloading-fish-images-2026/images_bishop/Chaetodon_kleinii_Bishop_-1577854379.jpg,bishop,Chaetodon kleinii,Chaetodon kleinii,True,False
Chaetodon_trichrous_Bishop_-192591132.jpg,/Users/michaelalfaro/Dropbox/git/downloading-fish-images-2026/images_bishop/Chaetodon_trichrous_Bishop_-192591132.jpg,bishop,Chaetodon trichrous,Chaetodon trichrous,True,False
Heniochus_diphreutes_Bishop_1453219286.jpg,/Users/michaelalfaro/Dropbox/git/downloading-fish-images-2026/images_bishop/Heniochus_diphreutes_Bishop_1453219286.jpg,bishop,Heniochus diphreutes,Heniochus diphreutes,True,False
Chaetodon_plebeius_Bishop_-531604202.jpg,/Users/michaelalfaro/Dropbox/git/downloading-fish-images-2026/images_bishop/Chaetodon_plebeius_Bishop_-531604202.jpg,bishop,Chaetodon plebeius,Chaetodon plebeius,True,False
Parachaetodon_ocellatus_Bishop_-731143075.jpg,/Users/michaelalfaro/Dropbox/git/downloading-fish-images-2026/images_bishop/Parachaetodon_ocellatus_Bishop_-731143075.jpg,bishop,Parachaetodon ocellatus,Parachaetodon ocellatus,True,False
Chaetodon_guttatissimus_Bishop_-397235578.jpg,/Users/michaelalfaro/Dropbox/git/downloading-fish-images-2026/images_bishop/Chaetodon_guttatissimus_Bishop_-397235578.jpg,bishop,Chaetodon guttatissimus,Chaetodon guttatissimus,True,False
Chaetodon_ornatissimus_Bishop_553414317.jpg,/Users/michaelalfaro/Dropbox/git/downloading-fish-images-2026/images_bishop/Chaetodon_ornatissimus_Bishop_553414317.jpg,bishop,Chaetodon ornatissimus,Chaetodon ornatissimus,True,False
Chaetodon_declivis_Bishop_-274435096.jpg,/Users/michaelalfaro/Dropbox/git/downloading-fish-images-2026/images_bishop/Chaetodon_declivis_Bishop_-274435096.jpg,bishop,Chaetodon declivis,Chaetodon declivis,True,False
Chaetodon_auriga_Bishop_-2122348146.jpg,/Users/michaelalfaro/Dropbox/git/downloading-fish-images-2026/images_bishop/Chaetodon_auriga_Bishop_-2122348146.jpg,bishop,Chaetodon auriga,Chaetodon auriga,True,False
Chaetodon_citrinellus_Bishop_-1937929700.jpg,/Users/michaelalfaro/Dropbox/git/downloading-fish-images-2026/images_bishop/Chaetodon_citrinellus_Bishop_-1937929700.jpg,bishop,Chaetodon citrinellus,Chaetodon citrinellus,True,False
Chaetodon_plebeius_Bishop_-243381367.jpg,/Users/michaelalfaro/Dropbox/git/downloading-fish-images-2026/images_bishop/Chaetodon_plebeius_Bishop_-243381367.jpg,bishop,Chaetodon plebeius,Chaetodon plebeius,True,False
Chaetodon_lineolatus_Bishop_-879271097.jpg,/Users/michaelalfaro/Dropbox/git/downloading-fish-images-2026/images_bishop/Chaetodon_lineolatus_Bishop_-879271097.jpg,bishop,Chaetodon lineolatus,Chaetodon lineolatus,True,False
Chaetodon_blackburnii_Bishop_-410407509.jpg,/Users/michaelalfaro/Dropbox/git/downloading-fish-images-2026/images_bishop/Chaetodon_blackburnii_Bishop_-410407509.jpg,bishop,Chaetodon blackburnii,Chaetodon blackburnii,True,False
Chaetodon_paucifasciatus_Bishop_-1576082838.jpg,/Users/michaelalfaro/Dropbox/git/downloading-fish-images-2026/images_bishop/Chaetodon_paucifasciatus_Bishop_-1576082838.jpg,bishop,Chaetodon paucifasciatus,Chaetodon paucifasciatus,True,False
Chaetodon_excelsa_Bishop_853070272.jpg,/Users/michaelalfaro/Dropbox/git/downloading-fish-images-2026/images_bishop/Chaetodon_excelsa_Bishop_853070272.jpg,bishop,Chaetodon excelsa,Roa excelsa,True,True
Chaetodon_dolosus_Bishop_-1008609691.jpg,/Users/michaelalfaro/Dropbox/git/downloading-fish-images-2026/images_bishop/Chaetodon_dolosus_Bishop_-1008609691.jpg,bishop,Chaetodon dolosus,Chaetodon dolosus,True,False
Hemitaurichthys_multispinosus_Bishop_1514469863.jpg,/Users/michaelalfaro/Dropbox/git/downloading-fish-images-2026/images_bishop/Hemitaurichthys_multispinosus_Bishop_1514469863.jpg,bishop,Hemitaurichthys multispinosus,Hemitaurichthys multispinosus,True,False
Chaetodon_unimaculatus_Bishop_-2035665860.jpg,/Users/michaelalfaro/Dropbox/git/downloading-fish-images-2026/images_bishop/Chaetodon_unimaculatus_Bishop_-2035665860.jpg,bishop,Chaetodon unimaculatus,Chaetodon unimaculatus,True,False
Chaetodon_smithi_Bishop_-1166721005.jpg,/Users/michaelalfaro/Dropbox/git/downloading-fish-images-2026/images_bishop/Chaetodon_smithi_Bishop_-1166721005.jpg,bishop,Chaetodon smithi,Chaetodon smithi,True,False
Coradion_chrysozonus_Bishop_28243640.jpg,/Users/michaelalfaro/Dropbox/git/downloading-fish-images-2026/images_bishop/Coradion_chrysozonus_Bishop_28243640.jpg,bishop,Coradion chrysozonus,Coradion chrysozonus,True,False
Hemitaurichthys_polylepis_Bishop_224753564.jpg,/Users/michaelalfaro/Dropbox/git/downloading-fish-images-2026/images_bishop/Hemitaurichthys_polylepis_Bishop_224753564.jpg,bishop,Hemitaurichthys polylepis,Hemitaurichthys polylepis,True,False
Chaetodon_citrinellus_Bishop_520787921.jpg,/Users/michaelalfaro/Dropbox/git/downloading-fish-images-2026/images_bishop/Chaetodon_citrinellus_Bishop_520787921.jpg,bishop,Chaetodon citrinellus,Chaetodon citrinellus,True,False
Coradion_melanopus_Bishop_1537514406.jpg,/Users/michaelalfaro/Dropbox/git/downloading-fish-images-2026/images_bishop/Coradion_melanopus_Bishop_1537514406.jpg,bishop,Coradion melanopus,Coradion melanopus,True,False
Heniochus_acuminatus_Bishop_2027043176.jpg,/Users/michaelalfaro/Dropbox/git/downloading-fish-images-2026/images_bishop/Heniochus_acuminatus_Bishop_2027043176.jpg,bishop,Heniochus acuminatus,Heniochus acuminatus,True,False
Chaetodon_adiergastos_Bishop_1979529705.jpg,/Users/michaelalfaro/Dropbox/git/downloading-fish-images-2026/images_bishop/Chaetodon_adiergastos_Bishop_1979529705.jpg,bishop,Chaetodon adiergastos,Chaetodon adiergastos,True,False
Chaetodon_gardineri_Bishop_-1706450280.jpg,/Users/michaelalfaro/Dropbox/git/downloading-fish-images-2026/images_bishop/Chaetodon_gardineri_Bishop_-1706450280.jpg,bishop,Chaetodon gardineri,Chaetodon gardineri,True,False
Chaetodon_modestus_Bishop_316109402.jpg,/Users/michaelalfaro/Dropbox/git/downloading-fish-images-2026/images_bishop/Chaetodon_modestus_Bishop_316109402.jpg,bishop,Chaetodon modestus,Chaetodon modestus,True,False
Chaetodon_nigropunctatus_Bishop_276052843.jpg,/Users/michaelalfaro/Dropbox/git/downloading-fish-images-2026/images_bishop/Chaetodon_nigropunctatus_Bishop_276052843.jpg,bishop,Chaetodon nigropunctatus,Chaetodon nigropunctatus,True,False
Chaetodon_octofasciatus_Bishop_1838436391.jpg,/Users/michaelalfaro/Dropbox/git/downloading-fish-images-2026/images_bishop/Chaetodon_octofasciatus_Bishop_1838436391.jpg,bishop,Chaetodon octofasciatus,Chaetodon octofasciatus,True,False
Chaetodon_auriga_Bishop_1988149751.jpg,/Users/michaelalfaro/Dropbox/git/downloading-fish-images-2026/images_bishop/Chaetodon_auriga_Bishop_1988149751.jpg,bishop,Chaetodon auriga,Chaetodon auriga,True,False
Chaetodon_fasciatus_Bishop_-1886056978.jpg,/Users/michaelalfaro/Dropbox/git/downloading-fish-images-2026/images_bishop/Chaetodon_fasciatus_Bishop_-1886056978.jpg,bishop,Chaetodon fasciatus,Chaetodon fasciatus,True,False
Chaetodon_litus_Bishop_1983788749.jpg,/Users/michaelalfaro/Dropbox/git/downloading-fish-images-2026/images_bishop/Chaetodon_litus_Bishop_1983788749.jpg,bishop,Chaetodon litus,Chaetodon litus,True,False
Chaetodon_auriga_Bishop_1547714619.jpg,/Users/michaelalfaro/Dropbox/git/downloading-fish-images-2026/images_bishop/Chaetodon_auriga_Bishop_1547714619.jpg,bishop,Chaetodon auriga,Chaetodon auriga,True,False
Chaetodon_semeion_Bishop_238560942.jpg,/Users/michaelalfaro/Dropbox/git/downloading-fish-images-2026/images_bishop/Chaetodon_semeion_Bishop_238560942.jpg,bishop,Chaetodon semeion,Chaetodon semeion,True,False
Chaetodon_xanthurus_Bishop_-858508951.jpg,/Users/michaelalfaro/Dropbox/git/downloading-fish-images-2026/images_bishop/Chaetodon_xanthurus_Bishop_-858508951.jpg,bishop,Chaetodon xanthurus,Chaetodon xanthurus,True,False
Chaetodon_auripes_Bishop_1839596140.jpg,/Users/michaelalfaro/Dropbox/git/downloading-fish-images-2026/images_bishop/Chaetodon_auripes_Bishop_1839596140.jpg,bishop,Chaetodon auripes,Chaetodon auripes,True,False
Chaetodon_lunula_Bishop_-530805309.jpg,/Users/michaelalfaro/Dropbox/git/downloading-fish-images-2026/images_bishop/Chaetodon_lunula_Bishop_-530805309.jpg,bishop,Chaetodon lunula,Chaetodon lunula,True,False
Chaetodon_aureofasciatus_Bishop_1459626629.jpg,/Users/michaelalfaro/Dropbox/git/downloading-fish-images-2026/images_bishop/Chaetodon_aureofasciatus_Bishop_1459626629.jpg,bishop,Chaetodon aureofasciatus,Chaetodon aureofasciatus,True,False
Chaetodon_lineolatus_Bishop_1821004318.jpg,/Users/michaelalfaro/Dropbox/git/downloading-fish-images-2026/images_bishop/Chaetodon_lineolatus_Bishop_1821004318.jpg,bishop,Chaetodon lineolatus,Chaetodon lineolatus,True,False
Chelmon_rostratus_Bishop_-1630595999.jpg,/Users/michaelalfaro/Dropbox/git/downloading-fish-images-2026/images_bishop/Chelmon_rostratus_Bishop_-1630595999.jpg,bishop,Chelmon rostratus,Chelmon rostratus,True,False
Chaetodon_auriga_Bishop_1449897185.jpg,/Users/michaelalfaro/Dropbox/git/downloading-fish-images-2026/images_bishop/Chaetodon_auriga_Bishop_1449897185.jpg,bishop,Chaetodon auriga,Chaetodon auriga,True,False
Amphichaetodon_howensis_Bishop_472868867.jpg,/Users/michaelalfaro/Dropbox/git/downloading-fish-images-2026/images_bishop/Amphichaetodon_howensis_Bishop_472868867.jpg,bishop,Amphichaetodon howensis,Amphichaetodon howensis,True,False
Chelmon_marginalis_Bishop_-336691052.jpg,/Users/michaelalfaro/Dropbox/git/downloading-fish-images-2026/images_bishop/Chelmon_marginalis_Bishop_-336691052.jpg,bishop,Chelmon marginalis,Chelmon marginalis,True,False
Chaetodon_meyeri_Bishop_-146742631.jpg,/Users/michaelalfaro/Dropbox/git/downloading-fish-images-2026/images_bishop/Chaetodon_meyeri_Bishop_-146742631.jpg,bishop,Chaetodon meyeri,Chaetodon meyeri,True,False
Chaetodon_auriga_Bishop_415255648.jpg,/Users/michaelalfaro/Dropbox/git/downloading-fish-images-2026/images_bishop/Chaetodon_auriga_Bishop_415255648.jpg,bishop,Chaetodon auriga,Chaetodon auriga,True,False
Coradion_melanopus_Bishop_1397670468.jpg,/Users/michaelalfaro/Dropbox/git/downloading-fish-images-2026/images_bishop/Coradion_melanopus_Bishop_1397670468.jpg,bishop,Coradion melanopus,Coradion melanopus,True,False
Coradion_chrysozonus_Bishop_1721541363.jpg,/Users/michaelalfaro/Dropbox/git/downloading-fish-images-2026/images_bishop/Coradion_chrysozonus_Bishop_1721541363.jpg,bishop,Coradion chrysozonus,Coradion chrysozonus,True,False
Chaetodon_ephippium_Bishop_-1248760382.jpg,/Users/michaelalfaro/Dropbox/git/downloading-fish-images-2026/images_bishop/Chaetodon_ephippium_Bishop_-1248760382.jpg,bishop,Chaetodon ephippium,Chaetodon ephippium,True,False
Chaetodon_rainfordi_Bishop_-805104421.jpg,/Users/michaelalfaro/Dropbox/git/downloading-fish-images-2026/images_bishop/Chaetodon_rainfordi_Bishop_-805104421.jpg,bishop,Chaetodon rainfordi,Chaetodon rainfordi,True,False
Chaetodon_guttatissimus_Bishop_-1623433841.jpg,/Users/michaelalfaro/Dropbox/git/downloading-fish-images-2026/images_bishop/Chaetodon_guttatissimus_Bishop_-1623433841.jpg,bishop,Chaetodon guttatissimus,Chaetodon guttatissimus,True,False
Chaetodon_nippon_Bishop_-751379567.jpg,/Users/michaelalfaro/Dropbox/git/downloading-fish-images-2026/images_bishop/Chaetodon_nippon_Bishop_-751379567.jpg,bishop,Chaetodon nippon,Chaetodon nippon,True,False
Chaetodon_ephippium_Bishop_-1179871461.jpg,/Users/michaelalfaro/Dropbox/git/downloading-fish-images-2026/images_bishop/Chaetodon_ephippium_Bishop_-1179871461.jpg,bishop,Chaetodon ephippium,Chaetodon ephippium,True,False
Coradion_chrysozonus_Bishop_-1821725095.jpg,/Users/michaelalfaro/Dropbox/git/downloading-fish-images-2026/images_bishop/Coradion_chrysozonus_Bishop_-1821725095.jpg,bishop,Coradion chrysozonus,Coradion chrysozonus,True,False
Chelmonops_truncatus_Bishop_-473926281.jpg,/Users/michaelalfaro/Dropbox/git/downloading-fish-images-2026/images_bishop/Chelmonops_truncatus_Bishop_-473926281.jpg,bishop,Chelmonops truncatus,Chelmonops truncatus,True,False
Chaetodon_reticulatus_Bishop_-2063111040.jpg,/Users/michaelalfaro/Dropbox/git/downloading-fish-images-2026/images_bishop/Chaetodon_reticulatus_Bishop_-2063111040.jpg,bishop,Chaetodon reticulatus,Chaetodon reticulatus,True,False
Coradion_chrysozonus_Bishop_213329914.jpg,/Users/michaelalfaro/Dropbox/git/downloading-fish-images-2026/images_bishop/Coradion_chrysozonus_Bishop_213329914.jpg,bishop,Coradion chrysozonus,Coradion chrysozonus,True,False
Heniochus_monoceros_Bishop_-980348940.jpg,/Users/michaelalfaro/Dropbox/git/downloading-fish-images-2026/images_bishop/Heniochus_monoceros_Bishop_-980348940.jpg,bishop,Heniochus monoceros,Heniochus monoceros,True,False
Chaetodon_citrinellus_Bishop_-1191499504.jpg,/Users/michaelalfaro/Dropbox/git/downloading-fish-images-2026/images_bishop/Chaetodon_citrinellus_Bishop_-1191499504.jpg,bishop,Chaetodon citrinellus,Chaetodon citrinellus,True,False
Chaetodon_melannotus_Bishop_-1689715678.jpg,/Users/michaelalfaro/Dropbox/git/downloading-fish-images-2026/images_bishop/Chaetodon_melannotus_Bishop_-1689715678.jpg,bishop,Chaetodon melannotus,Chaetodon melannotus,True,False
Chaetodon_fremblii_Bishop_5130835.jpg,/Users/michaelalfaro/Dropbox/git/downloading-fish-images-2026/images_bishop/Chaetodon_fremblii_Bishop_5130835.jpg,bishop,Chaetodon fremblii,Chaetodon fremblii,True,False
Chaetodon_citrinellus_Bishop_-1736280642.jpg,/Users/michaelalfaro/Dropbox/git/downloading-fish-images-2026/images_bishop/Chaetodon_citrinellus_Bishop_-1736280642.jpg,bishop,Chaetodon citrinellus,Chaetodon citrinellus,True,False
Chaetodon_mertensii_Bishop_1869466931.jpg,/Users/michaelalfaro/Dropbox/git/downloading-fish-images-2026/images_bishop/Chaetodon_mertensii_Bishop_1869466931.jpg,bishop,Chaetodon mertensii,Chaetodon mertensii,True,False
Chaetodon_baronessa_Bishop_1152880952.jpg,/Users/michaelalfaro/Dropbox/git/downloading-fish-images-2026/images_bishop/Chaetodon_baronessa_Bishop_1152880952.jpg,bishop,Chaetodon baronessa,Chaetodon baronessa,True,False
Chaetodon_miliaris_Bishop_1720766063.jpg,/Users/michaelalfaro/Dropbox/git/downloading-fish-images-2026/images_bishop/Chaetodon_miliaris_Bishop_1720766063.jpg,bishop,Chaetodon miliaris,Chaetodon miliaris,True,False
Chaetodon_melapterus_Bishop_690928567.jpg,/Users/michaelalfaro/Dropbox/git/downloading-fish-images-2026/images_bishop/Chaetodon_melapterus_Bishop_690928567.jpg,bishop,Chaetodon melapterus,Chaetodon melapterus,True,False
Chaetodon_lunulatus_Bishop_1378116790.jpg,/Users/michaelalfaro/Dropbox/git/downloading-fish-images-2026/images_bishop/Chaetodon_lunulatus_Bishop_1378116790.jpg,bishop,Chaetodon lunulatus,Chaetodon lunulatus,True,False
Chaetodon_nigropunctatus_Bishop_1435538384.jpg,/Users/michaelalfaro/Dropbox/git/downloading-fish-images-2026/images_bishop/Chaetodon_nigropunctatus_Bishop_1435538384.jpg,bishop,Chaetodon nigropunctatus,Chaetodon nigropunctatus,True,False
Chaetodon_melannotus_Bishop_-1126507013.jpg,/Users/michaelalfaro/Dropbox/git/downloading-fish-images-2026/images_bishop/Chaetodon_melannotus_Bishop_-1126507013.jpg,bishop,Chaetodon melannotus,Chaetodon melannotus,True,False
Heniochus_intermedius_Bishop_-20578450.jpg,/Users/michaelalfaro/Dropbox/git/downloading-fish-images-2026/images_bishop/Heniochus_intermedius_Bishop_-20578450.jpg,bishop,Heniochus intermedius,Heniochus intermedius,True,False
Chaetodon_rafflesii_Bishop_497192485.jpg,/Users/michaelalfaro/Dropbox/git/downloading-fish-images-2026/images_bishop/Chaetodon_rafflesii_Bishop_497192485.jpg,bishop,Chaetodon rafflesii,Chaetodon rafflesii,True,False
Heniochus_singularius_Bishop_1959970624.jpg,/Users/michaelalfaro/Dropbox/git/downloading-fish-images-2026/images_bishop/Heniochus_singularius_Bishop_1959970624.jpg,bishop,Heniochus singularius,Heniochus singularius,True,False
Chaetodon_marleyi_Bishop_384825925.jpg,/Users/michaelalfaro/Dropbox/git/downloading-fish-images-2026/images_bishop/Chaetodon_marleyi_Bishop_384825925.jpg,bishop,Chaetodon marleyi,Chaetodon marleyi,True,False
Chaetodon_lunula_Bishop_2036473160.jpg,/Users/michaelalfaro/Dropbox/git/downloading-fish-images-2026/images_bishop/Chaetodon_lunula_Bishop_2036473160.jpg,bishop,Chaetodon lunula,Chaetodon lunula,True,False
Chaetodon_ulietensis_Bishop_-1430510223.jpg,/Users/michaelalfaro/Dropbox/git/downloading-fish-images-2026/images_bishop/Chaetodon_ulietensis_Bishop_-1430510223.jpg,bishop,Chaetodon ulietensis,Chaetodon ulietensis,True,False
Parachaetodon_ocellatus_Bishop_-154342580.jpg,/Users/michaelalfaro/Dropbox/git/downloading-fish-images-2026/images_bishop/Parachaetodon_ocellatus_Bishop_-154342580.jpg,bishop,Parachaetodon ocellatus,Parachaetodon ocellatus,True,False
Chaetodon_rafflesii_Bishop_-779601278.jpg,/Users/michaelalfaro/Dropbox/git/downloading-fish-images-2026/images_bishop/Chaetodon_rafflesii_Bishop_-779601278.jpg,bishop,Chaetodon rafflesii,Chaetodon rafflesii,True,False
Heniochus_pleurotaenia_Bishop_-1006778558.jpg,/Users/michaelalfaro/Dropbox/git/downloading-fish-images-2026/images_bishop/Heniochus_pleurotaenia_Bishop_-1006778558.jpg,bishop,Heniochus pleurotaenia,Heniochus pleurotaenia,True,False
Chaetodon_baronessa_Bishop_-2122794458.jpg,/Users/michaelalfaro/Dropbox/git/downloading-fish-images-2026/images_bishop/Chaetodon_baronessa_Bishop_-2122794458.jpg,bishop,Chaetodon baronessa,Chaetodon baronessa,True,False
Chaetodon_lunulatus_Bishop_1113667583.jpg,/Users/michaelalfaro/Dropbox/git/downloading-fish-images-2026/images_bishop/Chaetodon_lunulatus_Bishop_1113667583.jpg,bishop,Chaetodon lunulatus,Chaetodon lunulatus,True,False
Chaetodon_leucopleura_Bishop_951338608.jpg,/Users/michaelalfaro/Dropbox/git/downloading-fish-images-2026/images_bishop/Chaetodon_leucopleura_Bishop_951338608.jpg,bishop,Chaetodon leucopleura,Chaetodon leucopleura,True,False
Forcipiger_flavissimus_Bishop_-1548318421.jpg,/Users/michaelalfaro/Dropbox/git/downloading-fish-images-2026/images_bishop/Forcipiger_flavissimus_Bishop_-1548318421.jpg,bishop,Forcipiger flavissimus,Forcipiger flavissimus,True,False
Chaetodon_vagabundus_Bishop_-2087127384.jpg,/Users/michaelalfaro/Dropbox/git/downloading-fish-images-2026/images_bishop/Chaetodon_vagabundus_Bishop_-2087127384.jpg,bishop,Chaetodon vagabundus,Chaetodon vagabundus,True,False
Heniochus_singularius_Bishop_2065781403.jpg,/Users/michaelalfaro/Dropbox/git/downloading-fish-images-2026/images_bishop/Heniochus_singularius_Bishop_2065781403.jpg,bishop,Heniochus singularius,Heniochus singularius,True,False
Chaetodon_pelewensis_Bishop_-460781405.jpg,/Users/michaelalfaro/Dropbox/git/downloading-fish-images-2026/images_bishop/Chaetodon_pelewensis_Bishop_-460781405.jpg,bishop,Chaetodon pelewensis,Chaetodon pelewensis,True,False
Chaetodon_melapterus_Bishop_-738901426.jpg,/Users/michaelalfaro/Dropbox/git/downloading-fish-images-2026/images_bishop/Chaetodon_melapterus_Bishop_-738901426.jpg,bishop,Chaetodon melapterus,Chaetodon melapterus,True,False
Heniochus_monoceros_Bishop_1235534495.jpg,/Users/michaelalfaro/Dropbox/git/downloading-fish-images-2026/images_bishop/Heniochus_monoceros_Bishop_1235534495.jpg,bishop,Heniochus monoceros,Heniochus monoceros,True,False
Chaetodon_punctatofasciatus_Bishop_1458053428.jpg,/Users/michaelalfaro/Dropbox/git/downloading-fish-images-2026/images_bishop/Chaetodon_punctatofasciatus_Bishop_1458053428.jpg,bishop,Chaetodon punctatofasciatus,Chaetodon punctatofasciatus,True,False
Coradion_altivelis_Bishop_1025347564.jpg,/Users/michaelalfaro/Dropbox/git/downloading-fish-images-2026/images_bishop/Coradion_altivelis_Bishop_1025347564.jpg,bishop,Coradion altivelis,Coradion altivelis,True,False
Hemitaurichthys_zoster_Bishop_1598828141.jpg,/Users/michaelalfaro/Dropbox/git/downloading-fish-images-2026/images_bishop/Hemitaurichthys_zoster_Bishop_1598828141.jpg,bishop,Hemitaurichthys zoster,Hemitaurichthys zoster,True,False
Chaetodon_andamanensis_Bishop_-322272266.jpg,/Users/michaelalfaro/Dropbox/git/downloading-fish-images-2026/images_bishop/Chaetodon_andamanensis_Bishop_-322272266.jpg,bishop,Chaetodon andamanensis,Chaetodon andamanensis,True,False
Chaetodon_collare_Bishop_1999007469.jpg,/Users/michaelalfaro/Dropbox/git/downloading-fish-images-2026/images_bishop/Chaetodon_collare_Bishop_1999007469.jpg,bishop,Chaetodon collare,Chaetodon collare,True,False
Chaetodon_collare_Bishop_1403678122.jpg,/Users/michaelalfaro/Dropbox/git/downloading-fish-images-2026/images_bishop/Chaetodon_collare_Bishop_1403678122.jpg,bishop,Chaetodon collare,Chaetodon collare,True,False
Chaetodon_auripes_Bishop_-346327811.jpg,/Users/michaelalfaro/Dropbox/git/downloading-fish-images-2026/images_bishop/Chaetodon_auripes_Bishop_-346327811.jpg,bishop,Chaetodon auripes,Chaetodon auripes,True,False
Chaetodon_falcula_Bishop_1821335233.jpg,/Users/michaelalfaro/Dropbox/git/downloading-fish-images-2026/images_bishop/Chaetodon_falcula_Bishop_1821335233.jpg,bishop,Chaetodon falcula,Chaetodon falcula,True,False
Chaetodon_bennetti_Bishop_-2064196433.jpg,/Users/michaelalfaro/Dropbox/git/downloading-fish-images-2026/images_bishop/Chaetodon_bennetti_Bishop_-2064196433.jpg,bishop,Chaetodon bennetti,Chaetodon bennetti,True,False
Chaetodon_blackburnii_Bishop_300609141.jpg,/Users/michaelalfaro/Dropbox/git/downloading-fish-images-2026/images_bishop/Chaetodon_blackburnii_Bishop_300609141.jpg,bishop,Chaetodon blackburnii,Chaetodon blackburnii,True,False
Chaetodon_melannotus_Bishop_403079329.jpg,/Users/michaelalfaro/Dropbox/git/downloading-fish-images-2026/images_bishop/Chaetodon_melannotus_Bishop_403079329.jpg,bishop,Chaetodon melannotus,Chaetodon melannotus,True,False
Chelmon_marginalis_Bishop_-1899628097.jpg,/Users/michaelalfaro/Dropbox/git/downloading-fish-images-2026/images_bishop/Chelmon_marginalis_Bishop_-1899628097.jpg,bishop,Chelmon marginalis,Chelmon marginalis,True,False
Chaetodon_mertensii_Bishop_992543933.jpg,/Users/michaelalfaro/Dropbox/git/downloading-fish-images-2026/images_bishop/Chaetodon_mertensii_Bishop_992543933.jpg,bishop,Chaetodon mertensii,Chaetodon mertensii,True,False
Coradion_melanopus_Bishop_-1537131019.jpg,/Users/michaelalfaro/Dropbox/git/downloading-fish-images-2026/images_bishop/Coradion_melanopus_Bishop_-1537131019.jpg,bishop,Coradion melanopus,Coradion melanopus,True,False
Chaetodon_smithi_Bishop_-608924262.jpg,/Users/michaelalfaro/Dropbox/git/downloading-fish-images-2026/images_bishop/Chaetodon_smithi_Bishop_-608924262.jpg,bishop,Chaetodon smithi,Chaetodon smithi,True,False
Chaetodon_selene_Bishop_-1379331455.jpg,/Users/michaelalfaro/Dropbox/git/downloading-fish-images-2026/images_bishop/Chaetodon_selene_Bishop_-1379331455.jpg,bishop,Chaetodon selene,Chaetodon selene,True,False
Forcipiger_longirostris_Bishop_2122975038.jpg,/Users/michaelalfaro/Dropbox/git/downloading-fish-images-2026/images_bishop/Forcipiger_longirostris_Bishop_2122975038.jpg,bishop,Forcipiger longirostris,Forcipiger longirostris,True,False
Chaetodon_litus_Bishop_2072919420.jpg,/Users/michaelalfaro/Dropbox/git/downloading-fish-images-2026/images_bishop/Chaetodon_litus_Bishop_2072919420.jpg,bishop,Chaetodon litus,Chaetodon litus,True,False
Chaetodon_dialeucos_Bishop_1297085044.jpg,/Users/michaelalfaro/Dropbox/git/downloading-fish-images-2026/images_bishop/Chaetodon_dialeucos_Bishop_1297085044.jpg,bishop,Chaetodon dialeucos,Chaetodon dialeucos,True,False
Amphichaetodon_melbae_Bishop_-1115161976.jpg,/Users/michaelalfaro/Dropbox/git/downloading-fish-images-2026/images_bishop/Amphichaetodon_melbae_Bishop_-1115161976.jpg,bishop,Amphichaetodon melbae,Amphichaetodon melbae,True,False
Chaetodon_daedalma_Bishop_1811677923.jpg,/Users/michaelalfaro/Dropbox/git/downloading-fish-images-2026/images_bishop/Chaetodon_daedalma_Bishop_1811677923.jpg,bishop,Chaetodon daedalma,Chaetodon daedalma,True,False
Chaetodon_xanthocephalus_Bishop_-1021247480.jpg,/Users/michaelalfaro/Dropbox/git/downloading-fish-images-2026/images_bishop/Chaetodon_xanthocephalus_Bishop_-1021247480.jpg,bishop,Chaetodon xanthocephalus,Chaetodon xanthocephalus,True,False
Chaetodon_madagaskariensis_Bishop_1210446292.jpg,/Users/michaelalfaro/Dropbox/git/downloading-fish-images-2026/images_bishop/Chaetodon_madagaskariensis_Bishop_1210446292.jpg,bishop,Chaetodon madagaskariensis,Chaetodon madagaskariensis,True,False
Heniochus_varius_Bishop_2014348865.jpg,/Users/michaelalfaro/Dropbox/git/downloading-fish-images-2026/images_bishop/Heniochus_varius_Bishop_2014348865.jpg,bishop,Heniochus varius,Heniochus varius,True,False
Chaetodon_trifascialis_Bishop_-1790297166.jpg,/Users/michaelalfaro/Dropbox/git/downloading-fish-images-2026/images_bishop/Chaetodon_trifascialis_Bishop_-1790297166.jpg,bishop,Chaetodon trifascialis,Chaetodon trifascialis,True,False
Chaetodon_larvatus_Bishop_1783626891.jpg,/Users/michaelalfaro/Dropbox/git/downloading-fish-images-2026/images_bishop/Chaetodon_larvatus_Bishop_1783626891.jpg,bishop,Chaetodon larvatus,Chaetodon larvatus,True,False
Chaetodon_kleinii_Bishop_308997156.jpg,/Users/michaelalfaro/Dropbox/git/downloading-fish-images-2026/images_bishop/Chaetodon_kleinii_Bishop_308997156.jpg,bishop,Chaetodon kleinii,Chaetodon kleinii,True,False
Chaetodon_argentatus_Bishop_1101542975.jpg,/Users/michaelalfaro/Dropbox/git/downloading-fish-images-2026/images_bishop/Chaetodon_argentatus_Bishop_1101542975.jpg,bishop,Chaetodon argentatus,Chaetodon argentatus,True,False
Coradion_altivelis_Bishop_-1400875907.jpg,/Users/michaelalfaro/Dropbox/git/downloading-fish-images-2026/images_bishop/Coradion_altivelis_Bishop_-1400875907.jpg,bishop,Coradion altivelis,Coradion altivelis,True,False
Parachaetodon_ocellatus_Bishop_-506807721.jpg,/Users/michaelalfaro/Dropbox/git/downloading-fish-images-2026/images_bishop/Parachaetodon_ocellatus_Bishop_-506807721.jpg,bishop,Parachaetodon ocellatus,Parachaetodon ocellatus,True,False
Chaetodon_fasciatus_Bishop_2100774615.jpg,/Users/michaelalfaro/Dropbox/git/downloading-fish-images-2026/images_bishop/Chaetodon_fasciatus_Bishop_2100774615.jpg,bishop,Chaetodon fasciatus,Chaetodon fasciatus,True,False
Chaetodon_tricinctus_Bishop_28770837.jpg,/Users/michaelalfaro/Dropbox/git/downloading-fish-images-2026/images_bishop/Chaetodon_tricinctus_Bishop_28770837.jpg,bishop,Chaetodon tricinctus,Chaetodon tricinctus,True,False
Chaetodon_plebeius_Bishop_-113106721.jpg,/Users/michaelalfaro/Dropbox/git/downloading-fish-images-2026/images_bishop/Chaetodon_plebeius_Bishop_-113106721.jpg,bishop,Chaetodon plebeius,Chaetodon plebeius,True,False
Coradion_melanopus_Bishop_726040623.jpg,/Users/michaelalfaro/Dropbox/git/downloading-fish-images-2026/images_bishop/Coradion_melanopus_Bishop_726040623.jpg,bishop,Coradion melanopus,Coradion melanopus,True,False
Chaetodon_trifasciatus_Bishop_-781709008.jpg,/Users/michaelalfaro/Dropbox/git/downloading-fish-images-2026/images_bishop/Chaetodon_trifasciatus_Bishop_-781709008.jpg,bishop,Chaetodon trifasciatus,Chaetodon trifasciatus,True,False
Chaetodon_multicinctus_Bishop_-1285212619.jpg,/Users/michaelalfaro/Dropbox/git/downloading-fish-images-2026/images_bishop/Chaetodon_multicinctus_Bishop_-1285212619.jpg,bishop,Chaetodon multicinctus,Chaetodon multicinctus,True,False
Chaetodon_tinkeri_Bishop_1959828294.jpg,/Users/michaelalfaro/Dropbox/git/downloading-fish-images-2026/images_bishop/Chaetodon_tinkeri_Bishop_1959828294.jpg,bishop,Chaetodon tinkeri,Chaetodon tinkeri,True,False
Chaetodon_tinkeri_Bishop_-408146097.jpg,/Users/michaelalfaro/Dropbox/git/downloading-fish-images-2026/images_bishop/Chaetodon_tinkeri_Bishop_-408146097.jpg,bishop,Chaetodon tinkeri,Chaetodon tinkeri,True,False
Forcipiger_longirostris_Bishop_545316689.jpg,/Users/michaelalfaro/Dropbox/git/downloading-fish-images-2026/images_bishop/Forcipiger_longirostris_Bishop_545316689.jpg,bishop,Forcipiger longirostris,Forcipiger longirostris,True,False
Chaetodon_multicinctus_Bishop_-1145166510.jpg,/Users/michaelalfaro/Dropbox/git/downloading-fish-images-2026/images_bishop/Chaetodon_multicinctus_Bishop_-1145166510.jpg,bishop,Chaetodon multicinctus,Chaetodon multicinctus,True,False
Amphichaetodon_howensis_Bishop_472868867 Background Removed.png,/Users/michaelalfaro/Dropbox/git/downloading-fish-images-2026/images_bishop/Amphichaetodon_howensis_Bishop_472868867 Background Removed.png,bishop,Amphichaetodon howensis,Amphichaetodon howensis,True,False
Chaetodon_bennetti_FishPix_16721AF.jpg,/Users/michaelalfaro/Dropbox/git/downloading-fish-images-2026/images/Chaetodon_bennetti_FishPix_16721AF.jpg,fishbase,Chaetodon bennetti,Chaetodon bennetti,True,False
Chaetodon_mertensii_FishPix_140027AF.jpg,/Users/michaelalfaro/Dropbox/git/downloading-fish-images-2026/images/Chaetodon_mertensii_FishPix_140027AF.jpg,fishbase,Chaetodon mertensii,Chaetodon mertensii,True,False
Chaetodon_smithi_FishBase_Chsmi_u1.jpg,/Users/michaelalfaro/Dropbox/git/downloading-fish-images-2026/images/Chaetodon_smithi_FishBase_Chsmi_u1.jpg,fishbase,Chaetodon smithi,Chaetodon smithi,True,False
Chaetodon_capistratus_FishBase_Chcap_u9.jpg,/Users/michaelalfaro/Dropbox/git/downloading-fish-images-2026/images/Chaetodon_capistratus_FishBase_Chcap_u9.jpg,fishbase,Chaetodon capistratus,Chaetodon capistratus,True,False
Chaetodon_vagabundus_FishPix_10004AF.jpg,/Users/michaelalfaro/Dropbox/git/downloading-fish-images-2026/images/Chaetodon_vagabundus_FishPix_10004AF.jpg,fishbase,Chaetodon vagabundus,Chaetodon vagabundus,True,False
Parachaetodon_ocellatus_FishBase_Paoce_u0.jpg,/Users/michaelalfaro/Dropbox/git/downloading-fish-images-2026/images/Parachaetodon_ocellatus_FishBase_Paoce_u0.jpg,fishbase,Parachaetodon ocellatus,Parachaetodon ocellatus,True,False
Forcipiger_longirostris_FishBase_Folon_u1.jpg,/Users/michaelalfaro/Dropbox/git/downloading-fish-images-2026/images/Forcipiger_longirostris_FishBase_Folon_u1.jpg,fishbase,Forcipiger longirostris,Forcipiger longirostris,True,False
Chaetodon_nigropunctatus_FishBase_Chnig_u0.jpg,/Users/michaelalfaro/Dropbox/git/downloading-fish-images-2026/images/Chaetodon_nigropunctatus_FishBase_Chnig_u0.jpg,fishbase,Chaetodon nigropunctatus,Chaetodon nigropunctatus,True,False
Chaetodon_paucifasciatus_FishBase_Chpau_u0.jpg,/Users/michaelalfaro/Dropbox/git/downloading-fish-images-2026/images/Chaetodon_paucifasciatus_FishBase_Chpau_u0.jpg,fishbase,Chaetodon paucifasciatus,Chaetodon paucifasciatus,True,False
Chaetodon_xanthurus_FishPix_13034AF.jpg,/Users/michaelalfaro/Dropbox/git/downloading-fish-images-2026/images/Chaetodon_xanthurus_FishPix_13034AF.jpg,fishbase,Chaetodon xanthurus,Chaetodon xanthurus,True,False
Chaetodon_melannotus_FishPix_17334AF.jpg,/Users/michaelalfaro/Dropbox/git/downloading-fish-images-2026/images/Chaetodon_melannotus_FishPix_17334AF.jpg,fishbase,Chaetodon melannotus,Chaetodon melannotus,True,False
Chaetodon_daedalma_FishPix_140579AF.jpg,/Users/michaelalfaro/Dropbox/git/downloading-fish-images-2026/images/Chaetodon_daedalma_FishPix_140579AF.jpg,fishbase,Chaetodon daedalma,Chaetodon daedalma,True,False
Chelmon_muelleri_FishBase_Chmue_u3.jpg,/Users/michaelalfaro/Dropbox/git/downloading-fish-images-2026/images/Chelmon_muelleri_FishBase_Chmue_u3.jpg,fishbase,Chelmon muelleri,Chelmon muelleri,True,False
Chaetodon_guentheri_FishPix_16011AF.jpg,/Users/michaelalfaro/Dropbox/git/downloading-fish-images-2026/images/Chaetodon_guentheri_FishPix_16011AF.jpg,fishbase,Chaetodon guentheri,Chaetodon guentheri,True,False
Chaetodon_burgessi_FishPix_55799AF.jpg,/Users/michaelalfaro/Dropbox/git/downloading-fish-images-2026/images/Chaetodon_burgessi_FishPix_55799AF.jpg,fishbase,Chaetodon burgessi,Chaetodon burgessi,True,False
Chaetodon_gardineri_FishBase_Chgar_u1.jpg,/Users/michaelalfaro/Dropbox/git/downloading-fish-images-2026/images/Chaetodon_gardineri_FishBase_Chgar_u1.jpg,fishbase,Chaetodon gardineri,Chaetodon gardineri,True,False
Chelmon_muelleri_FishBase_Chmue_u2.jpg,/Users/michaelalfaro/Dropbox/git/downloading-fish-images-2026/images/Chelmon_muelleri_FishBase_Chmue_u2.jpg,fishbase,Chelmon muelleri,Chelmon muelleri,True,False
Amphichaetodon_melbae_FishBase_Ammel_u0.jpg,/Users/michaelalfaro/Dropbox/git/downloading-fish-images-2026/images/Amphichaetodon_melbae_FishBase_Ammel_u0.jpg,fishbase,Amphichaetodon melbae,Amphichaetodon melbae,True,False
Roa_modesta_FishBase_Chmod_u1.jpg,/Users/michaelalfaro/Dropbox/git/downloading-fish-images-2026/images/Roa_modesta_FishBase_Chmod_u1.jpg,fishbase,Roa modesta,Roa modesta,True,False
Chaetodon_octofasciatus_FishPix_40751AF.jpg,/Users/michaelalfaro/Dropbox/git/downloading-fish-images-2026/images/Chaetodon_octofasciatus_FishPix_40751AF.jpg,fishbase,Chaetodon octofasciatus,Chaetodon octofasciatus,True,False
Chaetodon_auripes_FishPix_140765AF.jpg,/Users/michaelalfaro/Dropbox/git/downloading-fish-images-2026/images/Chaetodon_auripes_FishPix_140765AF.jpg,fishbase,Chaetodon auripes,Chaetodon auripes,True,False
Chaetodon_sedentarius_FishBase_Chsed_u1.jpg,/Users/michaelalfaro/Dropbox/git/downloading-fish-images-2026/images/Chaetodon_sedentarius_FishBase_Chsed_u1.jpg,fishbase,Chaetodon sedentarius,Chaetodon sedentarius,True,False
Chaetodon_decussatus_FishBase_Chdec_u4.jpg,/Users/michaelalfaro/Dropbox/git/downloading-fish-images-2026/images/Chaetodon_decussatus_FishBase_Chdec_u4.jpg,fishbase,Chaetodon decussatus,Chaetodon decussatus,True,False
Prognathodes_guyanensis_FishPix_89093AF.jpg,/Users/michaelalfaro/Dropbox/git/downloading-fish-images-2026/images/Prognathodes_guyanensis_FishPix_89093AF.jpg,fishbase,Prognathodes guyanensis,Prognathodes guyanensis,False,False
Chaetodon_oxycephalus_FishPix_22169AF.jpg,/Users/michaelalfaro/Dropbox/git/downloading-fish-images-2026/images/Chaetodon_oxycephalus_FishPix_22169AF.jpg,fishbase,Chaetodon oxycephalus,Chaetodon oxycephalus,True,False
Chaetodon_wiebeli_FishPix_107464AF.jpg,/Users/michaelalfaro/Dropbox/git/downloading-fish-images-2026/images/Chaetodon_wiebeli_FishPix_107464AF.jpg,fishbase,Chaetodon wiebeli,Chaetodon wiebeli,True,False
Roa_excelsa_FishBase_Chexc_u0.jpg,/Users/michaelalfaro/Dropbox/git/downloading-fish-images-2026/images/Roa_excelsa_FishBase_Chexc_u0.jpg,fishbase,Roa excelsa,Roa excelsa,True,False
Chaetodon_litus_FishBase_Chlit_u0.jpg,/Users/michaelalfaro/Dropbox/git/downloading-fish-images-2026/images/Chaetodon_litus_FishBase_Chlit_u0.jpg,fishbase,Chaetodon litus,Chaetodon litus,True,False
Hemitaurichthys_polylepis_FishPix_19342AF.jpg,/Users/michaelalfaro/Dropbox/git/downloading-fish-images-2026/images/Hemitaurichthys_polylepis_FishPix_19342AF.jpg,fishbase,Hemitaurichthys polylepis,Hemitaurichthys polylepis,True,False
Chaetodon_marleyi_FishBase_Chmar_ua.jpg,/Users/michaelalfaro/Dropbox/git/downloading-fish-images-2026/images/Chaetodon_marleyi_FishBase_Chmar_ua.jpg,fishbase,Chaetodon marleyi,Chaetodon marleyi,True,False
Chaetodon_andamanensis_FishPix_88987AF.jpg,/Users/michaelalfaro/Dropbox/git/downloading-fish-images-2026/images/Chaetodon_andamanensis_FishPix_88987AF.jpg,fishbase,Chaetodon andamanensis,Chaetodon andamanensis,True,False
Chaetodon_trichrous_FishBase_Chtri_uk.jpg,/Users/michaelalfaro/Dropbox/git/downloading-fish-images-2026/images/Chaetodon_trichrous_FishBase_Chtri_uk.jpg,fishbase,Chaetodon trichrous,Chaetodon trichrous,True,False
Chelmonops_truncatus_FishBase_Chtru_u1.jpg,/Users/michaelalfaro/Dropbox/git/downloading-fish-images-2026/images/Chelmonops_truncatus_FishBase_Chtru_u1.jpg,fishbase,Chelmonops truncatus,Chelmonops truncatus,True,False
Chaetodon_falcula_FishPix_22173AF.jpg,/Users/michaelalfaro/Dropbox/git/downloading-fish-images-2026/images/Chaetodon_falcula_FishPix_22173AF.jpg,fishbase,Chaetodon falcula,Chaetodon falcula,True,False
Chaetodon_xanthocephalus_FishPix_22175AF.jpg,/Users/michaelalfaro/Dropbox/git/downloading-fish-images-2026/images/Chaetodon_xanthocephalus_FishPix_22175AF.jpg,fishbase,Chaetodon xanthocephalus,Chaetodon xanthocephalus,True,False
Heniochus_diphreutes_FishPix_11583AF.jpg,/Users/michaelalfaro/Dropbox/git/downloading-fish-images-2026/images/Heniochus_diphreutes_FishPix_11583AF.jpg,fishbase,Heniochus diphreutes,Heniochus diphreutes,True,False
Chaetodon_selene_FishPix_26453AF.jpg,/Users/michaelalfaro/Dropbox/git/downloading-fish-images-2026/images/Chaetodon_selene_FishPix_26453AF.jpg,fishbase,Chaetodon selene,Chaetodon selene,True,False
Chaetodon_punctatofasciatus_FishPix_10063AF.jpg,/Users/michaelalfaro/Dropbox/git/downloading-fish-images-2026/images/Chaetodon_punctatofasciatus_FishPix_10063AF.jpg,fishbase,Chaetodon punctatofasciatus,Chaetodon punctatofasciatus,True,False
Heniochus_varius_FishPix_15993AF.jpg,/Users/michaelalfaro/Dropbox/git/downloading-fish-images-2026/images/Heniochus_varius_FishPix_15993AF.jpg,fishbase,Heniochus varius,Heniochus varius,True,False
Heniochus_singularius_FishBase_Hesin_u1.jpg,/Users/michaelalfaro/Dropbox/git/downloading-fish-images-2026/images/Heniochus_singularius_FishBase_Hesin_u1.jpg,fishbase,Heniochus singularius,Heniochus singularius,True,False
Chaetodon_zanzibarensis_FishBase_Chzan_u1.jpg,/Users/michaelalfaro/Dropbox/git/downloading-fish-images-2026/images/Chaetodon_zanzibarensis_FishBase_Chzan_u1.jpg,fishbase,Chaetodon zanzibarensis,Chaetodon zanzibarensis,True,False
Chaetodon_auriga_FishPix_12061AF.jpg,/Users/michaelalfaro/Dropbox/git/downloading-fish-images-2026/images/Chaetodon_auriga_FishPix_12061AF.jpg,fishbase,Chaetodon auriga,Chaetodon auriga,True,False
Chaetodon_mitratus_FishPix_85097AF.jpg,/Users/michaelalfaro/Dropbox/git/downloading-fish-images-2026/images/Chaetodon_mitratus_FishPix_85097AF.jpg,fishbase,Chaetodon mitratus,Chaetodon mitratus,True,False
Chaetodon_dolosus_FishBase_Chdol_u0.jpg,/Users/michaelalfaro/Dropbox/git/downloading-fish-images-2026/images/Chaetodon_dolosus_FishBase_Chdol_u0.jpg,fishbase,Chaetodon dolosus,Chaetodon dolosus,True,False
Forcipiger_wanai_FishBase_Fowan_u0.jpg,/Users/michaelalfaro/Dropbox/git/downloading-fish-images-2026/images/Forcipiger_wanai_FishBase_Fowan_u0.jpg,fishbase,Forcipiger wanai,Forcipiger wanai,False,False
Heniochus_chrysostomus_FishPix_15259AF.jpg,/Users/michaelalfaro/Dropbox/git/downloading-fish-images-2026/images/Heniochus_chrysostomus_FishPix_15259AF.jpg,fishbase,Heniochus chrysostomus,Heniochus chrysostomus,True,False
Chaetodon_collare_FishPix_61562AF.jpg,/Users/michaelalfaro/Dropbox/git/downloading-fish-images-2026/images/Chaetodon_collare_FishPix_61562AF.jpg,fishbase,Chaetodon collare,Chaetodon collare,True,False
Chaetodon_modestus_FishPix_11839AF.jpg,/Users/michaelalfaro/Dropbox/git/downloading-fish-images-2026/images/Chaetodon_modestus_FishPix_11839AF.jpg,fishbase,Chaetodon modestus,Chaetodon modestus,True,False
Chaetodon_aureofasciatus_FishBase_Chaur_ui.jpg,/Users/michaelalfaro/Dropbox/git/downloading-fish-images-2026/images/Chaetodon_aureofasciatus_FishBase_Chaur_ui.jpg,fishbase,Chaetodon aureofasciatus,Chaetodon aureofasciatus,True,False
Forcipiger_flavissimus_FishPix_11851AF.jpg,/Users/michaelalfaro/Dropbox/git/downloading-fish-images-2026/images/Forcipiger_flavissimus_FishPix_11851AF.jpg,fishbase,Forcipiger flavissimus,Forcipiger flavissimus,True,False
Chaetodon_ulietensis_FishPix_26584AF.jpg,/Users/michaelalfaro/Dropbox/git/downloading-fish-images-2026/images/Chaetodon_ulietensis_FishPix_26584AF.jpg,fishbase,Chaetodon ulietensis,Chaetodon ulietensis,True,False
Chelmonops_curiosus_FishBase_Chcur_u0.jpg,/Users/michaelalfaro/Dropbox/git/downloading-fish-images-2026/images/Chelmonops_curiosus_FishBase_Chcur_u0.jpg,fishbase,Chelmonops curiosus,Chelmonops curiosus,False,False
Chaetodon_lunula_FishPix_11643AF.jpg,/Users/michaelalfaro/Dropbox/git/downloading-fish-images-2026/images/Chaetodon_lunula_FishPix_11643AF.jpg,fishbase,Chaetodon lunula,Chaetodon lunula,True,False
Chaetodon_baronessa_FishPix_23026AF.jpg,/Users/michaelalfaro/Dropbox/git/downloading-fish-images-2026/images/Chaetodon_baronessa_FishPix_23026AF.jpg,fishbase,Chaetodon baronessa,Chaetodon baronessa,True,False
Chaetodon_unimaculatus_FishPix_15036AF.jpg,/Users/michaelalfaro/Dropbox/git/downloading-fish-images-2026/images/Chaetodon_unimaculatus_FishPix_15036AF.jpg,fishbase,Chaetodon unimaculatus,Chaetodon unimaculatus,True,False
Roa_jayakari_FishBase_Chjay_u1.jpg,/Users/michaelalfaro/Dropbox/git/downloading-fish-images-2026/images/Roa_jayakari_FishBase_Chjay_u1.jpg,fishbase,Roa jayakari,Roa jayakari,True,False
Chaetodon_meyeri_FishPix_15990AF.jpg,/Users/michaelalfaro/Dropbox/git/downloading-fish-images-2026/images/Chaetodon_meyeri_FishPix_15990AF.jpg,fishbase,Chaetodon meyeri,Chaetodon meyeri,True,False
Chaetodon_madagaskariensis_FishBase_Chmad_u1.jpg,/Users/michaelalfaro/Dropbox/git/downloading-fish-images-2026/images/Chaetodon_madagaskariensis_FishBase_Chmad_u1.jpg,fishbase,Chaetodon madagaskariensis,Chaetodon madagaskariensis,True,False
Chaetodon_plebeius_FishPix_107951AF.jpg,/Users/michaelalfaro/Dropbox/git/downloading-fish-images-2026/images/Chaetodon_plebeius_FishPix_107951AF.jpg,fishbase,Chaetodon plebeius,Chaetodon plebeius,True,False
Chelmon_rostratus_FishPix_33375AF.jpg,/Users/michaelalfaro/Dropbox/git/downloading-fish-images-2026/images/Chelmon_rostratus_FishPix_33375AF.jpg,fishbase,Chelmon rostratus,Chelmon rostratus,True,False
Chaetodon_guttatissimus_FishBase_Chgut_u0.jpg,/Users/michaelalfaro/Dropbox/git/downloading-fish-images-2026/images/Chaetodon_guttatissimus_FishBase_Chgut_u0.jpg,fishbase,Chaetodon guttatissimus,Chaetodon guttatissimus,True,False
Hemitaurichthys_zoster_FishPix_12049AF.jpg,/Users/michaelalfaro/Dropbox/git/downloading-fish-images-2026/images/Hemitaurichthys_zoster_FishPix_12049AF.jpg,fishbase,Hemitaurichthys zoster,Hemitaurichthys zoster,True,False
Coradion_melanopus_FishPix_10029AF.jpg,/Users/michaelalfaro/Dropbox/git/downloading-fish-images-2026/images/Coradion_melanopus_FishPix_10029AF.jpg,fishbase,Coradion melanopus,Coradion melanopus,True,False
Johnrandallia_nigrirostris_FishBase_Jonig_u1.jpg,/Users/michaelalfaro/Dropbox/git/downloading-fish-images-2026/images/Johnrandallia_nigrirostris_FishBase_Jonig_u1.jpg,fishbase,Johnrandallia nigrirostris,Johnrandallia nigrirostris,True,False
Prognathodes_falcifer_FishBase_Chfal_u2.jpg,/Users/michaelalfaro/Dropbox/git/downloading-fish-images-2026/images/Prognathodes_falcifer_FishBase_Chfal_u2.jpg,fishbase,Prognathodes falcifer,Prognathodes falcifer,False,False
Chaetodon_fremblii_FishPix_85090AF.jpg,/Users/michaelalfaro/Dropbox/git/downloading-fish-images-2026/images/Chaetodon_fremblii_FishPix_85090AF.jpg,fishbase,Chaetodon fremblii,Chaetodon fremblii,True,False
Chelmon_marginalis_FishBase_Chmar_u2.jpg,/Users/michaelalfaro/Dropbox/git/downloading-fish-images-2026/images/Chelmon_marginalis_FishBase_Chmar_u2.jpg,fishbase,Chelmon marginalis,Chelmon marginalis,True,False
Chaetodon_fasciatus_FishPix_32789AF.jpg,/Users/michaelalfaro/Dropbox/git/downloading-fish-images-2026/images/Chaetodon_fasciatus_FishPix_32789AF.jpg,fishbase,Chaetodon fasciatus,Chaetodon fasciatus,True,False
Chaetodon_tinkeri_FishPix_85108AF.jpg,/Users/michaelalfaro/Dropbox/git/downloading-fish-images-2026/images/Chaetodon_tinkeri_FishPix_85108AF.jpg,fishbase,Chaetodon tinkeri,Chaetodon tinkeri,True,False
Chaetodon_rainfordi_FishPix_78816AF.jpg,/Users/michaelalfaro/Dropbox/git/downloading-fish-images-2026/images/Chaetodon_rainfordi_FishPix_78816AF.jpg,fishbase,Chaetodon rainfordi,Chaetodon rainfordi,True,False
Coradion_chrysozonus_FishPix_72095AF.jpg,/Users/michaelalfaro/Dropbox/git/downloading-fish-images-2026/images/Coradion_chrysozonus_FishPix_72095AF.jpg,fishbase,Coradion chrysozonus,Coradion chrysozonus,True,False
Prognathodes_dichrous_FishPix_89092AF.jpg,/Users/michaelalfaro/Dropbox/git/downloading-fish-images-2026/images/Prognathodes_dichrous_FishPix_89092AF.jpg,fishbase,Prognathodes dichrous,Prognathodes dichrous,False,False
Chaetodon_humeralis_FishBase_Chhum_u3.jpg,/Users/michaelalfaro/Dropbox/git/downloading-fish-images-2026/images/Chaetodon_humeralis_FishBase_Chhum_u3.jpg,fishbase,Chaetodon humeralis,Chaetodon humeralis,False,False
Heniochus_pleurotaenia_FishBase_Heple_u2.jpg,/Users/michaelalfaro/Dropbox/git/downloading-fish-images-2026/images/Heniochus_pleurotaenia_FishBase_Heple_u2.jpg,fishbase,Heniochus pleurotaenia,Heniochus pleurotaenia,True,False
Chaetodon_argentatus_FishPix_2068AF.jpg,/Users/michaelalfaro/Dropbox/git/downloading-fish-images-2026/images/Chaetodon_argentatus_FishPix_2068AF.jpg,fishbase,Chaetodon argentatus,Chaetodon argentatus,True,False
Chaetodon_pictus_iNaturalist_173874324.jpg,/Users/michaelalfaro/Dropbox/git/downloading-fish-images-2026/images/Chaetodon_pictus_iNaturalist_173874324.jpg,fishbase,Chaetodon pictus,Chaetodon pictus,False,False
Prognathodes_brasiliensis_FishBase_Prbra_u0.jpg,/Users/michaelalfaro/Dropbox/git/downloading-fish-images-2026/images/Prognathodes_brasiliensis_FishBase_Prbra_u0.jpg,fishbase,Prognathodes brasiliensis,Prognathodes brasiliensis,False,False
Chaetodon_ocellicaudus_FishPix_5227AF.jpg,/Users/michaelalfaro/Dropbox/git/downloading-fish-images-2026/images/Chaetodon_ocellicaudus_FishPix_5227AF.jpg,fishbase,Chaetodon ocellicaudus,Chaetodon ocellicaudus,True,False
Prognathodes_aya_FishBase_Praya_u0.jpg,/Users/michaelalfaro/Dropbox/git/downloading-fish-images-2026/images/Prognathodes_aya_FishBase_Praya_u0.jpg,fishbase,Prognathodes aya,Prognathodes aya,False,False
Prognathodes_carlhubbsi_FishBase_Prcar_u2.jpg,/Users/michaelalfaro/Dropbox/git/downloading-fish-images-2026/images/Prognathodes_carlhubbsi_FishBase_Prcar_u2.jpg,fishbase,Prognathodes carlhubbsi,Prognathodes carlhubbsi,False,False
Chaetodon_miliaris_FishBase_Chmil_u0.jpg,/Users/michaelalfaro/Dropbox/git/downloading-fish-images-2026/images/Chaetodon_miliaris_FishBase_Chmil_u0.jpg,fishbase,Chaetodon miliaris,Chaetodon miliaris,True,False
Heniochus_monoceros_FishPix_25451AF.jpg,/Users/michaelalfaro/Dropbox/git/downloading-fish-images-2026/images/Heniochus_monoceros_FishPix_25451AF.jpg,fishbase,Heniochus monoceros,Heniochus monoceros,True,False
Chaetodon_tricinctus_FishPix_55752AF.jpg,/Users/michaelalfaro/Dropbox/git/downloading-fish-images-2026/images/Chaetodon_tricinctus_FishPix_55752AF.jpg,fishbase,Chaetodon tricinctus,Chaetodon tricinctus,True,False
Chaetodon_rafflesii_FishPix_10012AF.jpg,/Users/michaelalfaro/Dropbox/git/downloading-fish-images-2026/images/Chaetodon_rafflesii_FishPix_10012AF.jpg,fishbase,Chaetodon rafflesii,Chaetodon rafflesii,True,False
Prognathodes_aculeatus_FishBase_Pracu_u0.jpg,/Users/michaelalfaro/Dropbox/git/downloading-fish-images-2026/images/Prognathodes_aculeatus_FishBase_Pracu_u0.jpg,fishbase,Prognathodes aculeatus,Prognathodes aculeatus,True,False
Chelmon_marginalis_FishBase_Chmar_u5.jpg,/Users/michaelalfaro/Dropbox/git/downloading-fish-images-2026/images/Chelmon_marginalis_FishBase_Chmar_u5.jpg,fishbase,Chelmon marginalis,Chelmon marginalis,True,False
Chaetodon_larvatus_FishPix_85092AF.jpg,/Users/michaelalfaro/Dropbox/git/downloading-fish-images-2026/images/Chaetodon_larvatus_FishPix_85092AF.jpg,fishbase,Chaetodon larvatus,Chaetodon larvatus,True,False
Chaetodon_reticulatus_FishPix_107134AF.jpg,/Users/michaelalfaro/Dropbox/git/downloading-fish-images-2026/images/Chaetodon_reticulatus_FishPix_107134AF.jpg,fishbase,Chaetodon reticulatus,Chaetodon reticulatus,True,False
Amphichaetodon_howensis_FishBase_Amhow_u3.jpg,/Users/michaelalfaro/Dropbox/git/downloading-fish-images-2026/images/Amphichaetodon_howensis_FishBase_Amhow_u3.jpg,fishbase,Amphichaetodon howensis,Amphichaetodon howensis,True,False
Heniochus_intermedius_FishPix_141059AF.jpg,/Users/michaelalfaro/Dropbox/git/downloading-fish-images-2026/images/Heniochus_intermedius_FishPix_141059AF.jpg,fishbase,Heniochus intermedius,Heniochus intermedius,True,False
Chaetodon_interruptus_FishBase_Chuni_uh.jpg,/Users/michaelalfaro/Dropbox/git/downloading-fish-images-2026/images/Chaetodon_interruptus_FishBase_Chuni_uh.jpg,fishbase,Chaetodon interruptus,Chaetodon interruptus,True,False
Chaetodon_hoefleri_FishBase_Chhoe_u1.jpg,/Users/michaelalfaro/Dropbox/git/downloading-fish-images-2026/images/Chaetodon_hoefleri_FishBase_Chhoe_u1.jpg,fishbase,Chaetodon hoefleri,Chaetodon hoefleri,False,False
Chaetodon_lunulatus_FishPix_140704AF.jpg,/Users/michaelalfaro/Dropbox/git/downloading-fish-images-2026/images/Chaetodon_lunulatus_FishPix_140704AF.jpg,fishbase,Chaetodon lunulatus,Chaetodon lunulatus,True,False
Chaetodon_assarius_FishBase_Chass_u0.jpg,/Users/michaelalfaro/Dropbox/git/downloading-fish-images-2026/images/Chaetodon_assarius_FishBase_Chass_u0.jpg,fishbase,Chaetodon assarius,Chaetodon assarius,False,False
Prognathodes_marcellae_FishBase_Prmar_u0.jpg,/Users/michaelalfaro/Dropbox/git/downloading-fish-images-2026/images/Prognathodes_marcellae_FishBase_Prmar_u0.jpg,fishbase,Prognathodes marcellae,Prognathodes marcellae,False,False
Chaetodon_sanctaehelenae_FishBase_Chsan_u0.jpg,/Users/michaelalfaro/Dropbox/git/downloading-fish-images-2026/images/Chaetodon_sanctaehelenae_FishBase_Chsan_u0.jpg,fishbase,Chaetodon sanctaehelenae,Chaetodon sanctaehelenae,False,False
Chaetodon_lineolatus_FishPix_140792AF.jpg,/Users/michaelalfaro/Dropbox/git/downloading-fish-images-2026/images/Chaetodon_lineolatus_FishPix_140792AF.jpg,fishbase,Chaetodon lineolatus,Chaetodon lineolatus,True,False
Chaetodon_leucopleura_FishBase_Chleu_u5.jpg,/Users/michaelalfaro/Dropbox/git/downloading-fish-images-2026/images/Chaetodon_leucopleura_FishBase_Chleu_u5.jpg,fishbase,Chaetodon leucopleura,Chaetodon leucopleura,True,False
Prognathodes_obliquus_FishBase_Chobl_u1.jpg,/Users/michaelalfaro/Dropbox/git/downloading-fish-images-2026/images/Prognathodes_obliquus_FishBase_Chobl_u1.jpg,fishbase,Prognathodes obliquus,Prognathodes obliquus,False,False
Chaetodon_flavocoronatus_FishBase_Chfla_u4.jpg,/Users/michaelalfaro/Dropbox/git/downloading-fish-images-2026/images/Chaetodon_flavocoronatus_FishBase_Chfla_u4.jpg,fishbase,Chaetodon flavocoronatus,Chaetodon flavocoronatus,True,False
Chaetodon_dialeucos_FishBase_Chdia_j0.jpg,/Users/michaelalfaro/Dropbox/git/downloading-fish-images-2026/images/Chaetodon_dialeucos_FishBase_Chdia_j0.jpg,fishbase,Chaetodon dialeucos,Chaetodon dialeucos,True,False
Chaetodon_mesoleucos_FishPix_141316AF.jpg,/Users/michaelalfaro/Dropbox/git/downloading-fish-images-2026/images/Chaetodon_mesoleucos_FishPix_141316AF.jpg,fishbase,Chaetodon mesoleucos,Chaetodon mesoleucos,True,False
Chaetodon_melapterus_FishBase_Chmel_u0.jpg,/Users/michaelalfaro/Dropbox/git/downloading-fish-images-2026/images/Chaetodon_melapterus_FishBase_Chmel_u0.jpg,fishbase,Chaetodon melapterus,Chaetodon melapterus,True,False
Chaetodon_ephippium_FishPix_141659AF.jpg,/Users/michaelalfaro/Dropbox/git/downloading-fish-images-2026/images/Chaetodon_ephippium_FishPix_141659AF.jpg,fishbase,Chaetodon ephippium,Chaetodon ephippium,True,False
Chaetodon_austriacus_FishBase_Chaus_u1.jpg,/Users/michaelalfaro/Dropbox/git/downloading-fish-images-2026/images/Chaetodon_austriacus_FishBase_Chaus_u1.jpg,fishbase,Chaetodon austriacus,Chaetodon austriacus,True,False
Chaetodon_robustus_FishBase_Chrob_u6.jpg,/Users/michaelalfaro/Dropbox/git/downloading-fish-images-2026/images/Chaetodon_robustus_FishBase_Chrob_u6.jpg,fishbase,Chaetodon robustus,Chaetodon robustus,False,False
Chaetodon_striatus_FishBase_Chstr_u0.jpg,/Users/michaelalfaro/Dropbox/git/downloading-fish-images-2026/images/Chaetodon_striatus_FishBase_Chstr_u0.jpg,fishbase,Chaetodon striatus,Chaetodon striatus,True,False
Hemitaurichthys_multispinosus_FishBase_Hemul_u0.jpg,/Users/michaelalfaro/Dropbox/git/downloading-fish-images-2026/images/Hemitaurichthys_multispinosus_FishBase_Hemul_u0.jpg,fishbase,Hemitaurichthys multispinosus,Hemitaurichthys multispinosus,True,False
Chaetodon_declivis_FishBase_Chdec_u2.jpg,/Users/michaelalfaro/Dropbox/git/downloading-fish-images-2026/images/Chaetodon_declivis_FishBase_Chdec_u2.jpg,fishbase,Chaetodon declivis,Chaetodon declivis,True,False
Roa_australis_FishBase_Roaus_u0.jpg,/Users/michaelalfaro/Dropbox/git/downloading-fish-images-2026/images/Roa_australis_FishBase_Roaus_u0.jpg,fishbase,Roa australis,Roa australis,False,False
Chaetodon_trifascialis_FishPix_140533AF.jpg,/Users/michaelalfaro/Dropbox/git/downloading-fish-images-2026/images/Chaetodon_trifascialis_FishPix_140533AF.jpg,fishbase,Chaetodon trifascialis,Chaetodon trifascialis,True,False
Chaetodon_blackburnii_FishBase_Chbla_u0.jpg,/Users/michaelalfaro/Dropbox/git/downloading-fish-images-2026/images/Chaetodon_blackburnii_FishBase_Chbla_u0.jpg,fishbase,Chaetodon blackburnii,Chaetodon blackburnii,True,False
Heniochus_diphreutes_FishPix_21252AF.jpg,/Users/michaelalfaro/Dropbox/git/downloading-fish-images-2026/images/Heniochus_diphreutes_FishPix_21252AF.jpg,fishbase,Heniochus diphreutes,Heniochus diphreutes,True,False
Chaetodon_quadrimaculatus_FishPix_26595AF.jpg,/Users/michaelalfaro/Dropbox/git/downloading-fish-images-2026/images/Chaetodon_quadrimaculatus_FishPix_26595AF.jpg,fishbase,Chaetodon quadrimaculatus,Chaetodon quadrimaculatus,True,False
Chaetodon_trifasciatus_FishPix_55807AF.jpg,/Users/michaelalfaro/Dropbox/git/downloading-fish-images-2026/images/Chaetodon_trifasciatus_FishPix_55807AF.jpg,fishbase,Chaetodon trifasciatus,Chaetodon trifasciatus,True,False
Chaetodon_triangulum_FishBase_Chtri_ui.jpg,/Users/michaelalfaro/Dropbox/git/downloading-fish-images-2026/images/Chaetodon_triangulum_FishBase_Chtri_ui.jpg,fishbase,Chaetodon triangulum,Chaetodon triangulum,True,False
Coradion_altivelis_FishPix_15047AF.jpg,/Users/michaelalfaro/Dropbox/git/downloading-fish-images-2026/images/Coradion_altivelis_FishPix_15047AF.jpg,fishbase,Coradion altivelis,Coradion altivelis,True,False
Chaetodon_speculum_FishPix_12080AF.jpg,/Users/michaelalfaro/Dropbox/git/downloading-fish-images-2026/images/Chaetodon_speculum_FishPix_12080AF.jpg,fishbase,Chaetodon speculum,Chaetodon speculum,True,False
Chaetodon_ornatissimus_FishPix_10043AF.jpg,/Users/michaelalfaro/Dropbox/git/downloading-fish-images-2026/images/Chaetodon_ornatissimus_FishPix_10043AF.jpg,fishbase,Chaetodon ornatissimus,Chaetodon ornatissimus,True,False
Chaetodon_multicinctus_FishPix_76102AF.jpg,/Users/michaelalfaro/Dropbox/git/downloading-fish-images-2026/images/Chaetodon_multicinctus_FishPix_76102AF.jpg,fishbase,Chaetodon multicinctus,Chaetodon multicinctus,True,False
Chaetodon_semeion_FishPix_38321AF.jpg,/Users/michaelalfaro/Dropbox/git/downloading-fish-images-2026/images/Chaetodon_semeion_FishPix_38321AF.jpg,fishbase,Chaetodon semeion,Chaetodon semeion,True,False
Chaetodon_citrinellus_FishPix_33011AF.jpg,/Users/michaelalfaro/Dropbox/git/downloading-fish-images-2026/images/Chaetodon_citrinellus_FishPix_33011AF.jpg,fishbase,Chaetodon citrinellus,Chaetodon citrinellus,True,False
Chaetodon_kleinii_FishPix_10587AF.jpg,/Users/michaelalfaro/Dropbox/git/downloading-fish-images-2026/images/Chaetodon_kleinii_FishPix_10587AF.jpg,fishbase,Chaetodon kleinii,Chaetodon kleinii,True,False
Hemitaurichthys_thompsoni_FishPix_76147AF.jpg,/Users/michaelalfaro/Dropbox/git/downloading-fish-images-2026/images/Hemitaurichthys_thompsoni_FishPix_76147AF.jpg,fishbase,Hemitaurichthys thompsoni,Hemitaurichthys thompsoni,True,False
Chaetodon_adiergastos_FishPix_28455AF.jpg,/Users/michaelalfaro/Dropbox/git/downloading-fish-images-2026/images/Chaetodon_adiergastos_FishPix_28455AF.jpg,fishbase,Chaetodon adiergastos,Chaetodon adiergastos,True,False
Chaetodon_nippon_FishPix_1590AF.jpg,/Users/michaelalfaro/Dropbox/git/downloading-fish-images-2026/images/Chaetodon_nippon_FishPix_1590AF.jpg,fishbase,Chaetodon nippon,Chaetodon nippon,True,False
Chaetodon_semilarvatus_FishPix_32790AF.jpg,/Users/michaelalfaro/Dropbox/git/downloading-fish-images-2026/images/Chaetodon_semilarvatus_FishPix_32790AF.jpg,fishbase,Chaetodon semilarvatus,Chaetodon semilarvatus,True,False
Chaetodon_ocellatus_FishPix_22181AF.jpg,/Users/michaelalfaro/Dropbox/git/downloading-fish-images-2026/images/Chaetodon_ocellatus_FishPix_22181AF.jpg,fishbase,Chaetodon ocellatus,Chaetodon ocellatus,False,False
Heniochus_acuminatus_FishPix_54009AF.jpg,/Users/michaelalfaro/Dropbox/git/downloading-fish-images-2026/images/Heniochus_acuminatus_FishPix_54009AF.jpg,fishbase,Heniochus acuminatus,Heniochus acuminatus,True,False
Chaetodon_pelewensis_FishPix_28225AF.jpg,/Users/michaelalfaro/Dropbox/git/downloading-fish-images-2026/images/Chaetodon_pelewensis_FishPix_28225AF.jpg,fishbase,Chaetodon pelewensis,Chaetodon pelewensis,True,False
Chaetodon_flavirostris_FishPix_32909AF.jpg,/Users/michaelalfaro/Dropbox/git/downloading-fish-images-2026/images/Chaetodon_flavirostris_FishPix_32909AF.jpg,fishbase,Chaetodon flavirostris,Chaetodon flavirostris,True,False
Roa_modesta_FishBase_Romod_u2.jpg,/Users/michaelalfaro/Dropbox/git/downloading-fish-images-2026/images_fishbase_extra/Roa_modesta_FishBase_Romod_u2.jpg,fishbase_extra,Roa modesta,Roa modesta,True,False
Forcipiger_longirostris_FishBase_Folon_u2.jpg,/Users/michaelalfaro/Dropbox/git/downloading-fish-images-2026/images_fishbase_extra/Forcipiger_longirostris_FishBase_Folon_u2.jpg,fishbase_extra,Forcipiger longirostris,Forcipiger longirostris,True,False
Prognathodes_dichrous_FishBase_Prdic_u1.jpg,/Users/michaelalfaro/Dropbox/git/downloading-fish-images-2026/images_fishbase_extra/Prognathodes_dichrous_FishBase_Prdic_u1.jpg,fishbase_extra,Prognathodes dichrous,Prognathodes dichrous,False,False
Chaetodon_auriga_FishBase_Chaur_ul.jpg,/Users/michaelalfaro/Dropbox/git/downloading-fish-images-2026/images_fishbase_extra/Chaetodon_auriga_FishBase_Chaur_ul.jpg,fishbase_extra,Chaetodon auriga,Chaetodon auriga,True,False
Chaetodon_quadrimaculatus_FishBase_Chqua_u2.jpg,/Users/michaelalfaro/Dropbox/git/downloading-fish-images-2026/images_fishbase_extra/Chaetodon_quadrimaculatus_FishBase_Chqua_u2.jpg,fishbase_extra,Chaetodon quadrimaculatus,Chaetodon quadrimaculatus,True,False
Chaetodon_rainfordi_FishBase_Chrai_u5.jpg,/Users/michaelalfaro/Dropbox/git/downloading-fish-images-2026/images_fishbase_extra/Chaetodon_rainfordi_FishBase_Chrai_u5.jpg,fishbase_extra,Chaetodon rainfordi,Chaetodon rainfordi,True,False
Chaetodon_punctatofasciatus_FishBase_Chpun_u0.jpg,/Users/michaelalfaro/Dropbox/git/downloading-fish-images-2026/images_fishbase_extra/Chaetodon_punctatofasciatus_FishBase_Chpun_u0.jpg,fishbase_extra,Chaetodon punctatofasciatus,Chaetodon punctatofasciatus,True,False
Chaetodon_smithi_FishBase_Chsmi_u0.jpg,/Users/michaelalfaro/Dropbox/git/downloading-fish-images-2026/images_fishbase_extra/Chaetodon_smithi_FishBase_Chsmi_u0.jpg,fishbase_extra,Chaetodon smithi,Chaetodon smithi,True,False
Chaetodon_fremblii_FishBase_Chfre_u0.jpg,/Users/michaelalfaro/Dropbox/git/downloading-fish-images-2026/images_fishbase_extra/Chaetodon_fremblii_FishBase_Chfre_u0.jpg,fishbase_extra,Chaetodon fremblii,Chaetodon fremblii,True,False
Chaetodon_paucifasciatus_FishBase_Chpau_u2.jpg,/Users/michaelalfaro/Dropbox/git/downloading-fish-images-2026/images_fishbase_extra/Chaetodon_paucifasciatus_FishBase_Chpau_u2.jpg,fishbase_extra,Chaetodon paucifasciatus,Chaetodon paucifasciatus,True,False
Heniochus_chrysostomus_FishBase_Hechr_u6.jpg,/Users/michaelalfaro/Dropbox/git/downloading-fish-images-2026/images_fishbase_extra/Heniochus_chrysostomus_FishBase_Hechr_u6.jpg,fishbase_extra,Heniochus chrysostomus,Heniochus chrysostomus,True,False
Chaetodon_burgessi_FishBase_Chbur_u4.jpg,/Users/michaelalfaro/Dropbox/git/downloading-fish-images-2026/images_fishbase_extra/Chaetodon_burgessi_FishBase_Chbur_u4.jpg,fishbase_extra,Chaetodon burgessi,Chaetodon burgessi,True,False
Chaetodon_rafflesii_FishBase_Chraf_u2.jpg,/Users/michaelalfaro/Dropbox/git/downloading-fish-images-2026/images_fishbase_extra/Chaetodon_rafflesii_FishBase_Chraf_u2.jpg,fishbase_extra,Chaetodon rafflesii,Chaetodon rafflesii,True,False
Chaetodon_semilarvatus_FishBase_Chsem_u2.jpg,/Users/michaelalfaro/Dropbox/git/downloading-fish-images-2026/images_fishbase_extra/Chaetodon_semilarvatus_FishBase_Chsem_u2.jpg,fishbase_extra,Chaetodon semilarvatus,Chaetodon semilarvatus,True,False
Chaetodon_nigropunctatus_FishBase_Chnig_u2.jpg,/Users/michaelalfaro/Dropbox/git/downloading-fish-images-2026/images_fishbase_extra/Chaetodon_nigropunctatus_FishBase_Chnig_u2.jpg,fishbase_extra,Chaetodon nigropunctatus,Chaetodon nigropunctatus,True,False
Chaetodon_rafflesii_FishBase_Chraf_u3.jpg,/Users/michaelalfaro/Dropbox/git/downloading-fish-images-2026/images_fishbase_extra/Chaetodon_rafflesii_FishBase_Chraf_u3.jpg,fishbase_extra,Chaetodon rafflesii,Chaetodon rafflesii,True,False
Heniochus_chrysostomus_FishBase_Hechr_u7.jpg,/Users/michaelalfaro/Dropbox/git/downloading-fish-images-2026/images_fishbase_extra/Heniochus_chrysostomus_FishBase_Hechr_u7.jpg,fishbase_extra,Heniochus chrysostomus,Heniochus chrysostomus,True,False
Chaetodon_burgessi_FishBase_Chbur_u5.jpg,/Users/michaelalfaro/Dropbox/git/downloading-fish-images-2026/images_fishbase_extra/Chaetodon_burgessi_FishBase_Chbur_u5.jpg,fishbase_extra,Chaetodon burgessi,Chaetodon burgessi,True,False
Chaetodon_triangulum_FishBase_Chtri_ub.jpg,/Users/michaelalfaro/Dropbox/git/downloading-fish-images-2026/images_fishbase_extra/Chaetodon_triangulum_FishBase_Chtri_ub.jpg,fishbase_extra,Chaetodon triangulum,Chaetodon triangulum,True,False
Chaetodon_interruptus_FishBase_Chint_u5.jpg,/Users/michaelalfaro/Dropbox/git/downloading-fish-images-2026/images_fishbase_extra/Chaetodon_interruptus_FishBase_Chint_u5.jpg,fishbase_extra,Chaetodon interruptus,Chaetodon interruptus,True,False
Chaetodon_paucifasciatus_FishBase_Chpau_u3.jpg,/Users/michaelalfaro/Dropbox/git/downloading-fish-images-2026/images_fishbase_extra/Chaetodon_paucifasciatus_FishBase_Chpau_u3.jpg,fishbase_extra,Chaetodon paucifasciatus,Chaetodon paucifasciatus,True,False
Chaetodon_fremblii_FishBase_Chfre_u1.jpg,/Users/michaelalfaro/Dropbox/git/downloading-fish-images-2026/images_fishbase_extra/Chaetodon_fremblii_FishBase_Chfre_u1.jpg,fishbase_extra,Chaetodon fremblii,Chaetodon fremblii,True,False
Chaetodon_rainfordi_FishBase_Chrai_u4.jpg,/Users/michaelalfaro/Dropbox/git/downloading-fish-images-2026/images_fishbase_extra/Chaetodon_rainfordi_FishBase_Chrai_u4.jpg,fishbase_extra,Chaetodon rainfordi,Chaetodon rainfordi,True,False
Chaetodon_punctatofasciatus_FishBase_Chpun_u1.jpg,/Users/michaelalfaro/Dropbox/git/downloading-fish-images-2026/images_fishbase_extra/Chaetodon_punctatofasciatus_FishBase_Chpun_u1.jpg,fishbase_extra,Chaetodon punctatofasciatus,Chaetodon punctatofasciatus,True,False
Chaetodon_auriga_FishBase_Chaur_uz.jpg,/Users/michaelalfaro/Dropbox/git/downloading-fish-images-2026/images_fishbase_extra/Chaetodon_auriga_FishBase_Chaur_uz.jpg,fishbase_extra,Chaetodon auriga,Chaetodon auriga,True,False
Chaetodon_multicinctus_FishBase_Chmul_u7.jpg,/Users/michaelalfaro/Dropbox/git/downloading-fish-images-2026/images_fishbase_extra/Chaetodon_multicinctus_FishBase_Chmul_u7.jpg,fishbase_extra,Chaetodon multicinctus,Chaetodon multicinctus,True,False
Chaetodon_xanthurus_FishBase_Chxan_u8.jpg,/Users/michaelalfaro/Dropbox/git/downloading-fish-images-2026/images_fishbase_extra/Chaetodon_xanthurus_FishBase_Chxan_u8.jpg,fishbase_extra,Chaetodon xanthurus,Chaetodon xanthurus,True,False
Prognathodes_dichrous_FishBase_Prdic_u0.jpg,/Users/michaelalfaro/Dropbox/git/downloading-fish-images-2026/images_fishbase_extra/Prognathodes_dichrous_FishBase_Prdic_u0.jpg,fishbase_extra,Prognathodes dichrous,Prognathodes dichrous,False,False
Forcipiger_longirostris_FishBase_Folon_u3.jpg,/Users/michaelalfaro/Dropbox/git/downloading-fish-images-2026/images_fishbase_extra/Forcipiger_longirostris_FishBase_Folon_u3.jpg,fishbase_extra,Forcipiger longirostris,Forcipiger longirostris,True,False
Chaetodon_sedentarius_FishBase_Chsed_u5.jpg,/Users/michaelalfaro/Dropbox/git/downloading-fish-images-2026/images_fishbase_extra/Chaetodon_sedentarius_FishBase_Chsed_u5.jpg,fishbase_extra,Chaetodon sedentarius,Chaetodon sedentarius,True,False
Roa_modesta_FishBase_Romod_u1.jpg,/Users/michaelalfaro/Dropbox/git/downloading-fish-images-2026/images_fishbase_extra/Roa_modesta_FishBase_Romod_u1.jpg,fishbase_extra,Roa modesta,Roa modesta,True,False
Prognathodes_aya_FishBase_Chaya_u0.jpg,/Users/michaelalfaro/Dropbox/git/downloading-fish-images-2026/images_fishbase_extra/Prognathodes_aya_FishBase_Chaya_u0.jpg,fishbase_extra,Prognathodes aya,Prognathodes aya,False,False
Parachaetodon_ocellatus_FishBase_Paoce_u2.jpg,/Users/michaelalfaro/Dropbox/git/downloading-fish-images-2026/images_fishbase_extra/Parachaetodon_ocellatus_FishBase_Paoce_u2.jpg,fishbase_extra,Parachaetodon ocellatus,Parachaetodon ocellatus,True,False
Chaetodon_xanthurus_FishBase_Chxan_ul.jpg,/Users/michaelalfaro/Dropbox/git/downloading-fish-images-2026/images_fishbase_extra/Chaetodon_xanthurus_FishBase_Chxan_ul.jpg,fishbase_extra,Chaetodon xanthurus,Chaetodon xanthurus,True,False
Chaetodon_quadrimaculatus_FishBase_Chqua_u1.jpg,/Users/michaelalfaro/Dropbox/git/downloading-fish-images-2026/images_fishbase_extra/Chaetodon_quadrimaculatus_FishBase_Chqua_u1.jpg,fishbase_extra,Chaetodon quadrimaculatus,Chaetodon quadrimaculatus,True,False
Chaetodon_auriga_FishBase_Chaur_u9.jpg,/Users/michaelalfaro/Dropbox/git/downloading-fish-images-2026/images_fishbase_extra/Chaetodon_auriga_FishBase_Chaur_u9.jpg,fishbase_extra,Chaetodon auriga,Chaetodon auriga,True,False
Chaetodon_punctatofasciatus_FishBase_Chpun_u3.jpg,/Users/michaelalfaro/Dropbox/git/downloading-fish-images-2026/images_fishbase_extra/Chaetodon_punctatofasciatus_FishBase_Chpun_u3.jpg,fishbase_extra,Chaetodon punctatofasciatus,Chaetodon punctatofasciatus,True,False
Chaetodon_lunula_FishBase_Chlun_u6.jpg,/Users/michaelalfaro/Dropbox/git/downloading-fish-images-2026/images_fishbase_extra/Chaetodon_lunula_FishBase_Chlun_u6.jpg,fishbase_extra,Chaetodon lunula,Chaetodon lunula,True,False
Chaetodon_fremblii_FishBase_Chfre_u3.jpg,/Users/michaelalfaro/Dropbox/git/downloading-fish-images-2026/images_fishbase_extra/Chaetodon_fremblii_FishBase_Chfre_u3.jpg,fishbase_extra,Chaetodon fremblii,Chaetodon fremblii,True,False
Chaetodon_smithi_FishBase_Chsmi_u3.jpg,/Users/michaelalfaro/Dropbox/git/downloading-fish-images-2026/images_fishbase_extra/Chaetodon_smithi_FishBase_Chsmi_u3.jpg,fishbase_extra,Chaetodon smithi,Chaetodon smithi,True,False
Forcipiger_flavissimus_FishBase_Fofla_uh.jpg,/Users/michaelalfaro/Dropbox/git/downloading-fish-images-2026/images_fishbase_extra/Forcipiger_flavissimus_FishBase_Fofla_uh.jpg,fishbase_extra,Forcipiger flavissimus,Forcipiger flavissimus,True,False
Chaetodon_andamanensis_FishBase_Chand_u1.jpg,/Users/michaelalfaro/Dropbox/git/downloading-fish-images-2026/images_fishbase_extra/Chaetodon_andamanensis_FishBase_Chand_u1.jpg,fishbase_extra,Chaetodon andamanensis,Chaetodon andamanensis,True,False
Chaetodon_paucifasciatus_FishBase_Chpau_u1.jpg,/Users/michaelalfaro/Dropbox/git/downloading-fish-images-2026/images_fishbase_extra/Chaetodon_paucifasciatus_FishBase_Chpau_u1.jpg,fishbase_extra,Chaetodon paucifasciatus,Chaetodon paucifasciatus,True,False
Chaetodon_interruptus_FishBase_Chint_u7.jpg,/Users/michaelalfaro/Dropbox/git/downloading-fish-images-2026/images_fishbase_extra/Chaetodon_interruptus_FishBase_Chint_u7.jpg,fishbase_extra,Chaetodon interruptus,Chaetodon interruptus,True,False
Chaetodon_auripes_FishBase_Chaur_j0.jpg,/Users/michaelalfaro/Dropbox/git/downloading-fish-images-2026/images_fishbase_extra/Chaetodon_auripes_FishBase_Chaur_j0.jpg,fishbase_extra,Chaetodon auripes,Chaetodon auripes,True,False
Chaetodon_rafflesii_FishBase_Chraf_u1.jpg,/Users/michaelalfaro/Dropbox/git/downloading-fish-images-2026/images_fishbase_extra/Chaetodon_rafflesii_FishBase_Chraf_u1.jpg,fishbase_extra,Chaetodon rafflesii,Chaetodon rafflesii,True,False
Prognathodes_aculeatus_FishBase_Chacu_u1.jpg,/Users/michaelalfaro/Dropbox/git/downloading-fish-images-2026/images_fishbase_extra/Prognathodes_aculeatus_FishBase_Chacu_u1.jpg,fishbase_extra,Prognathodes aculeatus,Prognathodes aculeatus,True,False
Chaetodon_rafflesii_FishBase_Chraf_u0.jpg,/Users/michaelalfaro/Dropbox/git/downloading-fish-images-2026/images_fishbase_extra/Chaetodon_rafflesii_FishBase_Chraf_u0.jpg,fishbase_extra,Chaetodon rafflesii,Chaetodon rafflesii,True,False
Chaetodon_nigropunctatus_FishBase_Chnig_u1.jpg,/Users/michaelalfaro/Dropbox/git/downloading-fish-images-2026/images_fishbase_extra/Chaetodon_nigropunctatus_FishBase_Chnig_u1.jpg,fishbase_extra,Chaetodon nigropunctatus,Chaetodon nigropunctatus,True,False
Chaetodon_andamanensis_FishBase_Chand_u0.jpg,/Users/michaelalfaro/Dropbox/git/downloading-fish-images-2026/images_fishbase_extra/Chaetodon_andamanensis_FishBase_Chand_u0.jpg,fishbase_extra,Chaetodon andamanensis,Chaetodon andamanensis,True,False
Chaetodon_xanthocephalus_FishBase_Chxan_u5.jpg,/Users/michaelalfaro/Dropbox/git/downloading-fish-images-2026/images_fishbase_extra/Chaetodon_xanthocephalus_FishBase_Chxan_u5.jpg,fishbase_extra,Chaetodon xanthocephalus,Chaetodon xanthocephalus,True,False
Chaetodon_smithi_FishBase_Chsmi_u2.jpg,/Users/michaelalfaro/Dropbox/git/downloading-fish-images-2026/images_fishbase_extra/Chaetodon_smithi_FishBase_Chsmi_u2.jpg,fishbase_extra,Chaetodon smithi,Chaetodon smithi,True,False
Chaetodon_lunula_FishBase_Chlun_u7.jpg,/Users/michaelalfaro/Dropbox/git/downloading-fish-images-2026/images_fishbase_extra/Chaetodon_lunula_FishBase_Chlun_u7.jpg,fishbase_extra,Chaetodon lunula,Chaetodon lunula,True,False
Chaetodon_auriga_FishBase_Chaur_u8.jpg,/Users/michaelalfaro/Dropbox/git/downloading-fish-images-2026/images_fishbase_extra/Chaetodon_auriga_FishBase_Chaur_u8.jpg,fishbase_extra,Chaetodon auriga,Chaetodon auriga,True,False
Chaetodon_auriga_FishBase_Chaur_un.jpg,/Users/michaelalfaro/Dropbox/git/downloading-fish-images-2026/images_fishbase_extra/Chaetodon_auriga_FishBase_Chaur_un.jpg,fishbase_extra,Chaetodon auriga,Chaetodon auriga,True,False
Forcipiger_longirostris_FishBase_Folon_u0.jpg,/Users/michaelalfaro/Dropbox/git/downloading-fish-images-2026/images_fishbase_extra/Forcipiger_longirostris_FishBase_Folon_u0.jpg,fishbase_extra,Forcipiger longirostris,Forcipiger longirostris,True,False
Parachaetodon_ocellatus_FishBase_Paoce_u3.jpg,/Users/michaelalfaro/Dropbox/git/downloading-fish-images-2026/images_fishbase_extra/Parachaetodon_ocellatus_FishBase_Paoce_u3.jpg,fishbase_extra,Parachaetodon ocellatus,Parachaetodon ocellatus,True,False
Chaetodon_mitratus_FishBase_Chmit_u4.jpg,/Users/michaelalfaro/Dropbox/git/downloading-fish-images-2026/images_fishbase_extra/Chaetodon_mitratus_FishBase_Chmit_u4.jpg,fishbase_extra,Chaetodon mitratus,Chaetodon mitratus,True,False
Roa_modesta_FishBase_Romod_u0.jpg,/Users/michaelalfaro/Dropbox/git/downloading-fish-images-2026/images_fishbase_extra/Roa_modesta_FishBase_Romod_u0.jpg,fishbase_extra,Roa modesta,Roa modesta,True,False
Chaetodon_mitratus_FishBase_Chmit_u0.jpg,/Users/michaelalfaro/Dropbox/git/downloading-fish-images-2026/images_fishbase_extra/Chaetodon_mitratus_FishBase_Chmit_u0.jpg,fishbase_extra,Chaetodon mitratus,Chaetodon mitratus,True,False
Prognathodes_guyanensis_FishBase_Prguy_u0.jpg,/Users/michaelalfaro/Dropbox/git/downloading-fish-images-2026/images_fishbase_extra/Prognathodes_guyanensis_FishBase_Prguy_u0.jpg,fishbase_extra,Prognathodes guyanensis,Prognathodes guyanensis,False,False
Chaetodon_decussatus_FishBase_Chdec_u7.jpg,/Users/michaelalfaro/Dropbox/git/downloading-fish-images-2026/images_fishbase_extra/Chaetodon_decussatus_FishBase_Chdec_u7.jpg,fishbase_extra,Chaetodon decussatus,Chaetodon decussatus,True,False
Chaetodon_sedentarius_FishBase_Chsed_u2.jpg,/Users/michaelalfaro/Dropbox/git/downloading-fish-images-2026/images_fishbase_extra/Chaetodon_sedentarius_FishBase_Chsed_u2.jpg,fishbase_extra,Chaetodon sedentarius,Chaetodon sedentarius,True,False
Chaetodon_capistratus_FishBase_Chcap_uh.jpg,/Users/michaelalfaro/Dropbox/git/downloading-fish-images-2026/images_fishbase_extra/Chaetodon_capistratus_FishBase_Chcap_uh.jpg,fishbase_extra,Chaetodon capistratus,Chaetodon capistratus,True,False
Chaetodon_meyeri_FishBase_Chmey_u3.jpg,/Users/michaelalfaro/Dropbox/git/downloading-fish-images-2026/images_fishbase_extra/Chaetodon_meyeri_FishBase_Chmey_u3.jpg,fishbase_extra,Chaetodon meyeri,Chaetodon meyeri,True,False
Chaetodon_falcula_FishBase_Chfal_u8.jpg,/Users/michaelalfaro/Dropbox/git/downloading-fish-images-2026/images_fishbase_extra/Chaetodon_falcula_FishBase_Chfal_u8.jpg,fishbase_extra,Chaetodon falcula,Chaetodon falcula,True,False
Roa_modesta_FishBase_Chmod_u0.jpg,/Users/michaelalfaro/Dropbox/git/downloading-fish-images-2026/images_fishbase_extra/Roa_modesta_FishBase_Chmod_u0.jpg,fishbase_extra,Roa modesta,Roa modesta,True,False
Chaetodon_striatus_FishBase_Chstr_ui.jpg,/Users/michaelalfaro/Dropbox/git/downloading-fish-images-2026/images_fishbase_extra/Chaetodon_striatus_FishBase_Chstr_ui.jpg,fishbase_extra,Chaetodon striatus,Chaetodon striatus,True,False
Chaetodon_baronessa_FishBase_Chbar_u8.jpg,/Users/michaelalfaro/Dropbox/git/downloading-fish-images-2026/images_fishbase_extra/Chaetodon_baronessa_FishBase_Chbar_u8.jpg,fishbase_extra,Chaetodon baronessa,Chaetodon baronessa,True,False
Chaetodon_rainfordi_FishBase_Chrai_u3.jpg,/Users/michaelalfaro/Dropbox/git/downloading-fish-images-2026/images_fishbase_extra/Chaetodon_rainfordi_FishBase_Chrai_u3.jpg,fishbase_extra,Chaetodon rainfordi,Chaetodon rainfordi,True,False
Chaetodon_paucifasciatus_FishBase_Chpau_u4.jpg,/Users/michaelalfaro/Dropbox/git/downloading-fish-images-2026/images_fishbase_extra/Chaetodon_paucifasciatus_FishBase_Chpau_u4.jpg,fishbase_extra,Chaetodon paucifasciatus,Chaetodon paucifasciatus,True,False
Chaetodon_gardineri_FishBase_Chgar_u0.jpg,/Users/michaelalfaro/Dropbox/git/downloading-fish-images-2026/images_fishbase_extra/Chaetodon_gardineri_FishBase_Chgar_u0.jpg,fishbase_extra,Chaetodon gardineri,Chaetodon gardineri,True,False
Heniochus_acuminatus_FishBase_Heacu_uj.jpg,/Users/michaelalfaro/Dropbox/git/downloading-fish-images-2026/images_fishbase_extra/Heniochus_acuminatus_FishBase_Heacu_uj.jpg,fishbase_extra,Heniochus acuminatus,Heniochus acuminatus,True,False
Heniochus_chrysostomus_FishBase_Hechr_u0.jpg,/Users/michaelalfaro/Dropbox/git/downloading-fish-images-2026/images_fishbase_extra/Heniochus_chrysostomus_FishBase_Hechr_u0.jpg,fishbase_extra,Heniochus chrysostomus,Heniochus chrysostomus,True,False
Chaetodon_rafflesii_FishBase_Chraf_u4.jpg,/Users/michaelalfaro/Dropbox/git/downloading-fish-images-2026/images_fishbase_extra/Chaetodon_rafflesii_FishBase_Chraf_u4.jpg,fishbase_extra,Chaetodon rafflesii,Chaetodon rafflesii,True,False
Chaetodon_semilarvatus_FishBase_Chsem_uc.jpg,/Users/michaelalfaro/Dropbox/git/downloading-fish-images-2026/images_fishbase_extra/Chaetodon_semilarvatus_FishBase_Chsem_uc.jpg,fishbase_extra,Chaetodon semilarvatus,Chaetodon semilarvatus,True,False
Chaetodon_semilarvatus_FishBase_Chsem_u4.jpg,/Users/michaelalfaro/Dropbox/git/downloading-fish-images-2026/images_fishbase_extra/Chaetodon_semilarvatus_FishBase_Chsem_u4.jpg,fishbase_extra,Chaetodon semilarvatus,Chaetodon semilarvatus,True,False
Chaetodon_nigropunctatus_FishBase_Chnig_u4.jpg,/Users/michaelalfaro/Dropbox/git/downloading-fish-images-2026/images_fishbase_extra/Chaetodon_nigropunctatus_FishBase_Chnig_u4.jpg,fishbase_extra,Chaetodon nigropunctatus,Chaetodon nigropunctatus,True,False
Heniochus_chrysostomus_FishBase_Hechr_u1.jpg,/Users/michaelalfaro/Dropbox/git/downloading-fish-images-2026/images_fishbase_extra/Heniochus_chrysostomus_FishBase_Hechr_u1.jpg,fishbase_extra,Heniochus chrysostomus,Heniochus chrysostomus,True,False
Chaetodon_burgessi_FishBase_Chbur_u3.jpg,/Users/michaelalfaro/Dropbox/git/downloading-fish-images-2026/images_fishbase_extra/Chaetodon_burgessi_FishBase_Chbur_u3.jpg,fishbase_extra,Chaetodon burgessi,Chaetodon burgessi,True,False
Heniochus_acuminatus_FishBase_Heacu_uk.jpg,/Users/michaelalfaro/Dropbox/git/downloading-fish-images-2026/images_fishbase_extra/Heniochus_acuminatus_FishBase_Heacu_uk.jpg,fishbase_extra,Heniochus acuminatus,Heniochus acuminatus,True,False
Chaetodon_quadrimaculatus_FishBase_Chqua_u5.jpg,/Users/michaelalfaro/Dropbox/git/downloading-fish-images-2026/images_fishbase_extra/Chaetodon_quadrimaculatus_FishBase_Chqua_u5.jpg,fishbase_extra,Chaetodon quadrimaculatus,Chaetodon quadrimaculatus,True,False
Chaetodon_meyeri_FishBase_Chmey_u2.jpg,/Users/michaelalfaro/Dropbox/git/downloading-fish-images-2026/images_fishbase_extra/Chaetodon_meyeri_FishBase_Chmey_u2.jpg,fishbase_extra,Chaetodon meyeri,Chaetodon meyeri,True,False
Chaetodon_robustus_FishBase_Chrob_u8.jpg,/Users/michaelalfaro/Dropbox/git/downloading-fish-images-2026/images_fishbase_extra/Chaetodon_robustus_FishBase_Chrob_u8.jpg,fishbase_extra,Chaetodon robustus,Chaetodon robustus,False,False
Chaetodon_capistratus_FishBase_Chcap_ui.jpg,/Users/michaelalfaro/Dropbox/git/downloading-fish-images-2026/images_fishbase_extra/Chaetodon_capistratus_FishBase_Chcap_ui.jpg,fishbase_extra,Chaetodon capistratus,Chaetodon capistratus,True,False
Chaetodon_decussatus_FishBase_Chdec_u6.jpg,/Users/michaelalfaro/Dropbox/git/downloading-fish-images-2026/images_fishbase_extra/Chaetodon_decussatus_FishBase_Chdec_u6.jpg,fishbase_extra,Chaetodon decussatus,Chaetodon decussatus,True,False
Forcipiger_longirostris_FishBase_Folon_u5.jpg,/Users/michaelalfaro/Dropbox/git/downloading-fish-images-2026/images_fishbase_extra/Forcipiger_longirostris_FishBase_Folon_u5.jpg,fishbase_extra,Forcipiger longirostris,Forcipiger longirostris,True,False
Prognathodes_guyanensis_FishBase_Prguy_u1.jpg,/Users/michaelalfaro/Dropbox/git/downloading-fish-images-2026/images_fishbase_extra/Prognathodes_guyanensis_FishBase_Prguy_u1.jpg,fishbase_extra,Prognathodes guyanensis,Prognathodes guyanensis,False,False
Chaetodon_unimaculatus_FishBase_Chuni_ul.jpg,/Users/michaelalfaro/Dropbox/git/downloading-fish-images-2026/images_fishbase_extra/Chaetodon_unimaculatus_FishBase_Chuni_ul.jpg,fishbase_extra,Chaetodon unimaculatus,Chaetodon unimaculatus,True,False
Chaetodon_mitratus_FishBase_Chmit_u1.jpg,/Users/michaelalfaro/Dropbox/git/downloading-fish-images-2026/images_fishbase_extra/Chaetodon_mitratus_FishBase_Chmit_u1.jpg,fishbase_extra,Chaetodon mitratus,Chaetodon mitratus,True,False
Chaetodon_mitratus_FishBase_Chmit_u3.jpg,/Users/michaelalfaro/Dropbox/git/downloading-fish-images-2026/images_fishbase_extra/Chaetodon_mitratus_FishBase_Chmit_u3.jpg,fishbase_extra,Chaetodon mitratus,Chaetodon mitratus,True,False
Forcipiger_longirostris_FishBase_Folon_u7.jpg,/Users/michaelalfaro/Dropbox/git/downloading-fish-images-2026/images_fishbase_extra/Forcipiger_longirostris_FishBase_Folon_u7.jpg,fishbase_extra,Forcipiger longirostris,Forcipiger longirostris,True,False
Parachaetodon_ocellatus_FishBase_Paoce_u4.jpg,/Users/michaelalfaro/Dropbox/git/downloading-fish-images-2026/images_fishbase_extra/Parachaetodon_ocellatus_FishBase_Paoce_u4.jpg,fishbase_extra,Parachaetodon ocellatus,Parachaetodon ocellatus,True,False
Chaetodon_multicinctus_FishBase_Chmul_u3.jpg,/Users/michaelalfaro/Dropbox/git/downloading-fish-images-2026/images_fishbase_extra/Chaetodon_multicinctus_FishBase_Chmul_u3.jpg,fishbase_extra,Chaetodon multicinctus,Chaetodon multicinctus,True,False
Chaetodon_meyeri_FishBase_Chmey_u0.jpg,/Users/michaelalfaro/Dropbox/git/downloading-fish-images-2026/images_fishbase_extra/Chaetodon_meyeri_FishBase_Chmey_u0.jpg,fishbase_extra,Chaetodon meyeri,Chaetodon meyeri,True,False
Roa_modesta_FishBase_Chmod_u3.jpg,/Users/michaelalfaro/Dropbox/git/downloading-fish-images-2026/images_fishbase_extra/Roa_modesta_FishBase_Chmod_u3.jpg,fishbase_extra,Roa modesta,Roa modesta,True,False
Chaetodon_xanthocephalus_FishBase_Chxan_u2.jpg,/Users/michaelalfaro/Dropbox/git/downloading-fish-images-2026/images_fishbase_extra/Chaetodon_xanthocephalus_FishBase_Chxan_u2.jpg,fishbase_extra,Chaetodon xanthocephalus,Chaetodon xanthocephalus,True,False
Chaetodon_smithi_FishBase_Chsmi_u5.jpg,/Users/michaelalfaro/Dropbox/git/downloading-fish-images-2026/images_fishbase_extra/Chaetodon_smithi_FishBase_Chsmi_u5.jpg,fishbase_extra,Chaetodon smithi,Chaetodon smithi,True,False
Chaetodon_lunula_FishBase_Chlun_uf.jpg,/Users/michaelalfaro/Dropbox/git/downloading-fish-images-2026/images_fishbase_extra/Chaetodon_lunula_FishBase_Chlun_uf.jpg,fishbase_extra,Chaetodon lunula,Chaetodon lunula,True,False
Chaetodon_vagabundus_FishBase_Chvag_j0.jpg,/Users/michaelalfaro/Dropbox/git/downloading-fish-images-2026/images_fishbase_extra/Chaetodon_vagabundus_FishBase_Chvag_j0.jpg,fishbase_extra,Chaetodon vagabundus,Chaetodon vagabundus,True,False
Chelmon_muelleri_FishBase_Chmue_u0.jpg,/Users/michaelalfaro/Dropbox/git/downloading-fish-images-2026/images_fishbase_extra/Chelmon_muelleri_FishBase_Chmue_u0.jpg,fishbase_extra,Chelmon muelleri,Chelmon muelleri,True,False
Chaetodon_rainfordi_FishBase_Chrai_u0.jpg,/Users/michaelalfaro/Dropbox/git/downloading-fish-images-2026/images_fishbase_extra/Chaetodon_rainfordi_FishBase_Chrai_u0.jpg,fishbase_extra,Chaetodon rainfordi,Chaetodon rainfordi,True,False
Chaetodon_lunula_FishBase_Chlun_u0.jpg,/Users/michaelalfaro/Dropbox/git/downloading-fish-images-2026/images_fishbase_extra/Chaetodon_lunula_FishBase_Chlun_u0.jpg,fishbase_extra,Chaetodon lunula,Chaetodon lunula,True,False
Chaetodon_gardineri_FishBase_Chgar_u3.jpg,/Users/michaelalfaro/Dropbox/git/downloading-fish-images-2026/images_fishbase_extra/Chaetodon_gardineri_FishBase_Chgar_u3.jpg,fishbase_extra,Chaetodon gardineri,Chaetodon gardineri,True,False
Heniochus_acuminatus_FishBase_Heacu_ui.jpg,/Users/michaelalfaro/Dropbox/git/downloading-fish-images-2026/images_fishbase_extra/Heniochus_acuminatus_FishBase_Heacu_ui.jpg,fishbase_extra,Heniochus acuminatus,Heniochus acuminatus,True,False
Chaetodon_burgessi_FishBase_Chbur_u1.jpg,/Users/michaelalfaro/Dropbox/git/downloading-fish-images-2026/images_fishbase_extra/Chaetodon_burgessi_FishBase_Chbur_u1.jpg,fishbase_extra,Chaetodon burgessi,Chaetodon burgessi,True,False
Heniochus_chrysostomus_FishBase_Hechr_u3.jpg,/Users/michaelalfaro/Dropbox/git/downloading-fish-images-2026/images_fishbase_extra/Heniochus_chrysostomus_FishBase_Hechr_u3.jpg,fishbase_extra,Heniochus chrysostomus,Heniochus chrysostomus,True,False
Chaetodon_semilarvatus_FishBase_Chsem_u6.jpg,/Users/michaelalfaro/Dropbox/git/downloading-fish-images-2026/images_fishbase_extra/Chaetodon_semilarvatus_FishBase_Chsem_u6.jpg,fishbase_extra,Chaetodon semilarvatus,Chaetodon semilarvatus,True,False
Chaetodon_semilarvatus_FishBase_Chsem_ua.jpg,/Users/michaelalfaro/Dropbox/git/downloading-fish-images-2026/images_fishbase_extra/Chaetodon_semilarvatus_FishBase_Chsem_ua.jpg,fishbase_extra,Chaetodon semilarvatus,Chaetodon semilarvatus,True,False
Chaetodon_semilarvatus_FishBase_Chsem_u7.jpg,/Users/michaelalfaro/Dropbox/git/downloading-fish-images-2026/images_fishbase_extra/Chaetodon_semilarvatus_FishBase_Chsem_u7.jpg,fishbase_extra,Chaetodon semilarvatus,Chaetodon semilarvatus,True,False
Chaetodon_burgessi_FishBase_Chbur_u0.jpg,/Users/michaelalfaro/Dropbox/git/downloading-fish-images-2026/images_fishbase_extra/Chaetodon_burgessi_FishBase_Chbur_u0.jpg,fishbase_extra,Chaetodon burgessi,Chaetodon burgessi,True,False
Heniochus_chrysostomus_FishBase_Hechr_u2.jpg,/Users/michaelalfaro/Dropbox/git/downloading-fish-images-2026/images_fishbase_extra/Heniochus_chrysostomus_FishBase_Hechr_u2.jpg,fishbase_extra,Heniochus chrysostomus,Heniochus chrysostomus,True,False
Chaetodon_gardineri_FishBase_Chgar_u2.jpg,/Users/michaelalfaro/Dropbox/git/downloading-fish-images-2026/images_fishbase_extra/Chaetodon_gardineri_FishBase_Chgar_u2.jpg,fishbase_extra,Chaetodon gardineri,Chaetodon gardineri,True,False
Chelmon_muelleri_FishBase_Chmue_u1.jpg,/Users/michaelalfaro/Dropbox/git/downloading-fish-images-2026/images_fishbase_extra/Chelmon_muelleri_FishBase_Chmue_u1.jpg,fishbase_extra,Chelmon muelleri,Chelmon muelleri,True,False
Chaetodon_lunula_FishBase_Chlun_up.jpg,/Users/michaelalfaro/Dropbox/git/downloading-fish-images-2026/images_fishbase_extra/Chaetodon_lunula_FishBase_Chlun_up.jpg,fishbase_extra,Chaetodon lunula,Chaetodon lunula,True,False
Chaetodon_rainfordi_FishBase_Chrai_u1.jpg,/Users/michaelalfaro/Dropbox/git/downloading-fish-images-2026/images_fishbase_extra/Chaetodon_rainfordi_FishBase_Chrai_u1.jpg,fishbase_extra,Chaetodon rainfordi,Chaetodon rainfordi,True,False
Forcipiger_flavissimus_FishBase_Fofla_u9.jpg,/Users/michaelalfaro/Dropbox/git/downloading-fish-images-2026/images_fishbase_extra/Forcipiger_flavissimus_FishBase_Fofla_u9.jpg,fishbase_extra,Forcipiger flavissimus,Forcipiger flavissimus,True,False
Chaetodon_fremblii_FishBase_Chfre_u4.jpg,/Users/michaelalfaro/Dropbox/git/downloading-fish-images-2026/images_fishbase_extra/Chaetodon_fremblii_FishBase_Chfre_u4.jpg,fishbase_extra,Chaetodon fremblii,Chaetodon fremblii,True,False
Chaetodon_vagabundus_FishBase_Chvag_j1.jpg,/Users/michaelalfaro/Dropbox/git/downloading-fish-images-2026/images_fishbase_extra/Chaetodon_vagabundus_FishBase_Chvag_j1.jpg,fishbase_extra,Chaetodon vagabundus,Chaetodon vagabundus,True,False
Roa_modesta_FishBase_Chmod_u2.jpg,/Users/michaelalfaro/Dropbox/git/downloading-fish-images-2026/images_fishbase_extra/Roa_modesta_FishBase_Chmod_u2.jpg,fishbase_extra,Roa modesta,Roa modesta,True,False
Chaetodon_quadrimaculatus_FishBase_Chqua_u6.jpg,/Users/michaelalfaro/Dropbox/git/downloading-fish-images-2026/images_fishbase_extra/Chaetodon_quadrimaculatus_FishBase_Chqua_u6.jpg,fishbase_extra,Chaetodon quadrimaculatus,Chaetodon quadrimaculatus,True,False
Chaetodon_multicinctus_FishBase_Chmul_u2.jpg,/Users/michaelalfaro/Dropbox/git/downloading-fish-images-2026/images_fishbase_extra/Chaetodon_multicinctus_FishBase_Chmul_u2.jpg,fishbase_extra,Chaetodon multicinctus,Chaetodon multicinctus,True,False
Chaetodon_xanthurus_FishBase_Chxan_uk.jpg,/Users/michaelalfaro/Dropbox/git/downloading-fish-images-2026/images_fishbase_extra/Chaetodon_xanthurus_FishBase_Chxan_uk.jpg,fishbase_extra,Chaetodon xanthurus,Chaetodon xanthurus,True,False
Chaetodon_decussatus_FishBase_Chdec_u5.jpg,/Users/michaelalfaro/Dropbox/git/downloading-fish-images-2026/images_fishbase_extra/Chaetodon_decussatus_FishBase_Chdec_u5.jpg,fishbase_extra,Chaetodon decussatus,Chaetodon decussatus,True,False
Chaetodon_decussatus_FishBase_Chdec_uc.jpg,/Users/michaelalfaro/Dropbox/git/downloading-fish-images-2026/images_fishbase_extra/Chaetodon_decussatus_FishBase_Chdec_uc.jpg,fishbase_extra,Chaetodon decussatus,Chaetodon decussatus,True,False
Forcipiger_longirostris_FishBase_Folon_u6.jpg,/Users/michaelalfaro/Dropbox/git/downloading-fish-images-2026/images_fishbase_extra/Forcipiger_longirostris_FishBase_Folon_u6.jpg,fishbase_extra,Forcipiger longirostris,Forcipiger longirostris,True,False
Chaetodon_mitratus_FishBase_Chmit_u2.jpg,/Users/michaelalfaro/Dropbox/git/downloading-fish-images-2026/images_fishbase_extra/Chaetodon_mitratus_FishBase_Chmit_u2.jpg,fishbase_extra,Chaetodon mitratus,Chaetodon mitratus,True,False
Prognathodes_guyanensis_FishBase_Prguy_u2.jpg,/Users/michaelalfaro/Dropbox/git/downloading-fish-images-2026/images_fishbase_extra/Prognathodes_guyanensis_FishBase_Prguy_u2.jpg,fishbase_extra,Prognathodes guyanensis,Prognathodes guyanensis,False,False
Chaetodon_tinkeri_FishBase_Chtin_u4.jpg,/Users/michaelalfaro/Dropbox/git/downloading-fish-images-2026/images_fishbase_extra/Chaetodon_tinkeri_FishBase_Chtin_u4.jpg,fishbase_extra,Chaetodon tinkeri,Chaetodon tinkeri,True,False
Coradion_altivelis_FishBase_Coalt_u5.jpg,/Users/michaelalfaro/Dropbox/git/downloading-fish-images-2026/images_fishbase_extra/Coradion_altivelis_FishBase_Coalt_u5.jpg,fishbase_extra,Coradion altivelis,Coradion altivelis,True,False
Chaetodon_decussatus_FishBase_Chdec_j0.jpg,/Users/michaelalfaro/Dropbox/git/downloading-fish-images-2026/images_fishbase_extra/Chaetodon_decussatus_FishBase_Chdec_j0.jpg,fishbase_extra,Chaetodon decussatus,Chaetodon decussatus,True,False
Chaetodon_trifasciatus_FishBase_Chtri_ux.jpg,/Users/michaelalfaro/Dropbox/git/downloading-fish-images-2026/images_fishbase_extra/Chaetodon_trifasciatus_FishBase_Chtri_ux.jpg,fishbase_extra,Chaetodon trifasciatus,Chaetodon trifasciatus,True,False
Heniochus_monoceros_FishBase_Hemon_u3.jpg,/Users/michaelalfaro/Dropbox/git/downloading-fish-images-2026/images_fishbase_extra/Heniochus_monoceros_FishBase_Hemon_u3.jpg,fishbase_extra,Heniochus monoceros,Heniochus monoceros,True,False
Parachaetodon_ocellatus_FishBase_Paoce_j0.jpg,/Users/michaelalfaro/Dropbox/git/downloading-fish-images-2026/images_fishbase_extra/Parachaetodon_ocellatus_FishBase_Paoce_j0.jpg,fishbase_extra,Parachaetodon ocellatus,Parachaetodon ocellatus,True,False
Hemitaurichthys_thompsoni_FishBase_Hetho_u0.jpg,/Users/michaelalfaro/Dropbox/git/downloading-fish-images-2026/images_fishbase_extra/Hemitaurichthys_thompsoni_FishBase_Hetho_u0.jpg,fishbase_extra,Hemitaurichthys thompsoni,Hemitaurichthys thompsoni,True,False
Hemitaurichthys_polylepis_FishBase_Hepol_u7.jpg,/Users/michaelalfaro/Dropbox/git/downloading-fish-images-2026/images_fishbase_extra/Hemitaurichthys_polylepis_FishBase_Hepol_u7.jpg,fishbase_extra,Hemitaurichthys polylepis,Hemitaurichthys polylepis,True,False
Chaetodon_vagabundus_FishBase_Chvag_u4.jpg,/Users/michaelalfaro/Dropbox/git/downloading-fish-images-2026/images_fishbase_extra/Chaetodon_vagabundus_FishBase_Chvag_u4.jpg,fishbase_extra,Chaetodon vagabundus,Chaetodon vagabundus,True,False
Chaetodon_zanzibarensis_FishBase_Chzan_u3.jpg,/Users/michaelalfaro/Dropbox/git/downloading-fish-images-2026/images_fishbase_extra/Chaetodon_zanzibarensis_FishBase_Chzan_u3.jpg,fishbase_extra,Chaetodon zanzibarensis,Chaetodon zanzibarensis,True,False
Chaetodon_semeion_FishBase_Chsem_u8.jpg,/Users/michaelalfaro/Dropbox/git/downloading-fish-images-2026/images_fishbase_extra/Chaetodon_semeion_FishBase_Chsem_u8.jpg,fishbase_extra,Chaetodon semeion,Chaetodon semeion,True,False
Chaetodon_auripes_FishBase_Chaur_u2.jpg,/Users/michaelalfaro/Dropbox/git/downloading-fish-images-2026/images_fishbase_extra/Chaetodon_auripes_FishBase_Chaur_u2.jpg,fishbase_extra,Chaetodon auripes,Chaetodon auripes,True,False
Heniochus_singularius_FishBase_Hesin_u3.jpg,/Users/michaelalfaro/Dropbox/git/downloading-fish-images-2026/images_fishbase_extra/Heniochus_singularius_FishBase_Hesin_u3.jpg,fishbase_extra,Heniochus singularius,Heniochus singularius,True,False
Chaetodon_madagaskariensis_FishBase_Chmer_u8.jpg,/Users/michaelalfaro/Dropbox/git/downloading-fish-images-2026/images_fishbase_extra/Chaetodon_madagaskariensis_FishBase_Chmer_u8.jpg,fishbase_extra,Chaetodon madagaskariensis,Chaetodon madagaskariensis,True,False
Heniochus_singularius_FishBase_Hesin_u2.jpg,/Users/michaelalfaro/Dropbox/git/downloading-fish-images-2026/images_fishbase_extra/Heniochus_singularius_FishBase_Hesin_u2.jpg,fishbase_extra,Heniochus singularius,Heniochus singularius,True,False
Roa_jayakari_FishBase_Rojay_u0.jpg,/Users/michaelalfaro/Dropbox/git/downloading-fish-images-2026/images_fishbase_extra/Roa_jayakari_FishBase_Rojay_u0.jpg,fishbase_extra,Roa jayakari,Roa jayakari,True,False
Chaetodon_ornatissimus_FishBase_Chorn_u5.jpg,/Users/michaelalfaro/Dropbox/git/downloading-fish-images-2026/images_fishbase_extra/Chaetodon_ornatissimus_FishBase_Chorn_u5.jpg,fishbase_extra,Chaetodon ornatissimus,Chaetodon ornatissimus,True,False
Chaetodon_zanzibarensis_FishBase_Chzan_u2.jpg,/Users/michaelalfaro/Dropbox/git/downloading-fish-images-2026/images_fishbase_extra/Chaetodon_zanzibarensis_FishBase_Chzan_u2.jpg,fishbase_extra,Chaetodon zanzibarensis,Chaetodon zanzibarensis,True,False
Chaetodon_vagabundus_FishBase_Chvag_u5.jpg,/Users/michaelalfaro/Dropbox/git/downloading-fish-images-2026/images_fishbase_extra/Chaetodon_vagabundus_FishBase_Chvag_u5.jpg,fishbase_extra,Chaetodon vagabundus,Chaetodon vagabundus,True,False
Chaetodon_fremblii_FishBase_Chfre_j0.jpg,/Users/michaelalfaro/Dropbox/git/downloading-fish-images-2026/images_fishbase_extra/Chaetodon_fremblii_FishBase_Chfre_j0.jpg,fishbase_extra,Chaetodon fremblii,Chaetodon fremblii,True,False
Hemitaurichthys_polylepis_FishBase_Hepol_u6.jpg,/Users/michaelalfaro/Dropbox/git/downloading-fish-images-2026/images_fishbase_extra/Hemitaurichthys_polylepis_FishBase_Hepol_u6.jpg,fishbase_extra,Hemitaurichthys polylepis,Hemitaurichthys polylepis,True,False
Coradion_chrysozonus_FishBase_Cochr_u6.jpg,/Users/michaelalfaro/Dropbox/git/downloading-fish-images-2026/images_fishbase_extra/Coradion_chrysozonus_FishBase_Cochr_u6.jpg,fishbase_extra,Coradion chrysozonus,Coradion chrysozonus,True,False
Chaetodon_ephippium_FishBase_Cheph_u8.jpg,/Users/michaelalfaro/Dropbox/git/downloading-fish-images-2026/images_fishbase_extra/Chaetodon_ephippium_FishBase_Cheph_u8.jpg,fishbase_extra,Chaetodon ephippium,Chaetodon ephippium,True,False
Heniochus_monoceros_FishBase_Hemon_u2.jpg,/Users/michaelalfaro/Dropbox/git/downloading-fish-images-2026/images_fishbase_extra/Heniochus_monoceros_FishBase_Hemon_u2.jpg,fishbase_extra,Heniochus monoceros,Heniochus monoceros,True,False
Chaetodon_lunulatus_FishBase_Chlun_uo.jpg,/Users/michaelalfaro/Dropbox/git/downloading-fish-images-2026/images_fishbase_extra/Chaetodon_lunulatus_FishBase_Chlun_uo.jpg,fishbase_extra,Chaetodon lunulatus,Chaetodon lunulatus,True,False
Coradion_melanopus_FishBase_Comel_ul.jpg,/Users/michaelalfaro/Dropbox/git/downloading-fish-images-2026/images_fishbase_extra/Coradion_melanopus_FishBase_Comel_ul.jpg,fishbase_extra,Coradion melanopus,Coradion melanopus,True,False
Chaetodon_dolosus_FishBase_Chdol_u3.jpg,/Users/michaelalfaro/Dropbox/git/downloading-fish-images-2026/images_fishbase_extra/Chaetodon_dolosus_FishBase_Chdol_u3.jpg,fishbase_extra,Chaetodon dolosus,Chaetodon dolosus,True,False
Coradion_altivelis_FishBase_Coalt_u4.jpg,/Users/michaelalfaro/Dropbox/git/downloading-fish-images-2026/images_fishbase_extra/Coradion_altivelis_FishBase_Coalt_u4.jpg,fishbase_extra,Coradion altivelis,Coradion altivelis,True,False
Chaetodon_tinkeri_FishBase_Chtin_u5.jpg,/Users/michaelalfaro/Dropbox/git/downloading-fish-images-2026/images_fishbase_extra/Chaetodon_tinkeri_FishBase_Chtin_u5.jpg,fishbase_extra,Chaetodon tinkeri,Chaetodon tinkeri,True,False
Chaetodon_quadrimaculatus_FishBase_Chqua_j0.jpg,/Users/michaelalfaro/Dropbox/git/downloading-fish-images-2026/images_fishbase_extra/Chaetodon_quadrimaculatus_FishBase_Chqua_j0.jpg,fishbase_extra,Chaetodon quadrimaculatus,Chaetodon quadrimaculatus,True,False
Coradion_altivelis_FishBase_Coalt_u6.jpg,/Users/michaelalfaro/Dropbox/git/downloading-fish-images-2026/images_fishbase_extra/Coradion_altivelis_FishBase_Coalt_u6.jpg,fishbase_extra,Coradion altivelis,Coradion altivelis,True,False
Chaetodon_dolosus_FishBase_Chdol_u1.jpg,/Users/michaelalfaro/Dropbox/git/downloading-fish-images-2026/images_fishbase_extra/Chaetodon_dolosus_FishBase_Chdol_u1.jpg,fishbase_extra,Chaetodon dolosus,Chaetodon dolosus,True,False
Forcipiger_longirostris_FishBase_Folon_j0.jpg,/Users/michaelalfaro/Dropbox/git/downloading-fish-images-2026/images_fishbase_extra/Forcipiger_longirostris_FishBase_Folon_j0.jpg,fishbase_extra,Forcipiger longirostris,Forcipiger longirostris,True,False
Heniochus_monoceros_FishBase_Hemon_u0.jpg,/Users/michaelalfaro/Dropbox/git/downloading-fish-images-2026/images_fishbase_extra/Heniochus_monoceros_FishBase_Hemon_u0.jpg,fishbase_extra,Heniochus monoceros,Heniochus monoceros,True,False
Chaetodon_marleyi_FishBase_Chmar_ub.jpg,/Users/michaelalfaro/Dropbox/git/downloading-fish-images-2026/images_fishbase_extra/Chaetodon_marleyi_FishBase_Chmar_ub.jpg,fishbase_extra,Chaetodon marleyi,Chaetodon marleyi,True,False
Coradion_chrysozonus_FishBase_Cochr_u4.jpg,/Users/michaelalfaro/Dropbox/git/downloading-fish-images-2026/images_fishbase_extra/Coradion_chrysozonus_FishBase_Cochr_u4.jpg,fishbase_extra,Coradion chrysozonus,Coradion chrysozonus,True,False
Chaetodon_auriga_FishBase_Chauru11.jpg,/Users/michaelalfaro/Dropbox/git/downloading-fish-images-2026/images_fishbase_extra/Chaetodon_auriga_FishBase_Chauru11.jpg,fishbase_extra,Chaetodon auriga,Chaetodon auriga,True,False
Chaetodon_interruptus_FishBase_Chuni_u2.jpg,/Users/michaelalfaro/Dropbox/git/downloading-fish-images-2026/images_fishbase_extra/Chaetodon_interruptus_FishBase_Chuni_u2.jpg,fishbase_extra,Chaetodon interruptus,Chaetodon interruptus,True,False
Chaetodon_vagabundus_FishBase_Chvag_u7.jpg,/Users/michaelalfaro/Dropbox/git/downloading-fish-images-2026/images_fishbase_extra/Chaetodon_vagabundus_FishBase_Chvag_u7.jpg,fishbase_extra,Chaetodon vagabundus,Chaetodon vagabundus,True,False
Chaetodon_zanzibarensis_FishBase_Chzan_u0.jpg,/Users/michaelalfaro/Dropbox/git/downloading-fish-images-2026/images_fishbase_extra/Chaetodon_zanzibarensis_FishBase_Chzan_u0.jpg,fishbase_extra,Chaetodon zanzibarensis,Chaetodon zanzibarensis,True,False
Chaetodon_ornatissimus_FishBase_Chorn_u7.jpg,/Users/michaelalfaro/Dropbox/git/downloading-fish-images-2026/images_fishbase_extra/Chaetodon_ornatissimus_FishBase_Chorn_u7.jpg,fishbase_extra,Chaetodon ornatissimus,Chaetodon ornatissimus,True,False
Chaetodon_andamanensis_FishBase_Chand_j0.jpg,/Users/michaelalfaro/Dropbox/git/downloading-fish-images-2026/images_fishbase_extra/Chaetodon_andamanensis_FishBase_Chand_j0.jpg,fishbase_extra,Chaetodon andamanensis,Chaetodon andamanensis,True,False
Heniochus_singularius_FishBase_Hesin_u0.jpg,/Users/michaelalfaro/Dropbox/git/downloading-fish-images-2026/images_fishbase_extra/Heniochus_singularius_FishBase_Hesin_u0.jpg,fishbase_extra,Heniochus singularius,Heniochus singularius,True,False
Chaetodon_vagabundus_FishBase_Chvag_u6.jpg,/Users/michaelalfaro/Dropbox/git/downloading-fish-images-2026/images_fishbase_extra/Chaetodon_vagabundus_FishBase_Chvag_u6.jpg,fishbase_extra,Chaetodon vagabundus,Chaetodon vagabundus,True,False
Chaetodon_interruptus_FishBase_Chuni_u3.jpg,/Users/michaelalfaro/Dropbox/git/downloading-fish-images-2026/images_fishbase_extra/Chaetodon_interruptus_FishBase_Chuni_u3.jpg,fishbase_extra,Chaetodon interruptus,Chaetodon interruptus,True,False
Hemitaurichthys_polylepis_FishBase_Hepol_uc.jpg,/Users/michaelalfaro/Dropbox/git/downloading-fish-images-2026/images_fishbase_extra/Hemitaurichthys_polylepis_FishBase_Hepol_uc.jpg,fishbase_extra,Hemitaurichthys polylepis,Hemitaurichthys polylepis,True,False
Coradion_chrysozonus_FishBase_Cochr_u5.jpg,/Users/michaelalfaro/Dropbox/git/downloading-fish-images-2026/images_fishbase_extra/Coradion_chrysozonus_FishBase_Cochr_u5.jpg,fishbase_extra,Coradion chrysozonus,Coradion chrysozonus,True,False
Heniochus_monoceros_FishBase_Hemon_u1.jpg,/Users/michaelalfaro/Dropbox/git/downloading-fish-images-2026/images_fishbase_extra/Heniochus_monoceros_FishBase_Hemon_u1.jpg,fishbase_extra,Heniochus monoceros,Heniochus monoceros,True,False
Heniochus_varius_FishBase_Hevar_u8.jpg,/Users/michaelalfaro/Dropbox/git/downloading-fish-images-2026/images_fishbase_extra/Heniochus_varius_FishBase_Hevar_u8.jpg,fishbase_extra,Heniochus varius,Heniochus varius,True,False
Chaetodon_lunulatus_FishBase_Chlun_ul.jpg,/Users/michaelalfaro/Dropbox/git/downloading-fish-images-2026/images_fishbase_extra/Chaetodon_lunulatus_FishBase_Chlun_ul.jpg,fishbase_extra,Chaetodon lunulatus,Chaetodon lunulatus,True,False
Chaetodon_lineolatus_FishBase_Chlin_ul.jpg,/Users/michaelalfaro/Dropbox/git/downloading-fish-images-2026/images_fishbase_extra/Chaetodon_lineolatus_FishBase_Chlin_ul.jpg,fishbase_extra,Chaetodon lineolatus,Chaetodon lineolatus,True,False
Chaetodon_melannotus_FishBase_Chmel_u8.jpg,/Users/michaelalfaro/Dropbox/git/downloading-fish-images-2026/images_fishbase_extra/Chaetodon_melannotus_FishBase_Chmel_u8.jpg,fishbase_extra,Chaetodon melannotus,Chaetodon melannotus,True,False
Chelmon_marginalis_FishBase_Chmar_un.jpg,/Users/michaelalfaro/Dropbox/git/downloading-fish-images-2026/images_fishbase_extra/Chelmon_marginalis_FishBase_Chmar_un.jpg,fishbase_extra,Chelmon marginalis,Chelmon marginalis,True,False
Chaetodon_tinkeri_FishBase_Chtin_u2.jpg,/Users/michaelalfaro/Dropbox/git/downloading-fish-images-2026/images_fishbase_extra/Chaetodon_tinkeri_FishBase_Chtin_u2.jpg,fishbase_extra,Chaetodon tinkeri,Chaetodon tinkeri,True,False
Chaetodon_octofasciatus_FishBase_Choct_u9.jpg,/Users/michaelalfaro/Dropbox/git/downloading-fish-images-2026/images_fishbase_extra/Chaetodon_octofasciatus_FishBase_Choct_u9.jpg,fishbase_extra,Chaetodon octofasciatus,Chaetodon octofasciatus,True,False
Chaetodon_lunulatus_FishBase_Chlun_uh.jpg,/Users/michaelalfaro/Dropbox/git/downloading-fish-images-2026/images_fishbase_extra/Chaetodon_lunulatus_FishBase_Chlun_uh.jpg,fishbase_extra,Chaetodon lunulatus,Chaetodon lunulatus,True,False
Heniochus_monoceros_FishBase_Hemon_u5.jpg,/Users/michaelalfaro/Dropbox/git/downloading-fish-images-2026/images_fishbase_extra/Heniochus_monoceros_FishBase_Hemon_u5.jpg,fishbase_extra,Heniochus monoceros,Heniochus monoceros,True,False
Heniochus_chrysostomus_FishBase_Hechr_j1.jpg,/Users/michaelalfaro/Dropbox/git/downloading-fish-images-2026/images_fishbase_extra/Heniochus_chrysostomus_FishBase_Hechr_j1.jpg,fishbase_extra,Heniochus chrysostomus,Heniochus chrysostomus,True,False
Hemitaurichthys_polylepis_FishBase_Hepol_u1.jpg,/Users/michaelalfaro/Dropbox/git/downloading-fish-images-2026/images_fishbase_extra/Hemitaurichthys_polylepis_FishBase_Hepol_u1.jpg,fishbase_extra,Hemitaurichthys polylepis,Hemitaurichthys polylepis,True,False
Roa_jayakari_FishBase_Chjay_u3.jpg,/Users/michaelalfaro/Dropbox/git/downloading-fish-images-2026/images_fishbase_extra/Roa_jayakari_FishBase_Chjay_u3.jpg,fishbase_extra,Roa jayakari,Roa jayakari,True,False
Coradion_chrysozonus_FishBase_Cochr_u1.jpg,/Users/michaelalfaro/Dropbox/git/downloading-fish-images-2026/images_fishbase_extra/Coradion_chrysozonus_FishBase_Cochr_u1.jpg,fishbase_extra,Coradion chrysozonus,Coradion chrysozonus,True,False
Chaetodon_ocellatus_FishBase_Choce_u5.jpg,/Users/michaelalfaro/Dropbox/git/downloading-fish-images-2026/images_fishbase_extra/Chaetodon_ocellatus_FishBase_Choce_u5.jpg,fishbase_extra,Chaetodon ocellatus,Chaetodon ocellatus,False,False
Chaetodon_ornatissimus_FishBase_Chorn_u2.jpg,/Users/michaelalfaro/Dropbox/git/downloading-fish-images-2026/images_fishbase_extra/Chaetodon_ornatissimus_FishBase_Chorn_u2.jpg,fishbase_extra,Chaetodon ornatissimus,Chaetodon ornatissimus,True,False
Chaetodon_auripes_FishBase_Chaur_uu.jpg,/Users/michaelalfaro/Dropbox/git/downloading-fish-images-2026/images_fishbase_extra/Chaetodon_auripes_FishBase_Chaur_uu.jpg,fishbase_extra,Chaetodon auripes,Chaetodon auripes,True,False
Heniochus_singularius_FishBase_Hesin_u5.jpg,/Users/michaelalfaro/Dropbox/git/downloading-fish-images-2026/images_fishbase_extra/Heniochus_singularius_FishBase_Hesin_u5.jpg,fishbase_extra,Heniochus singularius,Heniochus singularius,True,False
Chaetodon_auripes_FishBase_Chaur_ub.jpg,/Users/michaelalfaro/Dropbox/git/downloading-fish-images-2026/images_fishbase_extra/Chaetodon_auripes_FishBase_Chaur_ub.jpg,fishbase_extra,Chaetodon auripes,Chaetodon auripes,True,False
Chaetodon_auripes_FishBase_Chaur_uc.jpg,/Users/michaelalfaro/Dropbox/git/downloading-fish-images-2026/images_fishbase_extra/Chaetodon_auripes_FishBase_Chaur_uc.jpg,fishbase_extra,Chaetodon auripes,Chaetodon auripes,True,False
Heniochus_singularius_FishBase_Hesin_u4.jpg,/Users/michaelalfaro/Dropbox/git/downloading-fish-images-2026/images_fishbase_extra/Heniochus_singularius_FishBase_Hesin_u4.jpg,fishbase_extra,Heniochus singularius,Heniochus singularius,True,False
Chaetodon_ocellatus_FishBase_Choce_ub.jpg,/Users/michaelalfaro/Dropbox/git/downloading-fish-images-2026/images_fishbase_extra/Chaetodon_ocellatus_FishBase_Choce_ub.jpg,fishbase_extra,Chaetodon ocellatus,Chaetodon ocellatus,False,False
Chaetodon_ornatissimus_FishBase_Chorn_u3.jpg,/Users/michaelalfaro/Dropbox/git/downloading-fish-images-2026/images_fishbase_extra/Chaetodon_ornatissimus_FishBase_Chorn_u3.jpg,fishbase_extra,Chaetodon ornatissimus,Chaetodon ornatissimus,True,False
Chaetodon_zanzibarensis_FishBase_Chzan_u4.jpg,/Users/michaelalfaro/Dropbox/git/downloading-fish-images-2026/images_fishbase_extra/Chaetodon_zanzibarensis_FishBase_Chzan_u4.jpg,fishbase_extra,Chaetodon zanzibarensis,Chaetodon zanzibarensis,True,False
Chaetodon_vagabundus_FishBase_Chvag_u3.jpg,/Users/michaelalfaro/Dropbox/git/downloading-fish-images-2026/images_fishbase_extra/Chaetodon_vagabundus_FishBase_Chvag_u3.jpg,fishbase_extra,Chaetodon vagabundus,Chaetodon vagabundus,True,False
Coradion_chrysozonus_FishBase_Cochr_u0.jpg,/Users/michaelalfaro/Dropbox/git/downloading-fish-images-2026/images_fishbase_extra/Coradion_chrysozonus_FishBase_Cochr_u0.jpg,fishbase_extra,Coradion chrysozonus,Coradion chrysozonus,True,False
Roa_jayakari_FishBase_Chjay_u2.jpg,/Users/michaelalfaro/Dropbox/git/downloading-fish-images-2026/images_fishbase_extra/Roa_jayakari_FishBase_Chjay_u2.jpg,fishbase_extra,Roa jayakari,Roa jayakari,True,False
Hemitaurichthys_polylepis_FishBase_Hepol_u0.jpg,/Users/michaelalfaro/Dropbox/git/downloading-fish-images-2026/images_fishbase_extra/Hemitaurichthys_polylepis_FishBase_Hepol_u0.jpg,fishbase_extra,Hemitaurichthys polylepis,Hemitaurichthys polylepis,True,False
Chaetodon_fasciatus_FishBase_Chfas_uh.jpg,/Users/michaelalfaro/Dropbox/git/downloading-fish-images-2026/images_fishbase_extra/Chaetodon_fasciatus_FishBase_Chfas_uh.jpg,fishbase_extra,Chaetodon fasciatus,Chaetodon fasciatus,True,False
Heniochus_chrysostomus_FishBase_Hechr_j0.jpg,/Users/michaelalfaro/Dropbox/git/downloading-fish-images-2026/images_fishbase_extra/Heniochus_chrysostomus_FishBase_Hechr_j0.jpg,fishbase_extra,Heniochus chrysostomus,Heniochus chrysostomus,True,False
Heniochus_monoceros_FishBase_Hemon_u4.jpg,/Users/michaelalfaro/Dropbox/git/downloading-fish-images-2026/images_fishbase_extra/Heniochus_monoceros_FishBase_Hemon_u4.jpg,fishbase_extra,Heniochus monoceros,Heniochus monoceros,True,False
Chaetodon_lunulatus_FishBase_Chlun_ui.jpg,/Users/michaelalfaro/Dropbox/git/downloading-fish-images-2026/images_fishbase_extra/Chaetodon_lunulatus_FishBase_Chlun_ui.jpg,fishbase_extra,Chaetodon lunulatus,Chaetodon lunulatus,True,False
Chaetodon_octofasciatus_FishBase_Choct_u8.jpg,/Users/michaelalfaro/Dropbox/git/downloading-fish-images-2026/images_fishbase_extra/Chaetodon_octofasciatus_FishBase_Choct_u8.jpg,fishbase_extra,Chaetodon octofasciatus,Chaetodon octofasciatus,True,False
Coradion_altivelis_FishBase_Coalt_u2.jpg,/Users/michaelalfaro/Dropbox/git/downloading-fish-images-2026/images_fishbase_extra/Coradion_altivelis_FishBase_Coalt_u2.jpg,fishbase_extra,Coradion altivelis,Coradion altivelis,True,False
Chaetodon_collare_FishBase_Chcol_u9.jpg,/Users/michaelalfaro/Dropbox/git/downloading-fish-images-2026/images_fishbase_extra/Chaetodon_collare_FishBase_Chcol_u9.jpg,fishbase_extra,Chaetodon collare,Chaetodon collare,True,False
Chaetodon_tinkeri_FishBase_Chtin_u3.jpg,/Users/michaelalfaro/Dropbox/git/downloading-fish-images-2026/images_fishbase_extra/Chaetodon_tinkeri_FishBase_Chtin_u3.jpg,fishbase_extra,Chaetodon tinkeri,Chaetodon tinkeri,True,False
Chaetodon_litus_FishBase_Chlit_j0.jpg,/Users/michaelalfaro/Dropbox/git/downloading-fish-images-2026/images_fishbase_extra/Chaetodon_litus_FishBase_Chlit_j0.jpg,fishbase_extra,Chaetodon litus,Chaetodon litus,True,False
Chaetodon_tinkeri_FishBase_Chtin_u1.jpg,/Users/michaelalfaro/Dropbox/git/downloading-fish-images-2026/images_fishbase_extra/Chaetodon_tinkeri_FishBase_Chtin_u1.jpg,fishbase_extra,Chaetodon tinkeri,Chaetodon tinkeri,True,False
Coradion_altivelis_FishBase_Coalt_u0.jpg,/Users/michaelalfaro/Dropbox/git/downloading-fish-images-2026/images_fishbase_extra/Coradion_altivelis_FishBase_Coalt_u0.jpg,fishbase_extra,Coradion altivelis,Coradion altivelis,True,False
Chaetodon_madagaskariensis_FishBase_Chmad_u0.jpg,/Users/michaelalfaro/Dropbox/git/downloading-fish-images-2026/images_fishbase_extra/Chaetodon_madagaskariensis_FishBase_Chmad_u0.jpg,fishbase_extra,Chaetodon madagaskariensis,Chaetodon madagaskariensis,True,False
Chaetodon_lunulatus_FishBase_Chlun_uk.jpg,/Users/michaelalfaro/Dropbox/git/downloading-fish-images-2026/images_fishbase_extra/Chaetodon_lunulatus_FishBase_Chlun_uk.jpg,fishbase_extra,Chaetodon lunulatus,Chaetodon lunulatus,True,False
Heniochus_monoceros_FishBase_Hemon_u6.jpg,/Users/michaelalfaro/Dropbox/git/downloading-fish-images-2026/images_fishbase_extra/Heniochus_monoceros_FishBase_Hemon_u6.jpg,fishbase_extra,Heniochus monoceros,Heniochus monoceros,True,False
Coradion_melanopus_FishBase_Comel_uh.jpg,/Users/michaelalfaro/Dropbox/git/downloading-fish-images-2026/images_fishbase_extra/Coradion_melanopus_FishBase_Comel_uh.jpg,fishbase_extra,Coradion melanopus,Coradion melanopus,True,False
Chaetodon_lineolatus_FishBase_Chlin_uk.jpg,/Users/michaelalfaro/Dropbox/git/downloading-fish-images-2026/images_fishbase_extra/Chaetodon_lineolatus_FishBase_Chlin_uk.jpg,fishbase_extra,Chaetodon lineolatus,Chaetodon lineolatus,True,False
Chaetodon_kleinii_FishBase_Chkle_u9.jpg,/Users/michaelalfaro/Dropbox/git/downloading-fish-images-2026/images_fishbase_extra/Chaetodon_kleinii_FishBase_Chkle_u9.jpg,fishbase_extra,Chaetodon kleinii,Chaetodon kleinii,True,False
Hemitaurichthys_polylepis_FishBase_Hepol_u2.jpg,/Users/michaelalfaro/Dropbox/git/downloading-fish-images-2026/images_fishbase_extra/Hemitaurichthys_polylepis_FishBase_Hepol_u2.jpg,fishbase_extra,Hemitaurichthys polylepis,Hemitaurichthys polylepis,True,False
Coradion_chrysozonus_FishBase_Cochr_u2.jpg,/Users/michaelalfaro/Dropbox/git/downloading-fish-images-2026/images_fishbase_extra/Coradion_chrysozonus_FishBase_Cochr_u2.jpg,fishbase_extra,Coradion chrysozonus,Coradion chrysozonus,True,False
Hemitaurichthys_polylepis_FishBase_Hepol_ud.jpg,/Users/michaelalfaro/Dropbox/git/downloading-fish-images-2026/images_fishbase_extra/Hemitaurichthys_polylepis_FishBase_Hepol_ud.jpg,fishbase_extra,Hemitaurichthys polylepis,Hemitaurichthys polylepis,True,False
Roa_jayakari_FishBase_Chjay_u0.jpg,/Users/michaelalfaro/Dropbox/git/downloading-fish-images-2026/images_fishbase_extra/Roa_jayakari_FishBase_Chjay_u0.jpg,fishbase_extra,Roa jayakari,Roa jayakari,True,False
Chaetodon_vagabundus_FishBase_Chvag_u1.jpg,/Users/michaelalfaro/Dropbox/git/downloading-fish-images-2026/images_fishbase_extra/Chaetodon_vagabundus_FishBase_Chvag_u1.jpg,fishbase_extra,Chaetodon vagabundus,Chaetodon vagabundus,True,False
Chaetodon_ornatissimus_FishBase_Chorn_u1.jpg,/Users/michaelalfaro/Dropbox/git/downloading-fish-images-2026/images_fishbase_extra/Chaetodon_ornatissimus_FishBase_Chorn_u1.jpg,fishbase_extra,Chaetodon ornatissimus,Chaetodon ornatissimus,True,False
Chaetodon_lunula_FishBase_Chlun_j1.jpg,/Users/michaelalfaro/Dropbox/git/downloading-fish-images-2026/images_fishbase_extra/Chaetodon_lunula_FishBase_Chlun_j1.jpg,fishbase_extra,Chaetodon lunula,Chaetodon lunula,True,False
Heniochus_singularius_FishBase_Hesin_u6.jpg,/Users/michaelalfaro/Dropbox/git/downloading-fish-images-2026/images_fishbase_extra/Heniochus_singularius_FishBase_Hesin_u6.jpg,fishbase_extra,Heniochus singularius,Heniochus singularius,True,False
Chaetodon_melapterus_FishBase_Chmel_u9.jpg,/Users/michaelalfaro/Dropbox/git/downloading-fish-images-2026/images_fishbase_extra/Chaetodon_melapterus_FishBase_Chmel_u9.jpg,fishbase_extra,Chaetodon melapterus,Chaetodon melapterus,True,False
Chaetodon_lunula_FishBase_Chlun_j0.jpg,/Users/michaelalfaro/Dropbox/git/downloading-fish-images-2026/images_fishbase_extra/Chaetodon_lunula_FishBase_Chlun_j0.jpg,fishbase_extra,Chaetodon lunula,Chaetodon lunula,True,False
Chaetodon_ornatissimus_FishBase_Chorn_uf.jpg,/Users/michaelalfaro/Dropbox/git/downloading-fish-images-2026/images_fishbase_extra/Chaetodon_ornatissimus_FishBase_Chorn_uf.jpg,fishbase_extra,Chaetodon ornatissimus,Chaetodon ornatissimus,True,False
Chaetodon_ornatissimus_FishBase_Chorn_u0.jpg,/Users/michaelalfaro/Dropbox/git/downloading-fish-images-2026/images_fishbase_extra/Chaetodon_ornatissimus_FishBase_Chorn_u0.jpg,fishbase_extra,Chaetodon ornatissimus,Chaetodon ornatissimus,True,False
Hemitaurichthys_polylepis_FishBase_Hepol_ue.jpg,/Users/michaelalfaro/Dropbox/git/downloading-fish-images-2026/images_fishbase_extra/Hemitaurichthys_polylepis_FishBase_Hepol_ue.jpg,fishbase_extra,Hemitaurichthys polylepis,Hemitaurichthys polylepis,True,False
Coradion_chrysozonus_FishBase_Cochr_u3.jpg,/Users/michaelalfaro/Dropbox/git/downloading-fish-images-2026/images_fishbase_extra/Coradion_chrysozonus_FishBase_Cochr_u3.jpg,fishbase_extra,Coradion chrysozonus,Coradion chrysozonus,True,False
Chaetodon_kleinii_FishBase_Chkle_u8.jpg,/Users/michaelalfaro/Dropbox/git/downloading-fish-images-2026/images_fishbase_extra/Chaetodon_kleinii_FishBase_Chkle_u8.jpg,fishbase_extra,Chaetodon kleinii,Chaetodon kleinii,True,False
Coradion_melanopus_FishBase_Comel_ui.jpg,/Users/michaelalfaro/Dropbox/git/downloading-fish-images-2026/images_fishbase_extra/Coradion_melanopus_FishBase_Comel_ui.jpg,fishbase_extra,Coradion melanopus,Coradion melanopus,True,False
Chaetodon_lunulatus_FishBase_Chlun_uj.jpg,/Users/michaelalfaro/Dropbox/git/downloading-fish-images-2026/images_fishbase_extra/Chaetodon_lunulatus_FishBase_Chlun_uj.jpg,fishbase_extra,Chaetodon lunulatus,Chaetodon lunulatus,True,False
Chaetodon_meyeri_FishBase_Chmey_j0.jpg,/Users/michaelalfaro/Dropbox/git/downloading-fish-images-2026/images_fishbase_extra/Chaetodon_meyeri_FishBase_Chmey_j0.jpg,fishbase_extra,Chaetodon meyeri,Chaetodon meyeri,True,False
Coradion_altivelis_FishBase_Coalt_u1.jpg,/Users/michaelalfaro/Dropbox/git/downloading-fish-images-2026/images_fishbase_extra/Coradion_altivelis_FishBase_Coalt_u1.jpg,fishbase_extra,Coradion altivelis,Coradion altivelis,True,False
Chaetodon_tinkeri_FishBase_Chtin_u0.jpg,/Users/michaelalfaro/Dropbox/git/downloading-fish-images-2026/images_fishbase_extra/Chaetodon_tinkeri_FishBase_Chtin_u0.jpg,fishbase_extra,Chaetodon tinkeri,Chaetodon tinkeri,True,False
Chaetodon_melannotus_FishBase_Chmel_uh.jpg,/Users/michaelalfaro/Dropbox/git/downloading-fish-images-2026/images_fishbase_extra/Chaetodon_melannotus_FishBase_Chmel_uh.jpg,fishbase_extra,Chaetodon melannotus,Chaetodon melannotus,True,False
Chaetodon_pelewensis_FishBase_Chpel_u5.jpg,/Users/michaelalfaro/Dropbox/git/downloading-fish-images-2026/images_fishbase_extra/Chaetodon_pelewensis_FishBase_Chpel_u5.jpg,fishbase_extra,Chaetodon pelewensis,Chaetodon pelewensis,True,False
Chaetodon_selene_FishBase_Chsel_u0.jpg,/Users/michaelalfaro/Dropbox/git/downloading-fish-images-2026/images_fishbase_extra/Chaetodon_selene_FishBase_Chsel_u0.jpg,fishbase_extra,Chaetodon selene,Chaetodon selene,True,False
Prognathodes_aculeatus_FishBase_Pracu_u2.jpg,/Users/michaelalfaro/Dropbox/git/downloading-fish-images-2026/images_fishbase_extra/Prognathodes_aculeatus_FishBase_Pracu_u2.jpg,fishbase_extra,Prognathodes aculeatus,Prognathodes aculeatus,True,False
Chaetodon_collare_FishBase_Chcol_u7.jpg,/Users/michaelalfaro/Dropbox/git/downloading-fish-images-2026/images_fishbase_extra/Chaetodon_collare_FishBase_Chcol_u7.jpg,fishbase_extra,Chaetodon collare,Chaetodon collare,True,False
Chaetodon_guentheri_FishBase_Chgue_u2.jpg,/Users/michaelalfaro/Dropbox/git/downloading-fish-images-2026/images_fishbase_extra/Chaetodon_guentheri_FishBase_Chgue_u2.jpg,fishbase_extra,Chaetodon guentheri,Chaetodon guentheri,True,False
Chaetodon_octofasciatus_FishBase_Choct_u6.jpg,/Users/michaelalfaro/Dropbox/git/downloading-fish-images-2026/images_fishbase_extra/Chaetodon_octofasciatus_FishBase_Choct_u6.jpg,fishbase_extra,Chaetodon octofasciatus,Chaetodon octofasciatus,True,False
Chaetodon_speculum_FishBase_Chspe_u2.jpg,/Users/michaelalfaro/Dropbox/git/downloading-fish-images-2026/images_fishbase_extra/Chaetodon_speculum_FishBase_Chspe_u2.jpg,fishbase_extra,Chaetodon speculum,Chaetodon speculum,True,False
Heniochus_diphreutes_FishBase_Hedip_u4.jpg,/Users/michaelalfaro/Dropbox/git/downloading-fish-images-2026/images_fishbase_extra/Heniochus_diphreutes_FishBase_Hedip_u4.jpg,fishbase_extra,Heniochus diphreutes,Heniochus diphreutes,True,False
Chaetodon_wiebeli_FishBase_Chwie_u1.jpg,/Users/michaelalfaro/Dropbox/git/downloading-fish-images-2026/images_fishbase_extra/Chaetodon_wiebeli_FishBase_Chwie_u1.jpg,fishbase_extra,Chaetodon wiebeli,Chaetodon wiebeli,True,False
Johnrandallia_nigrirostris_FishBase_Jonig_u0.jpg,/Users/michaelalfaro/Dropbox/git/downloading-fish-images-2026/images_fishbase_extra/Johnrandallia_nigrirostris_FishBase_Jonig_u0.jpg,fishbase_extra,Johnrandallia nigrirostris,Johnrandallia nigrirostris,True,False
Hemitaurichthys_zoster_FishBase_Hezos_u0.jpg,/Users/michaelalfaro/Dropbox/git/downloading-fish-images-2026/images_fishbase_extra/Hemitaurichthys_zoster_FishBase_Hezos_u0.jpg,fishbase_extra,Hemitaurichthys zoster,Hemitaurichthys zoster,True,False
Chaetodon_ephippium_FishBase_Cheph_u0.jpg,/Users/michaelalfaro/Dropbox/git/downloading-fish-images-2026/images_fishbase_extra/Chaetodon_ephippium_FishBase_Cheph_u0.jpg,fishbase_extra,Chaetodon ephippium,Chaetodon ephippium,True,False
Heniochus_varius_FishBase_Hevar_u3.jpg,/Users/michaelalfaro/Dropbox/git/downloading-fish-images-2026/images_fishbase_extra/Heniochus_varius_FishBase_Hevar_u3.jpg,fishbase_extra,Heniochus varius,Heniochus varius,True,False
Coradion_melanopus_FishBase_Comel_u2.jpg,/Users/michaelalfaro/Dropbox/git/downloading-fish-images-2026/images_fishbase_extra/Coradion_melanopus_FishBase_Comel_u2.jpg,fishbase_extra,Coradion melanopus,Coradion melanopus,True,False
Chaetodon_adiergastos_FishBase_Chadi_u4.jpg,/Users/michaelalfaro/Dropbox/git/downloading-fish-images-2026/images_fishbase_extra/Chaetodon_adiergastos_FishBase_Chadi_u4.jpg,fishbase_extra,Chaetodon adiergastos,Chaetodon adiergastos,True,False
Chaetodon_ephippium_FishBase_Cheph_uf.jpg,/Users/michaelalfaro/Dropbox/git/downloading-fish-images-2026/images_fishbase_extra/Chaetodon_ephippium_FishBase_Cheph_uf.jpg,fishbase_extra,Chaetodon ephippium,Chaetodon ephippium,True,False
Chaetodon_kleinii_FishBase_Chkle_u5.jpg,/Users/michaelalfaro/Dropbox/git/downloading-fish-images-2026/images_fishbase_extra/Chaetodon_kleinii_FishBase_Chkle_u5.jpg,fishbase_extra,Chaetodon kleinii,Chaetodon kleinii,True,False
Chaetodon_ocellicaudus_FishBase_Choce_u4.jpg,/Users/michaelalfaro/Dropbox/git/downloading-fish-images-2026/images_fishbase_extra/Chaetodon_ocellicaudus_FishBase_Choce_u4.jpg,fishbase_extra,Chaetodon ocellicaudus,Chaetodon ocellicaudus,True,False
Chaetodon_citrinellus_FishBase_Chcit_u6.jpg,/Users/michaelalfaro/Dropbox/git/downloading-fish-images-2026/images_fishbase_extra/Chaetodon_citrinellus_FishBase_Chcit_u6.jpg,fishbase_extra,Chaetodon citrinellus,Chaetodon citrinellus,True,False
Chelmon_rostratus_FishBase_Chros_u0.jpg,/Users/michaelalfaro/Dropbox/git/downloading-fish-images-2026/images_fishbase_extra/Chelmon_rostratus_FishBase_Chros_u0.jpg,fishbase_extra,Chelmon rostratus,Chelmon rostratus,True,False
Chaetodon_argentatus_FishBase_Charg_u3.jpg,/Users/michaelalfaro/Dropbox/git/downloading-fish-images-2026/images_fishbase_extra/Chaetodon_argentatus_FishBase_Charg_u3.jpg,fishbase_extra,Chaetodon argentatus,Chaetodon argentatus,True,False
Chaetodon_miliaris_FishBase_Chmil_u2.jpg,/Users/michaelalfaro/Dropbox/git/downloading-fish-images-2026/images_fishbase_extra/Chaetodon_miliaris_FishBase_Chmil_u2.jpg,fishbase_extra,Chaetodon miliaris,Chaetodon miliaris,True,False
Chaetodon_bennetti_FishBase_Chben_u3.jpg,/Users/michaelalfaro/Dropbox/git/downloading-fish-images-2026/images_fishbase_extra/Chaetodon_bennetti_FishBase_Chben_u3.jpg,fishbase_extra,Chaetodon bennetti,Chaetodon bennetti,True,False
Chaetodon_fasciatus_FishBase_Chfas_u0.jpg,/Users/michaelalfaro/Dropbox/git/downloading-fish-images-2026/images_fishbase_extra/Chaetodon_fasciatus_FishBase_Chfas_u0.jpg,fishbase_extra,Chaetodon fasciatus,Chaetodon fasciatus,True,False
Chaetodon_trifascialis_FishBase_Chtri_u1.jpg,/Users/michaelalfaro/Dropbox/git/downloading-fish-images-2026/images_fishbase_extra/Chaetodon_trifascialis_FishBase_Chtri_u1.jpg,fishbase_extra,Chaetodon trifascialis,Chaetodon trifascialis,True,False
Chaetodon_blackburnii_FishBase_Chbla_j1.jpg,/Users/michaelalfaro/Dropbox/git/downloading-fish-images-2026/images_fishbase_extra/Chaetodon_blackburnii_FishBase_Chbla_j1.jpg,fishbase_extra,Chaetodon blackburnii,Chaetodon blackburnii,True,False
Chaetodon_humeralis_FishBase_Chhum_u0.jpg,/Users/michaelalfaro/Dropbox/git/downloading-fish-images-2026/images_fishbase_extra/Chaetodon_humeralis_FishBase_Chhum_u0.jpg,fishbase_extra,Chaetodon humeralis,Chaetodon humeralis,False,False
Heniochus_pleurotaenia_FishBase_Heple_u1.jpg,/Users/michaelalfaro/Dropbox/git/downloading-fish-images-2026/images_fishbase_extra/Heniochus_pleurotaenia_FishBase_Heple_u1.jpg,fishbase_extra,Heniochus pleurotaenia,Heniochus pleurotaenia,True,False
Chaetodon_ornatissimus_FishBase_Chorn_uk.jpg,/Users/michaelalfaro/Dropbox/git/downloading-fish-images-2026/images_fishbase_extra/Chaetodon_ornatissimus_FishBase_Chorn_uk.jpg,fishbase_extra,Chaetodon ornatissimus,Chaetodon ornatissimus,True,False
Prognathodes_brasiliensis_FishBase_Prbra_u2.jpg,/Users/michaelalfaro/Dropbox/git/downloading-fish-images-2026/images_fishbase_extra/Prognathodes_brasiliensis_FishBase_Prbra_u2.jpg,fishbase_extra,Prognathodes brasiliensis,Prognathodes brasiliensis,False,False
Chaetodon_semeion_FishBase_Chsem_u1.jpg,/Users/michaelalfaro/Dropbox/git/downloading-fish-images-2026/images_fishbase_extra/Chaetodon_semeion_FishBase_Chsem_u1.jpg,fishbase_extra,Chaetodon semeion,Chaetodon semeion,True,False
Chaetodon_semeion_FishBase_Chsem_u0.jpg,/Users/michaelalfaro/Dropbox/git/downloading-fish-images-2026/images_fishbase_extra/Chaetodon_semeion_FishBase_Chsem_u0.jpg,fishbase_extra,Chaetodon semeion,Chaetodon semeion,True,False
Heniochus_pleurotaenia_FishBase_Heple_u0.jpg,/Users/michaelalfaro/Dropbox/git/downloading-fish-images-2026/images_fishbase_extra/Heniochus_pleurotaenia_FishBase_Heple_u0.jpg,fishbase_extra,Heniochus pleurotaenia,Heniochus pleurotaenia,True,False
Chaetodon_humeralis_FishBase_Chhum_u1.jpg,/Users/michaelalfaro/Dropbox/git/downloading-fish-images-2026/images_fishbase_extra/Chaetodon_humeralis_FishBase_Chhum_u1.jpg,fishbase_extra,Chaetodon humeralis,Chaetodon humeralis,False,False
Chaetodon_fasciatus_FishBase_Chfas_up.jpg,/Users/michaelalfaro/Dropbox/git/downloading-fish-images-2026/images_fishbase_extra/Chaetodon_fasciatus_FishBase_Chfas_up.jpg,fishbase_extra,Chaetodon fasciatus,Chaetodon fasciatus,True,False
Chaetodon_fasciatus_FishBase_Chfas_u1.jpg,/Users/michaelalfaro/Dropbox/git/downloading-fish-images-2026/images_fishbase_extra/Chaetodon_fasciatus_FishBase_Chfas_u1.jpg,fishbase_extra,Chaetodon fasciatus,Chaetodon fasciatus,True,False
Chaetodon_blackburnii_FishBase_Chbla_j0.jpg,/Users/michaelalfaro/Dropbox/git/downloading-fish-images-2026/images_fishbase_extra/Chaetodon_blackburnii_FishBase_Chbla_j0.jpg,fishbase_extra,Chaetodon blackburnii,Chaetodon blackburnii,True,False
Chaetodon_bennetti_FishBase_Chben_ud.jpg,/Users/michaelalfaro/Dropbox/git/downloading-fish-images-2026/images_fishbase_extra/Chaetodon_bennetti_FishBase_Chben_ud.jpg,fishbase_extra,Chaetodon bennetti,Chaetodon bennetti,True,False
Chaetodon_bennetti_FishBase_Chben_u2.jpg,/Users/michaelalfaro/Dropbox/git/downloading-fish-images-2026/images_fishbase_extra/Chaetodon_bennetti_FishBase_Chben_u2.jpg,fishbase_extra,Chaetodon bennetti,Chaetodon bennetti,True,False
Chaetodon_aureofasciatus_FishBase_Chaur_u1.jpg,/Users/michaelalfaro/Dropbox/git/downloading-fish-images-2026/images_fishbase_extra/Chaetodon_aureofasciatus_FishBase_Chaur_u1.jpg,fishbase_extra,Chaetodon aureofasciatus,Chaetodon aureofasciatus,True,False
Chaetodon_miliaris_FishBase_Chmil_u3.jpg,/Users/michaelalfaro/Dropbox/git/downloading-fish-images-2026/images_fishbase_extra/Chaetodon_miliaris_FishBase_Chmil_u3.jpg,fishbase_extra,Chaetodon miliaris,Chaetodon miliaris,True,False
Chaetodon_argentatus_FishBase_Charg_u2.jpg,/Users/michaelalfaro/Dropbox/git/downloading-fish-images-2026/images_fishbase_extra/Chaetodon_argentatus_FishBase_Charg_u2.jpg,fishbase_extra,Chaetodon argentatus,Chaetodon argentatus,True,False
Chaetodon_guttatissimus_FishBase_Chgut_u1.jpg,/Users/michaelalfaro/Dropbox/git/downloading-fish-images-2026/images_fishbase_extra/Chaetodon_guttatissimus_FishBase_Chgut_u1.jpg,fishbase_extra,Chaetodon guttatissimus,Chaetodon guttatissimus,True,False
Chelmon_rostratus_FishBase_Chros_u1.jpg,/Users/michaelalfaro/Dropbox/git/downloading-fish-images-2026/images_fishbase_extra/Chelmon_rostratus_FishBase_Chros_u1.jpg,fishbase_extra,Chelmon rostratus,Chelmon rostratus,True,False
Chaetodon_sanctaehelenae_FishBase_Chsan_u6.jpg,/Users/michaelalfaro/Dropbox/git/downloading-fish-images-2026/images_fishbase_extra/Chaetodon_sanctaehelenae_FishBase_Chsan_u6.jpg,fishbase_extra,Chaetodon sanctaehelenae,Chaetodon sanctaehelenae,False,False
Chaetodon_kleinii_FishBase_Chkle_u4.jpg,/Users/michaelalfaro/Dropbox/git/downloading-fish-images-2026/images_fishbase_extra/Chaetodon_kleinii_FishBase_Chkle_u4.jpg,fishbase_extra,Chaetodon kleinii,Chaetodon kleinii,True,False
Heniochus_varius_FishBase_Hevar_u2.jpg,/Users/michaelalfaro/Dropbox/git/downloading-fish-images-2026/images_fishbase_extra/Heniochus_varius_FishBase_Hevar_u2.jpg,fishbase_extra,Heniochus varius,Heniochus varius,True,False
Chaetodon_oxycephalus_FishBase_Choxy_u0.jpg,/Users/michaelalfaro/Dropbox/git/downloading-fish-images-2026/images_fishbase_extra/Chaetodon_oxycephalus_FishBase_Choxy_u0.jpg,fishbase_extra,Chaetodon oxycephalus,Chaetodon oxycephalus,True,False
Hemitaurichthys_zoster_FishBase_Hezos_u1.jpg,/Users/michaelalfaro/Dropbox/git/downloading-fish-images-2026/images_fishbase_extra/Hemitaurichthys_zoster_FishBase_Hezos_u1.jpg,fishbase_extra,Hemitaurichthys zoster,Hemitaurichthys zoster,True,False
Chaetodon_wiebeli_FishBase_Chwie_u0.jpg,/Users/michaelalfaro/Dropbox/git/downloading-fish-images-2026/images_fishbase_extra/Chaetodon_wiebeli_FishBase_Chwie_u0.jpg,fishbase_extra,Chaetodon wiebeli,Chaetodon wiebeli,True,False
Heniochus_diphreutes_FishBase_Hedip_u5.jpg,/Users/michaelalfaro/Dropbox/git/downloading-fish-images-2026/images_fishbase_extra/Heniochus_diphreutes_FishBase_Hedip_u5.jpg,fishbase_extra,Heniochus diphreutes,Heniochus diphreutes,True,False
Chaetodon_speculum_FishBase_Chspe_u3.jpg,/Users/michaelalfaro/Dropbox/git/downloading-fish-images-2026/images_fishbase_extra/Chaetodon_speculum_FishBase_Chspe_u3.jpg,fishbase_extra,Chaetodon speculum,Chaetodon speculum,True,False
Chaetodon_octofasciatus_FishBase_Choct_u7.jpg,/Users/michaelalfaro/Dropbox/git/downloading-fish-images-2026/images_fishbase_extra/Chaetodon_octofasciatus_FishBase_Choct_u7.jpg,fishbase_extra,Chaetodon octofasciatus,Chaetodon octofasciatus,True,False
Chaetodon_melannotus_FishBase_Chmel_us.jpg,/Users/michaelalfaro/Dropbox/git/downloading-fish-images-2026/images_fishbase_extra/Chaetodon_melannotus_FishBase_Chmel_us.jpg,fishbase_extra,Chaetodon melannotus,Chaetodon melannotus,True,False
Chaetodon_collare_FishBase_Chcol_u6.jpg,/Users/michaelalfaro/Dropbox/git/downloading-fish-images-2026/images_fishbase_extra/Chaetodon_collare_FishBase_Chcol_u6.jpg,fishbase_extra,Chaetodon collare,Chaetodon collare,True,False
Chaetodon_auripes_FishBase_Chaur_u10.jpg,/Users/michaelalfaro/Dropbox/git/downloading-fish-images-2026/images_fishbase_extra/Chaetodon_auripes_FishBase_Chaur_u10.jpg,fishbase_extra,Chaetodon auripes,Chaetodon auripes,True,False
Chaetodon_selene_FishBase_Chsel_u1.jpg,/Users/michaelalfaro/Dropbox/git/downloading-fish-images-2026/images_fishbase_extra/Chaetodon_selene_FishBase_Chsel_u1.jpg,fishbase_extra,Chaetodon selene,Chaetodon selene,True,False
Prognathodes_aculeatus_FishBase_Pracu_u3.jpg,/Users/michaelalfaro/Dropbox/git/downloading-fish-images-2026/images_fishbase_extra/Prognathodes_aculeatus_FishBase_Pracu_u3.jpg,fishbase_extra,Prognathodes aculeatus,Prognathodes aculeatus,True,False
Prognathodes_aculeatus_FishBase_Pracu_u1.jpg,/Users/michaelalfaro/Dropbox/git/downloading-fish-images-2026/images_fishbase_extra/Prognathodes_aculeatus_FishBase_Pracu_u1.jpg,fishbase_extra,Prognathodes aculeatus,Prognathodes aculeatus,True,False
Chaetodon_collare_FishBase_Chcol_ub.jpg,/Users/michaelalfaro/Dropbox/git/downloading-fish-images-2026/images_fishbase_extra/Chaetodon_collare_FishBase_Chcol_ub.jpg,fishbase_extra,Chaetodon collare,Chaetodon collare,True,False
Heniochus_intermedius_FishBase_Heint_u4.jpg,/Users/michaelalfaro/Dropbox/git/downloading-fish-images-2026/images_fishbase_extra/Heniochus_intermedius_FishBase_Heint_u4.jpg,fishbase_extra,Heniochus intermedius,Heniochus intermedius,True,False
Chaetodon_guentheri_FishBase_Chgue_u1.jpg,/Users/michaelalfaro/Dropbox/git/downloading-fish-images-2026/images_fishbase_extra/Chaetodon_guentheri_FishBase_Chgue_u1.jpg,fishbase_extra,Chaetodon guentheri,Chaetodon guentheri,True,False
Chaetodon_tricinctus_FishBase_Chtri_u5.jpg,/Users/michaelalfaro/Dropbox/git/downloading-fish-images-2026/images_fishbase_extra/Chaetodon_tricinctus_FishBase_Chtri_u5.jpg,fishbase_extra,Chaetodon tricinctus,Chaetodon tricinctus,True,False
Chaetodon_octofasciatus_FishBase_Choct_u5.jpg,/Users/michaelalfaro/Dropbox/git/downloading-fish-images-2026/images_fishbase_extra/Chaetodon_octofasciatus_FishBase_Choct_u5.jpg,fishbase_extra,Chaetodon octofasciatus,Chaetodon octofasciatus,True,False
Chaetodon_speculum_FishBase_Chspe_u1.jpg,/Users/michaelalfaro/Dropbox/git/downloading-fish-images-2026/images_fishbase_extra/Chaetodon_speculum_FishBase_Chspe_u1.jpg,fishbase_extra,Chaetodon speculum,Chaetodon speculum,True,False
Chaetodon_wiebeli_FishBase_Chwie_u2.jpg,/Users/michaelalfaro/Dropbox/git/downloading-fish-images-2026/images_fishbase_extra/Chaetodon_wiebeli_FishBase_Chwie_u2.jpg,fishbase_extra,Chaetodon wiebeli,Chaetodon wiebeli,True,False
Chaetodon_lineolatus_FishBase_Chlin_u2.jpg,/Users/michaelalfaro/Dropbox/git/downloading-fish-images-2026/images_fishbase_extra/Chaetodon_lineolatus_FishBase_Chlin_u2.jpg,fishbase_extra,Chaetodon lineolatus,Chaetodon lineolatus,True,False
Coradion_melanopus_FishBase_Comel_u1.jpg,/Users/michaelalfaro/Dropbox/git/downloading-fish-images-2026/images_fishbase_extra/Coradion_melanopus_FishBase_Comel_u1.jpg,fishbase_extra,Coradion melanopus,Coradion melanopus,True,False
Heniochus_varius_FishBase_Hevar_u0.jpg,/Users/michaelalfaro/Dropbox/git/downloading-fish-images-2026/images_fishbase_extra/Heniochus_varius_FishBase_Hevar_u0.jpg,fishbase_extra,Heniochus varius,Heniochus varius,True,False
Hemitaurichthys_zoster_FishBase_Hezos_u3.jpg,/Users/michaelalfaro/Dropbox/git/downloading-fish-images-2026/images_fishbase_extra/Hemitaurichthys_zoster_FishBase_Hezos_u3.jpg,fishbase_extra,Hemitaurichthys zoster,Hemitaurichthys zoster,True,False
Chaetodon_ephippium_FishBase_Cheph_u3.jpg,/Users/michaelalfaro/Dropbox/git/downloading-fish-images-2026/images_fishbase_extra/Chaetodon_ephippium_FishBase_Cheph_u3.jpg,fishbase_extra,Chaetodon ephippium,Chaetodon ephippium,True,False
Johnrandallia_nigrirostris_FishBase_Jonig_u3.jpg,/Users/michaelalfaro/Dropbox/git/downloading-fish-images-2026/images_fishbase_extra/Johnrandallia_nigrirostris_FishBase_Jonig_u3.jpg,fishbase_extra,Johnrandallia nigrirostris,Johnrandallia nigrirostris,True,False
Chaetodon_trifasciatus_FishBase_Chtri_ur.jpg,/Users/michaelalfaro/Dropbox/git/downloading-fish-images-2026/images_fishbase_extra/Chaetodon_trifasciatus_FishBase_Chtri_ur.jpg,fishbase_extra,Chaetodon trifasciatus,Chaetodon trifasciatus,True,False
Chaetodon_trifasciatus_FishBase_Chtri_u3.jpg,/Users/michaelalfaro/Dropbox/git/downloading-fish-images-2026/images_fishbase_extra/Chaetodon_trifasciatus_FishBase_Chtri_u3.jpg,fishbase_extra,Chaetodon trifasciatus,Chaetodon trifasciatus,True,False
Chaetodon_kleinii_FishBase_Chkle_u6.jpg,/Users/michaelalfaro/Dropbox/git/downloading-fish-images-2026/images_fishbase_extra/Chaetodon_kleinii_FishBase_Chkle_u6.jpg,fishbase_extra,Chaetodon kleinii,Chaetodon kleinii,True,False
Chaetodon_ephippium_FishBase_Cheph_ue.jpg,/Users/michaelalfaro/Dropbox/git/downloading-fish-images-2026/images_fishbase_extra/Chaetodon_ephippium_FishBase_Cheph_ue.jpg,fishbase_extra,Chaetodon ephippium,Chaetodon ephippium,True,False
Chaetodon_guttatissimus_FishBase_Chgut_u3.jpg,/Users/michaelalfaro/Dropbox/git/downloading-fish-images-2026/images_fishbase_extra/Chaetodon_guttatissimus_FishBase_Chgut_u3.jpg,fishbase_extra,Chaetodon guttatissimus,Chaetodon guttatissimus,True,False
Chaetodon_argentatus_FishBase_Charg_u0.jpg,/Users/michaelalfaro/Dropbox/git/downloading-fish-images-2026/images_fishbase_extra/Chaetodon_argentatus_FishBase_Charg_u0.jpg,fishbase_extra,Chaetodon argentatus,Chaetodon argentatus,True,False
Chaetodon_citrinellus_FishBase_Chcit_u5.jpg,/Users/michaelalfaro/Dropbox/git/downloading-fish-images-2026/images_fishbase_extra/Chaetodon_citrinellus_FishBase_Chcit_u5.jpg,fishbase_extra,Chaetodon citrinellus,Chaetodon citrinellus,True,False
Heniochus_acuminatus_FishBase_Heacu_j1.jpg,/Users/michaelalfaro/Dropbox/git/downloading-fish-images-2026/images_fishbase_extra/Heniochus_acuminatus_FishBase_Heacu_j1.jpg,fishbase_extra,Heniochus acuminatus,Heniochus acuminatus,True,False
Chaetodon_miliaris_FishBase_Chmil_u1.jpg,/Users/michaelalfaro/Dropbox/git/downloading-fish-images-2026/images_fishbase_extra/Chaetodon_miliaris_FishBase_Chmil_u1.jpg,fishbase_extra,Chaetodon miliaris,Chaetodon miliaris,True,False
Chaetodon_trifascialis_FishBase_Chtri_us.jpg,/Users/michaelalfaro/Dropbox/git/downloading-fish-images-2026/images_fishbase_extra/Chaetodon_trifascialis_FishBase_Chtri_us.jpg,fishbase_extra,Chaetodon trifascialis,Chaetodon trifascialis,True,False
Chaetodon_trifascialis_FishBase_Chtri_u2.jpg,/Users/michaelalfaro/Dropbox/git/downloading-fish-images-2026/images_fishbase_extra/Chaetodon_trifascialis_FishBase_Chtri_u2.jpg,fishbase_extra,Chaetodon trifascialis,Chaetodon trifascialis,True,False
Prognathodes_aya_FishBase_Praya_u1.jpg,/Users/michaelalfaro/Dropbox/git/downloading-fish-images-2026/images_fishbase_extra/Prognathodes_aya_FishBase_Praya_u1.jpg,fishbase_extra,Prognathodes aya,Prognathodes aya,False,False
Prognathodes_brasiliensis_FishBase_Prbra_u1.jpg,/Users/michaelalfaro/Dropbox/git/downloading-fish-images-2026/images_fishbase_extra/Prognathodes_brasiliensis_FishBase_Prbra_u1.jpg,fishbase_extra,Prognathodes brasiliensis,Prognathodes brasiliensis,False,False
Chaetodon_melapterus_FishBase_Chmel_ua.jpg,/Users/michaelalfaro/Dropbox/git/downloading-fish-images-2026/images_fishbase_extra/Chaetodon_melapterus_FishBase_Chmel_ua.jpg,fishbase_extra,Chaetodon melapterus,Chaetodon melapterus,True,False
Chaetodon_nippon_FishBase_Chnip_u1.jpg,/Users/michaelalfaro/Dropbox/git/downloading-fish-images-2026/images_fishbase_extra/Chaetodon_nippon_FishBase_Chnip_u1.jpg,fishbase_extra,Chaetodon nippon,Chaetodon nippon,True,False
Chaetodon_auripes_FishBase_Chaur_uo.jpg,/Users/michaelalfaro/Dropbox/git/downloading-fish-images-2026/images_fishbase_extra/Chaetodon_auripes_FishBase_Chaur_uo.jpg,fishbase_extra,Chaetodon auripes,Chaetodon auripes,True,False
Chaetodon_semeion_FishBase_Chsem_u3.jpg,/Users/michaelalfaro/Dropbox/git/downloading-fish-images-2026/images_fishbase_extra/Chaetodon_semeion_FishBase_Chsem_u3.jpg,fishbase_extra,Chaetodon semeion,Chaetodon semeion,True,False
Chaetodon_nippon_FishBase_Chnip_u0.jpg,/Users/michaelalfaro/Dropbox/git/downloading-fish-images-2026/images_fishbase_extra/Chaetodon_nippon_FishBase_Chnip_u0.jpg,fishbase_extra,Chaetodon nippon,Chaetodon nippon,True,False
Chaetodon_humeralis_FishBase_Chhum_u2.jpg,/Users/michaelalfaro/Dropbox/git/downloading-fish-images-2026/images_fishbase_extra/Chaetodon_humeralis_FishBase_Chhum_u2.jpg,fishbase_extra,Chaetodon humeralis,Chaetodon humeralis,False,False
Chaetodon_ocellatus_FishBase_Choce_u8.jpg,/Users/michaelalfaro/Dropbox/git/downloading-fish-images-2026/images_fishbase_extra/Chaetodon_ocellatus_FishBase_Choce_u8.jpg,fishbase_extra,Chaetodon ocellatus,Chaetodon ocellatus,False,False
Chaetodon_bennetti_FishBase_Chben_u1.jpg,/Users/michaelalfaro/Dropbox/git/downloading-fish-images-2026/images_fishbase_extra/Chaetodon_bennetti_FishBase_Chben_u1.jpg,fishbase_extra,Chaetodon bennetti,Chaetodon bennetti,True,False
Chaetodon_blackburnii_FishBase_Chbla_f0.jpg,/Users/michaelalfaro/Dropbox/git/downloading-fish-images-2026/images_fishbase_extra/Chaetodon_blackburnii_FishBase_Chbla_f0.jpg,fishbase_extra,Chaetodon blackburnii,Chaetodon blackburnii,True,False
Heniochus_acuminatus_FishBase_Heacu_j0.jpg,/Users/michaelalfaro/Dropbox/git/downloading-fish-images-2026/images_fishbase_extra/Heniochus_acuminatus_FishBase_Heacu_j0.jpg,fishbase_extra,Heniochus acuminatus,Heniochus acuminatus,True,False
Chaetodon_citrinellus_FishBase_Chcit_u4.jpg,/Users/michaelalfaro/Dropbox/git/downloading-fish-images-2026/images_fishbase_extra/Chaetodon_citrinellus_FishBase_Chcit_u4.jpg,fishbase_extra,Chaetodon citrinellus,Chaetodon citrinellus,True,False
Chaetodon_guttatissimus_FishBase_Chgut_u2.jpg,/Users/michaelalfaro/Dropbox/git/downloading-fish-images-2026/images_fishbase_extra/Chaetodon_guttatissimus_FishBase_Chgut_u2.jpg,fishbase_extra,Chaetodon guttatissimus,Chaetodon guttatissimus,True,False
Chaetodon_argentatus_FishBase_Charg_u1.jpg,/Users/michaelalfaro/Dropbox/git/downloading-fish-images-2026/images_fishbase_extra/Chaetodon_argentatus_FishBase_Charg_u1.jpg,fishbase_extra,Chaetodon argentatus,Chaetodon argentatus,True,False
Chaetodon_ephippium_FishBase_Cheph_ud.jpg,/Users/michaelalfaro/Dropbox/git/downloading-fish-images-2026/images_fishbase_extra/Chaetodon_ephippium_FishBase_Cheph_ud.jpg,fishbase_extra,Chaetodon ephippium,Chaetodon ephippium,True,False
Chaetodon_kleinii_FishBase_Chkle_ua.jpg,/Users/michaelalfaro/Dropbox/git/downloading-fish-images-2026/images_fishbase_extra/Chaetodon_kleinii_FishBase_Chkle_ua.jpg,fishbase_extra,Chaetodon kleinii,Chaetodon kleinii,True,False
Johnrandallia_nigrirostris_FishBase_Jonig_u2.jpg,/Users/michaelalfaro/Dropbox/git/downloading-fish-images-2026/images_fishbase_extra/Johnrandallia_nigrirostris_FishBase_Jonig_u2.jpg,fishbase_extra,Johnrandallia nigrirostris,Johnrandallia nigrirostris,True,False
Coradion_melanopus_FishBase_Comel_u0.jpg,/Users/michaelalfaro/Dropbox/git/downloading-fish-images-2026/images_fishbase_extra/Coradion_melanopus_FishBase_Comel_u0.jpg,fishbase_extra,Coradion melanopus,Coradion melanopus,True,False
Chaetodon_lineolatus_FishBase_Chlin_u3.jpg,/Users/michaelalfaro/Dropbox/git/downloading-fish-images-2026/images_fishbase_extra/Chaetodon_lineolatus_FishBase_Chlin_u3.jpg,fishbase_extra,Chaetodon lineolatus,Chaetodon lineolatus,True,False
Heniochus_varius_FishBase_Hevar_u1.jpg,/Users/michaelalfaro/Dropbox/git/downloading-fish-images-2026/images_fishbase_extra/Heniochus_varius_FishBase_Hevar_u1.jpg,fishbase_extra,Heniochus varius,Heniochus varius,True,False
Chaetodon_wiebeli_FishBase_Chwie_u3.jpg,/Users/michaelalfaro/Dropbox/git/downloading-fish-images-2026/images_fishbase_extra/Chaetodon_wiebeli_FishBase_Chwie_u3.jpg,fishbase_extra,Chaetodon wiebeli,Chaetodon wiebeli,True,False
Chaetodon_speculum_FishBase_Chspe_u0.jpg,/Users/michaelalfaro/Dropbox/git/downloading-fish-images-2026/images_fishbase_extra/Chaetodon_speculum_FishBase_Chspe_u0.jpg,fishbase_extra,Chaetodon speculum,Chaetodon speculum,True,False
Chaetodon_octofasciatus_FishBase_Choct_u4.jpg,/Users/michaelalfaro/Dropbox/git/downloading-fish-images-2026/images_fishbase_extra/Chaetodon_octofasciatus_FishBase_Choct_u4.jpg,fishbase_extra,Chaetodon octofasciatus,Chaetodon octofasciatus,True,False
Chaetodon_collare_FishBase_Chcol_uc.jpg,/Users/michaelalfaro/Dropbox/git/downloading-fish-images-2026/images_fishbase_extra/Chaetodon_collare_FishBase_Chcol_uc.jpg,fishbase_extra,Chaetodon collare,Chaetodon collare,True,False
Chaetodon_leucopleura_FishBase_Chleu_ud.jpg,/Users/michaelalfaro/Dropbox/git/downloading-fish-images-2026/images_fishbase_extra/Chaetodon_leucopleura_FishBase_Chleu_ud.jpg,fishbase_extra,Chaetodon leucopleura,Chaetodon leucopleura,True,False
Chaetodon_selene_FishBase_Chsel_u2.jpg,/Users/michaelalfaro/Dropbox/git/downloading-fish-images-2026/images_fishbase_extra/Chaetodon_selene_FishBase_Chsel_u2.jpg,fishbase_extra,Chaetodon selene,Chaetodon selene,True,False
Chaetodon_melannotus_FishBase_Chmel_ut.jpg,/Users/michaelalfaro/Dropbox/git/downloading-fish-images-2026/images_fishbase_extra/Chaetodon_melannotus_FishBase_Chmel_ut.jpg,fishbase_extra,Chaetodon melannotus,Chaetodon melannotus,True,False
Chaetodon_collare_FishBase_Chcol_u1.jpg,/Users/michaelalfaro/Dropbox/git/downloading-fish-images-2026/images_fishbase_extra/Chaetodon_collare_FishBase_Chcol_u1.jpg,fishbase_extra,Chaetodon collare,Chaetodon collare,True,False
Chaetodon_melannotus_FishBase_Chmel_uc.jpg,/Users/michaelalfaro/Dropbox/git/downloading-fish-images-2026/images_fishbase_extra/Chaetodon_melannotus_FishBase_Chmel_uc.jpg,fishbase_extra,Chaetodon melannotus,Chaetodon melannotus,True,False
Chaetodon_pelewensis_FishBase_Chpel_u3.jpg,/Users/michaelalfaro/Dropbox/git/downloading-fish-images-2026/images_fishbase_extra/Chaetodon_pelewensis_FishBase_Chpel_u3.jpg,fishbase_extra,Chaetodon pelewensis,Chaetodon pelewensis,True,False
Heniochus_acuminatus_FishBase_Hedip_u3.jpg,/Users/michaelalfaro/Dropbox/git/downloading-fish-images-2026/images_fishbase_extra/Heniochus_acuminatus_FishBase_Hedip_u3.jpg,fishbase_extra,Heniochus acuminatus,Heniochus acuminatus,True,False
Chaetodon_tricinctus_FishBase_Chtri_u0.jpg,/Users/michaelalfaro/Dropbox/git/downloading-fish-images-2026/images_fishbase_extra/Chaetodon_tricinctus_FishBase_Chtri_u0.jpg,fishbase_extra,Chaetodon tricinctus,Chaetodon tricinctus,True,False
Heniochus_intermedius_FishBase_Heint_u1.jpg,/Users/michaelalfaro/Dropbox/git/downloading-fish-images-2026/images_fishbase_extra/Heniochus_intermedius_FishBase_Heint_u1.jpg,fishbase_extra,Heniochus intermedius,Heniochus intermedius,True,False
Heniochus_diphreutes_FishBase_Hedip_u2.jpg,/Users/michaelalfaro/Dropbox/git/downloading-fish-images-2026/images_fishbase_extra/Heniochus_diphreutes_FishBase_Hedip_u2.jpg,fishbase_extra,Heniochus diphreutes,Heniochus diphreutes,True,False
Chaetodon_speculum_FishBase_Chspe_ub.jpg,/Users/michaelalfaro/Dropbox/git/downloading-fish-images-2026/images_fishbase_extra/Chaetodon_speculum_FishBase_Chspe_ub.jpg,fishbase_extra,Chaetodon speculum,Chaetodon speculum,True,False
Chaetodon_wiebeli_FishBase_Chwie_u7.jpg,/Users/michaelalfaro/Dropbox/git/downloading-fish-images-2026/images_fishbase_extra/Chaetodon_wiebeli_FishBase_Chwie_u7.jpg,fishbase_extra,Chaetodon wiebeli,Chaetodon wiebeli,True,False
Chaetodon_octofasciatus_FishBase_Choct_u0.jpg,/Users/michaelalfaro/Dropbox/git/downloading-fish-images-2026/images_fishbase_extra/Chaetodon_octofasciatus_FishBase_Choct_u0.jpg,fishbase_extra,Chaetodon octofasciatus,Chaetodon octofasciatus,True,False
Chaetodon_speculum_FishBase_Chspe_u4.jpg,/Users/michaelalfaro/Dropbox/git/downloading-fish-images-2026/images_fishbase_extra/Chaetodon_speculum_FishBase_Chspe_u4.jpg,fishbase_extra,Chaetodon speculum,Chaetodon speculum,True,False
Chaetodon_oxycephalus_FishBase_Choxy_ua.jpg,/Users/michaelalfaro/Dropbox/git/downloading-fish-images-2026/images_fishbase_extra/Chaetodon_oxycephalus_FishBase_Choxy_ua.jpg,fishbase_extra,Chaetodon oxycephalus,Chaetodon oxycephalus,True,False
Chaetodon_trifasciatus_FishBase_Chtri_uw.jpg,/Users/michaelalfaro/Dropbox/git/downloading-fish-images-2026/images_fishbase_extra/Chaetodon_trifasciatus_FishBase_Chtri_uw.jpg,fishbase_extra,Chaetodon trifasciatus,Chaetodon trifasciatus,True,False
Chaetodon_sanctaehelenae_FishBase_Chsan_u1.jpg,/Users/michaelalfaro/Dropbox/git/downloading-fish-images-2026/images_fishbase_extra/Chaetodon_sanctaehelenae_FishBase_Chsan_u1.jpg,fishbase_extra,Chaetodon sanctaehelenae,Chaetodon sanctaehelenae,False,False
Chaetodon_adiergastos_FishBase_Chadi_u2.jpg,/Users/michaelalfaro/Dropbox/git/downloading-fish-images-2026/images_fishbase_extra/Chaetodon_adiergastos_FishBase_Chadi_u2.jpg,fishbase_extra,Chaetodon adiergastos,Chaetodon adiergastos,True,False
Chaetodon_kleinii_FishBase_Chkle_u3.jpg,/Users/michaelalfaro/Dropbox/git/downloading-fish-images-2026/images_fishbase_extra/Chaetodon_kleinii_FishBase_Chkle_u3.jpg,fishbase_extra,Chaetodon kleinii,Chaetodon kleinii,True,False
Chaetodon_lunulatus_FishBase_Chlun_ua.jpg,/Users/michaelalfaro/Dropbox/git/downloading-fish-images-2026/images_fishbase_extra/Chaetodon_lunulatus_FishBase_Chlun_ua.jpg,fishbase_extra,Chaetodon lunulatus,Chaetodon lunulatus,True,False
Chaetodon_lineolatus_FishBase_Chlin_u7.jpg,/Users/michaelalfaro/Dropbox/git/downloading-fish-images-2026/images_fishbase_extra/Chaetodon_lineolatus_FishBase_Chlin_u7.jpg,fishbase_extra,Chaetodon lineolatus,Chaetodon lineolatus,True,False
Coradion_melanopus_FishBase_Comel_u4.jpg,/Users/michaelalfaro/Dropbox/git/downloading-fish-images-2026/images_fishbase_extra/Coradion_melanopus_FishBase_Comel_u4.jpg,fishbase_extra,Coradion melanopus,Coradion melanopus,True,False
Chaetodon_citrinellus_FishBase_Chcit_u0.jpg,/Users/michaelalfaro/Dropbox/git/downloading-fish-images-2026/images_fishbase_extra/Chaetodon_citrinellus_FishBase_Chcit_u0.jpg,fishbase_extra,Chaetodon citrinellus,Chaetodon citrinellus,True,False
Chaetodon_austriacus_FishBase_Chaus_u3.jpg,/Users/michaelalfaro/Dropbox/git/downloading-fish-images-2026/images_fishbase_extra/Chaetodon_austriacus_FishBase_Chaus_u3.jpg,fishbase_extra,Chaetodon austriacus,Chaetodon austriacus,True,False
Chaetodon_fasciatus_FishBase_Chfas_u6.jpg,/Users/michaelalfaro/Dropbox/git/downloading-fish-images-2026/images_fishbase_extra/Chaetodon_fasciatus_FishBase_Chfas_u6.jpg,fishbase_extra,Chaetodon fasciatus,Chaetodon fasciatus,True,False
Chaetodon_trifascialis_FishBase_Chtri_u7.jpg,/Users/michaelalfaro/Dropbox/git/downloading-fish-images-2026/images_fishbase_extra/Chaetodon_trifascialis_FishBase_Chtri_u7.jpg,fishbase_extra,Chaetodon trifascialis,Chaetodon trifascialis,True,False
Chaetodon_ornatissimus_FishBase_Chorn_um.jpg,/Users/michaelalfaro/Dropbox/git/downloading-fish-images-2026/images_fishbase_extra/Chaetodon_ornatissimus_FishBase_Chorn_um.jpg,fishbase_extra,Chaetodon ornatissimus,Chaetodon ornatissimus,True,False
Chaetodon_baronessa_FishBase_Chbar_j0.jpg,/Users/michaelalfaro/Dropbox/git/downloading-fish-images-2026/images_fishbase_extra/Chaetodon_baronessa_FishBase_Chbar_j0.jpg,fishbase_extra,Chaetodon baronessa,Chaetodon baronessa,True,False
Chaetodon_melapterus_FishBase_Chmel_u2.jpg,/Users/michaelalfaro/Dropbox/git/downloading-fish-images-2026/images_fishbase_extra/Chaetodon_melapterus_FishBase_Chmel_u2.jpg,fishbase_extra,Chaetodon melapterus,Chaetodon melapterus,True,False
Chaetodon_trichrous_FishBase_Chtri_ud.jpg,/Users/michaelalfaro/Dropbox/git/downloading-fish-images-2026/images_fishbase_extra/Chaetodon_trichrous_FishBase_Chtri_ud.jpg,fishbase_extra,Chaetodon trichrous,Chaetodon trichrous,True,False
Chaetodon_flavirostris_FishBase_Chfla_u3.jpg,/Users/michaelalfaro/Dropbox/git/downloading-fish-images-2026/images_fishbase_extra/Chaetodon_flavirostris_FishBase_Chfla_u3.jpg,fishbase_extra,Chaetodon flavirostris,Chaetodon flavirostris,True,False
Chaetodon_flavirostris_FishBase_Chfla_us.jpg,/Users/michaelalfaro/Dropbox/git/downloading-fish-images-2026/images_fishbase_extra/Chaetodon_flavirostris_FishBase_Chfla_us.jpg,fishbase_extra,Chaetodon flavirostris,Chaetodon flavirostris,True,False
Prognathodes_guyanensis_FishBase_Chguy_u0.jpg,/Users/michaelalfaro/Dropbox/git/downloading-fish-images-2026/images_fishbase_extra/Prognathodes_guyanensis_FishBase_Chguy_u0.jpg,fishbase_extra,Prognathodes guyanensis,Prognathodes guyanensis,False,False
Chaetodon_hoefleri_FishBase_Chhoe_u0.jpg,/Users/michaelalfaro/Dropbox/git/downloading-fish-images-2026/images_fishbase_extra/Chaetodon_hoefleri_FishBase_Chhoe_u0.jpg,fishbase_extra,Chaetodon hoefleri,Chaetodon hoefleri,False,False
Chaetodon_bennetti_FishBase_Chben_u4.jpg,/Users/michaelalfaro/Dropbox/git/downloading-fish-images-2026/images_fishbase_extra/Chaetodon_bennetti_FishBase_Chben_u4.jpg,fishbase_extra,Chaetodon bennetti,Chaetodon bennetti,True,False
Chaetodon_trifascialis_FishBase_Chtri_u6.jpg,/Users/michaelalfaro/Dropbox/git/downloading-fish-images-2026/images_fishbase_extra/Chaetodon_trifascialis_FishBase_Chtri_u6.jpg,fishbase_extra,Chaetodon trifascialis,Chaetodon trifascialis,True,False
Chaetodon_austriacus_FishBase_Chaus_u2.jpg,/Users/michaelalfaro/Dropbox/git/downloading-fish-images-2026/images_fishbase_extra/Chaetodon_austriacus_FishBase_Chaus_u2.jpg,fishbase_extra,Chaetodon austriacus,Chaetodon austriacus,True,False
Chaetodon_citrinellus_FishBase_Chcit_u1.jpg,/Users/michaelalfaro/Dropbox/git/downloading-fish-images-2026/images_fishbase_extra/Chaetodon_citrinellus_FishBase_Chcit_u1.jpg,fishbase_extra,Chaetodon citrinellus,Chaetodon citrinellus,True,False
Chelmon_rostratus_FishBase_Chros_u7.jpg,/Users/michaelalfaro/Dropbox/git/downloading-fish-images-2026/images_fishbase_extra/Chelmon_rostratus_FishBase_Chros_u7.jpg,fishbase_extra,Chelmon rostratus,Chelmon rostratus,True,False
Chaetodon_miliaris_FishBase_Chmil_u5.jpg,/Users/michaelalfaro/Dropbox/git/downloading-fish-images-2026/images_fishbase_extra/Chaetodon_miliaris_FishBase_Chmil_u5.jpg,fishbase_extra,Chaetodon miliaris,Chaetodon miliaris,True,False
Chelmon_rostratus_FishBase_Chros_ua.jpg,/Users/michaelalfaro/Dropbox/git/downloading-fish-images-2026/images_fishbase_extra/Chelmon_rostratus_FishBase_Chros_ua.jpg,fishbase_extra,Chelmon rostratus,Chelmon rostratus,True,False
Amphichaetodon_howensis_FishBase_Amhow_u2.jpg,/Users/michaelalfaro/Dropbox/git/downloading-fish-images-2026/images_fishbase_extra/Amphichaetodon_howensis_FishBase_Amhow_u2.jpg,fishbase_extra,Amphichaetodon howensis,Amphichaetodon howensis,True,False
Heniochus_varius_FishBase_Hevar_u4.jpg,/Users/michaelalfaro/Dropbox/git/downloading-fish-images-2026/images_fishbase_extra/Heniochus_varius_FishBase_Hevar_u4.jpg,fishbase_extra,Heniochus varius,Heniochus varius,True,False
Chaetodon_lineolatus_FishBase_Chlin_u6.jpg,/Users/michaelalfaro/Dropbox/git/downloading-fish-images-2026/images_fishbase_extra/Chaetodon_lineolatus_FishBase_Chlin_u6.jpg,fishbase_extra,Chaetodon lineolatus,Chaetodon lineolatus,True,False
Chaetodon_adiergastos_FishBase_Chadi_u3.jpg,/Users/michaelalfaro/Dropbox/git/downloading-fish-images-2026/images_fishbase_extra/Chaetodon_adiergastos_FishBase_Chadi_u3.jpg,fishbase_extra,Chaetodon adiergastos,Chaetodon adiergastos,True,False
Chaetodon_kleinii_FishBase_Chkle_u2.jpg,/Users/michaelalfaro/Dropbox/git/downloading-fish-images-2026/images_fishbase_extra/Chaetodon_kleinii_FishBase_Chkle_u2.jpg,fishbase_extra,Chaetodon kleinii,Chaetodon kleinii,True,False
Chaetodon_trifasciatus_FishBase_Chtri_uv.jpg,/Users/michaelalfaro/Dropbox/git/downloading-fish-images-2026/images_fishbase_extra/Chaetodon_trifasciatus_FishBase_Chtri_uv.jpg,fishbase_extra,Chaetodon trifasciatus,Chaetodon trifasciatus,True,False
Chaetodon_speculum_FishBase_Chspe_u5.jpg,/Users/michaelalfaro/Dropbox/git/downloading-fish-images-2026/images_fishbase_extra/Chaetodon_speculum_FishBase_Chspe_u5.jpg,fishbase_extra,Chaetodon speculum,Chaetodon speculum,True,False
Chaetodon_octofasciatus_FishBase_Choct_u1.jpg,/Users/michaelalfaro/Dropbox/git/downloading-fish-images-2026/images_fishbase_extra/Chaetodon_octofasciatus_FishBase_Choct_u1.jpg,fishbase_extra,Chaetodon octofasciatus,Chaetodon octofasciatus,True,False
Chaetodon_wiebeli_FishBase_Chwie_u6.jpg,/Users/michaelalfaro/Dropbox/git/downloading-fish-images-2026/images_fishbase_extra/Chaetodon_wiebeli_FishBase_Chwie_u6.jpg,fishbase_extra,Chaetodon wiebeli,Chaetodon wiebeli,True,False
Chaetodon_speculum_FishBase_Chspe_uc.jpg,/Users/michaelalfaro/Dropbox/git/downloading-fish-images-2026/images_fishbase_extra/Chaetodon_speculum_FishBase_Chspe_uc.jpg,fishbase_extra,Chaetodon speculum,Chaetodon speculum,True,False
Heniochus_intermedius_FishBase_Heint_u0.jpg,/Users/michaelalfaro/Dropbox/git/downloading-fish-images-2026/images_fishbase_extra/Heniochus_intermedius_FishBase_Heint_u0.jpg,fishbase_extra,Heniochus intermedius,Heniochus intermedius,True,False
Chaetodon_pelewensis_FishBase_Chpel_u2.jpg,/Users/michaelalfaro/Dropbox/git/downloading-fish-images-2026/images_fishbase_extra/Chaetodon_pelewensis_FishBase_Chpel_u2.jpg,fishbase_extra,Chaetodon pelewensis,Chaetodon pelewensis,True,False
Chelmon_marginalis_FishBase_Chmar_u4.jpg,/Users/michaelalfaro/Dropbox/git/downloading-fish-images-2026/images_fishbase_extra/Chelmon_marginalis_FishBase_Chmar_u4.jpg,fishbase_extra,Chelmon marginalis,Chelmon marginalis,True,False
Chaetodon_collare_FishBase_Chcol_u0.jpg,/Users/michaelalfaro/Dropbox/git/downloading-fish-images-2026/images_fishbase_extra/Chaetodon_collare_FishBase_Chcol_u0.jpg,fishbase_extra,Chaetodon collare,Chaetodon collare,True,False
Chaetodon_melannotus_FishBase_Chmel_u4.jpg,/Users/michaelalfaro/Dropbox/git/downloading-fish-images-2026/images_fishbase_extra/Chaetodon_melannotus_FishBase_Chmel_u4.jpg,fishbase_extra,Chaetodon melannotus,Chaetodon melannotus,True,False
Chaetodon_collare_FishBase_Chcol_u2.jpg,/Users/michaelalfaro/Dropbox/git/downloading-fish-images-2026/images_fishbase_extra/Chaetodon_collare_FishBase_Chcol_u2.jpg,fishbase_extra,Chaetodon collare,Chaetodon collare,True,False
Chaetodon_melannotus_FishBase_Chmel_u6.jpg,/Users/michaelalfaro/Dropbox/git/downloading-fish-images-2026/images_fishbase_extra/Chaetodon_melannotus_FishBase_Chmel_u6.jpg,fishbase_extra,Chaetodon melannotus,Chaetodon melannotus,True,False
Chaetodon_guentheri_FishBase_Chgue_ua.jpg,/Users/michaelalfaro/Dropbox/git/downloading-fish-images-2026/images_fishbase_extra/Chaetodon_guentheri_FishBase_Chgue_ua.jpg,fishbase_extra,Chaetodon guentheri,Chaetodon guentheri,True,False
Heniochus_intermedius_FishBase_Heint_u2.jpg,/Users/michaelalfaro/Dropbox/git/downloading-fish-images-2026/images_fishbase_extra/Heniochus_intermedius_FishBase_Heint_u2.jpg,fishbase_extra,Heniochus intermedius,Heniochus intermedius,True,False
Heniochus_diphreutes_FishBase_Hedip_u1.jpg,/Users/michaelalfaro/Dropbox/git/downloading-fish-images-2026/images_fishbase_extra/Heniochus_diphreutes_FishBase_Hedip_u1.jpg,fishbase_extra,Heniochus diphreutes,Heniochus diphreutes,True,False
Chaetodon_speculum_FishBase_Chspe_ua.jpg,/Users/michaelalfaro/Dropbox/git/downloading-fish-images-2026/images_fishbase_extra/Chaetodon_speculum_FishBase_Chspe_ua.jpg,fishbase_extra,Chaetodon speculum,Chaetodon speculum,True,False
Chaetodon_wiebeli_FishBase_Chwie_u4.jpg,/Users/michaelalfaro/Dropbox/git/downloading-fish-images-2026/images_fishbase_extra/Chaetodon_wiebeli_FishBase_Chwie_u4.jpg,fishbase_extra,Chaetodon wiebeli,Chaetodon wiebeli,True,False
Chaetodon_octofasciatus_FishBase_Choct_u3.jpg,/Users/michaelalfaro/Dropbox/git/downloading-fish-images-2026/images_fishbase_extra/Chaetodon_octofasciatus_FishBase_Choct_u3.jpg,fishbase_extra,Chaetodon octofasciatus,Chaetodon octofasciatus,True,False
Chaetodon_ephippium_FishBase_Cheph_uc.jpg,/Users/michaelalfaro/Dropbox/git/downloading-fish-images-2026/images_fishbase_extra/Chaetodon_ephippium_FishBase_Cheph_uc.jpg,fishbase_extra,Chaetodon ephippium,Chaetodon ephippium,True,False
Chaetodon_kleinii_FishBase_Chkle_u0.jpg,/Users/michaelalfaro/Dropbox/git/downloading-fish-images-2026/images_fishbase_extra/Chaetodon_kleinii_FishBase_Chkle_u0.jpg,fishbase_extra,Chaetodon kleinii,Chaetodon kleinii,True,False
Chaetodon_ocellicaudus_FishBase_Choce_u1.jpg,/Users/michaelalfaro/Dropbox/git/downloading-fish-images-2026/images_fishbase_extra/Chaetodon_ocellicaudus_FishBase_Choce_u1.jpg,fishbase_extra,Chaetodon ocellicaudus,Chaetodon ocellicaudus,True,False
Chaetodon_adiergastos_FishBase_Chadi_u1.jpg,/Users/michaelalfaro/Dropbox/git/downloading-fish-images-2026/images_fishbase_extra/Chaetodon_adiergastos_FishBase_Chadi_u1.jpg,fishbase_extra,Chaetodon adiergastos,Chaetodon adiergastos,True,False
Chaetodon_trifasciatus_FishBase_Chtri_ut.jpg,/Users/michaelalfaro/Dropbox/git/downloading-fish-images-2026/images_fishbase_extra/Chaetodon_trifasciatus_FishBase_Chtri_ut.jpg,fishbase_extra,Chaetodon trifasciatus,Chaetodon trifasciatus,True,False
Chaetodon_sanctaehelenae_FishBase_Chsan_u2.jpg,/Users/michaelalfaro/Dropbox/git/downloading-fish-images-2026/images_fishbase_extra/Chaetodon_sanctaehelenae_FishBase_Chsan_u2.jpg,fishbase_extra,Chaetodon sanctaehelenae,Chaetodon sanctaehelenae,False,False
Chaetodon_ephippium_FishBase_Cheph_u5.jpg,/Users/michaelalfaro/Dropbox/git/downloading-fish-images-2026/images_fishbase_extra/Chaetodon_ephippium_FishBase_Cheph_u5.jpg,fishbase_extra,Chaetodon ephippium,Chaetodon ephippium,True,False
Chaetodon_trifasciatus_FishBase_Chtri_uc.jpg,/Users/michaelalfaro/Dropbox/git/downloading-fish-images-2026/images_fishbase_extra/Chaetodon_trifasciatus_FishBase_Chtri_uc.jpg,fishbase_extra,Chaetodon trifasciatus,Chaetodon trifasciatus,True,False
Chaetodon_lunulatus_FishBase_Chlun_ub.jpg,/Users/michaelalfaro/Dropbox/git/downloading-fish-images-2026/images_fishbase_extra/Chaetodon_lunulatus_FishBase_Chlun_ub.jpg,fishbase_extra,Chaetodon lunulatus,Chaetodon lunulatus,True,False
Heniochus_varius_FishBase_Hevar_u6.jpg,/Users/michaelalfaro/Dropbox/git/downloading-fish-images-2026/images_fishbase_extra/Heniochus_varius_FishBase_Hevar_u6.jpg,fishbase_extra,Heniochus varius,Heniochus varius,True,False
Amphichaetodon_howensis_FishBase_Amhow_u0.jpg,/Users/michaelalfaro/Dropbox/git/downloading-fish-images-2026/images_fishbase_extra/Amphichaetodon_howensis_FishBase_Amhow_u0.jpg,fishbase_extra,Amphichaetodon howensis,Amphichaetodon howensis,True,False
Chaetodon_aureofasciatus_FishBase_Chaur_ut.jpg,/Users/michaelalfaro/Dropbox/git/downloading-fish-images-2026/images_fishbase_extra/Chaetodon_aureofasciatus_FishBase_Chaur_ut.jpg,fishbase_extra,Chaetodon aureofasciatus,Chaetodon aureofasciatus,True,False
Chelmon_rostratus_FishBase_Chros_u5.jpg,/Users/michaelalfaro/Dropbox/git/downloading-fish-images-2026/images_fishbase_extra/Chelmon_rostratus_FishBase_Chros_u5.jpg,fishbase_extra,Chelmon rostratus,Chelmon rostratus,True,False
Chaetodon_citrinellus_FishBase_Chcit_u3.jpg,/Users/michaelalfaro/Dropbox/git/downloading-fish-images-2026/images_fishbase_extra/Chaetodon_citrinellus_FishBase_Chcit_u3.jpg,fishbase_extra,Chaetodon citrinellus,Chaetodon citrinellus,True,False
Chaetodon_austriacus_FishBase_Chaus_u0.jpg,/Users/michaelalfaro/Dropbox/git/downloading-fish-images-2026/images_fishbase_extra/Chaetodon_austriacus_FishBase_Chaus_u0.jpg,fishbase_extra,Chaetodon austriacus,Chaetodon austriacus,True,False
Chaetodon_trifascialis_FishBase_Chtri_u4.jpg,/Users/michaelalfaro/Dropbox/git/downloading-fish-images-2026/images_fishbase_extra/Chaetodon_trifascialis_FishBase_Chtri_u4.jpg,fishbase_extra,Chaetodon trifascialis,Chaetodon trifascialis,True,False
Chaetodon_bennetti_FishBase_Chben_u6.jpg,/Users/michaelalfaro/Dropbox/git/downloading-fish-images-2026/images_fishbase_extra/Chaetodon_bennetti_FishBase_Chben_u6.jpg,fishbase_extra,Chaetodon bennetti,Chaetodon bennetti,True,False
Chaetodon_hoefleri_FishBase_Chhoe_u2.jpg,/Users/michaelalfaro/Dropbox/git/downloading-fish-images-2026/images_fishbase_extra/Chaetodon_hoefleri_FishBase_Chhoe_u2.jpg,fishbase_extra,Chaetodon hoefleri,Chaetodon hoefleri,False,False
Chaetodon_madagaskariensis_FishBase_Chmer_u5.jpg,/Users/michaelalfaro/Dropbox/git/downloading-fish-images-2026/images_fishbase_extra/Chaetodon_madagaskariensis_FishBase_Chmer_u5.jpg,fishbase_extra,Chaetodon madagaskariensis,Chaetodon madagaskariensis,True,False
Chaetodon_melapterus_FishBase_Chmel_ug.jpg,/Users/michaelalfaro/Dropbox/git/downloading-fish-images-2026/images_fishbase_extra/Chaetodon_melapterus_FishBase_Chmel_ug.jpg,fishbase_extra,Chaetodon melapterus,Chaetodon melapterus,True,False
Chaetodon_flavirostris_FishBase_Chfla_u1.jpg,/Users/michaelalfaro/Dropbox/git/downloading-fish-images-2026/images_fishbase_extra/Chaetodon_flavirostris_FishBase_Chfla_u1.jpg,fishbase_extra,Chaetodon flavirostris,Chaetodon flavirostris,True,False
Chaetodon_vagabundus_FishBase_Chvag_u9.jpg,/Users/michaelalfaro/Dropbox/git/downloading-fish-images-2026/images_fishbase_extra/Chaetodon_vagabundus_FishBase_Chvag_u9.jpg,fishbase_extra,Chaetodon vagabundus,Chaetodon vagabundus,True,False
Chaetodon_humeralis_FishBase_Chhum_u4.jpg,/Users/michaelalfaro/Dropbox/git/downloading-fish-images-2026/images_fishbase_extra/Chaetodon_humeralis_FishBase_Chhum_u4.jpg,fishbase_extra,Chaetodon humeralis,Chaetodon humeralis,False,False
Chelmon_rostratus_FishBase_Chros_u4.jpg,/Users/michaelalfaro/Dropbox/git/downloading-fish-images-2026/images_fishbase_extra/Chelmon_rostratus_FishBase_Chros_u4.jpg,fishbase_extra,Chelmon rostratus,Chelmon rostratus,True,False
Chaetodon_citrinellus_FishBase_Chcit_u2.jpg,/Users/michaelalfaro/Dropbox/git/downloading-fish-images-2026/images_fishbase_extra/Chaetodon_citrinellus_FishBase_Chcit_u2.jpg,fishbase_extra,Chaetodon citrinellus,Chaetodon citrinellus,True,False
Chaetodon_argentatus_FishBase_Charg_ua.jpg,/Users/michaelalfaro/Dropbox/git/downloading-fish-images-2026/images_fishbase_extra/Chaetodon_argentatus_FishBase_Charg_ua.jpg,fishbase_extra,Chaetodon argentatus,Chaetodon argentatus,True,False
Chelmon_rostratus_FishBase_Chros_ub.jpg,/Users/michaelalfaro/Dropbox/git/downloading-fish-images-2026/images_fishbase_extra/Chelmon_rostratus_FishBase_Chros_ub.jpg,fishbase_extra,Chelmon rostratus,Chelmon rostratus,True,False
Amphichaetodon_howensis_FishBase_Amhow_u1.jpg,/Users/michaelalfaro/Dropbox/git/downloading-fish-images-2026/images_fishbase_extra/Amphichaetodon_howensis_FishBase_Amhow_u1.jpg,fishbase_extra,Amphichaetodon howensis,Amphichaetodon howensis,True,False
Chaetodon_lineolatus_FishBase_Chlin_u5.jpg,/Users/michaelalfaro/Dropbox/git/downloading-fish-images-2026/images_fishbase_extra/Chaetodon_lineolatus_FishBase_Chlin_u5.jpg,fishbase_extra,Chaetodon lineolatus,Chaetodon lineolatus,True,False
Heniochus_varius_FishBase_Hevar_u7.jpg,/Users/michaelalfaro/Dropbox/git/downloading-fish-images-2026/images_fishbase_extra/Heniochus_varius_FishBase_Hevar_u7.jpg,fishbase_extra,Heniochus varius,Heniochus varius,True,False
Chaetodon_lunulatus_FishBase_Chlun_uc.jpg,/Users/michaelalfaro/Dropbox/git/downloading-fish-images-2026/images_fishbase_extra/Chaetodon_lunulatus_FishBase_Chlun_uc.jpg,fishbase_extra,Chaetodon lunulatus,Chaetodon lunulatus,True,False
Hemitaurichthys_zoster_FishBase_Hezos_u4.jpg,/Users/michaelalfaro/Dropbox/git/downloading-fish-images-2026/images_fishbase_extra/Hemitaurichthys_zoster_FishBase_Hezos_u4.jpg,fishbase_extra,Hemitaurichthys zoster,Hemitaurichthys zoster,True,False
Chaetodon_kleinii_FishBase_Chkle_u1.jpg,/Users/michaelalfaro/Dropbox/git/downloading-fish-images-2026/images_fishbase_extra/Chaetodon_kleinii_FishBase_Chkle_u1.jpg,fishbase_extra,Chaetodon kleinii,Chaetodon kleinii,True,False
Chaetodon_adiergastos_FishBase_Chadi_u0.jpg,/Users/michaelalfaro/Dropbox/git/downloading-fish-images-2026/images_fishbase_extra/Chaetodon_adiergastos_FishBase_Chadi_u0.jpg,fishbase_extra,Chaetodon adiergastos,Chaetodon adiergastos,True,False
Chaetodon_speculum_FishBase_Chspe_u6.jpg,/Users/michaelalfaro/Dropbox/git/downloading-fish-images-2026/images_fishbase_extra/Chaetodon_speculum_FishBase_Chspe_u6.jpg,fishbase_extra,Chaetodon speculum,Chaetodon speculum,True,False
Chaetodon_octofasciatus_FishBase_Choct_u2.jpg,/Users/michaelalfaro/Dropbox/git/downloading-fish-images-2026/images_fishbase_extra/Chaetodon_octofasciatus_FishBase_Choct_u2.jpg,fishbase_extra,Chaetodon octofasciatus,Chaetodon octofasciatus,True,False
Chaetodon_wiebeli_FishBase_Chwie_u5.jpg,/Users/michaelalfaro/Dropbox/git/downloading-fish-images-2026/images_fishbase_extra/Chaetodon_wiebeli_FishBase_Chwie_u5.jpg,fishbase_extra,Chaetodon wiebeli,Chaetodon wiebeli,True,False
Heniochus_diphreutes_FishBase_Hedip_u0.jpg,/Users/michaelalfaro/Dropbox/git/downloading-fish-images-2026/images_fishbase_extra/Heniochus_diphreutes_FishBase_Hedip_u0.jpg,fishbase_extra,Heniochus diphreutes,Heniochus diphreutes,True,False
Heniochus_intermedius_FishBase_Heint_u3.jpg,/Users/michaelalfaro/Dropbox/git/downloading-fish-images-2026/images_fishbase_extra/Heniochus_intermedius_FishBase_Heint_u3.jpg,fishbase_extra,Heniochus intermedius,Heniochus intermedius,True,False
Chaetodon_leucopleura_FishBase_Chleu_ub.jpg,/Users/michaelalfaro/Dropbox/git/downloading-fish-images-2026/images_fishbase_extra/Chaetodon_leucopleura_FishBase_Chleu_ub.jpg,fishbase_extra,Chaetodon leucopleura,Chaetodon leucopleura,True,False
Chaetodon_flavocoronatus_FishBase_Chfla_u5.jpg,/Users/michaelalfaro/Dropbox/git/downloading-fish-images-2026/images_fishbase_extra/Chaetodon_flavocoronatus_FishBase_Chfla_u5.jpg,fishbase_extra,Chaetodon flavocoronatus,Chaetodon flavocoronatus,True,False
Chaetodon_pelewensis_FishBase_Chpel_u1.jpg,/Users/michaelalfaro/Dropbox/git/downloading-fish-images-2026/images_fishbase_extra/Chaetodon_pelewensis_FishBase_Chpel_u1.jpg,fishbase_extra,Chaetodon pelewensis,Chaetodon pelewensis,True,False
Chaetodon_melannotus_FishBase_Chmel_u7.jpg,/Users/michaelalfaro/Dropbox/git/downloading-fish-images-2026/images_fishbase_extra/Chaetodon_melannotus_FishBase_Chmel_u7.jpg,fishbase_extra,Chaetodon melannotus,Chaetodon melannotus,True,False
Chaetodon_collare_FishBase_Chcol_u3.jpg,/Users/michaelalfaro/Dropbox/git/downloading-fish-images-2026/images_fishbase_extra/Chaetodon_collare_FishBase_Chcol_u3.jpg,fishbase_extra,Chaetodon collare,Chaetodon collare,True,False
Chaetodon_reticulatus_FishBase_Chret_u4.jpg,/Users/michaelalfaro/Dropbox/git/downloading-fish-images-2026/images_fishbase_extra/Chaetodon_reticulatus_FishBase_Chret_u4.jpg,fishbase_extra,Chaetodon reticulatus,Chaetodon reticulatus,True,False
Chaetodon_reticulatus_FishBase_Chret_ub.jpg,/Users/michaelalfaro/Dropbox/git/downloading-fish-images-2026/images_fishbase_extra/Chaetodon_reticulatus_FishBase_Chret_ub.jpg,fishbase_extra,Chaetodon reticulatus,Chaetodon reticulatus,True,False
Chaetodon_wiebeli_FishBase_Chwie_j0.jpg,/Users/michaelalfaro/Dropbox/git/downloading-fish-images-2026/images_fishbase_extra/Chaetodon_wiebeli_FishBase_Chwie_j0.jpg,fishbase_extra,Chaetodon wiebeli,Chaetodon wiebeli,True,False
Chaetodon_unimaculatus_FishBase_Chuni_u4.jpg,/Users/michaelalfaro/Dropbox/git/downloading-fish-images-2026/images_fishbase_extra/Chaetodon_unimaculatus_FishBase_Chuni_u4.jpg,fishbase_extra,Chaetodon unimaculatus,Chaetodon unimaculatus,True,False
Chaetodon_lineolatus_FishBase_Chlin_j0.jpg,/Users/michaelalfaro/Dropbox/git/downloading-fish-images-2026/images_fishbase_extra/Chaetodon_lineolatus_FishBase_Chlin_j0.jpg,fishbase_extra,Chaetodon lineolatus,Chaetodon lineolatus,True,False
Chaetodon_auriga_FishBase_Chaur_u3.jpg,/Users/michaelalfaro/Dropbox/git/downloading-fish-images-2026/images_fishbase_extra/Chaetodon_auriga_FishBase_Chaur_u3.jpg,fishbase_extra,Chaetodon auriga,Chaetodon auriga,True,False
Chaetodon_ulietensis_FishBase_Chuli_u1.jpg,/Users/michaelalfaro/Dropbox/git/downloading-fish-images-2026/images_fishbase_extra/Chaetodon_ulietensis_FishBase_Chuli_u1.jpg,fishbase_extra,Chaetodon ulietensis,Chaetodon ulietensis,True,False
Chaetodon_auriga_FishBase_Chaur_ue.jpg,/Users/michaelalfaro/Dropbox/git/downloading-fish-images-2026/images_fishbase_extra/Chaetodon_auriga_FishBase_Chaur_ue.jpg,fishbase_extra,Chaetodon auriga,Chaetodon auriga,True,False
Chaetodon_falcula_FishBase_Chfal_u7.jpg,/Users/michaelalfaro/Dropbox/git/downloading-fish-images-2026/images_fishbase_extra/Chaetodon_falcula_FishBase_Chfal_u7.jpg,fishbase_extra,Chaetodon falcula,Chaetodon falcula,True,False
Chaetodon_baronessa_FishBase_Chbar_u7.jpg,/Users/michaelalfaro/Dropbox/git/downloading-fish-images-2026/images_fishbase_extra/Chaetodon_baronessa_FishBase_Chbar_u7.jpg,fishbase_extra,Chaetodon baronessa,Chaetodon baronessa,True,False
Chaetodon_punctatofasciatus_FishBase_Chpun_uo.jpg,/Users/michaelalfaro/Dropbox/git/downloading-fish-images-2026/images_fishbase_extra/Chaetodon_punctatofasciatus_FishBase_Chpun_uo.jpg,fishbase_extra,Chaetodon punctatofasciatus,Chaetodon punctatofasciatus,True,False
Forcipiger_flavissimus_FishBase_Fofla_u4.jpg,/Users/michaelalfaro/Dropbox/git/downloading-fish-images-2026/images_fishbase_extra/Forcipiger_flavissimus_FishBase_Fofla_u4.jpg,fishbase_extra,Forcipiger flavissimus,Forcipiger flavissimus,True,False
Chaetodon_semeion_FishBase_Chsem_j0.jpg,/Users/michaelalfaro/Dropbox/git/downloading-fish-images-2026/images_fishbase_extra/Chaetodon_semeion_FishBase_Chsem_j0.jpg,fishbase_extra,Chaetodon semeion,Chaetodon semeion,True,False
Chaetodon_mertensii_FishBase_Chmer_u0.jpg,/Users/michaelalfaro/Dropbox/git/downloading-fish-images-2026/images_fishbase_extra/Chaetodon_mertensii_FishBase_Chmer_u0.jpg,fishbase_extra,Chaetodon mertensii,Chaetodon mertensii,True,False
Chaetodon_plebeius_FishBase_Chple_u3.jpg,/Users/michaelalfaro/Dropbox/git/downloading-fish-images-2026/images_fishbase_extra/Chaetodon_plebeius_FishBase_Chple_u3.jpg,fishbase_extra,Chaetodon plebeius,Chaetodon plebeius,True,False
Heniochus_acuminatus_FishBase_Heacu_u3.jpg,/Users/michaelalfaro/Dropbox/git/downloading-fish-images-2026/images_fishbase_extra/Heniochus_acuminatus_FishBase_Heacu_u3.jpg,fishbase_extra,Heniochus acuminatus,Heniochus acuminatus,True,False
Chaetodon_mesoleucos_FishBase_Chmes_ub.jpg,/Users/michaelalfaro/Dropbox/git/downloading-fish-images-2026/images_fishbase_extra/Chaetodon_mesoleucos_FishBase_Chmes_ub.jpg,fishbase_extra,Chaetodon mesoleucos,Chaetodon mesoleucos,True,False
Chaetodon_mesoleucos_FishBase_Chmes_u5.jpg,/Users/michaelalfaro/Dropbox/git/downloading-fish-images-2026/images_fishbase_extra/Chaetodon_mesoleucos_FishBase_Chmes_u5.jpg,fishbase_extra,Chaetodon mesoleucos,Chaetodon mesoleucos,True,False
Chaetodon_blackburnii_FishBase_Chbla_u1.jpg,/Users/michaelalfaro/Dropbox/git/downloading-fish-images-2026/images_fishbase_extra/Chaetodon_blackburnii_FishBase_Chbla_u1.jpg,fishbase_extra,Chaetodon blackburnii,Chaetodon blackburnii,True,False
Chaetodon_declivis_FishBase_Chdec_u3.jpg,/Users/michaelalfaro/Dropbox/git/downloading-fish-images-2026/images_fishbase_extra/Chaetodon_declivis_FishBase_Chdec_u3.jpg,fishbase_extra,Chaetodon declivis,Chaetodon declivis,True,False
Chaetodon_mesoleucos_FishBase_Chmes_uc.jpg,/Users/michaelalfaro/Dropbox/git/downloading-fish-images-2026/images_fishbase_extra/Chaetodon_mesoleucos_FishBase_Chmes_uc.jpg,fishbase_extra,Chaetodon mesoleucos,Chaetodon mesoleucos,True,False
Heniochus_acuminatus_FishBase_Heacu_u2.jpg,/Users/michaelalfaro/Dropbox/git/downloading-fish-images-2026/images_fishbase_extra/Heniochus_acuminatus_FishBase_Heacu_u2.jpg,fishbase_extra,Heniochus acuminatus,Heniochus acuminatus,True,False
Chaetodon_semeion_FishBase_Chsem_j1.jpg,/Users/michaelalfaro/Dropbox/git/downloading-fish-images-2026/images_fishbase_extra/Chaetodon_semeion_FishBase_Chsem_j1.jpg,fishbase_extra,Chaetodon semeion,Chaetodon semeion,True,False
Forcipiger_flavissimus_FishBase_Fofla_uc.jpg,/Users/michaelalfaro/Dropbox/git/downloading-fish-images-2026/images_fishbase_extra/Forcipiger_flavissimus_FishBase_Fofla_uc.jpg,fishbase_extra,Forcipiger flavissimus,Forcipiger flavissimus,True,False
Chaetodon_auriga_FishBase_Chaur_ud.jpg,/Users/michaelalfaro/Dropbox/git/downloading-fish-images-2026/images_fishbase_extra/Chaetodon_auriga_FishBase_Chaur_ud.jpg,fishbase_extra,Chaetodon auriga,Chaetodon auriga,True,False
Chaetodon_ulietensis_FishBase_Chuli_u0.jpg,/Users/michaelalfaro/Dropbox/git/downloading-fish-images-2026/images_fishbase_extra/Chaetodon_ulietensis_FishBase_Chuli_u0.jpg,fishbase_extra,Chaetodon ulietensis,Chaetodon ulietensis,True,False
Chaetodon_capistratus_FishBase_Chcap_u0.jpg,/Users/michaelalfaro/Dropbox/git/downloading-fish-images-2026/images_fishbase_extra/Chaetodon_capistratus_FishBase_Chcap_u0.jpg,fishbase_extra,Chaetodon capistratus,Chaetodon capistratus,True,False
Chaetodon_selene_FishBase_Chsel_j0.jpg,/Users/michaelalfaro/Dropbox/git/downloading-fish-images-2026/images_fishbase_extra/Chaetodon_selene_FishBase_Chsel_j0.jpg,fishbase_extra,Chaetodon selene,Chaetodon selene,True,False
Chaetodon_auripes_FishBase_Chauru12.jpg,/Users/michaelalfaro/Dropbox/git/downloading-fish-images-2026/images_fishbase_extra/Chaetodon_auripes_FishBase_Chauru12.jpg,fishbase_extra,Chaetodon auripes,Chaetodon auripes,True,False
Chaetodon_unimaculatus_FishBase_Chuni_u5.jpg,/Users/michaelalfaro/Dropbox/git/downloading-fish-images-2026/images_fishbase_extra/Chaetodon_unimaculatus_FishBase_Chuni_u5.jpg,fishbase_extra,Chaetodon unimaculatus,Chaetodon unimaculatus,True,False
Chaetodon_speculum_FishBase_Chspe_j0.jpg,/Users/michaelalfaro/Dropbox/git/downloading-fish-images-2026/images_fishbase_extra/Chaetodon_speculum_FishBase_Chspe_j0.jpg,fishbase_extra,Chaetodon speculum,Chaetodon speculum,True,False
Chaetodon_robustus_FishBase_Chrob_u5.jpg,/Users/michaelalfaro/Dropbox/git/downloading-fish-images-2026/images_fishbase_extra/Chaetodon_robustus_FishBase_Chrob_u5.jpg,fishbase_extra,Chaetodon robustus,Chaetodon robustus,False,False
Chaetodon_xanthurus_FishBase_Chxan_u3.jpg,/Users/michaelalfaro/Dropbox/git/downloading-fish-images-2026/images_fishbase_extra/Chaetodon_xanthurus_FishBase_Chxan_u3.jpg,fishbase_extra,Chaetodon xanthurus,Chaetodon xanthurus,True,False
Chaetodon_auriga_FishBase_Chaur_u0.jpg,/Users/michaelalfaro/Dropbox/git/downloading-fish-images-2026/images_fishbase_extra/Chaetodon_auriga_FishBase_Chaur_u0.jpg,fishbase_extra,Chaetodon auriga,Chaetodon auriga,True,False
Chaetodon_ulietensis_FishBase_Chuli_u2.jpg,/Users/michaelalfaro/Dropbox/git/downloading-fish-images-2026/images_fishbase_extra/Chaetodon_ulietensis_FishBase_Chuli_u2.jpg,fishbase_extra,Chaetodon ulietensis,Chaetodon ulietensis,True,False
Chaetodon_falcula_FishBase_Chfal_u4.jpg,/Users/michaelalfaro/Dropbox/git/downloading-fish-images-2026/images_fishbase_extra/Chaetodon_falcula_FishBase_Chfal_u4.jpg,fishbase_extra,Chaetodon falcula,Chaetodon falcula,True,False
Chaetodon_quadrimaculatus_FishBase_Chqua_u8.jpg,/Users/michaelalfaro/Dropbox/git/downloading-fish-images-2026/images_fishbase_extra/Chaetodon_quadrimaculatus_FishBase_Chqua_u8.jpg,fishbase_extra,Chaetodon quadrimaculatus,Chaetodon quadrimaculatus,True,False
Chaetodon_baronessa_FishBase_Chbar_u4.jpg,/Users/michaelalfaro/Dropbox/git/downloading-fish-images-2026/images_fishbase_extra/Chaetodon_baronessa_FishBase_Chbar_u4.jpg,fishbase_extra,Chaetodon baronessa,Chaetodon baronessa,True,False
Chaetodon_mertensii_FishBase_Chmer_u3.jpg,/Users/michaelalfaro/Dropbox/git/downloading-fish-images-2026/images_fishbase_extra/Chaetodon_mertensii_FishBase_Chmer_u3.jpg,fishbase_extra,Chaetodon mertensii,Chaetodon mertensii,True,False
Chaetodon_plebeius_FishBase_Chple_u0.jpg,/Users/michaelalfaro/Dropbox/git/downloading-fish-images-2026/images_fishbase_extra/Chaetodon_plebeius_FishBase_Chple_u0.jpg,fishbase_extra,Chaetodon plebeius,Chaetodon plebeius,True,False
Chaetodon_declivis_FishBase_Chdec_u1.jpg,/Users/michaelalfaro/Dropbox/git/downloading-fish-images-2026/images_fishbase_extra/Chaetodon_declivis_FishBase_Chdec_u1.jpg,fishbase_extra,Chaetodon declivis,Chaetodon declivis,True,False
Chaetodon_mesoleucos_FishBase_Chmes_u7.jpg,/Users/michaelalfaro/Dropbox/git/downloading-fish-images-2026/images_fishbase_extra/Chaetodon_mesoleucos_FishBase_Chmes_u7.jpg,fishbase_extra,Chaetodon mesoleucos,Chaetodon mesoleucos,True,False
Chaetodon_trifascialis_FishBase_Chtri_j2.jpg,/Users/michaelalfaro/Dropbox/git/downloading-fish-images-2026/images_fishbase_extra/Chaetodon_trifascialis_FishBase_Chtri_j2.jpg,fishbase_extra,Chaetodon trifascialis,Chaetodon trifascialis,True,False
Chaetodon_declivis_FishBase_Chdec_u0.jpg,/Users/michaelalfaro/Dropbox/git/downloading-fish-images-2026/images_fishbase_extra/Chaetodon_declivis_FishBase_Chdec_u0.jpg,fishbase_extra,Chaetodon declivis,Chaetodon declivis,True,False
Heniochus_acuminatus_FishBase_Heacu_u1.jpg,/Users/michaelalfaro/Dropbox/git/downloading-fish-images-2026/images_fishbase_extra/Heniochus_acuminatus_FishBase_Heacu_u1.jpg,fishbase_extra,Heniochus acuminatus,Heniochus acuminatus,True,False
Chaetodon_plebeius_FishBase_Chple_u1.jpg,/Users/michaelalfaro/Dropbox/git/downloading-fish-images-2026/images_fishbase_extra/Chaetodon_plebeius_FishBase_Chple_u1.jpg,fishbase_extra,Chaetodon plebeius,Chaetodon plebeius,True,False
Heniochus_acuminatus_FishBase_Heacu_ug.jpg,/Users/michaelalfaro/Dropbox/git/downloading-fish-images-2026/images_fishbase_extra/Heniochus_acuminatus_FishBase_Heacu_ug.jpg,fishbase_extra,Heniochus acuminatus,Heniochus acuminatus,True,False
Chaetodon_mertensii_FishBase_Chmer_u2.jpg,/Users/michaelalfaro/Dropbox/git/downloading-fish-images-2026/images_fishbase_extra/Chaetodon_mertensii_FishBase_Chmer_u2.jpg,fishbase_extra,Chaetodon mertensii,Chaetodon mertensii,True,False
Forcipiger_flavissimus_FishBase_Fofla_u6.jpg,/Users/michaelalfaro/Dropbox/git/downloading-fish-images-2026/images_fishbase_extra/Forcipiger_flavissimus_FishBase_Fofla_u6.jpg,fishbase_extra,Forcipiger flavissimus,Forcipiger flavissimus,True,False
Chaetodon_xanthocephalus_FishBase_Chxan_uj.jpg,/Users/michaelalfaro/Dropbox/git/downloading-fish-images-2026/images_fishbase_extra/Chaetodon_xanthocephalus_FishBase_Chxan_uj.jpg,fishbase_extra,Chaetodon xanthocephalus,Chaetodon xanthocephalus,True,False
Chaetodon_baronessa_FishBase_Chbar_u5.jpg,/Users/michaelalfaro/Dropbox/git/downloading-fish-images-2026/images_fishbase_extra/Chaetodon_baronessa_FishBase_Chbar_u5.jpg,fishbase_extra,Chaetodon baronessa,Chaetodon baronessa,True,False
Chaetodon_falcula_FishBase_Chfal_u5.jpg,/Users/michaelalfaro/Dropbox/git/downloading-fish-images-2026/images_fishbase_extra/Chaetodon_falcula_FishBase_Chfal_u5.jpg,fishbase_extra,Chaetodon falcula,Chaetodon falcula,True,False
Chaetodon_ulietensis_FishBase_Chuli_u3.jpg,/Users/michaelalfaro/Dropbox/git/downloading-fish-images-2026/images_fishbase_extra/Chaetodon_ulietensis_FishBase_Chuli_u3.jpg,fishbase_extra,Chaetodon ulietensis,Chaetodon ulietensis,True,False
Chaetodon_melannotus_FishBase_Chmel_j0.jpg,/Users/michaelalfaro/Dropbox/git/downloading-fish-images-2026/images_fishbase_extra/Chaetodon_melannotus_FishBase_Chmel_j0.jpg,fishbase_extra,Chaetodon melannotus,Chaetodon melannotus,True,False
Coradion_melanopus_FishBase_Comel_j1.jpg,/Users/michaelalfaro/Dropbox/git/downloading-fish-images-2026/images_fishbase_extra/Coradion_melanopus_FishBase_Comel_j1.jpg,fishbase_extra,Coradion melanopus,Coradion melanopus,True,False
Chaetodon_speculum_FishBase_Chspe_j1.jpg,/Users/michaelalfaro/Dropbox/git/downloading-fish-images-2026/images_fishbase_extra/Chaetodon_speculum_FishBase_Chspe_j1.jpg,fishbase_extra,Chaetodon speculum,Chaetodon speculum,True,False
Chaetodon_octofasciatus_FishBase_Choct_j1.jpg,/Users/michaelalfaro/Dropbox/git/downloading-fish-images-2026/images_fishbase_extra/Chaetodon_octofasciatus_FishBase_Choct_j1.jpg,fishbase_extra,Chaetodon octofasciatus,Chaetodon octofasciatus,True,False
Chaetodon_larvatus_FishBase_Chlar_u0.jpg,/Users/michaelalfaro/Dropbox/git/downloading-fish-images-2026/images_fishbase_extra/Chaetodon_larvatus_FishBase_Chlar_u0.jpg,fishbase_extra,Chaetodon larvatus,Chaetodon larvatus,True,False
Chaetodon_xanthurus_FishBase_Chxan_u6.jpg,/Users/michaelalfaro/Dropbox/git/downloading-fish-images-2026/images_fishbase_extra/Chaetodon_xanthurus_FishBase_Chxan_u6.jpg,fishbase_extra,Chaetodon xanthurus,Chaetodon xanthurus,True,False
Chaetodon_ulietensis_FishBase_Chuli_u7.jpg,/Users/michaelalfaro/Dropbox/git/downloading-fish-images-2026/images_fishbase_extra/Chaetodon_ulietensis_FishBase_Chuli_u7.jpg,fishbase_extra,Chaetodon ulietensis,Chaetodon ulietensis,True,False
Chaetodon_falcula_FishBase_Chfal_u1.jpg,/Users/michaelalfaro/Dropbox/git/downloading-fish-images-2026/images_fishbase_extra/Chaetodon_falcula_FishBase_Chfal_u1.jpg,fishbase_extra,Chaetodon falcula,Chaetodon falcula,True,False
Chaetodon_auriga_FishBase_Chaur_u5.jpg,/Users/michaelalfaro/Dropbox/git/downloading-fish-images-2026/images_fishbase_extra/Chaetodon_auriga_FishBase_Chaur_u5.jpg,fishbase_extra,Chaetodon auriga,Chaetodon auriga,True,False
Chaetodon_xanthocephalus_FishBase_Chxan_un.jpg,/Users/michaelalfaro/Dropbox/git/downloading-fish-images-2026/images_fishbase_extra/Chaetodon_xanthocephalus_FishBase_Chxan_un.jpg,fishbase_extra,Chaetodon xanthocephalus,Chaetodon xanthocephalus,True,False
Forcipiger_flavissimus_FishBase_Fofla_ud.jpg,/Users/michaelalfaro/Dropbox/git/downloading-fish-images-2026/images_fishbase_extra/Forcipiger_flavissimus_FishBase_Fofla_ud.jpg,fishbase_extra,Forcipiger flavissimus,Forcipiger flavissimus,True,False
Chaetodon_baronessa_FishBase_Chbar_u1.jpg,/Users/michaelalfaro/Dropbox/git/downloading-fish-images-2026/images_fishbase_extra/Chaetodon_baronessa_FishBase_Chbar_u1.jpg,fishbase_extra,Chaetodon baronessa,Chaetodon baronessa,True,False
Chaetodon_daedalma_FishBase_Chdae_u1.jpg,/Users/michaelalfaro/Dropbox/git/downloading-fish-images-2026/images_fishbase_extra/Chaetodon_daedalma_FishBase_Chdae_u1.jpg,fishbase_extra,Chaetodon daedalma,Chaetodon daedalma,True,False
Chaetodon_plebeius_FishBase_Chple_u5.jpg,/Users/michaelalfaro/Dropbox/git/downloading-fish-images-2026/images_fishbase_extra/Chaetodon_plebeius_FishBase_Chple_u5.jpg,fishbase_extra,Chaetodon plebeius,Chaetodon plebeius,True,False
Chaetodon_declivis_FishBase_Chdec_ub.jpg,/Users/michaelalfaro/Dropbox/git/downloading-fish-images-2026/images_fishbase_extra/Chaetodon_declivis_FishBase_Chdec_ub.jpg,fishbase_extra,Chaetodon declivis,Chaetodon declivis,True,False
Chaetodon_mertensii_FishBase_Chmer_u7.jpg,/Users/michaelalfaro/Dropbox/git/downloading-fish-images-2026/images_fishbase_extra/Chaetodon_mertensii_FishBase_Chmer_u7.jpg,fishbase_extra,Chaetodon mertensii,Chaetodon mertensii,True,False
Heniochus_acuminatus_FishBase_Heacu_u4.jpg,/Users/michaelalfaro/Dropbox/git/downloading-fish-images-2026/images_fishbase_extra/Heniochus_acuminatus_FishBase_Heacu_u4.jpg,fishbase_extra,Heniochus acuminatus,Heniochus acuminatus,True,False
Chaetodon_plebeius_FishBase_Chple_u4.jpg,/Users/michaelalfaro/Dropbox/git/downloading-fish-images-2026/images_fishbase_extra/Chaetodon_plebeius_FishBase_Chple_u4.jpg,fishbase_extra,Chaetodon plebeius,Chaetodon plebeius,True,False
Chaetodon_baronessa_FishBase_Chbar_u0.jpg,/Users/michaelalfaro/Dropbox/git/downloading-fish-images-2026/images_fishbase_extra/Chaetodon_baronessa_FishBase_Chbar_u0.jpg,fishbase_extra,Chaetodon baronessa,Chaetodon baronessa,True,False
Chaetodon_daedalma_FishBase_Chdae_u0.jpg,/Users/michaelalfaro/Dropbox/git/downloading-fish-images-2026/images_fishbase_extra/Chaetodon_daedalma_FishBase_Chdae_u0.jpg,fishbase_extra,Chaetodon daedalma,Chaetodon daedalma,True,False
Forcipiger_flavissimus_FishBase_Fofla_ue.jpg,/Users/michaelalfaro/Dropbox/git/downloading-fish-images-2026/images_fishbase_extra/Forcipiger_flavissimus_FishBase_Fofla_ue.jpg,fishbase_extra,Forcipiger flavissimus,Forcipiger flavissimus,True,False
Forcipiger_flavissimus_FishBase_Fofla_u3.jpg,/Users/michaelalfaro/Dropbox/git/downloading-fish-images-2026/images_fishbase_extra/Forcipiger_flavissimus_FishBase_Fofla_u3.jpg,fishbase_extra,Forcipiger flavissimus,Forcipiger flavissimus,True,False
Chaetodon_auriga_FishBase_Chaur_u4.jpg,/Users/michaelalfaro/Dropbox/git/downloading-fish-images-2026/images_fishbase_extra/Chaetodon_auriga_FishBase_Chaur_u4.jpg,fishbase_extra,Chaetodon auriga,Chaetodon auriga,True,False
Chaetodon_falcula_FishBase_Chfal_u0.jpg,/Users/michaelalfaro/Dropbox/git/downloading-fish-images-2026/images_fishbase_extra/Chaetodon_falcula_FishBase_Chfal_u0.jpg,fishbase_extra,Chaetodon falcula,Chaetodon falcula,True,False
Chaetodon_ulietensis_FishBase_Chuli_u6.jpg,/Users/michaelalfaro/Dropbox/git/downloading-fish-images-2026/images_fishbase_extra/Chaetodon_ulietensis_FishBase_Chuli_u6.jpg,fishbase_extra,Chaetodon ulietensis,Chaetodon ulietensis,True,False
Chaetodon_striatus_FishBase_Chstr_ua.jpg,/Users/michaelalfaro/Dropbox/git/downloading-fish-images-2026/images_fishbase_extra/Chaetodon_striatus_FishBase_Chstr_ua.jpg,fishbase_extra,Chaetodon striatus,Chaetodon striatus,True,False
Chaetodon_xanthurus_FishBase_Chxan_u7.jpg,/Users/michaelalfaro/Dropbox/git/downloading-fish-images-2026/images_fishbase_extra/Chaetodon_xanthurus_FishBase_Chxan_u7.jpg,fishbase_extra,Chaetodon xanthurus,Chaetodon xanthurus,True,False
Chaetodon_larvatus_FishBase_Chlar_u1.jpg,/Users/michaelalfaro/Dropbox/git/downloading-fish-images-2026/images_fishbase_extra/Chaetodon_larvatus_FishBase_Chlar_u1.jpg,fishbase_extra,Chaetodon larvatus,Chaetodon larvatus,True,False
Chaetodon_octofasciatus_FishBase_Choct_j0.jpg,/Users/michaelalfaro/Dropbox/git/downloading-fish-images-2026/images_fishbase_extra/Chaetodon_octofasciatus_FishBase_Choct_j0.jpg,fishbase_extra,Chaetodon octofasciatus,Chaetodon octofasciatus,True,False
Chaetodon_reticulatus_FishBase_Chret_ue.jpg,/Users/michaelalfaro/Dropbox/git/downloading-fish-images-2026/images_fishbase_extra/Chaetodon_reticulatus_FishBase_Chret_ue.jpg,fishbase_extra,Chaetodon reticulatus,Chaetodon reticulatus,True,False
Chaetodon_unimaculatus_FishBase_Chuni_u1.jpg,/Users/michaelalfaro/Dropbox/git/downloading-fish-images-2026/images_fishbase_extra/Chaetodon_unimaculatus_FishBase_Chuni_u1.jpg,fishbase_extra,Chaetodon unimaculatus,Chaetodon unimaculatus,True,False
Chaetodon_reticulatus_FishBase_Chret_u1.jpg,/Users/michaelalfaro/Dropbox/git/downloading-fish-images-2026/images_fishbase_extra/Chaetodon_reticulatus_FishBase_Chret_u1.jpg,fishbase_extra,Chaetodon reticulatus,Chaetodon reticulatus,True,False
Chaetodon_octofasciatus_FishBase_Choct_j2.jpg,/Users/michaelalfaro/Dropbox/git/downloading-fish-images-2026/images_fishbase_extra/Chaetodon_octofasciatus_FishBase_Choct_j2.jpg,fishbase_extra,Chaetodon octofasciatus,Chaetodon octofasciatus,True,False
Chaetodon_ocellicaudus_FishBase_Choce_j0.jpg,/Users/michaelalfaro/Dropbox/git/downloading-fish-images-2026/images_fishbase_extra/Chaetodon_ocellicaudus_FishBase_Choce_j0.jpg,fishbase_extra,Chaetodon ocellicaudus,Chaetodon ocellicaudus,True,False
Chaetodon_capistratus_FishBase_Chcap_ub.jpg,/Users/michaelalfaro/Dropbox/git/downloading-fish-images-2026/images_fishbase_extra/Chaetodon_capistratus_FishBase_Chcap_ub.jpg,fishbase_extra,Chaetodon capistratus,Chaetodon capistratus,True,False
Chaetodon_larvatus_FishBase_Chlar_u3.jpg,/Users/michaelalfaro/Dropbox/git/downloading-fish-images-2026/images_fishbase_extra/Chaetodon_larvatus_FishBase_Chlar_u3.jpg,fishbase_extra,Chaetodon larvatus,Chaetodon larvatus,True,False
Chaetodon_dialeucos_FishBase_Chdia_u1.jpg,/Users/michaelalfaro/Dropbox/git/downloading-fish-images-2026/images_fishbase_extra/Chaetodon_dialeucos_FishBase_Chdia_u1.jpg,fishbase_extra,Chaetodon dialeucos,Chaetodon dialeucos,True,False
Chaetodon_auriga_FishBase_Chaur_u6.jpg,/Users/michaelalfaro/Dropbox/git/downloading-fish-images-2026/images_fishbase_extra/Chaetodon_auriga_FishBase_Chaur_u6.jpg,fishbase_extra,Chaetodon auriga,Chaetodon auriga,True,False
Forcipiger_flavissimus_FishBase_Fofla_u1.jpg,/Users/michaelalfaro/Dropbox/git/downloading-fish-images-2026/images_fishbase_extra/Forcipiger_flavissimus_FishBase_Fofla_u1.jpg,fishbase_extra,Forcipiger flavissimus,Forcipiger flavissimus,True,False
Chaetodon_xanthocephalus_FishBase_Chxan_um.jpg,/Users/michaelalfaro/Dropbox/git/downloading-fish-images-2026/images_fishbase_extra/Chaetodon_xanthocephalus_FishBase_Chxan_um.jpg,fishbase_extra,Chaetodon xanthocephalus,Chaetodon xanthocephalus,True,False
Chaetodon_baronessa_FishBase_Chbar_u2.jpg,/Users/michaelalfaro/Dropbox/git/downloading-fish-images-2026/images_fishbase_extra/Chaetodon_baronessa_FishBase_Chbar_u2.jpg,fishbase_extra,Chaetodon baronessa,Chaetodon baronessa,True,False
Heniochus_acuminatus_FishBase_Heacu_u6.jpg,/Users/michaelalfaro/Dropbox/git/downloading-fish-images-2026/images_fishbase_extra/Heniochus_acuminatus_FishBase_Heacu_u6.jpg,fishbase_extra,Heniochus acuminatus,Heniochus acuminatus,True,False
Chaetodon_blackburnii_FishBase_Chbla_u5.jpg,/Users/michaelalfaro/Dropbox/git/downloading-fish-images-2026/images_fishbase_extra/Chaetodon_blackburnii_FishBase_Chbla_u5.jpg,fishbase_extra,Chaetodon blackburnii,Chaetodon blackburnii,True,False
Chaetodon_declivis_FishBase_Chdec_ua.jpg,/Users/michaelalfaro/Dropbox/git/downloading-fish-images-2026/images_fishbase_extra/Chaetodon_declivis_FishBase_Chdec_ua.jpg,fishbase_extra,Chaetodon declivis,Chaetodon declivis,True,False
Chaetodon_mesoleucos_FishBase_Chmes_u0.jpg,/Users/michaelalfaro/Dropbox/git/downloading-fish-images-2026/images_fishbase_extra/Chaetodon_mesoleucos_FishBase_Chmes_u0.jpg,fishbase_extra,Chaetodon mesoleucos,Chaetodon mesoleucos,True,False
Chaetodon_mertensii_FishBase_Chmer_u4.jpg,/Users/michaelalfaro/Dropbox/git/downloading-fish-images-2026/images_fishbase_extra/Chaetodon_mertensii_FishBase_Chmer_u4.jpg,fishbase_extra,Chaetodon mertensii,Chaetodon mertensii,True,False
Chaetodon_lunula_FishBase_Chlun_un.jpg,/Users/michaelalfaro/Dropbox/git/downloading-fish-images-2026/images_fishbase_extra/Chaetodon_lunula_FishBase_Chlun_un.jpg,fishbase_extra,Chaetodon lunula,Chaetodon lunula,True,False
Chaetodon_baronessa_FishBase_Chbar_u3.jpg,/Users/michaelalfaro/Dropbox/git/downloading-fish-images-2026/images_fishbase_extra/Chaetodon_baronessa_FishBase_Chbar_u3.jpg,fishbase_extra,Chaetodon baronessa,Chaetodon baronessa,True,False
Forcipiger_flavissimus_FishBase_Fofla_u0.jpg,/Users/michaelalfaro/Dropbox/git/downloading-fish-images-2026/images_fishbase_extra/Forcipiger_flavissimus_FishBase_Fofla_u0.jpg,fishbase_extra,Forcipiger flavissimus,Forcipiger flavissimus,True,False
Chaetodon_lunula_FishBase_Chlun_u8.jpg,/Users/michaelalfaro/Dropbox/git/downloading-fish-images-2026/images_fishbase_extra/Chaetodon_lunula_FishBase_Chlun_u8.jpg,fishbase_extra,Chaetodon lunula,Chaetodon lunula,True,False
Chaetodon_auriga_FishBase_Chaur_uv.jpg,/Users/michaelalfaro/Dropbox/git/downloading-fish-images-2026/images_fishbase_extra/Chaetodon_auriga_FishBase_Chaur_uv.jpg,fishbase_extra,Chaetodon auriga,Chaetodon auriga,True,False
Chaetodon_auriga_FishBase_Chaur_u7.jpg,/Users/michaelalfaro/Dropbox/git/downloading-fish-images-2026/images_fishbase_extra/Chaetodon_auriga_FishBase_Chaur_u7.jpg,fishbase_extra,Chaetodon auriga,Chaetodon auriga,True,False
Chaetodon_dialeucos_FishBase_Chdia_u0.jpg,/Users/michaelalfaro/Dropbox/git/downloading-fish-images-2026/images_fishbase_extra/Chaetodon_dialeucos_FishBase_Chdia_u0.jpg,fishbase_extra,Chaetodon dialeucos,Chaetodon dialeucos,True,False
Chaetodon_striatus_FishBase_Chstr_ub.jpg,/Users/michaelalfaro/Dropbox/git/downloading-fish-images-2026/images_fishbase_extra/Chaetodon_striatus_FishBase_Chstr_ub.jpg,fishbase_extra,Chaetodon striatus,Chaetodon striatus,True,False
Chaetodon_auriga_FishBase_Chaur_ua.jpg,/Users/michaelalfaro/Dropbox/git/downloading-fish-images-2026/images_fishbase_extra/Chaetodon_auriga_FishBase_Chaur_ua.jpg,fishbase_extra,Chaetodon auriga,Chaetodon auriga,True,False
Chaetodon_ulietensis_FishBase_Chuli_u5.jpg,/Users/michaelalfaro/Dropbox/git/downloading-fish-images-2026/images_fishbase_extra/Chaetodon_ulietensis_FishBase_Chuli_u5.jpg,fishbase_extra,Chaetodon ulietensis,Chaetodon ulietensis,True,False
Chaetodon_larvatus_FishBase_Chlar_u2.jpg,/Users/michaelalfaro/Dropbox/git/downloading-fish-images-2026/images_fishbase_extra/Chaetodon_larvatus_FishBase_Chlar_u2.jpg,fishbase_extra,Chaetodon larvatus,Chaetodon larvatus,True,False
Chaetodon_lunulatus_FishBase_Chlun_j4.jpg,/Users/michaelalfaro/Dropbox/git/downloading-fish-images-2026/images_fishbase_extra/Chaetodon_lunulatus_FishBase_Chlun_j4.jpg,fishbase_extra,Chaetodon lunulatus,Chaetodon lunulatus,True,False
Chaetodon_sedentarius_FishBaseUser_1715887614_172.69.132.222.jpg,/Users/michaelalfaro/Dropbox/git/downloading-fish-images-2026/images_fishbase_usercontrib/Chaetodon_sedentarius_FishBaseUser_1715887614_172.69.132.222.jpg,fishbase_usercontrib,Chaetodon sedentarius,Chaetodon sedentarius,False,False
Chaetodon_lunula_FishBaseUser_1672900375_172.71.214.86.jpg,/Users/michaelalfaro/Dropbox/git/downloading-fish-images-2026/images_fishbase_usercontrib/Chaetodon_lunula_FishBaseUser_1672900375_172.71.214.86.jpg,fishbase_usercontrib,Chaetodon lunula,Chaetodon lunula,False,False
Chaetodon_interruptus_FishBaseUser_1473643388_162.158.165.25.jpg,/Users/michaelalfaro/Dropbox/git/downloading-fish-images-2026/images_fishbase_usercontrib/Chaetodon_interruptus_FishBaseUser_1473643388_162.158.165.25.jpg,fishbase_usercontrib,Chaetodon interruptus,Chaetodon interruptus,False,False
Chaetodon_collare_FishBaseUser_1739413410_172.71.124.180.jpg,/Users/michaelalfaro/Dropbox/git/downloading-fish-images-2026/images_fishbase_usercontrib/Chaetodon_collare_FishBaseUser_1739413410_172.71.124.180.jpg,fishbase_usercontrib,Chaetodon collare,Chaetodon collare,False,False
Chaetodon_lineolatus_FishBaseUser_1490486505_172.68.142.169.jpg,/Users/michaelalfaro/Dropbox/git/downloading-fish-images-2026/images_fishbase_usercontrib/Chaetodon_lineolatus_FishBaseUser_1490486505_172.68.142.169.jpg,fishbase_usercontrib,Chaetodon lineolatus,Chaetodon lineolatus,False,False
Chaetodon_citrinellus_FishBaseUser_1473651004_162.158.165.25.jpg,/Users/michaelalfaro/Dropbox/git/downloading-fish-images-2026/images_fishbase_usercontrib/Chaetodon_citrinellus_FishBaseUser_1473651004_162.158.165.25.jpg,fishbase_usercontrib,Chaetodon citrinellus,Chaetodon citrinellus,False,False
Chelmon_rostratus_FishBaseUser_1510303331_162.158.138.12.jpg,/Users/michaelalfaro/Dropbox/git/downloading-fish-images-2026/images_fishbase_usercontrib/Chelmon_rostratus_FishBaseUser_1510303331_162.158.138.12.jpg,fishbase_usercontrib,Chelmon rostratus,Chelmon rostratus,False,False
Chaetodon_octofasciatus_FishBaseUser_1672900799_162.158.179.76.jpg,/Users/michaelalfaro/Dropbox/git/downloading-fish-images-2026/images_fishbase_usercontrib/Chaetodon_octofasciatus_FishBaseUser_1672900799_162.158.179.76.jpg,fishbase_usercontrib,Chaetodon octofasciatus,Chaetodon octofasciatus,False,False
Chaetodon_pelewensis_FishBaseUser_1596612426_172.69.14.136.jpg,/Users/michaelalfaro/Dropbox/git/downloading-fish-images-2026/images_fishbase_usercontrib/Chaetodon_pelewensis_FishBaseUser_1596612426_172.69.14.136.jpg,fishbase_usercontrib,Chaetodon pelewensis,Chaetodon pelewensis,False,False
Heniochus_diphreutes_FishBaseUser_1703958233_108.162.210.114.jpg,/Users/michaelalfaro/Dropbox/git/downloading-fish-images-2026/images_fishbase_usercontrib/Heniochus_diphreutes_FishBaseUser_1703958233_108.162.210.114.jpg,fishbase_usercontrib,Heniochus diphreutes,Heniochus diphreutes,False,False
Chaetodon_multicinctus_FishBaseUser_1676187077_162.158.91.61.jpg,/Users/michaelalfaro/Dropbox/git/downloading-fish-images-2026/images_fishbase_usercontrib/Chaetodon_multicinctus_FishBaseUser_1676187077_162.158.91.61.jpg,fishbase_usercontrib,Chaetodon multicinctus,Chaetodon multicinctus,False,False
Chaetodon_vagabundus_FishBaseUser_1672901308_172.69.33.29.jpg,/Users/michaelalfaro/Dropbox/git/downloading-fish-images-2026/images_fishbase_usercontrib/Chaetodon_vagabundus_FishBaseUser_1672901308_172.69.33.29.jpg,fishbase_usercontrib,Chaetodon vagabundus,Chaetodon vagabundus,False,False
Chaetodon_ocellicaudus_FishBaseUser_1354819138_86.28.236.182.jpg,/Users/michaelalfaro/Dropbox/git/downloading-fish-images-2026/images_fishbase_usercontrib/Chaetodon_ocellicaudus_FishBaseUser_1354819138_86.28.236.182.jpg,fishbase_usercontrib,Chaetodon ocellicaudus,Chaetodon ocellicaudus,False,False
Chaetodon_collare_FishBaseUser_1452251054_94.198.18.55.jpg,/Users/michaelalfaro/Dropbox/git/downloading-fish-images-2026/images_fishbase_usercontrib/Chaetodon_collare_FishBaseUser_1452251054_94.198.18.55.jpg,fishbase_usercontrib,Chaetodon collare,Chaetodon collare,False,False
Chaetodon_paucifasciatus_FishBaseUser_1655397149_172.71.102.121.jpg,/Users/michaelalfaro/Dropbox/git/downloading-fish-images-2026/images_fishbase_usercontrib/Chaetodon_paucifasciatus_FishBaseUser_1655397149_172.71.102.121.jpg,fishbase_usercontrib,Chaetodon paucifasciatus,Chaetodon paucifasciatus,False,False
Heniochus_acuminatus_FishBaseUser_1739416905_172.70.208.160.jpg,/Users/michaelalfaro/Dropbox/git/downloading-fish-images-2026/images_fishbase_usercontrib/Heniochus_acuminatus_FishBaseUser_1739416905_172.70.208.160.jpg,fishbase_usercontrib,Heniochus acuminatus,Heniochus acuminatus,False,False
Chaetodon_speculum_FishBaseUser_1747234603_95.95.129.49.jpg,/Users/michaelalfaro/Dropbox/git/downloading-fish-images-2026/images_fishbase_usercontrib/Chaetodon_speculum_FishBaseUser_1747234603_95.95.129.49.jpg,fishbase_usercontrib,Chaetodon speculum,Chaetodon speculum,False,False
Chaetodon_trifascialis_FishBaseUser_1747235333_95.95.129.49.jpg,/Users/michaelalfaro/Dropbox/git/downloading-fish-images-2026/images_fishbase_usercontrib/Chaetodon_trifascialis_FishBaseUser_1747235333_95.95.129.49.jpg,fishbase_usercontrib,Chaetodon trifascialis,Chaetodon trifascialis,False,False
Chaetodon_striatus_FishBaseUser_1704493807_108.162.212.15.jpg,/Users/michaelalfaro/Dropbox/git/downloading-fish-images-2026/images_fishbase_usercontrib/Chaetodon_striatus_FishBaseUser_1704493807_108.162.212.15.jpg,fishbase_usercontrib,Chaetodon striatus,Chaetodon striatus,False,False
Chaetodon_humeralis_FishBaseUser_1751986879_89.187.187.84.jpg,/Users/michaelalfaro/Dropbox/git/downloading-fish-images-2026/images_fishbase_usercontrib/Chaetodon_humeralis_FishBaseUser_1751986879_89.187.187.84.jpg,fishbase_usercontrib,Chaetodon humeralis,Chaetodon humeralis,False,False
Heniochus_varius_FishBaseUser_1748177775_95.95.129.49.jpg,/Users/michaelalfaro/Dropbox/git/downloading-fish-images-2026/images_fishbase_usercontrib/Heniochus_varius_FishBaseUser_1748177775_95.95.129.49.jpg,fishbase_usercontrib,Heniochus varius,Heniochus varius,False,False
Chaetodon_gardineri_FishBaseUser_1566014661_172.69.244.170.jpg,/Users/michaelalfaro/Dropbox/git/downloading-fish-images-2026/images_fishbase_usercontrib/Chaetodon_gardineri_FishBaseUser_1566014661_172.69.244.170.jpg,fishbase_usercontrib,Chaetodon gardineri,Chaetodon gardineri,False,False
Chaetodon_octofasciatus_FishBaseUser_1524750600_162.158.167.158.jpg,/Users/michaelalfaro/Dropbox/git/downloading-fish-images-2026/images_fishbase_usercontrib/Chaetodon_octofasciatus_FishBaseUser_1524750600_162.158.167.158.jpg,fishbase_usercontrib,Chaetodon octofasciatus,Chaetodon octofasciatus,False,False
Chaetodon_burgessi_FishBaseUser_1368178716_114.155.226.67.jpg,/Users/michaelalfaro/Dropbox/git/downloading-fish-images-2026/images_fishbase_usercontrib/Chaetodon_burgessi_FishBaseUser_1368178716_114.155.226.67.jpg,fishbase_usercontrib,Chaetodon burgessi,Chaetodon burgessi,False,False
Chaetodon_ocellatus_FishBaseUser_1689857890_172.71.22.73.jpg,/Users/michaelalfaro/Dropbox/git/downloading-fish-images-2026/images_fishbase_usercontrib/Chaetodon_ocellatus_FishBaseUser_1689857890_172.71.22.73.jpg,fishbase_usercontrib,Chaetodon ocellatus,Chaetodon ocellatus,False,False
Coradion_chrysozonus_FishBaseUser_1723305897_172.70.255.79.jpg,/Users/michaelalfaro/Dropbox/git/downloading-fish-images-2026/images_fishbase_usercontrib/Coradion_chrysozonus_FishBaseUser_1723305897_172.70.255.79.jpg,fishbase_usercontrib,Coradion chrysozonus,Coradion chrysozonus,False,False
Chelmon_rostratus_FishBaseUser_1747172127_169.150.203.237.jpg,/Users/michaelalfaro/Dropbox/git/downloading-fish-images-2026/images_fishbase_usercontrib/Chelmon_rostratus_FishBaseUser_1747172127_169.150.203.237.jpg,fishbase_usercontrib,Chelmon rostratus,Chelmon rostratus,False,False
Chaetodon_citrinellus_FishBaseUser_1344098368_62.178.129.238.jpg,/Users/michaelalfaro/Dropbox/git/downloading-fish-images-2026/images_fishbase_usercontrib/Chaetodon_citrinellus_FishBaseUser_1344098368_62.178.129.238.jpg,fishbase_usercontrib,Chaetodon citrinellus,Chaetodon citrinellus,False,False
Chaetodon_guttatissimus_FishBaseUser_1747227004_95.95.129.49.jpg,/Users/michaelalfaro/Dropbox/git/downloading-fish-images-2026/images_fishbase_usercontrib/Chaetodon_guttatissimus_FishBaseUser_1747227004_95.95.129.49.jpg,fishbase_usercontrib,Chaetodon guttatissimus,Chaetodon guttatissimus,False,False
Forcipiger_flavissimus_FishBaseUser_1344200216_62.178.129.238.jpg,/Users/michaelalfaro/Dropbox/git/downloading-fish-images-2026/images_fishbase_usercontrib/Forcipiger_flavissimus_FishBaseUser_1344200216_62.178.129.238.jpg,fishbase_usercontrib,Forcipiger flavissimus,Forcipiger flavissimus,False,False
Chaetodon_austriacus_FishBaseUser_1705856644_108.162.212.67.jpg,/Users/michaelalfaro/Dropbox/git/downloading-fish-images-2026/images_fishbase_usercontrib/Chaetodon_austriacus_FishBaseUser_1705856644_108.162.212.67.jpg,fishbase_usercontrib,Chaetodon austriacus,Chaetodon austriacus,False,False
Forcipiger_longirostris_FishBaseUser_1760309408_101.115.183.201.jpg,/Users/michaelalfaro/Dropbox/git/downloading-fish-images-2026/images_fishbase_usercontrib/Forcipiger_longirostris_FishBaseUser_1760309408_101.115.183.201.jpg,fishbase_usercontrib,Forcipiger longirostris,Forcipiger longirostris,False,False
Heniochus_acuminatus_FishBaseUser_1435171341_39.33.202.206.jpg,/Users/michaelalfaro/Dropbox/git/downloading-fish-images-2026/images_fishbase_usercontrib/Heniochus_acuminatus_FishBaseUser_1435171341_39.33.202.206.jpg,fishbase_usercontrib,Heniochus acuminatus,Heniochus acuminatus,False,False
Chaetodon_hoefleri_FishBaseUser_1707174717_188.114.111.125.jpg,/Users/michaelalfaro/Dropbox/git/downloading-fish-images-2026/images_fishbase_usercontrib/Chaetodon_hoefleri_FishBaseUser_1707174717_188.114.111.125.jpg,fishbase_usercontrib,Chaetodon hoefleri,Chaetodon hoefleri,False,False
Chaetodon_mesoleucos_FishBaseUser_1508799035_172.68.102.54.jpg,/Users/michaelalfaro/Dropbox/git/downloading-fish-images-2026/images_fishbase_usercontrib/Chaetodon_mesoleucos_FishBaseUser_1508799035_172.68.102.54.jpg,fishbase_usercontrib,Chaetodon mesoleucos,Chaetodon mesoleucos,False,False
Chaetodon_paucifasciatus_FishBaseUser_1376819168_85.71.241.46.jpg,/Users/michaelalfaro/Dropbox/git/downloading-fish-images-2026/images_fishbase_usercontrib/Chaetodon_paucifasciatus_FishBaseUser_1376819168_85.71.241.46.jpg,fishbase_usercontrib,Chaetodon paucifasciatus,Chaetodon paucifasciatus,False,False
Heniochus_acuminatus_FishBaseUser_1435171275_39.33.202.206.jpg,/Users/michaelalfaro/Dropbox/git/downloading-fish-images-2026/images_fishbase_usercontrib/Heniochus_acuminatus_FishBaseUser_1435171275_39.33.202.206.jpg,fishbase_usercontrib,Heniochus acuminatus,Heniochus acuminatus,False,False
Chaetodon_auriga_FishBaseUser_1575022767_162.158.167.52.jpg,/Users/michaelalfaro/Dropbox/git/downloading-fish-images-2026/images_fishbase_usercontrib/Chaetodon_auriga_FishBaseUser_1575022767_162.158.167.52.jpg,fishbase_usercontrib,Chaetodon auriga,Chaetodon auriga,False,False
Chaetodon_speculum_FishBaseUser_1672901012_172.71.218.124.jpg,/Users/michaelalfaro/Dropbox/git/downloading-fish-images-2026/images_fishbase_usercontrib/Chaetodon_speculum_FishBaseUser_1672901012_172.71.218.124.jpg,fishbase_usercontrib,Chaetodon speculum,Chaetodon speculum,False,False
Heniochus_acuminatus_FishBaseUser_1424498408_94.198.16.174.jpg,/Users/michaelalfaro/Dropbox/git/downloading-fish-images-2026/images_fishbase_usercontrib/Heniochus_acuminatus_FishBaseUser_1424498408_94.198.16.174.jpg,fishbase_usercontrib,Heniochus acuminatus,Heniochus acuminatus,False,False
Coradion_chrysozonus_FishBaseUser_1569482893_172.68.141.54.jpg,/Users/michaelalfaro/Dropbox/git/downloading-fish-images-2026/images_fishbase_usercontrib/Coradion_chrysozonus_FishBaseUser_1569482893_172.68.141.54.jpg,fishbase_usercontrib,Coradion chrysozonus,Coradion chrysozonus,False,False
Hemitaurichthys_zoster_FishBaseUser_1519055724_188.114.102.246.jpg,/Users/michaelalfaro/Dropbox/git/downloading-fish-images-2026/images_fishbase_usercontrib/Hemitaurichthys_zoster_FishBaseUser_1519055724_188.114.102.246.jpg,fishbase_usercontrib,Hemitaurichthys zoster,Hemitaurichthys zoster,False,False
Hemitaurichthys_zoster_FishBaseUser_1473647686_162.158.165.25.jpg,/Users/michaelalfaro/Dropbox/git/downloading-fish-images-2026/images_fishbase_usercontrib/Hemitaurichthys_zoster_FishBaseUser_1473647686_162.158.165.25.jpg,fishbase_usercontrib,Hemitaurichthys zoster,Hemitaurichthys zoster,False,False
Chaetodon_miliaris_FishBaseUser_1706291476_172.70.82.22.jpg,/Users/michaelalfaro/Dropbox/git/downloading-fish-images-2026/images_fishbase_usercontrib/Chaetodon_miliaris_FishBaseUser_1706291476_172.70.82.22.jpg,fishbase_usercontrib,Chaetodon miliaris,Chaetodon miliaris,False,False
Chaetodon_collare_FishBaseUser_1761156255_203.189.184.146.jpg,/Users/michaelalfaro/Dropbox/git/downloading-fish-images-2026/images_fishbase_usercontrib/Chaetodon_collare_FishBaseUser_1761156255_203.189.184.146.jpg,fishbase_usercontrib,Chaetodon collare,Chaetodon collare,False,False
Heniochus_acuminatus_FishBaseUser_1481975447_188.114.102.52.jpg,/Users/michaelalfaro/Dropbox/git/downloading-fish-images-2026/images_fishbase_usercontrib/Heniochus_acuminatus_FishBaseUser_1481975447_188.114.102.52.jpg,fishbase_usercontrib,Heniochus acuminatus,Heniochus acuminatus,False,False
Chaetodon_lunulatus_FishBaseUser_1508798334_172.68.102.54.jpg,/Users/michaelalfaro/Dropbox/git/downloading-fish-images-2026/images_fishbase_usercontrib/Chaetodon_lunulatus_FishBaseUser_1508798334_172.68.102.54.jpg,fishbase_usercontrib,Chaetodon lunulatus,Chaetodon lunulatus,False,False
Chaetodon_falcula_FishBaseUser_1508796718_172.68.102.54.jpg,/Users/michaelalfaro/Dropbox/git/downloading-fish-images-2026/images_fishbase_usercontrib/Chaetodon_falcula_FishBaseUser_1508796718_172.68.102.54.jpg,fishbase_usercontrib,Chaetodon falcula,Chaetodon falcula,False,False
Coradion_chrysozonus_FishBaseUser_1558076283_141.101.99.211.jpg,/Users/michaelalfaro/Dropbox/git/downloading-fish-images-2026/images_fishbase_usercontrib/Coradion_chrysozonus_FishBaseUser_1558076283_141.101.99.211.jpg,fishbase_usercontrib,Coradion chrysozonus,Coradion chrysozonus,False,False
Heniochus_singularius_FishBaseUser_1454327638_94.198.18.55.jpg,/Users/michaelalfaro/Dropbox/git/downloading-fish-images-2026/images_fishbase_usercontrib/Heniochus_singularius_FishBaseUser_1454327638_94.198.18.55.jpg,fishbase_usercontrib,Heniochus singularius,Heniochus singularius,False,False
Chaetodon_kleinii_FishBaseUser_1723303647_172.70.255.80.jpg,/Users/michaelalfaro/Dropbox/git/downloading-fish-images-2026/images_fishbase_usercontrib/Chaetodon_kleinii_FishBaseUser_1723303647_172.70.255.80.jpg,fishbase_usercontrib,Chaetodon kleinii,Chaetodon kleinii,False,False
Chaetodon_wiebeli_FishBaseUser_1672901462_172.71.215.98.jpg,/Users/michaelalfaro/Dropbox/git/downloading-fish-images-2026/images_fishbase_usercontrib/Chaetodon_wiebeli_FishBaseUser_1672901462_172.71.215.98.jpg,fishbase_usercontrib,Chaetodon wiebeli,Chaetodon wiebeli,False,False
Chaetodon_octofasciatus_FishBaseUser_1406540491_210.212.251.114.jpg,/Users/michaelalfaro/Dropbox/git/downloading-fish-images-2026/images_fishbase_usercontrib/Chaetodon_octofasciatus_FishBaseUser_1406540491_210.212.251.114.jpg,fishbase_usercontrib,Chaetodon octofasciatus,Chaetodon octofasciatus,False,False
Chaetodon_kleinii_FishBaseUser_1469521644_162.158.167.12.jpg,/Users/michaelalfaro/Dropbox/git/downloading-fish-images-2026/images_fishbase_usercontrib/Chaetodon_kleinii_FishBaseUser_1469521644_162.158.167.12.jpg,fishbase_usercontrib,Chaetodon kleinii,Chaetodon kleinii,False,False
Chaetodon_austriacus_FishBaseUser_1747225338_95.95.129.49.jpg,/Users/michaelalfaro/Dropbox/git/downloading-fish-images-2026/images_fishbase_usercontrib/Chaetodon_austriacus_FishBaseUser_1747225338_95.95.129.49.jpg,fishbase_usercontrib,Chaetodon austriacus,Chaetodon austriacus,False,False
Chaetodon_decussatus_FishBaseUser_1418992173_164.100.150.114.jpg,/Users/michaelalfaro/Dropbox/git/downloading-fish-images-2026/images_fishbase_usercontrib/Chaetodon_decussatus_FishBaseUser_1418992173_164.100.150.114.jpg,fishbase_usercontrib,Chaetodon decussatus,Chaetodon decussatus,False,False
Chaetodon_baronessa_FishBaseUser_1706125656_172.70.55.133.jpg,/Users/michaelalfaro/Dropbox/git/downloading-fish-images-2026/images_fishbase_usercontrib/Chaetodon_baronessa_FishBaseUser_1706125656_172.70.55.133.jpg,fishbase_usercontrib,Chaetodon baronessa,Chaetodon baronessa,False,False
Chaetodon_meyeri_FishBaseUser_1747229967_95.95.129.49.jpg,/Users/michaelalfaro/Dropbox/git/downloading-fish-images-2026/images_fishbase_usercontrib/Chaetodon_meyeri_FishBaseUser_1747229967_95.95.129.49.jpg,fishbase_usercontrib,Chaetodon meyeri,Chaetodon meyeri,False,False
Chaetodon_selene_FishBaseUser_1672900943_172.71.218.124.jpg,/Users/michaelalfaro/Dropbox/git/downloading-fish-images-2026/images_fishbase_usercontrib/Chaetodon_selene_FishBaseUser_1672900943_172.71.218.124.jpg,fishbase_usercontrib,Chaetodon selene,Chaetodon selene,False,False
Forcipiger_flavissimus_FishBaseUser_1706290177_172.70.54.70.jpg,/Users/michaelalfaro/Dropbox/git/downloading-fish-images-2026/images_fishbase_usercontrib/Forcipiger_flavissimus_FishBaseUser_1706290177_172.70.54.70.jpg,fishbase_usercontrib,Forcipiger flavissimus,Forcipiger flavissimus,False,False
Chaetodon_speculum_FishBaseUser_1577142552_172.68.102.78.jpg,/Users/michaelalfaro/Dropbox/git/downloading-fish-images-2026/images_fishbase_usercontrib/Chaetodon_speculum_FishBaseUser_1577142552_172.68.102.78.jpg,fishbase_usercontrib,Chaetodon speculum,Chaetodon speculum,False,False
Chaetodon_vagabundus_FishBaseUser_1747236118_95.95.129.49.jpg,/Users/michaelalfaro/Dropbox/git/downloading-fish-images-2026/images_fishbase_usercontrib/Chaetodon_vagabundus_FishBaseUser_1747236118_95.95.129.49.jpg,fishbase_usercontrib,Chaetodon vagabundus,Chaetodon vagabundus,False,False
Chaetodon_capistratus_FishBaseUser_1376290842_67.188.132.137.jpg,/Users/michaelalfaro/Dropbox/git/downloading-fish-images-2026/images_fishbase_usercontrib/Chaetodon_capistratus_FishBaseUser_1376290842_67.188.132.137.jpg,fishbase_usercontrib,Chaetodon capistratus,Chaetodon capistratus,False,False
Heniochus_varius_FishBaseUser_1577526153_172.68.102.30.jpg,/Users/michaelalfaro/Dropbox/git/downloading-fish-images-2026/images_fishbase_usercontrib/Heniochus_varius_FishBaseUser_1577526153_172.68.102.30.jpg,fishbase_usercontrib,Heniochus varius,Heniochus varius,False,False
Heniochus_monoceros_FishBaseUser_1423726876_86.205.193.183.jpg,/Users/michaelalfaro/Dropbox/git/downloading-fish-images-2026/images_fishbase_usercontrib/Heniochus_monoceros_FishBaseUser_1423726876_86.205.193.183.jpg,fishbase_usercontrib,Heniochus monoceros,Heniochus monoceros,False,False
Chaetodon_kleinii_FishBaseUser_1706123923_172.70.54.83.jpg,/Users/michaelalfaro/Dropbox/git/downloading-fish-images-2026/images_fishbase_usercontrib/Chaetodon_kleinii_FishBaseUser_1706123923_172.70.54.83.jpg,fishbase_usercontrib,Chaetodon kleinii,Chaetodon kleinii,False,False
Chaetodon_lunulatus_FishBaseUser_1706913367_172.70.54.244.jpg,/Users/michaelalfaro/Dropbox/git/downloading-fish-images-2026/images_fishbase_usercontrib/Chaetodon_lunulatus_FishBaseUser_1706913367_172.70.54.244.jpg,fishbase_usercontrib,Chaetodon lunulatus,Chaetodon lunulatus,False,False
Chaetodon_baronessa_FishBaseUser_1444522709_24.215.186.224.jpg,/Users/michaelalfaro/Dropbox/git/downloading-fish-images-2026/images_fishbase_usercontrib/Chaetodon_baronessa_FishBaseUser_1444522709_24.215.186.224.jpg,fishbase_usercontrib,Chaetodon baronessa,Chaetodon baronessa,False,False
Chaetodon_ocellatus_FishBaseUser_1747231574_95.95.129.49.jpg,/Users/michaelalfaro/Dropbox/git/downloading-fish-images-2026/images_fishbase_usercontrib/Chaetodon_ocellatus_FishBaseUser_1747231574_95.95.129.49.jpg,fishbase_usercontrib,Chaetodon ocellatus,Chaetodon ocellatus,False,False
Heniochus_chrysostomus_FishBaseUser_1577525997_172.68.102.30.jpg,/Users/michaelalfaro/Dropbox/git/downloading-fish-images-2026/images_fishbase_usercontrib/Heniochus_chrysostomus_FishBaseUser_1577525997_172.68.102.30.jpg,fishbase_usercontrib,Heniochus chrysostomus,Heniochus chrysostomus,False,False
Roa_jayakari_FishBaseUser_1476521232_162.158.31.220.jpg,/Users/michaelalfaro/Dropbox/git/downloading-fish-images-2026/images_fishbase_usercontrib/Roa_jayakari_FishBaseUser_1476521232_162.158.31.220.jpg,fishbase_usercontrib,Roa jayakari,Roa jayakari,False,False
Chaetodon_xanthocephalus_FishBaseUser_1494615616_162.158.89.165.jpg,/Users/michaelalfaro/Dropbox/git/downloading-fish-images-2026/images_fishbase_usercontrib/Chaetodon_xanthocephalus_FishBaseUser_1494615616_162.158.89.165.jpg,fishbase_usercontrib,Chaetodon xanthocephalus,Chaetodon xanthocephalus,False,False
Chaetodon_lunulatus_FishBaseUser_1760687899_101.115.183.201.jpg,/Users/michaelalfaro/Dropbox/git/downloading-fish-images-2026/images_fishbase_usercontrib/Chaetodon_lunulatus_FishBaseUser_1760687899_101.115.183.201.jpg,fishbase_usercontrib,Chaetodon lunulatus,Chaetodon lunulatus,False,False
Chaetodon_triangulum_FishBaseUser_1423219576_86.10.40.87.jpg,/Users/michaelalfaro/Dropbox/git/downloading-fish-images-2026/images_fishbase_usercontrib/Chaetodon_triangulum_FishBaseUser_1423219576_86.10.40.87.jpg,fishbase_usercontrib,Chaetodon triangulum,Chaetodon triangulum,False,False
Chaetodon_larvatus_FishBaseUser_1671051307_108.162.237.70.jpg,/Users/michaelalfaro/Dropbox/git/downloading-fish-images-2026/images_fishbase_usercontrib/Chaetodon_larvatus_FishBaseUser_1671051307_108.162.237.70.jpg,fishbase_usercontrib,Chaetodon larvatus,Chaetodon larvatus,False,False
Chaetodon_selene_FishBaseUser_1368171404_114.155.226.67.jpg,/Users/michaelalfaro/Dropbox/git/downloading-fish-images-2026/images_fishbase_usercontrib/Chaetodon_selene_FishBaseUser_1368171404_114.155.226.67.jpg,fishbase_usercontrib,Chaetodon selene,Chaetodon selene,False,False
Chaetodon_lunula_FishBaseUser_1747227785_95.95.129.49.jpg,/Users/michaelalfaro/Dropbox/git/downloading-fish-images-2026/images_fishbase_usercontrib/Chaetodon_lunula_FishBaseUser_1747227785_95.95.129.49.jpg,fishbase_usercontrib,Chaetodon lunula,Chaetodon lunula,False,False
Chaetodon_collare_FishBaseUser_1481727910_188.114.102.52.jpg,/Users/michaelalfaro/Dropbox/git/downloading-fish-images-2026/images_fishbase_usercontrib/Chaetodon_collare_FishBaseUser_1481727910_188.114.102.52.jpg,fishbase_usercontrib,Chaetodon collare,Chaetodon collare,False,False
Chaetodon_meyeri_FishBaseUser_1473642555_162.158.165.25.jpg,/Users/michaelalfaro/Dropbox/git/downloading-fish-images-2026/images_fishbase_usercontrib/Chaetodon_meyeri_FishBaseUser_1473642555_162.158.165.25.jpg,fishbase_usercontrib,Chaetodon meyeri,Chaetodon meyeri,False,False
Chaetodon_mertensii_FishBaseUser_1734903683_162.158.155.13.jpg,/Users/michaelalfaro/Dropbox/git/downloading-fish-images-2026/images_fishbase_usercontrib/Chaetodon_mertensii_FishBaseUser_1734903683_162.158.155.13.jpg,fishbase_usercontrib,Chaetodon mertensii,Chaetodon mertensii,False,False
Chaetodon_capistratus_FishBaseUser_1617565421_162.158.75.220.jpg,/Users/michaelalfaro/Dropbox/git/downloading-fish-images-2026/images_fishbase_usercontrib/Chaetodon_capistratus_FishBaseUser_1617565421_162.158.75.220.jpg,fishbase_usercontrib,Chaetodon capistratus,Chaetodon capistratus,False,False
Chaetodon_gardineri_FishBaseUser_1566014717_172.69.244.170.jpg,/Users/michaelalfaro/Dropbox/git/downloading-fish-images-2026/images_fishbase_usercontrib/Chaetodon_gardineri_FishBaseUser_1566014717_172.69.244.170.jpg,fishbase_usercontrib,Chaetodon gardineri,Chaetodon gardineri,False,False
Chaetodon_hoefleri_FishBaseUser_1434007295_197.148.41.98.jpg,/Users/michaelalfaro/Dropbox/git/downloading-fish-images-2026/images_fishbase_usercontrib/Chaetodon_hoefleri_FishBaseUser_1434007295_197.148.41.98.jpg,fishbase_usercontrib,Chaetodon hoefleri,Chaetodon hoefleri,False,False
Chaetodon_gardineri_FishBaseUser_1566014827_172.69.244.170.jpg,/Users/michaelalfaro/Dropbox/git/downloading-fish-images-2026/images_fishbase_usercontrib/Chaetodon_gardineri_FishBaseUser_1566014827_172.69.244.170.jpg,fishbase_usercontrib,Chaetodon gardineri,Chaetodon gardineri,False,False
Chaetodon_rafflesii_FishBaseUser_1509181396_172.68.102.54.jpg,/Users/michaelalfaro/Dropbox/git/downloading-fish-images-2026/images_fishbase_usercontrib/Chaetodon_rafflesii_FishBaseUser_1509181396_172.68.102.54.jpg,fishbase_usercontrib,Chaetodon rafflesii,Chaetodon rafflesii,False,False
Coradion_chrysozonus_FishBaseUser_1723305939_172.70.255.80.jpg,/Users/michaelalfaro/Dropbox/git/downloading-fish-images-2026/images_fishbase_usercontrib/Coradion_chrysozonus_FishBaseUser_1723305939_172.70.255.80.jpg,fishbase_usercontrib,Coradion chrysozonus,Coradion chrysozonus,False,False
Chelmon_rostratus_FishBaseUser_1520146254_188.114.110.108.jpg,/Users/michaelalfaro/Dropbox/git/downloading-fish-images-2026/images_fishbase_usercontrib/Chelmon_rostratus_FishBaseUser_1520146254_188.114.110.108.jpg,fishbase_usercontrib,Chelmon rostratus,Chelmon rostratus,False,False
Heniochus_monoceros_FishBaseUser_1473562613_162.158.165.25.jpg,/Users/michaelalfaro/Dropbox/git/downloading-fish-images-2026/images_fishbase_usercontrib/Heniochus_monoceros_FishBaseUser_1473562613_162.158.165.25.jpg,fishbase_usercontrib,Heniochus monoceros,Heniochus monoceros,False,False
Chaetodon_bennetti_FishBaseUser_1741627575_188.114.102.234.jpg,/Users/michaelalfaro/Dropbox/git/downloading-fish-images-2026/images_fishbase_usercontrib/Chaetodon_bennetti_FishBaseUser_1741627575_188.114.102.234.jpg,fishbase_usercontrib,Chaetodon bennetti,Chaetodon bennetti,False,False
Chaetodon_blackburnii_FishBaseUser_1692770238_172.70.90.51.jpg,/Users/michaelalfaro/Dropbox/git/downloading-fish-images-2026/images_fishbase_usercontrib/Chaetodon_blackburnii_FishBaseUser_1692770238_172.70.90.51.jpg,fishbase_usercontrib,Chaetodon blackburnii,Chaetodon blackburnii,False,False
Chaetodon_punctatofasciatus_FishBaseUser_1617659926_162.158.75.92.jpg,/Users/michaelalfaro/Dropbox/git/downloading-fish-images-2026/images_fishbase_usercontrib/Chaetodon_punctatofasciatus_FishBaseUser_1617659926_162.158.75.92.jpg,fishbase_usercontrib,Chaetodon punctatofasciatus,Chaetodon punctatofasciatus,False,False
Chaetodon_striatus_FishBaseUser_1423148244_86.205.57.96.jpg,/Users/michaelalfaro/Dropbox/git/downloading-fish-images-2026/images_fishbase_usercontrib/Chaetodon_striatus_FishBaseUser_1423148244_86.205.57.96.jpg,fishbase_usercontrib,Chaetodon striatus,Chaetodon striatus,False,False
Heniochus_intermedius_FishBaseUser_1748176968_95.95.129.49.jpg,/Users/michaelalfaro/Dropbox/git/downloading-fish-images-2026/images_fishbase_usercontrib/Heniochus_intermedius_FishBaseUser_1748176968_95.95.129.49.jpg,fishbase_usercontrib,Heniochus intermedius,Heniochus intermedius,False,False
Chaetodon_striatus_FishBaseUser_1747234862_95.95.129.49.jpg,/Users/michaelalfaro/Dropbox/git/downloading-fish-images-2026/images_fishbase_usercontrib/Chaetodon_striatus_FishBaseUser_1747234862_95.95.129.49.jpg,fishbase_usercontrib,Chaetodon striatus,Chaetodon striatus,False,False
Heniochus_chrysostomus_FishBaseUser_1748164718_95.95.129.49.jpg,/Users/michaelalfaro/Dropbox/git/downloading-fish-images-2026/images_fishbase_usercontrib/Heniochus_chrysostomus_FishBaseUser_1748164718_95.95.129.49.jpg,fishbase_usercontrib,Heniochus chrysostomus,Heniochus chrysostomus,False,False
Prognathodes_aya_FishBaseUser_1598572601_162.158.187.179.jpg,/Users/michaelalfaro/Dropbox/git/downloading-fish-images-2026/images_fishbase_usercontrib/Prognathodes_aya_FishBaseUser_1598572601_162.158.187.179.jpg,fishbase_usercontrib,Prognathodes aya,Prognathodes aya,False,False
Chaetodon_lunulatus_FishBaseUser_1338031405_67.49.174.50.jpg,/Users/michaelalfaro/Dropbox/git/downloading-fish-images-2026/images_fishbase_usercontrib/Chaetodon_lunulatus_FishBaseUser_1338031405_67.49.174.50.jpg,fishbase_usercontrib,Chaetodon lunulatus,Chaetodon lunulatus,False,False
Chelmon_rostratus_FishBaseUser_1509274041_172.68.102.54.jpg,/Users/michaelalfaro/Dropbox/git/downloading-fish-images-2026/images_fishbase_usercontrib/Chelmon_rostratus_FishBaseUser_1509274041_172.68.102.54.jpg,fishbase_usercontrib,Chelmon rostratus,Chelmon rostratus,False,False
Chaetodon_robustus_FishBaseUser_1747233436_95.95.129.49.jpg,/Users/michaelalfaro/Dropbox/git/downloading-fish-images-2026/images_fishbase_usercontrib/Chaetodon_robustus_FishBaseUser_1747233436_95.95.129.49.jpg,fishbase_usercontrib,Chaetodon robustus,Chaetodon robustus,False,False
Chaetodon_citrinellus_FishBaseUser_1747226259_95.95.129.49.jpg,/Users/michaelalfaro/Dropbox/git/downloading-fish-images-2026/images_fishbase_usercontrib/Chaetodon_citrinellus_FishBaseUser_1747226259_95.95.129.49.jpg,fishbase_usercontrib,Chaetodon citrinellus,Chaetodon citrinellus,False,False
Chaetodon_ocellatus_FishBaseUser_1712080330_172.70.83.77.jpg,/Users/michaelalfaro/Dropbox/git/downloading-fish-images-2026/images_fishbase_usercontrib/Chaetodon_ocellatus_FishBaseUser_1712080330_172.70.83.77.jpg,fishbase_usercontrib,Chaetodon ocellatus,Chaetodon ocellatus,False,False
Chaetodon_capistratus_FishBaseUser_1711483687_172.70.254.83.jpg,/Users/michaelalfaro/Dropbox/git/downloading-fish-images-2026/images_fishbase_usercontrib/Chaetodon_capistratus_FishBaseUser_1711483687_172.70.254.83.jpg,fishbase_usercontrib,Chaetodon capistratus,Chaetodon capistratus,False,False
Chaetodon_triangulum_FishBaseUser_3232418624_1960.jpg,/Users/michaelalfaro/Dropbox/git/downloading-fish-images-2026/images_fishbase_usercontrib/Chaetodon_triangulum_FishBaseUser_3232418624_1960.jpg,fishbase_usercontrib,Chaetodon triangulum,Chaetodon triangulum,False,False
Chaetodon_melannotus_FishBaseUser_1672900495_162.158.179.75.jpg,/Users/michaelalfaro/Dropbox/git/downloading-fish-images-2026/images_fishbase_usercontrib/Chaetodon_melannotus_FishBaseUser_1672900495_162.158.179.75.jpg,fishbase_usercontrib,Chaetodon melannotus,Chaetodon melannotus,False,False
Chaetodon_octofasciatus_FishBaseUser_1723301095_172.69.132.223.jpg,/Users/michaelalfaro/Dropbox/git/downloading-fish-images-2026/images_fishbase_usercontrib/Chaetodon_octofasciatus_FishBaseUser_1723301095_172.69.132.223.jpg,fishbase_usercontrib,Chaetodon octofasciatus,Chaetodon octofasciatus,False,False
Heniochus_acuminatus_FishBaseUser_1569828542_172.68.141.60.jpg,/Users/michaelalfaro/Dropbox/git/downloading-fish-images-2026/images_fishbase_usercontrib/Heniochus_acuminatus_FishBaseUser_1569828542_172.68.141.60.jpg,fishbase_usercontrib,Heniochus acuminatus,Heniochus acuminatus,False,False
Chelmon_rostratus_FishBaseUser_1392684020_71.202.224.33.jpg,/Users/michaelalfaro/Dropbox/git/downloading-fish-images-2026/images_fishbase_usercontrib/Chelmon_rostratus_FishBaseUser_1392684020_71.202.224.33.jpg,fishbase_usercontrib,Chelmon rostratus,Chelmon rostratus,False,False
Chaetodon_citrinellus_FishBaseUser_1724961870_172.68.91.158.jpg,/Users/michaelalfaro/Dropbox/git/downloading-fish-images-2026/images_fishbase_usercontrib/Chaetodon_citrinellus_FishBaseUser_1724961870_172.68.91.158.jpg,fishbase_usercontrib,Chaetodon citrinellus,Chaetodon citrinellus,False,False
Chaetodon_punctatofasciatus_FishBaseUser_1577142157_172.68.102.78.jpg,/Users/michaelalfaro/Dropbox/git/downloading-fish-images-2026/images_fishbase_usercontrib/Chaetodon_punctatofasciatus_FishBaseUser_1577142157_172.68.102.78.jpg,fishbase_usercontrib,Chaetodon punctatofasciatus,Chaetodon punctatofasciatus,False,False
Chaetodon_rainfordi_FishBaseUser_1703950715_108.162.210.111.jpg,/Users/michaelalfaro/Dropbox/git/downloading-fish-images-2026/images_fishbase_usercontrib/Chaetodon_rainfordi_FishBaseUser_1703950715_108.162.210.111.jpg,fishbase_usercontrib,Chaetodon rainfordi,Chaetodon rainfordi,False,False
Chaetodon_trifascialis_FishBaseUser_1747235378_95.95.129.49.jpg,/Users/michaelalfaro/Dropbox/git/downloading-fish-images-2026/images_fishbase_usercontrib/Chaetodon_trifascialis_FishBaseUser_1747235378_95.95.129.49.jpg,fishbase_usercontrib,Chaetodon trifascialis,Chaetodon trifascialis,False,False
Heniochus_varius_FishBaseUser_1354795177_86.28.236.182.jpg,/Users/michaelalfaro/Dropbox/git/downloading-fish-images-2026/images_fishbase_usercontrib/Heniochus_varius_FishBaseUser_1354795177_86.28.236.182.jpg,fishbase_usercontrib,Heniochus varius,Heniochus varius,False,False
Forcipiger_longirostris_FishBaseUser_1414547612_128.250.0.139.jpg,/Users/michaelalfaro/Dropbox/git/downloading-fish-images-2026/images_fishbase_usercontrib/Forcipiger_longirostris_FishBaseUser_1414547612_128.250.0.139.jpg,fishbase_usercontrib,Forcipiger longirostris,Forcipiger longirostris,False,False
Coradion_chrysozonus_FishBaseUser_1492968478_108.162.216.108.jpg,/Users/michaelalfaro/Dropbox/git/downloading-fish-images-2026/images_fishbase_usercontrib/Coradion_chrysozonus_FishBaseUser_1492968478_108.162.216.108.jpg,fishbase_usercontrib,Coradion chrysozonus,Coradion chrysozonus,False,False
Chaetodon_lunulatus_FishBaseUser_1577141345_172.68.102.30.jpg,/Users/michaelalfaro/Dropbox/git/downloading-fish-images-2026/images_fishbase_usercontrib/Chaetodon_lunulatus_FishBaseUser_1577141345_172.68.102.30.jpg,fishbase_usercontrib,Chaetodon lunulatus,Chaetodon lunulatus,False,False
Chaetodon_vagabundus_FishBaseUser_1706127278_172.70.82.201.jpg,/Users/michaelalfaro/Dropbox/git/downloading-fish-images-2026/images_fishbase_usercontrib/Chaetodon_vagabundus_FishBaseUser_1706127278_172.70.82.201.jpg,fishbase_usercontrib,Chaetodon vagabundus,Chaetodon vagabundus,False,False
Hemitaurichthys_zoster_FishBaseUser_1473647790_162.158.165.25.jpg,/Users/michaelalfaro/Dropbox/git/downloading-fish-images-2026/images_fishbase_usercontrib/Hemitaurichthys_zoster_FishBaseUser_1473647790_162.158.165.25.jpg,fishbase_usercontrib,Hemitaurichthys zoster,Hemitaurichthys zoster,False,False
Heniochus_diphreutes_FishBaseUser_1671308404_108.162.238.16.jpg,/Users/michaelalfaro/Dropbox/git/downloading-fish-images-2026/images_fishbase_usercontrib/Heniochus_diphreutes_FishBaseUser_1671308404_108.162.238.16.jpg,fishbase_usercontrib,Heniochus diphreutes,Heniochus diphreutes,False,False
Forcipiger_longirostris_FishBaseUser_1706120257_172.70.255.81.jpg,/Users/michaelalfaro/Dropbox/git/downloading-fish-images-2026/images_fishbase_usercontrib/Forcipiger_longirostris_FishBaseUser_1706120257_172.70.255.81.jpg,fishbase_usercontrib,Forcipiger longirostris,Forcipiger longirostris,False,False
Heniochus_acuminatus_FishBaseUser_1748164433_95.95.129.49.jpg,/Users/michaelalfaro/Dropbox/git/downloading-fish-images-2026/images_fishbase_usercontrib/Heniochus_acuminatus_FishBaseUser_1748164433_95.95.129.49.jpg,fishbase_usercontrib,Heniochus acuminatus,Heniochus acuminatus,False,False
Chaetodon_auriga_FishBaseUser_1747225153_95.95.129.49.jpg,/Users/michaelalfaro/Dropbox/git/downloading-fish-images-2026/images_fishbase_usercontrib/Chaetodon_auriga_FishBaseUser_1747225153_95.95.129.49.jpg,fishbase_usercontrib,Chaetodon auriga,Chaetodon auriga,False,False
Chelmon_rostratus_FishBaseUser_1569481809_172.68.141.204.jpg,/Users/michaelalfaro/Dropbox/git/downloading-fish-images-2026/images_fishbase_usercontrib/Chelmon_rostratus_FishBaseUser_1569481809_172.68.141.204.jpg,fishbase_usercontrib,Chelmon rostratus,Chelmon rostratus,False,False
Chaetodon_melannotus_FishBaseUser_1747228429_95.95.129.49.jpg,/Users/michaelalfaro/Dropbox/git/downloading-fish-images-2026/images_fishbase_usercontrib/Chaetodon_melannotus_FishBaseUser_1747228429_95.95.129.49.jpg,fishbase_usercontrib,Chaetodon melannotus,Chaetodon melannotus,False,False
Chaetodon_oxycephalus_FishBaseUser_1752920869_219.77.80.48.jpg,/Users/michaelalfaro/Dropbox/git/downloading-fish-images-2026/images_fishbase_usercontrib/Chaetodon_oxycephalus_FishBaseUser_1752920869_219.77.80.48.jpg,fishbase_usercontrib,Chaetodon oxycephalus,Chaetodon oxycephalus,False,False
Heniochus_diphreutes_FishBaseUser_1748176781_95.95.129.49.jpg,/Users/michaelalfaro/Dropbox/git/downloading-fish-images-2026/images_fishbase_usercontrib/Heniochus_diphreutes_FishBaseUser_1748176781_95.95.129.49.jpg,fishbase_usercontrib,Heniochus diphreutes,Heniochus diphreutes,False,False
Heniochus_chrysostomus_FishBaseUser_1341436591_24.185.16.14.jpg,/Users/michaelalfaro/Dropbox/git/downloading-fish-images-2026/images_fishbase_usercontrib/Heniochus_chrysostomus_FishBaseUser_1341436591_24.185.16.14.jpg,fishbase_usercontrib,Heniochus chrysostomus,Heniochus chrysostomus,False,False
Chaetodon_octofasciatus_FishBaseUser_1469522064_162.158.167.12.jpg,/Users/michaelalfaro/Dropbox/git/downloading-fish-images-2026/images_fishbase_usercontrib/Chaetodon_octofasciatus_FishBaseUser_1469522064_162.158.167.12.jpg,fishbase_usercontrib,Chaetodon octofasciatus,Chaetodon octofasciatus,False,False
Chaetodon_punctatofasciatus_FishBaseUser_1509181158_172.68.102.54.jpg,/Users/michaelalfaro/Dropbox/git/downloading-fish-images-2026/images_fishbase_usercontrib/Chaetodon_punctatofasciatus_FishBaseUser_1509181158_172.68.102.54.jpg,fishbase_usercontrib,Chaetodon punctatofasciatus,Chaetodon punctatofasciatus,False,False
Chaetodon_striatus_FishBaseUser_1522896022_172.68.25.30.jpg,/Users/michaelalfaro/Dropbox/git/downloading-fish-images-2026/images_fishbase_usercontrib/Chaetodon_striatus_FishBaseUser_1522896022_172.68.25.30.jpg,fishbase_usercontrib,Chaetodon striatus,Chaetodon striatus,False,False
Chaetodon_lineolatus_FishBaseUser_1508797940_172.68.102.54.jpg,/Users/michaelalfaro/Dropbox/git/downloading-fish-images-2026/images_fishbase_usercontrib/Chaetodon_lineolatus_FishBaseUser_1508797940_172.68.102.54.jpg,fishbase_usercontrib,Chaetodon lineolatus,Chaetodon lineolatus,False,False
Parachaetodon_ocellatus_FishBaseUser_1613395906_162.158.167.180.jpg,/Users/michaelalfaro/Dropbox/git/downloading-fish-images-2026/images_fishbase_usercontrib/Parachaetodon_ocellatus_FishBaseUser_1613395906_162.158.167.180.jpg,fishbase_usercontrib,Parachaetodon ocellatus,Parachaetodon ocellatus,False,False
Chaetodon_semilarvatus_FishBaseUser_1588281838_141.101.98.34.jpg,/Users/michaelalfaro/Dropbox/git/downloading-fish-images-2026/images_fishbase_usercontrib/Chaetodon_semilarvatus_FishBaseUser_1588281838_141.101.98.34.jpg,fishbase_usercontrib,Chaetodon semilarvatus,Chaetodon semilarvatus,False,False
Coradion_chrysozonus_FishBaseUser_1569482956_172.68.132.67.jpg,/Users/michaelalfaro/Dropbox/git/downloading-fish-images-2026/images_fishbase_usercontrib/Coradion_chrysozonus_FishBaseUser_1569482956_172.68.132.67.jpg,fishbase_usercontrib,Coradion chrysozonus,Coradion chrysozonus,False,False
Roa_jayakari_FishBaseUser_1476521377_162.158.31.220.jpg,/Users/michaelalfaro/Dropbox/git/downloading-fish-images-2026/images_fishbase_usercontrib/Roa_jayakari_FishBaseUser_1476521377_162.158.31.220.jpg,fishbase_usercontrib,Roa jayakari,Roa jayakari,False,False
Chaetodon_auriga_FishBaseUser_1585565083_141.101.69.75.jpg,/Users/michaelalfaro/Dropbox/git/downloading-fish-images-2026/images_fishbase_usercontrib/Chaetodon_auriga_FishBaseUser_1585565083_141.101.69.75.jpg,fishbase_usercontrib,Chaetodon auriga,Chaetodon auriga,False,False
Hemitaurichthys_polylepis_FishBaseUser_1704996733_108.162.212.117.jpg,/Users/michaelalfaro/Dropbox/git/downloading-fish-images-2026/images_fishbase_usercontrib/Hemitaurichthys_polylepis_FishBaseUser_1704996733_108.162.212.117.jpg,fishbase_usercontrib,Hemitaurichthys polylepis,Hemitaurichthys polylepis,False,False
Roa_jayakari_FishBaseUser_1380914654_182.178.28.52.jpg,/Users/michaelalfaro/Dropbox/git/downloading-fish-images-2026/images_fishbase_usercontrib/Roa_jayakari_FishBaseUser_1380914654_182.178.28.52.jpg,fishbase_usercontrib,Roa jayakari,Roa jayakari,False,False
Heniochus_varius_FishBaseUser_1703948963_108.162.210.110.jpg,/Users/michaelalfaro/Dropbox/git/downloading-fish-images-2026/images_fishbase_usercontrib/Heniochus_varius_FishBaseUser_1703948963_108.162.210.110.jpg,fishbase_usercontrib,Heniochus varius,Heniochus varius,False,False
Chaetodon_plebeius_FishBaseUser_1703891867_172.70.55.134.jpg,/Users/michaelalfaro/Dropbox/git/downloading-fish-images-2026/images_fishbase_usercontrib/Chaetodon_plebeius_FishBaseUser_1703891867_172.70.55.134.jpg,fishbase_usercontrib,Chaetodon plebeius,Chaetodon plebeius,False,False
Chaetodon_octofasciatus_FishBaseUser_1672900851_172.71.214.7.jpg,/Users/michaelalfaro/Dropbox/git/downloading-fish-images-2026/images_fishbase_usercontrib/Chaetodon_octofasciatus_FishBaseUser_1672900851_172.71.214.7.jpg,fishbase_usercontrib,Chaetodon octofasciatus,Chaetodon octofasciatus,False,False
Chelmon_rostratus_FishBaseUser_1747172170_169.150.203.237.jpg,/Users/michaelalfaro/Dropbox/git/downloading-fish-images-2026/images_fishbase_usercontrib/Chelmon_rostratus_FishBaseUser_1747172170_169.150.203.237.jpg,fishbase_usercontrib,Chelmon rostratus,Chelmon rostratus,False,False
Chaetodon_octofasciatus_FishBaseUser_1339683352_86.10.200.84.jpg,/Users/michaelalfaro/Dropbox/git/downloading-fish-images-2026/images_fishbase_usercontrib/Chaetodon_octofasciatus_FishBaseUser_1339683352_86.10.200.84.jpg,fishbase_usercontrib,Chaetodon octofasciatus,Chaetodon octofasciatus,False,False
Chaetodon_adiergastos_FishBaseUser_1577140803_172.68.102.30.jpg,/Users/michaelalfaro/Dropbox/git/downloading-fish-images-2026/images_fishbase_usercontrib/Chaetodon_adiergastos_FishBaseUser_1577140803_172.68.102.30.jpg,fishbase_usercontrib,Chaetodon adiergastos,Chaetodon adiergastos,False,False
Chaetodon_decussatus_FishBaseUser_1761156372_203.189.184.146.jpg,/Users/michaelalfaro/Dropbox/git/downloading-fish-images-2026/images_fishbase_usercontrib/Chaetodon_decussatus_FishBaseUser_1761156372_203.189.184.146.jpg,fishbase_usercontrib,Chaetodon decussatus,Chaetodon decussatus,False,False
Chaetodon_striatus_FishBaseUser_1711482796_172.70.55.113.jpg,/Users/michaelalfaro/Dropbox/git/downloading-fish-images-2026/images_fishbase_usercontrib/Chaetodon_striatus_FishBaseUser_1711482796_172.70.55.113.jpg,fishbase_usercontrib,Chaetodon striatus,Chaetodon striatus,False,False
Forcipiger_flavissimus_FishBaseUser_1706913878_172.70.255.37.jpg,/Users/michaelalfaro/Dropbox/git/downloading-fish-images-2026/images_fishbase_usercontrib/Forcipiger_flavissimus_FishBaseUser_1706913878_172.70.255.37.jpg,fishbase_usercontrib,Forcipiger flavissimus,Forcipiger flavissimus,False,False
Chelmon_rostratus_FishBaseUser_1570357428_162.158.106.212.jpg,/Users/michaelalfaro/Dropbox/git/downloading-fish-images-2026/images_fishbase_usercontrib/Chelmon_rostratus_FishBaseUser_1570357428_162.158.106.212.jpg,fishbase_usercontrib,Chelmon rostratus,Chelmon rostratus,False,False
Chaetodon_capistratus_FishBaseUser_1747226043_95.95.129.49.jpg,/Users/michaelalfaro/Dropbox/git/downloading-fish-images-2026/images_fishbase_usercontrib/Chaetodon_capistratus_FishBaseUser_1747226043_95.95.129.49.jpg,fishbase_usercontrib,Chaetodon capistratus,Chaetodon capistratus,False,False
Chaetodon_auriga_FishBaseUser_1704668297_172.70.55.156.jpg,/Users/michaelalfaro/Dropbox/git/downloading-fish-images-2026/images_fishbase_usercontrib/Chaetodon_auriga_FishBaseUser_1704668297_172.70.55.156.jpg,fishbase_usercontrib,Chaetodon auriga,Chaetodon auriga,False,False
Chaetodon_punctatofasciatus_FishBaseUser_1492969549_108.162.216.108.jpg,/Users/michaelalfaro/Dropbox/git/downloading-fish-images-2026/images_fishbase_usercontrib/Chaetodon_punctatofasciatus_FishBaseUser_1492969549_108.162.216.108.jpg,fishbase_usercontrib,Chaetodon punctatofasciatus,Chaetodon punctatofasciatus,False,False
Chaetodon_meyeri_FishBaseUser_1385986321_81.98.202.4.jpg,/Users/michaelalfaro/Dropbox/git/downloading-fish-images-2026/images_fishbase_usercontrib/Chaetodon_meyeri_FishBaseUser_1385986321_81.98.202.4.jpg,fishbase_usercontrib,Chaetodon meyeri,Chaetodon meyeri,False,False
Chaetodon_ornatissimus_FishBaseUser_1469522144_162.158.167.12.jpg,/Users/michaelalfaro/Dropbox/git/downloading-fish-images-2026/images_fishbase_usercontrib/Chaetodon_ornatissimus_FishBaseUser_1469522144_162.158.167.12.jpg,fishbase_usercontrib,Chaetodon ornatissimus,Chaetodon ornatissimus,False,False
Chaetodon_octofasciatus_FishBaseUser_1527581132_162.158.22.210.jpg,/Users/michaelalfaro/Dropbox/git/downloading-fish-images-2026/images_fishbase_usercontrib/Chaetodon_octofasciatus_FishBaseUser_1527581132_162.158.22.210.jpg,fishbase_usercontrib,Chaetodon octofasciatus,Chaetodon octofasciatus,False,False
Chaetodon_ocellatus_FishBaseUser_1690137999_172.71.82.68.jpg,/Users/michaelalfaro/Dropbox/git/downloading-fish-images-2026/images_fishbase_usercontrib/Chaetodon_ocellatus_FishBaseUser_1690137999_172.71.82.68.jpg,fishbase_usercontrib,Chaetodon ocellatus,Chaetodon ocellatus,False,False
Chaetodon_ulietensis_FishBaseUser_1509182680_172.68.102.54.jpg,/Users/michaelalfaro/Dropbox/git/downloading-fish-images-2026/images_fishbase_usercontrib/Chaetodon_ulietensis_FishBaseUser_1509182680_172.68.102.54.jpg,fishbase_usercontrib,Chaetodon ulietensis,Chaetodon ulietensis,False,False
Chaetodon_rafflesii_FishBaseUser_1577142348_172.68.102.78.jpg,/Users/michaelalfaro/Dropbox/git/downloading-fish-images-2026/images_fishbase_usercontrib/Chaetodon_rafflesii_FishBaseUser_1577142348_172.68.102.78.jpg,fishbase_usercontrib,Chaetodon rafflesii,Chaetodon rafflesii,False,False
Heniochus_acuminatus_FishBaseUser_1672901758_162.158.178.62.jpg,/Users/michaelalfaro/Dropbox/git/downloading-fish-images-2026/images_fishbase_usercontrib/Heniochus_acuminatus_FishBaseUser_1672901758_162.158.178.62.jpg,fishbase_usercontrib,Heniochus acuminatus,Heniochus acuminatus,False,False
Chaetodon_sedentarius_FishBaseUser_1616347501_108.162.210.120.jpg,/Users/michaelalfaro/Dropbox/git/downloading-fish-images-2026/images_fishbase_usercontrib/Chaetodon_sedentarius_FishBaseUser_1616347501_108.162.210.120.jpg,fishbase_usercontrib,Chaetodon sedentarius,Chaetodon sedentarius,False,False
Chaetodon_adiergastos_FishBaseUser_1354818522_86.28.236.182.jpg,/Users/michaelalfaro/Dropbox/git/downloading-fish-images-2026/images_fishbase_usercontrib/Chaetodon_adiergastos_FishBaseUser_1354818522_86.28.236.182.jpg,fishbase_usercontrib,Chaetodon adiergastos,Chaetodon adiergastos,False,False
Chelmon_rostratus_FishBaseUser_1569481843_172.68.132.127.jpg,/Users/michaelalfaro/Dropbox/git/downloading-fish-images-2026/images_fishbase_usercontrib/Chelmon_rostratus_FishBaseUser_1569481843_172.68.132.127.jpg,fishbase_usercontrib,Chelmon rostratus,Chelmon rostratus,False,False
Chaetodon_quadrimaculatus_FishBaseUser_1473590004_108.162.215.216.jpg,/Users/michaelalfaro/Dropbox/git/downloading-fish-images-2026/images_fishbase_usercontrib/Chaetodon_quadrimaculatus_FishBaseUser_1473590004_108.162.215.216.jpg,fishbase_usercontrib,Chaetodon quadrimaculatus,Chaetodon quadrimaculatus,False,False
Chaetodon_ulietensis_FishBaseUser_1473758818_108.162.215.216.jpg,/Users/michaelalfaro/Dropbox/git/downloading-fish-images-2026/images_fishbase_usercontrib/Chaetodon_ulietensis_FishBaseUser_1473758818_108.162.215.216.jpg,fishbase_usercontrib,Chaetodon ulietensis,Chaetodon ulietensis,False,False
Chaetodon_auriga_FishBaseUser_1705879547_172.70.254.95.jpg,/Users/michaelalfaro/Dropbox/git/downloading-fish-images-2026/images_fishbase_usercontrib/Chaetodon_auriga_FishBaseUser_1705879547_172.70.254.95.jpg,fishbase_usercontrib,Chaetodon auriga,Chaetodon auriga,False,False
Chaetodon_ornatissimus_FishBaseUser_1706289204_108.162.212.117.jpg,/Users/michaelalfaro/Dropbox/git/downloading-fish-images-2026/images_fishbase_usercontrib/Chaetodon_ornatissimus_FishBaseUser_1706289204_108.162.212.117.jpg,fishbase_usercontrib,Chaetodon ornatissimus,Chaetodon ornatissimus,False,False
Chaetodon_capistratus_FishBaseUser_1706474720_172.70.254.13.jpg,/Users/michaelalfaro/Dropbox/git/downloading-fish-images-2026/images_fishbase_usercontrib/Chaetodon_capistratus_FishBaseUser_1706474720_172.70.254.13.jpg,fishbase_usercontrib,Chaetodon capistratus,Chaetodon capistratus,False,False
Chaetodon_baronessa_FishBaseUser_1577140889_172.68.102.30.jpg,/Users/michaelalfaro/Dropbox/git/downloading-fish-images-2026/images_fishbase_usercontrib/Chaetodon_baronessa_FishBaseUser_1577140889_172.68.102.30.jpg,fishbase_usercontrib,Chaetodon baronessa,Chaetodon baronessa,False,False
Chaetodon_humeralis_FishBaseUser_1751986855_89.187.187.84.jpg,/Users/michaelalfaro/Dropbox/git/downloading-fish-images-2026/images_fishbase_usercontrib/Chaetodon_humeralis_FishBaseUser_1751986855_89.187.187.84.jpg,fishbase_usercontrib,Chaetodon humeralis,Chaetodon humeralis,False,False
Chaetodon_collare_FishBaseUser_1491819426_162.158.155.112.jpg,/Users/michaelalfaro/Dropbox/git/downloading-fish-images-2026/images_fishbase_usercontrib/Chaetodon_collare_FishBaseUser_1491819426_162.158.155.112.jpg,fishbase_usercontrib,Chaetodon collare,Chaetodon collare,False,False
Chaetodon_vagabundus_FishBaseUser_1585733306_108.162.229.236.jpg,/Users/michaelalfaro/Dropbox/git/downloading-fish-images-2026/images_fishbase_usercontrib/Chaetodon_vagabundus_FishBaseUser_1585733306_108.162.229.236.jpg,fishbase_usercontrib,Chaetodon vagabundus,Chaetodon vagabundus,False,False
Chaetodon_mitratus_FishBaseUser_1393876847_71.202.224.33.jpg,/Users/michaelalfaro/Dropbox/git/downloading-fish-images-2026/images_fishbase_usercontrib/Chaetodon_mitratus_FishBaseUser_1393876847_71.202.224.33.jpg,fishbase_usercontrib,Chaetodon mitratus,Chaetodon mitratus,False,False
Chaetodon_flavirostris_FishBaseUser_1400204687_66.91.209.33.jpg,/Users/michaelalfaro/Dropbox/git/downloading-fish-images-2026/images_fishbase_usercontrib/Chaetodon_flavirostris_FishBaseUser_1400204687_66.91.209.33.jpg,fishbase_usercontrib,Chaetodon flavirostris,Chaetodon flavirostris,False,False
Heniochus_pleurotaenia_FishBaseUser_1473644314_162.158.165.25.jpg,/Users/michaelalfaro/Dropbox/git/downloading-fish-images-2026/images_fishbase_usercontrib/Heniochus_pleurotaenia_FishBaseUser_1473644314_162.158.165.25.jpg,fishbase_usercontrib,Heniochus pleurotaenia,Heniochus pleurotaenia,False,False
Chaetodon_citrinellus_FishBaseUser_1747330675_185.193.156.153.jpg,/Users/michaelalfaro/Dropbox/git/downloading-fish-images-2026/images_fishbase_usercontrib/Chaetodon_citrinellus_FishBaseUser_1747330675_185.193.156.153.jpg,fishbase_usercontrib,Chaetodon citrinellus,Chaetodon citrinellus,False,False
Forcipiger_flavissimus_FishBaseUser_1760313793_101.115.183.201.jpg,/Users/michaelalfaro/Dropbox/git/downloading-fish-images-2026/images_fishbase_usercontrib/Forcipiger_flavissimus_FishBaseUser_1760313793_101.115.183.201.jpg,fishbase_usercontrib,Forcipiger flavissimus,Forcipiger flavissimus,False,False
Chaetodon_octofasciatus_FishBaseUser_1569480322_172.68.141.60.jpg,/Users/michaelalfaro/Dropbox/git/downloading-fish-images-2026/images_fishbase_usercontrib/Chaetodon_octofasciatus_FishBaseUser_1569480322_172.68.141.60.jpg,fishbase_usercontrib,Chaetodon octofasciatus,Chaetodon octofasciatus,False,False
Chaetodon_ocellatus_FishBaseUser_1598571923_162.158.187.179.jpg,/Users/michaelalfaro/Dropbox/git/downloading-fish-images-2026/images_fishbase_usercontrib/Chaetodon_ocellatus_FishBaseUser_1598571923_162.158.187.179.jpg,fishbase_usercontrib,Chaetodon ocellatus,Chaetodon ocellatus,False,False
Chaetodon_fasciatus_FishBaseUser_1482311739_188.114.102.48.jpg,/Users/michaelalfaro/Dropbox/git/downloading-fish-images-2026/images_fishbase_usercontrib/Chaetodon_fasciatus_FishBaseUser_1482311739_188.114.102.48.jpg,fishbase_usercontrib,Chaetodon fasciatus,Chaetodon fasciatus,False,False
Chaetodon_semilarvatus_FishBaseUser_1671035583_172.71.26.209.jpg,/Users/michaelalfaro/Dropbox/git/downloading-fish-images-2026/images_fishbase_usercontrib/Chaetodon_semilarvatus_FishBaseUser_1671035583_172.71.26.209.jpg,fishbase_usercontrib,Chaetodon semilarvatus,Chaetodon semilarvatus,False,False
Chaetodon_unimaculatus_FishBaseUser_1706116213_172.70.254.151.jpg,/Users/michaelalfaro/Dropbox/git/downloading-fish-images-2026/images_fishbase_usercontrib/Chaetodon_unimaculatus_FishBaseUser_1706116213_172.70.254.151.jpg,fishbase_usercontrib,Chaetodon unimaculatus,Chaetodon unimaculatus,False,False
Chaetodon_paucifasciatus_FishBaseUser_1499758474_162.158.230.28.jpg,/Users/michaelalfaro/Dropbox/git/downloading-fish-images-2026/images_fishbase_usercontrib/Chaetodon_paucifasciatus_FishBaseUser_1499758474_162.158.230.28.jpg,fishbase_usercontrib,Chaetodon paucifasciatus,Chaetodon paucifasciatus,False,False
Chaetodon_punctatofasciatus_FishBaseUser_1469522223_162.158.167.12.jpg,/Users/michaelalfaro/Dropbox/git/downloading-fish-images-2026/images_fishbase_usercontrib/Chaetodon_punctatofasciatus_FishBaseUser_1469522223_162.158.167.12.jpg,fishbase_usercontrib,Chaetodon punctatofasciatus,Chaetodon punctatofasciatus,False,False
Forcipiger_flavissimus_FishBaseUser_1760314191_101.115.183.201.jpg,/Users/michaelalfaro/Dropbox/git/downloading-fish-images-2026/images_fishbase_usercontrib/Forcipiger_flavissimus_FishBaseUser_1760314191_101.115.183.201.jpg,fishbase_usercontrib,Forcipiger flavissimus,Forcipiger flavissimus,False,False
Forcipiger_flavissimus_FishBaseUser_1760314960_101.115.183.201.jpg,/Users/michaelalfaro/Dropbox/git/downloading-fish-images-2026/images_fishbase_usercontrib/Forcipiger_flavissimus_FishBaseUser_1760314960_101.115.183.201.jpg,fishbase_usercontrib,Forcipiger flavissimus,Forcipiger flavissimus,False,False
Chaetodon_octofasciatus_FishBaseUser_1747086503_169.150.203.237.jpg,/Users/michaelalfaro/Dropbox/git/downloading-fish-images-2026/images_fishbase_usercontrib/Chaetodon_octofasciatus_FishBaseUser_1747086503_169.150.203.237.jpg,fishbase_usercontrib,Chaetodon octofasciatus,Chaetodon octofasciatus,False,False
Chaetodon_octofasciatus_FishBaseUser_1656493691_172.70.189.156.jpg,/Users/michaelalfaro/Dropbox/git/downloading-fish-images-2026/images_fishbase_usercontrib/Chaetodon_octofasciatus_FishBaseUser_1656493691_172.70.189.156.jpg,fishbase_usercontrib,Chaetodon octofasciatus,Chaetodon octofasciatus,False,False
Chaetodon_trifasciatus_FishBaseUser_1473578737_162.158.165.25.jpg,/Users/michaelalfaro/Dropbox/git/downloading-fish-images-2026/images_fishbase_usercontrib/Chaetodon_trifasciatus_FishBaseUser_1473578737_162.158.165.25.jpg,fishbase_usercontrib,Chaetodon trifasciatus,Chaetodon trifasciatus,False,False
Chaetodon_semilarvatus_FishBaseUser_1482253124_188.114.102.48.jpg,/Users/michaelalfaro/Dropbox/git/downloading-fish-images-2026/images_fishbase_usercontrib/Chaetodon_semilarvatus_FishBaseUser_1482253124_188.114.102.48.jpg,fishbase_usercontrib,Chaetodon semilarvatus,Chaetodon semilarvatus,False,False
Chaetodon_trifascialis_FishBaseUser_1440680146_83.211.38.4.jpg,/Users/michaelalfaro/Dropbox/git/downloading-fish-images-2026/images_fishbase_usercontrib/Chaetodon_trifascialis_FishBaseUser_1440680146_83.211.38.4.jpg,fishbase_usercontrib,Chaetodon trifascialis,Chaetodon trifascialis,False,False
Coradion_chrysozonus_FishBaseUser_1747573476_95.95.129.49.jpg,/Users/michaelalfaro/Dropbox/git/downloading-fish-images-2026/images_fishbase_usercontrib/Coradion_chrysozonus_FishBaseUser_1747573476_95.95.129.49.jpg,fishbase_usercontrib,Coradion chrysozonus,Coradion chrysozonus,False,False
Chaetodon_punctatofasciatus_FishBaseUser_1603232319_162.158.187.197.jpg,/Users/michaelalfaro/Dropbox/git/downloading-fish-images-2026/images_fishbase_usercontrib/Chaetodon_punctatofasciatus_FishBaseUser_1603232319_162.158.187.197.jpg,fishbase_usercontrib,Chaetodon punctatofasciatus,Chaetodon punctatofasciatus,False,False
Chaetodon_selene_FishBaseUser_1753599373_219.73.75.40.jpg,/Users/michaelalfaro/Dropbox/git/downloading-fish-images-2026/images_fishbase_usercontrib/Chaetodon_selene_FishBaseUser_1753599373_219.73.75.40.jpg,fishbase_usercontrib,Chaetodon selene,Chaetodon selene,False,False
Chaetodon_collare_FishBaseUser_1440529233_83.211.38.4.jpg,/Users/michaelalfaro/Dropbox/git/downloading-fish-images-2026/images_fishbase_usercontrib/Chaetodon_collare_FishBaseUser_1440529233_83.211.38.4.jpg,fishbase_usercontrib,Chaetodon collare,Chaetodon collare,False,False
Johnrandallia_nigrirostris_FishBaseUser_1490994715_172.68.34.72.jpg,/Users/michaelalfaro/Dropbox/git/downloading-fish-images-2026/images_fishbase_usercontrib/Johnrandallia_nigrirostris_FishBaseUser_1490994715_172.68.34.72.jpg,fishbase_usercontrib,Johnrandallia nigrirostris,Johnrandallia nigrirostris,False,False
Heniochus_pleurotaenia_FishBaseUser_1656494839_162.158.170.185.jpg,/Users/michaelalfaro/Dropbox/git/downloading-fish-images-2026/images_fishbase_usercontrib/Heniochus_pleurotaenia_FishBaseUser_1656494839_162.158.170.185.jpg,fishbase_usercontrib,Heniochus pleurotaenia,Heniochus pleurotaenia,False,False
Chaetodon_auriga_FishBaseUser_1361358789_86.28.236.182.jpg,/Users/michaelalfaro/Dropbox/git/downloading-fish-images-2026/images_fishbase_usercontrib/Chaetodon_auriga_FishBaseUser_1361358789_86.28.236.182.jpg,fishbase_usercontrib,Chaetodon auriga,Chaetodon auriga,False,False
Chaetodon_rafflesii_FishBaseUser_1354813960_86.28.236.182.jpg,/Users/michaelalfaro/Dropbox/git/downloading-fish-images-2026/images_fishbase_usercontrib/Chaetodon_rafflesii_FishBaseUser_1354813960_86.28.236.182.jpg,fishbase_usercontrib,Chaetodon rafflesii,Chaetodon rafflesii,False,False
Chaetodon_octofasciatus_FishBaseUser_1441344113_117.206.95.248.jpg,/Users/michaelalfaro/Dropbox/git/downloading-fish-images-2026/images_fishbase_usercontrib/Chaetodon_octofasciatus_FishBaseUser_1441344113_117.206.95.248.jpg,fishbase_usercontrib,Chaetodon octofasciatus,Chaetodon octofasciatus,False,False
Heniochus_acuminatus_FishBaseUser_1519786756_188.114.110.132.jpg,/Users/michaelalfaro/Dropbox/git/downloading-fish-images-2026/images_fishbase_usercontrib/Heniochus_acuminatus_FishBaseUser_1519786756_188.114.110.132.jpg,fishbase_usercontrib,Heniochus acuminatus,Heniochus acuminatus,False,False
Chaetodon_nigropunctatus_FishBaseUser_1496299588_162.158.92.90.jpg,/Users/michaelalfaro/Dropbox/git/downloading-fish-images-2026/images_fishbase_usercontrib/Chaetodon_nigropunctatus_FishBaseUser_1496299588_162.158.92.90.jpg,fishbase_usercontrib,Chaetodon nigropunctatus,Chaetodon nigropunctatus,False,False
Chaetodon_wiebeli_FishBaseUser_1628569666_172.70.147.80.jpg,/Users/michaelalfaro/Dropbox/git/downloading-fish-images-2026/images_fishbase_usercontrib/Chaetodon_wiebeli_FishBaseUser_1628569666_172.70.147.80.jpg,fishbase_usercontrib,Chaetodon wiebeli,Chaetodon wiebeli,False,False
Chaetodon_guttatissimus_FishBaseUser_1508797067_172.68.102.54.jpg,/Users/michaelalfaro/Dropbox/git/downloading-fish-images-2026/images_fishbase_usercontrib/Chaetodon_guttatissimus_FishBaseUser_1508797067_172.68.102.54.jpg,fishbase_usercontrib,Chaetodon guttatissimus,Chaetodon guttatissimus,False,False
Chaetodon_lineolatus_FishBaseUser_1703890794_108.162.212.78.jpg,/Users/michaelalfaro/Dropbox/git/downloading-fish-images-2026/images_fishbase_usercontrib/Chaetodon_lineolatus_FishBaseUser_1703890794_108.162.212.78.jpg,fishbase_usercontrib,Chaetodon lineolatus,Chaetodon lineolatus,False,False
Chaetodon_striatus_FishBaseUser_1711482874_172.70.255.52.jpg,/Users/michaelalfaro/Dropbox/git/downloading-fish-images-2026/images_fishbase_usercontrib/Chaetodon_striatus_FishBaseUser_1711482874_172.70.255.52.jpg,fishbase_usercontrib,Chaetodon striatus,Chaetodon striatus,False,False
Chaetodon_kleinii_FishBaseUser_1433885690_2.238.54.39.jpg,/Users/michaelalfaro/Dropbox/git/downloading-fish-images-2026/images_fishbase_usercontrib/Chaetodon_kleinii_FishBaseUser_1433885690_2.238.54.39.jpg,fishbase_usercontrib,Chaetodon kleinii,Chaetodon kleinii,False,False
Chaetodon_gardineri_FishBaseUser_1566014674_172.69.244.170.jpg,/Users/michaelalfaro/Dropbox/git/downloading-fish-images-2026/images_fishbase_usercontrib/Chaetodon_gardineri_FishBaseUser_1566014674_172.69.244.170.jpg,fishbase_usercontrib,Chaetodon gardineri,Chaetodon gardineri,False,False
Forcipiger_flavissimus_FishBaseUser_1612045431_162.158.129.64.jpg,/Users/michaelalfaro/Dropbox/git/downloading-fish-images-2026/images_fishbase_usercontrib/Forcipiger_flavissimus_FishBaseUser_1612045431_162.158.129.64.jpg,fishbase_usercontrib,Forcipiger flavissimus,Forcipiger flavissimus,False,False
Chaetodon_lunulatus_FishBaseUser_1747228187_95.95.129.49.jpg,/Users/michaelalfaro/Dropbox/git/downloading-fish-images-2026/images_fishbase_usercontrib/Chaetodon_lunulatus_FishBaseUser_1747228187_95.95.129.49.jpg,fishbase_usercontrib,Chaetodon lunulatus,Chaetodon lunulatus,False,False
Chaetodon_lunula_FishBaseUser_1704669452_108.162.212.67.jpg,/Users/michaelalfaro/Dropbox/git/downloading-fish-images-2026/images_fishbase_usercontrib/Chaetodon_lunula_FishBaseUser_1704669452_108.162.212.67.jpg,fishbase_usercontrib,Chaetodon lunula,Chaetodon lunula,False,False
Chaetodon_ornatissimus_FishBaseUser_1747232504_95.95.129.49.jpg,/Users/michaelalfaro/Dropbox/git/downloading-fish-images-2026/images_fishbase_usercontrib/Chaetodon_ornatissimus_FishBaseUser_1747232504_95.95.129.49.jpg,fishbase_usercontrib,Chaetodon ornatissimus,Chaetodon ornatissimus,False,False
Roa_modesta_FishBaseUser_1528004239_162.158.58.173.jpg,/Users/michaelalfaro/Dropbox/git/downloading-fish-images-2026/images_fishbase_usercontrib/Roa_modesta_FishBaseUser_1528004239_162.158.58.173.jpg,fishbase_usercontrib,Roa modesta,Roa modesta,False,False
Chaetodon_capistratus_FishBaseUser_1585558624_108.162.229.90.jpg,/Users/michaelalfaro/Dropbox/git/downloading-fish-images-2026/images_fishbase_usercontrib/Chaetodon_capistratus_FishBaseUser_1585558624_108.162.229.90.jpg,fishbase_usercontrib,Chaetodon capistratus,Chaetodon capistratus,False,False
Chaetodon_sedentarius_FishBaseUser_1658266436_172.70.131.44.jpg,/Users/michaelalfaro/Dropbox/git/downloading-fish-images-2026/images_fishbase_usercontrib/Chaetodon_sedentarius_FishBaseUser_1658266436_172.70.131.44.jpg,fishbase_usercontrib,Chaetodon sedentarius,Chaetodon sedentarius,False,False
Chaetodon_trifascialis_FishBaseUser_1656699224_172.70.178.215.jpg,/Users/michaelalfaro/Dropbox/git/downloading-fish-images-2026/images_fishbase_usercontrib/Chaetodon_trifascialis_FishBaseUser_1656699224_172.70.178.215.jpg,fishbase_usercontrib,Chaetodon trifascialis,Chaetodon trifascialis,False,False
Heniochus_intermedius_FishBaseUser_1585413762_141.101.69.167.jpg,/Users/michaelalfaro/Dropbox/git/downloading-fish-images-2026/images_fishbase_usercontrib/Heniochus_intermedius_FishBaseUser_1585413762_141.101.69.167.jpg,fishbase_usercontrib,Heniochus intermedius,Heniochus intermedius,False,False
Chaetodon_striatus_FishBaseUser_1423483398_86.205.50.183.jpg,/Users/michaelalfaro/Dropbox/git/downloading-fish-images-2026/images_fishbase_usercontrib/Chaetodon_striatus_FishBaseUser_1423483398_86.205.50.183.jpg,fishbase_usercontrib,Chaetodon striatus,Chaetodon striatus,False,False
Chaetodon_paucifasciatus_FishBaseUser_1705777233_172.70.255.60.jpg,/Users/michaelalfaro/Dropbox/git/downloading-fish-images-2026/images_fishbase_usercontrib/Chaetodon_paucifasciatus_FishBaseUser_1705777233_172.70.255.60.jpg,fishbase_usercontrib,Chaetodon paucifasciatus,Chaetodon paucifasciatus,False,False
Chaetodon_meyeri_FishBaseUser_1433348017_2.238.54.39.jpg,/Users/michaelalfaro/Dropbox/git/downloading-fish-images-2026/images_fishbase_usercontrib/Chaetodon_meyeri_FishBaseUser_1433348017_2.238.54.39.jpg,fishbase_usercontrib,Chaetodon meyeri,Chaetodon meyeri,False,False
Chaetodon_aureofasciatus_FishBaseUser_1607952616_172.69.135.150.jpg,/Users/michaelalfaro/Dropbox/git/downloading-fish-images-2026/images_fishbase_usercontrib/Chaetodon_aureofasciatus_FishBaseUser_1607952616_172.69.135.150.jpg,fishbase_usercontrib,Chaetodon aureofasciatus,Chaetodon aureofasciatus,False,False
Chaetodon_auripes_FishBaseUser_1672899960_172.71.214.86.jpg,/Users/michaelalfaro/Dropbox/git/downloading-fish-images-2026/images_fishbase_usercontrib/Chaetodon_auripes_FishBaseUser_1672899960_172.71.214.86.jpg,fishbase_usercontrib,Chaetodon auripes,Chaetodon auripes,False,False
Chaetodon_auriga_FishBaseUser_1747225070_95.95.129.49.jpg,/Users/michaelalfaro/Dropbox/git/downloading-fish-images-2026/images_fishbase_usercontrib/Chaetodon_auriga_FishBaseUser_1747225070_95.95.129.49.jpg,fishbase_usercontrib,Chaetodon auriga,Chaetodon auriga,False,False
Chaetodon_octofasciatus_FishBaseUser_1339683283_86.10.200.84.jpg,/Users/michaelalfaro/Dropbox/git/downloading-fish-images-2026/images_fishbase_usercontrib/Chaetodon_octofasciatus_FishBaseUser_1339683283_86.10.200.84.jpg,fishbase_usercontrib,Chaetodon octofasciatus,Chaetodon octofasciatus,False,False
Chaetodon_capistratus_FishBaseUser_1708723355_172.70.55.71.jpg,/Users/michaelalfaro/Dropbox/git/downloading-fish-images-2026/images_fishbase_usercontrib/Chaetodon_capistratus_FishBaseUser_1708723355_172.70.55.71.jpg,fishbase_usercontrib,Chaetodon capistratus,Chaetodon capistratus,False,False
Chaetodon_ocellatus_FishBaseUser_1707603127_172.68.123.141.jpg,/Users/michaelalfaro/Dropbox/git/downloading-fish-images-2026/images_fishbase_usercontrib/Chaetodon_ocellatus_FishBaseUser_1707603127_172.68.123.141.jpg,fishbase_usercontrib,Chaetodon ocellatus,Chaetodon ocellatus,False,False
Chaetodon_citrinellus_FishBaseUser_1473651099_162.158.165.25.jpg,/Users/michaelalfaro/Dropbox/git/downloading-fish-images-2026/images_fishbase_usercontrib/Chaetodon_citrinellus_FishBaseUser_1473651099_162.158.165.25.jpg,fishbase_usercontrib,Chaetodon citrinellus,Chaetodon citrinellus,False,False
Chaetodon_striatus_FishBaseUser_1585652207_108.162.229.108.jpg,/Users/michaelalfaro/Dropbox/git/downloading-fish-images-2026/images_fishbase_usercontrib/Chaetodon_striatus_FishBaseUser_1585652207_108.162.229.108.jpg,fishbase_usercontrib,Chaetodon striatus,Chaetodon striatus,False,False
Chaetodon_octofasciatus_FishBaseUser_1577141796_172.68.102.78.jpg,/Users/michaelalfaro/Dropbox/git/downloading-fish-images-2026/images_fishbase_usercontrib/Chaetodon_octofasciatus_FishBaseUser_1577141796_172.68.102.78.jpg,fishbase_usercontrib,Chaetodon octofasciatus,Chaetodon octofasciatus,False,False
Chaetodon_wiebeli_FishBaseUser_1672901501_172.71.218.148.jpg,/Users/michaelalfaro/Dropbox/git/downloading-fish-images-2026/images_fishbase_usercontrib/Chaetodon_wiebeli_FishBaseUser_1672901501_172.71.218.148.jpg,fishbase_usercontrib,Chaetodon wiebeli,Chaetodon wiebeli,False,False
Chelmon_rostratus_FishBaseUser_1747247694_95.95.129.49.jpg,/Users/michaelalfaro/Dropbox/git/downloading-fish-images-2026/images_fishbase_usercontrib/Chelmon_rostratus_FishBaseUser_1747247694_95.95.129.49.jpg,fishbase_usercontrib,Chelmon rostratus,Chelmon rostratus,False,False
Forcipiger_flavissimus_FishBaseUser_1577457307_172.68.102.78.jpg,/Users/michaelalfaro/Dropbox/git/downloading-fish-images-2026/images_fishbase_usercontrib/Forcipiger_flavissimus_FishBaseUser_1577457307_172.68.102.78.jpg,fishbase_usercontrib,Forcipiger flavissimus,Forcipiger flavissimus,False,False
Chaetodon_larvatus_FishBaseUser_1508797786_172.68.102.54.jpg,/Users/michaelalfaro/Dropbox/git/downloading-fish-images-2026/images_fishbase_usercontrib/Chaetodon_larvatus_FishBaseUser_1508797786_172.68.102.54.jpg,fishbase_usercontrib,Chaetodon larvatus,Chaetodon larvatus,False,False
Chaetodon_lineolatus_FishBaseUser_1383559152_202.151.68.202.jpg,/Users/michaelalfaro/Dropbox/git/downloading-fish-images-2026/images_fishbase_usercontrib/Chaetodon_lineolatus_FishBaseUser_1383559152_202.151.68.202.jpg,fishbase_usercontrib,Chaetodon lineolatus,Chaetodon lineolatus,False,False
Chaetodon_lunulatus_FishBaseUser_1703950074_108.162.210.111.jpg,/Users/michaelalfaro/Dropbox/git/downloading-fish-images-2026/images_fishbase_usercontrib/Chaetodon_lunulatus_FishBaseUser_1703950074_108.162.210.111.jpg,fishbase_usercontrib,Chaetodon lunulatus,Chaetodon lunulatus,False,False
Chaetodon_semilarvatus_FishBaseUser_1585650420_141.101.69.47.jpg,/Users/michaelalfaro/Dropbox/git/downloading-fish-images-2026/images_fishbase_usercontrib/Chaetodon_semilarvatus_FishBaseUser_1585650420_141.101.69.47.jpg,fishbase_usercontrib,Chaetodon semilarvatus,Chaetodon semilarvatus,False,False
Chaetodon_unimaculatus_FishBaseUser_1469522440_162.158.167.12.jpg,/Users/michaelalfaro/Dropbox/git/downloading-fish-images-2026/images_fishbase_usercontrib/Chaetodon_unimaculatus_FishBaseUser_1469522440_162.158.167.12.jpg,fishbase_usercontrib,Chaetodon unimaculatus,Chaetodon unimaculatus,False,False
Chaetodon_ocellatus_FishBaseUser_1598572174_162.158.187.179.jpg,/Users/michaelalfaro/Dropbox/git/downloading-fish-images-2026/images_fishbase_usercontrib/Chaetodon_ocellatus_FishBaseUser_1598572174_162.158.187.179.jpg,fishbase_usercontrib,Chaetodon ocellatus,Chaetodon ocellatus,False,False
Prognathodes_aya_FishBaseUser_1393789517_71.202.224.33.jpg,/Users/michaelalfaro/Dropbox/git/downloading-fish-images-2026/images_fishbase_usercontrib/Prognathodes_aya_FishBaseUser_1393789517_71.202.224.33.jpg,fishbase_usercontrib,Prognathodes aya,Prognathodes aya,False,False
Hemitaurichthys_polylepis_FishBaseUser_1748163965_95.95.129.49.jpg,/Users/michaelalfaro/Dropbox/git/downloading-fish-images-2026/images_fishbase_usercontrib/Hemitaurichthys_polylepis_FishBaseUser_1748163965_95.95.129.49.jpg,fishbase_usercontrib,Hemitaurichthys polylepis,Hemitaurichthys polylepis,False,False
Chaetodon_paucifasciatus_FishBaseUser_1499758323_162.158.230.28.jpg,/Users/michaelalfaro/Dropbox/git/downloading-fish-images-2026/images_fishbase_usercontrib/Chaetodon_paucifasciatus_FishBaseUser_1499758323_162.158.230.28.jpg,fishbase_usercontrib,Chaetodon paucifasciatus,Chaetodon paucifasciatus,False,False
Roa_jayakari_FishBaseUser_1385719028_210.212.140.226.jpg,/Users/michaelalfaro/Dropbox/git/downloading-fish-images-2026/images_fishbase_usercontrib/Roa_jayakari_FishBaseUser_1385719028_210.212.140.226.jpg,fishbase_usercontrib,Roa jayakari,Roa jayakari,False,False
Chaetodon_vagabundus_FishBaseUser_1672901343_172.71.214.87.jpg,/Users/michaelalfaro/Dropbox/git/downloading-fish-images-2026/images_fishbase_usercontrib/Chaetodon_vagabundus_FishBaseUser_1672901343_172.71.214.87.jpg,fishbase_usercontrib,Chaetodon vagabundus,Chaetodon vagabundus,False,False
Forcipiger_longirostris_FishBaseUser_1540306923_162.158.167.176.jpg,/Users/michaelalfaro/Dropbox/git/downloading-fish-images-2026/images_fishbase_usercontrib/Forcipiger_longirostris_FishBaseUser_1540306923_162.158.167.176.jpg,fishbase_usercontrib,Forcipiger longirostris,Forcipiger longirostris,False,False
Chaetodon_xanthocephalus_FishBaseUser_1444695202_24.215.186.224.jpg,/Users/michaelalfaro/Dropbox/git/downloading-fish-images-2026/images_fishbase_usercontrib/Chaetodon_xanthocephalus_FishBaseUser_1444695202_24.215.186.224.jpg,fishbase_usercontrib,Chaetodon xanthocephalus,Chaetodon xanthocephalus,False,False
Coradion_chrysozonus_FishBaseUser_1509285312_172.68.102.54.jpg,/Users/michaelalfaro/Dropbox/git/downloading-fish-images-2026/images_fishbase_usercontrib/Coradion_chrysozonus_FishBaseUser_1509285312_172.68.102.54.jpg,fishbase_usercontrib,Coradion chrysozonus,Coradion chrysozonus,False,False
Chaetodon_xanthocephalus_FishBaseUser_1423219931_86.10.40.87.jpg,/Users/michaelalfaro/Dropbox/git/downloading-fish-images-2026/images_fishbase_usercontrib/Chaetodon_xanthocephalus_FishBaseUser_1423219931_86.10.40.87.jpg,fishbase_usercontrib,Chaetodon xanthocephalus,Chaetodon xanthocephalus,False,False
Chaetodon_lunulatus_FishBaseUser_1747228131_95.95.129.49.jpg,/Users/michaelalfaro/Dropbox/git/downloading-fish-images-2026/images_fishbase_usercontrib/Chaetodon_lunulatus_FishBaseUser_1747228131_95.95.129.49.jpg,fishbase_usercontrib,Chaetodon lunulatus,Chaetodon lunulatus,False,False
Chaetodon_ocellatus_FishBaseUser_1598572256_162.158.187.179.jpg,/Users/michaelalfaro/Dropbox/git/downloading-fish-images-2026/images_fishbase_usercontrib/Chaetodon_ocellatus_FishBaseUser_1598572256_162.158.187.179.jpg,fishbase_usercontrib,Chaetodon ocellatus,Chaetodon ocellatus,False,False
Hemitaurichthys_polylepis_FishBaseUser_1703951456_108.162.210.110.jpg,/Users/michaelalfaro/Dropbox/git/downloading-fish-images-2026/images_fishbase_usercontrib/Hemitaurichthys_polylepis_FishBaseUser_1703951456_108.162.210.110.jpg,fishbase_usercontrib,Hemitaurichthys polylepis,Hemitaurichthys polylepis,False,False
Chaetodon_melannotus_FishBaseUser_1498858396_172.68.142.169.jpg,/Users/michaelalfaro/Dropbox/git/downloading-fish-images-2026/images_fishbase_usercontrib/Chaetodon_melannotus_FishBaseUser_1498858396_172.68.142.169.jpg,fishbase_usercontrib,Chaetodon melannotus,Chaetodon melannotus,False,False
Chaetodon_punctatofasciatus_FishBaseUser_1704989690_172.70.83.27.jpg,/Users/michaelalfaro/Dropbox/git/downloading-fish-images-2026/images_fishbase_usercontrib/Chaetodon_punctatofasciatus_FishBaseUser_1704989690_172.70.83.27.jpg,fishbase_usercontrib,Chaetodon punctatofasciatus,Chaetodon punctatofasciatus,False,False
Chaetodon_capistratus_FishBaseUser_1495038199_162.158.154.105.jpg,/Users/michaelalfaro/Dropbox/git/downloading-fish-images-2026/images_fishbase_usercontrib/Chaetodon_capistratus_FishBaseUser_1495038199_162.158.154.105.jpg,fishbase_usercontrib,Chaetodon capistratus,Chaetodon capistratus,False,False
Chelmon_rostratus_FishBaseUser_1569481899_172.69.22.88.jpg,/Users/michaelalfaro/Dropbox/git/downloading-fish-images-2026/images_fishbase_usercontrib/Chelmon_rostratus_FishBaseUser_1569481899_172.69.22.88.jpg,fishbase_usercontrib,Chelmon rostratus,Chelmon rostratus,False,False
Forcipiger_longirostris_FishBaseUser_1747943270_95.95.129.49.jpg,/Users/michaelalfaro/Dropbox/git/downloading-fish-images-2026/images_fishbase_usercontrib/Forcipiger_longirostris_FishBaseUser_1747943270_95.95.129.49.jpg,fishbase_usercontrib,Forcipiger longirostris,Forcipiger longirostris,False,False
Heniochus_singularius_FishBaseUser_1748177366_95.95.129.49.jpg,/Users/michaelalfaro/Dropbox/git/downloading-fish-images-2026/images_fishbase_usercontrib/Heniochus_singularius_FishBaseUser_1748177366_95.95.129.49.jpg,fishbase_usercontrib,Heniochus singularius,Heniochus singularius,False,False
Chaetodon_citrinellus_FishBaseUser_1469521392_162.158.167.12.jpg,/Users/michaelalfaro/Dropbox/git/downloading-fish-images-2026/images_fishbase_usercontrib/Chaetodon_citrinellus_FishBaseUser_1469521392_162.158.167.12.jpg,fishbase_usercontrib,Chaetodon citrinellus,Chaetodon citrinellus,False,False
Chaetodon_auripes_FishBaseUser_1672899899_172.69.33.176.jpg,/Users/michaelalfaro/Dropbox/git/downloading-fish-images-2026/images_fishbase_usercontrib/Chaetodon_auripes_FishBaseUser_1672899899_172.69.33.176.jpg,fishbase_usercontrib,Chaetodon auripes,Chaetodon auripes,False,False
Johnrandallia_nigrirostris_FishBaseUser_1639504151_108.162.212.36.jpg,/Users/michaelalfaro/Dropbox/git/downloading-fish-images-2026/images_fishbase_usercontrib/Johnrandallia_nigrirostris_FishBaseUser_1639504151_108.162.212.36.jpg,fishbase_usercontrib,Johnrandallia nigrirostris,Johnrandallia nigrirostris,False,False
Chaetodon_rafflesii_FishBaseUser_1747233018_95.95.129.49.jpg,/Users/michaelalfaro/Dropbox/git/downloading-fish-images-2026/images_fishbase_usercontrib/Chaetodon_rafflesii_FishBaseUser_1747233018_95.95.129.49.jpg,fishbase_usercontrib,Chaetodon rafflesii,Chaetodon rafflesii,False,False
Chaetodon_capistratus_FishBaseUser_1598572753_162.158.187.179.jpg,/Users/michaelalfaro/Dropbox/git/downloading-fish-images-2026/images_fishbase_usercontrib/Chaetodon_capistratus_FishBaseUser_1598572753_162.158.187.179.jpg,fishbase_usercontrib,Chaetodon capistratus,Chaetodon capistratus,False,False
Chaetodon_bennetti_FishBaseUser_1747225818_95.95.129.49.jpg,/Users/michaelalfaro/Dropbox/git/downloading-fish-images-2026/images_fishbase_usercontrib/Chaetodon_bennetti_FishBaseUser_1747225818_95.95.129.49.jpg,fishbase_usercontrib,Chaetodon bennetti,Chaetodon bennetti,False,False
Chaetodon_decussatus_FishBaseUser_1747226573_95.95.129.49.jpg,/Users/michaelalfaro/Dropbox/git/downloading-fish-images-2026/images_fishbase_usercontrib/Chaetodon_decussatus_FishBaseUser_1747226573_95.95.129.49.jpg,fishbase_usercontrib,Chaetodon decussatus,Chaetodon decussatus,False,False
Heniochus_acuminatus_FishBaseUser_1366041827_182.178.32.137.jpg,/Users/michaelalfaro/Dropbox/git/downloading-fish-images-2026/images_fishbase_usercontrib/Heniochus_acuminatus_FishBaseUser_1366041827_182.178.32.137.jpg,fishbase_usercontrib,Heniochus acuminatus,Heniochus acuminatus,False,False
Chaetodon_austriacus_FishBaseUser_1655398281_172.71.94.129.jpg,/Users/michaelalfaro/Dropbox/git/downloading-fish-images-2026/images_fishbase_usercontrib/Chaetodon_austriacus_FishBaseUser_1655398281_172.71.94.129.jpg,fishbase_usercontrib,Chaetodon austriacus,Chaetodon austriacus,False,False
Heniochus_acuminatus_FishBaseUser_1706115133_172.70.54.168.jpg,/Users/michaelalfaro/Dropbox/git/downloading-fish-images-2026/images_fishbase_usercontrib/Heniochus_acuminatus_FishBaseUser_1706115133_172.70.54.168.jpg,fishbase_usercontrib,Heniochus acuminatus,Heniochus acuminatus,False,False
Hemitaurichthys_zoster_FishBaseUser_1724990224_172.71.81.80.jpg,/Users/michaelalfaro/Dropbox/git/downloading-fish-images-2026/images_fishbase_usercontrib/Hemitaurichthys_zoster_FishBaseUser_1724990224_172.71.81.80.jpg,fishbase_usercontrib,Hemitaurichthys zoster,Hemitaurichthys zoster,False,False
Chaetodon_reticulatus_FishBaseUser_1545732893_172.68.211.186.jpg,/Users/michaelalfaro/Dropbox/git/downloading-fish-images-2026/images_fishbase_usercontrib/Chaetodon_reticulatus_FishBaseUser_1545732893_172.68.211.186.jpg,fishbase_usercontrib,Chaetodon reticulatus,Chaetodon reticulatus,False,False
Roa_jayakari_FishBaseUser_1651918392_162.158.163.202.jpg,/Users/michaelalfaro/Dropbox/git/downloading-fish-images-2026/images_fishbase_usercontrib/Roa_jayakari_FishBaseUser_1651918392_162.158.163.202.jpg,fishbase_usercontrib,Roa jayakari,Roa jayakari,False,False
Forcipiger_flavissimus_FishBaseUser_1747942465_95.95.129.49.jpg,/Users/michaelalfaro/Dropbox/git/downloading-fish-images-2026/images_fishbase_usercontrib/Forcipiger_flavissimus_FishBaseUser_1747942465_95.95.129.49.jpg,fishbase_usercontrib,Forcipiger flavissimus,Forcipiger flavissimus,False,False
Heniochus_acuminatus_FishBaseUser_1724989381_172.71.81.145.jpg,/Users/michaelalfaro/Dropbox/git/downloading-fish-images-2026/images_fishbase_usercontrib/Heniochus_acuminatus_FishBaseUser_1724989381_172.71.81.145.jpg,fishbase_usercontrib,Heniochus acuminatus,Heniochus acuminatus,False,False
Chaetodon_speculum_FishBaseUser_1672901131_172.70.214.230.jpg,/Users/michaelalfaro/Dropbox/git/downloading-fish-images-2026/images_fishbase_usercontrib/Chaetodon_speculum_FishBaseUser_1672901131_172.70.214.230.jpg,fishbase_usercontrib,Chaetodon speculum,Chaetodon speculum,False,False
Forcipiger_flavissimus_FishBaseUser_1562853710_162.158.234.96.jpg,/Users/michaelalfaro/Dropbox/git/downloading-fish-images-2026/images_fishbase_usercontrib/Forcipiger_flavissimus_FishBaseUser_1562853710_162.158.234.96.jpg,fishbase_usercontrib,Forcipiger flavissimus,Forcipiger flavissimus,False,False
Coradion_altivelis_FishBaseUser_1398141298_202.123.56.125.jpg,/Users/michaelalfaro/Dropbox/git/downloading-fish-images-2026/images_fishbase_usercontrib/Coradion_altivelis_FishBaseUser_1398141298_202.123.56.125.jpg,fishbase_usercontrib,Coradion altivelis,Coradion altivelis,False,False
Chaetodon_pelewensis_FishBaseUser_1508799935_172.68.102.54.jpg,/Users/michaelalfaro/Dropbox/git/downloading-fish-images-2026/images_fishbase_usercontrib/Chaetodon_pelewensis_FishBaseUser_1508799935_172.68.102.54.jpg,fishbase_usercontrib,Chaetodon pelewensis,Chaetodon pelewensis,False,False
Forcipiger_flavissimus_FishBaseUser_1343337179_82.243.202.40.jpg,/Users/michaelalfaro/Dropbox/git/downloading-fish-images-2026/images_fishbase_usercontrib/Forcipiger_flavissimus_FishBaseUser_1343337179_82.243.202.40.jpg,fishbase_usercontrib,Forcipiger flavissimus,Forcipiger flavissimus,False,False
Heniochus_acuminatus_FishBaseUser_1535211996_172.68.146.22.jpg,/Users/michaelalfaro/Dropbox/git/downloading-fish-images-2026/images_fishbase_usercontrib/Heniochus_acuminatus_FishBaseUser_1535211996_172.68.146.22.jpg,fishbase_usercontrib,Heniochus acuminatus,Heniochus acuminatus,False,False
Chaetodon_pictus_FishBaseUser_1445595584_39.57.4.85.jpg,/Users/michaelalfaro/Dropbox/git/downloading-fish-images-2026/images_fishbase_usercontrib/Chaetodon_pictus_FishBaseUser_1445595584_39.57.4.85.jpg,fishbase_usercontrib,Chaetodon pictus,Chaetodon pictus,False,False
Heniochus_varius_FishBaseUser_1354795270_86.28.236.182.jpg,/Users/michaelalfaro/Dropbox/git/downloading-fish-images-2026/images_fishbase_usercontrib/Heniochus_varius_FishBaseUser_1354795270_86.28.236.182.jpg,fishbase_usercontrib,Heniochus varius,Heniochus varius,False,False
Chaetodon_trifascialis_FishBaseUser_1705879038_172.70.254.222.jpg,/Users/michaelalfaro/Dropbox/git/downloading-fish-images-2026/images_fishbase_usercontrib/Chaetodon_trifascialis_FishBaseUser_1705879038_172.70.254.222.jpg,fishbase_usercontrib,Chaetodon trifascialis,Chaetodon trifascialis,False,False
Roa_jayakari_FishBaseUser_1723181229_162.158.163.107.jpg,/Users/michaelalfaro/Dropbox/git/downloading-fish-images-2026/images_fishbase_usercontrib/Roa_jayakari_FishBaseUser_1723181229_162.158.163.107.jpg,fishbase_usercontrib,Roa jayakari,Roa jayakari,False,False
Chaetodon_lunula_FishBaseUser_1508798140_172.68.102.54.jpg,/Users/michaelalfaro/Dropbox/git/downloading-fish-images-2026/images_fishbase_usercontrib/Chaetodon_lunula_FishBaseUser_1508798140_172.68.102.54.jpg,fishbase_usercontrib,Chaetodon lunula,Chaetodon lunula,False,False
Chaetodon_octofasciatus_FishBaseUser_1747232318_95.95.129.49.jpg,/Users/michaelalfaro/Dropbox/git/downloading-fish-images-2026/images_fishbase_usercontrib/Chaetodon_octofasciatus_FishBaseUser_1747232318_95.95.129.49.jpg,fishbase_usercontrib,Chaetodon octofasciatus,Chaetodon octofasciatus,False,False
Forcipiger_longirostris_FishBaseUser_1734044406_172.70.115.186.jpg,/Users/michaelalfaro/Dropbox/git/downloading-fish-images-2026/images_fishbase_usercontrib/Forcipiger_longirostris_FishBaseUser_1734044406_172.70.115.186.jpg,fishbase_usercontrib,Forcipiger longirostris,Forcipiger longirostris,False,False
Coradion_chrysozonus_FishBaseUser_1577439074_172.68.102.128.jpg,/Users/michaelalfaro/Dropbox/git/downloading-fish-images-2026/images_fishbase_usercontrib/Coradion_chrysozonus_FishBaseUser_1577439074_172.68.102.128.jpg,fishbase_usercontrib,Coradion chrysozonus,Coradion chrysozonus,False,False
Chaetodon_guttatissimus_FishBaseUser_1418991274_164.100.150.114.jpg,/Users/michaelalfaro/Dropbox/git/downloading-fish-images-2026/images_fishbase_usercontrib/Chaetodon_guttatissimus_FishBaseUser_1418991274_164.100.150.114.jpg,fishbase_usercontrib,Chaetodon guttatissimus,Chaetodon guttatissimus,False,False
Coradion_melanopus_FishBaseUser_1469522677_162.158.167.12.jpg,/Users/michaelalfaro/Dropbox/git/downloading-fish-images-2026/images_fishbase_usercontrib/Coradion_melanopus_FishBaseUser_1469522677_162.158.167.12.jpg,fishbase_usercontrib,Coradion melanopus,Coradion melanopus,False,False
Chaetodon_ephippium_FishBaseUser_1706112711_108.162.212.118.jpg,/Users/michaelalfaro/Dropbox/git/downloading-fish-images-2026/images_fishbase_usercontrib/Chaetodon_ephippium_FishBaseUser_1706112711_108.162.212.118.jpg,fishbase_usercontrib,Chaetodon ephippium,Chaetodon ephippium,False,False
Heniochus_acuminatus_FishBaseUser_1569828595_172.68.132.67.jpg,/Users/michaelalfaro/Dropbox/git/downloading-fish-images-2026/images_fishbase_usercontrib/Heniochus_acuminatus_FishBaseUser_1569828595_172.68.132.67.jpg,fishbase_usercontrib,Heniochus acuminatus,Heniochus acuminatus,False,False
Chaetodon_baronessa_FishBaseUser_1508794820_172.68.102.54.jpg,/Users/michaelalfaro/Dropbox/git/downloading-fish-images-2026/images_fishbase_usercontrib/Chaetodon_baronessa_FishBaseUser_1508794820_172.68.102.54.jpg,fishbase_usercontrib,Chaetodon baronessa,Chaetodon baronessa,False,False
Chaetodon_unimaculatus_FishBaseUser_1747235827_95.95.129.49.jpg,/Users/michaelalfaro/Dropbox/git/downloading-fish-images-2026/images_fishbase_usercontrib/Chaetodon_unimaculatus_FishBaseUser_1747235827_95.95.129.49.jpg,fishbase_usercontrib,Chaetodon unimaculatus,Chaetodon unimaculatus,False,False
Chaetodon_trifascialis_FishBaseUser_1509182180_172.68.102.54.jpg,/Users/michaelalfaro/Dropbox/git/downloading-fish-images-2026/images_fishbase_usercontrib/Chaetodon_trifascialis_FishBaseUser_1509182180_172.68.102.54.jpg,fishbase_usercontrib,Chaetodon trifascialis,Chaetodon trifascialis,False,False
Chaetodon_capistratus_FishBaseUser_1747226077_95.95.129.49.jpg,/Users/michaelalfaro/Dropbox/git/downloading-fish-images-2026/images_fishbase_usercontrib/Chaetodon_capistratus_FishBaseUser_1747226077_95.95.129.49.jpg,fishbase_usercontrib,Chaetodon capistratus,Chaetodon capistratus,False,False
Chaetodon_lunulatus_FishBaseUser_1672900428_172.71.218.124.jpg,/Users/michaelalfaro/Dropbox/git/downloading-fish-images-2026/images_fishbase_usercontrib/Chaetodon_lunulatus_FishBaseUser_1672900428_172.71.218.124.jpg,fishbase_usercontrib,Chaetodon lunulatus,Chaetodon lunulatus,False,False
Heniochus_diphreutes_FishBaseUser_1343294955_82.243.202.40.jpg,/Users/michaelalfaro/Dropbox/git/downloading-fish-images-2026/images_fishbase_usercontrib/Heniochus_diphreutes_FishBaseUser_1343294955_82.243.202.40.jpg,fishbase_usercontrib,Heniochus diphreutes,Heniochus diphreutes,False,False
Chaetodon_collare_FishBaseUser_1747226431_95.95.129.49.jpg,/Users/michaelalfaro/Dropbox/git/downloading-fish-images-2026/images_fishbase_usercontrib/Chaetodon_collare_FishBaseUser_1747226431_95.95.129.49.jpg,fishbase_usercontrib,Chaetodon collare,Chaetodon collare,False,False
Chaetodon_kleinii_FishBaseUser_1747227359_95.95.129.49.jpg,/Users/michaelalfaro/Dropbox/git/downloading-fish-images-2026/images_fishbase_usercontrib/Chaetodon_kleinii_FishBaseUser_1747227359_95.95.129.49.jpg,fishbase_usercontrib,Chaetodon kleinii,Chaetodon kleinii,False,False
Chaetodon_ocellatus_FishBaseUser_1598572445_162.158.187.179.jpg,/Users/michaelalfaro/Dropbox/git/downloading-fish-images-2026/images_fishbase_usercontrib/Chaetodon_ocellatus_FishBaseUser_1598572445_162.158.187.179.jpg,fishbase_usercontrib,Chaetodon ocellatus,Chaetodon ocellatus,False,False
Chaetodon_miliaris_FishBaseUser_1338031619_67.49.174.50.jpg,/Users/michaelalfaro/Dropbox/git/downloading-fish-images-2026/images_fishbase_usercontrib/Chaetodon_miliaris_FishBaseUser_1338031619_67.49.174.50.jpg,fishbase_usercontrib,Chaetodon miliaris,Chaetodon miliaris,False,False
Hemitaurichthys_zoster_FishBaseUser_1361357028_86.28.236.182.jpg,/Users/michaelalfaro/Dropbox/git/downloading-fish-images-2026/images_fishbase_usercontrib/Hemitaurichthys_zoster_FishBaseUser_1361357028_86.28.236.182.jpg,fishbase_usercontrib,Hemitaurichthys zoster,Hemitaurichthys zoster,False,False
Chaetodon_xanthocephalus_FishBaseUser_1473648704_162.158.165.25.jpg,/Users/michaelalfaro/Dropbox/git/downloading-fish-images-2026/images_fishbase_usercontrib/Chaetodon_xanthocephalus_FishBaseUser_1473648704_162.158.165.25.jpg,fishbase_usercontrib,Chaetodon xanthocephalus,Chaetodon xanthocephalus,False,False
Chaetodon_vagabundus_FishBaseUser_1469522533_162.158.167.12.jpg,/Users/michaelalfaro/Dropbox/git/downloading-fish-images-2026/images_fishbase_usercontrib/Chaetodon_vagabundus_FishBaseUser_1469522533_162.158.167.12.jpg,fishbase_usercontrib,Chaetodon vagabundus,Chaetodon vagabundus,False,False
Prognathodes_carlhubbsi_FishBaseUser_1752435724_146.70.186.116.jpg,/Users/michaelalfaro/Dropbox/git/downloading-fish-images-2026/images_fishbase_usercontrib/Prognathodes_carlhubbsi_FishBaseUser_1752435724_146.70.186.116.jpg,fishbase_usercontrib,Prognathodes carlhubbsi,Prognathodes carlhubbsi,False,False
Forcipiger_longirostris_FishBaseUser_1585736003_141.101.69.189.jpg,/Users/michaelalfaro/Dropbox/git/downloading-fish-images-2026/images_fishbase_usercontrib/Forcipiger_longirostris_FishBaseUser_1585736003_141.101.69.189.jpg,fishbase_usercontrib,Forcipiger longirostris,Forcipiger longirostris,False,False
Chaetodon_interruptus_FishBaseUser_1724135955_172.71.124.212.jpg,/Users/michaelalfaro/Dropbox/git/downloading-fish-images-2026/images_fishbase_usercontrib/Chaetodon_interruptus_FishBaseUser_1724135955_172.71.124.212.jpg,fishbase_usercontrib,Chaetodon interruptus,Chaetodon interruptus,False,False
Chaetodon_semilarvatus_FishBaseUser_1580212474_162.158.94.76.jpg,/Users/michaelalfaro/Dropbox/git/downloading-fish-images-2026/images_fishbase_usercontrib/Chaetodon_semilarvatus_FishBaseUser_1580212474_162.158.94.76.jpg,fishbase_usercontrib,Chaetodon semilarvatus,Chaetodon semilarvatus,False,False
Chelmon_rostratus_FishBaseUser_1753626466_219.73.75.40.jpg,/Users/michaelalfaro/Dropbox/git/downloading-fish-images-2026/images_fishbase_usercontrib/Chelmon_rostratus_FishBaseUser_1753626466_219.73.75.40.jpg,fishbase_usercontrib,Chelmon rostratus,Chelmon rostratus,False,False
Chaetodon_trifasciatus_FishBaseUser_1526982656_162.158.22.48.jpg,/Users/michaelalfaro/Dropbox/git/downloading-fish-images-2026/images_fishbase_usercontrib/Chaetodon_trifasciatus_FishBaseUser_1526982656_162.158.22.48.jpg,fishbase_usercontrib,Chaetodon trifasciatus,Chaetodon trifasciatus,False,False
Forcipiger_flavissimus_FishBaseUser_1469522787_162.158.167.12.jpg,/Users/michaelalfaro/Dropbox/git/downloading-fish-images-2026/images_fishbase_usercontrib/Forcipiger_flavissimus_FishBaseUser_1469522787_162.158.167.12.jpg,fishbase_usercontrib,Forcipiger flavissimus,Forcipiger flavissimus,False,False
Chaetodon_plebeius_FishBaseUser_1564641662_162.158.167.114.jpg,/Users/michaelalfaro/Dropbox/git/downloading-fish-images-2026/images_fishbase_usercontrib/Chaetodon_plebeius_FishBaseUser_1564641662_162.158.167.114.jpg,fishbase_usercontrib,Chaetodon plebeius,Chaetodon plebeius,False,False
Chaetodon_lineolatus_FishBaseUser_1486419731_108.162.229.6.jpg,/Users/michaelalfaro/Dropbox/git/downloading-fish-images-2026/images_fishbase_usercontrib/Chaetodon_lineolatus_FishBaseUser_1486419731_108.162.229.6.jpg,fishbase_usercontrib,Chaetodon lineolatus,Chaetodon lineolatus,False,False
Heniochus_diphreutes_FishBaseUser_1671308431_108.162.238.16.jpg,/Users/michaelalfaro/Dropbox/git/downloading-fish-images-2026/images_fishbase_usercontrib/Heniochus_diphreutes_FishBaseUser_1671308431_108.162.238.16.jpg,fishbase_usercontrib,Heniochus diphreutes,Heniochus diphreutes,False,False
Forcipiger_flavissimus_FishBaseUser_1473646246_162.158.165.25.jpg,/Users/michaelalfaro/Dropbox/git/downloading-fish-images-2026/images_fishbase_usercontrib/Forcipiger_flavissimus_FishBaseUser_1473646246_162.158.165.25.jpg,fishbase_usercontrib,Forcipiger flavissimus,Forcipiger flavissimus,False,False
Chaetodon_octofasciatus_FishBaseUser_1569480401_172.68.189.219.jpg,/Users/michaelalfaro/Dropbox/git/downloading-fish-images-2026/images_fishbase_usercontrib/Chaetodon_octofasciatus_FishBaseUser_1569480401_172.68.189.219.jpg,fishbase_usercontrib,Chaetodon octofasciatus,Chaetodon octofasciatus,False,False
Chaetodon_xanthurus_FishBaseUser_1515662852_141.101.98.252.jpg,/Users/michaelalfaro/Dropbox/git/downloading-fish-images-2026/images_fishbase_usercontrib/Chaetodon_xanthurus_FishBaseUser_1515662852_141.101.98.252.jpg,fishbase_usercontrib,Chaetodon xanthurus,Chaetodon xanthurus,False,False
Chaetodon_wiebeli_FishBaseUser_1569480488_172.68.133.128.jpg,/Users/michaelalfaro/Dropbox/git/downloading-fish-images-2026/images_fishbase_usercontrib/Chaetodon_wiebeli_FishBaseUser_1569480488_172.68.133.128.jpg,fishbase_usercontrib,Chaetodon wiebeli,Chaetodon wiebeli,False,False
Chaetodon_kleinii_FishBaseUser_1577141160_172.68.102.30.jpg,/Users/michaelalfaro/Dropbox/git/downloading-fish-images-2026/images_fishbase_usercontrib/Chaetodon_kleinii_FishBaseUser_1577141160_172.68.102.30.jpg,fishbase_usercontrib,Chaetodon kleinii,Chaetodon kleinii,False,False
Chaetodon_melannotus_FishBaseUser_1672900480_162.158.179.76.jpg,/Users/michaelalfaro/Dropbox/git/downloading-fish-images-2026/images_fishbase_usercontrib/Chaetodon_melannotus_FishBaseUser_1672900480_162.158.179.76.jpg,fishbase_usercontrib,Chaetodon melannotus,Chaetodon melannotus,False,False
Chaetodon_semeion_FishBaseUser_1430209932_86.10.40.87.jpg,/Users/michaelalfaro/Dropbox/git/downloading-fish-images-2026/images_fishbase_usercontrib/Chaetodon_semeion_FishBaseUser_1430209932_86.10.40.87.jpg,fishbase_usercontrib,Chaetodon semeion,Chaetodon semeion,False,False
Coradion_melanopus_FishBaseUser_1747573804_95.95.129.49.jpg,/Users/michaelalfaro/Dropbox/git/downloading-fish-images-2026/images_fishbase_usercontrib/Coradion_melanopus_FishBaseUser_1747573804_95.95.129.49.jpg,fishbase_usercontrib,Coradion melanopus,Coradion melanopus,False,False
Forcipiger_flavissimus_FishBaseUser_1760314330_101.115.183.201.jpg,/Users/michaelalfaro/Dropbox/git/downloading-fish-images-2026/images_fishbase_usercontrib/Forcipiger_flavissimus_FishBaseUser_1760314330_101.115.183.201.jpg,fishbase_usercontrib,Forcipiger flavissimus,Forcipiger flavissimus,False,False
Chaetodon_lunulatus_FishBaseUser_1753598746_219.73.75.40.jpg,/Users/michaelalfaro/Dropbox/git/downloading-fish-images-2026/images_fishbase_usercontrib/Chaetodon_lunulatus_FishBaseUser_1753598746_219.73.75.40.jpg,fishbase_usercontrib,Chaetodon lunulatus,Chaetodon lunulatus,False,False
Chaetodon_xanthurus_FishBaseUser_1509184170_172.68.102.54.jpg,/Users/michaelalfaro/Dropbox/git/downloading-fish-images-2026/images_fishbase_usercontrib/Chaetodon_xanthurus_FishBaseUser_1509184170_172.68.102.54.jpg,fishbase_usercontrib,Chaetodon xanthurus,Chaetodon xanthurus,False,False
Chaetodon_lunulatus_FishBaseUser_1492969197_108.162.216.108.jpg,/Users/michaelalfaro/Dropbox/git/downloading-fish-images-2026/images_fishbase_usercontrib/Chaetodon_lunulatus_FishBaseUser_1492969197_108.162.216.108.jpg,fishbase_usercontrib,Chaetodon lunulatus,Chaetodon lunulatus,False,False
Heniochus_acuminatus_FishBaseUser_1569828565_172.68.189.231.jpg,/Users/michaelalfaro/Dropbox/git/downloading-fish-images-2026/images_fishbase_usercontrib/Heniochus_acuminatus_FishBaseUser_1569828565_172.68.189.231.jpg,fishbase_usercontrib,Heniochus acuminatus,Heniochus acuminatus,False,False
Chaetodon_lineolatus_FishBaseUser_1670951896_172.71.22.23.jpg,/Users/michaelalfaro/Dropbox/git/downloading-fish-images-2026/images_fishbase_usercontrib/Chaetodon_lineolatus_FishBaseUser_1670951896_172.71.22.23.jpg,fishbase_usercontrib,Chaetodon lineolatus,Chaetodon lineolatus,False,False
Heniochus_chrysostomus_FishBaseUser_1389913211_38.99.243.46.jpg,/Users/michaelalfaro/Dropbox/git/downloading-fish-images-2026/images_fishbase_usercontrib/Heniochus_chrysostomus_FishBaseUser_1389913211_38.99.243.46.jpg,fishbase_usercontrib,Heniochus chrysostomus,Heniochus chrysostomus,False,False
Heniochus_chrysostomus_FishBaseUser_1748164773_95.95.129.49.jpg,/Users/michaelalfaro/Dropbox/git/downloading-fish-images-2026/images_fishbase_usercontrib/Heniochus_chrysostomus_FishBaseUser_1748164773_95.95.129.49.jpg,fishbase_usercontrib,Heniochus chrysostomus,Heniochus chrysostomus,False,False
Chaetodon_fasciatus_FishBaseUser_1671304912_172.71.26.208.jpg,/Users/michaelalfaro/Dropbox/git/downloading-fish-images-2026/images_fishbase_usercontrib/Chaetodon_fasciatus_FishBaseUser_1671304912_172.71.26.208.jpg,fishbase_usercontrib,Chaetodon fasciatus,Chaetodon fasciatus,False,False
Chaetodon_pictus_FishBaseUser_1445595557_39.50.251.126.jpg,/Users/michaelalfaro/Dropbox/git/downloading-fish-images-2026/images_fishbase_usercontrib/Chaetodon_pictus_FishBaseUser_1445595557_39.50.251.126.jpg,fishbase_usercontrib,Chaetodon pictus,Chaetodon pictus,False,False
Chaetodon_decussatus_FishBaseUser_1617651844_162.158.75.80.jpg,/Users/michaelalfaro/Dropbox/git/downloading-fish-images-2026/images_fishbase_usercontrib/Chaetodon_decussatus_FishBaseUser_1617651844_162.158.75.80.jpg,fishbase_usercontrib,Chaetodon decussatus,Chaetodon decussatus,False,False
Chaetodon_ornatissimus_FishBaseUser_1676168749_172.69.33.132.jpg,/Users/michaelalfaro/Dropbox/git/downloading-fish-images-2026/images_fishbase_usercontrib/Chaetodon_ornatissimus_FishBaseUser_1676168749_172.69.33.132.jpg,fishbase_usercontrib,Chaetodon ornatissimus,Chaetodon ornatissimus,False,False
Coradion_melanopus_FishBaseUser_1361880729_82.20.1.24.jpg,/Users/michaelalfaro/Dropbox/git/downloading-fish-images-2026/images_fishbase_usercontrib/Coradion_melanopus_FishBaseUser_1361880729_82.20.1.24.jpg,fishbase_usercontrib,Coradion melanopus,Coradion melanopus,False,False
Chaetodon_vagabundus_FishBaseUser_1508873636_162.158.59.66.jpg,/Users/michaelalfaro/Dropbox/git/downloading-fish-images-2026/images_fishbase_usercontrib/Chaetodon_vagabundus_FishBaseUser_1508873636_162.158.59.66.jpg,fishbase_usercontrib,Chaetodon vagabundus,Chaetodon vagabundus,False,False
Chaetodon_nippon_FishBaseUser_1401575459_114.155.215.180.jpg,/Users/michaelalfaro/Dropbox/git/downloading-fish-images-2026/images_fishbase_usercontrib/Chaetodon_nippon_FishBaseUser_1401575459_114.155.215.180.jpg,fishbase_usercontrib,Chaetodon nippon,Chaetodon nippon,False,False
Chaetodon_striatus_FishBaseUser_1634334311_162.158.187.211.jpg,/Users/michaelalfaro/Dropbox/git/downloading-fish-images-2026/images_fishbase_usercontrib/Chaetodon_striatus_FishBaseUser_1634334311_162.158.187.211.jpg,fishbase_usercontrib,Chaetodon striatus,Chaetodon striatus,False,False
Chaetodon_lunulatus_FishBaseUser_1343503046_24.185.16.14.jpg,/Users/michaelalfaro/Dropbox/git/downloading-fish-images-2026/images_fishbase_usercontrib/Chaetodon_lunulatus_FishBaseUser_1343503046_24.185.16.14.jpg,fishbase_usercontrib,Chaetodon lunulatus,Chaetodon lunulatus,False,False
Chaetodon_pelewensis_FishBaseUser_1703891637_172.70.55.134.jpg,/Users/michaelalfaro/Dropbox/git/downloading-fish-images-2026/images_fishbase_usercontrib/Chaetodon_pelewensis_FishBaseUser_1703891637_172.70.55.134.jpg,fishbase_usercontrib,Chaetodon pelewensis,Chaetodon pelewensis,False,False
Chaetodon_xanthocephalus_FishBaseUser_1701479783_162.158.204.130.jpg,/Users/michaelalfaro/Dropbox/git/downloading-fish-images-2026/images_fishbase_usercontrib/Chaetodon_xanthocephalus_FishBaseUser_1701479783_162.158.204.130.jpg,fishbase_usercontrib,Chaetodon xanthocephalus,Chaetodon xanthocephalus,False,False
Heniochus_acuminatus_FishBaseUser_1569828756_162.158.255.18.jpg,/Users/michaelalfaro/Dropbox/git/downloading-fish-images-2026/images_fishbase_usercontrib/Heniochus_acuminatus_FishBaseUser_1569828756_162.158.255.18.jpg,fishbase_usercontrib,Heniochus acuminatus,Heniochus acuminatus,False,False
Chaetodon_auriga_FishBaseUser_1656491305_172.70.142.69.jpg,/Users/michaelalfaro/Dropbox/git/downloading-fish-images-2026/images_fishbase_usercontrib/Chaetodon_auriga_FishBaseUser_1656491305_172.70.142.69.jpg,fishbase_usercontrib,Chaetodon auriga,Chaetodon auriga,False,False
Heniochus_acuminatus_FishBaseUser_1541666291_162.158.155.226.jpg,/Users/michaelalfaro/Dropbox/git/downloading-fish-images-2026/images_fishbase_usercontrib/Heniochus_acuminatus_FishBaseUser_1541666291_162.158.155.226.jpg,fishbase_usercontrib,Heniochus acuminatus,Heniochus acuminatus,False,False
Chaetodon_meyeri_FishBaseUser_1360080745_86.28.236.182.jpg,/Users/michaelalfaro/Dropbox/git/downloading-fish-images-2026/images_fishbase_usercontrib/Chaetodon_meyeri_FishBaseUser_1360080745_86.28.236.182.jpg,fishbase_usercontrib,Chaetodon meyeri,Chaetodon meyeri,False,False
Chaetodon_guttatissimus_FishBaseUser_1760773407_101.115.183.201.jpg,/Users/michaelalfaro/Dropbox/git/downloading-fish-images-2026/images_fishbase_usercontrib/Chaetodon_guttatissimus_FishBaseUser_1760773407_101.115.183.201.jpg,fishbase_usercontrib,Chaetodon guttatissimus,Chaetodon guttatissimus,False,False
Forcipiger_flavissimus_FishBaseUser_1724953913_162.158.170.244.jpg,/Users/michaelalfaro/Dropbox/git/downloading-fish-images-2026/images_fishbase_usercontrib/Forcipiger_flavissimus_FishBaseUser_1724953913_162.158.170.244.jpg,fishbase_usercontrib,Forcipiger flavissimus,Forcipiger flavissimus,False,False
Coradion_chrysozonus_FishBaseUser_1569482983_162.158.255.18.jpg,/Users/michaelalfaro/Dropbox/git/downloading-fish-images-2026/images_fishbase_usercontrib/Coradion_chrysozonus_FishBaseUser_1569482983_162.158.255.18.jpg,fishbase_usercontrib,Coradion chrysozonus,Coradion chrysozonus,False,False
Chaetodon_auriga_FishBaseUser_1585564466_141.101.69.75.jpg,/Users/michaelalfaro/Dropbox/git/downloading-fish-images-2026/images_fishbase_usercontrib/Chaetodon_auriga_FishBaseUser_1585564466_141.101.69.75.jpg,fishbase_usercontrib,Chaetodon auriga,Chaetodon auriga,False,False
Chaetodon_decussatus_FishBaseUser_1508796297_172.68.102.54.jpg,/Users/michaelalfaro/Dropbox/git/downloading-fish-images-2026/images_fishbase_usercontrib/Chaetodon_decussatus_FishBaseUser_1508796297_172.68.102.54.jpg,fishbase_usercontrib,Chaetodon decussatus,Chaetodon decussatus,False,False
Chaetodon_ephippium_FishBaseUser_1558076187_141.101.99.211.jpg,/Users/michaelalfaro/Dropbox/git/downloading-fish-images-2026/images_fishbase_usercontrib/Chaetodon_ephippium_FishBaseUser_1558076187_141.101.99.211.jpg,fishbase_usercontrib,Chaetodon ephippium,Chaetodon ephippium,False,False
Chaetodon_lineolatus_FishBaseUser_1569480089_162.158.255.186.jpg,/Users/michaelalfaro/Dropbox/git/downloading-fish-images-2026/images_fishbase_usercontrib/Chaetodon_lineolatus_FishBaseUser_1569480089_162.158.255.186.jpg,fishbase_usercontrib,Chaetodon lineolatus,Chaetodon lineolatus,False,False
Chaetodon_octofasciatus_FishBaseUser_1486518173_162.158.230.121.jpg,/Users/michaelalfaro/Dropbox/git/downloading-fish-images-2026/images_fishbase_usercontrib/Chaetodon_octofasciatus_FishBaseUser_1486518173_162.158.230.121.jpg,fishbase_usercontrib,Chaetodon octofasciatus,Chaetodon octofasciatus,False,False
Chaetodon_decussatus_FishBaseUser_1562554153_172.68.132.247.jpg,/Users/michaelalfaro/Dropbox/git/downloading-fish-images-2026/images_fishbase_usercontrib/Chaetodon_decussatus_FishBaseUser_1562554153_172.68.132.247.jpg,fishbase_usercontrib,Chaetodon decussatus,Chaetodon decussatus,False,False
Chaetodon_xanthocephalus_FishBaseUser_1724958728_172.71.124.11.jpg,/Users/michaelalfaro/Dropbox/git/downloading-fish-images-2026/images_fishbase_usercontrib/Chaetodon_xanthocephalus_FishBaseUser_1724958728_172.71.124.11.jpg,fishbase_usercontrib,Chaetodon xanthocephalus,Chaetodon xanthocephalus,False,False
Chaetodon_ornatissimus_FishBaseUser_1508799540_172.68.102.54.jpg,/Users/michaelalfaro/Dropbox/git/downloading-fish-images-2026/images_fishbase_usercontrib/Chaetodon_ornatissimus_FishBaseUser_1508799540_172.68.102.54.jpg,fishbase_usercontrib,Chaetodon ornatissimus,Chaetodon ornatissimus,False,False
Chaetodon_auriga_FishBaseUser_1526830822_162.158.22.216.jpg,/Users/michaelalfaro/Dropbox/git/downloading-fish-images-2026/images_fishbase_usercontrib/Chaetodon_auriga_FishBaseUser_1526830822_162.158.22.216.jpg,fishbase_usercontrib,Chaetodon auriga,Chaetodon auriga,False,False
Chaetodon_rafflesii_FishBaseUser_1747233083_95.95.129.49.jpg,/Users/michaelalfaro/Dropbox/git/downloading-fish-images-2026/images_fishbase_usercontrib/Chaetodon_rafflesii_FishBaseUser_1747233083_95.95.129.49.jpg,fishbase_usercontrib,Chaetodon rafflesii,Chaetodon rafflesii,False,False
Chaetodon_sedentarius_FishBaseUser_1715887571_172.69.132.223.jpg,/Users/michaelalfaro/Dropbox/git/downloading-fish-images-2026/images_fishbase_usercontrib/Chaetodon_sedentarius_FishBaseUser_1715887571_172.69.132.223.jpg,fishbase_usercontrib,Chaetodon sedentarius,Chaetodon sedentarius,False,False
Chaetodon_vagabundus_FishBaseUser_1603232922_162.158.187.197.jpg,/Users/michaelalfaro/Dropbox/git/downloading-fish-images-2026/images_fishbase_usercontrib/Chaetodon_vagabundus_FishBaseUser_1603232922_162.158.187.197.jpg,fishbase_usercontrib,Chaetodon vagabundus,Chaetodon vagabundus,False,False
Chaetodon_nigropunctatus_FishBaseUser_1586789502_162.158.93.71.jpg,/Users/michaelalfaro/Dropbox/git/downloading-fish-images-2026/images_fishbase_usercontrib/Chaetodon_nigropunctatus_FishBaseUser_1586789502_162.158.93.71.jpg,fishbase_usercontrib,Chaetodon nigropunctatus,Chaetodon nigropunctatus,False,False
Chaetodon_ephippium_FishBaseUser_1710066187_188.114.102.177.jpg,/Users/michaelalfaro/Dropbox/git/downloading-fish-images-2026/images_fishbase_usercontrib/Chaetodon_ephippium_FishBaseUser_1710066187_188.114.102.177.jpg,fishbase_usercontrib,Chaetodon ephippium,Chaetodon ephippium,False,False
Heniochus_singularius_FishBaseUser_1486537901_172.68.106.90.jpg,/Users/michaelalfaro/Dropbox/git/downloading-fish-images-2026/images_fishbase_usercontrib/Heniochus_singularius_FishBaseUser_1486537901_172.68.106.90.jpg,fishbase_usercontrib,Heniochus singularius,Heniochus singularius,False,False
Chaetodon_ephippium_FishBaseUser_1703951854_172.70.255.108.jpg,/Users/michaelalfaro/Dropbox/git/downloading-fish-images-2026/images_fishbase_usercontrib/Chaetodon_ephippium_FishBaseUser_1703951854_172.70.255.108.jpg,fishbase_usercontrib,Chaetodon ephippium,Chaetodon ephippium,False,False
Chaetodon_lunulatus_FishBaseUser_1704746307_172.70.54.39.jpg,/Users/michaelalfaro/Dropbox/git/downloading-fish-images-2026/images_fishbase_usercontrib/Chaetodon_lunulatus_FishBaseUser_1704746307_172.70.54.39.jpg,fishbase_usercontrib,Chaetodon lunulatus,Chaetodon lunulatus,False,False
Johnrandallia_nigrirostris_FishBaseUser_1752336923_149.102.252.46.jpg,/Users/michaelalfaro/Dropbox/git/downloading-fish-images-2026/images_fishbase_usercontrib/Johnrandallia_nigrirostris_FishBaseUser_1752336923_149.102.252.46.jpg,fishbase_usercontrib,Johnrandallia nigrirostris,Johnrandallia nigrirostris,False,False
Chaetodon_mertensii_FishBaseUser_1577141580_172.68.102.78.jpg,/Users/michaelalfaro/Dropbox/git/downloading-fish-images-2026/images_fishbase_usercontrib/Chaetodon_mertensii_FishBaseUser_1577141580_172.68.102.78.jpg,fishbase_usercontrib,Chaetodon mertensii,Chaetodon mertensii,False,False
Chaetodon_adiergastos_FishBaseUser_1753598392_219.73.75.40.jpg,/Users/michaelalfaro/Dropbox/git/downloading-fish-images-2026/images_fishbase_usercontrib/Chaetodon_adiergastos_FishBaseUser_1753598392_219.73.75.40.jpg,fishbase_usercontrib,Chaetodon adiergastos,Chaetodon adiergastos,False,False
Chaetodon_tinkeri_FishBaseUser_1368178821_114.155.226.67.jpg,/Users/michaelalfaro/Dropbox/git/downloading-fish-images-2026/images_fishbase_usercontrib/Chaetodon_tinkeri_FishBaseUser_1368178821_114.155.226.67.jpg,fishbase_usercontrib,Chaetodon tinkeri,Chaetodon tinkeri,False,False
Chaetodon_punctatofasciatus_FishBaseUser_1444531758_24.215.186.224.jpg,/Users/michaelalfaro/Dropbox/git/downloading-fish-images-2026/images_fishbase_usercontrib/Chaetodon_punctatofasciatus_FishBaseUser_1444531758_24.215.186.224.jpg,fishbase_usercontrib,Chaetodon punctatofasciatus,Chaetodon punctatofasciatus,False,False
Forcipiger_longirostris_FishBaseUser_1430166088_95.242.249.217.jpg,/Users/michaelalfaro/Dropbox/git/downloading-fish-images-2026/images_fishbase_usercontrib/Forcipiger_longirostris_FishBaseUser_1430166088_95.242.249.217.jpg,fishbase_usercontrib,Forcipiger longirostris,Forcipiger longirostris,False,False
Chaetodon_melannotus_FishBaseUser_1508798795_172.68.102.54.jpg,/Users/michaelalfaro/Dropbox/git/downloading-fish-images-2026/images_fishbase_usercontrib/Chaetodon_melannotus_FishBaseUser_1508798795_172.68.102.54.jpg,fishbase_usercontrib,Chaetodon melannotus,Chaetodon melannotus,False,False
Chaetodon_ocellatus_FishBaseUser_1706471062_172.70.54.83.jpg,/Users/michaelalfaro/Dropbox/git/downloading-fish-images-2026/images_fishbase_usercontrib/Chaetodon_ocellatus_FishBaseUser_1706471062_172.70.54.83.jpg,fishbase_usercontrib,Chaetodon ocellatus,Chaetodon ocellatus,False,False
Chaetodon_kleinii_FishBaseUser_1747227399_95.95.129.49.jpg,/Users/michaelalfaro/Dropbox/git/downloading-fish-images-2026/images_fishbase_usercontrib/Chaetodon_kleinii_FishBaseUser_1747227399_95.95.129.49.jpg,fishbase_usercontrib,Chaetodon kleinii,Chaetodon kleinii,False,False
Chaetodon_capistratus_FishBaseUser_1528207456_162.158.22.24.jpg,/Users/michaelalfaro/Dropbox/git/downloading-fish-images-2026/images_fishbase_usercontrib/Chaetodon_capistratus_FishBaseUser_1528207456_162.158.22.24.jpg,fishbase_usercontrib,Chaetodon capistratus,Chaetodon capistratus,False,False
Heniochus_varius_FishBaseUser_1469523498_162.158.167.12.jpg,/Users/michaelalfaro/Dropbox/git/downloading-fish-images-2026/images_fishbase_usercontrib/Heniochus_varius_FishBaseUser_1469523498_162.158.167.12.jpg,fishbase_usercontrib,Heniochus varius,Heniochus varius,False,False
Chaetodon_auriga_FishBaseUser_1508794173_172.68.102.54.jpg,/Users/michaelalfaro/Dropbox/git/downloading-fish-images-2026/images_fishbase_usercontrib/Chaetodon_auriga_FishBaseUser_1508794173_172.68.102.54.jpg,fishbase_usercontrib,Chaetodon auriga,Chaetodon auriga,False,False
Chaetodon_plebeius_FishBaseUser_1441345149_117.206.95.248.jpg,/Users/michaelalfaro/Dropbox/git/downloading-fish-images-2026/images_fishbase_usercontrib/Chaetodon_plebeius_FishBaseUser_1441345149_117.206.95.248.jpg,fishbase_usercontrib,Chaetodon plebeius,Chaetodon plebeius,False,False
Chaetodon_robustus_FishBaseUser_1747233394_95.95.129.49.jpg,/Users/michaelalfaro/Dropbox/git/downloading-fish-images-2026/images_fishbase_usercontrib/Chaetodon_robustus_FishBaseUser_1747233394_95.95.129.49.jpg,fishbase_usercontrib,Chaetodon robustus,Chaetodon robustus,False,False
Chaetodon_trifascialis_FishBaseUser_1588165734_162.158.111.249.jpg,/Users/michaelalfaro/Dropbox/git/downloading-fish-images-2026/images_fishbase_usercontrib/Chaetodon_trifascialis_FishBaseUser_1588165734_162.158.111.249.jpg,fishbase_usercontrib,Chaetodon trifascialis,Chaetodon trifascialis,False,False
Chaetodon_trifasciatus_FishBaseUser_1724989518_172.71.81.80.jpg,/Users/michaelalfaro/Dropbox/git/downloading-fish-images-2026/images_fishbase_usercontrib/Chaetodon_trifasciatus_FishBaseUser_1724989518_172.71.81.80.jpg,fishbase_usercontrib,Chaetodon trifasciatus,Chaetodon trifasciatus,False,False
Heniochus_acuminatus_FishBaseUser_1397911556_5.201.158.99.jpg,/Users/michaelalfaro/Dropbox/git/downloading-fish-images-2026/images_fishbase_usercontrib/Heniochus_acuminatus_FishBaseUser_1397911556_5.201.158.99.jpg,fishbase_usercontrib,Heniochus acuminatus,Heniochus acuminatus,False,False
Chaetodon_lineolatus_FishBaseUser_1569480060_172.69.22.88.jpg,/Users/michaelalfaro/Dropbox/git/downloading-fish-images-2026/images_fishbase_usercontrib/Chaetodon_lineolatus_FishBaseUser_1569480060_172.69.22.88.jpg,fishbase_usercontrib,Chaetodon lineolatus,Chaetodon lineolatus,False,False
Chaetodon_citrinellus_FishBaseUser_1511366233_162.158.92.222.jpg,/Users/michaelalfaro/Dropbox/git/downloading-fish-images-2026/images_fishbase_usercontrib/Chaetodon_citrinellus_FishBaseUser_1511366233_162.158.92.222.jpg,fishbase_usercontrib,Chaetodon citrinellus,Chaetodon citrinellus,False,False
Forcipiger_longirostris_FishBaseUser_1747943212_95.95.129.49.jpg,/Users/michaelalfaro/Dropbox/git/downloading-fish-images-2026/images_fishbase_usercontrib/Forcipiger_longirostris_FishBaseUser_1747943212_95.95.129.49.jpg,fishbase_usercontrib,Forcipiger longirostris,Forcipiger longirostris,False,False
Chaetodon_plebeius_FishBaseUser_1509180900_172.68.102.54.jpg,/Users/michaelalfaro/Dropbox/git/downloading-fish-images-2026/images_fishbase_usercontrib/Chaetodon_plebeius_FishBaseUser_1509180900_172.68.102.54.jpg,fishbase_usercontrib,Chaetodon plebeius,Chaetodon plebeius,False,False
Chaetodon_ornatissimus_FishBaseUser_1707093967_172.70.255.38.jpg,/Users/michaelalfaro/Dropbox/git/downloading-fish-images-2026/images_fishbase_usercontrib/Chaetodon_ornatissimus_FishBaseUser_1707093967_172.70.255.38.jpg,fishbase_usercontrib,Chaetodon ornatissimus,Chaetodon ornatissimus,False,False
Chaetodon_striatus_FishBaseUser_1617565353_162.158.75.220.jpg,/Users/michaelalfaro/Dropbox/git/downloading-fish-images-2026/images_fishbase_usercontrib/Chaetodon_striatus_FishBaseUser_1617565353_162.158.75.220.jpg,fishbase_usercontrib,Chaetodon striatus,Chaetodon striatus,False,False
Chaetodon_collare_FishBaseUser_1366902798_182.178.103.211.jpg,/Users/michaelalfaro/Dropbox/git/downloading-fish-images-2026/images_fishbase_usercontrib/Chaetodon_collare_FishBaseUser_1366902798_182.178.103.211.jpg,fishbase_usercontrib,Chaetodon collare,Chaetodon collare,False,False
Chaetodon_bennetti_FishBaseUser_1497079694_172.68.132.253.jpg,/Users/michaelalfaro/Dropbox/git/downloading-fish-images-2026/images_fishbase_usercontrib/Chaetodon_bennetti_FishBaseUser_1497079694_172.68.132.253.jpg,fishbase_usercontrib,Chaetodon bennetti,Chaetodon bennetti,False,False
Chaetodon_pictus_FishBaseUser_1364915741_182.178.114.223.jpg,/Users/michaelalfaro/Dropbox/git/downloading-fish-images-2026/images_fishbase_usercontrib/Chaetodon_pictus_FishBaseUser_1364915741_182.178.114.223.jpg,fishbase_usercontrib,Chaetodon pictus,Chaetodon pictus,False,False
Chaetodon_vagabundus_FishBaseUser_1747236078_95.95.129.49.jpg,/Users/michaelalfaro/Dropbox/git/downloading-fish-images-2026/images_fishbase_usercontrib/Chaetodon_vagabundus_FishBaseUser_1747236078_95.95.129.49.jpg,fishbase_usercontrib,Chaetodon vagabundus,Chaetodon vagabundus,False,False
Chaetodon_lineolatus_FishBaseUser_1672900172_162.158.178.62.jpg,/Users/michaelalfaro/Dropbox/git/downloading-fish-images-2026/images_fishbase_usercontrib/Chaetodon_lineolatus_FishBaseUser_1672900172_162.158.178.62.jpg,fishbase_usercontrib,Chaetodon lineolatus,Chaetodon lineolatus,False,False
Chaetodon_kleinii_FishBaseUser_1746713569_202.152.137.21.jpg,/Users/michaelalfaro/Dropbox/git/downloading-fish-images-2026/images_fishbase_usercontrib/Chaetodon_kleinii_FishBaseUser_1746713569_202.152.137.21.jpg,fishbase_usercontrib,Chaetodon kleinii,Chaetodon kleinii,False,False
Chaetodon_collare_FishBaseUser_1344100256_62.178.129.238.jpg,/Users/michaelalfaro/Dropbox/git/downloading-fish-images-2026/images_fishbase_usercontrib/Chaetodon_collare_FishBaseUser_1344100256_62.178.129.238.jpg,fishbase_usercontrib,Chaetodon collare,Chaetodon collare,False,False
Chaetodon_lunula_FishBaseUser_1486419647_108.162.229.6.jpg,/Users/michaelalfaro/Dropbox/git/downloading-fish-images-2026/images_fishbase_usercontrib/Chaetodon_lunula_FishBaseUser_1486419647_108.162.229.6.jpg,fishbase_usercontrib,Chaetodon lunula,Chaetodon lunula,False,False
Heniochus_acuminatus_FishBaseUser_1481801645_188.114.102.52.jpg,/Users/michaelalfaro/Dropbox/git/downloading-fish-images-2026/images_fishbase_usercontrib/Heniochus_acuminatus_FishBaseUser_1481801645_188.114.102.52.jpg,fishbase_usercontrib,Heniochus acuminatus,Heniochus acuminatus,False,False
Heniochus_acuminatus_FishBaseUser_1745462600_125.227.116.37.jpg,/Users/michaelalfaro/Dropbox/git/downloading-fish-images-2026/images_fishbase_usercontrib/Heniochus_acuminatus_FishBaseUser_1745462600_125.227.116.37.jpg,fishbase_usercontrib,Heniochus acuminatus,Heniochus acuminatus,False,False
Chaetodon_fremblii_FishBaseUser_1549207609_172.68.46.139.jpg,/Users/michaelalfaro/Dropbox/git/downloading-fish-images-2026/images_fishbase_usercontrib/Chaetodon_fremblii_FishBaseUser_1549207609_172.68.46.139.jpg,fishbase_usercontrib,Chaetodon fremblii,Chaetodon fremblii,False,False
Chaetodon_octofasciatus_FishBaseUser_1569480211_172.68.143.140.jpg,/Users/michaelalfaro/Dropbox/git/downloading-fish-images-2026/images_fishbase_usercontrib/Chaetodon_octofasciatus_FishBaseUser_1569480211_172.68.143.140.jpg,fishbase_usercontrib,Chaetodon octofasciatus,Chaetodon octofasciatus,False,False
Chelmonops_curiosus_FishBaseUser_1558011406_162.158.158.141.jpg,/Users/michaelalfaro/Dropbox/git/downloading-fish-images-2026/images_fishbase_usercontrib/Chelmonops_curiosus_FishBaseUser_1558011406_162.158.158.141.jpg,fishbase_usercontrib,Chelmonops curiosus,Chelmonops curiosus,False,False
Chaetodon_gardineri_FishBaseUser_1566014800_172.69.244.170.jpg,/Users/michaelalfaro/Dropbox/git/downloading-fish-images-2026/images_fishbase_usercontrib/Chaetodon_gardineri_FishBaseUser_1566014800_172.69.244.170.jpg,fishbase_usercontrib,Chaetodon gardineri,Chaetodon gardineri,False,False
Chaetodon_fasciatus_FishBaseUser_1580205454_162.158.91.183.jpg,/Users/michaelalfaro/Dropbox/git/downloading-fish-images-2026/images_fishbase_usercontrib/Chaetodon_fasciatus_FishBaseUser_1580205454_162.158.91.183.jpg,fishbase_usercontrib,Chaetodon fasciatus,Chaetodon fasciatus,False,False
Chaetodon_kleinii_FishBaseUser_1747227457_95.95.129.49.jpg,/Users/michaelalfaro/Dropbox/git/downloading-fish-images-2026/images_fishbase_usercontrib/Chaetodon_kleinii_FishBaseUser_1747227457_95.95.129.49.jpg,fishbase_usercontrib,Chaetodon kleinii,Chaetodon kleinii,False,False
Chaetodon_trifasciatus_FishBaseUser_1509182472_172.68.102.54.jpg,/Users/michaelalfaro/Dropbox/git/downloading-fish-images-2026/images_fishbase_usercontrib/Chaetodon_trifasciatus_FishBaseUser_1509182472_172.68.102.54.jpg,fishbase_usercontrib,Chaetodon trifasciatus,Chaetodon trifasciatus,False,False
Chaetodon_auriga_FishBaseUser_1357797387_125.17.229.2.jpg,/Users/michaelalfaro/Dropbox/git/downloading-fish-images-2026/images_fishbase_usercontrib/Chaetodon_auriga_FishBaseUser_1357797387_125.17.229.2.jpg,fishbase_usercontrib,Chaetodon auriga,Chaetodon auriga,False,False
Chaetodon_auriga_FishBaseUser_1724961987_172.68.91.135.jpg,/Users/michaelalfaro/Dropbox/git/downloading-fish-images-2026/images_fishbase_usercontrib/Chaetodon_auriga_FishBaseUser_1724961987_172.68.91.135.jpg,fishbase_usercontrib,Chaetodon auriga,Chaetodon auriga,False,False
Prognathodes_carlhubbsi_FishBaseUser_1752435756_146.70.186.116.jpg,/Users/michaelalfaro/Dropbox/git/downloading-fish-images-2026/images_fishbase_usercontrib/Prognathodes_carlhubbsi_FishBaseUser_1752435756_146.70.186.116.jpg,fishbase_usercontrib,Prognathodes carlhubbsi,Prognathodes carlhubbsi,False,False
Chaetodon_ulietensis_FishBaseUser_1498858510_172.68.142.169.jpg,/Users/michaelalfaro/Dropbox/git/downloading-fish-images-2026/images_fishbase_usercontrib/Chaetodon_ulietensis_FishBaseUser_1498858510_172.68.142.169.jpg,fishbase_usercontrib,Chaetodon ulietensis,Chaetodon ulietensis,False,False
Chaetodon_austriacus_FishBaseUser_1655395652_172.71.94.47.jpg,/Users/michaelalfaro/Dropbox/git/downloading-fish-images-2026/images_fishbase_usercontrib/Chaetodon_austriacus_FishBaseUser_1655395652_172.71.94.47.jpg,fishbase_usercontrib,Chaetodon austriacus,Chaetodon austriacus,False,False
Heniochus_acuminatus_FishBaseUser_1748164378_95.95.129.49.jpg,/Users/michaelalfaro/Dropbox/git/downloading-fish-images-2026/images_fishbase_usercontrib/Heniochus_acuminatus_FishBaseUser_1748164378_95.95.129.49.jpg,fishbase_usercontrib,Heniochus acuminatus,Heniochus acuminatus,False,False
Chaetodon_marleyi_FishBaseUser_1597502728_172.68.186.98.jpg,/Users/michaelalfaro/Dropbox/git/downloading-fish-images-2026/images_fishbase_usercontrib/Chaetodon_marleyi_FishBaseUser_1597502728_172.68.186.98.jpg,fishbase_usercontrib,Chaetodon marleyi,Chaetodon marleyi,False,False
Chaetodon_guttatissimus_FishBaseUser_1361356238_86.28.236.182.jpg,/Users/michaelalfaro/Dropbox/git/downloading-fish-images-2026/images_fishbase_usercontrib/Chaetodon_guttatissimus_FishBaseUser_1361356238_86.28.236.182.jpg,fishbase_usercontrib,Chaetodon guttatissimus,Chaetodon guttatissimus,False,False
Chaetodon_pelewensis_FishBaseUser_1734298768_162.158.154.114.jpg,/Users/michaelalfaro/Dropbox/git/downloading-fish-images-2026/images_fishbase_usercontrib/Chaetodon_pelewensis_FishBaseUser_1734298768_162.158.154.114.jpg,fishbase_usercontrib,Chaetodon pelewensis,Chaetodon pelewensis,False,False
Chaetodon_madagaskariensis_FishBaseUser_1585565766_108.162.229.30.jpg,/Users/michaelalfaro/Dropbox/git/downloading-fish-images-2026/images_fishbase_usercontrib/Chaetodon_madagaskariensis_FishBaseUser_1585565766_108.162.229.30.jpg,fishbase_usercontrib,Chaetodon madagaskariensis,Chaetodon madagaskariensis,False,False
Roa_jayakari_FishBaseUser_1502595969_188.114.102.42.jpg,/Users/michaelalfaro/Dropbox/git/downloading-fish-images-2026/images_fishbase_usercontrib/Roa_jayakari_FishBaseUser_1502595969_188.114.102.42.jpg,fishbase_usercontrib,Roa jayakari,Roa jayakari,False,False
Chaetodon_meyeri_FishBaseUser_1724129872_172.71.124.212.jpg,/Users/michaelalfaro/Dropbox/git/downloading-fish-images-2026/images_fishbase_usercontrib/Chaetodon_meyeri_FishBaseUser_1724129872_172.71.124.212.jpg,fishbase_usercontrib,Chaetodon meyeri,Chaetodon meyeri,False,False
Chaetodon_falcula_FishBaseUser_1361817722_86.28.236.182.jpg,/Users/michaelalfaro/Dropbox/git/downloading-fish-images-2026/images_fishbase_usercontrib/Chaetodon_falcula_FishBaseUser_1361817722_86.28.236.182.jpg,fishbase_usercontrib,Chaetodon falcula,Chaetodon falcula,False,False
Chaetodon_pictus_FishBaseUser_1445595668_39.57.4.85.jpg,/Users/michaelalfaro/Dropbox/git/downloading-fish-images-2026/images_fishbase_usercontrib/Chaetodon_pictus_FishBaseUser_1445595668_39.57.4.85.jpg,fishbase_usercontrib,Chaetodon pictus,Chaetodon pictus,False,False
Chaetodon_ephippium_FishBaseUser_1497005553_172.68.132.253.jpg,/Users/michaelalfaro/Dropbox/git/downloading-fish-images-2026/images_fishbase_usercontrib/Chaetodon_ephippium_FishBaseUser_1497005553_172.68.132.253.jpg,fishbase_usercontrib,Chaetodon ephippium,Chaetodon ephippium,False,False
Chaetodon_xanthurus_FishBaseUser_1393926671_202.123.56.125.jpg,/Users/michaelalfaro/Dropbox/git/downloading-fish-images-2026/images_fishbase_usercontrib/Chaetodon_xanthurus_FishBaseUser_1393926671_202.123.56.125.jpg,fishbase_usercontrib,Chaetodon xanthurus,Chaetodon xanthurus,False,False
Chaetodon_oxycephalus_FishBaseUser_1486517905_162.158.230.121.jpg,/Users/michaelalfaro/Dropbox/git/downloading-fish-images-2026/images_fishbase_usercontrib/Chaetodon_oxycephalus_FishBaseUser_1486517905_162.158.230.121.jpg,fishbase_usercontrib,Chaetodon oxycephalus,Chaetodon oxycephalus,False,False
Chaetodon_semilarvatus_FishBaseUser_1671035515_172.71.26.208.jpg,/Users/michaelalfaro/Dropbox/git/downloading-fish-images-2026/images_fishbase_usercontrib/Chaetodon_semilarvatus_FishBaseUser_1671035515_172.71.26.208.jpg,fishbase_usercontrib,Chaetodon semilarvatus,Chaetodon semilarvatus,False,False
Chaetodon_bennetti_FishBaseUser_1747225772_95.95.129.49.jpg,/Users/michaelalfaro/Dropbox/git/downloading-fish-images-2026/images_fishbase_usercontrib/Chaetodon_bennetti_FishBaseUser_1747225772_95.95.129.49.jpg,fishbase_usercontrib,Chaetodon bennetti,Chaetodon bennetti,False,False
Chaetodon_larvatus_FishBaseUser_1671051715_108.162.237.70.jpg,/Users/michaelalfaro/Dropbox/git/downloading-fish-images-2026/images_fishbase_usercontrib/Chaetodon_larvatus_FishBaseUser_1671051715_108.162.237.70.jpg,fishbase_usercontrib,Chaetodon larvatus,Chaetodon larvatus,False,False
Chaetodon_ocellatus_FishBaseUser_1706212482_172.70.83.28.jpg,/Users/michaelalfaro/Dropbox/git/downloading-fish-images-2026/images_fishbase_usercontrib/Chaetodon_ocellatus_FishBaseUser_1706212482_172.70.83.28.jpg,fishbase_usercontrib,Chaetodon ocellatus,Chaetodon ocellatus,False,False
Chaetodon_kleinii_FishBaseUser_1508797387_172.68.102.54.jpg,/Users/michaelalfaro/Dropbox/git/downloading-fish-images-2026/images_fishbase_usercontrib/Chaetodon_kleinii_FishBaseUser_1508797387_172.68.102.54.jpg,fishbase_usercontrib,Chaetodon kleinii,Chaetodon kleinii,False,False
Chaetodon_xanthurus_FishBaseUser_1460187834_141.101.99.85.jpg,/Users/michaelalfaro/Dropbox/git/downloading-fish-images-2026/images_fishbase_usercontrib/Chaetodon_xanthurus_FishBaseUser_1460187834_141.101.99.85.jpg,fishbase_usercontrib,Chaetodon xanthurus,Chaetodon xanthurus,False,False
Chaetodon_wiebeli_FishBaseUser_1672901392_172.71.214.132.jpg,/Users/michaelalfaro/Dropbox/git/downloading-fish-images-2026/images_fishbase_usercontrib/Chaetodon_wiebeli_FishBaseUser_1672901392_172.71.214.132.jpg,fishbase_usercontrib,Chaetodon wiebeli,Chaetodon wiebeli,False,False
Chaetodon_selene_FishBaseUser_1672900969_172.71.218.124.jpg,/Users/michaelalfaro/Dropbox/git/downloading-fish-images-2026/images_fishbase_usercontrib/Chaetodon_selene_FishBaseUser_1672900969_172.71.218.124.jpg,fishbase_usercontrib,Chaetodon selene,Chaetodon selene,False,False
Chaetodon_andamanensis_FishBaseUser_1452839533_94.198.18.55.jpg,/Users/michaelalfaro/Dropbox/git/downloading-fish-images-2026/images_fishbase_usercontrib/Chaetodon_andamanensis_FishBaseUser_1452839533_94.198.18.55.jpg,fishbase_usercontrib,Chaetodon andamanensis,Chaetodon andamanensis,False,False
Chaetodon_kleinii_FishBaseUser_1407544482_202.151.68.133.jpg,/Users/michaelalfaro/Dropbox/git/downloading-fish-images-2026/images_fishbase_usercontrib/Chaetodon_kleinii_FishBaseUser_1407544482_202.151.68.133.jpg,fishbase_usercontrib,Chaetodon kleinii,Chaetodon kleinii,False,False
Chaetodon_ephippium_FishBaseUser_1577141054_172.68.102.30.jpg,/Users/michaelalfaro/Dropbox/git/downloading-fish-images-2026/images_fishbase_usercontrib/Chaetodon_ephippium_FishBaseUser_1577141054_172.68.102.30.jpg,fishbase_usercontrib,Chaetodon ephippium,Chaetodon ephippium,False,False
Chaetodon_baronessa_FishBaseUser_1747225527_95.95.129.49.jpg,/Users/michaelalfaro/Dropbox/git/downloading-fish-images-2026/images_fishbase_usercontrib/Chaetodon_baronessa_FishBaseUser_1747225527_95.95.129.49.jpg,fishbase_usercontrib,Chaetodon baronessa,Chaetodon baronessa,False,False
Chaetodon_lunula_FishBaseUser_1672900338_162.158.179.13.jpg,/Users/michaelalfaro/Dropbox/git/downloading-fish-images-2026/images_fishbase_usercontrib/Chaetodon_lunula_FishBaseUser_1672900338_162.158.179.13.jpg,fishbase_usercontrib,Chaetodon lunula,Chaetodon lunula,False,False
Chaetodon_kleinii_FishBaseUser_1672900136_162.158.178.63.jpg,/Users/michaelalfaro/Dropbox/git/downloading-fish-images-2026/images_fishbase_usercontrib/Chaetodon_kleinii_FishBaseUser_1672900136_162.158.178.63.jpg,fishbase_usercontrib,Chaetodon kleinii,Chaetodon kleinii,False,False
Chaetodon_melannotus_FishBaseUser_1672900544_172.71.218.148.jpg,/Users/michaelalfaro/Dropbox/git/downloading-fish-images-2026/images_fishbase_usercontrib/Chaetodon_melannotus_FishBaseUser_1672900544_172.71.218.148.jpg,fishbase_usercontrib,Chaetodon melannotus,Chaetodon melannotus,False,False
Chaetodon_baronessa_FishBaseUser_1527590351_162.158.22.210.jpg,/Users/michaelalfaro/Dropbox/git/downloading-fish-images-2026/images_fishbase_usercontrib/Chaetodon_baronessa_FishBaseUser_1527590351_162.158.22.210.jpg,fishbase_usercontrib,Chaetodon baronessa,Chaetodon baronessa,False,False
Chaetodon_capistratus_FishBaseUser_1711483573_172.70.54.91.jpg,/Users/michaelalfaro/Dropbox/git/downloading-fish-images-2026/images_fishbase_usercontrib/Chaetodon_capistratus_FishBaseUser_1711483573_172.70.54.91.jpg,fishbase_usercontrib,Chaetodon capistratus,Chaetodon capistratus,False,False
Heniochus_acuminatus_FishBaseUser_1481805998_188.114.102.52.jpg,/Users/michaelalfaro/Dropbox/git/downloading-fish-images-2026/images_fishbase_usercontrib/Heniochus_acuminatus_FishBaseUser_1481805998_188.114.102.52.jpg,fishbase_usercontrib,Heniochus acuminatus,Heniochus acuminatus,False,False
Chaetodon_ocellicaudus_FishBaseUser_1655740932_172.70.126.159.jpg,/Users/michaelalfaro/Dropbox/git/downloading-fish-images-2026/images_fishbase_usercontrib/Chaetodon_ocellicaudus_FishBaseUser_1655740932_172.70.126.159.jpg,fishbase_usercontrib,Chaetodon ocellicaudus,Chaetodon ocellicaudus,False,False
Chaetodon_quadrimaculatus_FishBaseUser_1452100666_92.149.71.60.jpg,/Users/michaelalfaro/Dropbox/git/downloading-fish-images-2026/images_fishbase_usercontrib/Chaetodon_quadrimaculatus_FishBaseUser_1452100666_92.149.71.60.jpg,fishbase_usercontrib,Chaetodon quadrimaculatus,Chaetodon quadrimaculatus,False,False
Chaetodon_leucopleura_FishBaseUser_1504902123_162.158.167.8.jpg,/Users/michaelalfaro/Dropbox/git/downloading-fish-images-2026/images_fishbase_usercontrib/Chaetodon_leucopleura_FishBaseUser_1504902123_162.158.167.8.jpg,fishbase_usercontrib,Chaetodon leucopleura,Chaetodon leucopleura,False,False
Chaetodon_austriacus_FishBaseUser_1368368984_82.20.1.24.jpg,/Users/michaelalfaro/Dropbox/git/downloading-fish-images-2026/images_fishbase_usercontrib/Chaetodon_austriacus_FishBaseUser_1368368984_82.20.1.24.jpg,fishbase_usercontrib,Chaetodon austriacus,Chaetodon austriacus,False,False
Chaetodon_trifascialis_FishBaseUser_1655061204_172.70.178.191.jpg,/Users/michaelalfaro/Dropbox/git/downloading-fish-images-2026/images_fishbase_usercontrib/Chaetodon_trifascialis_FishBaseUser_1655061204_172.70.178.191.jpg,fishbase_usercontrib,Chaetodon trifascialis,Chaetodon trifascialis,False,False
Chaetodon_meyeri_FishBaseUser_1508799390_172.68.102.54.jpg,/Users/michaelalfaro/Dropbox/git/downloading-fish-images-2026/images_fishbase_usercontrib/Chaetodon_meyeri_FishBaseUser_1508799390_172.68.102.54.jpg,fishbase_usercontrib,Chaetodon meyeri,Chaetodon meyeri,False,False
Chaetodon_meyeri_FishBaseUser_1361357670_86.28.236.182.jpg,/Users/michaelalfaro/Dropbox/git/downloading-fish-images-2026/images_fishbase_usercontrib/Chaetodon_meyeri_FishBaseUser_1361357670_86.28.236.182.jpg,fishbase_usercontrib,Chaetodon meyeri,Chaetodon meyeri,False,False
Chaetodon_ocellicaudus_FishBaseUser_1753601574_219.73.75.40.jpg,/Users/michaelalfaro/Dropbox/git/downloading-fish-images-2026/images_fishbase_usercontrib/Chaetodon_ocellicaudus_FishBaseUser_1753601574_219.73.75.40.jpg,fishbase_usercontrib,Chaetodon ocellicaudus,Chaetodon ocellicaudus,False,False
Chaetodon_kleinii_FishBaseUser_1603231829_162.158.187.197.jpg,/Users/michaelalfaro/Dropbox/git/downloading-fish-images-2026/images_fishbase_usercontrib/Chaetodon_kleinii_FishBaseUser_1603231829_162.158.187.197.jpg,fishbase_usercontrib,Chaetodon kleinii,Chaetodon kleinii,False,False
Chaetodon_rafflesii_FishBaseUser_1374873258_83.89.41.145.jpg,/Users/michaelalfaro/Dropbox/git/downloading-fish-images-2026/images_fishbase_usercontrib/Chaetodon_rafflesii_FishBaseUser_1374873258_83.89.41.145.jpg,fishbase_usercontrib,Chaetodon rafflesii,Chaetodon rafflesii,False,False
Chaetodon_plebeius_FishBaseUser_1342398189_24.185.16.14.jpg,/Users/michaelalfaro/Dropbox/git/downloading-fish-images-2026/images_fishbase_usercontrib/Chaetodon_plebeius_FishBaseUser_1342398189_24.185.16.14.jpg,fishbase_usercontrib,Chaetodon plebeius,Chaetodon plebeius,False,False
Chaetodon_semilarvatus_FishBaseUser_1482311557_188.114.102.48.jpg,/Users/michaelalfaro/Dropbox/git/downloading-fish-images-2026/images_fishbase_usercontrib/Chaetodon_semilarvatus_FishBaseUser_1482311557_188.114.102.48.jpg,fishbase_usercontrib,Chaetodon semilarvatus,Chaetodon semilarvatus,False,False
Chaetodon_striatus_FishBaseUser_1747234896_95.95.129.49.jpg,/Users/michaelalfaro/Dropbox/git/downloading-fish-images-2026/images_fishbase_usercontrib/Chaetodon_striatus_FishBaseUser_1747234896_95.95.129.49.jpg,fishbase_usercontrib,Chaetodon striatus,Chaetodon striatus,False,False
Hemitaurichthys_polylepis_FishBaseUser_1469523293_162.158.167.12.jpg,/Users/michaelalfaro/Dropbox/git/downloading-fish-images-2026/images_fishbase_usercontrib/Hemitaurichthys_polylepis_FishBaseUser_1469523293_162.158.167.12.jpg,fishbase_usercontrib,Hemitaurichthys polylepis,Hemitaurichthys polylepis,False,False
Chaetodon_xanthocephalus_FishBaseUser_1509183951_172.68.102.54.jpg,/Users/michaelalfaro/Dropbox/git/downloading-fish-images-2026/images_fishbase_usercontrib/Chaetodon_xanthocephalus_FishBaseUser_1509183951_172.68.102.54.jpg,fishbase_usercontrib,Chaetodon xanthocephalus,Chaetodon xanthocephalus,False,False
Forcipiger_flavissimus_FishBaseUser_1469522928_162.158.167.12.jpg,/Users/michaelalfaro/Dropbox/git/downloading-fish-images-2026/images_fishbase_usercontrib/Forcipiger_flavissimus_FishBaseUser_1469522928_162.158.167.12.jpg,fishbase_usercontrib,Forcipiger flavissimus,Forcipiger flavissimus,False,False
Heniochus_varius_FishBaseUser_1748177834_95.95.129.49.jpg,/Users/michaelalfaro/Dropbox/git/downloading-fish-images-2026/images_fishbase_usercontrib/Heniochus_varius_FishBaseUser_1748177834_95.95.129.49.jpg,fishbase_usercontrib,Heniochus varius,Heniochus varius,False,False
Forcipiger_longirostris_FishBaseUser_1704999678_172.70.255.47.jpg,/Users/michaelalfaro/Dropbox/git/downloading-fish-images-2026/images_fishbase_usercontrib/Forcipiger_longirostris_FishBaseUser_1704999678_172.70.255.47.jpg,fishbase_usercontrib,Forcipiger longirostris,Forcipiger longirostris,False,False
Heniochus_chrysostomus_FishBaseUser_1704667341_172.70.54.42.jpg,/Users/michaelalfaro/Dropbox/git/downloading-fish-images-2026/images_fishbase_usercontrib/Heniochus_chrysostomus_FishBaseUser_1704667341_172.70.54.42.jpg,fishbase_usercontrib,Heniochus chrysostomus,Heniochus chrysostomus,False,False
Chaetodon_auripes_FishBaseUser_1672900006_162.158.179.13.jpg,/Users/michaelalfaro/Dropbox/git/downloading-fish-images-2026/images_fishbase_usercontrib/Chaetodon_auripes_FishBaseUser_1672900006_162.158.179.13.jpg,fishbase_usercontrib,Chaetodon auripes,Chaetodon auripes,False,False
Heniochus_intermedius_FishBaseUser_1705789226_172.70.82.83.jpg,/Users/michaelalfaro/Dropbox/git/downloading-fish-images-2026/images_fishbase_usercontrib/Heniochus_intermedius_FishBaseUser_1705789226_172.70.82.83.jpg,fishbase_usercontrib,Heniochus intermedius,Heniochus intermedius,False,False
Chaetodon_paucifasciatus_FishBaseUser_1705777333_172.70.82.152.jpg,/Users/michaelalfaro/Dropbox/git/downloading-fish-images-2026/images_fishbase_usercontrib/Chaetodon_paucifasciatus_FishBaseUser_1705777333_172.70.82.152.jpg,fishbase_usercontrib,Chaetodon paucifasciatus,Chaetodon paucifasciatus,False,False
Chaetodon_ephippium_FishBaseUser_1497005465_172.68.132.253.jpg,/Users/michaelalfaro/Dropbox/git/downloading-fish-images-2026/images_fishbase_usercontrib/Chaetodon_ephippium_FishBaseUser_1497005465_172.68.132.253.jpg,fishbase_usercontrib,Chaetodon ephippium,Chaetodon ephippium,False,False
Chaetodon_fasciatus_FishBaseUser_1671305000_172.71.30.14.jpg,/Users/michaelalfaro/Dropbox/git/downloading-fish-images-2026/images_fishbase_usercontrib/Chaetodon_fasciatus_FishBaseUser_1671305000_172.71.30.14.jpg,fishbase_usercontrib,Chaetodon fasciatus,Chaetodon fasciatus,False,False
Coradion_chrysozonus_FishBaseUser_1569482923_172.68.143.140.jpg,/Users/michaelalfaro/Dropbox/git/downloading-fish-images-2026/images_fishbase_usercontrib/Coradion_chrysozonus_FishBaseUser_1569482923_172.68.143.140.jpg,fishbase_usercontrib,Coradion chrysozonus,Coradion chrysozonus,False,False
Chaetodon_unimaculatus_FishBaseUser_1704667498_172.70.82.107.jpg,/Users/michaelalfaro/Dropbox/git/downloading-fish-images-2026/images_fishbase_usercontrib/Chaetodon_unimaculatus_FishBaseUser_1704667498_172.70.82.107.jpg,fishbase_usercontrib,Chaetodon unimaculatus,Chaetodon unimaculatus,False,False
Chaetodon_xanthocephalus_FishBaseUser_1344197185_62.178.129.238.jpg,/Users/michaelalfaro/Dropbox/git/downloading-fish-images-2026/images_fishbase_usercontrib/Chaetodon_xanthocephalus_FishBaseUser_1344197185_62.178.129.238.jpg,fishbase_usercontrib,Chaetodon xanthocephalus,Chaetodon xanthocephalus,False,False
Chaetodon_punctatofasciatus_FishBaseUser_1747331061_185.193.156.153.jpg,/Users/michaelalfaro/Dropbox/git/downloading-fish-images-2026/images_fishbase_usercontrib/Chaetodon_punctatofasciatus_FishBaseUser_1747331061_185.193.156.153.jpg,fishbase_usercontrib,Chaetodon punctatofasciatus,Chaetodon punctatofasciatus,False,False
Coradion_chrysozonus_FishBaseUser_1469522606_162.158.167.12.jpg,/Users/michaelalfaro/Dropbox/git/downloading-fish-images-2026/images_fishbase_usercontrib/Coradion_chrysozonus_FishBaseUser_1469522606_162.158.167.12.jpg,fishbase_usercontrib,Coradion chrysozonus,Coradion chrysozonus,False,False
Chaetodon_octofasciatus_FishBaseUser_1672900713_172.71.218.148.jpg,/Users/michaelalfaro/Dropbox/git/downloading-fish-images-2026/images_fishbase_usercontrib/Chaetodon_octofasciatus_FishBaseUser_1672900713_172.71.218.148.jpg,fishbase_usercontrib,Chaetodon octofasciatus,Chaetodon octofasciatus,False,False
Heniochus_monoceros_FishBaseUser_1481974167_188.114.102.52.jpg,/Users/michaelalfaro/Dropbox/git/downloading-fish-images-2026/images_fishbase_usercontrib/Heniochus_monoceros_FishBaseUser_1481974167_188.114.102.52.jpg,fishbase_usercontrib,Heniochus monoceros,Heniochus monoceros,False,False
Chelmon_rostratus_FishBaseUser_1378773783_69.127.149.175.jpg,/Users/michaelalfaro/Dropbox/git/downloading-fish-images-2026/images_fishbase_usercontrib/Chelmon_rostratus_FishBaseUser_1378773783_69.127.149.175.jpg,fishbase_usercontrib,Chelmon rostratus,Chelmon rostratus,False,False
Chaetodon_decussatus_FishBaseUser_1675793059_172.70.189.78.jpg,/Users/michaelalfaro/Dropbox/git/downloading-fish-images-2026/images_fishbase_usercontrib/Chaetodon_decussatus_FishBaseUser_1675793059_172.70.189.78.jpg,fishbase_usercontrib,Chaetodon decussatus,Chaetodon decussatus,False,False
Forcipiger_wanai_FishBaseUser_1599387577_172.69.33.67.jpg,/Users/michaelalfaro/Dropbox/git/downloading-fish-images-2026/images_fishbase_usercontrib/Forcipiger_wanai_FishBaseUser_1599387577_172.69.33.67.jpg,fishbase_usercontrib,Forcipiger wanai,Forcipiger wanai,False,False
Chaetodon_sedentarius_FishBaseUser_1705356921_172.70.55.155.jpg,/Users/michaelalfaro/Dropbox/git/downloading-fish-images-2026/images_fishbase_usercontrib/Chaetodon_sedentarius_FishBaseUser_1705356921_172.70.55.155.jpg,fishbase_usercontrib,Chaetodon sedentarius,Chaetodon sedentarius,False,False
Chaetodon_trifascialis_FishBaseUser_1747235416_95.95.129.49.jpg,/Users/michaelalfaro/Dropbox/git/downloading-fish-images-2026/images_fishbase_usercontrib/Chaetodon_trifascialis_FishBaseUser_1747235416_95.95.129.49.jpg,fishbase_usercontrib,Chaetodon trifascialis,Chaetodon trifascialis,False,False
Forcipiger_flavissimus_FishBaseUser_1724953820_162.158.170.214.jpg,/Users/michaelalfaro/Dropbox/git/downloading-fish-images-2026/images_fishbase_usercontrib/Forcipiger_flavissimus_FishBaseUser_1724953820_162.158.170.214.jpg,fishbase_usercontrib,Forcipiger flavissimus,Forcipiger flavissimus,False,False
Forcipiger_longirostris_FishBaseUser_1760167740_101.115.183.201.jpg,/Users/michaelalfaro/Dropbox/git/downloading-fish-images-2026/images_fishbase_usercontrib/Forcipiger_longirostris_FishBaseUser_1760167740_101.115.183.201.jpg,fishbase_usercontrib,Forcipiger longirostris,Forcipiger longirostris,False,False
Chaetodon_melannotus_FishBaseUser_1423761764_86.205.193.183.jpg,/Users/michaelalfaro/Dropbox/git/downloading-fish-images-2026/images_fishbase_usercontrib/Chaetodon_melannotus_FishBaseUser_1423761764_86.205.193.183.jpg,fishbase_usercontrib,Chaetodon melannotus,Chaetodon melannotus,False,False
Chaetodon_speculum_FishBaseUser_1747234520_95.95.129.49.jpg,/Users/michaelalfaro/Dropbox/git/downloading-fish-images-2026/images_fishbase_usercontrib/Chaetodon_speculum_FishBaseUser_1747234520_95.95.129.49.jpg,fishbase_usercontrib,Chaetodon speculum,Chaetodon speculum,False,False
Heniochus_intermedius_FishBaseUser_1368364116_82.20.1.24.jpg,/Users/michaelalfaro/Dropbox/git/downloading-fish-images-2026/images_fishbase_usercontrib/Heniochus_intermedius_FishBaseUser_1368364116_82.20.1.24.jpg,fishbase_usercontrib,Heniochus intermedius,Heniochus intermedius,False,False
Hemitaurichthys_zoster_FishBaseUser_1344202968_62.178.129.238.jpg,/Users/michaelalfaro/Dropbox/git/downloading-fish-images-2026/images_fishbase_usercontrib/Hemitaurichthys_zoster_FishBaseUser_1344202968_62.178.129.238.jpg,fishbase_usercontrib,Hemitaurichthys zoster,Hemitaurichthys zoster,False,False
Chelmon_rostratus_FishBaseUser_1452233059_94.198.18.55.jpg,/Users/michaelalfaro/Dropbox/git/downloading-fish-images-2026/images_fishbase_usercontrib/Chelmon_rostratus_FishBaseUser_1452233059_94.198.18.55.jpg,fishbase_usercontrib,Chelmon rostratus,Chelmon rostratus,False,False
Chaetodon_ephippium_FishBaseUser_1508796512_172.68.102.54.jpg,/Users/michaelalfaro/Dropbox/git/downloading-fish-images-2026/images_fishbase_usercontrib/Chaetodon_ephippium_FishBaseUser_1508796512_172.68.102.54.jpg,fishbase_usercontrib,Chaetodon ephippium,Chaetodon ephippium,False,False
Roa_jayakari_FishBaseUser_1380914710_182.178.28.52.jpg,/Users/michaelalfaro/Dropbox/git/downloading-fish-images-2026/images_fishbase_usercontrib/Roa_jayakari_FishBaseUser_1380914710_182.178.28.52.jpg,fishbase_usercontrib,Roa jayakari,Roa jayakari,False,False
Chaetodon_bennetti_FishBaseUser_1747086353_169.150.203.237.jpg,/Users/michaelalfaro/Dropbox/git/downloading-fish-images-2026/images_fishbase_usercontrib/Chaetodon_bennetti_FishBaseUser_1747086353_169.150.203.237.jpg,fishbase_usercontrib,Chaetodon bennetti,Chaetodon bennetti,False,False
Chelmon_rostratus_FishBaseUser_1588557136_188.114.111.235.jpg,/Users/michaelalfaro/Dropbox/git/downloading-fish-images-2026/images_fishbase_usercontrib/Chelmon_rostratus_FishBaseUser_1588557136_188.114.111.235.jpg,fishbase_usercontrib,Chelmon rostratus,Chelmon rostratus,False,False
Forcipiger_longirostris_FishBaseUser_1760308864_101.115.183.201.jpg,/Users/michaelalfaro/Dropbox/git/downloading-fish-images-2026/images_fishbase_usercontrib/Forcipiger_longirostris_FishBaseUser_1760308864_101.115.183.201.jpg,fishbase_usercontrib,Forcipiger longirostris,Forcipiger longirostris,False,False
Chaetodon_bennetti_FishBaseUser_1433887750_2.238.54.39.jpg,/Users/michaelalfaro/Dropbox/git/downloading-fish-images-2026/images_fishbase_usercontrib/Chaetodon_bennetti_FishBaseUser_1433887750_2.238.54.39.jpg,fishbase_usercontrib,Chaetodon bennetti,Chaetodon bennetti,False,False
Chaetodon_adiergastos_FishBaseUser_1508793657_172.68.102.54.jpg,/Users/michaelalfaro/Dropbox/git/downloading-fish-images-2026/images_fishbase_usercontrib/Chaetodon_adiergastos_FishBaseUser_1508793657_172.68.102.54.jpg,fishbase_usercontrib,Chaetodon adiergastos,Chaetodon adiergastos,False,False
Chaetodon_ocellatus_FishBaseUser_1598572342_162.158.187.179.jpg,/Users/michaelalfaro/Dropbox/git/downloading-fish-images-2026/images_fishbase_usercontrib/Chaetodon_ocellatus_FishBaseUser_1598572342_162.158.187.179.jpg,fishbase_usercontrib,Chaetodon ocellatus,Chaetodon ocellatus,False,False
Roa_jayakari_FishBaseUser_1671631214_172.70.147.66.jpg,/Users/michaelalfaro/Dropbox/git/downloading-fish-images-2026/images_fishbase_usercontrib/Roa_jayakari_FishBaseUser_1671631214_172.70.147.66.jpg,fishbase_usercontrib,Roa jayakari,Roa jayakari,False,False
Chaetodon_collare_FishBaseUser_1366902815_182.178.103.211.jpg,/Users/michaelalfaro/Dropbox/git/downloading-fish-images-2026/images_fishbase_usercontrib/Chaetodon_collare_FishBaseUser_1366902815_182.178.103.211.jpg,fishbase_usercontrib,Chaetodon collare,Chaetodon collare,False,False
Chaetodon_ulietensis_FishBaseUser_1706127395_172.70.55.216.jpg,/Users/michaelalfaro/Dropbox/git/downloading-fish-images-2026/images_fishbase_usercontrib/Chaetodon_ulietensis_FishBaseUser_1706127395_172.70.55.216.jpg,fishbase_usercontrib,Chaetodon ulietensis,Chaetodon ulietensis,False,False
Chaetodon_ocellatus_FishBaseUser_1712080269_172.70.83.78.jpg,/Users/michaelalfaro/Dropbox/git/downloading-fish-images-2026/images_fishbase_usercontrib/Chaetodon_ocellatus_FishBaseUser_1712080269_172.70.83.78.jpg,fishbase_usercontrib,Chaetodon ocellatus,Chaetodon ocellatus,False,False
Chaetodon_ephippium_FishBaseUser_1655938339_172.70.127.40.jpg,/Users/michaelalfaro/Dropbox/git/downloading-fish-images-2026/images_fishbase_usercontrib/Chaetodon_ephippium_FishBaseUser_1655938339_172.70.127.40.jpg,fishbase_usercontrib,Chaetodon ephippium,Chaetodon ephippium,False,False
Chaetodon_sedentarius_FishBaseUser_1616347326_108.162.210.178.jpg,/Users/michaelalfaro/Dropbox/git/downloading-fish-images-2026/images_fishbase_usercontrib/Chaetodon_sedentarius_FishBaseUser_1616347326_108.162.210.178.jpg,fishbase_usercontrib,Chaetodon sedentarius,Chaetodon sedentarius,False,False
Chaetodon_lunulatus_FishBaseUser_1569479789_172.68.189.231.jpg,/Users/michaelalfaro/Dropbox/git/downloading-fish-images-2026/images_fishbase_usercontrib/Chaetodon_lunulatus_FishBaseUser_1569479789_172.68.189.231.jpg,fishbase_usercontrib,Chaetodon lunulatus,Chaetodon lunulatus,False,False
Chaetodon_oxycephalus_FishBaseUser_1655919649_172.70.178.225.jpg,/Users/michaelalfaro/Dropbox/git/downloading-fish-images-2026/images_fishbase_usercontrib/Chaetodon_oxycephalus_FishBaseUser_1655919649_172.70.178.225.jpg,fishbase_usercontrib,Chaetodon oxycephalus,Chaetodon oxycephalus,False,False
Chaetodon_ocellatus_FishBaseUser_1598572079_162.158.187.179.jpg,/Users/michaelalfaro/Dropbox/git/downloading-fish-images-2026/images_fishbase_usercontrib/Chaetodon_ocellatus_FishBaseUser_1598572079_162.158.187.179.jpg,fishbase_usercontrib,Chaetodon ocellatus,Chaetodon ocellatus,False,False
Chaetodon_nigropunctatus_FishBaseUser_1507058410_162.158.89.93.jpg,/Users/michaelalfaro/Dropbox/git/downloading-fish-images-2026/images_fishbase_usercontrib/Chaetodon_nigropunctatus_FishBaseUser_1507058410_162.158.89.93.jpg,fishbase_usercontrib,Chaetodon nigropunctatus,Chaetodon nigropunctatus,False,False
Chaetodon_speculum_FishBaseUser_1672901052_172.70.210.247.jpg,/Users/michaelalfaro/Dropbox/git/downloading-fish-images-2026/images_fishbase_usercontrib/Chaetodon_speculum_FishBaseUser_1672901052_172.70.210.247.jpg,fishbase_usercontrib,Chaetodon speculum,Chaetodon speculum,False,False
Chaetodon_lineolatus_FishBaseUser_1672900289_172.71.210.161.jpg,/Users/michaelalfaro/Dropbox/git/downloading-fish-images-2026/images_fishbase_usercontrib/Chaetodon_lineolatus_FishBaseUser_1672900289_172.71.210.161.jpg,fishbase_usercontrib,Chaetodon lineolatus,Chaetodon lineolatus,False,False
Chaetodon_interruptus_FishBaseUser_1508797230_172.68.102.54.jpg,/Users/michaelalfaro/Dropbox/git/downloading-fish-images-2026/images_fishbase_usercontrib/Chaetodon_interruptus_FishBaseUser_1508797230_172.68.102.54.jpg,fishbase_usercontrib,Chaetodon interruptus,Chaetodon interruptus,False,False
Chaetodon_guttatissimus_FishBaseUser_1344184467_62.178.129.238.jpg,/Users/michaelalfaro/Dropbox/git/downloading-fish-images-2026/images_fishbase_usercontrib/Chaetodon_guttatissimus_FishBaseUser_1344184467_62.178.129.238.jpg,fishbase_usercontrib,Chaetodon guttatissimus,Chaetodon guttatissimus,False,False
Chaetodon_ocellicaudus_FishBaseUser_1354819061_86.28.236.182.jpg,/Users/michaelalfaro/Dropbox/git/downloading-fish-images-2026/images_fishbase_usercontrib/Chaetodon_ocellicaudus_FishBaseUser_1354819061_86.28.236.182.jpg,fishbase_usercontrib,Chaetodon ocellicaudus,Chaetodon ocellicaudus,False,False
Chaetodon_baronessa_FishBaseUser_1703892135_172.70.55.134.jpg,/Users/michaelalfaro/Dropbox/git/downloading-fish-images-2026/images_fishbase_usercontrib/Chaetodon_baronessa_FishBaseUser_1703892135_172.70.55.134.jpg,fishbase_usercontrib,Chaetodon baronessa,Chaetodon baronessa,False,False
Chaetodon_melannotus_FishBaseUser_1672900646_172.71.218.148.jpg,/Users/michaelalfaro/Dropbox/git/downloading-fish-images-2026/images_fishbase_usercontrib/Chaetodon_melannotus_FishBaseUser_1672900646_172.71.218.148.jpg,fishbase_usercontrib,Chaetodon melannotus,Chaetodon melannotus,False,False
Chaetodon_paucifasciatus_FishBaseUser_1508799724_172.68.102.54.jpg,/Users/michaelalfaro/Dropbox/git/downloading-fish-images-2026/images_fishbase_usercontrib/Chaetodon_paucifasciatus_FishBaseUser_1508799724_172.68.102.54.jpg,fishbase_usercontrib,Chaetodon paucifasciatus,Chaetodon paucifasciatus,False,False
Chaetodon_paucifasciatus_FishBaseUser_1668976671_172.71.30.106.jpg,/Users/michaelalfaro/Dropbox/git/downloading-fish-images-2026/images_fishbase_usercontrib/Chaetodon_paucifasciatus_FishBaseUser_1668976671_172.71.30.106.jpg,fishbase_usercontrib,Chaetodon paucifasciatus,Chaetodon paucifasciatus,False,False
Chaetodon_lineolatus_FishBaseUser_1441133075_2.238.54.39.jpg,/Users/michaelalfaro/Dropbox/git/downloading-fish-images-2026/images_fishbase_usercontrib/Chaetodon_lineolatus_FishBaseUser_1441133075_2.238.54.39.jpg,fishbase_usercontrib,Chaetodon lineolatus,Chaetodon lineolatus,False,False
Chaetodon_decussatus_FishBaseUser_1656493108_172.70.189.88.jpg,/Users/michaelalfaro/Dropbox/git/downloading-fish-images-2026/images_fishbase_usercontrib/Chaetodon_decussatus_FishBaseUser_1656493108_172.70.189.88.jpg,fishbase_usercontrib,Chaetodon decussatus,Chaetodon decussatus,False,False
Chaetodon_lineolatus_FishBaseUser_1670951924_172.71.22.22.jpg,/Users/michaelalfaro/Dropbox/git/downloading-fish-images-2026/images_fishbase_usercontrib/Chaetodon_lineolatus_FishBaseUser_1670951924_172.71.22.22.jpg,fishbase_usercontrib,Chaetodon lineolatus,Chaetodon lineolatus,False,False
Heniochus_chrysostomus_FishBaseUser_1343294592_82.243.202.40.jpg,/Users/michaelalfaro/Dropbox/git/downloading-fish-images-2026/images_fishbase_usercontrib/Heniochus_chrysostomus_FishBaseUser_1343294592_82.243.202.40.jpg,fishbase_usercontrib,Heniochus chrysostomus,Heniochus chrysostomus,False,False
Chaetodon_kleinii_FishBaseUser_1638286780_172.70.142.119.jpg,/Users/michaelalfaro/Dropbox/git/downloading-fish-images-2026/images_fishbase_usercontrib/Chaetodon_kleinii_FishBaseUser_1638286780_172.70.142.119.jpg,fishbase_usercontrib,Chaetodon kleinii,Chaetodon kleinii,False,False
Chaetodon_nigropunctatus_FishBaseUser_1507058346_162.158.89.93.jpg,/Users/michaelalfaro/Dropbox/git/downloading-fish-images-2026/images_fishbase_usercontrib/Chaetodon_nigropunctatus_FishBaseUser_1507058346_162.158.89.93.jpg,fishbase_usercontrib,Chaetodon nigropunctatus,Chaetodon nigropunctatus,False,False
Chaetodon_blackburnii_FishBaseUser_1692770455_172.70.90.91.jpg,/Users/michaelalfaro/Dropbox/git/downloading-fish-images-2026/images_fishbase_usercontrib/Chaetodon_blackburnii_FishBaseUser_1692770455_172.70.90.91.jpg,fishbase_usercontrib,Chaetodon blackburnii,Chaetodon blackburnii,False,False
Chaetodon_octofasciatus_FishBaseUser_1672900766_162.158.179.76.jpg,/Users/michaelalfaro/Dropbox/git/downloading-fish-images-2026/images_fishbase_usercontrib/Chaetodon_octofasciatus_FishBaseUser_1672900766_162.158.179.76.jpg,fishbase_usercontrib,Chaetodon octofasciatus,Chaetodon octofasciatus,False,False
Chaetodon_trifascialis_FishBaseUser_1469522368_162.158.167.12.jpg,/Users/michaelalfaro/Dropbox/git/downloading-fish-images-2026/images_fishbase_usercontrib/Chaetodon_trifascialis_FishBaseUser_1469522368_162.158.167.12.jpg,fishbase_usercontrib,Chaetodon trifascialis,Chaetodon trifascialis,False,False
Forcipiger_flavissimus_FishBaseUser_1706120434_108.162.212.77.jpg,/Users/michaelalfaro/Dropbox/git/downloading-fish-images-2026/images_fishbase_usercontrib/Forcipiger_flavissimus_FishBaseUser_1706120434_108.162.212.77.jpg,fishbase_usercontrib,Forcipiger flavissimus,Forcipiger flavissimus,False,False
Chaetodon_punctatofasciatus_FishBaseUser_1480257181_162.158.166.138.jpg,/Users/michaelalfaro/Dropbox/git/downloading-fish-images-2026/images_fishbase_usercontrib/Chaetodon_punctatofasciatus_FishBaseUser_1480257181_162.158.166.138.jpg,fishbase_usercontrib,Chaetodon punctatofasciatus,Chaetodon punctatofasciatus,False,False
Chaetodon_auriga_FishBaseUser_1361358853_86.28.236.182.jpg,/Users/michaelalfaro/Dropbox/git/downloading-fish-images-2026/images_fishbase_usercontrib/Chaetodon_auriga_FishBaseUser_1361358853_86.28.236.182.jpg,fishbase_usercontrib,Chaetodon auriga,Chaetodon auriga,False,False
Forcipiger_longirostris_FishBaseUser_1747073148_50.83.213.203.jpg,/Users/michaelalfaro/Dropbox/git/downloading-fish-images-2026/images_fishbase_usercontrib/Forcipiger_longirostris_FishBaseUser_1747073148_50.83.213.203.jpg,fishbase_usercontrib,Forcipiger longirostris,Forcipiger longirostris,False,False
Prognathodes_aya_FishBaseUser_1393793420_71.202.224.33.jpg,/Users/michaelalfaro/Dropbox/git/downloading-fish-images-2026/images_fishbase_usercontrib/Prognathodes_aya_FishBaseUser_1393793420_71.202.224.33.jpg,fishbase_usercontrib,Prognathodes aya,Prognathodes aya,False,False
Forcipiger_longirostris_FishBaseUser_1603233166_162.158.187.197.jpg,/Users/michaelalfaro/Dropbox/git/downloading-fish-images-2026/images_fishbase_usercontrib/Forcipiger_longirostris_FishBaseUser_1603233166_162.158.187.197.jpg,fishbase_usercontrib,Forcipiger longirostris,Forcipiger longirostris,False,False
Chaetodon_auriga_FishBaseUser_1585564321_141.101.69.75.jpg,/Users/michaelalfaro/Dropbox/git/downloading-fish-images-2026/images_fishbase_usercontrib/Chaetodon_auriga_FishBaseUser_1585564321_141.101.69.75.jpg,fishbase_usercontrib,Chaetodon auriga,Chaetodon auriga,False,False
Chaetodon_semeion_FishBaseUser_1509181680_172.68.102.54.jpg,/Users/michaelalfaro/Dropbox/git/downloading-fish-images-2026/images_fishbase_usercontrib/Chaetodon_semeion_FishBaseUser_1509181680_172.68.102.54.jpg,fishbase_usercontrib,Chaetodon semeion,Chaetodon semeion,False,False
Chaetodon_capistratus_FishBaseUser_1711483627_172.70.54.90.jpg,/Users/michaelalfaro/Dropbox/git/downloading-fish-images-2026/images_fishbase_usercontrib/Chaetodon_capistratus_FishBaseUser_1711483627_172.70.54.90.jpg,fishbase_usercontrib,Chaetodon capistratus,Chaetodon capistratus,False,False
Chaetodon_melapterus_FishBaseUser_1507539706_162.158.90.146.jpg,/Users/michaelalfaro/Dropbox/git/downloading-fish-images-2026/images_fishbase_usercontrib/Chaetodon_melapterus_FishBaseUser_1507539706_162.158.90.146.jpg,fishbase_usercontrib,Chaetodon melapterus,Chaetodon melapterus,False,False
Heniochus_varius_FishBaseUser_1492971126_108.162.216.108.jpg,/Users/michaelalfaro/Dropbox/git/downloading-fish-images-2026/images_fishbase_usercontrib/Heniochus_varius_FishBaseUser_1492971126_108.162.216.108.jpg,fishbase_usercontrib,Heniochus varius,Heniochus varius,False,False
Chaetodon_adiergastos_FishBaseUser_1747224353_95.95.129.49.jpg,/Users/michaelalfaro/Dropbox/git/downloading-fish-images-2026/images_fishbase_usercontrib/Chaetodon_adiergastos_FishBaseUser_1747224353_95.95.129.49.jpg,fishbase_usercontrib,Chaetodon adiergastos,Chaetodon adiergastos,False,False
Chaetodon_xanthocephalus_FishBaseUser_1547507502_141.101.104.55.jpg,/Users/michaelalfaro/Dropbox/git/downloading-fish-images-2026/images_fishbase_usercontrib/Chaetodon_xanthocephalus_FishBaseUser_1547507502_141.101.104.55.jpg,fishbase_usercontrib,Chaetodon xanthocephalus,Chaetodon xanthocephalus,False,False
Heniochus_intermedius_FishBaseUser_1671142920_108.162.237.248.jpg,/Users/michaelalfaro/Dropbox/git/downloading-fish-images-2026/images_fishbase_usercontrib/Heniochus_intermedius_FishBaseUser_1671142920_108.162.237.248.jpg,fishbase_usercontrib,Heniochus intermedius,Heniochus intermedius,False,False
Chaetodon_ephippium_FishBaseUser_1389912996_38.99.243.46.jpg,/Users/michaelalfaro/Dropbox/git/downloading-fish-images-2026/images_fishbase_usercontrib/Chaetodon_ephippium_FishBaseUser_1389912996_38.99.243.46.jpg,fishbase_usercontrib,Chaetodon ephippium,Chaetodon ephippium,False,False
Chaetodon_speculum_FishBaseUser_1672901156_172.70.214.231.jpg,/Users/michaelalfaro/Dropbox/git/downloading-fish-images-2026/images_fishbase_usercontrib/Chaetodon_speculum_FishBaseUser_1672901156_172.70.214.231.jpg,fishbase_usercontrib,Chaetodon speculum,Chaetodon speculum,False,False
Chaetodon_sedentarius_FishBaseUser_1658266632_172.70.126.199.jpg,/Users/michaelalfaro/Dropbox/git/downloading-fish-images-2026/images_fishbase_usercontrib/Chaetodon_sedentarius_FishBaseUser_1658266632_172.70.126.199.jpg,fishbase_usercontrib,Chaetodon sedentarius,Chaetodon sedentarius,False,False
Chaetodon_ulietensis_FishBaseUser_1393613919_71.202.224.33.jpg,/Users/michaelalfaro/Dropbox/git/downloading-fish-images-2026/images_fishbase_usercontrib/Chaetodon_ulietensis_FishBaseUser_1393613919_71.202.224.33.jpg,fishbase_usercontrib,Chaetodon ulietensis,Chaetodon ulietensis,False,False
Chaetodon_lineolatus_FishBaseUser_1672900244_172.71.210.161.jpg,/Users/michaelalfaro/Dropbox/git/downloading-fish-images-2026/images_fishbase_usercontrib/Chaetodon_lineolatus_FishBaseUser_1672900244_172.71.210.161.jpg,fishbase_usercontrib,Chaetodon lineolatus,Chaetodon lineolatus,False,False
Roa_modesta_FishBaseUser_1672901805_162.158.178.62.jpg,/Users/michaelalfaro/Dropbox/git/downloading-fish-images-2026/images_fishbase_usercontrib/Roa_modesta_FishBaseUser_1672901805_162.158.178.62.jpg,fishbase_usercontrib,Roa modesta,Roa modesta,False,False
Chaetodon_collare_FishBaseUser_1757179057_111.92.49.34.jpg,/Users/michaelalfaro/Dropbox/git/downloading-fish-images-2026/images_fishbase_usercontrib/Chaetodon_collare_FishBaseUser_1757179057_111.92.49.34.jpg,fishbase_usercontrib,Chaetodon collare,Chaetodon collare,False,False
Heniochus_acuminatus_FishBaseUser_1577525378_172.68.102.128.jpg,/Users/michaelalfaro/Dropbox/git/downloading-fish-images-2026/images_fishbase_usercontrib/Heniochus_acuminatus_FishBaseUser_1577525378_172.68.102.128.jpg,fishbase_usercontrib,Heniochus acuminatus,Heniochus acuminatus,False,False
Chaetodon_triangulum_FishBaseUser_1747235050_95.95.129.49.jpg,/Users/michaelalfaro/Dropbox/git/downloading-fish-images-2026/images_fishbase_usercontrib/Chaetodon_triangulum_FishBaseUser_1747235050_95.95.129.49.jpg,fishbase_usercontrib,Chaetodon triangulum,Chaetodon triangulum,False,False
Chaetodon_trifasciatus_FishBaseUser_1577142927_172.68.102.78.jpg,/Users/michaelalfaro/Dropbox/git/downloading-fish-images-2026/images_fishbase_usercontrib/Chaetodon_trifasciatus_FishBaseUser_1577142927_172.68.102.78.jpg,fishbase_usercontrib,Chaetodon trifasciatus,Chaetodon trifasciatus,False,False
Chaetodon_melannotus_FishBaseUser_1747228475_95.95.129.49.jpg,/Users/michaelalfaro/Dropbox/git/downloading-fish-images-2026/images_fishbase_usercontrib/Chaetodon_melannotus_FishBaseUser_1747228475_95.95.129.49.jpg,fishbase_usercontrib,Chaetodon melannotus,Chaetodon melannotus,False,False
Heniochus_chrysostomus_FishBaseUser_1343294769_82.243.202.40.jpg,/Users/michaelalfaro/Dropbox/git/downloading-fish-images-2026/images_fishbase_usercontrib/Heniochus_chrysostomus_FishBaseUser_1343294769_82.243.202.40.jpg,fishbase_usercontrib,Heniochus chrysostomus,Heniochus chrysostomus,False,False
Heniochus_acuminatus_FishBaseUser_1577525860_172.68.102.128.jpg,/Users/michaelalfaro/Dropbox/git/downloading-fish-images-2026/images_fishbase_usercontrib/Heniochus_acuminatus_FishBaseUser_1577525860_172.68.102.128.jpg,fishbase_usercontrib,Heniochus acuminatus,Heniochus acuminatus,False,False
Chaetodon_auriga_FishBaseUser_1724961964_172.68.91.134.jpg,/Users/michaelalfaro/Dropbox/git/downloading-fish-images-2026/images_fishbase_usercontrib/Chaetodon_auriga_FishBaseUser_1724961964_172.68.91.134.jpg,fishbase_usercontrib,Chaetodon auriga,Chaetodon auriga,False,False
Roa_jayakari_FishBaseUser_1380914544_182.178.28.52.jpg,/Users/michaelalfaro/Dropbox/git/downloading-fish-images-2026/images_fishbase_usercontrib/Roa_jayakari_FishBaseUser_1380914544_182.178.28.52.jpg,fishbase_usercontrib,Roa jayakari,Roa jayakari,False,False
Chaetodon_kleinii_FishBaseUser_1361357985_86.28.236.182.jpg,/Users/michaelalfaro/Dropbox/git/downloading-fish-images-2026/images_fishbase_usercontrib/Chaetodon_kleinii_FishBaseUser_1361357985_86.28.236.182.jpg,fishbase_usercontrib,Chaetodon kleinii,Chaetodon kleinii,False,False
Chaetodon_adiergastos_FishBaseUser_1577140639_172.68.102.128.jpg,/Users/michaelalfaro/Dropbox/git/downloading-fish-images-2026/images_fishbase_usercontrib/Chaetodon_adiergastos_FishBaseUser_1577140639_172.68.102.128.jpg,fishbase_usercontrib,Chaetodon adiergastos,Chaetodon adiergastos,False,False
Chaetodon_ulietensis_FishBaseUser_1577143026_172.68.102.78.jpg,/Users/michaelalfaro/Dropbox/git/downloading-fish-images-2026/images_fishbase_usercontrib/Chaetodon_ulietensis_FishBaseUser_1577143026_172.68.102.78.jpg,fishbase_usercontrib,Chaetodon ulietensis,Chaetodon ulietensis,False,False
Chaetodon_semeion_FishBaseUser_1626941528_172.68.189.111.jpg,/Users/michaelalfaro/Dropbox/git/downloading-fish-images-2026/images_fishbase_usercontrib/Chaetodon_semeion_FishBaseUser_1626941528_172.68.189.111.jpg,fishbase_usercontrib,Chaetodon semeion,Chaetodon semeion,False,False
Hemitaurichthys_polylepis_FishBaseUser_1469523263_162.158.167.12.jpg,/Users/michaelalfaro/Dropbox/git/downloading-fish-images-2026/images_fishbase_usercontrib/Hemitaurichthys_polylepis_FishBaseUser_1469523263_162.158.167.12.jpg,fishbase_usercontrib,Hemitaurichthys polylepis,Hemitaurichthys polylepis,False,False
Chaetodon_dolosus_FishBaseUser_1747234135_95.95.129.49.jpg,/Users/michaelalfaro/Dropbox/git/downloading-fish-images-2026/images_fishbase_usercontrib/Chaetodon_dolosus_FishBaseUser_1747234135_95.95.129.49.jpg,fishbase_usercontrib,Chaetodon dolosus,Chaetodon dolosus,False,False
Heniochus_acuminatus_FishBaseUser_1672901713_172.71.214.132.jpg,/Users/michaelalfaro/Dropbox/git/downloading-fish-images-2026/images_fishbase_usercontrib/Heniochus_acuminatus_FishBaseUser_1672901713_172.71.214.132.jpg,fishbase_usercontrib,Heniochus acuminatus,Heniochus acuminatus,False,False
Chaetodon_ephippium_FishBaseUser_1747226771_95.95.129.49.jpg,/Users/michaelalfaro/Dropbox/git/downloading-fish-images-2026/images_fishbase_usercontrib/Chaetodon_ephippium_FishBaseUser_1747226771_95.95.129.49.jpg,fishbase_usercontrib,Chaetodon ephippium,Chaetodon ephippium,False,False
Chaetodon_larvatus_FishBaseUser_1671051366_108.162.237.70.jpg,/Users/michaelalfaro/Dropbox/git/downloading-fish-images-2026/images_fishbase_usercontrib/Chaetodon_larvatus_FishBaseUser_1671051366_108.162.237.70.jpg,fishbase_usercontrib,Chaetodon larvatus,Chaetodon larvatus,False,False
Heniochus_acuminatus_FishBaseUser_1724989443_172.71.82.120.jpg,/Users/michaelalfaro/Dropbox/git/downloading-fish-images-2026/images_fishbase_usercontrib/Heniochus_acuminatus_FishBaseUser_1724989443_172.71.82.120.jpg,fishbase_usercontrib,Heniochus acuminatus,Heniochus acuminatus,False,False
Chaetodon_vagabundus_FishBaseUser_1672901252_172.70.207.20.jpg,/Users/michaelalfaro/Dropbox/git/downloading-fish-images-2026/images_fishbase_usercontrib/Chaetodon_vagabundus_FishBaseUser_1672901252_172.70.207.20.jpg,fishbase_usercontrib,Chaetodon vagabundus,Chaetodon vagabundus,False,False
Heniochus_varius_FishBaseUser_1599544711_162.158.165.56.jpg,/Users/michaelalfaro/Dropbox/git/downloading-fish-images-2026/images_fishbase_usercontrib/Heniochus_varius_FishBaseUser_1599544711_162.158.165.56.jpg,fishbase_usercontrib,Heniochus varius,Heniochus varius,False,False
Chaetodon_ephippium_FishBaseUser_1603232245_162.158.187.197.jpg,/Users/michaelalfaro/Dropbox/git/downloading-fish-images-2026/images_fishbase_usercontrib/Chaetodon_ephippium_FishBaseUser_1603232245_162.158.187.197.jpg,fishbase_usercontrib,Chaetodon ephippium,Chaetodon ephippium,False,False
Chaetodon_pelewensis_FishBaseUser_1706113459_108.162.212.38.jpg,/Users/michaelalfaro/Dropbox/git/downloading-fish-images-2026/images_fishbase_usercontrib/Chaetodon_pelewensis_FishBaseUser_1706113459_108.162.212.38.jpg,fishbase_usercontrib,Chaetodon pelewensis,Chaetodon pelewensis,False,False
Chaetodon_ocellicaudus_FishBaseUser_1577141693_172.68.102.78.jpg,/Users/michaelalfaro/Dropbox/git/downloading-fish-images-2026/images_fishbase_usercontrib/Chaetodon_ocellicaudus_FishBaseUser_1577141693_172.68.102.78.jpg,fishbase_usercontrib,Chaetodon ocellicaudus,Chaetodon ocellicaudus,False,False
Chaetodon_ephippium_FishBaseUser_1392822987_71.202.224.33.jpg,/Users/michaelalfaro/Dropbox/git/downloading-fish-images-2026/images_fishbase_usercontrib/Chaetodon_ephippium_FishBaseUser_1392822987_71.202.224.33.jpg,fishbase_usercontrib,Chaetodon ephippium,Chaetodon ephippium,False,False
Chaetodon_xanthurus_FishBaseUser_1747085315_169.150.203.237.jpg,/Users/michaelalfaro/Dropbox/git/downloading-fish-images-2026/images_fishbase_usercontrib/Chaetodon_xanthurus_FishBaseUser_1747085315_169.150.203.237.jpg,fishbase_usercontrib,Chaetodon xanthurus,Chaetodon xanthurus,False,False
Prognathodes_falcifer_FishBaseUser_1635576194_172.70.147.83.jpg,/Users/michaelalfaro/Dropbox/git/downloading-fish-images-2026/images_fishbase_usercontrib/Prognathodes_falcifer_FishBaseUser_1635576194_172.70.147.83.jpg,fishbase_usercontrib,Prognathodes falcifer,Prognathodes falcifer,False,False
Heniochus_singularius_FishBaseUser_1707081090_172.70.55.146.jpg,/Users/michaelalfaro/Dropbox/git/downloading-fish-images-2026/images_fishbase_usercontrib/Heniochus_singularius_FishBaseUser_1707081090_172.70.55.146.jpg,fishbase_usercontrib,Heniochus singularius,Heniochus singularius,False,False
Chaetodon_trifasciatus_FishBaseUser_1656494131_162.158.170.185.jpg,/Users/michaelalfaro/Dropbox/git/downloading-fish-images-2026/images_fishbase_usercontrib/Chaetodon_trifasciatus_FishBaseUser_1656494131_162.158.170.185.jpg,fishbase_usercontrib,Chaetodon trifasciatus,Chaetodon trifasciatus,False,False
Heniochus_acuminatus_FishBaseUser_1441343189_117.206.95.248.jpg,/Users/michaelalfaro/Dropbox/git/downloading-fish-images-2026/images_fishbase_usercontrib/Heniochus_acuminatus_FishBaseUser_1441343189_117.206.95.248.jpg,fishbase_usercontrib,Heniochus acuminatus,Heniochus acuminatus,False,False
Chaetodon_fasciatus_FishBaseUser_1585651606_108.162.229.108.jpg,/Users/michaelalfaro/Dropbox/git/downloading-fish-images-2026/images_fishbase_usercontrib/Chaetodon_fasciatus_FishBaseUser_1585651606_108.162.229.108.jpg,fishbase_usercontrib,Chaetodon fasciatus,Chaetodon fasciatus,False,False
Chaetodon_larvatus_FishBaseUser_1435848129_82.30.200.88.jpg,/Users/michaelalfaro/Dropbox/git/downloading-fish-images-2026/images_fishbase_usercontrib/Chaetodon_larvatus_FishBaseUser_1435848129_82.30.200.88.jpg,fishbase_usercontrib,Chaetodon larvatus,Chaetodon larvatus,False,False
Chaetodon_baronessa_FishBaseUser_1569479961_172.68.189.231.jpg,/Users/michaelalfaro/Dropbox/git/downloading-fish-images-2026/images_fishbase_usercontrib/Chaetodon_baronessa_FishBaseUser_1569479961_172.68.189.231.jpg,fishbase_usercontrib,Chaetodon baronessa,Chaetodon baronessa,False,False
Chaetodon_collare_FishBaseUser_1440529031_83.211.38.4.jpg,/Users/michaelalfaro/Dropbox/git/downloading-fish-images-2026/images_fishbase_usercontrib/Chaetodon_collare_FishBaseUser_1440529031_83.211.38.4.jpg,fishbase_usercontrib,Chaetodon collare,Chaetodon collare,False,False
Chaetodon_decussatus_FishBaseUser_1724135062_172.71.124.53.jpg,/Users/michaelalfaro/Dropbox/git/downloading-fish-images-2026/images_fishbase_usercontrib/Chaetodon_decussatus_FishBaseUser_1724135062_172.71.124.53.jpg,fishbase_usercontrib,Chaetodon decussatus,Chaetodon decussatus,False,False
Chaetodon_xanthocephalus_FishBaseUser_1585560544_108.162.229.206.jpg,/Users/michaelalfaro/Dropbox/git/downloading-fish-images-2026/images_fishbase_usercontrib/Chaetodon_xanthocephalus_FishBaseUser_1585560544_108.162.229.206.jpg,fishbase_usercontrib,Chaetodon xanthocephalus,Chaetodon xanthocephalus,False,False
Prognathodes_aculeatus_FishBaseUser_1706562173_172.70.54.190.jpg,/Users/michaelalfaro/Dropbox/git/downloading-fish-images-2026/images_fishbase_usercontrib/Prognathodes_aculeatus_FishBaseUser_1706562173_172.70.54.190.jpg,fishbase_usercontrib,Prognathodes aculeatus,Prognathodes aculeatus,False,False
Chaetodon_rafflesii_FishBaseUser_1527670754_162.158.22.192.jpg,/Users/michaelalfaro/Dropbox/git/downloading-fish-images-2026/images_fishbase_usercontrib/Chaetodon_rafflesii_FishBaseUser_1527670754_162.158.22.192.jpg,fishbase_usercontrib,Chaetodon rafflesii,Chaetodon rafflesii,False,False
Chaetodon_unimaculatus_FishBaseUser_1454328567_94.198.18.55.jpg,/Users/michaelalfaro/Dropbox/git/downloading-fish-images-2026/images_fishbase_usercontrib/Chaetodon_unimaculatus_FishBaseUser_1454328567_94.198.18.55.jpg,fishbase_usercontrib,Chaetodon unimaculatus,Chaetodon unimaculatus,False,False
Chaetodon_ornatissimus_FishBaseUser_1428394230_94.198.16.174.jpg,/Users/michaelalfaro/Dropbox/git/downloading-fish-images-2026/images_fishbase_usercontrib/Chaetodon_ornatissimus_FishBaseUser_1428394230_94.198.16.174.jpg,fishbase_usercontrib,Chaetodon ornatissimus,Chaetodon ornatissimus,False,False
Chaetodon_melapterus_FishBaseUser_1507539666_162.158.90.146.jpg,/Users/michaelalfaro/Dropbox/git/downloading-fish-images-2026/images_fishbase_usercontrib/Chaetodon_melapterus_FishBaseUser_1507539666_162.158.90.146.jpg,fishbase_usercontrib,Chaetodon melapterus,Chaetodon melapterus,False,False
Chaetodon_lunulatus_FishBaseUser_1473589636_108.162.215.216.jpg,/Users/michaelalfaro/Dropbox/git/downloading-fish-images-2026/images_fishbase_usercontrib/Chaetodon_lunulatus_FishBaseUser_1473589636_108.162.215.216.jpg,fishbase_usercontrib,Chaetodon lunulatus,Chaetodon lunulatus,False,False
Heniochus_chrysostomus_FishBaseUser_1374870794_83.89.41.145.jpg,/Users/michaelalfaro/Dropbox/git/downloading-fish-images-2026/images_fishbase_usercontrib/Heniochus_chrysostomus_FishBaseUser_1374870794_83.89.41.145.jpg,fishbase_usercontrib,Heniochus chrysostomus,Heniochus chrysostomus,False,False
Chaetodon_citrinellus_FishBaseUser_1508795381_172.68.102.42.jpg,/Users/michaelalfaro/Dropbox/git/downloading-fish-images-2026/images_fishbase_usercontrib/Chaetodon_citrinellus_FishBaseUser_1508795381_172.68.102.42.jpg,fishbase_usercontrib,Chaetodon citrinellus,Chaetodon citrinellus,False,False
Chaetodon_andamanensis_FishBaseUser_1747224556_95.95.129.49.jpg,/Users/michaelalfaro/Dropbox/git/downloading-fish-images-2026/images_fishbase_usercontrib/Chaetodon_andamanensis_FishBaseUser_1747224556_95.95.129.49.jpg,fishbase_usercontrib,Chaetodon andamanensis,Chaetodon andamanensis,False,False
Chaetodon_selene_FishBaseUser_1515663930_141.101.98.252.jpg,/Users/michaelalfaro/Dropbox/git/downloading-fish-images-2026/images_fishbase_usercontrib/Chaetodon_selene_FishBaseUser_1515663930_141.101.98.252.jpg,fishbase_usercontrib,Chaetodon selene,Chaetodon selene,False,False
Chaetodon_ocellicaudus_FishBaseUser_1469521969_162.158.167.12.jpg,/Users/michaelalfaro/Dropbox/git/downloading-fish-images-2026/images_fishbase_usercontrib/Chaetodon_ocellicaudus_FishBaseUser_1469521969_162.158.167.12.jpg,fishbase_usercontrib,Chaetodon ocellicaudus,Chaetodon ocellicaudus,False,False
Chaetodon_falcula_FishBaseUser_1361817746_86.28.236.182.jpg,/Users/michaelalfaro/Dropbox/git/downloading-fish-images-2026/images_fishbase_usercontrib/Chaetodon_falcula_FishBaseUser_1361817746_86.28.236.182.jpg,fishbase_usercontrib,Chaetodon falcula,Chaetodon falcula,False,False
Chaetodon_gardineri_FishBaseUser_1392664622_91.133.161.110.jpg,/Users/michaelalfaro/Dropbox/git/downloading-fish-images-2026/images_fishbase_usercontrib/Chaetodon_gardineri_FishBaseUser_1392664622_91.133.161.110.jpg,fishbase_usercontrib,Chaetodon gardineri,Chaetodon gardineri,False,False
Forcipiger_flavissimus_FishBaseUser_1747942534_95.95.129.49.jpg,/Users/michaelalfaro/Dropbox/git/downloading-fish-images-2026/images_fishbase_usercontrib/Forcipiger_flavissimus_FishBaseUser_1747942534_95.95.129.49.jpg,fishbase_usercontrib,Forcipiger flavissimus,Forcipiger flavissimus,False,False
Heniochus_intermedius_FishBaseUser_1482311413_188.114.102.48.jpg,/Users/michaelalfaro/Dropbox/git/downloading-fish-images-2026/images_fishbase_usercontrib/Heniochus_intermedius_FishBaseUser_1482311413_188.114.102.48.jpg,fishbase_usercontrib,Heniochus intermedius,Heniochus intermedius,False,False
Chaetodon_lunula_FishBaseUser_1747227849_95.95.129.49.jpg,/Users/michaelalfaro/Dropbox/git/downloading-fish-images-2026/images_fishbase_usercontrib/Chaetodon_lunula_FishBaseUser_1747227849_95.95.129.49.jpg,fishbase_usercontrib,Chaetodon lunula,Chaetodon lunula,False,False
Hemitaurichthys_polylepis_FishBaseUser_1748163909_95.95.129.49.jpg,/Users/michaelalfaro/Dropbox/git/downloading-fish-images-2026/images_fishbase_usercontrib/Hemitaurichthys_polylepis_FishBaseUser_1748163909_95.95.129.49.jpg,fishbase_usercontrib,Hemitaurichthys polylepis,Hemitaurichthys polylepis,False,False
Coradion_altivelis_FishBaseUser_1542863051_172.68.211.36.jpg,/Users/michaelalfaro/Dropbox/git/downloading-fish-images-2026/images_fishbase_usercontrib/Coradion_altivelis_FishBaseUser_1542863051_172.68.211.36.jpg,fishbase_usercontrib,Coradion altivelis,Coradion altivelis,False,False
Chaetodon_nippon_FishBaseUser_1401575352_114.155.215.180.jpg,/Users/michaelalfaro/Dropbox/git/downloading-fish-images-2026/images_fishbase_usercontrib/Chaetodon_nippon_FishBaseUser_1401575352_114.155.215.180.jpg,fishbase_usercontrib,Chaetodon nippon,Chaetodon nippon,False,False
Chaetodon_pictus_FishBaseUser_1509180597_172.68.102.54.jpg,/Users/michaelalfaro/Dropbox/git/downloading-fish-images-2026/images_fishbase_usercontrib/Chaetodon_pictus_FishBaseUser_1509180597_172.68.102.54.jpg,fishbase_usercontrib,Chaetodon pictus,Chaetodon pictus,False,False
Heniochus_acuminatus_FishBaseUser_1357797911_125.17.229.2.jpg,/Users/michaelalfaro/Dropbox/git/downloading-fish-images-2026/images_fishbase_usercontrib/Heniochus_acuminatus_FishBaseUser_1357797911_125.17.229.2.jpg,fishbase_usercontrib,Heniochus acuminatus,Heniochus acuminatus,False,False
Chaetodon_lunula_FishBaseUser_1574939971_162.158.166.79.jpg,/Users/michaelalfaro/Dropbox/git/downloading-fish-images-2026/images_fishbase_usercontrib/Chaetodon_lunula_FishBaseUser_1574939971_162.158.166.79.jpg,fishbase_usercontrib,Chaetodon lunula,Chaetodon lunula,False,False
Forcipiger_longirostris_FishBaseUser_1344201101_62.178.129.238.jpg,/Users/michaelalfaro/Dropbox/git/downloading-fish-images-2026/images_fishbase_usercontrib/Forcipiger_longirostris_FishBaseUser_1344201101_62.178.129.238.jpg,fishbase_usercontrib,Forcipiger longirostris,Forcipiger longirostris,False,False
Chaetodon_speculum_FishBaseUser_1672901079_172.70.210.247.jpg,/Users/michaelalfaro/Dropbox/git/downloading-fish-images-2026/images_fishbase_usercontrib/Chaetodon_speculum_FishBaseUser_1672901079_172.70.210.247.jpg,fishbase_usercontrib,Chaetodon speculum,Chaetodon speculum,False,False
Chaetodon_adiergastos_FishBaseUser_1610273317_172.68.243.13.jpg,/Users/michaelalfaro/Dropbox/git/downloading-fish-images-2026/images_fishbase_usercontrib/Chaetodon_adiergastos_FishBaseUser_1610273317_172.68.243.13.jpg,fishbase_usercontrib,Chaetodon adiergastos,Chaetodon adiergastos,False,False
Chaetodon_semeion_FishBaseUser_1430209867_86.10.40.87.jpg,/Users/michaelalfaro/Dropbox/git/downloading-fish-images-2026/images_fishbase_usercontrib/Chaetodon_semeion_FishBaseUser_1430209867_86.10.40.87.jpg,fishbase_usercontrib,Chaetodon semeion,Chaetodon semeion,False,False
Hemitaurichthys_zoster_FishBaseUser_1748164121_95.95.129.49.jpg,/Users/michaelalfaro/Dropbox/git/downloading-fish-images-2026/images_fishbase_usercontrib/Hemitaurichthys_zoster_FishBaseUser_1748164121_95.95.129.49.jpg,fishbase_usercontrib,Hemitaurichthys zoster,Hemitaurichthys zoster,False,False
Roa_jayakari_FishBaseUser_1380914688_182.178.28.52.jpg,/Users/michaelalfaro/Dropbox/git/downloading-fish-images-2026/images_fishbase_usercontrib/Roa_jayakari_FishBaseUser_1380914688_182.178.28.52.jpg,fishbase_usercontrib,Roa jayakari,Roa jayakari,False,False
Heniochus_chrysostomus_FishBaseUser_1704988942_172.70.82.177.jpg,/Users/michaelalfaro/Dropbox/git/downloading-fish-images-2026/images_fishbase_usercontrib/Heniochus_chrysostomus_FishBaseUser_1704988942_172.70.82.177.jpg,fishbase_usercontrib,Heniochus chrysostomus,Heniochus chrysostomus,False,False
Chaetodon_larvatus_FishBaseUser_1671051335_108.162.237.70.jpg,/Users/michaelalfaro/Dropbox/git/downloading-fish-images-2026/images_fishbase_usercontrib/Chaetodon_larvatus_FishBaseUser_1671051335_108.162.237.70.jpg,fishbase_usercontrib,Chaetodon larvatus,Chaetodon larvatus,False,False
Chaetodon_kleinii_FishBaseUser_1575678441_172.68.211.210.jpg,/Users/michaelalfaro/Dropbox/git/downloading-fish-images-2026/images_fishbase_usercontrib/Chaetodon_kleinii_FishBaseUser_1575678441_172.68.211.210.jpg,fishbase_usercontrib,Chaetodon kleinii,Chaetodon kleinii,False,False
Chaetodon_mertensii_FishBaseUser_1734903659_162.158.155.14.jpg,/Users/michaelalfaro/Dropbox/git/downloading-fish-images-2026/images_fishbase_usercontrib/Chaetodon_mertensii_FishBaseUser_1734903659_162.158.155.14.jpg,fishbase_usercontrib,Chaetodon mertensii,Chaetodon mertensii,False,False
Chaetodon_austriacus_FishBaseUser_1655398308_172.71.94.129.jpg,/Users/michaelalfaro/Dropbox/git/downloading-fish-images-2026/images_fishbase_usercontrib/Chaetodon_austriacus_FishBaseUser_1655398308_172.71.94.129.jpg,fishbase_usercontrib,Chaetodon austriacus,Chaetodon austriacus,False,False
Chaetodon_rafflesii_FishBaseUser_1424584920_94.198.16.174.jpg,/Users/michaelalfaro/Dropbox/git/downloading-fish-images-2026/images_fishbase_usercontrib/Chaetodon_rafflesii_FishBaseUser_1424584920_94.198.16.174.jpg,fishbase_usercontrib,Chaetodon rafflesii,Chaetodon rafflesii,False,False
Heniochus_chrysostomus_FishBaseUser_1469523393_162.158.167.12.jpg,/Users/michaelalfaro/Dropbox/git/downloading-fish-images-2026/images_fishbase_usercontrib/Heniochus_chrysostomus_FishBaseUser_1469523393_162.158.167.12.jpg,fishbase_usercontrib,Heniochus chrysostomus,Heniochus chrysostomus,False,False
Chaetodon_semilarvatus_FishBaseUser_1585650926_108.162.229.206.jpg,/Users/michaelalfaro/Dropbox/git/downloading-fish-images-2026/images_fishbase_usercontrib/Chaetodon_semilarvatus_FishBaseUser_1585650926_108.162.229.206.jpg,fishbase_usercontrib,Chaetodon semilarvatus,Chaetodon semilarvatus,False,False
Chaetodon_trifascialis_FishBaseUser_1672901201_172.70.214.231.jpg,/Users/michaelalfaro/Dropbox/git/downloading-fish-images-2026/images_fishbase_usercontrib/Chaetodon_trifascialis_FishBaseUser_1672901201_172.70.214.231.jpg,fishbase_usercontrib,Chaetodon trifascialis,Chaetodon trifascialis,False,False
Forcipiger_longirostris_FishBaseUser_1760167551_101.115.183.201.jpg,/Users/michaelalfaro/Dropbox/git/downloading-fish-images-2026/images_fishbase_usercontrib/Forcipiger_longirostris_FishBaseUser_1760167551_101.115.183.201.jpg,fishbase_usercontrib,Forcipiger longirostris,Forcipiger longirostris,False,False
Chaetodon_nigropunctatus_FishBaseUser_1343584763_2.184.242.173.jpg,/Users/michaelalfaro/Dropbox/git/downloading-fish-images-2026/images_fishbase_usercontrib/Chaetodon_nigropunctatus_FishBaseUser_1343584763_2.184.242.173.jpg,fishbase_usercontrib,Chaetodon nigropunctatus,Chaetodon nigropunctatus,False,False
Heniochus_acuminatus_FishBaseUser_1476521901_162.158.31.220.jpg,/Users/michaelalfaro/Dropbox/git/downloading-fish-images-2026/images_fishbase_usercontrib/Heniochus_acuminatus_FishBaseUser_1476521901_162.158.31.220.jpg,fishbase_usercontrib,Heniochus acuminatus,Heniochus acuminatus,False,False
Chaetodon_bennetti_FishBaseUser_1433887928_2.238.54.39.jpg,/Users/michaelalfaro/Dropbox/git/downloading-fish-images-2026/images_fishbase_usercontrib/Chaetodon_bennetti_FishBaseUser_1433887928_2.238.54.39.jpg,fishbase_usercontrib,Chaetodon bennetti,Chaetodon bennetti,False,False
Chaetodon_melannotus_FishBaseUser_1580212251_162.158.94.76.jpg,/Users/michaelalfaro/Dropbox/git/downloading-fish-images-2026/images_fishbase_usercontrib/Chaetodon_melannotus_FishBaseUser_1580212251_162.158.94.76.jpg,fishbase_usercontrib,Chaetodon melannotus,Chaetodon melannotus,False,False
Chaetodon_guttatissimus_FishBaseUser_1473566422_162.158.165.25.jpg,/Users/michaelalfaro/Dropbox/git/downloading-fish-images-2026/images_fishbase_usercontrib/Chaetodon_guttatissimus_FishBaseUser_1473566422_162.158.165.25.jpg,fishbase_usercontrib,Chaetodon guttatissimus,Chaetodon guttatissimus,False,False
Forcipiger_flavissimus_FishBaseUser_1760314748_101.115.183.201.jpg,/Users/michaelalfaro/Dropbox/git/downloading-fish-images-2026/images_fishbase_usercontrib/Forcipiger_flavissimus_FishBaseUser_1760314748_101.115.183.201.jpg,fishbase_usercontrib,Forcipiger flavissimus,Forcipiger flavissimus,False,False
Chaetodon_mitratus_FishBaseUser_1393874593_71.202.224.33.jpg,/Users/michaelalfaro/Dropbox/git/downloading-fish-images-2026/images_fishbase_usercontrib/Chaetodon_mitratus_FishBaseUser_1393874593_71.202.224.33.jpg,fishbase_usercontrib,Chaetodon mitratus,Chaetodon mitratus,False,False
Chaetodon_lunula_FishBaseUser_1656493445_172.70.143.34.jpg,/Users/michaelalfaro/Dropbox/git/downloading-fish-images-2026/images_fishbase_usercontrib/Chaetodon_lunula_FishBaseUser_1656493445_172.70.143.34.jpg,fishbase_usercontrib,Chaetodon lunula,Chaetodon lunula,False,False
Chaetodon_xanthocephalus_FishBaseUser_1724958699_172.71.124.11.jpg,/Users/michaelalfaro/Dropbox/git/downloading-fish-images-2026/images_fishbase_usercontrib/Chaetodon_xanthocephalus_FishBaseUser_1724958699_172.71.124.11.jpg,fishbase_usercontrib,Chaetodon xanthocephalus,Chaetodon xanthocephalus,False,False
Chaetodon_collare_FishBaseUser_1441344507_117.206.95.248.jpg,/Users/michaelalfaro/Dropbox/git/downloading-fish-images-2026/images_fishbase_usercontrib/Chaetodon_collare_FishBaseUser_1441344507_117.206.95.248.jpg,fishbase_usercontrib,Chaetodon collare,Chaetodon collare,False,False
Chaetodon_fasciatus_FishBaseUser_1508796891_172.68.102.54.jpg,/Users/michaelalfaro/Dropbox/git/downloading-fish-images-2026/images_fishbase_usercontrib/Chaetodon_fasciatus_FishBaseUser_1508796891_172.68.102.54.jpg,fishbase_usercontrib,Chaetodon fasciatus,Chaetodon fasciatus,False,False
Chaetodon_speculum_FishBaseUser_1469522295_162.158.167.12.jpg,/Users/michaelalfaro/Dropbox/git/downloading-fish-images-2026/images_fishbase_usercontrib/Chaetodon_speculum_FishBaseUser_1469522295_162.158.167.12.jpg,fishbase_usercontrib,Chaetodon speculum,Chaetodon speculum,False,False
Chaetodon_auriga_FishBaseUser_1672899659_172.70.211.174.jpg,/Users/michaelalfaro/Dropbox/git/downloading-fish-images-2026/images_fishbase_usercontrib/Chaetodon_auriga_FishBaseUser_1672899659_172.70.211.174.jpg,fishbase_usercontrib,Chaetodon auriga,Chaetodon auriga,False,False
Chaetodon_rainfordi_FishBaseUser_1384926559_130.102.158.16.jpg,/Users/michaelalfaro/Dropbox/git/downloading-fish-images-2026/images_fishbase_usercontrib/Chaetodon_rainfordi_FishBaseUser_1384926559_130.102.158.16.jpg,fishbase_usercontrib,Chaetodon rainfordi,Chaetodon rainfordi,False,False
Parachaetodon_ocellatus_FishBaseUser_1486712838_172.68.106.90.jpg,/Users/michaelalfaro/Dropbox/git/downloading-fish-images-2026/images_fishbase_usercontrib/Parachaetodon_ocellatus_FishBaseUser_1486712838_172.68.106.90.jpg,fishbase_usercontrib,Parachaetodon ocellatus,Parachaetodon ocellatus,False,False
Chaetodon_striatus_FishBaseUser_1528383068_162.158.22.66.jpg,/Users/michaelalfaro/Dropbox/git/downloading-fish-images-2026/images_fishbase_usercontrib/Chaetodon_striatus_FishBaseUser_1528383068_162.158.22.66.jpg,fishbase_usercontrib,Chaetodon striatus,Chaetodon striatus,False,False
Chaetodon_plebeius_FishBaseUser_1652806488_172.70.147.143.jpg,/Users/michaelalfaro/Dropbox/git/downloading-fish-images-2026/images_fishbase_usercontrib/Chaetodon_plebeius_FishBaseUser_1652806488_172.70.147.143.jpg,fishbase_usercontrib,Chaetodon plebeius,Chaetodon plebeius,False,False
Chaetodon_unimaculatus_FishBaseUser_1747235776_95.95.129.49.jpg,/Users/michaelalfaro/Dropbox/git/downloading-fish-images-2026/images_fishbase_usercontrib/Chaetodon_unimaculatus_FishBaseUser_1747235776_95.95.129.49.jpg,fishbase_usercontrib,Chaetodon unimaculatus,Chaetodon unimaculatus,False,False
Heniochus_intermedius_FishBaseUser_1585395915_141.101.69.75.jpg,/Users/michaelalfaro/Dropbox/git/downloading-fish-images-2026/images_fishbase_usercontrib/Heniochus_intermedius_FishBaseUser_1585395915_141.101.69.75.jpg,fishbase_usercontrib,Heniochus intermedius,Heniochus intermedius,False,False
Chaetodon_punctatofasciatus_FishBaseUser_1706914701_172.70.254.22.jpg,/Users/michaelalfaro/Dropbox/git/downloading-fish-images-2026/images_fishbase_usercontrib/Chaetodon_punctatofasciatus_FishBaseUser_1706914701_172.70.254.22.jpg,fishbase_usercontrib,Chaetodon punctatofasciatus,Chaetodon punctatofasciatus,False,False
Chaetodon_wiebeli_FishBaseUser_1569480522_172.68.141.54.jpg,/Users/michaelalfaro/Dropbox/git/downloading-fish-images-2026/images_fishbase_usercontrib/Chaetodon_wiebeli_FishBaseUser_1569480522_172.68.141.54.jpg,fishbase_usercontrib,Chaetodon wiebeli,Chaetodon wiebeli,False,False
Hemitaurichthys_polylepis_FishBaseUser_1473565135_162.158.165.25.jpg,/Users/michaelalfaro/Dropbox/git/downloading-fish-images-2026/images_fishbase_usercontrib/Hemitaurichthys_polylepis_FishBaseUser_1473565135_162.158.165.25.jpg,fishbase_usercontrib,Hemitaurichthys polylepis,Hemitaurichthys polylepis,False,False
Chaetodon_larvatus_FishBaseUser_1671051579_108.162.237.70.jpg,/Users/michaelalfaro/Dropbox/git/downloading-fish-images-2026/images_fishbase_usercontrib/Chaetodon_larvatus_FishBaseUser_1671051579_108.162.237.70.jpg,fishbase_usercontrib,Chaetodon larvatus,Chaetodon larvatus,False,False
Johnrandallia_nigrirostris_FishBaseUser_1752336898_149.102.252.46.jpg,/Users/michaelalfaro/Dropbox/git/downloading-fish-images-2026/images_fishbase_usercontrib/Johnrandallia_nigrirostris_FishBaseUser_1752336898_149.102.252.46.jpg,fishbase_usercontrib,Johnrandallia nigrirostris,Johnrandallia nigrirostris,False,False
Chelmon_rostratus_FishBaseUser_1527672756_162.158.22.192.jpg,/Users/michaelalfaro/Dropbox/git/downloading-fish-images-2026/images_fishbase_usercontrib/Chelmon_rostratus_FishBaseUser_1527672756_162.158.22.192.jpg,fishbase_usercontrib,Chelmon rostratus,Chelmon rostratus,False,False
Heniochus_intermedius_FishBaseUser_1482256259_188.114.102.48.jpg,/Users/michaelalfaro/Dropbox/git/downloading-fish-images-2026/images_fishbase_usercontrib/Heniochus_intermedius_FishBaseUser_1482256259_188.114.102.48.jpg,fishbase_usercontrib,Heniochus intermedius,Heniochus intermedius,False,False
Chaetodon_humeralis_FishBaseUser_1639503972_172.70.82.187.jpg,/Users/michaelalfaro/Dropbox/git/downloading-fish-images-2026/images_fishbase_usercontrib/Chaetodon_humeralis_FishBaseUser_1639503972_172.70.82.187.jpg,fishbase_usercontrib,Chaetodon humeralis,Chaetodon humeralis,False,False
Chaetodon_humeralis_FishBaseUser_1634664870_172.70.82.109.jpg,/Users/michaelalfaro/Dropbox/git/downloading-fish-images-2026/images_fishbase_usercontrib/Chaetodon_humeralis_FishBaseUser_1634664870_172.70.82.109.jpg,fishbase_usercontrib,Chaetodon humeralis,Chaetodon humeralis,False,False
Chaetodon_kleinii_FishBaseUser_1672900069_162.158.179.14.jpg,/Users/michaelalfaro/Dropbox/git/downloading-fish-images-2026/images_fishbase_usercontrib/Chaetodon_kleinii_FishBaseUser_1672900069_162.158.179.14.jpg,fishbase_usercontrib,Chaetodon kleinii,Chaetodon kleinii,False,False
Heniochus_acuminatus_FishBaseUser_1378774560_69.127.149.175.jpg,/Users/michaelalfaro/Dropbox/git/downloading-fish-images-2026/images_fishbase_usercontrib/Heniochus_acuminatus_FishBaseUser_1378774560_69.127.149.175.jpg,fishbase_usercontrib,Heniochus acuminatus,Heniochus acuminatus,False,False
Chaetodon_burgessi_FishBaseUser_1368178641_114.155.226.67.jpg,/Users/michaelalfaro/Dropbox/git/downloading-fish-images-2026/images_fishbase_usercontrib/Chaetodon_burgessi_FishBaseUser_1368178641_114.155.226.67.jpg,fishbase_usercontrib,Chaetodon burgessi,Chaetodon burgessi,False,False
Heniochus_varius_FishBaseUser_1569828886_172.68.132.127.jpg,/Users/michaelalfaro/Dropbox/git/downloading-fish-images-2026/images_fishbase_usercontrib/Heniochus_varius_FishBaseUser_1569828886_172.68.132.127.jpg,fishbase_usercontrib,Heniochus varius,Heniochus varius,False,False
Chaetodon_lineolatus_FishBaseUser_1705859957_172.70.255.13.jpg,/Users/michaelalfaro/Dropbox/git/downloading-fish-images-2026/images_fishbase_usercontrib/Chaetodon_lineolatus_FishBaseUser_1705859957_172.70.255.13.jpg,fishbase_usercontrib,Chaetodon lineolatus,Chaetodon lineolatus,False,False
Chaetodon_collare_FishBaseUser_1440529152_83.211.38.4.jpg,/Users/michaelalfaro/Dropbox/git/downloading-fish-images-2026/images_fishbase_usercontrib/Chaetodon_collare_FishBaseUser_1440529152_83.211.38.4.jpg,fishbase_usercontrib,Chaetodon collare,Chaetodon collare,False,False
Heniochus_monoceros_FishBaseUser_1473562707_162.158.165.25.jpg,/Users/michaelalfaro/Dropbox/git/downloading-fish-images-2026/images_fishbase_usercontrib/Heniochus_monoceros_FishBaseUser_1473562707_162.158.165.25.jpg,fishbase_usercontrib,Heniochus monoceros,Heniochus monoceros,False,False
Heniochus_varius_FishBaseUser_1341432052_24.185.16.14.jpg,/Users/michaelalfaro/Dropbox/git/downloading-fish-images-2026/images_fishbase_usercontrib/Heniochus_varius_FishBaseUser_1341432052_24.185.16.14.jpg,fishbase_usercontrib,Heniochus varius,Heniochus varius,False,False
Chaetodon_quadrimaculatus_FishBaseUser_1734299563_162.158.155.193.jpg,/Users/michaelalfaro/Dropbox/git/downloading-fish-images-2026/images_fishbase_usercontrib/Chaetodon_quadrimaculatus_FishBaseUser_1734299563_162.158.155.193.jpg,fishbase_usercontrib,Chaetodon quadrimaculatus,Chaetodon quadrimaculatus,False,False
Chaetodon_ephippium_FishBaseUser_1444522977_24.215.186.224.jpg,/Users/michaelalfaro/Dropbox/git/downloading-fish-images-2026/images_fishbase_usercontrib/Chaetodon_ephippium_FishBaseUser_1444522977_24.215.186.224.jpg,fishbase_usercontrib,Chaetodon ephippium,Chaetodon ephippium,False,False
Chaetodon_punctatofasciatus_FishBaseUser_1747331073_185.193.156.153.jpg,/Users/michaelalfaro/Dropbox/git/downloading-fish-images-2026/images_fishbase_usercontrib/Chaetodon_punctatofasciatus_FishBaseUser_1747331073_185.193.156.153.jpg,fishbase_usercontrib,Chaetodon punctatofasciatus,Chaetodon punctatofasciatus,False,False
Chaetodon_bennetti_FishBaseUser_1747086309_169.150.203.237.jpg,/Users/michaelalfaro/Dropbox/git/downloading-fish-images-2026/images_fishbase_usercontrib/Chaetodon_bennetti_FishBaseUser_1747086309_169.150.203.237.jpg,fishbase_usercontrib,Chaetodon bennetti,Chaetodon bennetti,False,False
Chaetodon_punctatofasciatus_FishBaseUser_1404900598_82.4.49.242.jpg,/Users/michaelalfaro/Dropbox/git/downloading-fish-images-2026/images_fishbase_usercontrib/Chaetodon_punctatofasciatus_FishBaseUser_1404900598_82.4.49.242.jpg,fishbase_usercontrib,Chaetodon punctatofasciatus,Chaetodon punctatofasciatus,False,False
Chaetodon_quadrimaculatus_FishBaseUser_1734299590_162.158.155.193.jpg,/Users/michaelalfaro/Dropbox/git/downloading-fish-images-2026/images_fishbase_usercontrib/Chaetodon_quadrimaculatus_FishBaseUser_1734299590_162.158.155.193.jpg,fishbase_usercontrib,Chaetodon quadrimaculatus,Chaetodon quadrimaculatus,False,False
Chaetodon_selene_FishBaseUser_1672900962_172.71.218.124.jpg,/Users/michaelalfaro/Dropbox/git/downloading-fish-images-2026/images_fishbase_usercontrib/Chaetodon_selene_FishBaseUser_1672900962_172.71.218.124.jpg,fishbase_usercontrib,Chaetodon selene,Chaetodon selene,False,False
Heniochus_diphreutes_FishBaseUser_1392098509_71.202.224.33.jpg,/Users/michaelalfaro/Dropbox/git/downloading-fish-images-2026/images_fishbase_usercontrib/Heniochus_diphreutes_FishBaseUser_1392098509_71.202.224.33.jpg,fishbase_usercontrib,Heniochus diphreutes,Heniochus diphreutes,False,False
Chelmon_rostratus_FishBaseUser_1358267001_217.19.29.93.jpg,/Users/michaelalfaro/Dropbox/git/downloading-fish-images-2026/images_fishbase_usercontrib/Chelmon_rostratus_FishBaseUser_1358267001_217.19.29.93.jpg,fishbase_usercontrib,Chelmon rostratus,Chelmon rostratus,False,False
Chaetodon_austriacus_FishBaseUser_1508794470_172.68.102.54.jpg,/Users/michaelalfaro/Dropbox/git/downloading-fish-images-2026/images_fishbase_usercontrib/Chaetodon_austriacus_FishBaseUser_1508794470_172.68.102.54.jpg,fishbase_usercontrib,Chaetodon austriacus,Chaetodon austriacus,False,False
Forcipiger_longirostris_FishBaseUser_1444696541_24.215.186.224.jpg,/Users/michaelalfaro/Dropbox/git/downloading-fish-images-2026/images_fishbase_usercontrib/Forcipiger_longirostris_FishBaseUser_1444696541_24.215.186.224.jpg,fishbase_usercontrib,Forcipiger longirostris,Forcipiger longirostris,False,False
Chaetodon_lunula_FishBaseUser_1526834654_162.158.22.216.jpg,/Users/michaelalfaro/Dropbox/git/downloading-fish-images-2026/images_fishbase_usercontrib/Chaetodon_lunula_FishBaseUser_1526834654_162.158.22.216.jpg,fishbase_usercontrib,Chaetodon lunula,Chaetodon lunula,False,False
Prognathodes_carlhubbsi_FishBaseUser_1752435678_146.70.186.116.jpg,/Users/michaelalfaro/Dropbox/git/downloading-fish-images-2026/images_fishbase_usercontrib/Prognathodes_carlhubbsi_FishBaseUser_1752435678_146.70.186.116.jpg,fishbase_usercontrib,Prognathodes carlhubbsi,Prognathodes carlhubbsi,False,False
Chaetodon_collare_FishBaseUser_1562853572_162.158.234.96.jpg,/Users/michaelalfaro/Dropbox/git/downloading-fish-images-2026/images_fishbase_usercontrib/Chaetodon_collare_FishBaseUser_1562853572_162.158.234.96.jpg,fishbase_usercontrib,Chaetodon collare,Chaetodon collare,False,False
Chaetodon_octofasciatus_FishBaseUser_1569480361_172.68.189.231.jpg,/Users/michaelalfaro/Dropbox/git/downloading-fish-images-2026/images_fishbase_usercontrib/Chaetodon_octofasciatus_FishBaseUser_1569480361_172.68.189.231.jpg,fishbase_usercontrib,Chaetodon octofasciatus,Chaetodon octofasciatus,False,False
Chaetodon_pelewensis_FishBaseUser_1706113534_172.70.54.82.jpg,/Users/michaelalfaro/Dropbox/git/downloading-fish-images-2026/images_fishbase_usercontrib/Chaetodon_pelewensis_FishBaseUser_1706113534_172.70.54.82.jpg,fishbase_usercontrib,Chaetodon pelewensis,Chaetodon pelewensis,False,False
Heniochus_acuminatus_FishBaseUser_1361880251_82.20.1.24.jpg,/Users/michaelalfaro/Dropbox/git/downloading-fish-images-2026/images_fishbase_usercontrib/Heniochus_acuminatus_FishBaseUser_1361880251_82.20.1.24.jpg,fishbase_usercontrib,Heniochus acuminatus,Heniochus acuminatus,False,False
Heniochus_varius_FishBaseUser_1569828952_162.158.255.132.jpg,/Users/michaelalfaro/Dropbox/git/downloading-fish-images-2026/images_fishbase_usercontrib/Heniochus_varius_FishBaseUser_1569828952_162.158.255.132.jpg,fishbase_usercontrib,Heniochus varius,Heniochus varius,False,False
Chaetodon_decussatus_FishBaseUser_1638901946_172.70.143.86.jpg,/Users/michaelalfaro/Dropbox/git/downloading-fish-images-2026/images_fishbase_usercontrib/Chaetodon_decussatus_FishBaseUser_1638901946_172.70.143.86.jpg,fishbase_usercontrib,Chaetodon decussatus,Chaetodon decussatus,False,False
Heniochus_varius_FishBaseUser_1748177888_95.95.129.49.jpg,/Users/michaelalfaro/Dropbox/git/downloading-fish-images-2026/images_fishbase_usercontrib/Heniochus_varius_FishBaseUser_1748177888_95.95.129.49.jpg,fishbase_usercontrib,Heniochus varius,Heniochus varius,False,False
Chaetodon_bennetti_FishBaseUser_1508795146_172.68.102.54.jpg,/Users/michaelalfaro/Dropbox/git/downloading-fish-images-2026/images_fishbase_usercontrib/Chaetodon_bennetti_FishBaseUser_1508795146_172.68.102.54.jpg,fishbase_usercontrib,Chaetodon bennetti,Chaetodon bennetti,False,False
Chaetodon_melannotus_FishBaseUser_1368368160_82.20.1.24.jpg,/Users/michaelalfaro/Dropbox/git/downloading-fish-images-2026/images_fishbase_usercontrib/Chaetodon_melannotus_FishBaseUser_1368368160_82.20.1.24.jpg,fishbase_usercontrib,Chaetodon melannotus,Chaetodon melannotus,False,False
Chaetodon_xanthocephalus_FishBaseUser_1585560151_108.162.229.206.jpg,/Users/michaelalfaro/Dropbox/git/downloading-fish-images-2026/images_fishbase_usercontrib/Chaetodon_xanthocephalus_FishBaseUser_1585560151_108.162.229.206.jpg,fishbase_usercontrib,Chaetodon xanthocephalus,Chaetodon xanthocephalus,False,False
Chaetodon_wiebeli_FishBaseUser_1609840471_172.69.33.235.jpg,/Users/michaelalfaro/Dropbox/git/downloading-fish-images-2026/images_fishbase_usercontrib/Chaetodon_wiebeli_FishBaseUser_1609840471_172.69.33.235.jpg,fishbase_usercontrib,Chaetodon wiebeli,Chaetodon wiebeli,False,False
Chaetodon_vagabundus_FishBaseUser_1509183707_172.68.102.54.jpg,/Users/michaelalfaro/Dropbox/git/downloading-fish-images-2026/images_fishbase_usercontrib/Chaetodon_vagabundus_FishBaseUser_1509183707_172.68.102.54.jpg,fishbase_usercontrib,Chaetodon vagabundus,Chaetodon vagabundus,False,False
Forcipiger_wanai_FishBaseUser_1557652063_162.158.167.38.jpg,/Users/michaelalfaro/Dropbox/git/downloading-fish-images-2026/images_fishbase_usercontrib/Forcipiger_wanai_FishBaseUser_1557652063_162.158.167.38.jpg,fishbase_usercontrib,Forcipiger wanai,Forcipiger wanai,False,False
Chaetodon_unimaculatus_FishBaseUser_1577143148_172.68.102.78.jpg,/Users/michaelalfaro/Dropbox/git/downloading-fish-images-2026/images_fishbase_usercontrib/Chaetodon_unimaculatus_FishBaseUser_1577143148_172.68.102.78.jpg,fishbase_usercontrib,Chaetodon unimaculatus,Chaetodon unimaculatus,False,False
Heniochus_singularius_FishBaseUser_1748177436_95.95.129.49.jpg,/Users/michaelalfaro/Dropbox/git/downloading-fish-images-2026/images_fishbase_usercontrib/Heniochus_singularius_FishBaseUser_1748177436_95.95.129.49.jpg,fishbase_usercontrib,Heniochus singularius,Heniochus singularius,False,False
Coradion_melanopus_FishBaseUser_1509285460_172.68.102.54.jpg,/Users/michaelalfaro/Dropbox/git/downloading-fish-images-2026/images_fishbase_usercontrib/Coradion_melanopus_FishBaseUser_1509285460_172.68.102.54.jpg,fishbase_usercontrib,Coradion melanopus,Coradion melanopus,False,False
Chaetodon_aureofasciatus_FishBaseUser_1700898771_108.162.226.189.jpg,/Users/michaelalfaro/Dropbox/git/downloading-fish-images-2026/images_fishbase_usercontrib/Chaetodon_aureofasciatus_FishBaseUser_1700898771_108.162.226.189.jpg,fishbase_usercontrib,Chaetodon aureofasciatus,Chaetodon aureofasciatus,False,False
Forcipiger_longirostris_FishBaseUser_1383590507_202.151.68.202.jpg,/Users/michaelalfaro/Dropbox/git/downloading-fish-images-2026/images_fishbase_usercontrib/Forcipiger_longirostris_FishBaseUser_1383590507_202.151.68.202.jpg,fishbase_usercontrib,Forcipiger longirostris,Forcipiger longirostris,False,False
Chaetodon_decussatus_FishBaseUser_1753528566_219.73.75.40.jpg,/Users/michaelalfaro/Dropbox/git/downloading-fish-images-2026/images_fishbase_usercontrib/Chaetodon_decussatus_FishBaseUser_1753528566_219.73.75.40.jpg,fishbase_usercontrib,Chaetodon decussatus,Chaetodon decussatus,False,False
Chaetodon_andamanensis_FishBaseUser_1739413117_172.71.124.122.jpg,/Users/michaelalfaro/Dropbox/git/downloading-fish-images-2026/images_fishbase_usercontrib/Chaetodon_andamanensis_FishBaseUser_1739413117_172.71.124.122.jpg,fishbase_usercontrib,Chaetodon andamanensis,Chaetodon andamanensis,False,False
Heniochus_monoceros_FishBaseUser_1423218993_86.10.40.87.jpg,/Users/michaelalfaro/Dropbox/git/downloading-fish-images-2026/images_fishbase_usercontrib/Heniochus_monoceros_FishBaseUser_1423218993_86.10.40.87.jpg,fishbase_usercontrib,Heniochus monoceros,Heniochus monoceros,False,False
Heniochus_acuminatus_FishBaseUser_1637581424_162.158.166.242.jpg,/Users/michaelalfaro/Dropbox/git/downloading-fish-images-2026/images_fishbase_usercontrib/Heniochus_acuminatus_FishBaseUser_1637581424_162.158.166.242.jpg,fishbase_usercontrib,Heniochus acuminatus,Heniochus acuminatus,False,False
Chaetodon_ephippium_FishBaseUser_1469521509_162.158.167.12.jpg,/Users/michaelalfaro/Dropbox/git/downloading-fish-images-2026/images_fishbase_usercontrib/Chaetodon_ephippium_FishBaseUser_1469521509_162.158.167.12.jpg,fishbase_usercontrib,Chaetodon ephippium,Chaetodon ephippium,False,False
Roa_modesta_FishBaseUser_1672901864_162.158.178.86.jpg,/Users/michaelalfaro/Dropbox/git/downloading-fish-images-2026/images_fishbase_usercontrib/Roa_modesta_FishBaseUser_1672901864_162.158.178.86.jpg,fishbase_usercontrib,Roa modesta,Roa modesta,False,False
Chaetodon_lunula_FishBaseUser_1473316601_162.158.165.25.jpg,/Users/michaelalfaro/Dropbox/git/downloading-fish-images-2026/images_fishbase_usercontrib/Chaetodon_lunula_FishBaseUser_1473316601_162.158.165.25.jpg,fishbase_usercontrib,Chaetodon lunula,Chaetodon lunula,False,False
Chaetodon_baronessa_FishBaseUser_1707093697_172.70.82.152.jpg,/Users/michaelalfaro/Dropbox/git/downloading-fish-images-2026/images_fishbase_usercontrib/Chaetodon_baronessa_FishBaseUser_1707093697_172.70.82.152.jpg,fishbase_usercontrib,Chaetodon baronessa,Chaetodon baronessa,False,False
Chaetodon_speculum_FishBaseUser_1454328881_94.198.18.55.jpg,/Users/michaelalfaro/Dropbox/git/downloading-fish-images-2026/images_fishbase_usercontrib/Chaetodon_speculum_FishBaseUser_1454328881_94.198.18.55.jpg,fishbase_usercontrib,Chaetodon speculum,Chaetodon speculum,False,False
Chelmon_rostratus_FishBaseUser_1623368827_162.158.178.253.jpg,/Users/michaelalfaro/Dropbox/git/downloading-fish-images-2026/images_fishbase_usercontrib/Chelmon_rostratus_FishBaseUser_1623368827_162.158.178.253.jpg,fishbase_usercontrib,Chelmon rostratus,Chelmon rostratus,False,False
Chaetodon_melannotus_FishBaseUser_1703949708_108.162.210.111.jpg,/Users/michaelalfaro/Dropbox/git/downloading-fish-images-2026/images_fishbase_usercontrib/Chaetodon_melannotus_FishBaseUser_1703949708_108.162.210.111.jpg,fishbase_usercontrib,Chaetodon melannotus,Chaetodon melannotus,False,False
Heniochus_acuminatus_FishBaseUser_1648891926_172.70.188.45.jpg,/Users/michaelalfaro/Dropbox/git/downloading-fish-images-2026/images_fishbase_usercontrib/Heniochus_acuminatus_FishBaseUser_1648891926_172.70.188.45.jpg,fishbase_usercontrib,Heniochus acuminatus,Heniochus acuminatus,False,False
Chaetodon_humeralis_FishBaseUser_1435108272_108.64.185.41.jpg,/Users/michaelalfaro/Dropbox/git/downloading-fish-images-2026/images_fishbase_usercontrib/Chaetodon_humeralis_FishBaseUser_1435108272_108.64.185.41.jpg,fishbase_usercontrib,Chaetodon humeralis,Chaetodon humeralis,False,False
Chaetodon_vagabundus_FishBaseUser_1509183778_172.68.102.54.jpg,/Users/michaelalfaro/Dropbox/git/downloading-fish-images-2026/images_fishbase_usercontrib/Chaetodon_vagabundus_FishBaseUser_1509183778_172.68.102.54.jpg,fishbase_usercontrib,Chaetodon vagabundus,Chaetodon vagabundus,False,False
Chaetodon_rafflesii_FishBaseUser_1655755348_108.162.216.231.jpg,/Users/michaelalfaro/Dropbox/git/downloading-fish-images-2026/images_fishbase_usercontrib/Chaetodon_rafflesii_FishBaseUser_1655755348_108.162.216.231.jpg,fishbase_usercontrib,Chaetodon rafflesii,Chaetodon rafflesii,False,False
Chaetodon_capistratus_FishBaseUser_1704222371_172.70.54.42.jpg,/Users/michaelalfaro/Dropbox/git/downloading-fish-images-2026/images_fishbase_usercontrib/Chaetodon_capistratus_FishBaseUser_1704222371_172.70.54.42.jpg,fishbase_usercontrib,Chaetodon capistratus,Chaetodon capistratus,False,False
Heniochus_acuminatus_FishBaseUser_1378774478_69.127.149.175.jpg,/Users/michaelalfaro/Dropbox/git/downloading-fish-images-2026/images_fishbase_usercontrib/Heniochus_acuminatus_FishBaseUser_1378774478_69.127.149.175.jpg,fishbase_usercontrib,Heniochus acuminatus,Heniochus acuminatus,False,False
Chaetodon_austriacus_FishBaseUser_1669069745_172.71.26.67.jpg,/Users/michaelalfaro/Dropbox/git/downloading-fish-images-2026/images_fishbase_usercontrib/Chaetodon_austriacus_FishBaseUser_1669069745_172.71.26.67.jpg,fishbase_usercontrib,Chaetodon austriacus,Chaetodon austriacus,False,False
Chaetodon_melannotus_FishBaseUser_1707088090_172.70.254.94.jpg,/Users/michaelalfaro/Dropbox/git/downloading-fish-images-2026/images_fishbase_usercontrib/Chaetodon_melannotus_FishBaseUser_1707088090_172.70.254.94.jpg,fishbase_usercontrib,Chaetodon melannotus,Chaetodon melannotus,False,False
Heniochus_acuminatus_FishBaseUser_1345288087_117.240.235.66.jpg,/Users/michaelalfaro/Dropbox/git/downloading-fish-images-2026/images_fishbase_usercontrib/Heniochus_acuminatus_FishBaseUser_1345288087_117.240.235.66.jpg,fishbase_usercontrib,Heniochus acuminatus,Heniochus acuminatus,False,False
Chaetodon_vagabundus_FishBaseUser_1577140337_172.68.102.128.jpg,/Users/michaelalfaro/Dropbox/git/downloading-fish-images-2026/images_fishbase_usercontrib/Chaetodon_vagabundus_FishBaseUser_1577140337_172.68.102.128.jpg,fishbase_usercontrib,Chaetodon vagabundus,Chaetodon vagabundus,False,False
Chelmonops_curiosus_FishBaseUser_1558011372_162.158.158.141.jpg,/Users/michaelalfaro/Dropbox/git/downloading-fish-images-2026/images_fishbase_usercontrib/Chelmonops_curiosus_FishBaseUser_1558011372_162.158.158.141.jpg,fishbase_usercontrib,Chelmonops curiosus,Chelmonops curiosus,False,False
Chaetodon_ulietensis_FishBaseUser_1704744860_108.162.212.25.jpg,/Users/michaelalfaro/Dropbox/git/downloading-fish-images-2026/images_fishbase_usercontrib/Chaetodon_ulietensis_FishBaseUser_1704744860_108.162.212.25.jpg,fishbase_usercontrib,Chaetodon ulietensis,Chaetodon ulietensis,False,False
Chaetodon_fasciatus_FishBaseUser_1705860390_172.70.254.95.jpg,/Users/michaelalfaro/Dropbox/git/downloading-fish-images-2026/images_fishbase_usercontrib/Chaetodon_fasciatus_FishBaseUser_1705860390_172.70.254.95.jpg,fishbase_usercontrib,Chaetodon fasciatus,Chaetodon fasciatus,False,False
Chaetodon_auriga_FishBaseUser_1672899735_172.69.34.39.jpg,/Users/michaelalfaro/Dropbox/git/downloading-fish-images-2026/images_fishbase_usercontrib/Chaetodon_auriga_FishBaseUser_1672899735_172.69.34.39.jpg,fishbase_usercontrib,Chaetodon auriga,Chaetodon auriga,False,False
Chaetodon_kleinii_FishBaseUser_1469521683_162.158.167.12.jpg,/Users/michaelalfaro/Dropbox/git/downloading-fish-images-2026/images_fishbase_usercontrib/Chaetodon_kleinii_FishBaseUser_1469521683_162.158.167.12.jpg,fishbase_usercontrib,Chaetodon kleinii,Chaetodon kleinii,False,False
Chaetodon_kleinii_FishBaseUser_1706123986_172.70.54.82.jpg,/Users/michaelalfaro/Dropbox/git/downloading-fish-images-2026/images_fishbase_usercontrib/Chaetodon_kleinii_FishBaseUser_1706123986_172.70.54.82.jpg,fishbase_usercontrib,Chaetodon kleinii,Chaetodon kleinii,False,False
Chaetodon_falcula_FishBaseUser_1680510302_172.70.188.254.jpg,/Users/michaelalfaro/Dropbox/git/downloading-fish-images-2026/images_fishbase_usercontrib/Chaetodon_falcula_FishBaseUser_1680510302_172.70.188.254.jpg,fishbase_usercontrib,Chaetodon falcula,Chaetodon falcula,False,False
Heniochus_chrysostomus_FishBaseUser_1706913708_172.70.55.71.jpg,/Users/michaelalfaro/Dropbox/git/downloading-fish-images-2026/images_fishbase_usercontrib/Heniochus_chrysostomus_FishBaseUser_1706913708_172.70.55.71.jpg,fishbase_usercontrib,Heniochus chrysostomus,Heniochus chrysostomus,False,False
Heniochus_acuminatus_FishBaseUser_1656495866_172.70.143.34.jpg,/Users/michaelalfaro/Dropbox/git/downloading-fish-images-2026/images_fishbase_usercontrib/Heniochus_acuminatus_FishBaseUser_1656495866_172.70.143.34.jpg,fishbase_usercontrib,Heniochus acuminatus,Heniochus acuminatus,False,False
Forcipiger_longirostris_FishBaseUser_1760167831_101.115.183.201.jpg,/Users/michaelalfaro/Dropbox/git/downloading-fish-images-2026/images_fishbase_usercontrib/Forcipiger_longirostris_FishBaseUser_1760167831_101.115.183.201.jpg,fishbase_usercontrib,Forcipiger longirostris,Forcipiger longirostris,False,False
Chaetodon_oxycephalus_FishBaseUser_1577141959_172.68.102.78.jpg,/Users/michaelalfaro/Dropbox/git/downloading-fish-images-2026/images_fishbase_usercontrib/Chaetodon_oxycephalus_FishBaseUser_1577141959_172.68.102.78.jpg,fishbase_usercontrib,Chaetodon oxycephalus,Chaetodon oxycephalus,False,False
Chaetodon_auriga_FishBaseUser_1418992547_164.100.150.114.jpg,/Users/michaelalfaro/Dropbox/git/downloading-fish-images-2026/images_fishbase_usercontrib/Chaetodon_auriga_FishBaseUser_1418992547_164.100.150.114.jpg,fishbase_usercontrib,Chaetodon auriga,Chaetodon auriga,False,False
Prognathodes_carlhubbsi_FishBaseUser_1752435693_146.70.186.116.jpg,/Users/michaelalfaro/Dropbox/git/downloading-fish-images-2026/images_fishbase_usercontrib/Prognathodes_carlhubbsi_FishBaseUser_1752435693_146.70.186.116.jpg,fishbase_usercontrib,Prognathodes carlhubbsi,Prognathodes carlhubbsi,False,False
Chaetodon_daedalma_FishBaseUser_1368174693_114.155.226.67.jpg,/Users/michaelalfaro/Dropbox/git/downloading-fish-images-2026/images_fishbase_usercontrib/Chaetodon_daedalma_FishBaseUser_1368174693_114.155.226.67.jpg,fishbase_usercontrib,Chaetodon daedalma,Chaetodon daedalma,False,False
Chaetodon_kleinii_FishBaseUser_1424585961_94.198.16.174.jpg,/Users/michaelalfaro/Dropbox/git/downloading-fish-images-2026/images_fishbase_usercontrib/Chaetodon_kleinii_FishBaseUser_1424585961_94.198.16.174.jpg,fishbase_usercontrib,Chaetodon kleinii,Chaetodon kleinii,False,False
Heniochus_diphreutes_FishBaseUser_1671308371_108.162.238.16.jpg,/Users/michaelalfaro/Dropbox/git/downloading-fish-images-2026/images_fishbase_usercontrib/Heniochus_diphreutes_FishBaseUser_1671308371_108.162.238.16.jpg,fishbase_usercontrib,Heniochus diphreutes,Heniochus diphreutes,False,False
Chaetodon_wiebeli_FishBaseUser_1672901418_172.71.214.132.jpg,/Users/michaelalfaro/Dropbox/git/downloading-fish-images-2026/images_fishbase_usercontrib/Chaetodon_wiebeli_FishBaseUser_1672901418_172.71.214.132.jpg,fishbase_usercontrib,Chaetodon wiebeli,Chaetodon wiebeli,False,False
Chaetodon_striatus_FishBaseUser_1706475994_172.70.254.202.jpg,/Users/michaelalfaro/Dropbox/git/downloading-fish-images-2026/images_fishbase_usercontrib/Chaetodon_striatus_FishBaseUser_1706475994_172.70.254.202.jpg,fishbase_usercontrib,Chaetodon striatus,Chaetodon striatus,False,False
Chaetodon_vagabundus_FishBaseUser_1655673349_172.70.178.177.jpg,/Users/michaelalfaro/Dropbox/git/downloading-fish-images-2026/images_fishbase_usercontrib/Chaetodon_vagabundus_FishBaseUser_1655673349_172.70.178.177.jpg,fishbase_usercontrib,Chaetodon vagabundus,Chaetodon vagabundus,False,False
Chaetodon_melannotus_FishBaseUser_1508798739_172.68.102.54.jpg,/Users/michaelalfaro/Dropbox/git/downloading-fish-images-2026/images_fishbase_usercontrib/Chaetodon_melannotus_FishBaseUser_1508798739_172.68.102.54.jpg,fishbase_usercontrib,Chaetodon melannotus,Chaetodon melannotus,False,False
Chaetodon_hoefleri_FishBaseUser_1707174795_172.64.236.109.jpg,/Users/michaelalfaro/Dropbox/git/downloading-fish-images-2026/images_fishbase_usercontrib/Chaetodon_hoefleri_FishBaseUser_1707174795_172.64.236.109.jpg,fishbase_usercontrib,Chaetodon hoefleri,Chaetodon hoefleri,False,False
Chaetodon_semilarvatus_FishBaseUser_1509181885_172.68.102.54.jpg,/Users/michaelalfaro/Dropbox/git/downloading-fish-images-2026/images_fishbase_usercontrib/Chaetodon_semilarvatus_FishBaseUser_1509181885_172.68.102.54.jpg,fishbase_usercontrib,Chaetodon semilarvatus,Chaetodon semilarvatus,False,False
Heniochus_acuminatus_FishBaseUser_1672901777_162.158.178.63.jpg,/Users/michaelalfaro/Dropbox/git/downloading-fish-images-2026/images_fishbase_usercontrib/Heniochus_acuminatus_FishBaseUser_1672901777_162.158.178.63.jpg,fishbase_usercontrib,Heniochus acuminatus,Heniochus acuminatus,False,False
Heniochus_acuminatus_FishBaseUser_1761156316_203.189.184.146.jpg,/Users/michaelalfaro/Dropbox/git/downloading-fish-images-2026/images_fishbase_usercontrib/Heniochus_acuminatus_FishBaseUser_1761156316_203.189.184.146.jpg,fishbase_usercontrib,Heniochus acuminatus,Heniochus acuminatus,False,False
Heniochus_intermedius_FishBaseUser_1671142990_108.162.237.248.jpg,/Users/michaelalfaro/Dropbox/git/downloading-fish-images-2026/images_fishbase_usercontrib/Heniochus_intermedius_FishBaseUser_1671142990_108.162.237.248.jpg,fishbase_usercontrib,Heniochus intermedius,Heniochus intermedius,False,False
Chaetodon_melannotus_FishBaseUser_1585559439_108.162.229.220.jpg,/Users/michaelalfaro/Dropbox/git/downloading-fish-images-2026/images_fishbase_usercontrib/Chaetodon_melannotus_FishBaseUser_1585559439_108.162.229.220.jpg,fishbase_usercontrib,Chaetodon melannotus,Chaetodon melannotus,False,False
Chaetodon_sanctaehelenae_iNaturalist_418980733.jpg,/Users/michaelalfaro/Dropbox/git/downloading-fish-images-2026/images_inaturalist/Chaetodon_sanctaehelenae_iNaturalist_418980733.jpg,inaturalist,Chaetodon sanctaehelenae,Chaetodon sanctaehelenae,False,False
Chelmonops_curiosus_iNaturalist_29627923.jpg,/Users/michaelalfaro/Dropbox/git/downloading-fish-images-2026/images_inaturalist/Chelmonops_curiosus_iNaturalist_29627923.jpg,inaturalist,Chelmonops curiosus,Chelmonops curiosus,False,False
Chaetodon_trichrous_iNaturalist_54935427.jpg,/Users/michaelalfaro/Dropbox/git/downloading-fish-images-2026/images_inaturalist/Chaetodon_trichrous_iNaturalist_54935427.jpg,inaturalist,Chaetodon trichrous,Chaetodon trichrous,False,False
Chaetodon_nigropunctatus_iNaturalist_604772794.jpg,/Users/michaelalfaro/Dropbox/git/downloading-fish-images-2026/images_inaturalist/Chaetodon_nigropunctatus_iNaturalist_604772794.jpg,inaturalist,Chaetodon nigropunctatus,Chaetodon nigropunctatus,False,False
Chaetodon_guentheri_iNaturalist_260515911.jpg,/Users/michaelalfaro/Dropbox/git/downloading-fish-images-2026/images_inaturalist/Chaetodon_guentheri_iNaturalist_260515911.jpg,inaturalist,Chaetodon guentheri,Chaetodon guentheri,False,False
Chaetodon_argentatus_iNaturalist_83513716.jpg,/Users/michaelalfaro/Dropbox/git/downloading-fish-images-2026/images_inaturalist/Chaetodon_argentatus_iNaturalist_83513716.jpg,inaturalist,Chaetodon argentatus,Chaetodon argentatus,False,False
Chaetodon_plebeius_iNaturalist_607534637.jpg,/Users/michaelalfaro/Dropbox/git/downloading-fish-images-2026/images_inaturalist/Chaetodon_plebeius_iNaturalist_607534637.jpg,inaturalist,Chaetodon plebeius,Chaetodon plebeius,False,False
Prognathodes_falcifer_iNaturalist_60191150.jpg,/Users/michaelalfaro/Dropbox/git/downloading-fish-images-2026/images_inaturalist/Prognathodes_falcifer_iNaturalist_60191150.jpg,inaturalist,Prognathodes falcifer,Prognathodes falcifer,False,False
Chaetodon_reticulatus_iNaturalist_600115611.jpg,/Users/michaelalfaro/Dropbox/git/downloading-fish-images-2026/images_inaturalist/Chaetodon_reticulatus_iNaturalist_600115611.jpg,inaturalist,Chaetodon reticulatus,Chaetodon reticulatus,False,False
Parachaetodon_ocellatus_iNaturalist_10940397.jpg,/Users/michaelalfaro/Dropbox/git/downloading-fish-images-2026/images_inaturalist/Parachaetodon_ocellatus_iNaturalist_10940397.jpg,inaturalist,Parachaetodon ocellatus,Parachaetodon ocellatus,False,False
Chelmon_muelleri_iNaturalist_96908513.jpg,/Users/michaelalfaro/Dropbox/git/downloading-fish-images-2026/images_inaturalist/Chelmon_muelleri_iNaturalist_96908513.jpg,inaturalist,Chelmon muelleri,Chelmon muelleri,False,False
Heniochus_intermedius_iNaturalist_468855261.jpg,/Users/michaelalfaro/Dropbox/git/downloading-fish-images-2026/images_inaturalist/Heniochus_intermedius_iNaturalist_468855261.jpg,inaturalist,Heniochus intermedius,Heniochus intermedius,False,False
Chelmon_marginalis_iNaturalist_220605314.jpg,/Users/michaelalfaro/Dropbox/git/downloading-fish-images-2026/images_inaturalist/Chelmon_marginalis_iNaturalist_220605314.jpg,inaturalist,Chelmon marginalis,Chelmon marginalis,False,False
Chaetodon_paucifasciatus_iNaturalist_157577598.jpg,/Users/michaelalfaro/Dropbox/git/downloading-fish-images-2026/images_inaturalist/Chaetodon_paucifasciatus_iNaturalist_157577598.jpg,inaturalist,Chaetodon paucifasciatus,Chaetodon paucifasciatus,False,False
Chaetodon_quadrimaculatus_iNaturalist_178914726.jpg,/Users/michaelalfaro/Dropbox/git/downloading-fish-images-2026/images_inaturalist/Chaetodon_quadrimaculatus_iNaturalist_178914726.jpg,inaturalist,Chaetodon quadrimaculatus,Chaetodon quadrimaculatus,False,False
Chaetodon_guentheri_iNaturalist_18275791.jpg,/Users/michaelalfaro/Dropbox/git/downloading-fish-images-2026/images_inaturalist/Chaetodon_guentheri_iNaturalist_18275791.jpg,inaturalist,Chaetodon guentheri,Chaetodon guentheri,False,False
Chaetodon_argentatus_iNaturalist_576759039.jpg,/Users/michaelalfaro/Dropbox/git/downloading-fish-images-2026/images_inaturalist/Chaetodon_argentatus_iNaturalist_576759039.jpg,inaturalist,Chaetodon argentatus,Chaetodon argentatus,False,False
Chaetodon_dialeucos_iNaturalist_484816549.jpg,/Users/michaelalfaro/Dropbox/git/downloading-fish-images-2026/images_inaturalist/Chaetodon_dialeucos_iNaturalist_484816549.jpg,inaturalist,Chaetodon dialeucos,Chaetodon dialeucos,False,False
Chaetodon_lunulatus_iNaturalist_52082572.jpg,/Users/michaelalfaro/Dropbox/git/downloading-fish-images-2026/images_inaturalist/Chaetodon_lunulatus_iNaturalist_52082572.jpg,inaturalist,Chaetodon lunulatus,Chaetodon lunulatus,False,False
Chaetodon_tinkeri_iNaturalist_66870.jpg,/Users/michaelalfaro/Dropbox/git/downloading-fish-images-2026/images_inaturalist/Chaetodon_tinkeri_iNaturalist_66870.jpg,inaturalist,Chaetodon tinkeri,Chaetodon tinkeri,False,False
Chaetodon_collare_iNaturalist_249083568.jpg,/Users/michaelalfaro/Dropbox/git/downloading-fish-images-2026/images_inaturalist/Chaetodon_collare_iNaturalist_249083568.jpg,inaturalist,Chaetodon collare,Chaetodon collare,False,False
Chaetodon_litus_iNaturalist_12603647.jpg,/Users/michaelalfaro/Dropbox/git/downloading-fish-images-2026/images_inaturalist/Chaetodon_litus_iNaturalist_12603647.jpg,inaturalist,Chaetodon litus,Chaetodon litus,False,False
Chaetodon_wiebeli_iNaturalist_433350324.jpg,/Users/michaelalfaro/Dropbox/git/downloading-fish-images-2026/images_inaturalist/Chaetodon_wiebeli_iNaturalist_433350324.jpg,inaturalist,Chaetodon wiebeli,Chaetodon wiebeli,False,False
Chaetodon_ornatissimus_iNaturalist_248887270.jpg,/Users/michaelalfaro/Dropbox/git/downloading-fish-images-2026/images_inaturalist/Chaetodon_ornatissimus_iNaturalist_248887270.jpg,inaturalist,Chaetodon ornatissimus,Chaetodon ornatissimus,False,False
Coradion_melanopus_iNaturalist_461842709.jpg,/Users/michaelalfaro/Dropbox/git/downloading-fish-images-2026/images_inaturalist/Coradion_melanopus_iNaturalist_461842709.jpg,inaturalist,Coradion melanopus,Coradion melanopus,False,False
Chelmon_muelleri_iNaturalist_178180829.jpg,/Users/michaelalfaro/Dropbox/git/downloading-fish-images-2026/images_inaturalist/Chelmon_muelleri_iNaturalist_178180829.jpg,inaturalist,Chelmon muelleri,Chelmon muelleri,False,False
Chaetodon_semeion_iNaturalist_483843356.jpg,/Users/michaelalfaro/Dropbox/git/downloading-fish-images-2026/images_inaturalist/Chaetodon_semeion_iNaturalist_483843356.jpg,inaturalist,Chaetodon semeion,Chaetodon semeion,False,False
Chaetodon_humeralis_iNaturalist_456296117.jpg,/Users/michaelalfaro/Dropbox/git/downloading-fish-images-2026/images_inaturalist/Chaetodon_humeralis_iNaturalist_456296117.jpg,inaturalist,Chaetodon humeralis,Chaetodon humeralis,False,False
Chaetodon_bennetti_iNaturalist_214592077.jpg,/Users/michaelalfaro/Dropbox/git/downloading-fish-images-2026/images_inaturalist/Chaetodon_bennetti_iNaturalist_214592077.jpg,inaturalist,Chaetodon bennetti,Chaetodon bennetti,False,False
Coradion_melanopus_iNaturalist_38455831.jpg,/Users/michaelalfaro/Dropbox/git/downloading-fish-images-2026/images_inaturalist/Coradion_melanopus_iNaturalist_38455831.jpg,inaturalist,Coradion melanopus,Coradion melanopus,False,False
Johnrandallia_nigrirostris_iNaturalist_274774145.jpg,/Users/michaelalfaro/Dropbox/git/downloading-fish-images-2026/images_inaturalist/Johnrandallia_nigrirostris_iNaturalist_274774145.jpg,inaturalist,Johnrandallia nigrirostris,Johnrandallia nigrirostris,False,False
Forcipiger_wanai_iNaturalist_457030087.jpg,/Users/michaelalfaro/Dropbox/git/downloading-fish-images-2026/images_inaturalist/Forcipiger_wanai_iNaturalist_457030087.jpg,inaturalist,Forcipiger wanai,Forcipiger wanai,False,False
Chaetodon_triangulum_iNaturalist_280764242.jpg,/Users/michaelalfaro/Dropbox/git/downloading-fish-images-2026/images_inaturalist/Chaetodon_triangulum_iNaturalist_280764242.jpg,inaturalist,Chaetodon triangulum,Chaetodon triangulum,False,False
Chelmon_marginalis_iNaturalist_341730140.jpg,/Users/michaelalfaro/Dropbox/git/downloading-fish-images-2026/images_inaturalist/Chelmon_marginalis_iNaturalist_341730140.jpg,inaturalist,Chelmon marginalis,Chelmon marginalis,False,False
Chaetodon_litus_iNaturalist_13840264.jpg,/Users/michaelalfaro/Dropbox/git/downloading-fish-images-2026/images_inaturalist/Chaetodon_litus_iNaturalist_13840264.jpg,inaturalist,Chaetodon litus,Chaetodon litus,False,False
Chaetodon_vagabundus_iNaturalist_259101164.jpg,/Users/michaelalfaro/Dropbox/git/downloading-fish-images-2026/images_inaturalist/Chaetodon_vagabundus_iNaturalist_259101164.jpg,inaturalist,Chaetodon vagabundus,Chaetodon vagabundus,False,False
Coradion_chrysozonus_iNaturalist_428621525.jpg,/Users/michaelalfaro/Dropbox/git/downloading-fish-images-2026/images_inaturalist/Coradion_chrysozonus_iNaturalist_428621525.jpg,inaturalist,Coradion chrysozonus,Coradion chrysozonus,False,False
Hemitaurichthys_zoster_iNaturalist_602702894.jpg,/Users/michaelalfaro/Dropbox/git/downloading-fish-images-2026/images_inaturalist/Hemitaurichthys_zoster_iNaturalist_602702894.jpg,inaturalist,Hemitaurichthys zoster,Hemitaurichthys zoster,False,False
Chaetodon_punctatofasciatus_iNaturalist_612954622.jpg,/Users/michaelalfaro/Dropbox/git/downloading-fish-images-2026/images_inaturalist/Chaetodon_punctatofasciatus_iNaturalist_612954622.jpg,inaturalist,Chaetodon punctatofasciatus,Chaetodon punctatofasciatus,False,False
Chaetodon_nigropunctatus_iNaturalist_604765404.jpg,/Users/michaelalfaro/Dropbox/git/downloading-fish-images-2026/images_inaturalist/Chaetodon_nigropunctatus_iNaturalist_604765404.jpg,inaturalist,Chaetodon nigropunctatus,Chaetodon nigropunctatus,False,False
Chaetodon_litus_iNaturalist_534683960.jpg,/Users/michaelalfaro/Dropbox/git/downloading-fish-images-2026/images_inaturalist/Chaetodon_litus_iNaturalist_534683960.jpg,inaturalist,Chaetodon litus,Chaetodon litus,False,False
Chaetodon_xanthocephalus_iNaturalist_450960736.jpg,/Users/michaelalfaro/Dropbox/git/downloading-fish-images-2026/images_inaturalist/Chaetodon_xanthocephalus_iNaturalist_450960736.jpg,inaturalist,Chaetodon xanthocephalus,Chaetodon xanthocephalus,False,False
Chaetodon_lunula_iNaturalist_331.jpg,/Users/michaelalfaro/Dropbox/git/downloading-fish-images-2026/images_inaturalist/Chaetodon_lunula_iNaturalist_331.jpg,inaturalist,Chaetodon lunula,Chaetodon lunula,False,False
Coradion_altivelis_iNaturalist_43170142.jpg,/Users/michaelalfaro/Dropbox/git/downloading-fish-images-2026/images_inaturalist/Coradion_altivelis_iNaturalist_43170142.jpg,inaturalist,Coradion altivelis,Coradion altivelis,False,False
Chaetodon_tinkeri_iNaturalist_132972673.jpg,/Users/michaelalfaro/Dropbox/git/downloading-fish-images-2026/images_inaturalist/Chaetodon_tinkeri_iNaturalist_132972673.jpg,inaturalist,Chaetodon tinkeri,Chaetodon tinkeri,False,False
Parachaetodon_ocellatus_iNaturalist_10940553.jpg,/Users/michaelalfaro/Dropbox/git/downloading-fish-images-2026/images_inaturalist/Parachaetodon_ocellatus_iNaturalist_10940553.jpg,inaturalist,Parachaetodon ocellatus,Parachaetodon ocellatus,False,False
Chaetodon_trifasciatus_iNaturalist_434604443.jpg,/Users/michaelalfaro/Dropbox/git/downloading-fish-images-2026/images_inaturalist/Chaetodon_trifasciatus_iNaturalist_434604443.jpg,inaturalist,Chaetodon trifasciatus,Chaetodon trifasciatus,False,False
Chaetodon_pelewensis_iNaturalist_590667200.jpg,/Users/michaelalfaro/Dropbox/git/downloading-fish-images-2026/images_inaturalist/Chaetodon_pelewensis_iNaturalist_590667200.jpg,inaturalist,Chaetodon pelewensis,Chaetodon pelewensis,False,False
Chaetodon_miliaris_iNaturalist_596812440.jpg,/Users/michaelalfaro/Dropbox/git/downloading-fish-images-2026/images_inaturalist/Chaetodon_miliaris_iNaturalist_596812440.jpg,inaturalist,Chaetodon miliaris,Chaetodon miliaris,False,False
Chaetodon_zanzibarensis_iNaturalist_459833013.jpg,/Users/michaelalfaro/Dropbox/git/downloading-fish-images-2026/images_inaturalist/Chaetodon_zanzibarensis_iNaturalist_459833013.jpg,inaturalist,Chaetodon zanzibarensis,Chaetodon zanzibarensis,False,False
Chaetodon_rainfordi_iNaturalist_592118460.jpg,/Users/michaelalfaro/Dropbox/git/downloading-fish-images-2026/images_inaturalist/Chaetodon_rainfordi_iNaturalist_592118460.jpg,inaturalist,Chaetodon rainfordi,Chaetodon rainfordi,False,False
Chaetodon_collare_iNaturalist_249083569.jpg,/Users/michaelalfaro/Dropbox/git/downloading-fish-images-2026/images_inaturalist/Chaetodon_collare_iNaturalist_249083569.jpg,inaturalist,Chaetodon collare,Chaetodon collare,False,False
Chaetodon_triangulum_iNaturalist_592518850.jpg,/Users/michaelalfaro/Dropbox/git/downloading-fish-images-2026/images_inaturalist/Chaetodon_triangulum_iNaturalist_592518850.jpg,inaturalist,Chaetodon triangulum,Chaetodon triangulum,False,False
Chaetodon_ornatissimus_iNaturalist_355757662.jpg,/Users/michaelalfaro/Dropbox/git/downloading-fish-images-2026/images_inaturalist/Chaetodon_ornatissimus_iNaturalist_355757662.jpg,inaturalist,Chaetodon ornatissimus,Chaetodon ornatissimus,False,False
Chaetodon_assarius_iNaturalist_484163082.jpg,/Users/michaelalfaro/Dropbox/git/downloading-fish-images-2026/images_inaturalist/Chaetodon_assarius_iNaturalist_484163082.jpg,inaturalist,Chaetodon assarius,Chaetodon assarius,False,False
Amphichaetodon_howensis_iNaturalist_33719286.jpg,/Users/michaelalfaro/Dropbox/git/downloading-fish-images-2026/images_inaturalist/Amphichaetodon_howensis_iNaturalist_33719286.jpg,inaturalist,Amphichaetodon howensis,Amphichaetodon howensis,False,False
Chaetodon_guttatissimus_iNaturalist_380299825.jpg,/Users/michaelalfaro/Dropbox/git/downloading-fish-images-2026/images_inaturalist/Chaetodon_guttatissimus_iNaturalist_380299825.jpg,inaturalist,Chaetodon guttatissimus,Chaetodon guttatissimus,False,False
Heniochus_intermedius_iNaturalist_582191458.jpg,/Users/michaelalfaro/Dropbox/git/downloading-fish-images-2026/images_inaturalist/Heniochus_intermedius_iNaturalist_582191458.jpg,inaturalist,Heniochus intermedius,Heniochus intermedius,False,False
Chaetodon_falcula_iNaturalist_602174061.jpg,/Users/michaelalfaro/Dropbox/git/downloading-fish-images-2026/images_inaturalist/Chaetodon_falcula_iNaturalist_602174061.jpg,inaturalist,Chaetodon falcula,Chaetodon falcula,False,False
Heniochus_pleurotaenia_iNaturalist_593339892.jpg,/Users/michaelalfaro/Dropbox/git/downloading-fish-images-2026/images_inaturalist/Heniochus_pleurotaenia_iNaturalist_593339892.jpg,inaturalist,Heniochus pleurotaenia,Heniochus pleurotaenia,False,False
Heniochus_varius_iNaturalist_406913809.jpg,/Users/michaelalfaro/Dropbox/git/downloading-fish-images-2026/images_inaturalist/Heniochus_varius_iNaturalist_406913809.jpg,inaturalist,Heniochus varius,Heniochus varius,False,False
Johnrandallia_nigrirostris_iNaturalist_2848140.jpg,/Users/michaelalfaro/Dropbox/git/downloading-fish-images-2026/images_inaturalist/Johnrandallia_nigrirostris_iNaturalist_2848140.jpg,inaturalist,Johnrandallia nigrirostris,Johnrandallia nigrirostris,False,False
Chaetodon_humeralis_iNaturalist_298048415.jpg,/Users/michaelalfaro/Dropbox/git/downloading-fish-images-2026/images_inaturalist/Chaetodon_humeralis_iNaturalist_298048415.jpg,inaturalist,Chaetodon humeralis,Chaetodon humeralis,False,False
Heniochus_singularius_iNaturalist_483418197.jpg,/Users/michaelalfaro/Dropbox/git/downloading-fish-images-2026/images_inaturalist/Heniochus_singularius_iNaturalist_483418197.jpg,inaturalist,Heniochus singularius,Heniochus singularius,False,False
Chaetodon_semeion_iNaturalist_592159909.jpg,/Users/michaelalfaro/Dropbox/git/downloading-fish-images-2026/images_inaturalist/Chaetodon_semeion_iNaturalist_592159909.jpg,inaturalist,Chaetodon semeion,Chaetodon semeion,False,False
Chaetodon_xanthocephalus_iNaturalist_328453538.jpg,/Users/michaelalfaro/Dropbox/git/downloading-fish-images-2026/images_inaturalist/Chaetodon_xanthocephalus_iNaturalist_328453538.jpg,inaturalist,Chaetodon xanthocephalus,Chaetodon xanthocephalus,False,False
Chaetodon_punctatofasciatus_iNaturalist_477584508.jpg,/Users/michaelalfaro/Dropbox/git/downloading-fish-images-2026/images_inaturalist/Chaetodon_punctatofasciatus_iNaturalist_477584508.jpg,inaturalist,Chaetodon punctatofasciatus,Chaetodon punctatofasciatus,False,False
Chaetodon_striatus_iNaturalist_177316261.jpg,/Users/michaelalfaro/Dropbox/git/downloading-fish-images-2026/images_inaturalist/Chaetodon_striatus_iNaturalist_177316261.jpg,inaturalist,Chaetodon striatus,Chaetodon striatus,False,False
Chaetodon_aureofasciatus_iNaturalist_598689315.jpg,/Users/michaelalfaro/Dropbox/git/downloading-fish-images-2026/images_inaturalist/Chaetodon_aureofasciatus_iNaturalist_598689315.jpg,inaturalist,Chaetodon aureofasciatus,Chaetodon aureofasciatus,False,False
Chaetodon_punctatofasciatus_iNaturalist_319541274.jpg,/Users/michaelalfaro/Dropbox/git/downloading-fish-images-2026/images_inaturalist/Chaetodon_punctatofasciatus_iNaturalist_319541274.jpg,inaturalist,Chaetodon punctatofasciatus,Chaetodon punctatofasciatus,False,False
Prognathodes_aya_iNaturalist_414251812.jpg,/Users/michaelalfaro/Dropbox/git/downloading-fish-images-2026/images_inaturalist/Prognathodes_aya_iNaturalist_414251812.jpg,inaturalist,Prognathodes aya,Prognathodes aya,False,False
Chaetodon_melapterus_iNaturalist_612761090.jpg,/Users/michaelalfaro/Dropbox/git/downloading-fish-images-2026/images_inaturalist/Chaetodon_melapterus_iNaturalist_612761090.jpg,inaturalist,Chaetodon melapterus,Chaetodon melapterus,False,False
Chaetodon_falcula_iNaturalist_419993422.jpg,/Users/michaelalfaro/Dropbox/git/downloading-fish-images-2026/images_inaturalist/Chaetodon_falcula_iNaturalist_419993422.jpg,inaturalist,Chaetodon falcula,Chaetodon falcula,False,False
Chaetodon_fremblii_iNaturalist_341654889.jpg,/Users/michaelalfaro/Dropbox/git/downloading-fish-images-2026/images_inaturalist/Chaetodon_fremblii_iNaturalist_341654889.jpg,inaturalist,Chaetodon fremblii,Chaetodon fremblii,False,False
Prognathodes_carlhubbsi_iNaturalist_296851093.jpg,/Users/michaelalfaro/Dropbox/git/downloading-fish-images-2026/images_inaturalist/Prognathodes_carlhubbsi_iNaturalist_296851093.jpg,inaturalist,Prognathodes carlhubbsi,Prognathodes carlhubbsi,False,False
Chaetodon_dialeucos_iNaturalist_33142997.jpg,/Users/michaelalfaro/Dropbox/git/downloading-fish-images-2026/images_inaturalist/Chaetodon_dialeucos_iNaturalist_33142997.jpg,inaturalist,Chaetodon dialeucos,Chaetodon dialeucos,False,False
Chaetodon_melapterus_iNaturalist_33143451.jpg,/Users/michaelalfaro/Dropbox/git/downloading-fish-images-2026/images_inaturalist/Chaetodon_melapterus_iNaturalist_33143451.jpg,inaturalist,Chaetodon melapterus,Chaetodon melapterus,False,False
Chaetodon_lunulatus_iNaturalist_179510692.jpg,/Users/michaelalfaro/Dropbox/git/downloading-fish-images-2026/images_inaturalist/Chaetodon_lunulatus_iNaturalist_179510692.jpg,inaturalist,Chaetodon lunulatus,Chaetodon lunulatus,False,False
Chaetodon_unimaculatus_iNaturalist_66774276.jpg,/Users/michaelalfaro/Dropbox/git/downloading-fish-images-2026/images_inaturalist/Chaetodon_unimaculatus_iNaturalist_66774276.jpg,inaturalist,Chaetodon unimaculatus,Chaetodon unimaculatus,False,False
Prognathodes_aya_iNaturalist_414251810.jpg,/Users/michaelalfaro/Dropbox/git/downloading-fish-images-2026/images_inaturalist/Prognathodes_aya_iNaturalist_414251810.jpg,inaturalist,Prognathodes aya,Prognathodes aya,False,False
Chaetodon_meyeri_iNaturalist_485931655.jpg,/Users/michaelalfaro/Dropbox/git/downloading-fish-images-2026/images_inaturalist/Chaetodon_meyeri_iNaturalist_485931655.jpg,inaturalist,Chaetodon meyeri,Chaetodon meyeri,False,False
Chaetodon_daedalma_iNaturalist_560372799.jpg,/Users/michaelalfaro/Dropbox/git/downloading-fish-images-2026/images_inaturalist/Chaetodon_daedalma_iNaturalist_560372799.jpg,inaturalist,Chaetodon daedalma,Chaetodon daedalma,False,False
Chaetodon_xanthocephalus_iNaturalist_485213070.jpg,/Users/michaelalfaro/Dropbox/git/downloading-fish-images-2026/images_inaturalist/Chaetodon_xanthocephalus_iNaturalist_485213070.jpg,inaturalist,Chaetodon xanthocephalus,Chaetodon xanthocephalus,False,False
Chaetodon_gardineri_iNaturalist_174082664.jpg,/Users/michaelalfaro/Dropbox/git/downloading-fish-images-2026/images_inaturalist/Chaetodon_gardineri_iNaturalist_174082664.jpg,inaturalist,Chaetodon gardineri,Chaetodon gardineri,False,False
Chaetodon_multicinctus_iNaturalist_456392856.jpg,/Users/michaelalfaro/Dropbox/git/downloading-fish-images-2026/images_inaturalist/Chaetodon_multicinctus_iNaturalist_456392856.jpg,inaturalist,Chaetodon multicinctus,Chaetodon multicinctus,False,False
Chaetodon_aureofasciatus_iNaturalist_592190693.jpg,/Users/michaelalfaro/Dropbox/git/downloading-fish-images-2026/images_inaturalist/Chaetodon_aureofasciatus_iNaturalist_592190693.jpg,inaturalist,Chaetodon aureofasciatus,Chaetodon aureofasciatus,False,False
Chaetodon_flavirostris_iNaturalist_177651824.jpg,/Users/michaelalfaro/Dropbox/git/downloading-fish-images-2026/images_inaturalist/Chaetodon_flavirostris_iNaturalist_177651824.jpg,inaturalist,Chaetodon flavirostris,Chaetodon flavirostris,False,False
Chelmon_muelleri_iNaturalist_96908510.jpg,/Users/michaelalfaro/Dropbox/git/downloading-fish-images-2026/images_inaturalist/Chelmon_muelleri_iNaturalist_96908510.jpg,inaturalist,Chelmon muelleri,Chelmon muelleri,False,False
Hemitaurichthys_zoster_iNaturalist_567879903.jpg,/Users/michaelalfaro/Dropbox/git/downloading-fish-images-2026/images_inaturalist/Hemitaurichthys_zoster_iNaturalist_567879903.jpg,inaturalist,Hemitaurichthys zoster,Hemitaurichthys zoster,False,False
Chaetodon_speculum_iNaturalist_175106878.jpg,/Users/michaelalfaro/Dropbox/git/downloading-fish-images-2026/images_inaturalist/Chaetodon_speculum_iNaturalist_175106878.jpg,inaturalist,Chaetodon speculum,Chaetodon speculum,False,False
Chaetodon_sedentarius_iNaturalist_32020388.jpg,/Users/michaelalfaro/Dropbox/git/downloading-fish-images-2026/images_inaturalist/Chaetodon_sedentarius_iNaturalist_32020388.jpg,inaturalist,Chaetodon sedentarius,Chaetodon sedentarius,False,False
Chaetodon_nigropunctatus_iNaturalist_9173198.jpg,/Users/michaelalfaro/Dropbox/git/downloading-fish-images-2026/images_inaturalist/Chaetodon_nigropunctatus_iNaturalist_9173198.jpg,inaturalist,Chaetodon nigropunctatus,Chaetodon nigropunctatus,False,False
Chaetodon_sedentarius_iNaturalist_32020377.jpg,/Users/michaelalfaro/Dropbox/git/downloading-fish-images-2026/images_inaturalist/Chaetodon_sedentarius_iNaturalist_32020377.jpg,inaturalist,Chaetodon sedentarius,Chaetodon sedentarius,False,False
Chaetodon_lineolatus_iNaturalist_9952627.jpg,/Users/michaelalfaro/Dropbox/git/downloading-fish-images-2026/images_inaturalist/Chaetodon_lineolatus_iNaturalist_9952627.jpg,inaturalist,Chaetodon lineolatus,Chaetodon lineolatus,False,False
Chaetodon_ocellatus_iNaturalist_569216342.jpg,/Users/michaelalfaro/Dropbox/git/downloading-fish-images-2026/images_inaturalist/Chaetodon_ocellatus_iNaturalist_569216342.jpg,inaturalist,Chaetodon ocellatus,Chaetodon ocellatus,False,False
Heniochus_varius_iNaturalist_401424294.jpg,/Users/michaelalfaro/Dropbox/git/downloading-fish-images-2026/images_inaturalist/Heniochus_varius_iNaturalist_401424294.jpg,inaturalist,Heniochus varius,Heniochus varius,False,False
Prognathodes_aculeatus_iNaturalist_465334435.jpg,/Users/michaelalfaro/Dropbox/git/downloading-fish-images-2026/images_inaturalist/Prognathodes_aculeatus_iNaturalist_465334435.jpg,inaturalist,Prognathodes aculeatus,Prognathodes aculeatus,False,False
Chaetodon_leucopleura_iNaturalist_75611947.jpg,/Users/michaelalfaro/Dropbox/git/downloading-fish-images-2026/images_inaturalist/Chaetodon_leucopleura_iNaturalist_75611947.jpg,inaturalist,Chaetodon leucopleura,Chaetodon leucopleura,False,False
Chaetodon_dolosus_iNaturalist_56573333.jpg,/Users/michaelalfaro/Dropbox/git/downloading-fish-images-2026/images_inaturalist/Chaetodon_dolosus_iNaturalist_56573333.jpg,inaturalist,Chaetodon dolosus,Chaetodon dolosus,False,False
Chaetodon_robustus_iNaturalist_61768284.jpg,/Users/michaelalfaro/Dropbox/git/downloading-fish-images-2026/images_inaturalist/Chaetodon_robustus_iNaturalist_61768284.jpg,inaturalist,Chaetodon robustus,Chaetodon robustus,False,False
Chaetodon_lunula_iNaturalist_3844633.jpg,/Users/michaelalfaro/Dropbox/git/downloading-fish-images-2026/images_inaturalist/Chaetodon_lunula_iNaturalist_3844633.jpg,inaturalist,Chaetodon lunula,Chaetodon lunula,False,False
Hemitaurichthys_thompsoni_iNaturalist_596365479.jpg,/Users/michaelalfaro/Dropbox/git/downloading-fish-images-2026/images_inaturalist/Hemitaurichthys_thompsoni_iNaturalist_596365479.jpg,inaturalist,Hemitaurichthys thompsoni,Hemitaurichthys thompsoni,False,False
Chaetodon_selene_iNaturalist_517036584.jpg,/Users/michaelalfaro/Dropbox/git/downloading-fish-images-2026/images_inaturalist/Chaetodon_selene_iNaturalist_517036584.jpg,inaturalist,Chaetodon selene,Chaetodon selene,False,False
Chaetodon_capistratus_iNaturalist_449536831.jpg,/Users/michaelalfaro/Dropbox/git/downloading-fish-images-2026/images_inaturalist/Chaetodon_capistratus_iNaturalist_449536831.jpg,inaturalist,Chaetodon capistratus,Chaetodon capistratus,False,False
Coradion_altivelis_iNaturalist_273099920.jpg,/Users/michaelalfaro/Dropbox/git/downloading-fish-images-2026/images_inaturalist/Coradion_altivelis_iNaturalist_273099920.jpg,inaturalist,Coradion altivelis,Coradion altivelis,False,False
Chaetodon_pictus_iNaturalist_184329489.jpg,/Users/michaelalfaro/Dropbox/git/downloading-fish-images-2026/images_inaturalist/Chaetodon_pictus_iNaturalist_184329489.jpg,inaturalist,Chaetodon pictus,Chaetodon pictus,False,False
Chaetodon_miliaris_iNaturalist_596812456.jpg,/Users/michaelalfaro/Dropbox/git/downloading-fish-images-2026/images_inaturalist/Chaetodon_miliaris_iNaturalist_596812456.jpg,inaturalist,Chaetodon miliaris,Chaetodon miliaris,False,False
Heniochus_diphreutes_iNaturalist_178101152.jpg,/Users/michaelalfaro/Dropbox/git/downloading-fish-images-2026/images_inaturalist/Heniochus_diphreutes_iNaturalist_178101152.jpg,inaturalist,Heniochus diphreutes,Heniochus diphreutes,False,False
Chaetodon_xanthurus_iNaturalist_440574125.jpg,/Users/michaelalfaro/Dropbox/git/downloading-fish-images-2026/images_inaturalist/Chaetodon_xanthurus_iNaturalist_440574125.jpg,inaturalist,Chaetodon xanthurus,Chaetodon xanthurus,False,False
Chelmonops_truncatus_iNaturalist_21652115.jpg,/Users/michaelalfaro/Dropbox/git/downloading-fish-images-2026/images_inaturalist/Chelmonops_truncatus_iNaturalist_21652115.jpg,inaturalist,Chelmonops truncatus,Chelmonops truncatus,False,False
Chaetodon_austriacus_iNaturalist_2282534.jpg,/Users/michaelalfaro/Dropbox/git/downloading-fish-images-2026/images_inaturalist/Chaetodon_austriacus_iNaturalist_2282534.jpg,inaturalist,Chaetodon austriacus,Chaetodon austriacus,False,False
Chaetodon_auripes_iNaturalist_176256724.jpg,/Users/michaelalfaro/Dropbox/git/downloading-fish-images-2026/images_inaturalist/Chaetodon_auripes_iNaturalist_176256724.jpg,inaturalist,Chaetodon auripes,Chaetodon auripes,False,False
Chaetodon_assarius_iNaturalist_258921023.jpg,/Users/michaelalfaro/Dropbox/git/downloading-fish-images-2026/images_inaturalist/Chaetodon_assarius_iNaturalist_258921023.jpg,inaturalist,Chaetodon assarius,Chaetodon assarius,False,False
Chaetodon_trifascialis_iNaturalist_424671703.jpg,/Users/michaelalfaro/Dropbox/git/downloading-fish-images-2026/images_inaturalist/Chaetodon_trifascialis_iNaturalist_424671703.jpg,inaturalist,Chaetodon trifascialis,Chaetodon trifascialis,False,False
Hemitaurichthys_thompsoni_iNaturalist_601149963.jpg,/Users/michaelalfaro/Dropbox/git/downloading-fish-images-2026/images_inaturalist/Hemitaurichthys_thompsoni_iNaturalist_601149963.jpg,inaturalist,Hemitaurichthys thompsoni,Hemitaurichthys thompsoni,False,False
Heniochus_monoceros_iNaturalist_580445490.jpg,/Users/michaelalfaro/Dropbox/git/downloading-fish-images-2026/images_inaturalist/Heniochus_monoceros_iNaturalist_580445490.jpg,inaturalist,Heniochus monoceros,Heniochus monoceros,False,False
Chaetodon_lunula_iNaturalist_545359972.jpg,/Users/michaelalfaro/Dropbox/git/downloading-fish-images-2026/images_inaturalist/Chaetodon_lunula_iNaturalist_545359972.jpg,inaturalist,Chaetodon lunula,Chaetodon lunula,False,False
Chaetodon_paucifasciatus_iNaturalist_157581191.jpg,/Users/michaelalfaro/Dropbox/git/downloading-fish-images-2026/images_inaturalist/Chaetodon_paucifasciatus_iNaturalist_157581191.jpg,inaturalist,Chaetodon paucifasciatus,Chaetodon paucifasciatus,False,False
Chelmon_rostratus_iNaturalist_605809779.jpg,/Users/michaelalfaro/Dropbox/git/downloading-fish-images-2026/images_inaturalist/Chelmon_rostratus_iNaturalist_605809779.jpg,inaturalist,Chelmon rostratus,Chelmon rostratus,False,False
Prognathodes_guyanensis_iNaturalist_456412996.jpg,/Users/michaelalfaro/Dropbox/git/downloading-fish-images-2026/images_inaturalist/Prognathodes_guyanensis_iNaturalist_456412996.jpg,inaturalist,Prognathodes guyanensis,Prognathodes guyanensis,False,False
Chaetodon_daedalma_iNaturalist_566708005.jpg,/Users/michaelalfaro/Dropbox/git/downloading-fish-images-2026/images_inaturalist/Chaetodon_daedalma_iNaturalist_566708005.jpg,inaturalist,Chaetodon daedalma,Chaetodon daedalma,False,False
Chaetodon_ornatissimus_iNaturalist_4956860.jpg,/Users/michaelalfaro/Dropbox/git/downloading-fish-images-2026/images_inaturalist/Chaetodon_ornatissimus_iNaturalist_4956860.jpg,inaturalist,Chaetodon ornatissimus,Chaetodon ornatissimus,False,False
Chaetodon_meyeri_iNaturalist_233496806.jpg,/Users/michaelalfaro/Dropbox/git/downloading-fish-images-2026/images_inaturalist/Chaetodon_meyeri_iNaturalist_233496806.jpg,inaturalist,Chaetodon meyeri,Chaetodon meyeri,False,False
Chaetodon_mertensii_iNaturalist_359657684.jpg,/Users/michaelalfaro/Dropbox/git/downloading-fish-images-2026/images_inaturalist/Chaetodon_mertensii_iNaturalist_359657684.jpg,inaturalist,Chaetodon mertensii,Chaetodon mertensii,False,False
Chaetodon_ephippium_iNaturalist_363907459.jpg,/Users/michaelalfaro/Dropbox/git/downloading-fish-images-2026/images_inaturalist/Chaetodon_ephippium_iNaturalist_363907459.jpg,inaturalist,Chaetodon ephippium,Chaetodon ephippium,False,False
Chelmon_marginalis_iNaturalist_99323687.jpg,/Users/michaelalfaro/Dropbox/git/downloading-fish-images-2026/images_inaturalist/Chelmon_marginalis_iNaturalist_99323687.jpg,inaturalist,Chelmon marginalis,Chelmon marginalis,False,False
Chaetodon_andamanensis_iNaturalist_173829490.jpg,/Users/michaelalfaro/Dropbox/git/downloading-fish-images-2026/images_inaturalist/Chaetodon_andamanensis_iNaturalist_173829490.jpg,inaturalist,Chaetodon andamanensis,Chaetodon andamanensis,False,False
Chaetodon_semeion_iNaturalist_483843340.jpg,/Users/michaelalfaro/Dropbox/git/downloading-fish-images-2026/images_inaturalist/Chaetodon_semeion_iNaturalist_483843340.jpg,inaturalist,Chaetodon semeion,Chaetodon semeion,False,False
Chaetodon_falcula_iNaturalist_11763158.jpg,/Users/michaelalfaro/Dropbox/git/downloading-fish-images-2026/images_inaturalist/Chaetodon_falcula_iNaturalist_11763158.jpg,inaturalist,Chaetodon falcula,Chaetodon falcula,False,False
Hemitaurichthys_thompsoni_iNaturalist_596365493.jpg,/Users/michaelalfaro/Dropbox/git/downloading-fish-images-2026/images_inaturalist/Hemitaurichthys_thompsoni_iNaturalist_596365493.jpg,inaturalist,Hemitaurichthys thompsoni,Hemitaurichthys thompsoni,False,False
Chaetodon_humeralis_iNaturalist_607033378.jpg,/Users/michaelalfaro/Dropbox/git/downloading-fish-images-2026/images_inaturalist/Chaetodon_humeralis_iNaturalist_607033378.jpg,inaturalist,Chaetodon humeralis,Chaetodon humeralis,False,False
Chaetodon_flavirostris_iNaturalist_20063822.jpg,/Users/michaelalfaro/Dropbox/git/downloading-fish-images-2026/images_inaturalist/Chaetodon_flavirostris_iNaturalist_20063822.jpg,inaturalist,Chaetodon flavirostris,Chaetodon flavirostris,False,False
Chaetodon_bennetti_iNaturalist_450199763.jpg,/Users/michaelalfaro/Dropbox/git/downloading-fish-images-2026/images_inaturalist/Chaetodon_bennetti_iNaturalist_450199763.jpg,inaturalist,Chaetodon bennetti,Chaetodon bennetti,False,False
Heniochus_varius_iNaturalist_401424295.jpg,/Users/michaelalfaro/Dropbox/git/downloading-fish-images-2026/images_inaturalist/Heniochus_varius_iNaturalist_401424295.jpg,inaturalist,Heniochus varius,Heniochus varius,False,False
Chaetodon_sedentarius_iNaturalist_261909821.jpg,/Users/michaelalfaro/Dropbox/git/downloading-fish-images-2026/images_inaturalist/Chaetodon_sedentarius_iNaturalist_261909821.jpg,inaturalist,Chaetodon sedentarius,Chaetodon sedentarius,False,False
Chaetodon_blackburnii_iNaturalist_15662749.jpg,/Users/michaelalfaro/Dropbox/git/downloading-fish-images-2026/images_inaturalist/Chaetodon_blackburnii_iNaturalist_15662749.jpg,inaturalist,Chaetodon blackburnii,Chaetodon blackburnii,False,False
Chaetodon_andamanensis_iNaturalist_486380130.jpg,/Users/michaelalfaro/Dropbox/git/downloading-fish-images-2026/images_inaturalist/Chaetodon_andamanensis_iNaturalist_486380130.jpg,inaturalist,Chaetodon andamanensis,Chaetodon andamanensis,False,False
Chaetodon_miliaris_iNaturalist_432546006.jpg,/Users/michaelalfaro/Dropbox/git/downloading-fish-images-2026/images_inaturalist/Chaetodon_miliaris_iNaturalist_432546006.jpg,inaturalist,Chaetodon miliaris,Chaetodon miliaris,False,False
Heniochus_singularius_iNaturalist_340601370.jpg,/Users/michaelalfaro/Dropbox/git/downloading-fish-images-2026/images_inaturalist/Heniochus_singularius_iNaturalist_340601370.jpg,inaturalist,Heniochus singularius,Heniochus singularius,False,False
Chaetodon_speculum_iNaturalist_468432570.jpg,/Users/michaelalfaro/Dropbox/git/downloading-fish-images-2026/images_inaturalist/Chaetodon_speculum_iNaturalist_468432570.jpg,inaturalist,Chaetodon speculum,Chaetodon speculum,False,False
Chaetodon_multicinctus_iNaturalist_169957174.jpg,/Users/michaelalfaro/Dropbox/git/downloading-fish-images-2026/images_inaturalist/Chaetodon_multicinctus_iNaturalist_169957174.jpg,inaturalist,Chaetodon multicinctus,Chaetodon multicinctus,False,False
Chaetodon_trifascialis_iNaturalist_234150638.jpg,/Users/michaelalfaro/Dropbox/git/downloading-fish-images-2026/images_inaturalist/Chaetodon_trifascialis_iNaturalist_234150638.jpg,inaturalist,Chaetodon trifascialis,Chaetodon trifascialis,False,False
Chaetodon_meyeri_iNaturalist_351639706.jpg,/Users/michaelalfaro/Dropbox/git/downloading-fish-images-2026/images_inaturalist/Chaetodon_meyeri_iNaturalist_351639706.jpg,inaturalist,Chaetodon meyeri,Chaetodon meyeri,False,False
Chaetodon_ocellatus_iNaturalist_241430977.jpg,/Users/michaelalfaro/Dropbox/git/downloading-fish-images-2026/images_inaturalist/Chaetodon_ocellatus_iNaturalist_241430977.jpg,inaturalist,Chaetodon ocellatus,Chaetodon ocellatus,False,False
Chaetodon_speculum_iNaturalist_33179568.jpg,/Users/michaelalfaro/Dropbox/git/downloading-fish-images-2026/images_inaturalist/Chaetodon_speculum_iNaturalist_33179568.jpg,inaturalist,Chaetodon speculum,Chaetodon speculum,False,False
Chaetodon_striatus_iNaturalist_378227586.jpg,/Users/michaelalfaro/Dropbox/git/downloading-fish-images-2026/images_inaturalist/Chaetodon_striatus_iNaturalist_378227586.jpg,inaturalist,Chaetodon striatus,Chaetodon striatus,False,False
Chaetodon_ocellicaudus_iNaturalist_48536597.jpg,/Users/michaelalfaro/Dropbox/git/downloading-fish-images-2026/images_inaturalist/Chaetodon_ocellicaudus_iNaturalist_48536597.jpg,inaturalist,Chaetodon ocellicaudus,Chaetodon ocellicaudus,False,False
Chaetodon_dialeucos_iNaturalist_33142941.jpg,/Users/michaelalfaro/Dropbox/git/downloading-fish-images-2026/images_inaturalist/Chaetodon_dialeucos_iNaturalist_33142941.jpg,inaturalist,Chaetodon dialeucos,Chaetodon dialeucos,False,False
Chaetodon_trifascialis_iNaturalist_424671676.jpg,/Users/michaelalfaro/Dropbox/git/downloading-fish-images-2026/images_inaturalist/Chaetodon_trifascialis_iNaturalist_424671676.jpg,inaturalist,Chaetodon trifascialis,Chaetodon trifascialis,False,False
Chaetodon_lunula_iNaturalist_430979456.jpg,/Users/michaelalfaro/Dropbox/git/downloading-fish-images-2026/images_inaturalist/Chaetodon_lunula_iNaturalist_430979456.jpg,inaturalist,Chaetodon lunula,Chaetodon lunula,False,False
Hemitaurichthys_thompsoni_iNaturalist_122841071.jpg,/Users/michaelalfaro/Dropbox/git/downloading-fish-images-2026/images_inaturalist/Hemitaurichthys_thompsoni_iNaturalist_122841071.jpg,inaturalist,Hemitaurichthys thompsoni,Hemitaurichthys thompsoni,False,False
Chaetodon_trifascialis_iNaturalist_424671689.jpg,/Users/michaelalfaro/Dropbox/git/downloading-fish-images-2026/images_inaturalist/Chaetodon_trifascialis_iNaturalist_424671689.jpg,inaturalist,Chaetodon trifascialis,Chaetodon trifascialis,False,False
Chaetodon_oxycephalus_iNaturalist_19630338.jpg,/Users/michaelalfaro/Dropbox/git/downloading-fish-images-2026/images_inaturalist/Chaetodon_oxycephalus_iNaturalist_19630338.jpg,inaturalist,Chaetodon oxycephalus,Chaetodon oxycephalus,False,False
Coradion_altivelis_iNaturalist_154303839.jpg,/Users/michaelalfaro/Dropbox/git/downloading-fish-images-2026/images_inaturalist/Coradion_altivelis_iNaturalist_154303839.jpg,inaturalist,Coradion altivelis,Coradion altivelis,False,False
Chaetodon_baronessa_iNaturalist_290835408.jpg,/Users/michaelalfaro/Dropbox/git/downloading-fish-images-2026/images_inaturalist/Chaetodon_baronessa_iNaturalist_290835408.jpg,inaturalist,Chaetodon baronessa,Chaetodon baronessa,False,False
Hemitaurichthys_polylepis_iNaturalist_409603684.jpg,/Users/michaelalfaro/Dropbox/git/downloading-fish-images-2026/images_inaturalist/Hemitaurichthys_polylepis_iNaturalist_409603684.jpg,inaturalist,Hemitaurichthys polylepis,Hemitaurichthys polylepis,False,False
Chaetodon_baronessa_iNaturalist_390635319.jpg,/Users/michaelalfaro/Dropbox/git/downloading-fish-images-2026/images_inaturalist/Chaetodon_baronessa_iNaturalist_390635319.jpg,inaturalist,Chaetodon baronessa,Chaetodon baronessa,False,False
Chaetodon_semeion_iNaturalist_599835880.jpg,/Users/michaelalfaro/Dropbox/git/downloading-fish-images-2026/images_inaturalist/Chaetodon_semeion_iNaturalist_599835880.jpg,inaturalist,Chaetodon semeion,Chaetodon semeion,False,False
Chaetodon_oxycephalus_iNaturalist_474167629.jpg,/Users/michaelalfaro/Dropbox/git/downloading-fish-images-2026/images_inaturalist/Chaetodon_oxycephalus_iNaturalist_474167629.jpg,inaturalist,Chaetodon oxycephalus,Chaetodon oxycephalus,False,False
Chaetodon_andamanensis_iNaturalist_436938868.jpg,/Users/michaelalfaro/Dropbox/git/downloading-fish-images-2026/images_inaturalist/Chaetodon_andamanensis_iNaturalist_436938868.jpg,inaturalist,Chaetodon andamanensis,Chaetodon andamanensis,False,False
Chaetodon_austriacus_iNaturalist_190613965.jpg,/Users/michaelalfaro/Dropbox/git/downloading-fish-images-2026/images_inaturalist/Chaetodon_austriacus_iNaturalist_190613965.jpg,inaturalist,Chaetodon austriacus,Chaetodon austriacus,False,False
Chaetodon_selene_iNaturalist_600955409.jpg,/Users/michaelalfaro/Dropbox/git/downloading-fish-images-2026/images_inaturalist/Chaetodon_selene_iNaturalist_600955409.jpg,inaturalist,Chaetodon selene,Chaetodon selene,False,False
Chaetodon_mitratus_iNaturalist_2691139.jpg,/Users/michaelalfaro/Dropbox/git/downloading-fish-images-2026/images_inaturalist/Chaetodon_mitratus_iNaturalist_2691139.jpg,inaturalist,Chaetodon mitratus,Chaetodon mitratus,False,False
Chelmonops_truncatus_iNaturalist_76040538.jpg,/Users/michaelalfaro/Dropbox/git/downloading-fish-images-2026/images_inaturalist/Chelmonops_truncatus_iNaturalist_76040538.jpg,inaturalist,Chelmonops truncatus,Chelmonops truncatus,False,False
Chaetodon_nippon_iNaturalist_517620398.jpg,/Users/michaelalfaro/Dropbox/git/downloading-fish-images-2026/images_inaturalist/Chaetodon_nippon_iNaturalist_517620398.jpg,inaturalist,Chaetodon nippon,Chaetodon nippon,False,False
Chaetodon_citrinellus_iNaturalist_585084786.jpg,/Users/michaelalfaro/Dropbox/git/downloading-fish-images-2026/images_inaturalist/Chaetodon_citrinellus_iNaturalist_585084786.jpg,inaturalist,Chaetodon citrinellus,Chaetodon citrinellus,False,False
Chelmon_muelleri_iNaturalist_41609881.jpg,/Users/michaelalfaro/Dropbox/git/downloading-fish-images-2026/images_inaturalist/Chelmon_muelleri_iNaturalist_41609881.jpg,inaturalist,Chelmon muelleri,Chelmon muelleri,False,False
Hemitaurichthys_thompsoni_iNaturalist_263235771.jpg,/Users/michaelalfaro/Dropbox/git/downloading-fish-images-2026/images_inaturalist/Hemitaurichthys_thompsoni_iNaturalist_263235771.jpg,inaturalist,Hemitaurichthys thompsoni,Hemitaurichthys thompsoni,False,False
Chaetodon_trichrous_iNaturalist_587089834.jpg,/Users/michaelalfaro/Dropbox/git/downloading-fish-images-2026/images_inaturalist/Chaetodon_trichrous_iNaturalist_587089834.jpg,inaturalist,Chaetodon trichrous,Chaetodon trichrous,False,False
Heniochus_pleurotaenia_iNaturalist_593339856.jpg,/Users/michaelalfaro/Dropbox/git/downloading-fish-images-2026/images_inaturalist/Heniochus_pleurotaenia_iNaturalist_593339856.jpg,inaturalist,Heniochus pleurotaenia,Heniochus pleurotaenia,False,False
Chaetodon_madagaskariensis_iNaturalist_554082399.jpg,/Users/michaelalfaro/Dropbox/git/downloading-fish-images-2026/images_inaturalist/Chaetodon_madagaskariensis_iNaturalist_554082399.jpg,inaturalist,Chaetodon madagaskariensis,Chaetodon madagaskariensis,False,False
Chaetodon_pelewensis_iNaturalist_249701121.jpg,/Users/michaelalfaro/Dropbox/git/downloading-fish-images-2026/images_inaturalist/Chaetodon_pelewensis_iNaturalist_249701121.jpg,inaturalist,Chaetodon pelewensis,Chaetodon pelewensis,False,False
Chaetodon_daedalma_iNaturalist_78269334.jpg,/Users/michaelalfaro/Dropbox/git/downloading-fish-images-2026/images_inaturalist/Chaetodon_daedalma_iNaturalist_78269334.jpg,inaturalist,Chaetodon daedalma,Chaetodon daedalma,False,False
Chaetodon_leucopleura_iNaturalist_585546055.jpg,/Users/michaelalfaro/Dropbox/git/downloading-fish-images-2026/images_inaturalist/Chaetodon_leucopleura_iNaturalist_585546055.jpg,inaturalist,Chaetodon leucopleura,Chaetodon leucopleura,False,False
Heniochus_monoceros_iNaturalist_84610546.jpg,/Users/michaelalfaro/Dropbox/git/downloading-fish-images-2026/images_inaturalist/Heniochus_monoceros_iNaturalist_84610546.jpg,inaturalist,Heniochus monoceros,Heniochus monoceros,False,False
Chaetodon_oxycephalus_iNaturalist_458154395.jpg,/Users/michaelalfaro/Dropbox/git/downloading-fish-images-2026/images_inaturalist/Chaetodon_oxycephalus_iNaturalist_458154395.jpg,inaturalist,Chaetodon oxycephalus,Chaetodon oxycephalus,False,False
Heniochus_chrysostomus_iNaturalist_9703424.jpg,/Users/michaelalfaro/Dropbox/git/downloading-fish-images-2026/images_inaturalist/Heniochus_chrysostomus_iNaturalist_9703424.jpg,inaturalist,Heniochus chrysostomus,Heniochus chrysostomus,False,False
Chaetodon_rafflesii_iNaturalist_175108059.jpg,/Users/michaelalfaro/Dropbox/git/downloading-fish-images-2026/images_inaturalist/Chaetodon_rafflesii_iNaturalist_175108059.jpg,inaturalist,Chaetodon rafflesii,Chaetodon rafflesii,False,False
Chaetodon_meyeri_iNaturalist_300418666.jpg,/Users/michaelalfaro/Dropbox/git/downloading-fish-images-2026/images_inaturalist/Chaetodon_meyeri_iNaturalist_300418666.jpg,inaturalist,Chaetodon meyeri,Chaetodon meyeri,False,False
Coradion_melanopus_iNaturalist_19089572.jpg,/Users/michaelalfaro/Dropbox/git/downloading-fish-images-2026/images_inaturalist/Coradion_melanopus_iNaturalist_19089572.jpg,inaturalist,Coradion melanopus,Coradion melanopus,False,False
Chaetodon_rainfordi_iNaturalist_476225553.jpg,/Users/michaelalfaro/Dropbox/git/downloading-fish-images-2026/images_inaturalist/Chaetodon_rainfordi_iNaturalist_476225553.jpg,inaturalist,Chaetodon rainfordi,Chaetodon rainfordi,False,False
Chaetodon_rainfordi_iNaturalist_597922997.jpg,/Users/michaelalfaro/Dropbox/git/downloading-fish-images-2026/images_inaturalist/Chaetodon_rainfordi_iNaturalist_597922997.jpg,inaturalist,Chaetodon rainfordi,Chaetodon rainfordi,False,False
Heniochus_diphreutes_iNaturalist_178101157.jpg,/Users/michaelalfaro/Dropbox/git/downloading-fish-images-2026/images_inaturalist/Heniochus_diphreutes_iNaturalist_178101157.jpg,inaturalist,Heniochus diphreutes,Heniochus diphreutes,False,False
Chaetodon_unimaculatus_iNaturalist_91073839.jpg,/Users/michaelalfaro/Dropbox/git/downloading-fish-images-2026/images_inaturalist/Chaetodon_unimaculatus_iNaturalist_91073839.jpg,inaturalist,Chaetodon unimaculatus,Chaetodon unimaculatus,False,False
Chaetodon_baronessa_iNaturalist_390635292.jpg,/Users/michaelalfaro/Dropbox/git/downloading-fish-images-2026/images_inaturalist/Chaetodon_baronessa_iNaturalist_390635292.jpg,inaturalist,Chaetodon baronessa,Chaetodon baronessa,False,False
Chaetodon_adiergastos_iNaturalist_294596355.jpg,/Users/michaelalfaro/Dropbox/git/downloading-fish-images-2026/images_inaturalist/Chaetodon_adiergastos_iNaturalist_294596355.jpg,inaturalist,Chaetodon adiergastos,Chaetodon adiergastos,False,False
Chaetodon_rainfordi_iNaturalist_42481120.jpg,/Users/michaelalfaro/Dropbox/git/downloading-fish-images-2026/images_inaturalist/Chaetodon_rainfordi_iNaturalist_42481120.jpg,inaturalist,Chaetodon rainfordi,Chaetodon rainfordi,False,False
Chaetodon_argentatus_iNaturalist_263052559.jpg,/Users/michaelalfaro/Dropbox/git/downloading-fish-images-2026/images_inaturalist/Chaetodon_argentatus_iNaturalist_263052559.jpg,inaturalist,Chaetodon argentatus,Chaetodon argentatus,False,False
Chaetodon_tricinctus_iNaturalist_335443101.jpg,/Users/michaelalfaro/Dropbox/git/downloading-fish-images-2026/images_inaturalist/Chaetodon_tricinctus_iNaturalist_335443101.jpg,inaturalist,Chaetodon tricinctus,Chaetodon tricinctus,False,False
Chaetodon_lineolatus_iNaturalist_91071941.jpg,/Users/michaelalfaro/Dropbox/git/downloading-fish-images-2026/images_inaturalist/Chaetodon_lineolatus_iNaturalist_91071941.jpg,inaturalist,Chaetodon lineolatus,Chaetodon lineolatus,False,False
Chaetodon_octofasciatus_iNaturalist_482079348.jpg,/Users/michaelalfaro/Dropbox/git/downloading-fish-images-2026/images_inaturalist/Chaetodon_octofasciatus_iNaturalist_482079348.jpg,inaturalist,Chaetodon octofasciatus,Chaetodon octofasciatus,False,False
Chaetodon_octofasciatus_iNaturalist_367755144.jpg,/Users/michaelalfaro/Dropbox/git/downloading-fish-images-2026/images_inaturalist/Chaetodon_octofasciatus_iNaturalist_367755144.jpg,inaturalist,Chaetodon octofasciatus,Chaetodon octofasciatus,False,False
Chaetodon_melapterus_iNaturalist_612969819.jpg,/Users/michaelalfaro/Dropbox/git/downloading-fish-images-2026/images_inaturalist/Chaetodon_melapterus_iNaturalist_612969819.jpg,inaturalist,Chaetodon melapterus,Chaetodon melapterus,False,False
Chaetodon_ephippium_iNaturalist_330181466.jpg,/Users/michaelalfaro/Dropbox/git/downloading-fish-images-2026/images_inaturalist/Chaetodon_ephippium_iNaturalist_330181466.jpg,inaturalist,Chaetodon ephippium,Chaetodon ephippium,False,False
Chaetodon_litus_iNaturalist_534683999.jpg,/Users/michaelalfaro/Dropbox/git/downloading-fish-images-2026/images_inaturalist/Chaetodon_litus_iNaturalist_534683999.jpg,inaturalist,Chaetodon litus,Chaetodon litus,False,False
Chaetodon_adiergastos_iNaturalist_556364227.jpg,/Users/michaelalfaro/Dropbox/git/downloading-fish-images-2026/images_inaturalist/Chaetodon_adiergastos_iNaturalist_556364227.jpg,inaturalist,Chaetodon adiergastos,Chaetodon adiergastos,False,False
Chaetodon_reticulatus_iNaturalist_487632927.jpg,/Users/michaelalfaro/Dropbox/git/downloading-fish-images-2026/images_inaturalist/Chaetodon_reticulatus_iNaturalist_487632927.jpg,inaturalist,Chaetodon reticulatus,Chaetodon reticulatus,False,False
Heniochus_intermedius_iNaturalist_487588004.jpg,/Users/michaelalfaro/Dropbox/git/downloading-fish-images-2026/images_inaturalist/Heniochus_intermedius_iNaturalist_487588004.jpg,inaturalist,Heniochus intermedius,Heniochus intermedius,False,False
Chelmon_marginalis_iNaturalist_341061423.jpg,/Users/michaelalfaro/Dropbox/git/downloading-fish-images-2026/images_inaturalist/Chelmon_marginalis_iNaturalist_341061423.jpg,inaturalist,Chelmon marginalis,Chelmon marginalis,False,False
Chaetodon_nippon_iNaturalist_32560890.jpg,/Users/michaelalfaro/Dropbox/git/downloading-fish-images-2026/images_inaturalist/Chaetodon_nippon_iNaturalist_32560890.jpg,inaturalist,Chaetodon nippon,Chaetodon nippon,False,False
Chaetodon_ulietensis_iNaturalist_331048079.jpg,/Users/michaelalfaro/Dropbox/git/downloading-fish-images-2026/images_inaturalist/Chaetodon_ulietensis_iNaturalist_331048079.jpg,inaturalist,Chaetodon ulietensis,Chaetodon ulietensis,False,False
Chelmonops_curiosus_iNaturalist_13983228.jpg,/Users/michaelalfaro/Dropbox/git/downloading-fish-images-2026/images_inaturalist/Chelmonops_curiosus_iNaturalist_13983228.jpg,inaturalist,Chelmonops curiosus,Chelmonops curiosus,False,False
Chaetodon_sanctaehelenae_iNaturalist_29339037.jpg,/Users/michaelalfaro/Dropbox/git/downloading-fish-images-2026/images_inaturalist/Chaetodon_sanctaehelenae_iNaturalist_29339037.jpg,inaturalist,Chaetodon sanctaehelenae,Chaetodon sanctaehelenae,False,False
Chaetodon_blackburnii_iNaturalist_451247554.jpg,/Users/michaelalfaro/Dropbox/git/downloading-fish-images-2026/images_inaturalist/Chaetodon_blackburnii_iNaturalist_451247554.jpg,inaturalist,Chaetodon blackburnii,Chaetodon blackburnii,False,False
Chaetodon_humeralis_iNaturalist_8288759.jpg,/Users/michaelalfaro/Dropbox/git/downloading-fish-images-2026/images_inaturalist/Chaetodon_humeralis_iNaturalist_8288759.jpg,inaturalist,Chaetodon humeralis,Chaetodon humeralis,False,False
Chaetodon_ulietensis_iNaturalist_1400797.jpg,/Users/michaelalfaro/Dropbox/git/downloading-fish-images-2026/images_inaturalist/Chaetodon_ulietensis_iNaturalist_1400797.jpg,inaturalist,Chaetodon ulietensis,Chaetodon ulietensis,False,False
Chaetodon_auripes_iNaturalist_473893703.jpg,/Users/michaelalfaro/Dropbox/git/downloading-fish-images-2026/images_inaturalist/Chaetodon_auripes_iNaturalist_473893703.jpg,inaturalist,Chaetodon auripes,Chaetodon auripes,False,False
Chaetodon_madagaskariensis_iNaturalist_575992327.jpg,/Users/michaelalfaro/Dropbox/git/downloading-fish-images-2026/images_inaturalist/Chaetodon_madagaskariensis_iNaturalist_575992327.jpg,inaturalist,Chaetodon madagaskariensis,Chaetodon madagaskariensis,False,False
Chaetodon_miliaris_iNaturalist_596812485.jpg,/Users/michaelalfaro/Dropbox/git/downloading-fish-images-2026/images_inaturalist/Chaetodon_miliaris_iNaturalist_596812485.jpg,inaturalist,Chaetodon miliaris,Chaetodon miliaris,False,False
Chaetodon_auripes_iNaturalist_300367621.jpg,/Users/michaelalfaro/Dropbox/git/downloading-fish-images-2026/images_inaturalist/Chaetodon_auripes_iNaturalist_300367621.jpg,inaturalist,Chaetodon auripes,Chaetodon auripes,False,False
Chaetodon_trifascialis_iNaturalist_215411642.jpg,/Users/michaelalfaro/Dropbox/git/downloading-fish-images-2026/images_inaturalist/Chaetodon_trifascialis_iNaturalist_215411642.jpg,inaturalist,Chaetodon trifascialis,Chaetodon trifascialis,False,False
Chaetodon_vagabundus_iNaturalist_234150683.jpg,/Users/michaelalfaro/Dropbox/git/downloading-fish-images-2026/images_inaturalist/Chaetodon_vagabundus_iNaturalist_234150683.jpg,inaturalist,Chaetodon vagabundus,Chaetodon vagabundus,False,False
Forcipiger_wanai_iNaturalist_59037792.jpg,/Users/michaelalfaro/Dropbox/git/downloading-fish-images-2026/images_inaturalist/Forcipiger_wanai_iNaturalist_59037792.jpg,inaturalist,Forcipiger wanai,Forcipiger wanai,False,False
Chaetodon_auripes_iNaturalist_398828755.jpg,/Users/michaelalfaro/Dropbox/git/downloading-fish-images-2026/images_inaturalist/Chaetodon_auripes_iNaturalist_398828755.jpg,inaturalist,Chaetodon auripes,Chaetodon auripes,False,False
Heniochus_pleurotaenia_iNaturalist_197005693.jpg,/Users/michaelalfaro/Dropbox/git/downloading-fish-images-2026/images_inaturalist/Heniochus_pleurotaenia_iNaturalist_197005693.jpg,inaturalist,Heniochus pleurotaenia,Heniochus pleurotaenia,False,False
Heniochus_pleurotaenia_iNaturalist_66920433.jpg,/Users/michaelalfaro/Dropbox/git/downloading-fish-images-2026/images_inaturalist/Heniochus_pleurotaenia_iNaturalist_66920433.jpg,inaturalist,Heniochus pleurotaenia,Heniochus pleurotaenia,False,False
Parachaetodon_ocellatus_iNaturalist_101338050.jpg,/Users/michaelalfaro/Dropbox/git/downloading-fish-images-2026/images_inaturalist/Parachaetodon_ocellatus_iNaturalist_101338050.jpg,inaturalist,Parachaetodon ocellatus,Parachaetodon ocellatus,False,False
Chaetodon_reticulatus_iNaturalist_156611194.jpg,/Users/michaelalfaro/Dropbox/git/downloading-fish-images-2026/images_inaturalist/Chaetodon_reticulatus_iNaturalist_156611194.jpg,inaturalist,Chaetodon reticulatus,Chaetodon reticulatus,False,False
Chaetodon_plebeius_iNaturalist_607534630.jpg,/Users/michaelalfaro/Dropbox/git/downloading-fish-images-2026/images_inaturalist/Chaetodon_plebeius_iNaturalist_607534630.jpg,inaturalist,Chaetodon plebeius,Chaetodon plebeius,False,False
Chaetodon_speculum_iNaturalist_22549454.jpg,/Users/michaelalfaro/Dropbox/git/downloading-fish-images-2026/images_inaturalist/Chaetodon_speculum_iNaturalist_22549454.jpg,inaturalist,Chaetodon speculum,Chaetodon speculum,False,False
Chaetodon_trifasciatus_iNaturalist_434604519.jpg,/Users/michaelalfaro/Dropbox/git/downloading-fish-images-2026/images_inaturalist/Chaetodon_trifasciatus_iNaturalist_434604519.jpg,inaturalist,Chaetodon trifasciatus,Chaetodon trifasciatus,False,False
Chaetodon_fasciatus_iNaturalist_55868231.jpg,/Users/michaelalfaro/Dropbox/git/downloading-fish-images-2026/images_inaturalist/Chaetodon_fasciatus_iNaturalist_55868231.jpg,inaturalist,Chaetodon fasciatus,Chaetodon fasciatus,False,False
Chaetodon_pelewensis_iNaturalist_487815372.jpg,/Users/michaelalfaro/Dropbox/git/downloading-fish-images-2026/images_inaturalist/Chaetodon_pelewensis_iNaturalist_487815372.jpg,inaturalist,Chaetodon pelewensis,Chaetodon pelewensis,False,False
Chaetodon_rainfordi_iNaturalist_592118909.jpg,/Users/michaelalfaro/Dropbox/git/downloading-fish-images-2026/images_inaturalist/Chaetodon_rainfordi_iNaturalist_592118909.jpg,inaturalist,Chaetodon rainfordi,Chaetodon rainfordi,False,False
Chaetodon_lunula_iNaturalist_178875223.jpg,/Users/michaelalfaro/Dropbox/git/downloading-fish-images-2026/images_inaturalist/Chaetodon_lunula_iNaturalist_178875223.jpg,inaturalist,Chaetodon lunula,Chaetodon lunula,False,False
Chaetodon_burgessi_iNaturalist_9454337.jpg,/Users/michaelalfaro/Dropbox/git/downloading-fish-images-2026/images_inaturalist/Chaetodon_burgessi_iNaturalist_9454337.jpg,inaturalist,Chaetodon burgessi,Chaetodon burgessi,False,False
Chaetodon_marleyi_iNaturalist_553311592.jpg,/Users/michaelalfaro/Dropbox/git/downloading-fish-images-2026/images_inaturalist/Chaetodon_marleyi_iNaturalist_553311592.jpg,inaturalist,Chaetodon marleyi,Chaetodon marleyi,False,False
Chaetodon_aureofasciatus_iNaturalist_524851900.jpg,/Users/michaelalfaro/Dropbox/git/downloading-fish-images-2026/images_inaturalist/Chaetodon_aureofasciatus_iNaturalist_524851900.jpg,inaturalist,Chaetodon aureofasciatus,Chaetodon aureofasciatus,False,False
Forcipiger_wanai_iNaturalist_566944234.jpg,/Users/michaelalfaro/Dropbox/git/downloading-fish-images-2026/images_inaturalist/Forcipiger_wanai_iNaturalist_566944234.jpg,inaturalist,Forcipiger wanai,Forcipiger wanai,False,False
Chaetodon_trifascialis_iNaturalist_424671659.jpg,/Users/michaelalfaro/Dropbox/git/downloading-fish-images-2026/images_inaturalist/Chaetodon_trifascialis_iNaturalist_424671659.jpg,inaturalist,Chaetodon trifascialis,Chaetodon trifascialis,False,False
Chaetodon_tinkeri_iNaturalist_83513651.jpg,/Users/michaelalfaro/Dropbox/git/downloading-fish-images-2026/images_inaturalist/Chaetodon_tinkeri_iNaturalist_83513651.jpg,inaturalist,Chaetodon tinkeri,Chaetodon tinkeri,False,False
Chaetodon_ocellicaudus_iNaturalist_459451753.jpg,/Users/michaelalfaro/Dropbox/git/downloading-fish-images-2026/images_inaturalist/Chaetodon_ocellicaudus_iNaturalist_459451753.jpg,inaturalist,Chaetodon ocellicaudus,Chaetodon ocellicaudus,False,False
Chaetodon_pictus_iNaturalist_328475415.jpg,/Users/michaelalfaro/Dropbox/git/downloading-fish-images-2026/images_inaturalist/Chaetodon_pictus_iNaturalist_328475415.jpg,inaturalist,Chaetodon pictus,Chaetodon pictus,False,False
Chaetodon_punctatofasciatus_iNaturalist_600955661.jpg,/Users/michaelalfaro/Dropbox/git/downloading-fish-images-2026/images_inaturalist/Chaetodon_punctatofasciatus_iNaturalist_600955661.jpg,inaturalist,Chaetodon punctatofasciatus,Chaetodon punctatofasciatus,False,False
Hemitaurichthys_zoster_iNaturalist_77719643.jpg,/Users/michaelalfaro/Dropbox/git/downloading-fish-images-2026/images_inaturalist/Hemitaurichthys_zoster_iNaturalist_77719643.jpg,inaturalist,Hemitaurichthys zoster,Hemitaurichthys zoster,False,False
Chaetodon_selene_iNaturalist_148476948.jpg,/Users/michaelalfaro/Dropbox/git/downloading-fish-images-2026/images_inaturalist/Chaetodon_selene_iNaturalist_148476948.jpg,inaturalist,Chaetodon selene,Chaetodon selene,False,False
Chaetodon_plebeius_iNaturalist_607534632.jpg,/Users/michaelalfaro/Dropbox/git/downloading-fish-images-2026/images_inaturalist/Chaetodon_plebeius_iNaturalist_607534632.jpg,inaturalist,Chaetodon plebeius,Chaetodon plebeius,False,False
Chelmon_rostratus_iNaturalist_116164409.jpg,/Users/michaelalfaro/Dropbox/git/downloading-fish-images-2026/images_inaturalist/Chelmon_rostratus_iNaturalist_116164409.jpg,inaturalist,Chelmon rostratus,Chelmon rostratus,False,False
Chaetodon_blackburnii_iNaturalist_8799394.jpg,/Users/michaelalfaro/Dropbox/git/downloading-fish-images-2026/images_inaturalist/Chaetodon_blackburnii_iNaturalist_8799394.jpg,inaturalist,Chaetodon blackburnii,Chaetodon blackburnii,False,False
Chaetodon_trifascialis_iNaturalist_328870250.jpg,/Users/michaelalfaro/Dropbox/git/downloading-fish-images-2026/images_inaturalist/Chaetodon_trifascialis_iNaturalist_328870250.jpg,inaturalist,Chaetodon trifascialis,Chaetodon trifascialis,False,False
Chelmonops_truncatus_iNaturalist_20710357.jpg,/Users/michaelalfaro/Dropbox/git/downloading-fish-images-2026/images_inaturalist/Chelmonops_truncatus_iNaturalist_20710357.jpg,inaturalist,Chelmonops truncatus,Chelmonops truncatus,False,False
Coradion_melanopus_iNaturalist_594962027.jpg,/Users/michaelalfaro/Dropbox/git/downloading-fish-images-2026/images_inaturalist/Coradion_melanopus_iNaturalist_594962027.jpg,inaturalist,Coradion melanopus,Coradion melanopus,False,False
Chelmon_marginalis_iNaturalist_220605305.jpg,/Users/michaelalfaro/Dropbox/git/downloading-fish-images-2026/images_inaturalist/Chelmon_marginalis_iNaturalist_220605305.jpg,inaturalist,Chelmon marginalis,Chelmon marginalis,False,False
Chaetodon_ornatissimus_iNaturalist_71820287.jpg,/Users/michaelalfaro/Dropbox/git/downloading-fish-images-2026/images_inaturalist/Chaetodon_ornatissimus_iNaturalist_71820287.jpg,inaturalist,Chaetodon ornatissimus,Chaetodon ornatissimus,False,False
Chaetodon_semilarvatus_iNaturalist_598091917.jpg,/Users/michaelalfaro/Dropbox/git/downloading-fish-images-2026/images_inaturalist/Chaetodon_semilarvatus_iNaturalist_598091917.jpg,inaturalist,Chaetodon semilarvatus,Chaetodon semilarvatus,False,False
Chaetodon_mesoleucos_iNaturalist_243394049.jpg,/Users/michaelalfaro/Dropbox/git/downloading-fish-images-2026/images_inaturalist/Chaetodon_mesoleucos_iNaturalist_243394049.jpg,inaturalist,Chaetodon mesoleucos,Chaetodon mesoleucos,False,False
Forcipiger_flavissimus_iNaturalist_222104159.jpg,/Users/michaelalfaro/Dropbox/git/downloading-fish-images-2026/images_inaturalist/Forcipiger_flavissimus_iNaturalist_222104159.jpg,inaturalist,Forcipiger flavissimus,Forcipiger flavissimus,False,False
Coradion_chrysozonus_iNaturalist_131619442.jpg,/Users/michaelalfaro/Dropbox/git/downloading-fish-images-2026/images_inaturalist/Coradion_chrysozonus_iNaturalist_131619442.jpg,inaturalist,Coradion chrysozonus,Coradion chrysozonus,False,False
Chaetodon_tinkeri_iNaturalist_415676341.jpg,/Users/michaelalfaro/Dropbox/git/downloading-fish-images-2026/images_inaturalist/Chaetodon_tinkeri_iNaturalist_415676341.jpg,inaturalist,Chaetodon tinkeri,Chaetodon tinkeri,False,False
Chaetodon_lunula_iNaturalist_169964645.jpg,/Users/michaelalfaro/Dropbox/git/downloading-fish-images-2026/images_inaturalist/Chaetodon_lunula_iNaturalist_169964645.jpg,inaturalist,Chaetodon lunula,Chaetodon lunula,False,False
Chelmonops_truncatus_iNaturalist_23943685.jpg,/Users/michaelalfaro/Dropbox/git/downloading-fish-images-2026/images_inaturalist/Chelmonops_truncatus_iNaturalist_23943685.jpg,inaturalist,Chelmonops truncatus,Chelmonops truncatus,False,False
Chaetodon_semeion_iNaturalist_187549895.jpg,/Users/michaelalfaro/Dropbox/git/downloading-fish-images-2026/images_inaturalist/Chaetodon_semeion_iNaturalist_187549895.jpg,inaturalist,Chaetodon semeion,Chaetodon semeion,False,False
Chaetodon_triangulum_iNaturalist_607414261.jpg,/Users/michaelalfaro/Dropbox/git/downloading-fish-images-2026/images_inaturalist/Chaetodon_triangulum_iNaturalist_607414261.jpg,inaturalist,Chaetodon triangulum,Chaetodon triangulum,False,False
Chaetodon_semilarvatus_iNaturalist_542083393.jpg,/Users/michaelalfaro/Dropbox/git/downloading-fish-images-2026/images_inaturalist/Chaetodon_semilarvatus_iNaturalist_542083393.jpg,inaturalist,Chaetodon semilarvatus,Chaetodon semilarvatus,False,False
Chelmon_marginalis_iNaturalist_100384600.jpg,/Users/michaelalfaro/Dropbox/git/downloading-fish-images-2026/images_inaturalist/Chelmon_marginalis_iNaturalist_100384600.jpg,inaturalist,Chelmon marginalis,Chelmon marginalis,False,False
Chaetodon_rafflesii_iNaturalist_175108072.jpg,/Users/michaelalfaro/Dropbox/git/downloading-fish-images-2026/images_inaturalist/Chaetodon_rafflesii_iNaturalist_175108072.jpg,inaturalist,Chaetodon rafflesii,Chaetodon rafflesii,False,False
Chaetodon_pictus_iNaturalist_184329464.jpg,/Users/michaelalfaro/Dropbox/git/downloading-fish-images-2026/images_inaturalist/Chaetodon_pictus_iNaturalist_184329464.jpg,inaturalist,Chaetodon pictus,Chaetodon pictus,False,False
Chaetodon_xanthocephalus_iNaturalist_484448276.jpg,/Users/michaelalfaro/Dropbox/git/downloading-fish-images-2026/images_inaturalist/Chaetodon_xanthocephalus_iNaturalist_484448276.jpg,inaturalist,Chaetodon xanthocephalus,Chaetodon xanthocephalus,False,False
Roa_modesta_iNaturalist_351101106.jpg,/Users/michaelalfaro/Dropbox/git/downloading-fish-images-2026/images_inaturalist/Roa_modesta_iNaturalist_351101106.jpg,inaturalist,Roa modesta,Roa modesta,False,False
Chaetodon_larvatus_iNaturalist_183943944.jpg,/Users/michaelalfaro/Dropbox/git/downloading-fish-images-2026/images_inaturalist/Chaetodon_larvatus_iNaturalist_183943944.jpg,inaturalist,Chaetodon larvatus,Chaetodon larvatus,False,False
Chaetodon_lunulatus_iNaturalist_166474504.jpg,/Users/michaelalfaro/Dropbox/git/downloading-fish-images-2026/images_inaturalist/Chaetodon_lunulatus_iNaturalist_166474504.jpg,inaturalist,Chaetodon lunulatus,Chaetodon lunulatus,False,False
Chaetodon_mitratus_iNaturalist_607776891.jpg,/Users/michaelalfaro/Dropbox/git/downloading-fish-images-2026/images_inaturalist/Chaetodon_mitratus_iNaturalist_607776891.jpg,inaturalist,Chaetodon mitratus,Chaetodon mitratus,False,False
Heniochus_intermedius_iNaturalist_591524712.jpg,/Users/michaelalfaro/Dropbox/git/downloading-fish-images-2026/images_inaturalist/Heniochus_intermedius_iNaturalist_591524712.jpg,inaturalist,Heniochus intermedius,Heniochus intermedius,False,False
Chelmonops_curiosus_iNaturalist_23672405.jpg,/Users/michaelalfaro/Dropbox/git/downloading-fish-images-2026/images_inaturalist/Chelmonops_curiosus_iNaturalist_23672405.jpg,inaturalist,Chelmonops curiosus,Chelmonops curiosus,False,False
Chaetodon_semilarvatus_iNaturalist_2675097.jpg,/Users/michaelalfaro/Dropbox/git/downloading-fish-images-2026/images_inaturalist/Chaetodon_semilarvatus_iNaturalist_2675097.jpg,inaturalist,Chaetodon semilarvatus,Chaetodon semilarvatus,False,False
Chaetodon_pelewensis_iNaturalist_232521598.jpg,/Users/michaelalfaro/Dropbox/git/downloading-fish-images-2026/images_inaturalist/Chaetodon_pelewensis_iNaturalist_232521598.jpg,inaturalist,Chaetodon pelewensis,Chaetodon pelewensis,False,False
Chaetodon_aureofasciatus_iNaturalist_175593141.jpg,/Users/michaelalfaro/Dropbox/git/downloading-fish-images-2026/images_inaturalist/Chaetodon_aureofasciatus_iNaturalist_175593141.jpg,inaturalist,Chaetodon aureofasciatus,Chaetodon aureofasciatus,False,False
Forcipiger_wanai_iNaturalist_435111986.jpg,/Users/michaelalfaro/Dropbox/git/downloading-fish-images-2026/images_inaturalist/Forcipiger_wanai_iNaturalist_435111986.jpg,inaturalist,Forcipiger wanai,Forcipiger wanai,False,False
Chaetodon_ephippium_iNaturalist_330181464.jpg,/Users/michaelalfaro/Dropbox/git/downloading-fish-images-2026/images_inaturalist/Chaetodon_ephippium_iNaturalist_330181464.jpg,inaturalist,Chaetodon ephippium,Chaetodon ephippium,False,False
Chaetodon_leucopleura_iNaturalist_257991081.jpg,/Users/michaelalfaro/Dropbox/git/downloading-fish-images-2026/images_inaturalist/Chaetodon_leucopleura_iNaturalist_257991081.jpg,inaturalist,Chaetodon leucopleura,Chaetodon leucopleura,False,False
Chelmon_rostratus_iNaturalist_10597368.jpg,/Users/michaelalfaro/Dropbox/git/downloading-fish-images-2026/images_inaturalist/Chelmon_rostratus_iNaturalist_10597368.jpg,inaturalist,Chelmon rostratus,Chelmon rostratus,False,False
Chaetodon_vagabundus_iNaturalist_236697461.jpg,/Users/michaelalfaro/Dropbox/git/downloading-fish-images-2026/images_inaturalist/Chaetodon_vagabundus_iNaturalist_236697461.jpg,inaturalist,Chaetodon vagabundus,Chaetodon vagabundus,False,False
Prognathodes_marcellae_iNaturalist_184144302.jpg,/Users/michaelalfaro/Dropbox/git/downloading-fish-images-2026/images_inaturalist/Prognathodes_marcellae_iNaturalist_184144302.jpg,inaturalist,Prognathodes marcellae,Prognathodes marcellae,False,False
Chaetodon_argentatus_iNaturalist_263052573.jpg,/Users/michaelalfaro/Dropbox/git/downloading-fish-images-2026/images_inaturalist/Chaetodon_argentatus_iNaturalist_263052573.jpg,inaturalist,Chaetodon argentatus,Chaetodon argentatus,False,False
Chaetodon_argentatus_iNaturalist_302749246.jpg,/Users/michaelalfaro/Dropbox/git/downloading-fish-images-2026/images_inaturalist/Chaetodon_argentatus_iNaturalist_302749246.jpg,inaturalist,Chaetodon argentatus,Chaetodon argentatus,False,False
Chaetodon_larvatus_iNaturalist_467594824.jpg,/Users/michaelalfaro/Dropbox/git/downloading-fish-images-2026/images_inaturalist/Chaetodon_larvatus_iNaturalist_467594824.jpg,inaturalist,Chaetodon larvatus,Chaetodon larvatus,False,False
Chaetodon_rafflesii_iNaturalist_473127044.jpg,/Users/michaelalfaro/Dropbox/git/downloading-fish-images-2026/images_inaturalist/Chaetodon_rafflesii_iNaturalist_473127044.jpg,inaturalist,Chaetodon rafflesii,Chaetodon rafflesii,False,False
Prognathodes_falcifer_iNaturalist_440145575.jpg,/Users/michaelalfaro/Dropbox/git/downloading-fish-images-2026/images_inaturalist/Prognathodes_falcifer_iNaturalist_440145575.jpg,inaturalist,Prognathodes falcifer,Prognathodes falcifer,False,False
Chaetodon_nigropunctatus_iNaturalist_604772814.jpg,/Users/michaelalfaro/Dropbox/git/downloading-fish-images-2026/images_inaturalist/Chaetodon_nigropunctatus_iNaturalist_604772814.jpg,inaturalist,Chaetodon nigropunctatus,Chaetodon nigropunctatus,False,False
Chaetodon_ephippium_iNaturalist_330181465.jpg,/Users/michaelalfaro/Dropbox/git/downloading-fish-images-2026/images_inaturalist/Chaetodon_ephippium_iNaturalist_330181465.jpg,inaturalist,Chaetodon ephippium,Chaetodon ephippium,False,False
Chaetodon_miliaris_iNaturalist_179529915.jpg,/Users/michaelalfaro/Dropbox/git/downloading-fish-images-2026/images_inaturalist/Chaetodon_miliaris_iNaturalist_179529915.jpg,inaturalist,Chaetodon miliaris,Chaetodon miliaris,False,False
Chaetodon_ulietensis_iNaturalist_230476352.jpg,/Users/michaelalfaro/Dropbox/git/downloading-fish-images-2026/images_inaturalist/Chaetodon_ulietensis_iNaturalist_230476352.jpg,inaturalist,Chaetodon ulietensis,Chaetodon ulietensis,False,False
Chaetodon_mertensii_iNaturalist_359657682.jpg,/Users/michaelalfaro/Dropbox/git/downloading-fish-images-2026/images_inaturalist/Chaetodon_mertensii_iNaturalist_359657682.jpg,inaturalist,Chaetodon mertensii,Chaetodon mertensii,False,False
Chaetodon_melapterus_iNaturalist_612761452.jpg,/Users/michaelalfaro/Dropbox/git/downloading-fish-images-2026/images_inaturalist/Chaetodon_melapterus_iNaturalist_612761452.jpg,inaturalist,Chaetodon melapterus,Chaetodon melapterus,False,False
Chaetodon_lunula_iNaturalist_6462315.jpg,/Users/michaelalfaro/Dropbox/git/downloading-fish-images-2026/images_inaturalist/Chaetodon_lunula_iNaturalist_6462315.jpg,inaturalist,Chaetodon lunula,Chaetodon lunula,False,False
Chaetodon_blackburnii_iNaturalist_451247543.jpg,/Users/michaelalfaro/Dropbox/git/downloading-fish-images-2026/images_inaturalist/Chaetodon_blackburnii_iNaturalist_451247543.jpg,inaturalist,Chaetodon blackburnii,Chaetodon blackburnii,False,False
Chaetodon_lineolatus_iNaturalist_9952634.jpg,/Users/michaelalfaro/Dropbox/git/downloading-fish-images-2026/images_inaturalist/Chaetodon_lineolatus_iNaturalist_9952634.jpg,inaturalist,Chaetodon lineolatus,Chaetodon lineolatus,False,False
Chaetodon_xanthocephalus_iNaturalist_458538297.jpg,/Users/michaelalfaro/Dropbox/git/downloading-fish-images-2026/images_inaturalist/Chaetodon_xanthocephalus_iNaturalist_458538297.jpg,inaturalist,Chaetodon xanthocephalus,Chaetodon xanthocephalus,False,False
Hemitaurichthys_polylepis_iNaturalist_327765402.jpg,/Users/michaelalfaro/Dropbox/git/downloading-fish-images-2026/images_inaturalist/Hemitaurichthys_polylepis_iNaturalist_327765402.jpg,inaturalist,Hemitaurichthys polylepis,Hemitaurichthys polylepis,False,False
Chaetodon_ephippium_iNaturalist_549286482.jpg,/Users/michaelalfaro/Dropbox/git/downloading-fish-images-2026/images_inaturalist/Chaetodon_ephippium_iNaturalist_549286482.jpg,inaturalist,Chaetodon ephippium,Chaetodon ephippium,False,False
Chaetodon_rafflesii_iNaturalist_333096953.jpg,/Users/michaelalfaro/Dropbox/git/downloading-fish-images-2026/images_inaturalist/Chaetodon_rafflesii_iNaturalist_333096953.jpg,inaturalist,Chaetodon rafflesii,Chaetodon rafflesii,False,False
Prognathodes_falcifer_iNaturalist_44348913.jpg,/Users/michaelalfaro/Dropbox/git/downloading-fish-images-2026/images_inaturalist/Prognathodes_falcifer_iNaturalist_44348913.jpg,inaturalist,Prognathodes falcifer,Prognathodes falcifer,False,False
Chaetodon_adiergastos_iNaturalist_312479934.jpg,/Users/michaelalfaro/Dropbox/git/downloading-fish-images-2026/images_inaturalist/Chaetodon_adiergastos_iNaturalist_312479934.jpg,inaturalist,Chaetodon adiergastos,Chaetodon adiergastos,False,False
Chaetodon_adiergastos_iNaturalist_275485797.jpg,/Users/michaelalfaro/Dropbox/git/downloading-fish-images-2026/images_inaturalist/Chaetodon_adiergastos_iNaturalist_275485797.jpg,inaturalist,Chaetodon adiergastos,Chaetodon adiergastos,False,False
Chaetodon_marleyi_iNaturalist_463787438.jpg,/Users/michaelalfaro/Dropbox/git/downloading-fish-images-2026/images_inaturalist/Chaetodon_marleyi_iNaturalist_463787438.jpg,inaturalist,Chaetodon marleyi,Chaetodon marleyi,False,False
Prognathodes_aculeatus_iNaturalist_284621950.jpg,/Users/michaelalfaro/Dropbox/git/downloading-fish-images-2026/images_inaturalist/Prognathodes_aculeatus_iNaturalist_284621950.jpg,inaturalist,Prognathodes aculeatus,Prognathodes aculeatus,False,False
Chaetodon_argentatus_iNaturalist_331807669.jpg,/Users/michaelalfaro/Dropbox/git/downloading-fish-images-2026/images_inaturalist/Chaetodon_argentatus_iNaturalist_331807669.jpg,inaturalist,Chaetodon argentatus,Chaetodon argentatus,False,False
Chelmon_muelleri_iNaturalist_341061339.jpg,/Users/michaelalfaro/Dropbox/git/downloading-fish-images-2026/images_inaturalist/Chelmon_muelleri_iNaturalist_341061339.jpg,inaturalist,Chelmon muelleri,Chelmon muelleri,False,False
Chaetodon_mesoleucos_iNaturalist_439504919.jpg,/Users/michaelalfaro/Dropbox/git/downloading-fish-images-2026/images_inaturalist/Chaetodon_mesoleucos_iNaturalist_439504919.jpg,inaturalist,Chaetodon mesoleucos,Chaetodon mesoleucos,False,False
Chaetodon_wiebeli_iNaturalist_324430476.jpg,/Users/michaelalfaro/Dropbox/git/downloading-fish-images-2026/images_inaturalist/Chaetodon_wiebeli_iNaturalist_324430476.jpg,inaturalist,Chaetodon wiebeli,Chaetodon wiebeli,False,False
Chelmonops_truncatus_iNaturalist_33025273.jpg,/Users/michaelalfaro/Dropbox/git/downloading-fish-images-2026/images_inaturalist/Chelmonops_truncatus_iNaturalist_33025273.jpg,inaturalist,Chelmonops truncatus,Chelmonops truncatus,False,False
Chaetodon_meyeri_iNaturalist_534300264.jpg,/Users/michaelalfaro/Dropbox/git/downloading-fish-images-2026/images_inaturalist/Chaetodon_meyeri_iNaturalist_534300264.jpg,inaturalist,Chaetodon meyeri,Chaetodon meyeri,False,False
Prognathodes_marcellae_iNaturalist_184144288.jpg,/Users/michaelalfaro/Dropbox/git/downloading-fish-images-2026/images_inaturalist/Prognathodes_marcellae_iNaturalist_184144288.jpg,inaturalist,Prognathodes marcellae,Prognathodes marcellae,False,False
Chaetodon_tinkeri_iNaturalist_83513687.jpg,/Users/michaelalfaro/Dropbox/git/downloading-fish-images-2026/images_inaturalist/Chaetodon_tinkeri_iNaturalist_83513687.jpg,inaturalist,Chaetodon tinkeri,Chaetodon tinkeri,False,False
Heniochus_varius_iNaturalist_703219.jpg,/Users/michaelalfaro/Dropbox/git/downloading-fish-images-2026/images_inaturalist/Heniochus_varius_iNaturalist_703219.jpg,inaturalist,Heniochus varius,Heniochus varius,False,False
Chaetodon_punctatofasciatus_iNaturalist_255620804.jpg,/Users/michaelalfaro/Dropbox/git/downloading-fish-images-2026/images_inaturalist/Chaetodon_punctatofasciatus_iNaturalist_255620804.jpg,inaturalist,Chaetodon punctatofasciatus,Chaetodon punctatofasciatus,False,False
Roa_modesta_iNaturalist_431619017.jpg,/Users/michaelalfaro/Dropbox/git/downloading-fish-images-2026/images_inaturalist/Roa_modesta_iNaturalist_431619017.jpg,inaturalist,Roa modesta,Roa modesta,False,False
Heniochus_acuminatus_iNaturalist_230063607.jpg,/Users/michaelalfaro/Dropbox/git/downloading-fish-images-2026/images_inaturalist/Heniochus_acuminatus_iNaturalist_230063607.jpg,inaturalist,Heniochus acuminatus,Heniochus acuminatus,False,False
Chaetodon_kleinii_iNaturalist_530434335.jpg,/Users/michaelalfaro/Dropbox/git/downloading-fish-images-2026/images_inaturalist/Chaetodon_kleinii_iNaturalist_530434335.jpg,inaturalist,Chaetodon kleinii,Chaetodon kleinii,False,False
Forcipiger_longirostris_iNaturalist_592502757.jpg,/Users/michaelalfaro/Dropbox/git/downloading-fish-images-2026/images_inaturalist/Forcipiger_longirostris_iNaturalist_592502757.jpg,inaturalist,Forcipiger longirostris,Forcipiger longirostris,False,False
Chaetodon_guttatissimus_iNaturalist_174031744.jpg,/Users/michaelalfaro/Dropbox/git/downloading-fish-images-2026/images_inaturalist/Chaetodon_guttatissimus_iNaturalist_174031744.jpg,inaturalist,Chaetodon guttatissimus,Chaetodon guttatissimus,False,False
Heniochus_singularius_iNaturalist_244754514.jpg,/Users/michaelalfaro/Dropbox/git/downloading-fish-images-2026/images_inaturalist/Heniochus_singularius_iNaturalist_244754514.jpg,inaturalist,Heniochus singularius,Heniochus singularius,False,False
Chaetodon_madagaskariensis_iNaturalist_585635427.jpg,/Users/michaelalfaro/Dropbox/git/downloading-fish-images-2026/images_inaturalist/Chaetodon_madagaskariensis_iNaturalist_585635427.jpg,inaturalist,Chaetodon madagaskariensis,Chaetodon madagaskariensis,False,False
Prognathodes_carlhubbsi_iNaturalist_289302294.jpg,/Users/michaelalfaro/Dropbox/git/downloading-fish-images-2026/images_inaturalist/Prognathodes_carlhubbsi_iNaturalist_289302294.jpg,inaturalist,Prognathodes carlhubbsi,Prognathodes carlhubbsi,False,False
Chaetodon_lineolatus_iNaturalist_474229195.jpg,/Users/michaelalfaro/Dropbox/git/downloading-fish-images-2026/images_inaturalist/Chaetodon_lineolatus_iNaturalist_474229195.jpg,inaturalist,Chaetodon lineolatus,Chaetodon lineolatus,False,False
Chelmonops_curiosus_iNaturalist_342373914.jpg,/Users/michaelalfaro/Dropbox/git/downloading-fish-images-2026/images_inaturalist/Chelmonops_curiosus_iNaturalist_342373914.jpg,inaturalist,Chelmonops curiosus,Chelmonops curiosus,False,False
Prognathodes_aya_iNaturalist_345856582.jpg,/Users/michaelalfaro/Dropbox/git/downloading-fish-images-2026/images_inaturalist/Prognathodes_aya_iNaturalist_345856582.jpg,inaturalist,Prognathodes aya,Prognathodes aya,False,False
Chaetodon_fremblii_iNaturalist_257546329.jpg,/Users/michaelalfaro/Dropbox/git/downloading-fish-images-2026/images_inaturalist/Chaetodon_fremblii_iNaturalist_257546329.jpg,inaturalist,Chaetodon fremblii,Chaetodon fremblii,False,False
Chaetodon_meyeri_iNaturalist_58457304.jpg,/Users/michaelalfaro/Dropbox/git/downloading-fish-images-2026/images_inaturalist/Chaetodon_meyeri_iNaturalist_58457304.jpg,inaturalist,Chaetodon meyeri,Chaetodon meyeri,False,False
Heniochus_varius_iNaturalist_919499.jpg,/Users/michaelalfaro/Dropbox/git/downloading-fish-images-2026/images_inaturalist/Heniochus_varius_iNaturalist_919499.jpg,inaturalist,Heniochus varius,Heniochus varius,False,False
Chaetodon_larvatus_iNaturalist_605922484.jpg,/Users/michaelalfaro/Dropbox/git/downloading-fish-images-2026/images_inaturalist/Chaetodon_larvatus_iNaturalist_605922484.jpg,inaturalist,Chaetodon larvatus,Chaetodon larvatus,False,False
Chaetodon_oxycephalus_iNaturalist_463479666.jpg,/Users/michaelalfaro/Dropbox/git/downloading-fish-images-2026/images_inaturalist/Chaetodon_oxycephalus_iNaturalist_463479666.jpg,inaturalist,Chaetodon oxycephalus,Chaetodon oxycephalus,False,False
Chaetodon_flavocoronatus_iNaturalist_598684494.jpg,/Users/michaelalfaro/Dropbox/git/downloading-fish-images-2026/images_inaturalist/Chaetodon_flavocoronatus_iNaturalist_598684494.jpg,inaturalist,Chaetodon flavocoronatus,Chaetodon flavocoronatus,False,False
Chaetodon_mertensii_iNaturalist_287390665.jpg,/Users/michaelalfaro/Dropbox/git/downloading-fish-images-2026/images_inaturalist/Chaetodon_mertensii_iNaturalist_287390665.jpg,inaturalist,Chaetodon mertensii,Chaetodon mertensii,False,False
Chaetodon_gardineri_iNaturalist_278909933.jpg,/Users/michaelalfaro/Dropbox/git/downloading-fish-images-2026/images_inaturalist/Chaetodon_gardineri_iNaturalist_278909933.jpg,inaturalist,Chaetodon gardineri,Chaetodon gardineri,False,False
Heniochus_intermedius_iNaturalist_190615451.jpg,/Users/michaelalfaro/Dropbox/git/downloading-fish-images-2026/images_inaturalist/Heniochus_intermedius_iNaturalist_190615451.jpg,inaturalist,Heniochus intermedius,Heniochus intermedius,False,False
Heniochus_chrysostomus_iNaturalist_9703441.jpg,/Users/michaelalfaro/Dropbox/git/downloading-fish-images-2026/images_inaturalist/Heniochus_chrysostomus_iNaturalist_9703441.jpg,inaturalist,Heniochus chrysostomus,Heniochus chrysostomus,False,False
Chaetodon_decussatus_iNaturalist_451789851.jpg,/Users/michaelalfaro/Dropbox/git/downloading-fish-images-2026/images_inaturalist/Chaetodon_decussatus_iNaturalist_451789851.jpg,inaturalist,Chaetodon decussatus,Chaetodon decussatus,False,False
Chaetodon_interruptus_iNaturalist_170722148.jpg,/Users/michaelalfaro/Dropbox/git/downloading-fish-images-2026/images_inaturalist/Chaetodon_interruptus_iNaturalist_170722148.jpg,inaturalist,Chaetodon interruptus,Chaetodon interruptus,False,False
Chaetodon_litus_iNaturalist_250896809.jpg,/Users/michaelalfaro/Dropbox/git/downloading-fish-images-2026/images_inaturalist/Chaetodon_litus_iNaturalist_250896809.jpg,inaturalist,Chaetodon litus,Chaetodon litus,False,False
Chaetodon_multicinctus_iNaturalist_14228531.jpg,/Users/michaelalfaro/Dropbox/git/downloading-fish-images-2026/images_inaturalist/Chaetodon_multicinctus_iNaturalist_14228531.jpg,inaturalist,Chaetodon multicinctus,Chaetodon multicinctus,False,False
Heniochus_acuminatus_iNaturalist_20970094.jpg,/Users/michaelalfaro/Dropbox/git/downloading-fish-images-2026/images_inaturalist/Heniochus_acuminatus_iNaturalist_20970094.jpg,inaturalist,Heniochus acuminatus,Heniochus acuminatus,False,False
Chaetodon_fremblii_iNaturalist_317852.jpg,/Users/michaelalfaro/Dropbox/git/downloading-fish-images-2026/images_inaturalist/Chaetodon_fremblii_iNaturalist_317852.jpg,inaturalist,Chaetodon fremblii,Chaetodon fremblii,False,False
Chaetodon_rafflesii_iNaturalist_607548016.jpg,/Users/michaelalfaro/Dropbox/git/downloading-fish-images-2026/images_inaturalist/Chaetodon_rafflesii_iNaturalist_607548016.jpg,inaturalist,Chaetodon rafflesii,Chaetodon rafflesii,False,False
Heniochus_intermedius_iNaturalist_354359713.jpg,/Users/michaelalfaro/Dropbox/git/downloading-fish-images-2026/images_inaturalist/Heniochus_intermedius_iNaturalist_354359713.jpg,inaturalist,Heniochus intermedius,Heniochus intermedius,False,False
Chaetodon_auripes_iNaturalist_474933774.jpg,/Users/michaelalfaro/Dropbox/git/downloading-fish-images-2026/images_inaturalist/Chaetodon_auripes_iNaturalist_474933774.jpg,inaturalist,Chaetodon auripes,Chaetodon auripes,False,False
Parachaetodon_ocellatus_iNaturalist_46792087.jpg,/Users/michaelalfaro/Dropbox/git/downloading-fish-images-2026/images_inaturalist/Parachaetodon_ocellatus_iNaturalist_46792087.jpg,inaturalist,Parachaetodon ocellatus,Parachaetodon ocellatus,False,False
Chaetodon_zanzibarensis_iNaturalist_12066149.jpg,/Users/michaelalfaro/Dropbox/git/downloading-fish-images-2026/images_inaturalist/Chaetodon_zanzibarensis_iNaturalist_12066149.jpg,inaturalist,Chaetodon zanzibarensis,Chaetodon zanzibarensis,False,False
Chaetodon_nippon_iNaturalist_421937638.jpg,/Users/michaelalfaro/Dropbox/git/downloading-fish-images-2026/images_inaturalist/Chaetodon_nippon_iNaturalist_421937638.jpg,inaturalist,Chaetodon nippon,Chaetodon nippon,False,False
Chaetodon_triangulum_iNaturalist_177669571.jpg,/Users/michaelalfaro/Dropbox/git/downloading-fish-images-2026/images_inaturalist/Chaetodon_triangulum_iNaturalist_177669571.jpg,inaturalist,Chaetodon triangulum,Chaetodon triangulum,False,False
Chaetodon_melannotus_iNaturalist_409531338.jpg,/Users/michaelalfaro/Dropbox/git/downloading-fish-images-2026/images_inaturalist/Chaetodon_melannotus_iNaturalist_409531338.jpg,inaturalist,Chaetodon melannotus,Chaetodon melannotus,False,False
Chaetodon_lineolatus_iNaturalist_474229221.jpg,/Users/michaelalfaro/Dropbox/git/downloading-fish-images-2026/images_inaturalist/Chaetodon_lineolatus_iNaturalist_474229221.jpg,inaturalist,Chaetodon lineolatus,Chaetodon lineolatus,False,False
Chaetodon_speculum_iNaturalist_5435374.jpg,/Users/michaelalfaro/Dropbox/git/downloading-fish-images-2026/images_inaturalist/Chaetodon_speculum_iNaturalist_5435374.jpg,inaturalist,Chaetodon speculum,Chaetodon speculum,False,False
Chaetodon_fasciatus_iNaturalist_480744407.jpg,/Users/michaelalfaro/Dropbox/git/downloading-fish-images-2026/images_inaturalist/Chaetodon_fasciatus_iNaturalist_480744407.jpg,inaturalist,Chaetodon fasciatus,Chaetodon fasciatus,False,False
Chaetodon_mertensii_iNaturalist_463708811.jpg,/Users/michaelalfaro/Dropbox/git/downloading-fish-images-2026/images_inaturalist/Chaetodon_mertensii_iNaturalist_463708811.jpg,inaturalist,Chaetodon mertensii,Chaetodon mertensii,False,False
Chaetodon_ornatissimus_iNaturalist_306927692.jpg,/Users/michaelalfaro/Dropbox/git/downloading-fish-images-2026/images_inaturalist/Chaetodon_ornatissimus_iNaturalist_306927692.jpg,inaturalist,Chaetodon ornatissimus,Chaetodon ornatissimus,False,False
Chaetodon_ocellicaudus_iNaturalist_480811911.jpg,/Users/michaelalfaro/Dropbox/git/downloading-fish-images-2026/images_inaturalist/Chaetodon_ocellicaudus_iNaturalist_480811911.jpg,inaturalist,Chaetodon ocellicaudus,Chaetodon ocellicaudus,False,False
Chaetodon_ocellicaudus_iNaturalist_530620209.jpg,/Users/michaelalfaro/Dropbox/git/downloading-fish-images-2026/images_inaturalist/Chaetodon_ocellicaudus_iNaturalist_530620209.jpg,inaturalist,Chaetodon ocellicaudus,Chaetodon ocellicaudus,False,False
Chaetodon_rainfordi_iNaturalist_595411844.jpg,/Users/michaelalfaro/Dropbox/git/downloading-fish-images-2026/images_inaturalist/Chaetodon_rainfordi_iNaturalist_595411844.jpg,inaturalist,Chaetodon rainfordi,Chaetodon rainfordi,False,False
Heniochus_chrysostomus_iNaturalist_9703440.jpg,/Users/michaelalfaro/Dropbox/git/downloading-fish-images-2026/images_inaturalist/Heniochus_chrysostomus_iNaturalist_9703440.jpg,inaturalist,Heniochus chrysostomus,Heniochus chrysostomus,False,False
Johnrandallia_nigrirostris_iNaturalist_14815735.jpg,/Users/michaelalfaro/Dropbox/git/downloading-fish-images-2026/images_inaturalist/Johnrandallia_nigrirostris_iNaturalist_14815735.jpg,inaturalist,Johnrandallia nigrirostris,Johnrandallia nigrirostris,False,False
Prognathodes_marcellae_iNaturalist_176153571.jpg,/Users/michaelalfaro/Dropbox/git/downloading-fish-images-2026/images_inaturalist/Prognathodes_marcellae_iNaturalist_176153571.jpg,inaturalist,Prognathodes marcellae,Prognathodes marcellae,False,False
Chaetodon_melannotus_iNaturalist_82152925.jpg,/Users/michaelalfaro/Dropbox/git/downloading-fish-images-2026/images_inaturalist/Chaetodon_melannotus_iNaturalist_82152925.jpg,inaturalist,Chaetodon melannotus,Chaetodon melannotus,False,False
Chaetodon_decussatus_iNaturalist_447360473.jpg,/Users/michaelalfaro/Dropbox/git/downloading-fish-images-2026/images_inaturalist/Chaetodon_decussatus_iNaturalist_447360473.jpg,inaturalist,Chaetodon decussatus,Chaetodon decussatus,False,False
Chaetodon_larvatus_iNaturalist_443993229.jpg,/Users/michaelalfaro/Dropbox/git/downloading-fish-images-2026/images_inaturalist/Chaetodon_larvatus_iNaturalist_443993229.jpg,inaturalist,Chaetodon larvatus,Chaetodon larvatus,False,False
Chaetodon_larvatus_iNaturalist_183943894.jpg,/Users/michaelalfaro/Dropbox/git/downloading-fish-images-2026/images_inaturalist/Chaetodon_larvatus_iNaturalist_183943894.jpg,inaturalist,Chaetodon larvatus,Chaetodon larvatus,False,False
Chaetodon_ulietensis_iNaturalist_453440787.jpg,/Users/michaelalfaro/Dropbox/git/downloading-fish-images-2026/images_inaturalist/Chaetodon_ulietensis_iNaturalist_453440787.jpg,inaturalist,Chaetodon ulietensis,Chaetodon ulietensis,False,False
Chaetodon_nippon_iNaturalist_4412325.jpg,/Users/michaelalfaro/Dropbox/git/downloading-fish-images-2026/images_inaturalist/Chaetodon_nippon_iNaturalist_4412325.jpg,inaturalist,Chaetodon nippon,Chaetodon nippon,False,False
Chaetodon_vagabundus_iNaturalist_209516313.jpg,/Users/michaelalfaro/Dropbox/git/downloading-fish-images-2026/images_inaturalist/Chaetodon_vagabundus_iNaturalist_209516313.jpg,inaturalist,Chaetodon vagabundus,Chaetodon vagabundus,False,False
Chaetodon_fasciatus_iNaturalist_596429681.jpg,/Users/michaelalfaro/Dropbox/git/downloading-fish-images-2026/images_inaturalist/Chaetodon_fasciatus_iNaturalist_596429681.jpg,inaturalist,Chaetodon fasciatus,Chaetodon fasciatus,False,False
Chaetodon_hoefleri_iNaturalist_349923979.jpg,/Users/michaelalfaro/Dropbox/git/downloading-fish-images-2026/images_inaturalist/Chaetodon_hoefleri_iNaturalist_349923979.jpg,inaturalist,Chaetodon hoefleri,Chaetodon hoefleri,False,False
Chaetodon_octofasciatus_iNaturalist_201702755.jpg,/Users/michaelalfaro/Dropbox/git/downloading-fish-images-2026/images_inaturalist/Chaetodon_octofasciatus_iNaturalist_201702755.jpg,inaturalist,Chaetodon octofasciatus,Chaetodon octofasciatus,False,False
Chaetodon_humeralis_iNaturalist_87012423.jpg,/Users/michaelalfaro/Dropbox/git/downloading-fish-images-2026/images_inaturalist/Chaetodon_humeralis_iNaturalist_87012423.jpg,inaturalist,Chaetodon humeralis,Chaetodon humeralis,False,False
Chaetodon_rainfordi_iNaturalist_595670621.jpg,/Users/michaelalfaro/Dropbox/git/downloading-fish-images-2026/images_inaturalist/Chaetodon_rainfordi_iNaturalist_595670621.jpg,inaturalist,Chaetodon rainfordi,Chaetodon rainfordi,False,False
Chaetodon_collare_iNaturalist_482033388.jpg,/Users/michaelalfaro/Dropbox/git/downloading-fish-images-2026/images_inaturalist/Chaetodon_collare_iNaturalist_482033388.jpg,inaturalist,Chaetodon collare,Chaetodon collare,False,False
Chaetodon_rainfordi_iNaturalist_449237800.jpg,/Users/michaelalfaro/Dropbox/git/downloading-fish-images-2026/images_inaturalist/Chaetodon_rainfordi_iNaturalist_449237800.jpg,inaturalist,Chaetodon rainfordi,Chaetodon rainfordi,False,False
Chaetodon_madagaskariensis_iNaturalist_340340714.jpg,/Users/michaelalfaro/Dropbox/git/downloading-fish-images-2026/images_inaturalist/Chaetodon_madagaskariensis_iNaturalist_340340714.jpg,inaturalist,Chaetodon madagaskariensis,Chaetodon madagaskariensis,False,False
Chaetodon_capistratus_iNaturalist_449536529.jpg,/Users/michaelalfaro/Dropbox/git/downloading-fish-images-2026/images_inaturalist/Chaetodon_capistratus_iNaturalist_449536529.jpg,inaturalist,Chaetodon capistratus,Chaetodon capistratus,False,False
Chaetodon_adiergastos_iNaturalist_468973634.jpg,/Users/michaelalfaro/Dropbox/git/downloading-fish-images-2026/images_inaturalist/Chaetodon_adiergastos_iNaturalist_468973634.jpg,inaturalist,Chaetodon adiergastos,Chaetodon adiergastos,False,False
Chelmonops_curiosus_iNaturalist_29627943.jpg,/Users/michaelalfaro/Dropbox/git/downloading-fish-images-2026/images_inaturalist/Chelmonops_curiosus_iNaturalist_29627943.jpg,inaturalist,Chelmonops curiosus,Chelmonops curiosus,False,False
Chaetodon_citrinellus_iNaturalist_33805303.jpg,/Users/michaelalfaro/Dropbox/git/downloading-fish-images-2026/images_inaturalist/Chaetodon_citrinellus_iNaturalist_33805303.jpg,inaturalist,Chaetodon citrinellus,Chaetodon citrinellus,False,False
Chaetodon_vagabundus_iNaturalist_269786835.jpg,/Users/michaelalfaro/Dropbox/git/downloading-fish-images-2026/images_inaturalist/Chaetodon_vagabundus_iNaturalist_269786835.jpg,inaturalist,Chaetodon vagabundus,Chaetodon vagabundus,False,False
Hemitaurichthys_thompsoni_iNaturalist_610388709.jpg,/Users/michaelalfaro/Dropbox/git/downloading-fish-images-2026/images_inaturalist/Hemitaurichthys_thompsoni_iNaturalist_610388709.jpg,inaturalist,Hemitaurichthys thompsoni,Hemitaurichthys thompsoni,False,False
Chaetodon_falcula_iNaturalist_340839235.jpg,/Users/michaelalfaro/Dropbox/git/downloading-fish-images-2026/images_inaturalist/Chaetodon_falcula_iNaturalist_340839235.jpg,inaturalist,Chaetodon falcula,Chaetodon falcula,False,False
Chaetodon_hoefleri_iNaturalist_349923953.jpg,/Users/michaelalfaro/Dropbox/git/downloading-fish-images-2026/images_inaturalist/Chaetodon_hoefleri_iNaturalist_349923953.jpg,inaturalist,Chaetodon hoefleri,Chaetodon hoefleri,False,False
Chaetodon_pelewensis_iNaturalist_561259185.jpg,/Users/michaelalfaro/Dropbox/git/downloading-fish-images-2026/images_inaturalist/Chaetodon_pelewensis_iNaturalist_561259185.jpg,inaturalist,Chaetodon pelewensis,Chaetodon pelewensis,False,False
Chaetodon_semilarvatus_iNaturalist_120141447.jpg,/Users/michaelalfaro/Dropbox/git/downloading-fish-images-2026/images_inaturalist/Chaetodon_semilarvatus_iNaturalist_120141447.jpg,inaturalist,Chaetodon semilarvatus,Chaetodon semilarvatus,False,False
Amphichaetodon_howensis_iNaturalist_267486174.jpg,/Users/michaelalfaro/Dropbox/git/downloading-fish-images-2026/images_inaturalist/Amphichaetodon_howensis_iNaturalist_267486174.jpg,inaturalist,Amphichaetodon howensis,Amphichaetodon howensis,False,False
Chaetodon_guentheri_iNaturalist_298435945.jpg,/Users/michaelalfaro/Dropbox/git/downloading-fish-images-2026/images_inaturalist/Chaetodon_guentheri_iNaturalist_298435945.jpg,inaturalist,Chaetodon guentheri,Chaetodon guentheri,False,False
Chaetodon_decussatus_iNaturalist_249961088.jpg,/Users/michaelalfaro/Dropbox/git/downloading-fish-images-2026/images_inaturalist/Chaetodon_decussatus_iNaturalist_249961088.jpg,inaturalist,Chaetodon decussatus,Chaetodon decussatus,False,False
Hemitaurichthys_polylepis_iNaturalist_179467594.jpg,/Users/michaelalfaro/Dropbox/git/downloading-fish-images-2026/images_inaturalist/Hemitaurichthys_polylepis_iNaturalist_179467594.jpg,inaturalist,Hemitaurichthys polylepis,Hemitaurichthys polylepis,False,False
Forcipiger_longirostris_iNaturalist_350169.jpg,/Users/michaelalfaro/Dropbox/git/downloading-fish-images-2026/images_inaturalist/Forcipiger_longirostris_iNaturalist_350169.jpg,inaturalist,Forcipiger longirostris,Forcipiger longirostris,False,False
Chaetodon_xanthurus_iNaturalist_332071356.jpg,/Users/michaelalfaro/Dropbox/git/downloading-fish-images-2026/images_inaturalist/Chaetodon_xanthurus_iNaturalist_332071356.jpg,inaturalist,Chaetodon xanthurus,Chaetodon xanthurus,False,False
Heniochus_diphreutes_iNaturalist_178100777.jpg,/Users/michaelalfaro/Dropbox/git/downloading-fish-images-2026/images_inaturalist/Heniochus_diphreutes_iNaturalist_178100777.jpg,inaturalist,Heniochus diphreutes,Heniochus diphreutes,False,False
Heniochus_monoceros_iNaturalist_172139341.jpg,/Users/michaelalfaro/Dropbox/git/downloading-fish-images-2026/images_inaturalist/Heniochus_monoceros_iNaturalist_172139341.jpg,inaturalist,Heniochus monoceros,Heniochus monoceros,False,False
Chaetodon_mesoleucos_iNaturalist_465897441.jpg,/Users/michaelalfaro/Dropbox/git/downloading-fish-images-2026/images_inaturalist/Chaetodon_mesoleucos_iNaturalist_465897441.jpg,inaturalist,Chaetodon mesoleucos,Chaetodon mesoleucos,False,False
Chaetodon_litus_iNaturalist_490178965.jpg,/Users/michaelalfaro/Dropbox/git/downloading-fish-images-2026/images_inaturalist/Chaetodon_litus_iNaturalist_490178965.jpg,inaturalist,Chaetodon litus,Chaetodon litus,False,False
Parachaetodon_ocellatus_iNaturalist_127629586.jpg,/Users/michaelalfaro/Dropbox/git/downloading-fish-images-2026/images_inaturalist/Parachaetodon_ocellatus_iNaturalist_127629586.jpg,inaturalist,Parachaetodon ocellatus,Parachaetodon ocellatus,False,False
Prognathodes_carlhubbsi_iNaturalist_443367465.jpg,/Users/michaelalfaro/Dropbox/git/downloading-fish-images-2026/images_inaturalist/Prognathodes_carlhubbsi_iNaturalist_443367465.jpg,inaturalist,Prognathodes carlhubbsi,Prognathodes carlhubbsi,False,False
Chaetodon_assarius_iNaturalist_477274770.jpg,/Users/michaelalfaro/Dropbox/git/downloading-fish-images-2026/images_inaturalist/Chaetodon_assarius_iNaturalist_477274770.jpg,inaturalist,Chaetodon assarius,Chaetodon assarius,False,False
Chaetodon_ocellatus_iNaturalist_21126529.jpg,/Users/michaelalfaro/Dropbox/git/downloading-fish-images-2026/images_inaturalist/Chaetodon_ocellatus_iNaturalist_21126529.jpg,inaturalist,Chaetodon ocellatus,Chaetodon ocellatus,False,False
Chaetodon_burgessi_iNaturalist_117360580.jpg,/Users/michaelalfaro/Dropbox/git/downloading-fish-images-2026/images_inaturalist/Chaetodon_burgessi_iNaturalist_117360580.jpg,inaturalist,Chaetodon burgessi,Chaetodon burgessi,False,False
Chaetodon_andamanensis_iNaturalist_205344829.jpg,/Users/michaelalfaro/Dropbox/git/downloading-fish-images-2026/images_inaturalist/Chaetodon_andamanensis_iNaturalist_205344829.jpg,inaturalist,Chaetodon andamanensis,Chaetodon andamanensis,False,False
Chaetodon_dolosus_iNaturalist_343070907.jpg,/Users/michaelalfaro/Dropbox/git/downloading-fish-images-2026/images_inaturalist/Chaetodon_dolosus_iNaturalist_343070907.jpg,inaturalist,Chaetodon dolosus,Chaetodon dolosus,False,False
Chaetodon_plebeius_iNaturalist_443767734.jpg,/Users/michaelalfaro/Dropbox/git/downloading-fish-images-2026/images_inaturalist/Chaetodon_plebeius_iNaturalist_443767734.jpg,inaturalist,Chaetodon plebeius,Chaetodon plebeius,False,False
Chaetodon_melapterus_iNaturalist_31528972.jpg,/Users/michaelalfaro/Dropbox/git/downloading-fish-images-2026/images_inaturalist/Chaetodon_melapterus_iNaturalist_31528972.jpg,inaturalist,Chaetodon melapterus,Chaetodon melapterus,False,False
Amphichaetodon_howensis_iNaturalist_384666682.jpg,/Users/michaelalfaro/Dropbox/git/downloading-fish-images-2026/images_inaturalist/Amphichaetodon_howensis_iNaturalist_384666682.jpg,inaturalist,Amphichaetodon howensis,Amphichaetodon howensis,False,False
Chaetodon_humeralis_iNaturalist_88599882.jpg,/Users/michaelalfaro/Dropbox/git/downloading-fish-images-2026/images_inaturalist/Chaetodon_humeralis_iNaturalist_88599882.jpg,inaturalist,Chaetodon humeralis,Chaetodon humeralis,False,False
Chaetodon_fasciatus_iNaturalist_595286178.jpg,/Users/michaelalfaro/Dropbox/git/downloading-fish-images-2026/images_inaturalist/Chaetodon_fasciatus_iNaturalist_595286178.jpg,inaturalist,Chaetodon fasciatus,Chaetodon fasciatus,False,False
Chaetodon_ocellicaudus_iNaturalist_459663675.jpg,/Users/michaelalfaro/Dropbox/git/downloading-fish-images-2026/images_inaturalist/Chaetodon_ocellicaudus_iNaturalist_459663675.jpg,inaturalist,Chaetodon ocellicaudus,Chaetodon ocellicaudus,False,False
Prognathodes_carlhubbsi_iNaturalist_197703.jpg,/Users/michaelalfaro/Dropbox/git/downloading-fish-images-2026/images_inaturalist/Prognathodes_carlhubbsi_iNaturalist_197703.jpg,inaturalist,Prognathodes carlhubbsi,Prognathodes carlhubbsi,False,False
Chaetodon_capistratus_iNaturalist_476314039.jpg,/Users/michaelalfaro/Dropbox/git/downloading-fish-images-2026/images_inaturalist/Chaetodon_capistratus_iNaturalist_476314039.jpg,inaturalist,Chaetodon capistratus,Chaetodon capistratus,False,False
Chaetodon_robustus_iNaturalist_278213241.jpg,/Users/michaelalfaro/Dropbox/git/downloading-fish-images-2026/images_inaturalist/Chaetodon_robustus_iNaturalist_278213241.jpg,inaturalist,Chaetodon robustus,Chaetodon robustus,False,False
Chaetodon_auripes_iNaturalist_563039127.jpg,/Users/michaelalfaro/Dropbox/git/downloading-fish-images-2026/images_inaturalist/Chaetodon_auripes_iNaturalist_563039127.jpg,inaturalist,Chaetodon auripes,Chaetodon auripes,False,False
Heniochus_monoceros_iNaturalist_172139432.jpg,/Users/michaelalfaro/Dropbox/git/downloading-fish-images-2026/images_inaturalist/Heniochus_monoceros_iNaturalist_172139432.jpg,inaturalist,Heniochus monoceros,Heniochus monoceros,False,False
Chaetodon_aureofasciatus_iNaturalist_204606708.jpg,/Users/michaelalfaro/Dropbox/git/downloading-fish-images-2026/images_inaturalist/Chaetodon_aureofasciatus_iNaturalist_204606708.jpg,inaturalist,Chaetodon aureofasciatus,Chaetodon aureofasciatus,False,False
Chaetodon_reticulatus_iNaturalist_487632982.jpg,/Users/michaelalfaro/Dropbox/git/downloading-fish-images-2026/images_inaturalist/Chaetodon_reticulatus_iNaturalist_487632982.jpg,inaturalist,Chaetodon reticulatus,Chaetodon reticulatus,False,False
Chaetodon_trifasciatus_iNaturalist_454497011.jpg,/Users/michaelalfaro/Dropbox/git/downloading-fish-images-2026/images_inaturalist/Chaetodon_trifasciatus_iNaturalist_454497011.jpg,inaturalist,Chaetodon trifasciatus,Chaetodon trifasciatus,False,False
Prognathodes_aculeatus_iNaturalist_30531970.jpg,/Users/michaelalfaro/Dropbox/git/downloading-fish-images-2026/images_inaturalist/Prognathodes_aculeatus_iNaturalist_30531970.jpg,inaturalist,Prognathodes aculeatus,Prognathodes aculeatus,False,False
Chaetodon_larvatus_iNaturalist_183943854.jpg,/Users/michaelalfaro/Dropbox/git/downloading-fish-images-2026/images_inaturalist/Chaetodon_larvatus_iNaturalist_183943854.jpg,inaturalist,Chaetodon larvatus,Chaetodon larvatus,False,False
Chaetodon_decussatus_iNaturalist_249961062.jpg,/Users/michaelalfaro/Dropbox/git/downloading-fish-images-2026/images_inaturalist/Chaetodon_decussatus_iNaturalist_249961062.jpg,inaturalist,Chaetodon decussatus,Chaetodon decussatus,False,False
Chaetodon_fremblii_iNaturalist_101580731.jpg,/Users/michaelalfaro/Dropbox/git/downloading-fish-images-2026/images_inaturalist/Chaetodon_fremblii_iNaturalist_101580731.jpg,inaturalist,Chaetodon fremblii,Chaetodon fremblii,False,False
Coradion_chrysozonus_iNaturalist_277154827.jpg,/Users/michaelalfaro/Dropbox/git/downloading-fish-images-2026/images_inaturalist/Coradion_chrysozonus_iNaturalist_277154827.jpg,inaturalist,Coradion chrysozonus,Coradion chrysozonus,False,False
Chaetodon_ocellicaudus_iNaturalist_472685751.jpg,/Users/michaelalfaro/Dropbox/git/downloading-fish-images-2026/images_inaturalist/Chaetodon_ocellicaudus_iNaturalist_472685751.jpg,inaturalist,Chaetodon ocellicaudus,Chaetodon ocellicaudus,False,False
Chaetodon_guttatissimus_iNaturalist_473229926.jpg,/Users/michaelalfaro/Dropbox/git/downloading-fish-images-2026/images_inaturalist/Chaetodon_guttatissimus_iNaturalist_473229926.jpg,inaturalist,Chaetodon guttatissimus,Chaetodon guttatissimus,False,False
Chaetodon_nippon_iNaturalist_453789927.jpg,/Users/michaelalfaro/Dropbox/git/downloading-fish-images-2026/images_inaturalist/Chaetodon_nippon_iNaturalist_453789927.jpg,inaturalist,Chaetodon nippon,Chaetodon nippon,False,False
Chaetodon_melannotus_iNaturalist_225310656.jpg,/Users/michaelalfaro/Dropbox/git/downloading-fish-images-2026/images_inaturalist/Chaetodon_melannotus_iNaturalist_225310656.jpg,inaturalist,Chaetodon melannotus,Chaetodon melannotus,False,False
Chaetodon_oxycephalus_iNaturalist_423160550.jpg,/Users/michaelalfaro/Dropbox/git/downloading-fish-images-2026/images_inaturalist/Chaetodon_oxycephalus_iNaturalist_423160550.jpg,inaturalist,Chaetodon oxycephalus,Chaetodon oxycephalus,False,False
Chaetodon_sanctaehelenae_iNaturalist_578388963.jpg,/Users/michaelalfaro/Dropbox/git/downloading-fish-images-2026/images_inaturalist/Chaetodon_sanctaehelenae_iNaturalist_578388963.jpg,inaturalist,Chaetodon sanctaehelenae,Chaetodon sanctaehelenae,False,False
Chaetodon_marleyi_iNaturalist_598506457.jpg,/Users/michaelalfaro/Dropbox/git/downloading-fish-images-2026/images_inaturalist/Chaetodon_marleyi_iNaturalist_598506457.jpg,inaturalist,Chaetodon marleyi,Chaetodon marleyi,False,False
Chaetodon_lunulatus_iNaturalist_204763128.jpg,/Users/michaelalfaro/Dropbox/git/downloading-fish-images-2026/images_inaturalist/Chaetodon_lunulatus_iNaturalist_204763128.jpg,inaturalist,Chaetodon lunulatus,Chaetodon lunulatus,False,False
Chaetodon_melapterus_iNaturalist_613002357.jpg,/Users/michaelalfaro/Dropbox/git/downloading-fish-images-2026/images_inaturalist/Chaetodon_melapterus_iNaturalist_613002357.jpg,inaturalist,Chaetodon melapterus,Chaetodon melapterus,False,False
Chaetodon_striatus_iNaturalist_44877104.jpg,/Users/michaelalfaro/Dropbox/git/downloading-fish-images-2026/images_inaturalist/Chaetodon_striatus_iNaturalist_44877104.jpg,inaturalist,Chaetodon striatus,Chaetodon striatus,False,False
Chaetodon_tricinctus_iNaturalist_287702203.jpg,/Users/michaelalfaro/Dropbox/git/downloading-fish-images-2026/images_inaturalist/Chaetodon_tricinctus_iNaturalist_287702203.jpg,inaturalist,Chaetodon tricinctus,Chaetodon tricinctus,False,False
Coradion_altivelis_iNaturalist_600159384.jpg,/Users/michaelalfaro/Dropbox/git/downloading-fish-images-2026/images_inaturalist/Coradion_altivelis_iNaturalist_600159384.jpg,inaturalist,Coradion altivelis,Coradion altivelis,False,False
Chaetodon_melannotus_iNaturalist_225310685.jpg,/Users/michaelalfaro/Dropbox/git/downloading-fish-images-2026/images_inaturalist/Chaetodon_melannotus_iNaturalist_225310685.jpg,inaturalist,Chaetodon melannotus,Chaetodon melannotus,False,False
Chaetodon_zanzibarensis_iNaturalist_459837615.jpg,/Users/michaelalfaro/Dropbox/git/downloading-fish-images-2026/images_inaturalist/Chaetodon_zanzibarensis_iNaturalist_459837615.jpg,inaturalist,Chaetodon zanzibarensis,Chaetodon zanzibarensis,False,False
Heniochus_pleurotaenia_iNaturalist_474493869.jpg,/Users/michaelalfaro/Dropbox/git/downloading-fish-images-2026/images_inaturalist/Heniochus_pleurotaenia_iNaturalist_474493869.jpg,inaturalist,Heniochus pleurotaenia,Heniochus pleurotaenia,False,False
Coradion_altivelis_iNaturalist_220153501.jpg,/Users/michaelalfaro/Dropbox/git/downloading-fish-images-2026/images_inaturalist/Coradion_altivelis_iNaturalist_220153501.jpg,inaturalist,Coradion altivelis,Coradion altivelis,False,False
Chaetodon_decussatus_iNaturalist_42777173.jpg,/Users/michaelalfaro/Dropbox/git/downloading-fish-images-2026/images_inaturalist/Chaetodon_decussatus_iNaturalist_42777173.jpg,inaturalist,Chaetodon decussatus,Chaetodon decussatus,False,False
Chaetodon_hoefleri_iNaturalist_349923956.jpg,/Users/michaelalfaro/Dropbox/git/downloading-fish-images-2026/images_inaturalist/Chaetodon_hoefleri_iNaturalist_349923956.jpg,inaturalist,Chaetodon hoefleri,Chaetodon hoefleri,False,False
Chaetodon_fasciatus_iNaturalist_344206971.jpg,/Users/michaelalfaro/Dropbox/git/downloading-fish-images-2026/images_inaturalist/Chaetodon_fasciatus_iNaturalist_344206971.jpg,inaturalist,Chaetodon fasciatus,Chaetodon fasciatus,False,False
Coradion_melanopus_iNaturalist_572762865.jpg,/Users/michaelalfaro/Dropbox/git/downloading-fish-images-2026/images_inaturalist/Coradion_melanopus_iNaturalist_572762865.jpg,inaturalist,Coradion melanopus,Coradion melanopus,False,False
Chaetodon_gardineri_iNaturalist_60495450.jpg,/Users/michaelalfaro/Dropbox/git/downloading-fish-images-2026/images_inaturalist/Chaetodon_gardineri_iNaturalist_60495450.jpg,inaturalist,Chaetodon gardineri,Chaetodon gardineri,False,False
Heniochus_intermedius_iNaturalist_582254294.jpg,/Users/michaelalfaro/Dropbox/git/downloading-fish-images-2026/images_inaturalist/Heniochus_intermedius_iNaturalist_582254294.jpg,inaturalist,Heniochus intermedius,Heniochus intermedius,False,False
Chaetodon_xanthocephalus_iNaturalist_593967746.jpg,/Users/michaelalfaro/Dropbox/git/downloading-fish-images-2026/images_inaturalist/Chaetodon_xanthocephalus_iNaturalist_593967746.jpg,inaturalist,Chaetodon xanthocephalus,Chaetodon xanthocephalus,False,False
Chaetodon_striatus_iNaturalist_516231487.jpg,/Users/michaelalfaro/Dropbox/git/downloading-fish-images-2026/images_inaturalist/Chaetodon_striatus_iNaturalist_516231487.jpg,inaturalist,Chaetodon striatus,Chaetodon striatus,False,False
Chaetodon_bennetti_iNaturalist_476710068.jpg,/Users/michaelalfaro/Dropbox/git/downloading-fish-images-2026/images_inaturalist/Chaetodon_bennetti_iNaturalist_476710068.jpg,inaturalist,Chaetodon bennetti,Chaetodon bennetti,False,False
Chaetodon_interruptus_iNaturalist_82279573.jpg,/Users/michaelalfaro/Dropbox/git/downloading-fish-images-2026/images_inaturalist/Chaetodon_interruptus_iNaturalist_82279573.jpg,inaturalist,Chaetodon interruptus,Chaetodon interruptus,False,False
Chaetodon_auriga_iNaturalist_389831783.jpg,/Users/michaelalfaro/Dropbox/git/downloading-fish-images-2026/images_inaturalist/Chaetodon_auriga_iNaturalist_389831783.jpg,inaturalist,Chaetodon auriga,Chaetodon auriga,False,False
Chaetodon_wiebeli_iNaturalist_303837873.jpg,/Users/michaelalfaro/Dropbox/git/downloading-fish-images-2026/images_inaturalist/Chaetodon_wiebeli_iNaturalist_303837873.jpg,inaturalist,Chaetodon wiebeli,Chaetodon wiebeli,False,False
Chaetodon_auriga_iNaturalist_559191666.jpg,/Users/michaelalfaro/Dropbox/git/downloading-fish-images-2026/images_inaturalist/Chaetodon_auriga_iNaturalist_559191666.jpg,inaturalist,Chaetodon auriga,Chaetodon auriga,False,False
Chaetodon_interruptus_iNaturalist_82279598.jpg,/Users/michaelalfaro/Dropbox/git/downloading-fish-images-2026/images_inaturalist/Chaetodon_interruptus_iNaturalist_82279598.jpg,inaturalist,Chaetodon interruptus,Chaetodon interruptus,False,False
Chaetodon_fremblii_iNaturalist_380394577.jpg,/Users/michaelalfaro/Dropbox/git/downloading-fish-images-2026/images_inaturalist/Chaetodon_fremblii_iNaturalist_380394577.jpg,inaturalist,Chaetodon fremblii,Chaetodon fremblii,False,False
Chelmon_muelleri_iNaturalist_241886728.jpg,/Users/michaelalfaro/Dropbox/git/downloading-fish-images-2026/images_inaturalist/Chelmon_muelleri_iNaturalist_241886728.jpg,inaturalist,Chelmon muelleri,Chelmon muelleri,False,False
Chaetodon_daedalma_iNaturalist_390092673.jpg,/Users/michaelalfaro/Dropbox/git/downloading-fish-images-2026/images_inaturalist/Chaetodon_daedalma_iNaturalist_390092673.jpg,inaturalist,Chaetodon daedalma,Chaetodon daedalma,False,False
Chaetodon_robustus_iNaturalist_576757436.jpg,/Users/michaelalfaro/Dropbox/git/downloading-fish-images-2026/images_inaturalist/Chaetodon_robustus_iNaturalist_576757436.jpg,inaturalist,Chaetodon robustus,Chaetodon robustus,False,False
Forcipiger_longirostris_iNaturalist_527171759.jpg,/Users/michaelalfaro/Dropbox/git/downloading-fish-images-2026/images_inaturalist/Forcipiger_longirostris_iNaturalist_527171759.jpg,inaturalist,Forcipiger longirostris,Forcipiger longirostris,False,False
Chaetodon_ephippium_iNaturalist_436944065.jpg,/Users/michaelalfaro/Dropbox/git/downloading-fish-images-2026/images_inaturalist/Chaetodon_ephippium_iNaturalist_436944065.jpg,inaturalist,Chaetodon ephippium,Chaetodon ephippium,False,False
Chaetodon_humeralis_iNaturalist_85384668.jpg,/Users/michaelalfaro/Dropbox/git/downloading-fish-images-2026/images_inaturalist/Chaetodon_humeralis_iNaturalist_85384668.jpg,inaturalist,Chaetodon humeralis,Chaetodon humeralis,False,False
Chaetodon_semeion_iNaturalist_85606809.jpg,/Users/michaelalfaro/Dropbox/git/downloading-fish-images-2026/images_inaturalist/Chaetodon_semeion_iNaturalist_85606809.jpg,inaturalist,Chaetodon semeion,Chaetodon semeion,False,False
Chaetodon_leucopleura_iNaturalist_551762355.jpg,/Users/michaelalfaro/Dropbox/git/downloading-fish-images-2026/images_inaturalist/Chaetodon_leucopleura_iNaturalist_551762355.jpg,inaturalist,Chaetodon leucopleura,Chaetodon leucopleura,False,False
Chaetodon_citrinellus_iNaturalist_233426826.jpg,/Users/michaelalfaro/Dropbox/git/downloading-fish-images-2026/images_inaturalist/Chaetodon_citrinellus_iNaturalist_233426826.jpg,inaturalist,Chaetodon citrinellus,Chaetodon citrinellus,False,False
Chaetodon_pelewensis_iNaturalist_197012322.jpg,/Users/michaelalfaro/Dropbox/git/downloading-fish-images-2026/images_inaturalist/Chaetodon_pelewensis_iNaturalist_197012322.jpg,inaturalist,Chaetodon pelewensis,Chaetodon pelewensis,False,False
Chaetodon_auriga_iNaturalist_220938852.jpg,/Users/michaelalfaro/Dropbox/git/downloading-fish-images-2026/images_inaturalist/Chaetodon_auriga_iNaturalist_220938852.jpg,inaturalist,Chaetodon auriga,Chaetodon auriga,False,False
Chaetodon_madagaskariensis_iNaturalist_233631122.jpg,/Users/michaelalfaro/Dropbox/git/downloading-fish-images-2026/images_inaturalist/Chaetodon_madagaskariensis_iNaturalist_233631122.jpg,inaturalist,Chaetodon madagaskariensis,Chaetodon madagaskariensis,False,False
Chaetodon_speculum_iNaturalist_209502838.jpg,/Users/michaelalfaro/Dropbox/git/downloading-fish-images-2026/images_inaturalist/Chaetodon_speculum_iNaturalist_209502838.jpg,inaturalist,Chaetodon speculum,Chaetodon speculum,False,False
Chaetodon_burgessi_iNaturalist_417137299.jpg,/Users/michaelalfaro/Dropbox/git/downloading-fish-images-2026/images_inaturalist/Chaetodon_burgessi_iNaturalist_417137299.jpg,inaturalist,Chaetodon burgessi,Chaetodon burgessi,False,False
Chaetodon_andamanensis_iNaturalist_177672904.jpg,/Users/michaelalfaro/Dropbox/git/downloading-fish-images-2026/images_inaturalist/Chaetodon_andamanensis_iNaturalist_177672904.jpg,inaturalist,Chaetodon andamanensis,Chaetodon andamanensis,False,False
Chaetodon_litus_iNaturalist_474014549.jpg,/Users/michaelalfaro/Dropbox/git/downloading-fish-images-2026/images_inaturalist/Chaetodon_litus_iNaturalist_474014549.jpg,inaturalist,Chaetodon litus,Chaetodon litus,False,False
Heniochus_intermedius_iNaturalist_511341361.jpg,/Users/michaelalfaro/Dropbox/git/downloading-fish-images-2026/images_inaturalist/Heniochus_intermedius_iNaturalist_511341361.jpg,inaturalist,Heniochus intermedius,Heniochus intermedius,False,False
Chaetodon_ephippium_iNaturalist_15333789.jpg,/Users/michaelalfaro/Dropbox/git/downloading-fish-images-2026/images_inaturalist/Chaetodon_ephippium_iNaturalist_15333789.jpg,inaturalist,Chaetodon ephippium,Chaetodon ephippium,False,False
Chaetodon_vagabundus_iNaturalist_91073842.jpg,/Users/michaelalfaro/Dropbox/git/downloading-fish-images-2026/images_inaturalist/Chaetodon_vagabundus_iNaturalist_91073842.jpg,inaturalist,Chaetodon vagabundus,Chaetodon vagabundus,False,False
Chaetodon_trichrous_iNaturalist_350883651.jpg,/Users/michaelalfaro/Dropbox/git/downloading-fish-images-2026/images_inaturalist/Chaetodon_trichrous_iNaturalist_350883651.jpg,inaturalist,Chaetodon trichrous,Chaetodon trichrous,False,False
Forcipiger_flavissimus_iNaturalist_17443763.jpg,/Users/michaelalfaro/Dropbox/git/downloading-fish-images-2026/images_inaturalist/Forcipiger_flavissimus_iNaturalist_17443763.jpg,inaturalist,Forcipiger flavissimus,Forcipiger flavissimus,False,False
Chaetodon_lineolatus_iNaturalist_474229031.jpg,/Users/michaelalfaro/Dropbox/git/downloading-fish-images-2026/images_inaturalist/Chaetodon_lineolatus_iNaturalist_474229031.jpg,inaturalist,Chaetodon lineolatus,Chaetodon lineolatus,False,False
Forcipiger_longirostris_iNaturalist_474224219.jpg,/Users/michaelalfaro/Dropbox/git/downloading-fish-images-2026/images_inaturalist/Forcipiger_longirostris_iNaturalist_474224219.jpg,inaturalist,Forcipiger longirostris,Forcipiger longirostris,False,False
Chaetodon_ocellicaudus_iNaturalist_467374317.jpg,/Users/michaelalfaro/Dropbox/git/downloading-fish-images-2026/images_inaturalist/Chaetodon_ocellicaudus_iNaturalist_467374317.jpg,inaturalist,Chaetodon ocellicaudus,Chaetodon ocellicaudus,False,False
Chaetodon_nippon_iNaturalist_11570042.jpg,/Users/michaelalfaro/Dropbox/git/downloading-fish-images-2026/images_inaturalist/Chaetodon_nippon_iNaturalist_11570042.jpg,inaturalist,Chaetodon nippon,Chaetodon nippon,False,False
Forcipiger_wanai_iNaturalist_435112008.jpg,/Users/michaelalfaro/Dropbox/git/downloading-fish-images-2026/images_inaturalist/Forcipiger_wanai_iNaturalist_435112008.jpg,inaturalist,Forcipiger wanai,Forcipiger wanai,False,False
Chaetodon_xanthurus_iNaturalist_221164225.jpg,/Users/michaelalfaro/Dropbox/git/downloading-fish-images-2026/images_inaturalist/Chaetodon_xanthurus_iNaturalist_221164225.jpg,inaturalist,Chaetodon xanthurus,Chaetodon xanthurus,False,False
Chaetodon_quadrimaculatus_iNaturalist_234795159.jpg,/Users/michaelalfaro/Dropbox/git/downloading-fish-images-2026/images_inaturalist/Chaetodon_quadrimaculatus_iNaturalist_234795159.jpg,inaturalist,Chaetodon quadrimaculatus,Chaetodon quadrimaculatus,False,False
Chaetodon_marleyi_iNaturalist_547984306.jpg,/Users/michaelalfaro/Dropbox/git/downloading-fish-images-2026/images_inaturalist/Chaetodon_marleyi_iNaturalist_547984306.jpg,inaturalist,Chaetodon marleyi,Chaetodon marleyi,False,False
Chaetodon_xanthurus_iNaturalist_101304801.jpg,/Users/michaelalfaro/Dropbox/git/downloading-fish-images-2026/images_inaturalist/Chaetodon_xanthurus_iNaturalist_101304801.jpg,inaturalist,Chaetodon xanthurus,Chaetodon xanthurus,False,False
Heniochus_chrysostomus_iNaturalist_237980308.jpg,/Users/michaelalfaro/Dropbox/git/downloading-fish-images-2026/images_inaturalist/Heniochus_chrysostomus_iNaturalist_237980308.jpg,inaturalist,Heniochus chrysostomus,Heniochus chrysostomus,False,False
Chaetodon_citrinellus_iNaturalist_471967882.jpg,/Users/michaelalfaro/Dropbox/git/downloading-fish-images-2026/images_inaturalist/Chaetodon_citrinellus_iNaturalist_471967882.jpg,inaturalist,Chaetodon citrinellus,Chaetodon citrinellus,False,False
Chaetodon_reticulatus_iNaturalist_261570999.jpg,/Users/michaelalfaro/Dropbox/git/downloading-fish-images-2026/images_inaturalist/Chaetodon_reticulatus_iNaturalist_261570999.jpg,inaturalist,Chaetodon reticulatus,Chaetodon reticulatus,False,False
Heniochus_diphreutes_iNaturalist_605814272.jpg,/Users/michaelalfaro/Dropbox/git/downloading-fish-images-2026/images_inaturalist/Heniochus_diphreutes_iNaturalist_605814272.jpg,inaturalist,Heniochus diphreutes,Heniochus diphreutes,False,False
Chaetodon_nippon_iNaturalist_574792403.jpg,/Users/michaelalfaro/Dropbox/git/downloading-fish-images-2026/images_inaturalist/Chaetodon_nippon_iNaturalist_574792403.jpg,inaturalist,Chaetodon nippon,Chaetodon nippon,False,False
Heniochus_diphreutes_iNaturalist_305134134.jpg,/Users/michaelalfaro/Dropbox/git/downloading-fish-images-2026/images_inaturalist/Heniochus_diphreutes_iNaturalist_305134134.jpg,inaturalist,Heniochus diphreutes,Heniochus diphreutes,False,False
Chaetodon_semilarvatus_iNaturalist_234638753.jpg,/Users/michaelalfaro/Dropbox/git/downloading-fish-images-2026/images_inaturalist/Chaetodon_semilarvatus_iNaturalist_234638753.jpg,inaturalist,Chaetodon semilarvatus,Chaetodon semilarvatus,False,False
Roa_modesta_iNaturalist_351064648.jpg,/Users/michaelalfaro/Dropbox/git/downloading-fish-images-2026/images_inaturalist/Roa_modesta_iNaturalist_351064648.jpg,inaturalist,Roa modesta,Roa modesta,False,False
Heniochus_pleurotaenia_iNaturalist_474493868.jpg,/Users/michaelalfaro/Dropbox/git/downloading-fish-images-2026/images_inaturalist/Heniochus_pleurotaenia_iNaturalist_474493868.jpg,inaturalist,Heniochus pleurotaenia,Heniochus pleurotaenia,False,False
Chaetodon_ocellatus_iNaturalist_230787450.jpg,/Users/michaelalfaro/Dropbox/git/downloading-fish-images-2026/images_inaturalist/Chaetodon_ocellatus_iNaturalist_230787450.jpg,inaturalist,Chaetodon ocellatus,Chaetodon ocellatus,False,False
Chaetodon_trichrous_iNaturalist_472558208.jpg,/Users/michaelalfaro/Dropbox/git/downloading-fish-images-2026/images_inaturalist/Chaetodon_trichrous_iNaturalist_472558208.jpg,inaturalist,Chaetodon trichrous,Chaetodon trichrous,False,False
Chaetodon_nippon_iNaturalist_84067425.jpg,/Users/michaelalfaro/Dropbox/git/downloading-fish-images-2026/images_inaturalist/Chaetodon_nippon_iNaturalist_84067425.jpg,inaturalist,Chaetodon nippon,Chaetodon nippon,False,False
Hemitaurichthys_zoster_iNaturalist_601708912.jpg,/Users/michaelalfaro/Dropbox/git/downloading-fish-images-2026/images_inaturalist/Hemitaurichthys_zoster_iNaturalist_601708912.jpg,inaturalist,Hemitaurichthys zoster,Hemitaurichthys zoster,False,False
Chaetodon_austriacus_iNaturalist_606348798.jpg,/Users/michaelalfaro/Dropbox/git/downloading-fish-images-2026/images_inaturalist/Chaetodon_austriacus_iNaturalist_606348798.jpg,inaturalist,Chaetodon austriacus,Chaetodon austriacus,False,False
Chaetodon_lunulatus_iNaturalist_204763105.jpg,/Users/michaelalfaro/Dropbox/git/downloading-fish-images-2026/images_inaturalist/Chaetodon_lunulatus_iNaturalist_204763105.jpg,inaturalist,Chaetodon lunulatus,Chaetodon lunulatus,False,False
Chelmon_rostratus_iNaturalist_138964692.jpg,/Users/michaelalfaro/Dropbox/git/downloading-fish-images-2026/images_inaturalist/Chelmon_rostratus_iNaturalist_138964692.jpg,inaturalist,Chelmon rostratus,Chelmon rostratus,False,False
Chaetodon_mitratus_iNaturalist_258575955.jpg,/Users/michaelalfaro/Dropbox/git/downloading-fish-images-2026/images_inaturalist/Chaetodon_mitratus_iNaturalist_258575955.jpg,inaturalist,Chaetodon mitratus,Chaetodon mitratus,False,False
Chaetodon_melannotus_iNaturalist_241736994.jpg,/Users/michaelalfaro/Dropbox/git/downloading-fish-images-2026/images_inaturalist/Chaetodon_melannotus_iNaturalist_241736994.jpg,inaturalist,Chaetodon melannotus,Chaetodon melannotus,False,False
Chaetodon_speculum_iNaturalist_351451545.jpg,/Users/michaelalfaro/Dropbox/git/downloading-fish-images-2026/images_inaturalist/Chaetodon_speculum_iNaturalist_351451545.jpg,inaturalist,Chaetodon speculum,Chaetodon speculum,False,False
Chaetodon_hoefleri_iNaturalist_349923955.jpg,/Users/michaelalfaro/Dropbox/git/downloading-fish-images-2026/images_inaturalist/Chaetodon_hoefleri_iNaturalist_349923955.jpg,inaturalist,Chaetodon hoefleri,Chaetodon hoefleri,False,False
Chaetodon_selene_iNaturalist_2465500.jpg,/Users/michaelalfaro/Dropbox/git/downloading-fish-images-2026/images_inaturalist/Chaetodon_selene_iNaturalist_2465500.jpg,inaturalist,Chaetodon selene,Chaetodon selene,False,False
Chaetodon_collare_iNaturalist_483798684.jpg,/Users/michaelalfaro/Dropbox/git/downloading-fish-images-2026/images_inaturalist/Chaetodon_collare_iNaturalist_483798684.jpg,inaturalist,Chaetodon collare,Chaetodon collare,False,False
Chaetodon_burgessi_iNaturalist_264122895.jpg,/Users/michaelalfaro/Dropbox/git/downloading-fish-images-2026/images_inaturalist/Chaetodon_burgessi_iNaturalist_264122895.jpg,inaturalist,Chaetodon burgessi,Chaetodon burgessi,False,False
Chaetodon_flavirostris_iNaturalist_17376679.jpg,/Users/michaelalfaro/Dropbox/git/downloading-fish-images-2026/images_inaturalist/Chaetodon_flavirostris_iNaturalist_17376679.jpg,inaturalist,Chaetodon flavirostris,Chaetodon flavirostris,False,False
Hemitaurichthys_zoster_iNaturalist_15934136.jpg,/Users/michaelalfaro/Dropbox/git/downloading-fish-images-2026/images_inaturalist/Hemitaurichthys_zoster_iNaturalist_15934136.jpg,inaturalist,Hemitaurichthys zoster,Hemitaurichthys zoster,False,False
Heniochus_singularius_iNaturalist_479558505.jpg,/Users/michaelalfaro/Dropbox/git/downloading-fish-images-2026/images_inaturalist/Heniochus_singularius_iNaturalist_479558505.jpg,inaturalist,Heniochus singularius,Heniochus singularius,False,False
Coradion_chrysozonus_iNaturalist_266332535.jpg,/Users/michaelalfaro/Dropbox/git/downloading-fish-images-2026/images_inaturalist/Coradion_chrysozonus_iNaturalist_266332535.jpg,inaturalist,Coradion chrysozonus,Coradion chrysozonus,False,False
Chaetodon_paucifasciatus_iNaturalist_449950227.jpg,/Users/michaelalfaro/Dropbox/git/downloading-fish-images-2026/images_inaturalist/Chaetodon_paucifasciatus_iNaturalist_449950227.jpg,inaturalist,Chaetodon paucifasciatus,Chaetodon paucifasciatus,False,False
Chaetodon_flavirostris_iNaturalist_19897048.jpg,/Users/michaelalfaro/Dropbox/git/downloading-fish-images-2026/images_inaturalist/Chaetodon_flavirostris_iNaturalist_19897048.jpg,inaturalist,Chaetodon flavirostris,Chaetodon flavirostris,False,False
Chaetodon_speculum_iNaturalist_373588991.jpg,/Users/michaelalfaro/Dropbox/git/downloading-fish-images-2026/images_inaturalist/Chaetodon_speculum_iNaturalist_373588991.jpg,inaturalist,Chaetodon speculum,Chaetodon speculum,False,False
Chaetodon_melannotus_iNaturalist_228710894.jpg,/Users/michaelalfaro/Dropbox/git/downloading-fish-images-2026/images_inaturalist/Chaetodon_melannotus_iNaturalist_228710894.jpg,inaturalist,Chaetodon melannotus,Chaetodon melannotus,False,False
Johnrandallia_nigrirostris_iNaturalist_347256914.jpg,/Users/michaelalfaro/Dropbox/git/downloading-fish-images-2026/images_inaturalist/Johnrandallia_nigrirostris_iNaturalist_347256914.jpg,inaturalist,Johnrandallia nigrirostris,Johnrandallia nigrirostris,False,False
Chelmon_rostratus_iNaturalist_422514686.jpg,/Users/michaelalfaro/Dropbox/git/downloading-fish-images-2026/images_inaturalist/Chelmon_rostratus_iNaturalist_422514686.jpg,inaturalist,Chelmon rostratus,Chelmon rostratus,False,False
Chaetodon_semeion_iNaturalist_483843324.jpg,/Users/michaelalfaro/Dropbox/git/downloading-fish-images-2026/images_inaturalist/Chaetodon_semeion_iNaturalist_483843324.jpg,inaturalist,Chaetodon semeion,Chaetodon semeion,False,False
Chaetodon_fasciatus_iNaturalist_174967542.jpg,/Users/michaelalfaro/Dropbox/git/downloading-fish-images-2026/images_inaturalist/Chaetodon_fasciatus_iNaturalist_174967542.jpg,inaturalist,Chaetodon fasciatus,Chaetodon fasciatus,False,False
Chaetodon_burgessi_iNaturalist_608111330.jpg,/Users/michaelalfaro/Dropbox/git/downloading-fish-images-2026/images_inaturalist/Chaetodon_burgessi_iNaturalist_608111330.jpg,inaturalist,Chaetodon burgessi,Chaetodon burgessi,False,False
Heniochus_chrysostomus_iNaturalist_237286787.jpg,/Users/michaelalfaro/Dropbox/git/downloading-fish-images-2026/images_inaturalist/Heniochus_chrysostomus_iNaturalist_237286787.jpg,inaturalist,Heniochus chrysostomus,Heniochus chrysostomus,False,False
Hemitaurichthys_polylepis_iNaturalist_377517077.jpg,/Users/michaelalfaro/Dropbox/git/downloading-fish-images-2026/images_inaturalist/Hemitaurichthys_polylepis_iNaturalist_377517077.jpg,inaturalist,Hemitaurichthys polylepis,Hemitaurichthys polylepis,False,False
Chaetodon_mesoleucos_iNaturalist_270114509.jpg,/Users/michaelalfaro/Dropbox/git/downloading-fish-images-2026/images_inaturalist/Chaetodon_mesoleucos_iNaturalist_270114509.jpg,inaturalist,Chaetodon mesoleucos,Chaetodon mesoleucos,False,False
Chaetodon_nigropunctatus_iNaturalist_560214858.jpg,/Users/michaelalfaro/Dropbox/git/downloading-fish-images-2026/images_inaturalist/Chaetodon_nigropunctatus_iNaturalist_560214858.jpg,inaturalist,Chaetodon nigropunctatus,Chaetodon nigropunctatus,False,False
Chaetodon_tricinctus_iNaturalist_6629751.jpg,/Users/michaelalfaro/Dropbox/git/downloading-fish-images-2026/images_inaturalist/Chaetodon_tricinctus_iNaturalist_6629751.jpg,inaturalist,Chaetodon tricinctus,Chaetodon tricinctus,False,False
Chaetodon_punctatofasciatus_iNaturalist_206693422.jpg,/Users/michaelalfaro/Dropbox/git/downloading-fish-images-2026/images_inaturalist/Chaetodon_punctatofasciatus_iNaturalist_206693422.jpg,inaturalist,Chaetodon punctatofasciatus,Chaetodon punctatofasciatus,False,False
Forcipiger_longirostris_iNaturalist_415726122.jpg,/Users/michaelalfaro/Dropbox/git/downloading-fish-images-2026/images_inaturalist/Forcipiger_longirostris_iNaturalist_415726122.jpg,inaturalist,Forcipiger longirostris,Forcipiger longirostris,False,False
Chaetodon_adiergastos_iNaturalist_264257791.jpg,/Users/michaelalfaro/Dropbox/git/downloading-fish-images-2026/images_inaturalist/Chaetodon_adiergastos_iNaturalist_264257791.jpg,inaturalist,Chaetodon adiergastos,Chaetodon adiergastos,False,False
Chaetodon_rafflesii_iNaturalist_473127027.jpg,/Users/michaelalfaro/Dropbox/git/downloading-fish-images-2026/images_inaturalist/Chaetodon_rafflesii_iNaturalist_473127027.jpg,inaturalist,Chaetodon rafflesii,Chaetodon rafflesii,False,False
Chaetodon_lineolatus_iNaturalist_474229225.jpg,/Users/michaelalfaro/Dropbox/git/downloading-fish-images-2026/images_inaturalist/Chaetodon_lineolatus_iNaturalist_474229225.jpg,inaturalist,Chaetodon lineolatus,Chaetodon lineolatus,False,False
Chaetodon_unimaculatus_iNaturalist_593828880.jpg,/Users/michaelalfaro/Dropbox/git/downloading-fish-images-2026/images_inaturalist/Chaetodon_unimaculatus_iNaturalist_593828880.jpg,inaturalist,Chaetodon unimaculatus,Chaetodon unimaculatus,False,False
Chaetodon_argentatus_iNaturalist_83513611.jpg,/Users/michaelalfaro/Dropbox/git/downloading-fish-images-2026/images_inaturalist/Chaetodon_argentatus_iNaturalist_83513611.jpg,inaturalist,Chaetodon argentatus,Chaetodon argentatus,False,False
Chaetodon_multicinctus_iNaturalist_178987277.jpg,/Users/michaelalfaro/Dropbox/git/downloading-fish-images-2026/images_inaturalist/Chaetodon_multicinctus_iNaturalist_178987277.jpg,inaturalist,Chaetodon multicinctus,Chaetodon multicinctus,False,False
Coradion_chrysozonus_iNaturalist_325219219.jpg,/Users/michaelalfaro/Dropbox/git/downloading-fish-images-2026/images_inaturalist/Coradion_chrysozonus_iNaturalist_325219219.jpg,inaturalist,Coradion chrysozonus,Coradion chrysozonus,False,False
Chaetodon_falcula_iNaturalist_379635851.jpg,/Users/michaelalfaro/Dropbox/git/downloading-fish-images-2026/images_inaturalist/Chaetodon_falcula_iNaturalist_379635851.jpg,inaturalist,Chaetodon falcula,Chaetodon falcula,False,False
Chaetodon_tinkeri_iNaturalist_122833590.jpg,/Users/michaelalfaro/Dropbox/git/downloading-fish-images-2026/images_inaturalist/Chaetodon_tinkeri_iNaturalist_122833590.jpg,inaturalist,Chaetodon tinkeri,Chaetodon tinkeri,False,False
Chaetodon_dolosus_iNaturalist_343070914.jpg,/Users/michaelalfaro/Dropbox/git/downloading-fish-images-2026/images_inaturalist/Chaetodon_dolosus_iNaturalist_343070914.jpg,inaturalist,Chaetodon dolosus,Chaetodon dolosus,False,False
Chaetodon_octofasciatus_iNaturalist_327088836.jpg,/Users/michaelalfaro/Dropbox/git/downloading-fish-images-2026/images_inaturalist/Chaetodon_octofasciatus_iNaturalist_327088836.jpg,inaturalist,Chaetodon octofasciatus,Chaetodon octofasciatus,False,False
Heniochus_monoceros_iNaturalist_459471784.jpg,/Users/michaelalfaro/Dropbox/git/downloading-fish-images-2026/images_inaturalist/Heniochus_monoceros_iNaturalist_459471784.jpg,inaturalist,Heniochus monoceros,Heniochus monoceros,False,False
Chaetodon_wiebeli_iNaturalist_433350357.jpg,/Users/michaelalfaro/Dropbox/git/downloading-fish-images-2026/images_inaturalist/Chaetodon_wiebeli_iNaturalist_433350357.jpg,inaturalist,Chaetodon wiebeli,Chaetodon wiebeli,False,False
Chaetodon_xanthurus_iNaturalist_427620841.jpg,/Users/michaelalfaro/Dropbox/git/downloading-fish-images-2026/images_inaturalist/Chaetodon_xanthurus_iNaturalist_427620841.jpg,inaturalist,Chaetodon xanthurus,Chaetodon xanthurus,False,False
Chaetodon_semeion_iNaturalist_80165040.jpg,/Users/michaelalfaro/Dropbox/git/downloading-fish-images-2026/images_inaturalist/Chaetodon_semeion_iNaturalist_80165040.jpg,inaturalist,Chaetodon semeion,Chaetodon semeion,False,False
Chaetodon_litus_iNaturalist_250896825.jpg,/Users/michaelalfaro/Dropbox/git/downloading-fish-images-2026/images_inaturalist/Chaetodon_litus_iNaturalist_250896825.jpg,inaturalist,Chaetodon litus,Chaetodon litus,False,False
Chaetodon_paucifasciatus_iNaturalist_157577460.jpg,/Users/michaelalfaro/Dropbox/git/downloading-fish-images-2026/images_inaturalist/Chaetodon_paucifasciatus_iNaturalist_157577460.jpg,inaturalist,Chaetodon paucifasciatus,Chaetodon paucifasciatus,False,False
Chaetodon_daedalma_iNaturalist_560373781.jpg,/Users/michaelalfaro/Dropbox/git/downloading-fish-images-2026/images_inaturalist/Chaetodon_daedalma_iNaturalist_560373781.jpg,inaturalist,Chaetodon daedalma,Chaetodon daedalma,False,False
Prognathodes_aculeatus_iNaturalist_147548487.jpg,/Users/michaelalfaro/Dropbox/git/downloading-fish-images-2026/images_inaturalist/Prognathodes_aculeatus_iNaturalist_147548487.jpg,inaturalist,Prognathodes aculeatus,Prognathodes aculeatus,False,False
Chaetodon_citrinellus_iNaturalist_354753796.jpg,/Users/michaelalfaro/Dropbox/git/downloading-fish-images-2026/images_inaturalist/Chaetodon_citrinellus_iNaturalist_354753796.jpg,inaturalist,Chaetodon citrinellus,Chaetodon citrinellus,False,False
Chaetodon_nippon_iNaturalist_11570041.jpg,/Users/michaelalfaro/Dropbox/git/downloading-fish-images-2026/images_inaturalist/Chaetodon_nippon_iNaturalist_11570041.jpg,inaturalist,Chaetodon nippon,Chaetodon nippon,False,False
Chaetodon_interruptus_iNaturalist_75713374.jpg,/Users/michaelalfaro/Dropbox/git/downloading-fish-images-2026/images_inaturalist/Chaetodon_interruptus_iNaturalist_75713374.jpg,inaturalist,Chaetodon interruptus,Chaetodon interruptus,False,False
Coradion_chrysozonus_iNaturalist_368388152.jpg,/Users/michaelalfaro/Dropbox/git/downloading-fish-images-2026/images_inaturalist/Coradion_chrysozonus_iNaturalist_368388152.jpg,inaturalist,Coradion chrysozonus,Coradion chrysozonus,False,False
Chaetodon_reticulatus_iNaturalist_54399841.jpg,/Users/michaelalfaro/Dropbox/git/downloading-fish-images-2026/images_inaturalist/Chaetodon_reticulatus_iNaturalist_54399841.jpg,inaturalist,Chaetodon reticulatus,Chaetodon reticulatus,False,False
Chaetodon_striatus_iNaturalist_455572688.jpg,/Users/michaelalfaro/Dropbox/git/downloading-fish-images-2026/images_inaturalist/Chaetodon_striatus_iNaturalist_455572688.jpg,inaturalist,Chaetodon striatus,Chaetodon striatus,False,False
Chaetodon_plebeius_iNaturalist_302022740.jpg,/Users/michaelalfaro/Dropbox/git/downloading-fish-images-2026/images_inaturalist/Chaetodon_plebeius_iNaturalist_302022740.jpg,inaturalist,Chaetodon plebeius,Chaetodon plebeius,False,False
Coradion_melanopus_iNaturalist_594962045.jpg,/Users/michaelalfaro/Dropbox/git/downloading-fish-images-2026/images_inaturalist/Coradion_melanopus_iNaturalist_594962045.jpg,inaturalist,Coradion melanopus,Coradion melanopus,False,False
Chaetodon_lunulatus_iNaturalist_204773665.jpg,/Users/michaelalfaro/Dropbox/git/downloading-fish-images-2026/images_inaturalist/Chaetodon_lunulatus_iNaturalist_204773665.jpg,inaturalist,Chaetodon lunulatus,Chaetodon lunulatus,False,False
Chaetodon_trichrous_iNaturalist_301384831.jpg,/Users/michaelalfaro/Dropbox/git/downloading-fish-images-2026/images_inaturalist/Chaetodon_trichrous_iNaturalist_301384831.jpg,inaturalist,Chaetodon trichrous,Chaetodon trichrous,False,False
Chaetodon_declivis_iNaturalist_594486076.jpg,/Users/michaelalfaro/Dropbox/git/downloading-fish-images-2026/images_inaturalist/Chaetodon_declivis_iNaturalist_594486076.jpg,inaturalist,Chaetodon declivis,Chaetodon declivis,False,False
Chelmon_marginalis_iNaturalist_337576196.jpg,/Users/michaelalfaro/Dropbox/git/downloading-fish-images-2026/images_inaturalist/Chelmon_marginalis_iNaturalist_337576196.jpg,inaturalist,Chelmon marginalis,Chelmon marginalis,False,False
Forcipiger_longirostris_iNaturalist_335279641.jpg,/Users/michaelalfaro/Dropbox/git/downloading-fish-images-2026/images_inaturalist/Forcipiger_longirostris_iNaturalist_335279641.jpg,inaturalist,Forcipiger longirostris,Forcipiger longirostris,False,False
Chaetodon_quadrimaculatus_iNaturalist_297498864.jpg,/Users/michaelalfaro/Dropbox/git/downloading-fish-images-2026/images_inaturalist/Chaetodon_quadrimaculatus_iNaturalist_297498864.jpg,inaturalist,Chaetodon quadrimaculatus,Chaetodon quadrimaculatus,False,False
Chaetodon_xanthurus_iNaturalist_207028115.jpg,/Users/michaelalfaro/Dropbox/git/downloading-fish-images-2026/images_inaturalist/Chaetodon_xanthurus_iNaturalist_207028115.jpg,inaturalist,Chaetodon xanthurus,Chaetodon xanthurus,False,False
Chaetodon_bennetti_iNaturalist_607317919.jpg,/Users/michaelalfaro/Dropbox/git/downloading-fish-images-2026/images_inaturalist/Chaetodon_bennetti_iNaturalist_607317919.jpg,inaturalist,Chaetodon bennetti,Chaetodon bennetti,False,False
Chelmon_rostratus_iNaturalist_165226880.jpg,/Users/michaelalfaro/Dropbox/git/downloading-fish-images-2026/images_inaturalist/Chelmon_rostratus_iNaturalist_165226880.jpg,inaturalist,Chelmon rostratus,Chelmon rostratus,False,False
Chaetodon_mertensii_iNaturalist_332349948.jpg,/Users/michaelalfaro/Dropbox/git/downloading-fish-images-2026/images_inaturalist/Chaetodon_mertensii_iNaturalist_332349948.jpg,inaturalist,Chaetodon mertensii,Chaetodon mertensii,False,False
Forcipiger_longirostris_iNaturalist_592502784.jpg,/Users/michaelalfaro/Dropbox/git/downloading-fish-images-2026/images_inaturalist/Forcipiger_longirostris_iNaturalist_592502784.jpg,inaturalist,Forcipiger longirostris,Forcipiger longirostris,False,False
Chaetodon_mertensii_iNaturalist_14452975.jpg,/Users/michaelalfaro/Dropbox/git/downloading-fish-images-2026/images_inaturalist/Chaetodon_mertensii_iNaturalist_14452975.jpg,inaturalist,Chaetodon mertensii,Chaetodon mertensii,False,False
Prognathodes_falcifer_iNaturalist_439465583.jpg,/Users/michaelalfaro/Dropbox/git/downloading-fish-images-2026/images_inaturalist/Prognathodes_falcifer_iNaturalist_439465583.jpg,inaturalist,Prognathodes falcifer,Prognathodes falcifer,False,False
Chaetodon_triangulum_iNaturalist_71648447.jpg,/Users/michaelalfaro/Dropbox/git/downloading-fish-images-2026/images_inaturalist/Chaetodon_triangulum_iNaturalist_71648447.jpg,inaturalist,Chaetodon triangulum,Chaetodon triangulum,False,False
Heniochus_acuminatus_iNaturalist_386242143.jpg,/Users/michaelalfaro/Dropbox/git/downloading-fish-images-2026/images_inaturalist/Heniochus_acuminatus_iNaturalist_386242143.jpg,inaturalist,Heniochus acuminatus,Heniochus acuminatus,False,False
Chaetodon_trifascialis_iNaturalist_27663000.jpg,/Users/michaelalfaro/Dropbox/git/downloading-fish-images-2026/images_inaturalist/Chaetodon_trifascialis_iNaturalist_27663000.jpg,inaturalist,Chaetodon trifascialis,Chaetodon trifascialis,False,False
Chaetodon_multicinctus_iNaturalist_457417238.jpg,/Users/michaelalfaro/Dropbox/git/downloading-fish-images-2026/images_inaturalist/Chaetodon_multicinctus_iNaturalist_457417238.jpg,inaturalist,Chaetodon multicinctus,Chaetodon multicinctus,False,False
Chaetodon_citrinellus_iNaturalist_237829084.jpg,/Users/michaelalfaro/Dropbox/git/downloading-fish-images-2026/images_inaturalist/Chaetodon_citrinellus_iNaturalist_237829084.jpg,inaturalist,Chaetodon citrinellus,Chaetodon citrinellus,False,False
Chaetodon_zanzibarensis_iNaturalist_66299912.jpg,/Users/michaelalfaro/Dropbox/git/downloading-fish-images-2026/images_inaturalist/Chaetodon_zanzibarensis_iNaturalist_66299912.jpg,inaturalist,Chaetodon zanzibarensis,Chaetodon zanzibarensis,False,False
Chaetodon_dolosus_iNaturalist_343070892.jpg,/Users/michaelalfaro/Dropbox/git/downloading-fish-images-2026/images_inaturalist/Chaetodon_dolosus_iNaturalist_343070892.jpg,inaturalist,Chaetodon dolosus,Chaetodon dolosus,False,False
Chaetodon_plebeius_iNaturalist_607534649.jpg,/Users/michaelalfaro/Dropbox/git/downloading-fish-images-2026/images_inaturalist/Chaetodon_plebeius_iNaturalist_607534649.jpg,inaturalist,Chaetodon plebeius,Chaetodon plebeius,False,False
Chaetodon_robustus_iNaturalist_399369257.jpg,/Users/michaelalfaro/Dropbox/git/downloading-fish-images-2026/images_inaturalist/Chaetodon_robustus_iNaturalist_399369257.jpg,inaturalist,Chaetodon robustus,Chaetodon robustus,False,False
Coradion_altivelis_iNaturalist_319434619.jpg,/Users/michaelalfaro/Dropbox/git/downloading-fish-images-2026/images_inaturalist/Coradion_altivelis_iNaturalist_319434619.jpg,inaturalist,Coradion altivelis,Coradion altivelis,False,False
Chaetodon_trifasciatus_iNaturalist_334508891.jpg,/Users/michaelalfaro/Dropbox/git/downloading-fish-images-2026/images_inaturalist/Chaetodon_trifasciatus_iNaturalist_334508891.jpg,inaturalist,Chaetodon trifasciatus,Chaetodon trifasciatus,False,False
Chaetodon_mitratus_iNaturalist_476531321.jpg,/Users/michaelalfaro/Dropbox/git/downloading-fish-images-2026/images_inaturalist/Chaetodon_mitratus_iNaturalist_476531321.jpg,inaturalist,Chaetodon mitratus,Chaetodon mitratus,False,False
Chaetodon_tinkeri_iNaturalist_122833614.jpg,/Users/michaelalfaro/Dropbox/git/downloading-fish-images-2026/images_inaturalist/Chaetodon_tinkeri_iNaturalist_122833614.jpg,inaturalist,Chaetodon tinkeri,Chaetodon tinkeri,False,False
Chaetodon_tinkeri_iNaturalist_415676306.jpg,/Users/michaelalfaro/Dropbox/git/downloading-fish-images-2026/images_inaturalist/Chaetodon_tinkeri_iNaturalist_415676306.jpg,inaturalist,Chaetodon tinkeri,Chaetodon tinkeri,False,False
Heniochus_chrysostomus_iNaturalist_206734406.jpg,/Users/michaelalfaro/Dropbox/git/downloading-fish-images-2026/images_inaturalist/Heniochus_chrysostomus_iNaturalist_206734406.jpg,inaturalist,Heniochus chrysostomus,Heniochus chrysostomus,False,False
Chaetodon_unimaculatus_iNaturalist_553392414.jpg,/Users/michaelalfaro/Dropbox/git/downloading-fish-images-2026/images_inaturalist/Chaetodon_unimaculatus_iNaturalist_553392414.jpg,inaturalist,Chaetodon unimaculatus,Chaetodon unimaculatus,False,False
Amphichaetodon_melbae_iNaturalist_510100653.jpg,/Users/michaelalfaro/Dropbox/git/downloading-fish-images-2026/images_inaturalist/Amphichaetodon_melbae_iNaturalist_510100653.jpg,inaturalist,Amphichaetodon melbae,Amphichaetodon melbae,False,False
Chaetodon_decussatus_iNaturalist_366445056.jpg,/Users/michaelalfaro/Dropbox/git/downloading-fish-images-2026/images_inaturalist/Chaetodon_decussatus_iNaturalist_366445056.jpg,inaturalist,Chaetodon decussatus,Chaetodon decussatus,False,False
Forcipiger_flavissimus_iNaturalist_170376471.jpg,/Users/michaelalfaro/Dropbox/git/downloading-fish-images-2026/images_inaturalist/Forcipiger_flavissimus_iNaturalist_170376471.jpg,inaturalist,Forcipiger flavissimus,Forcipiger flavissimus,False,False
Chaetodon_austriacus_iNaturalist_2086218.jpg,/Users/michaelalfaro/Dropbox/git/downloading-fish-images-2026/images_inaturalist/Chaetodon_austriacus_iNaturalist_2086218.jpg,inaturalist,Chaetodon austriacus,Chaetodon austriacus,False,False
Chaetodon_litus_iNaturalist_324313677.jpg,/Users/michaelalfaro/Dropbox/git/downloading-fish-images-2026/images_inaturalist/Chaetodon_litus_iNaturalist_324313677.jpg,inaturalist,Chaetodon litus,Chaetodon litus,False,False
Chaetodon_blackburnii_iNaturalist_19230596.jpg,/Users/michaelalfaro/Dropbox/git/downloading-fish-images-2026/images_inaturalist/Chaetodon_blackburnii_iNaturalist_19230596.jpg,inaturalist,Chaetodon blackburnii,Chaetodon blackburnii,False,False
Chaetodon_flavirostris_iNaturalist_12040833.jpg,/Users/michaelalfaro/Dropbox/git/downloading-fish-images-2026/images_inaturalist/Chaetodon_flavirostris_iNaturalist_12040833.jpg,inaturalist,Chaetodon flavirostris,Chaetodon flavirostris,False,False
Chaetodon_ocellatus_iNaturalist_451091737.jpg,/Users/michaelalfaro/Dropbox/git/downloading-fish-images-2026/images_inaturalist/Chaetodon_ocellatus_iNaturalist_451091737.jpg,inaturalist,Chaetodon ocellatus,Chaetodon ocellatus,False,False
Chaetodon_flavirostris_iNaturalist_425367144.jpg,/Users/michaelalfaro/Dropbox/git/downloading-fish-images-2026/images_inaturalist/Chaetodon_flavirostris_iNaturalist_425367144.jpg,inaturalist,Chaetodon flavirostris,Chaetodon flavirostris,False,False
Heniochus_diphreutes_iNaturalist_361214220.jpg,/Users/michaelalfaro/Dropbox/git/downloading-fish-images-2026/images_inaturalist/Heniochus_diphreutes_iNaturalist_361214220.jpg,inaturalist,Heniochus diphreutes,Heniochus diphreutes,False,False
Chaetodon_tricinctus_iNaturalist_6629748.jpg,/Users/michaelalfaro/Dropbox/git/downloading-fish-images-2026/images_inaturalist/Chaetodon_tricinctus_iNaturalist_6629748.jpg,inaturalist,Chaetodon tricinctus,Chaetodon tricinctus,False,False
Chaetodon_triangulum_iNaturalist_11763186.jpg,/Users/michaelalfaro/Dropbox/git/downloading-fish-images-2026/images_inaturalist/Chaetodon_triangulum_iNaturalist_11763186.jpg,inaturalist,Chaetodon triangulum,Chaetodon triangulum,False,False
Chaetodon_bennetti_iNaturalist_605200594.jpg,/Users/michaelalfaro/Dropbox/git/downloading-fish-images-2026/images_inaturalist/Chaetodon_bennetti_iNaturalist_605200594.jpg,inaturalist,Chaetodon bennetti,Chaetodon bennetti,False,False
Chaetodon_blackburnii_iNaturalist_313216433.jpg,/Users/michaelalfaro/Dropbox/git/downloading-fish-images-2026/images_inaturalist/Chaetodon_blackburnii_iNaturalist_313216433.jpg,inaturalist,Chaetodon blackburnii,Chaetodon blackburnii,False,False
Chaetodon_austriacus_iNaturalist_2086219.jpg,/Users/michaelalfaro/Dropbox/git/downloading-fish-images-2026/images_inaturalist/Chaetodon_austriacus_iNaturalist_2086219.jpg,inaturalist,Chaetodon austriacus,Chaetodon austriacus,False,False
Chaetodon_xanthocephalus_iNaturalist_482464440.jpg,/Users/michaelalfaro/Dropbox/git/downloading-fish-images-2026/images_inaturalist/Chaetodon_xanthocephalus_iNaturalist_482464440.jpg,inaturalist,Chaetodon xanthocephalus,Chaetodon xanthocephalus,False,False
Chaetodon_decussatus_iNaturalist_451789859.jpg,/Users/michaelalfaro/Dropbox/git/downloading-fish-images-2026/images_inaturalist/Chaetodon_decussatus_iNaturalist_451789859.jpg,inaturalist,Chaetodon decussatus,Chaetodon decussatus,False,False
Chaetodon_sanctaehelenae_iNaturalist_484513376.jpg,/Users/michaelalfaro/Dropbox/git/downloading-fish-images-2026/images_inaturalist/Chaetodon_sanctaehelenae_iNaturalist_484513376.jpg,inaturalist,Chaetodon sanctaehelenae,Chaetodon sanctaehelenae,False,False
Prognathodes_carlhubbsi_iNaturalist_369004742.jpg,/Users/michaelalfaro/Dropbox/git/downloading-fish-images-2026/images_inaturalist/Prognathodes_carlhubbsi_iNaturalist_369004742.jpg,inaturalist,Prognathodes carlhubbsi,Prognathodes carlhubbsi,False,False
Chaetodon_austriacus_iNaturalist_450186908.jpg,/Users/michaelalfaro/Dropbox/git/downloading-fish-images-2026/images_inaturalist/Chaetodon_austriacus_iNaturalist_450186908.jpg,inaturalist,Chaetodon austriacus,Chaetodon austriacus,False,False
Coradion_chrysozonus_iNaturalist_160228299.jpg,/Users/michaelalfaro/Dropbox/git/downloading-fish-images-2026/images_inaturalist/Coradion_chrysozonus_iNaturalist_160228299.jpg,inaturalist,Coradion chrysozonus,Coradion chrysozonus,False,False
Heniochus_varius_iNaturalist_558793993.jpg,/Users/michaelalfaro/Dropbox/git/downloading-fish-images-2026/images_inaturalist/Heniochus_varius_iNaturalist_558793993.jpg,inaturalist,Heniochus varius,Heniochus varius,False,False
Prognathodes_marcellae_iNaturalist_185079663.jpg,/Users/michaelalfaro/Dropbox/git/downloading-fish-images-2026/images_inaturalist/Prognathodes_marcellae_iNaturalist_185079663.jpg,inaturalist,Prognathodes marcellae,Prognathodes marcellae,False,False
Chelmon_rostratus_iNaturalist_389832450.jpg,/Users/michaelalfaro/Dropbox/git/downloading-fish-images-2026/images_inaturalist/Chelmon_rostratus_iNaturalist_389832450.jpg,inaturalist,Chelmon rostratus,Chelmon rostratus,False,False
Amphichaetodon_melbae_iNaturalist_510100646.jpg,/Users/michaelalfaro/Dropbox/git/downloading-fish-images-2026/images_inaturalist/Amphichaetodon_melbae_iNaturalist_510100646.jpg,inaturalist,Amphichaetodon melbae,Amphichaetodon melbae,False,False
Chaetodon_trifasciatus_iNaturalist_332090965.jpg,/Users/michaelalfaro/Dropbox/git/downloading-fish-images-2026/images_inaturalist/Chaetodon_trifasciatus_iNaturalist_332090965.jpg,inaturalist,Chaetodon trifasciatus,Chaetodon trifasciatus,False,False
Amphichaetodon_howensis_iNaturalist_33719401.jpg,/Users/michaelalfaro/Dropbox/git/downloading-fish-images-2026/images_inaturalist/Amphichaetodon_howensis_iNaturalist_33719401.jpg,inaturalist,Amphichaetodon howensis,Amphichaetodon howensis,False,False
Chaetodon_marleyi_iNaturalist_463787443.jpg,/Users/michaelalfaro/Dropbox/git/downloading-fish-images-2026/images_inaturalist/Chaetodon_marleyi_iNaturalist_463787443.jpg,inaturalist,Chaetodon marleyi,Chaetodon marleyi,False,False
Chaetodon_capistratus_iNaturalist_449898642.jpg,/Users/michaelalfaro/Dropbox/git/downloading-fish-images-2026/images_inaturalist/Chaetodon_capistratus_iNaturalist_449898642.jpg,inaturalist,Chaetodon capistratus,Chaetodon capistratus,False,False
Chaetodon_zanzibarensis_iNaturalist_426318179.jpg,/Users/michaelalfaro/Dropbox/git/downloading-fish-images-2026/images_inaturalist/Chaetodon_zanzibarensis_iNaturalist_426318179.jpg,inaturalist,Chaetodon zanzibarensis,Chaetodon zanzibarensis,False,False
Prognathodes_carlhubbsi_iNaturalist_369004805.jpg,/Users/michaelalfaro/Dropbox/git/downloading-fish-images-2026/images_inaturalist/Prognathodes_carlhubbsi_iNaturalist_369004805.jpg,inaturalist,Prognathodes carlhubbsi,Prognathodes carlhubbsi,False,False
Prognathodes_aculeatus_iNaturalist_581759717.jpg,/Users/michaelalfaro/Dropbox/git/downloading-fish-images-2026/images_inaturalist/Prognathodes_aculeatus_iNaturalist_581759717.jpg,inaturalist,Prognathodes aculeatus,Prognathodes aculeatus,False,False
Chaetodon_assarius_iNaturalist_176862632.jpg,/Users/michaelalfaro/Dropbox/git/downloading-fish-images-2026/images_inaturalist/Chaetodon_assarius_iNaturalist_176862632.jpg,inaturalist,Chaetodon assarius,Chaetodon assarius,False,False
Chaetodon_robustus_iNaturalist_2549491.jpg,/Users/michaelalfaro/Dropbox/git/downloading-fish-images-2026/images_inaturalist/Chaetodon_robustus_iNaturalist_2549491.jpg,inaturalist,Chaetodon robustus,Chaetodon robustus,False,False
Chaetodon_lunulatus_iNaturalist_38212451.jpg,/Users/michaelalfaro/Dropbox/git/downloading-fish-images-2026/images_inaturalist/Chaetodon_lunulatus_iNaturalist_38212451.jpg,inaturalist,Chaetodon lunulatus,Chaetodon lunulatus,False,False
Prognathodes_falcifer_iNaturalist_562177068.jpg,/Users/michaelalfaro/Dropbox/git/downloading-fish-images-2026/images_inaturalist/Prognathodes_falcifer_iNaturalist_562177068.jpg,inaturalist,Prognathodes falcifer,Prognathodes falcifer,False,False
Chaetodon_guttatissimus_iNaturalist_584519765.jpg,/Users/michaelalfaro/Dropbox/git/downloading-fish-images-2026/images_inaturalist/Chaetodon_guttatissimus_iNaturalist_584519765.jpg,inaturalist,Chaetodon guttatissimus,Chaetodon guttatissimus,False,False
Chaetodon_plebeius_iNaturalist_575948942.jpg,/Users/michaelalfaro/Dropbox/git/downloading-fish-images-2026/images_inaturalist/Chaetodon_plebeius_iNaturalist_575948942.jpg,inaturalist,Chaetodon plebeius,Chaetodon plebeius,False,False
Hemitaurichthys_zoster_iNaturalist_568089875.jpg,/Users/michaelalfaro/Dropbox/git/downloading-fish-images-2026/images_inaturalist/Hemitaurichthys_zoster_iNaturalist_568089875.jpg,inaturalist,Hemitaurichthys zoster,Hemitaurichthys zoster,False,False
Chaetodon_falcula_iNaturalist_419993448.jpg,/Users/michaelalfaro/Dropbox/git/downloading-fish-images-2026/images_inaturalist/Chaetodon_falcula_iNaturalist_419993448.jpg,inaturalist,Chaetodon falcula,Chaetodon falcula,False,False
Chaetodon_fremblii_iNaturalist_168295733.jpg,/Users/michaelalfaro/Dropbox/git/downloading-fish-images-2026/images_inaturalist/Chaetodon_fremblii_iNaturalist_168295733.jpg,inaturalist,Chaetodon fremblii,Chaetodon fremblii,False,False
Chaetodon_mertensii_iNaturalist_384666618.jpg,/Users/michaelalfaro/Dropbox/git/downloading-fish-images-2026/images_inaturalist/Chaetodon_mertensii_iNaturalist_384666618.jpg,inaturalist,Chaetodon mertensii,Chaetodon mertensii,False,False
Forcipiger_wanai_iNaturalist_436511687.jpg,/Users/michaelalfaro/Dropbox/git/downloading-fish-images-2026/images_inaturalist/Forcipiger_wanai_iNaturalist_436511687.jpg,inaturalist,Forcipiger wanai,Forcipiger wanai,False,False
Chaetodon_hoefleri_iNaturalist_349923999.jpg,/Users/michaelalfaro/Dropbox/git/downloading-fish-images-2026/images_inaturalist/Chaetodon_hoefleri_iNaturalist_349923999.jpg,inaturalist,Chaetodon hoefleri,Chaetodon hoefleri,False,False
Chaetodon_sanctaehelenae_iNaturalist_578388957.jpg,/Users/michaelalfaro/Dropbox/git/downloading-fish-images-2026/images_inaturalist/Chaetodon_sanctaehelenae_iNaturalist_578388957.jpg,inaturalist,Chaetodon sanctaehelenae,Chaetodon sanctaehelenae,False,False
Chaetodon_argentatus_iNaturalist_59002230.jpg,/Users/michaelalfaro/Dropbox/git/downloading-fish-images-2026/images_inaturalist/Chaetodon_argentatus_iNaturalist_59002230.jpg,inaturalist,Chaetodon argentatus,Chaetodon argentatus,False,False
Chelmonops_curiosus_iNaturalist_255611113.jpg,/Users/michaelalfaro/Dropbox/git/downloading-fish-images-2026/images_inaturalist/Chelmonops_curiosus_iNaturalist_255611113.jpg,inaturalist,Chelmonops curiosus,Chelmonops curiosus,False,False
Chaetodon_octofasciatus_iNaturalist_319578656.jpg,/Users/michaelalfaro/Dropbox/git/downloading-fish-images-2026/images_inaturalist/Chaetodon_octofasciatus_iNaturalist_319578656.jpg,inaturalist,Chaetodon octofasciatus,Chaetodon octofasciatus,False,False
Heniochus_pleurotaenia_iNaturalist_474493865.jpg,/Users/michaelalfaro/Dropbox/git/downloading-fish-images-2026/images_inaturalist/Heniochus_pleurotaenia_iNaturalist_474493865.jpg,inaturalist,Heniochus pleurotaenia,Heniochus pleurotaenia,False,False
Chaetodon_baronessa_iNaturalist_376477120.jpg,/Users/michaelalfaro/Dropbox/git/downloading-fish-images-2026/images_inaturalist/Chaetodon_baronessa_iNaturalist_376477120.jpg,inaturalist,Chaetodon baronessa,Chaetodon baronessa,False,False
Chaetodon_miliaris_iNaturalist_386290397.jpg,/Users/michaelalfaro/Dropbox/git/downloading-fish-images-2026/images_inaturalist/Chaetodon_miliaris_iNaturalist_386290397.jpg,inaturalist,Chaetodon miliaris,Chaetodon miliaris,False,False
Heniochus_diphreutes_iNaturalist_361214183.jpg,/Users/michaelalfaro/Dropbox/git/downloading-fish-images-2026/images_inaturalist/Heniochus_diphreutes_iNaturalist_361214183.jpg,inaturalist,Heniochus diphreutes,Heniochus diphreutes,False,False
Chaetodon_mertensii_iNaturalist_477735543.jpg,/Users/michaelalfaro/Dropbox/git/downloading-fish-images-2026/images_inaturalist/Chaetodon_mertensii_iNaturalist_477735543.jpg,inaturalist,Chaetodon mertensii,Chaetodon mertensii,False,False
Chaetodon_meyeri_iNaturalist_351639745.jpg,/Users/michaelalfaro/Dropbox/git/downloading-fish-images-2026/images_inaturalist/Chaetodon_meyeri_iNaturalist_351639745.jpg,inaturalist,Chaetodon meyeri,Chaetodon meyeri,False,False
Amphichaetodon_howensis_iNaturalist_33719403.jpg,/Users/michaelalfaro/Dropbox/git/downloading-fish-images-2026/images_inaturalist/Amphichaetodon_howensis_iNaturalist_33719403.jpg,inaturalist,Amphichaetodon howensis,Amphichaetodon howensis,False,False
Chaetodon_bennetti_iNaturalist_452973249.jpg,/Users/michaelalfaro/Dropbox/git/downloading-fish-images-2026/images_inaturalist/Chaetodon_bennetti_iNaturalist_452973249.jpg,inaturalist,Chaetodon bennetti,Chaetodon bennetti,False,False
Coradion_melanopus_iNaturalist_179314622.jpg,/Users/michaelalfaro/Dropbox/git/downloading-fish-images-2026/images_inaturalist/Coradion_melanopus_iNaturalist_179314622.jpg,inaturalist,Coradion melanopus,Coradion melanopus,False,False
Chaetodon_mertensii_iNaturalist_358747064.jpg,/Users/michaelalfaro/Dropbox/git/downloading-fish-images-2026/images_inaturalist/Chaetodon_mertensii_iNaturalist_358747064.jpg,inaturalist,Chaetodon mertensii,Chaetodon mertensii,False,False
Chaetodon_trifasciatus_iNaturalist_173829547.jpg,/Users/michaelalfaro/Dropbox/git/downloading-fish-images-2026/images_inaturalist/Chaetodon_trifasciatus_iNaturalist_173829547.jpg,inaturalist,Chaetodon trifasciatus,Chaetodon trifasciatus,False,False
Chaetodon_paucifasciatus_iNaturalist_448628514.jpg,/Users/michaelalfaro/Dropbox/git/downloading-fish-images-2026/images_inaturalist/Chaetodon_paucifasciatus_iNaturalist_448628514.jpg,inaturalist,Chaetodon paucifasciatus,Chaetodon paucifasciatus,False,False
Chaetodon_mesoleucos_iNaturalist_67938601.jpg,/Users/michaelalfaro/Dropbox/git/downloading-fish-images-2026/images_inaturalist/Chaetodon_mesoleucos_iNaturalist_67938601.jpg,inaturalist,Chaetodon mesoleucos,Chaetodon mesoleucos,False,False
Amphichaetodon_howensis_iNaturalist_392179799.jpg,/Users/michaelalfaro/Dropbox/git/downloading-fish-images-2026/images_inaturalist/Amphichaetodon_howensis_iNaturalist_392179799.jpg,inaturalist,Amphichaetodon howensis,Amphichaetodon howensis,False,False
Chaetodon_mertensii_iNaturalist_5332933.jpg,/Users/michaelalfaro/Dropbox/git/downloading-fish-images-2026/images_inaturalist/Chaetodon_mertensii_iNaturalist_5332933.jpg,inaturalist,Chaetodon mertensii,Chaetodon mertensii,False,False
Chaetodon_larvatus_iNaturalist_183943928.jpg,/Users/michaelalfaro/Dropbox/git/downloading-fish-images-2026/images_inaturalist/Chaetodon_larvatus_iNaturalist_183943928.jpg,inaturalist,Chaetodon larvatus,Chaetodon larvatus,False,False
Chaetodon_leucopleura_iNaturalist_347659715.jpg,/Users/michaelalfaro/Dropbox/git/downloading-fish-images-2026/images_inaturalist/Chaetodon_leucopleura_iNaturalist_347659715.jpg,inaturalist,Chaetodon leucopleura,Chaetodon leucopleura,False,False
Coradion_melanopus_iNaturalist_80459445.jpg,/Users/michaelalfaro/Dropbox/git/downloading-fish-images-2026/images_inaturalist/Coradion_melanopus_iNaturalist_80459445.jpg,inaturalist,Coradion melanopus,Coradion melanopus,False,False
Chaetodon_lunulatus_iNaturalist_204763068.jpg,/Users/michaelalfaro/Dropbox/git/downloading-fish-images-2026/images_inaturalist/Chaetodon_lunulatus_iNaturalist_204763068.jpg,inaturalist,Chaetodon lunulatus,Chaetodon lunulatus,False,False
Chaetodon_tricinctus_iNaturalist_13811577.jpg,/Users/michaelalfaro/Dropbox/git/downloading-fish-images-2026/images_inaturalist/Chaetodon_tricinctus_iNaturalist_13811577.jpg,inaturalist,Chaetodon tricinctus,Chaetodon tricinctus,False,False
Chaetodon_unimaculatus_iNaturalist_593828871.jpg,/Users/michaelalfaro/Dropbox/git/downloading-fish-images-2026/images_inaturalist/Chaetodon_unimaculatus_iNaturalist_593828871.jpg,inaturalist,Chaetodon unimaculatus,Chaetodon unimaculatus,False,False
Chaetodon_bennetti_iNaturalist_604198648.jpg,/Users/michaelalfaro/Dropbox/git/downloading-fish-images-2026/images_inaturalist/Chaetodon_bennetti_iNaturalist_604198648.jpg,inaturalist,Chaetodon bennetti,Chaetodon bennetti,False,False
Chaetodon_sedentarius_iNaturalist_401441222.jpg,/Users/michaelalfaro/Dropbox/git/downloading-fish-images-2026/images_inaturalist/Chaetodon_sedentarius_iNaturalist_401441222.jpg,inaturalist,Chaetodon sedentarius,Chaetodon sedentarius,False,False
Chaetodon_adiergastos_iNaturalist_18099243.jpg,/Users/michaelalfaro/Dropbox/git/downloading-fish-images-2026/images_inaturalist/Chaetodon_adiergastos_iNaturalist_18099243.jpg,inaturalist,Chaetodon adiergastos,Chaetodon adiergastos,False,False
Chaetodon_ephippium_iNaturalist_243890971.jpg,/Users/michaelalfaro/Dropbox/git/downloading-fish-images-2026/images_inaturalist/Chaetodon_ephippium_iNaturalist_243890971.jpg,inaturalist,Chaetodon ephippium,Chaetodon ephippium,False,False
Chaetodon_nigropunctatus_iNaturalist_13558701.jpg,/Users/michaelalfaro/Dropbox/git/downloading-fish-images-2026/images_inaturalist/Chaetodon_nigropunctatus_iNaturalist_13558701.jpg,inaturalist,Chaetodon nigropunctatus,Chaetodon nigropunctatus,False,False
Chaetodon_fremblii_iNaturalist_443350802.jpg,/Users/michaelalfaro/Dropbox/git/downloading-fish-images-2026/images_inaturalist/Chaetodon_fremblii_iNaturalist_443350802.jpg,inaturalist,Chaetodon fremblii,Chaetodon fremblii,False,False
Heniochus_intermedius_iNaturalist_418060508.jpg,/Users/michaelalfaro/Dropbox/git/downloading-fish-images-2026/images_inaturalist/Heniochus_intermedius_iNaturalist_418060508.jpg,inaturalist,Heniochus intermedius,Heniochus intermedius,False,False
Chaetodon_guttatissimus_iNaturalist_174546136.jpg,/Users/michaelalfaro/Dropbox/git/downloading-fish-images-2026/images_inaturalist/Chaetodon_guttatissimus_iNaturalist_174546136.jpg,inaturalist,Chaetodon guttatissimus,Chaetodon guttatissimus,False,False
Chaetodon_oxycephalus_iNaturalist_487815001.jpg,/Users/michaelalfaro/Dropbox/git/downloading-fish-images-2026/images_inaturalist/Chaetodon_oxycephalus_iNaturalist_487815001.jpg,inaturalist,Chaetodon oxycephalus,Chaetodon oxycephalus,False,False
Chaetodon_guentheri_iNaturalist_19964904.jpg,/Users/michaelalfaro/Dropbox/git/downloading-fish-images-2026/images_inaturalist/Chaetodon_guentheri_iNaturalist_19964904.jpg,inaturalist,Chaetodon guentheri,Chaetodon guentheri,False,False
Chaetodon_smithi_iNaturalist_459167446.jpg,/Users/michaelalfaro/Dropbox/git/downloading-fish-images-2026/images_inaturalist/Chaetodon_smithi_iNaturalist_459167446.jpg,inaturalist,Chaetodon smithi,Chaetodon smithi,False,False
Chaetodon_quadrimaculatus_iNaturalist_341846706.jpg,/Users/michaelalfaro/Dropbox/git/downloading-fish-images-2026/images_inaturalist/Chaetodon_quadrimaculatus_iNaturalist_341846706.jpg,inaturalist,Chaetodon quadrimaculatus,Chaetodon quadrimaculatus,False,False
Roa_modesta_iNaturalist_200235685.jpg,/Users/michaelalfaro/Dropbox/git/downloading-fish-images-2026/images_inaturalist/Roa_modesta_iNaturalist_200235685.jpg,inaturalist,Roa modesta,Roa modesta,False,False
Prognathodes_marcellae_iNaturalist_273249646.jpg,/Users/michaelalfaro/Dropbox/git/downloading-fish-images-2026/images_inaturalist/Prognathodes_marcellae_iNaturalist_273249646.jpg,inaturalist,Prognathodes marcellae,Prognathodes marcellae,False,False
Parachaetodon_ocellatus_iNaturalist_579722938.jpg,/Users/michaelalfaro/Dropbox/git/downloading-fish-images-2026/images_inaturalist/Parachaetodon_ocellatus_iNaturalist_579722938.jpg,inaturalist,Parachaetodon ocellatus,Parachaetodon ocellatus,False,False
Chaetodon_citrinellus_iNaturalist_354753799.jpg,/Users/michaelalfaro/Dropbox/git/downloading-fish-images-2026/images_inaturalist/Chaetodon_citrinellus_iNaturalist_354753799.jpg,inaturalist,Chaetodon citrinellus,Chaetodon citrinellus,False,False
Chaetodon_dolosus_iNaturalist_15690595.jpg,/Users/michaelalfaro/Dropbox/git/downloading-fish-images-2026/images_inaturalist/Chaetodon_dolosus_iNaturalist_15690595.jpg,inaturalist,Chaetodon dolosus,Chaetodon dolosus,False,False
Chaetodon_larvatus_iNaturalist_173874128.jpg,/Users/michaelalfaro/Dropbox/git/downloading-fish-images-2026/images_inaturalist/Chaetodon_larvatus_iNaturalist_173874128.jpg,inaturalist,Chaetodon larvatus,Chaetodon larvatus,False,False
Chaetodon_melapterus_iNaturalist_612969490.jpg,/Users/michaelalfaro/Dropbox/git/downloading-fish-images-2026/images_inaturalist/Chaetodon_melapterus_iNaturalist_612969490.jpg,inaturalist,Chaetodon melapterus,Chaetodon melapterus,False,False
Chaetodon_miliaris_iNaturalist_386290369.jpg,/Users/michaelalfaro/Dropbox/git/downloading-fish-images-2026/images_inaturalist/Chaetodon_miliaris_iNaturalist_386290369.jpg,inaturalist,Chaetodon miliaris,Chaetodon miliaris,False,False
Chaetodon_ulietensis_iNaturalist_453439299.jpg,/Users/michaelalfaro/Dropbox/git/downloading-fish-images-2026/images_inaturalist/Chaetodon_ulietensis_iNaturalist_453439299.jpg,inaturalist,Chaetodon ulietensis,Chaetodon ulietensis,False,False
Prognathodes_aculeatus_iNaturalist_30531979.jpg,/Users/michaelalfaro/Dropbox/git/downloading-fish-images-2026/images_inaturalist/Prognathodes_aculeatus_iNaturalist_30531979.jpg,inaturalist,Prognathodes aculeatus,Prognathodes aculeatus,False,False
Chaetodon_sanctaehelenae_iNaturalist_418983044.jpg,/Users/michaelalfaro/Dropbox/git/downloading-fish-images-2026/images_inaturalist/Chaetodon_sanctaehelenae_iNaturalist_418983044.jpg,inaturalist,Chaetodon sanctaehelenae,Chaetodon sanctaehelenae,False,False
Chaetodon_dolosus_iNaturalist_15539185.jpg,/Users/michaelalfaro/Dropbox/git/downloading-fish-images-2026/images_inaturalist/Chaetodon_dolosus_iNaturalist_15539185.jpg,inaturalist,Chaetodon dolosus,Chaetodon dolosus,False,False
Chaetodon_austriacus_iNaturalist_3125075.jpg,/Users/michaelalfaro/Dropbox/git/downloading-fish-images-2026/images_inaturalist/Chaetodon_austriacus_iNaturalist_3125075.jpg,inaturalist,Chaetodon austriacus,Chaetodon austriacus,False,False
Chaetodon_wiebeli_iNaturalist_416922213.jpg,/Users/michaelalfaro/Dropbox/git/downloading-fish-images-2026/images_inaturalist/Chaetodon_wiebeli_iNaturalist_416922213.jpg,inaturalist,Chaetodon wiebeli,Chaetodon wiebeli,False,False
Chaetodon_kleinii_iNaturalist_409631622.jpg,/Users/michaelalfaro/Dropbox/git/downloading-fish-images-2026/images_inaturalist/Chaetodon_kleinii_iNaturalist_409631622.jpg,inaturalist,Chaetodon kleinii,Chaetodon kleinii,False,False
Chaetodon_fremblii_iNaturalist_34139600.jpg,/Users/michaelalfaro/Dropbox/git/downloading-fish-images-2026/images_inaturalist/Chaetodon_fremblii_iNaturalist_34139600.jpg,inaturalist,Chaetodon fremblii,Chaetodon fremblii,False,False
Heniochus_varius_iNaturalist_345490182.jpg,/Users/michaelalfaro/Dropbox/git/downloading-fish-images-2026/images_inaturalist/Heniochus_varius_iNaturalist_345490182.jpg,inaturalist,Heniochus varius,Heniochus varius,False,False
Chaetodon_melapterus_iNaturalist_612990357.jpg,/Users/michaelalfaro/Dropbox/git/downloading-fish-images-2026/images_inaturalist/Chaetodon_melapterus_iNaturalist_612990357.jpg,inaturalist,Chaetodon melapterus,Chaetodon melapterus,False,False
Chaetodon_xanthocephalus_iNaturalist_590458116.jpg,/Users/michaelalfaro/Dropbox/git/downloading-fish-images-2026/images_inaturalist/Chaetodon_xanthocephalus_iNaturalist_590458116.jpg,inaturalist,Chaetodon xanthocephalus,Chaetodon xanthocephalus,False,False
Chaetodon_pictus_iNaturalist_3502841.jpg,/Users/michaelalfaro/Dropbox/git/downloading-fish-images-2026/images_inaturalist/Chaetodon_pictus_iNaturalist_3502841.jpg,inaturalist,Chaetodon pictus,Chaetodon pictus,False,False
Chaetodon_zanzibarensis_iNaturalist_459832994.jpg,/Users/michaelalfaro/Dropbox/git/downloading-fish-images-2026/images_inaturalist/Chaetodon_zanzibarensis_iNaturalist_459832994.jpg,inaturalist,Chaetodon zanzibarensis,Chaetodon zanzibarensis,False,False
Chaetodon_trichrous_iNaturalist_527314355.jpg,/Users/michaelalfaro/Dropbox/git/downloading-fish-images-2026/images_inaturalist/Chaetodon_trichrous_iNaturalist_527314355.jpg,inaturalist,Chaetodon trichrous,Chaetodon trichrous,False,False
Chaetodon_melapterus_iNaturalist_302828066.jpg,/Users/michaelalfaro/Dropbox/git/downloading-fish-images-2026/images_inaturalist/Chaetodon_melapterus_iNaturalist_302828066.jpg,inaturalist,Chaetodon melapterus,Chaetodon melapterus,False,False
Chaetodon_auripes_iNaturalist_423034637.jpg,/Users/michaelalfaro/Dropbox/git/downloading-fish-images-2026/images_inaturalist/Chaetodon_auripes_iNaturalist_423034637.jpg,inaturalist,Chaetodon auripes,Chaetodon auripes,False,False
Chaetodon_kleinii_iNaturalist_336546534.jpg,/Users/michaelalfaro/Dropbox/git/downloading-fish-images-2026/images_inaturalist/Chaetodon_kleinii_iNaturalist_336546534.jpg,inaturalist,Chaetodon kleinii,Chaetodon kleinii,False,False
Chaetodon_multicinctus_iNaturalist_502118771.jpg,/Users/michaelalfaro/Dropbox/git/downloading-fish-images-2026/images_inaturalist/Chaetodon_multicinctus_iNaturalist_502118771.jpg,inaturalist,Chaetodon multicinctus,Chaetodon multicinctus,False,False
Chaetodon_ocellicaudus_iNaturalist_270410292.jpg,/Users/michaelalfaro/Dropbox/git/downloading-fish-images-2026/images_inaturalist/Chaetodon_ocellicaudus_iNaturalist_270410292.jpg,inaturalist,Chaetodon ocellicaudus,Chaetodon ocellicaudus,False,False
Chaetodon_adiergastos_iNaturalist_341061286.jpg,/Users/michaelalfaro/Dropbox/git/downloading-fish-images-2026/images_inaturalist/Chaetodon_adiergastos_iNaturalist_341061286.jpg,inaturalist,Chaetodon adiergastos,Chaetodon adiergastos,False,False
Forcipiger_flavissimus_iNaturalist_237549065.jpg,/Users/michaelalfaro/Dropbox/git/downloading-fish-images-2026/images_inaturalist/Forcipiger_flavissimus_iNaturalist_237549065.jpg,inaturalist,Forcipiger flavissimus,Forcipiger flavissimus,False,False
Chaetodon_multicinctus_iNaturalist_580823296.jpg,/Users/michaelalfaro/Dropbox/git/downloading-fish-images-2026/images_inaturalist/Chaetodon_multicinctus_iNaturalist_580823296.jpg,inaturalist,Chaetodon multicinctus,Chaetodon multicinctus,False,False
Chaetodon_fremblii_iNaturalist_598700049.jpg,/Users/michaelalfaro/Dropbox/git/downloading-fish-images-2026/images_inaturalist/Chaetodon_fremblii_iNaturalist_598700049.jpg,inaturalist,Chaetodon fremblii,Chaetodon fremblii,False,False
Chaetodon_andamanensis_iNaturalist_68351989.jpg,/Users/michaelalfaro/Dropbox/git/downloading-fish-images-2026/images_inaturalist/Chaetodon_andamanensis_iNaturalist_68351989.jpg,inaturalist,Chaetodon andamanensis,Chaetodon andamanensis,False,False
Chaetodon_trifasciatus_iNaturalist_173829556.jpg,/Users/michaelalfaro/Dropbox/git/downloading-fish-images-2026/images_inaturalist/Chaetodon_trifasciatus_iNaturalist_173829556.jpg,inaturalist,Chaetodon trifasciatus,Chaetodon trifasciatus,False,False
Heniochus_chrysostomus_iNaturalist_237286772.jpg,/Users/michaelalfaro/Dropbox/git/downloading-fish-images-2026/images_inaturalist/Heniochus_chrysostomus_iNaturalist_237286772.jpg,inaturalist,Heniochus chrysostomus,Heniochus chrysostomus,False,False
Chaetodon_adiergastos_iNaturalist_19737434.jpg,/Users/michaelalfaro/Dropbox/git/downloading-fish-images-2026/images_inaturalist/Chaetodon_adiergastos_iNaturalist_19737434.jpg,inaturalist,Chaetodon adiergastos,Chaetodon adiergastos,False,False
Chaetodon_quadrimaculatus_iNaturalist_341846702.jpg,/Users/michaelalfaro/Dropbox/git/downloading-fish-images-2026/images_inaturalist/Chaetodon_quadrimaculatus_iNaturalist_341846702.jpg,inaturalist,Chaetodon quadrimaculatus,Chaetodon quadrimaculatus,False,False
Chaetodon_octofasciatus_iNaturalist_187480976.jpg,/Users/michaelalfaro/Dropbox/git/downloading-fish-images-2026/images_inaturalist/Chaetodon_octofasciatus_iNaturalist_187480976.jpg,inaturalist,Chaetodon octofasciatus,Chaetodon octofasciatus,False,False
Chaetodon_guttatissimus_iNaturalist_233427015.jpg,/Users/michaelalfaro/Dropbox/git/downloading-fish-images-2026/images_inaturalist/Chaetodon_guttatissimus_iNaturalist_233427015.jpg,inaturalist,Chaetodon guttatissimus,Chaetodon guttatissimus,False,False
Chaetodon_guentheri_iNaturalist_19964900.jpg,/Users/michaelalfaro/Dropbox/git/downloading-fish-images-2026/images_inaturalist/Chaetodon_guentheri_iNaturalist_19964900.jpg,inaturalist,Chaetodon guentheri,Chaetodon guentheri,False,False
Chaetodon_auripes_iNaturalist_576758934.jpg,/Users/michaelalfaro/Dropbox/git/downloading-fish-images-2026/images_inaturalist/Chaetodon_auripes_iNaturalist_576758934.jpg,inaturalist,Chaetodon auripes,Chaetodon auripes,False,False
Chaetodon_madagaskariensis_iNaturalist_220678407.jpg,/Users/michaelalfaro/Dropbox/git/downloading-fish-images-2026/images_inaturalist/Chaetodon_madagaskariensis_iNaturalist_220678407.jpg,inaturalist,Chaetodon madagaskariensis,Chaetodon madagaskariensis,False,False
Chaetodon_ephippium_iNaturalist_243890974.jpg,/Users/michaelalfaro/Dropbox/git/downloading-fish-images-2026/images_inaturalist/Chaetodon_ephippium_iNaturalist_243890974.jpg,inaturalist,Chaetodon ephippium,Chaetodon ephippium,False,False
Chaetodon_striatus_iNaturalist_108952720.jpg,/Users/michaelalfaro/Dropbox/git/downloading-fish-images-2026/images_inaturalist/Chaetodon_striatus_iNaturalist_108952720.jpg,inaturalist,Chaetodon striatus,Chaetodon striatus,False,False
Hemitaurichthys_thompsoni_iNaturalist_601149930.jpg,/Users/michaelalfaro/Dropbox/git/downloading-fish-images-2026/images_inaturalist/Hemitaurichthys_thompsoni_iNaturalist_601149930.jpg,inaturalist,Hemitaurichthys thompsoni,Hemitaurichthys thompsoni,False,False
Chaetodon_lineolatus_iNaturalist_134145241.jpg,/Users/michaelalfaro/Dropbox/git/downloading-fish-images-2026/images_inaturalist/Chaetodon_lineolatus_iNaturalist_134145241.jpg,inaturalist,Chaetodon lineolatus,Chaetodon lineolatus,False,False
Chaetodon_nigropunctatus_iNaturalist_3794626.jpg,/Users/michaelalfaro/Dropbox/git/downloading-fish-images-2026/images_inaturalist/Chaetodon_nigropunctatus_iNaturalist_3794626.jpg,inaturalist,Chaetodon nigropunctatus,Chaetodon nigropunctatus,False,False
Chaetodon_nigropunctatus_iNaturalist_3794627.jpg,/Users/michaelalfaro/Dropbox/git/downloading-fish-images-2026/images_inaturalist/Chaetodon_nigropunctatus_iNaturalist_3794627.jpg,inaturalist,Chaetodon nigropunctatus,Chaetodon nigropunctatus,False,False
Chaetodon_robustus_iNaturalist_437534347.jpg,/Users/michaelalfaro/Dropbox/git/downloading-fish-images-2026/images_inaturalist/Chaetodon_robustus_iNaturalist_437534347.jpg,inaturalist,Chaetodon robustus,Chaetodon robustus,False,False
Heniochus_monoceros_iNaturalist_14722046.jpg,/Users/michaelalfaro/Dropbox/git/downloading-fish-images-2026/images_inaturalist/Heniochus_monoceros_iNaturalist_14722046.jpg,inaturalist,Heniochus monoceros,Heniochus monoceros,False,False
Chaetodon_sedentarius_iNaturalist_264761.jpg,/Users/michaelalfaro/Dropbox/git/downloading-fish-images-2026/images_inaturalist/Chaetodon_sedentarius_iNaturalist_264761.jpg,inaturalist,Chaetodon sedentarius,Chaetodon sedentarius,False,False
Chaetodon_flavocoronatus_iNaturalist_598924792.jpg,/Users/michaelalfaro/Dropbox/git/downloading-fish-images-2026/images_inaturalist/Chaetodon_flavocoronatus_iNaturalist_598924792.jpg,inaturalist,Chaetodon flavocoronatus,Chaetodon flavocoronatus,False,False
Chaetodon_auriga_iNaturalist_549267892.jpg,/Users/michaelalfaro/Dropbox/git/downloading-fish-images-2026/images_inaturalist/Chaetodon_auriga_iNaturalist_549267892.jpg,inaturalist,Chaetodon auriga,Chaetodon auriga,False,False
Chaetodon_quadrimaculatus_iNaturalist_439635542.jpg,/Users/michaelalfaro/Dropbox/git/downloading-fish-images-2026/images_inaturalist/Chaetodon_quadrimaculatus_iNaturalist_439635542.jpg,inaturalist,Chaetodon quadrimaculatus,Chaetodon quadrimaculatus,False,False
Chaetodon_ulietensis_iNaturalist_222874834.jpg,/Users/michaelalfaro/Dropbox/git/downloading-fish-images-2026/images_inaturalist/Chaetodon_ulietensis_iNaturalist_222874834.jpg,inaturalist,Chaetodon ulietensis,Chaetodon ulietensis,False,False
Chaetodon_zanzibarensis_iNaturalist_12066147.jpg,/Users/michaelalfaro/Dropbox/git/downloading-fish-images-2026/images_inaturalist/Chaetodon_zanzibarensis_iNaturalist_12066147.jpg,inaturalist,Chaetodon zanzibarensis,Chaetodon zanzibarensis,False,False
Chaetodon_reticulatus_iNaturalist_7064003.jpg,/Users/michaelalfaro/Dropbox/git/downloading-fish-images-2026/images_inaturalist/Chaetodon_reticulatus_iNaturalist_7064003.jpg,inaturalist,Chaetodon reticulatus,Chaetodon reticulatus,False,False
Chelmonops_curiosus_iNaturalist_199284350.jpg,/Users/michaelalfaro/Dropbox/git/downloading-fish-images-2026/images_inaturalist/Chelmonops_curiosus_iNaturalist_199284350.jpg,inaturalist,Chelmonops curiosus,Chelmonops curiosus,False,False
Chaetodon_dolosus_iNaturalist_236027673.jpg,/Users/michaelalfaro/Dropbox/git/downloading-fish-images-2026/images_inaturalist/Chaetodon_dolosus_iNaturalist_236027673.jpg,inaturalist,Chaetodon dolosus,Chaetodon dolosus,False,False
Chaetodon_assarius_iNaturalist_151182609.jpg,/Users/michaelalfaro/Dropbox/git/downloading-fish-images-2026/images_inaturalist/Chaetodon_assarius_iNaturalist_151182609.jpg,inaturalist,Chaetodon assarius,Chaetodon assarius,False,False
Forcipiger_longirostris_iNaturalist_474224006.jpg,/Users/michaelalfaro/Dropbox/git/downloading-fish-images-2026/images_inaturalist/Forcipiger_longirostris_iNaturalist_474224006.jpg,inaturalist,Forcipiger longirostris,Forcipiger longirostris,False,False
Chelmon_rostratus_iNaturalist_579723343.jpg,/Users/michaelalfaro/Dropbox/git/downloading-fish-images-2026/images_inaturalist/Chelmon_rostratus_iNaturalist_579723343.jpg,inaturalist,Chelmon rostratus,Chelmon rostratus,False,False
Chaetodon_capistratus_iNaturalist_308518622.jpg,/Users/michaelalfaro/Dropbox/git/downloading-fish-images-2026/images_inaturalist/Chaetodon_capistratus_iNaturalist_308518622.jpg,inaturalist,Chaetodon capistratus,Chaetodon capistratus,False,False
Chaetodon_wiebeli_iNaturalist_433350349.jpg,/Users/michaelalfaro/Dropbox/git/downloading-fish-images-2026/images_inaturalist/Chaetodon_wiebeli_iNaturalist_433350349.jpg,inaturalist,Chaetodon wiebeli,Chaetodon wiebeli,False,False
Chaetodon_pelewensis_iNaturalist_161020063.jpg,/Users/michaelalfaro/Dropbox/git/downloading-fish-images-2026/images_inaturalist/Chaetodon_pelewensis_iNaturalist_161020063.jpg,inaturalist,Chaetodon pelewensis,Chaetodon pelewensis,False,False
Chelmonops_curiosus_iNaturalist_23672257.jpg,/Users/michaelalfaro/Dropbox/git/downloading-fish-images-2026/images_inaturalist/Chelmonops_curiosus_iNaturalist_23672257.jpg,inaturalist,Chelmonops curiosus,Chelmonops curiosus,False,False
Coradion_chrysozonus_iNaturalist_67179004.jpg,/Users/michaelalfaro/Dropbox/git/downloading-fish-images-2026/images_inaturalist/Coradion_chrysozonus_iNaturalist_67179004.jpg,inaturalist,Coradion chrysozonus,Coradion chrysozonus,False,False
Chaetodon_ocellatus_iNaturalist_98005952.jpg,/Users/michaelalfaro/Dropbox/git/downloading-fish-images-2026/images_inaturalist/Chaetodon_ocellatus_iNaturalist_98005952.jpg,inaturalist,Chaetodon ocellatus,Chaetodon ocellatus,False,False
Chaetodon_gardineri_iNaturalist_278903419.jpg,/Users/michaelalfaro/Dropbox/git/downloading-fish-images-2026/images_inaturalist/Chaetodon_gardineri_iNaturalist_278903419.jpg,inaturalist,Chaetodon gardineri,Chaetodon gardineri,False,False
Chaetodon_wiebeli_iNaturalist_303837884.jpg,/Users/michaelalfaro/Dropbox/git/downloading-fish-images-2026/images_inaturalist/Chaetodon_wiebeli_iNaturalist_303837884.jpg,inaturalist,Chaetodon wiebeli,Chaetodon wiebeli,False,False
Chaetodon_fremblii_iNaturalist_598700060.jpg,/Users/michaelalfaro/Dropbox/git/downloading-fish-images-2026/images_inaturalist/Chaetodon_fremblii_iNaturalist_598700060.jpg,inaturalist,Chaetodon fremblii,Chaetodon fremblii,False,False
Chaetodon_assarius_iNaturalist_599485831.jpg,/Users/michaelalfaro/Dropbox/git/downloading-fish-images-2026/images_inaturalist/Chaetodon_assarius_iNaturalist_599485831.jpg,inaturalist,Chaetodon assarius,Chaetodon assarius,False,False
Heniochus_diphreutes_iNaturalist_605814253.jpg,/Users/michaelalfaro/Dropbox/git/downloading-fish-images-2026/images_inaturalist/Heniochus_diphreutes_iNaturalist_605814253.jpg,inaturalist,Heniochus diphreutes,Heniochus diphreutes,False,False
Chaetodon_kleinii_iNaturalist_97482217.jpg,/Users/michaelalfaro/Dropbox/git/downloading-fish-images-2026/images_inaturalist/Chaetodon_kleinii_iNaturalist_97482217.jpg,inaturalist,Chaetodon kleinii,Chaetodon kleinii,False,False
Chaetodon_striatus_iNaturalist_608288977.jpg,/Users/michaelalfaro/Dropbox/git/downloading-fish-images-2026/images_inaturalist/Chaetodon_striatus_iNaturalist_608288977.jpg,inaturalist,Chaetodon striatus,Chaetodon striatus,False,False
Prognathodes_carlhubbsi_iNaturalist_422516459.jpg,/Users/michaelalfaro/Dropbox/git/downloading-fish-images-2026/images_inaturalist/Prognathodes_carlhubbsi_iNaturalist_422516459.jpg,inaturalist,Prognathodes carlhubbsi,Prognathodes carlhubbsi,False,False
Chaetodon_falcula_iNaturalist_467014694.jpg,/Users/michaelalfaro/Dropbox/git/downloading-fish-images-2026/images_inaturalist/Chaetodon_falcula_iNaturalist_467014694.jpg,inaturalist,Chaetodon falcula,Chaetodon falcula,False,False
Prognathodes_carlhubbsi_iNaturalist_422516471.jpg,/Users/michaelalfaro/Dropbox/git/downloading-fish-images-2026/images_inaturalist/Prognathodes_carlhubbsi_iNaturalist_422516471.jpg,inaturalist,Prognathodes carlhubbsi,Prognathodes carlhubbsi,False,False
Chaetodon_interruptus_iNaturalist_422239513.jpg,/Users/michaelalfaro/Dropbox/git/downloading-fish-images-2026/images_inaturalist/Chaetodon_interruptus_iNaturalist_422239513.jpg,inaturalist,Chaetodon interruptus,Chaetodon interruptus,False,False
Chaetodon_melannotus_iNaturalist_84610206.jpg,/Users/michaelalfaro/Dropbox/git/downloading-fish-images-2026/images_inaturalist/Chaetodon_melannotus_iNaturalist_84610206.jpg,inaturalist,Chaetodon melannotus,Chaetodon melannotus,False,False
Chaetodon_fasciatus_iNaturalist_344206951.jpg,/Users/michaelalfaro/Dropbox/git/downloading-fish-images-2026/images_inaturalist/Chaetodon_fasciatus_iNaturalist_344206951.jpg,inaturalist,Chaetodon fasciatus,Chaetodon fasciatus,False,False
Chaetodon_oxycephalus_iNaturalist_564242487.jpg,/Users/michaelalfaro/Dropbox/git/downloading-fish-images-2026/images_inaturalist/Chaetodon_oxycephalus_iNaturalist_564242487.jpg,inaturalist,Chaetodon oxycephalus,Chaetodon oxycephalus,False,False
Heniochus_chrysostomus_iNaturalist_251695494.jpg,/Users/michaelalfaro/Dropbox/git/downloading-fish-images-2026/images_inaturalist/Heniochus_chrysostomus_iNaturalist_251695494.jpg,inaturalist,Heniochus chrysostomus,Heniochus chrysostomus,False,False
Chaetodon_guentheri_iNaturalist_12931521.jpg,/Users/michaelalfaro/Dropbox/git/downloading-fish-images-2026/images_inaturalist/Chaetodon_guentheri_iNaturalist_12931521.jpg,inaturalist,Chaetodon guentheri,Chaetodon guentheri,False,False
Chaetodon_hoefleri_iNaturalist_349923976.jpg,/Users/michaelalfaro/Dropbox/git/downloading-fish-images-2026/images_inaturalist/Chaetodon_hoefleri_iNaturalist_349923976.jpg,inaturalist,Chaetodon hoefleri,Chaetodon hoefleri,False,False
Chaetodon_flavirostris_iNaturalist_361544133.jpg,/Users/michaelalfaro/Dropbox/git/downloading-fish-images-2026/images_inaturalist/Chaetodon_flavirostris_iNaturalist_361544133.jpg,inaturalist,Chaetodon flavirostris,Chaetodon flavirostris,False,False
Chaetodon_speculum_iNaturalist_195541810.jpg,/Users/michaelalfaro/Dropbox/git/downloading-fish-images-2026/images_inaturalist/Chaetodon_speculum_iNaturalist_195541810.jpg,inaturalist,Chaetodon speculum,Chaetodon speculum,False,False
Chaetodon_pictus_iNaturalist_3502840.jpg,/Users/michaelalfaro/Dropbox/git/downloading-fish-images-2026/images_inaturalist/Chaetodon_pictus_iNaturalist_3502840.jpg,inaturalist,Chaetodon pictus,Chaetodon pictus,False,False
Chaetodon_hoefleri_iNaturalist_349924002.jpg,/Users/michaelalfaro/Dropbox/git/downloading-fish-images-2026/images_inaturalist/Chaetodon_hoefleri_iNaturalist_349924002.jpg,inaturalist,Chaetodon hoefleri,Chaetodon hoefleri,False,False
Chaetodon_citrinellus_iNaturalist_602667833.jpg,/Users/michaelalfaro/Dropbox/git/downloading-fish-images-2026/images_inaturalist/Chaetodon_citrinellus_iNaturalist_602667833.jpg,inaturalist,Chaetodon citrinellus,Chaetodon citrinellus,False,False
Chaetodon_capistratus_iNaturalist_411187850.jpg,/Users/michaelalfaro/Dropbox/git/downloading-fish-images-2026/images_inaturalist/Chaetodon_capistratus_iNaturalist_411187850.jpg,inaturalist,Chaetodon capistratus,Chaetodon capistratus,False,False
Chaetodon_sanctaehelenae_iNaturalist_578388945.jpg,/Users/michaelalfaro/Dropbox/git/downloading-fish-images-2026/images_inaturalist/Chaetodon_sanctaehelenae_iNaturalist_578388945.jpg,inaturalist,Chaetodon sanctaehelenae,Chaetodon sanctaehelenae,False,False
Chaetodon_madagaskariensis_iNaturalist_300420208.jpg,/Users/michaelalfaro/Dropbox/git/downloading-fish-images-2026/images_inaturalist/Chaetodon_madagaskariensis_iNaturalist_300420208.jpg,inaturalist,Chaetodon madagaskariensis,Chaetodon madagaskariensis,False,False
Forcipiger_wanai_iNaturalist_435111898.jpg,/Users/michaelalfaro/Dropbox/git/downloading-fish-images-2026/images_inaturalist/Forcipiger_wanai_iNaturalist_435111898.jpg,inaturalist,Forcipiger wanai,Forcipiger wanai,False,False
Chaetodon_tricinctus_iNaturalist_118360420.jpg,/Users/michaelalfaro/Dropbox/git/downloading-fish-images-2026/images_inaturalist/Chaetodon_tricinctus_iNaturalist_118360420.jpg,inaturalist,Chaetodon tricinctus,Chaetodon tricinctus,False,False
Chaetodon_pictus_iNaturalist_3502842.jpg,/Users/michaelalfaro/Dropbox/git/downloading-fish-images-2026/images_inaturalist/Chaetodon_pictus_iNaturalist_3502842.jpg,inaturalist,Chaetodon pictus,Chaetodon pictus,False,False
Chaetodon_fasciatus_iNaturalist_344206990.jpg,/Users/michaelalfaro/Dropbox/git/downloading-fish-images-2026/images_inaturalist/Chaetodon_fasciatus_iNaturalist_344206990.jpg,inaturalist,Chaetodon fasciatus,Chaetodon fasciatus,False,False
Chaetodon_reticulatus_iNaturalist_573920266.jpg,/Users/michaelalfaro/Dropbox/git/downloading-fish-images-2026/images_inaturalist/Chaetodon_reticulatus_iNaturalist_573920266.jpg,inaturalist,Chaetodon reticulatus,Chaetodon reticulatus,False,False
Chaetodon_rainfordi_iNaturalist_511704851.jpg,/Users/michaelalfaro/Dropbox/git/downloading-fish-images-2026/images_inaturalist/Chaetodon_rainfordi_iNaturalist_511704851.jpg,inaturalist,Chaetodon rainfordi,Chaetodon rainfordi,False,False
Chaetodon_hoefleri_iNaturalist_349923974.jpg,/Users/michaelalfaro/Dropbox/git/downloading-fish-images-2026/images_inaturalist/Chaetodon_hoefleri_iNaturalist_349923974.jpg,inaturalist,Chaetodon hoefleri,Chaetodon hoefleri,False,False
Heniochus_pleurotaenia_iNaturalist_474493863.jpg,/Users/michaelalfaro/Dropbox/git/downloading-fish-images-2026/images_inaturalist/Heniochus_pleurotaenia_iNaturalist_474493863.jpg,inaturalist,Heniochus pleurotaenia,Heniochus pleurotaenia,False,False
Chaetodon_guttatissimus_iNaturalist_303971849.jpg,/Users/michaelalfaro/Dropbox/git/downloading-fish-images-2026/images_inaturalist/Chaetodon_guttatissimus_iNaturalist_303971849.jpg,inaturalist,Chaetodon guttatissimus,Chaetodon guttatissimus,False,False
Chaetodon_blackburnii_iNaturalist_19749462.jpg,/Users/michaelalfaro/Dropbox/git/downloading-fish-images-2026/images_inaturalist/Chaetodon_blackburnii_iNaturalist_19749462.jpg,inaturalist,Chaetodon blackburnii,Chaetodon blackburnii,False,False
Chaetodon_trifascialis_iNaturalist_536659908.jpg,/Users/michaelalfaro/Dropbox/git/downloading-fish-images-2026/images_inaturalist/Chaetodon_trifascialis_iNaturalist_536659908.jpg,inaturalist,Chaetodon trifascialis,Chaetodon trifascialis,False,False
Chaetodon_lineolatus_iNaturalist_474229199.jpg,/Users/michaelalfaro/Dropbox/git/downloading-fish-images-2026/images_inaturalist/Chaetodon_lineolatus_iNaturalist_474229199.jpg,inaturalist,Chaetodon lineolatus,Chaetodon lineolatus,False,False
Chaetodon_mesoleucos_iNaturalist_260752004.jpg,/Users/michaelalfaro/Dropbox/git/downloading-fish-images-2026/images_inaturalist/Chaetodon_mesoleucos_iNaturalist_260752004.jpg,inaturalist,Chaetodon mesoleucos,Chaetodon mesoleucos,False,False
Chaetodon_adiergastos_iNaturalist_432980114.jpg,/Users/michaelalfaro/Dropbox/git/downloading-fish-images-2026/images_inaturalist/Chaetodon_adiergastos_iNaturalist_432980114.jpg,inaturalist,Chaetodon adiergastos,Chaetodon adiergastos,False,False
Prognathodes_dichrous_iNaturalist_59250499.jpg,/Users/michaelalfaro/Dropbox/git/downloading-fish-images-2026/images_inaturalist/Prognathodes_dichrous_iNaturalist_59250499.jpg,inaturalist,Prognathodes dichrous,Prognathodes dichrous,False,False
Chaetodon_punctatofasciatus_iNaturalist_164904201.jpg,/Users/michaelalfaro/Dropbox/git/downloading-fish-images-2026/images_inaturalist/Chaetodon_punctatofasciatus_iNaturalist_164904201.jpg,inaturalist,Chaetodon punctatofasciatus,Chaetodon punctatofasciatus,False,False
Chaetodon_zanzibarensis_iNaturalist_426318182.jpg,/Users/michaelalfaro/Dropbox/git/downloading-fish-images-2026/images_inaturalist/Chaetodon_zanzibarensis_iNaturalist_426318182.jpg,inaturalist,Chaetodon zanzibarensis,Chaetodon zanzibarensis,False,False
Chaetodon_argentatus_iNaturalist_605150779.jpg,/Users/michaelalfaro/Dropbox/git/downloading-fish-images-2026/images_inaturalist/Chaetodon_argentatus_iNaturalist_605150779.jpg,inaturalist,Chaetodon argentatus,Chaetodon argentatus,False,False
Heniochus_diphreutes_iNaturalist_605814292.jpg,/Users/michaelalfaro/Dropbox/git/downloading-fish-images-2026/images_inaturalist/Heniochus_diphreutes_iNaturalist_605814292.jpg,inaturalist,Heniochus diphreutes,Heniochus diphreutes,False,False
Chaetodon_burgessi_iNaturalist_1399554.jpg,/Users/michaelalfaro/Dropbox/git/downloading-fish-images-2026/images_inaturalist/Chaetodon_burgessi_iNaturalist_1399554.jpg,inaturalist,Chaetodon burgessi,Chaetodon burgessi,False,False
Chaetodon_dolosus_iNaturalist_174692343.jpg,/Users/michaelalfaro/Dropbox/git/downloading-fish-images-2026/images_inaturalist/Chaetodon_dolosus_iNaturalist_174692343.jpg,inaturalist,Chaetodon dolosus,Chaetodon dolosus,False,False
Chaetodon_ocellicaudus_iNaturalist_467374320.jpg,/Users/michaelalfaro/Dropbox/git/downloading-fish-images-2026/images_inaturalist/Chaetodon_ocellicaudus_iNaturalist_467374320.jpg,inaturalist,Chaetodon ocellicaudus,Chaetodon ocellicaudus,False,False
Coradion_melanopus_iNaturalist_471470053.jpg,/Users/michaelalfaro/Dropbox/git/downloading-fish-images-2026/images_inaturalist/Coradion_melanopus_iNaturalist_471470053.jpg,inaturalist,Coradion melanopus,Coradion melanopus,False,False
Chaetodon_assarius_iNaturalist_299428954.jpg,/Users/michaelalfaro/Dropbox/git/downloading-fish-images-2026/images_inaturalist/Chaetodon_assarius_iNaturalist_299428954.jpg,inaturalist,Chaetodon assarius,Chaetodon assarius,False,False
Chelmonops_truncatus_iNaturalist_18275793.jpg,/Users/michaelalfaro/Dropbox/git/downloading-fish-images-2026/images_inaturalist/Chelmonops_truncatus_iNaturalist_18275793.jpg,inaturalist,Chelmonops truncatus,Chelmonops truncatus,False,False
Chaetodon_semilarvatus_iNaturalist_480736217.jpg,/Users/michaelalfaro/Dropbox/git/downloading-fish-images-2026/images_inaturalist/Chaetodon_semilarvatus_iNaturalist_480736217.jpg,inaturalist,Chaetodon semilarvatus,Chaetodon semilarvatus,False,False
Prognathodes_marcellae_iNaturalist_166670964.jpg,/Users/michaelalfaro/Dropbox/git/downloading-fish-images-2026/images_inaturalist/Prognathodes_marcellae_iNaturalist_166670964.jpg,inaturalist,Prognathodes marcellae,Prognathodes marcellae,False,False
Parachaetodon_ocellatus_iNaturalist_106487797.jpg,/Users/michaelalfaro/Dropbox/git/downloading-fish-images-2026/images_inaturalist/Parachaetodon_ocellatus_iNaturalist_106487797.jpg,inaturalist,Parachaetodon ocellatus,Parachaetodon ocellatus,False,False
Roa_modesta_iNaturalist_475502900.jpg,/Users/michaelalfaro/Dropbox/git/downloading-fish-images-2026/images_inaturalist/Roa_modesta_iNaturalist_475502900.jpg,inaturalist,Roa modesta,Roa modesta,False,False
Chaetodon_interruptus_iNaturalist_82279627.jpg,/Users/michaelalfaro/Dropbox/git/downloading-fish-images-2026/images_inaturalist/Chaetodon_interruptus_iNaturalist_82279627.jpg,inaturalist,Chaetodon interruptus,Chaetodon interruptus,False,False
Chelmon_muelleri_iNaturalist_202629383.jpg,/Users/michaelalfaro/Dropbox/git/downloading-fish-images-2026/images_inaturalist/Chelmon_muelleri_iNaturalist_202629383.jpg,inaturalist,Chelmon muelleri,Chelmon muelleri,False,False
Chaetodon_pictus_iNaturalist_606694537.jpg,/Users/michaelalfaro/Dropbox/git/downloading-fish-images-2026/images_inaturalist/Chaetodon_pictus_iNaturalist_606694537.jpg,inaturalist,Chaetodon pictus,Chaetodon pictus,False,False
Hemitaurichthys_thompsoni_iNaturalist_535843126.jpg,/Users/michaelalfaro/Dropbox/git/downloading-fish-images-2026/images_inaturalist/Hemitaurichthys_thompsoni_iNaturalist_535843126.jpg,inaturalist,Hemitaurichthys thompsoni,Hemitaurichthys thompsoni,False,False
Hemitaurichthys_polylepis_iNaturalist_237757988.jpg,/Users/michaelalfaro/Dropbox/git/downloading-fish-images-2026/images_inaturalist/Hemitaurichthys_polylepis_iNaturalist_237757988.jpg,inaturalist,Hemitaurichthys polylepis,Hemitaurichthys polylepis,False,False
Prognathodes_falcifer_iNaturalist_207868114.jpg,/Users/michaelalfaro/Dropbox/git/downloading-fish-images-2026/images_inaturalist/Prognathodes_falcifer_iNaturalist_207868114.jpg,inaturalist,Prognathodes falcifer,Prognathodes falcifer,False,False
Chaetodon_zanzibarensis_iNaturalist_12066151.jpg,/Users/michaelalfaro/Dropbox/git/downloading-fish-images-2026/images_inaturalist/Chaetodon_zanzibarensis_iNaturalist_12066151.jpg,inaturalist,Chaetodon zanzibarensis,Chaetodon zanzibarensis,False,False
Chaetodon_nigropunctatus_iNaturalist_3794625.jpg,/Users/michaelalfaro/Dropbox/git/downloading-fish-images-2026/images_inaturalist/Chaetodon_nigropunctatus_iNaturalist_3794625.jpg,inaturalist,Chaetodon nigropunctatus,Chaetodon nigropunctatus,False,False
Chaetodon_lunulatus_iNaturalist_204763090.jpg,/Users/michaelalfaro/Dropbox/git/downloading-fish-images-2026/images_inaturalist/Chaetodon_lunulatus_iNaturalist_204763090.jpg,inaturalist,Chaetodon lunulatus,Chaetodon lunulatus,False,False
Hemitaurichthys_zoster_iNaturalist_602452085.jpg,/Users/michaelalfaro/Dropbox/git/downloading-fish-images-2026/images_inaturalist/Hemitaurichthys_zoster_iNaturalist_602452085.jpg,inaturalist,Hemitaurichthys zoster,Hemitaurichthys zoster,False,False
Chaetodon_hoefleri_iNaturalist_424743322.jpg,/Users/michaelalfaro/Dropbox/git/downloading-fish-images-2026/images_inaturalist/Chaetodon_hoefleri_iNaturalist_424743322.jpg,inaturalist,Chaetodon hoefleri,Chaetodon hoefleri,False,False
Chaetodon_burgessi_iNaturalist_59037796.jpg,/Users/michaelalfaro/Dropbox/git/downloading-fish-images-2026/images_inaturalist/Chaetodon_burgessi_iNaturalist_59037796.jpg,inaturalist,Chaetodon burgessi,Chaetodon burgessi,False,False
Chaetodon_guentheri_iNaturalist_16103786.jpg,/Users/michaelalfaro/Dropbox/git/downloading-fish-images-2026/images_inaturalist/Chaetodon_guentheri_iNaturalist_16103786.jpg,inaturalist,Chaetodon guentheri,Chaetodon guentheri,False,False
Chaetodon_bennetti_iNaturalist_476708566.jpg,/Users/michaelalfaro/Dropbox/git/downloading-fish-images-2026/images_inaturalist/Chaetodon_bennetti_iNaturalist_476708566.jpg,inaturalist,Chaetodon bennetti,Chaetodon bennetti,False,False
Chaetodon_ephippium_iNaturalist_477534095.jpg,/Users/michaelalfaro/Dropbox/git/downloading-fish-images-2026/images_inaturalist/Chaetodon_ephippium_iNaturalist_477534095.jpg,inaturalist,Chaetodon ephippium,Chaetodon ephippium,False,False
Chaetodon_auriga_iNaturalist_15056180.jpg,/Users/michaelalfaro/Dropbox/git/downloading-fish-images-2026/images_inaturalist/Chaetodon_auriga_iNaturalist_15056180.jpg,inaturalist,Chaetodon auriga,Chaetodon auriga,False,False
Prognathodes_marcellae_iNaturalist_219633983.jpg,/Users/michaelalfaro/Dropbox/git/downloading-fish-images-2026/images_inaturalist/Prognathodes_marcellae_iNaturalist_219633983.jpg,inaturalist,Prognathodes marcellae,Prognathodes marcellae,False,False
Chaetodon_ulietensis_iNaturalist_453438977.jpg,/Users/michaelalfaro/Dropbox/git/downloading-fish-images-2026/images_inaturalist/Chaetodon_ulietensis_iNaturalist_453438977.jpg,inaturalist,Chaetodon ulietensis,Chaetodon ulietensis,False,False
Chaetodon_kleinii_iNaturalist_530434066.jpg,/Users/michaelalfaro/Dropbox/git/downloading-fish-images-2026/images_inaturalist/Chaetodon_kleinii_iNaturalist_530434066.jpg,inaturalist,Chaetodon kleinii,Chaetodon kleinii,False,False
Parachaetodon_ocellatus_iNaturalist_341061427.jpg,/Users/michaelalfaro/Dropbox/git/downloading-fish-images-2026/images_inaturalist/Parachaetodon_ocellatus_iNaturalist_341061427.jpg,inaturalist,Parachaetodon ocellatus,Parachaetodon ocellatus,False,False
Chaetodon_punctatofasciatus_iNaturalist_178832147.jpg,/Users/michaelalfaro/Dropbox/git/downloading-fish-images-2026/images_inaturalist/Chaetodon_punctatofasciatus_iNaturalist_178832147.jpg,inaturalist,Chaetodon punctatofasciatus,Chaetodon punctatofasciatus,False,False
Chaetodon_plebeius_iNaturalist_536418434.jpg,/Users/michaelalfaro/Dropbox/git/downloading-fish-images-2026/images_inaturalist/Chaetodon_plebeius_iNaturalist_536418434.jpg,inaturalist,Chaetodon plebeius,Chaetodon plebeius,False,False
Chaetodon_assarius_iNaturalist_310339741.jpg,/Users/michaelalfaro/Dropbox/git/downloading-fish-images-2026/images_inaturalist/Chaetodon_assarius_iNaturalist_310339741.jpg,inaturalist,Chaetodon assarius,Chaetodon assarius,False,False
Chelmon_muelleri_iNaturalist_14858131.jpg,/Users/michaelalfaro/Dropbox/git/downloading-fish-images-2026/images_inaturalist/Chelmon_muelleri_iNaturalist_14858131.jpg,inaturalist,Chelmon muelleri,Chelmon muelleri,False,False
Chaetodon_sedentarius_iNaturalist_33101162.jpg,/Users/michaelalfaro/Dropbox/git/downloading-fish-images-2026/images_inaturalist/Chaetodon_sedentarius_iNaturalist_33101162.jpg,inaturalist,Chaetodon sedentarius,Chaetodon sedentarius,False,False
Chelmonops_truncatus_iNaturalist_42619218.jpg,/Users/michaelalfaro/Dropbox/git/downloading-fish-images-2026/images_inaturalist/Chelmonops_truncatus_iNaturalist_42619218.jpg,inaturalist,Chelmonops truncatus,Chelmonops truncatus,False,False
Chaetodon_dolosus_iNaturalist_349460578.jpg,/Users/michaelalfaro/Dropbox/git/downloading-fish-images-2026/images_inaturalist/Chaetodon_dolosus_iNaturalist_349460578.jpg,inaturalist,Chaetodon dolosus,Chaetodon dolosus,False,False
Chaetodon_paucifasciatus_iNaturalist_449356891.jpg,/Users/michaelalfaro/Dropbox/git/downloading-fish-images-2026/images_inaturalist/Chaetodon_paucifasciatus_iNaturalist_449356891.jpg,inaturalist,Chaetodon paucifasciatus,Chaetodon paucifasciatus,False,False
Chaetodon_tinkeri_iNaturalist_415676289.jpg,/Users/michaelalfaro/Dropbox/git/downloading-fish-images-2026/images_inaturalist/Chaetodon_tinkeri_iNaturalist_415676289.jpg,inaturalist,Chaetodon tinkeri,Chaetodon tinkeri,False,False
Chaetodon_ornatissimus_iNaturalist_123987464.jpg,/Users/michaelalfaro/Dropbox/git/downloading-fish-images-2026/images_inaturalist/Chaetodon_ornatissimus_iNaturalist_123987464.jpg,inaturalist,Chaetodon ornatissimus,Chaetodon ornatissimus,False,False
Chaetodon_triangulum_iNaturalist_336501928.jpg,/Users/michaelalfaro/Dropbox/git/downloading-fish-images-2026/images_inaturalist/Chaetodon_triangulum_iNaturalist_336501928.jpg,inaturalist,Chaetodon triangulum,Chaetodon triangulum,False,False
Chaetodon_xanthurus_iNaturalist_279115959.jpg,/Users/michaelalfaro/Dropbox/git/downloading-fish-images-2026/images_inaturalist/Chaetodon_xanthurus_iNaturalist_279115959.jpg,inaturalist,Chaetodon xanthurus,Chaetodon xanthurus,False,False
Chaetodon_lunula_iNaturalist_290315687.jpg,/Users/michaelalfaro/Dropbox/git/downloading-fish-images-2026/images_inaturalist/Chaetodon_lunula_iNaturalist_290315687.jpg,inaturalist,Chaetodon lunula,Chaetodon lunula,False,False
Chaetodon_aureofasciatus_iNaturalist_592372199.jpg,/Users/michaelalfaro/Dropbox/git/downloading-fish-images-2026/images_inaturalist/Chaetodon_aureofasciatus_iNaturalist_592372199.jpg,inaturalist,Chaetodon aureofasciatus,Chaetodon aureofasciatus,False,False
Chaetodon_oxycephalus_iNaturalist_448971545.jpg,/Users/michaelalfaro/Dropbox/git/downloading-fish-images-2026/images_inaturalist/Chaetodon_oxycephalus_iNaturalist_448971545.jpg,inaturalist,Chaetodon oxycephalus,Chaetodon oxycephalus,False,False
Chaetodon_lineolatus_iNaturalist_474229198.jpg,/Users/michaelalfaro/Dropbox/git/downloading-fish-images-2026/images_inaturalist/Chaetodon_lineolatus_iNaturalist_474229198.jpg,inaturalist,Chaetodon lineolatus,Chaetodon lineolatus,False,False
Heniochus_acuminatus_iNaturalist_407722773.jpg,/Users/michaelalfaro/Dropbox/git/downloading-fish-images-2026/images_inaturalist/Heniochus_acuminatus_iNaturalist_407722773.jpg,inaturalist,Heniochus acuminatus,Heniochus acuminatus,False,False
Chaetodon_blackburnii_iNaturalist_172869684.jpg,/Users/michaelalfaro/Dropbox/git/downloading-fish-images-2026/images_inaturalist/Chaetodon_blackburnii_iNaturalist_172869684.jpg,inaturalist,Chaetodon blackburnii,Chaetodon blackburnii,False,False
Chaetodon_larvatus_iNaturalist_74067025.jpg,/Users/michaelalfaro/Dropbox/git/downloading-fish-images-2026/images_inaturalist/Chaetodon_larvatus_iNaturalist_74067025.jpg,inaturalist,Chaetodon larvatus,Chaetodon larvatus,False,False
Parachaetodon_ocellatus_iNaturalist_568088836.jpg,/Users/michaelalfaro/Dropbox/git/downloading-fish-images-2026/images_inaturalist/Parachaetodon_ocellatus_iNaturalist_568088836.jpg,inaturalist,Parachaetodon ocellatus,Parachaetodon ocellatus,False,False
Chaetodon_marleyi_iNaturalist_359692990.jpg,/Users/michaelalfaro/Dropbox/git/downloading-fish-images-2026/images_inaturalist/Chaetodon_marleyi_iNaturalist_359692990.jpg,inaturalist,Chaetodon marleyi,Chaetodon marleyi,False,False
Chaetodon_pictus_iNaturalist_3502843.jpg,/Users/michaelalfaro/Dropbox/git/downloading-fish-images-2026/images_inaturalist/Chaetodon_pictus_iNaturalist_3502843.jpg,inaturalist,Chaetodon pictus,Chaetodon pictus,False,False
Heniochus_chrysostomus_iNaturalist_170510325.jpg,/Users/michaelalfaro/Dropbox/git/downloading-fish-images-2026/images_inaturalist/Heniochus_chrysostomus_iNaturalist_170510325.jpg,inaturalist,Heniochus chrysostomus,Heniochus chrysostomus,False,False
Chaetodon_flavocoronatus_iNaturalist_598921705.jpg,/Users/michaelalfaro/Dropbox/git/downloading-fish-images-2026/images_inaturalist/Chaetodon_flavocoronatus_iNaturalist_598921705.jpg,inaturalist,Chaetodon flavocoronatus,Chaetodon flavocoronatus,False,False
Chaetodon_andamanensis_iNaturalist_309575002.jpg,/Users/michaelalfaro/Dropbox/git/downloading-fish-images-2026/images_inaturalist/Chaetodon_andamanensis_iNaturalist_309575002.jpg,inaturalist,Chaetodon andamanensis,Chaetodon andamanensis,False,False
Heniochus_acuminatus_iNaturalist_251551497.jpg,/Users/michaelalfaro/Dropbox/git/downloading-fish-images-2026/images_inaturalist/Heniochus_acuminatus_iNaturalist_251551497.jpg,inaturalist,Heniochus acuminatus,Heniochus acuminatus,False,False
Prognathodes_marcellae_iNaturalist_166670490.jpg,/Users/michaelalfaro/Dropbox/git/downloading-fish-images-2026/images_inaturalist/Prognathodes_marcellae_iNaturalist_166670490.jpg,inaturalist,Prognathodes marcellae,Prognathodes marcellae,False,False
Chaetodon_humeralis_iNaturalist_10169427.jpg,/Users/michaelalfaro/Dropbox/git/downloading-fish-images-2026/images_inaturalist/Chaetodon_humeralis_iNaturalist_10169427.jpg,inaturalist,Chaetodon humeralis,Chaetodon humeralis,False,False
Roa_modesta_iNaturalist_410589366.jpg,/Users/michaelalfaro/Dropbox/git/downloading-fish-images-2026/images_inaturalist/Roa_modesta_iNaturalist_410589366.jpg,inaturalist,Roa modesta,Roa modesta,False,False
Johnrandallia_nigrirostris_iNaturalist_338069057.jpg,/Users/michaelalfaro/Dropbox/git/downloading-fish-images-2026/images_inaturalist/Johnrandallia_nigrirostris_iNaturalist_338069057.jpg,inaturalist,Johnrandallia nigrirostris,Johnrandallia nigrirostris,False,False
Chaetodon_decussatus_iNaturalist_60833629.jpg,/Users/michaelalfaro/Dropbox/git/downloading-fish-images-2026/images_inaturalist/Chaetodon_decussatus_iNaturalist_60833629.jpg,inaturalist,Chaetodon decussatus,Chaetodon decussatus,False,False
Chaetodon_striatus_iNaturalist_254945429.jpg,/Users/michaelalfaro/Dropbox/git/downloading-fish-images-2026/images_inaturalist/Chaetodon_striatus_iNaturalist_254945429.jpg,inaturalist,Chaetodon striatus,Chaetodon striatus,False,False
Chaetodon_lunulatus_iNaturalist_22286339.jpg,/Users/michaelalfaro/Dropbox/git/downloading-fish-images-2026/images_inaturalist/Chaetodon_lunulatus_iNaturalist_22286339.jpg,inaturalist,Chaetodon lunulatus,Chaetodon lunulatus,False,False
Roa_modesta_iNaturalist_410589399.jpg,/Users/michaelalfaro/Dropbox/git/downloading-fish-images-2026/images_inaturalist/Roa_modesta_iNaturalist_410589399.jpg,inaturalist,Roa modesta,Roa modesta,False,False
Chaetodon_decussatus_iNaturalist_270162452.jpg,/Users/michaelalfaro/Dropbox/git/downloading-fish-images-2026/images_inaturalist/Chaetodon_decussatus_iNaturalist_270162452.jpg,inaturalist,Chaetodon decussatus,Chaetodon decussatus,False,False
Chaetodon_unimaculatus_iNaturalist_71907697.jpg,/Users/michaelalfaro/Dropbox/git/downloading-fish-images-2026/images_inaturalist/Chaetodon_unimaculatus_iNaturalist_71907697.jpg,inaturalist,Chaetodon unimaculatus,Chaetodon unimaculatus,False,False
Heniochus_singularius_iNaturalist_477534054.jpg,/Users/michaelalfaro/Dropbox/git/downloading-fish-images-2026/images_inaturalist/Heniochus_singularius_iNaturalist_477534054.jpg,inaturalist,Heniochus singularius,Heniochus singularius,False,False
Chaetodon_tricinctus_iNaturalist_287702131.jpg,/Users/michaelalfaro/Dropbox/git/downloading-fish-images-2026/images_inaturalist/Chaetodon_tricinctus_iNaturalist_287702131.jpg,inaturalist,Chaetodon tricinctus,Chaetodon tricinctus,False,False
Heniochus_acuminatus_iNaturalist_598753383.jpg,/Users/michaelalfaro/Dropbox/git/downloading-fish-images-2026/images_inaturalist/Heniochus_acuminatus_iNaturalist_598753383.jpg,inaturalist,Heniochus acuminatus,Heniochus acuminatus,False,False
Chaetodon_kleinii_iNaturalist_338353091.jpg,/Users/michaelalfaro/Dropbox/git/downloading-fish-images-2026/images_inaturalist/Chaetodon_kleinii_iNaturalist_338353091.jpg,inaturalist,Chaetodon kleinii,Chaetodon kleinii,False,False
Coradion_chrysozonus_iNaturalist_336902426.jpg,/Users/michaelalfaro/Dropbox/git/downloading-fish-images-2026/images_inaturalist/Coradion_chrysozonus_iNaturalist_336902426.jpg,inaturalist,Coradion chrysozonus,Coradion chrysozonus,False,False
Chaetodon_tricinctus_iNaturalist_197184716.jpg,/Users/michaelalfaro/Dropbox/git/downloading-fish-images-2026/images_inaturalist/Chaetodon_tricinctus_iNaturalist_197184716.jpg,inaturalist,Chaetodon tricinctus,Chaetodon tricinctus,False,False
Forcipiger_wanai_iNaturalist_458153810.jpg,/Users/michaelalfaro/Dropbox/git/downloading-fish-images-2026/images_inaturalist/Forcipiger_wanai_iNaturalist_458153810.jpg,inaturalist,Forcipiger wanai,Forcipiger wanai,False,False
Chaetodon_robustus_iNaturalist_61768271.jpg,/Users/michaelalfaro/Dropbox/git/downloading-fish-images-2026/images_inaturalist/Chaetodon_robustus_iNaturalist_61768271.jpg,inaturalist,Chaetodon robustus,Chaetodon robustus,False,False
Chaetodon_blackburnii_iNaturalist_247677288.jpg,/Users/michaelalfaro/Dropbox/git/downloading-fish-images-2026/images_inaturalist/Chaetodon_blackburnii_iNaturalist_247677288.jpg,inaturalist,Chaetodon blackburnii,Chaetodon blackburnii,False,False
Chaetodon_semilarvatus_iNaturalist_581020123.jpg,/Users/michaelalfaro/Dropbox/git/downloading-fish-images-2026/images_inaturalist/Chaetodon_semilarvatus_iNaturalist_581020123.jpg,inaturalist,Chaetodon semilarvatus,Chaetodon semilarvatus,False,False
Chaetodon_unimaculatus_iNaturalist_602202893.jpg,/Users/michaelalfaro/Dropbox/git/downloading-fish-images-2026/images_inaturalist/Chaetodon_unimaculatus_iNaturalist_602202893.jpg,inaturalist,Chaetodon unimaculatus,Chaetodon unimaculatus,False,False
Heniochus_pleurotaenia_iNaturalist_78290.jpg,/Users/michaelalfaro/Dropbox/git/downloading-fish-images-2026/images_inaturalist/Heniochus_pleurotaenia_iNaturalist_78290.jpg,inaturalist,Heniochus pleurotaenia,Heniochus pleurotaenia,False,False
Chaetodon_aureofasciatus_iNaturalist_481634544.jpg,/Users/michaelalfaro/Dropbox/git/downloading-fish-images-2026/images_inaturalist/Chaetodon_aureofasciatus_iNaturalist_481634544.jpg,inaturalist,Chaetodon aureofasciatus,Chaetodon aureofasciatus,False,False
Heniochus_monoceros_iNaturalist_580445465.jpg,/Users/michaelalfaro/Dropbox/git/downloading-fish-images-2026/images_inaturalist/Heniochus_monoceros_iNaturalist_580445465.jpg,inaturalist,Heniochus monoceros,Heniochus monoceros,False,False
Amphichaetodon_melbae_iNaturalist_462963831.jpg,/Users/michaelalfaro/Dropbox/git/downloading-fish-images-2026/images_inaturalist/Amphichaetodon_melbae_iNaturalist_462963831.jpg,inaturalist,Amphichaetodon melbae,Amphichaetodon melbae,False,False
Chaetodon_miliaris_iNaturalist_178987952.jpg,/Users/michaelalfaro/Dropbox/git/downloading-fish-images-2026/images_inaturalist/Chaetodon_miliaris_iNaturalist_178987952.jpg,inaturalist,Chaetodon miliaris,Chaetodon miliaris,False,False
Heniochus_singularius_iNaturalist_483418203.jpg,/Users/michaelalfaro/Dropbox/git/downloading-fish-images-2026/images_inaturalist/Heniochus_singularius_iNaturalist_483418203.jpg,inaturalist,Heniochus singularius,Heniochus singularius,False,False
Chaetodon_leucopleura_iNaturalist_431017214.jpg,/Users/michaelalfaro/Dropbox/git/downloading-fish-images-2026/images_inaturalist/Chaetodon_leucopleura_iNaturalist_431017214.jpg,inaturalist,Chaetodon leucopleura,Chaetodon leucopleura,False,False
Prognathodes_aculeatus_iNaturalist_525211901.jpg,/Users/michaelalfaro/Dropbox/git/downloading-fish-images-2026/images_inaturalist/Prognathodes_aculeatus_iNaturalist_525211901.jpg,inaturalist,Prognathodes aculeatus,Prognathodes aculeatus,False,False
Hemitaurichthys_zoster_iNaturalist_602702693.jpg,/Users/michaelalfaro/Dropbox/git/downloading-fish-images-2026/images_inaturalist/Hemitaurichthys_zoster_iNaturalist_602702693.jpg,inaturalist,Hemitaurichthys zoster,Hemitaurichthys zoster,False,False
Prognathodes_carlhubbsi_iNaturalist_443367431.jpg,/Users/michaelalfaro/Dropbox/git/downloading-fish-images-2026/images_inaturalist/Prognathodes_carlhubbsi_iNaturalist_443367431.jpg,inaturalist,Prognathodes carlhubbsi,Prognathodes carlhubbsi,False,False
Heniochus_varius_iNaturalist_395588221.jpg,/Users/michaelalfaro/Dropbox/git/downloading-fish-images-2026/images_inaturalist/Heniochus_varius_iNaturalist_395588221.jpg,inaturalist,Heniochus varius,Heniochus varius,False,False
Chaetodon_octofasciatus_iNaturalist_573587028.jpg,/Users/michaelalfaro/Dropbox/git/downloading-fish-images-2026/images_inaturalist/Chaetodon_octofasciatus_iNaturalist_573587028.jpg,inaturalist,Chaetodon octofasciatus,Chaetodon octofasciatus,False,False
Chaetodon_interruptus_iNaturalist_444196719.jpg,/Users/michaelalfaro/Dropbox/git/downloading-fish-images-2026/images_inaturalist/Chaetodon_interruptus_iNaturalist_444196719.jpg,inaturalist,Chaetodon interruptus,Chaetodon interruptus,False,False
Chaetodon_collare_iNaturalist_332653503.jpg,/Users/michaelalfaro/Dropbox/git/downloading-fish-images-2026/images_inaturalist/Chaetodon_collare_iNaturalist_332653503.jpg,inaturalist,Chaetodon collare,Chaetodon collare,False,False
Chaetodon_ulietensis_iNaturalist_326590225.jpg,/Users/michaelalfaro/Dropbox/git/downloading-fish-images-2026/images_inaturalist/Chaetodon_ulietensis_iNaturalist_326590225.jpg,inaturalist,Chaetodon ulietensis,Chaetodon ulietensis,False,False
Chaetodon_flavirostris_iNaturalist_17376788.jpg,/Users/michaelalfaro/Dropbox/git/downloading-fish-images-2026/images_inaturalist/Chaetodon_flavirostris_iNaturalist_17376788.jpg,inaturalist,Chaetodon flavirostris,Chaetodon flavirostris,False,False
Prognathodes_falcifer_iNaturalist_208018123.jpg,/Users/michaelalfaro/Dropbox/git/downloading-fish-images-2026/images_inaturalist/Prognathodes_falcifer_iNaturalist_208018123.jpg,inaturalist,Prognathodes falcifer,Prognathodes falcifer,False,False
Chaetodon_xanthurus_iNaturalist_227051829.jpg,/Users/michaelalfaro/Dropbox/git/downloading-fish-images-2026/images_inaturalist/Chaetodon_xanthurus_iNaturalist_227051829.jpg,inaturalist,Chaetodon xanthurus,Chaetodon xanthurus,False,False
Chaetodon_aureofasciatus_iNaturalist_22549155.jpg,/Users/michaelalfaro/Dropbox/git/downloading-fish-images-2026/images_inaturalist/Chaetodon_aureofasciatus_iNaturalist_22549155.jpg,inaturalist,Chaetodon aureofasciatus,Chaetodon aureofasciatus,False,False
Chaetodon_bennetti_iNaturalist_450199741.jpg,/Users/michaelalfaro/Dropbox/git/downloading-fish-images-2026/images_inaturalist/Chaetodon_bennetti_iNaturalist_450199741.jpg,inaturalist,Chaetodon bennetti,Chaetodon bennetti,False,False
Chaetodon_triangulum_iNaturalist_607414244.jpg,/Users/michaelalfaro/Dropbox/git/downloading-fish-images-2026/images_inaturalist/Chaetodon_triangulum_iNaturalist_607414244.jpg,inaturalist,Chaetodon triangulum,Chaetodon triangulum,False,False
Heniochus_singularius_iNaturalist_478493447.jpg,/Users/michaelalfaro/Dropbox/git/downloading-fish-images-2026/images_inaturalist/Heniochus_singularius_iNaturalist_478493447.jpg,inaturalist,Heniochus singularius,Heniochus singularius,False,False
Chaetodon_kleinii_iNaturalist_338353090.jpg,/Users/michaelalfaro/Dropbox/git/downloading-fish-images-2026/images_inaturalist/Chaetodon_kleinii_iNaturalist_338353090.jpg,inaturalist,Chaetodon kleinii,Chaetodon kleinii,False,False
Chaetodon_ornatissimus_iNaturalist_442103313.jpg,/Users/michaelalfaro/Dropbox/git/downloading-fish-images-2026/images_inaturalist/Chaetodon_ornatissimus_iNaturalist_442103313.jpg,inaturalist,Chaetodon ornatissimus,Chaetodon ornatissimus,False,False
Chaetodon_mesoleucos_iNaturalist_465897429.jpg,/Users/michaelalfaro/Dropbox/git/downloading-fish-images-2026/images_inaturalist/Chaetodon_mesoleucos_iNaturalist_465897429.jpg,inaturalist,Chaetodon mesoleucos,Chaetodon mesoleucos,False,False
Chaetodon_trifasciatus_iNaturalist_326127996.jpg,/Users/michaelalfaro/Dropbox/git/downloading-fish-images-2026/images_inaturalist/Chaetodon_trifasciatus_iNaturalist_326127996.jpg,inaturalist,Chaetodon trifasciatus,Chaetodon trifasciatus,False,False
Chaetodon_xanthocephalus_iNaturalist_458538304.jpg,/Users/michaelalfaro/Dropbox/git/downloading-fish-images-2026/images_inaturalist/Chaetodon_xanthocephalus_iNaturalist_458538304.jpg,inaturalist,Chaetodon xanthocephalus,Chaetodon xanthocephalus,False,False
Chaetodon_sedentarius_iNaturalist_291518510.jpg,/Users/michaelalfaro/Dropbox/git/downloading-fish-images-2026/images_inaturalist/Chaetodon_sedentarius_iNaturalist_291518510.jpg,inaturalist,Chaetodon sedentarius,Chaetodon sedentarius,False,False
Chaetodon_guttatissimus_iNaturalist_26864062.jpg,/Users/michaelalfaro/Dropbox/git/downloading-fish-images-2026/images_inaturalist/Chaetodon_guttatissimus_iNaturalist_26864062.jpg,inaturalist,Chaetodon guttatissimus,Chaetodon guttatissimus,False,False
Chaetodon_assarius_iNaturalist_291017904.jpg,/Users/michaelalfaro/Dropbox/git/downloading-fish-images-2026/images_inaturalist/Chaetodon_assarius_iNaturalist_291017904.jpg,inaturalist,Chaetodon assarius,Chaetodon assarius,False,False
Chaetodon_dolosus_iNaturalist_174031777.jpg,/Users/michaelalfaro/Dropbox/git/downloading-fish-images-2026/images_inaturalist/Chaetodon_dolosus_iNaturalist_174031777.jpg,inaturalist,Chaetodon dolosus,Chaetodon dolosus,False,False
Prognathodes_marcellae_iNaturalist_244937622.jpg,/Users/michaelalfaro/Dropbox/git/downloading-fish-images-2026/images_inaturalist/Prognathodes_marcellae_iNaturalist_244937622.jpg,inaturalist,Prognathodes marcellae,Prognathodes marcellae,False,False
Johnrandallia_nigrirostris_iNaturalist_338069056.jpg,/Users/michaelalfaro/Dropbox/git/downloading-fish-images-2026/images_inaturalist/Johnrandallia_nigrirostris_iNaturalist_338069056.jpg,inaturalist,Johnrandallia nigrirostris,Johnrandallia nigrirostris,False,False
Chaetodon_hoefleri_iNaturalist_350007389.jpg,/Users/michaelalfaro/Dropbox/git/downloading-fish-images-2026/images_inaturalist/Chaetodon_hoefleri_iNaturalist_350007389.jpg,inaturalist,Chaetodon hoefleri,Chaetodon hoefleri,False,False
Heniochus_acuminatus_iNaturalist_598752856.jpg,/Users/michaelalfaro/Dropbox/git/downloading-fish-images-2026/images_inaturalist/Heniochus_acuminatus_iNaturalist_598752856.jpg,inaturalist,Heniochus acuminatus,Heniochus acuminatus,False,False
Chaetodon_multicinctus_iNaturalist_466264486.jpg,/Users/michaelalfaro/Dropbox/git/downloading-fish-images-2026/images_inaturalist/Chaetodon_multicinctus_iNaturalist_466264486.jpg,inaturalist,Chaetodon multicinctus,Chaetodon multicinctus,False,False
Heniochus_singularius_iNaturalist_19670206.jpg,/Users/michaelalfaro/Dropbox/git/downloading-fish-images-2026/images_inaturalist/Heniochus_singularius_iNaturalist_19670206.jpg,inaturalist,Heniochus singularius,Heniochus singularius,False,False
Prognathodes_falcifer_iNaturalist_562177023.jpg,/Users/michaelalfaro/Dropbox/git/downloading-fish-images-2026/images_inaturalist/Prognathodes_falcifer_iNaturalist_562177023.jpg,inaturalist,Prognathodes falcifer,Prognathodes falcifer,False,False
Chaetodon_andamanensis_iNaturalist_545241141.jpg,/Users/michaelalfaro/Dropbox/git/downloading-fish-images-2026/images_inaturalist/Chaetodon_andamanensis_iNaturalist_545241141.jpg,inaturalist,Chaetodon andamanensis,Chaetodon andamanensis,False,False
Chaetodon_paucifasciatus_iNaturalist_70239542.jpg,/Users/michaelalfaro/Dropbox/git/downloading-fish-images-2026/images_inaturalist/Chaetodon_paucifasciatus_iNaturalist_70239542.jpg,inaturalist,Chaetodon paucifasciatus,Chaetodon paucifasciatus,False,False
Chaetodon_multicinctus_iNaturalist_254011515.jpg,/Users/michaelalfaro/Dropbox/git/downloading-fish-images-2026/images_inaturalist/Chaetodon_multicinctus_iNaturalist_254011515.jpg,inaturalist,Chaetodon multicinctus,Chaetodon multicinctus,False,False
Chaetodon_trichrous_iNaturalist_173142293.jpg,/Users/michaelalfaro/Dropbox/git/downloading-fish-images-2026/images_inaturalist/Chaetodon_trichrous_iNaturalist_173142293.jpg,inaturalist,Chaetodon trichrous,Chaetodon trichrous,False,False
Chaetodon_mitratus_iNaturalist_170685886.jpg,/Users/michaelalfaro/Dropbox/git/downloading-fish-images-2026/images_inaturalist/Chaetodon_mitratus_iNaturalist_170685886.jpg,inaturalist,Chaetodon mitratus,Chaetodon mitratus,False,False
Chaetodon_humeralis_iNaturalist_11971502.jpg,/Users/michaelalfaro/Dropbox/git/downloading-fish-images-2026/images_inaturalist/Chaetodon_humeralis_iNaturalist_11971502.jpg,inaturalist,Chaetodon humeralis,Chaetodon humeralis,False,False
Coradion_melanopus_iNaturalist_591247918.jpg,/Users/michaelalfaro/Dropbox/git/downloading-fish-images-2026/images_inaturalist/Coradion_melanopus_iNaturalist_591247918.jpg,inaturalist,Coradion melanopus,Coradion melanopus,False,False
Chaetodon_kleinii_iNaturalist_564309402.jpg,/Users/michaelalfaro/Dropbox/git/downloading-fish-images-2026/images_inaturalist/Chaetodon_kleinii_iNaturalist_564309402.jpg,inaturalist,Chaetodon kleinii,Chaetodon kleinii,False,False
Chaetodon_auriga_iNaturalist_317521711.jpg,/Users/michaelalfaro/Dropbox/git/downloading-fish-images-2026/images_inaturalist/Chaetodon_auriga_iNaturalist_317521711.jpg,inaturalist,Chaetodon auriga,Chaetodon auriga,False,False
Chaetodon_ocellatus_iNaturalist_441973498.jpg,/Users/michaelalfaro/Dropbox/git/downloading-fish-images-2026/images_inaturalist/Chaetodon_ocellatus_iNaturalist_441973498.jpg,inaturalist,Chaetodon ocellatus,Chaetodon ocellatus,False,False
Heniochus_acuminatus_iNaturalist_386242137.jpg,/Users/michaelalfaro/Dropbox/git/downloading-fish-images-2026/images_inaturalist/Heniochus_acuminatus_iNaturalist_386242137.jpg,inaturalist,Heniochus acuminatus,Heniochus acuminatus,False,False
Chaetodon_capistratus_iNaturalist_188863842.jpg,/Users/michaelalfaro/Dropbox/git/downloading-fish-images-2026/images_inaturalist/Chaetodon_capistratus_iNaturalist_188863842.jpg,inaturalist,Chaetodon capistratus,Chaetodon capistratus,False,False
Chaetodon_aureofasciatus_iNaturalist_341061346.jpg,/Users/michaelalfaro/Dropbox/git/downloading-fish-images-2026/images_inaturalist/Chaetodon_aureofasciatus_iNaturalist_341061346.jpg,inaturalist,Chaetodon aureofasciatus,Chaetodon aureofasciatus,False,False
Heniochus_intermedius_iNaturalist_466154072.jpg,/Users/michaelalfaro/Dropbox/git/downloading-fish-images-2026/images_inaturalist/Heniochus_intermedius_iNaturalist_466154072.jpg,inaturalist,Heniochus intermedius,Heniochus intermedius,False,False
Chaetodon_baronessa_iNaturalist_160681551.jpg,/Users/michaelalfaro/Dropbox/git/downloading-fish-images-2026/images_inaturalist/Chaetodon_baronessa_iNaturalist_160681551.jpg,inaturalist,Chaetodon baronessa,Chaetodon baronessa,False,False
Chaetodon_collare_iNaturalist_603923252.jpg,/Users/michaelalfaro/Dropbox/git/downloading-fish-images-2026/images_inaturalist/Chaetodon_collare_iNaturalist_603923252.jpg,inaturalist,Chaetodon collare,Chaetodon collare,False,False
Chelmon_rostratus_iNaturalist_579723287.jpg,/Users/michaelalfaro/Dropbox/git/downloading-fish-images-2026/images_inaturalist/Chelmon_rostratus_iNaturalist_579723287.jpg,inaturalist,Chelmon rostratus,Chelmon rostratus,False,False
Chaetodon_lunula_iNaturalist_290315608.jpg,/Users/michaelalfaro/Dropbox/git/downloading-fish-images-2026/images_inaturalist/Chaetodon_lunula_iNaturalist_290315608.jpg,inaturalist,Chaetodon lunula,Chaetodon lunula,False,False
Chaetodon_austriacus_iNaturalist_102813626.jpg,/Users/michaelalfaro/Dropbox/git/downloading-fish-images-2026/images_inaturalist/Chaetodon_austriacus_iNaturalist_102813626.jpg,inaturalist,Chaetodon austriacus,Chaetodon austriacus,False,False
Chaetodon_capistratus_iNaturalist_449898623.jpg,/Users/michaelalfaro/Dropbox/git/downloading-fish-images-2026/images_inaturalist/Chaetodon_capistratus_iNaturalist_449898623.jpg,inaturalist,Chaetodon capistratus,Chaetodon capistratus,False,False
Chaetodon_guentheri_iNaturalist_17952429.jpg,/Users/michaelalfaro/Dropbox/git/downloading-fish-images-2026/images_inaturalist/Chaetodon_guentheri_iNaturalist_17952429.jpg,inaturalist,Chaetodon guentheri,Chaetodon guentheri,False,False
Chaetodon_trichrous_iNaturalist_167677313.jpg,/Users/michaelalfaro/Dropbox/git/downloading-fish-images-2026/images_inaturalist/Chaetodon_trichrous_iNaturalist_167677313.jpg,inaturalist,Chaetodon trichrous,Chaetodon trichrous,False,False
Chaetodon_kleinii_iNaturalist_409583506.jpg,/Users/michaelalfaro/Dropbox/git/downloading-fish-images-2026/images_inaturalist/Chaetodon_kleinii_iNaturalist_409583506.jpg,inaturalist,Chaetodon kleinii,Chaetodon kleinii,False,False
Chaetodon_lunula_iNaturalist_58993744.jpg,/Users/michaelalfaro/Dropbox/git/downloading-fish-images-2026/images_inaturalist/Chaetodon_lunula_iNaturalist_58993744.jpg,inaturalist,Chaetodon lunula,Chaetodon lunula,False,False
Chaetodon_guttatissimus_iNaturalist_474997418.jpg,/Users/michaelalfaro/Dropbox/git/downloading-fish-images-2026/images_inaturalist/Chaetodon_guttatissimus_iNaturalist_474997418.jpg,inaturalist,Chaetodon guttatissimus,Chaetodon guttatissimus,False,False
Chaetodon_triangulum_iNaturalist_484927564.jpg,/Users/michaelalfaro/Dropbox/git/downloading-fish-images-2026/images_inaturalist/Chaetodon_triangulum_iNaturalist_484927564.jpg,inaturalist,Chaetodon triangulum,Chaetodon triangulum,False,False
Chaetodon_burgessi_iNaturalist_377051376.jpg,/Users/michaelalfaro/Dropbox/git/downloading-fish-images-2026/images_inaturalist/Chaetodon_burgessi_iNaturalist_377051376.jpg,inaturalist,Chaetodon burgessi,Chaetodon burgessi,False,False
Chaetodon_meyeri_iNaturalist_351639691.jpg,/Users/michaelalfaro/Dropbox/git/downloading-fish-images-2026/images_inaturalist/Chaetodon_meyeri_iNaturalist_351639691.jpg,inaturalist,Chaetodon meyeri,Chaetodon meyeri,False,False
Chaetodon_tricinctus_iNaturalist_248668717.jpg,/Users/michaelalfaro/Dropbox/git/downloading-fish-images-2026/images_inaturalist/Chaetodon_tricinctus_iNaturalist_248668717.jpg,inaturalist,Chaetodon tricinctus,Chaetodon tricinctus,False,False
Chaetodon_auripes_iNaturalist_609149715.jpg,/Users/michaelalfaro/Dropbox/git/downloading-fish-images-2026/images_inaturalist/Chaetodon_auripes_iNaturalist_609149715.jpg,inaturalist,Chaetodon auripes,Chaetodon auripes,False,False
Chaetodon_fasciatus_iNaturalist_344207037.jpg,/Users/michaelalfaro/Dropbox/git/downloading-fish-images-2026/images_inaturalist/Chaetodon_fasciatus_iNaturalist_344207037.jpg,inaturalist,Chaetodon fasciatus,Chaetodon fasciatus,False,False
Chelmonops_truncatus_iNaturalist_24980935.jpg,/Users/michaelalfaro/Dropbox/git/downloading-fish-images-2026/images_inaturalist/Chelmonops_truncatus_iNaturalist_24980935.jpg,inaturalist,Chelmonops truncatus,Chelmonops truncatus,False,False
Chaetodon_unimaculatus_iNaturalist_179915614.jpg,/Users/michaelalfaro/Dropbox/git/downloading-fish-images-2026/images_inaturalist/Chaetodon_unimaculatus_iNaturalist_179915614.jpg,inaturalist,Chaetodon unimaculatus,Chaetodon unimaculatus,False,False
Chaetodon_burgessi_iNaturalist_485314131.jpg,/Users/michaelalfaro/Dropbox/git/downloading-fish-images-2026/images_inaturalist/Chaetodon_burgessi_iNaturalist_485314131.jpg,inaturalist,Chaetodon burgessi,Chaetodon burgessi,False,False
Chaetodon_bennetti_iNaturalist_450199757.jpg,/Users/michaelalfaro/Dropbox/git/downloading-fish-images-2026/images_inaturalist/Chaetodon_bennetti_iNaturalist_450199757.jpg,inaturalist,Chaetodon bennetti,Chaetodon bennetti,False,False
Chaetodon_xanthurus_iNaturalist_427620838.jpg,/Users/michaelalfaro/Dropbox/git/downloading-fish-images-2026/images_inaturalist/Chaetodon_xanthurus_iNaturalist_427620838.jpg,inaturalist,Chaetodon xanthurus,Chaetodon xanthurus,False,False
Chaetodon_selene_iNaturalist_577593291.jpg,/Users/michaelalfaro/Dropbox/git/downloading-fish-images-2026/images_inaturalist/Chaetodon_selene_iNaturalist_577593291.jpg,inaturalist,Chaetodon selene,Chaetodon selene,False,False
Heniochus_acuminatus_iNaturalist_598753419.jpg,/Users/michaelalfaro/Dropbox/git/downloading-fish-images-2026/images_inaturalist/Heniochus_acuminatus_iNaturalist_598753419.jpg,inaturalist,Heniochus acuminatus,Heniochus acuminatus,False,False
Chelmonops_curiosus_iNaturalist_342365702.jpg,/Users/michaelalfaro/Dropbox/git/downloading-fish-images-2026/images_inaturalist/Chelmonops_curiosus_iNaturalist_342365702.jpg,inaturalist,Chelmonops curiosus,Chelmonops curiosus,False,False
Amphichaetodon_howensis_iNaturalist_11105384.jpg,/Users/michaelalfaro/Dropbox/git/downloading-fish-images-2026/images_inaturalist/Amphichaetodon_howensis_iNaturalist_11105384.jpg,inaturalist,Amphichaetodon howensis,Amphichaetodon howensis,False,False
Chaetodon_collare_iNaturalist_249083576.jpg,/Users/michaelalfaro/Dropbox/git/downloading-fish-images-2026/images_inaturalist/Chaetodon_collare_iNaturalist_249083576.jpg,inaturalist,Chaetodon collare,Chaetodon collare,False,False
Chelmonops_truncatus_iNaturalist_21652120.jpg,/Users/michaelalfaro/Dropbox/git/downloading-fish-images-2026/images_inaturalist/Chelmonops_truncatus_iNaturalist_21652120.jpg,inaturalist,Chelmonops truncatus,Chelmonops truncatus,False,False
Prognathodes_aculeatus_iNaturalist_601647878.jpg,/Users/michaelalfaro/Dropbox/git/downloading-fish-images-2026/images_inaturalist/Prognathodes_aculeatus_iNaturalist_601647878.jpg,inaturalist,Prognathodes aculeatus,Prognathodes aculeatus,False,False
Chaetodon_octofasciatus_iNaturalist_438496468.jpg,/Users/michaelalfaro/Dropbox/git/downloading-fish-images-2026/images_inaturalist/Chaetodon_octofasciatus_iNaturalist_438496468.jpg,inaturalist,Chaetodon octofasciatus,Chaetodon octofasciatus,False,False
Chelmon_marginalis_iNaturalist_18106798.jpg,/Users/michaelalfaro/Dropbox/git/downloading-fish-images-2026/images_inaturalist/Chelmon_marginalis_iNaturalist_18106798.jpg,inaturalist,Chelmon marginalis,Chelmon marginalis,False,False
Heniochus_monoceros_iNaturalist_580445466.jpg,/Users/michaelalfaro/Dropbox/git/downloading-fish-images-2026/images_inaturalist/Heniochus_monoceros_iNaturalist_580445466.jpg,inaturalist,Heniochus monoceros,Heniochus monoceros,False,False
Chaetodon_pelewensis_iNaturalist_287497554.jpg,/Users/michaelalfaro/Dropbox/git/downloading-fish-images-2026/images_inaturalist/Chaetodon_pelewensis_iNaturalist_287497554.jpg,inaturalist,Chaetodon pelewensis,Chaetodon pelewensis,False,False
Chaetodon_andamanensis_iNaturalist_153255532.jpg,/Users/michaelalfaro/Dropbox/git/downloading-fish-images-2026/images_inaturalist/Chaetodon_andamanensis_iNaturalist_153255532.jpg,inaturalist,Chaetodon andamanensis,Chaetodon andamanensis,False,False
Chaetodon_capistratus_iNaturalist_92683344.jpg,/Users/michaelalfaro/Dropbox/git/downloading-fish-images-2026/images_inaturalist/Chaetodon_capistratus_iNaturalist_92683344.jpg,inaturalist,Chaetodon capistratus,Chaetodon capistratus,False,False
Chaetodon_meyeri_iNaturalist_390482460.jpg,/Users/michaelalfaro/Dropbox/git/downloading-fish-images-2026/images_inaturalist/Chaetodon_meyeri_iNaturalist_390482460.jpg,inaturalist,Chaetodon meyeri,Chaetodon meyeri,False,False
Chaetodon_capistratus_iNaturalist_194558459.jpg,/Users/michaelalfaro/Dropbox/git/downloading-fish-images-2026/images_inaturalist/Chaetodon_capistratus_iNaturalist_194558459.jpg,inaturalist,Chaetodon capistratus,Chaetodon capistratus,False,False
Chaetodon_aureofasciatus_iNaturalist_595413339.jpg,/Users/michaelalfaro/Dropbox/git/downloading-fish-images-2026/images_inaturalist/Chaetodon_aureofasciatus_iNaturalist_595413339.jpg,inaturalist,Chaetodon aureofasciatus,Chaetodon aureofasciatus,False,False
Chaetodon_austriacus_iNaturalist_450388533.jpg,/Users/michaelalfaro/Dropbox/git/downloading-fish-images-2026/images_inaturalist/Chaetodon_austriacus_iNaturalist_450388533.jpg,inaturalist,Chaetodon austriacus,Chaetodon austriacus,False,False
Chaetodon_melannotus_iNaturalist_409632193.jpg,/Users/michaelalfaro/Dropbox/git/downloading-fish-images-2026/images_inaturalist/Chaetodon_melannotus_iNaturalist_409632193.jpg,inaturalist,Chaetodon melannotus,Chaetodon melannotus,False,False
Chaetodon_trifascialis_iNaturalist_243933.jpg,/Users/michaelalfaro/Dropbox/git/downloading-fish-images-2026/images_inaturalist/Chaetodon_trifascialis_iNaturalist_243933.jpg,inaturalist,Chaetodon trifascialis,Chaetodon trifascialis,False,False
Chaetodon_wiebeli_iNaturalist_416917368.jpg,/Users/michaelalfaro/Dropbox/git/downloading-fish-images-2026/images_inaturalist/Chaetodon_wiebeli_iNaturalist_416917368.jpg,inaturalist,Chaetodon wiebeli,Chaetodon wiebeli,False,False
Johnrandallia_nigrirostris_iNaturalist_79602584.jpg,/Users/michaelalfaro/Dropbox/git/downloading-fish-images-2026/images_inaturalist/Johnrandallia_nigrirostris_iNaturalist_79602584.jpg,inaturalist,Johnrandallia nigrirostris,Johnrandallia nigrirostris,False,False
Heniochus_pleurotaenia_iNaturalist_599641812.jpg,/Users/michaelalfaro/Dropbox/git/downloading-fish-images-2026/images_inaturalist/Heniochus_pleurotaenia_iNaturalist_599641812.jpg,inaturalist,Heniochus pleurotaenia,Heniochus pleurotaenia,False,False
Amphichaetodon_howensis_iNaturalist_405964908.jpg,/Users/michaelalfaro/Dropbox/git/downloading-fish-images-2026/images_inaturalist/Amphichaetodon_howensis_iNaturalist_405964908.jpg,inaturalist,Amphichaetodon howensis,Amphichaetodon howensis,False,False
Chaetodon_marleyi_iNaturalist_464707333.jpg,/Users/michaelalfaro/Dropbox/git/downloading-fish-images-2026/images_inaturalist/Chaetodon_marleyi_iNaturalist_464707333.jpg,inaturalist,Chaetodon marleyi,Chaetodon marleyi,False,False
Chaetodon_leucopleura_iNaturalist_26103099.jpg,/Users/michaelalfaro/Dropbox/git/downloading-fish-images-2026/images_inaturalist/Chaetodon_leucopleura_iNaturalist_26103099.jpg,inaturalist,Chaetodon leucopleura,Chaetodon leucopleura,False,False
Chaetodon_quadrimaculatus_iNaturalist_375423270.jpg,/Users/michaelalfaro/Dropbox/git/downloading-fish-images-2026/images_inaturalist/Chaetodon_quadrimaculatus_iNaturalist_375423270.jpg,inaturalist,Chaetodon quadrimaculatus,Chaetodon quadrimaculatus,False,False
Heniochus_varius_iNaturalist_294238984.jpg,/Users/michaelalfaro/Dropbox/git/downloading-fish-images-2026/images_inaturalist/Heniochus_varius_iNaturalist_294238984.jpg,inaturalist,Heniochus varius,Heniochus varius,False,False
Amphichaetodon_howensis_iNaturalist_33167253.jpg,/Users/michaelalfaro/Dropbox/git/downloading-fish-images-2026/images_inaturalist/Amphichaetodon_howensis_iNaturalist_33167253.jpg,inaturalist,Amphichaetodon howensis,Amphichaetodon howensis,False,False
Chaetodon_octofasciatus_iNaturalist_318759027.jpg,/Users/michaelalfaro/Dropbox/git/downloading-fish-images-2026/images_inaturalist/Chaetodon_octofasciatus_iNaturalist_318759027.jpg,inaturalist,Chaetodon octofasciatus,Chaetodon octofasciatus,False,False
Forcipiger_wanai_iNaturalist_456409328.jpg,/Users/michaelalfaro/Dropbox/git/downloading-fish-images-2026/images_inaturalist/Forcipiger_wanai_iNaturalist_456409328.jpg,inaturalist,Forcipiger wanai,Forcipiger wanai,False,False
Chaetodon_reticulatus_iNaturalist_591169754.jpg,/Users/michaelalfaro/Dropbox/git/downloading-fish-images-2026/images_inaturalist/Chaetodon_reticulatus_iNaturalist_591169754.jpg,inaturalist,Chaetodon reticulatus,Chaetodon reticulatus,False,False
Forcipiger_flavissimus_iNaturalist_179529903.jpg,/Users/michaelalfaro/Dropbox/git/downloading-fish-images-2026/images_inaturalist/Forcipiger_flavissimus_iNaturalist_179529903.jpg,inaturalist,Forcipiger flavissimus,Forcipiger flavissimus,False,False
Chaetodon_tricinctus_iNaturalist_322706422.jpg,/Users/michaelalfaro/Dropbox/git/downloading-fish-images-2026/images_inaturalist/Chaetodon_tricinctus_iNaturalist_322706422.jpg,inaturalist,Chaetodon tricinctus,Chaetodon tricinctus,False,False
Chaetodon_baronessa_iNaturalist_287393226.jpg,/Users/michaelalfaro/Dropbox/git/downloading-fish-images-2026/images_inaturalist/Chaetodon_baronessa_iNaturalist_287393226.jpg,inaturalist,Chaetodon baronessa,Chaetodon baronessa,False,False
Chaetodon_trichrous_iNaturalist_473965444.jpg,/Users/michaelalfaro/Dropbox/git/downloading-fish-images-2026/images_inaturalist/Chaetodon_trichrous_iNaturalist_473965444.jpg,inaturalist,Chaetodon trichrous,Chaetodon trichrous,False,False
Chaetodon_semilarvatus_iNaturalist_589657471.jpg,/Users/michaelalfaro/Dropbox/git/downloading-fish-images-2026/images_inaturalist/Chaetodon_semilarvatus_iNaturalist_589657471.jpg,inaturalist,Chaetodon semilarvatus,Chaetodon semilarvatus,False,False
Chaetodon_wiebeli_iNaturalist_303753000.jpg,/Users/michaelalfaro/Dropbox/git/downloading-fish-images-2026/images_inaturalist/Chaetodon_wiebeli_iNaturalist_303753000.jpg,inaturalist,Chaetodon wiebeli,Chaetodon wiebeli,False,False
Chaetodon_sedentarius_iNaturalist_32020394.jpg,/Users/michaelalfaro/Dropbox/git/downloading-fish-images-2026/images_inaturalist/Chaetodon_sedentarius_iNaturalist_32020394.jpg,inaturalist,Chaetodon sedentarius,Chaetodon sedentarius,False,False
Chelmon_rostratus_iNaturalist_132056083.jpg,/Users/michaelalfaro/Dropbox/git/downloading-fish-images-2026/images_inaturalist/Chelmon_rostratus_iNaturalist_132056083.jpg,inaturalist,Chelmon rostratus,Chelmon rostratus,False,False
Chaetodon_pelewensis_iNaturalist_463900843.jpg,/Users/michaelalfaro/Dropbox/git/downloading-fish-images-2026/images_inaturalist/Chaetodon_pelewensis_iNaturalist_463900843.jpg,inaturalist,Chaetodon pelewensis,Chaetodon pelewensis,False,False
Chaetodon_mitratus_iNaturalist_170685878.jpg,/Users/michaelalfaro/Dropbox/git/downloading-fish-images-2026/images_inaturalist/Chaetodon_mitratus_iNaturalist_170685878.jpg,inaturalist,Chaetodon mitratus,Chaetodon mitratus,False,False
Chelmonops_curiosus_iNaturalist_17452463.jpg,/Users/michaelalfaro/Dropbox/git/downloading-fish-images-2026/images_inaturalist/Chelmonops_curiosus_iNaturalist_17452463.jpg,inaturalist,Chelmonops curiosus,Chelmonops curiosus,False,False
Chaetodon_marleyi_iNaturalist_553311588.jpg,/Users/michaelalfaro/Dropbox/git/downloading-fish-images-2026/images_inaturalist/Chaetodon_marleyi_iNaturalist_553311588.jpg,inaturalist,Chaetodon marleyi,Chaetodon marleyi,False,False
Hemitaurichthys_polylepis_iNaturalist_409603672.jpg,/Users/michaelalfaro/Dropbox/git/downloading-fish-images-2026/images_inaturalist/Hemitaurichthys_polylepis_iNaturalist_409603672.jpg,inaturalist,Hemitaurichthys polylepis,Hemitaurichthys polylepis,False,False
Chaetodon_collare_iNaturalist_199056448.jpg,/Users/michaelalfaro/Dropbox/git/downloading-fish-images-2026/images_inaturalist/Chaetodon_collare_iNaturalist_199056448.jpg,inaturalist,Chaetodon collare,Chaetodon collare,False,False
Chaetodon_paucifasciatus_iNaturalist_379831846.jpg,/Users/michaelalfaro/Dropbox/git/downloading-fish-images-2026/images_inaturalist/Chaetodon_paucifasciatus_iNaturalist_379831846.jpg,inaturalist,Chaetodon paucifasciatus,Chaetodon paucifasciatus,False,False
Forcipiger_flavissimus_iNaturalist_389876206.jpg,/Users/michaelalfaro/Dropbox/git/downloading-fish-images-2026/images_inaturalist/Forcipiger_flavissimus_iNaturalist_389876206.jpg,inaturalist,Forcipiger flavissimus,Forcipiger flavissimus,False,False
Chaetodon_baronessa_iNaturalist_409626771.jpg,/Users/michaelalfaro/Dropbox/git/downloading-fish-images-2026/images_inaturalist/Chaetodon_baronessa_iNaturalist_409626771.jpg,inaturalist,Chaetodon baronessa,Chaetodon baronessa,False,False
Chaetodon_baronessa_iNaturalist_390635338.jpg,/Users/michaelalfaro/Dropbox/git/downloading-fish-images-2026/images_inaturalist/Chaetodon_baronessa_iNaturalist_390635338.jpg,inaturalist,Chaetodon baronessa,Chaetodon baronessa,False,False
Chaetodon_oxycephalus_iNaturalist_59429662.jpg,/Users/michaelalfaro/Dropbox/git/downloading-fish-images-2026/images_inaturalist/Chaetodon_oxycephalus_iNaturalist_59429662.jpg,inaturalist,Chaetodon oxycephalus,Chaetodon oxycephalus,False,False
Chaetodon_pictus_iNaturalist_179955261.jpg,/Users/michaelalfaro/Dropbox/git/downloading-fish-images-2026/images_inaturalist/Chaetodon_pictus_iNaturalist_179955261.jpg,inaturalist,Chaetodon pictus,Chaetodon pictus,False,False
Chaetodon_oxycephalus_iNaturalist_474167620.jpg,/Users/michaelalfaro/Dropbox/git/downloading-fish-images-2026/images_inaturalist/Chaetodon_oxycephalus_iNaturalist_474167620.jpg,inaturalist,Chaetodon oxycephalus,Chaetodon oxycephalus,False,False
Chaetodon_assarius_iNaturalist_6085742.jpg,/Users/michaelalfaro/Dropbox/git/downloading-fish-images-2026/images_inaturalist/Chaetodon_assarius_iNaturalist_6085742.jpg,inaturalist,Chaetodon assarius,Chaetodon assarius,False,False
Chaetodon_vagabundus_iNaturalist_13817766.jpg,/Users/michaelalfaro/Dropbox/git/downloading-fish-images-2026/images_inaturalist/Chaetodon_vagabundus_iNaturalist_13817766.jpg,inaturalist,Chaetodon vagabundus,Chaetodon vagabundus,False,False
Chaetodon_falcula_iNaturalist_419993389.jpg,/Users/michaelalfaro/Dropbox/git/downloading-fish-images-2026/images_inaturalist/Chaetodon_falcula_iNaturalist_419993389.jpg,inaturalist,Chaetodon falcula,Chaetodon falcula,False,False
Chaetodon_punctatofasciatus_iNaturalist_465096696.jpg,/Users/michaelalfaro/Dropbox/git/downloading-fish-images-2026/images_inaturalist/Chaetodon_punctatofasciatus_iNaturalist_465096696.jpg,inaturalist,Chaetodon punctatofasciatus,Chaetodon punctatofasciatus,False,False
Chaetodon_madagaskariensis_iNaturalist_340340962.jpg,/Users/michaelalfaro/Dropbox/git/downloading-fish-images-2026/images_inaturalist/Chaetodon_madagaskariensis_iNaturalist_340340962.jpg,inaturalist,Chaetodon madagaskariensis,Chaetodon madagaskariensis,False,False
Chaetodon_vagabundus_iNaturalist_236696832.jpg,/Users/michaelalfaro/Dropbox/git/downloading-fish-images-2026/images_inaturalist/Chaetodon_vagabundus_iNaturalist_236696832.jpg,inaturalist,Chaetodon vagabundus,Chaetodon vagabundus,False,False
Forcipiger_longirostris_iNaturalist_72235.jpg,/Users/michaelalfaro/Dropbox/git/downloading-fish-images-2026/images_inaturalist/Forcipiger_longirostris_iNaturalist_72235.jpg,inaturalist,Forcipiger longirostris,Forcipiger longirostris,False,False
Chaetodon_selene_iNaturalist_461134965.jpg,/Users/michaelalfaro/Dropbox/git/downloading-fish-images-2026/images_inaturalist/Chaetodon_selene_iNaturalist_461134965.jpg,inaturalist,Chaetodon selene,Chaetodon selene,False,False
Chelmon_marginalis_iNaturalist_570390920.jpg,/Users/michaelalfaro/Dropbox/git/downloading-fish-images-2026/images_inaturalist/Chelmon_marginalis_iNaturalist_570390920.jpg,inaturalist,Chelmon marginalis,Chelmon marginalis,False,False
Forcipiger_wanai_iNaturalist_597780049.jpg,/Users/michaelalfaro/Dropbox/git/downloading-fish-images-2026/images_inaturalist/Forcipiger_wanai_iNaturalist_597780049.jpg,inaturalist,Forcipiger wanai,Forcipiger wanai,False,False
Roa_modesta_iNaturalist_351101087.jpg,/Users/michaelalfaro/Dropbox/git/downloading-fish-images-2026/images_inaturalist/Roa_modesta_iNaturalist_351101087.jpg,inaturalist,Roa modesta,Roa modesta,False,False
Chaetodon_paucifasciatus_iNaturalist_461212819.jpg,/Users/michaelalfaro/Dropbox/git/downloading-fish-images-2026/images_inaturalist/Chaetodon_paucifasciatus_iNaturalist_461212819.jpg,inaturalist,Chaetodon paucifasciatus,Chaetodon paucifasciatus,False,False
Chelmon_muelleri_iNaturalist_143981394.jpg,/Users/michaelalfaro/Dropbox/git/downloading-fish-images-2026/images_inaturalist/Chelmon_muelleri_iNaturalist_143981394.jpg,inaturalist,Chelmon muelleri,Chelmon muelleri,False,False
Chaetodon_vagabundus_iNaturalist_236697047.jpg,/Users/michaelalfaro/Dropbox/git/downloading-fish-images-2026/images_inaturalist/Chaetodon_vagabundus_iNaturalist_236697047.jpg,inaturalist,Chaetodon vagabundus,Chaetodon vagabundus,False,False
Chaetodon_octofasciatus_iNaturalist_318759037.jpg,/Users/michaelalfaro/Dropbox/git/downloading-fish-images-2026/images_inaturalist/Chaetodon_octofasciatus_iNaturalist_318759037.jpg,inaturalist,Chaetodon octofasciatus,Chaetodon octofasciatus,False,False
Amphichaetodon_howensis_iNaturalist_593017609.jpg,/Users/michaelalfaro/Dropbox/git/downloading-fish-images-2026/images_inaturalist/Amphichaetodon_howensis_iNaturalist_593017609.jpg,inaturalist,Amphichaetodon howensis,Amphichaetodon howensis,False,False
Hemitaurichthys_polylepis_iNaturalist_505103184.jpg,/Users/michaelalfaro/Dropbox/git/downloading-fish-images-2026/images_inaturalist/Hemitaurichthys_polylepis_iNaturalist_505103184.jpg,inaturalist,Hemitaurichthys polylepis,Hemitaurichthys polylepis,False,False
Chaetodon_blackburnii_iNaturalist_260269269.jpg,/Users/michaelalfaro/Dropbox/git/downloading-fish-images-2026/images_inaturalist/Chaetodon_blackburnii_iNaturalist_260269269.jpg,inaturalist,Chaetodon blackburnii,Chaetodon blackburnii,False,False
Chaetodon_trichrous_iNaturalist_593273450.jpg,/Users/michaelalfaro/Dropbox/git/downloading-fish-images-2026/images_inaturalist/Chaetodon_trichrous_iNaturalist_593273450.jpg,inaturalist,Chaetodon trichrous,Chaetodon trichrous,False,False
Chaetodon_triangulum_iNaturalist_149101164.jpg,/Users/michaelalfaro/Dropbox/git/downloading-fish-images-2026/images_inaturalist/Chaetodon_triangulum_iNaturalist_149101164.jpg,inaturalist,Chaetodon triangulum,Chaetodon triangulum,False,False
Heniochus_singularius_iNaturalist_478493440.jpg,/Users/michaelalfaro/Dropbox/git/downloading-fish-images-2026/images_inaturalist/Heniochus_singularius_iNaturalist_478493440.jpg,inaturalist,Heniochus singularius,Heniochus singularius,False,False
Coradion_chrysozonus_iNaturalist_336902408.jpg,/Users/michaelalfaro/Dropbox/git/downloading-fish-images-2026/images_inaturalist/Coradion_chrysozonus_iNaturalist_336902408.jpg,inaturalist,Coradion chrysozonus,Coradion chrysozonus,False,False
Chaetodon_tinkeri_iNaturalist_122833739.jpg,/Users/michaelalfaro/Dropbox/git/downloading-fish-images-2026/images_inaturalist/Chaetodon_tinkeri_iNaturalist_122833739.jpg,inaturalist,Chaetodon tinkeri,Chaetodon tinkeri,False,False
Chaetodon_larvatus_iNaturalist_183943966.jpg,/Users/michaelalfaro/Dropbox/git/downloading-fish-images-2026/images_inaturalist/Chaetodon_larvatus_iNaturalist_183943966.jpg,inaturalist,Chaetodon larvatus,Chaetodon larvatus,False,False
Johnrandallia_nigrirostris_iNaturalist_90964108.jpg,/Users/michaelalfaro/Dropbox/git/downloading-fish-images-2026/images_inaturalist/Johnrandallia_nigrirostris_iNaturalist_90964108.jpg,inaturalist,Johnrandallia nigrirostris,Johnrandallia nigrirostris,False,False
Chaetodon_andamanensis_iNaturalist_2532907.jpg,/Users/michaelalfaro/Dropbox/git/downloading-fish-images-2026/images_inaturalist/Chaetodon_andamanensis_iNaturalist_2532907.jpg,inaturalist,Chaetodon andamanensis,Chaetodon andamanensis,False,False
Chaetodon_robustus_iNaturalist_61768277.jpg,/Users/michaelalfaro/Dropbox/git/downloading-fish-images-2026/images_inaturalist/Chaetodon_robustus_iNaturalist_61768277.jpg,inaturalist,Chaetodon robustus,Chaetodon robustus,False,False
Johnrandallia_nigrirostris_iNaturalist_140802403.jpg,/Users/michaelalfaro/Dropbox/git/downloading-fish-images-2026/images_inaturalist/Johnrandallia_nigrirostris_iNaturalist_140802403.jpg,inaturalist,Johnrandallia nigrirostris,Johnrandallia nigrirostris,False,False
Heniochus_monoceros_iNaturalist_580445463.jpg,/Users/michaelalfaro/Dropbox/git/downloading-fish-images-2026/images_inaturalist/Heniochus_monoceros_iNaturalist_580445463.jpg,inaturalist,Heniochus monoceros,Heniochus monoceros,False,False
Prognathodes_aculeatus_iNaturalist_549990135.jpg,/Users/michaelalfaro/Dropbox/git/downloading-fish-images-2026/images_inaturalist/Prognathodes_aculeatus_iNaturalist_549990135.jpg,inaturalist,Prognathodes aculeatus,Prognathodes aculeatus,False,False
Prognathodes_aculeatus_iNaturalist_390540552.jpg,/Users/michaelalfaro/Dropbox/git/downloading-fish-images-2026/images_inaturalist/Prognathodes_aculeatus_iNaturalist_390540552.jpg,inaturalist,Prognathodes aculeatus,Prognathodes aculeatus,False,False
Forcipiger_flavissimus_iNaturalist_59975862.jpg,/Users/michaelalfaro/Dropbox/git/downloading-fish-images-2026/images_inaturalist/Forcipiger_flavissimus_iNaturalist_59975862.jpg,inaturalist,Forcipiger flavissimus,Forcipiger flavissimus,False,False
Hemitaurichthys_zoster_iNaturalist_485085859.jpg,/Users/michaelalfaro/Dropbox/git/downloading-fish-images-2026/images_inaturalist/Hemitaurichthys_zoster_iNaturalist_485085859.jpg,inaturalist,Hemitaurichthys zoster,Hemitaurichthys zoster,False,False
Chaetodon_austriacus_iNaturalist_2282538.jpg,/Users/michaelalfaro/Dropbox/git/downloading-fish-images-2026/images_inaturalist/Chaetodon_austriacus_iNaturalist_2282538.jpg,inaturalist,Chaetodon austriacus,Chaetodon austriacus,False,False
Heniochus_chrysostomus_iNaturalist_472989237.jpg,/Users/michaelalfaro/Dropbox/git/downloading-fish-images-2026/images_inaturalist/Heniochus_chrysostomus_iNaturalist_472989237.jpg,inaturalist,Heniochus chrysostomus,Heniochus chrysostomus,False,False
Chaetodon_xanthocephalus_iNaturalist_450960738.jpg,/Users/michaelalfaro/Dropbox/git/downloading-fish-images-2026/images_inaturalist/Chaetodon_xanthocephalus_iNaturalist_450960738.jpg,inaturalist,Chaetodon xanthocephalus,Chaetodon xanthocephalus,False,False
Chaetodon_auriga_iNaturalist_69919845.jpg,/Users/michaelalfaro/Dropbox/git/downloading-fish-images-2026/images_inaturalist/Chaetodon_auriga_iNaturalist_69919845.jpg,inaturalist,Chaetodon auriga,Chaetodon auriga,False,False
Chaetodon_striatus_iNaturalist_535152832.jpg,/Users/michaelalfaro/Dropbox/git/downloading-fish-images-2026/images_inaturalist/Chaetodon_striatus_iNaturalist_535152832.jpg,inaturalist,Chaetodon striatus,Chaetodon striatus,False,False
Chaetodon_semilarvatus_iNaturalist_213281979.jpg,/Users/michaelalfaro/Dropbox/git/downloading-fish-images-2026/images_inaturalist/Chaetodon_semilarvatus_iNaturalist_213281979.jpg,inaturalist,Chaetodon semilarvatus,Chaetodon semilarvatus,False,False
Chaetodon_unimaculatus_iNaturalist_233496852.jpg,/Users/michaelalfaro/Dropbox/git/downloading-fish-images-2026/images_inaturalist/Chaetodon_unimaculatus_iNaturalist_233496852.jpg,inaturalist,Chaetodon unimaculatus,Chaetodon unimaculatus,False,False
Prognathodes_falcifer_iNaturalist_240542331.jpg,/Users/michaelalfaro/Dropbox/git/downloading-fish-images-2026/images_inaturalist/Prognathodes_falcifer_iNaturalist_240542331.jpg,inaturalist,Prognathodes falcifer,Prognathodes falcifer,False,False
Chaetodon_rainfordi_iNaturalist_42541456.jpg,/Users/michaelalfaro/Dropbox/git/downloading-fish-images-2026/images_inaturalist/Chaetodon_rainfordi_iNaturalist_42541456.jpg,inaturalist,Chaetodon rainfordi,Chaetodon rainfordi,False,False
Chaetodon_baronessa_iNaturalist_409577421.jpg,/Users/michaelalfaro/Dropbox/git/downloading-fish-images-2026/images_inaturalist/Chaetodon_baronessa_iNaturalist_409577421.jpg,inaturalist,Chaetodon baronessa,Chaetodon baronessa,False,False
Chaetodon_decussatus_iNaturalist_567031020.jpg,/Users/michaelalfaro/Dropbox/git/downloading-fish-images-2026/images_inaturalist/Chaetodon_decussatus_iNaturalist_567031020.jpg,inaturalist,Chaetodon decussatus,Chaetodon decussatus,False,False
Chaetodon_meyeri_iNaturalist_51013610.jpg,/Users/michaelalfaro/Dropbox/git/downloading-fish-images-2026/images_inaturalist/Chaetodon_meyeri_iNaturalist_51013610.jpg,inaturalist,Chaetodon meyeri,Chaetodon meyeri,False,False
Johnrandallia_nigrirostris_iNaturalist_299336234.jpg,/Users/michaelalfaro/Dropbox/git/downloading-fish-images-2026/images_inaturalist/Johnrandallia_nigrirostris_iNaturalist_299336234.jpg,inaturalist,Johnrandallia nigrirostris,Johnrandallia nigrirostris,False,False
Chaetodon_ocellatus_iNaturalist_441973517.jpg,/Users/michaelalfaro/Dropbox/git/downloading-fish-images-2026/images_inaturalist/Chaetodon_ocellatus_iNaturalist_441973517.jpg,inaturalist,Chaetodon ocellatus,Chaetodon ocellatus,False,False
Chaetodon_nippon_iNaturalist_586694238.jpg,/Users/michaelalfaro/Dropbox/git/downloading-fish-images-2026/images_inaturalist/Chaetodon_nippon_iNaturalist_586694238.jpg,inaturalist,Chaetodon nippon,Chaetodon nippon,False,False
Hemitaurichthys_thompsoni_iNaturalist_601149946.jpg,/Users/michaelalfaro/Dropbox/git/downloading-fish-images-2026/images_inaturalist/Hemitaurichthys_thompsoni_iNaturalist_601149946.jpg,inaturalist,Hemitaurichthys thompsoni,Hemitaurichthys thompsoni,False,False
Chaetodon_ulietensis_iNaturalist_453444823.jpg,/Users/michaelalfaro/Dropbox/git/downloading-fish-images-2026/images_inaturalist/Chaetodon_ulietensis_iNaturalist_453444823.jpg,inaturalist,Chaetodon ulietensis,Chaetodon ulietensis,False,False
Chaetodon_flavirostris_iNaturalist_12760738.jpg,/Users/michaelalfaro/Dropbox/git/downloading-fish-images-2026/images_inaturalist/Chaetodon_flavirostris_iNaturalist_12760738.jpg,inaturalist,Chaetodon flavirostris,Chaetodon flavirostris,False,False
Heniochus_diphreutes_iNaturalist_178879467.jpg,/Users/michaelalfaro/Dropbox/git/downloading-fish-images-2026/images_inaturalist/Heniochus_diphreutes_iNaturalist_178879467.jpg,inaturalist,Heniochus diphreutes,Heniochus diphreutes,False,False
Chaetodon_falcula_iNaturalist_443949633.jpg,/Users/michaelalfaro/Dropbox/git/downloading-fish-images-2026/images_inaturalist/Chaetodon_falcula_iNaturalist_443949633.jpg,inaturalist,Chaetodon falcula,Chaetodon falcula,False,False
Chaetodon_quadrimaculatus_iNaturalist_265786115.jpg,/Users/michaelalfaro/Dropbox/git/downloading-fish-images-2026/images_inaturalist/Chaetodon_quadrimaculatus_iNaturalist_265786115.jpg,inaturalist,Chaetodon quadrimaculatus,Chaetodon quadrimaculatus,False,False
Chaetodon_interruptus_iNaturalist_231967804.jpg,/Users/michaelalfaro/Dropbox/git/downloading-fish-images-2026/images_inaturalist/Chaetodon_interruptus_iNaturalist_231967804.jpg,inaturalist,Chaetodon interruptus,Chaetodon interruptus,False,False
Chaetodon_striatus_iNaturalist_604196066.jpg,/Users/michaelalfaro/Dropbox/git/downloading-fish-images-2026/images_inaturalist/Chaetodon_striatus_iNaturalist_604196066.jpg,inaturalist,Chaetodon striatus,Chaetodon striatus,False,False
Chaetodon_semeion_iNaturalist_592159669.jpg,/Users/michaelalfaro/Dropbox/git/downloading-fish-images-2026/images_inaturalist/Chaetodon_semeion_iNaturalist_592159669.jpg,inaturalist,Chaetodon semeion,Chaetodon semeion,False,False
Chaetodon_semilarvatus_iNaturalist_120141561.jpg,/Users/michaelalfaro/Dropbox/git/downloading-fish-images-2026/images_inaturalist/Chaetodon_semilarvatus_iNaturalist_120141561.jpg,inaturalist,Chaetodon semilarvatus,Chaetodon semilarvatus,False,False
Chaetodon_miliaris_iNaturalist_600454066.jpg,/Users/michaelalfaro/Dropbox/git/downloading-fish-images-2026/images_inaturalist/Chaetodon_miliaris_iNaturalist_600454066.jpg,inaturalist,Chaetodon miliaris,Chaetodon miliaris,False,False
Forcipiger_longirostris_iNaturalist_474224273.jpg,/Users/michaelalfaro/Dropbox/git/downloading-fish-images-2026/images_inaturalist/Forcipiger_longirostris_iNaturalist_474224273.jpg,inaturalist,Forcipiger longirostris,Forcipiger longirostris,False,False
Forcipiger_flavissimus_iNaturalist_179529899.jpg,/Users/michaelalfaro/Dropbox/git/downloading-fish-images-2026/images_inaturalist/Forcipiger_flavissimus_iNaturalist_179529899.jpg,inaturalist,Forcipiger flavissimus,Forcipiger flavissimus,False,False
Chaetodon_selene_iNaturalist_194985212.jpg,/Users/michaelalfaro/Dropbox/git/downloading-fish-images-2026/images_inaturalist/Chaetodon_selene_iNaturalist_194985212.jpg,inaturalist,Chaetodon selene,Chaetodon selene,False,False
Heniochus_acuminatus_iNaturalist_598752844.jpg,/Users/michaelalfaro/Dropbox/git/downloading-fish-images-2026/images_inaturalist/Heniochus_acuminatus_iNaturalist_598752844.jpg,inaturalist,Heniochus acuminatus,Heniochus acuminatus,False,False
Chaetodon_plebeius_iNaturalist_302022715.jpg,/Users/michaelalfaro/Dropbox/git/downloading-fish-images-2026/images_inaturalist/Chaetodon_plebeius_iNaturalist_302022715.jpg,inaturalist,Chaetodon plebeius,Chaetodon plebeius,False,False
Chaetodon_ornatissimus_iNaturalist_436943971.jpg,/Users/michaelalfaro/Dropbox/git/downloading-fish-images-2026/images_inaturalist/Chaetodon_ornatissimus_iNaturalist_436943971.jpg,inaturalist,Chaetodon ornatissimus,Chaetodon ornatissimus,False,False
Chaetodon_leucopleura_iNaturalist_174544780.jpg,/Users/michaelalfaro/Dropbox/git/downloading-fish-images-2026/images_inaturalist/Chaetodon_leucopleura_iNaturalist_174544780.jpg,inaturalist,Chaetodon leucopleura,Chaetodon leucopleura,False,False
Roa_modesta_iNaturalist_351064622.jpg,/Users/michaelalfaro/Dropbox/git/downloading-fish-images-2026/images_inaturalist/Roa_modesta_iNaturalist_351064622.jpg,inaturalist,Roa modesta,Roa modesta,False,False
Chaetodon_quadrimaculatus_iNaturalist_23523422.jpg,/Users/michaelalfaro/Dropbox/git/downloading-fish-images-2026/images_inaturalist/Chaetodon_quadrimaculatus_iNaturalist_23523422.jpg,inaturalist,Chaetodon quadrimaculatus,Chaetodon quadrimaculatus,False,False
Chaetodon_sedentarius_iNaturalist_4692917.jpg,/Users/michaelalfaro/Dropbox/git/downloading-fish-images-2026/images_inaturalist/Chaetodon_sedentarius_iNaturalist_4692917.jpg,inaturalist,Chaetodon sedentarius,Chaetodon sedentarius,False,False
Chaetodon_quadrimaculatus_iNaturalist_556077020.jpg,/Users/michaelalfaro/Dropbox/git/downloading-fish-images-2026/images_inaturalist/Chaetodon_quadrimaculatus_iNaturalist_556077020.jpg,inaturalist,Chaetodon quadrimaculatus,Chaetodon quadrimaculatus,False,False
Parachaetodon_ocellatus_iNaturalist_61646524.jpg,/Users/michaelalfaro/Dropbox/git/downloading-fish-images-2026/images_inaturalist/Parachaetodon_ocellatus_iNaturalist_61646524.jpg,inaturalist,Parachaetodon ocellatus,Parachaetodon ocellatus,False,False
Chaetodon_semeion_iNaturalist_599835888.jpg,/Users/michaelalfaro/Dropbox/git/downloading-fish-images-2026/images_inaturalist/Chaetodon_semeion_iNaturalist_599835888.jpg,inaturalist,Chaetodon semeion,Chaetodon semeion,False,False
Chaetodon_selene_iNaturalist_600955401.jpg,/Users/michaelalfaro/Dropbox/git/downloading-fish-images-2026/images_inaturalist/Chaetodon_selene_iNaturalist_600955401.jpg,inaturalist,Chaetodon selene,Chaetodon selene,False,False
Chaetodon_baronessa_iNaturalist_390635305.jpg,/Users/michaelalfaro/Dropbox/git/downloading-fish-images-2026/images_inaturalist/Chaetodon_baronessa_iNaturalist_390635305.jpg,inaturalist,Chaetodon baronessa,Chaetodon baronessa,False,False
Chaetodon_auripes_iNaturalist_63544462.jpg,/Users/michaelalfaro/Dropbox/git/downloading-fish-images-2026/images_inaturalist/Chaetodon_auripes_iNaturalist_63544462.jpg,inaturalist,Chaetodon auripes,Chaetodon auripes,False,False
Chaetodon_robustus_iNaturalist_437534287.jpg,/Users/michaelalfaro/Dropbox/git/downloading-fish-images-2026/images_inaturalist/Chaetodon_robustus_iNaturalist_437534287.jpg,inaturalist,Chaetodon robustus,Chaetodon robustus,False,False
Chaetodon_paucifasciatus_iNaturalist_459516012.jpg,/Users/michaelalfaro/Dropbox/git/downloading-fish-images-2026/images_inaturalist/Chaetodon_paucifasciatus_iNaturalist_459516012.jpg,inaturalist,Chaetodon paucifasciatus,Chaetodon paucifasciatus,False,False
Chaetodon_interruptus_iNaturalist_15933811.jpg,/Users/michaelalfaro/Dropbox/git/downloading-fish-images-2026/images_inaturalist/Chaetodon_interruptus_iNaturalist_15933811.jpg,inaturalist,Chaetodon interruptus,Chaetodon interruptus,False,False
Forcipiger_flavissimus_iNaturalist_64532564.jpg,/Users/michaelalfaro/Dropbox/git/downloading-fish-images-2026/images_inaturalist/Forcipiger_flavissimus_iNaturalist_64532564.jpg,inaturalist,Forcipiger flavissimus,Forcipiger flavissimus,False,False
Chaetodon_multicinctus_iNaturalist_51887092.jpg,/Users/michaelalfaro/Dropbox/git/downloading-fish-images-2026/images_inaturalist/Chaetodon_multicinctus_iNaturalist_51887092.jpg,inaturalist,Chaetodon multicinctus,Chaetodon multicinctus,False,False
Coradion_altivelis_iNaturalist_585934103.jpg,/Users/michaelalfaro/Dropbox/git/downloading-fish-images-2026/images_inaturalist/Coradion_altivelis_iNaturalist_585934103.jpg,inaturalist,Coradion altivelis,Coradion altivelis,False,False
Chaetodon_robustus_iNaturalist_257423579.jpg,/Users/michaelalfaro/Dropbox/git/downloading-fish-images-2026/images_inaturalist/Chaetodon_robustus_iNaturalist_257423579.jpg,inaturalist,Chaetodon robustus,Chaetodon robustus,False,False
Chaetodon_mesoleucos_iNaturalist_270115709.jpg,/Users/michaelalfaro/Dropbox/git/downloading-fish-images-2026/images_inaturalist/Chaetodon_mesoleucos_iNaturalist_270115709.jpg,inaturalist,Chaetodon mesoleucos,Chaetodon mesoleucos,False,False
Chaetodon_vagabundus_iNaturalist_232725659.jpg,/Users/michaelalfaro/Dropbox/git/downloading-fish-images-2026/images_inaturalist/Chaetodon_vagabundus_iNaturalist_232725659.jpg,inaturalist,Chaetodon vagabundus,Chaetodon vagabundus,False,False
Chaetodon_rafflesii_iNaturalist_54700090.jpg,/Users/michaelalfaro/Dropbox/git/downloading-fish-images-2026/images_inaturalist/Chaetodon_rafflesii_iNaturalist_54700090.jpg,inaturalist,Chaetodon rafflesii,Chaetodon rafflesii,False,False
Chaetodon_guttatissimus_iNaturalist_504140684.jpg,/Users/michaelalfaro/Dropbox/git/downloading-fish-images-2026/images_inaturalist/Chaetodon_guttatissimus_iNaturalist_504140684.jpg,inaturalist,Chaetodon guttatissimus,Chaetodon guttatissimus,False,False
Chaetodon_collare_iNaturalist_249083606.jpg,/Users/michaelalfaro/Dropbox/git/downloading-fish-images-2026/images_inaturalist/Chaetodon_collare_iNaturalist_249083606.jpg,inaturalist,Chaetodon collare,Chaetodon collare,False,False
Chaetodon_melannotus_iNaturalist_219530872.jpg,/Users/michaelalfaro/Dropbox/git/downloading-fish-images-2026/images_inaturalist/Chaetodon_melannotus_iNaturalist_219530872.jpg,inaturalist,Chaetodon melannotus,Chaetodon melannotus,False,False
Prognathodes_falcifer_iNaturalist_562177033.jpg,/Users/michaelalfaro/Dropbox/git/downloading-fish-images-2026/images_inaturalist/Prognathodes_falcifer_iNaturalist_562177033.jpg,inaturalist,Prognathodes falcifer,Prognathodes falcifer,False,False
Chaetodon_gardineri_iNaturalist_278903646.jpg,/Users/michaelalfaro/Dropbox/git/downloading-fish-images-2026/images_inaturalist/Chaetodon_gardineri_iNaturalist_278903646.jpg,inaturalist,Chaetodon gardineri,Chaetodon gardineri,False,False
Chaetodon_fasciatus_iNaturalist_344206924.jpg,/Users/michaelalfaro/Dropbox/git/downloading-fish-images-2026/images_inaturalist/Chaetodon_fasciatus_iNaturalist_344206924.jpg,inaturalist,Chaetodon fasciatus,Chaetodon fasciatus,False,False
Hemitaurichthys_polylepis_iNaturalist_409603661.jpg,/Users/michaelalfaro/Dropbox/git/downloading-fish-images-2026/images_inaturalist/Hemitaurichthys_polylepis_iNaturalist_409603661.jpg,inaturalist,Hemitaurichthys polylepis,Hemitaurichthys polylepis,False,False
Chaetodon_ocellatus_iNaturalist_451092106.jpg,/Users/michaelalfaro/Dropbox/git/downloading-fish-images-2026/images_inaturalist/Chaetodon_ocellatus_iNaturalist_451092106.jpg,inaturalist,Chaetodon ocellatus,Chaetodon ocellatus,False,False
Chaetodon_guentheri_iNaturalist_462449919.jpg,/Users/michaelalfaro/Dropbox/git/downloading-fish-images-2026/images_inaturalist/Chaetodon_guentheri_iNaturalist_462449919.jpg,inaturalist,Chaetodon guentheri,Chaetodon guentheri,False,False
Chaetodon_marleyi_iNaturalist_463787418.jpg,/Users/michaelalfaro/Dropbox/git/downloading-fish-images-2026/images_inaturalist/Chaetodon_marleyi_iNaturalist_463787418.jpg,inaturalist,Chaetodon marleyi,Chaetodon marleyi,False,False
Hemitaurichthys_thompsoni_iNaturalist_596365502.jpg,/Users/michaelalfaro/Dropbox/git/downloading-fish-images-2026/images_inaturalist/Hemitaurichthys_thompsoni_iNaturalist_596365502.jpg,inaturalist,Hemitaurichthys thompsoni,Hemitaurichthys thompsoni,False,False
Chaetodon_ocellatus_iNaturalist_540068424.jpg,/Users/michaelalfaro/Dropbox/git/downloading-fish-images-2026/images_inaturalist/Chaetodon_ocellatus_iNaturalist_540068424.jpg,inaturalist,Chaetodon ocellatus,Chaetodon ocellatus,False,False
Chaetodon_auriga_iNaturalist_15056243.jpg,/Users/michaelalfaro/Dropbox/git/downloading-fish-images-2026/images_inaturalist/Chaetodon_auriga_iNaturalist_15056243.jpg,inaturalist,Chaetodon auriga,Chaetodon auriga,False,False
Prognathodes_carlhubbsi_iNaturalist_443367541.jpg,/Users/michaelalfaro/Dropbox/git/downloading-fish-images-2026/images_inaturalist/Prognathodes_carlhubbsi_iNaturalist_443367541.jpg,inaturalist,Prognathodes carlhubbsi,Prognathodes carlhubbsi,False,False
Chaetodon_ornatissimus_iNaturalist_179512141.jpg,/Users/michaelalfaro/Dropbox/git/downloading-fish-images-2026/images_inaturalist/Chaetodon_ornatissimus_iNaturalist_179512141.jpg,inaturalist,Chaetodon ornatissimus,Chaetodon ornatissimus,False,False
Forcipiger_flavissimus_iNaturalist_260490467.jpg,/Users/michaelalfaro/Dropbox/git/downloading-fish-images-2026/images_inaturalist/Forcipiger_flavissimus_iNaturalist_260490467.jpg,inaturalist,Forcipiger flavissimus,Forcipiger flavissimus,False,False
Chelmonops_truncatus_iNaturalist_79031638.jpg,/Users/michaelalfaro/Dropbox/git/downloading-fish-images-2026/images_inaturalist/Chelmonops_truncatus_iNaturalist_79031638.jpg,inaturalist,Chelmonops truncatus,Chelmonops truncatus,False,False
Chaetodon_argentatus_iNaturalist_304051728.jpg,/Users/michaelalfaro/Dropbox/git/downloading-fish-images-2026/images_inaturalist/Chaetodon_argentatus_iNaturalist_304051728.jpg,inaturalist,Chaetodon argentatus,Chaetodon argentatus,False,False
Coradion_altivelis_iNaturalist_273101790.jpg,/Users/michaelalfaro/Dropbox/git/downloading-fish-images-2026/images_inaturalist/Coradion_altivelis_iNaturalist_273101790.jpg,inaturalist,Coradion altivelis,Coradion altivelis,False,False
Roa_modesta_iNaturalist_351101127.jpg,/Users/michaelalfaro/Dropbox/git/downloading-fish-images-2026/images_inaturalist/Roa_modesta_iNaturalist_351101127.jpg,inaturalist,Roa modesta,Roa modesta,False,False
Chaetodon_humeralis_iNaturalist_1461105.jpg,/Users/michaelalfaro/Dropbox/git/downloading-fish-images-2026/images_inaturalist/Chaetodon_humeralis_iNaturalist_1461105.jpg,inaturalist,Chaetodon humeralis,Chaetodon humeralis,False,False
Chaetodon_miliaris_iNaturalist_179529921.jpg,/Users/michaelalfaro/Dropbox/git/downloading-fish-images-2026/images_inaturalist/Chaetodon_miliaris_iNaturalist_179529921.jpg,inaturalist,Chaetodon miliaris,Chaetodon miliaris,False,False
Chaetodon_flavocoronatus_iNaturalist_457352545.jpg,/Users/michaelalfaro/Dropbox/git/downloading-fish-images-2026/images_inaturalist/Chaetodon_flavocoronatus_iNaturalist_457352545.jpg,inaturalist,Chaetodon flavocoronatus,Chaetodon flavocoronatus,False,False
Chaetodon_pictus_iNaturalist_60591745.jpg,/Users/michaelalfaro/Dropbox/git/downloading-fish-images-2026/images_inaturalist/Chaetodon_pictus_iNaturalist_60591745.jpg,inaturalist,Chaetodon pictus,Chaetodon pictus,False,False
Amphichaetodon_melbae_iNaturalist_577502906.jpg,/Users/michaelalfaro/Dropbox/git/downloading-fish-images-2026/images_inaturalist/Amphichaetodon_melbae_iNaturalist_577502906.jpg,inaturalist,Amphichaetodon melbae,Amphichaetodon melbae,False,False
Chaetodon_ulietensis_iNaturalist_173697456.jpg,/Users/michaelalfaro/Dropbox/git/downloading-fish-images-2026/images_inaturalist/Chaetodon_ulietensis_iNaturalist_173697456.jpg,inaturalist,Chaetodon ulietensis,Chaetodon ulietensis,False,False
Chaetodon_wiebeli_iNaturalist_586264782.jpg,/Users/michaelalfaro/Dropbox/git/downloading-fish-images-2026/images_inaturalist/Chaetodon_wiebeli_iNaturalist_586264782.jpg,inaturalist,Chaetodon wiebeli,Chaetodon wiebeli,False,False
Chaetodon_melannotus_iNaturalist_82149199.jpg,/Users/michaelalfaro/Dropbox/git/downloading-fish-images-2026/images_inaturalist/Chaetodon_melannotus_iNaturalist_82149199.jpg,inaturalist,Chaetodon melannotus,Chaetodon melannotus,False,False
Chaetodon_xanthurus_iNaturalist_440574102.jpg,/Users/michaelalfaro/Dropbox/git/downloading-fish-images-2026/images_inaturalist/Chaetodon_xanthurus_iNaturalist_440574102.jpg,inaturalist,Chaetodon xanthurus,Chaetodon xanthurus,False,False
Chaetodon_sedentarius_iNaturalist_149996653.jpg,/Users/michaelalfaro/Dropbox/git/downloading-fish-images-2026/images_inaturalist/Chaetodon_sedentarius_iNaturalist_149996653.jpg,inaturalist,Chaetodon sedentarius,Chaetodon sedentarius,False,False
Heniochus_singularius_iNaturalist_483418207.jpg,/Users/michaelalfaro/Dropbox/git/downloading-fish-images-2026/images_inaturalist/Heniochus_singularius_iNaturalist_483418207.jpg,inaturalist,Heniochus singularius,Heniochus singularius,False,False
Chaetodon_madagaskariensis_iNaturalist_248069905.jpg,/Users/michaelalfaro/Dropbox/git/downloading-fish-images-2026/images_inaturalist/Chaetodon_madagaskariensis_iNaturalist_248069905.jpg,inaturalist,Chaetodon madagaskariensis,Chaetodon madagaskariensis,False,False
Chaetodon_collare_iNaturalist_470988304.jpg,/Users/michaelalfaro/Dropbox/git/downloading-fish-images-2026/images_inaturalist/Chaetodon_collare_iNaturalist_470988304.jpg,inaturalist,Chaetodon collare,Chaetodon collare,False,False
Chaetodon_zanzibarensis_iNaturalist_260172993.jpg,/Users/michaelalfaro/Dropbox/git/downloading-fish-images-2026/images_inaturalist/Chaetodon_zanzibarensis_iNaturalist_260172993.jpg,inaturalist,Chaetodon zanzibarensis,Chaetodon zanzibarensis,False,False
Chaetodon_rafflesii_iNaturalist_473127064.jpg,/Users/michaelalfaro/Dropbox/git/downloading-fish-images-2026/images_inaturalist/Chaetodon_rafflesii_iNaturalist_473127064.jpg,inaturalist,Chaetodon rafflesii,Chaetodon rafflesii,False,False
Chaetodon_selene_iNaturalist_459791600.jpg,/Users/michaelalfaro/Dropbox/git/downloading-fish-images-2026/images_inaturalist/Chaetodon_selene_iNaturalist_459791600.jpg,inaturalist,Chaetodon selene,Chaetodon selene,False,False
Chelmon_marginalis_iNaturalist_271338157.jpg,/Users/michaelalfaro/Dropbox/git/downloading-fish-images-2026/images_inaturalist/Chelmon_marginalis_iNaturalist_271338157.jpg,inaturalist,Chelmon marginalis,Chelmon marginalis,False,False
Chaetodon_guentheri_iNaturalist_260515897.jpg,/Users/michaelalfaro/Dropbox/git/downloading-fish-images-2026/images_inaturalist/Chaetodon_guentheri_iNaturalist_260515897.jpg,inaturalist,Chaetodon guentheri,Chaetodon guentheri,False,False
Chaetodon_litus_iNaturalist_534683993.jpg,/Users/michaelalfaro/Dropbox/git/downloading-fish-images-2026/images_inaturalist/Chaetodon_litus_iNaturalist_534683993.jpg,inaturalist,Chaetodon litus,Chaetodon litus,False,False
Heniochus_monoceros_iNaturalist_592878636.jpg,/Users/michaelalfaro/Dropbox/git/downloading-fish-images-2026/images_inaturalist/Heniochus_monoceros_iNaturalist_592878636.jpg,inaturalist,Heniochus monoceros,Heniochus monoceros,False,False
Chaetodon_trifasciatus_iNaturalist_4868636.jpg,/Users/michaelalfaro/Dropbox/git/downloading-fish-images-2026/images_inaturalist/Chaetodon_trifasciatus_iNaturalist_4868636.jpg,inaturalist,Chaetodon trifasciatus,Chaetodon trifasciatus,False,False
Chaetodon_leucopleura_iNaturalist_107921304.jpg,/Users/michaelalfaro/Dropbox/git/downloading-fish-images-2026/images_inaturalist/Chaetodon_leucopleura_iNaturalist_107921304.jpg,inaturalist,Chaetodon leucopleura,Chaetodon leucopleura,False,False
Chaetodon_citrinellus_iNaturalist_11975509.jpg,/Users/michaelalfaro/Dropbox/git/downloading-fish-images-2026/images_inaturalist/Chaetodon_citrinellus_iNaturalist_11975509.jpg,inaturalist,Chaetodon citrinellus,Chaetodon citrinellus,False,False
Chaetodon_citrinellus_iNaturalist_536646907.jpg,/Users/michaelalfaro/Dropbox/git/downloading-fish-images-2026/images_inaturalist/Chaetodon_citrinellus_iNaturalist_536646907.jpg,inaturalist,Chaetodon citrinellus,Chaetodon citrinellus,False,False
Hemitaurichthys_polylepis_iNaturalist_477147605.jpg,/Users/michaelalfaro/Dropbox/git/downloading-fish-images-2026/images_inaturalist/Hemitaurichthys_polylepis_iNaturalist_477147605.jpg,inaturalist,Hemitaurichthys polylepis,Hemitaurichthys polylepis,False,False
Chaetodon_trifasciatus_iNaturalist_173829537.jpg,/Users/michaelalfaro/Dropbox/git/downloading-fish-images-2026/images_inaturalist/Chaetodon_trifasciatus_iNaturalist_173829537.jpg,inaturalist,Chaetodon trifasciatus,Chaetodon trifasciatus,False,False
Chaetodon_reticulatus_iNaturalist_30026960.jpg,/Users/michaelalfaro/Dropbox/git/downloading-fish-images-2026/images_inaturalist/Chaetodon_reticulatus_iNaturalist_30026960.jpg,inaturalist,Chaetodon reticulatus,Chaetodon reticulatus,False,False
Chelmon_muelleri_iNaturalist_600169429.jpg,/Users/michaelalfaro/Dropbox/git/downloading-fish-images-2026/images_inaturalist/Chelmon_muelleri_iNaturalist_600169429.jpg,inaturalist,Chelmon muelleri,Chelmon muelleri,False,False
Coradion_altivelis_iNaturalist_283987512.jpg,/Users/michaelalfaro/Dropbox/git/downloading-fish-images-2026/images_inaturalist/Coradion_altivelis_iNaturalist_283987512.jpg,inaturalist,Coradion altivelis,Coradion altivelis,False,False
Chaetodon_leucopleura_iNaturalist_551272520.jpg,/Users/michaelalfaro/Dropbox/git/downloading-fish-images-2026/images_inaturalist/Chaetodon_leucopleura_iNaturalist_551272520.jpg,inaturalist,Chaetodon leucopleura,Chaetodon leucopleura,False,False
Heniochus_varius_iNaturalist_60367466.jpg,/Users/michaelalfaro/Dropbox/git/downloading-fish-images-2026/images_inaturalist/Heniochus_varius_iNaturalist_60367466.jpg,inaturalist,Heniochus varius,Heniochus varius,False,False
Chaetodon_melapterus_iNaturalist_278909138.jpg,/Users/michaelalfaro/Dropbox/git/downloading-fish-images-2026/images_inaturalist/Chaetodon_melapterus_iNaturalist_278909138.jpg,inaturalist,Chaetodon melapterus,Chaetodon melapterus,False,False
Chaetodon_falcula_iNaturalist_317097780.jpg,/Users/michaelalfaro/Dropbox/git/downloading-fish-images-2026/images_inaturalist/Chaetodon_falcula_iNaturalist_317097780.jpg,inaturalist,Chaetodon falcula,Chaetodon falcula,False,False
Chaetodon_auriga_iNaturalist_6973141.jpg,/Users/michaelalfaro/Dropbox/git/downloading-fish-images-2026/images_inaturalist/Chaetodon_auriga_iNaturalist_6973141.jpg,inaturalist,Chaetodon auriga,Chaetodon auriga,False,False
Chaetodon_selene_iNaturalist_84499473.jpg,/Users/michaelalfaro/Dropbox/git/downloading-fish-images-2026/images_inaturalist/Chaetodon_selene_iNaturalist_84499473.jpg,inaturalist,Chaetodon selene,Chaetodon selene,False,False
Chaetodon_auriga_iNaturalist_15056242.jpg,/Users/michaelalfaro/Dropbox/git/downloading-fish-images-2026/images_inaturalist/Chaetodon_auriga_iNaturalist_15056242.jpg,inaturalist,Chaetodon auriga,Chaetodon auriga,False,False
Chaetodon_unimaculatus_iNaturalist_553392498.jpg,/Users/michaelalfaro/Dropbox/git/downloading-fish-images-2026/images_inaturalist/Chaetodon_unimaculatus_iNaturalist_553392498.jpg,inaturalist,Chaetodon unimaculatus,Chaetodon unimaculatus,False,False
Chaetodon_speculum_iNaturalist_62392281.jpg,/Users/michaelalfaro/Dropbox/git/downloading-fish-images-2026/images_inaturalist/Chaetodon_speculum_iNaturalist_62392281.jpg,inaturalist,Chaetodon speculum,Chaetodon speculum,False,False
Chaetodon_ornatissimus_iNaturalist_179799134.jpg,/Users/michaelalfaro/Dropbox/git/downloading-fish-images-2026/images_inaturalist/Chaetodon_ornatissimus_iNaturalist_179799134.jpg,inaturalist,Chaetodon ornatissimus,Chaetodon ornatissimus,False,False
Chaetodon_plebeius_iNaturalist_14167014.jpg,/Users/michaelalfaro/Dropbox/git/downloading-fish-images-2026/images_inaturalist/Chaetodon_plebeius_iNaturalist_14167014.jpg,inaturalist,Chaetodon plebeius,Chaetodon plebeius,False,False
Chaetodon_madagaskariensis_iNaturalist_554082386.jpg,/Users/michaelalfaro/Dropbox/git/downloading-fish-images-2026/images_inaturalist/Chaetodon_madagaskariensis_iNaturalist_554082386.jpg,inaturalist,Chaetodon madagaskariensis,Chaetodon madagaskariensis,False,False
Chaetodon_mesoleucos_iNaturalist_243394041.jpg,/Users/michaelalfaro/Dropbox/git/downloading-fish-images-2026/images_inaturalist/Chaetodon_mesoleucos_iNaturalist_243394041.jpg,inaturalist,Chaetodon mesoleucos,Chaetodon mesoleucos,False,False
Hemitaurichthys_polylepis_iNaturalist_187785592.jpg,/Users/michaelalfaro/Dropbox/git/downloading-fish-images-2026/images_inaturalist/Hemitaurichthys_polylepis_iNaturalist_187785592.jpg,inaturalist,Hemitaurichthys polylepis,Hemitaurichthys polylepis,False,False
Chaetodon_flavirostris_iNaturalist_5950939.jpg,/Users/michaelalfaro/Dropbox/git/downloading-fish-images-2026/images_inaturalist/Chaetodon_flavirostris_iNaturalist_5950939.jpg,inaturalist,Chaetodon flavirostris,Chaetodon flavirostris,False,False
Chaetodon_ocellicaudus_iNaturalist_340784700.jpg,/Users/michaelalfaro/Dropbox/git/downloading-fish-images-2026/images_inaturalist/Chaetodon_ocellicaudus_iNaturalist_340784700.jpg,inaturalist,Chaetodon ocellicaudus,Chaetodon ocellicaudus,False,False
Hemitaurichthys_zoster_iNaturalist_602702709.jpg,/Users/michaelalfaro/Dropbox/git/downloading-fish-images-2026/images_inaturalist/Hemitaurichthys_zoster_iNaturalist_602702709.jpg,inaturalist,Hemitaurichthys zoster,Hemitaurichthys zoster,False,False
Coradion_altivelis_iNaturalist_154303836.jpg,/Users/michaelalfaro/Dropbox/git/downloading-fish-images-2026/images_inaturalist/Coradion_altivelis_iNaturalist_154303836.jpg,inaturalist,Coradion altivelis,Coradion altivelis,False,False
Chaetodon_nigropunctatus_iNaturalist_57996527.jpg,/Users/michaelalfaro/Dropbox/git/downloading-fish-images-2026/images_inaturalist/Chaetodon_nigropunctatus_iNaturalist_57996527.jpg,inaturalist,Chaetodon nigropunctatus,Chaetodon nigropunctatus,False,False
Chaetodon_kleinii_iNaturalist_97428922.jpg,/Users/michaelalfaro/Dropbox/git/downloading-fish-images-2026/images_inaturalist/Chaetodon_kleinii_iNaturalist_97428922.jpg,inaturalist,Chaetodon kleinii,Chaetodon kleinii,False,False
Chaetodon_mesoleucos_iNaturalist_67202713.jpg,/Users/michaelalfaro/Dropbox/git/downloading-fish-images-2026/images_inaturalist/Chaetodon_mesoleucos_iNaturalist_67202713.jpg,inaturalist,Chaetodon mesoleucos,Chaetodon mesoleucos,False,False
Chaetodon_interruptus_iNaturalist_479599038.jpg,/Users/michaelalfaro/Dropbox/git/downloading-fish-images-2026/images_inaturalist/Chaetodon_interruptus_iNaturalist_479599038.jpg,inaturalist,Chaetodon interruptus,Chaetodon interruptus,False,False
Chaetodon_pelewensis_iNaturalist_599436484.jpg,/Users/michaelalfaro/Dropbox/git/downloading-fish-images-2026/images_inaturalist/Chaetodon_pelewensis_iNaturalist_599436484.jpg,inaturalist,Chaetodon pelewensis,Chaetodon pelewensis,False,False
