filename,species,source,orig_a,orig_b,new_a,new_b,delta_a,delta_b
Chaetodon_pictus_iNaturalist_173874324.jpg,Chaetodon pictus,iNaturalist,-1.3231666460707088,16.72876803381538,5.728599187716806,20.686617613607407,7.506599132710323,4.623283747057956
Amphichaetodon_howensis_iNaturalist_11105384.jpg,Amphichaetodon howensis,iNaturalist,-8.787930595168984,4.608181674089468,-1.4090391729587477,9.418814796517005,7.506599132710323,4.623283747057956
Amphichaetodon_howensis_iNaturalist_33167253.jpg,Amphichaetodon howensis,iNaturalist,2.2699333480421826,-17.140967235993113,10.048585847137602,-12.016994611604392,7.506599132710323,4.623283747057956
Amphichaetodon_howensis_iNaturalist_33719286.jpg,Amphichaetodon howensis,iNaturalist,-25.27675079714487,-4.730595533651502,-17.73296407359237,0.007957212419904453,7.506599132710323,4.623283747057956
Amphichaetodon_howensis_iNaturalist_33719401.jpg,Amphichaetodon howensis,iNaturalist,-7.447350602184525,-35.53510746320837,0.11649940078448824,-30.88431153919858,7.506599132710323,4.623283747057956
Amphichaetodon_howensis_iNaturalist_33719403.jpg,Amphichaetodon howensis,iNaturalist,-4.38242138227696,-41.57723648446174,3.245948850077692,-36.83914419402593,7.506599132710323,4.623283747057956
Amphichaetodon_howensis_iNaturalist_384666682.jpg,Amphichaetodon howensis,iNaturalist,-4.0760462401058914,-0.624167828047088,3.454960922794237,3.675427319051104,7.506599132710323,4.623283747057956
Amphichaetodon_howensis_iNaturalist_392179799.jpg,Amphichaetodon howensis,iNaturalist,-13.097601255095093,27.246185401778668,-5.848447148581226,32.18656030248262,7.506599132710323,4.623283747057956
Amphichaetodon_howensis_iNaturalist_405964908.jpg,Amphichaetodon howensis,iNaturalist,-3.6823328281127936,34.114330001837544,4.026203434856221,37.45681114860074,7.506599132710323,4.623283747057956
Amphichaetodon_howensis_iNaturalist_593017609.jpg,Amphichaetodon howensis,iNaturalist,-11.504934288546057,31.528096273805645,-3.9561729310255926,35.964865173155864,7.506599132710323,4.623283747057956
Amphichaetodon_melbae_iNaturalist_462963831.jpg,Amphichaetodon melbae,iNaturalist,-10.375094558966998,18.19851919645538,-2.860938478483037,22.700733054172172,7.506599132710323,4.623283747057956
Amphichaetodon_melbae_iNaturalist_510100646.jpg,Amphichaetodon melbae,iNaturalist,-4.517914735967957,-0.2926745180481002,2.8307439277182973,4.394373192694187,7.506599132710323,4.623283747057956
Amphichaetodon_melbae_iNaturalist_510100653.jpg,Amphichaetodon melbae,iNaturalist,-2.1180341531352953,-3.586163727572173,5.326116737900154,0.9598285747532355,7.506599132710323,4.623283747057956
Amphichaetodon_melbae_iNaturalist_577502906.jpg,Amphichaetodon melbae,iNaturalist,-8.324557533026548,3.637530295948504,-1.0743397772965273,7.931909722152304,7.506599132710323,4.623283747057956
Chaetodon_adiergastos_iNaturalist_18099243.jpg,Chaetodon adiergastos,iNaturalist,2.984849371664728,18.73274440920881,9.867343891618916,22.73891192794569,7.506599132710323,4.623283747057956
Chaetodon_adiergastos_iNaturalist_19737434.jpg,Chaetodon adiergastos,iNaturalist,-11.032346441813491,11.742640202662699,-3.5203128563387502,16.423638022725605,7.506599132710323,4.623283747057956
Chaetodon_adiergastos_iNaturalist_264257791.jpg,Chaetodon adiergastos,iNaturalist,-28.615316965911205,23.70273958065598,-21.057842828934344,28.171515529389364,7.506599132710323,4.623283747057956
Chaetodon_adiergastos_iNaturalist_275485797.jpg,Chaetodon adiergastos,iNaturalist,-8.605486965494528,9.680506207294972,-0.8797931295310467,13.530365124513581,7.506599132710323,4.623283747057956
Chaetodon_adiergastos_iNaturalist_312479934.jpg,Chaetodon adiergastos,iNaturalist,-4.233737000935967,12.271166674507699,3.4030948351409367,16.481918816703352,7.506599132710323,4.623283747057956
Chaetodon_adiergastos_iNaturalist_341061286.jpg,Chaetodon adiergastos,iNaturalist,3.3910291941264417,21.08406834108273,10.984983847486399,25.160320162666387,7.506599132710323,4.623283747057956
Chaetodon_adiergastos_iNaturalist_432980114.jpg,Chaetodon adiergastos,iNaturalist,-15.467038649744925,24.270229049097747,-8.025428241454042,28.59543231280814,7.506599132710323,4.623283747057956
Chaetodon_adiergastos_iNaturalist_468973634.jpg,Chaetodon adiergastos,iNaturalist,-0.7600873971769477,5.894502219843202,6.884904350457928,9.942988912611005,7.506599132710323,4.623283747057956
Chaetodon_adiergastos_iNaturalist_556364227.jpg,Chaetodon adiergastos,iNaturalist,0.618944415669282,23.010459718105395,7.814790956742376,27.072642803505243,7.506599132710323,4.623283747057956
Chaetodon_andamanensis_iNaturalist_173829490.jpg,Chaetodon andamanensis,iNaturalist,-12.51673687484106,30.632662342908652,-5.022658744044385,35.22074966446959,7.506599132710323,4.623283747057956
Chaetodon_andamanensis_iNaturalist_177672904.jpg,Chaetodon andamanensis,iNaturalist,-19.50033394743826,58.896023151717856,-12.61337760802532,62.959494472857564,7.506599132710323,4.623283747057956
Chaetodon_andamanensis_iNaturalist_2532907.jpg,Chaetodon andamanensis,iNaturalist,-28.743901356005903,70.38961982803002,-21.160445058200942,71.79000953428829,7.506599132710323,4.623283747057956
Chaetodon_andamanensis_iNaturalist_309575002.jpg,Chaetodon andamanensis,iNaturalist,-34.455131519280286,34.909257670719484,-26.86570634303951,39.39450066403693,7.506599132710323,4.623283747057956
Chaetodon_andamanensis_iNaturalist_436938868.jpg,Chaetodon andamanensis,iNaturalist,-7.373173206665406,54.03120226508763,0.1843297325370805,58.449124304874495,7.506599132710323,4.623283747057956
Chaetodon_andamanensis_iNaturalist_545241141.jpg,Chaetodon andamanensis,iNaturalist,-24.8831212671661,56.855548206110605,-17.05775824757247,59.27208780672129,7.506599132710323,4.623283747057956
Chaetodon_andamanensis_iNaturalist_68351989.jpg,Chaetodon andamanensis,iNaturalist,-12.633165725292754,73.66923062002512,-6.659698015667146,76.84842841190438,7.506599132710323,4.623283747057956
Chaetodon_argentatus_iNaturalist_263052559.jpg,Chaetodon argentatus,iNaturalist,-12.771811750370324,-21.532405465422382,-5.0689105243296275,-16.963579687670894,7.506599132710323,4.623283747057956
Chaetodon_argentatus_iNaturalist_263052573.jpg,Chaetodon argentatus,iNaturalist,-18.752480469800187,-18.66901362182094,-11.05749528649322,-14.067154129980533,7.506599132710323,4.623283747057956
Chaetodon_argentatus_iNaturalist_302749246.jpg,Chaetodon argentatus,iNaturalist,-3.306871329249243,2.075844140094269,4.268707254147099,6.544988139449534,7.506599132710323,4.623283747057956
Chaetodon_argentatus_iNaturalist_304051728.jpg,Chaetodon argentatus,iNaturalist,1.4486491971308055,-25.419226205640296,8.780172957936577,-20.73692109825471,7.506599132710323,4.623283747057956
Chaetodon_argentatus_iNaturalist_331807669.jpg,Chaetodon argentatus,iNaturalist,-6.6047219354351006,3.2342296313987537,0.8581817313860738,8.032939942762397,7.506599132710323,4.623283747057956
Chaetodon_argentatus_iNaturalist_576759039.jpg,Chaetodon argentatus,iNaturalist,1.0733112165165013,-15.736079649559716,8.38137024242503,-11.008389659718516,7.506599132710323,4.623283747057956
Chaetodon_argentatus_iNaturalist_59002230.jpg,Chaetodon argentatus,iNaturalist,5.242497688880048,-15.362071846313205,12.610146656478824,-10.549390611084343,7.506599132710323,4.623283747057956
Chaetodon_argentatus_iNaturalist_605150779.jpg,Chaetodon argentatus,iNaturalist,1.1194985255058068,-2.3758541441989824,8.424182182380575,2.393184565501707,7.506599132710323,4.623283747057956
Chaetodon_argentatus_iNaturalist_83513611.jpg,Chaetodon argentatus,iNaturalist,-9.455705999943191,1.8910923090699199,-2.0722637420858896,6.461601777280478,7.506599132710323,4.623283747057956
Chaetodon_argentatus_iNaturalist_83513716.jpg,Chaetodon argentatus,iNaturalist,-0.5952747182125695,2.7314510555727027,6.678672240054207,7.263729162806948,7.506599132710323,4.623283747057956
Chaetodon_assarius_iNaturalist_151182609.jpg,Chaetodon assarius,iNaturalist,-13.622974336369513,25.51764236620507,-6.076918713539253,30.030636147275644,7.506599132710323,4.623283747057956
Chaetodon_assarius_iNaturalist_176862632.jpg,Chaetodon assarius,iNaturalist,2.5004435456182272,6.413892060228454,9.912395722153594,10.731847704395364,7.506599132710323,4.623283747057956
Chaetodon_assarius_iNaturalist_258921023.jpg,Chaetodon assarius,iNaturalist,-34.51306754653908,7.355922675142751,-27.05025472985307,12.03864528102114,7.506599132710323,4.623283747057956
Chaetodon_assarius_iNaturalist_291017904.jpg,Chaetodon assarius,iNaturalist,-5.882948062069454,0.26515523586756146,1.8152339372361896,4.844309827451213,7.506599132710323,4.623283747057956
Chaetodon_assarius_iNaturalist_299428954.jpg,Chaetodon assarius,iNaturalist,-13.149426327825404,2.3074819660458226,-5.601410868502696,6.921816175146287,7.506599132710323,4.623283747057956
Chaetodon_assarius_iNaturalist_310339741.jpg,Chaetodon assarius,iNaturalist,-12.664205146150532,-2.134459326026322,-5.126369586141203,2.5001621330651527,7.506599132710323,4.623283747057956
Chaetodon_assarius_iNaturalist_477274770.jpg,Chaetodon assarius,iNaturalist,7.99283510921968,15.315524445446849,15.616698896971217,20.20148272740781,7.506599132710323,4.623283747057956
Chaetodon_assarius_iNaturalist_484163082.jpg,Chaetodon assarius,iNaturalist,-3.844258835924606,-19.01463918477099,3.5361303158552517,-14.282748348594023,7.506599132710323,4.623283747057956
Chaetodon_assarius_iNaturalist_599485831.jpg,Chaetodon assarius,iNaturalist,7.516116422994381,-4.395591492687753,14.549910123670593,0.4746709337961289,7.506599132710323,4.623283747057956
Chaetodon_assarius_iNaturalist_6085742.jpg,Chaetodon assarius,iNaturalist,-9.182980528178454,6.842678032958062,-1.7163522578153818,11.279788632846405,7.506599132710323,4.623283747057956
Chaetodon_aureofasciatus_iNaturalist_175593141.jpg,Chaetodon aureofasciatus,iNaturalist,11.287054297768742,18.85446887258546,18.46483757079349,23.05980350721646,7.506599132710323,4.623283747057956
Chaetodon_aureofasciatus_iNaturalist_204606708.jpg,Chaetodon aureofasciatus,iNaturalist,-14.020138491246703,17.228114497736655,-6.63306931344068,22.147209974830908,7.506599132710323,4.623283747057956
Chaetodon_aureofasciatus_iNaturalist_22549155.jpg,Chaetodon aureofasciatus,iNaturalist,5.807733326843604,44.32709610957675,13.48190557503899,48.196475039531116,7.506599132710323,4.623283747057956
Chaetodon_aureofasciatus_iNaturalist_341061346.jpg,Chaetodon aureofasciatus,iNaturalist,6.620528530059547,33.240342834606,14.176849899437595,36.722485380850316,7.506599132710323,4.623283747057956
Chaetodon_aureofasciatus_iNaturalist_481634544.jpg,Chaetodon aureofasciatus,iNaturalist,-3.040349497076705,4.895040648972638,4.51091334167974,9.472816816946105,7.506599132710323,4.623283747057956
Chaetodon_aureofasciatus_iNaturalist_524851900.jpg,Chaetodon aureofasciatus,iNaturalist,26.90379688024334,31.515020057927945,34.26155980609517,35.08803220777223,7.506599132710323,4.623283747057956
Chaetodon_aureofasciatus_iNaturalist_592190693.jpg,Chaetodon aureofasciatus,iNaturalist,5.306942159003851,7.89700390677709,12.799748380485214,11.979476992072458,7.506599132710323,4.623283747057956
Chaetodon_aureofasciatus_iNaturalist_592372199.jpg,Chaetodon aureofasciatus,iNaturalist,-4.906126007224686,20.785967438628145,2.634776312287867,25.142249549625383,7.506599132710323,4.623283747057956
Chaetodon_aureofasciatus_iNaturalist_595413339.jpg,Chaetodon aureofasciatus,iNaturalist,9.376963784567709,22.724969565152517,16.97583143460244,27.288680815199832,7.506599132710323,4.623283747057956
Chaetodon_aureofasciatus_iNaturalist_598689315.jpg,Chaetodon aureofasciatus,iNaturalist,-13.788619721319433,26.640476845071355,-6.0497759310340875,30.903430060552374,7.506599132710323,4.623283747057956
Chaetodon_auriga_iNaturalist_15056180.jpg,Chaetodon auriga,iNaturalist,-10.706370715039611,24.85271339536994,-3.053873442385269,29.232209318319498,7.506599132710323,4.623283747057956
Chaetodon_auriga_iNaturalist_15056242.jpg,Chaetodon auriga,iNaturalist,-7.114850933173838,28.915535799733874,0.3725276490194595,33.298326550769914,7.506599132710323,4.623283747057956
Chaetodon_auriga_iNaturalist_15056243.jpg,Chaetodon auriga,iNaturalist,-10.554529827409118,31.762582608163765,-2.9436507247853254,36.042895811326574,7.506599132710323,4.623283747057956
Chaetodon_auriga_iNaturalist_220938852.jpg,Chaetodon auriga,iNaturalist,-0.6413423968027839,4.447972333922436,6.847714406438032,9.00115589834665,7.506599132710323,4.623283747057956
Chaetodon_auriga_iNaturalist_317521711.jpg,Chaetodon auriga,iNaturalist,-2.3530078744239944,4.507569217990856,5.089328495285353,9.295581993636066,7.506599132710323,4.623283747057956
Chaetodon_auriga_iNaturalist_389831783.jpg,Chaetodon auriga,iNaturalist,-0.35779857118906483,-1.58890876420442,7.343147239642387,3.478299434818457,7.506599132710323,4.623283747057956
Chaetodon_auriga_iNaturalist_549267892.jpg,Chaetodon auriga,iNaturalist,-5.664772401332086,26.239174554765714,1.5003942243006365,29.026738406513147,7.506599132710323,4.623283747057956
Chaetodon_auriga_iNaturalist_559191666.jpg,Chaetodon auriga,iNaturalist,-12.83987456421132,8.86412668089233,-5.347449590216957,13.397169156510516,7.506599132710323,4.623283747057956
Chaetodon_auriga_iNaturalist_6973141.jpg,Chaetodon auriga,iNaturalist,-2.4931367212644546,20.019425418254478,4.573609059571154,23.759520440827217,7.506599132710323,4.623283747057956
Chaetodon_auriga_iNaturalist_69919845.jpg,Chaetodon auriga,iNaturalist,1.083611038789966,16.556456177438527,8.713484546222556,20.62306169553278,7.506599132710323,4.623283747057956
Chaetodon_auripes_iNaturalist_176256724.jpg,Chaetodon auripes,iNaturalist,11.548624318133285,31.338602120648233,18.742489605652267,35.626686496071514,7.506599132710323,4.623283747057956
Chaetodon_auripes_iNaturalist_398828755.jpg,Chaetodon auripes,iNaturalist,2.981670105143703,9.696257537201243,10.489975019785087,13.512877568166,7.506599132710323,4.623283747057956
Chaetodon_auripes_iNaturalist_423034637.jpg,Chaetodon auripes,iNaturalist,-2.2816664053981985,24.702086653775716,5.273196019383127,28.94187484612912,7.506599132710323,4.623283747057956
Chaetodon_auripes_iNaturalist_473893703.jpg,Chaetodon auripes,iNaturalist,0.3493520472244091,-14.071710340683989,7.8949437324707255,-9.395411049270352,7.506599132710323,4.623283747057956
Chaetodon_auripes_iNaturalist_474933774.jpg,Chaetodon auripes,iNaturalist,-4.332708652863546,8.917536943736929,3.2139101435277055,13.678205087262377,7.506599132710323,4.623283747057956
Chaetodon_auripes_iNaturalist_563039127.jpg,Chaetodon auripes,iNaturalist,5.467733381501934,29.44953156132682,12.576768014050762,33.833830612782634,7.506599132710323,4.623283747057956
Chaetodon_auripes_iNaturalist_576758934.jpg,Chaetodon auripes,iNaturalist,-14.128872978780636,28.082225433803366,-6.664813650471997,31.79849929525413,7.506599132710323,4.623283747057956
Chaetodon_auripes_iNaturalist_609149715.jpg,Chaetodon auripes,iNaturalist,15.193498179554298,31.233417317570723,22.568626666657202,36.07958070522826,7.506599132710323,4.623283747057956
Chaetodon_austriacus_iNaturalist_102813626.jpg,Chaetodon austriacus,iNaturalist,-11.206883650300085,33.67570668046314,-3.7641048025794817,38.2313998831453,7.506599132710323,4.623283747057956
Chaetodon_austriacus_iNaturalist_190613965.jpg,Chaetodon austriacus,iNaturalist,-7.6508999090466645,36.25263458474817,-0.032379993898904114,39.681128040179495,7.506599132710323,4.623283747057956
Chaetodon_austriacus_iNaturalist_2086218.jpg,Chaetodon austriacus,iNaturalist,-20.69463002487485,18.106268729793026,-13.10237413847573,22.51337121304154,7.506599132710323,4.623283747057956
Chaetodon_austriacus_iNaturalist_2086219.jpg,Chaetodon austriacus,iNaturalist,-13.066796819892467,25.498593662295196,-5.432828093407504,28.824061162696495,7.506599132710323,4.623283747057956
Chaetodon_austriacus_iNaturalist_2282534.jpg,Chaetodon austriacus,iNaturalist,-27.170395452057246,20.836642978504745,-19.61665219956962,25.019438093496774,7.506599132710323,4.623283747057956
Chaetodon_austriacus_iNaturalist_2282538.jpg,Chaetodon austriacus,iNaturalist,-25.352230606435985,19.5600998037683,-17.62360797289876,23.515205615739,7.506599132710323,4.623283747057956
Chaetodon_austriacus_iNaturalist_3125075.jpg,Chaetodon austriacus,iNaturalist,-14.792755953348236,8.979399192762616,-7.2252614126658505,13.078825727146432,7.506599132710323,4.623283747057956
Chaetodon_austriacus_iNaturalist_450186908.jpg,Chaetodon austriacus,iNaturalist,-9.874770146862854,24.155445742635003,-2.400511642009469,28.719861766999042,7.506599132710323,4.623283747057956
Chaetodon_austriacus_iNaturalist_450388533.jpg,Chaetodon austriacus,iNaturalist,-13.500891843870646,19.3706090333343,-5.870322729694179,23.22455532425398,7.506599132710323,4.623283747057956
Chaetodon_austriacus_iNaturalist_606348798.jpg,Chaetodon austriacus,iNaturalist,-3.5771541395882247,8.59685914154361,3.8702653905744278,13.351505803769895,7.506599132710323,4.623283747057956
Chaetodon_baronessa_iNaturalist_160681551.jpg,Chaetodon baronessa,iNaturalist,-5.068630854353149,26.90814091772232,2.712219563260625,31.016922835438383,7.506599132710323,4.623283747057956
Chaetodon_baronessa_iNaturalist_287393226.jpg,Chaetodon baronessa,iNaturalist,-16.21880849912685,-30.44524913661331,-8.803097769441022,-25.756217778049024,7.506599132710323,4.623283747057956
Chaetodon_baronessa_iNaturalist_290835408.jpg,Chaetodon baronessa,iNaturalist,3.9823100452777433,0.21499201683095634,11.352522044882557,4.8515695490404935,7.506599132710323,4.623283747057956
Chaetodon_baronessa_iNaturalist_376477120.jpg,Chaetodon baronessa,iNaturalist,-1.976081700154059,2.090980018344865,5.663341782765467,6.551185651962062,7.506599132710323,4.623283747057956
Chaetodon_baronessa_iNaturalist_390635305.jpg,Chaetodon baronessa,iNaturalist,0.35447692604326386,4.328147573339979,8.008912203754704,8.760135248161319,7.506599132710323,4.623283747057956
Chaetodon_baronessa_iNaturalist_390635319.jpg,Chaetodon baronessa,iNaturalist,-4.119466950343207,9.940067929283067,3.4360741872243903,14.057814364559198,7.506599132710323,4.623283747057956
Chaetodon_baronessa_iNaturalist_409577421.jpg,Chaetodon baronessa,iNaturalist,-10.972497036911925,30.0024038276384,-3.5903409822056207,34.56647891290643,7.506599132710323,4.623283747057956
Chaetodon_baronessa_iNaturalist_409626771.jpg,Chaetodon baronessa,iNaturalist,-10.912648776211581,30.14803024770131,-3.5065530825314926,34.60552705027402,7.506599132710323,4.623283747057956
Chaetodon_bennetti_iNaturalist_214592077.jpg,Chaetodon bennetti,iNaturalist,-6.520094169650195,25.725893606775305,0.8838371324571582,30.575445866445673,7.506599132710323,4.623283747057956
Chaetodon_bennetti_iNaturalist_450199741.jpg,Chaetodon bennetti,iNaturalist,8.145705059550957,54.60967858654396,15.620700701870938,55.6230396039927,7.506599132710323,4.623283747057956
Chaetodon_bennetti_iNaturalist_450199757.jpg,Chaetodon bennetti,iNaturalist,3.7180385301748857,58.23118551144148,11.41665440461435,59.7690899171234,7.506599132710323,4.623283747057956
Chaetodon_bennetti_iNaturalist_450199763.jpg,Chaetodon bennetti,iNaturalist,9.39662715266236,55.187566317428555,17.112643213804823,56.8601719609346,7.506599132710323,4.623283747057956
Chaetodon_bennetti_iNaturalist_452973249.jpg,Chaetodon bennetti,iNaturalist,4.283923959516778,41.64921305996356,12.068872807496977,44.12258871617912,7.506599132710323,4.623283747057956
Chaetodon_bennetti_iNaturalist_476708566.jpg,Chaetodon bennetti,iNaturalist,-8.539991644005417,36.27605794330237,-0.9064882708340157,40.06883664501456,7.506599132710323,4.623283747057956
Chaetodon_bennetti_iNaturalist_476710068.jpg,Chaetodon bennetti,iNaturalist,0.25671401962038465,21.816980104135443,7.81178890890319,26.639909977182793,7.506599132710323,4.623283747057956
Chaetodon_bennetti_iNaturalist_604198648.jpg,Chaetodon bennetti,iNaturalist,-39.67925666320083,54.84762874202774,-32.03577998224193,58.84347518908271,7.506599132710323,4.623283747057956
Chaetodon_bennetti_iNaturalist_605200594.jpg,Chaetodon bennetti,iNaturalist,-17.86413407456808,47.67008543687881,-10.0350463921363,48.59221839531488,7.506599132710323,4.623283747057956
Chaetodon_bennetti_iNaturalist_607317919.jpg,Chaetodon bennetti,iNaturalist,-12.607249419197899,17.778336148208798,-4.875547953140616,22.0897727949783,7.506599132710323,4.623283747057956
Chaetodon_blackburnii_iNaturalist_15662749.jpg,Chaetodon blackburnii,iNaturalist,-15.549133505606218,4.989355065395604,-8.033357708011438,9.44577788403487,7.506599132710323,4.623283747057956
Chaetodon_blackburnii_iNaturalist_19230596.jpg,Chaetodon blackburnii,iNaturalist,-14.473373534977572,4.942198384457776,-6.827366597184716,9.488350560520875,7.506599132710323,4.623283747057956
Chaetodon_blackburnii_iNaturalist_19749462.jpg,Chaetodon blackburnii,iNaturalist,-21.463266902308586,-7.3542757760736075,-14.013339581861455,-2.7274590431372885,7.506599132710323,4.623283747057956
Chaetodon_blackburnii_iNaturalist_247677288.jpg,Chaetodon blackburnii,iNaturalist,-5.530657988466321,-0.6024739620483756,1.9092665078235718,3.9801495861545795,7.506599132710323,4.623283747057956
Chaetodon_blackburnii_iNaturalist_260269269.jpg,Chaetodon blackburnii,iNaturalist,0.009154342084198805,1.4250249431432804,7.238688423150794,5.839351465825486,7.506599132710323,4.623283747057956
Chaetodon_blackburnii_iNaturalist_313216433.jpg,Chaetodon blackburnii,iNaturalist,-25.305170976242806,-2.127126994846747,-17.623331564839273,2.224320665586944,7.506599132710323,4.623283747057956
Chaetodon_blackburnii_iNaturalist_451247543.jpg,Chaetodon blackburnii,iNaturalist,-2.5219837099834255,-11.200114908402696,4.881847246381853,-6.501682186516705,7.506599132710323,4.623283747057956
Chaetodon_blackburnii_iNaturalist_451247554.jpg,Chaetodon blackburnii,iNaturalist,-0.8680846778137451,-13.026508369054312,6.540168596127401,-8.4595844162826,7.506599132710323,4.623283747057956
Chaetodon_blackburnii_iNaturalist_8799394.jpg,Chaetodon blackburnii,iNaturalist,-35.09820973619676,3.124118527656599,-27.839121869952866,8.052743136417034,7.506599132710323,4.623283747057956
Chaetodon_burgessi_iNaturalist_117360580.jpg,Chaetodon burgessi,iNaturalist,-9.832353693999426,-3.951156121156817,-2.3236202218092723,0.5875553169879864,7.506599132710323,4.623283747057956
Chaetodon_burgessi_iNaturalist_1399554.jpg,Chaetodon burgessi,iNaturalist,0.4007450444744068,5.446548262079686,7.8814167110100595,10.073483111594596,7.506599132710323,4.623283747057956
Chaetodon_burgessi_iNaturalist_264122895.jpg,Chaetodon burgessi,iNaturalist,3.9738002095272003,-9.006909602176528,11.198664372418811,-4.389501243708958,7.506599132710323,4.623283747057956
Chaetodon_burgessi_iNaturalist_377051376.jpg,Chaetodon burgessi,iNaturalist,-1.8712005016280184,5.82258286733018,5.714081324737514,10.708881311886703,7.506599132710323,4.623283747057956
Chaetodon_burgessi_iNaturalist_417137299.jpg,Chaetodon burgessi,iNaturalist,0.03529921936483406,-10.421503918958367,7.509360106999552,-5.881404938472562,7.506599132710323,4.623283747057956
Chaetodon_burgessi_iNaturalist_485314131.jpg,Chaetodon burgessi,iNaturalist,-4.80007218981432,-4.527306205489613,2.4161183268889883,-0.12407147266994288,7.506599132710323,4.623283747057956
Chaetodon_burgessi_iNaturalist_59037796.jpg,Chaetodon burgessi,iNaturalist,-2.673123345005446,8.82618255349049,5.127802136501475,13.305562541967877,7.506599132710323,4.623283747057956
Chaetodon_burgessi_iNaturalist_608111330.jpg,Chaetodon burgessi,iNaturalist,1.5220112676236601,-7.1207463965840985,9.01455056164555,-2.698325468142973,7.506599132710323,4.623283747057956
Chaetodon_burgessi_iNaturalist_9454337.jpg,Chaetodon burgessi,iNaturalist,-5.158277407100731,0.7571646756169992,2.274676887267706,5.452689551774398,7.506599132710323,4.623283747057956
Chaetodon_capistratus_iNaturalist_188863842.jpg,Chaetodon capistratus,iNaturalist,-23.888900201963214,28.794082835021626,-16.472600828952366,33.18903303166233,7.506599132710323,4.623283747057956
Chaetodon_capistratus_iNaturalist_194558459.jpg,Chaetodon capistratus,iNaturalist,-3.4524552544417135,-24.27533993917617,4.046656399815892,-19.614741503372656,7.506599132710323,4.623283747057956
Chaetodon_capistratus_iNaturalist_308518622.jpg,Chaetodon capistratus,iNaturalist,8.965684412315477,7.851910900042455,16.18474869511524,12.262543387924234,7.506599132710323,4.623283747057956
Chaetodon_capistratus_iNaturalist_449536529.jpg,Chaetodon capistratus,iNaturalist,-3.379660887478805,9.975894482227746,4.172315688706822,14.626120179915567,7.506599132710323,4.623283747057956
Chaetodon_capistratus_iNaturalist_449898623.jpg,Chaetodon capistratus,iNaturalist,-0.10173081873083656,9.699964800448477,7.252468629308775,14.269790288289723,7.506599132710323,4.623283747057956
Chaetodon_capistratus_iNaturalist_449898642.jpg,Chaetodon capistratus,iNaturalist,-7.747277752645395,13.282332281612236,-0.15624207224614797,17.807348827376334,7.506599132710323,4.623283747057956
Chaetodon_capistratus_iNaturalist_476314039.jpg,Chaetodon capistratus,iNaturalist,-21.148157822287967,8.950152112622039,-13.70108598144467,13.517263601521368,7.506599132710323,4.623283747057956
Chaetodon_capistratus_iNaturalist_92683344.jpg,Chaetodon capistratus,iNaturalist,-5.005754103453779,9.278577196668985,2.4589113818960167,14.044820782556474,7.506599132710323,4.623283747057956
Chaetodon_citrinellus_iNaturalist_11975509.jpg,Chaetodon citrinellus,iNaturalist,-7.031152191660805,29.94424974711145,-0.8402673196367745,34.185863987021236,7.506599132710323,4.623283747057956
Chaetodon_citrinellus_iNaturalist_233426826.jpg,Chaetodon citrinellus,iNaturalist,-5.687006332135318,36.743688733027454,-0.5183344375113054,40.894885062789385,7.506599132710323,4.623283747057956
Chaetodon_citrinellus_iNaturalist_237829084.jpg,Chaetodon citrinellus,iNaturalist,-4.43553325501882,24.100222652686586,3.201451704746469,28.778972899736445,7.506599132710323,4.623283747057956
Chaetodon_citrinellus_iNaturalist_33805303.jpg,Chaetodon citrinellus,iNaturalist,-8.215259381456477,33.08073477459133,-0.8738103229328468,37.572243652770844,7.506599132710323,4.623283747057956
Chaetodon_citrinellus_iNaturalist_354753796.jpg,Chaetodon citrinellus,iNaturalist,-7.073841207530499,-13.317086959647076,0.4098450247167502,-8.638161422880401,7.506599132710323,4.623283747057956
Chaetodon_citrinellus_iNaturalist_354753799.jpg,Chaetodon citrinellus,iNaturalist,-3.81740602513946,-15.114933903516652,3.715629164851919,-10.564538170770737,7.506599132710323,4.623283747057956
Chaetodon_citrinellus_iNaturalist_471967882.jpg,Chaetodon citrinellus,iNaturalist,-3.663299681266684,18.894949681968413,3.3893821223758938,23.348675904019363,7.506599132710323,4.623283747057956
Chaetodon_citrinellus_iNaturalist_536646907.jpg,Chaetodon citrinellus,iNaturalist,-2.2329193581247133,54.6220878764637,5.262143390147389,58.96839509098615,7.506599132710323,4.623283747057956
Chaetodon_citrinellus_iNaturalist_585084786.jpg,Chaetodon citrinellus,iNaturalist,-39.098094075179006,8.9566691012885,-31.452669948860844,13.406691710993703,7.506599132710323,4.623283747057956
Chaetodon_citrinellus_iNaturalist_602667833.jpg,Chaetodon citrinellus,iNaturalist,-13.811004300676789,32.93292616703572,-6.264467100081975,37.50750622438389,7.506599132710323,4.623283747057956
Chaetodon_collare_iNaturalist_199056448.jpg,Chaetodon collare,iNaturalist,1.2352032784461378,-22.06869082905525,8.763477199678968,-17.77430940536343,7.506599132710323,4.623283747057956
Chaetodon_collare_iNaturalist_249083568.jpg,Chaetodon collare,iNaturalist,4.236072204384515,-17.279697958939146,11.670129774840298,-12.915788586136959,7.506599132710323,4.623283747057956
Chaetodon_collare_iNaturalist_249083569.jpg,Chaetodon collare,iNaturalist,6.456049524893132,-27.010914790454542,13.985163755711975,-22.522205266947772,7.506599132710323,4.623283747057956
Chaetodon_collare_iNaturalist_249083576.jpg,Chaetodon collare,iNaturalist,5.8321970130437695,-26.5527989491223,13.357415673872293,-22.19206263342455,7.506599132710323,4.623283747057956
Chaetodon_collare_iNaturalist_249083606.jpg,Chaetodon collare,iNaturalist,3.600928626006718,-16.97157695768456,10.98386903527629,-12.359651725652972,7.506599132710323,4.623283747057956
Chaetodon_collare_iNaturalist_332653503.jpg,Chaetodon collare,iNaturalist,6.772713675111637,-5.092830308340969,14.241707042284732,-0.613326495518995,7.506599132710323,4.623283747057956
Chaetodon_collare_iNaturalist_470988304.jpg,Chaetodon collare,iNaturalist,1.4187059389791383,12.462472998553944,8.73405367151022,16.982830577260746,7.506599132710323,4.623283747057956
Chaetodon_collare_iNaturalist_482033388.jpg,Chaetodon collare,iNaturalist,5.4048736483895405,-4.099779868299087,12.622430139633764,0.49939791535289196,7.506599132710323,4.623283747057956
Chaetodon_collare_iNaturalist_483798684.jpg,Chaetodon collare,iNaturalist,9.49929151064264,-2.6887124364329456,16.830750302204876,1.7670236721547816,7.506599132710323,4.623283747057956
Chaetodon_collare_iNaturalist_603923252.jpg,Chaetodon collare,iNaturalist,4.731709481854802,-19.433420506745282,12.241056697896848,-15.122414575535897,7.506599132710323,4.623283747057956
Chaetodon_daedalma_iNaturalist_390092673.jpg,Chaetodon daedalma,iNaturalist,-1.5469898577496863,-6.4592930396132076,5.889972533216177,-1.8965557028898097,7.506599132710323,4.623283747057956
Chaetodon_daedalma_iNaturalist_560373781.jpg,Chaetodon daedalma,iNaturalist,-3.844167083033883,-36.73620555550801,3.7546776756052633,-32.021254877577064,7.506599132710323,4.623283747057956
Chaetodon_daedalma_iNaturalist_566708005.jpg,Chaetodon daedalma,iNaturalist,-4.831469353450743,4.173085128534495,2.699599359875739,8.760204737164424,7.506599132710323,4.623283747057956
Chaetodon_daedalma_iNaturalist_78269334.jpg,Chaetodon daedalma,iNaturalist,0.30936918386125617,-18.97350253045792,7.7143561010838235,-14.093432746136441,7.506599132710323,4.623283747057956
Chaetodon_declivis_iNaturalist_594486076.jpg,Chaetodon declivis,iNaturalist,-22.68457161684288,0.16136071179520586,-15.353222533017961,4.935453325944402,7.506599132710323,4.623283747057956
Chaetodon_decussatus_iNaturalist_249961062.jpg,Chaetodon decussatus,iNaturalist,-6.964313187539637,5.9796331034266474,0.5966203793439375,10.561846279078722,7.506599132710323,4.623283747057956
Chaetodon_decussatus_iNaturalist_249961088.jpg,Chaetodon decussatus,iNaturalist,-0.8915294759523505,7.859151370667253,6.61313779402302,12.433736553724891,7.506599132710323,4.623283747057956
Chaetodon_decussatus_iNaturalist_270162452.jpg,Chaetodon decussatus,iNaturalist,-1.0665449082900018,-10.82520069681539,6.427641370836515,-6.086316644986806,7.506599132710323,4.623283747057956
Chaetodon_decussatus_iNaturalist_366445056.jpg,Chaetodon decussatus,iNaturalist,7.456815226095582,14.118614493154478,14.96495204550452,18.885764935063666,7.506599132710323,4.623283747057956
Chaetodon_decussatus_iNaturalist_42777173.jpg,Chaetodon decussatus,iNaturalist,-3.230256127397638,4.060330555235625,4.309809954455307,8.601286673352591,7.506599132710323,4.623283747057956
Chaetodon_decussatus_iNaturalist_447360473.jpg,Chaetodon decussatus,iNaturalist,-3.3461201280263237,-7.790547929335371,4.00505985519022,-2.8938702796447497,7.506599132710323,4.623283747057956
Chaetodon_decussatus_iNaturalist_451789851.jpg,Chaetodon decussatus,iNaturalist,1.8406324032162986,-7.584705377296271,9.385963022216279,-2.972327700641078,7.506599132710323,4.623283747057956
Chaetodon_decussatus_iNaturalist_451789859.jpg,Chaetodon decussatus,iNaturalist,-2.85928653103832,-4.891047659838555,4.740067840476301,-0.46044886684685515,7.506599132710323,4.623283747057956
Chaetodon_decussatus_iNaturalist_60833629.jpg,Chaetodon decussatus,iNaturalist,-8.292890417998166,7.0934860861886655,-0.698441688739556,11.596007057811422,7.506599132710323,4.623283747057956
Chaetodon_dialeucos_iNaturalist_33142941.jpg,Chaetodon dialeucos,iNaturalist,-5.969427014224837,-9.941241144666842,1.361638807034294,-5.258138909816456,7.506599132710323,4.623283747057956
Chaetodon_dialeucos_iNaturalist_33142997.jpg,Chaetodon dialeucos,iNaturalist,-3.446867362662549,-11.187744208849367,3.842264591642417,-6.9084336473591,7.506599132710323,4.623283747057956
Chaetodon_dialeucos_iNaturalist_484816549.jpg,Chaetodon dialeucos,iNaturalist,-11.268450923907615,1.9420224165997064,-3.782874103963459,6.608833425238794,7.506599132710323,4.623283747057956
Chaetodon_dolosus_iNaturalist_15539185.jpg,Chaetodon dolosus,iNaturalist,-30.573593048223913,7.121595460259338,-22.978365664162713,11.617858831161817,7.506599132710323,4.623283747057956
Chaetodon_dolosus_iNaturalist_15690595.jpg,Chaetodon dolosus,iNaturalist,-23.377650270293326,-7.772090181984458,-15.482963719132293,-3.3946109178603896,7.506599132710323,4.623283747057956
Chaetodon_dolosus_iNaturalist_174031777.jpg,Chaetodon dolosus,iNaturalist,-5.022821233670586,16.93444922022728,0.9680756267031034,20.67249607936608,7.506599132710323,4.623283747057956
Chaetodon_dolosus_iNaturalist_174692343.jpg,Chaetodon dolosus,iNaturalist,-23.03322213049909,1.0437367513759248,-15.452440568834287,6.001757798341261,7.506599132710323,4.623283747057956
Chaetodon_dolosus_iNaturalist_236027673.jpg,Chaetodon dolosus,iNaturalist,-2.5093302793421697,-5.5444750511723715,4.961851399177538,-0.7895248500397714,7.506599132710323,4.623283747057956
Chaetodon_dolosus_iNaturalist_343070907.jpg,Chaetodon dolosus,iNaturalist,1.4891824878943274,3.8748947470390047,8.844973583191727,8.28454253750014,7.506599132710323,4.623283747057956
Chaetodon_dolosus_iNaturalist_343070914.jpg,Chaetodon dolosus,iNaturalist,1.1481922309767056,4.0330977655619735,8.501471815468562,8.307331934777215,7.506599132710323,4.623283747057956
Chaetodon_dolosus_iNaturalist_349460578.jpg,Chaetodon dolosus,iNaturalist,-21.773365376674906,-7.228827895142679,-13.896718054060832,-2.690202396496979,7.506599132710323,4.623283747057956
Chaetodon_dolosus_iNaturalist_56573333.jpg,Chaetodon dolosus,iNaturalist,2.000768897979451,-7.866863532285141,9.501577761900785,-3.209585900609671,7.506599132710323,4.623283747057956
Chaetodon_ephippium_iNaturalist_15333789.jpg,Chaetodon ephippium,iNaturalist,-14.579958179762997,1.014767172366552,-6.776953588656636,5.476481501487754,7.506599132710323,4.623283747057956
Chaetodon_ephippium_iNaturalist_243890971.jpg,Chaetodon ephippium,iNaturalist,-3.3215976421784275,21.287912024311048,4.061346541805571,24.701620552822586,7.506599132710323,4.623283747057956
Chaetodon_ephippium_iNaturalist_330181464.jpg,Chaetodon ephippium,iNaturalist,-4.343378223821386,4.7748270808392075,3.136051478517496,9.758571453618487,7.506599132710323,4.623283747057956
Chaetodon_ephippium_iNaturalist_330181465.jpg,Chaetodon ephippium,iNaturalist,-8.92689847950768,8.114852574115783,-1.6394508835007666,13.247735206385638,7.506599132710323,4.623283747057956
Chaetodon_ephippium_iNaturalist_330181466.jpg,Chaetodon ephippium,iNaturalist,-6.821822001302241,7.880141001063078,0.678939513432738,12.156939656946188,7.506599132710323,4.623283747057956
Chaetodon_ephippium_iNaturalist_363907459.jpg,Chaetodon ephippium,iNaturalist,1.3480299107352545,8.067396495836494,8.816948462932379,12.458862653225928,7.506599132710323,4.623283747057956
Chaetodon_ephippium_iNaturalist_436944065.jpg,Chaetodon ephippium,iNaturalist,-1.535769103056387,-0.8666481782749345,6.028932608743008,3.8280405794952697,7.506599132710323,4.623283747057956
Chaetodon_ephippium_iNaturalist_477534095.jpg,Chaetodon ephippium,iNaturalist,-2.5207677992461934,20.114845934599224,4.925358516136961,24.002318739230333,7.506599132710323,4.623283747057956
Chaetodon_ephippium_iNaturalist_549286482.jpg,Chaetodon ephippium,iNaturalist,-6.17487872690636,6.336111665325268,1.3017794979972892,11.284833543611098,7.506599132710323,4.623283747057956
Chaetodon_falcula_iNaturalist_11763158.jpg,Chaetodon falcula,iNaturalist,-1.0690775755649826,14.558180188649047,6.501446420622,18.411633763248975,7.506599132710323,4.623283747057956
Chaetodon_falcula_iNaturalist_317097780.jpg,Chaetodon falcula,iNaturalist,-20.05348851641462,9.726316962634982,-12.509041639472498,14.190984391422415,7.506599132710323,4.623283747057956
Chaetodon_falcula_iNaturalist_340839235.jpg,Chaetodon falcula,iNaturalist,-22.739618485001316,31.167285222074216,-15.206486800683912,34.55642500171908,7.506599132710323,4.623283747057956
Chaetodon_falcula_iNaturalist_379635851.jpg,Chaetodon falcula,iNaturalist,-4.557210237982623,13.563401208544432,2.860826296009213,17.782612988812538,7.506599132710323,4.623283747057956
Chaetodon_falcula_iNaturalist_419993389.jpg,Chaetodon falcula,iNaturalist,-0.49499285149062944,-24.394573183662803,7.138081396812668,-20.066844687551768,7.506599132710323,4.623283747057956
Chaetodon_falcula_iNaturalist_419993422.jpg,Chaetodon falcula,iNaturalist,-7.638893475964674,-17.281879595184286,-0.3144414709655361,-12.381560030151084,7.506599132710323,4.623283747057956
Chaetodon_falcula_iNaturalist_419993448.jpg,Chaetodon falcula,iNaturalist,-5.329494548635916,-17.76528475753101,2.007422818979559,-12.809183088348373,7.506599132710323,4.623283747057956
Chaetodon_falcula_iNaturalist_443949633.jpg,Chaetodon falcula,iNaturalist,-21.76838768620209,-23.743756307119458,-14.007457044793878,-19.485208350369152,7.506599132710323,4.623283747057956
Chaetodon_falcula_iNaturalist_467014694.jpg,Chaetodon falcula,iNaturalist,-18.56336802648739,23.037173251660825,-10.921006208323838,26.37465257365278,7.506599132710323,4.623283747057956
Chaetodon_falcula_iNaturalist_602174061.jpg,Chaetodon falcula,iNaturalist,-20.47034420149538,6.693043760074956,-12.795533824235418,10.983800736598296,7.506599132710323,4.623283747057956
Chaetodon_fasciatus_iNaturalist_174967542.jpg,Chaetodon fasciatus,iNaturalist,-7.942566953549538,30.61667144891658,-0.3654287450111731,33.48890249330547,7.506599132710323,4.623283747057956
Chaetodon_fasciatus_iNaturalist_344206924.jpg,Chaetodon fasciatus,iNaturalist,3.371266241306303,8.743563604520274,10.641362303066096,13.050133634378307,7.506599132710323,4.623283747057956
Chaetodon_fasciatus_iNaturalist_344206951.jpg,Chaetodon fasciatus,iNaturalist,4.324360453488807,41.25066135395664,11.423571720042107,44.60766974719749,7.506599132710323,4.623283747057956
Chaetodon_fasciatus_iNaturalist_344206971.jpg,Chaetodon fasciatus,iNaturalist,13.992459678180285,47.89624442979858,21.32840457595769,51.18391751174855,7.506599132710323,4.623283747057956
Chaetodon_fasciatus_iNaturalist_344206990.jpg,Chaetodon fasciatus,iNaturalist,-2.2259397219032446,28.22670477620626,5.226875132078081,32.30383931387362,7.506599132710323,4.623283747057956
Chaetodon_fasciatus_iNaturalist_344207037.jpg,Chaetodon fasciatus,iNaturalist,2.3819020846729893,24.75405359689346,10.051134085209016,29.34729988134681,7.506599132710323,4.623283747057956
Chaetodon_fasciatus_iNaturalist_480744407.jpg,Chaetodon fasciatus,iNaturalist,-20.295867373287567,-4.740175858410793,-12.851250764615013,-0.05461477792256782,7.506599132710323,4.623283747057956
Chaetodon_fasciatus_iNaturalist_55868231.jpg,Chaetodon fasciatus,iNaturalist,-5.395774053748751,28.74356495551605,2.417413348815234,30.969148330596973,7.506599132710323,4.623283747057956
Chaetodon_fasciatus_iNaturalist_595286178.jpg,Chaetodon fasciatus,iNaturalist,26.858484116520913,47.639461759101614,34.1359915969821,50.62620320542488,7.506599132710323,4.623283747057956
Chaetodon_fasciatus_iNaturalist_596429681.jpg,Chaetodon fasciatus,iNaturalist,-27.382244693249103,15.573875487657585,-20.25348245949762,20.973694230269583,7.506599132710323,4.623283747057956
Chaetodon_flavirostris_iNaturalist_12040833.jpg,Chaetodon flavirostris,iNaturalist,1.4171595472520115,21.89411791117027,8.987145873468467,26.206013600909156,7.506599132710323,4.623283747057956
Chaetodon_flavirostris_iNaturalist_12760738.jpg,Chaetodon flavirostris,iNaturalist,5.615478660034744,1.6856561082858592,13.033475314298618,5.978697919536124,7.506599132710323,4.623283747057956
Chaetodon_flavirostris_iNaturalist_17376679.jpg,Chaetodon flavirostris,iNaturalist,-9.546999897606353,14.29849316927259,-2.0590606848518997,19.00298167777639,7.506599132710323,4.623283747057956
Chaetodon_flavirostris_iNaturalist_17376788.jpg,Chaetodon flavirostris,iNaturalist,-2.9674317143080278,6.79828922914333,4.486040170656985,11.272382627798898,7.506599132710323,4.623283747057956
Chaetodon_flavirostris_iNaturalist_177651824.jpg,Chaetodon flavirostris,iNaturalist,-13.566143447082158,6.777991450669092,-6.178057630153131,11.609489803423912,7.506599132710323,4.623283747057956
Chaetodon_flavirostris_iNaturalist_19897048.jpg,Chaetodon flavirostris,iNaturalist,10.748313898113178,6.696465063776306,18.039964323274887,11.454512800825503,7.506599132710323,4.623283747057956
Chaetodon_flavirostris_iNaturalist_20063822.jpg,Chaetodon flavirostris,iNaturalist,0.6040306167431561,7.2075981035109,8.085611737239766,11.392775353790052,7.506599132710323,4.623283747057956
Chaetodon_flavirostris_iNaturalist_361544133.jpg,Chaetodon flavirostris,iNaturalist,-11.665878979135224,4.170001628715211,-4.106862612880763,8.333224686693244,7.506599132710323,4.623283747057956
Chaetodon_flavirostris_iNaturalist_425367144.jpg,Chaetodon flavirostris,iNaturalist,-8.60351378805034,17.167463503310096,-1.0655540495563234,21.57028011393219,7.506599132710323,4.623283747057956
Chaetodon_flavirostris_iNaturalist_5950939.jpg,Chaetodon flavirostris,iNaturalist,-3.605505515999499,10.949567849432922,3.783384084115566,15.09854008400905,7.506599132710323,4.623283747057956
Chaetodon_flavocoronatus_iNaturalist_457352545.jpg,Chaetodon flavocoronatus,iNaturalist,-6.323935071124285,-0.3040384355043609,1.1337141277734355,4.194391938623254,7.506599132710323,4.623283747057956
Chaetodon_flavocoronatus_iNaturalist_598684494.jpg,Chaetodon flavocoronatus,iNaturalist,-1.3742740497677828,0.43732820730514477,6.092938154503408,4.924218259704899,7.506599132710323,4.623283747057956
Chaetodon_flavocoronatus_iNaturalist_598921705.jpg,Chaetodon flavocoronatus,iNaturalist,6.154097747326527,14.53765640246051,13.521623031291034,18.042516367935274,7.506599132710323,4.623283747057956
Chaetodon_flavocoronatus_iNaturalist_598924792.jpg,Chaetodon flavocoronatus,iNaturalist,-6.254517721733652,4.798414158663058,1.2346781155831035,8.982991990656261,7.506599132710323,4.623283747057956
Chaetodon_fremblii_iNaturalist_168295733.jpg,Chaetodon fremblii,iNaturalist,0.026719877650738768,26.007715571775993,7.583870937575456,29.880965901727468,7.506599132710323,4.623283747057956
Chaetodon_fremblii_iNaturalist_257546329.jpg,Chaetodon fremblii,iNaturalist,-9.053497316737571,34.79950475205668,-1.4214769752134517,38.218324831803216,7.506599132710323,4.623283747057956
Chaetodon_fremblii_iNaturalist_317852.jpg,Chaetodon fremblii,iNaturalist,-1.7471142138716622,26.25126902574096,5.739380493462285,30.929135271116387,7.506599132710323,4.623283747057956
Chaetodon_fremblii_iNaturalist_34139600.jpg,Chaetodon fremblii,iNaturalist,-11.627692456513001,30.5049080214481,-4.085096911932603,34.13944806931858,7.506599132710323,4.623283747057956
Chaetodon_fremblii_iNaturalist_341654889.jpg,Chaetodon fremblii,iNaturalist,-14.647202682722147,37.13238329387069,-7.4965333811810835,42.02760547359088,7.506599132710323,4.623283747057956
Chaetodon_fremblii_iNaturalist_380394577.jpg,Chaetodon fremblii,iNaturalist,-16.40048547913125,24.1465981874773,-8.945698672630128,28.92541826258168,7.506599132710323,4.623283747057956
Chaetodon_fremblii_iNaturalist_443350802.jpg,Chaetodon fremblii,iNaturalist,-48.88015124090808,7.438131108859223,-41.46814153603342,12.366937109496757,7.506599132710323,4.623283747057956
Chaetodon_fremblii_iNaturalist_598700049.jpg,Chaetodon fremblii,iNaturalist,-5.3591591438230575,20.641973739763625,2.087508068031513,25.196973665166144,7.506599132710323,4.623283747057956
Chaetodon_fremblii_iNaturalist_598700060.jpg,Chaetodon fremblii,iNaturalist,-5.463932181993321,18.63871389093647,2.1316964893512993,23.30528492049303,7.506599132710323,4.623283747057956
Chaetodon_gardineri_iNaturalist_278903419.jpg,Chaetodon gardineri,iNaturalist,-3.1737787835387015,8.794926742954658,4.34350027982751,13.253446633012878,7.506599132710323,4.623283747057956
Chaetodon_gardineri_iNaturalist_278903646.jpg,Chaetodon gardineri,iNaturalist,-1.8335430359287623,11.331912678211046,5.670980148955477,15.479786299417892,7.506599132710323,4.623283747057956
Chaetodon_gardineri_iNaturalist_278909933.jpg,Chaetodon gardineri,iNaturalist,-9.569258924036406,21.99358118229372,-1.7873767928225848,25.64625636247162,7.506599132710323,4.623283747057956
Chaetodon_gardineri_iNaturalist_60495450.jpg,Chaetodon gardineri,iNaturalist,-10.401519439909222,28.92142813444966,-2.888913211093187,33.233167228898076,7.506599132710323,4.623283747057956
Chaetodon_guentheri_iNaturalist_12931521.jpg,Chaetodon guentheri,iNaturalist,-2.8304097104326864,18.565478954249283,4.167986940087544,22.582330514723328,7.506599132710323,4.623283747057956
Chaetodon_guentheri_iNaturalist_16103786.jpg,Chaetodon guentheri,iNaturalist,-9.563304705503102,27.13259005873275,-1.8052993708537222,31.1758288882658,7.506599132710323,4.623283747057956
Chaetodon_guentheri_iNaturalist_17952429.jpg,Chaetodon guentheri,iNaturalist,-6.999184373332125,27.084543205183362,0.5658802901758905,31.09520818992262,7.506599132710323,4.623283747057956
Chaetodon_guentheri_iNaturalist_18275791.jpg,Chaetodon guentheri,iNaturalist,-12.64596166456143,29.923394022724008,-4.976094390570145,34.12061100310005,7.506599132710323,4.623283747057956
Chaetodon_guentheri_iNaturalist_19964900.jpg,Chaetodon guentheri,iNaturalist,-5.145091143915524,25.607004915495544,2.557378882829967,29.411391660957683,7.506599132710323,4.623283747057956
Chaetodon_guentheri_iNaturalist_19964904.jpg,Chaetodon guentheri,iNaturalist,-2.1972616993963805,21.10753374990929,5.288904600363342,25.719220219785786,7.506599132710323,4.623283747057956
Chaetodon_guentheri_iNaturalist_260515897.jpg,Chaetodon guentheri,iNaturalist,-0.6551972155314717,21.082730004086603,6.690490374619311,25.180602453897578,7.506599132710323,4.623283747057956
Chaetodon_guentheri_iNaturalist_260515911.jpg,Chaetodon guentheri,iNaturalist,-3.361350875790795,13.691047932478767,4.006898777918382,18.405283357488806,7.506599132710323,4.623283747057956
Chaetodon_guentheri_iNaturalist_298435945.jpg,Chaetodon guentheri,iNaturalist,2.837974202059532,20.6955317961124,9.88210048139647,23.79812138663089,7.506599132710323,4.623283747057956
Chaetodon_guentheri_iNaturalist_462449919.jpg,Chaetodon guentheri,iNaturalist,1.411394486480219,12.768425760887709,8.977678313616138,17.599960987507178,7.506599132710323,4.623283747057956
Chaetodon_guttatissimus_iNaturalist_174031744.jpg,Chaetodon guttatissimus,iNaturalist,-10.844277838681553,19.592053664229095,-4.413563766591832,23.824642132856663,7.506599132710323,4.623283747057956
Chaetodon_guttatissimus_iNaturalist_233427015.jpg,Chaetodon guttatissimus,iNaturalist,-1.463458241469074,6.037573322285763,5.836964909433871,10.931858247907916,7.506599132710323,4.623283747057956
Chaetodon_guttatissimus_iNaturalist_26864062.jpg,Chaetodon guttatissimus,iNaturalist,-10.699855486425525,-1.4364796882607318,-3.1720155987170053,3.321590710656166,7.506599132710323,4.623283747057956
Chaetodon_guttatissimus_iNaturalist_303971849.jpg,Chaetodon guttatissimus,iNaturalist,-4.659842604757427,1.6650637474859276,3.0180913137357313,6.033712272809481,7.506599132710323,4.623283747057956
Chaetodon_guttatissimus_iNaturalist_380299825.jpg,Chaetodon guttatissimus,iNaturalist,-5.082531801770524,4.947224397917669,2.3802070009382947,9.780576414722939,7.506599132710323,4.623283747057956
Chaetodon_guttatissimus_iNaturalist_473229926.jpg,Chaetodon guttatissimus,iNaturalist,-8.270709199365749,3.70625903903602,-0.8039391583918228,8.205140188955188,7.506599132710323,4.623283747057956
Chaetodon_guttatissimus_iNaturalist_474997418.jpg,Chaetodon guttatissimus,iNaturalist,-3.0508948399079996,-0.9472296378651285,4.2615113108844325,3.4819820749534287,7.506599132710323,4.623283747057956
Chaetodon_guttatissimus_iNaturalist_504140684.jpg,Chaetodon guttatissimus,iNaturalist,-4.191828136038352,14.583461781208966,3.07473142713506,19.097912414079673,7.506599132710323,4.623283747057956
Chaetodon_guttatissimus_iNaturalist_584519765.jpg,Chaetodon guttatissimus,iNaturalist,-18.819001398046304,-22.705250305764963,-11.538963153436516,-17.895095238246313,7.506599132710323,4.623283747057956
Chaetodon_hoefleri_iNaturalist_349923953.jpg,Chaetodon hoefleri,iNaturalist,-8.415729573068745,28.91838572240419,-0.7738067522565806,32.18962411059887,7.506599132710323,4.623283747057956
Chaetodon_hoefleri_iNaturalist_349923955.jpg,Chaetodon hoefleri,iNaturalist,-2.436225482356686,31.359153173408238,5.495001412225434,33.77542638315087,7.506599132710323,4.623283747057956
Chaetodon_hoefleri_iNaturalist_349923956.jpg,Chaetodon hoefleri,iNaturalist,0.3082520677065737,24.563896282633976,8.323470492556519,27.609836630958423,7.506599132710323,4.623283747057956
Chaetodon_hoefleri_iNaturalist_349923974.jpg,Chaetodon hoefleri,iNaturalist,-0.15779314124914676,26.80312941939473,7.4570741642075,29.438925117723016,7.506599132710323,4.623283747057956
Chaetodon_hoefleri_iNaturalist_349923976.jpg,Chaetodon hoefleri,iNaturalist,-4.295522954070944,32.48626978514465,3.4435372971972,35.35058458792906,7.506599132710323,4.623283747057956
Chaetodon_hoefleri_iNaturalist_349923979.jpg,Chaetodon hoefleri,iNaturalist,-3.1682495665737362,37.687142930026155,4.4159870548504285,40.99801568701068,7.506599132710323,4.623283747057956
Chaetodon_hoefleri_iNaturalist_349923999.jpg,Chaetodon hoefleri,iNaturalist,-3.9803150531894316,28.982553810445005,3.7339205829403093,32.485845773602286,7.506599132710323,4.623283747057956
Chaetodon_hoefleri_iNaturalist_349924002.jpg,Chaetodon hoefleri,iNaturalist,-4.004709391002485,30.07901396091698,3.612010496123874,33.4859379436939,7.506599132710323,4.623283747057956
Chaetodon_hoefleri_iNaturalist_424743322.jpg,Chaetodon hoefleri,iNaturalist,-3.675997555239862,8.095109690959188,4.072610515893285,12.812643937154931,7.506599132710323,4.623283747057956
Chaetodon_humeralis_iNaturalist_1461105.jpg,Chaetodon humeralis,iNaturalist,-2.0569029449536598,-2.014326068456023,5.540163092619475,2.5842960275276656,7.506599132710323,4.623283747057956
Chaetodon_humeralis_iNaturalist_456296117.jpg,Chaetodon humeralis,iNaturalist,3.17064405933349,14.964664884133402,10.650301039094959,19.34866475704019,7.506599132710323,4.623283747057956
Chaetodon_humeralis_iNaturalist_607033378.jpg,Chaetodon humeralis,iNaturalist,0.32040455056329986,6.766385184682728,7.546522195892928,11.398524199244072,7.506599132710323,4.623283747057956
Chaetodon_humeralis_iNaturalist_8288759.jpg,Chaetodon humeralis,iNaturalist,-5.409361452104137,2.298582511267698,2.233505386413979,6.725542980980496,7.506599132710323,4.623283747057956
Chaetodon_interruptus_iNaturalist_15933811.jpg,Chaetodon interruptus,iNaturalist,-14.064060810200608,74.30515257931161,-7.115066376676903,75.8792125643978,7.506599132710323,4.623283747057956
Chaetodon_interruptus_iNaturalist_170722148.jpg,Chaetodon interruptus,iNaturalist,-65.72959173680287,57.17859149855187,-58.118851947505995,61.39165939085926,7.506599132710323,4.623283747057956
Chaetodon_interruptus_iNaturalist_231967804.jpg,Chaetodon interruptus,iNaturalist,-5.1617116579200095,64.7567032037373,1.5843681209000133,66.31644726273261,7.506599132710323,4.623283747057956
Chaetodon_interruptus_iNaturalist_422239513.jpg,Chaetodon interruptus,iNaturalist,-13.408695608901562,58.98552152937611,-5.660111268733478,61.56179621120877,7.506599132710323,4.623283747057956
Chaetodon_interruptus_iNaturalist_444196719.jpg,Chaetodon interruptus,iNaturalist,-5.967127694182374,34.58805103604138,1.7687062421832946,38.439442308196966,7.506599132710323,4.623283747057956
Chaetodon_interruptus_iNaturalist_479599038.jpg,Chaetodon interruptus,iNaturalist,-18.75937943652998,57.8825069853429,-11.44958387131944,61.292809977045586,7.506599132710323,4.623283747057956
Chaetodon_interruptus_iNaturalist_75713374.jpg,Chaetodon interruptus,iNaturalist,-18.487793781877276,61.563833958205116,-10.720840269969061,62.64360040847085,7.506599132710323,4.623283747057956
Chaetodon_interruptus_iNaturalist_82279573.jpg,Chaetodon interruptus,iNaturalist,-7.083682347608269,59.459184424522405,0.028436469122858427,61.915330117014584,7.506599132710323,4.623283747057956
Chaetodon_interruptus_iNaturalist_82279598.jpg,Chaetodon interruptus,iNaturalist,-4.748406688152469,59.45856950403665,2.73641328275712,60.94337168120098,7.506599132710323,4.623283747057956
Chaetodon_interruptus_iNaturalist_82279627.jpg,Chaetodon interruptus,iNaturalist,-8.636538273773835,60.69339959070076,-1.0236179063989927,62.31786728564643,7.506599132710323,4.623283747057956
Chaetodon_kleinii_iNaturalist_336546534.jpg,Chaetodon kleinii,iNaturalist,-10.432530378592267,36.261119609148174,-3.2517080120153,40.90172191432199,7.506599132710323,4.623283747057956
Chaetodon_kleinii_iNaturalist_338353090.jpg,Chaetodon kleinii,iNaturalist,-10.06386018310223,15.462959552745076,-2.438046453165655,19.854020078175786,7.506599132710323,4.623283747057956
Chaetodon_kleinii_iNaturalist_338353091.jpg,Chaetodon kleinii,iNaturalist,-6.70620680378754,22.563936547888314,0.0657320441476006,26.83940430251353,7.506599132710323,4.623283747057956
Chaetodon_kleinii_iNaturalist_409583506.jpg,Chaetodon kleinii,iNaturalist,-14.836910138024239,37.78990347627334,-7.27703611214542,42.269280529620545,7.506599132710323,4.623283747057956
Chaetodon_kleinii_iNaturalist_409631622.jpg,Chaetodon kleinii,iNaturalist,-13.755675111257547,38.480259189269546,-6.25254494155605,42.84758049310278,7.506599132710323,4.623283747057956
Chaetodon_kleinii_iNaturalist_530434066.jpg,Chaetodon kleinii,iNaturalist,-4.964788357195395,3.1608545374960553,2.611474909074554,7.412992885208707,7.506599132710323,4.623283747057956
Chaetodon_kleinii_iNaturalist_530434335.jpg,Chaetodon kleinii,iNaturalist,-3.3733452764279646,7.875876440199281,4.199006798303069,11.934901858754532,7.506599132710323,4.623283747057956
Chaetodon_kleinii_iNaturalist_564309402.jpg,Chaetodon kleinii,iNaturalist,-0.023317842876840873,23.668339830662337,7.462946771337486,27.489672370955635,7.506599132710323,4.623283747057956
Chaetodon_kleinii_iNaturalist_97428922.jpg,Chaetodon kleinii,iNaturalist,-5.205902936143827,10.053367940893718,2.1556519456911856,14.905764621733042,7.506599132710323,4.623283747057956
Chaetodon_kleinii_iNaturalist_97482217.jpg,Chaetodon kleinii,iNaturalist,-6.01262012196525,0.7887251818458708,1.4831446424326864,5.419018127694174,7.506599132710323,4.623283747057956
Chaetodon_larvatus_iNaturalist_173874128.jpg,Chaetodon larvatus,iNaturalist,-9.164476998085368,1.8504024663995453,-1.8155890304287496,6.3537706496701825,7.506599132710323,4.623283747057956
Chaetodon_larvatus_iNaturalist_183943854.jpg,Chaetodon larvatus,iNaturalist,-16.688114868219067,2.579530409248392,-9.11719358342291,6.970409676247352,7.506599132710323,4.623283747057956
Chaetodon_larvatus_iNaturalist_183943894.jpg,Chaetodon larvatus,iNaturalist,-16.91777814102499,2.6938158241836327,-9.540837342008528,7.09040899481788,7.506599132710323,4.623283747057956
Chaetodon_larvatus_iNaturalist_183943928.jpg,Chaetodon larvatus,iNaturalist,-12.314015065984918,3.966742361217182,-4.632378331121898,8.414832014732426,7.506599132710323,4.623283747057956
Chaetodon_larvatus_iNaturalist_443993229.jpg,Chaetodon larvatus,iNaturalist,-0.9677800787920187,-19.27310884984535,6.531493420763846,-14.694620695186023,7.506599132710323,4.623283747057956
Chaetodon_larvatus_iNaturalist_467594824.jpg,Chaetodon larvatus,iNaturalist,0.5920135168432996,-26.78425102038855,8.074635317925758,-22.485602248327446,7.506599132710323,4.623283747057956
Chaetodon_larvatus_iNaturalist_74067025.jpg,Chaetodon larvatus,iNaturalist,-9.352904191650971,-11.710278260455159,-1.6712231806541697,-7.26115297121496,7.506599132710323,4.623283747057956
Chaetodon_leucopleura_iNaturalist_107921304.jpg,Chaetodon leucopleura,iNaturalist,-41.94628459316273,17.17277000938267,-34.23326867914795,20.772492706271606,7.506599132710323,4.623283747057956
Chaetodon_leucopleura_iNaturalist_174544780.jpg,Chaetodon leucopleura,iNaturalist,3.8574551833554485,6.258221377829828,10.716578482071617,10.672477786722647,7.506599132710323,4.623283747057956
Chaetodon_leucopleura_iNaturalist_257991081.jpg,Chaetodon leucopleura,iNaturalist,4.231211163396323,7.817728837164535,11.674338115460156,12.420356528630377,7.506599132710323,4.623283747057956
Chaetodon_leucopleura_iNaturalist_26103099.jpg,Chaetodon leucopleura,iNaturalist,-6.984966412083284,6.43891024748396,0.5416823282993077,11.115894564871546,7.506599132710323,4.623283747057956
Chaetodon_leucopleura_iNaturalist_347659715.jpg,Chaetodon leucopleura,iNaturalist,-11.197474032894915,25.058725171623273,-3.681406427143047,29.523775497364706,7.506599132710323,4.623283747057956
Chaetodon_leucopleura_iNaturalist_551272520.jpg,Chaetodon leucopleura,iNaturalist,-5.437331739432104,-7.464087382919438,1.998109292066197,-2.8340782127912574,7.506599132710323,4.623283747057956
Chaetodon_leucopleura_iNaturalist_551762355.jpg,Chaetodon leucopleura,iNaturalist,-1.6974669301435101,2.7906853532489366,5.845541268691721,7.377756367055356,7.506599132710323,4.623283747057956
Chaetodon_leucopleura_iNaturalist_585546055.jpg,Chaetodon leucopleura,iNaturalist,-12.691717726218354,-1.0681941702534274,-5.395999120682065,3.965109672056581,7.506599132710323,4.623283747057956
Chaetodon_leucopleura_iNaturalist_75611947.jpg,Chaetodon leucopleura,iNaturalist,-3.9495264065909783,12.737179001133905,3.617149728735104,17.334980829723058,7.506599132710323,4.623283747057956
Chaetodon_lineolatus_iNaturalist_134145241.jpg,Chaetodon lineolatus,iNaturalist,-9.804713753310638,6.442079519138566,-2.2105581363278377,11.420313327462242,7.506599132710323,4.623283747057956
Chaetodon_lineolatus_iNaturalist_474229031.jpg,Chaetodon lineolatus,iNaturalist,0.35130330471835514,-33.002722686448955,7.743385457796329,-28.34020699700986,7.506599132710323,4.623283747057956
Chaetodon_lineolatus_iNaturalist_474229198.jpg,Chaetodon lineolatus,iNaturalist,-21.759988791912477,-9.181504204376493,-14.355746374579004,-4.523030670228936,7.506599132710323,4.623283747057956
Chaetodon_lineolatus_iNaturalist_474229225.jpg,Chaetodon lineolatus,iNaturalist,-20.9159668330774,-11.035551595028995,-13.457262317760295,-6.400443994589033,7.506599132710323,4.623283747057956
Chaetodon_lineolatus_iNaturalist_91071941.jpg,Chaetodon lineolatus,iNaturalist,-7.7145578605672664,11.894463041161426,-0.35952595228511597,16.847256734186352,7.506599132710323,4.623283747057956
Chaetodon_lineolatus_iNaturalist_9952627.jpg,Chaetodon lineolatus,iNaturalist,-12.289564956246428,-2.8547458417711438,-4.771311452598601,1.5019518231507742,7.506599132710323,4.623283747057956
Chaetodon_litus_iNaturalist_13840264.jpg,Chaetodon litus,iNaturalist,-2.3570439709437045,3.3825254225992403,5.041816536243107,7.9847180644067866,7.506599132710323,4.623283747057956
Chaetodon_litus_iNaturalist_250896809.jpg,Chaetodon litus,iNaturalist,2.1219736549662214,-14.352805187333056,9.539908064694169,-9.62054667491658,7.506599132710323,4.623283747057956
Chaetodon_litus_iNaturalist_250896825.jpg,Chaetodon litus,iNaturalist,1.6496994129323772,-7.06677780933223,9.121395512357646,-2.328771817166218,7.506599132710323,4.623283747057956
Chaetodon_litus_iNaturalist_324313677.jpg,Chaetodon litus,iNaturalist,-3.9633726005283934,-9.646627707302375,3.610833269208259,-5.123151732800609,7.506599132710323,4.623283747057956
Chaetodon_litus_iNaturalist_474014549.jpg,Chaetodon litus,iNaturalist,0.4992124267649129,-1.2085098156832559,7.999536585221158,3.512540575563957,7.506599132710323,4.623283747057956
Chaetodon_litus_iNaturalist_490178965.jpg,Chaetodon litus,iNaturalist,7.430787417685553,3.448811346466234,14.941214117131988,8.083855444847805,7.506599132710323,4.623283747057956
Chaetodon_litus_iNaturalist_534683960.jpg,Chaetodon litus,iNaturalist,6.043919719966787,2.8441206928096543,13.477468633443703,7.446050430077922,7.506599132710323,4.623283747057956
Chaetodon_litus_iNaturalist_534683993.jpg,Chaetodon litus,iNaturalist,-0.7908596061751512,1.2162940926053871,6.850167756333048,5.77616636900737,7.506599132710323,4.623283747057956
Chaetodon_litus_iNaturalist_534683999.jpg,Chaetodon litus,iNaturalist,4.565934615187886,1.2022424721921285,12.155982214268876,6.0078855947846215,7.506599132710323,4.623283747057956
Chaetodon_lunula_iNaturalist_169964645.jpg,Chaetodon lunula,iNaturalist,-6.025931043345936,37.874374113997035,1.1865620666125436,40.6451803394438,7.506599132710323,4.623283747057956
Chaetodon_lunula_iNaturalist_178875223.jpg,Chaetodon lunula,iNaturalist,3.8119857048596395,18.219878442751035,11.357160814355725,22.658797034161736,7.506599132710323,4.623283747057956
Chaetodon_lunula_iNaturalist_290315608.jpg,Chaetodon lunula,iNaturalist,3.480527043438738,23.596608893444074,11.29128800269129,26.68787784896685,7.506599132710323,4.623283747057956
Chaetodon_lunula_iNaturalist_290315687.jpg,Chaetodon lunula,iNaturalist,5.561839583180022,36.9861116146406,13.079027527774048,39.320887437166114,7.506599132710323,4.623283747057956
Chaetodon_lunula_iNaturalist_331.jpg,Chaetodon lunula,iNaturalist,-9.505659076164653,38.558933230650844,-2.330400681292963,41.48778990369836,7.506599132710323,4.623283747057956
Chaetodon_lunula_iNaturalist_3844633.jpg,Chaetodon lunula,iNaturalist,1.9597429728615945,30.311222450530593,9.540304935611328,34.555178485107874,7.506599132710323,4.623283747057956
Chaetodon_lunula_iNaturalist_430979456.jpg,Chaetodon lunula,iNaturalist,-3.3856463869184843,24.875397106276782,4.19858326866864,29.129700047766242,7.506599132710323,4.623283747057956
Chaetodon_lunula_iNaturalist_545359972.jpg,Chaetodon lunula,iNaturalist,10.065559144021012,22.333094763281363,16.331470649680597,26.531461070109145,7.506599132710323,4.623283747057956
Chaetodon_lunula_iNaturalist_58993744.jpg,Chaetodon lunula,iNaturalist,-7.238656890886932,21.702680052041742,0.11964721760325221,26.239308730355276,7.506599132710323,4.623283747057956
Chaetodon_lunula_iNaturalist_6462315.jpg,Chaetodon lunula,iNaturalist,-7.146282877884887,44.734227353271926,0.5156318430513486,47.056462308365255,7.506599132710323,4.623283747057956
Chaetodon_lunulatus_iNaturalist_166474504.jpg,Chaetodon lunulatus,iNaturalist,-10.95452583435193,29.64161657781666,-3.4116895597599535,34.15964782811568,7.506599132710323,4.623283747057956
Chaetodon_lunulatus_iNaturalist_179510692.jpg,Chaetodon lunulatus,iNaturalist,-11.748701979209127,25.918849803314966,-4.474702547288467,30.649377065676788,7.506599132710323,4.623283747057956
Chaetodon_lunulatus_iNaturalist_204763068.jpg,Chaetodon lunulatus,iNaturalist,-23.269495495606282,14.564712802456244,-15.862006951520149,19.217294601286774,7.506599132710323,4.623283747057956
Chaetodon_lunulatus_iNaturalist_204763090.jpg,Chaetodon lunulatus,iNaturalist,-21.577723047122365,9.228080933403035,-14.180776719812277,13.853725627846803,7.506599132710323,4.623283747057956
Chaetodon_lunulatus_iNaturalist_204763105.jpg,Chaetodon lunulatus,iNaturalist,-26.065352939015803,11.37420606020292,-18.73611642976345,16.123400637838927,7.506599132710323,4.623283747057956
Chaetodon_lunulatus_iNaturalist_204763128.jpg,Chaetodon lunulatus,iNaturalist,-21.670672233965767,9.482175705725632,-14.256110728141643,14.228217841395923,7.506599132710323,4.623283747057956
Chaetodon_lunulatus_iNaturalist_204773665.jpg,Chaetodon lunulatus,iNaturalist,-21.408972892121067,11.194066324474226,-14.097242826078157,15.74129473367756,7.506599132710323,4.623283747057956
Chaetodon_lunulatus_iNaturalist_22286339.jpg,Chaetodon lunulatus,iNaturalist,-1.5463225574350017,20.80188572700102,5.68413054933505,25.42112810780496,7.506599132710323,4.623283747057956
Chaetodon_lunulatus_iNaturalist_38212451.jpg,Chaetodon lunulatus,iNaturalist,-6.4351414407849195,18.78879255058966,1.11555278590598,23.588562240332063,7.506599132710323,4.623283747057956
Chaetodon_lunulatus_iNaturalist_52082572.jpg,Chaetodon lunulatus,iNaturalist,-3.477994919047028,20.262985846686153,3.5572551863290203,24.303421729822063,7.506599132710323,4.623283747057956
Chaetodon_madagaskariensis_iNaturalist_220678407.jpg,Chaetodon madagaskariensis,iNaturalist,-29.306452227606904,0.9167046466684067,-21.714654672339936,5.189582369982974,7.506599132710323,4.623283747057956
Chaetodon_madagaskariensis_iNaturalist_233631122.jpg,Chaetodon madagaskariensis,iNaturalist,3.6645642120169066,7.346257000270856,11.127890565948617,11.425610791579171,7.506599132710323,4.623283747057956
Chaetodon_madagaskariensis_iNaturalist_248069905.jpg,Chaetodon madagaskariensis,iNaturalist,-9.726453086571254,9.786850847762974,-2.4396979764285405,14.383192220039247,7.506599132710323,4.623283747057956
Chaetodon_madagaskariensis_iNaturalist_300420208.jpg,Chaetodon madagaskariensis,iNaturalist,-7.248100820638132,4.4811451251304515,0.3429417803269535,8.836771841181175,7.506599132710323,4.623283747057956
Chaetodon_madagaskariensis_iNaturalist_340340714.jpg,Chaetodon madagaskariensis,iNaturalist,-7.127314500235875,6.455579918162466,0.03378512544745696,10.899593798253887,7.506599132710323,4.623283747057956
Chaetodon_madagaskariensis_iNaturalist_340340962.jpg,Chaetodon madagaskariensis,iNaturalist,-15.437366870276787,9.602788958604961,-8.179331139424136,13.517209552414078,7.506599132710323,4.623283747057956
Chaetodon_madagaskariensis_iNaturalist_554082386.jpg,Chaetodon madagaskariensis,iNaturalist,-14.525358782528338,-15.172068541233006,-6.945684256651529,-11.263955233399562,7.506599132710323,4.623283747057956
Chaetodon_madagaskariensis_iNaturalist_554082399.jpg,Chaetodon madagaskariensis,iNaturalist,-12.249862158269352,-14.607906762946321,-4.596475567532323,-10.463411706625543,7.506599132710323,4.623283747057956
Chaetodon_madagaskariensis_iNaturalist_575992327.jpg,Chaetodon madagaskariensis,iNaturalist,-2.070142864058419,19.57853118528938,5.45285387539631,23.302848967307604,7.506599132710323,4.623283747057956
Chaetodon_madagaskariensis_iNaturalist_585635427.jpg,Chaetodon madagaskariensis,iNaturalist,-3.9505865228421033,0.572740380380606,3.714918364247332,4.887391935201681,7.506599132710323,4.623283747057956
Chaetodon_marleyi_iNaturalist_359692990.jpg,Chaetodon marleyi,iNaturalist,-5.850704617873072,-0.187470467580738,1.593939915989148,4.213530301822749,7.506599132710323,4.623283747057956
Chaetodon_marleyi_iNaturalist_463787438.jpg,Chaetodon marleyi,iNaturalist,-2.951990272475284,6.188824679183751,4.694735917705496,10.447286514668559,7.506599132710323,4.623283747057956
Chaetodon_marleyi_iNaturalist_463787443.jpg,Chaetodon marleyi,iNaturalist,-2.7381281478381703,9.335688319695398,4.779563815923989,13.9724088259292,7.506599132710323,4.623283747057956
Chaetodon_marleyi_iNaturalist_464707333.jpg,Chaetodon marleyi,iNaturalist,-7.360816060512274,24.000464343961863,0.18210053543340532,28.51380339852362,7.506599132710323,4.623283747057956
Chaetodon_marleyi_iNaturalist_547984306.jpg,Chaetodon marleyi,iNaturalist,-9.721338029700775,-0.15988044533355258,-2.3330720068537563,4.588161107351037,7.506599132710323,4.623283747057956
Chaetodon_marleyi_iNaturalist_553311588.jpg,Chaetodon marleyi,iNaturalist,-5.917110347596771,21.273641696304345,1.356400773294253,23.732976167619032,7.506599132710323,4.623283747057956
Chaetodon_marleyi_iNaturalist_553311592.jpg,Chaetodon marleyi,iNaturalist,2.288132504637234,33.6291117981219,9.616577462821986,37.26089480425227,7.506599132710323,4.623283747057956
Chaetodon_melannotus_iNaturalist_219530872.jpg,Chaetodon melannotus,iNaturalist,-4.903081429320281,-2.5351006981384763,2.1904645295390064,1.8604027479352316,7.506599132710323,4.623283747057956
Chaetodon_melannotus_iNaturalist_225310656.jpg,Chaetodon melannotus,iNaturalist,-2.436105495259157,1.3574913206098025,5.064688976721101,5.973909726971379,7.506599132710323,4.623283747057956
Chaetodon_melannotus_iNaturalist_225310685.jpg,Chaetodon melannotus,iNaturalist,-1.8809761967278356,13.28812000339098,5.4767114391341165,17.334493177253027,7.506599132710323,4.623283747057956
Chaetodon_melannotus_iNaturalist_228710894.jpg,Chaetodon melannotus,iNaturalist,-6.8122572498914815,8.919976168678714,0.8185123535848509,12.903792266160716,7.506599132710323,4.623283747057956
Chaetodon_melannotus_iNaturalist_241736994.jpg,Chaetodon melannotus,iNaturalist,-17.051354200577883,-0.21382789305579403,-9.57582312678062,3.9845738716360435,7.506599132710323,4.623283747057956
Chaetodon_melannotus_iNaturalist_409531338.jpg,Chaetodon melannotus,iNaturalist,-19.536306579123764,52.91305769123324,-12.075680916730224,57.08519307158277,7.506599132710323,4.623283747057956
Chaetodon_melannotus_iNaturalist_409632193.jpg,Chaetodon melannotus,iNaturalist,-19.115240710083985,55.503268392319995,-11.645630336058002,59.707467989098184,7.506599132710323,4.623283747057956
Chaetodon_melannotus_iNaturalist_82149199.jpg,Chaetodon melannotus,iNaturalist,-7.897374978072227,17.66862975726128,-0.18193905713225905,21.17202419734824,7.506599132710323,4.623283747057956
Chaetodon_melannotus_iNaturalist_82152925.jpg,Chaetodon melannotus,iNaturalist,-10.041035226203794,23.479912642704743,-2.5725839552464005,26.704633894030348,7.506599132710323,4.623283747057956
Chaetodon_melannotus_iNaturalist_84610206.jpg,Chaetodon melannotus,iNaturalist,-2.778106808424547,2.2533459308187536,4.559716341571831,5.833995568788222,7.506599132710323,4.623283747057956
Chaetodon_melapterus_iNaturalist_278909138.jpg,Chaetodon melapterus,iNaturalist,17.50945693678367,46.26159379642029,24.411730108633673,47.69342701757406,7.506599132710323,4.623283747057956
Chaetodon_melapterus_iNaturalist_302828066.jpg,Chaetodon melapterus,iNaturalist,15.769791680300163,54.86471829358733,22.471898913838466,59.07471900561338,7.506599132710323,4.623283747057956
Chaetodon_melapterus_iNaturalist_31528972.jpg,Chaetodon melapterus,iNaturalist,-9.273415575568908,17.293421744877723,-1.7991209494067697,21.833116018821084,7.506599132710323,4.623283747057956
Chaetodon_melapterus_iNaturalist_33143451.jpg,Chaetodon melapterus,iNaturalist,26.71235389967548,38.18281651065731,33.556078664980355,40.552730879509696,7.506599132710323,4.623283747057956
Chaetodon_melapterus_iNaturalist_612761090.jpg,Chaetodon melapterus,iNaturalist,18.272042484879233,31.044808324030612,25.729610648286524,35.61732452667017,7.506599132710323,4.623283747057956
Chaetodon_melapterus_iNaturalist_612761452.jpg,Chaetodon melapterus,iNaturalist,2.287432139546394,65.48180149258518,6.370224792553886,68.93202815156707,7.506599132710323,4.623283747057956
Chaetodon_melapterus_iNaturalist_612969819.jpg,Chaetodon melapterus,iNaturalist,7.74327560126349,14.789069835201692,15.311225694576203,19.71313073188956,7.506599132710323,4.623283747057956
Chaetodon_melapterus_iNaturalist_612990357.jpg,Chaetodon melapterus,iNaturalist,7.94671524544937,12.051972026682739,15.458678919420034,16.672652664186117,7.506599132710323,4.623283747057956
Chaetodon_melapterus_iNaturalist_613002357.jpg,Chaetodon melapterus,iNaturalist,13.192816336557467,18.89493246090744,20.878213441221266,23.452720479684913,7.506599132710323,4.623283747057956
Chaetodon_mertensii_iNaturalist_14452975.jpg,Chaetodon mertensii,iNaturalist,1.493293422643257,14.423402355754005,8.445968500220172,17.868911241635175,7.506599132710323,4.623283747057956
Chaetodon_mertensii_iNaturalist_287390665.jpg,Chaetodon mertensii,iNaturalist,-17.436055882750487,14.580353551677518,-9.73912102963219,18.066246223044296,7.506599132710323,4.623283747057956
Chaetodon_mertensii_iNaturalist_332349948.jpg,Chaetodon mertensii,iNaturalist,-1.2645593448054857,-31.59360370872534,6.185454307619299,-26.928793320057135,7.506599132710323,4.623283747057956
Chaetodon_mertensii_iNaturalist_358747064.jpg,Chaetodon mertensii,iNaturalist,-2.2185691070431193,5.739457416136861,5.3476233819039365,10.796827196537832,7.506599132710323,4.623283747057956
Chaetodon_mertensii_iNaturalist_359657682.jpg,Chaetodon mertensii,iNaturalist,-1.271668013826619,1.617125979397197,6.228502361214968,6.058075326973031,7.506599132710323,4.623283747057956
Chaetodon_mertensii_iNaturalist_359657684.jpg,Chaetodon mertensii,iNaturalist,-6.472320252239339,6.336029325510714,0.9939450780539715,11.649150917470916,7.506599132710323,4.623283747057956
Chaetodon_mertensii_iNaturalist_384666618.jpg,Chaetodon mertensii,iNaturalist,-10.898837516520711,3.4394552585858618,-3.5071489254344415,8.125045502601697,7.506599132710323,4.623283747057956
Chaetodon_mertensii_iNaturalist_463708811.jpg,Chaetodon mertensii,iNaturalist,-2.9741829097007315,11.75528763672869,4.41047005745317,15.720977130428434,7.506599132710323,4.623283747057956
Chaetodon_mertensii_iNaturalist_477735543.jpg,Chaetodon mertensii,iNaturalist,-4.80962688018428,-1.747691674555539,2.8000520825219755,2.463021582454523,7.506599132710323,4.623283747057956
Chaetodon_mertensii_iNaturalist_5332933.jpg,Chaetodon mertensii,iNaturalist,-3.440876329612917,34.48735524170162,4.245334386576667,39.005456160452916,7.506599132710323,4.623283747057956
Chaetodon_mesoleucos_iNaturalist_243394041.jpg,Chaetodon mesoleucos,iNaturalist,-0.9241594021386631,-20.95357515373443,6.77944733893651,-16.51697037912729,7.506599132710323,4.623283747057956
Chaetodon_mesoleucos_iNaturalist_243394049.jpg,Chaetodon mesoleucos,iNaturalist,-6.694311587640179,-9.836092763977783,0.775198221879419,-5.027112631397593,7.506599132710323,4.623283747057956
Chaetodon_mesoleucos_iNaturalist_260752004.jpg,Chaetodon mesoleucos,iNaturalist,-13.08768523547352,15.096082858573057,-5.610510763396156,19.57894514707763,7.506599132710323,4.623283747057956
Chaetodon_mesoleucos_iNaturalist_270114509.jpg,Chaetodon mesoleucos,iNaturalist,-11.706201794425207,-2.5007052180594833,-4.239117732740901,2.115781704253618,7.506599132710323,4.623283747057956
Chaetodon_mesoleucos_iNaturalist_270115709.jpg,Chaetodon mesoleucos,iNaturalist,-8.133785643247654,-10.31797754955345,-0.6619305101824436,-5.686880934000374,7.506599132710323,4.623283747057956
Chaetodon_mesoleucos_iNaturalist_439504919.jpg,Chaetodon mesoleucos,iNaturalist,1.1361428513430023,11.389256146170037,8.460852517652272,15.97152456590844,7.506599132710323,4.623283747057956
Chaetodon_mesoleucos_iNaturalist_465897429.jpg,Chaetodon mesoleucos,iNaturalist,6.324264365312838,-40.75745088048803,13.505674081076128,-35.96812170078582,7.506599132710323,4.623283747057956
Chaetodon_mesoleucos_iNaturalist_465897441.jpg,Chaetodon mesoleucos,iNaturalist,5.10986716519976,-38.64778475882311,12.573718426682246,-34.034662807491166,7.506599132710323,4.623283747057956
Chaetodon_mesoleucos_iNaturalist_67202713.jpg,Chaetodon mesoleucos,iNaturalist,-3.1709841458185553,1.7796083453841955,4.368250842561441,6.22001593819265,7.506599132710323,4.623283747057956
Chaetodon_mesoleucos_iNaturalist_67938601.jpg,Chaetodon mesoleucos,iNaturalist,3.573711262527103,-13.278266986547026,11.018605271967331,-8.618059896665832,7.506599132710323,4.623283747057956
Chaetodon_meyeri_iNaturalist_233496806.jpg,Chaetodon meyeri,iNaturalist,0.38687781305188385,14.855459531493432,7.91982229242175,18.763958512210472,7.506599132710323,4.623283747057956
Chaetodon_meyeri_iNaturalist_300418666.jpg,Chaetodon meyeri,iNaturalist,-5.090460958306587,18.406565371592464,2.3986673850137046,22.271519082734383,7.506599132710323,4.623283747057956
Chaetodon_meyeri_iNaturalist_351639691.jpg,Chaetodon meyeri,iNaturalist,-6.383026901444996,-2.4146451861921765,0.9074170808536146,2.6636882766802144,7.506599132710323,4.623283747057956
Chaetodon_meyeri_iNaturalist_351639745.jpg,Chaetodon meyeri,iNaturalist,-4.36175655010701,-16.059380135365384,3.2440644390837123,-11.712549043936521,7.506599132710323,4.623283747057956
Chaetodon_meyeri_iNaturalist_390482460.jpg,Chaetodon meyeri,iNaturalist,-1.290627753588436,-1.776551605416566,6.169132374060352,2.599889741207411,7.506599132710323,4.623283747057956
Chaetodon_meyeri_iNaturalist_485931655.jpg,Chaetodon meyeri,iNaturalist,1.2842289395766533,-16.40444299961311,8.898792625042887,-11.990965130094233,7.506599132710323,4.623283747057956
Chaetodon_meyeri_iNaturalist_51013610.jpg,Chaetodon meyeri,iNaturalist,-3.810933454409919,15.408670059178801,2.9619254467705476,19.905861442287193,7.506599132710323,4.623283747057956
Chaetodon_meyeri_iNaturalist_534300264.jpg,Chaetodon meyeri,iNaturalist,-2.4768280610998676,-6.279125782307751,5.1525572397551995,-2.00370269904986,7.506599132710323,4.623283747057956
Chaetodon_meyeri_iNaturalist_58457304.jpg,Chaetodon meyeri,iNaturalist,4.671757062406297,-0.5966899380343058,11.302450497624317,3.850218273342905,7.506599132710323,4.623283747057956
Chaetodon_miliaris_iNaturalist_178987952.jpg,Chaetodon miliaris,iNaturalist,-31.199924386222964,2.9827296878322005,-23.89410434044148,7.720808391575095,7.506599132710323,4.623283747057956
Chaetodon_miliaris_iNaturalist_179529915.jpg,Chaetodon miliaris,iNaturalist,-29.368565916227833,18.31630497194328,-21.918807538063575,22.73408067301134,7.506599132710323,4.623283747057956
Chaetodon_miliaris_iNaturalist_179529921.jpg,Chaetodon miliaris,iNaturalist,-36.552515184025374,2.124523142990993,-29.0084895011976,6.8967757630097095,7.506599132710323,4.623283747057956
Chaetodon_miliaris_iNaturalist_386290369.jpg,Chaetodon miliaris,iNaturalist,-3.672997067148892,43.70174083092916,3.762300164678882,48.36171620225024,7.506599132710323,4.623283747057956
Chaetodon_miliaris_iNaturalist_386290397.jpg,Chaetodon miliaris,iNaturalist,0.9715584162560988,43.75978455759913,8.178013810961726,47.36981535437391,7.506599132710323,4.623283747057956
Chaetodon_miliaris_iNaturalist_432546006.jpg,Chaetodon miliaris,iNaturalist,6.840348031816124,41.600423459731715,12.57138230097639,44.96623631107169,7.506599132710323,4.623283747057956
Chaetodon_miliaris_iNaturalist_596812440.jpg,Chaetodon miliaris,iNaturalist,-5.165318778238046,30.005753330202797,2.315367158128057,34.50213699653162,7.506599132710323,4.623283747057956
Chaetodon_miliaris_iNaturalist_596812456.jpg,Chaetodon miliaris,iNaturalist,-5.6180245690843655,32.238757956926094,2.024589096701366,36.79080253223281,7.506599132710323,4.623283747057956
Chaetodon_miliaris_iNaturalist_596812485.jpg,Chaetodon miliaris,iNaturalist,-4.449185134431738,8.783616359833847,3.082175771591655,13.410330370513314,7.506599132710323,4.623283747057956
Chaetodon_miliaris_iNaturalist_600454066.jpg,Chaetodon miliaris,iNaturalist,-4.832955709784859,40.67240107249712,2.589657578150484,44.637684330561804,7.506599132710323,4.623283747057956
Chaetodon_mitratus_iNaturalist_170685878.jpg,Chaetodon mitratus,iNaturalist,-8.738595806268616,20.867897195683593,-1.2037650993511233,24.78568549027158,7.506599132710323,4.623283747057956
Chaetodon_mitratus_iNaturalist_170685886.jpg,Chaetodon mitratus,iNaturalist,-4.398198098223872,28.896701856809585,3.0399096495336146,32.71587824598284,7.506599132710323,4.623283747057956
Chaetodon_mitratus_iNaturalist_258575955.jpg,Chaetodon mitratus,iNaturalist,-12.068772840863733,29.90689518537265,-4.39747503442866,33.65852031631908,7.506599132710323,4.623283747057956
Chaetodon_mitratus_iNaturalist_2691139.jpg,Chaetodon mitratus,iNaturalist,-10.960569179394517,22.49077795684985,-3.4657685772934426,25.978588220564735,7.506599132710323,4.623283747057956
Chaetodon_mitratus_iNaturalist_476531321.jpg,Chaetodon mitratus,iNaturalist,-11.321715831682301,-0.45800159865871076,-4.101972955063391,4.657524605835462,7.506599132710323,4.623283747057956
Chaetodon_mitratus_iNaturalist_607776891.jpg,Chaetodon mitratus,iNaturalist,-18.185402777108408,33.08668379784367,-10.931342894879457,37.55424928569461,7.506599132710323,4.623283747057956
Chaetodon_multicinctus_iNaturalist_14228531.jpg,Chaetodon multicinctus,iNaturalist,-1.3465888432442883,-2.827850155877905,6.1817975025355265,1.5216818809033645,7.506599132710323,4.623283747057956
Chaetodon_multicinctus_iNaturalist_169957174.jpg,Chaetodon multicinctus,iNaturalist,7.394926419006869,-11.054918398088901,14.586518026502512,-6.811116344868444,7.506599132710323,4.623283747057956
Chaetodon_multicinctus_iNaturalist_178987277.jpg,Chaetodon multicinctus,iNaturalist,-22.111543293359947,-10.781066915090848,-14.696362843133572,-6.0160412044348455,7.506599132710323,4.623283747057956
Chaetodon_multicinctus_iNaturalist_456392856.jpg,Chaetodon multicinctus,iNaturalist,-7.463738095191354,9.801339919978238,0.007233274837318845,14.304129472722574,7.506599132710323,4.623283747057956
Chaetodon_multicinctus_iNaturalist_457417238.jpg,Chaetodon multicinctus,iNaturalist,-21.828056957442328,-25.659147234716556,-14.365060761750717,-21.06530430338442,7.506599132710323,4.623283747057956
Chaetodon_multicinctus_iNaturalist_466264486.jpg,Chaetodon multicinctus,iNaturalist,-4.159885605463192,3.9455284548305505,3.275359530287202,8.422592858554296,7.506599132710323,4.623283747057956
Chaetodon_multicinctus_iNaturalist_502118771.jpg,Chaetodon multicinctus,iNaturalist,-10.872002677181369,-8.719769720406587,-3.318873317725616,-4.1590393016637845,7.506599132710323,4.623283747057956
Chaetodon_multicinctus_iNaturalist_51887092.jpg,Chaetodon multicinctus,iNaturalist,3.5597727331564006,6.418140751606616,11.01901761118192,11.014589717884983,7.506599132710323,4.623283747057956
Chaetodon_multicinctus_iNaturalist_580823296.jpg,Chaetodon multicinctus,iNaturalist,-3.5721610088402493,6.306795543260607,3.806755758850487,10.897566207067078,7.506599132710323,4.623283747057956
Chaetodon_nigropunctatus_iNaturalist_13558701.jpg,Chaetodon nigropunctatus,iNaturalist,-16.733815374636784,14.972579309120077,-9.186571240566476,19.490498534624244,7.506599132710323,4.623283747057956
Chaetodon_nigropunctatus_iNaturalist_3794625.jpg,Chaetodon nigropunctatus,iNaturalist,-18.336589277493562,-3.433856386171559,-10.927042102098573,1.2033628312005331,7.506599132710323,4.623283747057956
Chaetodon_nigropunctatus_iNaturalist_3794626.jpg,Chaetodon nigropunctatus,iNaturalist,-19.17008832661422,-3.6784644719916213,-11.784194074337693,0.9493478044336946,7.506599132710323,4.623283747057956
Chaetodon_nigropunctatus_iNaturalist_3794627.jpg,Chaetodon nigropunctatus,iNaturalist,-14.798737489294762,-5.421247593531754,-7.274535355522566,-0.8929930107775057,7.506599132710323,4.623283747057956
Chaetodon_nigropunctatus_iNaturalist_57996527.jpg,Chaetodon nigropunctatus,iNaturalist,1.886559843206565,-10.209748364725662,9.471232549660275,-5.775484989856721,7.506599132710323,4.623283747057956
Chaetodon_nigropunctatus_iNaturalist_604765404.jpg,Chaetodon nigropunctatus,iNaturalist,2.3519718878812754,-4.8544227186721285,10.029087766039599,-0.36663977966924566,7.506599132710323,4.623283747057956
Chaetodon_nigropunctatus_iNaturalist_604772794.jpg,Chaetodon nigropunctatus,iNaturalist,-4.110195002878675,0.918145131314118,3.434351957125153,5.315045482536053,7.506599132710323,4.623283747057956
Chaetodon_nigropunctatus_iNaturalist_604772814.jpg,Chaetodon nigropunctatus,iNaturalist,-2.9754286564059536,-0.9898759688177462,4.485906538571879,3.6884987706871137,7.506599132710323,4.623283747057956
Chaetodon_nigropunctatus_iNaturalist_9173198.jpg,Chaetodon nigropunctatus,iNaturalist,20.390343522915614,17.122382773725008,27.90272006520738,21.687056423586846,7.506599132710323,4.623283747057956
Chaetodon_nippon_iNaturalist_11570041.jpg,Chaetodon nippon,iNaturalist,-8.075949249200903,21.186387301768423,-0.666745863917077,25.68348166728244,7.506599132710323,4.623283747057956
Chaetodon_nippon_iNaturalist_11570042.jpg,Chaetodon nippon,iNaturalist,-10.898871348399702,21.439538180964615,-3.4550154722068065,26.094368885717685,7.506599132710323,4.623283747057956
Chaetodon_nippon_iNaturalist_32560890.jpg,Chaetodon nippon,iNaturalist,-6.159705251845261,9.934451929214912,1.2549286933373494,14.589202948923283,7.506599132710323,4.623283747057956
Chaetodon_nippon_iNaturalist_4412325.jpg,Chaetodon nippon,iNaturalist,-8.861841139632206,29.298816591212876,-1.2661156828141997,33.72531247833335,7.506599132710323,4.623283747057956
Chaetodon_nippon_iNaturalist_453789927.jpg,Chaetodon nippon,iNaturalist,-4.998555632182726,5.736069078852944,2.519273765565842,10.386735798519215,7.506599132710323,4.623283747057956
Chaetodon_nippon_iNaturalist_517620398.jpg,Chaetodon nippon,iNaturalist,-18.799709786710146,21.960602012464427,-11.266307020796955,26.456525193451252,7.506599132710323,4.623283747057956
Chaetodon_nippon_iNaturalist_574792403.jpg,Chaetodon nippon,iNaturalist,0.7925051601663053,15.517309490600406,8.32635113832832,20.191174805123953,7.506599132710323,4.623283747057956
Chaetodon_nippon_iNaturalist_586694238.jpg,Chaetodon nippon,iNaturalist,-24.135172845955548,45.085415430601174,-16.181834464712527,47.275002365476105,7.506599132710323,4.623283747057956
Chaetodon_nippon_iNaturalist_84067425.jpg,Chaetodon nippon,iNaturalist,-3.950227710548941,18.052696818993052,3.597282567911794,22.14335928400285,7.506599132710323,4.623283747057956
Chaetodon_ocellatus_iNaturalist_21126529.jpg,Chaetodon ocellatus,iNaturalist,-25.647698575627754,13.174218424116232,-18.214979113747802,17.723272202628518,7.506599132710323,4.623283747057956
Chaetodon_ocellatus_iNaturalist_241430977.jpg,Chaetodon ocellatus,iNaturalist,8.429649394496597,-13.845877171124366,15.935671937132309,-9.193381237423985,7.506599132710323,4.623283747057956
Chaetodon_ocellatus_iNaturalist_441973498.jpg,Chaetodon ocellatus,iNaturalist,0.3833572137213339,10.555025012077667,7.731610405642864,15.39326227134521,7.506599132710323,4.623283747057956
Chaetodon_ocellatus_iNaturalist_441973517.jpg,Chaetodon ocellatus,iNaturalist,-0.5021561405721421,11.742110630969256,6.921082315868266,16.382909731966148,7.506599132710323,4.623283747057956
Chaetodon_ocellatus_iNaturalist_451091737.jpg,Chaetodon ocellatus,iNaturalist,4.152926933479473,19.564653771117843,11.570402062278871,24.004597992567092,7.506599132710323,4.623283747057956
Chaetodon_ocellatus_iNaturalist_451092106.jpg,Chaetodon ocellatus,iNaturalist,4.229746745582558,19.956524958838976,11.398604364956846,24.382194437347895,7.506599132710323,4.623283747057956
Chaetodon_ocellatus_iNaturalist_540068424.jpg,Chaetodon ocellatus,iNaturalist,10.448930117072633,6.872893810415824,17.835332078133163,10.942811945050902,7.506599132710323,4.623283747057956
Chaetodon_ocellatus_iNaturalist_569216342.jpg,Chaetodon ocellatus,iNaturalist,10.615239209783219,-4.019400921144437,17.93726441194729,1.3705623518741048,7.506599132710323,4.623283747057956
Chaetodon_ocellicaudus_iNaturalist_270410292.jpg,Chaetodon ocellicaudus,iNaturalist,-8.357846409611767,11.494065353705853,-0.7254467608148787,14.74072661000187,7.506599132710323,4.623283747057956
Chaetodon_ocellicaudus_iNaturalist_340784700.jpg,Chaetodon ocellicaudus,iNaturalist,-11.821379260290062,-7.406221890593341,-4.8309108900933655,-2.881294581795212,7.506599132710323,4.623283747057956
Chaetodon_ocellicaudus_iNaturalist_459451753.jpg,Chaetodon ocellicaudus,iNaturalist,-7.430651386460151,19.877710789058106,0.07454665701278239,23.671455063476813,7.506599132710323,4.623283747057956
Chaetodon_ocellicaudus_iNaturalist_459663675.jpg,Chaetodon ocellicaudus,iNaturalist,-12.373440896703352,0.730024124569267,-4.602286061249422,4.31201910793644,7.506599132710323,4.623283747057956
Chaetodon_ocellicaudus_iNaturalist_467374317.jpg,Chaetodon ocellicaudus,iNaturalist,-9.306693428945211,6.712804855350826,-1.7243397941580396,10.593721043785164,7.506599132710323,4.623283747057956
Chaetodon_ocellicaudus_iNaturalist_467374320.jpg,Chaetodon ocellicaudus,iNaturalist,-8.445927585225515,4.475016484333659,-0.8666099940418942,7.756965139402034,7.506599132710323,4.623283747057956
Chaetodon_ocellicaudus_iNaturalist_472685751.jpg,Chaetodon ocellicaudus,iNaturalist,-18.639403240918288,26.619075198398274,-11.077792287402742,31.08917847726215,7.506599132710323,4.623283747057956
Chaetodon_ocellicaudus_iNaturalist_480811911.jpg,Chaetodon ocellicaudus,iNaturalist,0.9017720875808529,17.871545788769076,8.310534995124428,21.876326368619782,7.506599132710323,4.623283747057956
Chaetodon_ocellicaudus_iNaturalist_48536597.jpg,Chaetodon ocellicaudus,iNaturalist,-6.866850492520269,11.758036068511991,0.613093269808223,16.178945116597195,7.506599132710323,4.623283747057956
Chaetodon_ocellicaudus_iNaturalist_530620209.jpg,Chaetodon ocellicaudus,iNaturalist,-0.6349724292130527,-8.333565669656423,6.9597995886051995,-3.9434824710708707,7.506599132710323,4.623283747057956
Chaetodon_octofasciatus_iNaturalist_187480976.jpg,Chaetodon octofasciatus,iNaturalist,-5.029820352374768,51.68570350555817,2.663490458412782,54.7802325346184,7.506599132710323,4.623283747057956
Chaetodon_octofasciatus_iNaturalist_201702755.jpg,Chaetodon octofasciatus,iNaturalist,-2.0619335520269755,0.2174574907105901,5.322071319663872,5.035902232728433,7.506599132710323,4.623283747057956
Chaetodon_octofasciatus_iNaturalist_318759027.jpg,Chaetodon octofasciatus,iNaturalist,5.27533705217925,26.15096736074838,12.561238772598688,29.94248211810073,7.506599132710323,4.623283747057956
Chaetodon_octofasciatus_iNaturalist_318759037.jpg,Chaetodon octofasciatus,iNaturalist,-0.16080232054161456,9.999574829533831,7.194074216048853,14.438076692516386,7.506599132710323,4.623283747057956
Chaetodon_octofasciatus_iNaturalist_319578656.jpg,Chaetodon octofasciatus,iNaturalist,-55.55350521640782,46.876789161274964,-48.098743699113385,51.300827890439,7.506599132710323,4.623283747057956
Chaetodon_octofasciatus_iNaturalist_327088836.jpg,Chaetodon octofasciatus,iNaturalist,-2.6424153347399724,14.383233178258507,4.986633720240498,18.814784616535093,7.506599132710323,4.623283747057956
Chaetodon_octofasciatus_iNaturalist_367755144.jpg,Chaetodon octofasciatus,iNaturalist,-12.291571784399528,13.190706800387643,-4.786046999127236,17.635161282867756,7.506599132710323,4.623283747057956
Chaetodon_octofasciatus_iNaturalist_438496468.jpg,Chaetodon octofasciatus,iNaturalist,-39.439589043553745,44.30261167726021,-31.98268113704502,49.0233728084309,7.506599132710323,4.623283747057956
Chaetodon_octofasciatus_iNaturalist_482079348.jpg,Chaetodon octofasciatus,iNaturalist,-3.7039939789090517,20.12512392715016,3.23199291715215,24.917231230947706,7.506599132710323,4.623283747057956
Chaetodon_octofasciatus_iNaturalist_573587028.jpg,Chaetodon octofasciatus,iNaturalist,1.736275075326894,46.342586119219206,9.288794200639739,49.488584603616715,7.506599132710323,4.623283747057956
Chaetodon_ornatissimus_iNaturalist_123987464.jpg,Chaetodon ornatissimus,iNaturalist,-6.338123190129813,4.2340187562516665,1.1857682978863366,8.770733944800302,7.506599132710323,4.623283747057956
Chaetodon_ornatissimus_iNaturalist_179512141.jpg,Chaetodon ornatissimus,iNaturalist,-13.544326504642639,3.3643987558348,-6.016708442627345,8.169056953363206,7.506599132710323,4.623283747057956
Chaetodon_ornatissimus_iNaturalist_179799134.jpg,Chaetodon ornatissimus,iNaturalist,1.1979474550793194,4.759183266166902,8.67981008252913,9.096962943411453,7.506599132710323,4.623283747057956
Chaetodon_ornatissimus_iNaturalist_248887270.jpg,Chaetodon ornatissimus,iNaturalist,5.197287399945899,-11.566304534541551,12.774555195503748,-7.04488108088157,7.506599132710323,4.623283747057956
Chaetodon_ornatissimus_iNaturalist_306927692.jpg,Chaetodon ornatissimus,iNaturalist,-1.9110715765449662,-1.5444794256041925,5.634559117275096,2.9506427915051283,7.506599132710323,4.623283747057956
Chaetodon_ornatissimus_iNaturalist_355757662.jpg,Chaetodon ornatissimus,iNaturalist,6.757435029312505,-4.271802240422176,14.205694807233323,-0.05610068364088868,7.506599132710323,4.623283747057956
Chaetodon_ornatissimus_iNaturalist_436943971.jpg,Chaetodon ornatissimus,iNaturalist,4.502394357863995,10.04452486192051,11.960090293049737,14.641283158124189,7.506599132710323,4.623283747057956
Chaetodon_ornatissimus_iNaturalist_442103313.jpg,Chaetodon ornatissimus,iNaturalist,-29.579492816269568,2.3312933111305143,-22.28873672481369,6.7955914923426795,7.506599132710323,4.623283747057956
Chaetodon_ornatissimus_iNaturalist_4956860.jpg,Chaetodon ornatissimus,iNaturalist,-3.4123559684054396,-1.5954214641145898,4.354590733411411,2.197778292293394,7.506599132710323,4.623283747057956
Chaetodon_ornatissimus_iNaturalist_71820287.jpg,Chaetodon ornatissimus,iNaturalist,6.189861642006636,-43.60441990797061,14.106574112119823,-39.415785826072636,7.506599132710323,4.623283747057956
Chaetodon_oxycephalus_iNaturalist_19630338.jpg,Chaetodon oxycephalus,iNaturalist,1.8631302274725807,13.159624492337246,9.270596242088589,18.185890908146806,7.506599132710323,4.623283747057956
Chaetodon_oxycephalus_iNaturalist_423160550.jpg,Chaetodon oxycephalus,iNaturalist,-12.02145659420897,19.87055000966909,-4.362611532511191,23.48896740124863,7.506599132710323,4.623283747057956
Chaetodon_oxycephalus_iNaturalist_448971545.jpg,Chaetodon oxycephalus,iNaturalist,-11.894373473940034,-18.544608566356118,-4.4540080927667685,-13.685202381846985,7.506599132710323,4.623283747057956
Chaetodon_oxycephalus_iNaturalist_458154395.jpg,Chaetodon oxycephalus,iNaturalist,-21.175973221474756,5.141494281809198,-13.643919821139445,9.9106078216606,7.506599132710323,4.623283747057956
Chaetodon_oxycephalus_iNaturalist_463479666.jpg,Chaetodon oxycephalus,iNaturalist,-6.767596880854891,8.337073908456759,0.31290951331996475,12.216726256766458,7.506599132710323,4.623283747057956
Chaetodon_oxycephalus_iNaturalist_474167620.jpg,Chaetodon oxycephalus,iNaturalist,-8.10301156730358,3.7452706419073962,-0.5520106358421569,7.70930056210635,7.506599132710323,4.623283747057956
Chaetodon_oxycephalus_iNaturalist_474167629.jpg,Chaetodon oxycephalus,iNaturalist,-5.475707289465156,7.030929378730152,1.7334103941327692,11.542259779407416,7.506599132710323,4.623283747057956
Chaetodon_oxycephalus_iNaturalist_487815001.jpg,Chaetodon oxycephalus,iNaturalist,-7.016325342668899,-1.3365308920212584,0.41733179032759443,3.5282000190521363,7.506599132710323,4.623283747057956
Chaetodon_oxycephalus_iNaturalist_564242487.jpg,Chaetodon oxycephalus,iNaturalist,-11.306341718351202,7.640189964821247,-3.748343481159472,12.012127163170607,7.506599132710323,4.623283747057956
Chaetodon_oxycephalus_iNaturalist_59429662.jpg,Chaetodon oxycephalus,iNaturalist,-0.608860160389054,2.0476744842294354,6.964575291923793,5.8855792878551005,7.506599132710323,4.623283747057956
Chaetodon_paucifasciatus_iNaturalist_157577460.jpg,Chaetodon paucifasciatus,iNaturalist,-4.363032298266964,12.435920942263442,2.9468379437145753,16.698312543779682,7.506599132710323,4.623283747057956
Chaetodon_paucifasciatus_iNaturalist_157577598.jpg,Chaetodon paucifasciatus,iNaturalist,-0.26685288319677414,3.464620638506308,7.231948570576447,7.886120254190839,7.506599132710323,4.623283747057956
Chaetodon_paucifasciatus_iNaturalist_157581191.jpg,Chaetodon paucifasciatus,iNaturalist,-3.7650199069915056,11.659477880884555,3.649754243957599,16.068629652811442,7.506599132710323,4.623283747057956
Chaetodon_paucifasciatus_iNaturalist_379831846.jpg,Chaetodon paucifasciatus,iNaturalist,-0.6599514622447221,12.719857839959191,6.758210892898447,17.497389494502976,7.506599132710323,4.623283747057956
Chaetodon_paucifasciatus_iNaturalist_448628514.jpg,Chaetodon paucifasciatus,iNaturalist,2.032979216910249,10.743985342346987,9.612670084741449,15.572330059744612,7.506599132710323,4.623283747057956
Chaetodon_paucifasciatus_iNaturalist_449356891.jpg,Chaetodon paucifasciatus,iNaturalist,6.404295184693087,4.85880650483551,14.250012476867521,9.872421962971345,7.506599132710323,4.623283747057956
Chaetodon_paucifasciatus_iNaturalist_449950227.jpg,Chaetodon paucifasciatus,iNaturalist,-2.108705639159895,10.754505858075165,5.625991358143177,15.269552257663937,7.506599132710323,4.623283747057956
Chaetodon_paucifasciatus_iNaturalist_459516012.jpg,Chaetodon paucifasciatus,iNaturalist,4.517290916397818,8.795522351698537,11.409676830655442,13.623724587133463,7.506599132710323,4.623283747057956
Chaetodon_paucifasciatus_iNaturalist_461212819.jpg,Chaetodon paucifasciatus,iNaturalist,1.8294660323520944,5.284244736276485,9.413108036397198,9.899779900902914,7.506599132710323,4.623283747057956
Chaetodon_paucifasciatus_iNaturalist_70239542.jpg,Chaetodon paucifasciatus,iNaturalist,15.141169711821465,22.641884849756337,21.79944072997358,26.937631663149187,7.506599132710323,4.623283747057956
Chaetodon_pelewensis_iNaturalist_161020063.jpg,Chaetodon pelewensis,iNaturalist,-22.18635600279206,9.266389852284782,-14.675192657498165,13.77260545110405,7.506599132710323,4.623283747057956
Chaetodon_pelewensis_iNaturalist_197012322.jpg,Chaetodon pelewensis,iNaturalist,-5.910602261919039,20.478901553291177,1.0385682078813592,25.192853968581506,7.506599132710323,4.623283747057956
Chaetodon_pelewensis_iNaturalist_232521598.jpg,Chaetodon pelewensis,iNaturalist,-3.38896600323554,10.656131636784394,4.0654475137985795,15.315454188166626,7.506599132710323,4.623283747057956
Chaetodon_pelewensis_iNaturalist_249701121.jpg,Chaetodon pelewensis,iNaturalist,-13.49835206977659,29.432829488260445,-5.86904096240515,33.64379807752365,7.506599132710323,4.623283747057956
Chaetodon_pelewensis_iNaturalist_287497554.jpg,Chaetodon pelewensis,iNaturalist,3.0153015067538322,20.425842464045825,10.512436143151572,25.057680238302574,7.506599132710323,4.623283747057956
Chaetodon_pelewensis_iNaturalist_463900843.jpg,Chaetodon pelewensis,iNaturalist,-7.894902965590046,32.56217428069854,-0.33346671165601693,36.869085853084115,7.506599132710323,4.623283747057956
Chaetodon_pelewensis_iNaturalist_487815372.jpg,Chaetodon pelewensis,iNaturalist,-6.6112114726855085,-0.5741338747983439,0.986340018424277,3.912551031196292,7.506599132710323,4.623283747057956
Chaetodon_pelewensis_iNaturalist_561259185.jpg,Chaetodon pelewensis,iNaturalist,-1.0671097585930522,24.04670593752348,6.492721141416876,28.44258131431134,7.506599132710323,4.623283747057956
Chaetodon_pelewensis_iNaturalist_590667200.jpg,Chaetodon pelewensis,iNaturalist,-30.022967817767338,18.91386140558025,-22.326151511293812,23.063999913720206,7.506599132710323,4.623283747057956
Chaetodon_pelewensis_iNaturalist_599436484.jpg,Chaetodon pelewensis,iNaturalist,-14.746646214267969,-2.0742608161253915,-7.103775980771507,2.327429139307226,7.506599132710323,4.623283747057956
Chaetodon_pictus_iNaturalist_179955261.jpg,Chaetodon pictus,iNaturalist,-12.397444100385089,-6.127793978313718,-4.923400102969187,-1.4892858772945354,7.506599132710323,4.623283747057956
Chaetodon_pictus_iNaturalist_184329464.jpg,Chaetodon pictus,iNaturalist,-7.888828051456555,11.196212549148797,-0.27182527208681284,15.938583357448287,7.506599132710323,4.623283747057956
Chaetodon_pictus_iNaturalist_184329489.jpg,Chaetodon pictus,iNaturalist,-3.9886023339364556,5.946481639270708,3.546823807692399,10.365108384382427,7.506599132710323,4.623283747057956
Chaetodon_pictus_iNaturalist_328475415.jpg,Chaetodon pictus,iNaturalist,-4.812413256354325,0.41314568054546974,2.721310329367525,4.799120661278247,7.506599132710323,4.623283747057956
Chaetodon_pictus_iNaturalist_60591745.jpg,Chaetodon pictus,iNaturalist,-18.43432502202208,22.399107104063635,-10.793110146933222,26.587228637125982,7.506599132710323,4.623283747057956
Chaetodon_pictus_iNaturalist_606694537.jpg,Chaetodon pictus,iNaturalist,0.177696971717288,-4.474643034501195,7.676654916763521,-0.18346955003124785,7.506599132710323,4.623283747057956
Chaetodon_plebeius_iNaturalist_14167014.jpg,Chaetodon plebeius,iNaturalist,-21.384263824692997,44.540339492778024,-13.964793985912262,49.14079581331814,7.506599132710323,4.623283747057956
Chaetodon_plebeius_iNaturalist_302022715.jpg,Chaetodon plebeius,iNaturalist,-12.9551966666997,37.873228765830746,-5.300613050952014,41.99620148722235,7.506599132710323,4.623283747057956
Chaetodon_plebeius_iNaturalist_302022740.jpg,Chaetodon plebeius,iNaturalist,-20.820232281310915,61.139655303189976,-13.449322015621792,65.71647364922333,7.506599132710323,4.623283747057956
Chaetodon_plebeius_iNaturalist_443767734.jpg,Chaetodon plebeius,iNaturalist,-8.448775561252814,43.34491225306076,-0.905503601655602,46.377146207967165,7.506599132710323,4.623283747057956
Chaetodon_plebeius_iNaturalist_536418434.jpg,Chaetodon plebeius,iNaturalist,0.5205284341473416,60.0546163528712,8.316003931794524,61.62266417193509,7.506599132710323,4.623283747057956
Chaetodon_plebeius_iNaturalist_575948942.jpg,Chaetodon plebeius,iNaturalist,-14.90341381454573,49.95836634375369,-7.227097993821875,54.07901635264618,7.506599132710323,4.623283747057956
Chaetodon_plebeius_iNaturalist_607534630.jpg,Chaetodon plebeius,iNaturalist,-16.45473689532301,49.24302060289444,-8.527566664389509,50.28668440138831,7.506599132710323,4.623283747057956
Chaetodon_plebeius_iNaturalist_607534632.jpg,Chaetodon plebeius,iNaturalist,-18.401987569954162,58.4334749679849,-10.522114533195724,59.6432959450128,7.506599132710323,4.623283747057956
Chaetodon_plebeius_iNaturalist_607534637.jpg,Chaetodon plebeius,iNaturalist,-14.989832042159724,47.960269065630854,-6.992720627067222,48.826668665204025,7.506599132710323,4.623283747057956
Chaetodon_plebeius_iNaturalist_607534649.jpg,Chaetodon plebeius,iNaturalist,-14.393346857787092,44.98664536509874,-6.500696290591722,45.912979072454114,7.506599132710323,4.623283747057956
Chaetodon_punctatofasciatus_iNaturalist_164904201.jpg,Chaetodon punctatofasciatus,iNaturalist,-16.610601119391838,6.310640161674347,-9.262009868616644,11.086631516896098,7.506599132710323,4.623283747057956
Chaetodon_punctatofasciatus_iNaturalist_178832147.jpg,Chaetodon punctatofasciatus,iNaturalist,-8.737783823690052,21.105540132990782,-1.1615135076673178,25.812002418367623,7.506599132710323,4.623283747057956
Chaetodon_punctatofasciatus_iNaturalist_206693422.jpg,Chaetodon punctatofasciatus,iNaturalist,2.8492911102679686,-4.295112372513634,10.314020977771868,0.27823209226362705,7.506599132710323,4.623283747057956
Chaetodon_punctatofasciatus_iNaturalist_255620804.jpg,Chaetodon punctatofasciatus,iNaturalist,-7.116717824988664,13.00201969332581,0.39727137002769725,17.69316987228645,7.506599132710323,4.623283747057956
Chaetodon_punctatofasciatus_iNaturalist_319541274.jpg,Chaetodon punctatofasciatus,iNaturalist,-5.7219579384574155,26.140174103822954,1.4363950639751328,30.682035544772138,7.506599132710323,4.623283747057956
Chaetodon_punctatofasciatus_iNaturalist_465096696.jpg,Chaetodon punctatofasciatus,iNaturalist,-13.446653052140377,6.631984713492484,-5.821166497148402,11.287451410684326,7.506599132710323,4.623283747057956
Chaetodon_punctatofasciatus_iNaturalist_477584508.jpg,Chaetodon punctatofasciatus,iNaturalist,-10.976656359105949,33.318401225528085,-3.5214585305931765,38.047854990378674,7.506599132710323,4.623283747057956
Chaetodon_punctatofasciatus_iNaturalist_600955661.jpg,Chaetodon punctatofasciatus,iNaturalist,-5.32603318457013,53.24703847175481,0.718889837622624,57.62841847620683,7.506599132710323,4.623283747057956
Chaetodon_punctatofasciatus_iNaturalist_612954622.jpg,Chaetodon punctatofasciatus,iNaturalist,-32.32656297721748,29.11016771523239,-24.75905998542902,32.47315557891032,7.506599132710323,4.623283747057956
Chaetodon_quadrimaculatus_iNaturalist_234795159.jpg,Chaetodon quadrimaculatus,iNaturalist,-2.058858742783399,51.77641048217765,4.534440627354274,53.5845864930562,7.506599132710323,4.623283747057956
Chaetodon_quadrimaculatus_iNaturalist_23523422.jpg,Chaetodon quadrimaculatus,iNaturalist,-6.995677989478151,44.711439348251574,0.45581161661432945,47.46508751039812,7.506599132710323,4.623283747057956
Chaetodon_quadrimaculatus_iNaturalist_265786115.jpg,Chaetodon quadrimaculatus,iNaturalist,-8.518791907005854,24.193018286828,-0.9160428259333008,27.954875499544933,7.506599132710323,4.623283747057956
Chaetodon_quadrimaculatus_iNaturalist_297498864.jpg,Chaetodon quadrimaculatus,iNaturalist,-0.8376290244902777,32.56724236817814,6.935788199966392,35.065389493413996,7.506599132710323,4.623283747057956
Chaetodon_quadrimaculatus_iNaturalist_341846702.jpg,Chaetodon quadrimaculatus,iNaturalist,-16.105560442038833,51.52530408018993,-9.65175162108208,54.339150488576585,7.506599132710323,4.623283747057956
Chaetodon_quadrimaculatus_iNaturalist_341846706.jpg,Chaetodon quadrimaculatus,iNaturalist,-16.190783575365938,50.586004503202325,-9.449489882831982,54.06180638670687,7.506599132710323,4.623283747057956
Chaetodon_quadrimaculatus_iNaturalist_375423270.jpg,Chaetodon quadrimaculatus,iNaturalist,9.849052895377376,23.04879759621631,16.819756051940377,27.797915463577276,7.506599132710323,4.623283747057956
Chaetodon_quadrimaculatus_iNaturalist_439635542.jpg,Chaetodon quadrimaculatus,iNaturalist,0.06559119705185291,26.328226557814794,7.276473796308564,30.570017555857252,7.506599132710323,4.623283747057956
Chaetodon_quadrimaculatus_iNaturalist_556077020.jpg,Chaetodon quadrimaculatus,iNaturalist,-13.704100703576263,24.30387639879412,-5.819025956153136,26.288820963202895,7.506599132710323,4.623283747057956
Chaetodon_rafflesii_iNaturalist_175108059.jpg,Chaetodon rafflesii,iNaturalist,9.995892216792265,24.269282019197178,17.450051162275138,29.170814288233167,7.506599132710323,4.623283747057956
Chaetodon_rafflesii_iNaturalist_175108072.jpg,Chaetodon rafflesii,iNaturalist,3.6559382998427092,17.64342374110498,11.104727071654503,22.083363440983817,7.506599132710323,4.623283747057956
Chaetodon_rafflesii_iNaturalist_333096953.jpg,Chaetodon rafflesii,iNaturalist,-13.75504537663956,32.89420530271206,-6.022866303669773,37.20068428124932,7.506599132710323,4.623283747057956
Chaetodon_rafflesii_iNaturalist_473127027.jpg,Chaetodon rafflesii,iNaturalist,-8.435603288620804,53.320477176976624,-1.3548677245735259,57.286775171684184,7.506599132710323,4.623283747057956
Chaetodon_rafflesii_iNaturalist_473127044.jpg,Chaetodon rafflesii,iNaturalist,-3.3675728700345497,37.688260531245064,3.7062765217962186,41.50508354194291,7.506599132710323,4.623283747057956
Chaetodon_rafflesii_iNaturalist_473127064.jpg,Chaetodon rafflesii,iNaturalist,-5.529327525046163,33.814646636667256,1.8089000240760427,38.38561857209319,7.506599132710323,4.623283747057956
Chaetodon_rafflesii_iNaturalist_54700090.jpg,Chaetodon rafflesii,iNaturalist,-26.404980166857808,37.985104779994884,-18.80607869463357,42.45115890936163,7.506599132710323,4.623283747057956
Chaetodon_rafflesii_iNaturalist_607548016.jpg,Chaetodon rafflesii,iNaturalist,-22.79501630586895,45.252371946370836,-15.07905974326231,48.92869983293974,7.506599132710323,4.623283747057956
Chaetodon_rainfordi_iNaturalist_42481120.jpg,Chaetodon rainfordi,iNaturalist,-1.0686137724165052,34.570068701030195,6.294767698705662,38.27644734269337,7.506599132710323,4.623283747057956
Chaetodon_rainfordi_iNaturalist_42541456.jpg,Chaetodon rainfordi,iNaturalist,-37.921129406880254,40.13668765646243,-30.10415916797236,43.92290628837869,7.506599132710323,4.623283747057956
Chaetodon_rainfordi_iNaturalist_449237800.jpg,Chaetodon rainfordi,iNaturalist,-40.641565151525484,25.02554855974211,-33.010256779176096,29.548373439372174,7.506599132710323,4.623283747057956
Chaetodon_rainfordi_iNaturalist_476225553.jpg,Chaetodon rainfordi,iNaturalist,-6.255579567975758,70.48060040681021,0.520257621922556,71.23311591944231,7.506599132710323,4.623283747057956
Chaetodon_rainfordi_iNaturalist_511704851.jpg,Chaetodon rainfordi,iNaturalist,-7.235126808159455,43.8210168958765,0.17571166519423587,48.27088284629689,7.506599132710323,4.623283747057956
Chaetodon_rainfordi_iNaturalist_595411844.jpg,Chaetodon rainfordi,iNaturalist,-7.477142170903069,10.78961869586539,0.10853221614901125,15.251864263731491,7.506599132710323,4.623283747057956
Chaetodon_rainfordi_iNaturalist_595670621.jpg,Chaetodon rainfordi,iNaturalist,1.8133813510731502,56.34836938515516,9.819173287768619,58.26406937389829,7.506599132710323,4.623283747057956
Chaetodon_rainfordi_iNaturalist_597922997.jpg,Chaetodon rainfordi,iNaturalist,-12.654151096222131,2.428677227645512,-5.281352014164559,7.138122355570411,7.506599132710323,4.623283747057956
Chaetodon_reticulatus_iNaturalist_156611194.jpg,Chaetodon reticulatus,iNaturalist,-7.83815752463578,-1.9626120951064898,-0.27731055373502056,2.7341537527122077,7.506599132710323,4.623283747057956
Chaetodon_reticulatus_iNaturalist_261570999.jpg,Chaetodon reticulatus,iNaturalist,-6.7042020160058815,-10.14579690513445,0.6690943563580509,-5.383218929094116,7.506599132710323,4.623283747057956
Chaetodon_reticulatus_iNaturalist_30026960.jpg,Chaetodon reticulatus,iNaturalist,-8.581697961222803,2.019081739186159,-1.0952502145705367,6.657031021580647,7.506599132710323,4.623283747057956
Chaetodon_reticulatus_iNaturalist_487632927.jpg,Chaetodon reticulatus,iNaturalist,-5.258080728111799,-29.04522867089186,2.2040811731598104,-24.43987399702602,7.506599132710323,4.623283747057956
Chaetodon_reticulatus_iNaturalist_487632982.jpg,Chaetodon reticulatus,iNaturalist,-2.360371565602592,-33.201976176169595,5.345586752663189,-28.656832441243534,7.506599132710323,4.623283747057956
Chaetodon_reticulatus_iNaturalist_54399841.jpg,Chaetodon reticulatus,iNaturalist,-11.345601317762604,-1.5217995145589365,-3.8041121535237674,2.9866752587130767,7.506599132710323,4.623283747057956
Chaetodon_reticulatus_iNaturalist_573920266.jpg,Chaetodon reticulatus,iNaturalist,-2.4159744742582605,-4.646110067736513,5.124593480193493,-0.10979148922044815,7.506599132710323,4.623283747057956
Chaetodon_reticulatus_iNaturalist_591169754.jpg,Chaetodon reticulatus,iNaturalist,-4.5106840854617465,-16.47453573055334,2.9940113221257247,-11.79288952976748,7.506599132710323,4.623283747057956
Chaetodon_reticulatus_iNaturalist_7064003.jpg,Chaetodon reticulatus,iNaturalist,-15.321124822371454,-2.3287131084529187,-7.969903712166744,2.4586608379486177,7.506599132710323,4.623283747057956
Chaetodon_robustus_iNaturalist_257423579.jpg,Chaetodon robustus,iNaturalist,-10.363015446646807,-23.426612522096843,-3.1942997421946946,-18.407152499870723,7.506599132710323,4.623283747057956
Chaetodon_robustus_iNaturalist_278213241.jpg,Chaetodon robustus,iNaturalist,-1.9970044078815457,2.1023031065764046,5.568152585820463,5.823483786928323,7.506599132710323,4.623283747057956
Chaetodon_robustus_iNaturalist_399369257.jpg,Chaetodon robustus,iNaturalist,-1.3877585496645473,8.62068797671334,5.937600584792343,12.547085457262309,7.506599132710323,4.623283747057956
Chaetodon_robustus_iNaturalist_437534287.jpg,Chaetodon robustus,iNaturalist,17.223118269507484,24.10572987522806,24.229509127652513,28.49251251423278,7.506599132710323,4.623283747057956
Chaetodon_robustus_iNaturalist_437534347.jpg,Chaetodon robustus,iNaturalist,16.75067931376333,21.167388487331813,24.208809338393692,25.758071325484153,7.506599132710323,4.623283747057956
Chaetodon_robustus_iNaturalist_576757436.jpg,Chaetodon robustus,iNaturalist,-17.773579561059876,11.247938756088143,-10.38646949018677,15.45586033737929,7.506599132710323,4.623283747057956
Chaetodon_robustus_iNaturalist_61768271.jpg,Chaetodon robustus,iNaturalist,0.11102181398170505,1.1401513039241598,7.629185524144464,5.849014350575875,7.506599132710323,4.623283747057956
Chaetodon_robustus_iNaturalist_61768284.jpg,Chaetodon robustus,iNaturalist,-8.087482014928971,-3.8662457641956447,-0.49080748292343096,0.6791718538050107,7.506599132710323,4.623283747057956
Chaetodon_sanctaehelenae_iNaturalist_29339037.jpg,Chaetodon sanctaehelenae,iNaturalist,-5.8871050634267394,-6.93509109031072,1.6454198313837238,-2.4308218937630013,7.506599132710323,4.623283747057956
Chaetodon_sanctaehelenae_iNaturalist_418980733.jpg,Chaetodon sanctaehelenae,iNaturalist,4.465307771353878,8.41423615122001,11.643830178254621,12.403697411294191,7.506599132710323,4.623283747057956
Chaetodon_sanctaehelenae_iNaturalist_418983044.jpg,Chaetodon sanctaehelenae,iNaturalist,1.406381962591309,4.504480329523362,8.691279523111744,8.666079350547788,7.506599132710323,4.623283747057956
Chaetodon_sanctaehelenae_iNaturalist_484513376.jpg,Chaetodon sanctaehelenae,iNaturalist,21.85920101351235,-54.45048713120531,29.39730033377319,-49.68400052379634,7.506599132710323,4.623283747057956
Chaetodon_sanctaehelenae_iNaturalist_578388945.jpg,Chaetodon sanctaehelenae,iNaturalist,0.7431699172976753,5.015077810853792,8.220049055901478,9.534899983550037,7.506599132710323,4.623283747057956
Chaetodon_sanctaehelenae_iNaturalist_578388957.jpg,Chaetodon sanctaehelenae,iNaturalist,1.304245670996334,5.6807007703776655,8.797443288543368,10.28288183129311,7.506599132710323,4.623283747057956
Chaetodon_sanctaehelenae_iNaturalist_578388963.jpg,Chaetodon sanctaehelenae,iNaturalist,0.9519689482611636,5.448213875724274,8.4165820601903,9.966772746783521,7.506599132710323,4.623283747057956
Chaetodon_sedentarius_iNaturalist_149996653.jpg,Chaetodon sedentarius,iNaturalist,-0.3994512872050086,0.8869487935349778,6.9341168044457575,5.32429719840106,7.506599132710323,4.623283747057956
Chaetodon_sedentarius_iNaturalist_261909821.jpg,Chaetodon sedentarius,iNaturalist,-10.813409505926947,10.8766856143043,-3.179276595558857,15.741046539419976,7.506599132710323,4.623283747057956
Chaetodon_sedentarius_iNaturalist_264761.jpg,Chaetodon sedentarius,iNaturalist,-14.687098069867456,0.5231199427376924,-7.266121597515124,5.188755344820777,7.506599132710323,4.623283747057956
Chaetodon_sedentarius_iNaturalist_291518510.jpg,Chaetodon sedentarius,iNaturalist,-11.140234679327477,5.550940470066807,-3.6276841093338765,10.039709774078903,7.506599132710323,4.623283747057956
Chaetodon_sedentarius_iNaturalist_32020377.jpg,Chaetodon sedentarius,iNaturalist,-1.4125851572227832,-10.34743915808398,5.76530672739058,-5.241960929147999,7.506599132710323,4.623283747057956
Chaetodon_sedentarius_iNaturalist_32020388.jpg,Chaetodon sedentarius,iNaturalist,-1.0060234068394194,-3.5781445667081107,6.3230970838149485,1.3761508217376954,7.506599132710323,4.623283747057956
Chaetodon_sedentarius_iNaturalist_32020394.jpg,Chaetodon sedentarius,iNaturalist,5.225975966440829,-16.958253557293908,12.54607681331205,-12.287299650272645,7.506599132710323,4.623283747057956
Chaetodon_sedentarius_iNaturalist_401441222.jpg,Chaetodon sedentarius,iNaturalist,-16.8284576562084,49.53030258358707,-9.599374782370855,54.37879169038333,7.506599132710323,4.623283747057956
Chaetodon_sedentarius_iNaturalist_4692917.jpg,Chaetodon sedentarius,iNaturalist,1.7134343397535479,6.107429939187562,9.033145365704444,10.66707298345853,7.506599132710323,4.623283747057956
Chaetodon_selene_iNaturalist_148476948.jpg,Chaetodon selene,iNaturalist,-11.546194862930014,13.470941181865706,-4.071801262291572,18.0689228017117,7.506599132710323,4.623283747057956
Chaetodon_selene_iNaturalist_194985212.jpg,Chaetodon selene,iNaturalist,-15.527159677663946,-2.9987049913392365,-7.9834766936842,1.6649895536201726,7.506599132710323,4.623283747057956
Chaetodon_selene_iNaturalist_2465500.jpg,Chaetodon selene,iNaturalist,-4.823872397889875,13.112744747045893,2.5812296179279355,17.701234979355927,7.506599132710323,4.623283747057956
Chaetodon_selene_iNaturalist_459791600.jpg,Chaetodon selene,iNaturalist,-13.503478613129879,-4.786500297403605,-6.354936339265986,-0.21330247971854138,7.506599132710323,4.623283747057956
Chaetodon_selene_iNaturalist_461134965.jpg,Chaetodon selene,iNaturalist,-0.266590972696185,11.945130777320564,7.183183643714398,15.950876684077981,7.506599132710323,4.623283747057956
Chaetodon_selene_iNaturalist_517036584.jpg,Chaetodon selene,iNaturalist,-9.972846398652669,11.618071354324197,-2.573136341993869,16.431711376832165,7.506599132710323,4.623283747057956
Chaetodon_selene_iNaturalist_577593291.jpg,Chaetodon selene,iNaturalist,-4.998158786174302,5.711693026419006,2.577298493739388,9.884611751203675,7.506599132710323,4.623283747057956
Chaetodon_selene_iNaturalist_600955401.jpg,Chaetodon selene,iNaturalist,-18.370889576400412,28.205719916463458,-10.819882911163656,31.57477171467451,7.506599132710323,4.623283747057956
Chaetodon_selene_iNaturalist_600955409.jpg,Chaetodon selene,iNaturalist,-15.2147274110571,27.00304329985139,-7.691944475960702,30.73941298911844,7.506599132710323,4.623283747057956
Chaetodon_selene_iNaturalist_84499473.jpg,Chaetodon selene,iNaturalist,1.7315803382207515,7.793533378000569,9.269877936787612,12.301039986550531,7.506599132710323,4.623283747057956
Chaetodon_semeion_iNaturalist_187549895.jpg,Chaetodon semeion,iNaturalist,-17.158384455131003,26.472187001292575,-9.602213296457563,31.661982926091856,7.506599132710323,4.623283747057956
Chaetodon_semeion_iNaturalist_483843324.jpg,Chaetodon semeion,iNaturalist,-18.62535895916151,37.505291596872816,-11.139827873905757,42.10513509103274,7.506599132710323,4.623283747057956
Chaetodon_semeion_iNaturalist_483843340.jpg,Chaetodon semeion,iNaturalist,-17.73036597580524,37.318669822550476,-10.256119872156729,41.90060331689906,7.506599132710323,4.623283747057956
Chaetodon_semeion_iNaturalist_483843356.jpg,Chaetodon semeion,iNaturalist,-20.002489811667463,27.319886430901313,-12.513680781298424,31.945346587035484,7.506599132710323,4.623283747057956
Chaetodon_semeion_iNaturalist_592159669.jpg,Chaetodon semeion,iNaturalist,1.798131304167548,64.72316256459571,9.307144457095413,67.23818089428633,7.506599132710323,4.623283747057956
Chaetodon_semeion_iNaturalist_599835880.jpg,Chaetodon semeion,iNaturalist,4.646943090754457,10.732545050120025,12.108620603139915,15.293564537998003,7.506599132710323,4.623283747057956
Chaetodon_semeion_iNaturalist_599835888.jpg,Chaetodon semeion,iNaturalist,0.40500922352693686,8.997805879974388,8.010154945584821,13.675155353995166,7.506599132710323,4.623283747057956
Chaetodon_semeion_iNaturalist_80165040.jpg,Chaetodon semeion,iNaturalist,-17.109711496015024,65.53857940494774,-10.113198757935432,66.32382989890458,7.506599132710323,4.623283747057956
Chaetodon_semeion_iNaturalist_85606809.jpg,Chaetodon semeion,iNaturalist,-4.5729417235297465,32.525939917542814,3.080842072583436,34.20885854034091,7.506599132710323,4.623283747057956
Chaetodon_semilarvatus_iNaturalist_120141447.jpg,Chaetodon semilarvatus,iNaturalist,-15.512486262824119,45.193466871692166,-8.00913198119205,48.486747656853495,7.506599132710323,4.623283747057956
Chaetodon_semilarvatus_iNaturalist_120141561.jpg,Chaetodon semilarvatus,iNaturalist,-50.3520058317523,45.22036349522591,-42.57699620783092,47.859723286987936,7.506599132710323,4.623283747057956
Chaetodon_semilarvatus_iNaturalist_213281979.jpg,Chaetodon semilarvatus,iNaturalist,-5.874824770173378,69.24993620013167,1.5662516879994035,70.75447391964161,7.506599132710323,4.623283747057956
Chaetodon_semilarvatus_iNaturalist_234638753.jpg,Chaetodon semilarvatus,iNaturalist,5.0410423567363845,71.46968516998629,10.196229628539319,72.05915929664344,7.506599132710323,4.623283747057956
Chaetodon_semilarvatus_iNaturalist_2675097.jpg,Chaetodon semilarvatus,iNaturalist,-10.529828612287586,60.320022270987366,-2.755942109793336,61.79591966743695,7.506599132710323,4.623283747057956
Chaetodon_semilarvatus_iNaturalist_480736217.jpg,Chaetodon semilarvatus,iNaturalist,-27.610854041055845,43.230330297793856,-19.97595409847924,47.811235401075415,7.506599132710323,4.623283747057956
Chaetodon_semilarvatus_iNaturalist_542083393.jpg,Chaetodon semilarvatus,iNaturalist,-42.28311918030141,34.23411753546227,-34.80030628933107,38.451801681581934,7.506599132710323,4.623283747057956
Chaetodon_semilarvatus_iNaturalist_581020123.jpg,Chaetodon semilarvatus,iNaturalist,-1.0193531196238745,72.21342573545965,4.897052358404564,72.95310404256024,7.506599132710323,4.623283747057956
Chaetodon_semilarvatus_iNaturalist_589657471.jpg,Chaetodon semilarvatus,iNaturalist,-26.126395896744548,47.079697821313985,-18.432669534359494,48.95542252566113,7.506599132710323,4.623283747057956
Chaetodon_semilarvatus_iNaturalist_598091917.jpg,Chaetodon semilarvatus,iNaturalist,-40.53251775250145,27.096798371003057,-33.116440452535535,31.88488243619628,7.506599132710323,4.623283747057956
Chaetodon_smithi_iNaturalist_459167446.jpg,Chaetodon smithi,iNaturalist,-6.041240175974156,32.16924177327708,0.6875862996682975,34.72661839390501,7.506599132710323,4.623283747057956
Chaetodon_speculum_iNaturalist_175106878.jpg,Chaetodon speculum,iNaturalist,3.347947969346859,-4.024892857384385,10.754073358321335,0.596339076930241,7.506599132710323,4.623283747057956
Chaetodon_speculum_iNaturalist_195541810.jpg,Chaetodon speculum,iNaturalist,-25.64437102202571,49.458406124222556,-18.166116377562677,52.86327415415859,7.506599132710323,4.623283747057956
Chaetodon_speculum_iNaturalist_209502838.jpg,Chaetodon speculum,iNaturalist,-17.406483515723387,66.90310408319085,-9.90530423288929,70.09367006022629,7.506599132710323,4.623283747057956
Chaetodon_speculum_iNaturalist_22549454.jpg,Chaetodon speculum,iNaturalist,2.7376539570784173,43.77077823048379,10.490057571141898,45.79728551168746,7.506599132710323,4.623283747057956
Chaetodon_speculum_iNaturalist_33179568.jpg,Chaetodon speculum,iNaturalist,-8.094942659453212,70.11216864763489,-2.8416921184803656,71.20937348916424,7.506599132710323,4.623283747057956
Chaetodon_speculum_iNaturalist_351451545.jpg,Chaetodon speculum,iNaturalist,-11.241637128756533,54.663156966331286,-3.5904447538388804,58.479897335138986,7.506599132710323,4.623283747057956
Chaetodon_speculum_iNaturalist_468432570.jpg,Chaetodon speculum,iNaturalist,-25.572059132363904,42.84857834710649,-18.005496067001868,45.85481994985709,7.506599132710323,4.623283747057956
Chaetodon_speculum_iNaturalist_5435374.jpg,Chaetodon speculum,iNaturalist,-13.595489885042268,53.058135945714895,-5.909791912658708,58.046615159786306,7.506599132710323,4.623283747057956
Chaetodon_speculum_iNaturalist_62392281.jpg,Chaetodon speculum,iNaturalist,-9.860857704584753,62.94095017977779,-3.0718084820544913,67.23497589880493,7.506599132710323,4.623283747057956
Chaetodon_striatus_iNaturalist_108952720.jpg,Chaetodon striatus,iNaturalist,-10.578879127230916,3.8663336188981057,-3.073260663709858,8.61205585221045,7.506599132710323,4.623283747057956
Chaetodon_striatus_iNaturalist_378227586.jpg,Chaetodon striatus,iNaturalist,-4.647190504568993,23.945641068417377,2.7718349772350614,28.503822346676078,7.506599132710323,4.623283747057956
Chaetodon_striatus_iNaturalist_44877104.jpg,Chaetodon striatus,iNaturalist,-20.9658927136021,16.406858220047624,-13.513498066855345,20.90064496932323,7.506599132710323,4.623283747057956
Chaetodon_striatus_iNaturalist_455572688.jpg,Chaetodon striatus,iNaturalist,-21.91065791111609,14.429292235302267,-14.275957594420785,18.968775618227024,7.506599132710323,4.623283747057956
Chaetodon_striatus_iNaturalist_516231487.jpg,Chaetodon striatus,iNaturalist,-29.75625465350888,-13.822653405798894,-22.321751545571516,-9.203077919398226,7.506599132710323,4.623283747057956
Chaetodon_striatus_iNaturalist_535152832.jpg,Chaetodon striatus,iNaturalist,-0.7033871278907508,-32.211537580847136,6.912558637499553,-27.59188351883898,7.506599132710323,4.623283747057956
Chaetodon_striatus_iNaturalist_604196066.jpg,Chaetodon striatus,iNaturalist,-13.708947369936395,-15.911851096505716,-6.41634820940987,-10.850022763971936,7.506599132710323,4.623283747057956
Chaetodon_striatus_iNaturalist_608288977.jpg,Chaetodon striatus,iNaturalist,-13.496497273208448,8.80415280828268,-5.911903656154856,13.315026224245008,7.506599132710323,4.623283747057956
Chaetodon_tinkeri_iNaturalist_122833590.jpg,Chaetodon tinkeri,iNaturalist,-7.902188124383679,-9.86778785546036,-0.08764303864514551,-5.632559866547603,7.506599132710323,4.623283747057956
Chaetodon_tinkeri_iNaturalist_122833614.jpg,Chaetodon tinkeri,iNaturalist,-10.418534324727688,-19.034107611791814,-2.979058705401112,-14.143010906195295,7.506599132710323,4.623283747057956
Chaetodon_tinkeri_iNaturalist_122833739.jpg,Chaetodon tinkeri,iNaturalist,-10.948272956614387,-15.552552707830548,-3.3478864156311436,-10.719663630572638,7.506599132710323,4.623283747057956
Chaetodon_tinkeri_iNaturalist_132972673.jpg,Chaetodon tinkeri,iNaturalist,-7.667293950415983,-9.208904906284207,-0.19945025538145808,-4.5861698127704065,7.506599132710323,4.623283747057956
Chaetodon_tinkeri_iNaturalist_415676289.jpg,Chaetodon tinkeri,iNaturalist,-3.1473059911233556,0.6538843674761071,4.172856252689274,4.763924659776593,7.506599132710323,4.623283747057956
Chaetodon_tinkeri_iNaturalist_415676306.jpg,Chaetodon tinkeri,iNaturalist,-7.433294062074361,2.8280839808020417,-0.09621785176829203,6.852967186939265,7.506599132710323,4.623283747057956
Chaetodon_tinkeri_iNaturalist_415676341.jpg,Chaetodon tinkeri,iNaturalist,0.42534037971526567,3.7431708316813515,7.969630195725447,8.169637238147285,7.506599132710323,4.623283747057956
Chaetodon_tinkeri_iNaturalist_66870.jpg,Chaetodon tinkeri,iNaturalist,-0.599835947839689,5.225252839916307,6.3620122623233755,9.536574633159402,7.506599132710323,4.623283747057956
Chaetodon_tinkeri_iNaturalist_83513651.jpg,Chaetodon tinkeri,iNaturalist,1.6118770217259237,-0.45985330073491787,8.575266251062244,3.82346721164387,7.506599132710323,4.623283747057956
Chaetodon_tinkeri_iNaturalist_83513687.jpg,Chaetodon tinkeri,iNaturalist,-5.934069697708432,-2.8255231831580057,1.5829486994529924,1.767802308480272,7.506599132710323,4.623283747057956
Chaetodon_triangulum_iNaturalist_11763186.jpg,Chaetodon triangulum,iNaturalist,0.43156942867423687,0.33761505325410707,7.856600264295298,5.003632037473974,7.506599132710323,4.623283747057956
Chaetodon_triangulum_iNaturalist_177669571.jpg,Chaetodon triangulum,iNaturalist,-17.51219773932602,13.412109482884926,-9.973038390111615,17.994152503808042,7.506599132710323,4.623283747057956
Chaetodon_triangulum_iNaturalist_280764242.jpg,Chaetodon triangulum,iNaturalist,-6.2577287257526955,2.156168079153974,1.2214522740753502,6.646681463151006,7.506599132710323,4.623283747057956
Chaetodon_triangulum_iNaturalist_336501928.jpg,Chaetodon triangulum,iNaturalist,-32.04171104507944,40.714084923339605,-24.591243955744524,45.249478151565754,7.506599132710323,4.623283747057956
Chaetodon_triangulum_iNaturalist_484927564.jpg,Chaetodon triangulum,iNaturalist,-24.05918729531066,-11.163017921514367,-16.59873524481786,-6.583047934928558,7.506599132710323,4.623283747057956
Chaetodon_triangulum_iNaturalist_592518850.jpg,Chaetodon triangulum,iNaturalist,6.022679799572656,2.652224586032042,13.51010773695308,7.720529684448462,7.506599132710323,4.623283747057956
Chaetodon_triangulum_iNaturalist_607414244.jpg,Chaetodon triangulum,iNaturalist,-4.710184868205232,-1.0628776053600943,2.835888654153196,3.6205078813357128,7.506599132710323,4.623283747057956
Chaetodon_triangulum_iNaturalist_607414261.jpg,Chaetodon triangulum,iNaturalist,-6.341302211356812,-3.0688344431720944,1.1639701973211993,1.5179730449414313,7.506599132710323,4.623283747057956
Chaetodon_triangulum_iNaturalist_71648447.jpg,Chaetodon triangulum,iNaturalist,-0.22207019857352853,0.9858036626990233,7.470599986364889,5.676727843481256,7.506599132710323,4.623283747057956
Chaetodon_trichrous_iNaturalist_167677313.jpg,Chaetodon trichrous,iNaturalist,6.991013930049253,6.38780228446367,14.140613093802266,10.714116872626883,7.506599132710323,4.623283747057956
Chaetodon_trichrous_iNaturalist_173142293.jpg,Chaetodon trichrous,iNaturalist,-9.647309460887199,5.407973654590237,-2.039427665886383,9.362209066259204,7.506599132710323,4.623283747057956
Chaetodon_trichrous_iNaturalist_301384831.jpg,Chaetodon trichrous,iNaturalist,2.5768532631708525,-4.813426700161652,10.120448917806772,-0.4599991469636466,7.506599132710323,4.623283747057956
Chaetodon_trichrous_iNaturalist_350883651.jpg,Chaetodon trichrous,iNaturalist,0.0025235258777415795,-6.641680806290969,7.624275717931407,-2.0796798082325902,7.506599132710323,4.623283747057956
Chaetodon_trichrous_iNaturalist_472558208.jpg,Chaetodon trichrous,iNaturalist,-17.41029154024972,1.9172251043022353,-9.91164362756939,6.464207109096884,7.506599132710323,4.623283747057956
Chaetodon_trichrous_iNaturalist_473965444.jpg,Chaetodon trichrous,iNaturalist,-22.00964922520621,3.931184287662196,-14.508542765667825,8.275567708355489,7.506599132710323,4.623283747057956
Chaetodon_trichrous_iNaturalist_527314355.jpg,Chaetodon trichrous,iNaturalist,22.762028912826306,1.4082867741463645,30.109569740259822,5.911972847227737,7.506599132710323,4.623283747057956
Chaetodon_trichrous_iNaturalist_54935427.jpg,Chaetodon trichrous,iNaturalist,8.148260818328955,-24.276486189663277,15.681437600085728,-19.625303946137336,7.506599132710323,4.623283747057956
Chaetodon_trichrous_iNaturalist_587089834.jpg,Chaetodon trichrous,iNaturalist,19.799419800252274,-33.05296346049768,26.827743416119596,-28.079271634619673,7.506599132710323,4.623283747057956
Chaetodon_trichrous_iNaturalist_593273450.jpg,Chaetodon trichrous,iNaturalist,-5.485963938171318,-8.914567301945642,2.148714584438171,-4.876189638380622,7.506599132710323,4.623283747057956
Chaetodon_tricinctus_iNaturalist_118360420.jpg,Chaetodon tricinctus,iNaturalist,2.6786952897646588,2.019747444575134,10.110054541006297,6.6760362016409225,7.506599132710323,4.623283747057956
Chaetodon_tricinctus_iNaturalist_13811577.jpg,Chaetodon tricinctus,iNaturalist,10.55281066415183,10.107531592572416,17.847289536499236,14.381697801575207,7.506599132710323,4.623283747057956
Chaetodon_tricinctus_iNaturalist_197184716.jpg,Chaetodon tricinctus,iNaturalist,-11.73788571540277,0.6594721279464635,-4.1023193664044255,5.08609884400162,7.506599132710323,4.623283747057956
Chaetodon_tricinctus_iNaturalist_287702131.jpg,Chaetodon tricinctus,iNaturalist,7.996486195304741,13.38660396728252,14.263045331131643,16.577547436958746,7.506599132710323,4.623283747057956
Chaetodon_tricinctus_iNaturalist_287702203.jpg,Chaetodon tricinctus,iNaturalist,3.1905658641194483,7.927526153780098,10.295666883053974,12.215613362907916,7.506599132710323,4.623283747057956
Chaetodon_tricinctus_iNaturalist_335443101.jpg,Chaetodon tricinctus,iNaturalist,-0.1407862780038389,8.4170235043176,6.876004475576074,12.537752379942,7.506599132710323,4.623283747057956
Chaetodon_tricinctus_iNaturalist_6629748.jpg,Chaetodon tricinctus,iNaturalist,-6.9863190199089,1.21634849178255,0.3083146627646115,5.64348305376909,7.506599132710323,4.623283747057956
Chaetodon_tricinctus_iNaturalist_6629751.jpg,Chaetodon tricinctus,iNaturalist,-12.949885473349232,8.5948333345417,-5.661481573191505,13.151618093696175,7.506599132710323,4.623283747057956
Chaetodon_trifascialis_iNaturalist_215411642.jpg,Chaetodon trifascialis,iNaturalist,-8.251628642175108,7.85957688918731,-0.7630279200453856,12.333365682878961,7.506599132710323,4.623283747057956
Chaetodon_trifascialis_iNaturalist_234150638.jpg,Chaetodon trifascialis,iNaturalist,-0.8516225112371473,11.447312077801074,6.592858284992275,15.842144243934943,7.506599132710323,4.623283747057956
Chaetodon_trifascialis_iNaturalist_243933.jpg,Chaetodon trifascialis,iNaturalist,-1.5045050238902136,4.701118474131467,5.979872425364874,9.349463641791395,7.506599132710323,4.623283747057956
Chaetodon_trifascialis_iNaturalist_27663000.jpg,Chaetodon trifascialis,iNaturalist,-1.0143593670103734,2.540931849027659,6.413936955278913,6.846399678901704,7.506599132710323,4.623283747057956
Chaetodon_trifascialis_iNaturalist_328870250.jpg,Chaetodon trifascialis,iNaturalist,-5.4843004067876855,2.6995332258466043,1.9506705946700194,7.5253567321960695,7.506599132710323,4.623283747057956
Chaetodon_trifascialis_iNaturalist_424671659.jpg,Chaetodon trifascialis,iNaturalist,-4.969380031315045,19.256397128342094,2.327759854368669,24.059383253728942,7.506599132710323,4.623283747057956
Chaetodon_trifascialis_iNaturalist_424671676.jpg,Chaetodon trifascialis,iNaturalist,-7.103560630480499,18.19249893131291,0.3784273346017121,22.701620346758794,7.506599132710323,4.623283747057956
Chaetodon_trifascialis_iNaturalist_424671689.jpg,Chaetodon trifascialis,iNaturalist,-3.9842786065818268,21.147829763520317,3.5149289778244106,26.12987732096938,7.506599132710323,4.623283747057956
Chaetodon_trifascialis_iNaturalist_424671703.jpg,Chaetodon trifascialis,iNaturalist,-2.1092750846391723,8.341207836313824,5.3186404047730775,12.757678551034333,7.506599132710323,4.623283747057956
Chaetodon_trifascialis_iNaturalist_536659908.jpg,Chaetodon trifascialis,iNaturalist,-5.992902087351001,35.85937447594673,1.5190796055980351,40.21853896010596,7.506599132710323,4.623283747057956
Chaetodon_trifasciatus_iNaturalist_173829537.jpg,Chaetodon trifasciatus,iNaturalist,0.19243345730505415,7.741999392397072,7.756106621792364,12.25663955471682,7.506599132710323,4.623283747057956
Chaetodon_trifasciatus_iNaturalist_173829547.jpg,Chaetodon trifasciatus,iNaturalist,3.0812272607420246,14.27179682260896,10.31775811884888,19.13999188476216,7.506599132710323,4.623283747057956
Chaetodon_trifasciatus_iNaturalist_173829556.jpg,Chaetodon trifasciatus,iNaturalist,-2.0852679067009,3.149296959930298,5.3997522640622595,7.830301725223826,7.506599132710323,4.623283747057956
Chaetodon_trifasciatus_iNaturalist_326127996.jpg,Chaetodon trifasciatus,iNaturalist,-8.027240383685957,-0.006334183787818711,-0.4813533593409804,4.6024797484196,7.506599132710323,4.623283747057956
Chaetodon_trifasciatus_iNaturalist_332090965.jpg,Chaetodon trifasciatus,iNaturalist,-21.301510845433842,34.165491275394835,-13.77734237968158,38.77221312382118,7.506599132710323,4.623283747057956
Chaetodon_trifasciatus_iNaturalist_334508891.jpg,Chaetodon trifasciatus,iNaturalist,-2.5652435784985466,15.77358046782987,5.039598057890494,20.883035870982347,7.506599132710323,4.623283747057956
Chaetodon_trifasciatus_iNaturalist_434604443.jpg,Chaetodon trifasciatus,iNaturalist,-13.384169235906441,10.66366361608467,-5.936831487010776,15.412072950185491,7.506599132710323,4.623283747057956
Chaetodon_trifasciatus_iNaturalist_434604519.jpg,Chaetodon trifasciatus,iNaturalist,-13.520816611002758,10.420784956041027,-5.967137329718794,14.829682605294776,7.506599132710323,4.623283747057956
Chaetodon_trifasciatus_iNaturalist_454497011.jpg,Chaetodon trifasciatus,iNaturalist,-8.435777321804729,14.14619138169729,-0.9097541903247797,18.551557397836373,7.506599132710323,4.623283747057956
Chaetodon_trifasciatus_iNaturalist_4868636.jpg,Chaetodon trifasciatus,iNaturalist,-6.5742822036335316,16.668199949668768,1.0903416833384738,21.462225730746635,7.506599132710323,4.623283747057956
Chaetodon_ulietensis_iNaturalist_1400797.jpg,Chaetodon ulietensis,iNaturalist,-11.132141620245287,12.543296863035831,-3.5304614168700326,17.591498454270866,7.506599132710323,4.623283747057956
Chaetodon_ulietensis_iNaturalist_173697456.jpg,Chaetodon ulietensis,iNaturalist,-13.125218089705845,16.155686806235575,-5.579736679490075,20.516982311681534,7.506599132710323,4.623283747057956
Chaetodon_ulietensis_iNaturalist_222874834.jpg,Chaetodon ulietensis,iNaturalist,-6.286472260517579,4.160593580763043,1.1992511154437457,8.82849962832045,7.506599132710323,4.623283747057956
Chaetodon_ulietensis_iNaturalist_230476352.jpg,Chaetodon ulietensis,iNaturalist,3.712303305843639,16.36361330619179,10.626104835180884,18.98997889351787,7.506599132710323,4.623283747057956
Chaetodon_ulietensis_iNaturalist_326590225.jpg,Chaetodon ulietensis,iNaturalist,-6.712818303563467,4.823824823052004,0.5730445826460944,9.457662951690583,7.506599132710323,4.623283747057956
Chaetodon_ulietensis_iNaturalist_331048079.jpg,Chaetodon ulietensis,iNaturalist,-23.60111379392906,12.423677961059068,-16.098482002774027,16.922092544968997,7.506599132710323,4.623283747057956
Chaetodon_ulietensis_iNaturalist_453438977.jpg,Chaetodon ulietensis,iNaturalist,-5.8386767591200535,18.35842170133168,1.766455665559058,21.303135198882252,7.506599132710323,4.623283747057956
Chaetodon_ulietensis_iNaturalist_453439299.jpg,Chaetodon ulietensis,iNaturalist,-7.740835105782703,21.232000005462325,-0.16596155375279587,24.91205930988397,7.506599132710323,4.623283747057956
Chaetodon_ulietensis_iNaturalist_453440787.jpg,Chaetodon ulietensis,iNaturalist,-8.625060248608206,19.487860338527256,-1.1081421645925795,23.088654361733568,7.506599132710323,4.623283747057956
Chaetodon_unimaculatus_iNaturalist_179915614.jpg,Chaetodon unimaculatus,iNaturalist,-4.906866869368259,14.695905301346746,2.5067005926239903,19.5933162825909,7.506599132710323,4.623283747057956
Chaetodon_unimaculatus_iNaturalist_233496852.jpg,Chaetodon unimaculatus,iNaturalist,2.275306195117359,16.886491202281146,9.272777687379156,20.697244187955295,7.506599132710323,4.623283747057956
Chaetodon_unimaculatus_iNaturalist_553392414.jpg,Chaetodon unimaculatus,iNaturalist,-15.544398980635195,-2.8603172382807323,-8.150845674705838,1.7005224559638041,7.506599132710323,4.623283747057956
Chaetodon_unimaculatus_iNaturalist_593828871.jpg,Chaetodon unimaculatus,iNaturalist,-3.862406797152236,27.793539937436957,3.558990387930583,31.933179894515742,7.506599132710323,4.623283747057956
Chaetodon_unimaculatus_iNaturalist_593828880.jpg,Chaetodon unimaculatus,iNaturalist,-4.478764126983928,19.6124892475015,2.972401047446695,24.142414947210664,7.506599132710323,4.623283747057956
Chaetodon_unimaculatus_iNaturalist_602202893.jpg,Chaetodon unimaculatus,iNaturalist,-3.596598560777225,20.72067995280491,3.8929062290758094,25.363604489844498,7.506599132710323,4.623283747057956
Chaetodon_unimaculatus_iNaturalist_66774276.jpg,Chaetodon unimaculatus,iNaturalist,-1.3742806216292724,11.550295279097172,6.003397048536651,16.163449938369194,7.506599132710323,4.623283747057956
Chaetodon_unimaculatus_iNaturalist_71907697.jpg,Chaetodon unimaculatus,iNaturalist,-10.018048255492623,2.980826265215716,-2.474324343919528,7.885688012519575,7.506599132710323,4.623283747057956
Chaetodon_unimaculatus_iNaturalist_91073839.jpg,Chaetodon unimaculatus,iNaturalist,-38.78564337071024,2.362281535542046,-31.53548824725683,7.071167744987708,7.506599132710323,4.623283747057956
Chaetodon_vagabundus_iNaturalist_13817766.jpg,Chaetodon vagabundus,iNaturalist,1.1258702866881096,23.913527565663927,8.691298683178859,28.498799631793617,7.506599132710323,4.623283747057956
Chaetodon_vagabundus_iNaturalist_209516313.jpg,Chaetodon vagabundus,iNaturalist,-8.714342264665957,7.188658029745448,-1.1504155660454722,12.175632979393113,7.506599132710323,4.623283747057956
Chaetodon_vagabundus_iNaturalist_232725659.jpg,Chaetodon vagabundus,iNaturalist,-11.986864921130866,13.27318346735623,-4.5035080401846495,18.12114458004734,7.506599132710323,4.623283747057956
Chaetodon_vagabundus_iNaturalist_234150683.jpg,Chaetodon vagabundus,iNaturalist,2.525394719936575,2.4417218179769473,10.027143097341897,6.912547806984109,7.506599132710323,4.623283747057956
Chaetodon_vagabundus_iNaturalist_236696832.jpg,Chaetodon vagabundus,iNaturalist,-10.88177244687746,6.3562123902544885,-3.354724683469322,10.880330064481342,7.506599132710323,4.623283747057956
Chaetodon_vagabundus_iNaturalist_236697047.jpg,Chaetodon vagabundus,iNaturalist,-0.3258855908695172,4.226527423821835,7.208791357521042,8.865779577171855,7.506599132710323,4.623283747057956
Chaetodon_vagabundus_iNaturalist_236697461.jpg,Chaetodon vagabundus,iNaturalist,-14.906692469900479,-3.978118783022155,-7.478675196492538,0.6735730978847175,7.506599132710323,4.623283747057956
Chaetodon_vagabundus_iNaturalist_259101164.jpg,Chaetodon vagabundus,iNaturalist,1.1709811770130885,9.09601808220334,8.71049358464564,13.562542131624015,7.506599132710323,4.623283747057956
Chaetodon_vagabundus_iNaturalist_269786835.jpg,Chaetodon vagabundus,iNaturalist,3.375654691320542,5.202724999945995,10.93374440846889,9.824288873802441,7.506599132710323,4.623283747057956
Chaetodon_vagabundus_iNaturalist_91073842.jpg,Chaetodon vagabundus,iNaturalist,-6.036694122653606,-0.007097342768097383,1.5051018138143397,4.459395096028618,7.506599132710323,4.623283747057956
Chaetodon_wiebeli_iNaturalist_303753000.jpg,Chaetodon wiebeli,iNaturalist,-19.628503831577074,31.433816209339916,-11.626944661175235,34.28824991527621,7.506599132710323,4.623283747057956
Chaetodon_wiebeli_iNaturalist_303837873.jpg,Chaetodon wiebeli,iNaturalist,12.338354479060516,47.621170420320475,20.330254904781178,49.653790269321625,7.506599132710323,4.623283747057956
Chaetodon_wiebeli_iNaturalist_303837884.jpg,Chaetodon wiebeli,iNaturalist,17.299947207237793,46.115920209874815,25.326393732674852,48.03855819111206,7.506599132710323,4.623283747057956
Chaetodon_wiebeli_iNaturalist_324430476.jpg,Chaetodon wiebeli,iNaturalist,1.9322990604293733,36.16429059930237,9.679042092456948,41.228444316715446,7.506599132710323,4.623283747057956
Chaetodon_wiebeli_iNaturalist_416917368.jpg,Chaetodon wiebeli,iNaturalist,-11.652237343252313,28.371787155884526,-4.02365121096164,32.36551705163218,7.506599132710323,4.623283747057956
Chaetodon_wiebeli_iNaturalist_416922213.jpg,Chaetodon wiebeli,iNaturalist,-2.2630688572448094,41.264620850407105,5.093523214604197,45.61341588946189,7.506599132710323,4.623283747057956
Chaetodon_wiebeli_iNaturalist_433350324.jpg,Chaetodon wiebeli,iNaturalist,-21.110384773256822,11.706595346295966,-13.643175480649552,16.301765736957158,7.506599132710323,4.623283747057956
Chaetodon_wiebeli_iNaturalist_433350349.jpg,Chaetodon wiebeli,iNaturalist,-21.075333085148127,24.478260225561712,-13.640157756797537,29.174485502926856,7.506599132710323,4.623283747057956
Chaetodon_wiebeli_iNaturalist_433350357.jpg,Chaetodon wiebeli,iNaturalist,-20.885630888772376,24.228071898034308,-13.456311367085904,28.922612823886013,7.506599132710323,4.623283747057956
Chaetodon_wiebeli_iNaturalist_586264782.jpg,Chaetodon wiebeli,iNaturalist,8.12828586047313,24.768795176509876,15.737034454555658,29.28040189461318,7.506599132710323,4.623283747057956
Chaetodon_xanthocephalus_iNaturalist_328453538.jpg,Chaetodon xanthocephalus,iNaturalist,-16.455074495676502,11.959855342148579,-8.989399849091656,16.790209418276,7.506599132710323,4.623283747057956
Chaetodon_xanthocephalus_iNaturalist_450960736.jpg,Chaetodon xanthocephalus,iNaturalist,-13.448835873979943,-18.83057391858629,-5.806475206751868,-14.299855801188233,7.506599132710323,4.623283747057956
Chaetodon_xanthocephalus_iNaturalist_450960738.jpg,Chaetodon xanthocephalus,iNaturalist,-14.94900385805039,-13.846607859331707,-7.756241472462051,-9.077096407002118,7.506599132710323,4.623283747057956
Chaetodon_xanthocephalus_iNaturalist_458538297.jpg,Chaetodon xanthocephalus,iNaturalist,-15.417817496892004,8.477134169375486,-8.07243157751909,12.369002039200646,7.506599132710323,4.623283747057956
Chaetodon_xanthocephalus_iNaturalist_458538304.jpg,Chaetodon xanthocephalus,iNaturalist,-16.02234698130244,17.79570795579232,-8.368474064301346,20.99833506806522,7.506599132710323,4.623283747057956
Chaetodon_xanthocephalus_iNaturalist_482464440.jpg,Chaetodon xanthocephalus,iNaturalist,-9.485105060088559,-0.4125706696057352,-2.0577916835812173,4.080178003098123,7.506599132710323,4.623283747057956
Chaetodon_xanthocephalus_iNaturalist_484448276.jpg,Chaetodon xanthocephalus,iNaturalist,-2.0074490957218574,4.8911416896620645,5.654752900534606,9.15036240559963,7.506599132710323,4.623283747057956
Chaetodon_xanthocephalus_iNaturalist_485213070.jpg,Chaetodon xanthocephalus,iNaturalist,-2.4450404499103775,6.362525460591421,5.0595050208636065,11.150614784810065,7.506599132710323,4.623283747057956
Chaetodon_xanthocephalus_iNaturalist_590458116.jpg,Chaetodon xanthocephalus,iNaturalist,-4.058486336012779,3.1806515733296576,3.3954288025617703,7.755131859663484,7.506599132710323,4.623283747057956
Chaetodon_xanthocephalus_iNaturalist_593967746.jpg,Chaetodon xanthocephalus,iNaturalist,7.044908521239764,15.016258222767272,14.537367682663607,19.375811047206806,7.506599132710323,4.623283747057956
Chaetodon_xanthurus_iNaturalist_101304801.jpg,Chaetodon xanthurus,iNaturalist,-0.7851703239931943,6.077280774186878,6.764081433285478,9.756632553952246,7.506599132710323,4.623283747057956
Chaetodon_xanthurus_iNaturalist_207028115.jpg,Chaetodon xanthurus,iNaturalist,2.888897141215855,-7.310240031540608,9.89225455606861,-3.0338947002311536,7.506599132710323,4.623283747057956
Chaetodon_xanthurus_iNaturalist_221164225.jpg,Chaetodon xanthurus,iNaturalist,-16.27370029252759,6.7425150505552605,-8.842890197775876,11.333335180209826,7.506599132710323,4.623283747057956
Chaetodon_xanthurus_iNaturalist_279115959.jpg,Chaetodon xanthurus,iNaturalist,-7.416752991492668,-9.220883141821027,0.12554221570739704,-4.768019901840956,7.506599132710323,4.623283747057956
Chaetodon_xanthurus_iNaturalist_332071356.jpg,Chaetodon xanthurus,iNaturalist,2.376406344588194,0.7226456420367819,9.838993495695142,4.593380899785866,7.506599132710323,4.623283747057956
Chaetodon_xanthurus_iNaturalist_427620838.jpg,Chaetodon xanthurus,iNaturalist,4.994922227493642,-0.2545560393516388,12.49618305058783,4.333948093175699,7.506599132710323,4.623283747057956
Chaetodon_xanthurus_iNaturalist_427620841.jpg,Chaetodon xanthurus,iNaturalist,4.092725114434581,-3.5031211742560475,11.48871166129213,0.375300815239858,7.506599132710323,4.623283747057956
Chaetodon_xanthurus_iNaturalist_440574102.jpg,Chaetodon xanthurus,iNaturalist,-7.613389711384597,19.997113780567016,0.026540178737523474,24.70221197803924,7.506599132710323,4.623283747057956
Chaetodon_xanthurus_iNaturalist_440574125.jpg,Chaetodon xanthurus,iNaturalist,-8.827113223730171,19.512967534523206,-1.2047571662776908,24.100864665709828,7.506599132710323,4.623283747057956
Chaetodon_zanzibarensis_iNaturalist_12066147.jpg,Chaetodon zanzibarensis,iNaturalist,6.255454652214921,41.7653436322417,13.74437478595314,44.35156165307905,7.506599132710323,4.623283747057956
Chaetodon_zanzibarensis_iNaturalist_12066149.jpg,Chaetodon zanzibarensis,iNaturalist,-0.8198292538727503,36.969233843187176,6.856672324284807,41.58097318856778,7.506599132710323,4.623283747057956
Chaetodon_zanzibarensis_iNaturalist_12066151.jpg,Chaetodon zanzibarensis,iNaturalist,-6.625559986001326,67.56242950024978,1.0463798658194352,69.59360263586527,7.506599132710323,4.623283747057956
Chaetodon_zanzibarensis_iNaturalist_260172993.jpg,Chaetodon zanzibarensis,iNaturalist,-18.0640803882254,55.52265734809563,-10.65360407801536,60.27913703122605,7.506599132710323,4.623283747057956
Chaetodon_zanzibarensis_iNaturalist_426318179.jpg,Chaetodon zanzibarensis,iNaturalist,4.051001459462645,65.53860074766206,10.935089766669305,68.84658797230628,7.506599132710323,4.623283747057956
Chaetodon_zanzibarensis_iNaturalist_426318182.jpg,Chaetodon zanzibarensis,iNaturalist,-1.3848212124784183,41.970338622103384,6.098012182790092,46.7150139472546,7.506599132710323,4.623283747057956
Chaetodon_zanzibarensis_iNaturalist_459832994.jpg,Chaetodon zanzibarensis,iNaturalist,-8.994381420290223,62.687296526245355,-1.1616480300997138,63.14277741401507,7.506599132710323,4.623283747057956
Chaetodon_zanzibarensis_iNaturalist_459833013.jpg,Chaetodon zanzibarensis,iNaturalist,-15.31311169127192,68.1896345256578,-7.487171390275206,69.3410980053848,7.506599132710323,4.623283747057956
Chaetodon_zanzibarensis_iNaturalist_459837615.jpg,Chaetodon zanzibarensis,iNaturalist,-10.218987808172507,67.59408954285891,-4.923370637711531,69.46625835751418,7.506599132710323,4.623283747057956
Chaetodon_zanzibarensis_iNaturalist_66299912.jpg,Chaetodon zanzibarensis,iNaturalist,2.5995557243982446,67.93578617881506,8.827871478922871,70.7805787458473,7.506599132710323,4.623283747057956
Chelmon_marginalis_iNaturalist_100384600.jpg,Chelmon marginalis,iNaturalist,3.9714636085756987,21.15450144206072,11.362204457376905,25.454442152065866,7.506599132710323,4.623283747057956
Chelmon_marginalis_iNaturalist_18106798.jpg,Chelmon marginalis,iNaturalist,-3.9523106522354325,15.997161974185863,3.752946171635299,20.12690346042767,7.506599132710323,4.623283747057956
Chelmon_marginalis_iNaturalist_220605305.jpg,Chelmon marginalis,iNaturalist,7.622741461268964,2.5960213021682432,15.103379737068078,7.268817707675342,7.506599132710323,4.623283747057956
Chelmon_marginalis_iNaturalist_220605314.jpg,Chelmon marginalis,iNaturalist,22.977079425112645,21.76626151596685,30.441033455555566,26.439531993789448,7.506599132710323,4.623283747057956
Chelmon_marginalis_iNaturalist_271338157.jpg,Chelmon marginalis,iNaturalist,20.321629636691128,28.505759022818022,27.742249178613168,32.65434264550639,7.506599132710323,4.623283747057956
Chelmon_marginalis_iNaturalist_337576196.jpg,Chelmon marginalis,iNaturalist,-19.966724907372647,20.27035250354381,-12.34173794452131,24.458096855262273,7.506599132710323,4.623283747057956
Chelmon_marginalis_iNaturalist_341061423.jpg,Chelmon marginalis,iNaturalist,8.717795721920691,29.68561045892631,15.918169278797578,32.94193373659418,7.506599132710323,4.623283747057956
Chelmon_marginalis_iNaturalist_341730140.jpg,Chelmon marginalis,iNaturalist,8.548986076736758,17.8087930713511,15.933717324743798,22.115132440021902,7.506599132710323,4.623283747057956
Chelmon_marginalis_iNaturalist_570390920.jpg,Chelmon marginalis,iNaturalist,3.450076915431243,23.054057452438784,10.51979593824627,25.862446445024062,7.506599132710323,4.623283747057956
Chelmon_marginalis_iNaturalist_99323687.jpg,Chelmon marginalis,iNaturalist,17.672178551718286,22.425328913578817,24.91040105698561,26.783574948050106,7.506599132710323,4.623283747057956
Chelmon_muelleri_iNaturalist_14858131.jpg,Chelmon muelleri,iNaturalist,-6.442033607007428,10.279213006228524,1.1337802061438094,14.849920914356634,7.506599132710323,4.623283747057956
Chelmon_muelleri_iNaturalist_202629383.jpg,Chelmon muelleri,iNaturalist,-21.448620886776695,7.852080921087462,-13.831702746600884,12.497346627572732,7.506599132710323,4.623283747057956
Chelmon_muelleri_iNaturalist_241886728.jpg,Chelmon muelleri,iNaturalist,2.7698612652423793,0.3942828184217713,10.168286329649627,5.078681450674114,7.506599132710323,4.623283747057956
Chelmon_muelleri_iNaturalist_341061339.jpg,Chelmon muelleri,iNaturalist,2.2674954860266947,7.148477500196459,9.834446598144998,11.392844165444421,7.506599132710323,4.623283747057956
Chelmon_muelleri_iNaturalist_41609881.jpg,Chelmon muelleri,iNaturalist,2.5231867823267717,3.5137262382565284,10.155606869719021,7.798812653735855,7.506599132710323,4.623283747057956
Chelmon_muelleri_iNaturalist_600169429.jpg,Chelmon muelleri,iNaturalist,0.6314005894223317,2.24988563187303,7.823951976913279,6.688744743331728,7.506599132710323,4.623283747057956
Chelmon_muelleri_iNaturalist_96908510.jpg,Chelmon muelleri,iNaturalist,1.5379782733582574,1.294579361709463,9.131346211102223,5.982025481031958,7.506599132710323,4.623283747057956
Chelmon_muelleri_iNaturalist_96908513.jpg,Chelmon muelleri,iNaturalist,4.959539379105867,4.46427654853952,12.46723747237013,9.169669167933552,7.506599132710323,4.623283747057956
Chelmon_rostratus_iNaturalist_10597368.jpg,Chelmon rostratus,iNaturalist,-9.029785524928416,24.71349892052706,-1.6805087572095367,28.85381245659159,7.506599132710323,4.623283747057956
Chelmon_rostratus_iNaturalist_116164409.jpg,Chelmon rostratus,iNaturalist,19.89045477780674,20.635451036506883,26.955300810338887,25.147073109236167,7.506599132710323,4.623283747057956
Chelmon_rostratus_iNaturalist_132056083.jpg,Chelmon rostratus,iNaturalist,9.902263523076888,15.091546097542151,17.3892874084822,19.52203854790411,7.506599132710323,4.623283747057956
Chelmon_rostratus_iNaturalist_138964692.jpg,Chelmon rostratus,iNaturalist,-23.285243180148075,21.33984877497647,-15.565579378342125,25.27859935759111,7.506599132710323,4.623283747057956
Chelmon_rostratus_iNaturalist_165226880.jpg,Chelmon rostratus,iNaturalist,-13.731763967652846,18.080468664770446,-5.886649235546424,22.87887045128327,7.506599132710323,4.623283747057956
Chelmon_rostratus_iNaturalist_389832450.jpg,Chelmon rostratus,iNaturalist,-2.885577337678314,8.860105686324271,4.594806103403455,13.388428736667704,7.506599132710323,4.623283747057956
Chelmon_rostratus_iNaturalist_579723287.jpg,Chelmon rostratus,iNaturalist,5.533937514997397,7.255704435842189,12.917590108400459,11.77242055788441,7.506599132710323,4.623283747057956
Chelmon_rostratus_iNaturalist_579723343.jpg,Chelmon rostratus,iNaturalist,6.157958251820707,23.611443204509676,13.54055847111665,28.300409449245276,7.506599132710323,4.623283747057956
Chelmon_rostratus_iNaturalist_605809779.jpg,Chelmon rostratus,iNaturalist,-26.101519562546535,34.14918221956028,-18.724300890784285,38.375714351060715,7.506599132710323,4.623283747057956
Chelmonops_curiosus_iNaturalist_13983228.jpg,Chelmonops curiosus,iNaturalist,-10.529839754606446,-0.3236055946183638,-3.1235512388238873,4.150005103660915,7.506599132710323,4.623283747057956
Chelmonops_curiosus_iNaturalist_17452463.jpg,Chelmonops curiosus,iNaturalist,3.8191919591202974,6.869651608596243,11.277048141399112,11.557278279473655,7.506599132710323,4.623283747057956
Chelmonops_curiosus_iNaturalist_199284350.jpg,Chelmonops curiosus,iNaturalist,21.68948926383142,6.4444438024574975,27.917915211910962,10.615777901753813,7.506599132710323,4.623283747057956
Chelmonops_curiosus_iNaturalist_23672257.jpg,Chelmonops curiosus,iNaturalist,-4.438312880116091,8.103917173247922,2.857339131584903,12.826034586297187,7.506599132710323,4.623283747057956
Chelmonops_curiosus_iNaturalist_23672405.jpg,Chelmonops curiosus,iNaturalist,-6.993038428854467,-11.674038150350082,0.40091004483224707,-7.117029054327061,7.506599132710323,4.623283747057956
Chelmonops_curiosus_iNaturalist_29627923.jpg,Chelmonops curiosus,iNaturalist,-12.704927813360195,-19.37988140279921,-5.244279084896104,-14.821430686818578,7.506599132710323,4.623283747057956
Chelmonops_curiosus_iNaturalist_29627943.jpg,Chelmonops curiosus,iNaturalist,-6.258988212461149,-30.028109773633467,1.171801238692244,-25.359511794793967,7.506599132710323,4.623283747057956
Chelmonops_curiosus_iNaturalist_342365702.jpg,Chelmonops curiosus,iNaturalist,-18.038232996926272,19.47755407996234,-10.611052430693874,24.016224567321263,7.506599132710323,4.623283747057956
Chelmonops_curiosus_iNaturalist_342373914.jpg,Chelmonops curiosus,iNaturalist,-15.004803057281233,10.472608544313399,-7.533466415404997,15.1049294866707,7.506599132710323,4.623283747057956
Chelmonops_truncatus_iNaturalist_18275793.jpg,Chelmonops truncatus,iNaturalist,-9.730762941768198,10.820639683758888,-2.257121947907466,15.35399150764061,7.506599132710323,4.623283747057956
Chelmonops_truncatus_iNaturalist_20710357.jpg,Chelmonops truncatus,iNaturalist,1.9667854037082595,18.032379891272676,9.324339434025275,22.94258606583942,7.506599132710323,4.623283747057956
Chelmonops_truncatus_iNaturalist_21652115.jpg,Chelmonops truncatus,iNaturalist,1.3454456611265062,-3.3766376670794025,8.809296723858177,1.5019772032696888,7.506599132710323,4.623283747057956
Chelmonops_truncatus_iNaturalist_21652120.jpg,Chelmonops truncatus,iNaturalist,1.8762257104756828,-1.7802031943562397,9.471005756121935,2.7685429436632285,7.506599132710323,4.623283747057956
Chelmonops_truncatus_iNaturalist_23943685.jpg,Chelmonops truncatus,iNaturalist,-1.0916199164218845,8.622851227758366,6.302555803624679,13.106685889497902,7.506599132710323,4.623283747057956
Chelmonops_truncatus_iNaturalist_24980935.jpg,Chelmonops truncatus,iNaturalist,4.584018595080314,21.626335008213687,12.025557710721863,26.281575085058044,7.506599132710323,4.623283747057956
Chelmonops_truncatus_iNaturalist_33025273.jpg,Chelmonops truncatus,iNaturalist,1.3406550938026602,8.739681741041384,8.8170835182619,13.420449169128231,7.506599132710323,4.623283747057956
Chelmonops_truncatus_iNaturalist_42619218.jpg,Chelmonops truncatus,iNaturalist,-16.22087012841737,-1.1955804307858675,-8.608471157433863,3.3988747196420883,7.506599132710323,4.623283747057956
Chelmonops_truncatus_iNaturalist_76040538.jpg,Chelmonops truncatus,iNaturalist,2.411440879721832,6.392058516326753,9.189957798531973,11.020910386323315,7.506599132710323,4.623283747057956
Chelmonops_truncatus_iNaturalist_79031638.jpg,Chelmonops truncatus,iNaturalist,5.56727525928075,4.241511990500248,11.411962404110525,7.9631687505009365,7.506599132710323,4.623283747057956
Coradion_altivelis_iNaturalist_154303836.jpg,Coradion altivelis,iNaturalist,-11.970880127366543,10.069214265980765,-4.293433081194889,14.40848902499732,7.506599132710323,4.623283747057956
Coradion_altivelis_iNaturalist_154303839.jpg,Coradion altivelis,iNaturalist,-17.414640170790136,6.883267296515152,-9.832895419745222,11.198030876888236,7.506599132710323,4.623283747057956
Coradion_altivelis_iNaturalist_220153501.jpg,Coradion altivelis,iNaturalist,-18.609347378684998,17.784292555620542,-11.058563215555099,22.578389005726525,7.506599132710323,4.623283747057956
Coradion_altivelis_iNaturalist_273099920.jpg,Coradion altivelis,iNaturalist,-5.115139132915002,14.831892827963058,2.2453518106094927,19.054025392280032,7.506599132710323,4.623283747057956
Coradion_altivelis_iNaturalist_273101790.jpg,Coradion altivelis,iNaturalist,-4.9889451885919875,17.53539029393364,2.6082384234478138,22.37574476499269,7.506599132710323,4.623283747057956
Coradion_altivelis_iNaturalist_283987512.jpg,Coradion altivelis,iNaturalist,-24.414601309174717,-11.647576284310105,-16.51400547971084,-7.40224057798322,7.506599132710323,4.623283747057956
Coradion_altivelis_iNaturalist_319434619.jpg,Coradion altivelis,iNaturalist,-20.41168853909164,15.145726006794302,-12.987572878076023,19.605014663907465,7.506599132710323,4.623283747057956
Coradion_altivelis_iNaturalist_43170142.jpg,Coradion altivelis,iNaturalist,-24.60585152839812,-0.9126055255760362,-16.985828827991906,3.5191318935069527,7.506599132710323,4.623283747057956
Coradion_altivelis_iNaturalist_585934103.jpg,Coradion altivelis,iNaturalist,-1.299220189993042,-1.7236144589566487,6.106895001268425,2.7894991708641705,7.506599132710323,4.623283747057956
Coradion_altivelis_iNaturalist_600159384.jpg,Coradion altivelis,iNaturalist,-20.49660775279362,39.249299218977505,-12.707712450242285,42.36065930537384,7.506599132710323,4.623283747057956
Coradion_chrysozonus_iNaturalist_131619442.jpg,Coradion chrysozonus,iNaturalist,2.2071683572673386,18.658435910161835,9.753620730551795,23.38384730994168,7.506599132710323,4.623283747057956
Coradion_chrysozonus_iNaturalist_160228299.jpg,Coradion chrysozonus,iNaturalist,16.259829629409634,2.6762510467568577,23.686609565731988,7.261219257300547,7.506599132710323,4.623283747057956
Coradion_chrysozonus_iNaturalist_266332535.jpg,Coradion chrysozonus,iNaturalist,5.230451851984515,14.612502371216234,12.666120043282671,18.428047281738387,7.506599132710323,4.623283747057956
Coradion_chrysozonus_iNaturalist_277154827.jpg,Coradion chrysozonus,iNaturalist,5.958505391173257,16.084146823378664,12.713499111075564,20.197081948866483,7.506599132710323,4.623283747057956
Coradion_chrysozonus_iNaturalist_325219219.jpg,Coradion chrysozonus,iNaturalist,-0.4598490646501845,7.473488781758522,6.934151961442616,11.875457936930625,7.506599132710323,4.623283747057956
Coradion_chrysozonus_iNaturalist_336902408.jpg,Coradion chrysozonus,iNaturalist,-14.304102147048951,-10.955191018728478,-6.853428022047877,-6.6990315020906825,7.506599132710323,4.623283747057956
Coradion_chrysozonus_iNaturalist_336902426.jpg,Coradion chrysozonus,iNaturalist,-9.394218672646014,-11.663688258117405,-1.5737691650777745,-7.059837977156842,7.506599132710323,4.623283747057956
Coradion_chrysozonus_iNaturalist_368388152.jpg,Coradion chrysozonus,iNaturalist,-2.7183395844438967,6.9239902513689255,4.834481699616714,11.72587543578911,7.506599132710323,4.623283747057956
Coradion_chrysozonus_iNaturalist_428621525.jpg,Coradion chrysozonus,iNaturalist,-20.893939209607492,19.98796433189884,-13.48029104186005,24.268588825273646,7.506599132710323,4.623283747057956
Coradion_chrysozonus_iNaturalist_67179004.jpg,Coradion chrysozonus,iNaturalist,-0.06810060451533906,21.22128257200694,7.063670581159958,25.286077719676207,7.506599132710323,4.623283747057956
Coradion_melanopus_iNaturalist_179314622.jpg,Coradion melanopus,iNaturalist,-3.3311819662561297,-1.8573538962339775,4.127639064216415,2.6280205763767124,7.506599132710323,4.623283747057956
Coradion_melanopus_iNaturalist_19089572.jpg,Coradion melanopus,iNaturalist,0.42469222019351993,3.6415347877232445,7.952354569100564,8.401291180273459,7.506599132710323,4.623283747057956
Coradion_melanopus_iNaturalist_38455831.jpg,Coradion melanopus,iNaturalist,-3.1159694087527585,13.026800432197502,4.414155057736994,18.13733042671756,7.506599132710323,4.623283747057956
Coradion_melanopus_iNaturalist_461842709.jpg,Coradion melanopus,iNaturalist,7.133245391802881,14.846816384220933,14.94062040101694,20.11748268487969,7.506599132710323,4.623283747057956
Coradion_melanopus_iNaturalist_572762865.jpg,Coradion melanopus,iNaturalist,16.308254224493915,-0.8294079671645636,23.970473737014867,3.61742464712633,7.506599132710323,4.623283747057956
Coradion_melanopus_iNaturalist_591247918.jpg,Coradion melanopus,iNaturalist,5.047756440238464,-0.12644874782087728,11.466584258042044,4.389774759168989,7.506599132710323,4.623283747057956
Coradion_melanopus_iNaturalist_594962027.jpg,Coradion melanopus,iNaturalist,2.568526819657706,6.259099964099996,10.209948012352662,10.700748050317124,7.506599132710323,4.623283747057956
Coradion_melanopus_iNaturalist_594962045.jpg,Coradion melanopus,iNaturalist,0.23662574516351784,-0.05882606394794227,7.614774501474862,4.750644347497911,7.506599132710323,4.623283747057956
Coradion_melanopus_iNaturalist_80459445.jpg,Coradion melanopus,iNaturalist,7.499481152657296,10.894439770301155,15.216325567234392,15.323698956659786,7.506599132710323,4.623283747057956
Forcipiger_flavissimus_iNaturalist_170376471.jpg,Forcipiger flavissimus,iNaturalist,-54.275877998292366,48.47088886519147,-46.75359192573788,52.28897983443578,7.506599132710323,4.623283747057956
Forcipiger_flavissimus_iNaturalist_17443763.jpg,Forcipiger flavissimus,iNaturalist,-6.817821920132675,41.63861358629331,0.8836318677378069,44.92707613659769,7.506599132710323,4.623283747057956
Forcipiger_flavissimus_iNaturalist_179529899.jpg,Forcipiger flavissimus,iNaturalist,-21.664537973427162,44.20879657503467,-14.180089955711425,48.52741009461676,7.506599132710323,4.623283747057956
Forcipiger_flavissimus_iNaturalist_179529903.jpg,Forcipiger flavissimus,iNaturalist,-17.731558581946995,42.91773908794798,-10.216130082985973,47.05408371559574,7.506599132710323,4.623283747057956
Forcipiger_flavissimus_iNaturalist_222104159.jpg,Forcipiger flavissimus,iNaturalist,-6.34788662648944,56.57890971168995,1.3096566495313875,59.08116291376253,7.506599132710323,4.623283747057956
Forcipiger_flavissimus_iNaturalist_237549065.jpg,Forcipiger flavissimus,iNaturalist,-10.24490453894565,17.111485930149822,-2.607027412772791,21.25568671744789,7.506599132710323,4.623283747057956
Forcipiger_flavissimus_iNaturalist_260490467.jpg,Forcipiger flavissimus,iNaturalist,-6.915380640428804,4.72612547593823,0.6488158838064855,8.872374401762881,7.506599132710323,4.623283747057956
Forcipiger_flavissimus_iNaturalist_389876206.jpg,Forcipiger flavissimus,iNaturalist,-5.5124903428083725,51.68501708863883,1.9257110858149866,54.09645238562621,7.506599132710323,4.623283747057956
Forcipiger_flavissimus_iNaturalist_59975862.jpg,Forcipiger flavissimus,iNaturalist,-4.681151342065444,56.851512934653215,3.012721774032326,58.48000686283439,7.506599132710323,4.623283747057956
Forcipiger_flavissimus_iNaturalist_64532564.jpg,Forcipiger flavissimus,iNaturalist,-0.5303670383223736,58.563322809564006,6.988400321721473,60.6575069580946,7.506599132710323,4.623283747057956
Forcipiger_longirostris_iNaturalist_335279641.jpg,Forcipiger longirostris,iNaturalist,13.942252231560488,11.053037340786418,21.622725653836685,15.894698001136852,7.506599132710323,4.623283747057956
Forcipiger_longirostris_iNaturalist_350169.jpg,Forcipiger longirostris,iNaturalist,-11.23324057430544,23.05806600874297,-3.750518174734953,26.488753204279487,7.506599132710323,4.623283747057956
Forcipiger_longirostris_iNaturalist_415726122.jpg,Forcipiger longirostris,iNaturalist,-5.775066102444685,58.958177044341035,1.670752031385413,61.80454486955578,7.506599132710323,4.623283747057956
Forcipiger_longirostris_iNaturalist_474224006.jpg,Forcipiger longirostris,iNaturalist,-18.64793148356725,-8.869293338212406,-11.309859687356273,-3.990510789760863,7.506599132710323,4.623283747057956
Forcipiger_longirostris_iNaturalist_474224219.jpg,Forcipiger longirostris,iNaturalist,-39.57462320585135,3.1447997345098506,-31.975067697466915,7.398081604431295,7.506599132710323,4.623283747057956
Forcipiger_longirostris_iNaturalist_474224273.jpg,Forcipiger longirostris,iNaturalist,-30.798412094199854,3.8644798721237925,-23.264339153967732,8.471830486432198,7.506599132710323,4.623283747057956
Forcipiger_longirostris_iNaturalist_527171759.jpg,Forcipiger longirostris,iNaturalist,-9.258334636867174,46.337068791570736,-2.566209018976835,50.526926381755885,7.506599132710323,4.623283747057956
Forcipiger_longirostris_iNaturalist_592502757.jpg,Forcipiger longirostris,iNaturalist,-0.6069589730049697,-10.451709127918669,7.055507692125887,-5.9151267455437155,7.506599132710323,4.623283747057956
Forcipiger_longirostris_iNaturalist_592502784.jpg,Forcipiger longirostris,iNaturalist,2.4123319961848697,-4.212608581749581,10.026202137362718,0.36194346087263907,7.506599132710323,4.623283747057956
Forcipiger_wanai_iNaturalist_435111898.jpg,Forcipiger wanai,iNaturalist,-16.93648047902959,40.58201112800333,-9.377590579681993,46.11998898723701,7.506599132710323,4.623283747057956
Forcipiger_wanai_iNaturalist_435111986.jpg,Forcipiger wanai,iNaturalist,-12.80852985158707,50.35970016994169,-6.527444964361827,54.13047245506658,7.506599132710323,4.623283747057956
Forcipiger_wanai_iNaturalist_435112008.jpg,Forcipiger wanai,iNaturalist,-22.350024469333473,45.74644737401624,-14.949778705392752,50.67861432264321,7.506599132710323,4.623283747057956
Forcipiger_wanai_iNaturalist_436511687.jpg,Forcipiger wanai,iNaturalist,-12.676660511323634,37.18449116394804,-5.191991197575515,40.0053473761931,7.506599132710323,4.623283747057956
Forcipiger_wanai_iNaturalist_456409328.jpg,Forcipiger wanai,iNaturalist,-10.004069987368299,43.10615070759322,-2.3354058219395886,46.34792709056935,7.506599132710323,4.623283747057956
Forcipiger_wanai_iNaturalist_457030087.jpg,Forcipiger wanai,iNaturalist,-3.5664897799235535,32.31152610082606,3.9392260878520915,36.55534000281651,7.506599132710323,4.623283747057956
Forcipiger_wanai_iNaturalist_458153810.jpg,Forcipiger wanai,iNaturalist,-21.373066651351095,47.165134289443024,-13.942275628953174,50.572185162333085,7.506599132710323,4.623283747057956
Forcipiger_wanai_iNaturalist_566944234.jpg,Forcipiger wanai,iNaturalist,-11.02435380638271,47.52142812288782,-3.407346992783865,51.34746424842374,7.506599132710323,4.623283747057956
Forcipiger_wanai_iNaturalist_59037792.jpg,Forcipiger wanai,iNaturalist,2.6025835028098743,46.562048760156266,10.206800258792672,49.76279307327466,7.506599132710323,4.623283747057956
Forcipiger_wanai_iNaturalist_597780049.jpg,Forcipiger wanai,iNaturalist,-11.536032888040621,8.370684729169877,-4.059823051397791,12.931245543300665,7.506599132710323,4.623283747057956
Hemitaurichthys_polylepis_iNaturalist_179467594.jpg,Hemitaurichthys polylepis,iNaturalist,-3.458139784943666,10.964132790519075,4.219907151510959,14.099347800293907,7.506599132710323,4.623283747057956
Hemitaurichthys_polylepis_iNaturalist_237757988.jpg,Hemitaurichthys polylepis,iNaturalist,6.344695593603669,-30.616606550458865,14.162736513911613,-26.371941972183645,7.506599132710323,4.623283747057956
Hemitaurichthys_polylepis_iNaturalist_409603661.jpg,Hemitaurichthys polylepis,iNaturalist,-14.456221429504705,16.95083878460122,-7.048738055242416,21.395457850804807,7.506599132710323,4.623283747057956
Hemitaurichthys_polylepis_iNaturalist_409603672.jpg,Hemitaurichthys polylepis,iNaturalist,-30.92498961008504,8.140092469319134,-23.369179484215973,12.233605191058137,7.506599132710323,4.623283747057956
Hemitaurichthys_polylepis_iNaturalist_409603684.jpg,Hemitaurichthys polylepis,iNaturalist,-22.098858841606784,12.118076272902698,-14.467667833849639,15.349050383433761,7.506599132710323,4.623283747057956
Hemitaurichthys_polylepis_iNaturalist_477147605.jpg,Hemitaurichthys polylepis,iNaturalist,-4.279490430526764,-7.686954307938459,3.223235904014679,-3.5796530543225082,7.506599132710323,4.623283747057956
Hemitaurichthys_polylepis_iNaturalist_505103184.jpg,Hemitaurichthys polylepis,iNaturalist,-3.899539568249126,24.31244554267308,3.237221487891423,26.96066198417158,7.506599132710323,4.623283747057956
Hemitaurichthys_thompsoni_iNaturalist_122841071.jpg,Hemitaurichthys thompsoni,iNaturalist,-0.7211721259950304,-31.566336555661994,6.703594602607234,-26.811137507963668,7.506599132710323,4.623283747057956
Hemitaurichthys_thompsoni_iNaturalist_263235771.jpg,Hemitaurichthys thompsoni,iNaturalist,1.7091230755321862,-31.663592571213474,9.215893824550081,-26.87486147270468,7.506599132710323,4.623283747057956
Hemitaurichthys_thompsoni_iNaturalist_535843126.jpg,Hemitaurichthys thompsoni,iNaturalist,28.484608528386605,-56.78047812514534,35.90361014926207,-52.06793631438336,7.506599132710323,4.623283747057956
Hemitaurichthys_thompsoni_iNaturalist_601149930.jpg,Hemitaurichthys thompsoni,iNaturalist,2.972259159488644,-25.68403594551921,10.53772457292016,-21.23397357596191,7.506599132710323,4.623283747057956
Hemitaurichthys_thompsoni_iNaturalist_601149946.jpg,Hemitaurichthys thompsoni,iNaturalist,-0.21541908761794543,-18.80837397099647,7.206536356725087,-13.824540989110908,7.506599132710323,4.623283747057956
Hemitaurichthys_thompsoni_iNaturalist_601149963.jpg,Hemitaurichthys thompsoni,iNaturalist,1.9852814174213151,-21.563577801021417,9.458077042716685,-16.96813006337712,7.506599132710323,4.623283747057956
Hemitaurichthys_thompsoni_iNaturalist_610388709.jpg,Hemitaurichthys thompsoni,iNaturalist,-2.083886792470715,-18.25149171772058,5.105804277245527,-13.334565038057868,7.506599132710323,4.623283747057956
Hemitaurichthys_zoster_iNaturalist_15934136.jpg,Hemitaurichthys zoster,iNaturalist,-8.639751960656902,-12.348416365593701,-1.1246570971815064,-7.4129768983577025,7.506599132710323,4.623283747057956
Hemitaurichthys_zoster_iNaturalist_485085859.jpg,Hemitaurichthys zoster,iNaturalist,-22.822616095514036,-14.58660831548993,-15.06514942938406,-10.088076042802626,7.506599132710323,4.623283747057956
Hemitaurichthys_zoster_iNaturalist_567879903.jpg,Hemitaurichthys zoster,iNaturalist,-14.612808557462245,-15.127069357147356,-7.31312624608816,-10.443933212857829,7.506599132710323,4.623283747057956
Hemitaurichthys_zoster_iNaturalist_602452085.jpg,Hemitaurichthys zoster,iNaturalist,11.753232549692699,-35.85433508729152,19.164629130574777,-31.20764197937291,7.506599132710323,4.623283747057956
Hemitaurichthys_zoster_iNaturalist_602702693.jpg,Hemitaurichthys zoster,iNaturalist,-10.637945300240354,-8.510343878941553,-3.056275826826233,-3.983502299314135,7.506599132710323,4.623283747057956
Hemitaurichthys_zoster_iNaturalist_77719643.jpg,Hemitaurichthys zoster,iNaturalist,-23.583593362419524,-6.7592977817383115,-15.981568579214223,-2.1673607444863228,7.506599132710323,4.623283747057956
Heniochus_acuminatus_iNaturalist_20970094.jpg,Heniochus acuminatus,iNaturalist,-3.089126014482365,1.554285827249201,4.391104253295202,6.250138621483512,7.506599132710323,4.623283747057956
Heniochus_acuminatus_iNaturalist_230063607.jpg,Heniochus acuminatus,iNaturalist,-23.12523527051142,-13.389081545069468,-15.661296841914844,-8.723890366501722,7.506599132710323,4.623283747057956
Heniochus_acuminatus_iNaturalist_251551497.jpg,Heniochus acuminatus,iNaturalist,-11.354152604831665,-3.8695979590118004,-4.074749914228487,0.05226502896123454,7.506599132710323,4.623283747057956
Heniochus_acuminatus_iNaturalist_386242137.jpg,Heniochus acuminatus,iNaturalist,-0.34408402037615893,-19.175197801076006,7.246850416094788,-14.741064774950686,7.506599132710323,4.623283747057956
Heniochus_acuminatus_iNaturalist_386242143.jpg,Heniochus acuminatus,iNaturalist,-6.92714312850134,-3.9395042157502225,0.34086504947453633,0.8823311839906073,7.506599132710323,4.623283747057956
Heniochus_acuminatus_iNaturalist_407722773.jpg,Heniochus acuminatus,iNaturalist,7.366065544886063,10.238374584348726,14.748547629638237,14.530770635574779,7.506599132710323,4.623283747057956
Heniochus_acuminatus_iNaturalist_598752844.jpg,Heniochus acuminatus,iNaturalist,-23.655501364798987,-18.293344122047518,-16.003575578635235,-13.807546311262165,7.506599132710323,4.623283747057956
Heniochus_acuminatus_iNaturalist_598752856.jpg,Heniochus acuminatus,iNaturalist,-23.49750778733432,-22.850909455888758,-16.04688406531512,-18.195957525102028,7.506599132710323,4.623283747057956
Heniochus_acuminatus_iNaturalist_598753383.jpg,Heniochus acuminatus,iNaturalist,-22.553099718939603,-15.610754037869762,-15.03052879704444,-11.01484913432647,7.506599132710323,4.623283747057956
Heniochus_acuminatus_iNaturalist_598753419.jpg,Heniochus acuminatus,iNaturalist,-1.9579008277278844,-0.4496749629095747,5.464010248982364,4.1464081096936445,7.506599132710323,4.623283747057956
Heniochus_chrysostomus_iNaturalist_170510325.jpg,Heniochus chrysostomus,iNaturalist,-0.5334383313633464,5.773649787567247,6.560490951101191,10.53847107145946,7.506599132710323,4.623283747057956
Heniochus_chrysostomus_iNaturalist_206734406.jpg,Heniochus chrysostomus,iNaturalist,-26.740473602868867,13.935860269776287,-18.929788614766498,18.20472649054302,7.506599132710323,4.623283747057956
Heniochus_chrysostomus_iNaturalist_237286772.jpg,Heniochus chrysostomus,iNaturalist,-10.827554784058341,-7.958225115719068,-3.3703030905077487,-3.392087778903942,7.506599132710323,4.623283747057956
Heniochus_chrysostomus_iNaturalist_237286787.jpg,Heniochus chrysostomus,iNaturalist,-10.828847117012184,-7.258168165927697,-3.2554647523021165,-2.684118304421595,7.506599132710323,4.623283747057956
Heniochus_chrysostomus_iNaturalist_237980308.jpg,Heniochus chrysostomus,iNaturalist,-1.5645218500439977,5.734908272156937,5.8653917014259855,10.101215008459286,7.506599132710323,4.623283747057956
Heniochus_chrysostomus_iNaturalist_251695494.jpg,Heniochus chrysostomus,iNaturalist,-7.966923792423843,-11.616349854264266,-0.8963042888954704,-6.790728256123442,7.506599132710323,4.623283747057956
Heniochus_chrysostomus_iNaturalist_472989237.jpg,Heniochus chrysostomus,iNaturalist,-1.482990894507948,1.875655279326101,6.117191344205103,6.289617014553125,7.506599132710323,4.623283747057956
Heniochus_chrysostomus_iNaturalist_9703424.jpg,Heniochus chrysostomus,iNaturalist,4.513919038259641,-6.702421819264305,11.980103131041783,-2.0438553056330453,7.506599132710323,4.623283747057956
Heniochus_chrysostomus_iNaturalist_9703440.jpg,Heniochus chrysostomus,iNaturalist,-3.0516938702989718,-3.6548255030549543,4.404655109622407,1.0139826416344644,7.506599132710323,4.623283747057956
Heniochus_diphreutes_iNaturalist_178100777.jpg,Heniochus diphreutes,iNaturalist,-8.653499126243762,-26.316355846263637,-1.3226448452403035,-21.488757925378454,7.506599132710323,4.623283747057956
Heniochus_diphreutes_iNaturalist_178879467.jpg,Heniochus diphreutes,iNaturalist,-1.3557853371818054,0.4788597666003226,6.1720064798692444,4.961827340980339,7.506599132710323,4.623283747057956
Heniochus_diphreutes_iNaturalist_305134134.jpg,Heniochus diphreutes,iNaturalist,-3.448779823345782,3.47479118625778,3.903799679651904,7.853262971067339,7.506599132710323,4.623283747057956
Heniochus_diphreutes_iNaturalist_361214183.jpg,Heniochus diphreutes,iNaturalist,-9.46429919061015,-1.5987172308816275,-1.9932323405184011,2.7429871001397164,7.506599132710323,4.623283747057956
Heniochus_diphreutes_iNaturalist_361214220.jpg,Heniochus diphreutes,iNaturalist,-9.66918822746402,-0.21499360106863952,-2.2337680845988723,4.142267233512833,7.506599132710323,4.623283747057956
Heniochus_diphreutes_iNaturalist_605814253.jpg,Heniochus diphreutes,iNaturalist,-0.07808865978710515,-2.309402056465507,7.378138696388054,2.040185780242087,7.506599132710323,4.623283747057956
Heniochus_diphreutes_iNaturalist_605814272.jpg,Heniochus diphreutes,iNaturalist,0.12092238668154139,-5.822895412831661,7.558282881759428,-1.6456644125970665,7.506599132710323,4.623283747057956
Heniochus_diphreutes_iNaturalist_605814292.jpg,Heniochus diphreutes,iNaturalist,-2.9864006016801743,-4.908693586277806,4.492308726598195,-0.3354939162031164,7.506599132710323,4.623283747057956
Heniochus_intermedius_iNaturalist_190615451.jpg,Heniochus intermedius,iNaturalist,-18.772609201571335,-2.5085568997113263,-11.407169254863241,2.02761608396756,7.506599132710323,4.623283747057956
Heniochus_intermedius_iNaturalist_354359713.jpg,Heniochus intermedius,iNaturalist,-6.743249173576998,21.621025816660044,0.6887106346318067,25.9190948103791,7.506599132710323,4.623283747057956
Heniochus_intermedius_iNaturalist_418060508.jpg,Heniochus intermedius,iNaturalist,-11.690832697740191,7.759176340113857,-4.239030734006334,12.651494623916754,7.506599132710323,4.623283747057956
Heniochus_intermedius_iNaturalist_466154072.jpg,Heniochus intermedius,iNaturalist,10.304149858536281,-45.460605631607116,17.89385461097743,-41.02808594371692,7.506599132710323,4.623283747057956
Heniochus_intermedius_iNaturalist_468855261.jpg,Heniochus intermedius,iNaturalist,-14.005800340314584,1.945167336668803,-6.508079327943592,5.837596270875161,7.506599132710323,4.623283747057956
Heniochus_intermedius_iNaturalist_487588004.jpg,Heniochus intermedius,iNaturalist,-8.720415064526387,10.467397330923353,-1.2839299340673158,14.935515090484001,7.506599132710323,4.623283747057956
Heniochus_intermedius_iNaturalist_511341361.jpg,Heniochus intermedius,iNaturalist,1.2426879889189566,15.118642356862681,8.659794705210375,19.751901639703693,7.506599132710323,4.623283747057956
Heniochus_intermedius_iNaturalist_582191458.jpg,Heniochus intermedius,iNaturalist,2.0339402204904244,21.611470067305895,9.466273572795474,25.612938659354306,7.506599132710323,4.623283747057956
Heniochus_intermedius_iNaturalist_582254294.jpg,Heniochus intermedius,iNaturalist,5.696110979614183,19.70186120634911,12.993058756800748,23.543088093286475,7.506599132710323,4.623283747057956
Heniochus_intermedius_iNaturalist_591524712.jpg,Heniochus intermedius,iNaturalist,-5.7552571243767945,0.633065663950217,1.8567626366760508,5.0540615590500835,7.506599132710323,4.623283747057956
Heniochus_monoceros_iNaturalist_14722046.jpg,Heniochus monoceros,iNaturalist,-0.519860505016655,14.08926966221024,6.887807486035154,18.614830827487918,7.506599132710323,4.623283747057956
Heniochus_monoceros_iNaturalist_172139341.jpg,Heniochus monoceros,iNaturalist,3.15045225777083,6.172922568104697,10.113488360260298,10.268533024307919,7.506599132710323,4.623283747057956
Heniochus_monoceros_iNaturalist_172139432.jpg,Heniochus monoceros,iNaturalist,-0.9601599557705833,4.163903863320649,6.102337122173043,8.157893725816207,7.506599132710323,4.623283747057956
Heniochus_monoceros_iNaturalist_459471784.jpg,Heniochus monoceros,iNaturalist,-2.169551136532307,10.791490630627608,5.352214055805991,15.372421267950008,7.506599132710323,4.623283747057956
Heniochus_monoceros_iNaturalist_592878636.jpg,Heniochus monoceros,iNaturalist,-11.26306402162283,41.609643023925656,-3.5583617053976195,45.064294324754655,7.506599132710323,4.623283747057956
Heniochus_monoceros_iNaturalist_84610546.jpg,Heniochus monoceros,iNaturalist,-2.0236932890366037,-17.16118783033901,5.476535634273299,-12.720639108721155,7.506599132710323,4.623283747057956
Heniochus_pleurotaenia_iNaturalist_197005693.jpg,Heniochus pleurotaenia,iNaturalist,-10.224567040934524,-3.5347964881105867,-2.7667349011032782,1.1063385089113917,7.506599132710323,4.623283747057956
Heniochus_pleurotaenia_iNaturalist_474493863.jpg,Heniochus pleurotaenia,iNaturalist,-21.83787086811032,-5.526551301699247,-14.378776619333875,-0.8654832055544988,7.506599132710323,4.623283747057956
Heniochus_pleurotaenia_iNaturalist_474493868.jpg,Heniochus pleurotaenia,iNaturalist,-13.078626711094733,-2.619175699094024,-5.521638866583545,1.66450561506273,7.506599132710323,4.623283747057956
Heniochus_pleurotaenia_iNaturalist_474493869.jpg,Heniochus pleurotaenia,iNaturalist,-17.364031774270988,-0.02227563350510412,-9.866035825593027,4.616804958643375,7.506599132710323,4.623283747057956
Heniochus_pleurotaenia_iNaturalist_593339856.jpg,Heniochus pleurotaenia,iNaturalist,-27.036203764262492,-7.1540422860142625,-19.628604656134343,-2.394908513853669,7.506599132710323,4.623283747057956
Heniochus_pleurotaenia_iNaturalist_593339892.jpg,Heniochus pleurotaenia,iNaturalist,-26.560140592864236,-7.135276344577597,-18.954092040744243,-2.5958050205351655,7.506599132710323,4.623283747057956
Heniochus_pleurotaenia_iNaturalist_599641812.jpg,Heniochus pleurotaenia,iNaturalist,2.853160925290763,13.15178151735501,10.44713299968672,17.835069039153304,7.506599132710323,4.623283747057956
Heniochus_pleurotaenia_iNaturalist_66920433.jpg,Heniochus pleurotaenia,iNaturalist,-18.77457976568787,-11.488965332139648,-11.078230917208375,-6.850124714193074,7.506599132710323,4.623283747057956
Heniochus_pleurotaenia_iNaturalist_78290.jpg,Heniochus pleurotaenia,iNaturalist,1.4951005417100616,8.657248784378854,9.036764047266857,13.285422524525929,7.506599132710323,4.623283747057956
Heniochus_singularius_iNaturalist_19670206.jpg,Heniochus singularius,iNaturalist,3.3690424968380794,11.041423926338359,11.095771880501754,14.976935261053145,7.506599132710323,4.623283747057956
Heniochus_singularius_iNaturalist_244754514.jpg,Heniochus singularius,iNaturalist,-19.98800422421937,5.261727614071288,-12.392060317465528,9.520879719221035,7.506599132710323,4.623283747057956
Heniochus_singularius_iNaturalist_340601370.jpg,Heniochus singularius,iNaturalist,-11.78204155476407,8.830066015142702,-4.374374036039806,13.439058914986877,7.506599132710323,4.623283747057956
Heniochus_singularius_iNaturalist_477534054.jpg,Heniochus singularius,iNaturalist,1.0245088403906224,17.429924688312628,8.272801829518517,21.24388591552866,7.506599132710323,4.623283747057956
Heniochus_singularius_iNaturalist_478493440.jpg,Heniochus singularius,iNaturalist,-18.41891327786975,-2.592003466389019,-11.44496943418049,2.2681777719031624,7.506599132710323,4.623283747057956
Heniochus_singularius_iNaturalist_478493447.jpg,Heniochus singularius,iNaturalist,-21.975618002274864,-4.456821243809716,-14.86671176861268,-0.0292975919484604,7.506599132710323,4.623283747057956
Heniochus_singularius_iNaturalist_479558505.jpg,Heniochus singularius,iNaturalist,-24.188463760666096,2.7822258086601592,-16.587418413571022,6.841273843497341,7.506599132710323,4.623283747057956
Heniochus_singularius_iNaturalist_483418203.jpg,Heniochus singularius,iNaturalist,-25.399380882159683,1.8513067110100538,-17.9787847231356,6.522982021906457,7.506599132710323,4.623283747057956
Heniochus_varius_iNaturalist_294238984.jpg,Heniochus varius,iNaturalist,-9.099477168426244,2.536881729405234,-1.74598571697308,7.162683289049087,7.506599132710323,4.623283747057956
Heniochus_varius_iNaturalist_345490182.jpg,Heniochus varius,iNaturalist,-4.043039088227351,0.5465877761896785,3.331013026218051,5.138961508116517,7.506599132710323,4.623283747057956
Heniochus_varius_iNaturalist_395588221.jpg,Heniochus varius,iNaturalist,-25.366615233612766,-1.3875369652062939,-17.80687382267165,3.0539290832991646,7.506599132710323,4.623283747057956
Heniochus_varius_iNaturalist_401424294.jpg,Heniochus varius,iNaturalist,-6.472188450250075,11.33532907401284,0.9050129782923754,15.551822392705109,7.506599132710323,4.623283747057956
Heniochus_varius_iNaturalist_401424295.jpg,Heniochus varius,iNaturalist,-20.01294662324894,13.1711556468867,-12.728195686544025,17.88886720186576,7.506599132710323,4.623283747057956
Heniochus_varius_iNaturalist_406913809.jpg,Heniochus varius,iNaturalist,3.694173108769723,5.964837168562598,11.088194432492442,10.410760148961163,7.506599132710323,4.623283747057956
Heniochus_varius_iNaturalist_558793993.jpg,Heniochus varius,iNaturalist,5.789017621104771,2.6952687999931135,13.309165172071621,7.752968290483635,7.506599132710323,4.623283747057956
Heniochus_varius_iNaturalist_60367466.jpg,Heniochus varius,iNaturalist,7.578954560602842,7.676435236387133,13.882665043864492,11.76948255836732,7.506599132710323,4.623283747057956
Heniochus_varius_iNaturalist_703219.jpg,Heniochus varius,iNaturalist,-6.072785430421718,-4.829162894227054,1.5014439568406273,-0.22746824672587163,7.506599132710323,4.623283747057956
Heniochus_varius_iNaturalist_919499.jpg,Heniochus varius,iNaturalist,0.46071130428550705,1.303578909636103,8.065728909665152,5.892157534157233,7.506599132710323,4.623283747057956
Johnrandallia_nigrirostris_iNaturalist_14815735.jpg,Johnrandallia nigrirostris,iNaturalist,-17.912151069437947,5.208691557341701,-10.223045572365285,9.430932182015965,7.506599132710323,4.623283747057956
Johnrandallia_nigrirostris_iNaturalist_274774145.jpg,Johnrandallia nigrirostris,iNaturalist,-11.335345834604473,-13.302326327732022,-3.7805549417900823,-8.49470314406151,7.506599132710323,4.623283747057956
Johnrandallia_nigrirostris_iNaturalist_2848140.jpg,Johnrandallia nigrirostris,iNaturalist,-5.534628656826666,19.121011349661497,1.743180566404088,23.316651715902484,7.506599132710323,4.623283747057956
Johnrandallia_nigrirostris_iNaturalist_338069056.jpg,Johnrandallia nigrirostris,iNaturalist,-7.427016978664488,11.096312218839312,-0.05936942849027855,15.73846528087087,7.506599132710323,4.623283747057956
Johnrandallia_nigrirostris_iNaturalist_338069057.jpg,Johnrandallia nigrirostris,iNaturalist,-6.548207422073372,13.26165305767913,0.9479471254430715,17.750061959396284,7.506599132710323,4.623283747057956
Johnrandallia_nigrirostris_iNaturalist_347256914.jpg,Johnrandallia nigrirostris,iNaturalist,-15.044011820715866,-18.430858783693605,-7.591772724807856,-13.699173886056206,7.506599132710323,4.623283747057956
Johnrandallia_nigrirostris_iNaturalist_79602584.jpg,Johnrandallia nigrirostris,iNaturalist,-8.389584813734402,9.10050073479695,-1.4827974967570663,13.60420754393354,7.506599132710323,4.623283747057956
Johnrandallia_nigrirostris_iNaturalist_90964108.jpg,Johnrandallia nigrirostris,iNaturalist,-1.6318146149728696,16.940888555860543,6.093539630072756,20.139077626624147,7.506599132710323,4.623283747057956
Parachaetodon_ocellatus_iNaturalist_101338050.jpg,Parachaetodon ocellatus,iNaturalist,2.271131431143655,8.41290433220026,9.815715937919203,12.887380713342482,7.506599132710323,4.623283747057956
Parachaetodon_ocellatus_iNaturalist_106487797.jpg,Parachaetodon ocellatus,iNaturalist,-14.721842343915988,13.870845277541209,-7.181749015058763,18.746210899796036,7.506599132710323,4.623283747057956
Parachaetodon_ocellatus_iNaturalist_10940397.jpg,Parachaetodon ocellatus,iNaturalist,2.954363517832071,27.409823194786206,10.112575969517607,31.35646372278135,7.506599132710323,4.623283747057956
Parachaetodon_ocellatus_iNaturalist_10940553.jpg,Parachaetodon ocellatus,iNaturalist,-5.297263024543453,-13.664302740559275,1.9055598131058242,-8.90914648974858,7.506599132710323,4.623283747057956
Parachaetodon_ocellatus_iNaturalist_127629586.jpg,Parachaetodon ocellatus,iNaturalist,-6.326785514520981,2.548075685214688,1.099344627772775,7.416722875486482,7.506599132710323,4.623283747057956
Parachaetodon_ocellatus_iNaturalist_341061427.jpg,Parachaetodon ocellatus,iNaturalist,1.4879637358881006,16.232860516739784,8.652073179626468,20.14197627282439,7.506599132710323,4.623283747057956
Parachaetodon_ocellatus_iNaturalist_46792087.jpg,Parachaetodon ocellatus,iNaturalist,0.6403333711700638,9.829149255047394,8.126642764322835,14.263169698380338,7.506599132710323,4.623283747057956
Parachaetodon_ocellatus_iNaturalist_568088836.jpg,Parachaetodon ocellatus,iNaturalist,-2.3399521219836195,11.94713267530834,4.72253858378097,16.324680612909557,7.506599132710323,4.623283747057956
Parachaetodon_ocellatus_iNaturalist_579722938.jpg,Parachaetodon ocellatus,iNaturalist,1.1227747200909268,17.735784241765046,8.634632613977143,22.25737263766581,7.506599132710323,4.623283747057956
Parachaetodon_ocellatus_iNaturalist_61646524.jpg,Parachaetodon ocellatus,iNaturalist,-1.1044411031173,10.810145253026606,6.628553739453455,16.481563147732874,7.506599132710323,4.623283747057956
Prognathodes_aculeatus_iNaturalist_147548487.jpg,Prognathodes aculeatus,iNaturalist,1.757651904545382,15.076996592282557,9.153558959918929,19.765020979867632,7.506599132710323,4.623283747057956
Prognathodes_aculeatus_iNaturalist_284621950.jpg,Prognathodes aculeatus,iNaturalist,1.6850987984670027,2.413638186629094,9.031948844868253,7.024888959574531,7.506599132710323,4.623283747057956
Prognathodes_aculeatus_iNaturalist_30531970.jpg,Prognathodes aculeatus,iNaturalist,7.20420570166474,15.559527743198839,14.958579880921741,20.09328367532248,7.506599132710323,4.623283747057956
Prognathodes_aculeatus_iNaturalist_30531979.jpg,Prognathodes aculeatus,iNaturalist,3.2693120451186433,24.69718619940109,10.371576124992604,29.168000810304413,7.506599132710323,4.623283747057956
Prognathodes_aculeatus_iNaturalist_390540552.jpg,Prognathodes aculeatus,iNaturalist,4.280747464877335,3.7290388202160365,11.809429386348885,8.418129115878386,7.506599132710323,4.623283747057956
Prognathodes_aculeatus_iNaturalist_465334435.jpg,Prognathodes aculeatus,iNaturalist,-3.4516215989569448,7.817673959383833,4.197324475919198,12.369264201097995,7.506599132710323,4.623283747057956
Prognathodes_aculeatus_iNaturalist_525211901.jpg,Prognathodes aculeatus,iNaturalist,-16.370621121104822,0.37079964605821164,-8.72263398865194,4.90297091061299,7.506599132710323,4.623283747057956
Prognathodes_aculeatus_iNaturalist_549990135.jpg,Prognathodes aculeatus,iNaturalist,2.053477011859708,22.685919826241317,9.279855087701186,27.37420997043304,7.506599132710323,4.623283747057956
Prognathodes_aculeatus_iNaturalist_581759717.jpg,Prognathodes aculeatus,iNaturalist,-21.533458227322928,14.303322923664856,-14.02239164925146,18.943980456166727,7.506599132710323,4.623283747057956
Prognathodes_aculeatus_iNaturalist_601647878.jpg,Prognathodes aculeatus,iNaturalist,26.1442228002157,34.050250886468916,32.23544933531246,37.97251481496536,7.506599132710323,4.623283747057956
Prognathodes_aya_iNaturalist_414251810.jpg,Prognathodes aya,iNaturalist,-0.5917442878649177,2.452733238158357,6.957777484867864,7.055126538289737,7.506599132710323,4.623283747057956
Prognathodes_aya_iNaturalist_414251812.jpg,Prognathodes aya,iNaturalist,-5.411583905058354,5.998436185414642,2.068514988708484,10.516702743671003,7.506599132710323,4.623283747057956
Prognathodes_carlhubbsi_iNaturalist_197703.jpg,Prognathodes carlhubbsi,iNaturalist,-2.6224740980822365,11.010667834657065,4.8544187004663115,15.772864943287862,7.506599132710323,4.623283747057956
Prognathodes_carlhubbsi_iNaturalist_289302294.jpg,Prognathodes carlhubbsi,iNaturalist,3.1832622743280927,5.551298411229999,10.631869791765963,10.349061868860765,7.506599132710323,4.623283747057956
Prognathodes_carlhubbsi_iNaturalist_296851093.jpg,Prognathodes carlhubbsi,iNaturalist,-4.331288588689856,3.8506343191149486,3.063711629609779,8.539198197939239,7.506599132710323,4.623283747057956
Prognathodes_carlhubbsi_iNaturalist_369004742.jpg,Prognathodes carlhubbsi,iNaturalist,-2.18381298977332,6.12280502308018,5.092328843054622,10.347297362371513,7.506599132710323,4.623283747057956
Prognathodes_carlhubbsi_iNaturalist_369004805.jpg,Prognathodes carlhubbsi,iNaturalist,-3.6413136059940663,6.855302060147426,4.110129583313108,11.225040619612296,7.506599132710323,4.623283747057956
Prognathodes_carlhubbsi_iNaturalist_422516459.jpg,Prognathodes carlhubbsi,iNaturalist,-14.574719980301365,13.411617879934767,-7.253584903469117,17.962873106840732,7.506599132710323,4.623283747057956
Prognathodes_carlhubbsi_iNaturalist_422516471.jpg,Prognathodes carlhubbsi,iNaturalist,-16.49836005413542,14.813437097895955,-9.054245043803318,19.458676951457957,7.506599132710323,4.623283747057956
Prognathodes_carlhubbsi_iNaturalist_443367431.jpg,Prognathodes carlhubbsi,iNaturalist,4.025066951304009,14.301017634501827,11.32116107099375,18.616969477905265,7.506599132710323,4.623283747057956
Prognathodes_carlhubbsi_iNaturalist_443367465.jpg,Prognathodes carlhubbsi,iNaturalist,-3.1699230243621463,8.107399482517552,3.984438184473692,12.466625415726192,7.506599132710323,4.623283747057956
Prognathodes_carlhubbsi_iNaturalist_443367541.jpg,Prognathodes carlhubbsi,iNaturalist,-4.6140393196695895,7.91127730964848,2.9195721597364317,12.414621936714266,7.506599132710323,4.623283747057956
Prognathodes_dichrous_iNaturalist_59250499.jpg,Prognathodes dichrous,iNaturalist,-10.277618556700252,-12.983005693741353,-2.4890855905892524,-8.448986559240234,7.506599132710323,4.623283747057956
Prognathodes_falcifer_iNaturalist_207868114.jpg,Prognathodes falcifer,iNaturalist,-9.976912410649488,-7.009083211914215,-2.744709696727896,-2.013629813653636,7.506599132710323,4.623283747057956
Prognathodes_falcifer_iNaturalist_208018123.jpg,Prognathodes falcifer,iNaturalist,-7.19730284497996,1.2337991395282593,-0.0743543138450994,6.103045402991654,7.506599132710323,4.623283747057956
Prognathodes_falcifer_iNaturalist_240542331.jpg,Prognathodes falcifer,iNaturalist,-17.573423017196927,-13.697496264295904,-9.95245233189141,-8.981065841827085,7.506599132710323,4.623283747057956
Prognathodes_falcifer_iNaturalist_439465583.jpg,Prognathodes falcifer,iNaturalist,-2.1848287590632958,-3.9415680499606998,5.21996773465742,0.6755702141504172,7.506599132710323,4.623283747057956
Prognathodes_falcifer_iNaturalist_440145575.jpg,Prognathodes falcifer,iNaturalist,2.6059335160241957,-6.073055391301703,10.25116038710912,-1.4790554950523949,7.506599132710323,4.623283747057956
Prognathodes_falcifer_iNaturalist_44348913.jpg,Prognathodes falcifer,iNaturalist,-18.664304656716318,-11.650465314451015,-11.243399384730475,-6.916504980941202,7.506599132710323,4.623283747057956
Prognathodes_falcifer_iNaturalist_562177023.jpg,Prognathodes falcifer,iNaturalist,-3.3722635436267634,9.710723130791298,4.110856918344224,14.051315376621313,7.506599132710323,4.623283747057956
Prognathodes_falcifer_iNaturalist_562177033.jpg,Prognathodes falcifer,iNaturalist,-5.178394497553425,-6.157269868100891,2.16505953556313,-1.397810637222078,7.506599132710323,4.623283747057956
Prognathodes_falcifer_iNaturalist_562177068.jpg,Prognathodes falcifer,iNaturalist,-3.052434959285126,2.923679055758797,4.3650255805454625,7.3997079055456005,7.506599132710323,4.623283747057956
Prognathodes_guyanensis_iNaturalist_456412996.jpg,Prognathodes guyanensis,iNaturalist,-12.933878029078524,6.184142409678081,-5.379114680974043,10.618621503752731,7.506599132710323,4.623283747057956
Prognathodes_marcellae_iNaturalist_166670490.jpg,Prognathodes marcellae,iNaturalist,0.5226185942313964,25.320891469835427,7.155116503764553,29.473688952475165,7.506599132710323,4.623283747057956
Prognathodes_marcellae_iNaturalist_166670964.jpg,Prognathodes marcellae,iNaturalist,-0.5553397543638098,24.480563373876475,6.333957507371182,28.454888618164112,7.506599132710323,4.623283747057956
Prognathodes_marcellae_iNaturalist_176153571.jpg,Prognathodes marcellae,iNaturalist,17.706493381397223,33.36116688707565,24.846599945714352,37.595591508241775,7.506599132710323,4.623283747057956
Prognathodes_marcellae_iNaturalist_184144288.jpg,Prognathodes marcellae,iNaturalist,-1.653683384290693,16.11452941054096,5.70842940200439,21.02897454691115,7.506599132710323,4.623283747057956
Prognathodes_marcellae_iNaturalist_184144302.jpg,Prognathodes marcellae,iNaturalist,-5.8511768630340875,31.54696765872421,1.8012809827685923,34.68815735944722,7.506599132710323,4.623283747057956
Prognathodes_marcellae_iNaturalist_185079663.jpg,Prognathodes marcellae,iNaturalist,-36.80511896564078,18.964312954703985,-29.542799171129772,23.524177635269904,7.506599132710323,4.623283747057956
Prognathodes_marcellae_iNaturalist_244937622.jpg,Prognathodes marcellae,iNaturalist,10.04661203352179,24.447082490603876,17.210102355640334,28.828678373151018,7.506599132710323,4.623283747057956
Prognathodes_marcellae_iNaturalist_273249646.jpg,Prognathodes marcellae,iNaturalist,-8.017642952536107,17.69654430519219,-0.5294188012060291,22.026712295571123,7.506599132710323,4.623283747057956
Roa_modesta_iNaturalist_200235685.jpg,Roa modesta,iNaturalist,-10.969469573002009,5.508158947491554,-3.342028304316255,10.120955589203934,7.506599132710323,4.623283747057956
Roa_modesta_iNaturalist_351064622.jpg,Roa modesta,iNaturalist,9.09275696394423,12.112212422125728,16.72233716033672,16.96327933615878,7.506599132710323,4.623283747057956
Roa_modesta_iNaturalist_351064648.jpg,Roa modesta,iNaturalist,-4.792698966218188,5.508253236911452,2.5126536861036963,10.187074302138415,7.506599132710323,4.623283747057956
Roa_modesta_iNaturalist_351101106.jpg,Roa modesta,iNaturalist,2.7265322084804966,6.6416120557092215,10.049005066682623,11.306767982655572,7.506599132710323,4.623283747057956
Roa_modesta_iNaturalist_351101127.jpg,Roa modesta,iNaturalist,5.373085796573819,8.860384249125028,12.5835078391155,13.273460476503638,7.506599132710323,4.623283747057956
Roa_modesta_iNaturalist_410589366.jpg,Roa modesta,iNaturalist,-7.36934811329294,-0.8594369991102856,0.10578704519417631,3.80968299580518,7.506599132710323,4.623283747057956
Roa_modesta_iNaturalist_410589399.jpg,Roa modesta,iNaturalist,4.273549273163357,0.031797026308756644,11.76699114328825,4.98049264332865,7.506599132710323,4.623283747057956
Roa_modesta_iNaturalist_431619017.jpg,Roa modesta,iNaturalist,4.376620581831593,16.659571837848052,11.90399047347322,21.561442786977974,7.506599132710323,4.623283747057956
Roa_modesta_iNaturalist_475502900.jpg,Roa modesta,iNaturalist,4.222784731154704,17.214188481394004,11.712936661490556,21.998431012814834,7.506599132710323,4.623283747057956
