filename,species,directory,method,dino_n_boxes,sam_mask_area,image_width,image_height,mask_fraction,segmented_path,status
Heniochus_acuminatus_FishPix_54009AF.jpg,Heniochus acuminatus,images,hybrid_apple_dinosam,1,0,640,640,0.0,../../analysis/approach_1_gmm/segmented_dinosam/Heniochus_acuminatus/Heniochus_acuminatus_FishPix_54009AF.png,success
Heniochus_diphreutes_FishPix_21252AF.jpg,Heniochus diphreutes,images,hybrid_apple_dinosam,1,17204,640,640,0.042,../../analysis/approach_1_gmm/segmented_dinosam/Heniochus_diphreutes/Heniochus_diphreutes_FishPix_21252AF.png,success
Prognathodes_marcellae_FishBase_Prmar_u0.jpg,Prognathodes marcellae,images,hybrid_apple_dinosam,2,17357,640,456,0.0595,../../analysis/approach_1_gmm/segmented_dinosam/Prognathodes_marcellae/Prognathodes_marcellae_FishBase_Prmar_u0.png,success
Forcipiger_flavissimus_Bishop_-1548318421.jpg,Forcipiger flavissimus,images_bishop,hybrid_apple_dinosam,1,173485,771,600,0.375,../../analysis/approach_1_gmm/segmented_dinosam/Forcipiger_flavissimus/Forcipiger_flavissimus_Bishop_-1548318421.png,success
Heniochus_acuminatus_Bishop_1965411939.jpg,Heniochus acuminatus,images_bishop,hybrid_apple_dinosam,1,173753,800,588,0.3694,../../analysis/approach_1_gmm/segmented_dinosam/Heniochus_acuminatus/Heniochus_acuminatus_Bishop_1965411939.png,success
Heniochus_acuminatus_Bishop_2027043176.jpg,Heniochus acuminatus,images_bishop,hybrid_apple_dinosam,1,103703,518,600,0.3337,../../analysis/approach_1_gmm/segmented_dinosam/Heniochus_acuminatus/Heniochus_acuminatus_Bishop_2027043176.png,success
Heniochus_diphreutes_Bishop_1453219286.jpg,Heniochus diphreutes,images_bishop,hybrid_apple_dinosam,1,133239,583,600,0.3809,../../analysis/approach_1_gmm/segmented_dinosam/Heniochus_diphreutes/Heniochus_diphreutes_Bishop_1453219286.png,success
Amphichaetodon_howensis_FishBase_Amhow_u0.jpg,Amphichaetodon howensis,images_fishbase_extra,hybrid_apple_dinosam,4,42803,640,486,0.1376,../../analysis/approach_1_gmm/segmented_dinosam/Amphichaetodon_howensis/Amphichaetodon_howensis_FishBase_Amhow_u0.png,success
Chaetodon_adiergastos_FishBase_Chadi_u0.jpg,Chaetodon adiergastos,images_fishbase_extra,hybrid_apple_dinosam,7,17552,640,486,0.0564,../../analysis/approach_1_gmm/segmented_dinosam/Chaetodon_adiergastos/Chaetodon_adiergastos_FishBase_Chadi_u0.png,success
Chaetodon_adiergastos_FishBase_Chadi_u3.jpg,Chaetodon adiergastos,images_fishbase_extra,hybrid_apple_dinosam,1,0,640,431,0.0,../../analysis/approach_1_gmm/segmented_dinosam/Chaetodon_adiergastos/Chaetodon_adiergastos_FishBase_Chadi_u3.png,success
Chaetodon_auriga_FishBase_Chaur_u3.jpg,Chaetodon auriga,images_fishbase_extra,hybrid_apple_dinosam,1,21047,640,480,0.0685,../../analysis/approach_1_gmm/segmented_dinosam/Chaetodon_auriga/Chaetodon_auriga_FishBase_Chaur_u3.png,success
Chaetodon_auriga_FishBase_Chaur_ue.jpg,Chaetodon auriga,images_fishbase_extra,hybrid_apple_dinosam,1,5850,640,442,0.0207,../../analysis/approach_1_gmm/segmented_dinosam/Chaetodon_auriga/Chaetodon_auriga_FishBase_Chaur_ue.png,success
Chaetodon_baronessa_FishBase_Chbar_u7.jpg,Chaetodon baronessa,images_fishbase_extra,hybrid_apple_dinosam,1,11895,640,419,0.0444,../../analysis/approach_1_gmm/segmented_dinosam/Chaetodon_baronessa/Chaetodon_baronessa_FishBase_Chbar_u7.png,success
Chaetodon_bennetti_FishBase_Chben_u3.jpg,Chaetodon bennetti,images_fishbase_extra,hybrid_apple_dinosam,1,0,628,457,0.0,../../analysis/approach_1_gmm/segmented_dinosam/Chaetodon_bennetti/Chaetodon_bennetti_FishBase_Chben_u3.png,success
Chaetodon_guentheri_FishBase_Chgue_u2.jpg,Chaetodon guentheri,images_fishbase_extra,hybrid_apple_dinosam,7,23434,640,468,0.0782,../../analysis/approach_1_gmm/segmented_dinosam/Chaetodon_guentheri/Chaetodon_guentheri_FishBase_Chgue_u2.png,success
Chaetodon_lineolatus_FishBase_Chlin_uk.jpg,Chaetodon lineolatus,images_fishbase_extra,hybrid_apple_dinosam,1,7571,640,478,0.0247,../../analysis/approach_1_gmm/segmented_dinosam/Chaetodon_lineolatus/Chaetodon_lineolatus_FishBase_Chlin_uk.png,success
Chaetodon_lunula_FishBase_Chlun_j1.jpg,Chaetodon lunula,images_fishbase_extra,hybrid_apple_dinosam,1,20071,640,433,0.0724,../../analysis/approach_1_gmm/segmented_dinosam/Chaetodon_lunula/Chaetodon_lunula_FishBase_Chlun_j1.png,success
Chaetodon_lunula_FishBase_Chlun_un.jpg,Chaetodon lunula,images_fishbase_extra,hybrid_apple_dinosam,1,27767,640,493,0.088,../../analysis/approach_1_gmm/segmented_dinosam/Chaetodon_lunula/Chaetodon_lunula_FishBase_Chlun_un.png,success
Chaetodon_lunulatus_FishBase_Chlun_uj.jpg,Chaetodon lunulatus,images_fishbase_extra,hybrid_apple_dinosam,1,0,640,480,0.0,../../analysis/approach_1_gmm/segmented_dinosam/Chaetodon_lunulatus/Chaetodon_lunulatus_FishBase_Chlun_uj.png,success
Chaetodon_miliaris_FishBase_Chmil_u3.jpg,Chaetodon miliaris,images_fishbase_extra,hybrid_apple_dinosam,2,22768,640,418,0.0851,../../analysis/approach_1_gmm/segmented_dinosam/Chaetodon_miliaris/Chaetodon_miliaris_FishBase_Chmil_u3.png,success
Chaetodon_ocellatus_FishBase_Choce_u5.jpg,Chaetodon ocellatus,images_fishbase_extra,hybrid_apple_dinosam,1,10921,450,348,0.0697,../../analysis/approach_1_gmm/segmented_dinosam/Chaetodon_ocellatus/Chaetodon_ocellatus_FishBase_Choce_u5.png,success
Chaetodon_octofasciatus_FishBase_Choct_j0.jpg,Chaetodon octofasciatus,images_fishbase_extra,hybrid_apple_dinosam,1,11451,640,409,0.0437,../../analysis/approach_1_gmm/segmented_dinosam/Chaetodon_octofasciatus/Chaetodon_octofasciatus_FishBase_Choct_j0.png,success
Chaetodon_octofasciatus_FishBase_Choct_j1.jpg,Chaetodon octofasciatus,images_fishbase_extra,hybrid_apple_dinosam,1,16589,640,420,0.0617,../../analysis/approach_1_gmm/segmented_dinosam/Chaetodon_octofasciatus/Chaetodon_octofasciatus_FishBase_Choct_j1.png,success
Chaetodon_ornatissimus_FishBase_Chorn_uf.jpg,Chaetodon ornatissimus,images_fishbase_extra,hybrid_apple_dinosam,2,15051,640,426,0.0552,../../analysis/approach_1_gmm/segmented_dinosam/Chaetodon_ornatissimus/Chaetodon_ornatissimus_FishBase_Chorn_uf.png,success
Chaetodon_quadrimaculatus_FishBase_Chqua_u6.jpg,Chaetodon quadrimaculatus,images_fishbase_extra,hybrid_apple_dinosam,1,36,640,420,0.0001,../../analysis/approach_1_gmm/segmented_dinosam/Chaetodon_quadrimaculatus/Chaetodon_quadrimaculatus_FishBase_Chqua_u6.png,success
Chaetodon_sanctaehelenae_FishBase_Chsan_u6.jpg,Chaetodon sanctaehelenae,images_fishbase_extra,hybrid_apple_dinosam,4,16659,640,367,0.0709,../../analysis/approach_1_gmm/segmented_dinosam/Chaetodon_sanctaehelenae/Chaetodon_sanctaehelenae_FishBase_Chsan_u6.png,success
Chaetodon_smithi_FishBase_Chsmi_u2.jpg,Chaetodon smithi,images_fishbase_extra,hybrid_apple_dinosam,3,18803,640,448,0.0656,../../analysis/approach_1_gmm/segmented_dinosam/Chaetodon_smithi/Chaetodon_smithi_FishBase_Chsmi_u2.png,success
Chaetodon_speculum_FishBase_Chspe_j0.jpg,Chaetodon speculum,images_fishbase_extra,hybrid_apple_dinosam,1,14522,630,480,0.048,../../analysis/approach_1_gmm/segmented_dinosam/Chaetodon_speculum/Chaetodon_speculum_FishBase_Chspe_j0.png,success
Chaetodon_speculum_FishBase_Chspe_ub.jpg,Chaetodon speculum,images_fishbase_extra,hybrid_apple_dinosam,2,133348,630,480,0.441,../../analysis/approach_1_gmm/segmented_dinosam/Chaetodon_speculum/Chaetodon_speculum_FishBase_Chspe_ub.png,success
Chaetodon_trifasciatus_FishBase_Chtri_ur.jpg,Chaetodon trifasciatus,images_fishbase_extra,hybrid_apple_dinosam,1,9997,640,406,0.0385,../../analysis/approach_1_gmm/segmented_dinosam/Chaetodon_trifasciatus/Chaetodon_trifasciatus_FishBase_Chtri_ur.png,success
Chaetodon_ulietensis_FishBase_Chuli_u3.jpg,Chaetodon ulietensis,images_fishbase_extra,hybrid_apple_dinosam,1,8917,640,426,0.0327,../../analysis/approach_1_gmm/segmented_dinosam/Chaetodon_ulietensis/Chaetodon_ulietensis_FishBase_Chuli_u3.png,success
Chaetodon_ulietensis_FishBase_Chuli_u6.jpg,Chaetodon ulietensis,images_fishbase_extra,hybrid_apple_dinosam,4,20710,640,427,0.0758,../../analysis/approach_1_gmm/segmented_dinosam/Chaetodon_ulietensis/Chaetodon_ulietensis_FishBase_Chuli_u6.png,success
Chaetodon_unimaculatus_FishBase_Chuni_ul.jpg,Chaetodon unimaculatus,images_fishbase_extra,hybrid_apple_dinosam,2,9,640,426,0.0,../../analysis/approach_1_gmm/segmented_dinosam/Chaetodon_unimaculatus/Chaetodon_unimaculatus_FishBase_Chuni_ul.png,success
Chaetodon_xanthurus_FishBase_Chxan_uk.jpg,Chaetodon xanthurus,images_fishbase_extra,hybrid_apple_dinosam,2,5964,640,480,0.0194,../../analysis/approach_1_gmm/segmented_dinosam/Chaetodon_xanthurus/Chaetodon_xanthurus_FishBase_Chxan_uk.png,success
Chelmon_rostratus_FishBase_Chros_u7.jpg,Chelmon rostratus,images_fishbase_extra,hybrid_apple_dinosam,1,4720,640,424,0.0174,../../analysis/approach_1_gmm/segmented_dinosam/Chelmon_rostratus/Chelmon_rostratus_FishBase_Chros_u7.png,success
Forcipiger_flavissimus_FishBase_Fofla_u4.jpg,Forcipiger flavissimus,images_fishbase_extra,hybrid_apple_dinosam,1,102301,591,460,0.3763,../../analysis/approach_1_gmm/segmented_dinosam/Forcipiger_flavissimus/Forcipiger_flavissimus_FishBase_Fofla_u4.png,success
Forcipiger_longirostris_FishBase_Folon_u6.jpg,Forcipiger longirostris,images_fishbase_extra,hybrid_apple_dinosam,1,13075,640,404,0.0506,../../analysis/approach_1_gmm/segmented_dinosam/Forcipiger_longirostris/Forcipiger_longirostris_FishBase_Folon_u6.png,success
Hemitaurichthys_polylepis_FishBase_Hepol_u7.jpg,Hemitaurichthys polylepis,images_fishbase_extra,hybrid_apple_dinosam,2,12159,640,444,0.0428,../../analysis/approach_1_gmm/segmented_dinosam/Hemitaurichthys_polylepis/Hemitaurichthys_polylepis_FishBase_Hepol_u7.png,success
Heniochus_acuminatus_FishBase_Heacu_j0.jpg,Heniochus acuminatus,images_fishbase_extra,hybrid_apple_dinosam,1,20220,640,430,0.0735,../../analysis/approach_1_gmm/segmented_dinosam/Heniochus_acuminatus/Heniochus_acuminatus_FishBase_Heacu_j0.png,success
Heniochus_acuminatus_FishBase_Heacu_u1.jpg,Heniochus acuminatus,images_fishbase_extra,hybrid_apple_dinosam,1,101876,612,450,0.3699,../../analysis/approach_1_gmm/segmented_dinosam/Heniochus_acuminatus/Heniochus_acuminatus_FishBase_Heacu_u1.png,success
Heniochus_acuminatus_FishBase_Heacu_u2.jpg,Heniochus acuminatus,images_fishbase_extra,hybrid_apple_dinosam,1,59061,388,450,0.3383,../../analysis/approach_1_gmm/segmented_dinosam/Heniochus_acuminatus/Heniochus_acuminatus_FishBase_Heacu_u2.png,success
Heniochus_acuminatus_FishBase_Heacu_u3.jpg,Heniochus acuminatus,images_fishbase_extra,hybrid_apple_dinosam,3,28272,640,377,0.1172,../../analysis/approach_1_gmm/segmented_dinosam/Heniochus_acuminatus/Heniochus_acuminatus_FishBase_Heacu_u3.png,success
Heniochus_acuminatus_FishBase_Heacu_u6.jpg,Heniochus acuminatus,images_fishbase_extra,hybrid_apple_dinosam,2,4566,637,464,0.0154,../../analysis/approach_1_gmm/segmented_dinosam/Heniochus_acuminatus/Heniochus_acuminatus_FishBase_Heacu_u6.png,success
Heniochus_acuminatus_FishBase_Heacu_ug.jpg,Heniochus acuminatus,images_fishbase_extra,hybrid_apple_dinosam,1,87061,480,512,0.3543,../../analysis/approach_1_gmm/segmented_dinosam/Heniochus_acuminatus/Heniochus_acuminatus_FishBase_Heacu_ug.png,success
Heniochus_acuminatus_FishBase_Heacu_uk.jpg,Heniochus acuminatus,images_fishbase_extra,hybrid_apple_dinosam,1,67582,387,480,0.3638,../../analysis/approach_1_gmm/segmented_dinosam/Heniochus_acuminatus/Heniochus_acuminatus_FishBase_Heacu_uk.png,success
Heniochus_chrysostomus_FishBase_Hechr_j0.jpg,Heniochus chrysostomus,images_fishbase_extra,hybrid_apple_dinosam,1,47566,384,480,0.2581,../../analysis/approach_1_gmm/segmented_dinosam/Heniochus_chrysostomus/Heniochus_chrysostomus_FishBase_Hechr_j0.png,success
Heniochus_diphreutes_FishBase_Hedip_u1.jpg,Heniochus diphreutes,images_fishbase_extra,hybrid_apple_dinosam,1,4280,640,409,0.0164,../../analysis/approach_1_gmm/segmented_dinosam/Heniochus_diphreutes/Heniochus_diphreutes_FishBase_Hedip_u1.png,success
Heniochus_diphreutes_FishBase_Hedip_u2.jpg,Heniochus diphreutes,images_fishbase_extra,hybrid_apple_dinosam,1,75428,438,450,0.3827,../../analysis/approach_1_gmm/segmented_dinosam/Heniochus_diphreutes/Heniochus_diphreutes_FishBase_Hedip_u2.png,success
Heniochus_diphreutes_FishBase_Hedip_u4.jpg,Heniochus diphreutes,images_fishbase_extra,hybrid_apple_dinosam,1,86424,565,480,0.3187,../../analysis/approach_1_gmm/segmented_dinosam/Heniochus_diphreutes/Heniochus_diphreutes_FishBase_Hedip_u4.png,success
Heniochus_monoceros_FishBase_Hemon_u5.jpg,Heniochus monoceros,images_fishbase_extra,hybrid_apple_dinosam,2,1445,640,444,0.0051,../../analysis/approach_1_gmm/segmented_dinosam/Heniochus_monoceros/Heniochus_monoceros_FishBase_Hemon_u5.png,success
Heniochus_monoceros_FishBase_Hemon_u6.jpg,Heniochus monoceros,images_fishbase_extra,hybrid_apple_dinosam,1,50,640,427,0.0002,../../analysis/approach_1_gmm/segmented_dinosam/Heniochus_monoceros/Heniochus_monoceros_FishBase_Hemon_u6.png,success
Johnrandallia_nigrirostris_FishBase_Jonig_u3.jpg,Johnrandallia nigrirostris,images_fishbase_extra,hybrid_apple_dinosam,3,109,350,480,0.0006,../../analysis/approach_1_gmm/segmented_dinosam/Johnrandallia_nigrirostris/Johnrandallia_nigrirostris_FishBase_Jonig_u3.png,success
Chaetodon_adiergastos_FishBaseUser_1577140803_172.68.102.30.jpg,Chaetodon adiergastos,images_fishbase_usercontrib,hybrid_apple_dinosam,1,1025303,4196,2801,0.0872,../../analysis/approach_1_gmm/segmented_dinosam/Chaetodon_adiergastos/Chaetodon_adiergastos_FishBaseUser_1577140803_172.68.102.30.png,success
Chaetodon_adiergastos_FishBaseUser_1753598392_219.73.75.40.jpg,Chaetodon adiergastos,images_fishbase_usercontrib,hybrid_apple_dinosam,1,441836,3081,2340,0.0613,../../analysis/approach_1_gmm/segmented_dinosam/Chaetodon_adiergastos/Chaetodon_adiergastos_FishBaseUser_1753598392_219.73.75.40.png,success
Chaetodon_andamanensis_FishBaseUser_1747224556_95.95.129.49.jpg,Chaetodon andamanensis,images_fishbase_usercontrib,hybrid_apple_dinosam,1,746756,4271,2850,0.0613,../../analysis/approach_1_gmm/segmented_dinosam/Chaetodon_andamanensis/Chaetodon_andamanensis_FishBaseUser_1747224556_95.95.129.49.png,success
Chaetodon_auriga_FishBaseUser_1526830822_162.158.22.216.jpg,Chaetodon auriga,images_fishbase_usercontrib,hybrid_apple_dinosam,1,75803,1220,884,0.0703,../../analysis/approach_1_gmm/segmented_dinosam/Chaetodon_auriga/Chaetodon_auriga_FishBaseUser_1526830822_162.158.22.216.png,success
Chaetodon_auriga_FishBaseUser_1656491305_172.70.142.69.jpg,Chaetodon auriga,images_fishbase_usercontrib,hybrid_apple_dinosam,1,0,427,403,0.0,../../analysis/approach_1_gmm/segmented_dinosam/Chaetodon_auriga/Chaetodon_auriga_FishBaseUser_1656491305_172.70.142.69.png,success
Chaetodon_auriga_FishBaseUser_1672899735_172.69.34.39.jpg,Chaetodon auriga,images_fishbase_usercontrib,hybrid_apple_dinosam,1,5261,640,960,0.0086,../../analysis/approach_1_gmm/segmented_dinosam/Chaetodon_auriga/Chaetodon_auriga_FishBaseUser_1672899735_172.69.34.39.png,success
Chaetodon_auriga_FishBaseUser_1747225070_95.95.129.49.jpg,Chaetodon auriga,images_fishbase_usercontrib,hybrid_apple_dinosam,1,287603,2151,1613,0.0829,../../analysis/approach_1_gmm/segmented_dinosam/Chaetodon_auriga/Chaetodon_auriga_FishBaseUser_1747225070_95.95.129.49.png,success
Chaetodon_auripes_FishBaseUser_1672899960_172.71.214.86.jpg,Chaetodon auripes,images_fishbase_usercontrib,hybrid_apple_dinosam,1,0,640,480,0.0,../../analysis/approach_1_gmm/segmented_dinosam/Chaetodon_auripes/Chaetodon_auripes_FishBaseUser_1672899960_172.71.214.86.png,success
Chaetodon_austriacus_FishBaseUser_1747225338_95.95.129.49.jpg,Chaetodon austriacus,images_fishbase_usercontrib,hybrid_apple_dinosam,1,172517,2390,1792,0.0403,../../analysis/approach_1_gmm/segmented_dinosam/Chaetodon_austriacus/Chaetodon_austriacus_FishBaseUser_1747225338_95.95.129.49.png,success
Chaetodon_baronessa_FishBaseUser_1527590351_162.158.22.210.jpg,Chaetodon baronessa,images_fishbase_usercontrib,hybrid_apple_dinosam,2,100718,1644,1256,0.0488,../../analysis/approach_1_gmm/segmented_dinosam/Chaetodon_baronessa/Chaetodon_baronessa_FishBaseUser_1527590351_162.158.22.210.png,success
Chaetodon_baronessa_FishBaseUser_1569479961_172.68.189.231.jpg,Chaetodon baronessa,images_fishbase_usercontrib,hybrid_apple_dinosam,1,73411,1620,1080,0.042,../../analysis/approach_1_gmm/segmented_dinosam/Chaetodon_baronessa/Chaetodon_baronessa_FishBaseUser_1569479961_172.68.189.231.png,success
Chaetodon_capistratus_FishBaseUser_1528207456_162.158.22.24.jpg,Chaetodon capistratus,images_fishbase_usercontrib,hybrid_apple_dinosam,2,0,3412,2406,0.0,../../analysis/approach_1_gmm/segmented_dinosam/Chaetodon_capistratus/Chaetodon_capistratus_FishBaseUser_1528207456_162.158.22.24.png,success
Chaetodon_citrinellus_FishBaseUser_1473651099_162.158.165.25.jpg,Chaetodon citrinellus,images_fishbase_usercontrib,hybrid_apple_dinosam,1,19703,810,540,0.045,../../analysis/approach_1_gmm/segmented_dinosam/Chaetodon_citrinellus/Chaetodon_citrinellus_FishBaseUser_1473651099_162.158.165.25.png,success
Chaetodon_citrinellus_FishBaseUser_1508795381_172.68.102.42.jpg,Chaetodon citrinellus,images_fishbase_usercontrib,hybrid_apple_dinosam,1,54932,2213,1660,0.015,../../analysis/approach_1_gmm/segmented_dinosam/Chaetodon_citrinellus/Chaetodon_citrinellus_FishBaseUser_1508795381_172.68.102.42.png,success
Chaetodon_citrinellus_FishBaseUser_1511366233_162.158.92.222.jpg,Chaetodon citrinellus,images_fishbase_usercontrib,hybrid_apple_dinosam,1,0,1152,648,0.0,../../analysis/approach_1_gmm/segmented_dinosam/Chaetodon_citrinellus/Chaetodon_citrinellus_FishBaseUser_1511366233_162.158.92.222.png,success
Chaetodon_citrinellus_FishBaseUser_1724961870_172.68.91.158.jpg,Chaetodon citrinellus,images_fishbase_usercontrib,hybrid_apple_dinosam,1,0,325,305,0.0,../../analysis/approach_1_gmm/segmented_dinosam/Chaetodon_citrinellus/Chaetodon_citrinellus_FishBaseUser_1724961870_172.68.91.158.png,success
Chaetodon_citrinellus_FishBaseUser_1747226259_95.95.129.49.jpg,Chaetodon citrinellus,images_fishbase_usercontrib,hybrid_apple_dinosam,1,176590,2503,1671,0.0422,../../analysis/approach_1_gmm/segmented_dinosam/Chaetodon_citrinellus/Chaetodon_citrinellus_FishBaseUser_1747226259_95.95.129.49.png,success
Chaetodon_collare_FishBaseUser_1440529152_83.211.38.4.jpg,Chaetodon collare,images_fishbase_usercontrib,hybrid_apple_dinosam,7,21223,900,600,0.0393,../../analysis/approach_1_gmm/segmented_dinosam/Chaetodon_collare/Chaetodon_collare_FishBaseUser_1440529152_83.211.38.4.png,success
Chaetodon_collare_FishBaseUser_1562853572_162.158.234.96.jpg,Chaetodon collare,images_fishbase_usercontrib,hybrid_apple_dinosam,2,0,1200,872,0.0,../../analysis/approach_1_gmm/segmented_dinosam/Chaetodon_collare/Chaetodon_collare_FishBaseUser_1562853572_162.158.234.96.png,success
Chaetodon_decussatus_FishBaseUser_1638901946_172.70.143.86.jpg,Chaetodon decussatus,images_fishbase_usercontrib,hybrid_apple_dinosam,1,0,4608,3456,0.0,../../analysis/approach_1_gmm/segmented_dinosam/Chaetodon_decussatus/Chaetodon_decussatus_FishBaseUser_1638901946_172.70.143.86.png,success
Chaetodon_ephippium_FishBaseUser_1389912996_38.99.243.46.jpg,Chaetodon ephippium,images_fishbase_usercontrib,hybrid_apple_dinosam,1,70529,2000,1500,0.0235,../../analysis/approach_1_gmm/segmented_dinosam/Chaetodon_ephippium/Chaetodon_ephippium_FishBaseUser_1389912996_38.99.243.46.png,success
Chaetodon_ephippium_FishBaseUser_1577141054_172.68.102.30.jpg,Chaetodon ephippium,images_fishbase_usercontrib,hybrid_apple_dinosam,1,146232,2115,1412,0.049,../../analysis/approach_1_gmm/segmented_dinosam/Chaetodon_ephippium/Chaetodon_ephippium_FishBaseUser_1577141054_172.68.102.30.png,success
Chaetodon_ephippium_FishBaseUser_1703951854_172.70.255.108.jpg,Chaetodon ephippium,images_fishbase_usercontrib,hybrid_apple_dinosam,2,49,960,640,0.0001,../../analysis/approach_1_gmm/segmented_dinosam/Chaetodon_ephippium/Chaetodon_ephippium_FishBaseUser_1703951854_172.70.255.108.png,success
Chaetodon_falcula_FishBaseUser_1508796718_172.68.102.54.jpg,Chaetodon falcula,images_fishbase_usercontrib,hybrid_apple_dinosam,2,0,1997,1498,0.0,../../analysis/approach_1_gmm/segmented_dinosam/Chaetodon_falcula/Chaetodon_falcula_FishBaseUser_1508796718_172.68.102.54.png,success
Chaetodon_fasciatus_FishBaseUser_1482311739_188.114.102.48.jpg,Chaetodon fasciatus,images_fishbase_usercontrib,hybrid_apple_dinosam,1,0,640,480,0.0,../../analysis/approach_1_gmm/segmented_dinosam/Chaetodon_fasciatus/Chaetodon_fasciatus_FishBaseUser_1482311739_188.114.102.48.png,success
Chaetodon_fasciatus_FishBaseUser_1580205454_162.158.91.183.jpg,Chaetodon fasciatus,images_fishbase_usercontrib,hybrid_apple_dinosam,3,95,594,211,0.0008,../../analysis/approach_1_gmm/segmented_dinosam/Chaetodon_fasciatus/Chaetodon_fasciatus_FishBaseUser_1580205454_162.158.91.183.png,success
Chaetodon_guttatissimus_FishBaseUser_1473566422_162.158.165.25.jpg,Chaetodon guttatissimus,images_fishbase_usercontrib,hybrid_apple_dinosam,1,0,810,540,0.0,../../analysis/approach_1_gmm/segmented_dinosam/Chaetodon_guttatissimus/Chaetodon_guttatissimus_FishBaseUser_1473566422_162.158.165.25.png,success
Chaetodon_guttatissimus_FishBaseUser_1508797067_172.68.102.54.jpg,Chaetodon guttatissimus,images_fishbase_usercontrib,hybrid_apple_dinosam,1,222086,2165,1623,0.0632,../../analysis/approach_1_gmm/segmented_dinosam/Chaetodon_guttatissimus/Chaetodon_guttatissimus_FishBaseUser_1508797067_172.68.102.54.png,success
Chaetodon_guttatissimus_FishBaseUser_1747227004_95.95.129.49.jpg,Chaetodon guttatissimus,images_fishbase_usercontrib,hybrid_apple_dinosam,3,0,2558,1706,0.0,../../analysis/approach_1_gmm/segmented_dinosam/Chaetodon_guttatissimus/Chaetodon_guttatissimus_FishBaseUser_1747227004_95.95.129.49.png,success
Chaetodon_interruptus_FishBaseUser_1508797230_172.68.102.54.jpg,Chaetodon interruptus,images_fishbase_usercontrib,hybrid_apple_dinosam,2,166514,2458,1844,0.0367,../../analysis/approach_1_gmm/segmented_dinosam/Chaetodon_interruptus/Chaetodon_interruptus_FishBaseUser_1508797230_172.68.102.54.png,success
Chaetodon_kleinii_FishBaseUser_1433885690_2.238.54.39.jpg,Chaetodon kleinii,images_fishbase_usercontrib,hybrid_apple_dinosam,3,0,900,587,0.0,../../analysis/approach_1_gmm/segmented_dinosam/Chaetodon_kleinii/Chaetodon_kleinii_FishBaseUser_1433885690_2.238.54.39.png,success
Chaetodon_kleinii_FishBaseUser_1469521644_162.158.167.12.jpg,Chaetodon kleinii,images_fishbase_usercontrib,hybrid_apple_dinosam,1,61987,1372,1029,0.0439,../../analysis/approach_1_gmm/segmented_dinosam/Chaetodon_kleinii/Chaetodon_kleinii_FishBaseUser_1469521644_162.158.167.12.png,success
Chaetodon_kleinii_FishBaseUser_1469521683_162.158.167.12.jpg,Chaetodon kleinii,images_fishbase_usercontrib,dinosam,7,1895286,2309,1732,0.4739,../../analysis/approach_1_gmm/segmented_dinosam/Chaetodon_kleinii/Chaetodon_kleinii_FishBaseUser_1469521683_162.158.167.12.png,success
Chaetodon_kleinii_FishBaseUser_1577141160_172.68.102.30.jpg,Chaetodon kleinii,images_fishbase_usercontrib,hybrid_apple_dinosam,2,218862,2597,1731,0.0487,../../analysis/approach_1_gmm/segmented_dinosam/Chaetodon_kleinii/Chaetodon_kleinii_FishBaseUser_1577141160_172.68.102.30.png,success
Chaetodon_kleinii_FishBaseUser_1672900136_162.158.178.63.jpg,Chaetodon kleinii,images_fishbase_usercontrib,hybrid_apple_dinosam,1,6633,640,480,0.0216,../../analysis/approach_1_gmm/segmented_dinosam/Chaetodon_kleinii/Chaetodon_kleinii_FishBaseUser_1672900136_162.158.178.63.png,success
Chaetodon_kleinii_FishBaseUser_1746713569_202.152.137.21.jpg,Chaetodon kleinii,images_fishbase_usercontrib,hybrid_apple_dinosam,1,634943,3358,2609,0.0725,../../analysis/approach_1_gmm/segmented_dinosam/Chaetodon_kleinii/Chaetodon_kleinii_FishBaseUser_1746713569_202.152.137.21.png,success
Chaetodon_kleinii_FishBaseUser_1747227457_95.95.129.49.jpg,Chaetodon kleinii,images_fishbase_usercontrib,hybrid_apple_dinosam,2,0,2612,1959,0.0,../../analysis/approach_1_gmm/segmented_dinosam/Chaetodon_kleinii/Chaetodon_kleinii_FishBaseUser_1747227457_95.95.129.49.png,success
Chaetodon_lineolatus_FishBaseUser_1383559152_202.151.68.202.jpg,Chaetodon lineolatus,images_fishbase_usercontrib,hybrid_apple_dinosam,1,105021,2304,1728,0.0264,../../analysis/approach_1_gmm/segmented_dinosam/Chaetodon_lineolatus/Chaetodon_lineolatus_FishBaseUser_1383559152_202.151.68.202.png,success
Chaetodon_lineolatus_FishBaseUser_1490486505_172.68.142.169.jpg,Chaetodon lineolatus,images_fishbase_usercontrib,dinosam,2,3250859,3225,2419,0.4167,../../analysis/approach_1_gmm/segmented_dinosam/Chaetodon_lineolatus/Chaetodon_lineolatus_FishBaseUser_1490486505_172.68.142.169.png,success
Chaetodon_lineolatus_FishBaseUser_1569480060_172.69.22.88.jpg,Chaetodon lineolatus,images_fishbase_usercontrib,hybrid_apple_dinosam,1,126868,1620,1080,0.0725,../../analysis/approach_1_gmm/segmented_dinosam/Chaetodon_lineolatus/Chaetodon_lineolatus_FishBaseUser_1569480060_172.69.22.88.png,success
Chaetodon_lineolatus_FishBaseUser_1569480089_162.158.255.186.jpg,Chaetodon lineolatus,images_fishbase_usercontrib,hybrid_apple_dinosam,1,111206,1620,1080,0.0636,../../analysis/approach_1_gmm/segmented_dinosam/Chaetodon_lineolatus/Chaetodon_lineolatus_FishBaseUser_1569480089_162.158.255.186.png,success
Chaetodon_lunula_FishBaseUser_1526834654_162.158.22.216.jpg,Chaetodon lunula,images_fishbase_usercontrib,hybrid_apple_dinosam,1,35564,1328,1176,0.0228,../../analysis/approach_1_gmm/segmented_dinosam/Chaetodon_lunula/Chaetodon_lunula_FishBaseUser_1526834654_162.158.22.216.png,success
Chaetodon_lunula_FishBaseUser_1672900338_162.158.179.13.jpg,Chaetodon lunula,images_fishbase_usercontrib,hybrid_apple_dinosam,1,0,640,469,0.0,../../analysis/approach_1_gmm/segmented_dinosam/Chaetodon_lunula/Chaetodon_lunula_FishBaseUser_1672900338_162.158.179.13.png,success
Chaetodon_lunula_FishBaseUser_1672900375_172.71.214.86.jpg,Chaetodon lunula,images_fishbase_usercontrib,dinosam,2,2557771,3084,2057,0.4032,../../analysis/approach_1_gmm/segmented_dinosam/Chaetodon_lunula/Chaetodon_lunula_FishBaseUser_1672900375_172.71.214.86.png,success
Chaetodon_lunulatus_FishBaseUser_1473589636_108.162.215.216.jpg,Chaetodon lunulatus,images_fishbase_usercontrib,hybrid_apple_dinosam,1,0,3225,2419,0.0,../../analysis/approach_1_gmm/segmented_dinosam/Chaetodon_lunulatus/Chaetodon_lunulatus_FishBaseUser_1473589636_108.162.215.216.png,success
Chaetodon_lunulatus_FishBaseUser_1672900428_172.71.218.124.jpg,Chaetodon lunulatus,images_fishbase_usercontrib,hybrid_apple_dinosam,1,0,640,480,0.0,../../analysis/approach_1_gmm/segmented_dinosam/Chaetodon_lunulatus/Chaetodon_lunulatus_FishBaseUser_1672900428_172.71.218.124.png,success
Chaetodon_lunulatus_FishBaseUser_1703950074_108.162.210.111.jpg,Chaetodon lunulatus,images_fishbase_usercontrib,hybrid_apple_dinosam,2,55,960,640,0.0001,../../analysis/approach_1_gmm/segmented_dinosam/Chaetodon_lunulatus/Chaetodon_lunulatus_FishBaseUser_1703950074_108.162.210.111.png,success
Chaetodon_lunulatus_FishBaseUser_1760687899_101.115.183.201.jpg,Chaetodon lunulatus,images_fishbase_usercontrib,hybrid_apple_dinosam,1,218557,2499,2560,0.0342,../../analysis/approach_1_gmm/segmented_dinosam/Chaetodon_lunulatus/Chaetodon_lunulatus_FishBaseUser_1760687899_101.115.183.201.png,success
Chaetodon_melannotus_FishBaseUser_1423761764_86.205.193.183.jpg,Chaetodon melannotus,images_fishbase_usercontrib,hybrid_apple_dinosam,1,174325,2524,1804,0.0383,../../analysis/approach_1_gmm/segmented_dinosam/Chaetodon_melannotus/Chaetodon_melannotus_FishBaseUser_1423761764_86.205.193.183.png,success
Chaetodon_melannotus_FishBaseUser_1498858396_172.68.142.169.jpg,Chaetodon melannotus,images_fishbase_usercontrib,hybrid_apple_dinosam,1,474203,3735,2800,0.0453,../../analysis/approach_1_gmm/segmented_dinosam/Chaetodon_melannotus/Chaetodon_melannotus_FishBaseUser_1498858396_172.68.142.169.png,success
Chaetodon_melannotus_FishBaseUser_1672900495_162.158.179.75.jpg,Chaetodon melannotus,images_fishbase_usercontrib,hybrid_apple_dinosam,1,894553,4606,2590,0.075,../../analysis/approach_1_gmm/segmented_dinosam/Chaetodon_melannotus/Chaetodon_melannotus_FishBaseUser_1672900495_162.158.179.75.png,success
Chaetodon_melannotus_FishBaseUser_1672900544_172.71.218.148.jpg,Chaetodon melannotus,images_fishbase_usercontrib,hybrid_apple_dinosam,2,4157,640,427,0.0152,../../analysis/approach_1_gmm/segmented_dinosam/Chaetodon_melannotus/Chaetodon_melannotus_FishBaseUser_1672900544_172.71.218.148.png,success
Chaetodon_melannotus_FishBaseUser_1747228429_95.95.129.49.jpg,Chaetodon melannotus,images_fishbase_usercontrib,hybrid_apple_dinosam,1,293651,2944,1965,0.0508,../../analysis/approach_1_gmm/segmented_dinosam/Chaetodon_melannotus/Chaetodon_melannotus_FishBaseUser_1747228429_95.95.129.49.png,success
Chaetodon_melapterus_FishBaseUser_1507539666_162.158.90.146.jpg,Chaetodon melapterus,images_fishbase_usercontrib,hybrid_apple_dinosam,4,928,1152,648,0.0012,../../analysis/approach_1_gmm/segmented_dinosam/Chaetodon_melapterus/Chaetodon_melapterus_FishBaseUser_1507539666_162.158.90.146.png,success
Chaetodon_melapterus_FishBaseUser_1507539706_162.158.90.146.jpg,Chaetodon melapterus,images_fishbase_usercontrib,hybrid_apple_dinosam,2,484,1152,648,0.0006,../../analysis/approach_1_gmm/segmented_dinosam/Chaetodon_melapterus/Chaetodon_melapterus_FishBaseUser_1507539706_162.158.90.146.png,success
Chaetodon_mertensii_FishBaseUser_1577141580_172.68.102.78.jpg,Chaetodon mertensii,images_fishbase_usercontrib,hybrid_apple_dinosam,1,331238,3496,2334,0.0406,../../analysis/approach_1_gmm/segmented_dinosam/Chaetodon_mertensii/Chaetodon_mertensii_FishBaseUser_1577141580_172.68.102.78.png,success
Chaetodon_mesoleucos_FishBaseUser_1508799035_172.68.102.54.jpg,Chaetodon mesoleucos,images_fishbase_usercontrib,hybrid_apple_dinosam,1,0,2595,1946,0.0,../../analysis/approach_1_gmm/segmented_dinosam/Chaetodon_mesoleucos/Chaetodon_mesoleucos_FishBaseUser_1508799035_172.68.102.54.png,success
Chaetodon_meyeri_FishBaseUser_1473642555_162.158.165.25.jpg,Chaetodon meyeri,images_fishbase_usercontrib,hybrid_apple_dinosam,1,0,810,540,0.0,../../analysis/approach_1_gmm/segmented_dinosam/Chaetodon_meyeri/Chaetodon_meyeri_FishBaseUser_1473642555_162.158.165.25.png,success
Chaetodon_nigropunctatus_FishBaseUser_1343584763_2.184.242.173.jpg,Chaetodon nigropunctatus,images_fishbase_usercontrib,dinosam,7,189359,640,527,0.5614,../../analysis/approach_1_gmm/segmented_dinosam/Chaetodon_nigropunctatus/Chaetodon_nigropunctatus_FishBaseUser_1343584763_2.184.242.173.png,success
Chaetodon_ocellatus_FishBaseUser_1598572342_162.158.187.179.jpg,Chaetodon ocellatus,images_fishbase_usercontrib,hybrid_apple_dinosam,1,73165,1500,1200,0.0406,../../analysis/approach_1_gmm/segmented_dinosam/Chaetodon_ocellatus/Chaetodon_ocellatus_FishBaseUser_1598572342_162.158.187.179.png,success
Chaetodon_ocellicaudus_FishBaseUser_1469521969_162.158.167.12.jpg,Chaetodon ocellicaudus,images_fishbase_usercontrib,dinosam,10,977298,1554,1166,0.5394,../../analysis/approach_1_gmm/segmented_dinosam/Chaetodon_ocellicaudus/Chaetodon_ocellicaudus_FishBaseUser_1469521969_162.158.167.12.png,success
Chaetodon_octofasciatus_FishBaseUser_1527581132_162.158.22.210.jpg,Chaetodon octofasciatus,images_fishbase_usercontrib,hybrid_apple_dinosam,1,99566,2100,1688,0.0281,../../analysis/approach_1_gmm/segmented_dinosam/Chaetodon_octofasciatus/Chaetodon_octofasciatus_FishBaseUser_1527581132_162.158.22.210.png,success
Chaetodon_octofasciatus_FishBaseUser_1569480211_172.68.143.140.jpg,Chaetodon octofasciatus,images_fishbase_usercontrib,hybrid_apple_dinosam,1,103068,1620,1080,0.0589,../../analysis/approach_1_gmm/segmented_dinosam/Chaetodon_octofasciatus/Chaetodon_octofasciatus_FishBaseUser_1569480211_172.68.143.140.png,success
Chaetodon_octofasciatus_FishBaseUser_1569480361_172.68.189.231.jpg,Chaetodon octofasciatus,images_fishbase_usercontrib,hybrid_apple_dinosam,1,38728,1618,1080,0.0222,../../analysis/approach_1_gmm/segmented_dinosam/Chaetodon_octofasciatus/Chaetodon_octofasciatus_FishBaseUser_1569480361_172.68.189.231.png,success
Chaetodon_octofasciatus_FishBaseUser_1569480401_172.68.189.219.jpg,Chaetodon octofasciatus,images_fishbase_usercontrib,dinosam,51,553511,1619,1080,0.3166,../../analysis/approach_1_gmm/segmented_dinosam/Chaetodon_octofasciatus/Chaetodon_octofasciatus_FishBaseUser_1569480401_172.68.189.219.png,success
Chaetodon_octofasciatus_FishBaseUser_1723301095_172.69.132.223.jpg,Chaetodon octofasciatus,images_fishbase_usercontrib,hybrid_apple_dinosam,1,42541,960,720,0.0615,../../analysis/approach_1_gmm/segmented_dinosam/Chaetodon_octofasciatus/Chaetodon_octofasciatus_FishBaseUser_1723301095_172.69.132.223.png,success
Chaetodon_ornatissimus_FishBaseUser_1428394230_94.198.16.174.jpg,Chaetodon ornatissimus,images_fishbase_usercontrib,hybrid_apple_dinosam,1,0,1050,609,0.0,../../analysis/approach_1_gmm/segmented_dinosam/Chaetodon_ornatissimus/Chaetodon_ornatissimus_FishBaseUser_1428394230_94.198.16.174.png,success
Chaetodon_ornatissimus_FishBaseUser_1508799540_172.68.102.54.jpg,Chaetodon ornatissimus,images_fishbase_usercontrib,hybrid_apple_dinosam,1,276659,3072,2304,0.0391,../../analysis/approach_1_gmm/segmented_dinosam/Chaetodon_ornatissimus/Chaetodon_ornatissimus_FishBaseUser_1508799540_172.68.102.54.png,success
Chaetodon_oxycephalus_FishBaseUser_1752920869_219.77.80.48.jpg,Chaetodon oxycephalus,images_fishbase_usercontrib,hybrid_apple_dinosam,1,60436,1257,942,0.051,../../analysis/approach_1_gmm/segmented_dinosam/Chaetodon_oxycephalus/Chaetodon_oxycephalus_FishBaseUser_1752920869_219.77.80.48.png,success
Chaetodon_pelewensis_FishBaseUser_1596612426_172.69.14.136.jpg,Chaetodon pelewensis,images_fishbase_usercontrib,hybrid_apple_dinosam,2,4462,2982,1818,0.0008,../../analysis/approach_1_gmm/segmented_dinosam/Chaetodon_pelewensis/Chaetodon_pelewensis_FishBaseUser_1596612426_172.69.14.136.png,success
Chaetodon_punctatofasciatus_FishBaseUser_1480257181_162.158.166.138.jpg,Chaetodon punctatofasciatus,images_fishbase_usercontrib,hybrid_apple_dinosam,2,957,325,457,0.0064,../../analysis/approach_1_gmm/segmented_dinosam/Chaetodon_punctatofasciatus/Chaetodon_punctatofasciatus_FishBaseUser_1480257181_162.158.166.138.png,success
Chaetodon_punctatofasciatus_FishBaseUser_1509181158_172.68.102.54.jpg,Chaetodon punctatofasciatus,images_fishbase_usercontrib,hybrid_apple_dinosam,3,1200743,2458,1844,0.2649,../../analysis/approach_1_gmm/segmented_dinosam/Chaetodon_punctatofasciatus/Chaetodon_punctatofasciatus_FishBaseUser_1509181158_172.68.102.54.png,success
Chaetodon_punctatofasciatus_FishBaseUser_1577142157_172.68.102.78.jpg,Chaetodon punctatofasciatus,images_fishbase_usercontrib,hybrid_apple_dinosam,1,156542,2937,1959,0.0272,../../analysis/approach_1_gmm/segmented_dinosam/Chaetodon_punctatofasciatus/Chaetodon_punctatofasciatus_FishBaseUser_1577142157_172.68.102.78.png,success
Chaetodon_quadrimaculatus_FishBaseUser_1473590004_108.162.215.216.jpg,Chaetodon quadrimaculatus,images_fishbase_usercontrib,hybrid_apple_dinosam,1,284020,3225,2419,0.0364,../../analysis/approach_1_gmm/segmented_dinosam/Chaetodon_quadrimaculatus/Chaetodon_quadrimaculatus_FishBaseUser_1473590004_108.162.215.216.png,success
Chaetodon_rafflesii_FishBaseUser_1424584920_94.198.16.174.jpg,Chaetodon rafflesii,images_fishbase_usercontrib,hybrid_apple_dinosam,2,102357,1870,1144,0.0478,../../analysis/approach_1_gmm/segmented_dinosam/Chaetodon_rafflesii/Chaetodon_rafflesii_FishBaseUser_1424584920_94.198.16.174.png,success
Chaetodon_rafflesii_FishBaseUser_1527670754_162.158.22.192.jpg,Chaetodon rafflesii,images_fishbase_usercontrib,hybrid_apple_dinosam,1,0,1626,1346,0.0,../../analysis/approach_1_gmm/segmented_dinosam/Chaetodon_rafflesii/Chaetodon_rafflesii_FishBaseUser_1527670754_162.158.22.192.png,success
Chaetodon_rafflesii_FishBaseUser_1577142348_172.68.102.78.jpg,Chaetodon rafflesii,images_fishbase_usercontrib,hybrid_apple_dinosam,2,0,2937,1959,0.0,../../analysis/approach_1_gmm/segmented_dinosam/Chaetodon_rafflesii/Chaetodon_rafflesii_FishBaseUser_1577142348_172.68.102.78.png,success
Chaetodon_rafflesii_FishBaseUser_1747233018_95.95.129.49.jpg,Chaetodon rafflesii,images_fishbase_usercontrib,hybrid_apple_dinosam,1,0,2797,1867,0.0,../../analysis/approach_1_gmm/segmented_dinosam/Chaetodon_rafflesii/Chaetodon_rafflesii_FishBaseUser_1747233018_95.95.129.49.png,success
Chaetodon_rainfordi_FishBaseUser_1384926559_130.102.158.16.jpg,Chaetodon rainfordi,images_fishbase_usercontrib,hybrid_apple_dinosam,1,278999,2560,1920,0.0568,../../analysis/approach_1_gmm/segmented_dinosam/Chaetodon_rainfordi/Chaetodon_rainfordi_FishBaseUser_1384926559_130.102.158.16.png,success
Chaetodon_reticulatus_FishBaseUser_1545732893_172.68.211.186.jpg,Chaetodon reticulatus,images_fishbase_usercontrib,hybrid_apple_dinosam,1,215506,3246,2432,0.0273,../../analysis/approach_1_gmm/segmented_dinosam/Chaetodon_reticulatus/Chaetodon_reticulatus_FishBaseUser_1545732893_172.68.211.186.png,success
Chaetodon_selene_FishBaseUser_1672900943_172.71.218.124.jpg,Chaetodon selene,images_fishbase_usercontrib,dinosam,4,138371,640,480,0.4504,../../analysis/approach_1_gmm/segmented_dinosam/Chaetodon_selene/Chaetodon_selene_FishBaseUser_1672900943_172.71.218.124.png,success
Chaetodon_selene_FishBaseUser_1672900962_172.71.218.124.jpg,Chaetodon selene,images_fishbase_usercontrib,hybrid_apple_dinosam,1,2768,640,480,0.009,../../analysis/approach_1_gmm/segmented_dinosam/Chaetodon_selene/Chaetodon_selene_FishBaseUser_1672900962_172.71.218.124.png,success
Chaetodon_selene_FishBaseUser_1672900969_172.71.218.124.jpg,Chaetodon selene,images_fishbase_usercontrib,hybrid_apple_dinosam,1,2363,640,480,0.0077,../../analysis/approach_1_gmm/segmented_dinosam/Chaetodon_selene/Chaetodon_selene_FishBaseUser_1672900969_172.71.218.124.png,success
Chaetodon_semilarvatus_FishBaseUser_1482311557_188.114.102.48.jpg,Chaetodon semilarvatus,images_fishbase_usercontrib,hybrid_apple_dinosam,3,0,640,480,0.0,../../analysis/approach_1_gmm/segmented_dinosam/Chaetodon_semilarvatus/Chaetodon_semilarvatus_FishBaseUser_1482311557_188.114.102.48.png,success
Chaetodon_speculum_FishBaseUser_1672901131_172.70.214.230.jpg,Chaetodon speculum,images_fishbase_usercontrib,hybrid_apple_dinosam,1,0,640,480,0.0,../../analysis/approach_1_gmm/segmented_dinosam/Chaetodon_speculum/Chaetodon_speculum_FishBaseUser_1672901131_172.70.214.230.png,success
Chaetodon_speculum_FishBaseUser_1672901156_172.70.214.231.jpg,Chaetodon speculum,images_fishbase_usercontrib,hybrid_apple_dinosam,1,105343,2529,1686,0.0247,../../analysis/approach_1_gmm/segmented_dinosam/Chaetodon_speculum/Chaetodon_speculum_FishBaseUser_1672901156_172.70.214.231.png,success
Chaetodon_striatus_FishBaseUser_1423148244_86.205.57.96.jpg,Chaetodon striatus,images_fishbase_usercontrib,hybrid_apple_dinosam,1,30144,1710,1340,0.0132,../../analysis/approach_1_gmm/segmented_dinosam/Chaetodon_striatus/Chaetodon_striatus_FishBaseUser_1423148244_86.205.57.96.png,success
Chaetodon_striatus_FishBaseUser_1423483398_86.205.50.183.jpg,Chaetodon striatus,images_fishbase_usercontrib,hybrid_apple_dinosam,2,180798,2051,1500,0.0588,../../analysis/approach_1_gmm/segmented_dinosam/Chaetodon_striatus/Chaetodon_striatus_FishBaseUser_1423483398_86.205.50.183.png,success
Chaetodon_striatus_FishBaseUser_1522896022_172.68.25.30.jpg,Chaetodon striatus,images_fishbase_usercontrib,hybrid_apple_dinosam,1,0,640,480,0.0,../../analysis/approach_1_gmm/segmented_dinosam/Chaetodon_striatus/Chaetodon_striatus_FishBaseUser_1522896022_172.68.25.30.png,success
Chaetodon_striatus_FishBaseUser_1528383068_162.158.22.66.jpg,Chaetodon striatus,images_fishbase_usercontrib,hybrid_apple_dinosam,1,137601,2328,1858,0.0318,../../analysis/approach_1_gmm/segmented_dinosam/Chaetodon_striatus/Chaetodon_striatus_FishBaseUser_1528383068_162.158.22.66.png,success
Chaetodon_trifascialis_FishBaseUser_1747235378_95.95.129.49.jpg,Chaetodon trifascialis,images_fishbase_usercontrib,hybrid_apple_dinosam,1,171093,2731,2048,0.0306,../../analysis/approach_1_gmm/segmented_dinosam/Chaetodon_trifascialis/Chaetodon_trifascialis_FishBaseUser_1747235378_95.95.129.49.png,success
Chaetodon_trifascialis_FishBaseUser_1747235416_95.95.129.49.jpg,Chaetodon trifascialis,images_fishbase_usercontrib,hybrid_apple_dinosam,1,170096,2458,1844,0.0375,../../analysis/approach_1_gmm/segmented_dinosam/Chaetodon_trifascialis/Chaetodon_trifascialis_FishBaseUser_1747235416_95.95.129.49.png,success
Chaetodon_trifasciatus_FishBaseUser_1473578737_162.158.165.25.jpg,Chaetodon trifasciatus,images_fishbase_usercontrib,hybrid_apple_dinosam,2,25539,810,540,0.0584,../../analysis/approach_1_gmm/segmented_dinosam/Chaetodon_trifasciatus/Chaetodon_trifasciatus_FishBaseUser_1473578737_162.158.165.25.png,success
Chaetodon_trifasciatus_FishBaseUser_1526982656_162.158.22.48.jpg,Chaetodon trifasciatus,images_fishbase_usercontrib,hybrid_apple_dinosam,3,14054,1091,830,0.0155,../../analysis/approach_1_gmm/segmented_dinosam/Chaetodon_trifasciatus/Chaetodon_trifasciatus_FishBaseUser_1526982656_162.158.22.48.png,success
Chaetodon_trifasciatus_FishBaseUser_1656494131_162.158.170.185.jpg,Chaetodon trifasciatus,images_fishbase_usercontrib,hybrid_apple_dinosam,1,55834,870,834,0.077,../../analysis/approach_1_gmm/segmented_dinosam/Chaetodon_trifasciatus/Chaetodon_trifasciatus_FishBaseUser_1656494131_162.158.170.185.png,success
Chaetodon_ulietensis_FishBaseUser_1393613919_71.202.224.33.jpg,Chaetodon ulietensis,images_fishbase_usercontrib,hybrid_apple_dinosam,1,49384,1600,1200,0.0257,../../analysis/approach_1_gmm/segmented_dinosam/Chaetodon_ulietensis/Chaetodon_ulietensis_FishBaseUser_1393613919_71.202.224.33.png,success
Chaetodon_ulietensis_FishBaseUser_1473758818_108.162.215.216.jpg,Chaetodon ulietensis,images_fishbase_usercontrib,hybrid_apple_dinosam,1,431403,3225,2419,0.0553,../../analysis/approach_1_gmm/segmented_dinosam/Chaetodon_ulietensis/Chaetodon_ulietensis_FishBaseUser_1473758818_108.162.215.216.png,success
Chaetodon_ulietensis_FishBaseUser_1498858510_172.68.142.169.jpg,Chaetodon ulietensis,images_fishbase_usercontrib,dinosam,8,2268547,3057,2293,0.3236,../../analysis/approach_1_gmm/segmented_dinosam/Chaetodon_ulietensis/Chaetodon_ulietensis_FishBaseUser_1498858510_172.68.142.169.png,success
Chaetodon_unimaculatus_FishBaseUser_1454328567_94.198.18.55.jpg,Chaetodon unimaculatus,images_fishbase_usercontrib,hybrid_apple_dinosam,2,73636,1295,789,0.0721,../../analysis/approach_1_gmm/segmented_dinosam/Chaetodon_unimaculatus/Chaetodon_unimaculatus_FishBaseUser_1454328567_94.198.18.55.png,success
Chaetodon_unimaculatus_FishBaseUser_1469522440_162.158.167.12.jpg,Chaetodon unimaculatus,images_fishbase_usercontrib,hybrid_apple_dinosam,2,6178,879,659,0.0107,../../analysis/approach_1_gmm/segmented_dinosam/Chaetodon_unimaculatus/Chaetodon_unimaculatus_FishBaseUser_1469522440_162.158.167.12.png,success
Chaetodon_vagabundus_FishBaseUser_1469522533_162.158.167.12.jpg,Chaetodon vagabundus,images_fishbase_usercontrib,hybrid_apple_dinosam,1,93720,1500,1125,0.0555,../../analysis/approach_1_gmm/segmented_dinosam/Chaetodon_vagabundus/Chaetodon_vagabundus_FishBaseUser_1469522533_162.158.167.12.png,success
Chaetodon_vagabundus_FishBaseUser_1508873636_162.158.59.66.jpg,Chaetodon vagabundus,images_fishbase_usercontrib,hybrid_apple_dinosam,1,0,3070,2302,0.0,../../analysis/approach_1_gmm/segmented_dinosam/Chaetodon_vagabundus/Chaetodon_vagabundus_FishBaseUser_1508873636_162.158.59.66.png,success
Chaetodon_vagabundus_FishBaseUser_1509183778_172.68.102.54.jpg,Chaetodon vagabundus,images_fishbase_usercontrib,hybrid_apple_dinosam,2,160495,1967,1476,0.0553,../../analysis/approach_1_gmm/segmented_dinosam/Chaetodon_vagabundus/Chaetodon_vagabundus_FishBaseUser_1509183778_172.68.102.54.png,success
Chaetodon_vagabundus_FishBaseUser_1672901308_172.69.33.29.jpg,Chaetodon vagabundus,images_fishbase_usercontrib,hybrid_apple_dinosam,3,10752,640,427,0.0393,../../analysis/approach_1_gmm/segmented_dinosam/Chaetodon_vagabundus/Chaetodon_vagabundus_FishBaseUser_1672901308_172.69.33.29.png,success
Chaetodon_vagabundus_FishBaseUser_1672901343_172.71.214.87.jpg,Chaetodon vagabundus,images_fishbase_usercontrib,hybrid_apple_dinosam,1,6733,640,480,0.0219,../../analysis/approach_1_gmm/segmented_dinosam/Chaetodon_vagabundus/Chaetodon_vagabundus_FishBaseUser_1672901343_172.71.214.87.png,success
Chaetodon_wiebeli_FishBaseUser_1569480488_172.68.133.128.jpg,Chaetodon wiebeli,images_fishbase_usercontrib,hybrid_apple_dinosam,1,39961,1619,1080,0.0229,../../analysis/approach_1_gmm/segmented_dinosam/Chaetodon_wiebeli/Chaetodon_wiebeli_FishBaseUser_1569480488_172.68.133.128.png,success
Chaetodon_wiebeli_FishBaseUser_1569480522_172.68.141.54.jpg,Chaetodon wiebeli,images_fishbase_usercontrib,hybrid_apple_dinosam,2,17409,1619,1080,0.01,../../analysis/approach_1_gmm/segmented_dinosam/Chaetodon_wiebeli/Chaetodon_wiebeli_FishBaseUser_1569480522_172.68.141.54.png,success
Chaetodon_wiebeli_FishBaseUser_1672901462_172.71.215.98.jpg,Chaetodon wiebeli,images_fishbase_usercontrib,hybrid_apple_dinosam,1,7886,640,480,0.0257,../../analysis/approach_1_gmm/segmented_dinosam/Chaetodon_wiebeli/Chaetodon_wiebeli_FishBaseUser_1672901462_172.71.215.98.png,success
Chaetodon_wiebeli_FishBaseUser_1672901501_172.71.218.148.jpg,Chaetodon wiebeli,images_fishbase_usercontrib,hybrid_apple_dinosam,1,111910,1600,1200,0.0583,../../analysis/approach_1_gmm/segmented_dinosam/Chaetodon_wiebeli/Chaetodon_wiebeli_FishBaseUser_1672901501_172.71.218.148.png,success
Chaetodon_xanthocephalus_FishBaseUser_1494615616_162.158.89.165.jpg,Chaetodon xanthocephalus,images_fishbase_usercontrib,hybrid_apple_dinosam,1,0,1791,1105,0.0,../../analysis/approach_1_gmm/segmented_dinosam/Chaetodon_xanthocephalus/Chaetodon_xanthocephalus_FishBaseUser_1494615616_162.158.89.165.png,success
Chaetodon_xanthocephalus_FishBaseUser_1701479783_162.158.204.130.jpg,Chaetodon xanthocephalus,images_fishbase_usercontrib,hybrid_apple_dinosam,2,122118,2048,1536,0.0388,../../analysis/approach_1_gmm/segmented_dinosam/Chaetodon_xanthocephalus/Chaetodon_xanthocephalus_FishBaseUser_1701479783_162.158.204.130.png,success
Chaetodon_xanthurus_FishBaseUser_1393926671_202.123.56.125.jpg,Chaetodon xanthurus,images_fishbase_usercontrib,hybrid_apple_dinosam,1,69879,1728,1101,0.0367,../../analysis/approach_1_gmm/segmented_dinosam/Chaetodon_xanthurus/Chaetodon_xanthurus_FishBaseUser_1393926671_202.123.56.125.png,success
Chaetodon_xanthurus_FishBaseUser_1509184170_172.68.102.54.jpg,Chaetodon xanthurus,images_fishbase_usercontrib,hybrid_apple_dinosam,1,136621,1827,1370,0.0546,../../analysis/approach_1_gmm/segmented_dinosam/Chaetodon_xanthurus/Chaetodon_xanthurus_FishBaseUser_1509184170_172.68.102.54.png,success
Chelmon_rostratus_FishBaseUser_1509274041_172.68.102.54.jpg,Chelmon rostratus,images_fishbase_usercontrib,hybrid_apple_dinosam,3,114248,2304,1728,0.0287,../../analysis/approach_1_gmm/segmented_dinosam/Chelmon_rostratus/Chelmon_rostratus_FishBaseUser_1509274041_172.68.102.54.png,success
Chelmon_rostratus_FishBaseUser_1527672756_162.158.22.192.jpg,Chelmon rostratus,images_fishbase_usercontrib,hybrid_apple_dinosam,2,105555,3099,2619,0.013,../../analysis/approach_1_gmm/segmented_dinosam/Chelmon_rostratus/Chelmon_rostratus_FishBaseUser_1527672756_162.158.22.192.png,success
Chelmon_rostratus_FishBaseUser_1569481899_172.69.22.88.jpg,Chelmon rostratus,images_fishbase_usercontrib,hybrid_apple_dinosam,1,62777,1619,1080,0.0359,../../analysis/approach_1_gmm/segmented_dinosam/Chelmon_rostratus/Chelmon_rostratus_FishBaseUser_1569481899_172.69.22.88.png,success
Chelmon_rostratus_FishBaseUser_1623368827_162.158.178.253.jpg,Chelmon rostratus,images_fishbase_usercontrib,hybrid_apple_dinosam,1,237224,2337,1985,0.0511,../../analysis/approach_1_gmm/segmented_dinosam/Chelmon_rostratus/Chelmon_rostratus_FishBaseUser_1623368827_162.158.178.253.png,success
Chelmon_rostratus_FishBaseUser_1747172127_169.150.203.237.jpg,Chelmon rostratus,images_fishbase_usercontrib,hybrid_apple_dinosam,2,52100,2012,2515,0.0103,../../analysis/approach_1_gmm/segmented_dinosam/Chelmon_rostratus/Chelmon_rostratus_FishBaseUser_1747172127_169.150.203.237.png,success
Chelmon_rostratus_FishBaseUser_1753626466_219.73.75.40.jpg,Chelmon rostratus,images_fishbase_usercontrib,hybrid_apple_dinosam,2,84505,1236,927,0.0738,../../analysis/approach_1_gmm/segmented_dinosam/Chelmon_rostratus/Chelmon_rostratus_FishBaseUser_1753626466_219.73.75.40.png,success
Chelmonops_curiosus_FishBaseUser_1558011372_162.158.158.141.jpg,Chelmonops curiosus,images_fishbase_usercontrib,hybrid_apple_dinosam,2,32880,1000,672,0.0489,../../analysis/approach_1_gmm/segmented_dinosam/Chelmonops_curiosus/Chelmonops_curiosus_FishBaseUser_1558011372_162.158.158.141.png,success
Coradion_chrysozonus_FishBaseUser_1569482893_172.68.141.54.jpg,Coradion chrysozonus,images_fishbase_usercontrib,hybrid_apple_dinosam,2,72821,1620,1080,0.0416,../../analysis/approach_1_gmm/segmented_dinosam/Coradion_chrysozonus/Coradion_chrysozonus_FishBaseUser_1569482893_172.68.141.54.png,success
Forcipiger_flavissimus_FishBaseUser_1469522928_162.158.167.12.jpg,Forcipiger flavissimus,images_fishbase_usercontrib,hybrid_apple_dinosam,1,83326,1873,1405,0.0317,../../analysis/approach_1_gmm/segmented_dinosam/Forcipiger_flavissimus/Forcipiger_flavissimus_FishBaseUser_1469522928_162.158.167.12.png,success
Forcipiger_flavissimus_FishBaseUser_1562853710_162.158.234.96.jpg,Forcipiger flavissimus,images_fishbase_usercontrib,hybrid_apple_dinosam,1,37815,1200,840,0.0375,../../analysis/approach_1_gmm/segmented_dinosam/Forcipiger_flavissimus/Forcipiger_flavissimus_FishBaseUser_1562853710_162.158.234.96.png,success
Forcipiger_flavissimus_FishBaseUser_1577457307_172.68.102.78.jpg,Forcipiger flavissimus,images_fishbase_usercontrib,hybrid_apple_dinosam,1,0,3348,2236,0.0,../../analysis/approach_1_gmm/segmented_dinosam/Forcipiger_flavissimus/Forcipiger_flavissimus_FishBaseUser_1577457307_172.68.102.78.png,success
Forcipiger_flavissimus_FishBaseUser_1760313793_101.115.183.201.jpg,Forcipiger flavissimus,images_fishbase_usercontrib,dinosam,12,80637,2048,1536,0.0256,../../analysis/approach_1_gmm/segmented_dinosam/Forcipiger_flavissimus/Forcipiger_flavissimus_FishBaseUser_1760313793_101.115.183.201.png,success
Forcipiger_longirostris_FishBaseUser_1383590507_202.151.68.202.jpg,Forcipiger longirostris,images_fishbase_usercontrib,hybrid_apple_dinosam,1,144978,2304,1728,0.0364,../../analysis/approach_1_gmm/segmented_dinosam/Forcipiger_longirostris/Forcipiger_longirostris_FishBaseUser_1383590507_202.151.68.202.png,success
Forcipiger_longirostris_FishBaseUser_1414547612_128.250.0.139.jpg,Forcipiger longirostris,images_fishbase_usercontrib,hybrid_apple_dinosam,1,440,2000,1501,0.0001,../../analysis/approach_1_gmm/segmented_dinosam/Forcipiger_longirostris/Forcipiger_longirostris_FishBaseUser_1414547612_128.250.0.139.png,success
Forcipiger_longirostris_FishBaseUser_1540306923_162.158.167.176.jpg,Forcipiger longirostris,images_fishbase_usercontrib,hybrid_apple_dinosam,1,140483,2000,1500,0.0468,../../analysis/approach_1_gmm/segmented_dinosam/Forcipiger_longirostris/Forcipiger_longirostris_FishBaseUser_1540306923_162.158.167.176.png,success
Forcipiger_longirostris_FishBaseUser_1704999678_172.70.255.47.jpg,Forcipiger longirostris,images_fishbase_usercontrib,hybrid_apple_dinosam,1,10326,960,720,0.0149,../../analysis/approach_1_gmm/segmented_dinosam/Forcipiger_longirostris/Forcipiger_longirostris_FishBaseUser_1704999678_172.70.255.47.png,success
Forcipiger_longirostris_FishBaseUser_1747943212_95.95.129.49.jpg,Forcipiger longirostris,images_fishbase_usercontrib,hybrid_apple_dinosam,2,1269,3463,2312,0.0002,../../analysis/approach_1_gmm/segmented_dinosam/Forcipiger_longirostris/Forcipiger_longirostris_FishBaseUser_1747943212_95.95.129.49.png,success
Forcipiger_longirostris_FishBaseUser_1747943270_95.95.129.49.jpg,Forcipiger longirostris,images_fishbase_usercontrib,hybrid_apple_dinosam,1,262466,3063,2044,0.0419,../../analysis/approach_1_gmm/segmented_dinosam/Forcipiger_longirostris/Forcipiger_longirostris_FishBaseUser_1747943270_95.95.129.49.png,success
Forcipiger_longirostris_FishBaseUser_1760167740_101.115.183.201.jpg,Forcipiger longirostris,images_fishbase_usercontrib,hybrid_apple_dinosam,1,0,1969,1555,0.0,../../analysis/approach_1_gmm/segmented_dinosam/Forcipiger_longirostris/Forcipiger_longirostris_FishBaseUser_1760167740_101.115.183.201.png,success
Forcipiger_longirostris_FishBaseUser_1760308864_101.115.183.201.jpg,Forcipiger longirostris,images_fishbase_usercontrib,hybrid_apple_dinosam,2,125730,2379,1794,0.0295,../../analysis/approach_1_gmm/segmented_dinosam/Forcipiger_longirostris/Forcipiger_longirostris_FishBaseUser_1760308864_101.115.183.201.png,success
Forcipiger_wanai_FishBaseUser_1557652063_162.158.167.38.jpg,Forcipiger wanai,images_fishbase_usercontrib,hybrid_apple_dinosam,2,5147,640,480,0.0168,../../analysis/approach_1_gmm/segmented_dinosam/Forcipiger_wanai/Forcipiger_wanai_FishBaseUser_1557652063_162.158.167.38.png,success
Forcipiger_wanai_FishBaseUser_1599387577_172.69.33.67.jpg,Forcipiger wanai,images_fishbase_usercontrib,hybrid_apple_dinosam,1,0,3804,2853,0.0,../../analysis/approach_1_gmm/segmented_dinosam/Forcipiger_wanai/Forcipiger_wanai_FishBaseUser_1599387577_172.69.33.67.png,success
Hemitaurichthys_polylepis_FishBaseUser_1469523263_162.158.167.12.jpg,Hemitaurichthys polylepis,images_fishbase_usercontrib,dinosam,10,661936,1259,944,0.557,../../analysis/approach_1_gmm/segmented_dinosam/Hemitaurichthys_polylepis/Hemitaurichthys_polylepis_FishBaseUser_1469523263_162.158.167.12.png,success
Hemitaurichthys_polylepis_FishBaseUser_1469523293_162.158.167.12.jpg,Hemitaurichthys polylepis,images_fishbase_usercontrib,hybrid_apple_dinosam,1,0,1546,1160,0.0,../../analysis/approach_1_gmm/segmented_dinosam/Hemitaurichthys_polylepis/Hemitaurichthys_polylepis_FishBaseUser_1469523293_162.158.167.12.png,success
Hemitaurichthys_polylepis_FishBaseUser_1748163965_95.95.129.49.jpg,Hemitaurichthys polylepis,images_fishbase_usercontrib,hybrid_apple_dinosam,10,0,3357,2242,0.0,../../analysis/approach_1_gmm/segmented_dinosam/Hemitaurichthys_polylepis/Hemitaurichthys_polylepis_FishBaseUser_1748163965_95.95.129.49.png,success
Hemitaurichthys_zoster_FishBaseUser_1473647686_162.158.165.25.jpg,Hemitaurichthys zoster,images_fishbase_usercontrib,hybrid_apple_dinosam,3,2474,810,540,0.0057,../../analysis/approach_1_gmm/segmented_dinosam/Hemitaurichthys_zoster/Hemitaurichthys_zoster_FishBaseUser_1473647686_162.158.165.25.png,success
Hemitaurichthys_zoster_FishBaseUser_1473647790_162.158.165.25.jpg,Hemitaurichthys zoster,images_fishbase_usercontrib,hybrid_apple_dinosam,1,21543,810,540,0.0493,../../analysis/approach_1_gmm/segmented_dinosam/Hemitaurichthys_zoster/Hemitaurichthys_zoster_FishBaseUser_1473647790_162.158.165.25.png,success
Hemitaurichthys_zoster_FishBaseUser_1748164121_95.95.129.49.jpg,Hemitaurichthys zoster,images_fishbase_usercontrib,hybrid_apple_dinosam,1,480110,3446,2297,0.0607,../../analysis/approach_1_gmm/segmented_dinosam/Hemitaurichthys_zoster/Hemitaurichthys_zoster_FishBaseUser_1748164121_95.95.129.49.png,success
Heniochus_acuminatus_FishBaseUser_1378774478_69.127.149.175.jpg,Heniochus acuminatus,images_fishbase_usercontrib,hybrid_apple_dinosam,1,25009,500,440,0.1137,../../analysis/approach_1_gmm/segmented_dinosam/Heniochus_acuminatus/Heniochus_acuminatus_FishBaseUser_1378774478_69.127.149.175.png,success
Heniochus_acuminatus_FishBaseUser_1378774560_69.127.149.175.jpg,Heniochus acuminatus,images_fishbase_usercontrib,hybrid_apple_dinosam,1,0,500,512,0.0,../../analysis/approach_1_gmm/segmented_dinosam/Heniochus_acuminatus/Heniochus_acuminatus_FishBaseUser_1378774560_69.127.149.175.png,success
Heniochus_acuminatus_FishBaseUser_1424498408_94.198.16.174.jpg,Heniochus acuminatus,images_fishbase_usercontrib,hybrid_apple_dinosam,4,1716501,4544,3123,0.121,../../analysis/approach_1_gmm/segmented_dinosam/Heniochus_acuminatus/Heniochus_acuminatus_FishBaseUser_1424498408_94.198.16.174.png,success
Heniochus_acuminatus_FishBaseUser_1435171275_39.33.202.206.jpg,Heniochus acuminatus,images_fishbase_usercontrib,hybrid_apple_dinosam,1,152615,689,600,0.3692,../../analysis/approach_1_gmm/segmented_dinosam/Heniochus_acuminatus/Heniochus_acuminatus_FishBaseUser_1435171275_39.33.202.206.png,success
Heniochus_acuminatus_FishBaseUser_1435171341_39.33.202.206.jpg,Heniochus acuminatus,images_fishbase_usercontrib,hybrid_apple_dinosam,1,174474,739,709,0.333,../../analysis/approach_1_gmm/segmented_dinosam/Heniochus_acuminatus/Heniochus_acuminatus_FishBaseUser_1435171341_39.33.202.206.png,success
Heniochus_acuminatus_FishBaseUser_1441343189_117.206.95.248.jpg,Heniochus acuminatus,images_fishbase_usercontrib,hybrid_apple_dinosam,1,0,768,1024,0.0,../../analysis/approach_1_gmm/segmented_dinosam/Heniochus_acuminatus/Heniochus_acuminatus_FishBaseUser_1441343189_117.206.95.248.png,success
Heniochus_acuminatus_FishBaseUser_1481801645_188.114.102.52.jpg,Heniochus acuminatus,images_fishbase_usercontrib,dinosam,40,239547,640,480,0.7798,../../analysis/approach_1_gmm/segmented_dinosam/Heniochus_acuminatus/Heniochus_acuminatus_FishBaseUser_1481801645_188.114.102.52.png,success
Heniochus_acuminatus_FishBaseUser_1481805998_188.114.102.52.jpg,Heniochus acuminatus,images_fishbase_usercontrib,dinosam,28,153191,640,480,0.4987,../../analysis/approach_1_gmm/segmented_dinosam/Heniochus_acuminatus/Heniochus_acuminatus_FishBaseUser_1481805998_188.114.102.52.png,success
Heniochus_acuminatus_FishBaseUser_1481975447_188.114.102.52.jpg,Heniochus acuminatus,images_fishbase_usercontrib,hybrid_apple_dinosam,3,10006,640,480,0.0326,../../analysis/approach_1_gmm/segmented_dinosam/Heniochus_acuminatus/Heniochus_acuminatus_FishBaseUser_1481975447_188.114.102.52.png,success
Heniochus_acuminatus_FishBaseUser_1569828565_172.68.189.231.jpg,Heniochus acuminatus,images_fishbase_usercontrib,hybrid_apple_dinosam,1,159152,1620,1080,0.091,../../analysis/approach_1_gmm/segmented_dinosam/Heniochus_acuminatus/Heniochus_acuminatus_FishBaseUser_1569828565_172.68.189.231.png,success
Heniochus_acuminatus_FishBaseUser_1577525860_172.68.102.128.jpg,Heniochus acuminatus,images_fishbase_usercontrib,hybrid_apple_dinosam,2,0,3720,2483,0.0,../../analysis/approach_1_gmm/segmented_dinosam/Heniochus_acuminatus/Heniochus_acuminatus_FishBaseUser_1577525860_172.68.102.128.png,success
Heniochus_acuminatus_FishBaseUser_1672901713_172.71.214.132.jpg,Heniochus acuminatus,images_fishbase_usercontrib,hybrid_apple_dinosam,1,4842,640,480,0.0158,../../analysis/approach_1_gmm/segmented_dinosam/Heniochus_acuminatus/Heniochus_acuminatus_FishBaseUser_1672901713_172.71.214.132.png,success
Heniochus_acuminatus_FishBaseUser_1748164378_95.95.129.49.jpg,Heniochus acuminatus,images_fishbase_usercontrib,hybrid_apple_dinosam,1,1066575,4562,3044,0.0768,../../analysis/approach_1_gmm/segmented_dinosam/Heniochus_acuminatus/Heniochus_acuminatus_FishBaseUser_1748164378_95.95.129.49.png,success
Heniochus_acuminatus_FishBaseUser_1761156316_203.189.184.146.jpg,Heniochus acuminatus,images_fishbase_usercontrib,hybrid_apple_dinosam,2,308431,1280,991,0.2432,../../analysis/approach_1_gmm/segmented_dinosam/Heniochus_acuminatus/Heniochus_acuminatus_FishBaseUser_1761156316_203.189.184.146.png,success
Heniochus_chrysostomus_FishBaseUser_1341436591_24.185.16.14.jpg,Heniochus chrysostomus,images_fishbase_usercontrib,hybrid_apple_dinosam,5,10081,640,427,0.0369,../../analysis/approach_1_gmm/segmented_dinosam/Heniochus_chrysostomus/Heniochus_chrysostomus_FishBaseUser_1341436591_24.185.16.14.png,success
Heniochus_chrysostomus_FishBaseUser_1343294592_82.243.202.40.jpg,Heniochus chrysostomus,images_fishbase_usercontrib,hybrid_apple_dinosam,2,0,392,480,0.0,../../analysis/approach_1_gmm/segmented_dinosam/Heniochus_chrysostomus/Heniochus_chrysostomus_FishBaseUser_1343294592_82.243.202.40.png,success
Heniochus_chrysostomus_FishBaseUser_1389913211_38.99.243.46.jpg,Heniochus chrysostomus,images_fishbase_usercontrib,hybrid_apple_dinosam,5,49596,2000,1500,0.0165,../../analysis/approach_1_gmm/segmented_dinosam/Heniochus_chrysostomus/Heniochus_chrysostomus_FishBaseUser_1389913211_38.99.243.46.png,success
Heniochus_chrysostomus_FishBaseUser_1704667341_172.70.54.42.jpg,Heniochus chrysostomus,images_fishbase_usercontrib,hybrid_apple_dinosam,1,0,960,720,0.0,../../analysis/approach_1_gmm/segmented_dinosam/Heniochus_chrysostomus/Heniochus_chrysostomus_FishBaseUser_1704667341_172.70.54.42.png,success
Heniochus_chrysostomus_FishBaseUser_1704988942_172.70.82.177.jpg,Heniochus chrysostomus,images_fishbase_usercontrib,hybrid_apple_dinosam,1,71,960,720,0.0001,../../analysis/approach_1_gmm/segmented_dinosam/Heniochus_chrysostomus/Heniochus_chrysostomus_FishBaseUser_1704988942_172.70.82.177.png,success
Heniochus_chrysostomus_FishBaseUser_1706913708_172.70.55.71.jpg,Heniochus chrysostomus,images_fishbase_usercontrib,hybrid_apple_dinosam,2,0,960,720,0.0,../../analysis/approach_1_gmm/segmented_dinosam/Heniochus_chrysostomus/Heniochus_chrysostomus_FishBaseUser_1706913708_172.70.55.71.png,success
Heniochus_diphreutes_FishBaseUser_1671308371_108.162.238.16.jpg,Heniochus diphreutes,images_fishbase_usercontrib,hybrid_apple_dinosam,3,201113,2100,1400,0.0684,../../analysis/approach_1_gmm/segmented_dinosam/Heniochus_diphreutes/Heniochus_diphreutes_FishBaseUser_1671308371_108.162.238.16.png,success
Heniochus_diphreutes_FishBaseUser_1671308404_108.162.238.16.jpg,Heniochus diphreutes,images_fishbase_usercontrib,dinosam,23,1662964,2000,1500,0.5543,../../analysis/approach_1_gmm/segmented_dinosam/Heniochus_diphreutes/Heniochus_diphreutes_FishBaseUser_1671308404_108.162.238.16.png,success
Heniochus_diphreutes_FishBaseUser_1671308431_108.162.238.16.jpg,Heniochus diphreutes,images_fishbase_usercontrib,hybrid_apple_dinosam,1,0,2100,1400,0.0,../../analysis/approach_1_gmm/segmented_dinosam/Heniochus_diphreutes/Heniochus_diphreutes_FishBaseUser_1671308431_108.162.238.16.png,success
Heniochus_diphreutes_FishBaseUser_1703958233_108.162.210.114.jpg,Heniochus diphreutes,images_fishbase_usercontrib,hybrid_apple_dinosam,1,0,720,960,0.0,../../analysis/approach_1_gmm/segmented_dinosam/Heniochus_diphreutes/Heniochus_diphreutes_FishBaseUser_1703958233_108.162.210.114.png,success
Heniochus_intermedius_FishBaseUser_1482256259_188.114.102.48.jpg,Heniochus intermedius,images_fishbase_usercontrib,hybrid_apple_dinosam,3,18433,640,480,0.06,../../analysis/approach_1_gmm/segmented_dinosam/Heniochus_intermedius/Heniochus_intermedius_FishBaseUser_1482256259_188.114.102.48.png,success
Heniochus_intermedius_FishBaseUser_1585395915_141.101.69.75.jpg,Heniochus intermedius,images_fishbase_usercontrib,hybrid_apple_dinosam,2,1580242,1667,2500,0.3792,../../analysis/approach_1_gmm/segmented_dinosam/Heniochus_intermedius/Heniochus_intermedius_FishBaseUser_1585395915_141.101.69.75.png,success
Heniochus_intermedius_FishBaseUser_1585413762_141.101.69.167.jpg,Heniochus intermedius,images_fishbase_usercontrib,hybrid_apple_dinosam,2,1579002,1631,2446,0.3958,../../analysis/approach_1_gmm/segmented_dinosam/Heniochus_intermedius/Heniochus_intermedius_FishBaseUser_1585413762_141.101.69.167.png,success
Heniochus_intermedius_FishBaseUser_1671142920_108.162.237.248.jpg,Heniochus intermedius,images_fishbase_usercontrib,hybrid_apple_dinosam,1,0,2000,1333,0.0,../../analysis/approach_1_gmm/segmented_dinosam/Heniochus_intermedius/Heniochus_intermedius_FishBaseUser_1671142920_108.162.237.248.png,success
Heniochus_monoceros_FishBaseUser_1423726876_86.205.193.183.jpg,Heniochus monoceros,images_fishbase_usercontrib,hybrid_apple_dinosam,1,490848,2860,2440,0.0703,../../analysis/approach_1_gmm/segmented_dinosam/Heniochus_monoceros/Heniochus_monoceros_FishBaseUser_1423726876_86.205.193.183.png,success
Heniochus_monoceros_FishBaseUser_1473562707_162.158.165.25.jpg,Heniochus monoceros,images_fishbase_usercontrib,hybrid_apple_dinosam,2,14260,810,540,0.0326,../../analysis/approach_1_gmm/segmented_dinosam/Heniochus_monoceros/Heniochus_monoceros_FishBaseUser_1473562707_162.158.165.25.png,success
Heniochus_monoceros_FishBaseUser_1481974167_188.114.102.52.jpg,Heniochus monoceros,images_fishbase_usercontrib,hybrid_apple_dinosam,2,0,640,480,0.0,../../analysis/approach_1_gmm/segmented_dinosam/Heniochus_monoceros/Heniochus_monoceros_FishBaseUser_1481974167_188.114.102.52.png,success
Heniochus_singularius_FishBaseUser_1707081090_172.70.55.146.jpg,Heniochus singularius,images_fishbase_usercontrib,hybrid_apple_dinosam,3,32419,960,720,0.0469,../../analysis/approach_1_gmm/segmented_dinosam/Heniochus_singularius/Heniochus_singularius_FishBaseUser_1707081090_172.70.55.146.png,success
Heniochus_varius_FishBaseUser_1469523498_162.158.167.12.jpg,Heniochus varius,images_fishbase_usercontrib,hybrid_apple_dinosam,2,16172,1268,950,0.0134,../../analysis/approach_1_gmm/segmented_dinosam/Heniochus_varius/Heniochus_varius_FishBaseUser_1469523498_162.158.167.12.png,success
Heniochus_varius_FishBaseUser_1569828952_162.158.255.132.jpg,Heniochus varius,images_fishbase_usercontrib,hybrid_apple_dinosam,1,0,1440,1080,0.0,../../analysis/approach_1_gmm/segmented_dinosam/Heniochus_varius/Heniochus_varius_FishBaseUser_1569828952_162.158.255.132.png,success
Heniochus_varius_FishBaseUser_1577526153_172.68.102.30.jpg,Heniochus varius,images_fishbase_usercontrib,hybrid_apple_dinosam,3,69229,2291,1529,0.0198,../../analysis/approach_1_gmm/segmented_dinosam/Heniochus_varius/Heniochus_varius_FishBaseUser_1577526153_172.68.102.30.png,success
Heniochus_varius_FishBaseUser_1748177775_95.95.129.49.jpg,Heniochus varius,images_fishbase_usercontrib,hybrid_apple_dinosam,1,243230,2904,2178,0.0385,../../analysis/approach_1_gmm/segmented_dinosam/Heniochus_varius/Heniochus_varius_FishBaseUser_1748177775_95.95.129.49.png,success
Parachaetodon_ocellatus_FishBaseUser_1613395906_162.158.167.180.jpg,Parachaetodon ocellatus,images_fishbase_usercontrib,hybrid_apple_dinosam,2,13181,640,480,0.0429,../../analysis/approach_1_gmm/segmented_dinosam/Parachaetodon_ocellatus/Parachaetodon_ocellatus_FishBaseUser_1613395906_162.158.167.180.png,success
Roa_modesta_FishBaseUser_1672901864_162.158.178.86.jpg,Roa modesta,images_fishbase_usercontrib,hybrid_apple_dinosam,1,19373,640,480,0.0631,../../analysis/approach_1_gmm/segmented_dinosam/Roa_modesta/Roa_modesta_FishBaseUser_1672901864_162.158.178.86.png,success
Amphichaetodon_howensis_iNaturalist_267486174.jpg,Amphichaetodon howensis,images_inaturalist,dinosam,3,245370,1024,768,0.312,../../analysis/approach_1_gmm/segmented_dinosam/Amphichaetodon_howensis/Amphichaetodon_howensis_iNaturalist_267486174.png,success
Amphichaetodon_howensis_iNaturalist_33167253.jpg,Amphichaetodon howensis,images_inaturalist,hybrid_apple_dinosam,4,35967,1024,768,0.0457,../../analysis/approach_1_gmm/segmented_dinosam/Amphichaetodon_howensis/Amphichaetodon_howensis_iNaturalist_33167253.png,success
Amphichaetodon_howensis_iNaturalist_33719286.jpg,Amphichaetodon howensis,images_inaturalist,hybrid_apple_dinosam,1,27844,1024,895,0.0304,../../analysis/approach_1_gmm/segmented_dinosam/Amphichaetodon_howensis/Amphichaetodon_howensis_iNaturalist_33719286.png,success
Amphichaetodon_howensis_iNaturalist_33719401.jpg,Amphichaetodon howensis,images_inaturalist,hybrid_apple_dinosam,2,8913,1024,768,0.0113,../../analysis/approach_1_gmm/segmented_dinosam/Amphichaetodon_howensis/Amphichaetodon_howensis_iNaturalist_33719401.png,success
Amphichaetodon_howensis_iNaturalist_33719403.jpg,Amphichaetodon howensis,images_inaturalist,hybrid_apple_dinosam,1,25041,1024,768,0.0318,../../analysis/approach_1_gmm/segmented_dinosam/Amphichaetodon_howensis/Amphichaetodon_howensis_iNaturalist_33719403.png,success
Amphichaetodon_howensis_iNaturalist_384666682.jpg,Amphichaetodon howensis,images_inaturalist,hybrid_apple_dinosam,1,50901,1024,770,0.0646,../../analysis/approach_1_gmm/segmented_dinosam/Amphichaetodon_howensis/Amphichaetodon_howensis_iNaturalist_384666682.png,success
Amphichaetodon_howensis_iNaturalist_392179799.jpg,Amphichaetodon howensis,images_inaturalist,hybrid_apple_dinosam,2,60790,1024,680,0.0873,../../analysis/approach_1_gmm/segmented_dinosam/Amphichaetodon_howensis/Amphichaetodon_howensis_iNaturalist_392179799.png,success
Amphichaetodon_howensis_iNaturalist_405964908.jpg,Amphichaetodon howensis,images_inaturalist,hybrid_apple_dinosam,1,41346,1024,683,0.0591,../../analysis/approach_1_gmm/segmented_dinosam/Amphichaetodon_howensis/Amphichaetodon_howensis_iNaturalist_405964908.png,success
Amphichaetodon_melbae_iNaturalist_462963831.jpg,Amphichaetodon melbae,images_inaturalist,hybrid_apple_dinosam,1,28797,1024,1012,0.0278,../../analysis/approach_1_gmm/segmented_dinosam/Amphichaetodon_melbae/Amphichaetodon_melbae_iNaturalist_462963831.png,success
Amphichaetodon_melbae_iNaturalist_577502906.jpg,Amphichaetodon melbae,images_inaturalist,hybrid_apple_dinosam,4,386486,1024,768,0.4914,../../analysis/approach_1_gmm/segmented_dinosam/Amphichaetodon_melbae/Amphichaetodon_melbae_iNaturalist_577502906.png,success
Chaetodon_adiergastos_iNaturalist_294596355.jpg,Chaetodon adiergastos,images_inaturalist,dinosam,8,110425,375,562,0.524,../../analysis/approach_1_gmm/segmented_dinosam/Chaetodon_adiergastos/Chaetodon_adiergastos_iNaturalist_294596355.png,success
Chaetodon_adiergastos_iNaturalist_468973634.jpg,Chaetodon adiergastos,images_inaturalist,hybrid_apple_dinosam,1,0,1024,768,0.0,../../analysis/approach_1_gmm/segmented_dinosam/Chaetodon_adiergastos/Chaetodon_adiergastos_iNaturalist_468973634.png,success
Chaetodon_andamanensis_iNaturalist_153255532.jpg,Chaetodon andamanensis,images_inaturalist,dinosam,12,272108,1024,768,0.346,../../analysis/approach_1_gmm/segmented_dinosam/Chaetodon_andamanensis/Chaetodon_andamanensis_iNaturalist_153255532.png,success
Chaetodon_andamanensis_iNaturalist_173829490.jpg,Chaetodon andamanensis,images_inaturalist,hybrid_apple_dinosam,1,31654,1024,767,0.0403,../../analysis/approach_1_gmm/segmented_dinosam/Chaetodon_andamanensis/Chaetodon_andamanensis_iNaturalist_173829490.png,success
Chaetodon_andamanensis_iNaturalist_177672904.jpg,Chaetodon andamanensis,images_inaturalist,hybrid_apple_dinosam,1,16263,1004,753,0.0215,../../analysis/approach_1_gmm/segmented_dinosam/Chaetodon_andamanensis/Chaetodon_andamanensis_iNaturalist_177672904.png,success
Chaetodon_andamanensis_iNaturalist_205344829.jpg,Chaetodon andamanensis,images_inaturalist,dinosam,10,363969,1024,682,0.5212,../../analysis/approach_1_gmm/segmented_dinosam/Chaetodon_andamanensis/Chaetodon_andamanensis_iNaturalist_205344829.png,success
Chaetodon_andamanensis_iNaturalist_486380130.jpg,Chaetodon andamanensis,images_inaturalist,dinosam,4,686412,1024,687,0.9757,../../analysis/approach_1_gmm/segmented_dinosam/Chaetodon_andamanensis/Chaetodon_andamanensis_iNaturalist_486380130.png,success
Chaetodon_andamanensis_iNaturalist_545241141.jpg,Chaetodon andamanensis,images_inaturalist,hybrid_apple_dinosam,1,60628,1024,768,0.0771,../../analysis/approach_1_gmm/segmented_dinosam/Chaetodon_andamanensis/Chaetodon_andamanensis_iNaturalist_545241141.png,success
Chaetodon_argentatus_iNaturalist_263052559.jpg,Chaetodon argentatus,images_inaturalist,hybrid_apple_dinosam,2,96896,1024,577,0.164,../../analysis/approach_1_gmm/segmented_dinosam/Chaetodon_argentatus/Chaetodon_argentatus_iNaturalist_263052559.png,success
Chaetodon_argentatus_iNaturalist_263052573.jpg,Chaetodon argentatus,images_inaturalist,hybrid_apple_dinosam,2,21084,1024,577,0.0357,../../analysis/approach_1_gmm/segmented_dinosam/Chaetodon_argentatus/Chaetodon_argentatus_iNaturalist_263052573.png,success
Chaetodon_argentatus_iNaturalist_302749246.jpg,Chaetodon argentatus,images_inaturalist,hybrid_apple_dinosam,1,0,1024,768,0.0,../../analysis/approach_1_gmm/segmented_dinosam/Chaetodon_argentatus/Chaetodon_argentatus_iNaturalist_302749246.png,success
Chaetodon_argentatus_iNaturalist_304051728.jpg,Chaetodon argentatus,images_inaturalist,hybrid_apple_dinosam,1,12041,1024,768,0.0153,../../analysis/approach_1_gmm/segmented_dinosam/Chaetodon_argentatus/Chaetodon_argentatus_iNaturalist_304051728.png,success
Chaetodon_argentatus_iNaturalist_59002230.jpg,Chaetodon argentatus,images_inaturalist,hybrid_apple_dinosam,1,605,1024,682,0.0009,../../analysis/approach_1_gmm/segmented_dinosam/Chaetodon_argentatus/Chaetodon_argentatus_iNaturalist_59002230.png,success
Chaetodon_assarius_iNaturalist_299428954.jpg,Chaetodon assarius,images_inaturalist,hybrid_apple_dinosam,1,0,1024,874,0.0,../../analysis/approach_1_gmm/segmented_dinosam/Chaetodon_assarius/Chaetodon_assarius_iNaturalist_299428954.png,success
Chaetodon_assarius_iNaturalist_310339741.jpg,Chaetodon assarius,images_inaturalist,hybrid_apple_dinosam,2,10302,1024,768,0.0131,../../analysis/approach_1_gmm/segmented_dinosam/Chaetodon_assarius/Chaetodon_assarius_iNaturalist_310339741.png,success
Chaetodon_assarius_iNaturalist_484163082.jpg,Chaetodon assarius,images_inaturalist,hybrid_apple_dinosam,2,0,942,706,0.0,../../analysis/approach_1_gmm/segmented_dinosam/Chaetodon_assarius/Chaetodon_assarius_iNaturalist_484163082.png,success
Chaetodon_assarius_iNaturalist_599485831.jpg,Chaetodon assarius,images_inaturalist,hybrid_apple_dinosam,2,51648,1024,768,0.0657,../../analysis/approach_1_gmm/segmented_dinosam/Chaetodon_assarius/Chaetodon_assarius_iNaturalist_599485831.png,success
Chaetodon_aureofasciatus_iNaturalist_204606708.jpg,Chaetodon aureofasciatus,images_inaturalist,hybrid_apple_dinosam,1,32072,1024,768,0.0408,../../analysis/approach_1_gmm/segmented_dinosam/Chaetodon_aureofasciatus/Chaetodon_aureofasciatus_iNaturalist_204606708.png,success
Chaetodon_aureofasciatus_iNaturalist_481634544.jpg,Chaetodon aureofasciatus,images_inaturalist,hybrid_apple_dinosam,1,8448,1024,768,0.0107,../../analysis/approach_1_gmm/segmented_dinosam/Chaetodon_aureofasciatus/Chaetodon_aureofasciatus_iNaturalist_481634544.png,success
Chaetodon_aureofasciatus_iNaturalist_592190693.jpg,Chaetodon aureofasciatus,images_inaturalist,hybrid_apple_dinosam,1,0,1024,899,0.0,../../analysis/approach_1_gmm/segmented_dinosam/Chaetodon_aureofasciatus/Chaetodon_aureofasciatus_iNaturalist_592190693.png,success
Chaetodon_aureofasciatus_iNaturalist_598689315.jpg,Chaetodon aureofasciatus,images_inaturalist,hybrid_apple_dinosam,1,30226,1024,683,0.0432,../../analysis/approach_1_gmm/segmented_dinosam/Chaetodon_aureofasciatus/Chaetodon_aureofasciatus_iNaturalist_598689315.png,success
Chaetodon_auriga_iNaturalist_15056180.jpg,Chaetodon auriga,images_inaturalist,hybrid_apple_dinosam,1,22051,1024,615,0.035,../../analysis/approach_1_gmm/segmented_dinosam/Chaetodon_auriga/Chaetodon_auriga_iNaturalist_15056180.png,success
Chaetodon_auriga_iNaturalist_15056242.jpg,Chaetodon auriga,images_inaturalist,hybrid_apple_dinosam,1,0,1024,614,0.0,../../analysis/approach_1_gmm/segmented_dinosam/Chaetodon_auriga/Chaetodon_auriga_iNaturalist_15056242.png,success
Chaetodon_auriga_iNaturalist_15056243.jpg,Chaetodon auriga,images_inaturalist,hybrid_apple_dinosam,1,31167,1024,614,0.0496,../../analysis/approach_1_gmm/segmented_dinosam/Chaetodon_auriga/Chaetodon_auriga_iNaturalist_15056243.png,success
Chaetodon_auriga_iNaturalist_220938852.jpg,Chaetodon auriga,images_inaturalist,hybrid_apple_dinosam,1,32826,1024,735,0.0436,../../analysis/approach_1_gmm/segmented_dinosam/Chaetodon_auriga/Chaetodon_auriga_iNaturalist_220938852.png,success
Chaetodon_auriga_iNaturalist_317521711.jpg,Chaetodon auriga,images_inaturalist,hybrid_apple_dinosam,2,67232,1024,768,0.0855,../../analysis/approach_1_gmm/segmented_dinosam/Chaetodon_auriga/Chaetodon_auriga_iNaturalist_317521711.png,success
Chaetodon_auriga_iNaturalist_549267892.jpg,Chaetodon auriga,images_inaturalist,hybrid_apple_dinosam,1,29584,1024,748,0.0386,../../analysis/approach_1_gmm/segmented_dinosam/Chaetodon_auriga/Chaetodon_auriga_iNaturalist_549267892.png,success
Chaetodon_auriga_iNaturalist_559191666.jpg,Chaetodon auriga,images_inaturalist,hybrid_apple_dinosam,1,12393,1024,768,0.0158,../../analysis/approach_1_gmm/segmented_dinosam/Chaetodon_auriga/Chaetodon_auriga_iNaturalist_559191666.png,success
Chaetodon_auriga_iNaturalist_69919845.jpg,Chaetodon auriga,images_inaturalist,hybrid_apple_dinosam,1,0,1024,683,0.0,../../analysis/approach_1_gmm/segmented_dinosam/Chaetodon_auriga/Chaetodon_auriga_iNaturalist_69919845.png,success
Chaetodon_auripes_iNaturalist_300367621.jpg,Chaetodon auripes,images_inaturalist,dinosam,4,223134,1024,576,0.3783,../../analysis/approach_1_gmm/segmented_dinosam/Chaetodon_auripes/Chaetodon_auripes_iNaturalist_300367621.png,success
Chaetodon_auripes_iNaturalist_398828755.jpg,Chaetodon auripes,images_inaturalist,hybrid_apple_dinosam,7,0,1024,576,0.0,../../analysis/approach_1_gmm/segmented_dinosam/Chaetodon_auripes/Chaetodon_auripes_iNaturalist_398828755.png,success
Chaetodon_auripes_iNaturalist_423034637.jpg,Chaetodon auripes,images_inaturalist,hybrid_apple_dinosam,1,59,1024,576,0.0001,../../analysis/approach_1_gmm/segmented_dinosam/Chaetodon_auripes/Chaetodon_auripes_iNaturalist_423034637.png,success
Chaetodon_auripes_iNaturalist_473893703.jpg,Chaetodon auripes,images_inaturalist,hybrid_apple_dinosam,1,0,1024,768,0.0,../../analysis/approach_1_gmm/segmented_dinosam/Chaetodon_auripes/Chaetodon_auripes_iNaturalist_473893703.png,success
Chaetodon_auripes_iNaturalist_474933774.jpg,Chaetodon auripes,images_inaturalist,hybrid_apple_dinosam,1,48276,1024,768,0.0614,../../analysis/approach_1_gmm/segmented_dinosam/Chaetodon_auripes/Chaetodon_auripes_iNaturalist_474933774.png,success
Chaetodon_auripes_iNaturalist_576758934.jpg,Chaetodon auripes,images_inaturalist,hybrid_apple_dinosam,4,34104,1024,768,0.0434,../../analysis/approach_1_gmm/segmented_dinosam/Chaetodon_auripes/Chaetodon_auripes_iNaturalist_576758934.png,success
Chaetodon_auripes_iNaturalist_63544462.jpg,Chaetodon auripes,images_inaturalist,dinosam,15,320061,1024,768,0.407,../../analysis/approach_1_gmm/segmented_dinosam/Chaetodon_auripes/Chaetodon_auripes_iNaturalist_63544462.png,success
Chaetodon_austriacus_iNaturalist_102813626.jpg,Chaetodon austriacus,images_inaturalist,hybrid_apple_dinosam,2,43,952,755,0.0001,../../analysis/approach_1_gmm/segmented_dinosam/Chaetodon_austriacus/Chaetodon_austriacus_iNaturalist_102813626.png,success
Chaetodon_austriacus_iNaturalist_2282538.jpg,Chaetodon austriacus,images_inaturalist,hybrid_apple_dinosam,2,7335,307,512,0.0467,../../analysis/approach_1_gmm/segmented_dinosam/Chaetodon_austriacus/Chaetodon_austriacus_iNaturalist_2282538.png,success
Chaetodon_austriacus_iNaturalist_3125075.jpg,Chaetodon austriacus,images_inaturalist,hybrid_apple_dinosam,5,20222,1024,768,0.0257,../../analysis/approach_1_gmm/segmented_dinosam/Chaetodon_austriacus/Chaetodon_austriacus_iNaturalist_3125075.png,success
Chaetodon_austriacus_iNaturalist_450186908.jpg,Chaetodon austriacus,images_inaturalist,hybrid_apple_dinosam,1,0,1024,547,0.0,../../analysis/approach_1_gmm/segmented_dinosam/Chaetodon_austriacus/Chaetodon_austriacus_iNaturalist_450186908.png,success
Chaetodon_austriacus_iNaturalist_450388533.jpg,Chaetodon austriacus,images_inaturalist,hybrid_apple_dinosam,1,56645,1024,768,0.072,../../analysis/approach_1_gmm/segmented_dinosam/Chaetodon_austriacus/Chaetodon_austriacus_iNaturalist_450388533.png,success
Chaetodon_baronessa_iNaturalist_160681551.jpg,Chaetodon baronessa,images_inaturalist,hybrid_apple_dinosam,1,27,1024,615,0.0,../../analysis/approach_1_gmm/segmented_dinosam/Chaetodon_baronessa/Chaetodon_baronessa_iNaturalist_160681551.png,success
Chaetodon_baronessa_iNaturalist_390635292.jpg,Chaetodon baronessa,images_inaturalist,dinosam,4,386176,1024,768,0.491,../../analysis/approach_1_gmm/segmented_dinosam/Chaetodon_baronessa/Chaetodon_baronessa_iNaturalist_390635292.png,success
Chaetodon_baronessa_iNaturalist_390635338.jpg,Chaetodon baronessa,images_inaturalist,dinosam,4,355932,1024,768,0.4526,../../analysis/approach_1_gmm/segmented_dinosam/Chaetodon_baronessa/Chaetodon_baronessa_iNaturalist_390635338.png,success
Chaetodon_baronessa_iNaturalist_409577421.jpg,Chaetodon baronessa,images_inaturalist,hybrid_apple_dinosam,1,19983,884,663,0.0341,../../analysis/approach_1_gmm/segmented_dinosam/Chaetodon_baronessa/Chaetodon_baronessa_iNaturalist_409577421.png,success
Chaetodon_bennetti_iNaturalist_214592077.jpg,Chaetodon bennetti,images_inaturalist,hybrid_apple_dinosam,1,18150,1024,576,0.0308,../../analysis/approach_1_gmm/segmented_dinosam/Chaetodon_bennetti/Chaetodon_bennetti_iNaturalist_214592077.png,success
Chaetodon_bennetti_iNaturalist_450199757.jpg,Chaetodon bennetti,images_inaturalist,hybrid_apple_dinosam,1,599,1024,1024,0.0006,../../analysis/approach_1_gmm/segmented_dinosam/Chaetodon_bennetti/Chaetodon_bennetti_iNaturalist_450199757.png,success
Chaetodon_bennetti_iNaturalist_452973249.jpg,Chaetodon bennetti,images_inaturalist,hybrid_apple_dinosam,1,84983,1024,1024,0.081,../../analysis/approach_1_gmm/segmented_dinosam/Chaetodon_bennetti/Chaetodon_bennetti_iNaturalist_452973249.png,success
Chaetodon_bennetti_iNaturalist_476708566.jpg,Chaetodon bennetti,images_inaturalist,hybrid_apple_dinosam,1,37224,1024,768,0.0473,../../analysis/approach_1_gmm/segmented_dinosam/Chaetodon_bennetti/Chaetodon_bennetti_iNaturalist_476708566.png,success
Chaetodon_bennetti_iNaturalist_476710068.jpg,Chaetodon bennetti,images_inaturalist,hybrid_apple_dinosam,1,29556,1024,768,0.0376,../../analysis/approach_1_gmm/segmented_dinosam/Chaetodon_bennetti/Chaetodon_bennetti_iNaturalist_476710068.png,success
Chaetodon_bennetti_iNaturalist_604198648.jpg,Chaetodon bennetti,images_inaturalist,hybrid_apple_dinosam,1,28011,1024,683,0.0401,../../analysis/approach_1_gmm/segmented_dinosam/Chaetodon_bennetti/Chaetodon_bennetti_iNaturalist_604198648.png,success
Chaetodon_bennetti_iNaturalist_607317919.jpg,Chaetodon bennetti,images_inaturalist,hybrid_apple_dinosam,1,0,1024,768,0.0,../../analysis/approach_1_gmm/segmented_dinosam/Chaetodon_bennetti/Chaetodon_bennetti_iNaturalist_607317919.png,success
Chaetodon_blackburnii_iNaturalist_15662749.jpg,Chaetodon blackburnii,images_inaturalist,hybrid_apple_dinosam,4,30143,1024,651,0.0452,../../analysis/approach_1_gmm/segmented_dinosam/Chaetodon_blackburnii/Chaetodon_blackburnii_iNaturalist_15662749.png,success
Chaetodon_blackburnii_iNaturalist_172869684.jpg,Chaetodon blackburnii,images_inaturalist,dinosam,5,538009,1024,738,0.7119,../../analysis/approach_1_gmm/segmented_dinosam/Chaetodon_blackburnii/Chaetodon_blackburnii_iNaturalist_172869684.png,success
Chaetodon_blackburnii_iNaturalist_19230596.jpg,Chaetodon blackburnii,images_inaturalist,hybrid_apple_dinosam,1,7454,677,562,0.0196,../../analysis/approach_1_gmm/segmented_dinosam/Chaetodon_blackburnii/Chaetodon_blackburnii_iNaturalist_19230596.png,success
Chaetodon_blackburnii_iNaturalist_247677288.jpg,Chaetodon blackburnii,images_inaturalist,hybrid_apple_dinosam,2,7065,1024,683,0.0101,../../analysis/approach_1_gmm/segmented_dinosam/Chaetodon_blackburnii/Chaetodon_blackburnii_iNaturalist_247677288.png,success
Chaetodon_blackburnii_iNaturalist_8799394.jpg,Chaetodon blackburnii,images_inaturalist,hybrid_apple_dinosam,1,26450,1024,768,0.0336,../../analysis/approach_1_gmm/segmented_dinosam/Chaetodon_blackburnii/Chaetodon_blackburnii_iNaturalist_8799394.png,success
Chaetodon_burgessi_iNaturalist_59037796.jpg,Chaetodon burgessi,images_inaturalist,hybrid_apple_dinosam,1,5,1024,676,0.0,../../analysis/approach_1_gmm/segmented_dinosam/Chaetodon_burgessi/Chaetodon_burgessi_iNaturalist_59037796.png,success
Chaetodon_burgessi_iNaturalist_9454337.jpg,Chaetodon burgessi,images_inaturalist,hybrid_apple_dinosam,1,40307,1024,768,0.0513,../../analysis/approach_1_gmm/segmented_dinosam/Chaetodon_burgessi/Chaetodon_burgessi_iNaturalist_9454337.png,success
Chaetodon_capistratus_iNaturalist_411187850.jpg,Chaetodon capistratus,images_inaturalist,hybrid_apple_dinosam,1,37519,726,968,0.0534,../../analysis/approach_1_gmm/segmented_dinosam/Chaetodon_capistratus/Chaetodon_capistratus_iNaturalist_411187850.png,success
Chaetodon_capistratus_iNaturalist_449536529.jpg,Chaetodon capistratus,images_inaturalist,hybrid_apple_dinosam,1,38972,1024,768,0.0496,../../analysis/approach_1_gmm/segmented_dinosam/Chaetodon_capistratus/Chaetodon_capistratus_iNaturalist_449536529.png,success
Chaetodon_capistratus_iNaturalist_449536831.jpg,Chaetodon capistratus,images_inaturalist,dinosam,3,521198,1024,768,0.6627,../../analysis/approach_1_gmm/segmented_dinosam/Chaetodon_capistratus/Chaetodon_capistratus_iNaturalist_449536831.png,success
Chaetodon_capistratus_iNaturalist_92683344.jpg,Chaetodon capistratus,images_inaturalist,hybrid_apple_dinosam,1,19625,1024,768,0.025,../../analysis/approach_1_gmm/segmented_dinosam/Chaetodon_capistratus/Chaetodon_capistratus_iNaturalist_92683344.png,success
Chaetodon_citrinellus_iNaturalist_237829084.jpg,Chaetodon citrinellus,images_inaturalist,hybrid_apple_dinosam,1,0,967,1024,0.0,../../analysis/approach_1_gmm/segmented_dinosam/Chaetodon_citrinellus/Chaetodon_citrinellus_iNaturalist_237829084.png,success
Chaetodon_citrinellus_iNaturalist_354753796.jpg,Chaetodon citrinellus,images_inaturalist,hybrid_apple_dinosam,1,34012,1024,768,0.0432,../../analysis/approach_1_gmm/segmented_dinosam/Chaetodon_citrinellus/Chaetodon_citrinellus_iNaturalist_354753796.png,success
Chaetodon_citrinellus_iNaturalist_354753799.jpg,Chaetodon citrinellus,images_inaturalist,hybrid_apple_dinosam,1,338,1024,768,0.0004,../../analysis/approach_1_gmm/segmented_dinosam/Chaetodon_citrinellus/Chaetodon_citrinellus_iNaturalist_354753799.png,success
Chaetodon_citrinellus_iNaturalist_585084786.jpg,Chaetodon citrinellus,images_inaturalist,hybrid_apple_dinosam,1,47192,945,709,0.0704,../../analysis/approach_1_gmm/segmented_dinosam/Chaetodon_citrinellus/Chaetodon_citrinellus_iNaturalist_585084786.png,success
Chaetodon_citrinellus_iNaturalist_602667833.jpg,Chaetodon citrinellus,images_inaturalist,hybrid_apple_dinosam,1,85252,1024,967,0.0861,../../analysis/approach_1_gmm/segmented_dinosam/Chaetodon_citrinellus/Chaetodon_citrinellus_iNaturalist_602667833.png,success
Chaetodon_collare_iNaturalist_199056448.jpg,Chaetodon collare,images_inaturalist,hybrid_apple_dinosam,1,35133,1024,768,0.0447,../../analysis/approach_1_gmm/segmented_dinosam/Chaetodon_collare/Chaetodon_collare_iNaturalist_199056448.png,success
Chaetodon_collare_iNaturalist_249083568.jpg,Chaetodon collare,images_inaturalist,hybrid_apple_dinosam,4,41091,1024,768,0.0522,../../analysis/approach_1_gmm/segmented_dinosam/Chaetodon_collare/Chaetodon_collare_iNaturalist_249083568.png,success
Chaetodon_collare_iNaturalist_249083569.jpg,Chaetodon collare,images_inaturalist,hybrid_apple_dinosam,1,0,1024,768,0.0,../../analysis/approach_1_gmm/segmented_dinosam/Chaetodon_collare/Chaetodon_collare_iNaturalist_249083569.png,success
Chaetodon_collare_iNaturalist_249083606.jpg,Chaetodon collare,images_inaturalist,hybrid_apple_dinosam,3,85106,1024,768,0.1082,../../analysis/approach_1_gmm/segmented_dinosam/Chaetodon_collare/Chaetodon_collare_iNaturalist_249083606.png,success
Chaetodon_collare_iNaturalist_470988304.jpg,Chaetodon collare,images_inaturalist,hybrid_apple_dinosam,1,0,1024,683,0.0,../../analysis/approach_1_gmm/segmented_dinosam/Chaetodon_collare/Chaetodon_collare_iNaturalist_470988304.png,success
Chaetodon_collare_iNaturalist_482033388.jpg,Chaetodon collare,images_inaturalist,hybrid_apple_dinosam,2,31019,1024,768,0.0394,../../analysis/approach_1_gmm/segmented_dinosam/Chaetodon_collare/Chaetodon_collare_iNaturalist_482033388.png,success
Chaetodon_collare_iNaturalist_483798684.jpg,Chaetodon collare,images_inaturalist,hybrid_apple_dinosam,2,26689,1024,683,0.0382,../../analysis/approach_1_gmm/segmented_dinosam/Chaetodon_collare/Chaetodon_collare_iNaturalist_483798684.png,success
Chaetodon_collare_iNaturalist_603923252.jpg,Chaetodon collare,images_inaturalist,hybrid_apple_dinosam,2,160,1024,683,0.0002,../../analysis/approach_1_gmm/segmented_dinosam/Chaetodon_collare/Chaetodon_collare_iNaturalist_603923252.png,success
Chaetodon_daedalma_iNaturalist_390092673.jpg,Chaetodon daedalma,images_inaturalist,hybrid_apple_dinosam,2,106,1024,683,0.0002,../../analysis/approach_1_gmm/segmented_dinosam/Chaetodon_daedalma/Chaetodon_daedalma_iNaturalist_390092673.png,success
Chaetodon_daedalma_iNaturalist_560372799.jpg,Chaetodon daedalma,images_inaturalist,dinosam,6,717339,1024,768,0.9121,../../analysis/approach_1_gmm/segmented_dinosam/Chaetodon_daedalma/Chaetodon_daedalma_iNaturalist_560372799.png,success
Chaetodon_daedalma_iNaturalist_560373781.jpg,Chaetodon daedalma,images_inaturalist,hybrid_apple_dinosam,1,37666,1024,768,0.0479,../../analysis/approach_1_gmm/segmented_dinosam/Chaetodon_daedalma/Chaetodon_daedalma_iNaturalist_560373781.png,success
Chaetodon_daedalma_iNaturalist_78269334.jpg,Chaetodon daedalma,images_inaturalist,hybrid_apple_dinosam,2,21106,683,1024,0.0302,../../analysis/approach_1_gmm/segmented_dinosam/Chaetodon_daedalma/Chaetodon_daedalma_iNaturalist_78269334.png,success
Chaetodon_declivis_iNaturalist_594486076.jpg,Chaetodon declivis,images_inaturalist,hybrid_apple_dinosam,3,14510,504,318,0.0905,../../analysis/approach_1_gmm/segmented_dinosam/Chaetodon_declivis/Chaetodon_declivis_iNaturalist_594486076.png,success
Chaetodon_decussatus_iNaturalist_42777173.jpg,Chaetodon decussatus,images_inaturalist,hybrid_apple_dinosam,2,0,1024,768,0.0,../../analysis/approach_1_gmm/segmented_dinosam/Chaetodon_decussatus/Chaetodon_decussatus_iNaturalist_42777173.png,success
Chaetodon_decussatus_iNaturalist_447360473.jpg,Chaetodon decussatus,images_inaturalist,hybrid_apple_dinosam,1,0,1024,578,0.0,../../analysis/approach_1_gmm/segmented_dinosam/Chaetodon_decussatus/Chaetodon_decussatus_iNaturalist_447360473.png,success
Chaetodon_decussatus_iNaturalist_451789859.jpg,Chaetodon decussatus,images_inaturalist,hybrid_apple_dinosam,1,0,1024,578,0.0,../../analysis/approach_1_gmm/segmented_dinosam/Chaetodon_decussatus/Chaetodon_decussatus_iNaturalist_451789859.png,success
Chaetodon_decussatus_iNaturalist_567031020.jpg,Chaetodon decussatus,images_inaturalist,dinosam,3,320906,540,604,0.9839,../../analysis/approach_1_gmm/segmented_dinosam/Chaetodon_decussatus/Chaetodon_decussatus_iNaturalist_567031020.png,success
Chaetodon_dialeucos_iNaturalist_33142997.jpg,Chaetodon dialeucos,images_inaturalist,hybrid_apple_dinosam,2,0,808,728,0.0,../../analysis/approach_1_gmm/segmented_dinosam/Chaetodon_dialeucos/Chaetodon_dialeucos_iNaturalist_33142997.png,success
Chaetodon_dolosus_iNaturalist_15539185.jpg,Chaetodon dolosus,images_inaturalist,hybrid_apple_dinosam,1,0,1024,768,0.0,../../analysis/approach_1_gmm/segmented_dinosam/Chaetodon_dolosus/Chaetodon_dolosus_iNaturalist_15539185.png,success
Chaetodon_dolosus_iNaturalist_343070892.jpg,Chaetodon dolosus,images_inaturalist,dinosam,4,407590,768,1024,0.5183,../../analysis/approach_1_gmm/segmented_dinosam/Chaetodon_dolosus/Chaetodon_dolosus_iNaturalist_343070892.png,success
Chaetodon_dolosus_iNaturalist_343070907.jpg,Chaetodon dolosus,images_inaturalist,hybrid_apple_dinosam,2,5312,768,1024,0.0068,../../analysis/approach_1_gmm/segmented_dinosam/Chaetodon_dolosus/Chaetodon_dolosus_iNaturalist_343070907.png,success
Chaetodon_dolosus_iNaturalist_343070914.jpg,Chaetodon dolosus,images_inaturalist,hybrid_apple_dinosam,2,7324,768,1024,0.0093,../../analysis/approach_1_gmm/segmented_dinosam/Chaetodon_dolosus/Chaetodon_dolosus_iNaturalist_343070914.png,success
Chaetodon_dolosus_iNaturalist_349460578.jpg,Chaetodon dolosus,images_inaturalist,hybrid_apple_dinosam,2,27116,1024,767,0.0345,../../analysis/approach_1_gmm/segmented_dinosam/Chaetodon_dolosus/Chaetodon_dolosus_iNaturalist_349460578.png,success
Chaetodon_ephippium_iNaturalist_243890971.jpg,Chaetodon ephippium,images_inaturalist,hybrid_apple_dinosam,1,11755,1000,750,0.0157,../../analysis/approach_1_gmm/segmented_dinosam/Chaetodon_ephippium/Chaetodon_ephippium_iNaturalist_243890971.png,success
Chaetodon_ephippium_iNaturalist_243890974.jpg,Chaetodon ephippium,images_inaturalist,dinosam,12,427856,1000,750,0.5705,../../analysis/approach_1_gmm/segmented_dinosam/Chaetodon_ephippium/Chaetodon_ephippium_iNaturalist_243890974.png,success
Chaetodon_ephippium_iNaturalist_330181464.jpg,Chaetodon ephippium,images_inaturalist,hybrid_apple_dinosam,1,0,1024,791,0.0,../../analysis/approach_1_gmm/segmented_dinosam/Chaetodon_ephippium/Chaetodon_ephippium_iNaturalist_330181464.png,success
Chaetodon_ephippium_iNaturalist_330181465.jpg,Chaetodon ephippium,images_inaturalist,hybrid_apple_dinosam,2,34154,1024,810,0.0412,../../analysis/approach_1_gmm/segmented_dinosam/Chaetodon_ephippium/Chaetodon_ephippium_iNaturalist_330181465.png,success
Chaetodon_ephippium_iNaturalist_330181466.jpg,Chaetodon ephippium,images_inaturalist,hybrid_apple_dinosam,1,37027,1024,748,0.0483,../../analysis/approach_1_gmm/segmented_dinosam/Chaetodon_ephippium/Chaetodon_ephippium_iNaturalist_330181466.png,success
Chaetodon_ephippium_iNaturalist_436944065.jpg,Chaetodon ephippium,images_inaturalist,hybrid_apple_dinosam,1,44243,744,710,0.0838,../../analysis/approach_1_gmm/segmented_dinosam/Chaetodon_ephippium/Chaetodon_ephippium_iNaturalist_436944065.png,success
Chaetodon_ephippium_iNaturalist_549286482.jpg,Chaetodon ephippium,images_inaturalist,hybrid_apple_dinosam,1,0,929,1024,0.0,../../analysis/approach_1_gmm/segmented_dinosam/Chaetodon_ephippium/Chaetodon_ephippium_iNaturalist_549286482.png,success
Chaetodon_falcula_iNaturalist_317097780.jpg,Chaetodon falcula,images_inaturalist,hybrid_apple_dinosam,2,11810,1024,696,0.0166,../../analysis/approach_1_gmm/segmented_dinosam/Chaetodon_falcula/Chaetodon_falcula_iNaturalist_317097780.png,success
Chaetodon_falcula_iNaturalist_379635851.jpg,Chaetodon falcula,images_inaturalist,hybrid_apple_dinosam,1,50991,960,840,0.0632,../../analysis/approach_1_gmm/segmented_dinosam/Chaetodon_falcula/Chaetodon_falcula_iNaturalist_379635851.png,success
Chaetodon_falcula_iNaturalist_602174061.jpg,Chaetodon falcula,images_inaturalist,hybrid_apple_dinosam,1,52046,1024,683,0.0744,../../analysis/approach_1_gmm/segmented_dinosam/Chaetodon_falcula/Chaetodon_falcula_iNaturalist_602174061.png,success
Chaetodon_fasciatus_iNaturalist_174967542.jpg,Chaetodon fasciatus,images_inaturalist,hybrid_apple_dinosam,1,0,1024,768,0.0,../../analysis/approach_1_gmm/segmented_dinosam/Chaetodon_fasciatus/Chaetodon_fasciatus_iNaturalist_174967542.png,success
Chaetodon_fasciatus_iNaturalist_344206924.jpg,Chaetodon fasciatus,images_inaturalist,hybrid_apple_dinosam,12,3856,768,1024,0.0049,../../analysis/approach_1_gmm/segmented_dinosam/Chaetodon_fasciatus/Chaetodon_fasciatus_iNaturalist_344206924.png,success
Chaetodon_fasciatus_iNaturalist_344206971.jpg,Chaetodon fasciatus,images_inaturalist,hybrid_apple_dinosam,4,31526,1024,768,0.0401,../../analysis/approach_1_gmm/segmented_dinosam/Chaetodon_fasciatus/Chaetodon_fasciatus_iNaturalist_344206971.png,success
Chaetodon_fasciatus_iNaturalist_344206990.jpg,Chaetodon fasciatus,images_inaturalist,hybrid_apple_dinosam,1,0,1024,768,0.0,../../analysis/approach_1_gmm/segmented_dinosam/Chaetodon_fasciatus/Chaetodon_fasciatus_iNaturalist_344206990.png,success
Chaetodon_fasciatus_iNaturalist_480744407.jpg,Chaetodon fasciatus,images_inaturalist,hybrid_apple_dinosam,2,6776,1024,768,0.0086,../../analysis/approach_1_gmm/segmented_dinosam/Chaetodon_fasciatus/Chaetodon_fasciatus_iNaturalist_480744407.png,success
Chaetodon_flavirostris_iNaturalist_17376679.jpg,Chaetodon flavirostris,images_inaturalist,hybrid_apple_dinosam,1,27538,1024,768,0.035,../../analysis/approach_1_gmm/segmented_dinosam/Chaetodon_flavirostris/Chaetodon_flavirostris_iNaturalist_17376679.png,success
Chaetodon_flavirostris_iNaturalist_17376788.jpg,Chaetodon flavirostris,images_inaturalist,hybrid_apple_dinosam,1,12518,1024,614,0.0199,../../analysis/approach_1_gmm/segmented_dinosam/Chaetodon_flavirostris/Chaetodon_flavirostris_iNaturalist_17376788.png,success
Chaetodon_flavirostris_iNaturalist_177651824.jpg,Chaetodon flavirostris,images_inaturalist,hybrid_apple_dinosam,2,13114,1024,703,0.0182,../../analysis/approach_1_gmm/segmented_dinosam/Chaetodon_flavirostris/Chaetodon_flavirostris_iNaturalist_177651824.png,success
Chaetodon_flavocoronatus_iNaturalist_457352545.jpg,Chaetodon flavocoronatus,images_inaturalist,hybrid_apple_dinosam,1,83778,1024,683,0.1198,../../analysis/approach_1_gmm/segmented_dinosam/Chaetodon_flavocoronatus/Chaetodon_flavocoronatus_iNaturalist_457352545.png,success
Chaetodon_flavocoronatus_iNaturalist_598684494.jpg,Chaetodon flavocoronatus,images_inaturalist,hybrid_apple_dinosam,1,33009,1024,767,0.042,../../analysis/approach_1_gmm/segmented_dinosam/Chaetodon_flavocoronatus/Chaetodon_flavocoronatus_iNaturalist_598684494.png,success
Chaetodon_fremblii_iNaturalist_101580731.jpg,Chaetodon fremblii,images_inaturalist,dinosam,3,26088,1024,768,0.0332,../../analysis/approach_1_gmm/segmented_dinosam/Chaetodon_fremblii/Chaetodon_fremblii_iNaturalist_101580731.png,success
Chaetodon_fremblii_iNaturalist_380394577.jpg,Chaetodon fremblii,images_inaturalist,hybrid_apple_dinosam,1,0,720,540,0.0,../../analysis/approach_1_gmm/segmented_dinosam/Chaetodon_fremblii/Chaetodon_fremblii_iNaturalist_380394577.png,success
Chaetodon_fremblii_iNaturalist_443350802.jpg,Chaetodon fremblii,images_inaturalist,hybrid_apple_dinosam,1,26364,1024,683,0.0377,../../analysis/approach_1_gmm/segmented_dinosam/Chaetodon_fremblii/Chaetodon_fremblii_iNaturalist_443350802.png,success
Chaetodon_fremblii_iNaturalist_598700049.jpg,Chaetodon fremblii,images_inaturalist,hybrid_apple_dinosam,1,54635,1024,683,0.0781,../../analysis/approach_1_gmm/segmented_dinosam/Chaetodon_fremblii/Chaetodon_fremblii_iNaturalist_598700049.png,success
Chaetodon_gardineri_iNaturalist_174082664.jpg,Chaetodon gardineri,images_inaturalist,dinosam,2,773532,1024,768,0.9836,../../analysis/approach_1_gmm/segmented_dinosam/Chaetodon_gardineri/Chaetodon_gardineri_iNaturalist_174082664.png,success
Chaetodon_gardineri_iNaturalist_278903419.jpg,Chaetodon gardineri,images_inaturalist,hybrid_apple_dinosam,1,350,1024,772,0.0004,../../analysis/approach_1_gmm/segmented_dinosam/Chaetodon_gardineri/Chaetodon_gardineri_iNaturalist_278903419.png,success
Chaetodon_guentheri_iNaturalist_12931521.jpg,Chaetodon guentheri,images_inaturalist,hybrid_apple_dinosam,1,38336,1024,761,0.0492,../../analysis/approach_1_gmm/segmented_dinosam/Chaetodon_guentheri/Chaetodon_guentheri_iNaturalist_12931521.png,success
Chaetodon_guentheri_iNaturalist_260515897.jpg,Chaetodon guentheri,images_inaturalist,hybrid_apple_dinosam,1,32187,1024,683,0.046,../../analysis/approach_1_gmm/segmented_dinosam/Chaetodon_guentheri/Chaetodon_guentheri_iNaturalist_260515897.png,success
Chaetodon_guentheri_iNaturalist_260515911.jpg,Chaetodon guentheri,images_inaturalist,hybrid_apple_dinosam,1,25840,1024,682,0.037,../../analysis/approach_1_gmm/segmented_dinosam/Chaetodon_guentheri/Chaetodon_guentheri_iNaturalist_260515911.png,success
Chaetodon_guttatissimus_iNaturalist_174546136.jpg,Chaetodon guttatissimus,images_inaturalist,dinosam,3,400988,768,1024,0.5099,../../analysis/approach_1_gmm/segmented_dinosam/Chaetodon_guttatissimus/Chaetodon_guttatissimus_iNaturalist_174546136.png,success
Chaetodon_guttatissimus_iNaturalist_26864062.jpg,Chaetodon guttatissimus,images_inaturalist,hybrid_apple_dinosam,1,0,1024,684,0.0,../../analysis/approach_1_gmm/segmented_dinosam/Chaetodon_guttatissimus/Chaetodon_guttatissimus_iNaturalist_26864062.png,success
Chaetodon_guttatissimus_iNaturalist_473229926.jpg,Chaetodon guttatissimus,images_inaturalist,hybrid_apple_dinosam,1,0,1024,843,0.0,../../analysis/approach_1_gmm/segmented_dinosam/Chaetodon_guttatissimus/Chaetodon_guttatissimus_iNaturalist_473229926.png,success
Chaetodon_guttatissimus_iNaturalist_474997418.jpg,Chaetodon guttatissimus,images_inaturalist,hybrid_apple_dinosam,2,0,1024,827,0.0,../../analysis/approach_1_gmm/segmented_dinosam/Chaetodon_guttatissimus/Chaetodon_guttatissimus_iNaturalist_474997418.png,success
Chaetodon_guttatissimus_iNaturalist_584519765.jpg,Chaetodon guttatissimus,images_inaturalist,hybrid_apple_dinosam,1,45935,1024,661,0.0679,../../analysis/approach_1_gmm/segmented_dinosam/Chaetodon_guttatissimus/Chaetodon_guttatissimus_iNaturalist_584519765.png,success
Chaetodon_hoefleri_iNaturalist_349923956.jpg,Chaetodon hoefleri,images_inaturalist,hybrid_apple_dinosam,1,353341,1024,683,0.5052,../../analysis/approach_1_gmm/segmented_dinosam/Chaetodon_hoefleri/Chaetodon_hoefleri_iNaturalist_349923956.png,success
Chaetodon_hoefleri_iNaturalist_350007389.jpg,Chaetodon hoefleri,images_inaturalist,dinosam,2,101348,540,304,0.6174,../../analysis/approach_1_gmm/segmented_dinosam/Chaetodon_hoefleri/Chaetodon_hoefleri_iNaturalist_350007389.png,success
Chaetodon_hoefleri_iNaturalist_424743322.jpg,Chaetodon hoefleri,images_inaturalist,hybrid_apple_dinosam,14,9319,1024,683,0.0133,../../analysis/approach_1_gmm/segmented_dinosam/Chaetodon_hoefleri/Chaetodon_hoefleri_iNaturalist_424743322.png,success
Chaetodon_humeralis_iNaturalist_10169427.jpg,Chaetodon humeralis,images_inaturalist,dinosam,6,475472,1024,768,0.6046,../../analysis/approach_1_gmm/segmented_dinosam/Chaetodon_humeralis/Chaetodon_humeralis_iNaturalist_10169427.png,success
Chaetodon_humeralis_iNaturalist_11971502.jpg,Chaetodon humeralis,images_inaturalist,dinosam,13,391369,1024,768,0.4977,../../analysis/approach_1_gmm/segmented_dinosam/Chaetodon_humeralis/Chaetodon_humeralis_iNaturalist_11971502.png,success
Chaetodon_humeralis_iNaturalist_1461105.jpg,Chaetodon humeralis,images_inaturalist,hybrid_apple_dinosam,2,0,1024,876,0.0,../../analysis/approach_1_gmm/segmented_dinosam/Chaetodon_humeralis/Chaetodon_humeralis_iNaturalist_1461105.png,success
Chaetodon_humeralis_iNaturalist_298048415.jpg,Chaetodon humeralis,images_inaturalist,dinosam,3,682351,1024,683,0.9756,../../analysis/approach_1_gmm/segmented_dinosam/Chaetodon_humeralis/Chaetodon_humeralis_iNaturalist_298048415.png,success
Chaetodon_humeralis_iNaturalist_456296117.jpg,Chaetodon humeralis,images_inaturalist,hybrid_apple_dinosam,3,33080,1024,769,0.042,../../analysis/approach_1_gmm/segmented_dinosam/Chaetodon_humeralis/Chaetodon_humeralis_iNaturalist_456296117.png,success
Chaetodon_humeralis_iNaturalist_607033378.jpg,Chaetodon humeralis,images_inaturalist,hybrid_apple_dinosam,1,17296,1024,574,0.0294,../../analysis/approach_1_gmm/segmented_dinosam/Chaetodon_humeralis/Chaetodon_humeralis_iNaturalist_607033378.png,success
Chaetodon_humeralis_iNaturalist_85384668.jpg,Chaetodon humeralis,images_inaturalist,dinosam,23,36417,1024,768,0.0463,../../analysis/approach_1_gmm/segmented_dinosam/Chaetodon_humeralis/Chaetodon_humeralis_iNaturalist_85384668.png,success
Chaetodon_humeralis_iNaturalist_87012423.jpg,Chaetodon humeralis,images_inaturalist,dinosam,5,330977,1024,768,0.4209,../../analysis/approach_1_gmm/segmented_dinosam/Chaetodon_humeralis/Chaetodon_humeralis_iNaturalist_87012423.png,success
Chaetodon_humeralis_iNaturalist_88599882.jpg,Chaetodon humeralis,images_inaturalist,dinosam,11,334233,1024,768,0.425,../../analysis/approach_1_gmm/segmented_dinosam/Chaetodon_humeralis/Chaetodon_humeralis_iNaturalist_88599882.png,success
Chaetodon_interruptus_iNaturalist_170722148.jpg,Chaetodon interruptus,images_inaturalist,hybrid_apple_dinosam,1,44656,1024,684,0.0638,../../analysis/approach_1_gmm/segmented_dinosam/Chaetodon_interruptus/Chaetodon_interruptus_iNaturalist_170722148.png,success
Chaetodon_interruptus_iNaturalist_422239513.jpg,Chaetodon interruptus,images_inaturalist,hybrid_apple_dinosam,1,72085,1024,683,0.1031,../../analysis/approach_1_gmm/segmented_dinosam/Chaetodon_interruptus/Chaetodon_interruptus_iNaturalist_422239513.png,success
Chaetodon_interruptus_iNaturalist_479599038.jpg,Chaetodon interruptus,images_inaturalist,hybrid_apple_dinosam,2,268,1024,768,0.0003,../../analysis/approach_1_gmm/segmented_dinosam/Chaetodon_interruptus/Chaetodon_interruptus_iNaturalist_479599038.png,success
Chaetodon_interruptus_iNaturalist_75713374.jpg,Chaetodon interruptus,images_inaturalist,hybrid_apple_dinosam,1,0,1024,622,0.0,../../analysis/approach_1_gmm/segmented_dinosam/Chaetodon_interruptus/Chaetodon_interruptus_iNaturalist_75713374.png,success
Chaetodon_interruptus_iNaturalist_82279573.jpg,Chaetodon interruptus,images_inaturalist,hybrid_apple_dinosam,2,101661,804,1024,0.1235,../../analysis/approach_1_gmm/segmented_dinosam/Chaetodon_interruptus/Chaetodon_interruptus_iNaturalist_82279573.png,success
Chaetodon_interruptus_iNaturalist_82279598.jpg,Chaetodon interruptus,images_inaturalist,hybrid_apple_dinosam,2,56731,1024,756,0.0733,../../analysis/approach_1_gmm/segmented_dinosam/Chaetodon_interruptus/Chaetodon_interruptus_iNaturalist_82279598.png,success
Chaetodon_interruptus_iNaturalist_82279627.jpg,Chaetodon interruptus,images_inaturalist,hybrid_apple_dinosam,3,168,1024,635,0.0003,../../analysis/approach_1_gmm/segmented_dinosam/Chaetodon_interruptus/Chaetodon_interruptus_iNaturalist_82279627.png,success
Chaetodon_kleinii_iNaturalist_336546534.jpg,Chaetodon kleinii,images_inaturalist,hybrid_apple_dinosam,1,36473,1024,768,0.0464,../../analysis/approach_1_gmm/segmented_dinosam/Chaetodon_kleinii/Chaetodon_kleinii_iNaturalist_336546534.png,success
Chaetodon_kleinii_iNaturalist_409583506.jpg,Chaetodon kleinii,images_inaturalist,hybrid_apple_dinosam,1,18112,1024,768,0.023,../../analysis/approach_1_gmm/segmented_dinosam/Chaetodon_kleinii/Chaetodon_kleinii_iNaturalist_409583506.png,success
Chaetodon_kleinii_iNaturalist_530434066.jpg,Chaetodon kleinii,images_inaturalist,hybrid_apple_dinosam,1,44279,1024,768,0.0563,../../analysis/approach_1_gmm/segmented_dinosam/Chaetodon_kleinii/Chaetodon_kleinii_iNaturalist_530434066.png,success
Chaetodon_kleinii_iNaturalist_530434335.jpg,Chaetodon kleinii,images_inaturalist,hybrid_apple_dinosam,1,26009,1024,768,0.0331,../../analysis/approach_1_gmm/segmented_dinosam/Chaetodon_kleinii/Chaetodon_kleinii_iNaturalist_530434335.png,success
Chaetodon_kleinii_iNaturalist_97428922.jpg,Chaetodon kleinii,images_inaturalist,hybrid_apple_dinosam,1,50493,1024,880,0.056,../../analysis/approach_1_gmm/segmented_dinosam/Chaetodon_kleinii/Chaetodon_kleinii_iNaturalist_97428922.png,success
Chaetodon_kleinii_iNaturalist_97482217.jpg,Chaetodon kleinii,images_inaturalist,hybrid_apple_dinosam,2,9537,1024,768,0.0121,../../analysis/approach_1_gmm/segmented_dinosam/Chaetodon_kleinii/Chaetodon_kleinii_iNaturalist_97482217.png,success
Chaetodon_larvatus_iNaturalist_183943894.jpg,Chaetodon larvatus,images_inaturalist,hybrid_apple_dinosam,1,0,1024,683,0.0,../../analysis/approach_1_gmm/segmented_dinosam/Chaetodon_larvatus/Chaetodon_larvatus_iNaturalist_183943894.png,success
Chaetodon_larvatus_iNaturalist_183943928.jpg,Chaetodon larvatus,images_inaturalist,hybrid_apple_dinosam,2,7683,1024,683,0.011,../../analysis/approach_1_gmm/segmented_dinosam/Chaetodon_larvatus/Chaetodon_larvatus_iNaturalist_183943928.png,success
Chaetodon_larvatus_iNaturalist_183943944.jpg,Chaetodon larvatus,images_inaturalist,dinosam,28,323040,1024,683,0.4619,../../analysis/approach_1_gmm/segmented_dinosam/Chaetodon_larvatus/Chaetodon_larvatus_iNaturalist_183943944.png,success
Chaetodon_larvatus_iNaturalist_183943966.jpg,Chaetodon larvatus,images_inaturalist,dinosam,62,244362,1024,683,0.3494,../../analysis/approach_1_gmm/segmented_dinosam/Chaetodon_larvatus/Chaetodon_larvatus_iNaturalist_183943966.png,success
Chaetodon_larvatus_iNaturalist_443993229.jpg,Chaetodon larvatus,images_inaturalist,hybrid_apple_dinosam,1,34791,1024,768,0.0442,../../analysis/approach_1_gmm/segmented_dinosam/Chaetodon_larvatus/Chaetodon_larvatus_iNaturalist_443993229.png,success
Chaetodon_larvatus_iNaturalist_605922484.jpg,Chaetodon larvatus,images_inaturalist,dinosam,6,499979,1024,711,0.6867,../../analysis/approach_1_gmm/segmented_dinosam/Chaetodon_larvatus/Chaetodon_larvatus_iNaturalist_605922484.png,success
Chaetodon_leucopleura_iNaturalist_107921304.jpg,Chaetodon leucopleura,images_inaturalist,hybrid_apple_dinosam,1,47352,1024,683,0.0677,../../analysis/approach_1_gmm/segmented_dinosam/Chaetodon_leucopleura/Chaetodon_leucopleura_iNaturalist_107921304.png,success
Chaetodon_leucopleura_iNaturalist_257991081.jpg,Chaetodon leucopleura,images_inaturalist,hybrid_apple_dinosam,1,5454,1024,768,0.0069,../../analysis/approach_1_gmm/segmented_dinosam/Chaetodon_leucopleura/Chaetodon_leucopleura_iNaturalist_257991081.png,success
Chaetodon_leucopleura_iNaturalist_431017214.jpg,Chaetodon leucopleura,images_inaturalist,dinosam,5,134211,1024,768,0.1707,../../analysis/approach_1_gmm/segmented_dinosam/Chaetodon_leucopleura/Chaetodon_leucopleura_iNaturalist_431017214.png,success
Chaetodon_leucopleura_iNaturalist_551272520.jpg,Chaetodon leucopleura,images_inaturalist,hybrid_apple_dinosam,1,57026,1024,768,0.0725,../../analysis/approach_1_gmm/segmented_dinosam/Chaetodon_leucopleura/Chaetodon_leucopleura_iNaturalist_551272520.png,success
Chaetodon_leucopleura_iNaturalist_585546055.jpg,Chaetodon leucopleura,images_inaturalist,hybrid_apple_dinosam,1,0,1024,768,0.0,../../analysis/approach_1_gmm/segmented_dinosam/Chaetodon_leucopleura/Chaetodon_leucopleura_iNaturalist_585546055.png,success
Chaetodon_lineolatus_iNaturalist_474229031.jpg,Chaetodon lineolatus,images_inaturalist,hybrid_apple_dinosam,4,0,1024,768,0.0,../../analysis/approach_1_gmm/segmented_dinosam/Chaetodon_lineolatus/Chaetodon_lineolatus_iNaturalist_474229031.png,success
Chaetodon_lineolatus_iNaturalist_474229195.jpg,Chaetodon lineolatus,images_inaturalist,dinosam,2,595837,1024,768,0.7576,../../analysis/approach_1_gmm/segmented_dinosam/Chaetodon_lineolatus/Chaetodon_lineolatus_iNaturalist_474229195.png,success
Chaetodon_lineolatus_iNaturalist_474229198.jpg,Chaetodon lineolatus,images_inaturalist,hybrid_apple_dinosam,2,0,1024,768,0.0,../../analysis/approach_1_gmm/segmented_dinosam/Chaetodon_lineolatus/Chaetodon_lineolatus_iNaturalist_474229198.png,success
Chaetodon_lineolatus_iNaturalist_474229199.jpg,Chaetodon lineolatus,images_inaturalist,dinosam,5,379345,1024,768,0.4824,../../analysis/approach_1_gmm/segmented_dinosam/Chaetodon_lineolatus/Chaetodon_lineolatus_iNaturalist_474229199.png,success
Chaetodon_lineolatus_iNaturalist_474229221.jpg,Chaetodon lineolatus,images_inaturalist,dinosam,2,446632,1024,768,0.5679,../../analysis/approach_1_gmm/segmented_dinosam/Chaetodon_lineolatus/Chaetodon_lineolatus_iNaturalist_474229221.png,success
Chaetodon_lineolatus_iNaturalist_474229225.jpg,Chaetodon lineolatus,images_inaturalist,hybrid_apple_dinosam,1,0,1024,768,0.0,../../analysis/approach_1_gmm/segmented_dinosam/Chaetodon_lineolatus/Chaetodon_lineolatus_iNaturalist_474229225.png,success
Chaetodon_lineolatus_iNaturalist_91071941.jpg,Chaetodon lineolatus,images_inaturalist,hybrid_apple_dinosam,1,20035,1024,683,0.0286,../../analysis/approach_1_gmm/segmented_dinosam/Chaetodon_lineolatus/Chaetodon_lineolatus_iNaturalist_91071941.png,success
Chaetodon_lineolatus_iNaturalist_9952627.jpg,Chaetodon lineolatus,images_inaturalist,hybrid_apple_dinosam,2,34625,1024,957,0.0353,../../analysis/approach_1_gmm/segmented_dinosam/Chaetodon_lineolatus/Chaetodon_lineolatus_iNaturalist_9952627.png,success
Chaetodon_lineolatus_iNaturalist_9952634.jpg,Chaetodon lineolatus,images_inaturalist,dinosam,14,692371,1024,791,0.8548,../../analysis/approach_1_gmm/segmented_dinosam/Chaetodon_lineolatus/Chaetodon_lineolatus_iNaturalist_9952634.png,success
Chaetodon_litus_iNaturalist_12603647.jpg,Chaetodon litus,images_inaturalist,dinosam,25,593476,1024,768,0.7546,../../analysis/approach_1_gmm/segmented_dinosam/Chaetodon_litus/Chaetodon_litus_iNaturalist_12603647.png,success
Chaetodon_litus_iNaturalist_250896809.jpg,Chaetodon litus,images_inaturalist,hybrid_apple_dinosam,1,0,1024,576,0.0,../../analysis/approach_1_gmm/segmented_dinosam/Chaetodon_litus/Chaetodon_litus_iNaturalist_250896809.png,success
Chaetodon_litus_iNaturalist_250896825.jpg,Chaetodon litus,images_inaturalist,hybrid_apple_dinosam,8,274,1024,576,0.0005,../../analysis/approach_1_gmm/segmented_dinosam/Chaetodon_litus/Chaetodon_litus_iNaturalist_250896825.png,success
Chaetodon_litus_iNaturalist_474014549.jpg,Chaetodon litus,images_inaturalist,hybrid_apple_dinosam,2,33913,1024,771,0.043,../../analysis/approach_1_gmm/segmented_dinosam/Chaetodon_litus/Chaetodon_litus_iNaturalist_474014549.png,success
Chaetodon_litus_iNaturalist_490178965.jpg,Chaetodon litus,images_inaturalist,hybrid_apple_dinosam,1,0,1024,683,0.0,../../analysis/approach_1_gmm/segmented_dinosam/Chaetodon_litus/Chaetodon_litus_iNaturalist_490178965.png,success
Chaetodon_litus_iNaturalist_534683993.jpg,Chaetodon litus,images_inaturalist,hybrid_apple_dinosam,6,4841,817,783,0.0076,../../analysis/approach_1_gmm/segmented_dinosam/Chaetodon_litus/Chaetodon_litus_iNaturalist_534683993.png,success
Chaetodon_litus_iNaturalist_534683999.jpg,Chaetodon litus,images_inaturalist,hybrid_apple_dinosam,4,40406,1024,624,0.0632,../../analysis/approach_1_gmm/segmented_dinosam/Chaetodon_litus/Chaetodon_litus_iNaturalist_534683999.png,success
Chaetodon_lunula_iNaturalist_178875223.jpg,Chaetodon lunula,images_inaturalist,hybrid_apple_dinosam,3,12049,1024,768,0.0153,../../analysis/approach_1_gmm/segmented_dinosam/Chaetodon_lunula/Chaetodon_lunula_iNaturalist_178875223.png,success
Chaetodon_lunula_iNaturalist_290315608.jpg,Chaetodon lunula,images_inaturalist,hybrid_apple_dinosam,3,421,1024,682,0.0006,../../analysis/approach_1_gmm/segmented_dinosam/Chaetodon_lunula/Chaetodon_lunula_iNaturalist_290315608.png,success
Chaetodon_lunula_iNaturalist_290315687.jpg,Chaetodon lunula,images_inaturalist,hybrid_apple_dinosam,2,26192,1024,768,0.0333,../../analysis/approach_1_gmm/segmented_dinosam/Chaetodon_lunula/Chaetodon_lunula_iNaturalist_290315687.png,success
Chaetodon_lunula_iNaturalist_331.jpg,Chaetodon lunula,images_inaturalist,hybrid_apple_dinosam,2,95119,1024,1024,0.0907,../../analysis/approach_1_gmm/segmented_dinosam/Chaetodon_lunula/Chaetodon_lunula_iNaturalist_331.png,success
Chaetodon_lunula_iNaturalist_430979456.jpg,Chaetodon lunula,images_inaturalist,hybrid_apple_dinosam,1,38114,1024,819,0.0454,../../analysis/approach_1_gmm/segmented_dinosam/Chaetodon_lunula/Chaetodon_lunula_iNaturalist_430979456.png,success
Chaetodon_lunula_iNaturalist_58993744.jpg,Chaetodon lunula,images_inaturalist,hybrid_apple_dinosam,1,50026,1024,682,0.0716,../../analysis/approach_1_gmm/segmented_dinosam/Chaetodon_lunula/Chaetodon_lunula_iNaturalist_58993744.png,success
Chaetodon_lunulatus_iNaturalist_166474504.jpg,Chaetodon lunulatus,images_inaturalist,hybrid_apple_dinosam,1,1471,1024,576,0.0025,../../analysis/approach_1_gmm/segmented_dinosam/Chaetodon_lunulatus/Chaetodon_lunulatus_iNaturalist_166474504.png,success
Chaetodon_lunulatus_iNaturalist_179510692.jpg,Chaetodon lunulatus,images_inaturalist,hybrid_apple_dinosam,1,67,1024,768,0.0001,../../analysis/approach_1_gmm/segmented_dinosam/Chaetodon_lunulatus/Chaetodon_lunulatus_iNaturalist_179510692.png,success
Chaetodon_lunulatus_iNaturalist_204763090.jpg,Chaetodon lunulatus,images_inaturalist,hybrid_apple_dinosam,1,41227,1024,1022,0.0394,../../analysis/approach_1_gmm/segmented_dinosam/Chaetodon_lunulatus/Chaetodon_lunulatus_iNaturalist_204763090.png,success
Chaetodon_lunulatus_iNaturalist_204763105.jpg,Chaetodon lunulatus,images_inaturalist,hybrid_apple_dinosam,1,16471,1024,909,0.0177,../../analysis/approach_1_gmm/segmented_dinosam/Chaetodon_lunulatus/Chaetodon_lunulatus_iNaturalist_204763105.png,success
Chaetodon_lunulatus_iNaturalist_204763128.jpg,Chaetodon lunulatus,images_inaturalist,hybrid_apple_dinosam,3,8983,878,1024,0.01,../../analysis/approach_1_gmm/segmented_dinosam/Chaetodon_lunulatus/Chaetodon_lunulatus_iNaturalist_204763128.png,success
Chaetodon_lunulatus_iNaturalist_204773665.jpg,Chaetodon lunulatus,images_inaturalist,hybrid_apple_dinosam,1,26912,1024,1014,0.0259,../../analysis/approach_1_gmm/segmented_dinosam/Chaetodon_lunulatus/Chaetodon_lunulatus_iNaturalist_204773665.png,success
Chaetodon_lunulatus_iNaturalist_22286339.jpg,Chaetodon lunulatus,images_inaturalist,hybrid_apple_dinosam,1,10746,1024,724,0.0145,../../analysis/approach_1_gmm/segmented_dinosam/Chaetodon_lunulatus/Chaetodon_lunulatus_iNaturalist_22286339.png,success
Chaetodon_madagaskariensis_iNaturalist_220678407.jpg,Chaetodon madagaskariensis,images_inaturalist,hybrid_apple_dinosam,1,9397,1024,725,0.0127,../../analysis/approach_1_gmm/segmented_dinosam/Chaetodon_madagaskariensis/Chaetodon_madagaskariensis_iNaturalist_220678407.png,success
Chaetodon_madagaskariensis_iNaturalist_248069905.jpg,Chaetodon madagaskariensis,images_inaturalist,hybrid_apple_dinosam,1,0,1024,767,0.0,../../analysis/approach_1_gmm/segmented_dinosam/Chaetodon_madagaskariensis/Chaetodon_madagaskariensis_iNaturalist_248069905.png,success
Chaetodon_madagaskariensis_iNaturalist_340340714.jpg,Chaetodon madagaskariensis,images_inaturalist,hybrid_apple_dinosam,1,0,909,681,0.0,../../analysis/approach_1_gmm/segmented_dinosam/Chaetodon_madagaskariensis/Chaetodon_madagaskariensis_iNaturalist_340340714.png,success
Chaetodon_madagaskariensis_iNaturalist_340340962.jpg,Chaetodon madagaskariensis,images_inaturalist,hybrid_apple_dinosam,2,30063,909,682,0.0485,../../analysis/approach_1_gmm/segmented_dinosam/Chaetodon_madagaskariensis/Chaetodon_madagaskariensis_iNaturalist_340340962.png,success
Chaetodon_madagaskariensis_iNaturalist_554082386.jpg,Chaetodon madagaskariensis,images_inaturalist,hybrid_apple_dinosam,2,26891,1024,813,0.0323,../../analysis/approach_1_gmm/segmented_dinosam/Chaetodon_madagaskariensis/Chaetodon_madagaskariensis_iNaturalist_554082386.png,success
Chaetodon_madagaskariensis_iNaturalist_554082399.jpg,Chaetodon madagaskariensis,images_inaturalist,hybrid_apple_dinosam,2,20466,1024,858,0.0233,../../analysis/approach_1_gmm/segmented_dinosam/Chaetodon_madagaskariensis/Chaetodon_madagaskariensis_iNaturalist_554082399.png,success
Chaetodon_marleyi_iNaturalist_463787418.jpg,Chaetodon marleyi,images_inaturalist,dinosam,3,273857,1024,768,0.3482,../../analysis/approach_1_gmm/segmented_dinosam/Chaetodon_marleyi/Chaetodon_marleyi_iNaturalist_463787418.png,success
Chaetodon_marleyi_iNaturalist_463787438.jpg,Chaetodon marleyi,images_inaturalist,hybrid_apple_dinosam,1,32641,1024,768,0.0415,../../analysis/approach_1_gmm/segmented_dinosam/Chaetodon_marleyi/Chaetodon_marleyi_iNaturalist_463787438.png,success
Chaetodon_marleyi_iNaturalist_463787443.jpg,Chaetodon marleyi,images_inaturalist,hybrid_apple_dinosam,1,0,1024,768,0.0,../../analysis/approach_1_gmm/segmented_dinosam/Chaetodon_marleyi/Chaetodon_marleyi_iNaturalist_463787443.png,success
Chaetodon_marleyi_iNaturalist_464707333.jpg,Chaetodon marleyi,images_inaturalist,hybrid_apple_dinosam,1,0,1024,899,0.0,../../analysis/approach_1_gmm/segmented_dinosam/Chaetodon_marleyi/Chaetodon_marleyi_iNaturalist_464707333.png,success
Chaetodon_marleyi_iNaturalist_598506457.jpg,Chaetodon marleyi,images_inaturalist,dinosam,3,193399,1024,768,0.2459,../../analysis/approach_1_gmm/segmented_dinosam/Chaetodon_marleyi/Chaetodon_marleyi_iNaturalist_598506457.png,success
Chaetodon_melannotus_iNaturalist_219530872.jpg,Chaetodon melannotus,images_inaturalist,hybrid_apple_dinosam,1,31479,1005,1024,0.0306,../../analysis/approach_1_gmm/segmented_dinosam/Chaetodon_melannotus/Chaetodon_melannotus_iNaturalist_219530872.png,success
Chaetodon_melannotus_iNaturalist_225310656.jpg,Chaetodon melannotus,images_inaturalist,hybrid_apple_dinosam,1,40922,1024,683,0.0585,../../analysis/approach_1_gmm/segmented_dinosam/Chaetodon_melannotus/Chaetodon_melannotus_iNaturalist_225310656.png,success
Chaetodon_melannotus_iNaturalist_225310685.jpg,Chaetodon melannotus,images_inaturalist,hybrid_apple_dinosam,1,25762,683,1024,0.0368,../../analysis/approach_1_gmm/segmented_dinosam/Chaetodon_melannotus/Chaetodon_melannotus_iNaturalist_225310685.png,success
Chaetodon_melannotus_iNaturalist_409531338.jpg,Chaetodon melannotus,images_inaturalist,hybrid_apple_dinosam,1,0,1024,768,0.0,../../analysis/approach_1_gmm/segmented_dinosam/Chaetodon_melannotus/Chaetodon_melannotus_iNaturalist_409531338.png,success
Chaetodon_melannotus_iNaturalist_409632193.jpg,Chaetodon melannotus,images_inaturalist,hybrid_apple_dinosam,1,5295,498,374,0.0284,../../analysis/approach_1_gmm/segmented_dinosam/Chaetodon_melannotus/Chaetodon_melannotus_iNaturalist_409632193.png,success
Chaetodon_melannotus_iNaturalist_82149199.jpg,Chaetodon melannotus,images_inaturalist,hybrid_apple_dinosam,1,31368,1024,768,0.0399,../../analysis/approach_1_gmm/segmented_dinosam/Chaetodon_melannotus/Chaetodon_melannotus_iNaturalist_82149199.png,success
Chaetodon_melapterus_iNaturalist_302828066.jpg,Chaetodon melapterus,images_inaturalist,hybrid_apple_dinosam,2,0,1024,577,0.0,../../analysis/approach_1_gmm/segmented_dinosam/Chaetodon_melapterus/Chaetodon_melapterus_iNaturalist_302828066.png,success
Chaetodon_melapterus_iNaturalist_31528972.jpg,Chaetodon melapterus,images_inaturalist,hybrid_apple_dinosam,2,9442,899,587,0.0179,../../analysis/approach_1_gmm/segmented_dinosam/Chaetodon_melapterus/Chaetodon_melapterus_iNaturalist_31528972.png,success
Chaetodon_melapterus_iNaturalist_33143451.jpg,Chaetodon melapterus,images_inaturalist,hybrid_apple_dinosam,1,15929,661,496,0.0486,../../analysis/approach_1_gmm/segmented_dinosam/Chaetodon_melapterus/Chaetodon_melapterus_iNaturalist_33143451.png,success
Chaetodon_melapterus_iNaturalist_612761090.jpg,Chaetodon melapterus,images_inaturalist,hybrid_apple_dinosam,1,0,696,553,0.0,../../analysis/approach_1_gmm/segmented_dinosam/Chaetodon_melapterus/Chaetodon_melapterus_iNaturalist_612761090.png,success
Chaetodon_melapterus_iNaturalist_612761452.jpg,Chaetodon melapterus,images_inaturalist,hybrid_apple_dinosam,1,11005,1024,919,0.0117,../../analysis/approach_1_gmm/segmented_dinosam/Chaetodon_melapterus/Chaetodon_melapterus_iNaturalist_612761452.png,success
Chaetodon_melapterus_iNaturalist_612969490.jpg,Chaetodon melapterus,images_inaturalist,dinosam,4,95503,946,1024,0.0986,../../analysis/approach_1_gmm/segmented_dinosam/Chaetodon_melapterus/Chaetodon_melapterus_iNaturalist_612969490.png,success
Chaetodon_melapterus_iNaturalist_612969819.jpg,Chaetodon melapterus,images_inaturalist,hybrid_apple_dinosam,2,0,942,1024,0.0,../../analysis/approach_1_gmm/segmented_dinosam/Chaetodon_melapterus/Chaetodon_melapterus_iNaturalist_612969819.png,success
Chaetodon_melapterus_iNaturalist_612990357.jpg,Chaetodon melapterus,images_inaturalist,hybrid_apple_dinosam,1,6333,822,802,0.0096,../../analysis/approach_1_gmm/segmented_dinosam/Chaetodon_melapterus/Chaetodon_melapterus_iNaturalist_612990357.png,success
Chaetodon_melapterus_iNaturalist_613002357.jpg,Chaetodon melapterus,images_inaturalist,hybrid_apple_dinosam,3,14266,1024,654,0.0213,../../analysis/approach_1_gmm/segmented_dinosam/Chaetodon_melapterus/Chaetodon_melapterus_iNaturalist_613002357.png,success
Chaetodon_mertensii_iNaturalist_332349948.jpg,Chaetodon mertensii,images_inaturalist,hybrid_apple_dinosam,1,6169,416,388,0.0382,../../analysis/approach_1_gmm/segmented_dinosam/Chaetodon_mertensii/Chaetodon_mertensii_iNaturalist_332349948.png,success
Chaetodon_mertensii_iNaturalist_359657684.jpg,Chaetodon mertensii,images_inaturalist,hybrid_apple_dinosam,2,0,1024,720,0.0,../../analysis/approach_1_gmm/segmented_dinosam/Chaetodon_mertensii/Chaetodon_mertensii_iNaturalist_359657684.png,success
Chaetodon_mertensii_iNaturalist_384666618.jpg,Chaetodon mertensii,images_inaturalist,hybrid_apple_dinosam,1,0,1024,761,0.0,../../analysis/approach_1_gmm/segmented_dinosam/Chaetodon_mertensii/Chaetodon_mertensii_iNaturalist_384666618.png,success
Chaetodon_mesoleucos_iNaturalist_465897429.jpg,Chaetodon mesoleucos,images_inaturalist,hybrid_apple_dinosam,1,17629,1024,578,0.0298,../../analysis/approach_1_gmm/segmented_dinosam/Chaetodon_mesoleucos/Chaetodon_mesoleucos_iNaturalist_465897429.png,success
Chaetodon_mesoleucos_iNaturalist_465897441.jpg,Chaetodon mesoleucos,images_inaturalist,hybrid_apple_dinosam,1,18811,1024,578,0.0318,../../analysis/approach_1_gmm/segmented_dinosam/Chaetodon_mesoleucos/Chaetodon_mesoleucos_iNaturalist_465897441.png,success
Chaetodon_mesoleucos_iNaturalist_67202713.jpg,Chaetodon mesoleucos,images_inaturalist,hybrid_apple_dinosam,1,26007,1024,768,0.0331,../../analysis/approach_1_gmm/segmented_dinosam/Chaetodon_mesoleucos/Chaetodon_mesoleucos_iNaturalist_67202713.png,success
Chaetodon_mesoleucos_iNaturalist_67938601.jpg,Chaetodon mesoleucos,images_inaturalist,hybrid_apple_dinosam,1,13296,1024,768,0.0169,../../analysis/approach_1_gmm/segmented_dinosam/Chaetodon_mesoleucos/Chaetodon_mesoleucos_iNaturalist_67938601.png,success
Chaetodon_meyeri_iNaturalist_351639706.jpg,Chaetodon meyeri,images_inaturalist,dinosam,20,172482,1024,768,0.2193,../../analysis/approach_1_gmm/segmented_dinosam/Chaetodon_meyeri/Chaetodon_meyeri_iNaturalist_351639706.png,success
Chaetodon_meyeri_iNaturalist_390482460.jpg,Chaetodon meyeri,images_inaturalist,hybrid_apple_dinosam,1,49504,1024,768,0.0629,../../analysis/approach_1_gmm/segmented_dinosam/Chaetodon_meyeri/Chaetodon_meyeri_iNaturalist_390482460.png,success
Chaetodon_meyeri_iNaturalist_51013610.jpg,Chaetodon meyeri,images_inaturalist,hybrid_apple_dinosam,1,62496,1024,819,0.0745,../../analysis/approach_1_gmm/segmented_dinosam/Chaetodon_meyeri/Chaetodon_meyeri_iNaturalist_51013610.png,success
Chaetodon_miliaris_iNaturalist_178987952.jpg,Chaetodon miliaris,images_inaturalist,hybrid_apple_dinosam,1,40320,1024,740,0.0532,../../analysis/approach_1_gmm/segmented_dinosam/Chaetodon_miliaris/Chaetodon_miliaris_iNaturalist_178987952.png,success
Chaetodon_miliaris_iNaturalist_179529915.jpg,Chaetodon miliaris,images_inaturalist,hybrid_apple_dinosam,3,0,1024,925,0.0,../../analysis/approach_1_gmm/segmented_dinosam/Chaetodon_miliaris/Chaetodon_miliaris_iNaturalist_179529915.png,success
Chaetodon_miliaris_iNaturalist_179529921.jpg,Chaetodon miliaris,images_inaturalist,hybrid_apple_dinosam,4,13245,1024,684,0.0189,../../analysis/approach_1_gmm/segmented_dinosam/Chaetodon_miliaris/Chaetodon_miliaris_iNaturalist_179529921.png,success
Chaetodon_miliaris_iNaturalist_432546006.jpg,Chaetodon miliaris,images_inaturalist,hybrid_apple_dinosam,1,8452,1024,626,0.0132,../../analysis/approach_1_gmm/segmented_dinosam/Chaetodon_miliaris/Chaetodon_miliaris_iNaturalist_432546006.png,success
Chaetodon_miliaris_iNaturalist_596812440.jpg,Chaetodon miliaris,images_inaturalist,hybrid_apple_dinosam,1,0,576,1024,0.0,../../analysis/approach_1_gmm/segmented_dinosam/Chaetodon_miliaris/Chaetodon_miliaris_iNaturalist_596812440.png,success
Chaetodon_miliaris_iNaturalist_596812456.jpg,Chaetodon miliaris,images_inaturalist,hybrid_apple_dinosam,1,35609,576,1024,0.0604,../../analysis/approach_1_gmm/segmented_dinosam/Chaetodon_miliaris/Chaetodon_miliaris_iNaturalist_596812456.png,success
Chaetodon_miliaris_iNaturalist_596812485.jpg,Chaetodon miliaris,images_inaturalist,hybrid_apple_dinosam,4,961,576,1024,0.0016,../../analysis/approach_1_gmm/segmented_dinosam/Chaetodon_miliaris/Chaetodon_miliaris_iNaturalist_596812485.png,success
Chaetodon_mitratus_iNaturalist_258575955.jpg,Chaetodon mitratus,images_inaturalist,hybrid_apple_dinosam,1,66981,1024,765,0.0855,../../analysis/approach_1_gmm/segmented_dinosam/Chaetodon_mitratus/Chaetodon_mitratus_iNaturalist_258575955.png,success
Chaetodon_mitratus_iNaturalist_607776891.jpg,Chaetodon mitratus,images_inaturalist,hybrid_apple_dinosam,1,28860,925,689,0.0453,../../analysis/approach_1_gmm/segmented_dinosam/Chaetodon_mitratus/Chaetodon_mitratus_iNaturalist_607776891.png,success
Chaetodon_multicinctus_iNaturalist_169957174.jpg,Chaetodon multicinctus,images_inaturalist,hybrid_apple_dinosam,1,0,1024,884,0.0,../../analysis/approach_1_gmm/segmented_dinosam/Chaetodon_multicinctus/Chaetodon_multicinctus_iNaturalist_169957174.png,success
Chaetodon_multicinctus_iNaturalist_178987277.jpg,Chaetodon multicinctus,images_inaturalist,hybrid_apple_dinosam,2,12816,959,820,0.0163,../../analysis/approach_1_gmm/segmented_dinosam/Chaetodon_multicinctus/Chaetodon_multicinctus_iNaturalist_178987277.png,success
Chaetodon_multicinctus_iNaturalist_254011515.jpg,Chaetodon multicinctus,images_inaturalist,dinosam,5,678839,1024,768,0.8632,../../analysis/approach_1_gmm/segmented_dinosam/Chaetodon_multicinctus/Chaetodon_multicinctus_iNaturalist_254011515.png,success
Chaetodon_multicinctus_iNaturalist_466264486.jpg,Chaetodon multicinctus,images_inaturalist,hybrid_apple_dinosam,2,5606,637,477,0.0184,../../analysis/approach_1_gmm/segmented_dinosam/Chaetodon_multicinctus/Chaetodon_multicinctus_iNaturalist_466264486.png,success
Chaetodon_multicinctus_iNaturalist_502118771.jpg,Chaetodon multicinctus,images_inaturalist,hybrid_apple_dinosam,1,18040,683,1024,0.0258,../../analysis/approach_1_gmm/segmented_dinosam/Chaetodon_multicinctus/Chaetodon_multicinctus_iNaturalist_502118771.png,success
Chaetodon_multicinctus_iNaturalist_51887092.jpg,Chaetodon multicinctus,images_inaturalist,hybrid_apple_dinosam,2,33727,1024,683,0.0482,../../analysis/approach_1_gmm/segmented_dinosam/Chaetodon_multicinctus/Chaetodon_multicinctus_iNaturalist_51887092.png,success
Chaetodon_multicinctus_iNaturalist_580823296.jpg,Chaetodon multicinctus,images_inaturalist,hybrid_apple_dinosam,2,17953,1024,819,0.0214,../../analysis/approach_1_gmm/segmented_dinosam/Chaetodon_multicinctus/Chaetodon_multicinctus_iNaturalist_580823296.png,success
Chaetodon_nigropunctatus_iNaturalist_13558701.jpg,Chaetodon nigropunctatus,images_inaturalist,hybrid_apple_dinosam,1,0,1024,540,0.0,../../analysis/approach_1_gmm/segmented_dinosam/Chaetodon_nigropunctatus/Chaetodon_nigropunctatus_iNaturalist_13558701.png,success
Chaetodon_nigropunctatus_iNaturalist_3794625.jpg,Chaetodon nigropunctatus,images_inaturalist,hybrid_apple_dinosam,3,11797,1024,540,0.0213,../../analysis/approach_1_gmm/segmented_dinosam/Chaetodon_nigropunctatus/Chaetodon_nigropunctatus_iNaturalist_3794625.png,success
Chaetodon_nigropunctatus_iNaturalist_3794626.jpg,Chaetodon nigropunctatus,images_inaturalist,hybrid_apple_dinosam,3,9204,1024,540,0.0166,../../analysis/approach_1_gmm/segmented_dinosam/Chaetodon_nigropunctatus/Chaetodon_nigropunctatus_iNaturalist_3794626.png,success
Chaetodon_nigropunctatus_iNaturalist_3794627.jpg,Chaetodon nigropunctatus,images_inaturalist,hybrid_apple_dinosam,1,2157,1024,540,0.0039,../../analysis/approach_1_gmm/segmented_dinosam/Chaetodon_nigropunctatus/Chaetodon_nigropunctatus_iNaturalist_3794627.png,success
Chaetodon_nigropunctatus_iNaturalist_560214858.jpg,Chaetodon nigropunctatus,images_inaturalist,dinosam,11,125179,491,287,0.8883,../../analysis/approach_1_gmm/segmented_dinosam/Chaetodon_nigropunctatus/Chaetodon_nigropunctatus_iNaturalist_560214858.png,success
Chaetodon_nigropunctatus_iNaturalist_57996527.jpg,Chaetodon nigropunctatus,images_inaturalist,hybrid_apple_dinosam,1,34885,1024,700,0.0487,../../analysis/approach_1_gmm/segmented_dinosam/Chaetodon_nigropunctatus/Chaetodon_nigropunctatus_iNaturalist_57996527.png,success
Chaetodon_nigropunctatus_iNaturalist_604765404.jpg,Chaetodon nigropunctatus,images_inaturalist,hybrid_apple_dinosam,5,0,1024,770,0.0,../../analysis/approach_1_gmm/segmented_dinosam/Chaetodon_nigropunctatus/Chaetodon_nigropunctatus_iNaturalist_604765404.png,success
Chaetodon_nigropunctatus_iNaturalist_604772794.jpg,Chaetodon nigropunctatus,images_inaturalist,hybrid_apple_dinosam,1,13057,1024,770,0.0166,../../analysis/approach_1_gmm/segmented_dinosam/Chaetodon_nigropunctatus/Chaetodon_nigropunctatus_iNaturalist_604772794.png,success
Chaetodon_nigropunctatus_iNaturalist_604772814.jpg,Chaetodon nigropunctatus,images_inaturalist,hybrid_apple_dinosam,1,48255,1024,770,0.0612,../../analysis/approach_1_gmm/segmented_dinosam/Chaetodon_nigropunctatus/Chaetodon_nigropunctatus_iNaturalist_604772814.png,success
Chaetodon_nippon_iNaturalist_421937638.jpg,Chaetodon nippon,images_inaturalist,dinosam,3,757629,1024,768,0.9634,../../analysis/approach_1_gmm/segmented_dinosam/Chaetodon_nippon/Chaetodon_nippon_iNaturalist_421937638.png,success
Chaetodon_nippon_iNaturalist_574792403.jpg,Chaetodon nippon,images_inaturalist,hybrid_apple_dinosam,2,19807,1024,768,0.0252,../../analysis/approach_1_gmm/segmented_dinosam/Chaetodon_nippon/Chaetodon_nippon_iNaturalist_574792403.png,success
Chaetodon_ocellatus_iNaturalist_21126529.jpg,Chaetodon ocellatus,images_inaturalist,hybrid_apple_dinosam,3,19448,1024,768,0.0247,../../analysis/approach_1_gmm/segmented_dinosam/Chaetodon_ocellatus/Chaetodon_ocellatus_iNaturalist_21126529.png,success
Chaetodon_ocellatus_iNaturalist_230787450.jpg,Chaetodon ocellatus,images_inaturalist,dinosam,1,65,768,1024,0.0001,../../analysis/approach_1_gmm/segmented_dinosam/Chaetodon_ocellatus/Chaetodon_ocellatus_iNaturalist_230787450.png,success
Chaetodon_ocellatus_iNaturalist_241430977.jpg,Chaetodon ocellatus,images_inaturalist,hybrid_apple_dinosam,2,39078,768,1024,0.0497,../../analysis/approach_1_gmm/segmented_dinosam/Chaetodon_ocellatus/Chaetodon_ocellatus_iNaturalist_241430977.png,success
Chaetodon_ocellatus_iNaturalist_98005952.jpg,Chaetodon ocellatus,images_inaturalist,dinosam,7,516017,1024,768,0.6561,../../analysis/approach_1_gmm/segmented_dinosam/Chaetodon_ocellatus/Chaetodon_ocellatus_iNaturalist_98005952.png,success
Chaetodon_ocellicaudus_iNaturalist_340784700.jpg,Chaetodon ocellicaudus,images_inaturalist,hybrid_apple_dinosam,2,6240,396,243,0.0648,../../analysis/approach_1_gmm/segmented_dinosam/Chaetodon_ocellicaudus/Chaetodon_ocellicaudus_iNaturalist_340784700.png,success
Chaetodon_ocellicaudus_iNaturalist_467374317.jpg,Chaetodon ocellicaudus,images_inaturalist,hybrid_apple_dinosam,1,29225,1024,683,0.0418,../../analysis/approach_1_gmm/segmented_dinosam/Chaetodon_ocellicaudus/Chaetodon_ocellicaudus_iNaturalist_467374317.png,success
Chaetodon_ocellicaudus_iNaturalist_467374320.jpg,Chaetodon ocellicaudus,images_inaturalist,hybrid_apple_dinosam,1,0,1024,683,0.0,../../analysis/approach_1_gmm/segmented_dinosam/Chaetodon_ocellicaudus/Chaetodon_ocellicaudus_iNaturalist_467374320.png,success
Chaetodon_ocellicaudus_iNaturalist_472685751.jpg,Chaetodon ocellicaudus,images_inaturalist,hybrid_apple_dinosam,1,32548,1024,683,0.0465,../../analysis/approach_1_gmm/segmented_dinosam/Chaetodon_ocellicaudus/Chaetodon_ocellicaudus_iNaturalist_472685751.png,success
Chaetodon_ocellicaudus_iNaturalist_530620209.jpg,Chaetodon ocellicaudus,images_inaturalist,hybrid_apple_dinosam,3,10072,1024,768,0.0128,../../analysis/approach_1_gmm/segmented_dinosam/Chaetodon_ocellicaudus/Chaetodon_ocellicaudus_iNaturalist_530620209.png,success
Chaetodon_octofasciatus_iNaturalist_367755144.jpg,Chaetodon octofasciatus,images_inaturalist,hybrid_apple_dinosam,1,16523,1024,1024,0.0158,../../analysis/approach_1_gmm/segmented_dinosam/Chaetodon_octofasciatus/Chaetodon_octofasciatus_iNaturalist_367755144.png,success
Chaetodon_octofasciatus_iNaturalist_438496468.jpg,Chaetodon octofasciatus,images_inaturalist,hybrid_apple_dinosam,2,0,1024,703,0.0,../../analysis/approach_1_gmm/segmented_dinosam/Chaetodon_octofasciatus/Chaetodon_octofasciatus_iNaturalist_438496468.png,success
Chaetodon_ornatissimus_iNaturalist_123987464.jpg,Chaetodon ornatissimus,images_inaturalist,hybrid_apple_dinosam,1,32641,1024,682,0.0467,../../analysis/approach_1_gmm/segmented_dinosam/Chaetodon_ornatissimus/Chaetodon_ornatissimus_iNaturalist_123987464.png,success
Chaetodon_ornatissimus_iNaturalist_179512141.jpg,Chaetodon ornatissimus,images_inaturalist,hybrid_apple_dinosam,2,11774,1024,768,0.015,../../analysis/approach_1_gmm/segmented_dinosam/Chaetodon_ornatissimus/Chaetodon_ornatissimus_iNaturalist_179512141.png,success
Chaetodon_ornatissimus_iNaturalist_179799134.jpg,Chaetodon ornatissimus,images_inaturalist,hybrid_apple_dinosam,2,68245,1024,819,0.0814,../../analysis/approach_1_gmm/segmented_dinosam/Chaetodon_ornatissimus/Chaetodon_ornatissimus_iNaturalist_179799134.png,success
Chaetodon_ornatissimus_iNaturalist_248887270.jpg,Chaetodon ornatissimus,images_inaturalist,hybrid_apple_dinosam,1,47912,960,640,0.078,../../analysis/approach_1_gmm/segmented_dinosam/Chaetodon_ornatissimus/Chaetodon_ornatissimus_iNaturalist_248887270.png,success
Chaetodon_ornatissimus_iNaturalist_306927692.jpg,Chaetodon ornatissimus,images_inaturalist,hybrid_apple_dinosam,1,34351,1024,768,0.0437,../../analysis/approach_1_gmm/segmented_dinosam/Chaetodon_ornatissimus/Chaetodon_ornatissimus_iNaturalist_306927692.png,success
Chaetodon_ornatissimus_iNaturalist_436943971.jpg,Chaetodon ornatissimus,images_inaturalist,hybrid_apple_dinosam,1,56944,1024,772,0.072,../../analysis/approach_1_gmm/segmented_dinosam/Chaetodon_ornatissimus/Chaetodon_ornatissimus_iNaturalist_436943971.png,success
Chaetodon_ornatissimus_iNaturalist_442103313.jpg,Chaetodon ornatissimus,images_inaturalist,hybrid_apple_dinosam,1,0,745,684,0.0,../../analysis/approach_1_gmm/segmented_dinosam/Chaetodon_ornatissimus/Chaetodon_ornatissimus_iNaturalist_442103313.png,success
Chaetodon_ornatissimus_iNaturalist_71820287.jpg,Chaetodon ornatissimus,images_inaturalist,hybrid_apple_dinosam,1,27571,1024,768,0.0351,../../analysis/approach_1_gmm/segmented_dinosam/Chaetodon_ornatissimus/Chaetodon_ornatissimus_iNaturalist_71820287.png,success
Chaetodon_oxycephalus_iNaturalist_458154395.jpg,Chaetodon oxycephalus,images_inaturalist,hybrid_apple_dinosam,1,29578,1024,765,0.0378,../../analysis/approach_1_gmm/segmented_dinosam/Chaetodon_oxycephalus/Chaetodon_oxycephalus_iNaturalist_458154395.png,success
Chaetodon_oxycephalus_iNaturalist_474167620.jpg,Chaetodon oxycephalus,images_inaturalist,hybrid_apple_dinosam,1,32729,1024,768,0.0416,../../analysis/approach_1_gmm/segmented_dinosam/Chaetodon_oxycephalus/Chaetodon_oxycephalus_iNaturalist_474167620.png,success
Chaetodon_oxycephalus_iNaturalist_59429662.jpg,Chaetodon oxycephalus,images_inaturalist,hybrid_apple_dinosam,1,45000,1024,768,0.0572,../../analysis/approach_1_gmm/segmented_dinosam/Chaetodon_oxycephalus/Chaetodon_oxycephalus_iNaturalist_59429662.png,success
Chaetodon_paucifasciatus_iNaturalist_157577598.jpg,Chaetodon paucifasciatus,images_inaturalist,hybrid_apple_dinosam,2,0,1024,938,0.0,../../analysis/approach_1_gmm/segmented_dinosam/Chaetodon_paucifasciatus/Chaetodon_paucifasciatus_iNaturalist_157577598.png,success
Chaetodon_paucifasciatus_iNaturalist_157581191.jpg,Chaetodon paucifasciatus,images_inaturalist,hybrid_apple_dinosam,1,0,1024,768,0.0,../../analysis/approach_1_gmm/segmented_dinosam/Chaetodon_paucifasciatus/Chaetodon_paucifasciatus_iNaturalist_157581191.png,success
Chaetodon_paucifasciatus_iNaturalist_379831846.jpg,Chaetodon paucifasciatus,images_inaturalist,hybrid_apple_dinosam,1,0,1024,768,0.0,../../analysis/approach_1_gmm/segmented_dinosam/Chaetodon_paucifasciatus/Chaetodon_paucifasciatus_iNaturalist_379831846.png,success
Chaetodon_pelewensis_iNaturalist_287497554.jpg,Chaetodon pelewensis,images_inaturalist,hybrid_apple_dinosam,2,6098,1024,768,0.0078,../../analysis/approach_1_gmm/segmented_dinosam/Chaetodon_pelewensis/Chaetodon_pelewensis_iNaturalist_287497554.png,success
Chaetodon_pelewensis_iNaturalist_487815372.jpg,Chaetodon pelewensis,images_inaturalist,hybrid_apple_dinosam,2,99,1024,684,0.0001,../../analysis/approach_1_gmm/segmented_dinosam/Chaetodon_pelewensis/Chaetodon_pelewensis_iNaturalist_487815372.png,success
Chaetodon_pelewensis_iNaturalist_590667200.jpg,Chaetodon pelewensis,images_inaturalist,hybrid_apple_dinosam,1,19187,1024,768,0.0244,../../analysis/approach_1_gmm/segmented_dinosam/Chaetodon_pelewensis/Chaetodon_pelewensis_iNaturalist_590667200.png,success
Chaetodon_pictus_iNaturalist_179955261.jpg,Chaetodon pictus,images_inaturalist,hybrid_apple_dinosam,2,11939,905,593,0.0222,../../analysis/approach_1_gmm/segmented_dinosam/Chaetodon_pictus/Chaetodon_pictus_iNaturalist_179955261.png,success
Chaetodon_pictus_iNaturalist_184329464.jpg,Chaetodon pictus,images_inaturalist,hybrid_apple_dinosam,1,61253,1024,768,0.0779,../../analysis/approach_1_gmm/segmented_dinosam/Chaetodon_pictus/Chaetodon_pictus_iNaturalist_184329464.png,success
Chaetodon_pictus_iNaturalist_3502840.jpg,Chaetodon pictus,images_inaturalist,dinosam,25,319611,1024,540,0.578,../../analysis/approach_1_gmm/segmented_dinosam/Chaetodon_pictus/Chaetodon_pictus_iNaturalist_3502840.png,success
Chaetodon_pictus_iNaturalist_3502841.jpg,Chaetodon pictus,images_inaturalist,dinosam,29,314349,1024,540,0.5685,../../analysis/approach_1_gmm/segmented_dinosam/Chaetodon_pictus/Chaetodon_pictus_iNaturalist_3502841.png,success
Chaetodon_pictus_iNaturalist_3502842.jpg,Chaetodon pictus,images_inaturalist,dinosam,26,294947,1024,540,0.5334,../../analysis/approach_1_gmm/segmented_dinosam/Chaetodon_pictus/Chaetodon_pictus_iNaturalist_3502842.png,success
Chaetodon_pictus_iNaturalist_3502843.jpg,Chaetodon pictus,images_inaturalist,dinosam,22,318610,1024,540,0.5762,../../analysis/approach_1_gmm/segmented_dinosam/Chaetodon_pictus/Chaetodon_pictus_iNaturalist_3502843.png,success
Chaetodon_pictus_iNaturalist_60591745.jpg,Chaetodon pictus,images_inaturalist,hybrid_apple_dinosam,4,0,1024,768,0.0,../../analysis/approach_1_gmm/segmented_dinosam/Chaetodon_pictus/Chaetodon_pictus_iNaturalist_60591745.png,success
Chaetodon_pictus_iNaturalist_606694537.jpg,Chaetodon pictus,images_inaturalist,hybrid_apple_dinosam,2,8946,1024,768,0.0114,../../analysis/approach_1_gmm/segmented_dinosam/Chaetodon_pictus/Chaetodon_pictus_iNaturalist_606694537.png,success
Chaetodon_plebeius_iNaturalist_302022715.jpg,Chaetodon plebeius,images_inaturalist,hybrid_apple_dinosam,1,16503,845,475,0.0411,../../analysis/approach_1_gmm/segmented_dinosam/Chaetodon_plebeius/Chaetodon_plebeius_iNaturalist_302022715.png,success
Chaetodon_plebeius_iNaturalist_302022740.jpg,Chaetodon plebeius,images_inaturalist,hybrid_apple_dinosam,1,0,1024,576,0.0,../../analysis/approach_1_gmm/segmented_dinosam/Chaetodon_plebeius/Chaetodon_plebeius_iNaturalist_302022740.png,success
Chaetodon_plebeius_iNaturalist_443767734.jpg,Chaetodon plebeius,images_inaturalist,hybrid_apple_dinosam,1,8228,1024,721,0.0111,../../analysis/approach_1_gmm/segmented_dinosam/Chaetodon_plebeius/Chaetodon_plebeius_iNaturalist_443767734.png,success
Chaetodon_punctatofasciatus_iNaturalist_178832147.jpg,Chaetodon punctatofasciatus,images_inaturalist,hybrid_apple_dinosam,1,39914,1024,746,0.0523,../../analysis/approach_1_gmm/segmented_dinosam/Chaetodon_punctatofasciatus/Chaetodon_punctatofasciatus_iNaturalist_178832147.png,success
Chaetodon_punctatofasciatus_iNaturalist_465096696.jpg,Chaetodon punctatofasciatus,images_inaturalist,hybrid_apple_dinosam,1,36979,1024,684,0.0528,../../analysis/approach_1_gmm/segmented_dinosam/Chaetodon_punctatofasciatus/Chaetodon_punctatofasciatus_iNaturalist_465096696.png,success
Chaetodon_quadrimaculatus_iNaturalist_178914726.jpg,Chaetodon quadrimaculatus,images_inaturalist,dinosam,2,388844,1024,691,0.5495,../../analysis/approach_1_gmm/segmented_dinosam/Chaetodon_quadrimaculatus/Chaetodon_quadrimaculatus_iNaturalist_178914726.png,success
Chaetodon_quadrimaculatus_iNaturalist_265786115.jpg,Chaetodon quadrimaculatus,images_inaturalist,hybrid_apple_dinosam,1,14398,1024,819,0.0172,../../analysis/approach_1_gmm/segmented_dinosam/Chaetodon_quadrimaculatus/Chaetodon_quadrimaculatus_iNaturalist_265786115.png,success
Chaetodon_quadrimaculatus_iNaturalist_341846702.jpg,Chaetodon quadrimaculatus,images_inaturalist,hybrid_apple_dinosam,1,2,1024,576,0.0,../../analysis/approach_1_gmm/segmented_dinosam/Chaetodon_quadrimaculatus/Chaetodon_quadrimaculatus_iNaturalist_341846702.png,success
Chaetodon_quadrimaculatus_iNaturalist_341846706.jpg,Chaetodon quadrimaculatus,images_inaturalist,hybrid_apple_dinosam,1,5,1024,576,0.0,../../analysis/approach_1_gmm/segmented_dinosam/Chaetodon_quadrimaculatus/Chaetodon_quadrimaculatus_iNaturalist_341846706.png,success
Chaetodon_quadrimaculatus_iNaturalist_375423270.jpg,Chaetodon quadrimaculatus,images_inaturalist,hybrid_apple_dinosam,2,70535,1024,741,0.093,../../analysis/approach_1_gmm/segmented_dinosam/Chaetodon_quadrimaculatus/Chaetodon_quadrimaculatus_iNaturalist_375423270.png,success
Chaetodon_quadrimaculatus_iNaturalist_439635542.jpg,Chaetodon quadrimaculatus,images_inaturalist,hybrid_apple_dinosam,1,0,1024,576,0.0,../../analysis/approach_1_gmm/segmented_dinosam/Chaetodon_quadrimaculatus/Chaetodon_quadrimaculatus_iNaturalist_439635542.png,success
Chaetodon_quadrimaculatus_iNaturalist_556077020.jpg,Chaetodon quadrimaculatus,images_inaturalist,hybrid_apple_dinosam,1,20253,1024,768,0.0258,../../analysis/approach_1_gmm/segmented_dinosam/Chaetodon_quadrimaculatus/Chaetodon_quadrimaculatus_iNaturalist_556077020.png,success
Chaetodon_rafflesii_iNaturalist_175108059.jpg,Chaetodon rafflesii,images_inaturalist,hybrid_apple_dinosam,1,0,1024,768,0.0,../../analysis/approach_1_gmm/segmented_dinosam/Chaetodon_rafflesii/Chaetodon_rafflesii_iNaturalist_175108059.png,success
Chaetodon_rafflesii_iNaturalist_175108072.jpg,Chaetodon rafflesii,images_inaturalist,hybrid_apple_dinosam,2,18236,1024,768,0.0232,../../analysis/approach_1_gmm/segmented_dinosam/Chaetodon_rafflesii/Chaetodon_rafflesii_iNaturalist_175108072.png,success
Chaetodon_rafflesii_iNaturalist_333096953.jpg,Chaetodon rafflesii,images_inaturalist,hybrid_apple_dinosam,1,0,1024,768,0.0,../../analysis/approach_1_gmm/segmented_dinosam/Chaetodon_rafflesii/Chaetodon_rafflesii_iNaturalist_333096953.png,success
Chaetodon_rafflesii_iNaturalist_473127027.jpg,Chaetodon rafflesii,images_inaturalist,hybrid_apple_dinosam,1,35634,1024,768,0.0453,../../analysis/approach_1_gmm/segmented_dinosam/Chaetodon_rafflesii/Chaetodon_rafflesii_iNaturalist_473127027.png,success
Chaetodon_rafflesii_iNaturalist_473127064.jpg,Chaetodon rafflesii,images_inaturalist,hybrid_apple_dinosam,1,30391,1024,768,0.0386,../../analysis/approach_1_gmm/segmented_dinosam/Chaetodon_rafflesii/Chaetodon_rafflesii_iNaturalist_473127064.png,success
Chaetodon_rainfordi_iNaturalist_449237800.jpg,Chaetodon rainfordi,images_inaturalist,hybrid_apple_dinosam,1,9060,428,398,0.0532,../../analysis/approach_1_gmm/segmented_dinosam/Chaetodon_rainfordi/Chaetodon_rainfordi_iNaturalist_449237800.png,success
Chaetodon_rainfordi_iNaturalist_592118460.jpg,Chaetodon rainfordi,images_inaturalist,dinosam,5,27855,1024,768,0.0354,../../analysis/approach_1_gmm/segmented_dinosam/Chaetodon_rainfordi/Chaetodon_rainfordi_iNaturalist_592118460.png,success
Chaetodon_rainfordi_iNaturalist_592118909.jpg,Chaetodon rainfordi,images_inaturalist,dinosam,8,501415,1024,823,0.595,../../analysis/approach_1_gmm/segmented_dinosam/Chaetodon_rainfordi/Chaetodon_rainfordi_iNaturalist_592118909.png,success
Chaetodon_rainfordi_iNaturalist_595411844.jpg,Chaetodon rainfordi,images_inaturalist,hybrid_apple_dinosam,1,25326,797,758,0.0419,../../analysis/approach_1_gmm/segmented_dinosam/Chaetodon_rainfordi/Chaetodon_rainfordi_iNaturalist_595411844.png,success
Chaetodon_reticulatus_iNaturalist_156611194.jpg,Chaetodon reticulatus,images_inaturalist,hybrid_apple_dinosam,1,0,1024,941,0.0,../../analysis/approach_1_gmm/segmented_dinosam/Chaetodon_reticulatus/Chaetodon_reticulatus_iNaturalist_156611194.png,success
Chaetodon_reticulatus_iNaturalist_487632927.jpg,Chaetodon reticulatus,images_inaturalist,hybrid_apple_dinosam,1,12973,1024,576,0.022,../../analysis/approach_1_gmm/segmented_dinosam/Chaetodon_reticulatus/Chaetodon_reticulatus_iNaturalist_487632927.png,success
Chaetodon_reticulatus_iNaturalist_487632982.jpg,Chaetodon reticulatus,images_inaturalist,hybrid_apple_dinosam,2,0,1024,576,0.0,../../analysis/approach_1_gmm/segmented_dinosam/Chaetodon_reticulatus/Chaetodon_reticulatus_iNaturalist_487632982.png,success
Chaetodon_reticulatus_iNaturalist_54399841.jpg,Chaetodon reticulatus,images_inaturalist,hybrid_apple_dinosam,2,11696,1024,683,0.0167,../../analysis/approach_1_gmm/segmented_dinosam/Chaetodon_reticulatus/Chaetodon_reticulatus_iNaturalist_54399841.png,success
Chaetodon_reticulatus_iNaturalist_600115611.jpg,Chaetodon reticulatus,images_inaturalist,dinosam,16,399698,1024,768,0.5082,../../analysis/approach_1_gmm/segmented_dinosam/Chaetodon_reticulatus/Chaetodon_reticulatus_iNaturalist_600115611.png,success
Chaetodon_reticulatus_iNaturalist_7064003.jpg,Chaetodon reticulatus,images_inaturalist,hybrid_apple_dinosam,1,0,1024,686,0.0,../../analysis/approach_1_gmm/segmented_dinosam/Chaetodon_reticulatus/Chaetodon_reticulatus_iNaturalist_7064003.png,success
Chaetodon_robustus_iNaturalist_2549491.jpg,Chaetodon robustus,images_inaturalist,dinosam,3,773079,1024,768,0.983,../../analysis/approach_1_gmm/segmented_dinosam/Chaetodon_robustus/Chaetodon_robustus_iNaturalist_2549491.png,success
Chaetodon_robustus_iNaturalist_278213241.jpg,Chaetodon robustus,images_inaturalist,hybrid_apple_dinosam,1,20803,1024,768,0.0265,../../analysis/approach_1_gmm/segmented_dinosam/Chaetodon_robustus/Chaetodon_robustus_iNaturalist_278213241.png,success
Chaetodon_robustus_iNaturalist_576757436.jpg,Chaetodon robustus,images_inaturalist,hybrid_apple_dinosam,1,34246,1024,768,0.0435,../../analysis/approach_1_gmm/segmented_dinosam/Chaetodon_robustus/Chaetodon_robustus_iNaturalist_576757436.png,success
Chaetodon_robustus_iNaturalist_61768277.jpg,Chaetodon robustus,images_inaturalist,dinosam,8,357258,1024,576,0.6057,../../analysis/approach_1_gmm/segmented_dinosam/Chaetodon_robustus/Chaetodon_robustus_iNaturalist_61768277.png,success
Chaetodon_robustus_iNaturalist_61768284.jpg,Chaetodon robustus,images_inaturalist,hybrid_apple_dinosam,1,9078,1024,576,0.0154,../../analysis/approach_1_gmm/segmented_dinosam/Chaetodon_robustus/Chaetodon_robustus_iNaturalist_61768284.png,success
Chaetodon_sanctaehelenae_iNaturalist_418980733.jpg,Chaetodon sanctaehelenae,images_inaturalist,hybrid_apple_dinosam,2,10365,1024,683,0.0148,../../analysis/approach_1_gmm/segmented_dinosam/Chaetodon_sanctaehelenae/Chaetodon_sanctaehelenae_iNaturalist_418980733.png,success
Chaetodon_sanctaehelenae_iNaturalist_418983044.jpg,Chaetodon sanctaehelenae,images_inaturalist,hybrid_apple_dinosam,9,14452,1024,683,0.0207,../../analysis/approach_1_gmm/segmented_dinosam/Chaetodon_sanctaehelenae/Chaetodon_sanctaehelenae_iNaturalist_418983044.png,success
Chaetodon_sanctaehelenae_iNaturalist_578388945.jpg,Chaetodon sanctaehelenae,images_inaturalist,hybrid_apple_dinosam,1,7788,1024,681,0.0112,../../analysis/approach_1_gmm/segmented_dinosam/Chaetodon_sanctaehelenae/Chaetodon_sanctaehelenae_iNaturalist_578388945.png,success
Chaetodon_sanctaehelenae_iNaturalist_578388957.jpg,Chaetodon sanctaehelenae,images_inaturalist,hybrid_apple_dinosam,1,9151,1024,681,0.0131,../../analysis/approach_1_gmm/segmented_dinosam/Chaetodon_sanctaehelenae/Chaetodon_sanctaehelenae_iNaturalist_578388957.png,success
Chaetodon_sanctaehelenae_iNaturalist_578388963.jpg,Chaetodon sanctaehelenae,images_inaturalist,hybrid_apple_dinosam,1,11354,1024,681,0.0163,../../analysis/approach_1_gmm/segmented_dinosam/Chaetodon_sanctaehelenae/Chaetodon_sanctaehelenae_iNaturalist_578388963.png,success
Chaetodon_sedentarius_iNaturalist_32020377.jpg,Chaetodon sedentarius,images_inaturalist,hybrid_apple_dinosam,1,16314,1024,768,0.0207,../../analysis/approach_1_gmm/segmented_dinosam/Chaetodon_sedentarius/Chaetodon_sedentarius_iNaturalist_32020377.png,success
Chaetodon_sedentarius_iNaturalist_32020388.jpg,Chaetodon sedentarius,images_inaturalist,hybrid_apple_dinosam,1,24586,1024,768,0.0313,../../analysis/approach_1_gmm/segmented_dinosam/Chaetodon_sedentarius/Chaetodon_sedentarius_iNaturalist_32020388.png,success
Chaetodon_sedentarius_iNaturalist_32020394.jpg,Chaetodon sedentarius,images_inaturalist,hybrid_apple_dinosam,2,17361,1024,768,0.0221,../../analysis/approach_1_gmm/segmented_dinosam/Chaetodon_sedentarius/Chaetodon_sedentarius_iNaturalist_32020394.png,success
Chaetodon_sedentarius_iNaturalist_33101162.jpg,Chaetodon sedentarius,images_inaturalist,dinosam,23,773965,1024,768,0.9841,../../analysis/approach_1_gmm/segmented_dinosam/Chaetodon_sedentarius/Chaetodon_sedentarius_iNaturalist_33101162.png,success
Chaetodon_selene_iNaturalist_194985212.jpg,Chaetodon selene,images_inaturalist,hybrid_apple_dinosam,1,24401,800,600,0.0508,../../analysis/approach_1_gmm/segmented_dinosam/Chaetodon_selene/Chaetodon_selene_iNaturalist_194985212.png,success
Chaetodon_selene_iNaturalist_461134965.jpg,Chaetodon selene,images_inaturalist,hybrid_apple_dinosam,1,49815,1024,816,0.0596,../../analysis/approach_1_gmm/segmented_dinosam/Chaetodon_selene/Chaetodon_selene_iNaturalist_461134965.png,success
Chaetodon_selene_iNaturalist_577593291.jpg,Chaetodon selene,images_inaturalist,hybrid_apple_dinosam,1,28559,1024,578,0.0483,../../analysis/approach_1_gmm/segmented_dinosam/Chaetodon_selene/Chaetodon_selene_iNaturalist_577593291.png,success
Chaetodon_semeion_iNaturalist_483843324.jpg,Chaetodon semeion,images_inaturalist,hybrid_apple_dinosam,1,3189,282,212,0.0533,../../analysis/approach_1_gmm/segmented_dinosam/Chaetodon_semeion/Chaetodon_semeion_iNaturalist_483843324.png,success
Chaetodon_semeion_iNaturalist_483843340.jpg,Chaetodon semeion,images_inaturalist,hybrid_apple_dinosam,1,2999,484,363,0.0171,../../analysis/approach_1_gmm/segmented_dinosam/Chaetodon_semeion/Chaetodon_semeion_iNaturalist_483843340.png,success
Chaetodon_semeion_iNaturalist_483843356.jpg,Chaetodon semeion,images_inaturalist,hybrid_apple_dinosam,1,2195,478,269,0.0171,../../analysis/approach_1_gmm/segmented_dinosam/Chaetodon_semeion/Chaetodon_semeion_iNaturalist_483843356.png,success
Chaetodon_semeion_iNaturalist_592159909.jpg,Chaetodon semeion,images_inaturalist,dinosam,2,695467,1024,792,0.8575,../../analysis/approach_1_gmm/segmented_dinosam/Chaetodon_semeion/Chaetodon_semeion_iNaturalist_592159909.png,success
Chaetodon_semeion_iNaturalist_599835880.jpg,Chaetodon semeion,images_inaturalist,hybrid_apple_dinosam,1,0,1024,1024,0.0,../../analysis/approach_1_gmm/segmented_dinosam/Chaetodon_semeion/Chaetodon_semeion_iNaturalist_599835880.png,success
Chaetodon_semeion_iNaturalist_599835888.jpg,Chaetodon semeion,images_inaturalist,hybrid_apple_dinosam,1,0,1024,1024,0.0,../../analysis/approach_1_gmm/segmented_dinosam/Chaetodon_semeion/Chaetodon_semeion_iNaturalist_599835888.png,success
Chaetodon_semilarvatus_iNaturalist_120141561.jpg,Chaetodon semilarvatus,images_inaturalist,hybrid_apple_dinosam,2,53916,1024,768,0.0686,../../analysis/approach_1_gmm/segmented_dinosam/Chaetodon_semilarvatus/Chaetodon_semilarvatus_iNaturalist_120141561.png,success
Chaetodon_semilarvatus_iNaturalist_480736217.jpg,Chaetodon semilarvatus,images_inaturalist,hybrid_apple_dinosam,2,523,1024,768,0.0007,../../analysis/approach_1_gmm/segmented_dinosam/Chaetodon_semilarvatus/Chaetodon_semilarvatus_iNaturalist_480736217.png,success
Chaetodon_semilarvatus_iNaturalist_542083393.jpg,Chaetodon semilarvatus,images_inaturalist,hybrid_apple_dinosam,2,691,1024,768,0.0009,../../analysis/approach_1_gmm/segmented_dinosam/Chaetodon_semilarvatus/Chaetodon_semilarvatus_iNaturalist_542083393.png,success
Chaetodon_semilarvatus_iNaturalist_589657471.jpg,Chaetodon semilarvatus,images_inaturalist,hybrid_apple_dinosam,2,72979,1024,768,0.0928,../../analysis/approach_1_gmm/segmented_dinosam/Chaetodon_semilarvatus/Chaetodon_semilarvatus_iNaturalist_589657471.png,success
Chaetodon_semilarvatus_iNaturalist_598091917.jpg,Chaetodon semilarvatus,images_inaturalist,hybrid_apple_dinosam,2,54260,1024,768,0.069,../../analysis/approach_1_gmm/segmented_dinosam/Chaetodon_semilarvatus/Chaetodon_semilarvatus_iNaturalist_598091917.png,success
Chaetodon_speculum_iNaturalist_22549454.jpg,Chaetodon speculum,images_inaturalist,hybrid_apple_dinosam,1,33332,1024,683,0.0477,../../analysis/approach_1_gmm/segmented_dinosam/Chaetodon_speculum/Chaetodon_speculum_iNaturalist_22549454.png,success
Chaetodon_speculum_iNaturalist_373588991.jpg,Chaetodon speculum,images_inaturalist,dinosam,3,282461,1024,776,0.3555,../../analysis/approach_1_gmm/segmented_dinosam/Chaetodon_speculum/Chaetodon_speculum_iNaturalist_373588991.png,success
Chaetodon_striatus_iNaturalist_177316261.jpg,Chaetodon striatus,images_inaturalist,dinosam,17,432920,1024,768,0.5505,../../analysis/approach_1_gmm/segmented_dinosam/Chaetodon_striatus/Chaetodon_striatus_iNaturalist_177316261.png,success
Chaetodon_striatus_iNaturalist_254945429.jpg,Chaetodon striatus,images_inaturalist,dinosam,3,180147,1024,646,0.2723,../../analysis/approach_1_gmm/segmented_dinosam/Chaetodon_striatus/Chaetodon_striatus_iNaturalist_254945429.png,success
Chaetodon_striatus_iNaturalist_378227586.jpg,Chaetodon striatus,images_inaturalist,hybrid_apple_dinosam,3,0,1024,1024,0.0,../../analysis/approach_1_gmm/segmented_dinosam/Chaetodon_striatus/Chaetodon_striatus_iNaturalist_378227586.png,success
Chaetodon_striatus_iNaturalist_44877104.jpg,Chaetodon striatus,images_inaturalist,hybrid_apple_dinosam,1,0,960,720,0.0,../../analysis/approach_1_gmm/segmented_dinosam/Chaetodon_striatus/Chaetodon_striatus_iNaturalist_44877104.png,success
Chaetodon_striatus_iNaturalist_455572688.jpg,Chaetodon striatus,images_inaturalist,hybrid_apple_dinosam,1,29916,1024,768,0.038,../../analysis/approach_1_gmm/segmented_dinosam/Chaetodon_striatus/Chaetodon_striatus_iNaturalist_455572688.png,success
Chaetodon_striatus_iNaturalist_516231487.jpg,Chaetodon striatus,images_inaturalist,hybrid_apple_dinosam,1,26407,1024,936,0.0276,../../analysis/approach_1_gmm/segmented_dinosam/Chaetodon_striatus/Chaetodon_striatus_iNaturalist_516231487.png,success
Chaetodon_striatus_iNaturalist_604196066.jpg,Chaetodon striatus,images_inaturalist,hybrid_apple_dinosam,1,34579,1024,768,0.044,../../analysis/approach_1_gmm/segmented_dinosam/Chaetodon_striatus/Chaetodon_striatus_iNaturalist_604196066.png,success
Chaetodon_tinkeri_iNaturalist_122833614.jpg,Chaetodon tinkeri,images_inaturalist,hybrid_apple_dinosam,1,38953,1024,768,0.0495,../../analysis/approach_1_gmm/segmented_dinosam/Chaetodon_tinkeri/Chaetodon_tinkeri_iNaturalist_122833614.png,success
Chaetodon_tinkeri_iNaturalist_415676289.jpg,Chaetodon tinkeri,images_inaturalist,hybrid_apple_dinosam,1,57974,1024,683,0.0829,../../analysis/approach_1_gmm/segmented_dinosam/Chaetodon_tinkeri/Chaetodon_tinkeri_iNaturalist_415676289.png,success
Chaetodon_tinkeri_iNaturalist_66870.jpg,Chaetodon tinkeri,images_inaturalist,hybrid_apple_dinosam,1,67395,1024,792,0.0831,../../analysis/approach_1_gmm/segmented_dinosam/Chaetodon_tinkeri/Chaetodon_tinkeri_iNaturalist_66870.png,success
Chaetodon_tinkeri_iNaturalist_83513687.jpg,Chaetodon tinkeri,images_inaturalist,hybrid_apple_dinosam,1,0,1024,683,0.0,../../analysis/approach_1_gmm/segmented_dinosam/Chaetodon_tinkeri/Chaetodon_tinkeri_iNaturalist_83513687.png,success
Chaetodon_triangulum_iNaturalist_149101164.jpg,Chaetodon triangulum,images_inaturalist,dinosam,8,445006,1024,768,0.5659,../../analysis/approach_1_gmm/segmented_dinosam/Chaetodon_triangulum/Chaetodon_triangulum_iNaturalist_149101164.png,success
Chaetodon_triangulum_iNaturalist_280764242.jpg,Chaetodon triangulum,images_inaturalist,hybrid_apple_dinosam,1,16824,587,759,0.0378,../../analysis/approach_1_gmm/segmented_dinosam/Chaetodon_triangulum/Chaetodon_triangulum_iNaturalist_280764242.png,success
Chaetodon_triangulum_iNaturalist_336501928.jpg,Chaetodon triangulum,images_inaturalist,hybrid_apple_dinosam,2,45013,1024,683,0.0644,../../analysis/approach_1_gmm/segmented_dinosam/Chaetodon_triangulum/Chaetodon_triangulum_iNaturalist_336501928.png,success
Chaetodon_triangulum_iNaturalist_607414261.jpg,Chaetodon triangulum,images_inaturalist,hybrid_apple_dinosam,1,34742,1024,768,0.0442,../../analysis/approach_1_gmm/segmented_dinosam/Chaetodon_triangulum/Chaetodon_triangulum_iNaturalist_607414261.png,success
Chaetodon_triangulum_iNaturalist_71648447.jpg,Chaetodon triangulum,images_inaturalist,hybrid_apple_dinosam,3,83,1024,768,0.0001,../../analysis/approach_1_gmm/segmented_dinosam/Chaetodon_triangulum/Chaetodon_triangulum_iNaturalist_71648447.png,success
Chaetodon_trichrous_iNaturalist_350883651.jpg,Chaetodon trichrous,images_inaturalist,hybrid_apple_dinosam,1,30879,1024,769,0.0392,../../analysis/approach_1_gmm/segmented_dinosam/Chaetodon_trichrous/Chaetodon_trichrous_iNaturalist_350883651.png,success
Chaetodon_trichrous_iNaturalist_472558208.jpg,Chaetodon trichrous,images_inaturalist,hybrid_apple_dinosam,5,30131,1024,768,0.0383,../../analysis/approach_1_gmm/segmented_dinosam/Chaetodon_trichrous/Chaetodon_trichrous_iNaturalist_472558208.png,success
Chaetodon_trichrous_iNaturalist_473965444.jpg,Chaetodon trichrous,images_inaturalist,hybrid_apple_dinosam,5,58676,1024,701,0.0817,../../analysis/approach_1_gmm/segmented_dinosam/Chaetodon_trichrous/Chaetodon_trichrous_iNaturalist_473965444.png,success
Chaetodon_trichrous_iNaturalist_54935427.jpg,Chaetodon trichrous,images_inaturalist,hybrid_apple_dinosam,1,20563,1024,747,0.0269,../../analysis/approach_1_gmm/segmented_dinosam/Chaetodon_trichrous/Chaetodon_trichrous_iNaturalist_54935427.png,success
Chaetodon_tricinctus_iNaturalist_13811577.jpg,Chaetodon tricinctus,images_inaturalist,hybrid_apple_dinosam,11,61910,1024,768,0.0787,../../analysis/approach_1_gmm/segmented_dinosam/Chaetodon_tricinctus/Chaetodon_tricinctus_iNaturalist_13811577.png,success
Chaetodon_tricinctus_iNaturalist_248668717.jpg,Chaetodon tricinctus,images_inaturalist,dinosam,3,567106,1024,768,0.7211,../../analysis/approach_1_gmm/segmented_dinosam/Chaetodon_tricinctus/Chaetodon_tricinctus_iNaturalist_248668717.png,success
Chaetodon_tricinctus_iNaturalist_322706422.jpg,Chaetodon tricinctus,images_inaturalist,dinosam,5,287779,1024,768,0.3659,../../analysis/approach_1_gmm/segmented_dinosam/Chaetodon_tricinctus/Chaetodon_tricinctus_iNaturalist_322706422.png,success
Chaetodon_trifascialis_iNaturalist_215411642.jpg,Chaetodon trifascialis,images_inaturalist,hybrid_apple_dinosam,1,32206,1024,768,0.041,../../analysis/approach_1_gmm/segmented_dinosam/Chaetodon_trifascialis/Chaetodon_trifascialis_iNaturalist_215411642.png,success
Chaetodon_trifascialis_iNaturalist_27663000.jpg,Chaetodon trifascialis,images_inaturalist,hybrid_apple_dinosam,1,45277,1024,768,0.0576,../../analysis/approach_1_gmm/segmented_dinosam/Chaetodon_trifascialis/Chaetodon_trifascialis_iNaturalist_27663000.png,success
Chaetodon_trifascialis_iNaturalist_424671659.jpg,Chaetodon trifascialis,images_inaturalist,hybrid_apple_dinosam,1,55364,1024,683,0.0792,../../analysis/approach_1_gmm/segmented_dinosam/Chaetodon_trifascialis/Chaetodon_trifascialis_iNaturalist_424671659.png,success
Chaetodon_trifascialis_iNaturalist_424671676.jpg,Chaetodon trifascialis,images_inaturalist,hybrid_apple_dinosam,1,50640,1024,683,0.0724,../../analysis/approach_1_gmm/segmented_dinosam/Chaetodon_trifascialis/Chaetodon_trifascialis_iNaturalist_424671676.png,success
Chaetodon_trifascialis_iNaturalist_424671689.jpg,Chaetodon trifascialis,images_inaturalist,hybrid_apple_dinosam,1,30439,1024,683,0.0435,../../analysis/approach_1_gmm/segmented_dinosam/Chaetodon_trifascialis/Chaetodon_trifascialis_iNaturalist_424671689.png,success
Chaetodon_trifascialis_iNaturalist_424671703.jpg,Chaetodon trifascialis,images_inaturalist,hybrid_apple_dinosam,1,70620,1024,768,0.0898,../../analysis/approach_1_gmm/segmented_dinosam/Chaetodon_trifascialis/Chaetodon_trifascialis_iNaturalist_424671703.png,success
Chaetodon_trifasciatus_iNaturalist_173829537.jpg,Chaetodon trifasciatus,images_inaturalist,hybrid_apple_dinosam,1,30061,1024,768,0.0382,../../analysis/approach_1_gmm/segmented_dinosam/Chaetodon_trifasciatus/Chaetodon_trifasciatus_iNaturalist_173829537.png,success
Chaetodon_trifasciatus_iNaturalist_173829547.jpg,Chaetodon trifasciatus,images_inaturalist,hybrid_apple_dinosam,2,24654,768,1024,0.0313,../../analysis/approach_1_gmm/segmented_dinosam/Chaetodon_trifasciatus/Chaetodon_trifasciatus_iNaturalist_173829547.png,success
Chaetodon_trifasciatus_iNaturalist_173829556.jpg,Chaetodon trifasciatus,images_inaturalist,hybrid_apple_dinosam,1,43063,768,1024,0.0548,../../analysis/approach_1_gmm/segmented_dinosam/Chaetodon_trifasciatus/Chaetodon_trifasciatus_iNaturalist_173829556.png,success
Chaetodon_trifasciatus_iNaturalist_326127996.jpg,Chaetodon trifasciatus,images_inaturalist,hybrid_apple_dinosam,1,23406,559,1024,0.0409,../../analysis/approach_1_gmm/segmented_dinosam/Chaetodon_trifasciatus/Chaetodon_trifasciatus_iNaturalist_326127996.png,success
Chaetodon_trifasciatus_iNaturalist_332090965.jpg,Chaetodon trifasciatus,images_inaturalist,hybrid_apple_dinosam,2,17765,1024,683,0.0254,../../analysis/approach_1_gmm/segmented_dinosam/Chaetodon_trifasciatus/Chaetodon_trifasciatus_iNaturalist_332090965.png,success
Chaetodon_trifasciatus_iNaturalist_434604443.jpg,Chaetodon trifasciatus,images_inaturalist,hybrid_apple_dinosam,2,32923,1024,768,0.0419,../../analysis/approach_1_gmm/segmented_dinosam/Chaetodon_trifasciatus/Chaetodon_trifasciatus_iNaturalist_434604443.png,success
Chaetodon_trifasciatus_iNaturalist_434604519.jpg,Chaetodon trifasciatus,images_inaturalist,hybrid_apple_dinosam,2,18807,1024,768,0.0239,../../analysis/approach_1_gmm/segmented_dinosam/Chaetodon_trifasciatus/Chaetodon_trifasciatus_iNaturalist_434604519.png,success
Chaetodon_trifasciatus_iNaturalist_454497011.jpg,Chaetodon trifasciatus,images_inaturalist,hybrid_apple_dinosam,1,16080,1024,768,0.0204,../../analysis/approach_1_gmm/segmented_dinosam/Chaetodon_trifasciatus/Chaetodon_trifasciatus_iNaturalist_454497011.png,success
Chaetodon_ulietensis_iNaturalist_1400797.jpg,Chaetodon ulietensis,images_inaturalist,hybrid_apple_dinosam,3,4935,401,369,0.0334,../../analysis/approach_1_gmm/segmented_dinosam/Chaetodon_ulietensis/Chaetodon_ulietensis_iNaturalist_1400797.png,success
Chaetodon_ulietensis_iNaturalist_222874834.jpg,Chaetodon ulietensis,images_inaturalist,hybrid_apple_dinosam,4,51133,1024,576,0.0867,../../analysis/approach_1_gmm/segmented_dinosam/Chaetodon_ulietensis/Chaetodon_ulietensis_iNaturalist_222874834.png,success
Chaetodon_ulietensis_iNaturalist_326590225.jpg,Chaetodon ulietensis,images_inaturalist,hybrid_apple_dinosam,30,32238,1024,576,0.0547,../../analysis/approach_1_gmm/segmented_dinosam/Chaetodon_ulietensis/Chaetodon_ulietensis_iNaturalist_326590225.png,success
Chaetodon_ulietensis_iNaturalist_453439299.jpg,Chaetodon ulietensis,images_inaturalist,hybrid_apple_dinosam,1,0,1024,576,0.0,../../analysis/approach_1_gmm/segmented_dinosam/Chaetodon_ulietensis/Chaetodon_ulietensis_iNaturalist_453439299.png,success
Chaetodon_ulietensis_iNaturalist_453440787.jpg,Chaetodon ulietensis,images_inaturalist,hybrid_apple_dinosam,2,0,1024,576,0.0,../../analysis/approach_1_gmm/segmented_dinosam/Chaetodon_ulietensis/Chaetodon_ulietensis_iNaturalist_453440787.png,success
Chaetodon_ulietensis_iNaturalist_453444823.jpg,Chaetodon ulietensis,images_inaturalist,dinosam,2,343392,1024,571,0.5873,../../analysis/approach_1_gmm/segmented_dinosam/Chaetodon_ulietensis/Chaetodon_ulietensis_iNaturalist_453444823.png,success
Chaetodon_unimaculatus_iNaturalist_179915614.jpg,Chaetodon unimaculatus,images_inaturalist,hybrid_apple_dinosam,3,0,819,1024,0.0,../../analysis/approach_1_gmm/segmented_dinosam/Chaetodon_unimaculatus/Chaetodon_unimaculatus_iNaturalist_179915614.png,success
Chaetodon_unimaculatus_iNaturalist_553392414.jpg,Chaetodon unimaculatus,images_inaturalist,hybrid_apple_dinosam,1,13731,516,688,0.0387,../../analysis/approach_1_gmm/segmented_dinosam/Chaetodon_unimaculatus/Chaetodon_unimaculatus_iNaturalist_553392414.png,success
Chaetodon_unimaculatus_iNaturalist_553392498.jpg,Chaetodon unimaculatus,images_inaturalist,dinosam,36,343123,768,1024,0.4363,../../analysis/approach_1_gmm/segmented_dinosam/Chaetodon_unimaculatus/Chaetodon_unimaculatus_iNaturalist_553392498.png,success
Chaetodon_unimaculatus_iNaturalist_602202893.jpg,Chaetodon unimaculatus,images_inaturalist,hybrid_apple_dinosam,1,0,1024,906,0.0,../../analysis/approach_1_gmm/segmented_dinosam/Chaetodon_unimaculatus/Chaetodon_unimaculatus_iNaturalist_602202893.png,success
Chaetodon_unimaculatus_iNaturalist_91073839.jpg,Chaetodon unimaculatus,images_inaturalist,hybrid_apple_dinosam,1,0,864,576,0.0,../../analysis/approach_1_gmm/segmented_dinosam/Chaetodon_unimaculatus/Chaetodon_unimaculatus_iNaturalist_91073839.png,success
Chaetodon_vagabundus_iNaturalist_236696832.jpg,Chaetodon vagabundus,images_inaturalist,hybrid_apple_dinosam,1,0,924,970,0.0,../../analysis/approach_1_gmm/segmented_dinosam/Chaetodon_vagabundus/Chaetodon_vagabundus_iNaturalist_236696832.png,success
Chaetodon_vagabundus_iNaturalist_236697047.jpg,Chaetodon vagabundus,images_inaturalist,hybrid_apple_dinosam,1,0,314,279,0.0,../../analysis/approach_1_gmm/segmented_dinosam/Chaetodon_vagabundus/Chaetodon_vagabundus_iNaturalist_236697047.png,success
Chaetodon_vagabundus_iNaturalist_236697461.jpg,Chaetodon vagabundus,images_inaturalist,hybrid_apple_dinosam,1,14571,1005,1024,0.0142,../../analysis/approach_1_gmm/segmented_dinosam/Chaetodon_vagabundus/Chaetodon_vagabundus_iNaturalist_236697461.png,success
Chaetodon_vagabundus_iNaturalist_259101164.jpg,Chaetodon vagabundus,images_inaturalist,hybrid_apple_dinosam,1,0,1024,576,0.0,../../analysis/approach_1_gmm/segmented_dinosam/Chaetodon_vagabundus/Chaetodon_vagabundus_iNaturalist_259101164.png,success
Chaetodon_wiebeli_iNaturalist_416917368.jpg,Chaetodon wiebeli,images_inaturalist,hybrid_apple_dinosam,3,28172,1024,683,0.0403,../../analysis/approach_1_gmm/segmented_dinosam/Chaetodon_wiebeli/Chaetodon_wiebeli_iNaturalist_416917368.png,success
Chaetodon_wiebeli_iNaturalist_416922213.jpg,Chaetodon wiebeli,images_inaturalist,hybrid_apple_dinosam,1,36223,1024,683,0.0518,../../analysis/approach_1_gmm/segmented_dinosam/Chaetodon_wiebeli/Chaetodon_wiebeli_iNaturalist_416922213.png,success
Chaetodon_wiebeli_iNaturalist_433350324.jpg,Chaetodon wiebeli,images_inaturalist,hybrid_apple_dinosam,1,1990,297,287,0.0233,../../analysis/approach_1_gmm/segmented_dinosam/Chaetodon_wiebeli/Chaetodon_wiebeli_iNaturalist_433350324.png,success
Chaetodon_wiebeli_iNaturalist_433350349.jpg,Chaetodon wiebeli,images_inaturalist,hybrid_apple_dinosam,1,0,293,291,0.0,../../analysis/approach_1_gmm/segmented_dinosam/Chaetodon_wiebeli/Chaetodon_wiebeli_iNaturalist_433350349.png,success
Chaetodon_wiebeli_iNaturalist_433350357.jpg,Chaetodon wiebeli,images_inaturalist,hybrid_apple_dinosam,1,0,300,303,0.0,../../analysis/approach_1_gmm/segmented_dinosam/Chaetodon_wiebeli/Chaetodon_wiebeli_iNaturalist_433350357.png,success
Chaetodon_xanthocephalus_iNaturalist_458538304.jpg,Chaetodon xanthocephalus,images_inaturalist,hybrid_apple_dinosam,3,740,1024,682,0.0011,../../analysis/approach_1_gmm/segmented_dinosam/Chaetodon_xanthocephalus/Chaetodon_xanthocephalus_iNaturalist_458538304.png,success
Chaetodon_xanthocephalus_iNaturalist_485213070.jpg,Chaetodon xanthocephalus,images_inaturalist,hybrid_apple_dinosam,1,23834,1024,578,0.0403,../../analysis/approach_1_gmm/segmented_dinosam/Chaetodon_xanthocephalus/Chaetodon_xanthocephalus_iNaturalist_485213070.png,success
Chaetodon_xanthocephalus_iNaturalist_590458116.jpg,Chaetodon xanthocephalus,images_inaturalist,hybrid_apple_dinosam,1,34196,833,623,0.0659,../../analysis/approach_1_gmm/segmented_dinosam/Chaetodon_xanthocephalus/Chaetodon_xanthocephalus_iNaturalist_590458116.png,success
Chaetodon_xanthocephalus_iNaturalist_593967746.jpg,Chaetodon xanthocephalus,images_inaturalist,hybrid_apple_dinosam,2,811,1024,768,0.001,../../analysis/approach_1_gmm/segmented_dinosam/Chaetodon_xanthocephalus/Chaetodon_xanthocephalus_iNaturalist_593967746.png,success
Chaetodon_xanthurus_iNaturalist_227051829.jpg,Chaetodon xanthurus,images_inaturalist,dinosam,2,415618,1024,768,0.5285,../../analysis/approach_1_gmm/segmented_dinosam/Chaetodon_xanthurus/Chaetodon_xanthurus_iNaturalist_227051829.png,success
Chaetodon_zanzibarensis_iNaturalist_426318179.jpg,Chaetodon zanzibarensis,images_inaturalist,hybrid_apple_dinosam,1,0,748,672,0.0,../../analysis/approach_1_gmm/segmented_dinosam/Chaetodon_zanzibarensis/Chaetodon_zanzibarensis_iNaturalist_426318179.png,success
Chaetodon_zanzibarensis_iNaturalist_459832994.jpg,Chaetodon zanzibarensis,images_inaturalist,hybrid_apple_dinosam,1,14105,1024,576,0.0239,../../analysis/approach_1_gmm/segmented_dinosam/Chaetodon_zanzibarensis/Chaetodon_zanzibarensis_iNaturalist_459832994.png,success
Chaetodon_zanzibarensis_iNaturalist_459833013.jpg,Chaetodon zanzibarensis,images_inaturalist,hybrid_apple_dinosam,1,11478,1024,576,0.0195,../../analysis/approach_1_gmm/segmented_dinosam/Chaetodon_zanzibarensis/Chaetodon_zanzibarensis_iNaturalist_459833013.png,success
Chaetodon_zanzibarensis_iNaturalist_459837615.jpg,Chaetodon zanzibarensis,images_inaturalist,hybrid_apple_dinosam,2,18455,1024,576,0.0313,../../analysis/approach_1_gmm/segmented_dinosam/Chaetodon_zanzibarensis/Chaetodon_zanzibarensis_iNaturalist_459837615.png,success
Chelmon_marginalis_iNaturalist_220605305.jpg,Chelmon marginalis,images_inaturalist,hybrid_apple_dinosam,1,10839,1024,960,0.011,../../analysis/approach_1_gmm/segmented_dinosam/Chelmon_marginalis/Chelmon_marginalis_iNaturalist_220605305.png,success
Chelmon_marginalis_iNaturalist_220605314.jpg,Chelmon marginalis,images_inaturalist,hybrid_apple_dinosam,1,17746,1024,934,0.0186,../../analysis/approach_1_gmm/segmented_dinosam/Chelmon_marginalis/Chelmon_marginalis_iNaturalist_220605314.png,success
Chelmon_marginalis_iNaturalist_271338157.jpg,Chelmon marginalis,images_inaturalist,hybrid_apple_dinosam,1,32601,1024,768,0.0415,../../analysis/approach_1_gmm/segmented_dinosam/Chelmon_marginalis/Chelmon_marginalis_iNaturalist_271338157.png,success
Chelmon_muelleri_iNaturalist_143981394.jpg,Chelmon muelleri,images_inaturalist,dinosam,18,326110,1024,576,0.5529,../../analysis/approach_1_gmm/segmented_dinosam/Chelmon_muelleri/Chelmon_muelleri_iNaturalist_143981394.png,success
Chelmon_muelleri_iNaturalist_178180829.jpg,Chelmon muelleri,images_inaturalist,dinosam,4,445900,836,670,0.7961,../../analysis/approach_1_gmm/segmented_dinosam/Chelmon_muelleri/Chelmon_muelleri_iNaturalist_178180829.png,success
Chelmon_muelleri_iNaturalist_202629383.jpg,Chelmon muelleri,images_inaturalist,hybrid_apple_dinosam,2,0,1024,946,0.0,../../analysis/approach_1_gmm/segmented_dinosam/Chelmon_muelleri/Chelmon_muelleri_iNaturalist_202629383.png,success
Chelmon_muelleri_iNaturalist_241886728.jpg,Chelmon muelleri,images_inaturalist,hybrid_apple_dinosam,1,61970,1024,819,0.0739,../../analysis/approach_1_gmm/segmented_dinosam/Chelmon_muelleri/Chelmon_muelleri_iNaturalist_241886728.png,success
Chelmon_muelleri_iNaturalist_96908510.jpg,Chelmon muelleri,images_inaturalist,hybrid_apple_dinosam,1,60223,1000,750,0.0803,../../analysis/approach_1_gmm/segmented_dinosam/Chelmon_muelleri/Chelmon_muelleri_iNaturalist_96908510.png,success
Chelmon_muelleri_iNaturalist_96908513.jpg,Chelmon muelleri,images_inaturalist,hybrid_apple_dinosam,1,46164,1000,750,0.0616,../../analysis/approach_1_gmm/segmented_dinosam/Chelmon_muelleri/Chelmon_muelleri_iNaturalist_96908513.png,success
Chelmon_rostratus_iNaturalist_10597368.jpg,Chelmon rostratus,images_inaturalist,hybrid_apple_dinosam,2,16560,1024,768,0.0211,../../analysis/approach_1_gmm/segmented_dinosam/Chelmon_rostratus/Chelmon_rostratus_iNaturalist_10597368.png,success
Chelmon_rostratus_iNaturalist_422514686.jpg,Chelmon rostratus,images_inaturalist,dinosam,5,352700,1024,576,0.598,../../analysis/approach_1_gmm/segmented_dinosam/Chelmon_rostratus/Chelmon_rostratus_iNaturalist_422514686.png,success
Chelmon_rostratus_iNaturalist_605809779.jpg,Chelmon rostratus,images_inaturalist,hybrid_apple_dinosam,1,24964,797,1024,0.0306,../../analysis/approach_1_gmm/segmented_dinosam/Chelmon_rostratus/Chelmon_rostratus_iNaturalist_605809779.png,success
Chelmonops_curiosus_iNaturalist_17452463.jpg,Chelmonops curiosus,images_inaturalist,hybrid_apple_dinosam,1,13533,686,1024,0.0193,../../analysis/approach_1_gmm/segmented_dinosam/Chelmonops_curiosus/Chelmonops_curiosus_iNaturalist_17452463.png,success
Chelmonops_curiosus_iNaturalist_199284350.jpg,Chelmonops curiosus,images_inaturalist,hybrid_apple_dinosam,1,188446,1024,675,0.2726,../../analysis/approach_1_gmm/segmented_dinosam/Chelmonops_curiosus/Chelmonops_curiosus_iNaturalist_199284350.png,success
Chelmonops_curiosus_iNaturalist_255611113.jpg,Chelmonops curiosus,images_inaturalist,dinosam,4,327745,789,1024,0.4057,../../analysis/approach_1_gmm/segmented_dinosam/Chelmonops_curiosus/Chelmonops_curiosus_iNaturalist_255611113.png,success
Chelmonops_curiosus_iNaturalist_29627923.jpg,Chelmonops curiosus,images_inaturalist,hybrid_apple_dinosam,1,18443,576,1024,0.0313,../../analysis/approach_1_gmm/segmented_dinosam/Chelmonops_curiosus/Chelmonops_curiosus_iNaturalist_29627923.png,success
Chelmonops_curiosus_iNaturalist_29627943.jpg,Chelmonops curiosus,images_inaturalist,hybrid_apple_dinosam,1,11860,658,1024,0.0176,../../analysis/approach_1_gmm/segmented_dinosam/Chelmonops_curiosus/Chelmonops_curiosus_iNaturalist_29627943.png,success
Chelmonops_curiosus_iNaturalist_342373914.jpg,Chelmonops curiosus,images_inaturalist,hybrid_apple_dinosam,3,12816,683,1024,0.0183,../../analysis/approach_1_gmm/segmented_dinosam/Chelmonops_curiosus/Chelmonops_curiosus_iNaturalist_342373914.png,success
Chelmonops_truncatus_iNaturalist_20710357.jpg,Chelmonops truncatus,images_inaturalist,hybrid_apple_dinosam,1,0,867,1024,0.0,../../analysis/approach_1_gmm/segmented_dinosam/Chelmonops_truncatus/Chelmonops_truncatus_iNaturalist_20710357.png,success
Chelmonops_truncatus_iNaturalist_42619218.jpg,Chelmonops truncatus,images_inaturalist,hybrid_apple_dinosam,1,29655,1024,768,0.0377,../../analysis/approach_1_gmm/segmented_dinosam/Chelmonops_truncatus/Chelmonops_truncatus_iNaturalist_42619218.png,success
Coradion_altivelis_iNaturalist_154303836.jpg,Coradion altivelis,images_inaturalist,hybrid_apple_dinosam,1,22857,1024,684,0.0326,../../analysis/approach_1_gmm/segmented_dinosam/Coradion_altivelis/Coradion_altivelis_iNaturalist_154303836.png,success
Coradion_altivelis_iNaturalist_154303839.jpg,Coradion altivelis,images_inaturalist,hybrid_apple_dinosam,1,15001,1024,684,0.0214,../../analysis/approach_1_gmm/segmented_dinosam/Coradion_altivelis/Coradion_altivelis_iNaturalist_154303839.png,success
Coradion_altivelis_iNaturalist_273099920.jpg,Coradion altivelis,images_inaturalist,hybrid_apple_dinosam,1,21216,1024,576,0.036,../../analysis/approach_1_gmm/segmented_dinosam/Coradion_altivelis/Coradion_altivelis_iNaturalist_273099920.png,success
Coradion_altivelis_iNaturalist_283987512.jpg,Coradion altivelis,images_inaturalist,hybrid_apple_dinosam,2,154,1024,683,0.0002,../../analysis/approach_1_gmm/segmented_dinosam/Coradion_altivelis/Coradion_altivelis_iNaturalist_283987512.png,success
Coradion_altivelis_iNaturalist_319434619.jpg,Coradion altivelis,images_inaturalist,hybrid_apple_dinosam,1,0,1024,768,0.0,../../analysis/approach_1_gmm/segmented_dinosam/Coradion_altivelis/Coradion_altivelis_iNaturalist_319434619.png,success
Coradion_altivelis_iNaturalist_43170142.jpg,Coradion altivelis,images_inaturalist,hybrid_apple_dinosam,1,21702,1024,767,0.0276,../../analysis/approach_1_gmm/segmented_dinosam/Coradion_altivelis/Coradion_altivelis_iNaturalist_43170142.png,success
Coradion_altivelis_iNaturalist_585934103.jpg,Coradion altivelis,images_inaturalist,hybrid_apple_dinosam,2,81448,1024,768,0.1036,../../analysis/approach_1_gmm/segmented_dinosam/Coradion_altivelis/Coradion_altivelis_iNaturalist_585934103.png,success
Coradion_chrysozonus_iNaturalist_368388152.jpg,Coradion chrysozonus,images_inaturalist,hybrid_apple_dinosam,1,24906,1000,750,0.0332,../../analysis/approach_1_gmm/segmented_dinosam/Coradion_chrysozonus/Coradion_chrysozonus_iNaturalist_368388152.png,success
Coradion_chrysozonus_iNaturalist_428621525.jpg,Coradion chrysozonus,images_inaturalist,hybrid_apple_dinosam,1,59135,1006,1024,0.0574,../../analysis/approach_1_gmm/segmented_dinosam/Coradion_chrysozonus/Coradion_chrysozonus_iNaturalist_428621525.png,success
Coradion_melanopus_iNaturalist_471470053.jpg,Coradion melanopus,images_inaturalist,dinosam,8,436943,1024,768,0.5556,../../analysis/approach_1_gmm/segmented_dinosam/Coradion_melanopus/Coradion_melanopus_iNaturalist_471470053.png,success
Coradion_melanopus_iNaturalist_591247918.jpg,Coradion melanopus,images_inaturalist,hybrid_apple_dinosam,1,52149,1024,768,0.0663,../../analysis/approach_1_gmm/segmented_dinosam/Coradion_melanopus/Coradion_melanopus_iNaturalist_591247918.png,success
Coradion_melanopus_iNaturalist_80459445.jpg,Coradion melanopus,images_inaturalist,hybrid_apple_dinosam,3,379581,1024,768,0.4827,../../analysis/approach_1_gmm/segmented_dinosam/Coradion_melanopus/Coradion_melanopus_iNaturalist_80459445.png,success
Forcipiger_flavissimus_iNaturalist_237549065.jpg,Forcipiger flavissimus,images_inaturalist,hybrid_apple_dinosam,2,35153,711,709,0.0697,../../analysis/approach_1_gmm/segmented_dinosam/Forcipiger_flavissimus/Forcipiger_flavissimus_iNaturalist_237549065.png,success
Forcipiger_longirostris_iNaturalist_474224006.jpg,Forcipiger longirostris,images_inaturalist,hybrid_apple_dinosam,1,0,1024,768,0.0,../../analysis/approach_1_gmm/segmented_dinosam/Forcipiger_longirostris/Forcipiger_longirostris_iNaturalist_474224006.png,success
Forcipiger_longirostris_iNaturalist_474224219.jpg,Forcipiger longirostris,images_inaturalist,hybrid_apple_dinosam,1,21951,1024,864,0.0248,../../analysis/approach_1_gmm/segmented_dinosam/Forcipiger_longirostris/Forcipiger_longirostris_iNaturalist_474224219.png,success
Forcipiger_longirostris_iNaturalist_474224273.jpg,Forcipiger longirostris,images_inaturalist,hybrid_apple_dinosam,1,8202,1024,768,0.0104,../../analysis/approach_1_gmm/segmented_dinosam/Forcipiger_longirostris/Forcipiger_longirostris_iNaturalist_474224273.png,success
Forcipiger_longirostris_iNaturalist_527171759.jpg,Forcipiger longirostris,images_inaturalist,hybrid_apple_dinosam,1,29718,1024,768,0.0378,../../analysis/approach_1_gmm/segmented_dinosam/Forcipiger_longirostris/Forcipiger_longirostris_iNaturalist_527171759.png,success
Forcipiger_longirostris_iNaturalist_72235.jpg,Forcipiger longirostris,images_inaturalist,dinosam,3,115634,512,384,0.5881,../../analysis/approach_1_gmm/segmented_dinosam/Forcipiger_longirostris/Forcipiger_longirostris_iNaturalist_72235.png,success
Forcipiger_wanai_iNaturalist_458153810.jpg,Forcipiger wanai,images_inaturalist,hybrid_apple_dinosam,1,0,1024,788,0.0,../../analysis/approach_1_gmm/segmented_dinosam/Forcipiger_wanai/Forcipiger_wanai_iNaturalist_458153810.png,success
Hemitaurichthys_polylepis_iNaturalist_179467594.jpg,Hemitaurichthys polylepis,images_inaturalist,hybrid_apple_dinosam,1,0,1024,682,0.0,../../analysis/approach_1_gmm/segmented_dinosam/Hemitaurichthys_polylepis/Hemitaurichthys_polylepis_iNaturalist_179467594.png,success
Hemitaurichthys_polylepis_iNaturalist_187785592.jpg,Hemitaurichthys polylepis,images_inaturalist,dinosam,67,443863,1024,683,0.6346,../../analysis/approach_1_gmm/segmented_dinosam/Hemitaurichthys_polylepis/Hemitaurichthys_polylepis_iNaturalist_187785592.png,success
Hemitaurichthys_polylepis_iNaturalist_327765402.jpg,Hemitaurichthys polylepis,images_inaturalist,dinosam,51,386321,1024,768,0.4912,../../analysis/approach_1_gmm/segmented_dinosam/Hemitaurichthys_polylepis/Hemitaurichthys_polylepis_iNaturalist_327765402.png,success
Hemitaurichthys_polylepis_iNaturalist_377517077.jpg,Hemitaurichthys polylepis,images_inaturalist,dinosam,21,522177,1024,768,0.664,../../analysis/approach_1_gmm/segmented_dinosam/Hemitaurichthys_polylepis/Hemitaurichthys_polylepis_iNaturalist_377517077.png,success
Hemitaurichthys_polylepis_iNaturalist_409603684.jpg,Hemitaurichthys polylepis,images_inaturalist,hybrid_apple_dinosam,2,69344,1024,680,0.0996,../../analysis/approach_1_gmm/segmented_dinosam/Hemitaurichthys_polylepis/Hemitaurichthys_polylepis_iNaturalist_409603684.png,success
Hemitaurichthys_thompsoni_iNaturalist_535843126.jpg,Hemitaurichthys thompsoni,images_inaturalist,hybrid_apple_dinosam,1,8058,1024,578,0.0136,../../analysis/approach_1_gmm/segmented_dinosam/Hemitaurichthys_thompsoni/Hemitaurichthys_thompsoni_iNaturalist_535843126.png,success
Hemitaurichthys_thompsoni_iNaturalist_596365479.jpg,Hemitaurichthys thompsoni,images_inaturalist,dinosam,3,360018,1024,576,0.6104,../../analysis/approach_1_gmm/segmented_dinosam/Hemitaurichthys_thompsoni/Hemitaurichthys_thompsoni_iNaturalist_596365479.png,success
Hemitaurichthys_thompsoni_iNaturalist_596365493.jpg,Hemitaurichthys thompsoni,images_inaturalist,dinosam,5,214940,1024,576,0.3644,../../analysis/approach_1_gmm/segmented_dinosam/Hemitaurichthys_thompsoni/Hemitaurichthys_thompsoni_iNaturalist_596365493.png,success
Hemitaurichthys_thompsoni_iNaturalist_596365502.jpg,Hemitaurichthys thompsoni,images_inaturalist,dinosam,2,271368,1024,576,0.4601,../../analysis/approach_1_gmm/segmented_dinosam/Hemitaurichthys_thompsoni/Hemitaurichthys_thompsoni_iNaturalist_596365502.png,success
Hemitaurichthys_thompsoni_iNaturalist_601149930.jpg,Hemitaurichthys thompsoni,images_inaturalist,hybrid_apple_dinosam,2,14876,1024,1024,0.0142,../../analysis/approach_1_gmm/segmented_dinosam/Hemitaurichthys_thompsoni/Hemitaurichthys_thompsoni_iNaturalist_601149930.png,success
Hemitaurichthys_thompsoni_iNaturalist_601149963.jpg,Hemitaurichthys thompsoni,images_inaturalist,hybrid_apple_dinosam,2,0,1024,1024,0.0,../../analysis/approach_1_gmm/segmented_dinosam/Hemitaurichthys_thompsoni/Hemitaurichthys_thompsoni_iNaturalist_601149963.png,success
Hemitaurichthys_thompsoni_iNaturalist_610388709.jpg,Hemitaurichthys thompsoni,images_inaturalist,hybrid_apple_dinosam,1,8549,1024,768,0.0109,../../analysis/approach_1_gmm/segmented_dinosam/Hemitaurichthys_thompsoni/Hemitaurichthys_thompsoni_iNaturalist_610388709.png,success
Hemitaurichthys_zoster_iNaturalist_567879903.jpg,Hemitaurichthys zoster,images_inaturalist,hybrid_apple_dinosam,1,10952,1024,576,0.0186,../../analysis/approach_1_gmm/segmented_dinosam/Hemitaurichthys_zoster/Hemitaurichthys_zoster_iNaturalist_567879903.png,success
Hemitaurichthys_zoster_iNaturalist_568089875.jpg,Hemitaurichthys zoster,images_inaturalist,dinosam,49,213950,1024,576,0.3627,../../analysis/approach_1_gmm/segmented_dinosam/Hemitaurichthys_zoster/Hemitaurichthys_zoster_iNaturalist_568089875.png,success
Hemitaurichthys_zoster_iNaturalist_601708912.jpg,Hemitaurichthys zoster,images_inaturalist,dinosam,74,274024,472,1024,0.567,../../analysis/approach_1_gmm/segmented_dinosam/Hemitaurichthys_zoster/Hemitaurichthys_zoster_iNaturalist_601708912.png,success
Hemitaurichthys_zoster_iNaturalist_602452085.jpg,Hemitaurichthys zoster,images_inaturalist,hybrid_apple_dinosam,1,0,1024,682,0.0,../../analysis/approach_1_gmm/segmented_dinosam/Hemitaurichthys_zoster/Hemitaurichthys_zoster_iNaturalist_602452085.png,success
Hemitaurichthys_zoster_iNaturalist_602702709.jpg,Hemitaurichthys zoster,images_inaturalist,dinosam,14,765146,1024,768,0.9729,../../analysis/approach_1_gmm/segmented_dinosam/Hemitaurichthys_zoster/Hemitaurichthys_zoster_iNaturalist_602702709.png,success
Hemitaurichthys_zoster_iNaturalist_602702894.jpg,Hemitaurichthys zoster,images_inaturalist,dinosam,20,241714,1024,768,0.3074,../../analysis/approach_1_gmm/segmented_dinosam/Hemitaurichthys_zoster/Hemitaurichthys_zoster_iNaturalist_602702894.png,success
Heniochus_acuminatus_iNaturalist_20970094.jpg,Heniochus acuminatus,images_inaturalist,hybrid_apple_dinosam,4,122,1024,584,0.0002,../../analysis/approach_1_gmm/segmented_dinosam/Heniochus_acuminatus/Heniochus_acuminatus_iNaturalist_20970094.png,success
Heniochus_acuminatus_iNaturalist_230063607.jpg,Heniochus acuminatus,images_inaturalist,hybrid_apple_dinosam,4,0,1024,768,0.0,../../analysis/approach_1_gmm/segmented_dinosam/Heniochus_acuminatus/Heniochus_acuminatus_iNaturalist_230063607.png,success
Heniochus_acuminatus_iNaturalist_251551497.jpg,Heniochus acuminatus,images_inaturalist,hybrid_apple_dinosam,1,28054,1024,802,0.0342,../../analysis/approach_1_gmm/segmented_dinosam/Heniochus_acuminatus/Heniochus_acuminatus_iNaturalist_251551497.png,success
Heniochus_acuminatus_iNaturalist_386242143.jpg,Heniochus acuminatus,images_inaturalist,hybrid_apple_dinosam,1,0,1024,683,0.0,../../analysis/approach_1_gmm/segmented_dinosam/Heniochus_acuminatus/Heniochus_acuminatus_iNaturalist_386242143.png,success
Heniochus_acuminatus_iNaturalist_598752856.jpg,Heniochus acuminatus,images_inaturalist,hybrid_apple_dinosam,3,0,708,776,0.0,../../analysis/approach_1_gmm/segmented_dinosam/Heniochus_acuminatus/Heniochus_acuminatus_iNaturalist_598752856.png,success
Heniochus_acuminatus_iNaturalist_598753383.jpg,Heniochus acuminatus,images_inaturalist,hybrid_apple_dinosam,2,0,1024,768,0.0,../../analysis/approach_1_gmm/segmented_dinosam/Heniochus_acuminatus/Heniochus_acuminatus_iNaturalist_598753383.png,success
Heniochus_acuminatus_iNaturalist_598753419.jpg,Heniochus acuminatus,images_inaturalist,hybrid_apple_dinosam,1,15108,1024,768,0.0192,../../analysis/approach_1_gmm/segmented_dinosam/Heniochus_acuminatus/Heniochus_acuminatus_iNaturalist_598753419.png,success
Heniochus_chrysostomus_iNaturalist_170510325.jpg,Heniochus chrysostomus,images_inaturalist,hybrid_apple_dinosam,3,65538,1024,768,0.0833,../../analysis/approach_1_gmm/segmented_dinosam/Heniochus_chrysostomus/Heniochus_chrysostomus_iNaturalist_170510325.png,success
Heniochus_chrysostomus_iNaturalist_237286772.jpg,Heniochus chrysostomus,images_inaturalist,hybrid_apple_dinosam,4,0,1024,792,0.0,../../analysis/approach_1_gmm/segmented_dinosam/Heniochus_chrysostomus/Heniochus_chrysostomus_iNaturalist_237286772.png,success
Heniochus_chrysostomus_iNaturalist_237286787.jpg,Heniochus chrysostomus,images_inaturalist,hybrid_apple_dinosam,1,6356,1024,711,0.0087,../../analysis/approach_1_gmm/segmented_dinosam/Heniochus_chrysostomus/Heniochus_chrysostomus_iNaturalist_237286787.png,success
Heniochus_chrysostomus_iNaturalist_237980308.jpg,Heniochus chrysostomus,images_inaturalist,hybrid_apple_dinosam,1,234313,667,1000,0.3513,../../analysis/approach_1_gmm/segmented_dinosam/Heniochus_chrysostomus/Heniochus_chrysostomus_iNaturalist_237980308.png,success
Heniochus_chrysostomus_iNaturalist_251695494.jpg,Heniochus chrysostomus,images_inaturalist,hybrid_apple_dinosam,9,0,1024,788,0.0,../../analysis/approach_1_gmm/segmented_dinosam/Heniochus_chrysostomus/Heniochus_chrysostomus_iNaturalist_251695494.png,success
Heniochus_chrysostomus_iNaturalist_9703424.jpg,Heniochus chrysostomus,images_inaturalist,hybrid_apple_dinosam,1,4589,859,1024,0.0052,../../analysis/approach_1_gmm/segmented_dinosam/Heniochus_chrysostomus/Heniochus_chrysostomus_iNaturalist_9703424.png,success
Heniochus_chrysostomus_iNaturalist_9703440.jpg,Heniochus chrysostomus,images_inaturalist,hybrid_apple_dinosam,1,5866,1024,830,0.0069,../../analysis/approach_1_gmm/segmented_dinosam/Heniochus_chrysostomus/Heniochus_chrysostomus_iNaturalist_9703440.png,success
Heniochus_chrysostomus_iNaturalist_9703441.jpg,Heniochus chrysostomus,images_inaturalist,dinosam,10,496129,1024,768,0.6309,../../analysis/approach_1_gmm/segmented_dinosam/Heniochus_chrysostomus/Heniochus_chrysostomus_iNaturalist_9703441.png,success
Heniochus_diphreutes_iNaturalist_178101152.jpg,Heniochus diphreutes,images_inaturalist,dinosam,47,588553,1024,768,0.7484,../../analysis/approach_1_gmm/segmented_dinosam/Heniochus_diphreutes/Heniochus_diphreutes_iNaturalist_178101152.png,success
Heniochus_diphreutes_iNaturalist_178101157.jpg,Heniochus diphreutes,images_inaturalist,dinosam,71,335300,1024,768,0.4264,../../analysis/approach_1_gmm/segmented_dinosam/Heniochus_diphreutes/Heniochus_diphreutes_iNaturalist_178101157.png,success
Heniochus_diphreutes_iNaturalist_178879467.jpg,Heniochus diphreutes,images_inaturalist,hybrid_apple_dinosam,2,18223,1024,683,0.0261,../../analysis/approach_1_gmm/segmented_dinosam/Heniochus_diphreutes/Heniochus_diphreutes_iNaturalist_178879467.png,success
Heniochus_diphreutes_iNaturalist_305134134.jpg,Heniochus diphreutes,images_inaturalist,hybrid_apple_dinosam,2,9693,847,1024,0.0112,../../analysis/approach_1_gmm/segmented_dinosam/Heniochus_diphreutes/Heniochus_diphreutes_iNaturalist_305134134.png,success
Heniochus_diphreutes_iNaturalist_361214183.jpg,Heniochus diphreutes,images_inaturalist,hybrid_apple_dinosam,3,137,1024,683,0.0002,../../analysis/approach_1_gmm/segmented_dinosam/Heniochus_diphreutes/Heniochus_diphreutes_iNaturalist_361214183.png,success
Heniochus_diphreutes_iNaturalist_361214220.jpg,Heniochus diphreutes,images_inaturalist,hybrid_apple_dinosam,1,30001,1024,683,0.0429,../../analysis/approach_1_gmm/segmented_dinosam/Heniochus_diphreutes/Heniochus_diphreutes_iNaturalist_361214220.png,success
Heniochus_diphreutes_iNaturalist_605814253.jpg,Heniochus diphreutes,images_inaturalist,hybrid_apple_dinosam,1,0,1024,768,0.0,../../analysis/approach_1_gmm/segmented_dinosam/Heniochus_diphreutes/Heniochus_diphreutes_iNaturalist_605814253.png,success
Heniochus_diphreutes_iNaturalist_605814272.jpg,Heniochus diphreutes,images_inaturalist,hybrid_apple_dinosam,1,14661,1024,768,0.0186,../../analysis/approach_1_gmm/segmented_dinosam/Heniochus_diphreutes/Heniochus_diphreutes_iNaturalist_605814272.png,success
Heniochus_intermedius_iNaturalist_190615451.jpg,Heniochus intermedius,images_inaturalist,hybrid_apple_dinosam,19,100032,1024,768,0.1272,../../analysis/approach_1_gmm/segmented_dinosam/Heniochus_intermedius/Heniochus_intermedius_iNaturalist_190615451.png,success
Heniochus_intermedius_iNaturalist_466154072.jpg,Heniochus intermedius,images_inaturalist,hybrid_apple_dinosam,1,11036,1024,578,0.0186,../../analysis/approach_1_gmm/segmented_dinosam/Heniochus_intermedius/Heniochus_intermedius_iNaturalist_466154072.png,success
Heniochus_intermedius_iNaturalist_468855261.jpg,Heniochus intermedius,images_inaturalist,hybrid_apple_dinosam,30,31218,1024,683,0.0446,../../analysis/approach_1_gmm/segmented_dinosam/Heniochus_intermedius/Heniochus_intermedius_iNaturalist_468855261.png,success
Heniochus_intermedius_iNaturalist_582254294.jpg,Heniochus intermedius,images_inaturalist,hybrid_apple_dinosam,2,36153,1024,683,0.0517,../../analysis/approach_1_gmm/segmented_dinosam/Heniochus_intermedius/Heniochus_intermedius_iNaturalist_582254294.png,success
Heniochus_intermedius_iNaturalist_591524712.jpg,Heniochus intermedius,images_inaturalist,hybrid_apple_dinosam,2,37941,1024,768,0.0482,../../analysis/approach_1_gmm/segmented_dinosam/Heniochus_intermedius/Heniochus_intermedius_iNaturalist_591524712.png,success
Heniochus_monoceros_iNaturalist_580445463.jpg,Heniochus monoceros,images_inaturalist,dinosam,30,697769,1024,768,0.8873,../../analysis/approach_1_gmm/segmented_dinosam/Heniochus_monoceros/Heniochus_monoceros_iNaturalist_580445463.png,success
Heniochus_monoceros_iNaturalist_580445465.jpg,Heniochus monoceros,images_inaturalist,dinosam,37,512308,1024,768,0.6514,../../analysis/approach_1_gmm/segmented_dinosam/Heniochus_monoceros/Heniochus_monoceros_iNaturalist_580445465.png,success
Heniochus_monoceros_iNaturalist_580445466.jpg,Heniochus monoceros,images_inaturalist,dinosam,40,528793,1024,768,0.6724,../../analysis/approach_1_gmm/segmented_dinosam/Heniochus_monoceros/Heniochus_monoceros_iNaturalist_580445466.png,success
Heniochus_monoceros_iNaturalist_580445490.jpg,Heniochus monoceros,images_inaturalist,dinosam,17,679056,1024,768,0.8635,../../analysis/approach_1_gmm/segmented_dinosam/Heniochus_monoceros/Heniochus_monoceros_iNaturalist_580445490.png,success
Heniochus_monoceros_iNaturalist_592878636.jpg,Heniochus monoceros,images_inaturalist,hybrid_apple_dinosam,1,107,1024,576,0.0002,../../analysis/approach_1_gmm/segmented_dinosam/Heniochus_monoceros/Heniochus_monoceros_iNaturalist_592878636.png,success
Heniochus_pleurotaenia_iNaturalist_197005693.jpg,Heniochus pleurotaenia,images_inaturalist,hybrid_apple_dinosam,5,50078,1024,768,0.0637,../../analysis/approach_1_gmm/segmented_dinosam/Heniochus_pleurotaenia/Heniochus_pleurotaenia_iNaturalist_197005693.png,success
Heniochus_pleurotaenia_iNaturalist_474493863.jpg,Heniochus pleurotaenia,images_inaturalist,hybrid_apple_dinosam,1,7639,1024,679,0.011,../../analysis/approach_1_gmm/segmented_dinosam/Heniochus_pleurotaenia/Heniochus_pleurotaenia_iNaturalist_474493863.png,success
Heniochus_pleurotaenia_iNaturalist_474493865.jpg,Heniochus pleurotaenia,images_inaturalist,dinosam,22,564910,1024,683,0.8077,../../analysis/approach_1_gmm/segmented_dinosam/Heniochus_pleurotaenia/Heniochus_pleurotaenia_iNaturalist_474493865.png,success
Heniochus_pleurotaenia_iNaturalist_474493868.jpg,Heniochus pleurotaenia,images_inaturalist,hybrid_apple_dinosam,2,994,1024,675,0.0014,../../analysis/approach_1_gmm/segmented_dinosam/Heniochus_pleurotaenia/Heniochus_pleurotaenia_iNaturalist_474493868.png,success
Heniochus_pleurotaenia_iNaturalist_474493869.jpg,Heniochus pleurotaenia,images_inaturalist,hybrid_apple_dinosam,1,18228,1024,683,0.0261,../../analysis/approach_1_gmm/segmented_dinosam/Heniochus_pleurotaenia/Heniochus_pleurotaenia_iNaturalist_474493869.png,success
Heniochus_pleurotaenia_iNaturalist_593339856.jpg,Heniochus pleurotaenia,images_inaturalist,hybrid_apple_dinosam,1,20563,1024,768,0.0261,../../analysis/approach_1_gmm/segmented_dinosam/Heniochus_pleurotaenia/Heniochus_pleurotaenia_iNaturalist_593339856.png,success
Heniochus_pleurotaenia_iNaturalist_66920433.jpg,Heniochus pleurotaenia,images_inaturalist,hybrid_apple_dinosam,3,272,1024,655,0.0004,../../analysis/approach_1_gmm/segmented_dinosam/Heniochus_pleurotaenia/Heniochus_pleurotaenia_iNaturalist_66920433.png,success
Heniochus_singularius_iNaturalist_340601370.jpg,Heniochus singularius,images_inaturalist,hybrid_apple_dinosam,1,6116,1024,896,0.0067,../../analysis/approach_1_gmm/segmented_dinosam/Heniochus_singularius/Heniochus_singularius_iNaturalist_340601370.png,success
Heniochus_singularius_iNaturalist_478493447.jpg,Heniochus singularius,images_inaturalist,hybrid_apple_dinosam,1,89,1024,768,0.0001,../../analysis/approach_1_gmm/segmented_dinosam/Heniochus_singularius/Heniochus_singularius_iNaturalist_478493447.png,success
Heniochus_singularius_iNaturalist_479558505.jpg,Heniochus singularius,images_inaturalist,hybrid_apple_dinosam,1,28462,1024,682,0.0408,../../analysis/approach_1_gmm/segmented_dinosam/Heniochus_singularius/Heniochus_singularius_iNaturalist_479558505.png,success
Heniochus_singularius_iNaturalist_483418197.jpg,Heniochus singularius,images_inaturalist,dinosam,8,288838,1024,683,0.413,../../analysis/approach_1_gmm/segmented_dinosam/Heniochus_singularius/Heniochus_singularius_iNaturalist_483418197.png,success
Heniochus_singularius_iNaturalist_483418203.jpg,Heniochus singularius,images_inaturalist,hybrid_apple_dinosam,1,4967,1024,683,0.0071,../../analysis/approach_1_gmm/segmented_dinosam/Heniochus_singularius/Heniochus_singularius_iNaturalist_483418203.png,success
Heniochus_singularius_iNaturalist_483418207.jpg,Heniochus singularius,images_inaturalist,dinosam,23,387442,1024,679,0.5572,../../analysis/approach_1_gmm/segmented_dinosam/Heniochus_singularius/Heniochus_singularius_iNaturalist_483418207.png,success
Heniochus_varius_iNaturalist_294238984.jpg,Heniochus varius,images_inaturalist,hybrid_apple_dinosam,2,0,1024,768,0.0,../../analysis/approach_1_gmm/segmented_dinosam/Heniochus_varius/Heniochus_varius_iNaturalist_294238984.png,success
Heniochus_varius_iNaturalist_395588221.jpg,Heniochus varius,images_inaturalist,hybrid_apple_dinosam,1,18950,1024,768,0.0241,../../analysis/approach_1_gmm/segmented_dinosam/Heniochus_varius/Heniochus_varius_iNaturalist_395588221.png,success
Heniochus_varius_iNaturalist_558793993.jpg,Heniochus varius,images_inaturalist,hybrid_apple_dinosam,3,5033,1024,768,0.0064,../../analysis/approach_1_gmm/segmented_dinosam/Heniochus_varius/Heniochus_varius_iNaturalist_558793993.png,success
Johnrandallia_nigrirostris_iNaturalist_140802403.jpg,Johnrandallia nigrirostris,images_inaturalist,dinosam,3,393972,1024,768,0.501,../../analysis/approach_1_gmm/segmented_dinosam/Johnrandallia_nigrirostris/Johnrandallia_nigrirostris_iNaturalist_140802403.png,success
Johnrandallia_nigrirostris_iNaturalist_14815735.jpg,Johnrandallia nigrirostris,images_inaturalist,hybrid_apple_dinosam,2,104433,1024,768,0.1328,../../analysis/approach_1_gmm/segmented_dinosam/Johnrandallia_nigrirostris/Johnrandallia_nigrirostris_iNaturalist_14815735.png,success
Johnrandallia_nigrirostris_iNaturalist_299336234.jpg,Johnrandallia nigrirostris,images_inaturalist,dinosam,7,419354,1024,768,0.5332,../../analysis/approach_1_gmm/segmented_dinosam/Johnrandallia_nigrirostris/Johnrandallia_nigrirostris_iNaturalist_299336234.png,success
Johnrandallia_nigrirostris_iNaturalist_90964108.jpg,Johnrandallia nigrirostris,images_inaturalist,hybrid_apple_dinosam,1,0,1024,660,0.0,../../analysis/approach_1_gmm/segmented_dinosam/Johnrandallia_nigrirostris/Johnrandallia_nigrirostris_iNaturalist_90964108.png,success
Parachaetodon_ocellatus_iNaturalist_101338050.jpg,Parachaetodon ocellatus,images_inaturalist,hybrid_apple_dinosam,2,0,1024,683,0.0,../../analysis/approach_1_gmm/segmented_dinosam/Parachaetodon_ocellatus/Parachaetodon_ocellatus_iNaturalist_101338050.png,success
Parachaetodon_ocellatus_iNaturalist_10940553.jpg,Parachaetodon ocellatus,images_inaturalist,hybrid_apple_dinosam,1,56514,1000,611,0.0925,../../analysis/approach_1_gmm/segmented_dinosam/Parachaetodon_ocellatus/Parachaetodon_ocellatus_iNaturalist_10940553.png,success
Parachaetodon_ocellatus_iNaturalist_568088836.jpg,Parachaetodon ocellatus,images_inaturalist,hybrid_apple_dinosam,1,57233,1024,749,0.0746,../../analysis/approach_1_gmm/segmented_dinosam/Parachaetodon_ocellatus/Parachaetodon_ocellatus_iNaturalist_568088836.png,success
Prognathodes_aya_iNaturalist_345856582.jpg,Prognathodes aya,images_inaturalist,dinosam,9,275438,1024,768,0.3502,../../analysis/approach_1_gmm/segmented_dinosam/Prognathodes_aya/Prognathodes_aya_iNaturalist_345856582.png,success
Prognathodes_carlhubbsi_iNaturalist_296851093.jpg,Prognathodes carlhubbsi,images_inaturalist,hybrid_apple_dinosam,1,11315,768,1024,0.0144,../../analysis/approach_1_gmm/segmented_dinosam/Prognathodes_carlhubbsi/Prognathodes_carlhubbsi_iNaturalist_296851093.png,success
Prognathodes_carlhubbsi_iNaturalist_443367465.jpg,Prognathodes carlhubbsi,images_inaturalist,hybrid_apple_dinosam,1,19248,1024,768,0.0245,../../analysis/approach_1_gmm/segmented_dinosam/Prognathodes_carlhubbsi/Prognathodes_carlhubbsi_iNaturalist_443367465.png,success
Prognathodes_falcifer_iNaturalist_240542331.jpg,Prognathodes falcifer,images_inaturalist,hybrid_apple_dinosam,2,33401,871,637,0.0602,../../analysis/approach_1_gmm/segmented_dinosam/Prognathodes_falcifer/Prognathodes_falcifer_iNaturalist_240542331.png,success
Prognathodes_falcifer_iNaturalist_439465583.jpg,Prognathodes falcifer,images_inaturalist,hybrid_apple_dinosam,3,0,1024,576,0.0,../../analysis/approach_1_gmm/segmented_dinosam/Prognathodes_falcifer/Prognathodes_falcifer_iNaturalist_439465583.png,success
Prognathodes_falcifer_iNaturalist_440145575.jpg,Prognathodes falcifer,images_inaturalist,hybrid_apple_dinosam,3,37,1024,576,0.0001,../../analysis/approach_1_gmm/segmented_dinosam/Prognathodes_falcifer/Prognathodes_falcifer_iNaturalist_440145575.png,success
Prognathodes_falcifer_iNaturalist_44348913.jpg,Prognathodes falcifer,images_inaturalist,hybrid_apple_dinosam,1,4129,1024,768,0.0053,../../analysis/approach_1_gmm/segmented_dinosam/Prognathodes_falcifer/Prognathodes_falcifer_iNaturalist_44348913.png,success
Prognathodes_falcifer_iNaturalist_562177033.jpg,Prognathodes falcifer,images_inaturalist,hybrid_apple_dinosam,1,23486,1024,768,0.0299,../../analysis/approach_1_gmm/segmented_dinosam/Prognathodes_falcifer/Prognathodes_falcifer_iNaturalist_562177033.png,success
Prognathodes_falcifer_iNaturalist_60191150.jpg,Prognathodes falcifer,images_inaturalist,dinosam,16,487444,1024,683,0.697,../../analysis/approach_1_gmm/segmented_dinosam/Prognathodes_falcifer/Prognathodes_falcifer_iNaturalist_60191150.png,success
Prognathodes_guyanensis_iNaturalist_456412996.jpg,Prognathodes guyanensis,images_inaturalist,hybrid_apple_dinosam,1,12513,1024,575,0.0213,../../analysis/approach_1_gmm/segmented_dinosam/Prognathodes_guyanensis/Prognathodes_guyanensis_iNaturalist_456412996.png,success
Prognathodes_marcellae_iNaturalist_166670490.jpg,Prognathodes marcellae,images_inaturalist,hybrid_apple_dinosam,4,9498,1024,683,0.0136,../../analysis/approach_1_gmm/segmented_dinosam/Prognathodes_marcellae/Prognathodes_marcellae_iNaturalist_166670490.png,success
Prognathodes_marcellae_iNaturalist_166670964.jpg,Prognathodes marcellae,images_inaturalist,hybrid_apple_dinosam,3,11419,1024,683,0.0163,../../analysis/approach_1_gmm/segmented_dinosam/Prognathodes_marcellae/Prognathodes_marcellae_iNaturalist_166670964.png,success
Prognathodes_marcellae_iNaturalist_185079663.jpg,Prognathodes marcellae,images_inaturalist,hybrid_apple_dinosam,1,18255,1024,680,0.0262,../../analysis/approach_1_gmm/segmented_dinosam/Prognathodes_marcellae/Prognathodes_marcellae_iNaturalist_185079663.png,success
Prognathodes_marcellae_iNaturalist_219633983.jpg,Prognathodes marcellae,images_inaturalist,dinosam,3,301873,1024,683,0.4316,../../analysis/approach_1_gmm/segmented_dinosam/Prognathodes_marcellae/Prognathodes_marcellae_iNaturalist_219633983.png,success
Roa_modesta_iNaturalist_351101087.jpg,Roa modesta,images_inaturalist,dinosam,1,20308,768,1024,0.0258,../../analysis/approach_1_gmm/segmented_dinosam/Roa_modesta/Roa_modesta_iNaturalist_351101087.png,success
Roa_modesta_iNaturalist_410589366.jpg,Roa modesta,images_inaturalist,hybrid_apple_dinosam,1,41,1024,577,0.0001,../../analysis/approach_1_gmm/segmented_dinosam/Roa_modesta/Roa_modesta_iNaturalist_410589366.png,success
Roa_modesta_iNaturalist_410589399.jpg,Roa modesta,images_inaturalist,hybrid_apple_dinosam,1,25196,1024,576,0.0427,../../analysis/approach_1_gmm/segmented_dinosam/Roa_modesta/Roa_modesta_iNaturalist_410589399.png,success
Amphichaetodon_howensis_FishWise_030360F000024W000002.jpg,Amphichaetodon howensis,images_fishwise,hybrid_apple_dinosam,3,31078,519,394,0.152,../../analysis/approach_1_gmm/segmented_dinosam/Amphichaetodon_howensis/Amphichaetodon_howensis_FishWise_030360F000024W000002.png,success
Chaetodon_adiergastos_FishWise_000669F000024W000001.jpg,Chaetodon adiergastos,images_fishwise,hybrid_apple_dinosam,5,18942,719,400,0.0659,../../analysis/approach_1_gmm/segmented_dinosam/Chaetodon_adiergastos/Chaetodon_adiergastos_FishWise_000669F000024W000001.png,success
Chaetodon_auriga_FishWise_006157F000009W000045.jpg,Chaetodon auriga,images_fishwise,hybrid_apple_dinosam,1,16077,588,395,0.0692,../../analysis/approach_1_gmm/segmented_dinosam/Chaetodon_auriga/Chaetodon_auriga_FishWise_006157F000009W000045.png,success
Chaetodon_interruptus_FishWise_032066F000009W000007.jpg,Chaetodon interruptus,images_fishwise,hybrid_apple_dinosam,1,0,587,400,0.0,../../analysis/approach_1_gmm/segmented_dinosam/Chaetodon_interruptus/Chaetodon_interruptus_FishWise_032066F000009W000007.png,success
Chaetodon_mitratus_FishWise_045446F000024W000001.jpg,Chaetodon mitratus,images_fishwise,hybrid_apple_dinosam,2,40664,574,400,0.1771,../../analysis/approach_1_gmm/segmented_dinosam/Chaetodon_mitratus/Chaetodon_mitratus_FishWise_045446F000024W000001.png,success
Chaetodon_ornatissimus_FishWise_051623F000156W000005.jpg,Chaetodon ornatissimus,images_fishwise,hybrid_apple_dinosam,2,17135,592,395,0.0733,../../analysis/approach_1_gmm/segmented_dinosam/Chaetodon_ornatissimus/Chaetodon_ornatissimus_FishWise_051623F000156W000005.png,success
Chaetodon_semilarvatus_FishWise_063576F000163W000009.jpg,Chaetodon semilarvatus,images_fishwise,hybrid_apple_dinosam,2,0,573,396,0.0,../../analysis/approach_1_gmm/segmented_dinosam/Chaetodon_semilarvatus/Chaetodon_semilarvatus_FishWise_063576F000163W000009.png,success
Chaetodon_tinkeri_FishWise_069790F000038W000005.jpg,Chaetodon tinkeri,images_fishwise,hybrid_apple_dinosam,2,6623,604,400,0.0274,../../analysis/approach_1_gmm/segmented_dinosam/Chaetodon_tinkeri/Chaetodon_tinkeri_FishWise_069790F000038W000005.png,success
Chaetodon_trifascialis_FishWise_070463F000387W000022.jpg,Chaetodon trifascialis,images_fishwise,hybrid_apple_dinosam,1,13308,720,400,0.0462,../../analysis/approach_1_gmm/segmented_dinosam/Chaetodon_trifascialis/Chaetodon_trifascialis_FishWise_070463F000387W000022.png,success
Forcipiger_flavissimus_FishWise_023887F000112W000020.jpg,Forcipiger flavissimus,images_fishwise,hybrid_apple_dinosam,1,11028,555,400,0.0497,../../analysis/approach_1_gmm/segmented_dinosam/Forcipiger_flavissimus/Forcipiger_flavissimus_FishWise_023887F000112W000020.png,success
Forcipiger_flavissimus_FishWise_023887F000112W000021.jpg,Forcipiger flavissimus,images_fishwise,hybrid_apple_dinosam,1,91957,545,400,0.4218,../../analysis/approach_1_gmm/segmented_dinosam/Forcipiger_flavissimus/Forcipiger_flavissimus_FishWise_023887F000112W000021.png,success
Hemitaurichthys_zoster_FishWise_075707F000167W000005.jpg,Hemitaurichthys zoster,images_fishwise,hybrid_apple_dinosam,1,0,651,398,0.0,../../analysis/approach_1_gmm/segmented_dinosam/Hemitaurichthys_zoster/Hemitaurichthys_zoster_FishWise_075707F000167W000005.png,success
Heniochus_acuminatus_FishWise_000442F000007W000009.jpg,Heniochus acuminatus,images_fishwise,hybrid_apple_dinosam,1,0,434,390,0.0,../../analysis/approach_1_gmm/segmented_dinosam/Heniochus_acuminatus/Heniochus_acuminatus_FishWise_000442F000007W000009.png,success
Heniochus_acuminatus_FishWise_000442F000009W000008.jpg,Heniochus acuminatus,images_fishwise,hybrid_apple_dinosam,1,0,380,395,0.0,../../analysis/approach_1_gmm/segmented_dinosam/Heniochus_acuminatus/Heniochus_acuminatus_FishWise_000442F000009W000008.png,success
Heniochus_acuminatus_FishWise_000442F000024W000002.jpg,Heniochus acuminatus,images_fishwise,hybrid_apple_dinosam,2,76443,530,390,0.3698,../../analysis/approach_1_gmm/segmented_dinosam/Heniochus_acuminatus/Heniochus_acuminatus_FishWise_000442F000024W000002.png,success
Heniochus_acuminatus_FishWise_000442F000024W000003.jpg,Heniochus acuminatus,images_fishwise,hybrid_apple_dinosam,3,23984,576,390,0.1068,../../analysis/approach_1_gmm/segmented_dinosam/Heniochus_acuminatus/Heniochus_acuminatus_FishWise_000442F000024W000003.png,success
Heniochus_acuminatus_FishWise_000442F000025W000001.gif,Heniochus acuminatus,images_fishwise,hybrid_apple_dinosam,1,13343,565,390,0.0606,../../analysis/approach_1_gmm/segmented_dinosam/Heniochus_acuminatus/Heniochus_acuminatus_FishWise_000442F000025W000001.png,success
Heniochus_acuminatus_FishWise_000442F000031W000004.jpg,Heniochus acuminatus,images_fishwise,hybrid_apple_dinosam,1,0,517,390,0.0,../../analysis/approach_1_gmm/segmented_dinosam/Heniochus_acuminatus/Heniochus_acuminatus_FishWise_000442F000031W000004.png,success
Heniochus_acuminatus_FishWise_000442F000112W000012.jpg,Heniochus acuminatus,images_fishwise,hybrid_apple_dinosam,1,39085,301,400,0.3246,../../analysis/approach_1_gmm/segmented_dinosam/Heniochus_acuminatus/Heniochus_acuminatus_FishWise_000442F000112W000012.png,success
Heniochus_acuminatus_FishWise_000442F004577W000017.jpg,Heniochus acuminatus,images_fishwise,hybrid_apple_dinosam,2,15996,720,400,0.0555,../../analysis/approach_1_gmm/segmented_dinosam/Heniochus_acuminatus/Heniochus_acuminatus_FishWise_000442F004577W000017.png,success
Heniochus_chrysostomus_FishWise_014849F000004W000011.jpg,Heniochus chrysostomus,images_fishwise,hybrid_apple_dinosam,1,27393,720,400,0.0951,../../analysis/approach_1_gmm/segmented_dinosam/Heniochus_chrysostomus/Heniochus_chrysostomus_FishWise_014849F000004W000011.png,success
Heniochus_chrysostomus_FishWise_014849F000112W000006.jpg,Heniochus chrysostomus,images_fishwise,hybrid_apple_dinosam,1,32172,282,400,0.2852,../../analysis/approach_1_gmm/segmented_dinosam/Heniochus_chrysostomus/Heniochus_chrysostomus_FishWise_014849F000112W000006.png,success
Heniochus_diphreutes_FishWise_019404F000009W000011.jpg,Heniochus diphreutes,images_fishwise,hybrid_apple_dinosam,12,52787,720,400,0.1833,../../analysis/approach_1_gmm/segmented_dinosam/Heniochus_diphreutes/Heniochus_diphreutes_FishWise_019404F000009W000011.png,success
Heniochus_diphreutes_FishWise_019404F000009W000013.jpg,Heniochus diphreutes,images_fishwise,hybrid_apple_dinosam,2,12435,720,400,0.0432,../../analysis/approach_1_gmm/segmented_dinosam/Heniochus_diphreutes/Heniochus_diphreutes_FishWise_019404F000009W000013.png,success
Heniochus_diphreutes_FishWise_019404F000024W000004.jpg,Heniochus diphreutes,images_fishwise,hybrid_apple_dinosam,1,50789,380,390,0.3427,../../analysis/approach_1_gmm/segmented_dinosam/Heniochus_diphreutes/Heniochus_diphreutes_FishWise_019404F000024W000004.png,success
Heniochus_diphreutes_FishWise_019404F000112W000008.jpg,Heniochus diphreutes,images_fishwise,hybrid_apple_dinosam,1,96,600,400,0.0004,../../analysis/approach_1_gmm/segmented_dinosam/Heniochus_diphreutes/Heniochus_diphreutes_FishWise_019404F000112W000008.png,success
Heniochus_diphreutes_FishWise_019404F000112W000010.jpg,Heniochus diphreutes,images_fishwise,hybrid_apple_dinosam,1,63,261,400,0.0006,../../analysis/approach_1_gmm/segmented_dinosam/Heniochus_diphreutes/Heniochus_diphreutes_FishWise_019404F000112W000010.png,success
Heniochus_diphreutes_FishWise_019404F000423W000012.jpg,Heniochus diphreutes,images_fishwise,hybrid_apple_dinosam,3,30047,720,400,0.1043,../../analysis/approach_1_gmm/segmented_dinosam/Heniochus_diphreutes/Heniochus_diphreutes_FishWise_019404F000423W000012.png,success
Heniochus_intermedius_FishWise_031956F000009W000002.jpg,Heniochus intermedius,images_fishwise,hybrid_apple_dinosam,4,0,643,395,0.0,../../analysis/approach_1_gmm/segmented_dinosam/Heniochus_intermedius/Heniochus_intermedius_FishWise_031956F000009W000002.png,success
Heniochus_intermedius_FishWise_031956F000451W000011.jpg,Heniochus intermedius,images_fishwise,hybrid_apple_dinosam,2,16,600,400,0.0001,../../analysis/approach_1_gmm/segmented_dinosam/Heniochus_intermedius/Heniochus_intermedius_FishWise_031956F000451W000011.png,success
Chaetodon_argentatus_FishPix_34269.jpg,Chaetodon argentatus,images_fishpix,dinosam,2,158046,640,640,0.3859,../../analysis/approach_1_gmm/segmented_dinosam/Chaetodon_argentatus/Chaetodon_argentatus_FishPix_34269.png,success
Chaetodon_auriga_FishPix_171713.jpg,Chaetodon auriga,images_fishpix,dinosam,20,332696,640,640,0.8122,../../analysis/approach_1_gmm/segmented_dinosam/Chaetodon_auriga/Chaetodon_auriga_FishPix_171713.png,success
Chaetodon_auriga_FishPix_171775.jpg,Chaetodon auriga,images_fishpix,dinosam,36,82097,640,640,0.2004,../../analysis/approach_1_gmm/segmented_dinosam/Chaetodon_auriga/Chaetodon_auriga_FishPix_171775.png,success
Chaetodon_auriga_FishPix_24067.jpg,Chaetodon auriga,images_fishpix,dinosam,2,302,640,640,0.0007,../../analysis/approach_1_gmm/segmented_dinosam/Chaetodon_auriga/Chaetodon_auriga_FishPix_24067.png,success
Chaetodon_auriga_FishPix_96995.jpg,Chaetodon auriga,images_fishpix,dinosam,3,250353,640,640,0.6112,../../analysis/approach_1_gmm/segmented_dinosam/Chaetodon_auriga/Chaetodon_auriga_FishPix_96995.png,success
Chaetodon_auripes_FishPix_22371.jpg,Chaetodon auripes,images_fishpix,dinosam,7,245536,640,640,0.5995,../../analysis/approach_1_gmm/segmented_dinosam/Chaetodon_auripes/Chaetodon_auripes_FishPix_22371.png,success
Chaetodon_baronessa_FishPix_40237.jpg,Chaetodon baronessa,images_fishpix,dinosam,3,110988,640,640,0.271,../../analysis/approach_1_gmm/segmented_dinosam/Chaetodon_baronessa/Chaetodon_baronessa_FishPix_40237.png,success
Chaetodon_citrinellus_FishPix_22373.jpg,Chaetodon citrinellus,images_fishpix,dinosam,4,211299,640,640,0.5159,../../analysis/approach_1_gmm/segmented_dinosam/Chaetodon_citrinellus/Chaetodon_citrinellus_FishPix_22373.png,success
Chaetodon_daedalma_FishPix_27766.jpg,Chaetodon daedalma,images_fishpix,dinosam,12,351141,640,640,0.8573,../../analysis/approach_1_gmm/segmented_dinosam/Chaetodon_daedalma/Chaetodon_daedalma_FishPix_27766.png,success
Chaetodon_daedalma_FishPix_80286.jpg,Chaetodon daedalma,images_fishpix,dinosam,1,242240,640,640,0.5914,../../analysis/approach_1_gmm/segmented_dinosam/Chaetodon_daedalma/Chaetodon_daedalma_FishPix_80286.png,success
Chaetodon_ephippium_FishPix_177007.jpg,Chaetodon ephippium,images_fishpix,dinosam,2,243134,640,640,0.5936,../../analysis/approach_1_gmm/segmented_dinosam/Chaetodon_ephippium/Chaetodon_ephippium_FishPix_177007.png,success
Chaetodon_ephippium_FishPix_177009.jpg,Chaetodon ephippium,images_fishpix,dinosam,2,114231,640,640,0.2789,../../analysis/approach_1_gmm/segmented_dinosam/Chaetodon_ephippium/Chaetodon_ephippium_FishPix_177009.png,success
Chaetodon_ephippium_FishPix_96934.jpg,Chaetodon ephippium,images_fishpix,dinosam,4,99111,640,640,0.242,../../analysis/approach_1_gmm/segmented_dinosam/Chaetodon_ephippium/Chaetodon_ephippium_FishPix_96934.png,success
Chaetodon_flavocoronatus_FishPix_85202.jpg,Chaetodon flavocoronatus,images_fishpix,dinosam,1,401387,640,640,0.9799,../../analysis/approach_1_gmm/segmented_dinosam/Chaetodon_flavocoronatus/Chaetodon_flavocoronatus_FishPix_85202.png,success
Chaetodon_flavocoronatus_FishPix_85203.jpg,Chaetodon flavocoronatus,images_fishpix,dinosam,1,43256,640,640,0.1056,../../analysis/approach_1_gmm/segmented_dinosam/Chaetodon_flavocoronatus/Chaetodon_flavocoronatus_FishPix_85203.png,success
Chaetodon_humeralis_FishPix_165741.jpg,Chaetodon humeralis,images_fishpix,dinosam,4,173267,640,640,0.423,../../analysis/approach_1_gmm/segmented_dinosam/Chaetodon_humeralis/Chaetodon_humeralis_FishPix_165741.png,success
Chaetodon_humeralis_FishPix_165742.jpg,Chaetodon humeralis,images_fishpix,dinosam,5,239074,640,640,0.5837,../../analysis/approach_1_gmm/segmented_dinosam/Chaetodon_humeralis/Chaetodon_humeralis_FishPix_165742.png,success
Chaetodon_humeralis_FishPix_165837.jpg,Chaetodon humeralis,images_fishpix,dinosam,4,220001,640,640,0.5371,../../analysis/approach_1_gmm/segmented_dinosam/Chaetodon_humeralis/Chaetodon_humeralis_FishPix_165837.png,success
Chaetodon_kleinii_FishPix_154771.jpg,Chaetodon kleinii,images_fishpix,dinosam,5,224892,640,640,0.5491,../../analysis/approach_1_gmm/segmented_dinosam/Chaetodon_kleinii/Chaetodon_kleinii_FishPix_154771.png,success
Chaetodon_kleinii_FishPix_40215.jpg,Chaetodon kleinii,images_fishpix,dinosam,17,263711,640,640,0.6438,../../analysis/approach_1_gmm/segmented_dinosam/Chaetodon_kleinii/Chaetodon_kleinii_FishPix_40215.png,success
Chaetodon_kleinii_FishPix_5749.jpg,Chaetodon kleinii,images_fishpix,dinosam,5,193564,640,640,0.4726,../../analysis/approach_1_gmm/segmented_dinosam/Chaetodon_kleinii/Chaetodon_kleinii_FishPix_5749.png,success
Chaetodon_kleinii_FishPix_85570.jpg,Chaetodon kleinii,images_fishpix,dinosam,7,260,640,640,0.0006,../../analysis/approach_1_gmm/segmented_dinosam/Chaetodon_kleinii/Chaetodon_kleinii_FishPix_85570.png,success
Chaetodon_kleinii_FishPix_85613.jpg,Chaetodon kleinii,images_fishpix,dinosam,8,170327,640,640,0.4158,../../analysis/approach_1_gmm/segmented_dinosam/Chaetodon_kleinii/Chaetodon_kleinii_FishPix_85613.png,success
Chaetodon_lineolatus_FishPix_80782.jpg,Chaetodon lineolatus,images_fishpix,dinosam,2,264032,640,640,0.6446,../../analysis/approach_1_gmm/segmented_dinosam/Chaetodon_lineolatus/Chaetodon_lineolatus_FishPix_80782.png,success
Chaetodon_lunulatus_FishPix_91079.jpg,Chaetodon lunulatus,images_fishpix,dinosam,3,256491,640,640,0.6262,../../analysis/approach_1_gmm/segmented_dinosam/Chaetodon_lunulatus/Chaetodon_lunulatus_FishPix_91079.png,success
Chaetodon_melannotus_FishPix_71595.jpg,Chaetodon melannotus,images_fishpix,dinosam,5,166463,640,640,0.4064,../../analysis/approach_1_gmm/segmented_dinosam/Chaetodon_melannotus/Chaetodon_melannotus_FishPix_71595.png,success
Chaetodon_nippon_FishPix_207272.jpg,Chaetodon nippon,images_fishpix,dinosam,34,327278,640,640,0.799,../../analysis/approach_1_gmm/segmented_dinosam/Chaetodon_nippon/Chaetodon_nippon_FishPix_207272.png,success
Chaetodon_nippon_FishPix_22401.jpg,Chaetodon nippon,images_fishpix,dinosam,6,216142,640,640,0.5277,../../analysis/approach_1_gmm/segmented_dinosam/Chaetodon_nippon/Chaetodon_nippon_FishPix_22401.png,success
Chaetodon_nippon_FishPix_22417.jpg,Chaetodon nippon,images_fishpix,dinosam,4,301207,640,640,0.7354,../../analysis/approach_1_gmm/segmented_dinosam/Chaetodon_nippon/Chaetodon_nippon_FishPix_22417.png,success
Chaetodon_ornatissimus_FishPix_76246.jpg,Chaetodon ornatissimus,images_fishpix,dinosam,9,159981,640,640,0.3906,../../analysis/approach_1_gmm/segmented_dinosam/Chaetodon_ornatissimus/Chaetodon_ornatissimus_FishPix_76246.png,success
Chaetodon_plebeius_FishPix_154768.jpg,Chaetodon plebeius,images_fishpix,dinosam,5,224839,640,640,0.5489,../../analysis/approach_1_gmm/segmented_dinosam/Chaetodon_plebeius/Chaetodon_plebeius_FishPix_154768.png,success
Chaetodon_punctatofasciatus_FishPix_11379.jpg,Chaetodon punctatofasciatus,images_fishpix,dinosam,6,183424,640,640,0.4478,../../analysis/approach_1_gmm/segmented_dinosam/Chaetodon_punctatofasciatus/Chaetodon_punctatofasciatus_FishPix_11379.png,success
Chaetodon_punctatofasciatus_FishPix_144992.jpg,Chaetodon punctatofasciatus,images_fishpix,dinosam,5,205150,640,640,0.5009,../../analysis/approach_1_gmm/segmented_dinosam/Chaetodon_punctatofasciatus/Chaetodon_punctatofasciatus_FishPix_144992.png,success
Chaetodon_quadrimaculatus_FishPix_61934.jpg,Chaetodon quadrimaculatus,images_fishpix,dinosam,1,403225,640,640,0.9844,../../analysis/approach_1_gmm/segmented_dinosam/Chaetodon_quadrimaculatus/Chaetodon_quadrimaculatus_FishPix_61934.png,success
Chaetodon_reticulatus_FishPix_10773.jpg,Chaetodon reticulatus,images_fishpix,dinosam,4,140033,640,640,0.3419,../../analysis/approach_1_gmm/segmented_dinosam/Chaetodon_reticulatus/Chaetodon_reticulatus_FishPix_10773.png,success
Chaetodon_selene_FishPix_62994.jpg,Chaetodon selene,images_fishpix,dinosam,3,260388,640,640,0.6357,../../analysis/approach_1_gmm/segmented_dinosam/Chaetodon_selene/Chaetodon_selene_FishPix_62994.png,success
Chaetodon_trifascialis_FishPix_147918.jpg,Chaetodon trifascialis,images_fishpix,dinosam,4,141814,640,640,0.3462,../../analysis/approach_1_gmm/segmented_dinosam/Chaetodon_trifascialis/Chaetodon_trifascialis_FishPix_147918.png,success
Chaetodon_trifascialis_FishPix_168361.jpg,Chaetodon trifascialis,images_fishpix,dinosam,3,240667,640,640,0.5876,../../analysis/approach_1_gmm/segmented_dinosam/Chaetodon_trifascialis/Chaetodon_trifascialis_FishPix_168361.png,success
Chaetodon_trifascialis_FishPix_168364.jpg,Chaetodon trifascialis,images_fishpix,dinosam,2,228043,640,640,0.5567,../../analysis/approach_1_gmm/segmented_dinosam/Chaetodon_trifascialis/Chaetodon_trifascialis_FishPix_168364.png,success
Chaetodon_trifascialis_FishPix_168368.jpg,Chaetodon trifascialis,images_fishpix,dinosam,2,249352,640,640,0.6088,../../analysis/approach_1_gmm/segmented_dinosam/Chaetodon_trifascialis/Chaetodon_trifascialis_FishPix_168368.png,success
Chaetodon_trifascialis_FishPix_194635.jpg,Chaetodon trifascialis,images_fishpix,dinosam,6,273072,640,640,0.6667,../../analysis/approach_1_gmm/segmented_dinosam/Chaetodon_trifascialis/Chaetodon_trifascialis_FishPix_194635.png,success
Chaetodon_xanthurus_FishPix_36391.jpg,Chaetodon xanthurus,images_fishpix,dinosam,2,274127,640,640,0.6693,../../analysis/approach_1_gmm/segmented_dinosam/Chaetodon_xanthurus/Chaetodon_xanthurus_FishPix_36391.png,success
Coradion_altivelis_FishPix_3892.jpg,Coradion altivelis,images_fishpix,dinosam,5,403225,640,640,0.9844,../../analysis/approach_1_gmm/segmented_dinosam/Coradion_altivelis/Coradion_altivelis_FishPix_3892.png,success
Forcipiger_flavissimus_FishPix_9320.jpg,Forcipiger flavissimus,images_fishpix,dinosam,2,211311,640,640,0.5159,../../analysis/approach_1_gmm/segmented_dinosam/Forcipiger_flavissimus/Forcipiger_flavissimus_FishPix_9320.png,success
Hemitaurichthys_polylepis_FishPix_145077.jpg,Hemitaurichthys polylepis,images_fishpix,dinosam,65,315276,640,640,0.7697,../../analysis/approach_1_gmm/segmented_dinosam/Hemitaurichthys_polylepis/Hemitaurichthys_polylepis_FishPix_145077.png,success
Hemitaurichthys_polylepis_FishPix_145087.jpg,Hemitaurichthys polylepis,images_fishpix,dinosam,7,150758,640,640,0.3681,../../analysis/approach_1_gmm/segmented_dinosam/Hemitaurichthys_polylepis/Hemitaurichthys_polylepis_FishPix_145087.png,success
Hemitaurichthys_polylepis_FishPix_175032.jpg,Hemitaurichthys polylepis,images_fishpix,dinosam,32,384712,640,640,0.9392,../../analysis/approach_1_gmm/segmented_dinosam/Hemitaurichthys_polylepis/Hemitaurichthys_polylepis_FishPix_175032.png,success
Hemitaurichthys_polylepis_FishPix_206803.jpg,Hemitaurichthys polylepis,images_fishpix,dinosam,24,252159,640,640,0.6156,../../analysis/approach_1_gmm/segmented_dinosam/Hemitaurichthys_polylepis/Hemitaurichthys_polylepis_FishPix_206803.png,success
Hemitaurichthys_polylepis_FishPix_207221.jpg,Hemitaurichthys polylepis,images_fishpix,dinosam,8,401741,640,640,0.9808,../../analysis/approach_1_gmm/segmented_dinosam/Hemitaurichthys_polylepis/Hemitaurichthys_polylepis_FishPix_207221.png,success
Hemitaurichthys_polylepis_FishPix_207331.jpg,Hemitaurichthys polylepis,images_fishpix,dinosam,52,332357,640,640,0.8114,../../analysis/approach_1_gmm/segmented_dinosam/Hemitaurichthys_polylepis/Hemitaurichthys_polylepis_FishPix_207331.png,success
Hemitaurichthys_polylepis_FishPix_207334.jpg,Hemitaurichthys polylepis,images_fishpix,dinosam,41,5702,640,640,0.0139,../../analysis/approach_1_gmm/segmented_dinosam/Hemitaurichthys_polylepis/Hemitaurichthys_polylepis_FishPix_207334.png,success
Hemitaurichthys_polylepis_FishPix_71715.jpg,Hemitaurichthys polylepis,images_fishpix,dinosam,14,301807,640,640,0.7368,../../analysis/approach_1_gmm/segmented_dinosam/Hemitaurichthys_polylepis/Hemitaurichthys_polylepis_FishPix_71715.png,success
Hemitaurichthys_polylepis_FishPix_95313.jpg,Hemitaurichthys polylepis,images_fishpix,dinosam,46,379,640,640,0.0009,../../analysis/approach_1_gmm/segmented_dinosam/Hemitaurichthys_polylepis/Hemitaurichthys_polylepis_FishPix_95313.png,success
Hemitaurichthys_polylepis_FishPix_95315.jpg,Hemitaurichthys polylepis,images_fishpix,dinosam,54,296332,640,640,0.7235,../../analysis/approach_1_gmm/segmented_dinosam/Hemitaurichthys_polylepis/Hemitaurichthys_polylepis_FishPix_95315.png,success
Hemitaurichthys_thompsoni_FishPix_145076.jpg,Hemitaurichthys thompsoni,images_fishpix,dinosam,56,346414,640,640,0.8457,../../analysis/approach_1_gmm/segmented_dinosam/Hemitaurichthys_thompsoni/Hemitaurichthys_thompsoni_FishPix_145076.png,success
Hemitaurichthys_thompsoni_FishPix_145078.jpg,Hemitaurichthys thompsoni,images_fishpix,dinosam,30,233588,640,640,0.5703,../../analysis/approach_1_gmm/segmented_dinosam/Hemitaurichthys_thompsoni/Hemitaurichthys_thompsoni_FishPix_145078.png,success
Hemitaurichthys_thompsoni_FishPix_145081.jpg,Hemitaurichthys thompsoni,images_fishpix,dinosam,24,232791,640,640,0.5683,../../analysis/approach_1_gmm/segmented_dinosam/Hemitaurichthys_thompsoni/Hemitaurichthys_thompsoni_FishPix_145081.png,success
Hemitaurichthys_thompsoni_FishPix_145089.jpg,Hemitaurichthys thompsoni,images_fishpix,dinosam,27,175397,640,640,0.4282,../../analysis/approach_1_gmm/segmented_dinosam/Hemitaurichthys_thompsoni/Hemitaurichthys_thompsoni_FishPix_145089.png,success
Hemitaurichthys_thompsoni_FishPix_76154.jpg,Hemitaurichthys thompsoni,images_fishpix,dinosam,22,55698,640,640,0.136,../../analysis/approach_1_gmm/segmented_dinosam/Hemitaurichthys_thompsoni/Hemitaurichthys_thompsoni_FishPix_76154.png,success
Hemitaurichthys_zoster_FishPix_27480.jpg,Hemitaurichthys zoster,images_fishpix,dinosam,42,280501,640,640,0.6848,../../analysis/approach_1_gmm/segmented_dinosam/Hemitaurichthys_zoster/Hemitaurichthys_zoster_FishPix_27480.png,success
Heniochus_acuminatus_FishPix_17215.jpg,Heniochus acuminatus,images_fishpix,dinosam,6,93066,640,640,0.2272,../../analysis/approach_1_gmm/segmented_dinosam/Heniochus_acuminatus/Heniochus_acuminatus_FishPix_17215.png,success
Heniochus_acuminatus_FishPix_71667.jpg,Heniochus acuminatus,images_fishpix,dinosam,11,158518,640,640,0.387,../../analysis/approach_1_gmm/segmented_dinosam/Heniochus_acuminatus/Heniochus_acuminatus_FishPix_71667.png,success
Heniochus_acuminatus_FishPix_97047.jpg,Heniochus acuminatus,images_fishpix,dinosam,4,156514,640,640,0.3821,../../analysis/approach_1_gmm/segmented_dinosam/Heniochus_acuminatus/Heniochus_acuminatus_FishPix_97047.png,success
Heniochus_diphreutes_FishPix_13101.jpg,Heniochus diphreutes,images_fishpix,dinosam,41,218507,640,640,0.5335,../../analysis/approach_1_gmm/segmented_dinosam/Heniochus_diphreutes/Heniochus_diphreutes_FishPix_13101.png,success
Heniochus_diphreutes_FishPix_140919.jpg,Heniochus diphreutes,images_fishpix,dinosam,6,243014,640,640,0.5933,../../analysis/approach_1_gmm/segmented_dinosam/Heniochus_diphreutes/Heniochus_diphreutes_FishPix_140919.png,success
Heniochus_diphreutes_FishPix_14273.jpg,Heniochus diphreutes,images_fishpix,dinosam,39,399675,640,640,0.9758,../../analysis/approach_1_gmm/segmented_dinosam/Heniochus_diphreutes/Heniochus_diphreutes_FishPix_14273.png,success
Heniochus_diphreutes_FishPix_145090.jpg,Heniochus diphreutes,images_fishpix,dinosam,54,197226,640,640,0.4815,../../analysis/approach_1_gmm/segmented_dinosam/Heniochus_diphreutes/Heniochus_diphreutes_FishPix_145090.png,success
Heniochus_diphreutes_FishPix_160994.jpg,Heniochus diphreutes,images_fishpix,dinosam,14,391757,640,640,0.9564,../../analysis/approach_1_gmm/segmented_dinosam/Heniochus_diphreutes/Heniochus_diphreutes_FishPix_160994.png,success
Heniochus_diphreutes_FishPix_171718.jpg,Heniochus diphreutes,images_fishpix,dinosam,8,369699,640,640,0.9026,../../analysis/approach_1_gmm/segmented_dinosam/Heniochus_diphreutes/Heniochus_diphreutes_FishPix_171718.png,success
Heniochus_diphreutes_FishPix_187190.jpg,Heniochus diphreutes,images_fishpix,dinosam,18,296083,640,480,0.9638,../../analysis/approach_1_gmm/segmented_dinosam/Heniochus_diphreutes/Heniochus_diphreutes_FishPix_187190.png,success
Heniochus_diphreutes_FishPix_193341.jpg,Heniochus diphreutes,images_fishpix,dinosam,6,257011,640,640,0.6275,../../analysis/approach_1_gmm/segmented_dinosam/Heniochus_diphreutes/Heniochus_diphreutes_FishPix_193341.png,success
Heniochus_diphreutes_FishPix_207148.jpg,Heniochus diphreutes,images_fishpix,dinosam,49,145615,640,640,0.3555,../../analysis/approach_1_gmm/segmented_dinosam/Heniochus_diphreutes/Heniochus_diphreutes_FishPix_207148.png,success
Heniochus_diphreutes_FishPix_207149.jpg,Heniochus diphreutes,images_fishpix,dinosam,49,2212,640,640,0.0054,../../analysis/approach_1_gmm/segmented_dinosam/Heniochus_diphreutes/Heniochus_diphreutes_FishPix_207149.png,success
Heniochus_diphreutes_FishPix_24832.jpg,Heniochus diphreutes,images_fishpix,dinosam,36,2035,640,640,0.005,../../analysis/approach_1_gmm/segmented_dinosam/Heniochus_diphreutes/Heniochus_diphreutes_FishPix_24832.png,success
Heniochus_diphreutes_FishPix_24834.jpg,Heniochus diphreutes,images_fishpix,dinosam,35,1363,640,640,0.0033,../../analysis/approach_1_gmm/segmented_dinosam/Heniochus_diphreutes/Heniochus_diphreutes_FishPix_24834.png,success
Heniochus_diphreutes_FishPix_24842.jpg,Heniochus diphreutes,images_fishpix,dinosam,38,372273,640,640,0.9089,../../analysis/approach_1_gmm/segmented_dinosam/Heniochus_diphreutes/Heniochus_diphreutes_FishPix_24842.png,success
Heniochus_diphreutes_FishPix_25350.jpg,Heniochus diphreutes,images_fishpix,dinosam,34,12978,640,640,0.0317,../../analysis/approach_1_gmm/segmented_dinosam/Heniochus_diphreutes/Heniochus_diphreutes_FishPix_25350.png,success
Heniochus_diphreutes_FishPix_26171.jpg,Heniochus diphreutes,images_fishpix,dinosam,36,224047,640,640,0.547,../../analysis/approach_1_gmm/segmented_dinosam/Heniochus_diphreutes/Heniochus_diphreutes_FishPix_26171.png,success
Heniochus_diphreutes_FishPix_6203.jpg,Heniochus diphreutes,images_fishpix,dinosam,3,115527,640,640,0.282,../../analysis/approach_1_gmm/segmented_dinosam/Heniochus_diphreutes/Heniochus_diphreutes_FishPix_6203.png,success
Heniochus_diphreutes_FishPix_71267.jpg,Heniochus diphreutes,images_fishpix,dinosam,32,84074,640,640,0.2053,../../analysis/approach_1_gmm/segmented_dinosam/Heniochus_diphreutes/Heniochus_diphreutes_FishPix_71267.png,success
Heniochus_diphreutes_FishPix_8031.jpg,Heniochus diphreutes,images_fishpix,dinosam,4,372821,640,640,0.9102,../../analysis/approach_1_gmm/segmented_dinosam/Heniochus_diphreutes/Heniochus_diphreutes_FishPix_8031.png,success
Heniochus_diphreutes_FishPix_82912.jpg,Heniochus diphreutes,images_fishpix,dinosam,2,57243,640,640,0.1398,../../analysis/approach_1_gmm/segmented_dinosam/Heniochus_diphreutes/Heniochus_diphreutes_FishPix_82912.png,success
Heniochus_diphreutes_FishPix_8671.jpg,Heniochus diphreutes,images_fishpix,dinosam,35,13822,640,640,0.0337,../../analysis/approach_1_gmm/segmented_dinosam/Heniochus_diphreutes/Heniochus_diphreutes_FishPix_8671.png,success
Heniochus_monoceros_FishPix_70316.jpg,Heniochus monoceros,images_fishpix,dinosam,13,226414,640,640,0.5528,../../analysis/approach_1_gmm/segmented_dinosam/Heniochus_monoceros/Heniochus_monoceros_FishPix_70316.png,success
Heniochus_pleurotaenia_FishPix_13320.jpg,Heniochus pleurotaenia,images_fishpix,dinosam,19,340539,640,640,0.8314,../../analysis/approach_1_gmm/segmented_dinosam/Heniochus_pleurotaenia/Heniochus_pleurotaenia_FishPix_13320.png,success
Heniochus_varius_FishPix_27910.jpg,Heniochus varius,images_fishpix,dinosam,9,268028,640,640,0.6544,../../analysis/approach_1_gmm/segmented_dinosam/Heniochus_varius/Heniochus_varius_FishPix_27910.png,success
Johnrandallia_nigrirostris_FishPix_165876.jpg,Johnrandallia nigrirostris,images_fishpix,dinosam,3,100384,640,640,0.2451,../../analysis/approach_1_gmm/segmented_dinosam/Johnrandallia_nigrirostris/Johnrandallia_nigrirostris_FishPix_165876.png,success
Johnrandallia_nigrirostris_FishPix_196495.jpg,Johnrandallia nigrirostris,images_fishpix,dinosam,5,137607,640,640,0.336,../../analysis/approach_1_gmm/segmented_dinosam/Johnrandallia_nigrirostris/Johnrandallia_nigrirostris_FishPix_196495.png,success
Johnrandallia_nigrirostris_FishPix_4114.jpg,Johnrandallia nigrirostris,images_fishpix,dinosam,2,34055,640,640,0.0831,../../analysis/approach_1_gmm/segmented_dinosam/Johnrandallia_nigrirostris/Johnrandallia_nigrirostris_FishPix_4114.png,success
Parachaetodon_ocellatus_FishPix_107713.jpg,Parachaetodon ocellatus,images_fishpix,dinosam,1,18,640,640,0.0,../../analysis/approach_1_gmm/segmented_dinosam/Parachaetodon_ocellatus/Parachaetodon_ocellatus_FishPix_107713.png,success
Parachaetodon_ocellatus_FishPix_16927.jpg,Parachaetodon ocellatus,images_fishpix,dinosam,1,42907,640,640,0.1048,../../analysis/approach_1_gmm/segmented_dinosam/Parachaetodon_ocellatus/Parachaetodon_ocellatus_FishPix_16927.png,success
Parachaetodon_ocellatus_FishPix_182523.jpg,Parachaetodon ocellatus,images_fishpix,dinosam,2,396471,640,640,0.9679,../../analysis/approach_1_gmm/segmented_dinosam/Parachaetodon_ocellatus/Parachaetodon_ocellatus_FishPix_182523.png,success
Parachaetodon_ocellatus_FishPix_182897.jpg,Parachaetodon ocellatus,images_fishpix,dinosam,2,41701,640,640,0.1018,../../analysis/approach_1_gmm/segmented_dinosam/Parachaetodon_ocellatus/Parachaetodon_ocellatus_FishPix_182897.png,success
Parachaetodon_ocellatus_FishPix_194404.jpg,Parachaetodon ocellatus,images_fishpix,dinosam,3,266581,640,640,0.6508,../../analysis/approach_1_gmm/segmented_dinosam/Parachaetodon_ocellatus/Parachaetodon_ocellatus_FishPix_194404.png,success
Parachaetodon_ocellatus_FishPix_24206.jpg,Parachaetodon ocellatus,images_fishpix,dinosam,2,159761,640,640,0.39,../../analysis/approach_1_gmm/segmented_dinosam/Parachaetodon_ocellatus/Parachaetodon_ocellatus_FishPix_24206.png,success
Parachaetodon_ocellatus_FishPix_33941.jpg,Parachaetodon ocellatus,images_fishpix,dinosam,3,6254,640,640,0.0153,../../analysis/approach_1_gmm/segmented_dinosam/Parachaetodon_ocellatus/Parachaetodon_ocellatus_FishPix_33941.png,success
Parachaetodon_ocellatus_FishPix_36413.jpg,Parachaetodon ocellatus,images_fishpix,dinosam,1,186619,640,640,0.4556,../../analysis/approach_1_gmm/segmented_dinosam/Parachaetodon_ocellatus/Parachaetodon_ocellatus_FishPix_36413.png,success
Parachaetodon_ocellatus_FishPix_39671.jpg,Parachaetodon ocellatus,images_fishpix,dinosam,2,276474,640,640,0.675,../../analysis/approach_1_gmm/segmented_dinosam/Parachaetodon_ocellatus/Parachaetodon_ocellatus_FishPix_39671.png,success
Parachaetodon_ocellatus_FishPix_39672.jpg,Parachaetodon ocellatus,images_fishpix,dinosam,3,20892,640,640,0.051,../../analysis/approach_1_gmm/segmented_dinosam/Parachaetodon_ocellatus/Parachaetodon_ocellatus_FishPix_39672.png,success
Parachaetodon_ocellatus_FishPix_89079.jpg,Parachaetodon ocellatus,images_fishpix,dinosam,1,117048,640,640,0.2858,../../analysis/approach_1_gmm/segmented_dinosam/Parachaetodon_ocellatus/Parachaetodon_ocellatus_FishPix_89079.png,success
Prognathodes_dichrous_FishPix_85183.jpg,Prognathodes dichrous,images_fishpix,dinosam,1,255305,640,640,0.6233,../../analysis/approach_1_gmm/segmented_dinosam/Prognathodes_dichrous/Prognathodes_dichrous_FishPix_85183.png,success
Prognathodes_guyanensis_FishPix_85184.jpg,Prognathodes guyanensis,images_fishpix,dinosam,2,160311,640,640,0.3914,../../analysis/approach_1_gmm/segmented_dinosam/Prognathodes_guyanensis/Prognathodes_guyanensis_FishPix_85184.png,success
Roa_haraguchiae_FishPix_73261.jpg,Roa haraguchiae,images_fishpix,dinosam,1,2403,640,640,0.0059,../../analysis/approach_1_gmm/segmented_dinosam/Roa_haraguchiae/Roa_haraguchiae_FishPix_73261.png,success
Roa_haraguchiae_FishPix_73306.jpg,Roa haraguchiae,images_fishpix,dinosam,5,267745,640,640,0.6537,../../analysis/approach_1_gmm/segmented_dinosam/Roa_haraguchiae/Roa_haraguchiae_FishPix_73306.png,success
Roa_haraguchiae_FishPix_79633.jpg,Roa haraguchiae,images_fishpix,dinosam,8,266124,640,640,0.6497,../../analysis/approach_1_gmm/segmented_dinosam/Roa_haraguchiae/Roa_haraguchiae_FishPix_79633.png,success
Roa_haraguchiae_FishPix_94030.jpg,Roa haraguchiae,images_fishpix,dinosam,2,266302,640,640,0.6502,../../analysis/approach_1_gmm/segmented_dinosam/Roa_haraguchiae/Roa_haraguchiae_FishPix_94030.png,success
Roa_haraguchiae_FishPix_94031.jpg,Roa haraguchiae,images_fishpix,dinosam,2,33,640,640,0.0001,../../analysis/approach_1_gmm/segmented_dinosam/Roa_haraguchiae/Roa_haraguchiae_FishPix_94031.png,success
Roa_haraguchiae_FishPix_94032.jpg,Roa haraguchiae,images_fishpix,dinosam,3,268992,640,640,0.6567,../../analysis/approach_1_gmm/segmented_dinosam/Roa_haraguchiae/Roa_haraguchiae_FishPix_94032.png,success
Roa_haraguchiae_FishPix_94033.jpg,Roa haraguchiae,images_fishpix,dinosam,5,262568,640,640,0.641,../../analysis/approach_1_gmm/segmented_dinosam/Roa_haraguchiae/Roa_haraguchiae_FishPix_94033.png,success
Roa_haraguchiae_FishPix_94041.jpg,Roa haraguchiae,images_fishpix,dinosam,1,2006,640,640,0.0049,../../analysis/approach_1_gmm/segmented_dinosam/Roa_haraguchiae/Roa_haraguchiae_FishPix_94041.png,success
Roa_haraguchiae_FishPix_94043.jpg,Roa haraguchiae,images_fishpix,dinosam,10,266753,640,640,0.6513,../../analysis/approach_1_gmm/segmented_dinosam/Roa_haraguchiae/Roa_haraguchiae_FishPix_94043.png,success
Roa_modesta_FishPix_10474.jpg,Roa modesta,images_fishpix,dinosam,1,112592,640,640,0.2749,../../analysis/approach_1_gmm/segmented_dinosam/Roa_modesta/Roa_modesta_FishPix_10474.png,success
Roa_modesta_FishPix_107768.jpg,Roa modesta,images_fishpix,dinosam,1,24444,640,640,0.0597,../../analysis/approach_1_gmm/segmented_dinosam/Roa_modesta/Roa_modesta_FishPix_107768.png,success
Roa_modesta_FishPix_13759.jpg,Roa modesta,images_fishpix,dinosam,1,68561,640,640,0.1674,../../analysis/approach_1_gmm/segmented_dinosam/Roa_modesta/Roa_modesta_FishPix_13759.png,success
Roa_modesta_FishPix_13776.jpg,Roa modesta,images_fishpix,dinosam,1,52416,640,640,0.128,../../analysis/approach_1_gmm/segmented_dinosam/Roa_modesta/Roa_modesta_FishPix_13776.png,success
Roa_modesta_FishPix_13810.jpg,Roa modesta,images_fishpix,dinosam,1,787,640,640,0.0019,../../analysis/approach_1_gmm/segmented_dinosam/Roa_modesta/Roa_modesta_FishPix_13810.png,success
Roa_modesta_FishPix_13925.jpg,Roa modesta,images_fishpix,dinosam,4,400856,640,640,0.9787,../../analysis/approach_1_gmm/segmented_dinosam/Roa_modesta/Roa_modesta_FishPix_13925.png,success
Roa_modesta_FishPix_14319.jpg,Roa modesta,images_fishpix,dinosam,2,197703,640,640,0.4827,../../analysis/approach_1_gmm/segmented_dinosam/Roa_modesta/Roa_modesta_FishPix_14319.png,success
Roa_modesta_FishPix_14776.jpg,Roa modesta,images_fishpix,dinosam,1,8080,640,640,0.0197,../../analysis/approach_1_gmm/segmented_dinosam/Roa_modesta/Roa_modesta_FishPix_14776.png,success
Roa_modesta_FishPix_148412.jpg,Roa modesta,images_fishpix,dinosam,1,27643,640,640,0.0675,../../analysis/approach_1_gmm/segmented_dinosam/Roa_modesta/Roa_modesta_FishPix_148412.png,success
Roa_modesta_FishPix_148413.jpg,Roa modesta,images_fishpix,dinosam,2,199789,640,640,0.4878,../../analysis/approach_1_gmm/segmented_dinosam/Roa_modesta/Roa_modesta_FishPix_148413.png,success
Roa_modesta_FishPix_148504.jpg,Roa modesta,images_fishpix,dinosam,2,136063,640,640,0.3322,../../analysis/approach_1_gmm/segmented_dinosam/Roa_modesta/Roa_modesta_FishPix_148504.png,success
Roa_modesta_FishPix_148515.jpg,Roa modesta,images_fishpix,dinosam,3,269267,640,640,0.6574,../../analysis/approach_1_gmm/segmented_dinosam/Roa_modesta/Roa_modesta_FishPix_148515.png,success
Roa_modesta_FishPix_148707.jpg,Roa modesta,images_fishpix,dinosam,1,74401,640,640,0.1816,../../analysis/approach_1_gmm/segmented_dinosam/Roa_modesta/Roa_modesta_FishPix_148707.png,success
Roa_modesta_FishPix_15145.jpg,Roa modesta,images_fishpix,dinosam,1,23826,640,640,0.0582,../../analysis/approach_1_gmm/segmented_dinosam/Roa_modesta/Roa_modesta_FishPix_15145.png,success
Roa_modesta_FishPix_154585.jpg,Roa modesta,images_fishpix,dinosam,2,269089,640,640,0.657,../../analysis/approach_1_gmm/segmented_dinosam/Roa_modesta/Roa_modesta_FishPix_154585.png,success
Roa_modesta_FishPix_1583.jpg,Roa modesta,images_fishpix,dinosam,1,116586,640,640,0.2846,../../analysis/approach_1_gmm/segmented_dinosam/Roa_modesta/Roa_modesta_FishPix_1583.png,success
Roa_modesta_FishPix_161414.jpg,Roa modesta,images_fishpix,dinosam,1,6900,640,640,0.0168,../../analysis/approach_1_gmm/segmented_dinosam/Roa_modesta/Roa_modesta_FishPix_161414.png,success
Roa_modesta_FishPix_16434.jpg,Roa modesta,images_fishpix,dinosam,2,361263,640,640,0.882,../../analysis/approach_1_gmm/segmented_dinosam/Roa_modesta/Roa_modesta_FishPix_16434.png,success
Roa_modesta_FishPix_17178.jpg,Roa modesta,images_fishpix,dinosam,1,68416,640,640,0.167,../../analysis/approach_1_gmm/segmented_dinosam/Roa_modesta/Roa_modesta_FishPix_17178.png,success
Roa_modesta_FishPix_180235.jpg,Roa modesta,images_fishpix,dinosam,1,347,640,640,0.0008,../../analysis/approach_1_gmm/segmented_dinosam/Roa_modesta/Roa_modesta_FishPix_180235.png,success
Roa_modesta_FishPix_180239.jpg,Roa modesta,images_fishpix,dinosam,1,9114,640,640,0.0223,../../analysis/approach_1_gmm/segmented_dinosam/Roa_modesta/Roa_modesta_FishPix_180239.png,success
Roa_modesta_FishPix_180258.jpg,Roa modesta,images_fishpix,dinosam,1,5865,640,640,0.0143,../../analysis/approach_1_gmm/segmented_dinosam/Roa_modesta/Roa_modesta_FishPix_180258.png,success
Roa_modesta_FishPix_180297.jpg,Roa modesta,images_fishpix,dinosam,1,9045,640,640,0.0221,../../analysis/approach_1_gmm/segmented_dinosam/Roa_modesta/Roa_modesta_FishPix_180297.png,success
Roa_modesta_FishPix_181328.jpg,Roa modesta,images_fishpix,dinosam,1,21686,640,640,0.0529,../../analysis/approach_1_gmm/segmented_dinosam/Roa_modesta/Roa_modesta_FishPix_181328.png,success
Roa_modesta_FishPix_181329.jpg,Roa modesta,images_fishpix,dinosam,1,5611,640,640,0.0137,../../analysis/approach_1_gmm/segmented_dinosam/Roa_modesta/Roa_modesta_FishPix_181329.png,success
Roa_modesta_FishPix_198233.jpg,Roa modesta,images_fishpix,dinosam,1,55406,640,439,0.1972,../../analysis/approach_1_gmm/segmented_dinosam/Roa_modesta/Roa_modesta_FishPix_198233.png,success
Roa_modesta_FishPix_198234.jpg,Roa modesta,images_fishpix,dinosam,1,264004,640,480,0.8594,../../analysis/approach_1_gmm/segmented_dinosam/Roa_modesta/Roa_modesta_FishPix_198234.png,success
Roa_modesta_FishPix_198889.jpg,Roa modesta,images_fishpix,dinosam,1,156801,640,427,0.5738,../../analysis/approach_1_gmm/segmented_dinosam/Roa_modesta/Roa_modesta_FishPix_198889.png,success
Roa_modesta_FishPix_2032.jpg,Roa modesta,images_fishpix,dinosam,3,361181,640,640,0.8818,../../analysis/approach_1_gmm/segmented_dinosam/Roa_modesta/Roa_modesta_FishPix_2032.png,success
Roa_modesta_FishPix_204030.jpg,Roa modesta,images_fishpix,dinosam,1,73666,640,640,0.1798,../../analysis/approach_1_gmm/segmented_dinosam/Roa_modesta/Roa_modesta_FishPix_204030.png,success
Roa_modesta_FishPix_204031.jpg,Roa modesta,images_fishpix,dinosam,3,4287,640,640,0.0105,../../analysis/approach_1_gmm/segmented_dinosam/Roa_modesta/Roa_modesta_FishPix_204031.png,success
Roa_modesta_FishPix_204034.jpg,Roa modesta,images_fishpix,dinosam,1,38144,640,640,0.0931,../../analysis/approach_1_gmm/segmented_dinosam/Roa_modesta/Roa_modesta_FishPix_204034.png,success
Roa_modesta_FishPix_205024.jpg,Roa modesta,images_fishpix,dinosam,1,199653,640,640,0.4874,../../analysis/approach_1_gmm/segmented_dinosam/Roa_modesta/Roa_modesta_FishPix_205024.png,success
Roa_modesta_FishPix_205984.jpg,Roa modesta,images_fishpix,dinosam,3,177568,640,640,0.4335,../../analysis/approach_1_gmm/segmented_dinosam/Roa_modesta/Roa_modesta_FishPix_205984.png,success
Roa_modesta_FishPix_207321.jpg,Roa modesta,images_fishpix,dinosam,2,103088,640,640,0.2517,../../analysis/approach_1_gmm/segmented_dinosam/Roa_modesta/Roa_modesta_FishPix_207321.png,success
Roa_modesta_FishPix_21135.jpg,Roa modesta,images_fishpix,dinosam,1,364565,640,640,0.8901,../../analysis/approach_1_gmm/segmented_dinosam/Roa_modesta/Roa_modesta_FishPix_21135.png,success
Roa_modesta_FishPix_22145.jpg,Roa modesta,images_fishpix,dinosam,2,251573,640,640,0.6142,../../analysis/approach_1_gmm/segmented_dinosam/Roa_modesta/Roa_modesta_FishPix_22145.png,success
Roa_modesta_FishPix_23027.jpg,Roa modesta,images_fishpix,dinosam,2,917,640,640,0.0022,../../analysis/approach_1_gmm/segmented_dinosam/Roa_modesta/Roa_modesta_FishPix_23027.png,success
Roa_modesta_FishPix_24422.jpg,Roa modesta,images_fishpix,dinosam,1,857,640,640,0.0021,../../analysis/approach_1_gmm/segmented_dinosam/Roa_modesta/Roa_modesta_FishPix_24422.png,success
Roa_modesta_FishPix_24822.jpg,Roa modesta,images_fishpix,dinosam,4,18218,640,640,0.0445,../../analysis/approach_1_gmm/segmented_dinosam/Roa_modesta/Roa_modesta_FishPix_24822.png,success
Roa_modesta_FishPix_28569.jpg,Roa modesta,images_fishpix,dinosam,1,86975,640,640,0.2123,../../analysis/approach_1_gmm/segmented_dinosam/Roa_modesta/Roa_modesta_FishPix_28569.png,success
Roa_modesta_FishPix_28964.jpg,Roa modesta,images_fishpix,dinosam,1,61854,640,464,0.2083,../../analysis/approach_1_gmm/segmented_dinosam/Roa_modesta/Roa_modesta_FishPix_28964.png,success
Roa_modesta_FishPix_33098.jpg,Roa modesta,images_fishpix,dinosam,2,74696,640,640,0.1824,../../analysis/approach_1_gmm/segmented_dinosam/Roa_modesta/Roa_modesta_FishPix_33098.png,success
Roa_modesta_FishPix_33140.jpg,Roa modesta,images_fishpix,dinosam,1,4280,640,640,0.0104,../../analysis/approach_1_gmm/segmented_dinosam/Roa_modesta/Roa_modesta_FishPix_33140.png,success
Roa_modesta_FishPix_35320.jpg,Roa modesta,images_fishpix,dinosam,1,141761,640,640,0.3461,../../analysis/approach_1_gmm/segmented_dinosam/Roa_modesta/Roa_modesta_FishPix_35320.png,success
Roa_modesta_FishPix_37978.jpg,Roa modesta,images_fishpix,dinosam,1,89080,640,640,0.2175,../../analysis/approach_1_gmm/segmented_dinosam/Roa_modesta/Roa_modesta_FishPix_37978.png,success
Roa_modesta_FishPix_3871.jpg,Roa modesta,images_fishpix,dinosam,1,75536,640,640,0.1844,../../analysis/approach_1_gmm/segmented_dinosam/Roa_modesta/Roa_modesta_FishPix_3871.png,success
Roa_modesta_FishPix_3872.jpg,Roa modesta,images_fishpix,dinosam,1,201712,640,640,0.4925,../../analysis/approach_1_gmm/segmented_dinosam/Roa_modesta/Roa_modesta_FishPix_3872.png,success
Roa_modesta_FishPix_3873.jpg,Roa modesta,images_fishpix,dinosam,1,228019,640,640,0.5567,../../analysis/approach_1_gmm/segmented_dinosam/Roa_modesta/Roa_modesta_FishPix_3873.png,success
Roa_modesta_FishPix_3874.jpg,Roa modesta,images_fishpix,dinosam,1,184384,640,640,0.4502,../../analysis/approach_1_gmm/segmented_dinosam/Roa_modesta/Roa_modesta_FishPix_3874.png,success
Roa_modesta_FishPix_3875.jpg,Roa modesta,images_fishpix,dinosam,2,205355,640,640,0.5014,../../analysis/approach_1_gmm/segmented_dinosam/Roa_modesta/Roa_modesta_FishPix_3875.png,success
Roa_modesta_FishPix_3876.jpg,Roa modesta,images_fishpix,dinosam,2,197866,640,640,0.4831,../../analysis/approach_1_gmm/segmented_dinosam/Roa_modesta/Roa_modesta_FishPix_3876.png,success
Roa_modesta_FishPix_3877.jpg,Roa modesta,images_fishpix,dinosam,1,191,640,640,0.0005,../../analysis/approach_1_gmm/segmented_dinosam/Roa_modesta/Roa_modesta_FishPix_3877.png,success
Roa_modesta_FishPix_3878.jpg,Roa modesta,images_fishpix,dinosam,3,97884,640,640,0.239,../../analysis/approach_1_gmm/segmented_dinosam/Roa_modesta/Roa_modesta_FishPix_3878.png,success
Roa_modesta_FishPix_474.jpg,Roa modesta,images_fishpix,dinosam,1,47068,640,640,0.1149,../../analysis/approach_1_gmm/segmented_dinosam/Roa_modesta/Roa_modesta_FishPix_474.png,success
Roa_modesta_FishPix_479.jpg,Roa modesta,images_fishpix,dinosam,1,280466,640,640,0.6847,../../analysis/approach_1_gmm/segmented_dinosam/Roa_modesta/Roa_modesta_FishPix_479.png,success
Roa_modesta_FishPix_51662.jpg,Roa modesta,images_fishpix,dinosam,1,96748,640,640,0.2362,../../analysis/approach_1_gmm/segmented_dinosam/Roa_modesta/Roa_modesta_FishPix_51662.png,success
Roa_modesta_FishPix_51663.jpg,Roa modesta,images_fishpix,dinosam,1,44498,640,640,0.1086,../../analysis/approach_1_gmm/segmented_dinosam/Roa_modesta/Roa_modesta_FishPix_51663.png,success
Roa_modesta_FishPix_51664.jpg,Roa modesta,images_fishpix,dinosam,1,394370,640,640,0.9628,../../analysis/approach_1_gmm/segmented_dinosam/Roa_modesta/Roa_modesta_FishPix_51664.png,success
Roa_modesta_FishPix_58708.jpg,Roa modesta,images_fishpix,dinosam,1,392992,640,640,0.9595,../../analysis/approach_1_gmm/segmented_dinosam/Roa_modesta/Roa_modesta_FishPix_58708.png,success
Roa_modesta_FishPix_58930.jpg,Roa modesta,images_fishpix,dinosam,1,395071,640,640,0.9645,../../analysis/approach_1_gmm/segmented_dinosam/Roa_modesta/Roa_modesta_FishPix_58930.png,success
Roa_modesta_FishPix_59420.jpg,Roa modesta,images_fishpix,dinosam,1,70869,640,640,0.173,../../analysis/approach_1_gmm/segmented_dinosam/Roa_modesta/Roa_modesta_FishPix_59420.png,success
Roa_modesta_FishPix_61486.jpg,Roa modesta,images_fishpix,dinosam,1,1249,640,640,0.003,../../analysis/approach_1_gmm/segmented_dinosam/Roa_modesta/Roa_modesta_FishPix_61486.png,success
Roa_modesta_FishPix_61641.jpg,Roa modesta,images_fishpix,dinosam,3,282267,640,640,0.6891,../../analysis/approach_1_gmm/segmented_dinosam/Roa_modesta/Roa_modesta_FishPix_61641.png,success
Roa_modesta_FishPix_79080.jpg,Roa modesta,images_fishpix,dinosam,3,172811,640,640,0.4219,../../analysis/approach_1_gmm/segmented_dinosam/Roa_modesta/Roa_modesta_FishPix_79080.png,success
Roa_modesta_FishPix_80243.jpg,Roa modesta,images_fishpix,dinosam,1,66294,640,640,0.1619,../../analysis/approach_1_gmm/segmented_dinosam/Roa_modesta/Roa_modesta_FishPix_80243.png,success
Roa_modesta_FishPix_8034.jpg,Roa modesta,images_fishpix,dinosam,1,65181,640,640,0.1591,../../analysis/approach_1_gmm/segmented_dinosam/Roa_modesta/Roa_modesta_FishPix_8034.png,success
Roa_modesta_FishPix_83449.jpg,Roa modesta,images_fishpix,dinosam,5,265413,640,639,0.649,../../analysis/approach_1_gmm/segmented_dinosam/Roa_modesta/Roa_modesta_FishPix_83449.png,success
Roa_modesta_FishPix_83966.jpg,Roa modesta,images_fishpix,dinosam,3,270709,640,639,0.6619,../../analysis/approach_1_gmm/segmented_dinosam/Roa_modesta/Roa_modesta_FishPix_83966.png,success
Roa_modesta_FishPix_8716.jpg,Roa modesta,images_fishpix,dinosam,1,40748,640,640,0.0995,../../analysis/approach_1_gmm/segmented_dinosam/Roa_modesta/Roa_modesta_FishPix_8716.png,success
Roa_modesta_FishPix_90260.jpg,Roa modesta,images_fishpix,dinosam,2,287424,640,640,0.7017,../../analysis/approach_1_gmm/segmented_dinosam/Roa_modesta/Roa_modesta_FishPix_90260.png,success
Roa_modesta_FishPix_90261.jpg,Roa modesta,images_fishpix,dinosam,3,230493,640,640,0.5627,../../analysis/approach_1_gmm/segmented_dinosam/Roa_modesta/Roa_modesta_FishPix_90261.png,success
Roa_modesta_FishPix_981.jpg,Roa modesta,images_fishpix,dinosam,1,401299,640,640,0.9797,../../analysis/approach_1_gmm/segmented_dinosam/Roa_modesta/Roa_modesta_FishPix_981.png,success
Roa_modesta_FishPix_990.jpg,Roa modesta,images_fishpix,dinosam,1,370075,640,640,0.9035,../../analysis/approach_1_gmm/segmented_dinosam/Roa_modesta/Roa_modesta_FishPix_990.png,success
