filename,species,directory,n_components,largest_component_frac,fragmentation_score,compactness,solidity,margin_bleed_frac,mask_fraction,species_median_mask_frac,mask_frac_ratio,center_offset,convex_hull_area,quality_score,flag_fragmented,flag_bg_inclusion,flag_small_mask,flag_margin_bleed,n_flags,recommended_action
Amphichaetodon_howensis_Bishop_-1464681654.jpg,Amphichaetodon howensis,images_bishop,2,1.0,0.0,0.3054,0.7925,0.0,0.4097,0.2289,1.7899,0.0235,234667,0.9362,no,no,no,no,0,ok
Amphichaetodon_howensis_Bishop_-369771762.jpg,Amphichaetodon howensis,images_bishop,1,1.0,0.0,0.2919,0.7972,0.0,0.4677,0.2289,2.0433,0.0203,238997,0.927,no,no,no,no,0,ok
Amphichaetodon_howensis_Bishop_472868867 Background Removed.png,Amphichaetodon howensis,images_bishop,1,1.0,0.0,0.3081,0.8031,0.0,0.4213,0.2289,1.8405,0.0056,230224,0.9371,no,no,no,no,0,ok
Amphichaetodon_howensis_Bishop_472868867.jpg,Amphichaetodon howensis,images_bishop,1,1.0,0.0,0.3065,0.8058,0.0,0.4176,0.2289,1.8244,0.0057,228763,0.9386,no,no,no,no,0,ok
Amphichaetodon_howensis_FishBase_Amhow_u0.jpg,Amphichaetodon howensis,images_fishbase_extra,1,1.0,0.0,0.1021,0.5623,0.0,0.1384,0.2289,0.6046,0.1479,96654,0.8636,no,yes,no,no,1,review
Amphichaetodon_howensis_FishBase_Amhow_u1.jpg,Amphichaetodon howensis,images_fishbase_extra,1,1.0,0.0,0.3066,0.7975,0.0,0.4015,0.2289,1.754,0.0037,129046,0.9393,no,no,no,no,0,ok
Amphichaetodon_howensis_FishBase_Amhow_u2.jpg,Amphichaetodon howensis,images_fishbase_extra,2,1.0,0.0,0.3046,0.7884,0.0,0.4101,0.2289,1.7916,0.0237,134428,0.9349,no,no,no,no,0,ok
Amphichaetodon_howensis_FishBase_Amhow_u3.jpg,Amphichaetodon howensis,images,1,1.0,0.0,0.2827,0.8055,0.0,0.4671,0.2289,2.0406,0.0206,133089,0.9296,no,no,no,no,0,ok
Amphichaetodon_howensis_FishWise_030360F000024W000002.jpg,Amphichaetodon howensis,images_fishwise,1,1.0,0.0,0.129,0.6214,0.0,0.1531,0.2289,0.6689,0.151,63481,0.8921,no,yes,no,no,1,review
Amphichaetodon_howensis_FishWise_030360F000024W000003.jpg,Amphichaetodon howensis,images_fishwise,1,1.0,0.0,0.3039,0.7866,0.0,0.4088,0.2289,1.7859,0.023,103647,0.9346,no,no,no,no,0,ok
Amphichaetodon_howensis_FishWise_030360F000048W000001.gif,Amphichaetodon howensis,images_fishwise,1,1.0,0.0,0.4106,0.8509,0.0,0.3351,0.2289,1.464,0.0137,99295,0.9695,no,no,no,no,0,ok
Amphichaetodon_howensis_FishWise_030360F007696W000006.jpg,Amphichaetodon howensis,images_fishwise,1,1.0,0.0,0.3054,0.8247,0.0,0.3005,0.2289,1.3128,0.0337,104940,0.9706,no,no,no,no,0,ok
Amphichaetodon_howensis_FishWise_030360F007696W000007.jpg,Amphichaetodon howensis,images_fishwise,1,1.0,0.0,0.3665,0.8285,0.0,0.2048,0.2289,0.8947,0.0549,78787,0.9846,no,no,no,no,0,ok
Amphichaetodon_howensis_FishWise_030360F008947W000008.JPG,Amphichaetodon howensis,images_fishwise,1,1.0,0.0,0.3609,0.8311,0.0,0.1897,0.2289,0.8287,0.0193,79308,0.9793,no,no,no,no,0,ok
Amphichaetodon_howensis_iNaturalist_11105384.jpg,Amphichaetodon howensis,images_inaturalist,1,1.0,0.0,0.4106,0.8387,0.0,0.2757,0.2289,1.2045,0.0809,231931,0.9817,no,no,no,no,0,ok
Amphichaetodon_howensis_iNaturalist_33167253.jpg,Amphichaetodon howensis,images_inaturalist,4,0.4051,0.5949,0.6195,0.2541,0.1725,0.1576,0.2289,0.6885,0.101,59055,0.5487,yes,yes,no,no,2,resegment_dinosam
Amphichaetodon_howensis_iNaturalist_33719286.jpg,Amphichaetodon howensis,images_inaturalist,1,1.0,0.0,0.6865,0.8633,0.0,0.0308,0.2289,0.1346,0.0403,32713,0.8395,no,no,yes,no,1,review
Amphichaetodon_howensis_iNaturalist_33719401.jpg,Amphichaetodon howensis,images_inaturalist,2,0.6027,0.3973,0.5482,0.4144,0.0,0.0202,0.2289,0.0882,0.291,16707,0.5361,no,yes,yes,no,2,resegment_dinosam
Amphichaetodon_howensis_iNaturalist_33719403.jpg,Amphichaetodon howensis,images_inaturalist,1,1.0,0.0,0.5615,0.8387,0.039,0.0324,0.2289,0.1415,0.5278,30367,0.8324,no,no,yes,no,1,review
Amphichaetodon_howensis_iNaturalist_384666682.jpg,Amphichaetodon howensis,images_inaturalist,1,1.0,0.0,0.6033,0.7978,0.0,0.068,0.2289,0.2971,0.0302,67238,0.8872,no,no,yes,no,1,review
Amphichaetodon_howensis_iNaturalist_392179799.jpg,Amphichaetodon howensis,images_inaturalist,2,0.6783,0.3217,0.8461,0.5632,0.0,0.1334,0.2289,0.5828,0.1613,73055,0.7582,no,yes,no,no,1,review
Amphichaetodon_howensis_iNaturalist_405964908.jpg,Amphichaetodon howensis,images_inaturalist,1,1.0,0.0,0.5929,0.883,0.0,0.0648,0.2289,0.2831,0.0523,83496,0.899,no,no,yes,no,1,review
Amphichaetodon_howensis_iNaturalist_593017609.jpg,Amphichaetodon howensis,images_inaturalist,1,1.0,0.0,0.5366,0.7998,0.0,0.0886,0.2289,0.3871,0.0236,94014,0.909,no,no,no,no,0,ok
Amphichaetodon_melbae_Bishop_-1115161976.jpg,Amphichaetodon melbae,images_bishop,1,1.0,0.0,0.2708,0.794,0.0,0.4042,0.443,0.9124,0.0183,227288,0.9759,no,no,no,no,0,ok
Amphichaetodon_melbae_FishBase_Ammel_u0.jpg,Amphichaetodon melbae,images,1,1.0,0.0,0.2568,0.789,0.0,0.4009,0.443,0.905,0.0196,127984,0.9737,no,no,no,no,0,ok
Amphichaetodon_melbae_FishWise_043655F000024W000001.jpg,Amphichaetodon melbae,images_fishwise,1,1.0,0.0,0.2455,0.7838,0.0,0.4088,0.443,0.9228,0.0213,97992,0.9737,no,no,no,no,0,ok
Amphichaetodon_melbae_iNaturalist_462963831.jpg,Amphichaetodon melbae,images_inaturalist,1,1.0,0.0,0.8518,0.9456,0.0,0.0296,0.443,0.0668,0.0218,35830,0.7835,no,no,yes,no,1,review
Amphichaetodon_melbae_iNaturalist_510100646.jpg,Amphichaetodon melbae,images_inaturalist,1,1.0,0.0,0.417,0.8025,0.0,0.1676,0.443,0.3783,0.0757,203064,0.908,no,no,no,no,0,ok
Amphichaetodon_melbae_iNaturalist_510100653.jpg,Amphichaetodon melbae,images_inaturalist,1,1.0,0.0,0.3955,0.7945,0.0,0.2408,0.443,0.5436,0.0549,240273,0.9346,no,no,no,no,0,ok
Amphichaetodon_melbae_iNaturalist_577502906.jpg,Amphichaetodon melbae,images_inaturalist,5,0.9998,0.0002,0.5477,0.9416,0.42,0.8315,0.443,1.877,0.0547,693888,0.8656,no,yes,no,yes,2,resegment_dinosam
Chaetodon_adiergastos_Bishop_1979529705.jpg,Chaetodon adiergastos,images_bishop,1,1.0,0.0,0.5933,0.9131,0.0,0.5464,0.2966,1.8419,0.0284,229765,0.9511,no,no,no,no,0,ok
Chaetodon_adiergastos_FishBaseUser_1354818522_86.28.236.182.jpg,Chaetodon adiergastos,images_fishbase_usercontrib,1,1.0,0.0,0.6681,0.9412,0.0,0.4772,0.2966,1.6086,0.0363,358989,0.962,no,no,no,no,0,ok
Chaetodon_adiergastos_FishBaseUser_1508793657_172.68.102.54.jpg,Chaetodon adiergastos,images_fishbase_usercontrib,1,1.0,0.0,0.7657,0.9354,0.0034,0.3186,0.2966,1.074,0.0814,1803546,0.9936,no,no,no,no,0,ok
Chaetodon_adiergastos_FishBaseUser_1577140639_172.68.102.128.jpg,Chaetodon adiergastos,images_fishbase_usercontrib,1,1.0,0.0,0.9348,0.9896,0.0,0.1026,0.2966,0.3459,0.0608,421186,0.9151,no,no,no,no,0,ok
Chaetodon_adiergastos_FishBaseUser_1577140803_172.68.102.30.jpg,Chaetodon adiergastos,images_fishbase_usercontrib,1,1.0,0.0,0.9874,0.9929,0.0,0.0889,0.2966,0.2997,0.1303,1763785,0.9036,no,no,yes,no,1,review
Chaetodon_adiergastos_FishBaseUser_1610273317_172.68.243.13.jpg,Chaetodon adiergastos,images_fishbase_usercontrib,1,1.0,0.0,0.9207,0.9905,0.0,0.3607,0.2966,1.2159,0.0717,2824252,0.9844,no,no,no,no,0,ok
Chaetodon_adiergastos_FishBaseUser_1747224353_95.95.129.49.jpg,Chaetodon adiergastos,images_fishbase_usercontrib,1,1.0,0.0,0.9187,0.9224,0.0,0.2698,0.2966,0.9095,0.1023,2540818,0.9924,no,no,no,no,0,ok
Chaetodon_adiergastos_FishBaseUser_1753598392_219.73.75.40.jpg,Chaetodon adiergastos,images_fishbase_usercontrib,1,1.0,0.0,0.8321,0.98,0.0,0.0862,0.2966,0.2906,0.0195,917548,0.9011,no,no,yes,no,1,review
Chaetodon_adiergastos_FishBase_Chadi_u0.jpg,Chaetodon adiergastos,images_fishbase_extra,7,0.2386,0.7614,0.9671,0.3996,0.0801,0.2479,0.2966,0.8357,0.0362,18668,0.568,yes,yes,no,no,2,resegment_dinosam
Chaetodon_adiergastos_FishBase_Chadi_u1.jpg,Chaetodon adiergastos,images_fishbase_extra,1,1.0,0.0,0.596,0.9138,0.0,0.5461,0.2966,1.8409,0.0286,129082,0.9512,no,no,no,no,0,ok
Chaetodon_adiergastos_FishBase_Chadi_u2.jpg,Chaetodon adiergastos,images_fishbase_extra,1,1.0,0.0,0.8034,0.9791,0.0,0.4085,0.2966,1.377,0.0274,117764,0.9744,no,no,no,no,0,ok
Chaetodon_adiergastos_FishBase_Chadi_u3.jpg,Chaetodon adiergastos,images_fishbase_extra,1,1.0,0.0,1.0524,0.9924,0.0,0.0877,0.2966,0.2956,0.1538,27608,0.9025,no,no,yes,no,1,review
Chaetodon_adiergastos_FishBase_Chadi_u4.jpg,Chaetodon adiergastos,images_fishbase_extra,1,1.0,0.0,0.9703,0.991,0.0,0.3798,0.2966,1.2803,0.0762,143689,0.9802,no,no,no,no,0,ok
Chaetodon_adiergastos_FishPix_28455AF.jpg,Chaetodon adiergastos,images,1,1.0,0.0,0.848,0.9808,0.0,0.1784,0.2966,0.6014,0.0051,110101,0.9593,no,no,no,no,0,ok
Chaetodon_adiergastos_FishWise_000669F000009W000005.jpg,Chaetodon adiergastos,images_fishwise,1,1.0,0.0,0.8638,0.9875,0.0,0.2545,0.2966,0.8579,0.0348,76309,0.9877,no,no,no,no,0,ok
Chaetodon_adiergastos_FishWise_000669F000009W000007.jpg,Chaetodon adiergastos,images_fishwise,1,1.0,0.0,0.9152,0.9351,0.0,0.2297,0.2966,0.7743,0.015,70729,0.9795,no,no,no,no,0,ok
Chaetodon_adiergastos_FishWise_000669F000009W000008.jpg,Chaetodon adiergastos,images_fishwise,1,1.0,0.0,0.7715,0.9815,0.0,0.3315,0.2966,1.1175,0.0247,97277,0.9911,no,no,no,no,0,ok
Chaetodon_adiergastos_FishWise_000669F000009W000009.jpg,Chaetodon adiergastos,images_fishwise,1,1.0,0.0,0.8865,0.9947,0.0,0.325,0.2966,1.0956,0.0192,110460,0.9927,no,no,no,no,0,ok
Chaetodon_adiergastos_FishWise_000669F000009W000010.jpg,Chaetodon adiergastos,images_fishwise,3,0.9999,0.0001,0.8556,0.9873,0.0,0.23,0.2966,0.7753,0.0063,88369,0.9796,no,no,no,no,0,ok
Chaetodon_adiergastos_FishWise_000669F000009W000011.jpg,Chaetodon adiergastos,images_fishwise,1,1.0,0.0,0.8852,0.9835,0.0,0.2461,0.2966,0.8296,0.0201,84005,0.9851,no,no,no,no,0,ok
Chaetodon_adiergastos_FishWise_000669F000009W000012.jpg,Chaetodon adiergastos,images_fishwise,1,1.0,0.0,0.5314,0.9009,0.0,0.2726,0.2966,0.9189,0.0339,97186,0.9932,no,no,no,no,0,ok
Chaetodon_adiergastos_FishWise_000669F000009W000013.jpg,Chaetodon adiergastos,images_fishwise,1,1.0,0.0,0.7444,0.9697,0.0,0.2075,0.2966,0.6995,0.0176,73513,0.9714,no,no,no,no,0,ok
Chaetodon_adiergastos_FishWise_000669F000024W000001.jpg,Chaetodon adiergastos,images_fishwise,4,0.3285,0.6715,0.6613,0.492,0.0,0.2192,0.2966,0.7389,0.0152,23625,0.6334,yes,yes,no,no,2,resegment_dinosam
Chaetodon_adiergastos_FishWise_000669F000024W000002.jpg,Chaetodon adiergastos,images_fishwise,1,1.0,0.0,0.6094,0.9095,0.0,0.3232,0.2966,1.0895,0.0252,90524,0.9931,no,no,no,no,0,ok
Chaetodon_adiergastos_FishWise_000669F000031W000004.jpg,Chaetodon adiergastos,images_fishwise,1,1.0,0.0,0.8745,0.984,0.0,0.2858,0.2966,0.9634,0.016,76638,0.997,no,no,no,no,0,ok
Chaetodon_adiergastos_FishWise_000669F000110W000003.jpg,Chaetodon adiergastos,images_fishwise,1,1.0,0.0,0.7812,0.9796,0.0,0.3706,0.2966,1.2493,0.0263,90623,0.9822,no,no,no,no,0,ok
Chaetodon_adiergastos_FishWise_000669F000387W000006.jpg,Chaetodon adiergastos,images_fishwise,1,1.0,0.0,0.9388,0.9882,0.0,0.3779,0.2966,1.2739,0.0219,110137,0.9806,no,no,no,no,0,ok
Chaetodon_adiergastos_FishWise_000669F000387W000014.jpg,Chaetodon adiergastos,images_fishwise,1,1.0,0.0,0.8303,0.9834,0.0,0.3008,0.2966,1.014,0.0202,88079,0.9989,no,no,no,no,0,ok
Chaetodon_adiergastos_FishWise_000669F000492W000015.jpg,Chaetodon adiergastos,images_fishwise,1,1.0,0.0,0.5455,0.8712,0.0,0.2889,0.2966,0.9739,0.0156,138303,0.9979,no,no,no,no,0,ok
Chaetodon_adiergastos_iNaturalist_18099243.jpg,Chaetodon adiergastos,images_inaturalist,1,1.0,0.0,0.763,0.9584,0.0,0.2159,0.2966,0.7278,0.0908,157559,0.9746,no,no,no,no,0,ok
Chaetodon_adiergastos_iNaturalist_19737434.jpg,Chaetodon adiergastos,images_inaturalist,1,1.0,0.0,0.7902,0.9473,0.0066,0.3527,0.2966,1.1889,0.1213,369070,0.9848,no,no,no,no,0,ok
Chaetodon_adiergastos_iNaturalist_264257791.jpg,Chaetodon adiergastos,images_inaturalist,1,1.0,0.0,1.0579,0.9968,0.0,0.0931,0.2966,0.3138,0.0253,99241,0.9073,no,no,no,no,0,ok
Chaetodon_adiergastos_iNaturalist_275485797.jpg,Chaetodon adiergastos,images_inaturalist,1,1.0,0.0,0.8475,0.985,0.0,0.1215,0.2966,0.4096,0.0382,123678,0.9286,no,no,no,no,0,ok
Chaetodon_adiergastos_iNaturalist_312479934.jpg,Chaetodon adiergastos,images_inaturalist,1,1.0,0.0,0.7786,0.9648,0.0,0.1987,0.2966,0.6698,0.0999,172733,0.9679,no,no,no,no,0,ok
Chaetodon_adiergastos_iNaturalist_341061286.jpg,Chaetodon adiergastos,images_inaturalist,1,1.0,0.0,0.5223,0.9185,0.0,0.4028,0.2966,1.3578,0.0382,430127,0.9755,no,no,no,no,0,ok
Chaetodon_adiergastos_iNaturalist_432980114.jpg,Chaetodon adiergastos,images_inaturalist,1,1.0,0.0,1.0246,0.9952,0.0,0.1702,0.2966,0.5737,0.0703,140603,0.9556,no,no,no,no,0,ok
Chaetodon_adiergastos_iNaturalist_468973634.jpg,Chaetodon adiergastos,images_inaturalist,1,1.0,0.0,0.8841,0.9467,0.0,0.0707,0.2966,0.2383,0.0415,58731,0.8853,no,no,yes,no,1,review
Chaetodon_adiergastos_iNaturalist_556364227.jpg,Chaetodon adiergastos,images_inaturalist,1,1.0,0.0,0.8444,0.9822,0.0,0.2179,0.2966,0.7345,0.0239,155169,0.9753,no,no,no,no,0,ok
Chaetodon_andamanensis_Bishop_-322272266.jpg,Chaetodon andamanensis,images_bishop,1,1.0,0.0,0.4248,0.9036,0.0,0.4161,0.3139,1.3256,0.0243,258352,0.9775,no,no,no,no,0,ok
Chaetodon_andamanensis_FishBaseUser_1452839533_94.198.18.55.jpg,Chaetodon andamanensis,images_fishbase_usercontrib,1,1.0,0.0,0.5161,0.8654,0.0,0.3139,0.3139,1.0,0.0368,871897,1,no,no,no,no,0,ok
Chaetodon_andamanensis_FishBaseUser_1739413117_172.71.124.122.jpg,Chaetodon andamanensis,images_fishbase_usercontrib,1,1.0,0.0,0.737,0.9687,0.0,0.371,0.3139,1.1819,0.0123,478379,0.9866,no,no,no,no,0,ok
Chaetodon_andamanensis_FishBaseUser_1747224556_95.95.129.49.jpg,Chaetodon andamanensis,images_fishbase_usercontrib,1,1.0,0.0,0.6947,0.967,0.0,0.0648,0.3139,0.2064,0.0453,1311583,0.8738,no,no,yes,no,1,review
Chaetodon_andamanensis_FishBase_Chand_j0.jpg,Chaetodon andamanensis,images_fishbase_extra,2,1.0,0.0,0.6874,0.9096,0.0507,0.4854,0.3139,1.5464,0.1648,160959,0.955,no,no,no,no,0,ok
Chaetodon_andamanensis_FishBase_Chand_u0.jpg,Chaetodon andamanensis,images_fishbase_extra,1,1.0,0.0,0.4559,0.8989,0.0,0.509,0.3139,1.6215,0.0275,146015,0.9613,no,no,no,no,0,ok
Chaetodon_andamanensis_FishBase_Chand_u1.jpg,Chaetodon andamanensis,images_fishbase_extra,3,0.9994,0.0006,0.4892,0.9103,0.0,0.2958,0.3139,0.9423,0.0882,115727,0.995,no,no,no,no,0,ok
Chaetodon_andamanensis_FishPix_88987AF.jpg,Chaetodon andamanensis,images,1,1.0,0.0,1.1103,1.0072,0.0,0.2431,0.3139,0.7745,0.026,156813,0.9796,no,no,no,no,0,ok
Chaetodon_andamanensis_iNaturalist_173829490.jpg,Chaetodon andamanensis,images_inaturalist,1,1.0,0.0,0.8459,0.9955,0.0,0.0921,0.3139,0.2934,0.068,100807,0.9019,no,no,yes,no,1,review
Chaetodon_andamanensis_iNaturalist_177672904.jpg,Chaetodon andamanensis,images_inaturalist,1,1.0,0.0,0.8089,0.9209,0.0,0.0216,0.3139,0.0688,0.0675,17756,0.7859,no,no,yes,no,1,review
Chaetodon_andamanensis_iNaturalist_2532907.jpg,Chaetodon andamanensis,images_inaturalist,1,1.0,0.0,1.0002,1.0025,0.0,0.161,0.3139,0.5129,0.095,32725,0.9466,no,no,no,no,0,ok
Chaetodon_andamanensis_iNaturalist_309575002.jpg,Chaetodon andamanensis,images_inaturalist,1,1.0,0.0,1.093,1.0011,0.0,0.1057,0.3139,0.3367,0.0623,82929,0.9129,no,no,no,no,0,ok
Chaetodon_andamanensis_iNaturalist_436938868.jpg,Chaetodon andamanensis,images_inaturalist,1,1.0,0.0,0.7732,0.9583,0.0,0.4159,0.3139,1.3249,0.0275,373850,0.9775,no,no,no,no,0,ok
Chaetodon_andamanensis_iNaturalist_545241141.jpg,Chaetodon andamanensis,images_inaturalist,1,1.0,0.0,1.0029,0.9932,0.0,0.0906,0.3139,0.2886,0.1127,71760,0.9006,no,no,yes,no,1,review
Chaetodon_andamanensis_iNaturalist_68351989.jpg,Chaetodon andamanensis,images_inaturalist,1,1.0,0.0,0.879,0.9812,0.0,0.1734,0.3139,0.5524,0.094,168409,0.9525,no,no,no,no,0,ok
Chaetodon_argentatus_Bishop_1074668308.jpg,Chaetodon argentatus,images_bishop,1,1.0,0.0,0.4497,0.8252,0.0,0.3553,0.2987,1.1895,0.0253,224063,0.9787,no,no,no,no,0,ok
Chaetodon_argentatus_FishBase_Charg_u0.jpg,Chaetodon argentatus,images_fishbase_extra,1,1.0,0.0,0.4349,0.8592,0.0,0.285,0.2987,0.9541,0.0333,119026,0.9962,no,no,no,no,0,ok
Chaetodon_argentatus_FishBase_Charg_u2.jpg,Chaetodon argentatus,images_fishbase_extra,3,0.9999,0.0001,0.4414,0.8271,0.0,0.3548,0.2987,1.1878,0.0254,125334,0.9793,no,no,no,no,0,ok
Chaetodon_argentatus_FishBase_Charg_u3.jpg,Chaetodon argentatus,images_fishbase_extra,2,0.9998,0.0002,0.641,0.8854,0.0,0.1682,0.2987,0.5631,0.0336,85419,0.954,no,no,no,no,0,ok
Chaetodon_argentatus_FishBase_Charg_ua.jpg,Chaetodon argentatus,images_fishbase_extra,1,1.0,0.0,0.5524,0.8707,0.0,0.2925,0.2987,0.9792,0.0339,116800,0.9983,no,no,no,no,0,ok
Chaetodon_argentatus_FishPix_2068AF.jpg,Chaetodon argentatus,images,1,1.0,0.0,0.3877,0.8714,0.0,0.2496,0.2987,0.8356,0.0056,140370,0.9856,no,no,no,no,0,ok
Chaetodon_argentatus_FishWise_004409F000024W000002.jpg,Chaetodon argentatus,images_fishwise,1,1.0,0.0,0.4305,0.8119,0.0,0.3667,0.2987,1.2277,0.0346,87364,0.9722,no,no,no,no,0,ok
Chaetodon_argentatus_FishWise_004409F000024W000003.jpg,Chaetodon argentatus,images_fishwise,5,0.9996,0.0004,0.4204,0.8151,0.0,0.3536,0.2987,1.1838,0.0262,97373,0.9759,no,no,no,no,0,ok
Chaetodon_argentatus_FishWise_004409F000039W000001.jpg,Chaetodon argentatus,images_fishwise,1,1.0,0.0,0.4537,0.8676,0.0,0.2827,0.2987,0.9464,0.0475,118165,0.9956,no,no,no,no,0,ok
Chaetodon_argentatus_FishWise_004409F006601W000005.jpg,Chaetodon argentatus,images_fishwise,1,1.0,0.0,0.6445,0.9514,0.0,0.4316,0.2987,1.4449,0.0293,145706,0.9706,no,no,no,no,0,ok
Chaetodon_argentatus_FishWise_004409F006601W000006.jpg,Chaetodon argentatus,images_fishwise,1,1.0,0.0,0.7067,0.9342,0.0,0.18,0.2987,0.6026,0.0294,55483,0.9595,no,no,no,no,0,ok
Chaetodon_argentatus_iNaturalist_263052559.jpg,Chaetodon argentatus,images_inaturalist,2,0.6419,0.3581,0.8705,0.5726,0.0004,0.2673,0.2987,0.8949,0.1107,129732,0.7825,no,yes,no,no,1,review
Chaetodon_argentatus_iNaturalist_263052573.jpg,Chaetodon argentatus,images_inaturalist,2,0.7553,0.2447,0.9051,0.5555,0.0855,0.1466,0.2987,0.4908,0.3246,68691,0.752,no,yes,no,no,1,review
Chaetodon_argentatus_iNaturalist_302749246.jpg,Chaetodon argentatus,images_inaturalist,1,1.0,0.0,0.6395,0.9167,0.0,0.0084,0.2987,0.0281,0.0621,8618,0.76,no,no,yes,no,1,review
Chaetodon_argentatus_iNaturalist_304051728.jpg,Chaetodon argentatus,images_inaturalist,1,1.0,0.0,0.9235,0.9722,0.0,0.0153,0.2987,0.0512,0.1088,12399,0.7623,no,no,yes,no,1,review
Chaetodon_argentatus_iNaturalist_331807669.jpg,Chaetodon argentatus,images_inaturalist,1,1.0,0.0,0.5508,0.8771,0.0,0.1163,0.2987,0.3894,0.038,103769,0.9245,no,no,no,no,0,ok
Chaetodon_argentatus_iNaturalist_576759039.jpg,Chaetodon argentatus,images_inaturalist,1,1.0,0.0,0.6623,0.9343,0.0,0.1342,0.2987,0.4493,0.0519,123386,0.936,no,no,no,no,0,ok
Chaetodon_argentatus_iNaturalist_59002230.jpg,Chaetodon argentatus,images_inaturalist,1,1.0,0.0,0.5441,0.8902,0.0,0.0789,0.2987,0.2641,0.0905,61880,0.8935,no,no,yes,no,1,review
Chaetodon_argentatus_iNaturalist_605150779.jpg,Chaetodon argentatus,images_inaturalist,1,1.0,0.0,0.3976,0.7893,0.0,0.1664,0.2987,0.5571,0.1946,189284,0.935,no,no,no,no,0,ok
Chaetodon_argentatus_iNaturalist_83513611.jpg,Chaetodon argentatus,images_inaturalist,1,1.0,0.0,0.6485,0.9418,0.0,0.1753,0.2987,0.5869,0.0743,131302,0.9574,no,no,no,no,0,ok
Chaetodon_argentatus_iNaturalist_83513716.jpg,Chaetodon argentatus,images_inaturalist,1,1.0,0.0,0.6553,0.9574,0.0,0.4403,0.2987,1.4741,0.0854,321619,0.969,no,no,no,no,0,ok
Chaetodon_assarius_FishBase_Chass_u0.jpg,Chaetodon assarius,images,1,1.0,0.0,0.4584,0.8903,0.0,0.3665,0.0995,3.6834,0.0677,148984,0.8957,no,no,no,no,0,ok
Chaetodon_assarius_iNaturalist_151182609.jpg,Chaetodon assarius,images_inaturalist,1,1.0,0.0,1.0476,0.982,0.0,0.0541,0.0995,0.5437,0.0555,57364,0.9513,no,no,no,no,0,ok
Chaetodon_assarius_iNaturalist_176862632.jpg,Chaetodon assarius,images_inaturalist,2,1.0,0.0,0.8336,0.9502,0.0,0.0515,0.0995,0.5176,0.0762,67436,0.9473,no,no,no,no,0,ok
Chaetodon_assarius_iNaturalist_258921023.jpg,Chaetodon assarius,images_inaturalist,1,1.0,0.0,0.8061,0.9483,0.0,0.069,0.0995,0.6935,0.0351,14375,0.9707,no,no,no,no,0,ok
Chaetodon_assarius_iNaturalist_291017904.jpg,Chaetodon assarius,images_inaturalist,1,1.0,0.0,0.6942,0.9622,0.0,0.1482,0.0995,1.4894,0.0471,90860,0.9681,no,no,no,no,0,ok
Chaetodon_assarius_iNaturalist_299428954.jpg,Chaetodon assarius,images_inaturalist,1,1.0,0.0,1.0787,0.997,0.0,0.0093,0.0995,0.0935,0.1421,9433,0.8104,no,no,yes,no,1,review
Chaetodon_assarius_iNaturalist_310339741.jpg,Chaetodon assarius,images_inaturalist,2,0.5938,0.4062,1.097,0.2629,0.0064,0.0221,0.0995,0.2221,0.2361,10466,0.5601,no,yes,yes,no,2,resegment_dinosam
Chaetodon_assarius_iNaturalist_477274770.jpg,Chaetodon assarius,images_inaturalist,1,1.0,0.0,0.8524,0.97,0.0,0.1851,0.0995,1.8603,0.0999,190612,0.9503,no,no,no,no,0,ok
Chaetodon_assarius_iNaturalist_484163082.jpg,Chaetodon assarius,images_inaturalist,1,1.0,0.0,0.8647,0.9669,0.0,0.0208,0.0995,0.209,0.0104,23613,0.8748,no,no,yes,no,1,review
Chaetodon_assarius_iNaturalist_599485831.jpg,Chaetodon assarius,images_inaturalist,2,0.7024,0.2976,0.8753,0.5978,0.0,0.0969,0.0995,0.9739,0.1152,64216,0.8181,no,yes,no,no,1,review
Chaetodon_assarius_iNaturalist_6085742.jpg,Chaetodon assarius,images_inaturalist,1,1.0,0.0,0.6542,0.8829,0.0,0.2057,0.0995,2.0673,0.0169,194681,0.9419,no,no,no,no,0,ok
Chaetodon_aureofasciatus_Bishop_1459626629.jpg,Chaetodon aureofasciatus,images_bishop,1,1.0,0.0,0.4772,0.8814,0.0,0.4756,0.2625,1.8118,0.0201,212150,0.9525,no,no,no,no,0,ok
Chaetodon_aureofasciatus_FishBaseUser_1607952616_172.69.135.150.jpg,Chaetodon aureofasciatus,images_fishbase_usercontrib,1,1.0,0.0,1.0832,1.0015,0.0,0.1949,0.2625,0.7425,0.0453,316929,0.9762,no,no,no,no,0,ok
Chaetodon_aureofasciatus_FishBaseUser_1700898771_108.162.226.189.jpg,Chaetodon aureofasciatus,images_fishbase_usercontrib,1,1.0,0.0,0.938,0.9907,0.0,0.2223,0.2625,0.8469,0.0502,86258,0.9867,no,no,no,no,0,ok
Chaetodon_aureofasciatus_FishBase_Chaur_u1.jpg,Chaetodon aureofasciatus,images_fishbase_extra,1,1.0,0.0,0.4619,0.8784,0.0,0.4756,0.2625,1.8118,0.0202,119363,0.9525,no,no,no,no,0,ok
Chaetodon_aureofasciatus_FishBase_Chaur_ui.jpg,Chaetodon aureofasciatus,images,1,1.0,0.0,0.8088,0.9653,0.0,0.3511,0.2625,1.3375,0.0355,99401,0.9767,no,no,no,no,0,ok
Chaetodon_aureofasciatus_FishBase_Chaur_ut.jpg,Chaetodon aureofasciatus,images_fishbase_extra,1,1.0,0.0,0.9422,0.9724,0.0,0.3524,0.2625,1.3425,0.0348,109006,0.9764,no,no,no,no,0,ok
Chaetodon_aureofasciatus_FishWise_006046F000112W000003.jpg,Chaetodon aureofasciatus,images_fishwise,1,1.0,0.0,0.4739,0.9128,0.0,0.3133,0.2625,1.1935,0.0428,90623,0.9858,no,no,no,no,0,ok
Chaetodon_aureofasciatus_iNaturalist_175593141.jpg,Chaetodon aureofasciatus,images_inaturalist,4,0.9989,0.0011,0.2606,0.6916,0.0067,0.1444,0.2625,0.5501,0.1766,119494,0.9029,no,no,no,no,0,ok
Chaetodon_aureofasciatus_iNaturalist_204606708.jpg,Chaetodon aureofasciatus,images_inaturalist,1,1.0,0.0,1.1345,1.0048,0.0,0.0413,0.2625,0.1573,0.088,32345,0.852,no,no,yes,no,1,review
Chaetodon_aureofasciatus_iNaturalist_22549155.jpg,Chaetodon aureofasciatus,images_inaturalist,1,1.0,0.0,0.8673,0.9817,0.0,0.1049,0.2625,0.3996,0.0411,85687,0.9266,no,no,no,no,0,ok
Chaetodon_aureofasciatus_iNaturalist_341061346.jpg,Chaetodon aureofasciatus,images_inaturalist,1,1.0,0.0,0.4625,0.9221,0.0,0.4481,0.2625,1.707,0.0132,456771,0.9572,no,no,no,no,0,ok
Chaetodon_aureofasciatus_iNaturalist_481634544.jpg,Chaetodon aureofasciatus,images_inaturalist,1,1.0,0.0,1.2029,1.0035,0.0,0.0108,0.2625,0.0411,0.0416,9344,0.76,no,no,yes,no,1,review
Chaetodon_aureofasciatus_iNaturalist_524851900.jpg,Chaetodon aureofasciatus,images_inaturalist,1,1.0,0.0,0.7815,0.9741,0.0,0.1683,0.2625,0.6411,0.0089,191508,0.9644,no,no,no,no,0,ok
Chaetodon_aureofasciatus_iNaturalist_592190693.jpg,Chaetodon aureofasciatus,images_inaturalist,1,1.0,0.0,0.9426,0.9902,0.0,0.0535,0.2625,0.2038,0.0079,49701,0.8728,no,no,yes,no,1,review
Chaetodon_aureofasciatus_iNaturalist_592372199.jpg,Chaetodon aureofasciatus,images_inaturalist,1,1.0,0.0,0.8816,0.9936,0.0,0.2302,0.2625,0.877,0.0594,209636,0.9895,no,no,no,no,0,ok
Chaetodon_aureofasciatus_iNaturalist_595413339.jpg,Chaetodon aureofasciatus,images_inaturalist,1,1.0,0.0,0.9408,0.9855,0.0,0.0903,0.2625,0.344,0.012,91421,0.9146,no,no,no,no,0,ok
Chaetodon_aureofasciatus_iNaturalist_598689315.jpg,Chaetodon aureofasciatus,images_inaturalist,1,1.0,0.0,1.0398,0.9927,0.0,0.0437,0.2625,0.1665,0.0218,37083,0.8566,no,no,yes,no,1,review
Chaetodon_auriga_Bishop_-2122348146.jpg,Chaetodon auriga,images_bishop,1,1.0,0.0,0.3407,0.8309,0.0,0.483,0.369,1.3091,0.0369,275195,0.9727,no,no,no,no,0,ok
Chaetodon_auriga_Bishop_1449897185.jpg,Chaetodon auriga,images_bishop,1,1.0,0.0,0.3323,0.8174,0.0,0.2919,0.369,0.7912,0.0367,235328,0.9715,no,no,no,no,0,ok
Chaetodon_auriga_Bishop_1547714619.jpg,Chaetodon auriga,images_bishop,1,1.0,0.0,0.4618,0.8943,0.0,0.4426,0.369,1.1996,0.0377,267625,0.9854,no,no,no,no,0,ok
Chaetodon_auriga_Bishop_1988149751.jpg,Chaetodon auriga,images_bishop,2,1.0,0.0,0.4486,0.8907,0.0,0.4291,0.369,1.163,0.046,262079,0.9879,no,no,no,no,0,ok
Chaetodon_auriga_Bishop_415255648.jpg,Chaetodon auriga,images_bishop,1,1.0,0.0,0.3913,0.8527,0.0019,0.5777,0.369,1.5658,0.0495,307731,0.9637,no,no,no,no,0,ok
Chaetodon_auriga_Bishop_843681634.jpg,Chaetodon auriga,images_bishop,1,1.0,0.0,0.4432,0.8725,0.0,0.4696,0.369,1.2728,0.0382,282568,0.9807,no,no,no,no,0,ok
Chaetodon_auriga_FishBaseUser_1357797387_125.17.229.2.jpg,Chaetodon auriga,images_fishbase_usercontrib,1,1.0,0.0,0.419,0.8468,0.0065,0.4631,0.369,1.2552,0.0019,430097,0.9796,no,no,no,no,0,ok
Chaetodon_auriga_FishBaseUser_1361358789_86.28.236.182.jpg,Chaetodon auriga,images_fishbase_usercontrib,1,1.0,0.0,0.4897,0.8695,0.0,0.3752,0.369,1.0169,0.0964,337487,0.9987,no,no,no,no,0,ok
Chaetodon_auriga_FishBaseUser_1361358853_86.28.236.182.jpg,Chaetodon auriga,images_fishbase_usercontrib,2,1.0,0.0,0.6612,0.9586,0.0,0.3169,0.369,0.8589,0.07,351878,0.9878,no,no,no,no,0,ok
Chaetodon_auriga_FishBaseUser_1418992547_164.100.150.114.jpg,Chaetodon auriga,images_fishbase_usercontrib,1,1.0,0.0,0.6371,0.8586,0.0,0.2115,0.369,0.5732,0.0605,416223,0.9555,no,no,no,no,0,ok
Chaetodon_auriga_FishBaseUser_1508794173_172.68.102.54.jpg,Chaetodon auriga,images_fishbase_usercontrib,1,1.0,0.0,0.5817,0.9249,0.0,0.2663,0.369,0.7218,0.0571,1651239,0.9739,no,no,no,no,0,ok
Chaetodon_auriga_FishBaseUser_1526830822_162.158.22.216.jpg,Chaetodon auriga,images_fishbase_usercontrib,1,1.0,0.0,0.7965,0.9981,0.0,0.0891,0.369,0.2415,0.0707,96232,0.8863,no,no,yes,no,1,review
Chaetodon_auriga_FishBaseUser_1575022767_162.158.167.52.jpg,Chaetodon auriga,images_fishbase_usercontrib,1,1.0,0.0,0.7268,0.9618,0.0,0.3983,0.369,1.0796,0.0665,1139852,0.9939,no,no,no,no,0,ok
Chaetodon_auriga_FishBaseUser_1585564321_141.101.69.75.jpg,Chaetodon auriga,images_fishbase_usercontrib,1,1.0,0.0,0.7421,0.9853,0.0,0.305,0.369,0.8267,0.0153,348101,0.9848,no,no,no,no,0,ok
Chaetodon_auriga_FishBaseUser_1585564466_141.101.69.75.jpg,Chaetodon auriga,images_fishbase_usercontrib,1,1.0,0.0,0.6813,0.9073,0.0,0.4018,0.369,1.089,0.0876,642445,0.9932,no,no,no,no,0,ok
Chaetodon_auriga_FishBaseUser_1585565083_141.101.69.75.jpg,Chaetodon auriga,images_fishbase_usercontrib,1,1.0,0.0,0.5523,0.9431,0.0,0.2779,0.369,0.7532,0.0418,90951,0.9773,no,no,no,no,0,ok
Chaetodon_auriga_FishBaseUser_1656491305_172.70.142.69.jpg,Chaetodon auriga,images_fishbase_usercontrib,1,1.0,0.0,0.6393,0.852,0.0,0.0896,0.369,0.2429,0.0327,20156,0.8868,no,no,yes,no,1,review
Chaetodon_auriga_FishBaseUser_1672899659_172.70.211.174.jpg,Chaetodon auriga,images_fishbase_usercontrib,1,1.0,0.0,0.6838,0.9541,0.0,0.186,0.369,0.5041,0.0145,2153049,0.9452,no,no,no,no,0,ok
Chaetodon_auriga_FishBaseUser_1672899735_172.69.34.39.jpg,Chaetodon auriga,images_fishbase_usercontrib,1,1.0,0.0,0.4459,0.8105,0.0,0.0722,0.369,0.1957,0.0197,83488,0.8577,no,no,yes,no,1,review
Chaetodon_auriga_FishBaseUser_1704668297_172.70.55.156.jpg,Chaetodon auriga,images_fishbase_usercontrib,1,1.0,0.0,0.5033,0.88,0.0,0.1711,0.369,0.4637,0.0276,193527,0.9385,no,no,no,no,0,ok
Chaetodon_auriga_FishBaseUser_1705879547_172.70.254.95.jpg,Chaetodon auriga,images_fishbase_usercontrib,2,1.0,0.0,0.3665,0.8221,0.0,0.1881,0.369,0.5098,0.1045,245188,0.9377,no,no,no,no,0,ok
Chaetodon_auriga_FishBaseUser_1724961964_172.68.91.134.jpg,Chaetodon auriga,images_fishbase_usercontrib,1,1.0,0.0,0.7774,0.971,0.0,0.2993,0.369,0.8112,0.0439,67328,0.9833,no,no,no,no,0,ok
Chaetodon_auriga_FishBaseUser_1724961987_172.68.91.135.jpg,Chaetodon auriga,images_fishbase_usercontrib,1,1.0,0.0,0.8564,0.9821,0.0,0.3342,0.369,0.9058,0.0655,41570,0.9921,no,no,no,no,0,ok
Chaetodon_auriga_FishBaseUser_1747225070_95.95.129.49.jpg,Chaetodon auriga,images_fishbase_usercontrib,1,1.0,0.0,0.7997,0.9675,0.0,0.1052,0.369,0.2851,0.0108,547474,0.8996,no,no,yes,no,1,review
Chaetodon_auriga_FishBaseUser_1747225153_95.95.129.49.jpg,Chaetodon auriga,images_fishbase_usercontrib,1,1.0,0.0,0.5808,0.9253,0.002,0.3098,0.369,0.8397,0.1375,1250326,0.9856,no,no,no,no,0,ok
Chaetodon_auriga_FishBase_Chaur_u0.jpg,Chaetodon auriga,images_fishbase_extra,1,1.0,0.0,0.3975,0.893,0.0002,0.4775,0.369,1.2942,0.0443,141684,0.9793,no,no,no,no,0,ok
Chaetodon_auriga_FishBase_Chaur_u3.jpg,Chaetodon auriga,images_fishbase_extra,1,1.0,0.0,0.7312,0.8867,0.0,0.0722,0.369,0.1957,0.0128,40126,0.8695,no,no,yes,no,1,review
Chaetodon_auriga_FishBase_Chaur_u4.jpg,Chaetodon auriga,images_fishbase_extra,2,0.9836,0.0164,0.5956,0.9314,0.0,0.3856,0.369,1.0451,0.0465,155068,0.9907,no,no,no,no,0,ok
Chaetodon_auriga_FishBase_Chaur_u5.jpg,Chaetodon auriga,images_fishbase_extra,1,1.0,0.0,0.3916,0.8325,0.0,0.4878,0.369,1.3221,0.0391,156083,0.9724,no,no,no,no,0,ok
Chaetodon_auriga_FishBase_Chaur_u6.jpg,Chaetodon auriga,images_fishbase_extra,1,1.0,0.0,0.33,0.8198,0.0,0.2916,0.369,0.7904,0.0356,182353,0.9721,no,no,no,no,0,ok
Chaetodon_auriga_FishBase_Chaur_u7.jpg,Chaetodon auriga,images_fishbase_extra,1,1.0,0.0,0.3839,0.8619,0.0016,0.5774,0.369,1.565,0.0495,170931,0.9639,no,no,no,no,0,ok
Chaetodon_auriga_FishBase_Chaur_u8.jpg,Chaetodon auriga,images_fishbase_extra,1,1.0,0.0,0.408,0.8382,0.0,0.5353,0.369,1.4509,0.0416,179904,0.9667,no,no,no,no,0,ok
Chaetodon_auriga_FishBase_Chaur_u9.jpg,Chaetodon auriga,images_fishbase_extra,1,1.0,0.0,0.4537,0.8931,0.0,0.441,0.369,1.1953,0.0371,150581,0.9857,no,no,no,no,0,ok
Chaetodon_auriga_FishBase_Chaur_ua.jpg,Chaetodon auriga,images_fishbase_extra,1,1.0,0.0,0.4551,0.8853,0.0,0.4527,0.369,1.227,0.0471,149074,0.9836,no,no,no,no,0,ok
Chaetodon_auriga_FishBase_Chaur_ud.jpg,Chaetodon auriga,images_fishbase_extra,1,1.0,0.0,0.8102,0.958,0.0,0.2581,0.369,0.6996,0.0565,109758,0.9714,no,no,no,no,0,ok
Chaetodon_auriga_FishBase_Chaur_ue.jpg,Chaetodon auriga,images_fishbase_extra,1,1.0,0.0,0.6783,0.9313,0.0,0.0329,0.369,0.0892,0.0185,13077,0.8066,no,no,yes,no,1,review
Chaetodon_auriga_FishBase_Chaur_ul.jpg,Chaetodon auriga,images_fishbase_extra,1,1.0,0.0,0.695,0.9779,0.0,0.3956,0.369,1.0722,0.05,122202,0.9944,no,no,no,no,0,ok
Chaetodon_auriga_FishBase_Chaur_un.jpg,Chaetodon auriga,images_fishbase_extra,1,1.0,0.0,0.3905,0.8542,0.0,0.2928,0.369,0.7936,0.0255,76176,0.9815,no,no,no,no,0,ok
Chaetodon_auriga_FishBase_Chaur_uv.jpg,Chaetodon auriga,images_fishbase_extra,1,1.0,0.0,0.6149,0.8988,0.0,0.2648,0.369,0.7177,0.0108,79177,0.9735,no,no,no,no,0,ok
Chaetodon_auriga_FishBase_Chaur_uz.jpg,Chaetodon auriga,images_fishbase_extra,1,1.0,0.0,0.923,0.9601,0.0,0.2697,0.369,0.731,0.0346,84344,0.9749,no,no,no,no,0,ok
Chaetodon_auriga_FishBase_Chauru11.jpg,Chaetodon auriga,images_fishbase_extra,3,0.9999,0.0001,0.3387,0.7942,0.0,0.2132,0.369,0.5779,0.0103,108185,0.9394,no,no,no,no,0,ok
Chaetodon_auriga_FishPix_12061AF.jpg,Chaetodon auriga,images,1,1.0,0.0,0.674,0.9491,0.0,0.2031,0.369,0.5505,0.0182,99513,0.9522,no,no,no,no,0,ok
Chaetodon_auriga_FishWise_006157F000003W000086.jpg,Chaetodon auriga,images_fishwise,1,1.0,0.0,0.6911,0.9646,0.0,0.3871,0.369,1.0492,0.0434,126405,0.9962,no,no,no,no,0,ok
Chaetodon_auriga_FishWise_006157F000009W000037.jpg,Chaetodon auriga,images_fishwise,1,1.0,0.0,0.5467,0.9318,0.0,0.2273,0.369,0.6161,0.0081,91900,0.9612,no,no,no,no,0,ok
Chaetodon_auriga_FishWise_006157F000009W000042.jpg,Chaetodon auriga,images_fishwise,1,1.0,0.0,0.6375,0.912,0.0,0.162,0.369,0.4391,0.0434,106078,0.9342,no,no,no,no,0,ok
Chaetodon_auriga_FishWise_006157F000009W000045.jpg,Chaetodon auriga,images_fishwise,1,1.0,0.0,0.6436,0.8981,0.0,0.0858,0.369,0.2326,0.0261,27624,0.8833,no,no,yes,no,1,review
Chaetodon_auriga_FishWise_006157F000009W000053.jpg,Chaetodon auriga,images_fishwise,1,1.0,0.0,0.7906,0.9499,0.0,0.3047,0.369,0.8259,0.0325,92379,0.9847,no,no,no,no,0,ok
Chaetodon_auriga_FishWise_006157F000009W000061.jpg,Chaetodon auriga,images_fishwise,1,1.0,0.0,0.501,0.9263,0.0,0.2542,0.369,0.689,0.0103,126440,0.9702,no,no,no,no,0,ok
Chaetodon_auriga_FishWise_006157F000009W000062.jpg,Chaetodon auriga,images_fishwise,1,1.0,0.0,0.4721,0.9186,0.0,0.291,0.369,0.7887,0.0256,118884,0.981,no,no,no,no,0,ok
Chaetodon_auriga_FishWise_006157F000009W000063.jpg,Chaetodon auriga,images_fishwise,1,1.0,0.0,0.4837,0.8874,0.0,0.2265,0.369,0.6139,0.0273,127269,0.961,no,no,no,no,0,ok
Chaetodon_auriga_FishWise_006157F000009W000064.jpg,Chaetodon auriga,images_fishwise,1,1.0,0.0,0.3601,0.8408,0.0,0.2658,0.369,0.7204,0.0233,136878,0.971,no,no,no,no,0,ok
Chaetodon_auriga_FishWise_006157F000009W000065.jpg,Chaetodon auriga,images_fishwise,1,1.0,0.0,0.5687,0.9431,0.0,0.3922,0.369,1.063,0.0277,137389,0.9951,no,no,no,no,0,ok
Chaetodon_auriga_FishWise_006157F000009W000066.jpg,Chaetodon auriga,images_fishwise,1,1.0,0.0,0.5042,0.9475,0.0,0.3192,0.369,0.8652,0.0351,135228,0.9884,no,no,no,no,0,ok
Chaetodon_auriga_FishWise_006157F000009W000068.jpg,Chaetodon auriga,images_fishwise,1,1.0,0.0,0.5279,0.9117,0.0,0.1707,0.369,0.4627,0.0026,84858,0.9383,no,no,no,no,0,ok
Chaetodon_auriga_FishWise_006157F000009W000072.jpg,Chaetodon auriga,images_fishwise,1,1.0,0.0,0.4977,0.9495,0.0,0.1542,0.369,0.4179,0.0109,74561,0.9302,no,no,no,no,0,ok
Chaetodon_auriga_FishWise_006157F000009W000073.jpg,Chaetodon auriga,images_fishwise,1,1.0,0.0,0.6759,0.9579,0.0,0.2178,0.369,0.5903,0.0151,65494,0.9578,no,no,no,no,0,ok
Chaetodon_auriga_FishWise_006157F000009W000074.jpg,Chaetodon auriga,images_fishwise,1,1.0,0.0,0.5151,0.923,0.0,0.2096,0.369,0.5681,0.0084,82139,0.9548,no,no,no,no,0,ok
Chaetodon_auriga_FishWise_006157F000009W000075.jpg,Chaetodon auriga,images_fishwise,2,0.9989,0.0011,0.4922,0.9354,0.0,0.1419,0.369,0.3846,0.0109,68584,0.9232,no,no,no,no,0,ok
Chaetodon_auriga_FishWise_006157F000009W000076.jpg,Chaetodon auriga,images_fishwise,1,1.0,0.0,0.7755,0.9567,0.0,0.2193,0.369,0.5944,0.0304,82370,0.9584,no,no,no,no,0,ok
Chaetodon_auriga_FishWise_006157F000009W000077.jpg,Chaetodon auriga,images_fishwise,1,1.0,0.0,0.5811,0.9169,0.0,0.1835,0.369,0.4974,0.0146,79806,0.9441,no,no,no,no,0,ok
Chaetodon_auriga_FishWise_006157F000009W000079.jpg,Chaetodon auriga,images_fishwise,1,1.0,0.0,0.6416,0.9578,0.0,0.2328,0.369,0.631,0.0128,111621,0.9632,no,no,no,no,0,ok
Chaetodon_auriga_FishWise_006157F000009W000080.jpg,Chaetodon auriga,images_fishwise,1,1.0,0.0,0.4208,0.8943,0.0,0.2083,0.369,0.5646,0.0158,99479,0.9543,no,no,no,no,0,ok
Chaetodon_auriga_FishWise_006157F000009W000081.jpg,Chaetodon auriga,images_fishwise,1,1.0,0.0,0.566,0.9393,0.0,0.2716,0.369,0.7361,0.0253,105747,0.9755,no,no,no,no,0,ok
Chaetodon_auriga_FishWise_006157F000009W000082.jpg,Chaetodon auriga,images_fishwise,1,1.0,0.0,0.5175,0.9447,0.0,0.2987,0.369,0.8096,0.0219,118691,0.9831,no,no,no,no,0,ok
Chaetodon_auriga_FishWise_006157F000009W000083.jpg,Chaetodon auriga,images_fishwise,2,0.9999,0.0001,0.5998,0.9627,0.0,0.2615,0.369,0.7088,0.0293,124639,0.9724,no,no,no,no,0,ok
Chaetodon_auriga_FishWise_006157F000009W000084.jpg,Chaetodon auriga,images_fishwise,1,1.0,0.0,0.662,0.9771,0.0,0.343,0.369,0.9297,0.0305,125052,0.9942,no,no,no,no,0,ok
Chaetodon_auriga_FishWise_006157F000009W000085.jpg,Chaetodon auriga,images_fishwise,2,1.0,0.0,0.6229,0.9643,0.0,0.3002,0.369,0.8137,0.024,137429,0.9835,no,no,no,no,0,ok
Chaetodon_auriga_FishWise_006157F000009W000087.jpg,Chaetodon auriga,images_fishwise,2,0.9999,0.0001,0.5998,0.9627,0.0,0.2615,0.369,0.7088,0.0293,124639,0.9724,no,no,no,no,0,ok
Chaetodon_auriga_FishWise_006157F000009W000088.jpg,Chaetodon auriga,images_fishwise,1,1.0,0.0,0.662,0.9771,0.0,0.343,0.369,0.9297,0.0305,125052,0.9942,no,no,no,no,0,ok
Chaetodon_auriga_FishWise_006157F000024W000001.jpg,Chaetodon auriga,images_fishwise,1,1.0,0.0,0.5615,0.9317,0.0,0.2782,0.369,0.754,0.0185,130241,0.9774,no,no,no,no,0,ok
Chaetodon_auriga_FishWise_006157F000024W000033.jpg,Chaetodon auriga,images_fishwise,1,1.0,0.0,0.4397,0.885,0.0,0.4469,0.369,1.2113,0.0464,114528,0.9847,no,no,no,no,0,ok
Chaetodon_auriga_FishWise_006157F000024W000049.jpg,Chaetodon auriga,images_fishwise,2,1.0,0.0,0.4509,0.8934,0.0,0.4346,0.369,1.1779,0.0368,116067,0.9869,no,no,no,no,0,ok
Chaetodon_auriga_FishWise_006157F000024W000051.jpg,Chaetodon auriga,images_fishwise,1,1.0,0.0,0.4016,0.8299,0.0,0.4321,0.369,1.1712,0.039,121447,0.9813,no,no,no,no,0,ok
Chaetodon_auriga_FishWise_006157F000024W000056.jpg,Chaetodon auriga,images_fishwise,2,1.0,0.0,0.473,0.9341,0.0,0.3855,0.369,1.0449,0.0463,116516,0.9965,no,no,no,no,0,ok
Chaetodon_auriga_FishWise_006157F000024W000057.jpg,Chaetodon auriga,images_fishwise,1,1.0,0.0,0.3826,0.8581,0.0012,0.5769,0.369,1.5636,0.0497,132847,0.964,no,no,no,no,0,ok
Chaetodon_auriga_FishWise_006157F000112W000021.jpg,Chaetodon auriga,images_fishwise,1,1.0,0.0,0.4335,0.9247,0.0,0.5122,0.369,1.3883,0.0395,153745,0.9738,no,no,no,no,0,ok
Chaetodon_auriga_FishWise_006157F000112W000060.jpg,Chaetodon auriga,images_fishwise,1,1.0,0.0,0.3605,0.8531,0.0,0.4876,0.369,1.3216,0.0172,131443,0.9777,no,no,no,no,0,ok
Chaetodon_auriga_FishWise_006157F000167W000052.jpg,Chaetodon auriga,images_fishwise,1,1.0,0.0,0.638,0.9672,0.0,0.2263,0.369,0.6134,0.0326,64788,0.9609,no,no,no,no,0,ok
Chaetodon_auriga_FishWise_006157F000167W000055.jpg,Chaetodon auriga,images_fishwise,2,0.9999,0.0001,0.7283,0.9595,0.0,0.3082,0.369,0.8353,0.0154,92810,0.9856,no,no,no,no,0,ok
Chaetodon_auriga_FishWise_006157F000387W000067.jpg,Chaetodon auriga,images_fishwise,3,0.9986,0.0014,0.417,0.8656,0.0,0.2397,0.369,0.6497,0.0251,110958,0.965,no,no,no,no,0,ok
Chaetodon_auriga_FishWise_006157F000387W000070.jpg,Chaetodon auriga,images_fishwise,5,0.9993,0.0007,0.4462,0.8789,0.0,0.4309,0.369,1.1679,0.0432,139346,0.9873,no,no,no,no,0,ok
Chaetodon_auriga_FishWise_006157F000387W000071.jpg,Chaetodon auriga,images_fishwise,1,1.0,0.0,0.6722,0.966,0.0,0.2274,0.369,0.6163,0.0084,91587,0.9613,no,no,no,no,0,ok
Chaetodon_auriga_FishWise_006157F000433W000078.jpg,Chaetodon auriga,images_fishwise,1,1.0,0.0,0.3723,0.8584,0.0,0.2271,0.369,0.6155,0.0275,123046,0.9612,no,no,no,no,0,ok
Chaetodon_auriga_FishWise_006157F007696W000089.jpg,Chaetodon auriga,images_fishwise,1,1.0,0.0,0.5088,0.8912,0.0,0.2446,0.369,0.663,0.0068,88541,0.9671,no,no,no,no,0,ok
Chaetodon_auriga_iNaturalist_15056180.jpg,Chaetodon auriga,images_inaturalist,1,1.0,0.0,0.7068,0.8718,0.0,0.0562,0.369,0.1523,0.0285,65162,0.8495,no,no,yes,no,1,review
Chaetodon_auriga_iNaturalist_15056242.jpg,Chaetodon auriga,images_inaturalist,1,1.0,0.0,0.8727,0.9694,0.0,0.0832,0.369,0.2255,0.0257,53971,0.8808,no,no,yes,no,1,review
Chaetodon_auriga_iNaturalist_15056243.jpg,Chaetodon auriga,images_inaturalist,1,1.0,0.0,0.9809,0.9652,0.0,0.0512,0.369,0.1388,0.0241,56929,0.842,no,no,yes,no,1,review
Chaetodon_auriga_iNaturalist_220938852.jpg,Chaetodon auriga,images_inaturalist,1,1.0,0.0,0.8359,0.9952,0.0,0.044,0.369,0.1193,0.1191,42883,0.8299,no,no,yes,no,1,review
Chaetodon_auriga_iNaturalist_317521711.jpg,Chaetodon auriga,images_inaturalist,1,1.0,0.0,0.4203,0.8431,0.0,0.0898,0.369,0.2434,0.0639,94561,0.8849,no,no,yes,no,1,review
Chaetodon_auriga_iNaturalist_389831783.jpg,Chaetodon auriga,images_inaturalist,1,1.0,0.0,0.619,0.931,0.0,0.1528,0.369,0.4141,0.0643,89832,0.9295,no,no,no,no,0,ok
Chaetodon_auriga_iNaturalist_549267892.jpg,Chaetodon auriga,images_inaturalist,1,1.0,0.0,0.5524,0.9141,0.0,0.0816,0.369,0.2212,0.0095,103494,0.8793,no,no,yes,no,1,review
Chaetodon_auriga_iNaturalist_559191666.jpg,Chaetodon auriga,images_inaturalist,1,1.0,0.0,0.8108,0.9568,0.0,0.0158,0.369,0.0428,0.048,18375,0.76,no,no,yes,no,1,review
Chaetodon_auriga_iNaturalist_6973141.jpg,Chaetodon auriga,images_inaturalist,1,1.0,0.0,0.6261,0.9181,0.0,0.2231,0.369,0.6047,0.0869,269846,0.9598,no,no,no,no,0,ok
Chaetodon_auriga_iNaturalist_69919845.jpg,Chaetodon auriga,images_inaturalist,1,1.0,0.0,0.8232,0.8966,0.0,0.0845,0.369,0.229,0.0103,71025,0.8821,no,no,yes,no,1,review
Chaetodon_auripes_Bishop_-346327811.jpg,Chaetodon auripes,images_bishop,1,1.0,0.0,0.4338,0.8934,0.0,0.5071,0.2657,1.9085,0.0178,253074,0.9483,no,no,no,no,0,ok
Chaetodon_auripes_Bishop_1839596140.jpg,Chaetodon auripes,images_bishop,1,1.0,0.0,0.5288,0.9178,0.0,0.5455,0.2657,2.0531,0.0089,268524,0.9425,no,no,no,no,0,ok
Chaetodon_auripes_FishBaseUser_1672899899_172.69.33.176.jpg,Chaetodon auripes,images_fishbase_usercontrib,1,1.0,0.0,0.8294,0.9643,0.0,0.13,0.2657,0.4893,0.0953,448174,0.9428,no,no,no,no,0,ok
Chaetodon_auripes_FishBaseUser_1672899960_172.71.214.86.jpg,Chaetodon auripes,images_fishbase_usercontrib,1,1.0,0.0,0.6523,0.8943,0.0,0.0697,0.2657,0.2623,0.0421,36870,0.8929,no,no,yes,no,1,review
Chaetodon_auripes_FishBaseUser_1672900006_162.158.179.13.jpg,Chaetodon auripes,images_fishbase_usercontrib,1,1.0,0.0,0.8165,0.8977,0.0,0.1061,0.2657,0.3993,0.1056,32299,0.9266,no,no,no,no,0,ok
Chaetodon_auripes_FishBase_Chaur_j0.jpg,Chaetodon auripes,images_fishbase_extra,1,1.0,0.0,0.7274,0.9425,0.0,0.1224,0.2657,0.4607,0.0386,62898,0.938,no,no,no,no,0,ok
Chaetodon_auripes_FishBase_Chaur_u10.jpg,Chaetodon auripes,images_fishbase_extra,1,1.0,0.0,0.4752,0.9192,0.0,0.4291,0.2657,1.615,0.0201,164403,0.9617,no,no,no,no,0,ok
Chaetodon_auripes_FishBase_Chaur_u2.jpg,Chaetodon auripes,images_fishbase_extra,1,1.0,0.0,0.8057,0.994,0.0,0.3957,0.2657,1.4893,0.0162,106510,0.9681,no,no,no,no,0,ok
Chaetodon_auripes_FishBase_Chaur_ub.jpg,Chaetodon auripes,images_fishbase_extra,1,1.0,0.0,0.4443,0.8987,0.0,0.5477,0.2657,2.0613,0.0177,140974,0.9421,no,no,no,no,0,ok
Chaetodon_auripes_FishBase_Chaur_uc.jpg,Chaetodon auripes,images_fishbase_extra,1,1.0,0.0,0.5185,0.9161,0.0,0.5077,0.2657,1.9108,0.0088,151321,0.9482,no,no,no,no,0,ok
Chaetodon_auripes_FishBase_Chaur_uo.jpg,Chaetodon auripes,images_fishbase_extra,1,1.0,0.0,0.4123,0.8871,0.0,0.5094,0.2657,1.9172,0.0351,105014,0.9479,no,no,no,no,0,ok
Chaetodon_auripes_FishBase_Chaur_uu.jpg,Chaetodon auripes,images_fishbase_extra,2,0.5158,0.4842,0.7469,0.8446,0.0,0.2472,0.2657,0.9304,0.0316,45559,0.8231,no,no,no,no,0,ok
Chaetodon_auripes_FishBase_Chauru12.jpg,Chaetodon auripes,images_fishbase_extra,1,1.0,0.0,0.64,0.9199,0.0,0.3761,0.2657,1.4155,0.0287,130286,0.9722,no,no,no,no,0,ok
Chaetodon_auripes_FishPix_140765AF.jpg,Chaetodon auripes,images,1,1.0,0.0,0.8022,0.9763,0.0,0.2406,0.2657,0.9055,0.0248,133516,0.9921,no,no,no,no,0,ok
Chaetodon_auripes_FishWise_006172F000112W000004.jpg,Chaetodon auripes,images_fishwise,1,1.0,0.0,0.5366,0.9431,0.0,0.5305,0.2657,1.9966,0.0191,115195,0.9447,no,no,no,no,0,ok
Chaetodon_auripes_iNaturalist_176256724.jpg,Chaetodon auripes,images_inaturalist,1,1.0,0.0,0.8652,0.9888,0.0,0.2185,0.2657,0.8224,0.092,158760,0.9844,no,no,no,no,0,ok
Chaetodon_auripes_iNaturalist_398828755.jpg,Chaetodon auripes,images_inaturalist,5,0.3104,0.6896,0.4432,0.2885,0.0,0.092,0.2657,0.3463,0.0396,27632,0.5053,yes,yes,no,no,2,resegment_dinosam
Chaetodon_auripes_iNaturalist_423034637.jpg,Chaetodon auripes,images_inaturalist,1,1.0,0.0,1.0378,0.9997,0.0,0.0653,0.2657,0.2458,0.1299,65436,0.8877,no,no,yes,no,1,review
Chaetodon_auripes_iNaturalist_473893703.jpg,Chaetodon auripes,images_inaturalist,1,1.0,0.0,0.8393,0.9218,0.0,0.0386,0.2657,0.1453,0.1443,53592,0.8457,no,no,yes,no,1,review
Chaetodon_auripes_iNaturalist_474933774.jpg,Chaetodon auripes,images_inaturalist,1,1.0,0.0,1.0828,0.9967,0.0,0.062,0.2657,0.2333,0.0378,48887,0.8836,no,no,yes,no,1,review
Chaetodon_auripes_iNaturalist_563039127.jpg,Chaetodon auripes,images_inaturalist,1,1.0,0.0,0.7133,0.9463,0.0,0.1556,0.2657,0.5856,0.0534,147846,0.9572,no,no,no,no,0,ok
Chaetodon_auripes_iNaturalist_576758934.jpg,Chaetodon auripes,images_inaturalist,4,0.373,0.627,0.7242,0.3997,0.0,0.1193,0.2657,0.449,0.0832,39567,0.5814,yes,yes,no,no,2,resegment_dinosam
Chaetodon_auripes_iNaturalist_609149715.jpg,Chaetodon auripes,images_inaturalist,1,1.0,0.0,0.6737,0.8903,0.0,0.1407,0.2657,0.5295,0.0197,139488,0.9491,no,no,no,no,0,ok
Chaetodon_austriacus_Bishop_-1737564550.jpg,Chaetodon austriacus,images_bishop,1,1.0,0.0,0.5794,0.9292,0.0,0.576,0.2536,2.2713,0.0029,283414,0.9344,no,no,no,no,0,ok
Chaetodon_austriacus_FishBaseUser_1368368984_82.20.1.24.jpg,Chaetodon austriacus,images_fishbase_usercontrib,1,1.0,0.0,0.8112,0.9929,0.0,0.3966,0.2536,1.5639,0.0793,314389,0.9642,no,no,no,no,0,ok
Chaetodon_austriacus_FishBaseUser_1508794470_172.68.102.54.jpg,Chaetodon austriacus,images_fishbase_usercontrib,1,1.0,0.0,0.9885,1.0008,0.0,0.1692,0.2536,0.6672,0.0639,831224,0.9676,no,no,no,no,0,ok
Chaetodon_austriacus_FishBaseUser_1655395652_172.71.94.47.jpg,Chaetodon austriacus,images_fishbase_usercontrib,1,1.0,0.0,0.5565,0.9335,0.0,0.5086,0.2536,2.0055,0.0106,5469856,0.9443,no,no,no,no,0,ok
Chaetodon_austriacus_FishBaseUser_1655398281_172.71.94.129.jpg,Chaetodon austriacus,images_fishbase_usercontrib,1,1.0,0.0,0.5831,0.9314,0.0,0.4723,0.2536,1.8624,0.0592,4881046,0.9503,no,no,no,no,0,ok
Chaetodon_austriacus_FishBaseUser_1655398308_172.71.94.129.jpg,Chaetodon austriacus,images_fishbase_usercontrib,1,1.0,0.0,0.8252,0.9698,0.0189,0.5356,0.2536,2.112,0.1109,4991956,0.9364,no,no,no,no,0,ok
Chaetodon_austriacus_FishBaseUser_1669069745_172.71.26.67.jpg,Chaetodon austriacus,images_fishbase_usercontrib,1,1.0,0.0,0.9383,1.0067,0.0,0.2927,0.2536,1.1542,0.0365,1043581,0.9885,no,no,no,no,0,ok
Chaetodon_austriacus_FishBaseUser_1705856644_108.162.212.67.jpg,Chaetodon austriacus,images_fishbase_usercontrib,1,1.0,0.0,0.8712,0.9917,0.0,0.3755,0.2536,1.4807,0.0405,261745,0.9686,no,no,no,no,0,ok
Chaetodon_austriacus_FishBaseUser_1747225338_95.95.129.49.jpg,Chaetodon austriacus,images_fishbase_usercontrib,1,1.0,0.0,0.9108,0.9916,0.0,0.0464,0.2536,0.183,0.0519,289748,0.8641,no,no,yes,no,1,review
Chaetodon_austriacus_FishBase_Chaus_u0.jpg,Chaetodon austriacus,images_fishbase_extra,1,1.0,0.0,0.6854,0.9135,0.0,0.215,0.2536,0.8478,0.0172,71856,0.9868,no,no,no,no,0,ok
Chaetodon_austriacus_FishBase_Chaus_u1.jpg,Chaetodon austriacus,images,2,1.0,0.0,0.5602,0.9335,0.0,0.575,0.2536,2.2674,0.0028,158272,0.9345,no,no,no,no,0,ok
Chaetodon_austriacus_FishBase_Chaus_u2.jpg,Chaetodon austriacus,images_fishbase_extra,1,1.0,0.0,1.0711,1.0045,0.0,0.1492,0.2536,0.5883,0.0364,67066,0.9576,no,no,no,no,0,ok
Chaetodon_austriacus_FishBase_Chaus_u3.jpg,Chaetodon austriacus,images_fishbase_extra,2,1.0,0.0,0.8196,0.9752,0.0076,0.5521,0.2536,2.1771,0.0558,151083,0.9362,no,no,no,no,0,ok
Chaetodon_austriacus_FishWise_006503F000009W000005.jpg,Chaetodon austriacus,images_fishwise,1,1.0,0.0,0.9371,1.0031,0.0,0.238,0.2536,0.9385,0.0165,71109,0.9949,no,no,no,no,0,ok
Chaetodon_austriacus_FishWise_006503F000009W000006.jpg,Chaetodon austriacus,images_fishwise,1,1.0,0.0,1.0014,1.0007,0.0,0.1822,0.2536,0.7185,0.0181,56863,0.9735,no,no,no,no,0,ok
Chaetodon_austriacus_FishWise_006503F000009W000007.jpg,Chaetodon austriacus,images_fishwise,1,1.0,0.0,0.9993,1.0047,0.0,0.2236,0.2536,0.8817,0.0216,62132,0.9899,no,no,no,no,0,ok
Chaetodon_austriacus_FishWise_006503F000009W000008.jpg,Chaetodon austriacus,images_fishwise,1,1.0,0.0,0.9826,1.0022,0.0,0.1837,0.2536,0.7244,0.0229,51441,0.9742,no,no,no,no,0,ok
Chaetodon_austriacus_FishWise_006503F000009W000009.jpg,Chaetodon austriacus,images_fishwise,2,1.0,0.0,0.7498,0.9637,0.0,0.3079,0.2536,1.2141,0.0047,104154,0.9845,no,no,no,no,0,ok
Chaetodon_austriacus_FishWise_006503F000167W000002.jpg,Chaetodon austriacus,images_fishwise,1,1.0,0.0,1.002,1.0065,0.0,0.1028,0.2536,0.4054,0.1373,30063,0.9278,no,no,no,no,0,ok
Chaetodon_austriacus_FishWise_006503F000387W000011.jpg,Chaetodon austriacus,images_fishwise,1,1.0,0.0,0.8325,0.9956,0.0,0.4476,0.2536,1.765,0.0219,129486,0.9545,no,no,no,no,0,ok
Chaetodon_austriacus_FishWise_006503F000387W000012.jpg,Chaetodon austriacus,images_fishwise,1,1.0,0.0,0.9318,0.9921,0.0,0.3338,0.2536,1.3162,0.0066,110336,0.978,no,no,no,no,0,ok
Chaetodon_austriacus_iNaturalist_102813626.jpg,Chaetodon austriacus,images_inaturalist,2,0.5302,0.4698,1.0961,0.7068,0.0,0.0166,0.2536,0.0655,0.0634,9436,0.5745,no,no,yes,no,1,review
Chaetodon_austriacus_iNaturalist_190613965.jpg,Chaetodon austriacus,images_inaturalist,1,1.0,0.0,0.6584,0.9519,0.0,0.2602,0.2536,1.026,0.0623,212748,0.9979,no,no,no,no,0,ok
Chaetodon_austriacus_iNaturalist_2086218.jpg,Chaetodon austriacus,images_inaturalist,1,1.0,0.0,1.096,0.9809,0.0,0.1765,0.2536,0.696,0.0502,39795,0.971,no,no,no,no,0,ok
Chaetodon_austriacus_iNaturalist_2086219.jpg,Chaetodon austriacus,images_inaturalist,1,1.0,0.0,1.1383,1.0088,0.0,0.1334,0.2536,0.526,0.0179,31151,0.9486,no,no,no,no,0,ok
Chaetodon_austriacus_iNaturalist_2282534.jpg,Chaetodon austriacus,images_inaturalist,1,1.0,0.0,0.9704,0.9933,0.0,0.1091,0.2536,0.4302,0.0566,34483,0.9325,no,no,no,no,0,ok
Chaetodon_austriacus_iNaturalist_2282538.jpg,Chaetodon austriacus,images_inaturalist,2,0.6405,0.3595,0.884,0.4121,0.0,0.1298,0.2536,0.5118,0.0334,13067,0.6892,no,yes,no,no,1,review
Chaetodon_austriacus_iNaturalist_3125075.jpg,Chaetodon austriacus,images_inaturalist,2,0.651,0.349,0.3261,0.4958,0.0,0.0397,0.2536,0.1565,0.1694,38341,0.6232,no,yes,yes,no,2,resegment_dinosam
Chaetodon_austriacus_iNaturalist_450186908.jpg,Chaetodon austriacus,images_inaturalist,1,1.0,0.0,0.6766,0.9998,0.0,0.0226,0.2536,0.0891,0.0967,12667,0.8066,no,no,yes,no,1,review
Chaetodon_austriacus_iNaturalist_450388533.jpg,Chaetodon austriacus,images_inaturalist,1,1.0,0.0,0.906,1.0016,0.0,0.0727,0.2536,0.2867,0.0718,84116,0.9,no,no,yes,no,1,review
Chaetodon_austriacus_iNaturalist_606348798.jpg,Chaetodon austriacus,images_inaturalist,2,0.5372,0.4628,0.9955,0.7489,0.0,0.0993,0.2536,0.3916,0.0886,68078,0.7327,no,no,no,no,0,ok
Chaetodon_baronessa_Bishop_-2122794458.jpg,Chaetodon baronessa,images_bishop,1,1.0,0.0,0.4006,0.9066,0.0,0.5221,0.2653,1.968,0.0451,266537,0.9458,no,no,no,no,0,ok
Chaetodon_baronessa_Bishop_1152880952.jpg,Chaetodon baronessa,images_bishop,1,1.0,0.0,0.425,0.8838,0.0,0.4959,0.2653,1.8692,0.0334,232306,0.95,no,no,no,no,0,ok
Chaetodon_baronessa_Bishop_601798515.jpg,Chaetodon baronessa,images_bishop,2,1.0,0.0,0.4778,0.9112,0.0,0.4677,0.2653,1.7629,0.0314,239921,0.9546,no,no,no,no,0,ok
Chaetodon_baronessa_Bishop_918345433.jpg,Chaetodon baronessa,images_bishop,1,1.0,0.0,0.3854,0.906,0.0,0.5475,0.2653,2.0637,0.0411,260307,0.942,no,no,no,no,0,ok
Chaetodon_baronessa_FishBaseUser_1444522709_24.215.186.224.jpg,Chaetodon baronessa,images_fishbase_usercontrib,1,1.0,0.0,0.6917,0.9545,0.0,0.2623,0.2653,0.9887,0.1012,1043189,0.9991,no,no,no,no,0,ok
Chaetodon_baronessa_FishBaseUser_1508794820_172.68.102.54.jpg,Chaetodon baronessa,images_fishbase_usercontrib,1,1.0,0.0,0.7401,0.9684,0.0,0.1087,0.2653,0.4097,0.114,607652,0.9286,no,no,no,no,0,ok
Chaetodon_baronessa_FishBaseUser_1527590351_162.158.22.210.jpg,Chaetodon baronessa,images_fishbase_usercontrib,2,0.6227,0.3773,1.0458,0.4732,0.0,0.079,0.2653,0.2978,0.1444,120524,0.658,no,yes,yes,no,2,resegment_dinosam
Chaetodon_baronessa_FishBaseUser_1569479961_172.68.189.231.jpg,Chaetodon baronessa,images_fishbase_usercontrib,1,1.0,0.0,1.0226,0.9876,0.0,0.0438,0.2653,0.1651,0.075,84559,0.8559,no,no,yes,no,1,review
Chaetodon_baronessa_FishBaseUser_1577140889_172.68.102.30.jpg,Chaetodon baronessa,images_fishbase_usercontrib,1,1.0,0.0,0.7959,0.958,0.0,0.2096,0.2653,0.79,0.0736,3043419,0.9811,no,no,no,no,0,ok
Chaetodon_baronessa_FishBaseUser_1703892135_172.70.55.134.jpg,Chaetodon baronessa,images_fishbase_usercontrib,1,1.0,0.0,1.0093,0.9592,0.0,0.1026,0.2653,0.3867,0.1743,65730,0.924,no,no,no,no,0,ok
Chaetodon_baronessa_FishBaseUser_1706125656_172.70.55.133.jpg,Chaetodon baronessa,images_fishbase_usercontrib,1,1.0,0.0,0.8428,0.981,0.0,0.1535,0.2653,0.5786,0.0505,180961,0.9562,no,no,no,no,0,ok
Chaetodon_baronessa_FishBaseUser_1707093697_172.70.82.152.jpg,Chaetodon baronessa,images_fishbase_usercontrib,1,1.0,0.0,0.8703,0.9767,0.0,0.2217,0.2653,0.8357,0.0535,187000,0.9856,no,no,no,no,0,ok
Chaetodon_baronessa_FishBaseUser_1747225527_95.95.129.49.jpg,Chaetodon baronessa,images_fishbase_usercontrib,1,1.0,0.0,0.5761,0.8788,0.0,0.1533,0.2653,0.5778,0.0592,1142038,0.9561,no,no,no,no,0,ok
Chaetodon_baronessa_FishBase_Chbar_j0.jpg,Chaetodon baronessa,images_fishbase_extra,1,1.0,0.0,0.591,0.8716,0.0,0.0804,0.2653,0.3031,0.0277,40284,0.9045,no,no,no,no,0,ok
Chaetodon_baronessa_FishBase_Chbar_u0.jpg,Chaetodon baronessa,images_fishbase_extra,1,1.0,0.0,0.3802,0.9129,0.0,0.504,0.2653,1.8997,0.0409,147276,0.9487,no,no,no,no,0,ok
Chaetodon_baronessa_FishBase_Chbar_u1.jpg,Chaetodon baronessa,images_fishbase_extra,1,1.0,0.0,0.3857,0.9042,0.0,0.5451,0.2653,2.0547,0.041,146726,0.9424,no,no,no,no,0,ok
Chaetodon_baronessa_FishBase_Chbar_u2.jpg,Chaetodon baronessa,images_fishbase_extra,1,1.0,0.0,0.6827,0.977,0.0,0.2387,0.2653,0.8997,0.0398,77697,0.9915,no,no,no,no,0,ok
Chaetodon_baronessa_FishBase_Chbar_u3.jpg,Chaetodon baronessa,images_fishbase_extra,1,1.0,0.0,0.4075,0.8851,0.0,0.489,0.2653,1.8432,0.033,130191,0.9511,no,no,no,no,0,ok
Chaetodon_baronessa_FishBase_Chbar_u4.jpg,Chaetodon baronessa,images_fishbase_extra,3,1.0,0.0,0.4716,0.8963,0.0,0.4608,0.2653,1.7369,0.0312,137029,0.9558,no,no,no,no,0,ok
Chaetodon_baronessa_FishBase_Chbar_u5.jpg,Chaetodon baronessa,images_fishbase_extra,1,1.0,0.0,0.8019,0.9772,0.0,0.1937,0.2653,0.7301,0.0711,77443,0.9748,no,no,no,no,0,ok
Chaetodon_baronessa_FishBase_Chbar_u7.jpg,Chaetodon baronessa,images_fishbase_extra,1,1.0,0.0,0.8318,0.9685,0.0,0.0673,0.2653,0.2537,0.0436,24440,0.8903,no,no,yes,no,1,review
Chaetodon_baronessa_FishBase_Chbar_u8.jpg,Chaetodon baronessa,images_fishbase_extra,1,1.0,0.0,0.7843,0.9609,0.0,0.2859,0.2653,1.0776,0.0613,80172,0.994,no,no,no,no,0,ok
Chaetodon_baronessa_FishPix_23026AF.jpg,Chaetodon baronessa,images,1,1.0,0.0,0.8586,0.9768,0.0,0.2274,0.2653,0.8571,0.0049,105127,0.9877,no,no,no,no,0,ok
Chaetodon_baronessa_FishWise_007419F000009W000008.jpg,Chaetodon baronessa,images_fishwise,1,1.0,0.0,0.7419,0.942,0.0,0.311,0.2653,1.1723,0.027,109536,0.9873,no,no,no,no,0,ok
Chaetodon_baronessa_FishWise_007419F000009W000009.jpg,Chaetodon baronessa,images_fishwise,1,1.0,0.0,0.7407,0.9715,0.0,0.1972,0.2653,0.7433,0.0183,83478,0.9763,no,no,no,no,0,ok
Chaetodon_baronessa_FishWise_007419F000009W000010.jpg,Chaetodon baronessa,images_fishwise,1,1.0,0.0,0.4922,0.9039,0.0,0.1436,0.2653,0.5413,0.0327,67157,0.9509,no,no,no,no,0,ok
Chaetodon_baronessa_FishWise_007419F000009W000014.jpg,Chaetodon baronessa,images_fishwise,1,1.0,0.0,0.7504,0.9613,0.0,0.304,0.2653,1.1459,0.0153,112376,0.9891,no,no,no,no,0,ok
Chaetodon_baronessa_FishWise_007419F000009W000015.jpg,Chaetodon baronessa,images_fishwise,1,1.0,0.0,0.5847,0.9664,0.0,0.2148,0.2653,0.8096,0.0121,107028,0.9831,no,no,no,no,0,ok
Chaetodon_baronessa_FishWise_007419F000033W000001.jpg,Chaetodon baronessa,images_fishwise,1,1.0,0.0,0.5807,0.9007,0.0,0.2309,0.2653,0.8703,0.015,58078,0.9889,no,no,no,no,0,ok
Chaetodon_baronessa_FishWise_007419F000112W000007.jpg,Chaetodon baronessa,images_fishwise,1,1.0,0.0,0.4443,0.924,0.0001,0.5633,0.2653,2.1233,0.0336,121922,0.9397,no,no,no,no,0,ok
Chaetodon_baronessa_FishWise_007419F000387W000011.jpg,Chaetodon baronessa,images_fishwise,1,1.0,0.0,0.6669,0.9776,0.0,0.333,0.2653,1.2552,0.0384,116990,0.9818,no,no,no,no,0,ok
Chaetodon_baronessa_FishWise_007419F000387W000012.jpg,Chaetodon baronessa,images_fishwise,1,1.0,0.0,0.6621,0.9262,0.0,0.2597,0.2653,0.9789,0.0098,103680,0.9983,no,no,no,no,0,ok
Chaetodon_baronessa_FishWise_007419F000387W000013.jpg,Chaetodon baronessa,images_fishwise,1,1.0,0.0,0.714,0.9636,0.0,0.3644,0.2653,1.3735,0.0103,108897,0.9746,no,no,no,no,0,ok
Chaetodon_baronessa_FishWise_007419F000387W000016.jpg,Chaetodon baronessa,images_fishwise,1,1.0,0.0,0.8141,0.9314,0.0,0.1652,0.2653,0.6227,0.0253,65851,0.9621,no,no,no,no,0,ok
Chaetodon_baronessa_iNaturalist_160681551.jpg,Chaetodon baronessa,images_inaturalist,1,1.0,0.0,0.7385,0.918,0.0,0.0515,0.2653,0.1941,0.1731,56567,0.8689,no,no,yes,no,1,review
Chaetodon_baronessa_iNaturalist_287393226.jpg,Chaetodon baronessa,images_inaturalist,1,1.0,0.0,0.817,0.9786,0.0,0.101,0.2653,0.3807,0.0091,150892,0.9227,no,no,no,no,0,ok
Chaetodon_baronessa_iNaturalist_290835408.jpg,Chaetodon baronessa,images_inaturalist,1,1.0,0.0,0.7848,0.9656,0.0,0.2864,0.2653,1.0795,0.1869,336213,0.9939,no,no,no,no,0,ok
Chaetodon_baronessa_iNaturalist_376477120.jpg,Chaetodon baronessa,images_inaturalist,1,1.0,0.0,0.747,0.9644,0.0,0.0982,0.2653,0.3701,0.0183,104489,0.9205,no,no,no,no,0,ok
Chaetodon_baronessa_iNaturalist_390635305.jpg,Chaetodon baronessa,images_inaturalist,1,1.0,0.0,0.8569,0.9755,0.0,0.2072,0.2653,0.781,0.0481,182096,0.9802,no,no,no,no,0,ok
Chaetodon_baronessa_iNaturalist_390635319.jpg,Chaetodon baronessa,images_inaturalist,1,1.0,0.0,0.997,0.9855,0.0,0.1428,0.2653,0.5383,0.0022,123377,0.9504,no,no,no,no,0,ok
Chaetodon_baronessa_iNaturalist_409577421.jpg,Chaetodon baronessa,images_inaturalist,1,1.0,0.0,0.9749,0.9832,0.0,0.0353,0.2653,0.1331,0.0269,31617,0.8386,no,no,yes,no,1,review
Chaetodon_baronessa_iNaturalist_409626771.jpg,Chaetodon baronessa,images_inaturalist,1,1.0,0.0,0.9621,0.9797,0.0,0.0849,0.2653,0.32,0.0317,32411,0.9088,no,no,no,no,0,ok
Chaetodon_bennetti_Bishop_-2064196433.jpg,Chaetodon bennetti,images_bishop,1,1.0,0.0,0.4078,0.875,0.0,0.5297,0.3669,1.4437,0.0125,255356,0.9706,no,no,no,no,0,ok
Chaetodon_bennetti_Bishop_711591108.jpg,Chaetodon bennetti,images_bishop,1,1.0,0.0,0.3926,0.8607,0.0,0.4336,0.3669,1.1818,0.0288,237908,0.9866,no,no,no,no,0,ok
Chaetodon_bennetti_FishBaseUser_1433887750_2.238.54.39.jpg,Chaetodon bennetti,images_fishbase_usercontrib,1,1.0,0.0,0.7125,0.978,0.0,0.2188,0.3669,0.5963,0.0036,164206,0.9586,no,no,no,no,0,ok
Chaetodon_bennetti_FishBaseUser_1433887928_2.238.54.39.jpg,Chaetodon bennetti,images_fishbase_usercontrib,1,1.0,0.0,0.7036,0.97,0.0,0.2539,0.3669,0.692,0.0453,199685,0.9705,no,no,no,no,0,ok
Chaetodon_bennetti_FishBaseUser_1497079694_172.68.132.253.jpg,Chaetodon bennetti,images_fishbase_usercontrib,1,1.0,0.0,0.8938,0.969,0.0,0.1942,0.3669,0.5293,0.0517,3191842,0.9491,no,no,no,no,0,ok
Chaetodon_bennetti_FishBaseUser_1508795146_172.68.102.54.jpg,Chaetodon bennetti,images_fishbase_usercontrib,1,1.0,0.0,0.7979,0.9472,0.0,0.1756,0.3669,0.4786,0.1041,868259,0.941,no,no,no,no,0,ok
Chaetodon_bennetti_FishBaseUser_1741627575_188.114.102.234.jpg,Chaetodon bennetti,images_fishbase_usercontrib,1,1.0,0.0,0.7531,0.9377,0.0,0.1661,0.3669,0.4527,0.0583,150000,0.9366,no,no,no,no,0,ok
Chaetodon_bennetti_FishBaseUser_1747086309_169.150.203.237.jpg,Chaetodon bennetti,images_fishbase_usercontrib,1,1.0,0.0,0.7911,0.9812,0.0,0.1734,0.3669,0.4726,0.1027,614949,0.94,no,no,no,no,0,ok
Chaetodon_bennetti_FishBaseUser_1747086353_169.150.203.237.jpg,Chaetodon bennetti,images_fishbase_usercontrib,1,1.0,0.0,0.5844,0.9493,0.0,0.2566,0.3669,0.6994,0.0211,2916888,0.9714,no,no,no,no,0,ok
Chaetodon_bennetti_FishBaseUser_1747225772_95.95.129.49.jpg,Chaetodon bennetti,images_fishbase_usercontrib,1,1.0,0.0,1.0231,1.0078,0.1838,0.4961,0.3669,1.3521,0.0229,5583951,0.9391,no,no,no,no,0,ok
Chaetodon_bennetti_FishBaseUser_1747225818_95.95.129.49.jpg,Chaetodon bennetti,images_fishbase_usercontrib,1,1.0,0.0,0.9232,0.9974,0.0,0.1278,0.3669,0.3483,0.0206,1919507,0.9156,no,no,no,no,0,ok
Chaetodon_bennetti_FishBase_Chben_u1.jpg,Chaetodon bennetti,images_fishbase_extra,1,1.0,0.0,0.4003,0.8767,0.0,0.5283,0.3669,1.4399,0.0124,143162,0.9708,no,no,no,no,0,ok
Chaetodon_bennetti_FishBase_Chben_u2.jpg,Chaetodon bennetti,images_fishbase_extra,1,1.0,0.0,0.3868,0.867,0.0,0.4347,0.3669,1.1848,0.029,132509,0.9864,no,no,no,no,0,ok
Chaetodon_bennetti_FishBase_Chben_u3.jpg,Chaetodon bennetti,images_fishbase_extra,1,1.0,0.0,0.8843,0.9674,0.0,0.0791,0.3669,0.2156,0.0275,37709,0.8772,no,no,yes,no,1,review
Chaetodon_bennetti_FishBase_Chben_u4.jpg,Chaetodon bennetti,images_fishbase_extra,1,1.0,0.0,1.0583,1.0034,0.0,0.1459,0.3669,0.3977,0.0567,61640,0.9262,no,no,no,no,0,ok
Chaetodon_bennetti_FishBase_Chben_u6.jpg,Chaetodon bennetti,images_fishbase_extra,2,1.0,0.0,0.7712,0.9749,0.0,0.3913,0.3669,1.0665,0.0104,194707,0.9948,no,no,no,no,0,ok
Chaetodon_bennetti_FishBase_Chben_ud.jpg,Chaetodon bennetti,images_fishbase_extra,2,1.0,0.0,0.6469,0.961,0.0,0.2679,0.3669,0.7302,0.0273,117712,0.9748,no,no,no,no,0,ok
Chaetodon_bennetti_FishPix_16721AF.jpg,Chaetodon bennetti,images,1,1.0,0.0,0.7972,0.9629,0.0,0.2097,0.3669,0.5715,0.0169,134542,0.9552,no,no,no,no,0,ok
Chaetodon_bennetti_FishWise_007960F000009W000004.jpg,Chaetodon bennetti,images_fishwise,1,1.0,0.0,0.8442,0.9973,0.0,0.4779,0.3669,1.3025,0.0086,102905,0.9789,no,no,no,no,0,ok
Chaetodon_bennetti_FishWise_007960F000009W000006.jpg,Chaetodon bennetti,images_fishwise,1,1.0,0.0,0.8264,0.9757,0.0,0.3488,0.3669,0.9507,0.0221,113897,0.996,no,no,no,no,0,ok
Chaetodon_bennetti_FishWise_007960F000009W000008.jpg,Chaetodon bennetti,images_fishwise,2,0.9997,0.0003,0.7313,0.9552,0.0,0.3984,0.3669,1.0859,0.0235,143045,0.9933,no,no,no,no,0,ok
Chaetodon_bennetti_FishWise_007960F000009W000009.jpg,Chaetodon bennetti,images_fishwise,4,1.0,0.0,0.7441,0.9693,0.0,0.339,0.3669,0.924,0.0209,126504,0.9937,no,no,no,no,0,ok
Chaetodon_bennetti_FishWise_007960F000009W000010.jpg,Chaetodon bennetti,images_fishwise,1,1.0,0.0,0.9284,0.9953,0.0,0.326,0.3669,0.8885,0.0142,106178,0.9905,no,no,no,no,0,ok
Chaetodon_bennetti_FishWise_007960F000009W000011.jpg,Chaetodon bennetti,images_fishwise,1,1.0,0.0,0.6964,0.982,0.0,0.5044,0.3669,1.3748,0.0024,147914,0.9745,no,no,no,no,0,ok
Chaetodon_bennetti_FishWise_007960F000009W000012.jpg,Chaetodon bennetti,images_fishwise,1,1.0,0.0,0.6582,0.9616,0.0,0.3812,0.3669,1.039,0.0136,145602,0.9969,no,no,no,no,0,ok
Chaetodon_bennetti_FishWise_007960F000009W000013.jpg,Chaetodon bennetti,images_fishwise,1,1.0,0.0,0.7911,0.9894,0.0,0.374,0.3669,1.0194,0.0107,119950,0.9985,no,no,no,no,0,ok
Chaetodon_bennetti_FishWise_007960F000009W000014.jpg,Chaetodon bennetti,images_fishwise,1,1.0,0.0,0.8541,0.9807,0.0,0.4226,0.3669,1.1518,0.004,141720,0.9887,no,no,no,no,0,ok
Chaetodon_bennetti_FishWise_007960F000009W000015.jpg,Chaetodon bennetti,images_fishwise,1,1.0,0.0,0.3883,0.921,0.0,0.2769,0.3669,0.7547,0.0329,112863,0.9775,no,no,no,no,0,ok
Chaetodon_bennetti_FishWise_007960F000009W000016.jpg,Chaetodon bennetti,images_fishwise,1,1.0,0.0,0.866,0.98,0.0,0.4297,0.3669,1.1712,0.0206,126264,0.9874,no,no,no,no,0,ok
Chaetodon_bennetti_FishWise_007960F000024W000002.jpg,Chaetodon bennetti,images_fishwise,1,1.0,0.0,0.3815,0.8634,0.0,0.429,0.3669,1.1693,0.0285,102938,0.9875,no,no,no,no,0,ok
Chaetodon_bennetti_FishWise_007960F000031W000003.jpg,Chaetodon bennetti,images_fishwise,1,1.0,0.0,0.6963,0.9645,0.0,0.2903,0.3669,0.7912,0.0115,89619,0.9813,no,no,no,no,0,ok
Chaetodon_bennetti_FishWise_007960F000039W000001.jpg,Chaetodon bennetti,images_fishwise,1,1.0,0.0,0.5196,0.894,0.0,0.3798,0.3669,1.0352,0.0338,100772,0.9972,no,no,no,no,0,ok
Chaetodon_bennetti_FishWise_007960F000112W000007.jpg,Chaetodon bennetti,images_fishwise,1,1.0,0.0,0.3802,0.8669,0.0,0.4714,0.3669,1.2848,0.0178,136564,0.98,no,no,no,no,0,ok
Chaetodon_bennetti_iNaturalist_214592077.jpg,Chaetodon bennetti,images_inaturalist,1,1.0,0.0,0.844,0.9851,0.0,0.0459,0.3669,0.1251,0.0377,35740,0.8337,no,no,yes,no,1,review
Chaetodon_bennetti_iNaturalist_450199741.jpg,Chaetodon bennetti,images_inaturalist,1,1.0,0.0,0.6106,0.9302,0.0,0.1218,0.3669,0.332,0.0193,209151,0.9118,no,no,no,no,0,ok
Chaetodon_bennetti_iNaturalist_450199757.jpg,Chaetodon bennetti,images_inaturalist,1,1.0,0.0,0.6302,0.9428,0.0,0.1014,0.3669,0.2764,0.0196,181267,0.8971,no,no,yes,no,1,review
Chaetodon_bennetti_iNaturalist_450199763.jpg,Chaetodon bennetti,images_inaturalist,1,1.0,0.0,0.5309,0.8863,0.0,0.2126,0.3669,0.5794,0.027,251490,0.9563,no,no,no,no,0,ok
Chaetodon_bennetti_iNaturalist_452973249.jpg,Chaetodon bennetti,images_inaturalist,1,1.0,0.0,0.7579,0.9802,0.0,0.081,0.3669,0.2208,0.0127,86698,0.8791,no,no,yes,no,1,review
Chaetodon_bennetti_iNaturalist_476708566.jpg,Chaetodon bennetti,images_inaturalist,1,1.0,0.0,1.0371,0.993,0.0,0.0474,0.3669,0.1292,0.0061,37531,0.8363,no,no,yes,no,1,review
Chaetodon_bennetti_iNaturalist_476710068.jpg,Chaetodon bennetti,images_inaturalist,1,1.0,0.0,1.0292,0.995,0.0,0.0384,0.3669,0.1047,0.0039,40910,0.8194,no,no,yes,no,1,review
Chaetodon_bennetti_iNaturalist_604198648.jpg,Chaetodon bennetti,images_inaturalist,1,1.0,0.0,1.0879,1.0055,0.0,0.0471,0.3669,0.1284,0.0099,36713,0.8358,no,no,yes,no,1,review
Chaetodon_bennetti_iNaturalist_605200594.jpg,Chaetodon bennetti,images_inaturalist,1,1.0,0.0,0.644,0.9616,0.0,0.2806,0.3669,0.7648,0.0549,278725,0.9785,no,no,no,no,0,ok
Chaetodon_bennetti_iNaturalist_607317919.jpg,Chaetodon bennetti,images_inaturalist,1,1.0,0.0,1.2011,1.0073,0.0,0.022,0.3669,0.06,0.2594,23627,0.7749,no,no,yes,no,1,review
Chaetodon_blackburnii_Bishop_-410407509.jpg,Chaetodon blackburnii,images_bishop,1,1.0,0.0,0.4973,0.8981,0.0,0.5693,0.3274,1.7389,0.021,293098,0.9557,no,no,no,no,0,ok
Chaetodon_blackburnii_Bishop_1288243346.jpg,Chaetodon blackburnii,images_bishop,1,1.0,0.0,0.449,0.8713,0.0,0.5031,0.3274,1.5367,0.0319,289050,0.9656,no,no,no,no,0,ok
Chaetodon_blackburnii_Bishop_300609141.jpg,Chaetodon blackburnii,images_bishop,1,1.0,0.0,0.4797,0.8871,0.0,0.5537,0.3274,1.6912,0.0338,293596,0.958,no,no,no,no,0,ok
Chaetodon_blackburnii_FishBaseUser_1692770238_172.70.90.51.jpg,Chaetodon blackburnii,images_fishbase_usercontrib,1,1.0,0.0,0.896,0.9714,0.0,0.1329,0.3274,0.4059,0.0175,1224271,0.9279,no,no,no,no,0,ok
Chaetodon_blackburnii_FishBaseUser_1692770455_172.70.90.91.jpg,Chaetodon blackburnii,images_fishbase_usercontrib,1,1.0,0.0,0.8378,0.9835,0.0,0.123,0.3274,0.3757,0.0314,2005454,0.9217,no,no,no,no,0,ok
Chaetodon_blackburnii_FishBase_Chbla_f0.jpg,Chaetodon blackburnii,images_fishbase_extra,1,1.0,0.0,0.4951,0.901,0.0,0.5707,0.3274,1.7431,0.0209,177552,0.9555,no,no,no,no,0,ok
Chaetodon_blackburnii_FishBase_Chbla_j0.jpg,Chaetodon blackburnii,images_fishbase_extra,2,0.9999,0.0001,0.7743,0.9526,0.0,0.1388,0.3274,0.4239,0.018,63653,0.9313,no,no,no,no,0,ok
Chaetodon_blackburnii_FishBase_Chbla_j1.jpg,Chaetodon blackburnii,images_fishbase_extra,1,1.0,0.0,0.8273,0.9325,0.0,0.2433,0.3274,0.7431,0.058,36296,0.9762,no,no,no,no,0,ok
Chaetodon_blackburnii_FishBase_Chbla_u0.jpg,Chaetodon blackburnii,images,2,1.0,0.0,0.4837,0.8822,0.0,0.5546,0.3274,1.694,0.0337,172602,0.9578,no,no,no,no,0,ok
Chaetodon_blackburnii_FishBase_Chbla_u1.jpg,Chaetodon blackburnii,images_fishbase_extra,1,1.0,0.0,0.4408,0.8653,0.0,0.5035,0.3274,1.5379,0.0319,181333,0.9656,no,no,no,no,0,ok
Chaetodon_blackburnii_FishBase_Chbla_u5.jpg,Chaetodon blackburnii,images_fishbase_extra,1,1.0,0.0,0.6624,0.9625,0.0,0.1903,0.3274,0.5812,0.0577,86673,0.9566,no,no,no,no,0,ok
Chaetodon_blackburnii_FishWise_009005F000009W000005.jpg,Chaetodon blackburnii,images_fishwise,1,1.0,0.0,0.6106,0.9213,0.0,0.279,0.3274,0.8522,0.0161,134173,0.9872,no,no,no,no,0,ok
Chaetodon_blackburnii_FishWise_009005F000009W000007.jpg,Chaetodon blackburnii,images_fishwise,1,1.0,0.0,0.8092,0.9736,0.0,0.3274,0.3274,1.0,0.0115,96832,1,no,no,no,no,0,ok
Chaetodon_blackburnii_FishWise_009005F000009W000009.jpg,Chaetodon blackburnii,images_fishwise,1,1.0,0.0,0.787,0.9612,0.0,0.2699,0.3274,0.8244,0.0173,98252,0.9845,no,no,no,no,0,ok
Chaetodon_blackburnii_FishWise_009005F000009W000011.jpg,Chaetodon blackburnii,images_fishwise,1,1.0,0.0,0.6594,0.9677,0.0,0.3544,0.3274,1.0825,0.0347,115899,0.9937,no,no,no,no,0,ok
Chaetodon_blackburnii_FishWise_009005F000009W000012.jpg,Chaetodon blackburnii,images_fishwise,1,1.0,0.0,0.5958,0.9384,0.0,0.3499,0.3274,1.0687,0.0268,116572,0.9947,no,no,no,no,0,ok
Chaetodon_blackburnii_FishWise_009005F000024W000001.jpg,Chaetodon blackburnii,images_fishwise,1,1.0,0.0,0.4826,0.8875,0.0,0.5689,0.3274,1.7376,0.0206,139110,0.9558,no,no,no,no,0,ok
Chaetodon_blackburnii_FishWise_009005F000024W000002.jpg,Chaetodon blackburnii,images_fishwise,1,1.0,0.0,0.4366,0.8729,0.0,0.5029,0.3274,1.536,0.0321,138898,0.9657,no,no,no,no,0,ok
Chaetodon_blackburnii_FishWise_009005F000112W000006.jpg,Chaetodon blackburnii,images_fishwise,1,1.0,0.0,0.4678,0.8966,0.0,0.4765,0.3274,1.4554,0.0082,138136,0.97,no,no,no,no,0,ok
Chaetodon_blackburnii_FishWise_009005F000387W000008.jpg,Chaetodon blackburnii,images_fishwise,1,1.0,0.0,0.7557,0.9423,0.0,0.2693,0.3274,0.8225,0.031,115449,0.9844,no,no,no,no,0,ok
Chaetodon_blackburnii_iNaturalist_15662749.jpg,Chaetodon blackburnii,images_inaturalist,3,0.4679,0.5321,0.7175,0.493,0.0,0.0849,0.3274,0.2593,0.0679,28868,0.5987,yes,yes,yes,no,3,resegment_dinosam
Chaetodon_blackburnii_iNaturalist_19230596.jpg,Chaetodon blackburnii,images_inaturalist,1,1.0,0.0,0.6537,0.9541,0.0,0.0908,0.3274,0.2773,0.044,40231,0.8974,no,no,yes,no,1,review
Chaetodon_blackburnii_iNaturalist_19749462.jpg,Chaetodon blackburnii,images_inaturalist,1,1.0,0.0,0.9525,0.9822,0.0,0.1762,0.3274,0.5382,0.0205,219627,0.9504,no,no,no,no,0,ok
Chaetodon_blackburnii_iNaturalist_247677288.jpg,Chaetodon blackburnii,images_inaturalist,3,0.7577,0.2423,0.8328,0.6058,0.0,0.0806,0.3274,0.2462,0.0937,47658,0.7298,yes,yes,yes,no,3,resegment_dinosam
Chaetodon_blackburnii_iNaturalist_260269269.jpg,Chaetodon blackburnii,images_inaturalist,1,1.0,0.0,0.7948,0.9662,0.0557,0.1404,0.3274,0.4288,0.3164,101948,0.9211,no,no,no,no,0,ok
Chaetodon_blackburnii_iNaturalist_313216433.jpg,Chaetodon blackburnii,images_inaturalist,1,1.0,0.0,0.7839,0.9544,0.0,0.1559,0.3274,0.4762,0.0419,80390,0.9406,no,no,no,no,0,ok
Chaetodon_blackburnii_iNaturalist_451247543.jpg,Chaetodon blackburnii,images_inaturalist,1,1.0,0.0,0.9483,0.9481,0.0,0.1543,0.3274,0.4713,0.0944,70479,0.9398,no,no,no,no,0,ok
Chaetodon_blackburnii_iNaturalist_451247554.jpg,Chaetodon blackburnii,images_inaturalist,1,1.0,0.0,0.8094,0.9755,0.0,0.2542,0.3274,0.7764,0.0522,80041,0.9798,no,no,no,no,0,ok
Chaetodon_blackburnii_iNaturalist_8799394.jpg,Chaetodon blackburnii,images_inaturalist,1,1.0,0.0,0.819,0.949,0.0,0.0337,0.3274,0.1029,0.0449,27953,0.8181,no,no,yes,no,1,review
Chaetodon_burgessi_FishBaseUser_1368178641_114.155.226.67.jpg,Chaetodon burgessi,images_fishbase_usercontrib,1,1.0,0.0,0.7201,0.9468,0.0,0.4494,0.29,1.5497,0.0225,357664,0.965,no,no,no,no,0,ok
Chaetodon_burgessi_FishBaseUser_1368178716_114.155.226.67.jpg,Chaetodon burgessi,images_fishbase_usercontrib,1,1.0,0.0,0.3911,0.8506,0.0069,0.4982,0.29,1.7179,0.0222,453849,0.9553,no,no,no,no,0,ok
Chaetodon_burgessi_FishBase_Chbur_u0.jpg,Chaetodon burgessi,images_fishbase_extra,1,1.0,0.0,0.741,0.9442,0.0,0.1789,0.29,0.6169,0.0482,77643,0.9614,no,no,no,no,0,ok
Chaetodon_burgessi_FishBase_Chbur_u1.jpg,Chaetodon burgessi,images_fishbase_extra,1,1.0,0.0,0.5657,0.9417,0.0,0.4469,0.29,1.541,0.0723,168968,0.9654,no,no,no,no,0,ok
Chaetodon_burgessi_FishBase_Chbur_u3.jpg,Chaetodon burgessi,images_fishbase_extra,1,1.0,0.0,0.6316,0.8647,0.0,0.349,0.29,1.2034,0.0423,111332,0.9852,no,no,no,no,0,ok
Chaetodon_burgessi_FishBase_Chbur_u4.jpg,Chaetodon burgessi,images_fishbase_extra,1,1.0,0.0,0.6026,0.8719,0.0,0.1509,0.29,0.5203,0.0143,70725,0.9477,no,no,no,no,0,ok
Chaetodon_burgessi_FishBase_Chbur_u5.jpg,Chaetodon burgessi,images_fishbase_extra,1,1.0,0.0,0.6571,0.9156,0.0,0.2567,0.29,0.8852,0.0235,88803,0.9902,no,no,no,no,0,ok
Chaetodon_burgessi_FishPix_55799AF.jpg,Chaetodon burgessi,images,1,1.0,0.0,0.3181,0.8099,0.0,0.35,0.29,1.2069,0.0238,192856,0.9729,no,no,no,no,0,ok
Chaetodon_burgessi_iNaturalist_117360580.jpg,Chaetodon burgessi,images_inaturalist,1,1.0,0.0,0.7981,0.9737,0.0,0.1335,0.29,0.4603,0.0483,111757,0.9379,no,no,no,no,0,ok
Chaetodon_burgessi_iNaturalist_1399554.jpg,Chaetodon burgessi,images_inaturalist,1,1.0,0.0,0.7341,0.966,0.0,0.3087,0.29,1.0645,0.0406,246990,0.995,no,no,no,no,0,ok
Chaetodon_burgessi_iNaturalist_264122895.jpg,Chaetodon burgessi,images_inaturalist,1,1.0,0.0,0.5507,0.8567,0.0,0.156,0.29,0.5379,0.2437,174131,0.9504,no,no,no,no,0,ok
Chaetodon_burgessi_iNaturalist_377051376.jpg,Chaetodon burgessi,images_inaturalist,1,1.0,0.0,0.6927,0.9203,0.0,0.3037,0.29,1.0472,0.0458,321264,0.9963,no,no,no,no,0,ok
Chaetodon_burgessi_iNaturalist_417137299.jpg,Chaetodon burgessi,images_inaturalist,1,1.0,0.0,0.7946,0.9659,0.0,0.1022,0.29,0.3524,0.0117,113208,0.9166,no,no,no,no,0,ok
Chaetodon_burgessi_iNaturalist_485314131.jpg,Chaetodon burgessi,images_inaturalist,1,1.0,0.0,0.5379,0.856,0.0,0.1097,0.29,0.3783,0.0145,89651,0.9222,no,no,no,no,0,ok
Chaetodon_burgessi_iNaturalist_59037796.jpg,Chaetodon burgessi,images_inaturalist,1,1.0,0.0,0.8572,0.985,0.0,0.071,0.29,0.2448,0.1969,49920,0.8874,no,no,yes,no,1,review
Chaetodon_burgessi_iNaturalist_608111330.jpg,Chaetodon burgessi,images_inaturalist,1,1.0,0.0,0.4015,0.8263,0.0,0.299,0.29,1.031,0.058,261572,0.9904,no,no,no,no,0,ok
Chaetodon_burgessi_iNaturalist_9454337.jpg,Chaetodon burgessi,images_inaturalist,1,1.0,0.0,0.9314,0.9844,0.0,0.0512,0.29,0.1766,0.0515,45691,0.8613,no,no,yes,no,1,review
Chaetodon_capistratus_FishBaseUser_1376290842_67.188.132.137.jpg,Chaetodon capistratus,images_fishbase_usercontrib,1,1.0,0.0,0.8551,0.977,0.0,0.0685,0.2093,0.3273,0.1135,95985,0.9106,no,no,no,no,0,ok
Chaetodon_capistratus_FishBaseUser_1495038199_162.158.154.105.jpg,Chaetodon capistratus,images_fishbase_usercontrib,1,1.0,0.0,1.0776,1.0022,0.0,0.2705,0.2093,1.2924,0.1029,3134000,0.9795,no,no,no,no,0,ok
Chaetodon_capistratus_FishBaseUser_1528207456_162.158.22.24.jpg,Chaetodon capistratus,images_fishbase_usercontrib,1,1.0,0.0,0.2484,0.5787,0.0,0.1189,0.2093,0.5681,0.1348,2276898,0.8734,no,yes,no,no,1,review
Chaetodon_capistratus_FishBaseUser_1585558624_108.162.229.90.jpg,Chaetodon capistratus,images_fishbase_usercontrib,1,1.0,0.0,0.9331,0.9916,0.0,0.3714,0.2093,1.7745,0.0295,189802,0.9541,no,no,no,no,0,ok
Chaetodon_capistratus_FishBaseUser_1598572753_162.158.187.179.jpg,Chaetodon capistratus,images_fishbase_usercontrib,1,1.0,0.0,0.8793,0.9792,0.0,0.0886,0.2093,0.4233,0.1125,302359,0.9312,no,no,no,no,0,ok
Chaetodon_capistratus_FishBaseUser_1617565421_162.158.75.220.jpg,Chaetodon capistratus,images_fishbase_usercontrib,1,1.0,0.0,1.0221,0.9971,0.0,0.3147,0.2093,1.5036,0.0491,1269520,0.9674,no,no,no,no,0,ok
Chaetodon_capistratus_FishBaseUser_1704222371_172.70.54.42.jpg,Chaetodon capistratus,images_fishbase_usercontrib,1,1.0,0.0,0.7637,0.9673,0.0,0.1465,0.2093,0.7,0.0846,149584,0.9715,no,no,no,no,0,ok
Chaetodon_capistratus_FishBaseUser_1706474720_172.70.254.13.jpg,Chaetodon capistratus,images_fishbase_usercontrib,1,1.0,0.0,0.9481,0.9966,0.0,0.2195,0.2093,1.0487,0.0223,224234,0.9962,no,no,no,no,0,ok
Chaetodon_capistratus_FishBaseUser_1708723355_172.70.55.71.jpg,Chaetodon capistratus,images_fishbase_usercontrib,1,1.0,0.0,0.7985,0.9277,0.0,0.09,0.2093,0.43,0.053,77544,0.9325,no,no,no,no,0,ok
Chaetodon_capistratus_FishBaseUser_1711483573_172.70.54.91.jpg,Chaetodon capistratus,images_fishbase_usercontrib,1,1.0,0.0,0.9857,0.9925,0.0,0.3112,0.2093,1.4869,0.0615,247323,0.9683,no,no,no,no,0,ok
Chaetodon_capistratus_FishBaseUser_1711483627_172.70.54.90.jpg,Chaetodon capistratus,images_fishbase_usercontrib,1,1.0,0.0,0.8884,0.9751,0.0,0.2236,0.2093,1.0683,0.135,193582,0.9947,no,no,no,no,0,ok
Chaetodon_capistratus_FishBaseUser_1711483687_172.70.254.83.jpg,Chaetodon capistratus,images_fishbase_usercontrib,1,1.0,0.0,0.9229,0.9842,0.0,0.0992,0.2093,0.474,0.1139,113997,0.9403,no,no,no,no,0,ok
Chaetodon_capistratus_FishBaseUser_1747226043_95.95.129.49.jpg,Chaetodon capistratus,images_fishbase_usercontrib,1,1.0,0.0,0.9639,0.994,0.0,0.1648,0.2093,0.7874,0.0315,1352870,0.9809,no,no,no,no,0,ok
Chaetodon_capistratus_FishBaseUser_1747226077_95.95.129.49.jpg,Chaetodon capistratus,images_fishbase_usercontrib,1,1.0,0.0,0.7438,0.8999,0.1272,0.3865,0.2093,1.8466,0.0873,4871536,0.9255,no,no,no,no,0,ok
Chaetodon_capistratus_FishBase_Chcap_u0.jpg,Chaetodon capistratus,images_fishbase_extra,1,1.0,0.0,0.7845,0.9885,0.0,0.4339,0.2093,2.0731,0.0198,120799,0.9417,no,no,no,no,0,ok
Chaetodon_capistratus_FishBase_Chcap_u9.jpg,Chaetodon capistratus,images,1,1.0,0.0,0.8712,0.9631,0.0,0.4963,0.2093,2.3712,0.0771,169385,0.9309,no,no,no,no,0,ok
Chaetodon_capistratus_FishBase_Chcap_ub.jpg,Chaetodon capistratus,images_fishbase_extra,1,1.0,0.0,0.4217,0.854,0.0,0.1558,0.2093,0.7444,0.0374,68573,0.9764,no,no,no,no,0,ok
Chaetodon_capistratus_FishBase_Chcap_uh.jpg,Chaetodon capistratus,images_fishbase_extra,1,1.0,0.0,0.7609,0.939,0.0,0.3382,0.2093,1.6159,0.0254,89027,0.9616,no,no,no,no,0,ok
Chaetodon_capistratus_FishBase_Chcap_ui.jpg,Chaetodon capistratus,images_fishbase_extra,1,1.0,0.0,0.9121,0.9923,0.0,0.2543,0.2093,1.215,0.019,89154,0.9844,no,no,no,no,0,ok
Chaetodon_capistratus_FishWise_012678F000163W000002.jpg,Chaetodon capistratus,images_fishwise,1,1.0,0.0,0.7168,0.946,0.0,0.324,0.2093,1.548,0.0831,89003,0.965,no,no,no,no,0,ok
Chaetodon_capistratus_FishWise_012678F000164W000003.jpg,Chaetodon capistratus,images_fishwise,1,1.0,0.0,1.0407,0.9949,0.0,0.3505,0.2093,1.6746,0.0219,82406,0.9588,no,no,no,no,0,ok
Chaetodon_capistratus_FishWise_012678F000164W000004.jpg,Chaetodon capistratus,images_fishwise,1,1.0,0.0,0.9129,0.9892,0.0,0.2512,0.2093,1.2002,0.0161,65725,0.9854,no,no,no,no,0,ok
Chaetodon_capistratus_iNaturalist_188863842.jpg,Chaetodon capistratus,images_inaturalist,1,1.0,0.0,0.8273,0.9041,0.0,0.0885,0.2093,0.4228,0.0679,43850,0.9311,no,no,no,no,0,ok
Chaetodon_capistratus_iNaturalist_194558459.jpg,Chaetodon capistratus,images_inaturalist,1,1.0,0.0,0.7718,0.8747,0.0,0.0649,0.2093,0.3101,0.0501,54743,0.9063,no,no,no,no,0,ok
Chaetodon_capistratus_iNaturalist_308518622.jpg,Chaetodon capistratus,images_inaturalist,1,1.0,0.0,0.6453,0.9068,0.0093,0.5017,0.2093,2.397,0.0094,654994,0.9282,no,no,no,no,0,ok
Chaetodon_capistratus_iNaturalist_411187850.jpg,Chaetodon capistratus,images_inaturalist,1,1.0,0.0,1.1321,0.9975,0.0,0.0542,0.2093,0.259,0.0958,38155,0.8919,no,no,yes,no,1,review
Chaetodon_capistratus_iNaturalist_449536529.jpg,Chaetodon capistratus,images_inaturalist,1,1.0,0.0,0.6898,0.9421,0.0,0.0496,0.2093,0.237,0.0213,41402,0.8848,no,no,yes,no,1,review
Chaetodon_capistratus_iNaturalist_449898623.jpg,Chaetodon capistratus,images_inaturalist,1,1.0,0.0,0.5395,0.8348,0.0,0.1199,0.2093,0.5729,0.0844,174279,0.9509,no,no,no,no,0,ok
Chaetodon_capistratus_iNaturalist_449898642.jpg,Chaetodon capistratus,images_inaturalist,1,1.0,0.0,0.8117,0.975,0.0,0.108,0.2093,0.516,0.0983,120740,0.9471,no,no,no,no,0,ok
Chaetodon_capistratus_iNaturalist_476314039.jpg,Chaetodon capistratus,images_inaturalist,1,1.0,0.0,0.8781,0.9581,0.0,0.0693,0.2093,0.3311,0.0409,79036,0.9116,no,no,no,no,0,ok
Chaetodon_capistratus_iNaturalist_92683344.jpg,Chaetodon capistratus,images_inaturalist,1,1.0,0.0,1.0265,0.9881,0.0,0.0251,0.2093,0.1199,0.061,20010,0.8303,no,no,yes,no,1,review
Chaetodon_citrinellus_Bishop_-1191499504.jpg,Chaetodon citrinellus,images_bishop,1,1.0,0.0,0.4247,0.8733,0.0,0.5028,0.331,1.519,0.0086,270118,0.9666,no,no,no,no,0,ok
Chaetodon_citrinellus_Bishop_-1736280642.jpg,Chaetodon citrinellus,images_bishop,1,1.0,0.0,0.4507,0.8656,0.0,0.5105,0.331,1.5423,0.0309,267492,0.9653,no,no,no,no,0,ok
Chaetodon_citrinellus_Bishop_-1937929700.jpg,Chaetodon citrinellus,images_bishop,1,1.0,0.0,0.3955,0.8486,0.0001,0.5148,0.331,1.5553,0.0245,277012,0.9642,no,no,no,no,0,ok
Chaetodon_citrinellus_Bishop_1043818087.jpg,Chaetodon citrinellus,images_bishop,1,1.0,0.0,0.4073,0.8778,0.0,0.4468,0.331,1.3498,0.0213,251722,0.976,no,no,no,no,0,ok
Chaetodon_citrinellus_Bishop_520787921.jpg,Chaetodon citrinellus,images_bishop,1,1.0,0.0,0.4007,0.8357,0.0,0.423,0.331,1.2779,0.0407,245789,0.9761,no,no,no,no,0,ok
Chaetodon_citrinellus_FishBaseUser_1344098368_62.178.129.238.jpg,Chaetodon citrinellus,images_fishbase_usercontrib,1,1.0,0.0,0.5803,0.8947,0.0,0.2902,0.331,0.8767,0.0261,132285,0.9895,no,no,no,no,0,ok
Chaetodon_citrinellus_FishBaseUser_1469521392_162.158.167.12.jpg,Chaetodon citrinellus,images_fishbase_usercontrib,1,1.0,0.0,0.7342,0.9728,0.0,0.1792,0.331,0.5414,0.0105,226261,0.9509,no,no,no,no,0,ok
Chaetodon_citrinellus_FishBaseUser_1473651004_162.158.165.25.jpg,Chaetodon citrinellus,images_fishbase_usercontrib,1,1.0,0.0,0.6346,0.9386,0.0,0.1038,0.331,0.3136,0.0706,48352,0.9072,no,no,no,no,0,ok
Chaetodon_citrinellus_FishBaseUser_1473651099_162.158.165.25.jpg,Chaetodon citrinellus,images_fishbase_usercontrib,1,1.0,0.0,0.6903,0.9381,0.0,0.0461,0.331,0.1393,0.0799,31463,0.8423,no,no,yes,no,1,review
Chaetodon_citrinellus_FishBaseUser_1508795381_172.68.102.42.jpg,Chaetodon citrinellus,images_fishbase_usercontrib,1,1.0,0.0,0.7803,0.9841,0.0,0.0793,0.331,0.2396,0.0615,296011,0.8857,no,no,yes,no,1,review
Chaetodon_citrinellus_FishBaseUser_1511366233_162.158.92.222.jpg,Chaetodon citrinellus,images_fishbase_usercontrib,2,0.626,0.374,0.9661,0.5564,0.0,0.1186,0.331,0.3583,0.2174,55257,0.6989,no,yes,no,no,1,review
Chaetodon_citrinellus_FishBaseUser_1724961870_172.68.91.158.jpg,Chaetodon citrinellus,images_fishbase_usercontrib,1,1.0,0.0,0.2991,0.5454,0.0,0.1333,0.331,0.4027,0.1165,38312,0.8359,no,yes,no,no,1,review
Chaetodon_citrinellus_FishBaseUser_1747226259_95.95.129.49.jpg,Chaetodon citrinellus,images_fishbase_usercontrib,1,1.0,0.0,1.0027,1.0068,0.0,0.0424,0.331,0.1281,0.0364,244653,0.8356,no,no,yes,no,1,review
Chaetodon_citrinellus_FishBaseUser_1747330675_185.193.156.153.jpg,Chaetodon citrinellus,images_fishbase_usercontrib,1,1.0,0.0,0.7283,0.976,0.0,0.3708,0.331,1.1202,0.0831,2776686,0.9909,no,no,no,no,0,ok
Chaetodon_citrinellus_FishBase_Chcit_u0.jpg,Chaetodon citrinellus,images_fishbase_extra,1,1.0,0.0,0.4403,0.8921,0.0,0.3189,0.331,0.9634,0.0219,139863,0.997,no,no,no,no,0,ok
Chaetodon_citrinellus_FishBase_Chcit_u1.jpg,Chaetodon citrinellus,images_fishbase_extra,1,1.0,0.0,0.4248,0.8669,0.0,0.502,0.331,1.5166,0.0083,152708,0.9667,no,no,no,no,0,ok
Chaetodon_citrinellus_FishBase_Chcit_u2.jpg,Chaetodon citrinellus,images_fishbase_extra,1,1.0,0.0,0.3961,0.8298,0.0,0.424,0.331,1.281,0.0408,139149,0.9741,no,no,no,no,0,ok
Chaetodon_citrinellus_FishBase_Chcit_u3.jpg,Chaetodon citrinellus,images_fishbase_extra,2,1.0,0.0,0.4488,0.8564,0.0,0.5096,0.331,1.5396,0.0307,151822,0.9655,no,no,no,no,0,ok
Chaetodon_citrinellus_FishBase_Chcit_u4.jpg,Chaetodon citrinellus,images_fishbase_extra,1,1.0,0.0,0.4159,0.8767,0.0,0.4438,0.331,1.3408,0.0209,141792,0.9765,no,no,no,no,0,ok
Chaetodon_citrinellus_FishBase_Chcit_u5.jpg,Chaetodon citrinellus,images_fishbase_extra,2,1.0,0.0,0.4014,0.8419,0.0,0.5143,0.331,1.5538,0.0243,156783,0.9623,no,no,no,no,0,ok
Chaetodon_citrinellus_FishBase_Chcit_u6.jpg,Chaetodon citrinellus,images_fishbase_extra,1,1.0,0.0,0.7316,0.9704,0.0,0.2825,0.331,0.8535,0.0274,97372,0.9873,no,no,no,no,0,ok
Chaetodon_citrinellus_FishPix_33011AF.jpg,Chaetodon citrinellus,images,1,1.0,0.0,0.7463,0.9725,0.0,0.2642,0.331,0.7982,0.0736,111292,0.982,no,no,no,no,0,ok
Chaetodon_citrinellus_FishWise_015270F000009W000007.jpg,Chaetodon citrinellus,images_fishwise,1,1.0,0.0,0.633,0.9635,0.0,0.2888,0.331,0.8725,0.0239,81295,0.9891,no,no,no,no,0,ok
Chaetodon_citrinellus_FishWise_015270F000009W000008.jpg,Chaetodon citrinellus,images_fishwise,1,1.0,0.0,0.7059,0.9748,0.0,0.3323,0.331,1.0039,0.0169,98737,0.9997,no,no,no,no,0,ok
Chaetodon_citrinellus_FishWise_015270F000387W000009.jpg,Chaetodon citrinellus,images_fishwise,1,1.0,0.0,0.6348,0.8276,0.0,0.1513,0.331,0.4571,0.0441,59697,0.9307,no,no,no,no,0,ok
Chaetodon_citrinellus_FishWise_015270F000387W000010.jpg,Chaetodon citrinellus,images_fishwise,1,1.0,0.0,0.6844,0.9668,0.0,0.331,0.331,1.0,0.0173,98595,1,no,no,no,no,0,ok
Chaetodon_citrinellus_FishWise_015270F000387W000011.jpg,Chaetodon citrinellus,images_fishwise,1,1.0,0.0,0.5194,0.9346,0.0,0.3446,0.331,1.0411,0.0151,120390,0.9968,no,no,no,no,0,ok
Chaetodon_citrinellus_FishWise_015270F000433W000012.jpg,Chaetodon citrinellus,images_fishwise,2,0.9998,0.0002,0.445,0.9143,0.0,0.2746,0.331,0.8296,0.0137,102837,0.985,no,no,no,no,0,ok
Chaetodon_citrinellus_FishWise_015270F000493W000013.jpg,Chaetodon citrinellus,images_fishwise,1,1.0,0.0,0.6562,0.9752,0.0,0.305,0.331,0.9215,0.0329,141750,0.9935,no,no,no,no,0,ok
Chaetodon_citrinellus_iNaturalist_11975509.jpg,Chaetodon citrinellus,images_inaturalist,1,1.0,0.0,0.6132,0.9504,0.0,0.2233,0.331,0.6746,0.0229,211163,0.9685,no,no,no,no,0,ok
Chaetodon_citrinellus_iNaturalist_233426826.jpg,Chaetodon citrinellus,images_inaturalist,1,1.0,0.0,0.741,0.9757,0.0,0.3548,0.331,1.0719,0.0235,314983,0.9944,no,no,no,no,0,ok
Chaetodon_citrinellus_iNaturalist_237829084.jpg,Chaetodon citrinellus,images_inaturalist,1,1.0,0.0,0.8683,0.9785,0.0,0.0514,0.331,0.1553,0.0258,51987,0.851,no,no,yes,no,1,review
Chaetodon_citrinellus_iNaturalist_33805303.jpg,Chaetodon citrinellus,images_inaturalist,1,1.0,0.0,0.6077,0.8811,0.0,0.2004,0.331,0.6054,0.037,259897,0.9599,no,no,no,no,0,ok
Chaetodon_citrinellus_iNaturalist_354753796.jpg,Chaetodon citrinellus,images_inaturalist,1,1.0,0.0,0.7308,0.9349,0.0,0.0659,0.331,0.1991,0.1154,73365,0.8709,no,no,yes,no,1,review
Chaetodon_citrinellus_iNaturalist_354753799.jpg,Chaetodon citrinellus,images_inaturalist,1,1.0,0.0,0.4657,0.703,0.0,0.0366,0.331,0.1106,0.0742,40909,0.7797,no,no,yes,no,1,review
Chaetodon_citrinellus_iNaturalist_471967882.jpg,Chaetodon citrinellus,images_inaturalist,1,1.0,0.0,0.6857,0.8662,0.0,0.127,0.331,0.3837,0.0543,164918,0.9234,no,no,no,no,0,ok
Chaetodon_citrinellus_iNaturalist_536646907.jpg,Chaetodon citrinellus,images_inaturalist,1,1.0,0.0,0.653,0.981,0.0,0.125,0.331,0.3776,0.0312,108024,0.9221,no,no,no,no,0,ok
Chaetodon_citrinellus_iNaturalist_585084786.jpg,Chaetodon citrinellus,images_inaturalist,1,1.0,0.0,0.4736,0.8615,0.0,0.0707,0.331,0.2136,0.143,67811,0.8765,no,no,yes,no,1,review
Chaetodon_citrinellus_iNaturalist_602667833.jpg,Chaetodon citrinellus,images_inaturalist,1,1.0,0.0,0.8524,0.984,0.0,0.0861,0.331,0.2601,0.0718,140776,0.8923,no,no,yes,no,1,review
Chaetodon_collare_Bishop_1403678122.jpg,Chaetodon collare,images_bishop,1,1.0,0.0,0.4966,0.9104,0.0,0.5407,0.3633,1.4883,0.0254,268290,0.9682,no,no,no,no,0,ok
Chaetodon_collare_Bishop_1999007469.jpg,Chaetodon collare,images_bishop,1,1.0,0.0,0.5614,0.9196,0.0,0.4768,0.3633,1.3124,0.026,247459,0.9783,no,no,no,no,0,ok
Chaetodon_collare_FishBaseUser_1344100256_62.178.129.238.jpg,Chaetodon collare,images_fishbase_usercontrib,1,1.0,0.0,0.3415,0.8166,0.0,0.339,0.3633,0.9331,0.0007,162248,0.9844,no,no,no,no,0,ok
Chaetodon_collare_FishBaseUser_1366902798_182.178.103.211.jpg,Chaetodon collare,images_fishbase_usercontrib,1,1.0,0.0,0.4941,0.9261,0.0,0.4304,0.3633,1.1847,0.0122,225548,0.9864,no,no,no,no,0,ok
Chaetodon_collare_FishBaseUser_1366902815_182.178.103.211.jpg,Chaetodon collare,images_fishbase_usercontrib,1,1.0,0.0,0.4476,0.8891,0.0,0.3638,0.3633,1.0014,0.0587,150009,0.9999,no,no,no,no,0,ok
Chaetodon_collare_FishBaseUser_1440529031_83.211.38.4.jpg,Chaetodon collare,images_fishbase_usercontrib,1,1.0,0.0,0.7682,0.9867,0.0,0.3424,0.3633,0.9425,0.0218,173003,0.9953,no,no,no,no,0,ok
Chaetodon_collare_FishBaseUser_1440529152_83.211.38.4.jpg,Chaetodon collare,images_fishbase_usercontrib,7,0.2046,0.7954,0.8641,0.3855,0.0809,0.1945,0.3633,0.5354,0.099,21831,0.5161,yes,yes,no,no,2,resegment_dinosam
Chaetodon_collare_FishBaseUser_1440529233_83.211.38.4.jpg,Chaetodon collare,images_fishbase_usercontrib,1,1.0,0.0,0.3022,0.6853,0.0,0.1547,0.3633,0.4258,0.076,175138,0.8823,no,no,no,no,0,ok
Chaetodon_collare_FishBaseUser_1441344507_117.206.95.248.jpg,Chaetodon collare,images_fishbase_usercontrib,1,1.0,0.0,0.8121,0.98,0.0,0.4836,0.3633,1.3311,0.0738,2425731,0.9771,no,no,no,no,0,ok
Chaetodon_collare_FishBaseUser_1452251054_94.198.18.55.jpg,Chaetodon collare,images_fishbase_usercontrib,1,1.0,0.0,0.8364,0.9833,0.0,0.3762,0.3633,1.0355,0.0559,834868,0.9972,no,no,no,no,0,ok
Chaetodon_collare_FishBaseUser_1481727910_188.114.102.52.jpg,Chaetodon collare,images_fishbase_usercontrib,1,1.0,0.0,0.3756,0.8297,0.0,0.1756,0.3633,0.4833,0.0709,158698,0.9357,no,no,no,no,0,ok
Chaetodon_collare_FishBaseUser_1491819426_162.158.155.112.jpg,Chaetodon collare,images_fishbase_usercontrib,1,1.0,0.0,0.5084,0.8929,0.0032,0.5421,0.3633,1.4922,0.0133,5265730,0.9673,no,no,no,no,0,ok
Chaetodon_collare_FishBaseUser_1562853572_162.158.234.96.jpg,Chaetodon collare,images_fishbase_usercontrib,1,1.0,0.0,0.71,0.9545,0.0,0.0845,0.3633,0.2326,0.0403,117348,0.8833,no,no,yes,no,1,review
Chaetodon_collare_FishBaseUser_1739413410_172.71.124.180.jpg,Chaetodon collare,images_fishbase_usercontrib,1,1.0,0.0,0.4571,0.906,0.0,0.3174,0.3633,0.8737,0.0102,3088693,0.9892,no,no,no,no,0,ok
Chaetodon_collare_FishBaseUser_1747226431_95.95.129.49.jpg,Chaetodon collare,images_fishbase_usercontrib,2,0.6082,0.3918,0.848,0.7103,0.0,0.1268,0.3633,0.349,0.0711,345249,0.7368,no,no,no,no,0,ok
Chaetodon_collare_FishBaseUser_1757179057_111.92.49.34.jpg,Chaetodon collare,images_fishbase_usercontrib,1,1.0,0.0,0.716,0.9735,0.0202,0.4288,0.3633,1.1803,0.1878,300284,0.9827,no,no,no,no,0,ok
Chaetodon_collare_FishBaseUser_1761156255_203.189.184.146.jpg,Chaetodon collare,images_fishbase_usercontrib,1,1.0,0.0,0.7075,0.9692,0.0,0.2335,0.3633,0.6427,0.1211,338516,0.9646,no,no,no,no,0,ok
Chaetodon_collare_FishBase_Chcol_u0.jpg,Chaetodon collare,images_fishbase_extra,1,1.0,0.0,0.6129,0.9494,0.0,0.4484,0.3633,1.2342,0.0137,134820,0.9832,no,no,no,no,0,ok
Chaetodon_collare_FishBase_Chcol_u1.jpg,Chaetodon collare,images_fishbase_extra,1,1.0,0.0,0.491,0.8411,0.0,0.4167,0.3633,1.147,0.0055,184333,0.9864,no,no,no,no,0,ok
Chaetodon_collare_FishBase_Chcol_u2.jpg,Chaetodon collare,images_fishbase_extra,1,1.0,0.0,0.4784,0.9086,0.0,0.5402,0.3633,1.4869,0.0254,151250,0.9683,no,no,no,no,0,ok
Chaetodon_collare_FishBase_Chcol_u3.jpg,Chaetodon collare,images_fishbase_extra,1,1.0,0.0,0.5485,0.9237,0.0,0.4778,0.3633,1.3152,0.026,138338,0.9781,no,no,no,no,0,ok
Chaetodon_collare_FishBase_Chcol_u6.jpg,Chaetodon collare,images_fishbase_extra,1,1.0,0.0,0.7404,0.8868,0.0,0.1892,0.3633,0.5208,0.0802,95840,0.9478,no,no,no,no,0,ok
Chaetodon_collare_FishBase_Chcol_u7.jpg,Chaetodon collare,images_fishbase_extra,1,1.0,0.0,0.5469,0.8119,0.0,0.392,0.3633,1.079,0.025,186045,0.9825,no,no,no,no,0,ok
Chaetodon_collare_FishBase_Chcol_u9.jpg,Chaetodon collare,images_fishbase_extra,1,1.0,0.0,0.8262,0.9606,0.0,0.3649,0.3633,1.0044,0.0719,139565,0.9996,no,no,no,no,0,ok
Chaetodon_collare_FishBase_Chcol_ub.jpg,Chaetodon collare,images_fishbase_extra,1,1.0,0.0,0.6995,0.9354,0.0,0.415,0.3633,1.1423,0.0538,121524,0.9894,no,no,no,no,0,ok
Chaetodon_collare_FishBase_Chcol_uc.jpg,Chaetodon collare,images_fishbase_extra,1,1.0,0.0,0.7477,0.9768,0.0,0.3171,0.3633,0.8728,0.0507,129488,0.9891,no,no,no,no,0,ok
Chaetodon_collare_FishPix_61562AF.jpg,Chaetodon collare,images,1,1.0,0.0,0.9473,0.9927,0.0,0.1834,0.3633,0.5048,0.0201,90546,0.9453,no,no,no,no,0,ok
Chaetodon_collare_FishWise_015726F000009W000004.jpg,Chaetodon collare,images_fishwise,1,1.0,0.0,0.7655,0.971,0.0,0.4832,0.3633,1.33,0.0068,109808,0.9772,no,no,no,no,0,ok
Chaetodon_collare_FishWise_015726F000009W000005.jpg,Chaetodon collare,images_fishwise,1,1.0,0.0,0.7867,0.9672,0.0,0.3745,0.3633,1.0308,0.0264,93670,0.9976,no,no,no,no,0,ok
Chaetodon_collare_iNaturalist_199056448.jpg,Chaetodon collare,images_inaturalist,1,1.0,0.0,1.0692,0.9759,0.0,0.046,0.3633,0.1266,0.1123,52638,0.8347,no,no,yes,no,1,review
Chaetodon_collare_iNaturalist_249083568.jpg,Chaetodon collare,images_inaturalist,4,0.3075,0.6925,0.8699,0.488,0.0742,0.186,0.3633,0.512,0.0172,45244,0.5806,yes,yes,no,no,2,resegment_dinosam
Chaetodon_collare_iNaturalist_249083569.jpg,Chaetodon collare,images_inaturalist,1,1.0,0.0,0.9894,0.998,0.0,0.0667,0.3633,0.1836,0.0332,72707,0.8644,no,no,yes,no,1,review
Chaetodon_collare_iNaturalist_249083576.jpg,Chaetodon collare,images_inaturalist,1,1.0,0.0,0.7466,0.9377,0.0,0.1124,0.3633,0.3094,0.1643,94303,0.9061,no,no,no,no,0,ok
Chaetodon_collare_iNaturalist_249083606.jpg,Chaetodon collare,images_inaturalist,1,1.0,0.0,0.6232,0.8835,0.0,0.1082,0.3633,0.2978,0.0731,96333,0.9031,no,no,yes,no,1,review
Chaetodon_collare_iNaturalist_332653503.jpg,Chaetodon collare,images_inaturalist,1,1.0,0.0,0.832,0.9814,0.0,0.2296,0.3633,0.632,0.1156,260480,0.9633,no,no,no,no,0,ok
Chaetodon_collare_iNaturalist_470988304.jpg,Chaetodon collare,images_inaturalist,1,1.0,0.0,0.8617,0.9571,0.0,0.0781,0.3633,0.215,0.1967,65753,0.877,no,no,yes,no,1,review
Chaetodon_collare_iNaturalist_482033388.jpg,Chaetodon collare,images_inaturalist,1,1.0,0.0,0.6691,0.9051,0.0,0.0396,0.3633,0.109,0.0538,42400,0.8227,no,no,yes,no,1,review
Chaetodon_collare_iNaturalist_483798684.jpg,Chaetodon collare,images_inaturalist,2,0.5622,0.4378,1.0844,0.4914,0.0,0.0382,0.3633,0.1051,0.0923,14910,0.559,no,yes,yes,no,2,resegment_dinosam
Chaetodon_collare_iNaturalist_603923252.jpg,Chaetodon collare,images_inaturalist,2,0.6215,0.3785,0.5495,0.6117,0.0,0.0845,0.3633,0.2326,0.0716,69585,0.6794,no,yes,yes,no,2,resegment_dinosam
Chaetodon_daedalma_Bishop_1811677923.jpg,Chaetodon daedalma,images_bishop,1,1.0,0.0,0.3934,0.8376,0.0,0.4831,0.3174,1.5221,0.0104,288432,0.9627,no,no,no,no,0,ok
Chaetodon_daedalma_FishBaseUser_1368174693_114.155.226.67.jpg,Chaetodon daedalma,images_fishbase_usercontrib,1,1.0,0.0,0.6912,0.9611,0.0,0.3857,0.3174,1.2152,0.0123,340762,0.9844,no,no,no,no,0,ok
Chaetodon_daedalma_FishBase_Chdae_u0.jpg,Chaetodon daedalma,images_fishbase_extra,2,0.5725,0.4275,0.978,0.6751,0.0,0.2224,0.3174,0.7007,0.0443,47394,0.7695,no,no,no,no,0,ok
Chaetodon_daedalma_FishBase_Chdae_u1.jpg,Chaetodon daedalma,images_fishbase_extra,1,1.0,0.0,0.3891,0.8365,0.0,0.4835,0.3174,1.5233,0.0104,162465,0.9623,no,no,no,no,0,ok
Chaetodon_daedalma_FishPix_140579AF.jpg,Chaetodon daedalma,images,1,1.0,0.0,0.7572,0.9652,0.0,0.2126,0.3174,0.6698,0.0146,134717,0.9679,no,no,no,no,0,ok
Chaetodon_daedalma_iNaturalist_390092673.jpg,Chaetodon daedalma,images_inaturalist,2,0.605,0.395,0.7715,0.7073,0.0,0.0903,0.3174,0.2845,0.0475,39724,0.7184,no,no,yes,no,1,review
Chaetodon_daedalma_iNaturalist_560373781.jpg,Chaetodon daedalma,images_inaturalist,1,1.0,0.0,0.6831,0.9426,0.0,0.0485,0.3174,0.1528,0.0901,40497,0.8497,no,no,yes,no,1,review
Chaetodon_daedalma_iNaturalist_566708005.jpg,Chaetodon daedalma,images_inaturalist,1,1.0,0.0,0.4422,0.8195,0.0,0.1674,0.3174,0.5274,0.0348,142689,0.9397,no,no,no,no,0,ok
Chaetodon_daedalma_iNaturalist_78269334.jpg,Chaetodon daedalma,images_inaturalist,2,0.6039,0.3961,1.0524,0.7718,0.0,0.0782,0.3174,0.2464,0.0386,51857,0.7258,no,no,yes,no,1,review
Chaetodon_declivis_Bishop_-274435096.jpg,Chaetodon declivis,images_bishop,1,1.0,0.0,0.3482,0.8191,0.0,0.4134,0.4107,1.0065,0.0049,240968,0.9902,no,no,no,no,0,ok
Chaetodon_declivis_Bishop_-405463978.jpg,Chaetodon declivis,images_bishop,1,1.0,0.0,0.2898,0.7767,0.0,0.3445,0.4107,0.8387,0.0079,212580,0.9639,no,no,no,no,0,ok
Chaetodon_declivis_Bishop_1376440265.jpg,Chaetodon declivis,images_bishop,1,1.0,0.0,0.3336,0.8105,0.0,0.4415,0.4107,1.0749,0.0025,243737,0.9824,no,no,no,no,0,ok
Chaetodon_declivis_FishBase_Chdec_u0.jpg,Chaetodon declivis,images_fishbase_extra,1,1.0,0.0,0.3791,0.8618,0.0,0.2371,0.4107,0.5772,0.034,112402,0.956,no,no,no,no,0,ok
Chaetodon_declivis_FishBase_Chdec_u1.jpg,Chaetodon declivis,images_fishbase_extra,2,1.0,0.0,0.2784,0.7856,0.0,0.3427,0.4107,0.8343,0.0077,117140,0.9662,no,no,no,no,0,ok
Chaetodon_declivis_FishBase_Chdec_u2.jpg,Chaetodon declivis,images,1,1.0,0.0,0.3485,0.8207,0.0,0.4082,0.4107,0.9938,0.0047,134903,0.9907,no,no,no,no,0,ok
Chaetodon_declivis_FishBase_Chdec_u3.jpg,Chaetodon declivis,images_fishbase_extra,2,1.0,0.0,0.332,0.8171,0.0,0.4299,0.4107,1.0466,0.0026,135326,0.9865,no,no,no,no,0,ok
Chaetodon_declivis_FishBase_Chdec_ua.jpg,Chaetodon declivis,images_fishbase_extra,1,1.0,0.0,0.3654,0.8209,0.0,0.1827,0.4107,0.4448,0.0504,89220,0.9265,no,no,no,no,0,ok
Chaetodon_declivis_FishBase_Chdec_ub.jpg,Chaetodon declivis,images_fishbase_extra,1,1.0,0.0,0.5401,0.9167,0.0,0.2447,0.4107,0.5957,0.0149,96421,0.9586,no,no,no,no,0,ok
Chaetodon_declivis_iNaturalist_594486076.jpg,Chaetodon declivis,images_inaturalist,1,1.0,0.0,0.4346,0.7565,0.0,0.1016,0.4107,0.2474,0.0536,33814,0.8602,no,no,yes,no,1,review
Chaetodon_decussatus_Bishop_527122207.jpg,Chaetodon decussatus,images_bishop,1,1.0,0.0,0.4695,0.8898,0.0,0.4074,0.2843,1.433,0.0438,259290,0.9712,no,no,no,no,0,ok
Chaetodon_decussatus_FishBaseUser_1418992173_164.100.150.114.jpg,Chaetodon decussatus,images_fishbase_usercontrib,1,1.0,0.0,0.743,0.9403,0.0,0.3635,0.2843,1.2786,0.0328,114945,0.9803,no,no,no,no,0,ok
Chaetodon_decussatus_FishBaseUser_1508796297_172.68.102.54.jpg,Chaetodon decussatus,images_fishbase_usercontrib,1,1.0,0.0,0.8171,0.9333,0.0,0.1394,0.2843,0.4903,0.0219,297953,0.943,no,no,no,no,0,ok
Chaetodon_decussatus_FishBaseUser_1562554153_172.68.132.247.jpg,Chaetodon decussatus,images_fishbase_usercontrib,1,1.0,0.0,0.7611,0.9724,0.0,0.4551,0.2843,1.6008,0.0187,411086,0.9624,no,no,no,no,0,ok
Chaetodon_decussatus_FishBaseUser_1617651844_162.158.75.80.jpg,Chaetodon decussatus,images_fishbase_usercontrib,1,1.0,0.0,0.8115,0.9855,0.0,0.2626,0.2843,0.9237,0.032,1459935,0.9936,no,no,no,no,0,ok
Chaetodon_decussatus_FishBaseUser_1638901946_172.70.143.86.jpg,Chaetodon decussatus,images_fishbase_usercontrib,1,1.0,0.0,0.8237,0.9868,0.0,0.0609,0.2843,0.2142,0.1132,1189166,0.8767,no,no,yes,no,1,review
Chaetodon_decussatus_FishBaseUser_1656493108_172.70.189.88.jpg,Chaetodon decussatus,images_fishbase_usercontrib,1,1.0,0.0,0.9907,0.9865,0.0,0.2098,0.2843,0.738,0.0041,249248,0.9757,no,no,no,no,0,ok
Chaetodon_decussatus_FishBaseUser_1675793059_172.70.189.78.jpg,Chaetodon decussatus,images_fishbase_usercontrib,1,1.0,0.0,0.7368,0.9767,0.0,0.3796,0.2843,1.3352,0.0339,5106272,0.9769,no,no,no,no,0,ok
Chaetodon_decussatus_FishBaseUser_1724135062_172.71.124.53.jpg,Chaetodon decussatus,images_fishbase_usercontrib,1,1.0,0.0,0.8519,0.9899,0.0,0.1952,0.2843,0.6866,0.0455,25988,0.9699,no,no,no,no,0,ok
Chaetodon_decussatus_FishBaseUser_1747226573_95.95.129.49.jpg,Chaetodon decussatus,images_fishbase_usercontrib,1,1.0,0.0,0.8318,0.9748,0.0,0.1367,0.2843,0.4808,0.0138,2362075,0.9414,no,no,no,no,0,ok
Chaetodon_decussatus_FishBaseUser_1753528566_219.73.75.40.jpg,Chaetodon decussatus,images_fishbase_usercontrib,1,1.0,0.0,0.6286,0.8877,0.0,0.1523,0.2843,0.5357,0.0287,906506,0.9501,no,no,no,no,0,ok
Chaetodon_decussatus_FishBaseUser_1761156372_203.189.184.146.jpg,Chaetodon decussatus,images_fishbase_usercontrib,1,1.0,0.0,0.8455,0.9866,0.0,0.3961,0.2843,1.3932,0.1266,515376,0.9735,no,no,no,no,0,ok
Chaetodon_decussatus_FishBase_Chdec_j0.jpg,Chaetodon decussatus,images_fishbase_extra,1,1.0,0.0,0.8288,0.9757,0.0,0.2097,0.2843,0.7376,0.055,87227,0.9757,no,no,no,no,0,ok
Chaetodon_decussatus_FishBase_Chdec_u4.jpg,Chaetodon decussatus,images,2,1.0,0.0,0.4563,0.8902,0.0,0.4062,0.2843,1.4288,0.0438,145499,0.9715,no,no,no,no,0,ok
Chaetodon_decussatus_FishBase_Chdec_u5.jpg,Chaetodon decussatus,images_fishbase_extra,1,1.0,0.0,0.7205,0.9449,0.0,0.3395,0.2843,1.1942,0.0016,102547,0.9858,no,no,no,no,0,ok
Chaetodon_decussatus_FishBase_Chdec_u6.jpg,Chaetodon decussatus,images_fishbase_extra,1,1.0,0.0,0.7667,0.9747,0.0,0.2161,0.2843,0.7601,0.0755,77959,0.9781,no,no,no,no,0,ok
Chaetodon_decussatus_FishBase_Chdec_u7.jpg,Chaetodon decussatus,images_fishbase_extra,1,1.0,0.0,0.6697,0.9656,0.0,0.5491,0.2843,1.9314,0.0194,155766,0.9473,no,no,no,no,0,ok
Chaetodon_decussatus_FishBase_Chdec_uc.jpg,Chaetodon decussatus,images_fishbase_extra,1,1.0,0.0,0.8333,0.9761,0.0,0.3609,0.2843,1.2694,0.0586,113582,0.9809,no,no,no,no,0,ok
Chaetodon_decussatus_FishWise_018588F000024W000003.jpg,Chaetodon decussatus,images_fishwise,1,1.0,0.0,0.4564,0.893,0.0,0.4479,0.2843,1.5754,0.0338,150076,0.9636,no,no,no,no,0,ok
Chaetodon_decussatus_iNaturalist_249961062.jpg,Chaetodon decussatus,images_inaturalist,1,1.0,0.0,0.9368,0.9905,0.0,0.1491,0.2843,0.5244,0.1303,138398,0.9484,no,no,no,no,0,ok
Chaetodon_decussatus_iNaturalist_249961088.jpg,Chaetodon decussatus,images_inaturalist,1,1.0,0.0,0.9987,0.9919,0.0,0.2983,0.2843,1.0492,0.1008,236489,0.9962,no,no,no,no,0,ok
Chaetodon_decussatus_iNaturalist_270162452.jpg,Chaetodon decussatus,images_inaturalist,1,1.0,0.0,0.9451,1.0013,0.0,0.1844,0.2843,0.6486,0.0466,179983,0.9654,no,no,no,no,0,ok
Chaetodon_decussatus_iNaturalist_366445056.jpg,Chaetodon decussatus,images_inaturalist,2,1.0,0.0,0.3575,0.9232,0.0145,0.5051,0.2843,1.7766,0.0551,538614,0.9511,no,no,no,no,0,ok
Chaetodon_decussatus_iNaturalist_42777173.jpg,Chaetodon decussatus,images_inaturalist,2,0.6736,0.3264,0.6345,0.3463,0.0239,0.0689,0.2843,0.2423,0.1219,38465,0.6165,no,yes,yes,no,2,resegment_dinosam
Chaetodon_decussatus_iNaturalist_447360473.jpg,Chaetodon decussatus,images_inaturalist,1,1.0,0.0,0.8943,0.9824,0.0,0.0678,0.2843,0.2385,0.0918,49304,0.8853,no,no,yes,no,1,review
Chaetodon_decussatus_iNaturalist_451789851.jpg,Chaetodon decussatus,images_inaturalist,1,1.0,0.0,0.7668,0.9845,0.0,0.0894,0.2843,0.3145,0.0594,60993,0.9074,no,no,no,no,0,ok
Chaetodon_decussatus_iNaturalist_451789859.jpg,Chaetodon decussatus,images_inaturalist,1,1.0,0.0,0.8562,0.9576,0.0,0.0618,0.2843,0.2174,0.0928,49132,0.8779,no,no,yes,no,1,review
Chaetodon_decussatus_iNaturalist_60833629.jpg,Chaetodon decussatus,images_inaturalist,2,0.6634,0.3366,1.1336,0.754,0.0,0.0975,0.2843,0.3429,0.1146,50738,0.7678,no,no,no,no,0,ok
Chaetodon_dialeucos_Bishop_1297085044.jpg,Chaetodon dialeucos,images_bishop,1,1.0,0.0,0.4498,0.8798,0.0,0.4499,0.213,2.1122,0.0258,261022,0.9402,no,no,no,no,0,ok
Chaetodon_dialeucos_FishBase_Chdia_j0.jpg,Chaetodon dialeucos,images,1,1.0,0.0,0.9958,0.945,0.0,0.1605,0.213,0.7535,0.0288,64494,0.9774,no,no,no,no,0,ok
Chaetodon_dialeucos_FishBase_Chdia_u0.jpg,Chaetodon dialeucos,images_fishbase_extra,1,1.0,0.0,0.4384,0.8907,0.0,0.4503,0.213,2.1141,0.0258,145008,0.9401,no,no,no,no,0,ok
Chaetodon_dialeucos_FishBase_Chdia_u1.jpg,Chaetodon dialeucos,images_fishbase_extra,1,1.0,0.0,0.6494,0.9565,0.0,0.1392,0.213,0.6535,0.0259,61969,0.966,no,no,no,no,0,ok
Chaetodon_dialeucos_iNaturalist_33142941.jpg,Chaetodon dialeucos,images_inaturalist,1,1.0,0.0,0.7123,0.9816,0.0,0.2704,0.213,1.2695,0.0454,101234,0.9809,no,no,no,no,0,ok
Chaetodon_dialeucos_iNaturalist_33142997.jpg,Chaetodon dialeucos,images_inaturalist,1,1.0,0.0,0.7192,0.9295,0.0,0.0534,0.213,0.2507,0.0892,51548,0.8893,no,no,yes,no,1,review
Chaetodon_dialeucos_iNaturalist_484816549.jpg,Chaetodon dialeucos,images_inaturalist,1,1.0,0.0,0.6198,0.8672,0.0,0.1321,0.213,0.6202,0.036,151488,0.9618,no,no,no,no,0,ok
Chaetodon_dolosus_Bishop_-1008609691.jpg,Chaetodon dolosus,images_bishop,1,1.0,0.0,0.4427,0.8594,0.0,0.4723,0.3593,1.3145,0.0219,289167,0.9781,no,no,no,no,0,ok
Chaetodon_dolosus_FishBaseUser_1747234135_95.95.129.49.jpg,Chaetodon dolosus,images_fishbase_usercontrib,1,1.0,0.0,0.8448,0.9519,0.0,0.2007,0.3593,0.5586,0.0246,1492532,0.9534,no,no,no,no,0,ok
Chaetodon_dolosus_FishBase_Chdol_u0.jpg,Chaetodon dolosus,images,1,1.0,0.0,0.8457,0.9675,0.0,0.2771,0.3593,0.7712,0.0389,125080,0.9792,no,no,no,no,0,ok
Chaetodon_dolosus_FishBase_Chdol_u1.jpg,Chaetodon dolosus,images_fishbase_extra,1,1.0,0.0,0.4312,0.8689,0.0,0.4749,0.3593,1.3217,0.0219,160812,0.9777,no,no,no,no,0,ok
Chaetodon_dolosus_FishBase_Chdol_u3.jpg,Chaetodon dolosus,images_fishbase_extra,1,1.0,0.0,0.694,0.9609,0.0,0.3593,0.3593,1.0,0.0488,102429,1,no,no,no,no,0,ok
Chaetodon_dolosus_FishWise_019748F000004W000003.jpg,Chaetodon dolosus,images_fishwise,1,1.0,0.0,0.5311,0.8999,0.0,0.3694,0.3593,1.0281,0.0267,104395,0.9978,no,no,no,no,0,ok
Chaetodon_dolosus_FishWise_019748F000004W000009.jpg,Chaetodon dolosus,images_fishwise,1,1.0,0.0,0.4573,0.8967,0.0,0.3692,0.3593,1.0276,0.0129,152267,0.9978,no,no,no,no,0,ok
Chaetodon_dolosus_FishWise_019748F000009W000004.jpg,Chaetodon dolosus,images_fishwise,1,1.0,0.0,0.6319,0.9251,0.0,0.3201,0.3593,0.8909,0.01,131261,0.9908,no,no,no,no,0,ok
Chaetodon_dolosus_FishWise_019748F000009W000005.jpg,Chaetodon dolosus,images_fishwise,1,1.0,0.0,0.7134,0.9722,0.0,0.5445,0.3593,1.5154,0.0174,161311,0.9667,no,no,no,no,0,ok
Chaetodon_dolosus_FishWise_019748F000009W000006.jpg,Chaetodon dolosus,images_fishwise,1,1.0,0.0,0.6129,0.928,0.0,0.341,0.3593,0.9491,0.0034,105829,0.9958,no,no,no,no,0,ok
Chaetodon_dolosus_FishWise_019748F000009W000007.jpg,Chaetodon dolosus,images_fishwise,1,1.0,0.0,0.5513,0.9355,0.0,0.3426,0.3593,0.9535,0.0145,128133,0.9962,no,no,no,no,0,ok
Chaetodon_dolosus_FishWise_019748F000009W000008.jpg,Chaetodon dolosus,images_fishwise,1,1.0,0.0,0.6349,0.9435,0.0,0.3411,0.3593,0.9493,0.012,144191,0.9958,no,no,no,no,0,ok
Chaetodon_dolosus_FishWise_019748F000024W000001.jpg,Chaetodon dolosus,images_fishwise,1,1.0,0.0,0.8549,0.9601,0.0,0.2717,0.3593,0.7562,0.04,97999,0.9776,no,no,no,no,0,ok
Chaetodon_dolosus_FishWise_019748F000024W000002.jpg,Chaetodon dolosus,images_fishwise,1,1.0,0.0,0.4255,0.8646,0.0,0.4713,0.3593,1.3117,0.022,125059,0.9783,no,no,no,no,0,ok
Chaetodon_dolosus_iNaturalist_15539185.jpg,Chaetodon dolosus,images_inaturalist,1,1.0,0.0,1.0011,0.9839,0.0,0.0086,0.3593,0.0239,0.0601,9032,0.76,no,no,yes,no,1,review
Chaetodon_dolosus_iNaturalist_15690595.jpg,Chaetodon dolosus,images_inaturalist,1,1.0,0.0,0.7985,0.95,0.0,0.115,0.3593,0.3201,0.2938,29669,0.9089,no,no,no,no,0,ok
Chaetodon_dolosus_iNaturalist_174031777.jpg,Chaetodon dolosus,images_inaturalist,1,1.0,0.0,0.9895,0.9929,0.0,0.1846,0.3593,0.5138,0.0546,159003,0.9467,no,no,no,no,0,ok
Chaetodon_dolosus_iNaturalist_174692343.jpg,Chaetodon dolosus,images_inaturalist,1,1.0,0.0,1.0316,0.9908,0.0,0.1113,0.3593,0.3098,0.0403,81526,0.9062,no,no,no,no,0,ok
Chaetodon_dolosus_iNaturalist_236027673.jpg,Chaetodon dolosus,images_inaturalist,1,1.0,0.0,0.6874,0.9441,0.0,0.1991,0.3593,0.5541,0.1011,69979,0.9528,no,no,no,no,0,ok
Chaetodon_dolosus_iNaturalist_343070907.jpg,Chaetodon dolosus,images_inaturalist,2,0.7253,0.2747,0.0482,0.1584,0.0,0.0103,0.3593,0.0287,0.0697,60113,0.4412,no,yes,yes,no,2,resegment_dinosam
Chaetodon_dolosus_iNaturalist_343070914.jpg,Chaetodon dolosus,images_inaturalist,2,0.7025,0.2975,0.0482,0.1641,0.0,0.0151,0.3593,0.042,0.1077,68167,0.4349,no,yes,yes,no,2,resegment_dinosam
Chaetodon_dolosus_iNaturalist_349460578.jpg,Chaetodon dolosus,images_inaturalist,2,0.584,0.416,0.7029,0.7455,0.0,0.0834,0.3593,0.2321,0.0747,57086,0.7062,no,no,yes,no,1,review
Chaetodon_dolosus_iNaturalist_56573333.jpg,Chaetodon dolosus,images_inaturalist,1,1.0,0.0,1.1188,0.9854,0.0,0.165,0.3593,0.4592,0.1369,63147,0.9377,no,no,no,no,0,ok
Chaetodon_ephippium_Bishop_-1179871461.jpg,Chaetodon ephippium,images_bishop,1,1.0,0.0,0.3514,0.8352,0.0,0.4634,0.3052,1.5183,0.033,287612,0.9622,no,no,no,no,0,ok
Chaetodon_ephippium_Bishop_-1248760382.jpg,Chaetodon ephippium,images_bishop,1,1.0,0.0,0.3616,0.8131,0.0,0.4125,0.3052,1.3516,0.0188,296562,0.9648,no,no,no,no,0,ok
Chaetodon_ephippium_FishBaseUser_1389912996_38.99.243.46.jpg,Chaetodon ephippium,images_fishbase_usercontrib,1,1.0,0.0,0.705,0.8875,0.0,0.0237,0.3052,0.0777,0.0574,113506,0.7956,no,no,yes,no,1,review
Chaetodon_ephippium_FishBaseUser_1392822987_71.202.224.33.jpg,Chaetodon ephippium,images_fishbase_usercontrib,1,1.0,0.0,0.529,0.9045,0.0,0.1812,0.3052,0.5937,0.0325,575996,0.9583,no,no,no,no,0,ok
Chaetodon_ephippium_FishBaseUser_1444522977_24.215.186.224.jpg,Chaetodon ephippium,images_fishbase_usercontrib,1,1.0,0.0,0.4885,0.9253,0.0,0.289,0.3052,0.9469,0.0728,1141630,0.9956,no,no,no,no,0,ok
Chaetodon_ephippium_FishBaseUser_1469521509_162.158.167.12.jpg,Chaetodon ephippium,images_fishbase_usercontrib,1,1.0,0.0,0.6579,0.9207,0.0,0.2522,0.3052,0.8263,0.0248,90268,0.9847,no,no,no,no,0,ok
Chaetodon_ephippium_FishBaseUser_1497005465_172.68.132.253.jpg,Chaetodon ephippium,images_fishbase_usercontrib,2,0.5195,0.4805,0.5334,0.7167,0.0,0.2619,0.3052,0.8581,0.105,2810579,0.7796,no,no,no,no,0,ok
Chaetodon_ephippium_FishBaseUser_1497005553_172.68.132.253.jpg,Chaetodon ephippium,images_fishbase_usercontrib,1,1.0,0.0,0.5344,0.8742,0.0,0.1648,0.3052,0.54,0.0582,4690319,0.9507,no,no,no,no,0,ok
Chaetodon_ephippium_FishBaseUser_1508796512_172.68.102.54.jpg,Chaetodon ephippium,images_fishbase_usercontrib,1,1.0,0.0,0.4181,0.779,0.0,0.171,0.3052,0.5603,0.0499,1489688,0.9324,no,no,no,no,0,ok
Chaetodon_ephippium_FishBaseUser_1558076187_141.101.99.211.jpg,Chaetodon ephippium,images_fishbase_usercontrib,1,1.0,0.0,0.3202,0.6747,0.0,0.1556,0.3052,0.5098,0.0519,151974,0.8935,no,no,no,no,0,ok
Chaetodon_ephippium_FishBaseUser_1577141054_172.68.102.30.jpg,Chaetodon ephippium,images_fishbase_usercontrib,1,1.0,0.0,0.7043,0.9389,0.0,0.052,0.3052,0.1704,0.029,273868,0.8584,no,no,yes,no,1,review
Chaetodon_ephippium_FishBaseUser_1603232245_162.158.187.197.jpg,Chaetodon ephippium,images_fishbase_usercontrib,1,1.0,0.0,0.4956,0.9151,0.0,0.2146,0.3052,0.7031,0.0166,989123,0.9718,no,no,no,no,0,ok
Chaetodon_ephippium_FishBaseUser_1655938339_172.70.127.40.jpg,Chaetodon ephippium,images_fishbase_usercontrib,1,1.0,0.0,0.51,0.928,0.0,0.3159,0.3052,1.0351,0.0232,1264830,0.9972,no,no,no,no,0,ok
Chaetodon_ephippium_FishBaseUser_1703951854_172.70.255.108.jpg,Chaetodon ephippium,images_fishbase_usercontrib,2,0.5758,0.4242,0.8823,0.5145,0.0,0.0867,0.3052,0.2841,0.0474,31945,0.6502,no,yes,yes,no,2,resegment_dinosam
Chaetodon_ephippium_FishBaseUser_1706112711_108.162.212.118.jpg,Chaetodon ephippium,images_fishbase_usercontrib,1,1.0,0.0,0.5041,0.8755,0.0,0.2088,0.3052,0.6841,0.1224,199592,0.9696,no,no,no,no,0,ok
Chaetodon_ephippium_FishBaseUser_1710066187_188.114.102.177.jpg,Chaetodon ephippium,images_fishbase_usercontrib,1,1.0,0.0,0.5889,0.9366,0.0,0.1596,0.3052,0.5229,0.0197,1268964,0.9481,no,no,no,no,0,ok
Chaetodon_ephippium_FishBaseUser_1747226771_95.95.129.49.jpg,Chaetodon ephippium,images_fishbase_usercontrib,1,1.0,0.0,0.7375,0.9611,0.0,0.0999,0.3052,0.3273,0.0792,849960,0.9107,no,no,no,no,0,ok
Chaetodon_ephippium_FishBase_Cheph_u0.jpg,Chaetodon ephippium,images_fishbase_extra,1,1.0,0.0,0.6892,0.9606,0.0,0.3532,0.3052,1.1573,0.0088,119046,0.9883,no,no,no,no,0,ok
Chaetodon_ephippium_FishBase_Cheph_u3.jpg,Chaetodon ephippium,images_fishbase_extra,1,1.0,0.0,0.3464,0.841,0.0,0.4599,0.3052,1.5069,0.0328,172195,0.9645,no,no,no,no,0,ok
Chaetodon_ephippium_FishBase_Cheph_u5.jpg,Chaetodon ephippium,images_fishbase_extra,1,1.0,0.0,0.3682,0.8281,0.0,0.4156,0.3052,1.3617,0.0186,181535,0.9687,no,no,no,no,0,ok
Chaetodon_ephippium_FishBase_Cheph_u8.jpg,Chaetodon ephippium,images_fishbase_extra,1,1.0,0.0,0.5503,0.8663,0.0,0.2781,0.3052,0.9112,0.042,89686,0.9926,no,no,no,no,0,ok
Chaetodon_ephippium_FishBase_Cheph_uc.jpg,Chaetodon ephippium,images_fishbase_extra,2,0.9998,0.0002,0.297,0.7715,0.0,0.0949,0.3052,0.3109,0.0085,48714,0.8829,no,no,no,no,0,ok
Chaetodon_ephippium_FishBase_Cheph_ud.jpg,Chaetodon ephippium,images_fishbase_extra,1,1.0,0.0,0.6158,0.9461,0.0,0.2635,0.3052,0.8634,0.0343,105771,0.9882,no,no,no,no,0,ok
Chaetodon_ephippium_FishBase_Cheph_ue.jpg,Chaetodon ephippium,images_fishbase_extra,1,1.0,0.0,0.5064,0.9207,0.0,0.2396,0.3052,0.7851,0.0271,108306,0.9806,no,no,no,no,0,ok
Chaetodon_ephippium_FishBase_Cheph_uf.jpg,Chaetodon ephippium,images_fishbase_extra,1,1.0,0.0,0.3597,0.8382,0.0,0.1792,0.3052,0.5872,0.039,107224,0.9539,no,no,no,no,0,ok
Chaetodon_ephippium_FishPix_141659AF.jpg,Chaetodon ephippium,images,1,1.0,0.0,0.4935,0.9143,0.0,0.248,0.3052,0.8126,0.0476,129901,0.9834,no,no,no,no,0,ok
Chaetodon_ephippium_FishWise_021561F000009W000005.jpg,Chaetodon ephippium,images_fishwise,1,1.0,0.0,0.5443,0.9389,0.0,0.1765,0.3052,0.5783,0.0241,89389,0.9562,no,no,no,no,0,ok
Chaetodon_ephippium_FishWise_021561F000009W000009.jpg,Chaetodon ephippium,images_fishwise,2,1.0,0.0,0.4369,0.9104,0.0,0.2156,0.3052,0.7064,0.0075,99124,0.9722,no,no,no,no,0,ok
Chaetodon_ephippium_FishWise_021561F000009W000010.jpg,Chaetodon ephippium,images_fishwise,2,1.0,0.0,0.4369,0.9104,0.0,0.2156,0.3052,0.7064,0.0075,99124,0.9722,no,no,no,no,0,ok
Chaetodon_ephippium_FishWise_021561F000009W000011.jpg,Chaetodon ephippium,images_fishwise,1,1.0,0.0,0.4204,0.9393,0.0,0.2499,0.3052,0.8188,0.0212,102693,0.984,no,no,no,no,0,ok
Chaetodon_ephippium_FishWise_021561F000009W000012.jpg,Chaetodon ephippium,images_fishwise,1,1.0,0.0,0.4204,0.9393,0.0,0.2499,0.3052,0.8188,0.0212,102693,0.984,no,no,no,no,0,ok
Chaetodon_ephippium_FishWise_021561F000009W000013.jpg,Chaetodon ephippium,images_fishwise,1,1.0,0.0,0.5318,0.9367,0.0,0.2324,0.3052,0.7615,0.021,112068,0.9782,no,no,no,no,0,ok
Chaetodon_ephippium_FishWise_021561F000009W000014.jpg,Chaetodon ephippium,images_fishwise,1,1.0,0.0,0.4971,0.9182,0.0,0.2638,0.3052,0.8644,0.0119,109462,0.9883,no,no,no,no,0,ok
Chaetodon_ephippium_FishWise_021561F000009W000015.jpg,Chaetodon ephippium,images_fishwise,1,1.0,0.0,0.5106,0.9062,0.0,0.4566,0.3052,1.4961,0.0195,145126,0.9678,no,no,no,no,0,ok
Chaetodon_ephippium_FishWise_021561F000009W000016.jpg,Chaetodon ephippium,images_fishwise,2,0.9994,0.0006,0.2331,0.8536,0.0,0.3941,0.3052,1.2913,0.023,144692,0.9793,no,no,no,no,0,ok
Chaetodon_ephippium_FishWise_021561F000009W000017.jpg,Chaetodon ephippium,images_fishwise,1,1.0,0.0,0.4632,0.9157,0.0,0.293,0.3052,0.96,0.0194,133484,0.9967,no,no,no,no,0,ok
Chaetodon_ephippium_FishWise_021561F000009W000018.jpg,Chaetodon ephippium,images_fishwise,1,1.0,0.0,0.4233,0.8946,0.0,0.2533,0.3052,0.8299,0.0113,129561,0.9851,no,no,no,no,0,ok
Chaetodon_ephippium_FishWise_021561F000009W000019.jpg,Chaetodon ephippium,images_fishwise,1,1.0,0.0,0.5821,0.9622,0.0,0.3636,0.3052,1.1913,0.0106,122479,0.986,no,no,no,no,0,ok
Chaetodon_ephippium_FishWise_021561F000066W000001.gif,Chaetodon ephippium,images_fishwise,1,1.0,0.0,0.3327,0.8618,0.0,0.3155,0.3052,1.0337,0.0558,143616,0.9973,no,no,no,no,0,ok
Chaetodon_ephippium_FishWise_021561F000112W000006.jpg,Chaetodon ephippium,images_fishwise,1,1.0,0.0,0.4972,0.8854,0.0,0.4538,0.3052,1.4869,0.0225,93690,0.9683,no,no,no,no,0,ok
Chaetodon_ephippium_FishWise_021561F000387W000007.jpg,Chaetodon ephippium,images_fishwise,1,1.0,0.0,0.5462,0.9431,0.0,0.458,0.3052,1.5007,0.0285,139847,0.9675,no,no,no,no,0,ok
Chaetodon_ephippium_FishWise_021561F000387W000008.jpg,Chaetodon ephippium,images_fishwise,1,1.0,0.0,0.5419,0.9385,0.0,0.4965,0.3052,1.6268,0.0267,152362,0.9611,no,no,no,no,0,ok
Chaetodon_ephippium_iNaturalist_15333789.jpg,Chaetodon ephippium,images_inaturalist,1,1.0,0.0,0.6555,0.9627,0.0,0.2155,0.3052,0.7061,0.0671,156590,0.9722,no,no,no,no,0,ok
Chaetodon_ephippium_iNaturalist_243890971.jpg,Chaetodon ephippium,images_inaturalist,1,1.0,0.0,0.7265,0.8988,0.0,0.0707,0.3052,0.2317,0.038,84172,0.883,no,no,yes,no,1,review
Chaetodon_ephippium_iNaturalist_330181464.jpg,Chaetodon ephippium,images_inaturalist,1,1.0,0.0,1.0439,0.9844,0.0,0.0265,0.3052,0.0868,0.1562,31398,0.8045,no,no,yes,no,1,review
Chaetodon_ephippium_iNaturalist_330181465.jpg,Chaetodon ephippium,images_inaturalist,2,0.6079,0.3921,0.3082,0.6473,0.0,0.0882,0.3052,0.289,0.0178,67634,0.7026,no,yes,yes,no,2,resegment_dinosam
Chaetodon_ephippium_iNaturalist_330181466.jpg,Chaetodon ephippium,images_inaturalist,1,1.0,0.0,0.4651,0.9373,0.0,0.0512,0.3052,0.1678,0.0191,58193,0.8572,no,no,yes,no,1,review
Chaetodon_ephippium_iNaturalist_363907459.jpg,Chaetodon ephippium,images_inaturalist,1,1.0,0.0,0.5265,0.8793,0.0,0.1131,0.3052,0.3706,0.0523,210322,0.9206,no,no,no,no,0,ok
Chaetodon_ephippium_iNaturalist_436944065.jpg,Chaetodon ephippium,images_inaturalist,1,1.0,0.0,0.8665,0.9722,0.0,0.0838,0.3052,0.2746,0.0694,45506,0.8966,no,no,yes,no,1,review
Chaetodon_ephippium_iNaturalist_477534095.jpg,Chaetodon ephippium,images_inaturalist,1,1.0,0.0,0.6204,0.8989,0.0,0.1891,0.3052,0.6196,0.0848,190406,0.9617,no,no,no,no,0,ok
Chaetodon_ephippium_iNaturalist_549286482.jpg,Chaetodon ephippium,images_inaturalist,1,1.0,0.0,0.5278,0.8432,0.0,0.0642,0.3052,0.2104,0.0208,118753,0.8732,no,no,yes,no,1,review
Chaetodon_excelsa_Bishop_853070272.jpg,Chaetodon excelsa,images_bishop,1,1.0,0.0,0.3248,0.789,0.0005,0.4342,0.4342,1.0,0.0299,197458,0.9816,no,no,no,no,0,ok
Chaetodon_falcula_Bishop_1821335233.jpg,Chaetodon falcula,images_bishop,3,1.0,0.0,0.5042,0.8708,0.0,0.5008,0.3036,1.6493,0.0531,256630,0.96,no,no,no,no,0,ok
Chaetodon_falcula_FishBaseUser_1361817722_86.28.236.182.jpg,Chaetodon falcula,images_fishbase_usercontrib,1,1.0,0.0,0.5414,0.8719,0.0,0.2057,0.3036,0.6774,0.096,201218,0.9688,no,no,no,no,0,ok
Chaetodon_falcula_FishBaseUser_1361817746_86.28.236.182.jpg,Chaetodon falcula,images_fishbase_usercontrib,1,1.0,0.0,0.8406,0.9698,0.0,0.3058,0.3036,1.0071,0.0888,250583,0.9994,no,no,no,no,0,ok
Chaetodon_falcula_FishBaseUser_1508796718_172.68.102.54.jpg,Chaetodon falcula,images_fishbase_usercontrib,2,0.5302,0.4698,1.0102,0.6165,0.0,0.1026,0.3036,0.3379,0.1276,163049,0.6787,no,yes,no,no,1,review
Chaetodon_falcula_FishBaseUser_1680510302_172.70.188.254.jpg,Chaetodon falcula,images_fishbase_usercontrib,1,1.0,0.0,0.8148,0.975,0.0,0.2377,0.3036,0.7828,0.039,74722,0.9804,no,no,no,no,0,ok
Chaetodon_falcula_FishBase_Chfal_u0.jpg,Chaetodon falcula,images_fishbase_extra,1,1.0,0.0,0.6919,0.9478,0.0,0.2777,0.3036,0.9145,0.0115,122642,0.9929,no,no,no,no,0,ok
Chaetodon_falcula_FishBase_Chfal_u1.jpg,Chaetodon falcula,images_fishbase_extra,1,1.0,0.0,0.5125,0.8724,0.0,0.501,0.3036,1.6499,0.053,144974,0.9599,no,no,no,no,0,ok
Chaetodon_falcula_FishBase_Chfal_u4.jpg,Chaetodon falcula,images_fishbase_extra,1,1.0,0.0,0.6406,0.9344,0.0,0.3704,0.3036,1.2198,0.0754,73160,0.9841,no,no,no,no,0,ok
Chaetodon_falcula_FishBase_Chfal_u5.jpg,Chaetodon falcula,images_fishbase_extra,1,1.0,0.0,0.7911,0.9722,0.0,0.3857,0.3036,1.2702,0.0184,108429,0.9809,no,no,no,no,0,ok
Chaetodon_falcula_FishBase_Chfal_u7.jpg,Chaetodon falcula,images_fishbase_extra,1,1.0,0.0,0.623,0.9567,0.0,0.2138,0.3036,0.7041,0.0292,96702,0.9719,no,no,no,no,0,ok
Chaetodon_falcula_FishBase_Chfal_u8.jpg,Chaetodon falcula,images_fishbase_extra,1,1.0,0.0,0.7734,0.9713,0.0,0.2371,0.3036,0.7808,0.0499,122960,0.9802,no,no,no,no,0,ok
Chaetodon_falcula_FishPix_22173AF.jpg,Chaetodon falcula,images,1,1.0,0.0,0.7638,0.9561,0.0,0.2056,0.3036,0.6771,0.0461,132198,0.9688,no,no,no,no,0,ok
Chaetodon_falcula_FishWise_022574F000009W000003.jpg,Chaetodon falcula,images_fishwise,1,1.0,0.0,0.9267,0.9811,0.0,0.1792,0.3036,0.5902,0.0596,67695,0.9578,no,no,no,no,0,ok
Chaetodon_falcula_FishWise_022574F000024W000001.jpg,Chaetodon falcula,images_fishwise,1,1.0,0.0,0.6773,0.9465,0.0,0.272,0.3036,0.8958,0.0141,91268,0.9912,no,no,no,no,0,ok
Chaetodon_falcula_FishWise_022574F000024W000002.jpg,Chaetodon falcula,images_fishwise,2,1.0,0.0,0.5307,0.8629,0.0,0.393,0.3036,1.2943,0.044,113039,0.9794,no,no,no,no,0,ok
Chaetodon_falcula_FishWise_022574F000112W000005.jpg,Chaetodon falcula,images_fishwise,1,1.0,0.0,0.4637,0.8899,0.0,0.3348,0.3036,1.1026,0.0439,109907,0.9922,no,no,no,no,0,ok
Chaetodon_falcula_iNaturalist_11763158.jpg,Chaetodon falcula,images_inaturalist,1,1.0,0.0,0.8221,0.9804,0.0,0.2064,0.3036,0.6797,0.0384,146559,0.9691,no,no,no,no,0,ok
Chaetodon_falcula_iNaturalist_317097780.jpg,Chaetodon falcula,images_inaturalist,2,0.5552,0.4448,0.524,0.5419,0.0,0.0299,0.3036,0.0985,0.129,16645,0.5664,no,yes,yes,no,2,resegment_dinosam
Chaetodon_falcula_iNaturalist_340839235.jpg,Chaetodon falcula,images_inaturalist,2,0.6291,0.3709,1.048,0.6506,0.0,0.182,0.3036,0.5994,0.0855,76872,0.7694,no,no,no,no,0,ok
Chaetodon_falcula_iNaturalist_379635851.jpg,Chaetodon falcula,images_inaturalist,1,1.0,0.0,0.8002,0.9775,0.0,0.0763,0.3036,0.2513,0.0995,62948,0.8895,no,no,yes,no,1,review
Chaetodon_falcula_iNaturalist_419993389.jpg,Chaetodon falcula,images_inaturalist,1,1.0,0.0,0.716,0.9498,0.0,0.2218,0.3036,0.7304,0.0404,304221,0.9749,no,no,no,no,0,ok
Chaetodon_falcula_iNaturalist_419993422.jpg,Chaetodon falcula,images_inaturalist,1,1.0,0.0,0.7473,0.9571,0.0,0.2577,0.3036,0.8487,0.0249,211747,0.9869,no,no,no,no,0,ok
Chaetodon_falcula_iNaturalist_419993448.jpg,Chaetodon falcula,images_inaturalist,1,1.0,0.0,0.7015,0.9298,0.0,0.2989,0.3036,0.9844,0.0229,326238,0.9987,no,no,no,no,0,ok
Chaetodon_falcula_iNaturalist_443949633.jpg,Chaetodon falcula,images_inaturalist,1,1.0,0.0,1.0204,0.9817,0.0,0.2966,0.3036,0.9768,0.0321,255925,0.9981,no,no,no,no,0,ok
Chaetodon_falcula_iNaturalist_467014694.jpg,Chaetodon falcula,images_inaturalist,1,1.0,0.0,0.7056,0.9349,0.0032,0.4132,0.3036,1.3608,0.0685,219585,0.9747,no,no,no,no,0,ok
Chaetodon_falcula_iNaturalist_602174061.jpg,Chaetodon falcula,images_inaturalist,1,1.0,0.0,0.8256,0.9799,0.0,0.0818,0.3036,0.2694,0.0684,94630,0.8951,no,no,yes,no,1,review
Chaetodon_fasciatus_Bishop_-1886056978.jpg,Chaetodon fasciatus,images_bishop,1,1.0,0.0,0.468,0.8866,0.0,0.5333,0.2948,1.8087,0.045,266722,0.9526,no,no,no,no,0,ok
Chaetodon_fasciatus_Bishop_2100774615.jpg,Chaetodon fasciatus,images_bishop,1,1.0,0.0,0.4556,0.882,0.0,0.4704,0.2948,1.5954,0.0436,267077,0.9626,no,no,no,no,0,ok
Chaetodon_fasciatus_FishBaseUser_1482311739_188.114.102.48.jpg,Chaetodon fasciatus,images_fishbase_usercontrib,1,1.0,0.0,0.603,0.8855,0.0,0.0861,0.2948,0.292,0.0987,49214,0.9015,no,no,yes,no,1,review
Chaetodon_fasciatus_FishBaseUser_1508796891_172.68.102.54.jpg,Chaetodon fasciatus,images_fishbase_usercontrib,1,1.0,0.0,0.8067,0.976,0.0,0.1918,0.2948,0.6505,0.0915,1099291,0.9656,no,no,no,no,0,ok
Chaetodon_fasciatus_FishBaseUser_1580205454_162.158.91.183.jpg,Chaetodon fasciatus,images_fishbase_usercontrib,3,0.4156,0.5844,0.9737,0.4416,0.0,0.1235,0.2948,0.4189,0.0374,10153,0.6033,yes,yes,no,no,2,resegment_dinosam
Chaetodon_fasciatus_FishBaseUser_1585651606_108.162.229.108.jpg,Chaetodon fasciatus,images_fishbase_usercontrib,1,1.0,0.0,0.7703,0.9825,0.0,0.3146,0.2948,1.067,0.0978,875458,0.9948,no,no,no,no,0,ok
Chaetodon_fasciatus_FishBaseUser_1671304912_172.71.26.208.jpg,Chaetodon fasciatus,images_fishbase_usercontrib,1,1.0,0.0,0.742,0.9763,0.0,0.1495,0.2948,0.507,0.0761,541792,0.9457,no,no,no,no,0,ok
Chaetodon_fasciatus_FishBaseUser_1671305000_172.71.30.14.jpg,Chaetodon fasciatus,images_fishbase_usercontrib,1,1.0,0.0,0.7953,0.9655,0.0,0.2586,0.2948,0.8771,0.0482,862389,0.9895,no,no,no,no,0,ok
Chaetodon_fasciatus_FishBaseUser_1705860390_172.70.254.95.jpg,Chaetodon fasciatus,images_fishbase_usercontrib,1,1.0,0.0,0.8476,0.9737,0.0,0.1206,0.2948,0.409,0.0761,105313,0.9285,no,no,no,no,0,ok
Chaetodon_fasciatus_FishBase_Chfas_u0.jpg,Chaetodon fasciatus,images_fishbase_extra,2,1.0,0.0,0.7229,0.9447,0.0,0.3874,0.2948,1.3139,0.0206,194462,0.9782,no,no,no,no,0,ok
Chaetodon_fasciatus_FishBase_Chfas_u1.jpg,Chaetodon fasciatus,images_fishbase_extra,1,1.0,0.0,0.4476,0.8906,0.0,0.4672,0.2948,1.5845,0.0434,148517,0.9632,no,no,no,no,0,ok
Chaetodon_fasciatus_FishBase_Chfas_u6.jpg,Chaetodon fasciatus,images_fishbase_extra,1,1.0,0.0,0.4538,0.8836,0.0,0.5329,0.2948,1.8074,0.0449,150359,0.9527,no,no,no,no,0,ok
Chaetodon_fasciatus_FishBase_Chfas_uh.jpg,Chaetodon fasciatus,images_fishbase_extra,1,1.0,0.0,0.7306,0.9446,0.0,0.262,0.2948,0.8886,0.0104,106758,0.9906,no,no,no,no,0,ok
Chaetodon_fasciatus_FishBase_Chfas_up.jpg,Chaetodon fasciatus,images_fishbase_extra,1,1.0,0.0,0.7591,0.9821,0.0,0.4222,0.2948,1.4319,0.0119,129848,0.9713,no,no,no,no,0,ok
Chaetodon_fasciatus_FishPix_32789AF.jpg,Chaetodon fasciatus,images,1,1.0,0.0,0.8814,0.9933,0.0,0.2121,0.2948,0.7193,0.0397,114433,0.9736,no,no,no,no,0,ok
Chaetodon_fasciatus_FishWise_090685F000009W000002.jpg,Chaetodon fasciatus,images_fishwise,1,1.0,0.0,0.6047,0.9139,0.0,0.2538,0.2948,0.8608,0.0336,93974,0.988,no,no,no,no,0,ok
Chaetodon_fasciatus_FishWise_090685F000009W000007.jpg,Chaetodon fasciatus,images_fishwise,1,1.0,0.0,0.6499,0.9681,0.0,0.3413,0.2948,1.1575,0.0423,92653,0.9883,no,no,no,no,0,ok
Chaetodon_fasciatus_FishWise_090685F000009W000008.jpg,Chaetodon fasciatus,images_fishwise,1,1.0,0.0,0.9699,0.9931,0.0,0.2711,0.2948,0.9195,0.0213,91324,0.9933,no,no,no,no,0,ok
Chaetodon_fasciatus_FishWise_090685F000175W000001.jpg,Chaetodon fasciatus,images_fishwise,1,1.0,0.0,0.6028,0.936,0.0,0.398,0.2948,1.3498,0.0223,102904,0.976,no,no,no,no,0,ok
Chaetodon_fasciatus_FishWise_090685F000387W000010.jpg,Chaetodon fasciatus,images_fishwise,1,1.0,0.0,0.8421,0.9856,0.0,0.3379,0.2948,1.146,0.0359,123172,0.9891,no,no,no,no,0,ok
Chaetodon_fasciatus_FishWise_090685F000387W000011.jpg,Chaetodon fasciatus,images_fishwise,1,1.0,0.0,0.9097,0.9863,0.0,0.3421,0.2948,1.1603,0.0365,109243,0.9881,no,no,no,no,0,ok
Chaetodon_fasciatus_FishWise_090685F000387W000012.jpg,Chaetodon fasciatus,images_fishwise,1,1.0,0.0,0.8324,0.9893,0.0,0.4248,0.2948,1.4407,0.0191,123664,0.9708,no,no,no,no,0,ok
Chaetodon_fasciatus_iNaturalist_174967542.jpg,Chaetodon fasciatus,images_inaturalist,1,1.0,0.0,0.6618,0.9402,0.0,0.0642,0.2948,0.2177,0.1083,83089,0.878,no,no,yes,no,1,review
Chaetodon_fasciatus_iNaturalist_344206924.jpg,Chaetodon fasciatus,images_inaturalist,11,0.1491,0.8509,1.0595,0.1527,0.0,0.0329,0.2948,0.1116,0.0863,3907,0.3176,yes,yes,yes,no,3,resegment_dinosam
Chaetodon_fasciatus_iNaturalist_344206951.jpg,Chaetodon fasciatus,images_inaturalist,1,1.0,0.0,1.025,0.9903,0.0,0.1031,0.2948,0.3497,0.0686,113717,0.9159,no,no,no,no,0,ok
Chaetodon_fasciatus_iNaturalist_344206971.jpg,Chaetodon fasciatus,images_inaturalist,2,0.661,0.339,0.6646,0.7228,0.0,0.0611,0.2948,0.2072,0.0831,52207,0.7173,no,no,yes,no,1,review
Chaetodon_fasciatus_iNaturalist_344206990.jpg,Chaetodon fasciatus,images_inaturalist,1,1.0,0.0,0.8297,0.9753,0.0,0.0418,0.2948,0.1418,0.0637,49840,0.8437,no,no,yes,no,1,review
Chaetodon_fasciatus_iNaturalist_344207037.jpg,Chaetodon fasciatus,images_inaturalist,1,1.0,0.0,0.929,0.9819,0.0,0.1121,0.2948,0.3802,0.0836,89786,0.9226,no,no,no,no,0,ok
Chaetodon_fasciatus_iNaturalist_480744407.jpg,Chaetodon fasciatus,images_inaturalist,2,0.5266,0.4734,0.7227,0.3065,0.0212,0.017,0.2948,0.0577,0.3099,7507,0.4388,no,yes,yes,no,2,resegment_dinosam
Chaetodon_fasciatus_iNaturalist_55868231.jpg,Chaetodon fasciatus,images_inaturalist,1,1.0,0.0,0.9295,0.9963,0.0,0.1285,0.2948,0.4358,0.0047,101460,0.9336,no,no,no,no,0,ok
Chaetodon_fasciatus_iNaturalist_595286178.jpg,Chaetodon fasciatus,images_inaturalist,1,1.0,0.0,0.9867,0.9947,0.0,0.1164,0.2948,0.3948,0.0343,84560,0.9256,no,no,no,no,0,ok
Chaetodon_fasciatus_iNaturalist_596429681.jpg,Chaetodon fasciatus,images_inaturalist,1,1.0,0.0,0.7893,0.9376,0.0,0.0986,0.2948,0.3344,0.0327,129428,0.9124,no,no,no,no,0,ok
Chaetodon_flavirostris_Bishop_1864146380.jpg,Chaetodon flavirostris,images_bishop,1,1.0,0.0,0.4525,0.9017,0.0,0.4614,0.3196,1.4439,0.0233,242070,0.9706,no,no,no,no,0,ok
Chaetodon_flavirostris_FishBaseUser_1400204687_66.91.209.33.jpg,Chaetodon flavirostris,images_fishbase_usercontrib,1,1.0,0.0,0.9717,0.9838,0.0,0.2271,0.3196,0.7107,0.0939,431487,0.9727,no,no,no,no,0,ok
Chaetodon_flavirostris_FishBase_Chfla_u1.jpg,Chaetodon flavirostris,images_fishbase_extra,1,1.0,0.0,0.9971,0.9822,0.0,0.3994,0.3196,1.2499,0.0121,154744,0.9822,no,no,no,no,0,ok
Chaetodon_flavirostris_FishBase_Chfla_u3.jpg,Chaetodon flavirostris,images_fishbase_extra,1,1.0,0.0,0.4347,0.8986,0.0,0.4617,0.3196,1.4448,0.0229,136494,0.9706,no,no,no,no,0,ok
Chaetodon_flavirostris_FishBase_Chfla_us.jpg,Chaetodon flavirostris,images_fishbase_extra,1,1.0,0.0,0.9598,0.9847,0.0,0.3654,0.3196,1.1435,0.0408,101166,0.9893,no,no,no,no,0,ok
Chaetodon_flavirostris_FishPix_32909AF.jpg,Chaetodon flavirostris,images,1,1.0,0.0,0.8476,0.9629,0.0,0.1567,0.3196,0.4904,0.1087,90079,0.943,no,no,no,no,0,ok
Chaetodon_flavirostris_FishWise_023881F000112W000003.jpg,Chaetodon flavirostris,images_fishwise,1,1.0,0.0,0.5414,0.949,0.0,0.5185,0.3196,1.6226,0.0139,104898,0.9613,no,no,no,no,0,ok
Chaetodon_flavirostris_FishWise_023881F006689W000004.jpg,Chaetodon flavirostris,images_fishwise,1,1.0,0.0,0.9208,0.9743,0.0,0.366,0.3196,1.1454,0.0215,128471,0.9891,no,no,no,no,0,ok
Chaetodon_flavirostris_iNaturalist_12040833.jpg,Chaetodon flavirostris,images_inaturalist,1,1.0,0.0,0.9206,0.9936,0.0,0.2773,0.3196,0.8678,0.1051,250712,0.9887,no,no,no,no,0,ok
Chaetodon_flavirostris_iNaturalist_12760738.jpg,Chaetodon flavirostris,images_inaturalist,1,1.0,0.0,0.8379,0.9392,0.0,0.1562,0.3196,0.4888,0.0329,132475,0.9427,no,no,no,no,0,ok
Chaetodon_flavirostris_iNaturalist_17376679.jpg,Chaetodon flavirostris,images_inaturalist,1,1.0,0.0,0.7855,0.9591,0.0,0.0351,0.3196,0.1098,0.0428,28821,0.8233,no,no,yes,no,1,review
Chaetodon_flavirostris_iNaturalist_17376788.jpg,Chaetodon flavirostris,images_inaturalist,1,1.0,0.0,1.022,0.9921,0.0,0.0204,0.3196,0.0638,0.0171,22337,0.7799,no,no,yes,no,1,review
Chaetodon_flavirostris_iNaturalist_177651824.jpg,Chaetodon flavirostris,images_inaturalist,1,1.0,0.0,0.8338,0.9154,0.0,0.0252,0.3196,0.0789,0.0864,27952,0.7968,no,no,yes,no,1,review
Chaetodon_flavirostris_iNaturalist_19897048.jpg,Chaetodon flavirostris,images_inaturalist,1,1.0,0.0,0.5108,0.79,0.0,0.2076,0.3196,0.6497,0.0877,292699,0.9475,no,no,no,no,0,ok
Chaetodon_flavirostris_iNaturalist_20063822.jpg,Chaetodon flavirostris,images_inaturalist,1,1.0,0.0,0.802,0.9649,0.0017,0.4487,0.3196,1.4042,0.1173,410772,0.9725,no,no,no,no,0,ok
Chaetodon_flavirostris_iNaturalist_361544133.jpg,Chaetodon flavirostris,images_inaturalist,1,1.0,0.0,0.8936,0.9726,0.0,0.2135,0.3196,0.6681,0.0361,209312,0.9677,no,no,no,no,0,ok
Chaetodon_flavirostris_iNaturalist_425367144.jpg,Chaetodon flavirostris,images_inaturalist,1,1.0,0.0,0.9912,0.9856,0.0,0.1484,0.3196,0.4644,0.0538,132559,0.9386,no,no,no,no,0,ok
Chaetodon_flavirostris_iNaturalist_5950939.jpg,Chaetodon flavirostris,images_inaturalist,1,1.0,0.0,0.8644,0.9817,0.0,0.1982,0.3196,0.6202,0.0783,211159,0.9618,no,no,no,no,0,ok
Chaetodon_flavocoronatus_Bishop_-1261632291.jpg,Chaetodon flavocoronatus,images_bishop,1,1.0,0.0,0.3262,0.8204,0.0,0.4204,0.4619,0.9102,0.0196,237208,0.9836,no,no,no,no,0,ok
Chaetodon_flavocoronatus_Bishop_-1599575846.jpg,Chaetodon flavocoronatus,images_bishop,1,1.0,0.0,0.3385,0.8201,0.0,0.402,0.4619,0.8703,0.0117,226197,0.9799,no,no,no,no,0,ok
Chaetodon_flavocoronatus_FishBase_Chfla_u4.jpg,Chaetodon flavocoronatus,images,1,1.0,0.0,0.3338,0.824,0.0,0.3989,0.4619,0.8636,0.0118,126392,0.9805,no,no,no,no,0,ok
Chaetodon_flavocoronatus_FishBase_Chfla_u5.jpg,Chaetodon flavocoronatus,images_fishbase_extra,1,1.0,0.0,0.3145,0.8351,0.0,0.4202,0.4619,0.9097,0.0197,130411,0.988,no,no,no,no,0,ok
Chaetodon_flavocoronatus_FishWise_023913F000038W000001.jpg,Chaetodon flavocoronatus,images_fishwise,1,1.0,0.0,0.3373,0.8174,0.0,0.4022,0.4619,0.8708,0.0117,99657,0.9791,no,no,no,no,0,ok
Chaetodon_flavocoronatus_iNaturalist_457352545.jpg,Chaetodon flavocoronatus,images_inaturalist,1,1.0,0.0,0.7473,0.9548,0.0,0.1198,0.4619,0.2594,0.0163,135876,0.892,no,no,yes,no,1,review
Chaetodon_flavocoronatus_iNaturalist_598684494.jpg,Chaetodon flavocoronatus,images_inaturalist,1,1.0,0.0,1.0012,0.9957,0.0,0.0823,0.4619,0.1782,0.0387,95067,0.862,no,no,yes,no,1,review
Chaetodon_flavocoronatus_iNaturalist_598921705.jpg,Chaetodon flavocoronatus,images_inaturalist,1,1.0,0.0,0.4966,0.9031,0.0,0.3146,0.4619,0.6811,0.068,317326,0.9693,no,no,no,no,0,ok
Chaetodon_flavocoronatus_iNaturalist_598924792.jpg,Chaetodon flavocoronatus,images_inaturalist,1,1.0,0.0,0.7051,0.937,0.0,0.1618,0.4619,0.3503,0.0116,135819,0.9161,no,no,no,no,0,ok
Chaetodon_fremblii_Bishop_5130835.jpg,Chaetodon fremblii,images_bishop,1,1.0,0.0,0.4257,0.8525,0.0,0.4065,0.2934,1.3857,0.0195,266780,0.9739,no,no,no,no,0,ok
Chaetodon_fremblii_FishBaseUser_1549207609_172.68.46.139.jpg,Chaetodon fremblii,images_fishbase_usercontrib,1,1.0,0.0,0.5826,0.9125,0.0196,0.5273,0.2934,1.7975,0.0903,485439,0.9492,no,no,no,no,0,ok
Chaetodon_fremblii_FishBase_Chfre_j0.jpg,Chaetodon fremblii,images_fishbase_extra,1,1.0,0.0,0.7022,0.9403,0.0,0.2806,0.2934,0.9565,0.0266,91515,0.9964,no,no,no,no,0,ok
Chaetodon_fremblii_FishBase_Chfre_u0.jpg,Chaetodon fremblii,images_fishbase_extra,1,1.0,0.0,0.7498,0.9403,0.0,0.219,0.2934,0.7465,0.0642,95371,0.9766,no,no,no,no,0,ok
Chaetodon_fremblii_FishBase_Chfre_u1.jpg,Chaetodon fremblii,images_fishbase_extra,1,1.0,0.0,0.4208,0.8586,0.0,0.4038,0.2934,1.3765,0.0194,148614,0.9744,no,no,no,no,0,ok
Chaetodon_fremblii_FishBase_Chfre_u3.jpg,Chaetodon fremblii,images_fishbase_extra,1,1.0,0.0,0.6828,0.9435,0.0,0.2816,0.2934,0.9599,0.0338,99895,0.9967,no,no,no,no,0,ok
Chaetodon_fremblii_FishBase_Chfre_u4.jpg,Chaetodon fremblii,images_fishbase_extra,1,1.0,0.0,0.693,0.941,0.0,0.1906,0.2934,0.6497,0.0161,99957,0.9655,no,no,no,no,0,ok
Chaetodon_fremblii_FishPix_85090AF.jpg,Chaetodon fremblii,images,1,1.0,0.0,0.6318,0.9185,0.0,0.1414,0.2934,0.482,0.0023,103035,0.9416,no,no,no,no,0,ok
Chaetodon_fremblii_FishWise_024634F000009W000003.jpg,Chaetodon fremblii,images_fishwise,1,1.0,0.0,0.8921,0.9828,0.0,0.2273,0.2934,0.7748,0.0267,92236,0.9796,no,no,no,no,0,ok
Chaetodon_fremblii_iNaturalist_168295733.jpg,Chaetodon fremblii,images_inaturalist,1,1.0,0.0,0.8708,0.9737,0.0,0.1004,0.2934,0.3423,0.0877,78019,0.9142,no,no,no,no,0,ok
Chaetodon_fremblii_iNaturalist_257546329.jpg,Chaetodon fremblii,images_inaturalist,1,1.0,0.0,0.6191,0.9543,0.0,0.3517,0.2934,1.1989,0.0552,335436,0.9855,no,no,no,no,0,ok
Chaetodon_fremblii_iNaturalist_317852.jpg,Chaetodon fremblii,images_inaturalist,1,1.0,0.0,0.6615,0.9014,0.0,0.1645,0.2934,0.5608,0.0504,41696,0.9537,no,no,no,no,0,ok
Chaetodon_fremblii_iNaturalist_34139600.jpg,Chaetodon fremblii,images_inaturalist,1,1.0,0.0,0.6156,0.9385,0.0,0.2207,0.2934,0.7523,0.0311,191614,0.9772,no,no,no,no,0,ok
Chaetodon_fremblii_iNaturalist_341654889.jpg,Chaetodon fremblii,images_inaturalist,1,1.0,0.0,0.6717,0.9352,0.0,0.1722,0.2934,0.587,0.1009,179261,0.9574,no,no,no,no,0,ok
Chaetodon_fremblii_iNaturalist_380394577.jpg,Chaetodon fremblii,images_inaturalist,1,1.0,0.0,0.7044,0.9333,0.0,0.0329,0.2934,0.1122,0.1493,21121,0.825,no,no,yes,no,1,review
Chaetodon_fremblii_iNaturalist_443350802.jpg,Chaetodon fremblii,images_inaturalist,1,1.0,0.0,0.4054,0.8654,0.0,0.0377,0.2934,0.1285,0.0306,30464,0.8359,no,no,yes,no,1,review
Chaetodon_fremblii_iNaturalist_598700049.jpg,Chaetodon fremblii,images_inaturalist,1,1.0,0.0,0.7816,0.9143,0.0,0.0827,0.2934,0.2819,0.0592,98933,0.8987,no,no,yes,no,1,review
Chaetodon_fremblii_iNaturalist_598700060.jpg,Chaetodon fremblii,images_inaturalist,1,1.0,0.0,0.6969,0.9437,0.0,0.1568,0.2934,0.5345,0.1796,161157,0.9499,no,no,no,no,0,ok
Chaetodon_gardineri_Bishop_-1706450280.jpg,Chaetodon gardineri,images_bishop,1,1.0,0.0,0.5165,0.9157,0.0,0.3896,0.4188,0.9303,0.0175,263324,0.9942,no,no,no,no,0,ok
Chaetodon_gardineri_FishBaseUser_1392664622_91.133.161.110.jpg,Chaetodon gardineri,images_fishbase_usercontrib,1,1.0,0.0,0.7023,0.9618,0.0,0.4186,0.4188,0.9995,0.0388,1036240,1.0,no,no,no,no,0,ok
Chaetodon_gardineri_FishBaseUser_1566014661_172.69.244.170.jpg,Chaetodon gardineri,images_fishbase_usercontrib,1,1.0,0.0,0.3637,0.8746,0.0,0.3709,0.4188,0.8856,0.0515,348855,0.9903,no,no,no,no,0,ok
Chaetodon_gardineri_FishBaseUser_1566014674_172.69.244.170.jpg,Chaetodon gardineri,images_fishbase_usercontrib,1,1.0,0.0,0.3808,0.854,0.0,0.3692,0.4188,0.8816,0.0189,425739,0.9899,no,no,no,no,0,ok
Chaetodon_gardineri_FishBaseUser_1566014717_172.69.244.170.jpg,Chaetodon gardineri,images_fishbase_usercontrib,1,1.0,0.0,0.7835,0.9531,0.0297,0.6964,0.4188,1.6628,0.0386,696091,0.9534,no,no,no,no,0,ok
Chaetodon_gardineri_FishBaseUser_1566014800_172.69.244.170.jpg,Chaetodon gardineri,images_fishbase_usercontrib,1,1.0,0.0,0.4476,0.8771,0.0,0.351,0.4188,0.8381,0.0702,333587,0.9859,no,no,no,no,0,ok
Chaetodon_gardineri_FishBaseUser_1566014827_172.69.244.170.jpg,Chaetodon gardineri,images_fishbase_usercontrib,1,1.0,0.0,0.3804,0.9004,0.0,0.364,0.4188,0.8691,0.0066,392103,0.9888,no,no,no,no,0,ok
Chaetodon_gardineri_FishBase_Chgar_u0.jpg,Chaetodon gardineri,images_fishbase_extra,1,1.0,0.0,0.5633,0.9269,0.0,0.4157,0.4188,0.9926,0.0109,131032,0.9994,no,no,no,no,0,ok
Chaetodon_gardineri_FishBase_Chgar_u1.jpg,Chaetodon gardineri,images,1,1.0,0.0,0.5204,0.9109,0.0,0.3912,0.4188,0.9341,0.0178,160503,0.9945,no,no,no,no,0,ok
Chaetodon_gardineri_FishBase_Chgar_u2.jpg,Chaetodon gardineri,images_fishbase_extra,1,1.0,0.0,0.7765,0.9539,0.0,0.2239,0.4188,0.5346,0.0309,92343,0.9499,no,no,no,no,0,ok
Chaetodon_gardineri_FishBase_Chgar_u3.jpg,Chaetodon gardineri,images_fishbase_extra,1,1.0,0.0,0.8294,0.97,0.0,0.3342,0.4188,0.798,0.0428,120186,0.9819,no,no,no,no,0,ok
Chaetodon_gardineri_FishWise_025566F000025W000001.gif,Chaetodon gardineri,images_fishwise,2,1.0,0.0,0.5029,0.8924,0.0,0.2157,0.4188,0.515,0.0675,96221,0.9469,no,no,no,no,0,ok
Chaetodon_gardineri_FishWise_025566F000049W000004.jpg,Chaetodon gardineri,images_fishwise,1,1.0,0.0,0.4556,0.9078,0.0,0.4228,0.4188,1.0096,0.0148,150921,0.9992,no,no,no,no,0,ok
Chaetodon_gardineri_iNaturalist_278903419.jpg,Chaetodon gardineri,images_inaturalist,1,1.0,0.0,0.6726,0.9318,0.0,0.1201,0.4188,0.2868,0.0441,139976,0.9001,no,no,yes,no,1,review
Chaetodon_gardineri_iNaturalist_278903646.jpg,Chaetodon gardineri,images_inaturalist,1,1.0,0.0,0.6491,0.9476,0.0,0.2346,0.4188,0.5602,0.0305,222428,0.9536,no,no,no,no,0,ok
Chaetodon_gardineri_iNaturalist_278909933.jpg,Chaetodon gardineri,images_inaturalist,1,1.0,0.0,0.6154,0.9259,0.0,0.2147,0.4188,0.5127,0.0929,252751,0.9465,no,no,no,no,0,ok
Chaetodon_gardineri_iNaturalist_60495450.jpg,Chaetodon gardineri,images_inaturalist,1,1.0,0.0,0.8022,0.97,0.0,0.19,0.4188,0.4537,0.0529,153668,0.9368,no,no,no,no,0,ok
Chaetodon_guentheri_Bishop_-184146759.jpg,Chaetodon guentheri,images_bishop,1,1.0,0.0,0.4238,0.8574,0.0,0.3922,0.2691,1.4575,0.0244,254799,0.9699,no,no,no,no,0,ok
Chaetodon_guentheri_FishBase_Chgue_u1.jpg,Chaetodon guentheri,images_fishbase_extra,1,1.0,0.0,0.4205,0.8552,0.0,0.3914,0.2691,1.4545,0.0241,143337,0.97,no,no,no,no,0,ok
Chaetodon_guentheri_FishBase_Chgue_u2.jpg,Chaetodon guentheri,images_fishbase_extra,4,0.378,0.622,0.352,0.4052,0.0745,0.2099,0.2691,0.78,0.0155,33323,0.6141,yes,yes,no,no,2,resegment_dinosam
Chaetodon_guentheri_FishBase_Chgue_ua.jpg,Chaetodon guentheri,images_fishbase_extra,1,1.0,0.0,0.7174,0.933,0.0,0.2484,0.2691,0.9231,0.0068,110845,0.9936,no,no,no,no,0,ok
Chaetodon_guentheri_FishPix_16011AF.jpg,Chaetodon guentheri,images,1,1.0,0.0,0.6119,0.9428,0.0,0.1848,0.2691,0.6867,0.0232,104435,0.9699,no,no,no,no,0,ok
Chaetodon_guentheri_FishWise_027857F007696W000003.jpg,Chaetodon guentheri,images_fishwise,1,1.0,0.0,0.4577,0.8011,0.0,0.1768,0.2691,0.657,0.0511,73227,0.9517,no,no,no,no,0,ok
Chaetodon_guentheri_FishWise_027857F007696W000004.jpg,Chaetodon guentheri,images_fishwise,1,1.0,0.0,0.5126,0.8613,0.0,0.2358,0.2691,0.8763,0.0325,90851,0.9894,no,no,no,no,0,ok
Chaetodon_guentheri_iNaturalist_12931521.jpg,Chaetodon guentheri,images_inaturalist,1,1.0,0.0,1.1317,1.0011,0.0,0.051,0.2691,0.1895,0.02,46118,0.8669,no,no,yes,no,1,review
Chaetodon_guentheri_iNaturalist_16103786.jpg,Chaetodon guentheri,images_inaturalist,1,1.0,0.0,0.7043,0.9567,0.0,0.1882,0.2691,0.6994,0.0288,228728,0.9714,no,no,no,no,0,ok
Chaetodon_guentheri_iNaturalist_17952429.jpg,Chaetodon guentheri,images_inaturalist,1,1.0,0.0,0.9288,0.9438,0.0,0.1696,0.2691,0.6302,0.0797,130312,0.9631,no,no,no,no,0,ok
Chaetodon_guentheri_iNaturalist_18275791.jpg,Chaetodon guentheri,images_inaturalist,1,1.0,0.0,0.8033,0.9607,0.0,0.2138,0.2691,0.7945,0.049,226740,0.9816,no,no,no,no,0,ok
Chaetodon_guentheri_iNaturalist_19964900.jpg,Chaetodon guentheri,images_inaturalist,1,1.0,0.0,0.7646,0.9608,0.0,0.2623,0.2691,0.9747,0.0934,257891,0.998,no,no,no,no,0,ok
Chaetodon_guentheri_iNaturalist_19964904.jpg,Chaetodon guentheri,images_inaturalist,1,1.0,0.0,0.6927,0.9448,0.0,0.1739,0.2691,0.6462,0.084,194329,0.9651,no,no,no,no,0,ok
Chaetodon_guentheri_iNaturalist_260515897.jpg,Chaetodon guentheri,images_inaturalist,1,1.0,0.0,0.9372,0.9848,0.0,0.0494,0.2691,0.1836,0.0231,51542,0.8644,no,no,yes,no,1,review
Chaetodon_guentheri_iNaturalist_260515911.jpg,Chaetodon guentheri,images_inaturalist,1,1.0,0.0,1.0571,0.9774,0.0,0.0382,0.2691,0.142,0.0387,35143,0.8438,no,no,yes,no,1,review
Chaetodon_guentheri_iNaturalist_298435945.jpg,Chaetodon guentheri,images_inaturalist,1,1.0,0.0,0.8013,0.9682,0.0,0.276,0.2691,1.0256,0.0842,193273,0.998,no,no,no,no,0,ok
Chaetodon_guentheri_iNaturalist_462449919.jpg,Chaetodon guentheri,images_inaturalist,1,1.0,0.0,0.9892,0.9836,0.0,0.1028,0.2691,0.382,0.0317,70115,0.923,no,no,no,no,0,ok
Chaetodon_guttatissimus_Bishop_-1623433841.jpg,Chaetodon guttatissimus,images_bishop,1,1.0,0.0,0.4519,0.8635,0.0,0.4286,0.3645,1.1759,0.0215,270190,0.987,no,no,no,no,0,ok
Chaetodon_guttatissimus_Bishop_-397235578.jpg,Chaetodon guttatissimus,images_bishop,2,1.0,0.0,0.4323,0.8518,0.0,0.4555,0.3645,1.2497,0.0238,265123,0.9822,no,no,no,no,0,ok
Chaetodon_guttatissimus_FishBaseUser_1344184467_62.178.129.238.jpg,Chaetodon guttatissimus,images_fishbase_usercontrib,1,1.0,0.0,0.8038,0.9897,0.0,0.4591,0.3645,1.2595,0.034,142520,0.9815,no,no,no,no,0,ok
Chaetodon_guttatissimus_FishBaseUser_1361356238_86.28.236.182.jpg,Chaetodon guttatissimus,images_fishbase_usercontrib,1,1.0,0.0,0.797,0.9721,0.0,0.2525,0.3645,0.6927,0.104,291591,0.9706,no,no,no,no,0,ok
Chaetodon_guttatissimus_FishBaseUser_1418991274_164.100.150.114.jpg,Chaetodon guttatissimus,images_fishbase_usercontrib,1,1.0,0.0,0.6878,0.9755,0.0,0.1352,0.3645,0.3709,0.0149,48422,0.9207,no,no,no,no,0,ok
Chaetodon_guttatissimus_FishBaseUser_1473566422_162.158.165.25.jpg,Chaetodon guttatissimus,images_fishbase_usercontrib,1,1.0,0.0,0.9395,0.9861,0.0,0.1008,0.3645,0.2765,0.0499,49864,0.8972,no,no,yes,no,1,review
Chaetodon_guttatissimus_FishBaseUser_1508797067_172.68.102.54.jpg,Chaetodon guttatissimus,images_fishbase_usercontrib,1,1.0,0.0,0.555,0.9551,0.0,0.0741,0.3645,0.2033,0.0571,438367,0.8726,no,no,yes,no,1,review
Chaetodon_guttatissimus_FishBaseUser_1747227004_95.95.129.49.jpg,Chaetodon guttatissimus,images_fishbase_usercontrib,2,0.522,0.478,1.1713,0.6704,0.0,0.0438,0.3645,0.1202,0.0355,99723,0.6093,no,no,yes,no,1,review
Chaetodon_guttatissimus_FishBaseUser_1760773407_101.115.183.201.jpg,Chaetodon guttatissimus,images_fishbase_usercontrib,1,1.0,0.0,0.7724,0.9713,0.0,0.3082,0.3645,0.8455,0.0527,4501430,0.9866,no,no,no,no,0,ok
Chaetodon_guttatissimus_FishBase_Chgut_u0.jpg,Chaetodon guttatissimus,images,1,1.0,0.0,0.454,0.8692,0.0,0.4361,0.3645,1.1964,0.0216,150685,0.9857,no,no,no,no,0,ok
Chaetodon_guttatissimus_FishBase_Chgut_u1.jpg,Chaetodon guttatissimus,images_fishbase_extra,2,1.0,0.0,0.4321,0.8574,0.0,0.504,0.3645,1.3827,0.0252,147219,0.9741,no,no,no,no,0,ok
Chaetodon_guttatissimus_FishBase_Chgut_u2.jpg,Chaetodon guttatissimus,images_fishbase_extra,1,1.0,0.0,0.8938,0.9951,0.0,0.2743,0.3645,0.7525,0.0175,87434,0.9773,no,no,no,no,0,ok
Chaetodon_guttatissimus_FishBase_Chgut_u3.jpg,Chaetodon guttatissimus,images_fishbase_extra,1,1.0,0.0,0.5399,0.9113,0.0,0.294,0.3645,0.8066,0.0266,125567,0.9828,no,no,no,no,0,ok
Chaetodon_guttatissimus_FishWise_028217F000009W000007.jpg,Chaetodon guttatissimus,images_fishwise,1,1.0,0.0,0.7443,0.96,0.0,0.3109,0.3645,0.8529,0.0236,113778,0.9873,no,no,no,no,0,ok
Chaetodon_guttatissimus_FishWise_028217F000009W000008.jpg,Chaetodon guttatissimus,images_fishwise,1,1.0,0.0,0.8497,0.9965,0.0,0.3084,0.3645,0.8461,0.015,99839,0.9866,no,no,no,no,0,ok
Chaetodon_guttatissimus_FishWise_028217F000009W000009.jpg,Chaetodon guttatissimus,images_fishwise,1,1.0,0.0,0.9701,0.9926,0.0,0.23,0.3645,0.631,0.0065,92408,0.9632,no,no,no,no,0,ok
Chaetodon_guttatissimus_FishWise_028217F000009W000011.jpg,Chaetodon guttatissimus,images_fishwise,1,1.0,0.0,0.8213,0.9716,0.0,0.2866,0.3645,0.7863,0.0228,109514,0.9808,no,no,no,no,0,ok
Chaetodon_guttatissimus_FishWise_028217F000009W000012.jpg,Chaetodon guttatissimus,images_fishwise,1,1.0,0.0,0.9104,1.0001,0.0,0.3553,0.3645,0.9748,0.0196,132793,0.998,no,no,no,no,0,ok
Chaetodon_guttatissimus_FishWise_028217F000009W000013.jpg,Chaetodon guttatissimus,images_fishwise,1,1.0,0.0,0.8387,0.9853,0.0,0.4286,0.3645,1.1759,0.0171,125283,0.987,no,no,no,no,0,ok
Chaetodon_guttatissimus_FishWise_028217F000009W000014.jpg,Chaetodon guttatissimus,images_fishwise,1,1.0,0.0,0.8249,0.9753,0.0,0.3434,0.3645,0.9421,0.0155,110095,0.9952,no,no,no,no,0,ok
Chaetodon_guttatissimus_FishWise_028217F000009W000015.jpg,Chaetodon guttatissimus,images_fishwise,1,1.0,0.0,0.9891,0.9888,0.0,0.1856,0.3645,0.5092,0.0185,84777,0.946,no,no,no,no,0,ok
Chaetodon_guttatissimus_FishWise_028217F000009W000016.jpg,Chaetodon guttatissimus,images_fishwise,1,1.0,0.0,0.7493,0.9638,0.0,0.2141,0.3645,0.5874,0.0198,87902,0.9574,no,no,no,no,0,ok
Chaetodon_guttatissimus_FishWise_028217F000009W000019.jpg,Chaetodon guttatissimus,images_fishwise,1,1.0,0.0,0.9647,1.002,0.0,0.3324,0.3645,0.9119,0.0035,107042,0.9926,no,no,no,no,0,ok
Chaetodon_guttatissimus_FishWise_028217F000009W000020.jpg,Chaetodon guttatissimus,images_fishwise,1,1.0,0.0,0.8003,0.9344,0.0,0.3416,0.3645,0.9372,0.0339,105306,0.9948,no,no,no,no,0,ok
Chaetodon_guttatissimus_FishWise_028217F000024W000001.jpg,Chaetodon guttatissimus,images_fishwise,1,1.0,0.0,0.4606,0.861,0.0,0.3631,0.3645,0.9962,0.0211,118009,0.9997,no,no,no,no,0,ok
Chaetodon_guttatissimus_FishWise_028217F000112W000005.jpg,Chaetodon guttatissimus,images_fishwise,1,1.0,0.0,0.3871,0.871,0.0,0.3266,0.3645,0.896,0.0121,104877,0.9912,no,no,no,no,0,ok
Chaetodon_guttatissimus_FishWise_028217F000112W000010.jpg,Chaetodon guttatissimus,images_fishwise,1,1.0,0.0,0.429,0.8908,0.0,0.4968,0.3645,1.363,0.0075,134301,0.9752,no,no,no,no,0,ok
Chaetodon_guttatissimus_FishWise_028217F000167W000004.jpg,Chaetodon guttatissimus,images_fishwise,1,1.0,0.0,1.036,1.004,0.0,0.1101,0.3645,0.3021,0.0249,35123,0.9042,no,no,no,no,0,ok
Chaetodon_guttatissimus_FishWise_028217F000261W000003.jpg,Chaetodon guttatissimus,images_fishwise,1,1.0,0.0,0.7835,0.9336,0.0,0.1266,0.3645,0.3473,0.008,38675,0.9154,no,no,no,no,0,ok
Chaetodon_guttatissimus_FishWise_028217F000493W000018.jpg,Chaetodon guttatissimus,images_fishwise,1,1.0,0.0,0.5943,0.9444,0.0,0.329,0.3645,0.9026,0.0093,113728,0.9918,no,no,no,no,0,ok
Chaetodon_guttatissimus_iNaturalist_174031744.jpg,Chaetodon guttatissimus,images_inaturalist,1,1.0,0.0,0.6262,0.9363,0.0,0.1097,0.3645,0.301,0.0691,136588,0.9039,no,no,no,no,0,ok
Chaetodon_guttatissimus_iNaturalist_233427015.jpg,Chaetodon guttatissimus,images_inaturalist,1,1.0,0.0,0.9386,0.9944,0.0,0.4243,0.3645,1.1641,0.0287,285014,0.9878,no,no,no,no,0,ok
Chaetodon_guttatissimus_iNaturalist_26864062.jpg,Chaetodon guttatissimus,images_inaturalist,1,1.0,0.0,1.0816,0.9935,0.0,0.0898,0.3645,0.2464,0.0135,73806,0.8879,no,no,yes,no,1,review
Chaetodon_guttatissimus_iNaturalist_303971849.jpg,Chaetodon guttatissimus,images_inaturalist,1,1.0,0.0,0.7172,0.9766,0.0,0.4532,0.3645,1.2433,0.0122,364968,0.9826,no,no,no,no,0,ok
Chaetodon_guttatissimus_iNaturalist_380299825.jpg,Chaetodon guttatissimus,images_inaturalist,1,1.0,0.0,0.6466,0.9392,0.0,0.2691,0.3645,0.7383,0.014,240673,0.9757,no,no,no,no,0,ok
Chaetodon_guttatissimus_iNaturalist_473229926.jpg,Chaetodon guttatissimus,images_inaturalist,1,1.0,0.0,0.6822,0.9683,0.0,0.0772,0.3645,0.2118,0.0293,106161,0.8758,no,no,yes,no,1,review
Chaetodon_guttatissimus_iNaturalist_474997418.jpg,Chaetodon guttatissimus,images_inaturalist,2,0.6195,0.3805,0.9294,0.528,0.0,0.0724,0.3645,0.1986,0.1265,59642,0.6409,no,yes,yes,no,2,resegment_dinosam
Chaetodon_guttatissimus_iNaturalist_504140684.jpg,Chaetodon guttatissimus,images_inaturalist,1,1.0,0.0,0.6959,0.9236,0.0,0.2391,0.3645,0.656,0.1027,271486,0.9663,no,no,no,no,0,ok
Chaetodon_guttatissimus_iNaturalist_584519765.jpg,Chaetodon guttatissimus,images_inaturalist,1,1.0,0.0,0.8185,0.9497,0.0,0.0697,0.3645,0.1912,0.0797,82535,0.8677,no,no,yes,no,1,review
Chaetodon_hoefleri_FishBaseUser_1434007295_197.148.41.98.jpg,Chaetodon hoefleri,images_fishbase_usercontrib,1,1.0,0.0,0.6321,0.9264,0.0,0.1609,0.3829,0.4202,0.1338,2813898,0.9306,no,no,no,no,0,ok
Chaetodon_hoefleri_FishBaseUser_1707174717_188.114.111.125.jpg,Chaetodon hoefleri,images_fishbase_usercontrib,1,1.0,0.0,0.6661,0.9224,0.0,0.3377,0.3829,0.882,0.0091,4436151,0.99,no,no,no,no,0,ok
Chaetodon_hoefleri_FishBaseUser_1707174795_172.64.236.109.jpg,Chaetodon hoefleri,images_fishbase_usercontrib,1,1.0,0.0,0.6788,0.9368,0.0,0.2481,0.3829,0.6479,0.0412,4439149,0.9653,no,no,no,no,0,ok
Chaetodon_hoefleri_FishBase_Chhoe_u0.jpg,Chaetodon hoefleri,images_fishbase_extra,2,1.0,0.0,0.6786,0.933,0.0,0.3112,0.3829,0.8127,0.0202,112578,0.9834,no,no,no,no,0,ok
Chaetodon_hoefleri_FishBase_Chhoe_u1.jpg,Chaetodon hoefleri,images,1,1.0,0.0,0.573,0.891,0.0,0.2521,0.3829,0.6584,0.0542,112405,0.9666,no,no,no,no,0,ok
Chaetodon_hoefleri_FishBase_Chhoe_u2.jpg,Chaetodon hoefleri,images_fishbase_extra,1,1.0,0.0,0.4024,0.8131,0.0,0.3039,0.3829,0.7937,0.0419,70502,0.9704,no,no,no,no,0,ok
Chaetodon_hoefleri_iNaturalist_349923953.jpg,Chaetodon hoefleri,images_inaturalist,1,1.0,0.0,0.7335,0.93,0.0,0.2832,0.3829,0.7396,0.0155,284750,0.9759,no,no,no,no,0,ok
Chaetodon_hoefleri_iNaturalist_349923955.jpg,Chaetodon hoefleri,images_inaturalist,1,1.0,0.0,0.6151,0.9319,0.0,0.2343,0.3829,0.6119,0.0473,258144,0.9607,no,no,no,no,0,ok
Chaetodon_hoefleri_iNaturalist_349923956.jpg,Chaetodon hoefleri,images_inaturalist,1,1.0,0.0,0.6774,0.9323,0.3428,0.6278,0.3829,1.6396,0.144,470972,0.8919,no,yes,no,yes,2,resegment_dinosam
Chaetodon_hoefleri_iNaturalist_349923974.jpg,Chaetodon hoefleri,images_inaturalist,1,1.0,0.0,0.7206,0.9592,0.0,0.3936,0.3829,1.0279,0.0768,286978,0.9978,no,no,no,no,0,ok
Chaetodon_hoefleri_iNaturalist_349923976.jpg,Chaetodon hoefleri,images_inaturalist,1,1.0,0.0,0.7051,0.9478,0.0,0.2867,0.3829,0.7488,0.0191,358543,0.9769,no,no,no,no,0,ok
Chaetodon_hoefleri_iNaturalist_349923979.jpg,Chaetodon hoefleri,images_inaturalist,1,1.0,0.0,0.6384,0.9234,0.0,0.3,0.3829,0.7835,0.0568,276819,0.9805,no,no,no,no,0,ok
Chaetodon_hoefleri_iNaturalist_349923999.jpg,Chaetodon hoefleri,images_inaturalist,1,1.0,0.0,0.6842,0.9395,0.0,0.2474,0.3829,0.6461,0.0409,289749,0.9651,no,no,no,no,0,ok
Chaetodon_hoefleri_iNaturalist_349924002.jpg,Chaetodon hoefleri,images_inaturalist,1,1.0,0.0,0.6682,0.917,0.0,0.3363,0.3829,0.8783,0.0083,292009,0.9896,no,no,no,no,0,ok
Chaetodon_hoefleri_iNaturalist_424743322.jpg,Chaetodon hoefleri,images_inaturalist,3,0.4406,0.5594,0.2793,0.4446,0.0,0.0573,0.3829,0.1496,0.0335,33530,0.5306,yes,yes,yes,no,3,resegment_dinosam
Chaetodon_humeralis_FishBaseUser_1435108272_108.64.185.41.jpg,Chaetodon humeralis,images_fishbase_usercontrib,1,1.0,0.0,0.452,0.8489,0.0,0.127,0.278,0.4568,0.0929,215479,0.937,no,no,no,no,0,ok
Chaetodon_humeralis_FishBaseUser_1634664870_172.70.82.109.jpg,Chaetodon humeralis,images_fishbase_usercontrib,1,1.0,0.0,0.7535,0.9699,0.0,0.4291,0.278,1.5435,0.0805,1926967,0.9653,no,no,no,no,0,ok
Chaetodon_humeralis_FishBaseUser_1639503972_172.70.82.187.jpg,Chaetodon humeralis,images_fishbase_usercontrib,1,1.0,0.0,0.9209,0.9802,0.0,0.2469,0.278,0.8881,0.044,64386,0.9905,no,no,no,no,0,ok
Chaetodon_humeralis_FishBaseUser_1751986855_89.187.187.84.jpg,Chaetodon humeralis,images_fishbase_usercontrib,1,1.0,0.0,0.68,0.9462,0.0,0.1538,0.278,0.5532,0.0305,1052023,0.9526,no,no,no,no,0,ok
Chaetodon_humeralis_FishBaseUser_1751986879_89.187.187.84.jpg,Chaetodon humeralis,images_fishbase_usercontrib,1,1.0,0.0,0.8076,0.968,0.0,0.3268,0.278,1.1755,0.0635,1487953,0.9871,no,no,no,no,0,ok
Chaetodon_humeralis_FishBase_Chhum_u0.jpg,Chaetodon humeralis,images_fishbase_extra,1,1.0,0.0,0.416,0.8804,0.0,0.3485,0.278,1.2536,0.008,110211,0.9819,no,no,no,no,0,ok
Chaetodon_humeralis_FishBase_Chhum_u1.jpg,Chaetodon humeralis,images_fishbase_extra,1,1.0,0.0,0.7816,0.9251,0.0,0.1149,0.278,0.4133,0.0335,43998,0.9293,no,no,no,no,0,ok
Chaetodon_humeralis_FishBase_Chhum_u2.jpg,Chaetodon humeralis,images_fishbase_extra,1,1.0,0.0,0.5111,0.9293,0.0,0.372,0.278,1.3381,0.0141,112732,0.9767,no,no,no,no,0,ok
Chaetodon_humeralis_FishBase_Chhum_u3.jpg,Chaetodon humeralis,images,1,1.0,0.0,0.5001,0.9268,0.0,0.3582,0.278,1.2885,0.0279,138507,0.9797,no,no,no,no,0,ok
Chaetodon_humeralis_FishBase_Chhum_u4.jpg,Chaetodon humeralis,images_fishbase_extra,1,1.0,0.0,0.724,0.9513,0.0,0.2038,0.278,0.7331,0.0481,64998,0.9752,no,no,no,no,0,ok
Chaetodon_humeralis_FishWise_030547F000025W000001.gif,Chaetodon humeralis,images_fishwise,3,0.999,0.001,0.4148,0.869,0.0,0.2958,0.278,1.064,0.0679,122655,0.9947,no,no,no,no,0,ok
Chaetodon_humeralis_iNaturalist_1461105.jpg,Chaetodon humeralis,images_inaturalist,2,0.5948,0.4052,0.6435,0.6012,0.0,0.0905,0.278,0.3255,0.0393,72092,0.6938,no,yes,no,no,1,review
Chaetodon_humeralis_iNaturalist_456296117.jpg,Chaetodon humeralis,images_inaturalist,2,0.6532,0.3468,0.723,0.5395,0.0,0.0648,0.278,0.2331,0.0749,35787,0.669,no,yes,yes,no,2,resegment_dinosam
Chaetodon_humeralis_iNaturalist_607033378.jpg,Chaetodon humeralis,images_inaturalist,1,1.0,0.0,0.5367,0.8839,0.0,0.0294,0.278,0.1058,0.0294,22407,0.8203,no,no,yes,no,1,review
Chaetodon_humeralis_iNaturalist_8288759.jpg,Chaetodon humeralis,images_inaturalist,1,1.0,0.0,0.8941,0.9846,0.0548,0.2866,0.278,1.0309,0.1663,228947,0.9866,no,no,no,no,0,ok
Chaetodon_interruptus_FishBaseUser_1473643388_162.158.165.25.jpg,Chaetodon interruptus,images_fishbase_usercontrib,1,1.0,0.0,0.9854,0.9895,0.0,0.161,0.3682,0.4372,0.0623,80841,0.9338,no,no,no,no,0,ok
Chaetodon_interruptus_FishBaseUser_1508797230_172.68.102.54.jpg,Chaetodon interruptus,images_fishbase_usercontrib,2,0.5713,0.4287,0.3445,0.3656,0.0,0.0646,0.3682,0.1754,0.0541,221780,0.5654,no,yes,yes,no,2,resegment_dinosam
Chaetodon_interruptus_FishBaseUser_1724135955_172.71.124.212.jpg,Chaetodon interruptus,images_fishbase_usercontrib,1,1.0,0.0,0.7713,0.9531,0.0,0.3356,0.3682,0.9113,0.0619,69113,0.9926,no,no,no,no,0,ok
Chaetodon_interruptus_FishBase_Chint_u5.jpg,Chaetodon interruptus,images_fishbase_extra,1,1.0,0.0,0.7,0.949,0.0,0.2652,0.3682,0.7202,0.0255,83268,0.9737,no,no,no,no,0,ok
Chaetodon_interruptus_FishBase_Chint_u7.jpg,Chaetodon interruptus,images_fishbase_extra,1,1.0,0.0,0.7862,0.9476,0.0,0.3646,0.3682,0.9901,0.0419,126460,0.9992,no,no,no,no,0,ok
Chaetodon_interruptus_FishBase_Chuni_u2.jpg,Chaetodon interruptus,images_fishbase_extra,1,1.0,0.0,0.4621,0.8755,0.0,0.4635,0.3682,1.2587,0.0219,143914,0.9816,no,no,no,no,0,ok
Chaetodon_interruptus_FishBase_Chuni_u3.jpg,Chaetodon interruptus,images_fishbase_extra,1,1.0,0.0,0.7464,0.9405,0.0,0.2973,0.3682,0.8073,0.0193,118709,0.9829,no,no,no,no,0,ok
Chaetodon_interruptus_FishBase_Chuni_uh.jpg,Chaetodon interruptus,images,1,1.0,0.0,1.0089,1.004,0.0,0.2775,0.3682,0.7536,0.0469,97820,0.9774,no,no,no,no,0,ok
Chaetodon_interruptus_FishWise_032066F000009W000001.jpg,Chaetodon interruptus,images_fishwise,1,1.0,0.0,0.9313,0.9597,0.0,0.3017,0.3682,0.8193,0.0247,90575,0.9841,no,no,no,no,0,ok
Chaetodon_interruptus_FishWise_032066F000009W000004.jpg,Chaetodon interruptus,images_fishwise,1,1.0,0.0,0.6824,0.9504,0.0,0.2885,0.3682,0.7834,0.0477,81867,0.9805,no,no,no,no,0,ok
Chaetodon_interruptus_FishWise_032066F000009W000005.jpg,Chaetodon interruptus,images_fishwise,1,1.0,0.0,1.0195,0.9908,0.0,0.1602,0.3682,0.435,0.0438,55729,0.9334,no,no,no,no,0,ok
Chaetodon_interruptus_FishWise_032066F000009W000006.jpg,Chaetodon interruptus,images_fishwise,1,1.0,0.0,1.036,0.9931,0.0,0.2036,0.3682,0.5529,0.0057,67695,0.9526,no,no,no,no,0,ok
Chaetodon_interruptus_FishWise_032066F000009W000007.jpg,Chaetodon interruptus,images_fishwise,1,1.0,0.0,0.9911,0.9731,0.0,0.1054,0.3682,0.2862,0.0078,42133,0.8999,no,no,yes,no,1,review
Chaetodon_interruptus_FishWise_032066F000009W000008.jpg,Chaetodon interruptus,images_fishwise,1,1.0,0.0,0.6958,0.9602,0.0,0.4281,0.3682,1.1625,0.0048,144500,0.988,no,no,no,no,0,ok
Chaetodon_interruptus_FishWise_032066F000009W000009.jpg,Chaetodon interruptus,images_fishwise,1,1.0,0.0,0.9572,0.9887,0.0,0.2977,0.3682,0.8084,0.0322,106547,0.983,no,no,no,no,0,ok
Chaetodon_interruptus_FishWise_032066F000009W000015.jpg,Chaetodon interruptus,images_fishwise,1,1.0,0.0,0.7197,0.952,0.0,0.2753,0.3682,0.7476,0.0138,114900,0.9767,no,no,no,no,0,ok
Chaetodon_interruptus_FishWise_032066F000009W000016.jpg,Chaetodon interruptus,images_fishwise,1,1.0,0.0,0.7127,0.9523,0.0,0.4319,0.3682,1.1728,0.0202,130632,0.9872,no,no,no,no,0,ok
Chaetodon_interruptus_FishWise_032066F000009W000017.jpg,Chaetodon interruptus,images_fishwise,1,1.0,0.0,0.9215,0.9654,0.0,0.3206,0.3682,0.8706,0.0402,124638,0.9889,no,no,no,no,0,ok
Chaetodon_interruptus_FishWise_032066F000009W000018.jpg,Chaetodon interruptus,images_fishwise,1,1.0,0.0,0.9769,0.977,0.0,0.2699,0.3682,0.7329,0.0053,112487,0.9751,no,no,no,no,0,ok
Chaetodon_interruptus_FishWise_032066F000009W000019.jpg,Chaetodon interruptus,images_fishwise,1,1.0,0.0,0.788,0.9432,0.0,0.3371,0.3682,0.9154,0.0131,115310,0.9929,no,no,no,no,0,ok
Chaetodon_interruptus_FishWise_032066F000009W000020.jpg,Chaetodon interruptus,images_fishwise,1,1.0,0.0,0.7812,0.9273,0.0,0.2493,0.3682,0.677,0.0294,97658,0.9688,no,no,no,no,0,ok
Chaetodon_interruptus_FishWise_032066F000009W000021.jpg,Chaetodon interruptus,images_fishwise,1,1.0,0.0,0.8334,0.9506,0.0,0.3148,0.3682,0.8549,0.0105,111465,0.9875,no,no,no,no,0,ok
Chaetodon_interruptus_FishWise_032066F000009W000022.jpg,Chaetodon interruptus,images_fishwise,1,1.0,0.0,0.6809,0.9156,0.0,0.4727,0.3682,1.2836,0.011,148666,0.98,no,no,no,no,0,ok
Chaetodon_interruptus_FishWise_032066F000009W000023.jpg,Chaetodon interruptus,images_fishwise,1,1.0,0.0,1.0952,0.9927,0.0,0.2545,0.3682,0.6911,0.0078,96243,0.9704,no,no,no,no,0,ok
Chaetodon_interruptus_FishWise_032066F000009W000024.jpg,Chaetodon interruptus,images_fishwise,1,1.0,0.0,0.7692,0.9633,0.0,0.3686,0.3682,1.001,0.0081,110214,0.9999,no,no,no,no,0,ok
Chaetodon_interruptus_FishWise_032066F000009W000025.jpg,Chaetodon interruptus,images_fishwise,1,1.0,0.0,0.777,0.9317,0.0,0.1821,0.3682,0.4945,0.0059,87766,0.9437,no,no,no,no,0,ok
Chaetodon_interruptus_FishWise_032066F000009W000026.jpg,Chaetodon interruptus,images_fishwise,1,1.0,0.0,0.75,0.9372,0.0,0.4102,0.3682,1.1139,0.0274,126067,0.9914,no,no,no,no,0,ok
Chaetodon_interruptus_FishWise_032066F000009W000027.jpg,Chaetodon interruptus,images_fishwise,1,1.0,0.0,0.9588,0.9853,0.0,0.3277,0.3682,0.8899,0.0063,112437,0.9907,no,no,no,no,0,ok
Chaetodon_interruptus_FishWise_032066F000009W000029.jpg,Chaetodon interruptus,images_fishwise,1,1.0,0.0,0.9595,0.9798,0.0,0.3321,0.3682,0.9018,0.0081,108873,0.9917,no,no,no,no,0,ok
Chaetodon_interruptus_FishWise_032066F000009W000031.jpg,Chaetodon interruptus,images_fishwise,1,1.0,0.0,0.8236,0.9631,0.0,0.2577,0.3682,0.6998,0.0219,90466,0.9714,no,no,no,no,0,ok
Chaetodon_interruptus_FishWise_032066F000009W000034.jpg,Chaetodon interruptus,images_fishwise,1,1.0,0.0,0.7448,0.9454,0.0,0.2796,0.3682,0.7593,0.0094,100010,0.978,no,no,no,no,0,ok
Chaetodon_interruptus_FishWise_032066F000009W000035.jpg,Chaetodon interruptus,images_fishwise,1,1.0,0.0,0.8629,0.9509,0.0,0.2125,0.3682,0.5771,0.0306,87854,0.956,no,no,no,no,0,ok
Chaetodon_interruptus_FishWise_032066F000009W000036.jpg,Chaetodon interruptus,images_fishwise,1,1.0,0.0,0.7174,0.922,0.0,0.2779,0.3682,0.7547,0.0239,86797,0.9775,no,no,no,no,0,ok
Chaetodon_interruptus_FishWise_032066F000009W000037.jpg,Chaetodon interruptus,images_fishwise,1,1.0,0.0,0.4392,0.8373,0.0002,0.389,0.3682,1.0563,0.1627,152766,0.9918,no,no,no,no,0,ok
Chaetodon_interruptus_FishWise_032066F000009W000042.jpg,Chaetodon interruptus,images_fishwise,1,1.0,0.0,0.7217,0.9536,0.0,0.249,0.3682,0.6762,0.0374,109604,0.9687,no,no,no,no,0,ok
Chaetodon_interruptus_FishWise_032066F000009W000043.jpg,Chaetodon interruptus,images_fishwise,1,1.0,0.0,0.9586,0.9885,0.0,0.3589,0.3682,0.9746,0.021,144832,0.9979,no,no,no,no,0,ok
Chaetodon_interruptus_FishWise_032066F000024W000010.jpg,Chaetodon interruptus,images_fishwise,1,1.0,0.0,0.6957,0.9352,0.0,0.2969,0.3682,0.8062,0.018,110950,0.9828,no,no,no,no,0,ok
Chaetodon_interruptus_FishWise_032066F000024W000011.jpg,Chaetodon interruptus,images_fishwise,1,1.0,0.0,0.4696,0.8686,0.0,0.4027,0.3682,1.0936,0.0208,111646,0.9928,no,no,no,no,0,ok
Chaetodon_interruptus_FishWise_032066F000112W000012.jpg,Chaetodon interruptus,images_fishwise,1,1.0,0.0,0.4973,0.9062,0.0,0.3408,0.3682,0.9255,0.0063,104377,0.9938,no,no,no,no,0,ok
Chaetodon_interruptus_FishWise_032066F000112W000013.jpg,Chaetodon interruptus,images_fishwise,1,1.0,0.0,0.4982,0.9145,0.0,0.4477,0.3682,1.2158,0.0061,120754,0.9844,no,no,no,no,0,ok
Chaetodon_interruptus_FishWise_032066F000112W000014.jpg,Chaetodon interruptus,images_fishwise,1,1.0,0.0,0.5441,0.8974,0.0,0.4922,0.3682,1.3366,0.0074,132780,0.9768,no,no,no,no,0,ok
Chaetodon_interruptus_FishWise_032066F000167W000002.jpg,Chaetodon interruptus,images_fishwise,1,1.0,0.0,1.0562,0.9981,0.0,0.1636,0.3682,0.4443,0.0416,39286,0.9351,no,no,no,no,0,ok
Chaetodon_interruptus_FishWise_032066F000167W000003.jpg,Chaetodon interruptus,images_fishwise,1,1.0,0.0,1.0694,0.9904,0.0,0.2302,0.3682,0.6251,0.0769,69447,0.9624,no,no,no,no,0,ok
Chaetodon_interruptus_FishWise_032066F000387W000028.jpg,Chaetodon interruptus,images_fishwise,1,1.0,0.0,0.7068,0.9412,0.0,0.3261,0.3682,0.8855,0.0213,114458,0.9903,no,no,no,no,0,ok
Chaetodon_interruptus_FishWise_032066F000387W000032.jpg,Chaetodon interruptus,images_fishwise,1,1.0,0.0,0.5294,0.9313,0.0,0.3335,0.3682,0.9056,0.0452,118286,0.9921,no,no,no,no,0,ok
Chaetodon_interruptus_FishWise_032066F000387W000033.jpg,Chaetodon interruptus,images_fishwise,1,1.0,0.0,0.7385,0.9301,0.0,0.2999,0.3682,0.8144,0.0211,101581,0.9836,no,no,no,no,0,ok
Chaetodon_interruptus_iNaturalist_15933811.jpg,Chaetodon interruptus,images_inaturalist,1,1.0,0.0,0.8105,0.9276,0.1779,0.5267,0.3682,1.4303,0.1248,589589,0.9358,no,no,no,no,0,ok
Chaetodon_interruptus_iNaturalist_170722148.jpg,Chaetodon interruptus,images_inaturalist,1,1.0,0.0,0.9531,0.9835,0.0,0.0681,0.3682,0.1849,0.0764,61912,0.865,no,no,yes,no,1,review
Chaetodon_interruptus_iNaturalist_231967804.jpg,Chaetodon interruptus,images_inaturalist,1,1.0,0.0,0.739,0.9494,0.0,0.3418,0.3682,0.9282,0.0683,293022,0.994,no,no,no,no,0,ok
Chaetodon_interruptus_iNaturalist_422239513.jpg,Chaetodon interruptus,images_inaturalist,1,1.0,0.0,1.008,0.9817,0.0,0.1039,0.3682,0.2821,0.0724,112048,0.8988,no,no,yes,no,1,review
Chaetodon_interruptus_iNaturalist_444196719.jpg,Chaetodon interruptus,images_inaturalist,1,1.0,0.0,0.7429,0.9547,0.0,0.3565,0.3682,0.9681,0.0185,325875,0.9974,no,no,no,no,0,ok
Chaetodon_interruptus_iNaturalist_479599038.jpg,Chaetodon interruptus,images_inaturalist,2,0.7504,0.2496,0.7542,0.8386,0.0,0.064,0.3682,0.1738,0.0599,39626,0.7692,no,no,yes,no,1,review
Chaetodon_interruptus_iNaturalist_75713374.jpg,Chaetodon interruptus,images_inaturalist,1,1.0,0.0,1.0321,0.9902,0.0,0.0296,0.3682,0.0804,0.1739,24910,0.7983,no,no,yes,no,1,review
Chaetodon_interruptus_iNaturalist_82279573.jpg,Chaetodon interruptus,images_inaturalist,2,0.7159,0.2841,0.6314,0.5287,0.0,0.1743,0.3682,0.4733,0.0691,112303,0.7443,no,yes,no,no,1,review
Chaetodon_interruptus_iNaturalist_82279598.jpg,Chaetodon interruptus,images_inaturalist,2,0.5562,0.4438,0.7087,0.647,0.0,0.1318,0.3682,0.3579,0.0169,73558,0.7016,no,yes,no,no,1,review
Chaetodon_interruptus_iNaturalist_82279627.jpg,Chaetodon interruptus,images_inaturalist,3,0.4281,0.5719,1.0495,0.4087,0.0,0.0933,0.3682,0.2534,0.0191,29965,0.5576,yes,yes,yes,no,3,resegment_dinosam
Chaetodon_kleinii_Bishop_-1577854379.jpg,Chaetodon kleinii,images_bishop,1,1.0,0.0,0.4392,0.8804,0.0,0.4525,0.3191,1.4181,0.0206,268957,0.9721,no,no,no,no,0,ok
Chaetodon_kleinii_Bishop_308997156.jpg,Chaetodon kleinii,images_bishop,1,1.0,0.0,0.4705,0.8833,0.0,0.4553,0.3191,1.4268,0.0089,250947,0.9716,no,no,no,no,0,ok
Chaetodon_kleinii_Bishop_977649394.jpg,Chaetodon kleinii,images_bishop,1,1.0,0.0,0.4338,0.8762,0.0,0.4719,0.3191,1.4788,0.0233,270065,0.9687,no,no,no,no,0,ok
Chaetodon_kleinii_FishBaseUser_1361357985_86.28.236.182.jpg,Chaetodon kleinii,images_fishbase_usercontrib,1,1.0,0.0,0.6384,0.8878,0.0,0.2298,0.3191,0.7202,0.0946,300590,0.9737,no,no,no,no,0,ok
Chaetodon_kleinii_FishBaseUser_1407544482_202.151.68.133.jpg,Chaetodon kleinii,images_fishbase_usercontrib,1,1.0,0.0,0.4925,0.8988,0.0,0.2463,0.3191,0.7719,0.0277,4792843,0.9793,no,no,no,no,0,ok
Chaetodon_kleinii_FishBaseUser_1424585961_94.198.16.174.jpg,Chaetodon kleinii,images_fishbase_usercontrib,1,1.0,0.0,0.9123,0.9694,0.0,0.1028,0.3191,0.3222,0.1665,82088,0.9094,no,no,no,no,0,ok
Chaetodon_kleinii_FishBaseUser_1433885690_2.238.54.39.jpg,Chaetodon kleinii,images_fishbase_usercontrib,2,0.5112,0.4888,0.4611,0.5722,0.0,0.1817,0.3191,0.5694,0.0168,98486,0.7005,no,yes,no,no,1,review
Chaetodon_kleinii_FishBaseUser_1469521644_162.158.167.12.jpg,Chaetodon kleinii,images_fishbase_usercontrib,1,1.0,0.0,0.7131,0.9507,0.0,0.0464,0.3191,0.1454,0.0458,92809,0.8457,no,no,yes,no,1,review
Chaetodon_kleinii_FishBaseUser_1508797387_172.68.102.54.jpg,Chaetodon kleinii,images_fishbase_usercontrib,1,1.0,0.0,0.6853,0.9097,0.0,0.1048,0.3191,0.3284,0.0387,345571,0.9109,no,no,no,no,0,ok
Chaetodon_kleinii_FishBaseUser_1575678441_172.68.211.210.jpg,Chaetodon kleinii,images_fishbase_usercontrib,1,1.0,0.0,0.6666,0.9434,0.0,0.2235,0.3191,0.7004,0.0353,262608,0.9715,no,no,no,no,0,ok
Chaetodon_kleinii_FishBaseUser_1577141160_172.68.102.30.jpg,Chaetodon kleinii,images_fishbase_usercontrib,2,0.6555,0.3445,0.8694,0.498,0.0,0.0751,0.3191,0.2353,0.0641,229394,0.6581,no,yes,yes,no,2,resegment_dinosam
Chaetodon_kleinii_FishBaseUser_1603231829_162.158.187.197.jpg,Chaetodon kleinii,images_fishbase_usercontrib,1,1.0,0.0,0.8974,0.9867,0.0,0.257,0.3191,0.8054,0.0653,704034,0.9827,no,no,no,no,0,ok
Chaetodon_kleinii_FishBaseUser_1638286780_172.70.142.119.jpg,Chaetodon kleinii,images_fishbase_usercontrib,1,1.0,0.0,0.5819,0.9134,0.0,0.3467,0.3191,1.0865,0.0261,4614910,0.9934,no,no,no,no,0,ok
Chaetodon_kleinii_FishBaseUser_1672900069_162.158.179.14.jpg,Chaetodon kleinii,images_fishbase_usercontrib,2,0.6271,0.3729,0.7649,0.6683,0.0,0.1127,0.3191,0.3532,0.0879,25817,0.7317,no,no,no,no,0,ok
Chaetodon_kleinii_FishBaseUser_1672900136_162.158.178.63.jpg,Chaetodon kleinii,images_fishbase_usercontrib,1,1.0,0.0,1.2492,0.9953,0.0,0.0218,0.3191,0.0683,0.0647,8692,0.7853,no,no,yes,no,1,review
Chaetodon_kleinii_FishBaseUser_1706123923_172.70.54.83.jpg,Chaetodon kleinii,images_fishbase_usercontrib,1,1.0,0.0,0.4843,0.8095,0.0,0.192,0.3191,0.6017,0.0095,249425,0.9472,no,no,no,no,0,ok
Chaetodon_kleinii_FishBaseUser_1706123986_172.70.54.82.jpg,Chaetodon kleinii,images_fishbase_usercontrib,1,1.0,0.0,0.6813,0.967,0.0,0.2151,0.3191,0.6741,0.0454,153750,0.9684,no,no,no,no,0,ok
Chaetodon_kleinii_FishBaseUser_1723303647_172.70.255.80.jpg,Chaetodon kleinii,images_fishbase_usercontrib,1,1.0,0.0,0.8168,0.9844,0.0,0.2018,0.3191,0.6324,0.1059,141714,0.9633,no,no,no,no,0,ok
Chaetodon_kleinii_FishBaseUser_1746713569_202.152.137.21.jpg,Chaetodon kleinii,images_fishbase_usercontrib,1,1.0,0.0,0.6733,0.9079,0.0,0.0743,0.3191,0.2328,0.1373,717125,0.8834,no,no,yes,no,1,review
Chaetodon_kleinii_FishBaseUser_1747227359_95.95.129.49.jpg,Chaetodon kleinii,images_fishbase_usercontrib,1,1.0,0.0,0.9787,0.9799,0.0,0.1096,0.3191,0.3435,0.0283,1117189,0.9145,no,no,no,no,0,ok
Chaetodon_kleinii_FishBaseUser_1747227399_95.95.129.49.jpg,Chaetodon kleinii,images_fishbase_usercontrib,1,1.0,0.0,0.7615,0.9728,0.0,0.218,0.3191,0.6832,0.0381,2286949,0.9695,no,no,no,no,0,ok
Chaetodon_kleinii_FishBaseUser_1747227457_95.95.129.49.jpg,Chaetodon kleinii,images_fishbase_usercontrib,2,0.5468,0.4532,1.0235,0.2747,0.0,0.0189,0.3191,0.0592,0.1112,53336,0.4427,no,yes,yes,no,2,resegment_dinosam
Chaetodon_kleinii_FishBase_Chkle_u0.jpg,Chaetodon kleinii,images_fishbase_extra,1,1.0,0.0,0.7339,0.934,0.0,0.4398,0.3191,1.3783,0.0179,135300,0.9743,no,no,no,no,0,ok
Chaetodon_kleinii_FishBase_Chkle_u1.jpg,Chaetodon kleinii,images_fishbase_extra,1,1.0,0.0,0.4292,0.8817,0.0,0.4506,0.3191,1.4121,0.0207,150638,0.9724,no,no,no,no,0,ok
Chaetodon_kleinii_FishBase_Chkle_u2.jpg,Chaetodon kleinii,images_fishbase_extra,1,1.0,0.0,0.4674,0.8853,0.0,0.4508,0.3191,1.4127,0.0088,140555,0.9724,no,no,no,no,0,ok
Chaetodon_kleinii_FishBase_Chkle_u3.jpg,Chaetodon kleinii,images_fishbase_extra,4,0.9984,0.0016,0.3282,0.8838,0.0,0.2506,0.3191,0.7853,0.0544,123957,0.9801,no,no,no,no,0,ok
Chaetodon_kleinii_FishBase_Chkle_u4.jpg,Chaetodon kleinii,images_fishbase_extra,1,1.0,0.0,0.4227,0.8807,0.0,0.4662,0.3191,1.461,0.0227,150170,0.9697,no,no,no,no,0,ok
Chaetodon_kleinii_FishBase_Chkle_u5.jpg,Chaetodon kleinii,images_fishbase_extra,1,1.0,0.0,0.7583,0.9622,0.0,0.286,0.3191,0.8963,0.0363,97201,0.9912,no,no,no,no,0,ok
Chaetodon_kleinii_FishBase_Chkle_u6.jpg,Chaetodon kleinii,images_fishbase_extra,1,1.0,0.0,0.8059,0.9832,0.0,0.337,0.3191,1.0561,0.0347,115731,0.9956,no,no,no,no,0,ok
Chaetodon_kleinii_FishBase_Chkle_u8.jpg,Chaetodon kleinii,images_fishbase_extra,1,1.0,0.0,0.7939,0.9747,0.0,0.1658,0.3191,0.5196,0.0212,51805,0.9476,no,no,no,no,0,ok
Chaetodon_kleinii_FishBase_Chkle_u9.jpg,Chaetodon kleinii,images_fishbase_extra,1,1.0,0.0,0.927,1.0027,0.0,0.4185,0.3191,1.3115,0.0279,129355,0.9783,no,no,no,no,0,ok
Chaetodon_kleinii_FishBase_Chkle_ua.jpg,Chaetodon kleinii,images_fishbase_extra,1,1.0,0.0,0.797,0.9648,0.0,0.2858,0.3191,0.8956,0.0423,118033,0.9912,no,no,no,no,0,ok
Chaetodon_kleinii_FishPix_10587AF.jpg,Chaetodon kleinii,images,1,1.0,0.0,0.6216,0.8749,0.0,0.2631,0.3191,0.8245,0.0316,141496,0.9846,no,no,no,no,0,ok
Chaetodon_kleinii_FishWise_034237F000004W000006.jpg,Chaetodon kleinii,images_fishwise,1,1.0,0.0,0.439,0.8771,0.0,0.2887,0.3191,0.9047,0.0226,97178,0.992,no,no,no,no,0,ok
Chaetodon_kleinii_FishWise_034237F000009W000007.jpg,Chaetodon kleinii,images_fishwise,1,1.0,0.0,0.7644,0.9757,0.0,0.2486,0.3191,0.7791,0.0097,67693,0.98,no,no,no,no,0,ok
Chaetodon_kleinii_FishWise_034237F000009W000008.jpg,Chaetodon kleinii,images_fishwise,1,1.0,0.0,0.8547,0.9791,0.0,0.3096,0.3191,0.9702,0.0103,91072,0.9976,no,no,no,no,0,ok
Chaetodon_kleinii_FishWise_034237F000009W000011.jpg,Chaetodon kleinii,images_fishwise,1,1.0,0.0,0.718,0.9323,0.0,0.275,0.3191,0.8618,0.035,100724,0.9881,no,no,no,no,0,ok
Chaetodon_kleinii_FishWise_034237F000009W000013.jpg,Chaetodon kleinii,images_fishwise,1,1.0,0.0,0.7396,0.9645,0.0,0.3642,0.3191,1.1413,0.0255,135101,0.9894,no,no,no,no,0,ok
Chaetodon_kleinii_FishWise_034237F000009W000015.jpg,Chaetodon kleinii,images_fishwise,1,1.0,0.0,0.8077,0.9887,0.0,0.3036,0.3191,0.9514,0.0069,109855,0.996,no,no,no,no,0,ok
Chaetodon_kleinii_FishWise_034237F000009W000016.jpg,Chaetodon kleinii,images_fishwise,1,1.0,0.0,0.9932,1.0021,0.0,0.1945,0.3191,0.6095,0.014,78715,0.9604,no,no,no,no,0,ok
Chaetodon_kleinii_FishWise_034237F000009W000018.jpg,Chaetodon kleinii,images_fishwise,1,1.0,0.0,0.8442,0.9501,0.0,0.2421,0.3191,0.7587,0.0237,88535,0.9779,no,no,no,no,0,ok
Chaetodon_kleinii_FishWise_034237F000009W000019.jpg,Chaetodon kleinii,images_fishwise,1,1.0,0.0,0.7103,0.9526,0.0,0.4582,0.3191,1.4359,0.0113,138538,0.9711,no,no,no,no,0,ok
Chaetodon_kleinii_FishWise_034237F000009W000020.jpg,Chaetodon kleinii,images_fishwise,1,1.0,0.0,0.7022,0.9717,0.0,0.3151,0.3191,0.9875,0.0107,132514,0.999,no,no,no,no,0,ok
Chaetodon_kleinii_FishWise_034237F000024W000001.jpg,Chaetodon kleinii,images_fishwise,1,1.0,0.0,0.7212,0.9362,0.0,0.4376,0.3191,1.3714,0.0192,104408,0.9747,no,no,no,no,0,ok
Chaetodon_kleinii_FishWise_034237F000024W000002.jpg,Chaetodon kleinii,images_fishwise,1,1.0,0.0,0.4746,0.8939,0.0,0.3786,0.3191,1.1865,0.009,107754,0.9863,no,no,no,no,0,ok
Chaetodon_kleinii_FishWise_034237F000035W000003.jpg,Chaetodon kleinii,images_fishwise,2,0.9999,0.0001,0.6865,0.9249,0.0428,0.33,0.3191,1.0342,0.0468,85191,0.9887,no,no,no,no,0,ok
Chaetodon_kleinii_FishWise_034237F000112W000009.jpg,Chaetodon kleinii,images_fishwise,1,1.0,0.0,0.4449,0.9007,0.0,0.429,0.3191,1.3444,0.0058,121617,0.9763,no,no,no,no,0,ok
Chaetodon_kleinii_FishWise_034237F000112W000010.jpg,Chaetodon kleinii,images_fishwise,1,1.0,0.0,0.5491,0.9448,0.0,0.5433,0.3191,1.7026,0.0211,143434,0.9574,no,no,no,no,0,ok
Chaetodon_kleinii_FishWise_034237F000112W000012.jpg,Chaetodon kleinii,images_fishwise,1,1.0,0.0,0.4269,0.912,0.0,0.4336,0.3191,1.3588,0.016,120428,0.9755,no,no,no,no,0,ok
Chaetodon_kleinii_FishWise_034237F000387W000014.jpg,Chaetodon kleinii,images_fishwise,1,1.0,0.0,0.6271,0.9084,0.0,0.2837,0.3191,0.8891,0.0181,114234,0.9906,no,no,no,no,0,ok
Chaetodon_kleinii_FishWise_034237F000387W000017.jpg,Chaetodon kleinii,images_fishwise,1,1.0,0.0,0.6887,0.9399,0.0,0.3966,0.3191,1.2429,0.0147,136143,0.9826,no,no,no,no,0,ok
Chaetodon_kleinii_FishWise_034237F000451W000021.jpg,Chaetodon kleinii,images_fishwise,1,1.0,0.0,0.699,0.9552,0.0,0.1758,0.3191,0.5509,0.0569,89533,0.9523,no,no,no,no,0,ok
Chaetodon_kleinii_iNaturalist_336546534.jpg,Chaetodon kleinii,images_inaturalist,1,1.0,0.0,0.7747,0.9231,0.0,0.0952,0.3191,0.2983,0.1163,108903,0.9032,no,no,yes,no,1,review
Chaetodon_kleinii_iNaturalist_338353090.jpg,Chaetodon kleinii,images_inaturalist,1,1.0,0.0,0.9134,0.984,0.1203,0.4582,0.3191,1.4359,0.0898,190044,0.947,no,no,no,no,0,ok
Chaetodon_kleinii_iNaturalist_338353091.jpg,Chaetodon kleinii,images_inaturalist,1,1.0,0.0,0.847,0.9608,0.0,0.4277,0.3191,1.3403,0.0347,537069,0.9766,no,no,no,no,0,ok
Chaetodon_kleinii_iNaturalist_409583506.jpg,Chaetodon kleinii,images_inaturalist,1,1.0,0.0,0.8992,0.9997,0.0,0.0232,0.3191,0.0727,0.0506,25341,0.7903,no,no,yes,no,1,review
Chaetodon_kleinii_iNaturalist_409631622.jpg,Chaetodon kleinii,images_inaturalist,1,1.0,0.0,0.6666,0.9632,0.0,0.0988,0.3191,0.3096,0.0265,43135,0.9062,no,no,no,no,0,ok
Chaetodon_kleinii_iNaturalist_530434066.jpg,Chaetodon kleinii,images_inaturalist,1,1.0,0.0,0.9479,0.9898,0.0,0.0683,0.3191,0.214,0.0615,66337,0.8767,no,no,yes,no,1,review
Chaetodon_kleinii_iNaturalist_530434335.jpg,Chaetodon kleinii,images_inaturalist,1,1.0,0.0,0.9229,0.9821,0.0,0.0338,0.3191,0.1059,0.0678,40507,0.8204,no,no,yes,no,1,review
Chaetodon_kleinii_iNaturalist_564309402.jpg,Chaetodon kleinii,images_inaturalist,1,1.0,0.0,0.6013,0.9417,0.0,0.241,0.3191,0.7552,0.0287,247943,0.9775,no,no,no,no,0,ok
Chaetodon_kleinii_iNaturalist_97428922.jpg,Chaetodon kleinii,images_inaturalist,1,1.0,0.0,0.8756,0.9697,0.0,0.056,0.3191,0.1755,0.0495,74902,0.8608,no,no,yes,no,1,review
Chaetodon_kleinii_iNaturalist_97482217.jpg,Chaetodon kleinii,images_inaturalist,2,0.5608,0.4392,1.1039,0.2613,0.0,0.0217,0.3191,0.068,0.1801,9626,0.4546,no,yes,yes,no,2,resegment_dinosam
Chaetodon_larvatus_Bishop_1783626891.jpg,Chaetodon larvatus,images_bishop,1,1.0,0.0,0.4281,0.8479,0.0,0.4473,0.2318,1.9297,0.0388,243730,0.9468,no,no,no,no,0,ok
Chaetodon_larvatus_FishBaseUser_1435848129_82.30.200.88.jpg,Chaetodon larvatus,images_fishbase_usercontrib,1,1.0,0.0,0.6118,0.9361,0.0,0.399,0.2318,1.7213,0.1271,2099108,0.9566,no,no,no,no,0,ok
Chaetodon_larvatus_FishBaseUser_1508797786_172.68.102.54.jpg,Chaetodon larvatus,images_fishbase_usercontrib,1,1.0,0.0,0.6796,0.9558,0.0,0.1548,0.2318,0.6678,0.0551,1041822,0.9677,no,no,no,no,0,ok
Chaetodon_larvatus_FishBaseUser_1671051307_108.162.237.70.jpg,Chaetodon larvatus,images_fishbase_usercontrib,1,1.0,0.0,0.6313,0.9027,0.0,0.2207,0.2318,0.9521,0.0916,860389,0.9961,no,no,no,no,0,ok
Chaetodon_larvatus_FishBaseUser_1671051335_108.162.237.70.jpg,Chaetodon larvatus,images_fishbase_usercontrib,1,1.0,0.0,0.2806,0.8578,0.0,0.239,0.2318,1.0311,0.013,699928,0.9976,no,no,no,no,0,ok
Chaetodon_larvatus_FishBaseUser_1671051366_108.162.237.70.jpg,Chaetodon larvatus,images_fishbase_usercontrib,1,1.0,0.0,0.6467,0.956,0.0,0.2013,0.2318,0.8684,0.1542,454893,0.9887,no,no,no,no,0,ok
Chaetodon_larvatus_FishBaseUser_1671051579_108.162.237.70.jpg,Chaetodon larvatus,images_fishbase_usercontrib,1,1.0,0.0,0.6079,0.8924,0.0,0.1674,0.2318,0.7222,0.0412,796826,0.974,no,no,no,no,0,ok
Chaetodon_larvatus_FishBaseUser_1671051715_108.162.237.70.jpg,Chaetodon larvatus,images_fishbase_usercontrib,1,1.0,0.0,0.7392,0.9422,0.0,0.1263,0.2318,0.5449,0.1006,942759,0.9514,no,no,no,no,0,ok
Chaetodon_larvatus_FishBase_Chlar_u0.jpg,Chaetodon larvatus,images_fishbase_extra,1,1.0,0.0,0.6704,0.9683,0.0,0.2777,0.2318,1.198,0.0342,116485,0.9855,no,no,no,no,0,ok
Chaetodon_larvatus_FishBase_Chlar_u1.jpg,Chaetodon larvatus,images_fishbase_extra,1,1.0,0.0,0.4134,0.8464,0.0,0.4462,0.2318,1.9249,0.0381,137807,0.9465,no,no,no,no,0,ok
Chaetodon_larvatus_FishBase_Chlar_u2.jpg,Chaetodon larvatus,images_fishbase_extra,1,1.0,0.0,0.6653,0.9417,0.0,0.29,0.2318,1.2511,0.0036,126845,0.9821,no,no,no,no,0,ok
Chaetodon_larvatus_FishBase_Chlar_u3.jpg,Chaetodon larvatus,images_fishbase_extra,1,1.0,0.0,0.6533,0.9463,0.0,0.3467,0.2318,1.4957,0.0372,100122,0.9678,no,no,no,no,0,ok
Chaetodon_larvatus_FishPix_85092AF.jpg,Chaetodon larvatus,images,1,1.0,0.0,0.6614,0.9451,0.0,0.2318,0.2318,1.0,0.024,100444,1,no,no,no,no,0,ok
Chaetodon_larvatus_FishWise_035586F000024W000001.jpg,Chaetodon larvatus,images_fishwise,1,1.0,0.0,0.6712,0.966,0.0,0.2762,0.2318,1.1915,0.0341,107442,0.986,no,no,no,no,0,ok
Chaetodon_larvatus_FishWise_035586F000024W000002.jpg,Chaetodon larvatus,images_fishwise,1,1.0,0.0,0.4076,0.8562,0.0,0.4493,0.2318,1.9383,0.0387,106408,0.9471,no,no,no,no,0,ok
Chaetodon_larvatus_FishWise_035586F000175W000003.jpg,Chaetodon larvatus,images_fishwise,1,1.0,0.0,0.5496,0.9442,0.0,0.2923,0.2318,1.261,0.0022,102147,0.9814,no,no,no,no,0,ok
Chaetodon_larvatus_iNaturalist_173874128.jpg,Chaetodon larvatus,images_inaturalist,1,1.0,0.0,0.6737,0.9042,0.0,0.138,0.2318,0.5953,0.0542,152556,0.9585,no,no,no,no,0,ok
Chaetodon_larvatus_iNaturalist_183943854.jpg,Chaetodon larvatus,images_inaturalist,1,1.0,0.0,0.6345,0.928,0.0,0.1073,0.2318,0.4629,0.0616,94237,0.9384,no,no,no,no,0,ok
Chaetodon_larvatus_iNaturalist_183943894.jpg,Chaetodon larvatus,images_inaturalist,1,1.0,0.0,0.7787,0.9007,0.0,0.0085,0.2318,0.0367,0.088,10735,0.76,no,no,yes,no,1,review
Chaetodon_larvatus_iNaturalist_183943928.jpg,Chaetodon larvatus,images_inaturalist,2,0.5581,0.4419,0.8929,0.5438,0.0,0.0197,0.2318,0.085,0.1026,7978,0.5563,no,yes,yes,no,2,resegment_dinosam
Chaetodon_larvatus_iNaturalist_443993229.jpg,Chaetodon larvatus,images_inaturalist,1,1.0,0.0,0.3609,0.7789,0.0,0.0573,0.2318,0.2472,0.122,63855,0.8669,no,no,yes,no,1,review
Chaetodon_larvatus_iNaturalist_467594824.jpg,Chaetodon larvatus,images_inaturalist,1,1.0,0.0,0.6598,0.9361,0.0,0.0699,0.2318,0.3016,0.0089,81986,0.9041,no,no,no,no,0,ok
Chaetodon_larvatus_iNaturalist_74067025.jpg,Chaetodon larvatus,images_inaturalist,1,1.0,0.0,0.6985,0.9348,0.0,0.1001,0.2318,0.4318,0.1769,99105,0.9328,no,no,no,no,0,ok
Chaetodon_leucopleura_Bishop_951338608.jpg,Chaetodon leucopleura,images_bishop,1,1.0,0.0,0.4311,0.869,0.0,0.3843,0.257,1.4953,0.0265,237543,0.9678,no,no,no,no,0,ok
Chaetodon_leucopleura_FishBaseUser_1504902123_162.158.167.8.jpg,Chaetodon leucopleura,images_fishbase_usercontrib,1,1.0,0.0,0.6598,0.9609,0.0,0.2165,0.257,0.8424,0.0594,694130,0.9863,no,no,no,no,0,ok
Chaetodon_leucopleura_FishBase_Chleu_u5.jpg,Chaetodon leucopleura,images,1,1.0,0.0,0.4167,0.8597,0.0,0.3617,0.257,1.4074,0.0262,134885,0.9727,no,no,no,no,0,ok
Chaetodon_leucopleura_FishBase_Chleu_ub.jpg,Chaetodon leucopleura,images_fishbase_extra,1,1.0,0.0,0.6938,0.9529,0.0,0.189,0.257,0.7354,0.0195,73070,0.9754,no,no,no,no,0,ok
Chaetodon_leucopleura_FishBase_Chleu_ud.jpg,Chaetodon leucopleura,images_fishbase_extra,1,1.0,0.0,0.8082,0.9776,0.0,0.2435,0.257,0.9475,0.0278,112727,0.9957,no,no,no,no,0,ok
Chaetodon_leucopleura_iNaturalist_107921304.jpg,Chaetodon leucopleura,images_inaturalist,1,1.0,0.0,0.9353,0.9913,0.0,0.0681,0.257,0.265,0.0244,66625,0.8938,no,no,yes,no,1,review
Chaetodon_leucopleura_iNaturalist_174544780.jpg,Chaetodon leucopleura,images_inaturalist,1,1.0,0.0,0.9284,0.9802,0.0,0.2603,0.257,1.0128,0.0119,228709,0.999,no,no,no,no,0,ok
Chaetodon_leucopleura_iNaturalist_257991081.jpg,Chaetodon leucopleura,images_inaturalist,1,1.0,0.0,1.1307,1.0049,0.0,0.0072,0.257,0.028,0.1377,8439,0.76,no,no,yes,no,1,review
Chaetodon_leucopleura_iNaturalist_26103099.jpg,Chaetodon leucopleura,images_inaturalist,1,1.0,0.0,1.0975,1.0087,0.0,0.3725,0.257,1.4494,0.0476,124888,0.9703,no,no,no,no,0,ok
Chaetodon_leucopleura_iNaturalist_347659715.jpg,Chaetodon leucopleura,images_inaturalist,1,1.0,0.0,0.6762,0.9467,0.0,0.0841,0.257,0.3272,0.0458,69903,0.9106,no,no,no,no,0,ok
Chaetodon_leucopleura_iNaturalist_551272520.jpg,Chaetodon leucopleura,images_inaturalist,1,1.0,0.0,0.8654,0.9736,0.0,0.0748,0.257,0.2911,0.1116,73738,0.9013,no,no,yes,no,1,review
Chaetodon_leucopleura_iNaturalist_551762355.jpg,Chaetodon leucopleura,images_inaturalist,1,1.0,0.0,0.74,0.9077,0.0,0.2233,0.257,0.8689,0.0497,193500,0.9888,no,no,no,no,0,ok
Chaetodon_leucopleura_iNaturalist_585546055.jpg,Chaetodon leucopleura,images_inaturalist,1,1.0,0.0,0.8286,0.9685,0.0,0.046,0.257,0.179,0.0223,57125,0.8624,no,no,yes,no,1,review
Chaetodon_leucopleura_iNaturalist_75611947.jpg,Chaetodon leucopleura,images_inaturalist,1,1.0,0.0,0.725,0.9658,0.0,0.1468,0.257,0.5712,0.0757,186728,0.9552,no,no,no,no,0,ok
Chaetodon_lineolatus_Bishop_-879271097.jpg,Chaetodon lineolatus,images_bishop,1,1.0,0.0,0.5414,0.9133,0.0,0.505,0.2672,1.89,0.03,284308,0.9491,no,no,no,no,0,ok
Chaetodon_lineolatus_Bishop_1526268337.jpg,Chaetodon lineolatus,images_bishop,1,1.0,0.0,0.5099,0.9024,0.0,0.5051,0.2672,1.8903,0.0325,291494,0.9491,no,no,no,no,0,ok
Chaetodon_lineolatus_Bishop_1821004318.jpg,Chaetodon lineolatus,images_bishop,1,1.0,0.0,0.5175,0.8931,0.0,0.4461,0.2672,1.6695,0.0455,270522,0.959,no,no,no,no,0,ok
Chaetodon_lineolatus_FishBaseUser_1383559152_202.151.68.202.jpg,Chaetodon lineolatus,images_fishbase_usercontrib,1,1.0,0.0,0.9301,1.0048,0.0,0.0265,0.2672,0.0992,0.2078,105017,0.8151,no,no,yes,no,1,review
Chaetodon_lineolatus_FishBaseUser_1441133075_2.238.54.39.jpg,Chaetodon lineolatus,images_fishbase_usercontrib,1,1.0,0.0,0.8252,0.9869,0.0,0.2796,0.2672,1.0464,0.089,159241,0.9964,no,no,no,no,0,ok
Chaetodon_lineolatus_FishBaseUser_1486419731_108.162.229.6.jpg,Chaetodon lineolatus,images_fishbase_usercontrib,1,1.0,0.0,0.7907,0.9863,0.0036,0.3827,0.2672,1.4323,0.0865,258769,0.9705,no,no,no,no,0,ok
Chaetodon_lineolatus_FishBaseUser_1508797940_172.68.102.54.jpg,Chaetodon lineolatus,images_fishbase_usercontrib,1,1.0,0.0,0.7616,0.9791,0.0,0.1379,0.2672,0.5161,0.0509,1632116,0.9471,no,no,no,no,0,ok
Chaetodon_lineolatus_FishBaseUser_1569480060_172.69.22.88.jpg,Chaetodon lineolatus,images_fishbase_usercontrib,1,1.0,0.0,1.0573,0.9983,0.0,0.0733,0.2672,0.2743,0.0126,176954,0.8965,no,no,yes,no,1,review
Chaetodon_lineolatus_FishBaseUser_1569480089_162.158.255.186.jpg,Chaetodon lineolatus,images_fishbase_usercontrib,1,1.0,0.0,0.9516,0.9837,0.0,0.0651,0.2672,0.2436,0.0108,175754,0.887,no,no,yes,no,1,review
Chaetodon_lineolatus_FishBaseUser_1670951896_172.71.22.23.jpg,Chaetodon lineolatus,images_fishbase_usercontrib,1,1.0,0.0,0.868,0.9911,0.0,0.1843,0.2672,0.6897,0.1046,730296,0.9703,no,no,no,no,0,ok
Chaetodon_lineolatus_FishBaseUser_1670951924_172.71.22.22.jpg,Chaetodon lineolatus,images_fishbase_usercontrib,1,1.0,0.0,0.8621,0.9799,0.0,0.105,0.2672,0.393,0.0348,285673,0.9253,no,no,no,no,0,ok
Chaetodon_lineolatus_FishBaseUser_1672900172_162.158.178.62.jpg,Chaetodon lineolatus,images_fishbase_usercontrib,1,1.0,0.0,0.858,0.9794,0.0,0.2357,0.2672,0.8821,0.0319,2290541,0.99,no,no,no,no,0,ok
Chaetodon_lineolatus_FishBaseUser_1672900244_172.71.210.161.jpg,Chaetodon lineolatus,images_fishbase_usercontrib,1,1.0,0.0,0.8857,0.9801,0.0,0.2043,0.2672,0.7646,0.0223,56960,0.9785,no,no,no,no,0,ok
Chaetodon_lineolatus_FishBaseUser_1672900289_172.71.210.161.jpg,Chaetodon lineolatus,images_fishbase_usercontrib,1,1.0,0.0,0.7916,0.9018,0.0,0.1088,0.2672,0.4072,0.0465,32969,0.9281,no,no,no,no,0,ok
Chaetodon_lineolatus_FishBaseUser_1703890794_108.162.212.78.jpg,Chaetodon lineolatus,images_fishbase_usercontrib,1,1.0,0.0,0.9801,0.9907,0.0,0.1511,0.2672,0.5655,0.1175,93703,0.9544,no,no,no,no,0,ok
Chaetodon_lineolatus_FishBaseUser_1705859957_172.70.255.13.jpg,Chaetodon lineolatus,images_fishbase_usercontrib,1,1.0,0.0,0.6602,0.9522,0.0,0.1415,0.2672,0.5296,0.1168,151681,0.9491,no,no,no,no,0,ok
Chaetodon_lineolatus_FishBase_Chlin_j0.jpg,Chaetodon lineolatus,images_fishbase_extra,1,1.0,0.0,1.1016,0.9864,0.0,0.141,0.2672,0.5277,0.1123,39066,0.9489,no,no,no,no,0,ok
Chaetodon_lineolatus_FishBase_Chlin_u2.jpg,Chaetodon lineolatus,images_fishbase_extra,1,1.0,0.0,0.508,0.9047,0.0,0.5045,0.2672,1.8881,0.0323,163341,0.9492,no,no,no,no,0,ok
Chaetodon_lineolatus_FishBase_Chlin_u3.jpg,Chaetodon lineolatus,images_fishbase_extra,1,1.0,0.0,0.757,0.9829,0.0,0.2371,0.2672,0.8874,0.0166,93018,0.9904,no,no,no,no,0,ok
Chaetodon_lineolatus_FishBase_Chlin_u5.jpg,Chaetodon lineolatus,images_fishbase_extra,3,1.0,0.0,0.5117,0.8984,0.0,0.4444,0.2672,1.6632,0.0456,151050,0.9593,no,no,no,no,0,ok
Chaetodon_lineolatus_FishBase_Chlin_u6.jpg,Chaetodon lineolatus,images_fishbase_extra,1,1.0,0.0,0.5472,0.9231,0.0,0.5052,0.2672,1.8907,0.0299,172438,0.949,no,no,no,no,0,ok
Chaetodon_lineolatus_FishBase_Chlin_u7.jpg,Chaetodon lineolatus,images_fishbase_extra,1,1.0,0.0,0.3577,0.7078,0.0,0.1136,0.2672,0.4251,0.0589,66620,0.8889,no,no,no,no,0,ok
Chaetodon_lineolatus_FishBase_Chlin_uk.jpg,Chaetodon lineolatus,images_fishbase_extra,1,1.0,0.0,0.8812,0.9044,0.0,0.0742,0.2672,0.2777,0.0162,35849,0.8975,no,no,yes,no,1,review
Chaetodon_lineolatus_FishBase_Chlin_ul.jpg,Chaetodon lineolatus,images_fishbase_extra,1,1.0,0.0,0.6983,0.8983,0.0,0.3145,0.2672,1.177,0.0651,98362,0.987,no,no,no,no,0,ok
Chaetodon_lineolatus_FishPix_140792AF.jpg,Chaetodon lineolatus,images,1,1.0,0.0,0.6945,0.9307,0.0,0.1894,0.2672,0.7088,0.0157,115721,0.9725,no,no,no,no,0,ok
Chaetodon_lineolatus_FishWise_037464F000009W000004.jpg,Chaetodon lineolatus,images_fishwise,1,1.0,0.0,0.591,0.9293,0.0,0.4033,0.2672,1.5094,0.0458,94564,0.9671,no,no,no,no,0,ok
Chaetodon_lineolatus_FishWise_037464F000009W000008.jpg,Chaetodon lineolatus,images_fishwise,1,1.0,0.0,0.8611,0.9935,0.0,0.0821,0.2672,0.3073,0.0053,29770,0.9056,no,no,no,no,0,ok
Chaetodon_lineolatus_FishWise_037464F000009W000011.jpg,Chaetodon lineolatus,images_fishwise,1,1.0,0.0,0.8844,0.9799,0.0,0.4079,0.2672,1.5266,0.0427,119891,0.9662,no,no,no,no,0,ok
Chaetodon_lineolatus_FishWise_037464F000009W000012.jpg,Chaetodon lineolatus,images_fishwise,1,1.0,0.0,0.7794,0.9773,0.0,0.4046,0.2672,1.5142,0.0302,134175,0.9668,no,no,no,no,0,ok
Chaetodon_lineolatus_FishWise_037464F000009W000013.jpg,Chaetodon lineolatus,images_fishwise,1,1.0,0.0,0.7717,0.9794,0.0,0.3632,0.2672,1.3593,0.0225,145821,0.9754,no,no,no,no,0,ok
Chaetodon_lineolatus_FishWise_037464F000009W000014.jpg,Chaetodon lineolatus,images_fishwise,1,1.0,0.0,0.7717,0.9794,0.0,0.3632,0.2672,1.3593,0.0225,145821,0.9754,no,no,no,no,0,ok
Chaetodon_lineolatus_FishWise_037464F000024W000001.jpg,Chaetodon lineolatus,images_fishwise,1,1.0,0.0,0.5171,0.9055,0.0,0.4551,0.2672,1.7032,0.0305,126425,0.9574,no,no,no,no,0,ok
Chaetodon_lineolatus_FishWise_037464F000024W000002.jpg,Chaetodon lineolatus,images_fishwise,1,1.0,0.0,0.7044,0.9811,0.0,0.3464,0.2672,1.2964,0.0343,97602,0.9792,no,no,no,no,0,ok
Chaetodon_lineolatus_FishWise_037464F000038W000007.jpg,Chaetodon lineolatus,images_fishwise,1,1.0,0.0,0.7628,0.977,0.0,0.4021,0.2672,1.5049,0.0647,110232,0.9673,no,no,no,no,0,ok
Chaetodon_lineolatus_FishWise_037464F000038W000010.jpg,Chaetodon lineolatus,images_fishwise,1,1.0,0.0,0.7777,0.9809,0.0,0.3647,0.2672,1.3649,0.0416,109923,0.9751,no,no,no,no,0,ok
Chaetodon_lineolatus_FishWise_037464F000112W000009.jpg,Chaetodon lineolatus,images_fishwise,1,1.0,0.0,0.5736,0.9449,0.0,0.499,0.2672,1.8675,0.0282,115447,0.95,no,no,no,no,0,ok
Chaetodon_lineolatus_iNaturalist_134145241.jpg,Chaetodon lineolatus,images_inaturalist,1,1.0,0.0,0.8412,0.982,0.0,0.0837,0.2672,0.3132,0.0443,81579,0.9071,no,no,no,no,0,ok
Chaetodon_lineolatus_iNaturalist_474229031.jpg,Chaetodon lineolatus,images_inaturalist,2,0.7128,0.2872,0.1008,0.4792,0.0,0.0295,0.2672,0.1104,0.0235,30029,0.602,no,yes,yes,no,2,resegment_dinosam
Chaetodon_lineolatus_iNaturalist_474229198.jpg,Chaetodon lineolatus,images_inaturalist,2,0.5772,0.4228,0.8023,0.1231,0.0,0.0064,0.2672,0.024,0.2498,3644,0.394,no,yes,yes,no,2,resegment_dinosam
Chaetodon_lineolatus_iNaturalist_474229225.jpg,Chaetodon lineolatus,images_inaturalist,1,1.0,0.0,0.8417,0.9752,0.0,0.0064,0.2672,0.024,0.1093,5776,0.76,no,no,yes,no,1,review
Chaetodon_lineolatus_iNaturalist_91071941.jpg,Chaetodon lineolatus,images_inaturalist,1,1.0,0.0,1.0592,0.9925,0.0,0.0338,0.2672,0.1265,0.026,34349,0.8346,no,no,yes,no,1,review
Chaetodon_lineolatus_iNaturalist_9952627.jpg,Chaetodon lineolatus,images_inaturalist,2,0.5973,0.4027,1.048,0.6405,0.0,0.0353,0.2672,0.1321,0.0508,20549,0.6343,no,yes,yes,no,2,resegment_dinosam
Chaetodon_litus_Bishop_1983788749.jpg,Chaetodon litus,images_bishop,1,1.0,0.0,0.4504,0.8686,0.0,0.3876,0.1588,2.44,0.0233,258724,0.9286,no,no,no,no,0,ok
Chaetodon_litus_FishBase_Chlit_j0.jpg,Chaetodon litus,images_fishbase_extra,2,1.0,0.0,0.3743,0.8047,0.0,0.393,0.1588,2.474,0.0088,112078,0.9139,no,no,no,no,0,ok
Chaetodon_litus_FishBase_Chlit_u0.jpg,Chaetodon litus,images,1,1.0,0.0,0.4192,0.8607,0.0,0.3845,0.1588,2.4205,0.0234,146613,0.9293,no,no,no,no,0,ok
Chaetodon_litus_FishWise_037764F000024W000001.jpg,Chaetodon litus,images_fishwise,2,1.0,0.0,0.3691,0.7986,0.0,0.3914,0.1588,2.464,0.0096,86120,0.9124,no,no,no,no,0,ok
Chaetodon_litus_FishWise_037764F000024W000002.jpg,Chaetodon litus,images_fishwise,2,1.0,0.0,0.4358,0.8567,0.0,0.3832,0.1588,2.4123,0.0237,112481,0.9296,no,no,no,no,0,ok
Chaetodon_litus_iNaturalist_13840264.jpg,Chaetodon litus,images_inaturalist,1,1.0,0.0,0.4984,0.8284,0.0,0.062,0.1588,0.3903,0.1866,82544,0.9183,no,no,no,no,0,ok
Chaetodon_litus_iNaturalist_250896809.jpg,Chaetodon litus,images_inaturalist,1,1.0,0.0,0.6407,0.9697,0.0,0.0134,0.1588,0.0844,0.0904,8121,0.8022,no,no,yes,no,1,review
Chaetodon_litus_iNaturalist_250896825.jpg,Chaetodon litus,images_inaturalist,4,0.4161,0.5839,0.2465,0.1077,0.0126,0.0245,0.1588,0.1542,0.1156,7482,0.4209,yes,yes,yes,no,3,resegment_dinosam
Chaetodon_litus_iNaturalist_324313677.jpg,Chaetodon litus,images_inaturalist,1,1.0,0.0,0.9396,0.9684,0.0,0.0804,0.1588,0.5061,0.0349,94619,0.9455,no,no,no,no,0,ok
Chaetodon_litus_iNaturalist_474014549.jpg,Chaetodon litus,images_inaturalist,2,0.6307,0.3693,0.3678,0.3631,0.0,0.1027,0.1588,0.6465,0.0863,83873,0.6898,no,yes,no,no,1,review
Chaetodon_litus_iNaturalist_490178965.jpg,Chaetodon litus,images_inaturalist,1,1.0,0.0,0.5894,0.9272,0.0,0.0112,0.1588,0.0705,0.1054,10844,0.7878,no,no,yes,no,1,review
Chaetodon_litus_iNaturalist_534683960.jpg,Chaetodon litus,images_inaturalist,2,0.6456,0.3544,0.5817,0.7023,0.0096,0.2012,0.1588,1.2666,0.2369,100215,0.8108,no,no,no,no,0,ok
Chaetodon_litus_iNaturalist_534683993.jpg,Chaetodon litus,images_inaturalist,5,0.3202,0.6798,0.5233,0.2048,0.0079,0.0791,0.1588,0.498,0.1471,20146,0.5112,yes,yes,no,no,2,resegment_dinosam
Chaetodon_litus_iNaturalist_534683999.jpg,Chaetodon litus,images_inaturalist,3,0.4268,0.5732,0.445,0.6803,0.0113,0.1788,0.1588,1.1256,0.2179,90134,0.7367,yes,no,no,no,1,review
Chaetodon_lunula_Bishop_-530805309.jpg,Chaetodon lunula,images_bishop,1,1.0,0.0,0.4617,0.8917,0.0,0.4573,0.3465,1.3198,0.0356,256875,0.9778,no,no,no,no,0,ok
Chaetodon_lunula_Bishop_1720571305.jpg,Chaetodon lunula,images_bishop,1,1.0,0.0,0.4272,0.8656,0.0,0.465,0.3465,1.342,0.015,234961,0.9765,no,no,no,no,0,ok
Chaetodon_lunula_Bishop_2036473160.jpg,Chaetodon lunula,images_bishop,1,1.0,0.0,0.4637,0.8786,0.0,0.4695,0.3465,1.355,0.0224,248804,0.9757,no,no,no,no,0,ok
Chaetodon_lunula_Bishop_543936522.jpg,Chaetodon lunula,images_bishop,1,1.0,0.0,0.4591,0.8913,0.0,0.4676,0.3465,1.3495,0.0273,252108,0.976,no,no,no,no,0,ok
Chaetodon_lunula_FishBaseUser_1473316601_162.158.165.25.jpg,Chaetodon lunula,images_fishbase_usercontrib,1,1.0,0.0,0.7533,0.9496,0.0,0.1354,0.3465,0.3908,0.1594,80037,0.9248,no,no,no,no,0,ok
Chaetodon_lunula_FishBaseUser_1486419647_108.162.229.6.jpg,Chaetodon lunula,images_fishbase_usercontrib,1,1.0,0.0,0.8773,0.9795,0.0,0.3359,0.3465,0.9694,0.0896,268793,0.9975,no,no,no,no,0,ok
Chaetodon_lunula_FishBaseUser_1508798140_172.68.102.54.jpg,Chaetodon lunula,images_fishbase_usercontrib,1,1.0,0.0,0.8947,0.9832,0.0,0.1093,0.3465,0.3154,0.1619,786720,0.9077,no,no,no,no,0,ok
Chaetodon_lunula_FishBaseUser_1526834654_162.158.22.216.jpg,Chaetodon lunula,images_fishbase_usercontrib,1,1.0,0.0,0.9577,0.9652,0.0,0.0235,0.3465,0.0678,0.1062,38027,0.7847,no,no,yes,no,1,review
Chaetodon_lunula_FishBaseUser_1574939971_162.158.166.79.jpg,Chaetodon lunula,images_fishbase_usercontrib,1,1.0,0.0,0.3367,0.8266,0.0,0.2655,0.3465,0.7662,0.021,123016,0.9717,no,no,no,no,0,ok
Chaetodon_lunula_FishBaseUser_1656493445_172.70.143.34.jpg,Chaetodon lunula,images_fishbase_usercontrib,1,1.0,0.0,0.5787,0.7786,0.1467,0.3849,0.3465,1.1108,0.0864,64955,0.9408,no,no,no,no,0,ok
Chaetodon_lunula_FishBaseUser_1672900338_162.158.179.13.jpg,Chaetodon lunula,images_fishbase_usercontrib,1,1.0,0.0,0.7736,0.9819,0.0,0.0679,0.3465,0.196,0.0672,32143,0.8696,no,no,yes,no,1,review
Chaetodon_lunula_FishBaseUser_1704669452_108.162.212.67.jpg,Chaetodon lunula,images_fishbase_usercontrib,1,1.0,0.0,0.8254,0.9873,0.0,0.1547,0.3465,0.4465,0.0691,175452,0.9355,no,no,no,no,0,ok
Chaetodon_lunula_FishBaseUser_1747227785_95.95.129.49.jpg,Chaetodon lunula,images_fishbase_usercontrib,1,1.0,0.0,0.8728,0.9832,0.0,0.112,0.3465,0.3232,0.0556,1233638,0.9096,no,no,no,no,0,ok
Chaetodon_lunula_FishBaseUser_1747227849_95.95.129.49.jpg,Chaetodon lunula,images_fishbase_usercontrib,1,1.0,0.0,0.4875,0.8308,0.0,0.148,0.3465,0.4271,0.061,791070,0.9262,no,no,no,no,0,ok
Chaetodon_lunula_FishBase_Chlun_j0.jpg,Chaetodon lunula,images_fishbase_extra,3,1.0,0.0,0.4089,0.8673,0.0,0.4225,0.3465,1.2193,0.0158,130922,0.9841,no,no,no,no,0,ok
Chaetodon_lunula_FishBase_Chlun_j1.jpg,Chaetodon lunula,images_fishbase_extra,1,1.0,0.0,0.5358,0.8643,0.0,0.0946,0.3465,0.273,0.0773,37257,0.8961,no,no,yes,no,1,review
Chaetodon_lunula_FishBase_Chlun_u0.jpg,Chaetodon lunula,images_fishbase_extra,1,1.0,0.0,0.8871,0.9881,0.0,0.4189,0.3465,1.2089,0.0473,124305,0.9848,no,no,no,no,0,ok
Chaetodon_lunula_FishBase_Chlun_u6.jpg,Chaetodon lunula,images_fishbase_extra,1,1.0,0.0,0.4244,0.8915,0.0,0.4616,0.3465,1.3322,0.027,140830,0.9771,no,no,no,no,0,ok
Chaetodon_lunula_FishBase_Chlun_u7.jpg,Chaetodon lunula,images_fishbase_extra,1,1.0,0.0,0.4552,0.8928,0.0,0.4532,0.3465,1.3079,0.0358,144158,0.9785,no,no,no,no,0,ok
Chaetodon_lunula_FishBase_Chlun_u8.jpg,Chaetodon lunula,images_fishbase_extra,2,1.0,0.0,0.4597,0.8752,0.0,0.4673,0.3465,1.3486,0.0219,139523,0.9761,no,no,no,no,0,ok
Chaetodon_lunula_FishBase_Chlun_uf.jpg,Chaetodon lunula,images_fishbase_extra,1,1.0,0.0,0.6212,0.9344,0.0,0.2871,0.3465,0.8286,0.006,82787,0.985,no,no,no,no,0,ok
Chaetodon_lunula_FishBase_Chlun_un.jpg,Chaetodon lunula,images_fishbase_extra,1,1.0,0.0,0.9432,0.9956,0.0,0.0899,0.3465,0.2595,0.0158,35994,0.8921,no,no,yes,no,1,review
Chaetodon_lunula_FishBase_Chlun_up.jpg,Chaetodon lunula,images_fishbase_extra,1,1.0,0.0,0.733,0.9687,0.0,0.2526,0.3465,0.729,0.0318,102393,0.9747,no,no,no,no,0,ok
Chaetodon_lunula_FishPix_11643AF.jpg,Chaetodon lunula,images,1,1.0,0.0,0.9595,0.9896,0.0,0.2437,0.3465,0.7033,0.0352,149072,0.9718,no,no,no,no,0,ok
Chaetodon_lunula_FishWise_107206F000009W000009.jpg,Chaetodon lunula,images_fishwise,1,1.0,0.0,1.0111,0.9976,0.0,0.2951,0.3465,0.8517,0.0349,85069,0.9872,no,no,no,no,0,ok
Chaetodon_lunula_FishWise_107206F000009W000010.jpg,Chaetodon lunula,images_fishwise,1,1.0,0.0,0.8967,0.9819,0.0,0.3144,0.3465,0.9074,0.026,73258,0.9922,no,no,no,no,0,ok
Chaetodon_lunula_FishWise_107206F000009W000011.jpg,Chaetodon lunula,images_fishwise,1,1.0,0.0,0.3874,0.9192,0.0,0.2895,0.3465,0.8355,0.0077,108170,0.9856,no,no,no,no,0,ok
Chaetodon_lunula_FishWise_107206F000009W000015.jpg,Chaetodon lunula,images_fishwise,1,1.0,0.0,0.821,0.9901,0.0,0.3415,0.3465,0.9856,0.0243,99342,0.9988,no,no,no,no,0,ok
Chaetodon_lunula_FishWise_107206F000009W000016.jpg,Chaetodon lunula,images_fishwise,1,1.0,0.0,0.7625,0.9856,0.0,0.4237,0.3465,1.2228,0.0258,123791,0.9839,no,no,no,no,0,ok
Chaetodon_lunula_FishWise_107206F000009W000017.jpg,Chaetodon lunula,images_fishwise,1,1.0,0.0,0.8919,0.9897,0.0,0.3502,0.3465,1.0107,0.0268,101892,0.9992,no,no,no,no,0,ok
Chaetodon_lunula_FishWise_107206F000009W000018.jpg,Chaetodon lunula,images_fishwise,1,1.0,0.0,0.9397,0.9891,0.0,0.3222,0.3465,0.9299,0.0191,106345,0.9942,no,no,no,no,0,ok
Chaetodon_lunula_FishWise_107206F000009W000019.jpg,Chaetodon lunula,images_fishwise,1,1.0,0.0,0.8882,0.9941,0.0,0.2281,0.3465,0.6583,0.0204,66071,0.9666,no,no,no,no,0,ok
Chaetodon_lunula_FishWise_107206F000009W000020.jpg,Chaetodon lunula,images_fishwise,1,1.0,0.0,0.8497,0.9876,0.0,0.3502,0.3465,1.0107,0.0126,117670,0.9992,no,no,no,no,0,ok
Chaetodon_lunula_FishWise_107206F000009W000021.jpg,Chaetodon lunula,images_fishwise,1,1.0,0.0,0.8676,0.9894,0.0,0.1755,0.3465,0.5065,0.0157,59963,0.9456,no,no,no,no,0,ok
Chaetodon_lunula_FishWise_107206F000009W000022.jpg,Chaetodon lunula,images_fishwise,1,1.0,0.0,0.7774,0.9863,0.0,0.4244,0.3465,1.2248,0.0104,141505,0.9838,no,no,no,no,0,ok
Chaetodon_lunula_FishWise_107206F000009W000023.jpg,Chaetodon lunula,images_fishwise,2,0.9999,0.0001,0.2706,0.8485,0.0,0.2765,0.3465,0.798,0.0191,93596,0.9815,no,no,no,no,0,ok
Chaetodon_lunula_FishWise_107206F000024W000001.jpg,Chaetodon lunula,images_fishwise,1,1.0,0.0,0.416,0.8683,0.0,0.4023,0.3465,1.161,0.0128,102290,0.9881,no,no,no,no,0,ok
Chaetodon_lunula_FishWise_107206F000024W000003.jpg,Chaetodon lunula,images_fishwise,1,1.0,0.0,0.8813,0.9869,0.0,0.4407,0.3465,1.2719,0.0328,115336,0.9808,no,no,no,no,0,ok
Chaetodon_lunula_FishWise_107206F000024W000004.jpg,Chaetodon lunula,images_fishwise,1,1.0,0.0,0.4801,0.8778,0.0,0.4087,0.3465,1.1795,0.0194,107678,0.9868,no,no,no,no,0,ok
Chaetodon_lunula_FishWise_107206F000112W000007.jpg,Chaetodon lunula,images_fishwise,1,1.0,0.0,0.4737,0.9377,0.0,0.3355,0.3465,0.9683,0.018,94228,0.9974,no,no,no,no,0,ok
Chaetodon_lunula_FishWise_107206F000112W000012.jpg,Chaetodon lunula,images_fishwise,1,1.0,0.0,0.4813,0.9293,0.0,0.4775,0.3465,1.3781,0.0207,175408,0.9743,no,no,no,no,0,ok
Chaetodon_lunula_FishWise_107206F000112W000013.jpg,Chaetodon lunula,images_fishwise,1,1.0,0.0,0.4081,0.8922,0.0006,0.4828,0.3465,1.3934,0.0445,113645,0.9733,no,no,no,no,0,ok
Chaetodon_lunula_FishWise_107206F000112W000014.jpg,Chaetodon lunula,images_fishwise,1,1.0,0.0,0.4638,0.8748,0.0,0.4761,0.3465,1.374,0.0252,103197,0.9746,no,no,no,no,0,ok
Chaetodon_lunula_FishWise_107206F000391W000024.jpg,Chaetodon lunula,images_fishwise,1,1.0,0.0,0.5208,0.8491,0.0,0.1382,0.3465,0.3988,0.0269,45643,0.9262,no,no,no,no,0,ok
Chaetodon_lunula_iNaturalist_169964645.jpg,Chaetodon lunula,images_inaturalist,1,1.0,0.0,0.7922,0.9858,0.0,0.1899,0.3465,0.5481,0.0486,194065,0.9519,no,no,no,no,0,ok
Chaetodon_lunula_iNaturalist_178875223.jpg,Chaetodon lunula,images_inaturalist,3,0.5665,0.4335,0.8646,0.2597,0.0,0.0272,0.3465,0.0785,0.2614,12369,0.4676,yes,yes,yes,no,3,resegment_dinosam
Chaetodon_lunula_iNaturalist_290315608.jpg,Chaetodon lunula,images_inaturalist,3,0.3687,0.6313,1.0253,0.4157,0.0,0.0809,0.3465,0.2335,0.0352,26539,0.5324,yes,yes,yes,no,3,resegment_dinosam
Chaetodon_lunula_iNaturalist_290315687.jpg,Chaetodon lunula,images_inaturalist,2,0.5813,0.4187,1.0522,0.588,0.0,0.0577,0.3465,0.1665,0.1173,31008,0.6314,no,yes,yes,no,2,resegment_dinosam
Chaetodon_lunula_iNaturalist_331.jpg,Chaetodon lunula,images_inaturalist,2,0.5001,0.4999,0.7949,0.6816,0.0,0.0907,0.3465,0.2618,0.0137,63932,0.6673,no,no,yes,no,1,review
Chaetodon_lunula_iNaturalist_3844633.jpg,Chaetodon lunula,images_inaturalist,1,1.0,0.0,0.7426,0.9652,0.0,0.2657,0.3465,0.7668,0.0155,250576,0.9788,no,no,no,no,0,ok
Chaetodon_lunula_iNaturalist_430979456.jpg,Chaetodon lunula,images_inaturalist,1,1.0,0.0,0.7911,0.9485,0.0,0.0517,0.3465,0.1492,0.0265,45720,0.8478,no,no,yes,no,1,review
Chaetodon_lunula_iNaturalist_545359972.jpg,Chaetodon lunula,images_inaturalist,1,1.0,0.0,0.7816,0.9555,0.1615,0.3018,0.3465,0.871,0.3132,146273,0.9567,no,no,no,no,0,ok
Chaetodon_lunula_iNaturalist_58993744.jpg,Chaetodon lunula,images_inaturalist,1,1.0,0.0,1.0548,0.9878,0.0,0.0716,0.3465,0.2066,0.1705,50643,0.8739,no,no,yes,no,1,review
Chaetodon_lunula_iNaturalist_6462315.jpg,Chaetodon lunula,images_inaturalist,1,1.0,0.0,0.529,0.8507,0.0,0.1639,0.3465,0.473,0.0624,271891,0.9401,no,no,no,no,0,ok
Chaetodon_lunulatus_Bishop_1113667583.jpg,Chaetodon lunulatus,images_bishop,1,1.0,0.0,0.5176,0.9151,0.0,0.4719,0.2186,2.1592,0.0185,246458,0.9384,no,no,no,no,0,ok
Chaetodon_lunulatus_Bishop_1378116790.jpg,Chaetodon lunulatus,images_bishop,1,1.0,0.0,0.5407,0.9171,0.0,0.512,0.2186,2.3427,0.0061,292085,0.9319,no,no,no,no,0,ok
Chaetodon_lunulatus_FishBaseUser_1338031405_67.49.174.50.jpg,Chaetodon lunulatus,images_fishbase_usercontrib,1,1.0,0.0,0.9941,1.0028,0.0,0.1875,0.2186,0.8579,0.0433,167691,0.9877,no,no,no,no,0,ok
Chaetodon_lunulatus_FishBaseUser_1343503046_24.185.16.14.jpg,Chaetodon lunulatus,images_fishbase_usercontrib,1,1.0,0.0,1.0889,1.0042,0.0,0.4591,0.2186,2.1007,0.0121,135254,0.9406,no,no,no,no,0,ok
Chaetodon_lunulatus_FishBaseUser_1473589636_108.162.215.216.jpg,Chaetodon lunulatus,images_fishbase_usercontrib,1,1.0,0.0,1.0328,0.9925,0.0,0.0085,0.2186,0.0389,0.0571,79695,0.76,no,no,yes,no,1,review
Chaetodon_lunulatus_FishBaseUser_1492969197_108.162.216.108.jpg,Chaetodon lunulatus,images_fishbase_usercontrib,1,1.0,0.0,0.8275,0.9586,0.0,0.2526,0.2186,1.1558,0.0163,2745702,0.9884,no,no,no,no,0,ok
Chaetodon_lunulatus_FishBaseUser_1508798334_172.68.102.54.jpg,Chaetodon lunulatus,images_fishbase_usercontrib,1,1.0,0.0,1.0781,1.0006,0.0,0.0976,0.2186,0.4466,0.092,495508,0.9355,no,no,no,no,0,ok
Chaetodon_lunulatus_FishBaseUser_1569479789_172.68.189.231.jpg,Chaetodon lunulatus,images_fishbase_usercontrib,1,1.0,0.0,1.0527,1.0105,0.0,0.0702,0.2186,0.3212,0.0144,136458,0.9091,no,no,no,no,0,ok
Chaetodon_lunulatus_FishBaseUser_1577141345_172.68.102.30.jpg,Chaetodon lunulatus,images_fishbase_usercontrib,2,0.6048,0.3952,0.9924,0.7093,0.0,0.177,0.2186,0.8099,0.0247,1232356,0.8026,no,no,no,no,0,ok
Chaetodon_lunulatus_FishBaseUser_1672900428_172.71.218.124.jpg,Chaetodon lunulatus,images_fishbase_usercontrib,1,1.0,0.0,1.1507,1.0046,0.0,0.0092,0.2186,0.0421,0.0172,4492,0.76,no,no,yes,no,1,review
Chaetodon_lunulatus_FishBaseUser_1703950074_108.162.210.111.jpg,Chaetodon lunulatus,images_fishbase_usercontrib,2,0.6004,0.3996,0.956,0.495,0.0,0.1201,0.2186,0.5495,0.036,44234,0.7057,no,yes,no,no,1,review
Chaetodon_lunulatus_FishBaseUser_1704746307_172.70.54.39.jpg,Chaetodon lunulatus,images_fishbase_usercontrib,1,1.0,0.0,0.8529,0.9912,0.0,0.0952,0.2186,0.4356,0.0746,74344,0.9335,no,no,no,no,0,ok
Chaetodon_lunulatus_FishBaseUser_1706913367_172.70.54.244.jpg,Chaetodon lunulatus,images_fishbase_usercontrib,1,1.0,0.0,0.8928,0.9902,0.0,0.126,0.2186,0.5765,0.0443,126918,0.9559,no,no,no,no,0,ok
Chaetodon_lunulatus_FishBaseUser_1747228131_95.95.129.49.jpg,Chaetodon lunulatus,images_fishbase_usercontrib,1,1.0,0.0,0.9096,0.9435,0.0,0.0729,0.2186,0.3336,0.0566,765596,0.9122,no,no,no,no,0,ok
Chaetodon_lunulatus_FishBaseUser_1747228187_95.95.129.49.jpg,Chaetodon lunulatus,images_fishbase_usercontrib,1,1.0,0.0,0.7883,0.9666,0.0,0.1239,0.2186,0.5669,0.0778,987611,0.9546,no,no,no,no,0,ok
Chaetodon_lunulatus_FishBaseUser_1753598746_219.73.75.40.jpg,Chaetodon lunulatus,images_fishbase_usercontrib,2,0.5794,0.4206,1.0729,0.8036,0.0,0.1227,0.2186,0.5614,0.0873,224970,0.7927,no,no,no,no,0,ok
Chaetodon_lunulatus_FishBaseUser_1760687899_101.115.183.201.jpg,Chaetodon lunulatus,images_fishbase_usercontrib,1,1.0,0.0,1.0418,0.9988,0.0,0.04,0.2186,0.183,0.1645,349194,0.8641,no,no,yes,no,1,review
Chaetodon_lunulatus_FishBase_Chlun_j4.jpg,Chaetodon lunulatus,images_fishbase_extra,2,0.9998,0.0002,0.827,0.9807,0.0,0.2497,0.2186,1.1425,0.0514,68590,0.9893,no,no,no,no,0,ok
Chaetodon_lunulatus_FishBase_Chlun_ua.jpg,Chaetodon lunulatus,images_fishbase_extra,1,1.0,0.0,0.8846,0.9727,0.0,0.2839,0.2186,1.299,0.0203,138220,0.9791,no,no,no,no,0,ok
Chaetodon_lunulatus_FishBase_Chlun_ub.jpg,Chaetodon lunulatus,images_fishbase_extra,1,1.0,0.0,0.531,0.9115,0.0,0.462,0.2186,2.1139,0.0189,139079,0.9401,no,no,no,no,0,ok
Chaetodon_lunulatus_FishBase_Chlun_uc.jpg,Chaetodon lunulatus,images_fishbase_extra,1,1.0,0.0,0.5545,0.9201,0.0,0.5162,0.2186,2.3619,0.0067,163953,0.9312,no,no,no,no,0,ok
Chaetodon_lunulatus_FishBase_Chlun_uh.jpg,Chaetodon lunulatus,images_fishbase_extra,1,1.0,0.0,0.7333,0.9743,0.0,0.3479,0.2186,1.5919,0.0215,91644,0.9628,no,no,no,no,0,ok
Chaetodon_lunulatus_FishBase_Chlun_ui.jpg,Chaetodon lunulatus,images_fishbase_extra,1,1.0,0.0,0.5263,0.9273,0.0,0.5116,0.2186,2.3409,0.0026,166666,0.932,no,no,no,no,0,ok
Chaetodon_lunulatus_FishBase_Chlun_uj.jpg,Chaetodon lunulatus,images_fishbase_extra,1,1.0,0.0,1.1437,1.0042,0.0,0.0447,0.2186,0.2045,0.0933,18845,0.873,no,no,yes,no,1,review
Chaetodon_lunulatus_FishBase_Chlun_uk.jpg,Chaetodon lunulatus,images_fishbase_extra,1,1.0,0.0,0.675,0.9428,0.0,0.1823,0.2186,0.8341,0.0612,82180,0.9855,no,no,no,no,0,ok
Chaetodon_lunulatus_FishBase_Chlun_ul.jpg,Chaetodon lunulatus,images_fishbase_extra,1,1.0,0.0,0.8204,1.0008,0.0,0.4013,0.2186,1.8362,0.0319,87626,0.9514,no,no,no,no,0,ok
Chaetodon_lunulatus_FishBase_Chlun_uo.jpg,Chaetodon lunulatus,images_fishbase_extra,1,1.0,0.0,0.86,0.993,0.0,0.085,0.2186,0.3889,0.0162,31773,0.9245,no,no,no,no,0,ok
Chaetodon_lunulatus_FishPix_140704AF.jpg,Chaetodon lunulatus,images,1,1.0,0.0,1.0744,1.0083,0.0,0.2667,0.2186,1.2203,0.0539,136339,0.9841,no,no,no,no,0,ok
Chaetodon_lunulatus_FishWise_089264F000009W000005.jpg,Chaetodon lunulatus,images_fishwise,1,1.0,0.0,0.9989,0.9937,0.0,0.3909,0.2186,1.7886,0.0102,113286,0.9535,no,no,no,no,0,ok
Chaetodon_lunulatus_FishWise_089264F000009W000007.jpg,Chaetodon lunulatus,images_fishwise,1,1.0,0.0,0.8433,1.0038,0.0,0.4334,0.2186,1.9831,0.0091,137662,0.9452,no,no,no,no,0,ok
Chaetodon_lunulatus_FishWise_089264F000009W000008.jpg,Chaetodon lunulatus,images_fishwise,1,1.0,0.0,0.9819,1.0077,0.0,0.3428,0.2186,1.5685,0.0103,97960,0.964,no,no,no,no,0,ok
Chaetodon_lunulatus_FishWise_089264F000009W000009.jpg,Chaetodon lunulatus,images_fishwise,1,1.0,0.0,0.8427,0.9929,0.0,0.3849,0.2186,1.7612,0.018,134083,0.9547,no,no,no,no,0,ok
Chaetodon_lunulatus_FishWise_089264F000038W000003.jpg,Chaetodon lunulatus,images_fishwise,1,1.0,0.0,0.6619,0.9425,0.0,0.3075,0.2186,1.407,0.0477,80606,0.9727,no,no,no,no,0,ok
Chaetodon_lunulatus_FishWise_089264F000387W000006.jpg,Chaetodon lunulatus,images_fishwise,1,1.0,0.0,0.8317,0.9825,0.0,0.3178,0.2186,1.4541,0.0121,93158,0.97,no,no,no,no,0,ok
Chaetodon_lunulatus_FishWise_089264F000387W000010.jpg,Chaetodon lunulatus,images_fishwise,1,1.0,0.0,0.7009,0.9319,0.0,0.2305,0.2186,1.0547,0.0078,71245,0.9957,no,no,no,no,0,ok
Chaetodon_lunulatus_FishWise_089264F000492W000011.jpg,Chaetodon lunulatus,images_fishwise,1,1.0,0.0,0.8599,0.9905,0.0,0.3433,0.2186,1.5708,0.0087,99806,0.9639,no,no,no,no,0,ok
Chaetodon_lunulatus_iNaturalist_166474504.jpg,Chaetodon lunulatus,images_inaturalist,1,1.0,0.0,1.1207,1.0085,0.0,0.0025,0.2186,0.0114,0.0552,2407,0.76,no,no,yes,no,1,review
Chaetodon_lunulatus_iNaturalist_179510692.jpg,Chaetodon lunulatus,images_inaturalist,1,1.0,0.0,0.5859,0.8724,0.0,0.0253,0.2186,0.1158,0.0889,36818,0.8275,no,no,yes,no,1,review
Chaetodon_lunulatus_iNaturalist_204763068.jpg,Chaetodon lunulatus,images_inaturalist,1,1.0,0.0,0.8512,0.9978,0.0,0.0694,0.2186,0.3175,0.1466,68295,0.9082,no,no,no,no,0,ok
Chaetodon_lunulatus_iNaturalist_204763090.jpg,Chaetodon lunulatus,images_inaturalist,1,1.0,0.0,0.7169,0.9938,0.0,0.0485,0.2186,0.2219,0.0693,51046,0.8796,no,no,yes,no,1,review
Chaetodon_lunulatus_iNaturalist_204763105.jpg,Chaetodon lunulatus,images_inaturalist,1,1.0,0.0,0.5807,0.9339,0.0,0.0184,0.2186,0.0842,0.0219,18351,0.802,no,no,yes,no,1,review
Chaetodon_lunulatus_iNaturalist_204763128.jpg,Chaetodon lunulatus,images_inaturalist,3,0.4057,0.5943,1.002,0.1639,0.0,0.0247,0.2186,0.113,0.1766,9224,0.4117,yes,yes,yes,no,3,resegment_dinosam
Chaetodon_lunulatus_iNaturalist_204773665.jpg,Chaetodon lunulatus,images_inaturalist,1,1.0,0.0,0.5555,0.8819,0.0,0.0279,0.2186,0.1277,0.0439,38026,0.8353,no,no,yes,no,1,review
Chaetodon_lunulatus_iNaturalist_22286339.jpg,Chaetodon lunulatus,images_inaturalist,1,1.0,0.0,1.0662,1.0072,0.0,0.0146,0.2186,0.0668,0.0316,14789,0.7835,no,no,yes,no,1,review
Chaetodon_lunulatus_iNaturalist_38212451.jpg,Chaetodon lunulatus,images_inaturalist,1,1.0,0.0,0.9111,0.9845,0.0,0.249,0.2186,1.1393,0.035,177160,0.9896,no,no,no,no,0,ok
Chaetodon_lunulatus_iNaturalist_52082572.jpg,Chaetodon lunulatus,images_inaturalist,1,1.0,0.0,0.648,0.9891,0.0,0.1817,0.2186,0.8314,0.0979,154044,0.9852,no,no,no,no,0,ok
Chaetodon_madagaskariensis_Bishop_1210446292.jpg,Chaetodon madagaskariensis,images_bishop,1,1.0,0.0,0.4205,0.8574,0.0,0.4614,0.3218,1.434,0.0235,270380,0.9712,no,no,no,no,0,ok
Chaetodon_madagaskariensis_FishBaseUser_1585565766_108.162.229.30.jpg,Chaetodon madagaskariensis,images_fishbase_usercontrib,1,1.0,0.0,0.6727,0.9478,0.0,0.2744,0.3218,0.8528,0.0297,75217,0.9873,no,no,no,no,0,ok
Chaetodon_madagaskariensis_FishBase_Chmad_u0.jpg,Chaetodon madagaskariensis,images_fishbase_extra,1,1.0,0.0,0.604,0.9396,0.0,0.3479,0.3218,1.0813,0.023,122100,0.9937,no,no,no,no,0,ok
Chaetodon_madagaskariensis_FishBase_Chmad_u1.jpg,Chaetodon madagaskariensis,images,2,1.0,0.0,0.4188,0.8648,0.0,0.4656,0.3218,1.4471,0.0236,149835,0.9704,no,no,no,no,0,ok
Chaetodon_madagaskariensis_FishBase_Chmer_u5.jpg,Chaetodon madagaskariensis,images_fishbase_extra,1,1.0,0.0,0.4254,0.8329,0.0,0.5365,0.3218,1.6674,0.0245,155652,0.954,no,no,no,no,0,ok
Chaetodon_madagaskariensis_FishBase_Chmer_u8.jpg,Chaetodon madagaskariensis,images_fishbase_extra,1,1.0,0.0,0.7033,0.952,0.0,0.2238,0.3218,0.6956,0.0422,87504,0.971,no,no,no,no,0,ok
Chaetodon_madagaskariensis_FishWise_040973F000009W000005.jpg,Chaetodon madagaskariensis,images_fishwise,1,1.0,0.0,0.618,0.9466,0.0,0.1762,0.3218,0.5476,0.0251,54582,0.9518,no,no,no,no,0,ok
Chaetodon_madagaskariensis_FishWise_040973F000009W000008.jpg,Chaetodon madagaskariensis,images_fishwise,1,1.0,0.0,0.7211,0.9678,0.0,0.2092,0.3218,0.6502,0.0217,84670,0.9656,no,no,no,no,0,ok
Chaetodon_madagaskariensis_FishWise_040973F000009W000009.jpg,Chaetodon madagaskariensis,images_fishwise,1,1.0,0.0,0.6822,0.9688,0.0,0.2424,0.3218,0.7534,0.0063,95580,0.9773,no,no,no,no,0,ok
Chaetodon_madagaskariensis_FishWise_040973F000009W000010.jpg,Chaetodon madagaskariensis,images_fishwise,1,1.0,0.0,0.5675,0.9654,0.0,0.3398,0.3218,1.0561,0.0363,136945,0.9956,no,no,no,no,0,ok
Chaetodon_madagaskariensis_FishWise_040973F000009W000014.jpg,Chaetodon madagaskariensis,images_fishwise,1,1.0,0.0,0.652,0.9365,0.0,0.3491,0.3218,1.085,0.0226,127493,0.9935,no,no,no,no,0,ok
Chaetodon_madagaskariensis_FishWise_040973F000009W000015.jpg,Chaetodon madagaskariensis,images_fishwise,1,1.0,0.0,0.5287,0.9241,0.0,0.3192,0.3218,0.9921,0.0176,127726,0.9994,no,no,no,no,0,ok
Chaetodon_madagaskariensis_FishWise_040973F000024W000001.jpg,Chaetodon madagaskariensis,images_fishwise,1,1.0,0.0,0.4229,0.8565,0.0,0.462,0.3218,1.4359,0.0236,116628,0.9711,no,no,no,no,0,ok
Chaetodon_madagaskariensis_FishWise_040973F000112W000002.jpg,Chaetodon madagaskariensis,images_fishwise,1,1.0,0.0,0.3584,0.8466,0.0,0.322,0.3218,1.0008,0.0172,91272,0.9989,no,no,no,no,0,ok
Chaetodon_madagaskariensis_FishWise_040973F000112W000006.jpg,Chaetodon madagaskariensis,images_fishwise,1,1.0,0.0,0.4369,0.8933,0.0,0.4588,0.3218,1.426,0.0231,124285,0.9716,no,no,no,no,0,ok
Chaetodon_madagaskariensis_FishWise_040973F000387W000011.jpg,Chaetodon madagaskariensis,images_fishwise,1,1.0,0.0,0.7207,0.8966,0.0,0.2233,0.3218,0.694,0.0036,71736,0.9708,no,no,no,no,0,ok
Chaetodon_madagaskariensis_FishWise_040973F000387W000012.jpg,Chaetodon madagaskariensis,images_fishwise,1,1.0,0.0,0.6344,0.9445,0.0,0.3024,0.3218,0.9399,0.0294,115815,0.995,no,no,no,no,0,ok
Chaetodon_madagaskariensis_FishWise_040973F000387W000013.jpg,Chaetodon madagaskariensis,images_fishwise,3,0.9997,0.0003,0.7318,0.9537,0.0,0.3168,0.3218,0.9846,0.0403,118835,0.9987,no,no,no,no,0,ok
Chaetodon_madagaskariensis_iNaturalist_220678407.jpg,Chaetodon madagaskariensis,images_inaturalist,1,1.0,0.0,0.8819,0.9417,0.0,0.0127,0.3218,0.0395,0.1304,9982,0.76,no,no,yes,no,1,review
Chaetodon_madagaskariensis_iNaturalist_233631122.jpg,Chaetodon madagaskariensis,images_inaturalist,1,1.0,0.0,0.6147,0.9472,0.0,0.3962,0.3218,1.2314,0.0092,317123,0.9833,no,no,no,no,0,ok
Chaetodon_madagaskariensis_iNaturalist_248069905.jpg,Chaetodon madagaskariensis,images_inaturalist,1,1.0,0.0,0.6798,0.9288,0.0,0.0482,0.3218,0.1498,0.0236,61796,0.8481,no,no,yes,no,1,review
Chaetodon_madagaskariensis_iNaturalist_300420208.jpg,Chaetodon madagaskariensis,images_inaturalist,1,1.0,0.0,0.4475,0.7966,0.0,0.1401,0.3218,0.4354,0.0956,117464,0.9175,no,no,no,no,0,ok
Chaetodon_madagaskariensis_iNaturalist_340340714.jpg,Chaetodon madagaskariensis,images_inaturalist,1,1.0,0.0,0.6916,0.8895,0.0,0.0714,0.3218,0.2219,0.0649,65760,0.8796,no,no,yes,no,1,review
Chaetodon_madagaskariensis_iNaturalist_340340962.jpg,Chaetodon madagaskariensis,images_inaturalist,1,1.0,0.0,0.6678,0.9316,0.0,0.0531,0.3218,0.165,0.0214,50188,0.8559,no,no,yes,no,1,review
Chaetodon_madagaskariensis_iNaturalist_554082386.jpg,Chaetodon madagaskariensis,images_inaturalist,2,0.5016,0.4984,0.9352,0.4203,0.0,0.0672,0.3218,0.2089,0.0865,28946,0.5714,no,yes,yes,no,2,resegment_dinosam
Chaetodon_madagaskariensis_iNaturalist_554082399.jpg,Chaetodon madagaskariensis,images_inaturalist,2,0.556,0.444,0.5856,0.4305,0.0,0.0432,0.3218,0.1343,0.0617,21929,0.5581,no,yes,yes,no,2,resegment_dinosam
Chaetodon_madagaskariensis_iNaturalist_575992327.jpg,Chaetodon madagaskariensis,images_inaturalist,1,1.0,0.0,0.7607,0.9498,0.0,0.1007,0.3218,0.313,0.1409,83405,0.9071,no,no,no,no,0,ok
Chaetodon_madagaskariensis_iNaturalist_585635427.jpg,Chaetodon madagaskariensis,images_inaturalist,1,1.0,0.0,0.6139,0.936,0.0,0.2244,0.3218,0.6974,0.0982,65819,0.9712,no,no,no,no,0,ok
Chaetodon_marleyi_Bishop_384825925.jpg,Chaetodon marleyi,images_bishop,1,1.0,0.0,0.551,0.9106,0.0,0.4928,0.2716,1.8148,0.019,234109,0.9523,no,no,no,no,0,ok
Chaetodon_marleyi_FishBaseUser_1597502728_172.68.186.98.jpg,Chaetodon marleyi,images_fishbase_usercontrib,1,1.0,0.0,0.7734,0.9025,0.0,0.1037,0.2716,0.3819,0.0438,426592,0.923,no,no,no,no,0,ok
Chaetodon_marleyi_FishBase_Chmar_ua.jpg,Chaetodon marleyi,images,1,1.0,0.0,0.5378,0.9076,0.0,0.4926,0.2716,1.814,0.0195,132124,0.9524,no,no,no,no,0,ok
Chaetodon_marleyi_FishBase_Chmar_ub.jpg,Chaetodon marleyi,images_fishbase_extra,1,1.0,0.0,0.6795,0.943,0.0,0.2987,0.2716,1.1,0.023,135808,0.9924,no,no,no,no,0,ok
Chaetodon_marleyi_FishWise_042046F000009W000004.jpg,Chaetodon marleyi,images_fishwise,1,1.0,0.0,0.7203,0.9413,0.0,0.3864,0.2716,1.4229,0.0045,130875,0.9718,no,no,no,no,0,ok
Chaetodon_marleyi_FishWise_042046F000009W000005.jpg,Chaetodon marleyi,images_fishwise,1,1.0,0.0,0.6793,0.9251,0.0,0.3255,0.2716,1.1987,0.0239,114860,0.9855,no,no,no,no,0,ok
Chaetodon_marleyi_FishWise_042046F000009W000006.jpg,Chaetodon marleyi,images_fishwise,1,1.0,0.0,0.69,0.9158,0.0,0.3088,0.2716,1.1372,0.0246,106215,0.9897,no,no,no,no,0,ok
Chaetodon_marleyi_FishWise_042046F000167W000001.jpg,Chaetodon marleyi,images_fishwise,1,1.0,0.0,0.6169,0.8778,0.0,0.1964,0.2716,0.7233,0.0134,71409,0.9741,no,no,no,no,0,ok
Chaetodon_marleyi_FishWise_042046F000172W000007.jpg,Chaetodon marleyi,images_fishwise,1,1.0,0.0,0.6631,0.8926,0.0,0.21,0.2716,0.7733,0.0337,95799,0.9794,no,no,no,no,0,ok
Chaetodon_marleyi_iNaturalist_359692990.jpg,Chaetodon marleyi,images_inaturalist,1,1.0,0.0,0.5344,0.8003,0.0,0.1897,0.2716,0.6986,0.0209,122922,0.9564,no,no,no,no,0,ok
Chaetodon_marleyi_iNaturalist_463787438.jpg,Chaetodon marleyi,images_inaturalist,1,1.0,0.0,0.6744,0.844,0.0,0.0417,0.2716,0.1536,0.1867,38883,0.8483,no,no,yes,no,1,review
Chaetodon_marleyi_iNaturalist_463787443.jpg,Chaetodon marleyi,images_inaturalist,1,1.0,0.0,0.8565,0.976,0.0,0.0235,0.2716,0.0865,0.0606,30602,0.8042,no,no,yes,no,1,review
Chaetodon_marleyi_iNaturalist_464707333.jpg,Chaetodon marleyi,images_inaturalist,1,1.0,0.0,1.0031,0.9851,0.0,0.0589,0.2716,0.2169,0.0521,55017,0.8777,no,no,yes,no,1,review
Chaetodon_marleyi_iNaturalist_547984306.jpg,Chaetodon marleyi,images_inaturalist,4,0.998,0.002,0.41,0.8517,0.0,0.2102,0.2716,0.7741,0.0786,12378,0.9788,no,no,no,no,0,ok
Chaetodon_marleyi_iNaturalist_553311588.jpg,Chaetodon marleyi,images_inaturalist,1,1.0,0.0,0.8399,0.9698,0.0,0.217,0.2716,0.7991,0.1308,175987,0.9821,no,no,no,no,0,ok
Chaetodon_marleyi_iNaturalist_553311592.jpg,Chaetodon marleyi,images_inaturalist,1,1.0,0.0,0.5105,0.8475,0.0,0.1879,0.2716,0.692,0.0877,282563,0.9698,no,no,no,no,0,ok
Chaetodon_melannotus_Bishop_-1126507013.jpg,Chaetodon melannotus,images_bishop,1,1.0,0.0,0.3681,0.8546,0.0,0.468,0.2748,1.7031,0.0149,237580,0.9574,no,no,no,no,0,ok
Chaetodon_melannotus_Bishop_-1381464288.jpg,Chaetodon melannotus,images_bishop,1,1.0,0.0,0.4301,0.8705,0.0,0.4529,0.2748,1.6481,0.0181,254653,0.96,no,no,no,no,0,ok
Chaetodon_melannotus_Bishop_-1689715678.jpg,Chaetodon melannotus,images_bishop,2,1.0,0.0,0.361,0.8577,0.0,0.4259,0.2748,1.5499,0.0097,253635,0.9649,no,no,no,no,0,ok
Chaetodon_melannotus_Bishop_403079329.jpg,Chaetodon melannotus,images_bishop,1,1.0,0.0,0.4388,0.9075,0.0,0.5145,0.2748,1.8723,0.0051,271672,0.9498,no,no,no,no,0,ok
Chaetodon_melannotus_FishBaseUser_1368368160_82.20.1.24.jpg,Chaetodon melannotus,images_fishbase_usercontrib,1,1.0,0.0,0.8155,0.9904,0.0,0.3876,0.2748,1.4105,0.0455,350544,0.9725,no,no,no,no,0,ok
Chaetodon_melannotus_FishBaseUser_1423761764_86.205.193.183.jpg,Chaetodon melannotus,images_fishbase_usercontrib,1,1.0,0.0,0.8654,0.9179,0.0,0.0403,0.2748,0.1467,0.1294,199821,0.8464,no,no,yes,no,1,review
Chaetodon_melannotus_FishBaseUser_1498858396_172.68.142.169.jpg,Chaetodon melannotus,images_fishbase_usercontrib,1,1.0,0.0,0.938,0.9784,0.0,0.0459,0.2748,0.167,0.1305,577753,0.8568,no,no,yes,no,1,review
Chaetodon_melannotus_FishBaseUser_1508798739_172.68.102.54.jpg,Chaetodon melannotus,images_fishbase_usercontrib,1,1.0,0.0,0.607,0.8392,0.0,0.0923,0.2748,0.3359,0.0242,319471,0.9095,no,no,no,no,0,ok
Chaetodon_melannotus_FishBaseUser_1508798795_172.68.102.54.jpg,Chaetodon melannotus,images_fishbase_usercontrib,1,1.0,0.0,0.849,0.9604,0.0,0.1265,0.2748,0.4603,0.0154,1066751,0.9379,no,no,no,no,0,ok
Chaetodon_melannotus_FishBaseUser_1580212251_162.158.94.76.jpg,Chaetodon melannotus,images_fishbase_usercontrib,1,1.0,0.0,0.8275,0.9445,0.0,0.1131,0.2748,0.4116,0.1524,53993,0.929,no,no,no,no,0,ok
Chaetodon_melannotus_FishBaseUser_1585559439_108.162.229.220.jpg,Chaetodon melannotus,images_fishbase_usercontrib,1,1.0,0.0,0.8765,0.9931,0.0,0.2684,0.2748,0.9767,0.0116,149907,0.9981,no,no,no,no,0,ok
Chaetodon_melannotus_FishBaseUser_1672900480_162.158.179.76.jpg,Chaetodon melannotus,images_fishbase_usercontrib,1,1.0,0.0,0.8896,0.9879,0.0,0.0835,0.2748,0.3039,0.1659,620227,0.9047,no,no,no,no,0,ok
Chaetodon_melannotus_FishBaseUser_1672900495_162.158.179.75.jpg,Chaetodon melannotus,images_fishbase_usercontrib,1,1.0,0.0,0.698,0.9379,0.0,0.075,0.2748,0.2729,0.1521,953763,0.8961,no,no,yes,no,1,review
Chaetodon_melannotus_FishBaseUser_1672900544_172.71.218.148.jpg,Chaetodon melannotus,images_fishbase_usercontrib,2,0.7516,0.2484,0.8089,0.4938,0.0,0.0377,0.2748,0.1372,0.1843,8352,0.6473,no,yes,yes,no,2,resegment_dinosam
Chaetodon_melannotus_FishBaseUser_1672900646_172.71.218.148.jpg,Chaetodon melannotus,images_fishbase_usercontrib,1,1.0,0.0,0.8755,0.9587,0.0,0.097,0.2748,0.353,0.0347,30514,0.9167,no,no,no,no,0,ok
Chaetodon_melannotus_FishBaseUser_1703949708_108.162.210.111.jpg,Chaetodon melannotus,images_fishbase_usercontrib,1,1.0,0.0,0.7872,0.9526,0.0,0.1155,0.2748,0.4203,0.1086,89412,0.9307,no,no,no,no,0,ok
Chaetodon_melannotus_FishBaseUser_1707088090_172.70.254.94.jpg,Chaetodon melannotus,images_fishbase_usercontrib,1,1.0,0.0,1.0221,0.9941,0.0,0.188,0.2748,0.6841,0.0616,130713,0.9696,no,no,no,no,0,ok
Chaetodon_melannotus_FishBaseUser_1747228429_95.95.129.49.jpg,Chaetodon melannotus,images_fishbase_usercontrib,1,1.0,0.0,0.9517,0.984,0.0,0.0547,0.2748,0.1991,0.0508,502438,0.8709,no,no,yes,no,1,review
Chaetodon_melannotus_FishBaseUser_1747228475_95.95.129.49.jpg,Chaetodon melannotus,images_fishbase_usercontrib,1,1.0,0.0,0.7588,0.9619,0.0,0.3171,0.2748,1.1539,0.0322,1094266,0.9885,no,no,no,no,0,ok
Chaetodon_melannotus_FishBase_Chmel_j0.jpg,Chaetodon melannotus,images_fishbase_extra,1,1.0,0.0,0.3789,0.8535,0.0,0.1424,0.2748,0.5182,0.073,54147,0.9474,no,no,no,no,0,ok
Chaetodon_melannotus_FishBase_Chmel_u4.jpg,Chaetodon melannotus,images_fishbase_extra,1,1.0,0.0,0.4352,0.909,0.0,0.5127,0.2748,1.8657,0.0053,152553,0.9501,no,no,no,no,0,ok
Chaetodon_melannotus_FishBase_Chmel_u6.jpg,Chaetodon melannotus,images_fishbase_extra,2,1.0,0.0,0.3628,0.8541,0.0,0.4231,0.2748,1.5397,0.0097,143469,0.9655,no,no,no,no,0,ok
Chaetodon_melannotus_FishBase_Chmel_u7.jpg,Chaetodon melannotus,images_fishbase_extra,1,1.0,0.0,0.364,0.8548,0.0,0.4438,0.2748,1.615,0.0126,132574,0.9617,no,no,no,no,0,ok
Chaetodon_melannotus_FishBase_Chmel_u8.jpg,Chaetodon melannotus,images_fishbase_extra,1,1.0,0.0,0.4286,0.8658,0.0,0.4829,0.2748,1.7573,0.0195,144453,0.9549,no,no,no,no,0,ok
Chaetodon_melannotus_FishBase_Chmel_uc.jpg,Chaetodon melannotus,images_fishbase_extra,1,1.0,0.0,0.6763,0.8868,0.0,0.2043,0.2748,0.7434,0.0472,64136,0.9763,no,no,no,no,0,ok
Chaetodon_melannotus_FishBase_Chmel_uh.jpg,Chaetodon melannotus,images_fishbase_extra,1,1.0,0.0,0.8733,0.98,0.0,0.2679,0.2748,0.9749,0.0261,128855,0.998,no,no,no,no,0,ok
Chaetodon_melannotus_FishBase_Chmel_us.jpg,Chaetodon melannotus,images_fishbase_extra,1,1.0,0.0,0.7582,0.9746,0.0,0.4769,0.2748,1.7354,0.0149,147967,0.9559,no,no,no,no,0,ok
Chaetodon_melannotus_FishBase_Chmel_ut.jpg,Chaetodon melannotus,images_fishbase_extra,1,1.0,0.0,0.5051,0.885,0.0,0.1866,0.2748,0.679,0.0487,69726,0.969,no,no,no,no,0,ok
Chaetodon_melannotus_FishPix_17334AF.jpg,Chaetodon melannotus,images,1,1.0,0.0,0.6314,0.9108,0.0,0.3088,0.2748,1.1237,0.0527,154947,0.9907,no,no,no,no,0,ok
Chaetodon_melannotus_FishWise_043154F000009W000004.jpg,Chaetodon melannotus,images_fishwise,1,1.0,0.0,0.7539,0.972,0.0,0.2713,0.2748,0.9873,0.0253,85368,0.999,no,no,no,no,0,ok
Chaetodon_melannotus_FishWise_043154F000009W000005.jpg,Chaetodon melannotus,images_fishwise,1,1.0,0.0,0.3808,0.8762,0.0,0.26,0.2748,0.9461,0.0229,90212,0.9956,no,no,no,no,0,ok
Chaetodon_melannotus_FishWise_043154F000009W000006.jpg,Chaetodon melannotus,images_fishwise,1,1.0,0.0,0.8891,0.9867,0.0,0.2048,0.2748,0.7453,0.0106,45545,0.9765,no,no,no,no,0,ok
Chaetodon_melannotus_FishWise_043154F000009W000012.jpg,Chaetodon melannotus,images_fishwise,3,1.0,0.0,0.7012,0.9218,0.0,0.2254,0.2748,0.8202,0.0207,74799,0.9841,no,no,no,no,0,ok
Chaetodon_melannotus_FishWise_043154F000009W000015.jpg,Chaetodon melannotus,images_fishwise,1,1.0,0.0,0.9942,0.9927,0.0,0.2521,0.2748,0.9174,0.0061,81942,0.9931,no,no,no,no,0,ok
Chaetodon_melannotus_FishWise_043154F000009W000016.jpg,Chaetodon melannotus,images_fishwise,1,1.0,0.0,0.9076,0.9936,0.0,0.3456,0.2748,1.2576,0.0093,100182,0.9817,no,no,no,no,0,ok
Chaetodon_melannotus_FishWise_043154F000009W000018.jpg,Chaetodon melannotus,images_fishwise,1,1.0,0.0,0.6459,0.9557,0.0,0.3941,0.2748,1.4341,0.0228,118759,0.9712,no,no,no,no,0,ok
Chaetodon_melannotus_FishWise_043154F000009W000021.jpg,Chaetodon melannotus,images_fishwise,1,1.0,0.0,0.7747,0.9796,0.0,0.3533,0.2748,1.2857,0.007,125297,0.9799,no,no,no,no,0,ok
Chaetodon_melannotus_FishWise_043154F000024W000002.jpg,Chaetodon melannotus,images_fishwise,1,1.0,0.0,0.4455,0.876,0.0,0.3616,0.2748,1.3159,0.0161,109911,0.978,no,no,no,no,0,ok
Chaetodon_melannotus_FishWise_043154F000033W000003.jpg,Chaetodon melannotus,images_fishwise,1,1.0,0.0,0.699,0.8884,0.0,0.2044,0.2748,0.7438,0.0471,53106,0.9763,no,no,no,no,0,ok
Chaetodon_melannotus_FishWise_043154F000112W000010.jpg,Chaetodon melannotus,images_fishwise,1,1.0,0.0,0.4588,0.9385,0.0,0.3724,0.2748,1.3552,0.026,101599,0.9757,no,no,no,no,0,ok
Chaetodon_melannotus_FishWise_043154F000112W000013.jpg,Chaetodon melannotus,images_fishwise,1,1.0,0.0,0.4277,0.9339,0.0,0.4657,0.2748,1.6947,0.0272,130467,0.9578,no,no,no,no,0,ok
Chaetodon_melannotus_FishWise_043154F000167W000011.jpg,Chaetodon melannotus,images_fishwise,1,1.0,0.0,0.8245,0.9927,0.0,0.0925,0.2748,0.3366,0.0156,26568,0.9129,no,no,no,no,0,ok
Chaetodon_melannotus_FishWise_043154F000387W000014.jpg,Chaetodon melannotus,images_fishwise,3,1.0,0.0,0.9653,0.9838,0.0,0.4529,0.2748,1.6481,0.0235,132436,0.96,no,no,no,no,0,ok
Chaetodon_melannotus_FishWise_043154F000387W000017.jpg,Chaetodon melannotus,images_fishwise,1,1.0,0.0,0.7333,0.9798,0.0,0.3449,0.2748,1.2551,0.02,113577,0.9818,no,no,no,no,0,ok
Chaetodon_melannotus_FishWise_043154F000387W000020.jpg,Chaetodon melannotus,images_fishwise,1,1.0,0.0,0.8661,0.9846,0.0,0.3315,0.2748,1.2063,0.0136,96980,0.985,no,no,no,no,0,ok
Chaetodon_melannotus_iNaturalist_219530872.jpg,Chaetodon melannotus,images_inaturalist,1,1.0,0.0,0.8682,0.9602,0.0,0.0306,0.2748,0.1114,0.0041,32784,0.8244,no,no,yes,no,1,review
Chaetodon_melannotus_iNaturalist_225310656.jpg,Chaetodon melannotus,images_inaturalist,1,1.0,0.0,1.0938,1.0015,0.0,0.068,0.2748,0.2475,0.1093,79425,0.8883,no,no,yes,no,1,review
Chaetodon_melannotus_iNaturalist_225310685.jpg,Chaetodon melannotus,images_inaturalist,1,1.0,0.0,0.8449,0.9747,0.0,0.0428,0.2748,0.1557,0.1504,30687,0.8512,no,no,yes,no,1,review
Chaetodon_melannotus_iNaturalist_228710894.jpg,Chaetodon melannotus,images_inaturalist,2,0.5016,0.4984,0.7371,0.7204,0.0,0.2904,0.2748,1.0568,0.0735,107708,0.7823,no,no,no,no,0,ok
Chaetodon_melannotus_iNaturalist_241736994.jpg,Chaetodon melannotus,images_inaturalist,2,0.5871,0.4129,0.7219,0.7694,0.0,0.1171,0.2748,0.4261,0.0144,89701,0.7631,no,no,no,no,0,ok
Chaetodon_melannotus_iNaturalist_409531338.jpg,Chaetodon melannotus,images_inaturalist,1,1.0,0.0,0.197,0.3987,0.0,0.0067,0.2748,0.0244,0.0536,15460,0.6243,no,yes,yes,no,2,resegment_dinosam
Chaetodon_melannotus_iNaturalist_409632193.jpg,Chaetodon melannotus,images_inaturalist,1,1.0,0.0,0.2003,0.4066,0.0,0.0283,0.2748,0.103,0.0651,15555,0.6851,no,yes,yes,no,2,resegment_dinosam
Chaetodon_melannotus_iNaturalist_82149199.jpg,Chaetodon melannotus,images_inaturalist,1,1.0,0.0,0.8082,0.9062,0.0,0.0457,0.2748,0.1663,0.0642,48780,0.8565,no,no,yes,no,1,review
Chaetodon_melannotus_iNaturalist_82152925.jpg,Chaetodon melannotus,images_inaturalist,1,1.0,0.0,0.6844,0.9712,0.0,0.1371,0.2748,0.4989,0.0216,135769,0.9444,no,no,no,no,0,ok
Chaetodon_melannotus_iNaturalist_84610206.jpg,Chaetodon melannotus,images_inaturalist,1,1.0,0.0,0.7335,0.9487,0.0,0.1309,0.2748,0.4763,0.0067,105254,0.9407,no,no,no,no,0,ok
Chaetodon_melapterus_Bishop_-738901426.jpg,Chaetodon melapterus,images_bishop,1,1.0,0.0,0.5376,0.9291,0.0,0.5599,0.2252,2.4862,0.0142,269006,0.9271,no,no,no,no,0,ok
Chaetodon_melapterus_Bishop_690928567.jpg,Chaetodon melapterus,images_bishop,1,1.0,0.0,0.502,0.9276,0.0,0.4779,0.2252,2.1221,0.0174,273718,0.9398,no,no,no,no,0,ok
Chaetodon_melapterus_FishBaseUser_1507539666_162.158.90.146.jpg,Chaetodon melapterus,images_fishbase_usercontrib,3,0.4634,0.5366,1.0775,0.5739,0.0,0.1533,0.2252,0.6807,0.0894,77372,0.6986,yes,yes,no,no,2,resegment_dinosam
Chaetodon_melapterus_FishBaseUser_1507539706_162.158.90.146.jpg,Chaetodon melapterus,images_fishbase_usercontrib,2,0.5495,0.4505,1.0578,0.5428,0.0104,0.2118,0.2252,0.9405,0.1127,86614,0.7432,no,yes,no,no,1,review
Chaetodon_melapterus_FishBase_Chmel_u0.jpg,Chaetodon melapterus,images,1,1.0,0.0,0.9127,0.986,0.0,0.3144,0.2252,1.3961,0.0739,96743,0.9733,no,no,no,no,0,ok
Chaetodon_melapterus_FishBase_Chmel_u2.jpg,Chaetodon melapterus,images_fishbase_extra,1,1.0,0.0,0.5943,0.9284,0.0,0.4316,0.2252,1.9165,0.0311,133681,0.948,no,no,no,no,0,ok
Chaetodon_melapterus_FishBase_Chmel_u9.jpg,Chaetodon melapterus,images_fishbase_extra,1,1.0,0.0,0.4955,0.9214,0.0,0.4764,0.2252,2.1155,0.0173,159567,0.9401,no,no,no,no,0,ok
Chaetodon_melapterus_FishBase_Chmel_ua.jpg,Chaetodon melapterus,images_fishbase_extra,1,1.0,0.0,0.5358,0.927,0.0,0.5612,0.2252,2.492,0.014,152010,0.927,no,no,no,no,0,ok
Chaetodon_melapterus_FishBase_Chmel_ug.jpg,Chaetodon melapterus,images_fishbase_extra,1,1.0,0.0,0.8138,0.9759,0.0,0.2283,0.2252,1.0138,0.0304,65429,0.9989,no,no,no,no,0,ok
Chaetodon_melapterus_FishWise_043599F000025W000003.gif,Chaetodon melapterus,images_fishwise,1,1.0,0.0,0.4641,0.9185,0.0,0.3432,0.2252,1.524,0.0732,125259,0.9663,no,no,no,no,0,ok
Chaetodon_melapterus_iNaturalist_278909138.jpg,Chaetodon melapterus,images_inaturalist,1,1.0,0.0,0.6493,0.9565,0.0,0.2456,0.2252,1.0906,0.0413,219770,0.9931,no,no,no,no,0,ok
Chaetodon_melapterus_iNaturalist_302828066.jpg,Chaetodon melapterus,images_inaturalist,2,0.5456,0.4544,0.8416,0.4339,0.0,0.105,0.2252,0.4663,0.0815,48451,0.6551,no,yes,no,no,1,review
Chaetodon_melapterus_iNaturalist_31528972.jpg,Chaetodon melapterus,images_inaturalist,2,0.5876,0.4124,0.8724,0.3584,0.0,0.031,0.2252,0.1377,0.1625,14397,0.5495,no,yes,yes,no,2,resegment_dinosam
Chaetodon_melapterus_iNaturalist_33143451.jpg,Chaetodon melapterus,images_inaturalist,1,1.0,0.0,1.0269,1.0088,0.0,0.05,0.2252,0.222,0.086,16258,0.8796,no,no,yes,no,1,review
Chaetodon_melapterus_iNaturalist_612761090.jpg,Chaetodon melapterus,images_inaturalist,1,1.0,0.0,0.9885,0.9769,0.0,0.0265,0.2252,0.1177,0.0884,16744,0.8288,no,no,yes,no,1,review
Chaetodon_melapterus_iNaturalist_612761452.jpg,Chaetodon melapterus,images_inaturalist,1,1.0,0.0,1.1591,1.007,0.0,0.012,0.2252,0.0533,0.096,16312,0.7654,no,no,yes,no,1,review
Chaetodon_melapterus_iNaturalist_612969819.jpg,Chaetodon melapterus,images_inaturalist,2,0.548,0.452,0.9976,0.3701,0.0,0.038,0.2252,0.1687,0.0257,20377,0.5555,no,yes,yes,no,2,resegment_dinosam
Chaetodon_melapterus_iNaturalist_612990357.jpg,Chaetodon melapterus,images_inaturalist,1,1.0,0.0,0.3174,0.6895,0.0,0.0098,0.2252,0.0435,0.0329,9415,0.7118,no,no,yes,no,1,review
Chaetodon_melapterus_iNaturalist_613002357.jpg,Chaetodon melapterus,images_inaturalist,2,0.7092,0.2908,0.7746,0.5004,0.0,0.0303,0.2252,0.1345,0.0516,15872,0.6329,no,yes,yes,no,2,resegment_dinosam
Chaetodon_mertensii_Bishop_-727881428.jpg,Chaetodon mertensii,images_bishop,1,1.0,0.0,0.4322,0.8403,0.0,0.537,0.2815,1.9076,0.0245,274146,0.9454,no,no,no,no,0,ok
Chaetodon_mertensii_Bishop_1869466931.jpg,Chaetodon mertensii,images_bishop,2,1.0,0.0,0.3921,0.8248,0.0,0.4585,0.2815,1.6288,0.0432,266514,0.9534,no,no,no,no,0,ok
Chaetodon_mertensii_Bishop_2125964090.jpg,Chaetodon mertensii,images_bishop,3,1.0,0.0,0.4173,0.8429,0.0,0.5126,0.2815,1.821,0.0214,262817,0.9499,no,no,no,no,0,ok
Chaetodon_mertensii_Bishop_992543933.jpg,Chaetodon mertensii,images_bishop,1,1.0,0.0,0.4276,0.8501,0.0,0.5,0.2815,1.7762,0.0394,273482,0.954,no,no,no,no,0,ok
Chaetodon_mertensii_FishBaseUser_1577141580_172.68.102.78.jpg,Chaetodon mertensii,images_fishbase_usercontrib,1,1.0,0.0,0.6362,0.9456,0.0,0.0451,0.2815,0.1602,0.0396,605544,0.8535,no,no,yes,no,1,review
Chaetodon_mertensii_FishBaseUser_1734903659_162.158.155.14.jpg,Chaetodon mertensii,images_fishbase_usercontrib,1,1.0,0.0,0.6617,0.9091,0.0,0.2815,0.2815,1.0,0.0775,1381652,1,no,no,no,no,0,ok
Chaetodon_mertensii_FishBaseUser_1734903683_162.158.155.13.jpg,Chaetodon mertensii,images_fishbase_usercontrib,1,1.0,0.0,0.6666,0.9468,0.0,0.1269,0.2815,0.4508,0.0538,258771,0.9363,no,no,no,no,0,ok
Chaetodon_mertensii_FishBase_Chmer_u0.jpg,Chaetodon mertensii,images_fishbase_extra,1,1.0,0.0,0.7031,0.9485,0.0,0.2946,0.2815,1.0465,0.03,112820,0.9964,no,no,no,no,0,ok
Chaetodon_mertensii_FishBase_Chmer_u2.jpg,Chaetodon mertensii,images_fishbase_extra,2,1.0,0.0,0.3898,0.8239,0.0,0.4974,0.2815,1.767,0.0449,150405,0.9466,no,no,no,no,0,ok
Chaetodon_mertensii_FishBase_Chmer_u3.jpg,Chaetodon mertensii,images_fishbase_extra,4,1.0,0.0,0.4135,0.8395,0.0,0.5111,0.2815,1.8156,0.0211,149030,0.9491,no,no,no,no,0,ok
Chaetodon_mertensii_FishBase_Chmer_u4.jpg,Chaetodon mertensii,images_fishbase_extra,3,1.0,0.0,0.4276,0.847,0.0,0.499,0.2815,1.7726,0.0393,153563,0.9533,no,no,no,no,0,ok
Chaetodon_mertensii_FishBase_Chmer_u7.jpg,Chaetodon mertensii,images_fishbase_extra,1,1.0,0.0,0.7701,0.9776,0.0,0.1841,0.2815,0.654,0.1127,56572,0.966,no,no,no,no,0,ok
Chaetodon_mertensii_FishPix_140027AF.jpg,Chaetodon mertensii,images,1,1.0,0.0,0.3535,0.705,0.0057,0.2084,0.2815,0.7403,0.0733,121070,0.9313,no,no,no,no,0,ok
Chaetodon_mertensii_FishWise_043949F000112W000006.jpg,Chaetodon mertensii,images_fishwise,1,1.0,0.0,0.3843,0.8852,0.0,0.3533,0.2815,1.2551,0.0243,110708,0.9818,no,no,no,no,0,ok
Chaetodon_mertensii_FishWise_043949F000112W000007.jpg,Chaetodon mertensii,images_fishwise,1,1.0,0.0,0.3406,0.8808,0.0,0.5257,0.2815,1.8675,0.033,125327,0.95,no,no,no,no,0,ok
Chaetodon_mertensii_iNaturalist_14452975.jpg,Chaetodon mertensii,images_inaturalist,1,1.0,0.0,0.66,0.9486,0.0,0.1869,0.2815,0.6639,0.0218,140691,0.9672,no,no,no,no,0,ok
Chaetodon_mertensii_iNaturalist_287390665.jpg,Chaetodon mertensii,images_inaturalist,3,0.9998,0.0002,0.2145,0.9057,0.0,0.2979,0.2815,1.0583,0.0836,264059,0.9954,no,no,no,no,0,ok
Chaetodon_mertensii_iNaturalist_332349948.jpg,Chaetodon mertensii,images_inaturalist,1,1.0,0.0,0.7081,0.9256,0.0,0.046,0.2815,0.1634,0.0944,10739,0.8551,no,no,yes,no,1,review
Chaetodon_mertensii_iNaturalist_358747064.jpg,Chaetodon mertensii,images_inaturalist,1,1.0,0.0,0.4592,0.8581,0.0,0.2435,0.2815,0.865,0.0971,247517,0.9884,no,no,no,no,0,ok
Chaetodon_mertensii_iNaturalist_359657682.jpg,Chaetodon mertensii,images_inaturalist,1,1.0,0.0,0.5974,0.919,0.0,0.1656,0.2815,0.5883,0.0766,195892,0.9576,no,no,no,no,0,ok
Chaetodon_mertensii_iNaturalist_359657684.jpg,Chaetodon mertensii,images_inaturalist,2,0.6443,0.3557,0.842,0.5711,0.0,0.1287,0.2815,0.4572,0.1473,62771,0.7292,no,yes,no,no,1,review
Chaetodon_mertensii_iNaturalist_384666618.jpg,Chaetodon mertensii,images_inaturalist,1,1.0,0.0,0.5816,0.9271,0.0,0.0327,0.2815,0.1162,0.0666,43366,0.8278,no,no,yes,no,1,review
Chaetodon_mertensii_iNaturalist_463708811.jpg,Chaetodon mertensii,images_inaturalist,1,1.0,0.0,0.6269,0.8818,0.0,0.1346,0.2815,0.4782,0.0583,144460,0.941,no,no,no,no,0,ok
Chaetodon_mertensii_iNaturalist_477735543.jpg,Chaetodon mertensii,images_inaturalist,1,1.0,0.0,0.8538,0.9795,0.0,0.1353,0.2815,0.4806,0.0591,178235,0.9414,no,no,no,no,0,ok
Chaetodon_mertensii_iNaturalist_5332933.jpg,Chaetodon mertensii,images_inaturalist,1,1.0,0.0,0.578,0.8982,0.0,0.2255,0.2815,0.8011,0.0228,128487,0.9823,no,no,no,no,0,ok
Chaetodon_mesoleucos_Bishop_-899095560.jpg,Chaetodon mesoleucos,images_bishop,1,1.0,0.0,0.4476,0.8618,0.0,0.4311,0.2647,1.6286,0.0352,276188,0.961,no,no,no,no,0,ok
Chaetodon_mesoleucos_FishBaseUser_1508799035_172.68.102.54.jpg,Chaetodon mesoleucos,images_fishbase_usercontrib,1,1.0,0.0,0.513,0.8224,0.0,0.0708,0.2647,0.2675,0.0418,716134,0.8862,no,no,yes,no,1,review
Chaetodon_mesoleucos_FishBase_Chmes_u0.jpg,Chaetodon mesoleucos,images_fishbase_extra,1,1.0,0.0,0.4317,0.8657,0.0,0.4325,0.2647,1.6339,0.0356,154323,0.9607,no,no,no,no,0,ok
Chaetodon_mesoleucos_FishBase_Chmes_u5.jpg,Chaetodon mesoleucos,images_fishbase_extra,1,1.0,0.0,0.7289,0.9803,0.0,0.3799,0.2647,1.4352,0.0499,129766,0.9711,no,no,no,no,0,ok
Chaetodon_mesoleucos_FishBase_Chmes_u7.jpg,Chaetodon mesoleucos,images_fishbase_extra,1,1.0,0.0,0.6319,0.962,0.0,0.4037,0.2647,1.5251,0.0361,125098,0.9662,no,no,no,no,0,ok
Chaetodon_mesoleucos_FishBase_Chmes_ub.jpg,Chaetodon mesoleucos,images_fishbase_extra,1,1.0,0.0,0.5616,0.9135,0.0,0.2972,0.2647,1.1228,0.0467,136275,0.9907,no,no,no,no,0,ok
Chaetodon_mesoleucos_FishBase_Chmes_uc.jpg,Chaetodon mesoleucos,images_fishbase_extra,1,1.0,0.0,0.5527,0.8873,0.0,0.4902,0.2647,1.8519,0.0315,165824,0.9507,no,no,no,no,0,ok
Chaetodon_mesoleucos_FishPix_141316AF.jpg,Chaetodon mesoleucos,images,1,1.0,0.0,0.8231,0.9764,0.0,0.0863,0.2647,0.326,0.0313,46324,0.9103,no,no,no,no,0,ok
Chaetodon_mesoleucos_FishWise_043992F000024W000001.jpg,Chaetodon mesoleucos,images_fishwise,1,1.0,0.0,0.4354,0.8589,0.0,0.4286,0.2647,1.6192,0.0355,121576,0.9614,no,no,no,no,0,ok
Chaetodon_mesoleucos_FishWise_043992F000024W000002.jpg,Chaetodon mesoleucos,images_fishwise,1,1.0,0.0,0.7634,0.98,0.0,0.3795,0.2647,1.4337,0.0496,113810,0.9712,no,no,no,no,0,ok
Chaetodon_mesoleucos_FishWise_043992F000024W000005.jpg,Chaetodon mesoleucos,images_fishwise,1,1.0,0.0,0.6358,0.9521,0.0,0.4929,0.2647,1.8621,0.0313,149098,0.9503,no,no,no,no,0,ok
Chaetodon_mesoleucos_iNaturalist_243394041.jpg,Chaetodon mesoleucos,images_inaturalist,1,1.0,0.0,0.6608,0.9664,0.0,0.212,0.2647,0.8009,0.0311,285121,0.9822,no,no,no,no,0,ok
Chaetodon_mesoleucos_iNaturalist_243394049.jpg,Chaetodon mesoleucos,images_inaturalist,1,1.0,0.0,0.7502,0.9732,0.0,0.2318,0.2647,0.8757,0.0482,285125,0.9894,no,no,no,no,0,ok
Chaetodon_mesoleucos_iNaturalist_260752004.jpg,Chaetodon mesoleucos,images_inaturalist,1,1.0,0.0,0.6538,0.9445,0.0,0.201,0.2647,0.7594,0.0359,13716,0.978,no,no,no,no,0,ok
Chaetodon_mesoleucos_iNaturalist_270114509.jpg,Chaetodon mesoleucos,images_inaturalist,1,1.0,0.0,0.5964,0.9034,0.0,0.1228,0.2647,0.4639,0.0463,19806,0.9386,no,no,no,no,0,ok
Chaetodon_mesoleucos_iNaturalist_270115709.jpg,Chaetodon mesoleucos,images_inaturalist,1,1.0,0.0,0.7039,0.9304,0.0,0.082,0.2647,0.3098,0.0963,12029,0.9062,no,no,no,no,0,ok
Chaetodon_mesoleucos_iNaturalist_439504919.jpg,Chaetodon mesoleucos,images_inaturalist,1,1.0,0.0,0.4606,0.8321,0.0,0.2124,0.2647,0.8024,0.0557,257317,0.977,no,no,no,no,0,ok
Chaetodon_mesoleucos_iNaturalist_465897429.jpg,Chaetodon mesoleucos,images_inaturalist,1,1.0,0.0,0.7379,0.8962,0.0,0.03,0.2647,0.1133,0.0562,23745,0.8258,no,no,yes,no,1,review
Chaetodon_mesoleucos_iNaturalist_465897441.jpg,Chaetodon mesoleucos,images_inaturalist,1,1.0,0.0,0.611,0.9132,0.0,0.0318,0.2647,0.1201,0.093,20598,0.8305,no,no,yes,no,1,review
Chaetodon_mesoleucos_iNaturalist_67202713.jpg,Chaetodon mesoleucos,images_inaturalist,1,1.0,0.0,0.6334,0.9535,0.0,0.0335,0.2647,0.1266,0.0969,33999,0.8346,no,no,yes,no,1,review
Chaetodon_mesoleucos_iNaturalist_67938601.jpg,Chaetodon mesoleucos,images_inaturalist,1,1.0,0.0,0.7381,0.9305,0.0,0.0169,0.2647,0.0638,0.1199,14301,0.7799,no,no,yes,no,1,review
Chaetodon_meyeri_Bishop_-146742631.jpg,Chaetodon meyeri,images_bishop,2,1.0,0.0,0.5111,0.9014,0.0,0.4912,0.3366,1.4591,0.0303,254017,0.9698,no,no,no,no,0,ok
Chaetodon_meyeri_FishBaseUser_1360080745_86.28.236.182.jpg,Chaetodon meyeri,images_fishbase_usercontrib,1,1.0,0.0,0.711,0.9853,0.0,0.5711,0.3366,1.6964,0.007,204037,0.9577,no,no,no,no,0,ok
Chaetodon_meyeri_FishBaseUser_1361357670_86.28.236.182.jpg,Chaetodon meyeri,images_fishbase_usercontrib,1,1.0,0.0,0.9165,0.997,0.0,0.2806,0.3366,0.8335,0.0482,379953,0.9854,no,no,no,no,0,ok
Chaetodon_meyeri_FishBaseUser_1385986321_81.98.202.4.jpg,Chaetodon meyeri,images_fishbase_usercontrib,1,1.0,0.0,0.9316,0.9873,0.0,0.3288,0.3366,0.9767,0.1565,919309,0.9981,no,no,no,no,0,ok
Chaetodon_meyeri_FishBaseUser_1433348017_2.238.54.39.jpg,Chaetodon meyeri,images_fishbase_usercontrib,1,1.0,0.0,0.5545,0.9198,0.0,0.3716,0.3366,1.1038,0.0664,232829,0.9921,no,no,no,no,0,ok
Chaetodon_meyeri_FishBaseUser_1473642555_162.158.165.25.jpg,Chaetodon meyeri,images_fishbase_usercontrib,1,1.0,0.0,1.0817,1.0051,0.0,0.0973,0.3366,0.289,0.1357,42327,0.9007,no,no,yes,no,1,review
Chaetodon_meyeri_FishBaseUser_1508799390_172.68.102.54.jpg,Chaetodon meyeri,images_fishbase_usercontrib,1,1.0,0.0,0.9606,0.9813,0.0,0.1271,0.3366,0.3775,0.0507,854050,0.9221,no,no,no,no,0,ok
Chaetodon_meyeri_FishBaseUser_1724129872_172.71.124.212.jpg,Chaetodon meyeri,images_fishbase_usercontrib,3,0.9999,0.0001,0.8755,0.9732,0.0,0.71,0.3366,2.109,0.0177,33177,0.9403,no,no,no,no,0,ok
Chaetodon_meyeri_FishBaseUser_1747229967_95.95.129.49.jpg,Chaetodon meyeri,images_fishbase_usercontrib,1,1.0,0.0,0.6217,0.9042,0.0,0.181,0.3366,0.5377,0.0448,2390770,0.9504,no,no,no,no,0,ok
Chaetodon_meyeri_FishBase_Chmey_j0.jpg,Chaetodon meyeri,images_fishbase_extra,1,1.0,0.0,0.7797,0.9928,0.0,0.3116,0.3366,0.9256,0.0347,152874,0.9938,no,no,no,no,0,ok
Chaetodon_meyeri_FishBase_Chmey_u0.jpg,Chaetodon meyeri,images_fishbase_extra,1,1.0,0.0,0.5283,0.911,0.0,0.4888,0.3366,1.452,0.0305,141824,0.9702,no,no,no,no,0,ok
Chaetodon_meyeri_FishBase_Chmey_u2.jpg,Chaetodon meyeri,images_fishbase_extra,1,1.0,0.0,0.9391,0.987,0.0,0.1466,0.3366,0.4355,0.0629,65482,0.9335,no,no,no,no,0,ok
Chaetodon_meyeri_FishBase_Chmey_u3.jpg,Chaetodon meyeri,images_fishbase_extra,1,1.0,0.0,0.9347,0.9917,0.0,0.3745,0.3366,1.1124,0.0062,103197,0.9915,no,no,no,no,0,ok
Chaetodon_meyeri_FishPix_15990AF.jpg,Chaetodon meyeri,images,1,1.0,0.0,0.905,0.9834,0.0,0.2976,0.3366,0.884,0.0831,123959,0.9901,no,no,no,no,0,ok
Chaetodon_meyeri_FishWise_044132F000004W000006.jpg,Chaetodon meyeri,images_fishwise,1,1.0,0.0,0.4826,0.8966,0.0,0.2574,0.3366,0.7646,0.0283,98429,0.9785,no,no,no,no,0,ok
Chaetodon_meyeri_FishWise_044132F000009W000002.jpg,Chaetodon meyeri,images_fishwise,1,1.0,0.0,0.8968,0.9937,0.0,0.3575,0.3366,1.0619,0.0181,85639,0.9952,no,no,no,no,0,ok
Chaetodon_meyeri_FishWise_044132F000009W000009.jpg,Chaetodon meyeri,images_fishwise,1,1.0,0.0,0.9331,0.9961,0.0,0.3856,0.3366,1.1454,0.0165,88406,0.9891,no,no,no,no,0,ok
Chaetodon_meyeri_FishWise_044132F000009W000010.jpg,Chaetodon meyeri,images_fishwise,1,1.0,0.0,0.765,0.9669,0.0,0.3427,0.3366,1.018,0.0231,306137,0.9986,no,no,no,no,0,ok
Chaetodon_meyeri_FishWise_044132F000009W000011.jpg,Chaetodon meyeri,images_fishwise,1,1.0,0.0,0.8252,0.9916,0.0,0.2275,0.3366,0.6758,0.0027,63336,0.9686,no,no,no,no,0,ok
Chaetodon_meyeri_FishWise_044132F000009W000012.jpg,Chaetodon meyeri,images_fishwise,1,1.0,0.0,0.8178,0.9808,0.0,0.3359,0.3366,0.9978,0.028,117195,0.9998,no,no,no,no,0,ok
Chaetodon_meyeri_FishWise_044132F000009W000016.jpg,Chaetodon meyeri,images_fishwise,1,1.0,0.0,0.8098,0.9729,0.0,0.2837,0.3366,0.8427,0.0149,105486,0.9863,no,no,no,no,0,ok
Chaetodon_meyeri_FishWise_044132F000009W000017.jpg,Chaetodon meyeri,images_fishwise,1,1.0,0.0,1.0972,1.0048,0.0,0.2224,0.3366,0.6606,0.0253,72274,0.9668,no,no,no,no,0,ok
Chaetodon_meyeri_FishWise_044132F000009W000018.jpg,Chaetodon meyeri,images_fishwise,1,1.0,0.0,0.995,1.0,0.0,0.1914,0.3366,0.5685,0.0149,68481,0.9548,no,no,no,no,0,ok
Chaetodon_meyeri_FishWise_044132F000009W000023.jpg,Chaetodon meyeri,images_fishwise,1,1.0,0.0,0.645,0.9159,0.0,0.2621,0.3366,0.7786,0.0197,96322,0.98,no,no,no,no,0,ok
Chaetodon_meyeri_FishWise_044132F000009W000024.jpg,Chaetodon meyeri,images_fishwise,1,1.0,0.0,0.7624,0.9533,0.0,0.4212,0.3366,1.2512,0.0247,127246,0.9821,no,no,no,no,0,ok
Chaetodon_meyeri_FishWise_044132F000009W000026.jpg,Chaetodon meyeri,images_fishwise,1,1.0,0.0,1.0746,0.9925,0.0,0.2998,0.3366,0.8905,0.0344,100503,0.9907,no,no,no,no,0,ok
Chaetodon_meyeri_FishWise_044132F000024W000001.jpg,Chaetodon meyeri,images_fishwise,2,0.9998,0.0002,0.5505,0.9113,0.0,0.4141,0.3366,1.2301,0.0286,110488,0.9834,no,no,no,no,0,ok
Chaetodon_meyeri_FishWise_044132F000112W000007.jpg,Chaetodon meyeri,images_fishwise,2,0.9999,0.0001,0.5798,0.9435,0.0,0.3849,0.3366,1.1433,0.0234,97915,0.9892,no,no,no,no,0,ok
Chaetodon_meyeri_FishWise_044132F000112W000013.jpg,Chaetodon meyeri,images_fishwise,1,1.0,0.0,0.5663,0.9544,0.0,0.5136,0.3366,1.5256,0.0158,124833,0.9662,no,no,no,no,0,ok
Chaetodon_meyeri_FishWise_044132F000112W000014.jpg,Chaetodon meyeri,images_fishwise,1,1.0,0.0,0.4758,0.9514,0.0,0.327,0.3366,0.9713,0.02,112722,0.9977,no,no,no,no,0,ok
Chaetodon_meyeri_FishWise_044132F000167W000003.jpg,Chaetodon meyeri,images_fishwise,1,1.0,0.0,0.965,0.9951,0.0,0.2247,0.3366,0.6675,0.0139,70529,0.9677,no,no,no,no,0,ok
Chaetodon_meyeri_FishWise_044132F000167W000004.jpg,Chaetodon meyeri,images_fishwise,1,1.0,0.0,0.9068,0.9889,0.0,0.1424,0.3366,0.423,0.0278,50390,0.9312,no,no,no,no,0,ok
Chaetodon_meyeri_FishWise_044132F000261W000005.jpg,Chaetodon meyeri,images_fishwise,1,1.0,0.0,0.7655,0.9819,0.0,0.1625,0.3366,0.4827,0.0205,69058,0.9417,no,no,no,no,0,ok
Chaetodon_meyeri_FishWise_044132F000387W000015.jpg,Chaetodon meyeri,images_fishwise,1,1.0,0.0,0.7722,0.9712,0.0,0.3334,0.3366,0.9903,0.0187,110251,0.9992,no,no,no,no,0,ok
Chaetodon_meyeri_FishWise_044132F000387W000019.jpg,Chaetodon meyeri,images_fishwise,1,1.0,0.0,0.8349,0.984,0.0,0.1401,0.3366,0.4162,0.0057,62489,0.9299,no,no,no,no,0,ok
Chaetodon_meyeri_FishWise_044132F000387W000020.jpg,Chaetodon meyeri,images_fishwise,1,1.0,0.0,1.0343,1.0008,0.0,0.1676,0.3366,0.4978,0.0081,72515,0.9442,no,no,no,no,0,ok
Chaetodon_meyeri_FishWise_044132F000387W000021.jpg,Chaetodon meyeri,images_fishwise,1,1.0,0.0,0.8288,0.9703,0.0,0.2961,0.3366,0.8795,0.0293,101998,0.9897,no,no,no,no,0,ok
Chaetodon_meyeri_FishWise_044132F000387W000022.jpg,Chaetodon meyeri,images_fishwise,1,1.0,0.0,1.068,0.9947,0.0,0.3623,0.3366,1.0762,0.0303,104890,0.9941,no,no,no,no,0,ok
Chaetodon_meyeri_FishWise_044132F000387W000025.jpg,Chaetodon meyeri,images_fishwise,1,1.0,0.0,0.9787,0.9839,0.0,0.2641,0.3366,0.7845,0.0299,84963,0.9806,no,no,no,no,0,ok
Chaetodon_meyeri_iNaturalist_233496806.jpg,Chaetodon meyeri,images_inaturalist,1,1.0,0.0,0.831,0.9462,0.0,0.2217,0.3366,0.6585,0.0382,221418,0.9666,no,no,no,no,0,ok
Chaetodon_meyeri_iNaturalist_300418666.jpg,Chaetodon meyeri,images_inaturalist,1,1.0,0.0,0.748,0.9481,0.0,0.2633,0.3366,0.7821,0.0357,231914,0.9803,no,no,no,no,0,ok
Chaetodon_meyeri_iNaturalist_351639691.jpg,Chaetodon meyeri,images_inaturalist,1,1.0,0.0,0.7676,0.9896,0.0,0.2389,0.3366,0.7096,0.0622,189886,0.9726,no,no,no,no,0,ok
Chaetodon_meyeri_iNaturalist_351639745.jpg,Chaetodon meyeri,images_inaturalist,1,1.0,0.0,0.5589,0.8932,0.0,0.2238,0.3366,0.6648,0.2167,280634,0.9673,no,no,no,no,0,ok
Chaetodon_meyeri_iNaturalist_390482460.jpg,Chaetodon meyeri,images_inaturalist,1,1.0,0.0,0.936,0.9979,0.0,0.0637,0.3366,0.1892,0.0554,71242,0.8668,no,no,yes,no,1,review
Chaetodon_meyeri_iNaturalist_485931655.jpg,Chaetodon meyeri,images_inaturalist,1,1.0,0.0,0.7291,0.9744,0.0,0.1746,0.3366,0.5186,0.0725,182341,0.9475,no,no,no,no,0,ok
Chaetodon_meyeri_iNaturalist_51013610.jpg,Chaetodon meyeri,images_inaturalist,1,1.0,0.0,0.8851,0.987,0.0,0.0755,0.3366,0.2243,0.0796,97027,0.8804,no,no,yes,no,1,review
Chaetodon_meyeri_iNaturalist_534300264.jpg,Chaetodon meyeri,images_inaturalist,1,1.0,0.0,0.9104,1.0007,0.0,0.2209,0.3366,0.6562,0.054,156028,0.9663,no,no,no,no,0,ok
Chaetodon_meyeri_iNaturalist_58457304.jpg,Chaetodon meyeri,images_inaturalist,1,1.0,0.0,0.8272,0.9625,0.0,0.1473,0.3366,0.4375,0.0933,190492,0.9339,no,no,no,no,0,ok
Chaetodon_miliaris_Bishop_1720766063.jpg,Chaetodon miliaris,images_bishop,2,1.0,0.0,0.4991,0.886,0.0,0.4616,0.3432,1.345,0.025,268861,0.9763,no,no,no,no,0,ok
Chaetodon_miliaris_Bishop_725437158.jpg,Chaetodon miliaris,images_bishop,1,1.0,0.0,0.5083,0.883,0.0,0.429,0.3432,1.25,0.0191,264065,0.9821,no,no,no,no,0,ok
Chaetodon_miliaris_FishBaseUser_1338031619_67.49.174.50.jpg,Chaetodon miliaris,images_fishbase_usercontrib,1,1.0,0.0,0.6033,0.9506,0.0,0.1317,0.3432,0.3837,0.0165,530845,0.9234,no,no,no,no,0,ok
Chaetodon_miliaris_FishBaseUser_1706291476_172.70.82.22.jpg,Chaetodon miliaris,images_fishbase_usercontrib,1,1.0,0.0,0.7627,0.9796,0.0,0.2657,0.3432,0.7742,0.133,267299,0.9795,no,no,no,no,0,ok
Chaetodon_miliaris_FishBase_Chmil_u0.jpg,Chaetodon miliaris,images,1,1.0,0.0,0.9911,0.9833,0.0,0.3165,0.3432,0.9222,0.0133,93900,0.9935,no,no,no,no,0,ok
Chaetodon_miliaris_FishBase_Chmil_u1.jpg,Chaetodon miliaris,images_fishbase_extra,1,1.0,0.0,0.4914,0.8894,0.0,0.4619,0.3432,1.3459,0.0249,150811,0.9762,no,no,no,no,0,ok
Chaetodon_miliaris_FishBase_Chmil_u2.jpg,Chaetodon miliaris,images_fishbase_extra,1,1.0,0.0,0.5063,0.888,0.0,0.4289,0.3432,1.2497,0.0191,156814,0.9822,no,no,no,no,0,ok
Chaetodon_miliaris_FishBase_Chmil_u3.jpg,Chaetodon miliaris,images_fishbase_extra,2,0.6452,0.3548,0.5789,0.5859,0.2229,0.2389,0.3432,0.6961,0.1988,42114,0.723,no,yes,no,no,1,review
Chaetodon_miliaris_FishBase_Chmil_u5.jpg,Chaetodon miliaris,images_fishbase_extra,1,1.0,0.0,0.4879,0.8726,0.0,0.3489,0.3432,1.0166,0.0539,107998,0.9987,no,no,no,no,0,ok
Chaetodon_miliaris_FishWise_044973F000009W000005.jpg,Chaetodon miliaris,images_fishwise,1,1.0,0.0,0.7185,0.9578,0.0,0.3249,0.3432,0.9467,0.0033,109436,0.9956,no,no,no,no,0,ok
Chaetodon_miliaris_FishWise_044973F000009W000006.jpg,Chaetodon miliaris,images_fishwise,1,1.0,0.0,0.6509,0.9396,0.0,0.2473,0.3432,0.7206,0.01,104989,0.9738,no,no,no,no,0,ok
Chaetodon_miliaris_FishWise_044973F000052W000001.gif,Chaetodon miliaris,images_fishwise,1,1.0,0.0,0.6301,0.9046,0.0,0.3375,0.3432,0.9834,0.0542,89551,0.9987,no,no,no,no,0,ok
Chaetodon_miliaris_iNaturalist_178987952.jpg,Chaetodon miliaris,images_inaturalist,1,1.0,0.0,0.8373,0.9638,0.0,0.0562,0.3432,0.1638,0.0889,69542,0.8552,no,no,yes,no,1,review
Chaetodon_miliaris_iNaturalist_179529915.jpg,Chaetodon miliaris,images_inaturalist,2,0.6558,0.3442,0.7068,0.6328,0.0,0.1563,0.3432,0.4554,0.0584,106464,0.7514,no,yes,no,no,1,review
Chaetodon_miliaris_iNaturalist_179529921.jpg,Chaetodon miliaris,images_inaturalist,4,0.3316,0.6684,0.5315,0.3262,0.0,0.078,0.3432,0.2273,0.0317,30513,0.4904,yes,yes,yes,no,3,resegment_dinosam
Chaetodon_miliaris_iNaturalist_386290369.jpg,Chaetodon miliaris,images_inaturalist,1,1.0,0.0,0.4627,0.8479,0.0,0.3406,0.3432,0.9924,0.0241,484102,0.9988,no,no,no,no,0,ok
Chaetodon_miliaris_iNaturalist_386290397.jpg,Chaetodon miliaris,images_inaturalist,1,1.0,0.0,0.4236,0.8936,0.0069,0.432,0.3432,1.2587,0.0824,553971,0.9802,no,no,no,no,0,ok
Chaetodon_miliaris_iNaturalist_432546006.jpg,Chaetodon miliaris,images_inaturalist,1,1.0,0.0,0.6929,0.916,0.0,0.0134,0.3432,0.039,0.0469,13468,0.76,no,no,yes,no,1,review
Chaetodon_miliaris_iNaturalist_596812440.jpg,Chaetodon miliaris,images_inaturalist,1,1.0,0.0,0.7627,0.9286,0.0,0.0672,0.3432,0.1958,0.0792,42669,0.8695,no,no,yes,no,1,review
Chaetodon_miliaris_iNaturalist_596812456.jpg,Chaetodon miliaris,images_inaturalist,1,1.0,0.0,0.8513,1.0005,0.0,0.0604,0.3432,0.176,0.0299,35591,0.861,no,no,yes,no,1,review
Chaetodon_miliaris_iNaturalist_596812485.jpg,Chaetodon miliaris,images_inaturalist,4,0.3293,0.6707,0.6785,0.2774,0.0,0.0611,0.3432,0.178,0.027,12980,0.4554,yes,yes,yes,no,3,resegment_dinosam
Chaetodon_miliaris_iNaturalist_600454066.jpg,Chaetodon miliaris,images_inaturalist,1,1.0,0.0,0.4309,0.8741,0.0,0.2615,0.3432,0.7619,0.0154,389967,0.9782,no,no,no,no,0,ok
Chaetodon_mitratus_Bishop_-777256060.jpg,Chaetodon mitratus,images_bishop,1,1.0,0.0,0.3166,0.8206,0.0,0.4163,0.2938,1.417,0.0149,228492,0.9633,no,no,no,no,0,ok
Chaetodon_mitratus_FishBaseUser_1393874593_71.202.224.33.jpg,Chaetodon mitratus,images_fishbase_usercontrib,1,1.0,0.0,0.7283,0.9629,0.0,0.1715,0.2938,0.5837,0.0166,2077569,0.9569,no,no,no,no,0,ok
Chaetodon_mitratus_FishBaseUser_1393876847_71.202.224.33.jpg,Chaetodon mitratus,images_fishbase_usercontrib,1,1.0,0.0,0.7354,0.9394,0.0,0.1876,0.2938,0.6385,0.0341,2446036,0.9641,no,no,no,no,0,ok
Chaetodon_mitratus_FishBase_Chmit_u0.jpg,Chaetodon mitratus,images_fishbase_extra,1,1.0,0.0,0.2303,0.7688,0.0,0.2897,0.2938,0.986,0.0225,116090,0.9745,no,no,no,no,0,ok
Chaetodon_mitratus_FishBase_Chmit_u1.jpg,Chaetodon mitratus,images_fishbase_extra,1,1.0,0.0,0.3118,0.8148,0.0,0.4143,0.2938,1.4101,0.015,129362,0.9619,no,no,no,no,0,ok
Chaetodon_mitratus_FishBase_Chmit_u2.jpg,Chaetodon mitratus,images_fishbase_extra,1,1.0,0.0,0.6779,0.8992,0.0,0.248,0.2938,0.8441,0.0417,119097,0.9864,no,no,no,no,0,ok
Chaetodon_mitratus_FishBase_Chmit_u3.jpg,Chaetodon mitratus,images_fishbase_extra,1,1.0,0.0,0.8124,0.9832,0.0,0.2469,0.2938,0.8404,0.033,30763,0.9861,no,no,no,no,0,ok
Chaetodon_mitratus_FishBase_Chmit_u4.jpg,Chaetodon mitratus,images_fishbase_extra,1,1.0,0.0,0.5952,0.8932,0.0,0.3422,0.2938,1.1647,0.051,116947,0.9878,no,no,no,no,0,ok
Chaetodon_mitratus_FishPix_85097AF.jpg,Chaetodon mitratus,images,1,1.0,0.0,0.6958,0.9033,0.0,0.1742,0.2938,0.5929,0.0329,119114,0.9582,no,no,no,no,0,ok
Chaetodon_mitratus_FishWise_045446F000009W000008.jpg,Chaetodon mitratus,images_fishwise,1,1.0,0.0,0.8996,0.9832,0.0,0.2889,0.2938,0.9833,0.0098,98657,0.9987,no,no,no,no,0,ok
Chaetodon_mitratus_FishWise_045446F000024W000001.jpg,Chaetodon mitratus,images_fishwise,2,0.7471,0.2529,0.1532,0.5099,0.0,0.2296,0.2938,0.7815,0.0655,77226,0.7851,no,yes,no,no,1,review
Chaetodon_mitratus_FishWise_045446F000024W000002.jpg,Chaetodon mitratus,images_fishwise,1,1.0,0.0,0.3132,0.8245,0.0,0.4139,0.2938,1.4088,0.0148,99136,0.9649,no,no,no,no,0,ok
Chaetodon_mitratus_FishWise_045446F000112W000005.jpg,Chaetodon mitratus,images_fishwise,1,1.0,0.0,0.3463,0.8068,0.0,0.3111,0.2938,1.0589,0.0171,111033,0.9825,no,no,no,no,0,ok
Chaetodon_mitratus_FishWise_045446F000112W000006.jpg,Chaetodon mitratus,images_fishwise,1,1.0,0.0,0.2758,0.7873,0.0,0.3087,0.2938,1.0507,0.0735,82370,0.9772,no,no,no,no,0,ok
Chaetodon_mitratus_FishWise_045446F000170W000003.jpg,Chaetodon mitratus,images_fishwise,2,1.0,0.0,0.3923,0.8835,0.0,0.3655,0.2938,1.244,0.0586,103232,0.9825,no,no,no,no,0,ok
Chaetodon_mitratus_FishWise_045446F000387W000007.jpg,Chaetodon mitratus,images_fishwise,1,1.0,0.0,0.8622,0.9868,0.0,0.2364,0.2938,0.8046,0.0158,83216,0.9826,no,no,no,no,0,ok
Chaetodon_mitratus_FishWise_045446F000453W000009.jpg,Chaetodon mitratus,images_fishwise,1,1.0,0.0,0.4634,0.8925,0.0,0.2674,0.2938,0.9101,0.0403,94822,0.9925,no,no,no,no,0,ok
Chaetodon_mitratus_iNaturalist_170685878.jpg,Chaetodon mitratus,images_inaturalist,1,1.0,0.0,0.4542,0.8298,0.0,0.2458,0.2938,0.8366,0.0068,81155,0.9797,no,no,no,no,0,ok
Chaetodon_mitratus_iNaturalist_170685886.jpg,Chaetodon mitratus,images_inaturalist,1,1.0,0.0,0.7603,0.9799,0.0,0.3091,0.2938,1.0521,0.0343,86418,0.9959,no,no,no,no,0,ok
Chaetodon_mitratus_iNaturalist_258575955.jpg,Chaetodon mitratus,images_inaturalist,1,1.0,0.0,0.8087,0.9841,0.0,0.0864,0.2938,0.2941,0.0223,81447,0.9021,no,no,yes,no,1,review
Chaetodon_mitratus_iNaturalist_2691139.jpg,Chaetodon mitratus,images_inaturalist,1,1.0,0.0,0.919,0.982,0.0,0.1153,0.2938,0.3924,0.0257,42560,0.9252,no,no,no,no,0,ok
Chaetodon_mitratus_iNaturalist_476531321.jpg,Chaetodon mitratus,images_inaturalist,1,1.0,0.0,0.8921,0.9879,0.0,0.0986,0.2938,0.3356,0.0949,81352,0.9127,no,no,no,no,0,ok
Chaetodon_mitratus_iNaturalist_607776891.jpg,Chaetodon mitratus,images_inaturalist,1,1.0,0.0,0.7523,0.9769,0.0,0.0455,0.2938,0.1549,0.0742,39222,0.8508,no,no,yes,no,1,review
Chaetodon_modestus_Bishop_316109402.jpg,Chaetodon modestus,images_bishop,1,1.0,0.0,0.334,0.7849,0.0009,0.4431,0.4158,1.0657,0.0266,207274,0.9752,no,no,no,no,0,ok
Chaetodon_modestus_FishPix_11839AF.jpg,Chaetodon modestus,images,1,1.0,0.0,0.4509,0.8349,0.0,0.2559,0.4158,0.6154,0.0327,204079,0.9566,no,no,no,no,0,ok
Chaetodon_modestus_FishWise_125671F000042W000001.jpg,Chaetodon modestus,images_fishwise,1,1.0,0.0,0.8064,0.9078,0.0,0.2011,0.4158,0.4836,0.0119,63793,0.9419,no,no,no,no,0,ok
Chaetodon_multicinctus_Bishop_-1145166510.jpg,Chaetodon multicinctus,images_bishop,1,1.0,0.0,0.4952,0.8898,0.0,0.5189,0.2426,2.1389,0.0227,261756,0.9392,no,no,no,no,0,ok
Chaetodon_multicinctus_Bishop_-1285212619.jpg,Chaetodon multicinctus,images_bishop,1,1.0,0.0,0.4799,0.8709,0.0,0.4335,0.2426,1.7869,0.034,279761,0.9536,no,no,no,no,0,ok
Chaetodon_multicinctus_FishBaseUser_1676187077_162.158.91.61.jpg,Chaetodon multicinctus,images_fishbase_usercontrib,1,1.0,0.0,0.9058,0.981,0.0,0.2986,0.2426,1.2308,0.0225,785239,0.9834,no,no,no,no,0,ok
Chaetodon_multicinctus_FishBase_Chmul_u2.jpg,Chaetodon multicinctus,images_fishbase_extra,1,1.0,0.0,0.4908,0.8835,0.0,0.5164,0.2426,2.1286,0.0225,147545,0.9396,no,no,no,no,0,ok
Chaetodon_multicinctus_FishBase_Chmul_u3.jpg,Chaetodon multicinctus,images_fishbase_extra,1,1.0,0.0,0.4777,0.8844,0.0,0.4331,0.2426,1.7852,0.0339,154504,0.9536,no,no,no,no,0,ok
Chaetodon_multicinctus_FishBase_Chmul_u7.jpg,Chaetodon multicinctus,images_fishbase_extra,1,1.0,0.0,0.8128,0.9815,0.0,0.2512,0.2426,1.0354,0.0158,72233,0.9972,no,no,no,no,0,ok
Chaetodon_multicinctus_FishPix_76102AF.jpg,Chaetodon multicinctus,images,1,1.0,0.0,0.9275,1.0034,0.0,0.1423,0.2426,0.5866,0.0639,74739,0.9573,no,no,no,no,0,ok
Chaetodon_multicinctus_FishWise_046454F000009W000004.jpg,Chaetodon multicinctus,images_fishwise,1,1.0,0.0,0.9556,0.9958,0.0,0.2347,0.2426,0.9674,0.0207,84675,0.9974,no,no,no,no,0,ok
Chaetodon_multicinctus_FishWise_046454F000009W000006.jpg,Chaetodon multicinctus,images_fishwise,1,1.0,0.0,0.7305,0.9499,0.0,0.2817,0.2426,1.1612,0.0228,94549,0.988,no,no,no,no,0,ok
Chaetodon_multicinctus_iNaturalist_14228531.jpg,Chaetodon multicinctus,images_inaturalist,1,1.0,0.0,1.0439,0.9901,0.0,0.1053,0.2426,0.434,0.0188,151328,0.9332,no,no,no,no,0,ok
Chaetodon_multicinctus_iNaturalist_169957174.jpg,Chaetodon multicinctus,images_inaturalist,1,1.0,0.0,1.0411,0.9954,0.0,0.055,0.2426,0.2267,0.0616,49993,0.8813,no,no,yes,no,1,review
Chaetodon_multicinctus_iNaturalist_178987277.jpg,Chaetodon multicinctus,images_inaturalist,2,0.5411,0.4589,0.7482,0.3222,0.0,0.0562,0.2426,0.2317,0.0137,24710,0.564,no,yes,yes,no,2,resegment_dinosam
Chaetodon_multicinctus_iNaturalist_456392856.jpg,Chaetodon multicinctus,images_inaturalist,1,1.0,0.0,0.9752,0.9903,0.0,0.203,0.2426,0.8368,0.0651,248858,0.9857,no,no,no,no,0,ok
Chaetodon_multicinctus_iNaturalist_457417238.jpg,Chaetodon multicinctus,images_inaturalist,1,1.0,0.0,0.4689,0.8181,0.0,0.234,0.2426,0.9646,0.0488,244892,0.9875,no,no,no,no,0,ok
Chaetodon_multicinctus_iNaturalist_466264486.jpg,Chaetodon multicinctus,images_inaturalist,2,0.5921,0.4079,0.7333,0.4449,0.0,0.0316,0.2426,0.1303,0.07,7498,0.5726,no,yes,yes,no,2,resegment_dinosam
Chaetodon_multicinctus_iNaturalist_502118771.jpg,Chaetodon multicinctus,images_inaturalist,1,1.0,0.0,1.1146,1.0029,0.0,0.0282,0.2426,0.1162,0.0691,31098,0.8278,no,no,yes,no,1,review
Chaetodon_multicinctus_iNaturalist_51887092.jpg,Chaetodon multicinctus,images_inaturalist,2,0.5338,0.4662,0.9045,0.6315,0.0,0.0905,0.2426,0.373,0.0152,54483,0.6924,no,yes,no,no,1,review
Chaetodon_multicinctus_iNaturalist_580823296.jpg,Chaetodon multicinctus,images_inaturalist,2,0.6278,0.3722,0.8838,0.3,0.0,0.0342,0.2426,0.141,0.0402,19383,0.548,no,yes,yes,no,2,resegment_dinosam
Chaetodon_nigropunctatus_Bishop_1435538384.jpg,Chaetodon nigropunctatus,images_bishop,1,1.0,0.0,0.5243,0.9217,0.0,0.5139,0.3037,1.6919,0.0367,271265,0.9579,no,no,no,no,0,ok
Chaetodon_nigropunctatus_Bishop_276052843.jpg,Chaetodon nigropunctatus,images_bishop,1,1.0,0.0,0.5047,0.9126,0.0,0.4719,0.3037,1.5536,0.0165,267400,0.9648,no,no,no,no,0,ok
Chaetodon_nigropunctatus_FishBaseUser_1496299588_162.158.92.90.jpg,Chaetodon nigropunctatus,images_fishbase_usercontrib,1,1.0,0.0,0.7342,0.9187,0.0,0.1553,0.3037,0.5113,0.0599,270137,0.9463,no,no,no,no,0,ok
Chaetodon_nigropunctatus_FishBaseUser_1507058346_162.158.89.93.jpg,Chaetodon nigropunctatus,images_fishbase_usercontrib,1,1.0,0.0,0.7649,0.9706,0.0,0.2109,0.3037,0.6943,0.0453,219549,0.9708,no,no,no,no,0,ok
Chaetodon_nigropunctatus_FishBaseUser_1507058410_162.158.89.93.jpg,Chaetodon nigropunctatus,images_fishbase_usercontrib,1,1.0,0.0,0.7082,0.9236,0.0,0.1599,0.3037,0.5264,0.0627,159928,0.9487,no,no,no,no,0,ok
Chaetodon_nigropunctatus_FishBaseUser_1586789502_162.158.93.71.jpg,Chaetodon nigropunctatus,images_fishbase_usercontrib,1,1.0,0.0,0.6725,0.9666,0.0,0.3102,0.3037,1.0212,0.0341,219707,0.9983,no,no,no,no,0,ok
Chaetodon_nigropunctatus_FishBase_Chnig_u0.jpg,Chaetodon nigropunctatus,images,1,1.0,0.0,0.6558,0.9531,0.0,0.421,0.3037,1.386,0.0607,120421,0.9739,no,no,no,no,0,ok
Chaetodon_nigropunctatus_FishBase_Chnig_u1.jpg,Chaetodon nigropunctatus,images_fishbase_extra,1,1.0,0.0,0.4315,0.8935,0.0,0.3012,0.3037,0.9916,0.0312,113546,0.9993,no,no,no,no,0,ok
Chaetodon_nigropunctatus_FishBase_Chnig_u2.jpg,Chaetodon nigropunctatus,images_fishbase_extra,1,1.0,0.0,0.5068,0.915,0.0,0.517,0.3037,1.7021,0.0369,153449,0.9575,no,no,no,no,0,ok
Chaetodon_nigropunctatus_FishBase_Chnig_u4.jpg,Chaetodon nigropunctatus,images_fishbase_extra,1,1.0,0.0,0.488,0.9055,0.0,0.4732,0.3037,1.5579,0.0167,151427,0.9645,no,no,no,no,0,ok
Chaetodon_nigropunctatus_FishWise_048831F000009W000007.jpg,Chaetodon nigropunctatus,images_fishwise,1,1.0,0.0,0.8989,0.9889,0.0,0.2743,0.3037,0.903,0.009,107485,0.9918,no,no,no,no,0,ok
Chaetodon_nigropunctatus_FishWise_048831F000025W000004.gif,Chaetodon nigropunctatus,images_fishwise,1,1.0,0.0,0.4783,0.9149,0.0,0.3059,0.3037,1.0071,0.0886,123498,0.9994,no,no,no,no,0,ok
Chaetodon_nigropunctatus_FishWise_048831F000387W000006.jpg,Chaetodon nigropunctatus,images_fishwise,1,1.0,0.0,0.8066,0.9734,0.0,0.3094,0.3037,1.0186,0.0101,119293,0.9985,no,no,no,no,0,ok
Chaetodon_nigropunctatus_iNaturalist_13558701.jpg,Chaetodon nigropunctatus,images_inaturalist,1,1.0,0.0,1.1052,0.9886,0.0,0.0094,0.3037,0.0309,0.2235,5921,0.76,no,no,yes,no,1,review
Chaetodon_nigropunctatus_iNaturalist_3794625.jpg,Chaetodon nigropunctatus,images_inaturalist,2,0.6134,0.3866,0.7203,0.3897,0.0,0.0214,0.3037,0.0705,0.1653,10248,0.5144,no,yes,yes,no,2,resegment_dinosam
Chaetodon_nigropunctatus_iNaturalist_3794626.jpg,Chaetodon nigropunctatus,images_inaturalist,2,0.5377,0.4623,0.748,0.4363,0.0,0.0167,0.3037,0.055,0.202,7965,0.482,no,yes,yes,no,2,resegment_dinosam
Chaetodon_nigropunctatus_iNaturalist_3794627.jpg,Chaetodon nigropunctatus,images_inaturalist,1,1.0,0.0,0.528,0.8307,0.0,0.0039,0.3037,0.0128,0.5085,4491,0.7542,no,no,yes,no,1,review
Chaetodon_nigropunctatus_iNaturalist_57996527.jpg,Chaetodon nigropunctatus,images_inaturalist,1,1.0,0.0,0.7565,0.9686,0.0,0.0491,0.3037,0.1616,0.1018,55386,0.8542,no,no,yes,no,1,review
Chaetodon_nigropunctatus_iNaturalist_604765404.jpg,Chaetodon nigropunctatus,images_inaturalist,3,0.4493,0.5507,0.4423,0.3907,0.0,0.0672,0.3037,0.2212,0.1377,41874,0.5488,yes,yes,yes,no,3,resegment_dinosam
Chaetodon_nigropunctatus_iNaturalist_604772794.jpg,Chaetodon nigropunctatus,images_inaturalist,1,1.0,0.0,0.9327,0.973,0.0,0.0167,0.3037,0.055,0.0824,18465,0.7679,no,no,yes,no,1,review
Chaetodon_nigropunctatus_iNaturalist_604772814.jpg,Chaetodon nigropunctatus,images_inaturalist,1,1.0,0.0,0.8082,0.945,0.0,0.0629,0.3037,0.2071,0.0489,52464,0.874,no,no,yes,no,1,review
Chaetodon_nigropunctatus_iNaturalist_9173198.jpg,Chaetodon nigropunctatus,images_inaturalist,1,1.0,0.0,1.0311,0.9933,0.0,0.2492,0.3037,0.8204,0.0823,46592,0.9842,no,no,no,no,0,ok
Chaetodon_nippon_Bishop_-751379567.jpg,Chaetodon nippon,images_bishop,1,1.0,0.0,0.3488,0.832,0.0,0.4284,0.1375,3.1156,0.0131,242861,0.9037,no,no,no,no,0,ok
Chaetodon_nippon_FishBaseUser_1401575352_114.155.215.180.jpg,Chaetodon nippon,images_fishbase_usercontrib,1,1.0,0.0,0.7217,0.9603,0.0,0.1049,0.1375,0.7629,0.0162,123670,0.9784,no,no,no,no,0,ok
Chaetodon_nippon_FishBaseUser_1401575459_114.155.215.180.jpg,Chaetodon nippon,images_fishbase_usercontrib,1,1.0,0.0,0.7822,0.9699,0.0,0.1545,0.1375,1.1236,0.0078,120113,0.9907,no,no,no,no,0,ok
Chaetodon_nippon_FishBase_Chnip_u0.jpg,Chaetodon nippon,images_fishbase_extra,1,1.0,0.0,0.7093,0.9377,0.0,0.2522,0.1375,1.8342,0.0587,95567,0.9515,no,no,no,no,0,ok
Chaetodon_nippon_FishBase_Chnip_u1.jpg,Chaetodon nippon,images_fishbase_extra,1,1.0,0.0,0.3392,0.8313,0.0,0.4278,0.1375,3.1113,0.0135,136600,0.9036,no,no,no,no,0,ok
Chaetodon_nippon_FishPix_1590AF.jpg,Chaetodon nippon,images,1,1.0,0.0,0.8392,0.9698,0.0,0.1646,0.1375,1.1971,0.0319,77077,0.9856,no,no,no,no,0,ok
Chaetodon_nippon_iNaturalist_11570041.jpg,Chaetodon nippon,images_inaturalist,1,1.0,0.0,0.7669,0.9445,0.0,0.1375,0.1375,1.0,0.057,114475,1,no,no,no,no,0,ok
Chaetodon_nippon_iNaturalist_11570042.jpg,Chaetodon nippon,images_inaturalist,1,1.0,0.0,0.7623,0.9498,0.0,0.0698,0.1375,0.5076,0.1421,72987,0.9458,no,no,no,no,0,ok
Chaetodon_nippon_iNaturalist_32560890.jpg,Chaetodon nippon,images_inaturalist,1,1.0,0.0,0.8566,0.9705,0.0,0.0607,0.1375,0.4415,0.0254,48387,0.9346,no,no,no,no,0,ok
Chaetodon_nippon_iNaturalist_4412325.jpg,Chaetodon nippon,images_inaturalist,1,1.0,0.0,0.7273,0.9245,0.0,0.0827,0.1375,0.6015,0.0361,98279,0.9593,no,no,no,no,0,ok
Chaetodon_nippon_iNaturalist_453789927.jpg,Chaetodon nippon,images_inaturalist,1,1.0,0.0,0.7737,0.9498,0.0,0.101,0.1375,0.7345,0.0835,84104,0.9753,no,no,no,no,0,ok
Chaetodon_nippon_iNaturalist_517620398.jpg,Chaetodon nippon,images_inaturalist,1,1.0,0.0,0.7623,0.9598,0.0,0.1587,0.1375,1.1542,0.1443,84607,0.9885,no,no,no,no,0,ok
Chaetodon_nippon_iNaturalist_574792403.jpg,Chaetodon nippon,images_inaturalist,2,0.5672,0.4328,0.7484,0.4665,0.0,0.0443,0.1375,0.3222,0.0364,35026,0.6429,no,yes,no,no,1,review
Chaetodon_nippon_iNaturalist_586694238.jpg,Chaetodon nippon,images_inaturalist,1,1.0,0.0,0.8597,0.9771,0.0,0.1261,0.1375,0.9171,0.0779,109053,0.9931,no,no,no,no,0,ok
Chaetodon_nippon_iNaturalist_84067425.jpg,Chaetodon nippon,images_inaturalist,1,1.0,0.0,0.6943,0.9207,0.0,0.1034,0.1375,0.752,0.1326,129851,0.9772,no,no,no,no,0,ok
Chaetodon_ocellatus_FishBaseUser_1598571923_162.158.187.179.jpg,Chaetodon ocellatus,images_fishbase_usercontrib,1,1.0,0.0,0.7922,0.9691,0.0,0.1355,0.2474,0.5477,0.0123,598448,0.9518,no,no,no,no,0,ok
Chaetodon_ocellatus_FishBaseUser_1598572079_162.158.187.179.jpg,Chaetodon ocellatus,images_fishbase_usercontrib,1,1.0,0.0,0.5313,0.9045,0.0,0.4028,0.2474,1.6281,0.0577,801605,0.961,no,no,no,no,0,ok
Chaetodon_ocellatus_FishBaseUser_1598572174_162.158.187.179.jpg,Chaetodon ocellatus,images_fishbase_usercontrib,1,1.0,0.0,0.551,0.9185,0.0,0.3069,0.2474,1.2405,0.0827,665184,0.9828,no,no,no,no,0,ok
Chaetodon_ocellatus_FishBaseUser_1598572256_162.158.187.179.jpg,Chaetodon ocellatus,images_fishbase_usercontrib,1,1.0,0.0,0.6546,0.9461,0.0,0.2474,0.2474,1.0,0.057,470697,1,no,no,no,no,0,ok
Chaetodon_ocellatus_FishBaseUser_1598572342_162.158.187.179.jpg,Chaetodon ocellatus,images_fishbase_usercontrib,1,1.0,0.0,0.9281,0.9805,0.0,0.0585,0.2474,0.2365,0.0989,137277,0.8846,no,no,yes,no,1,review
Chaetodon_ocellatus_FishBaseUser_1598572445_162.158.187.179.jpg,Chaetodon ocellatus,images_fishbase_usercontrib,1,1.0,0.0,0.6618,0.9569,0.0,0.3542,0.2474,1.4317,0.0745,3028673,0.9713,no,no,no,no,0,ok
Chaetodon_ocellatus_FishBaseUser_1689857890_172.71.22.73.jpg,Chaetodon ocellatus,images_fishbase_usercontrib,2,0.5748,0.4252,0.7644,0.812,0.0,0.1253,0.2474,0.5065,0.1256,568642,0.7854,no,no,no,no,0,ok
Chaetodon_ocellatus_FishBaseUser_1690137999_172.71.82.68.jpg,Chaetodon ocellatus,images_fishbase_usercontrib,1,1.0,0.0,0.8779,0.9866,0.0,0.0924,0.2474,0.3735,0.0127,311970,0.9212,no,no,no,no,0,ok
Chaetodon_ocellatus_FishBaseUser_1706212482_172.70.83.28.jpg,Chaetodon ocellatus,images_fishbase_usercontrib,1,1.0,0.0,0.8766,0.9777,0.0,0.1798,0.2474,0.7268,0.0276,150425,0.9745,no,no,no,no,0,ok
Chaetodon_ocellatus_FishBaseUser_1706471062_172.70.54.83.jpg,Chaetodon ocellatus,images_fishbase_usercontrib,1,1.0,0.0,0.6162,0.9548,0.0,0.1753,0.2474,0.7086,0.0329,211641,0.9724,no,no,no,no,0,ok
Chaetodon_ocellatus_FishBaseUser_1707603127_172.68.123.141.jpg,Chaetodon ocellatus,images_fishbase_usercontrib,1,1.0,0.0,0.9347,0.9822,0.0,0.1583,0.2474,0.6399,0.0579,150130,0.9643,no,no,no,no,0,ok
Chaetodon_ocellatus_FishBaseUser_1712080269_172.70.83.78.jpg,Chaetodon ocellatus,images_fishbase_usercontrib,1,1.0,0.0,0.743,0.9654,0.0,0.171,0.2474,0.6912,0.0419,197561,0.9705,no,no,no,no,0,ok
Chaetodon_ocellatus_FishBaseUser_1712080330_172.70.83.77.jpg,Chaetodon ocellatus,images_fishbase_usercontrib,1,1.0,0.0,0.668,0.9676,0.0,0.245,0.2474,0.9903,0.1016,175048,0.9992,no,no,no,no,0,ok
Chaetodon_ocellatus_FishBaseUser_1747231574_95.95.129.49.jpg,Chaetodon ocellatus,images_fishbase_usercontrib,1,1.0,0.0,0.735,0.9453,0.0,0.0884,0.2474,0.3573,0.0837,1137139,0.9177,no,no,no,no,0,ok
Chaetodon_ocellatus_FishBase_Choce_u5.jpg,Chaetodon ocellatus,images_fishbase_extra,1,1.0,0.0,0.9943,0.9778,0.0,0.0713,0.2474,0.2882,0.1446,12818,0.9005,no,no,yes,no,1,review
Chaetodon_ocellatus_FishBase_Choce_u8.jpg,Chaetodon ocellatus,images_fishbase_extra,2,0.6092,0.3908,1.0039,0.7471,0.0,0.1274,0.2474,0.515,0.1375,21251,0.7793,no,no,no,no,0,ok
Chaetodon_ocellatus_FishBase_Choce_ub.jpg,Chaetodon ocellatus,images_fishbase_extra,1,1.0,0.0,0.8068,0.9858,0.0,0.3129,0.2474,1.2648,0.0224,140164,0.9812,no,no,no,no,0,ok
Chaetodon_ocellatus_FishPix_22181AF.jpg,Chaetodon ocellatus,images,1,1.0,0.0,0.63,0.9595,0.0,0.225,0.2474,0.9095,0.0229,156923,0.9924,no,no,no,no,0,ok
Chaetodon_ocellatus_FishWise_090680F000009W000001.jpg,Chaetodon ocellatus,images_fishwise,1,1.0,0.0,0.5812,0.9333,0.0,0.191,0.2474,0.772,0.0631,60512,0.9793,no,no,no,no,0,ok
Chaetodon_ocellatus_FishWise_090680F000009W000002.jpg,Chaetodon ocellatus,images_fishwise,1,1.0,0.0,0.906,0.9895,0.0,0.315,0.2474,1.2732,0.0122,81712,0.9807,no,no,no,no,0,ok
Chaetodon_ocellatus_FishWise_090680F000036W000004.jpg,Chaetodon ocellatus,images_fishwise,1,1.0,0.0,0.4856,0.8959,0.001,0.3892,0.2474,1.5732,0.0144,133463,0.9636,no,no,no,no,0,ok
Chaetodon_ocellatus_FishWise_090680F006659W000006.jpg,Chaetodon ocellatus,images_fishwise,1,1.0,0.0,0.858,0.9789,0.0,0.3104,0.2474,1.2546,0.0304,109683,0.9819,no,no,no,no,0,ok
Chaetodon_ocellatus_FishWise_090680F007724W000005.jpg,Chaetodon ocellatus,images_fishwise,1,1.0,0.0,0.7272,0.966,0.0,0.1748,0.2474,0.7065,0.0381,70400,0.9722,no,no,no,no,0,ok
Chaetodon_ocellatus_iNaturalist_21126529.jpg,Chaetodon ocellatus,images_inaturalist,1,1.0,0.0,0.3439,0.5982,0.0,0.0255,0.2474,0.1031,0.1841,54855,0.7427,no,yes,yes,no,2,resegment_dinosam
Chaetodon_ocellatus_iNaturalist_241430977.jpg,Chaetodon ocellatus,images_inaturalist,1,1.0,0.0,0.3779,0.8312,0.3404,0.6646,0.2474,2.6863,0.0484,628865,0.8472,no,yes,no,yes,2,resegment_dinosam
Chaetodon_ocellatus_iNaturalist_441973498.jpg,Chaetodon ocellatus,images_inaturalist,1,1.0,0.0,0.774,1.0038,0.0114,0.4185,0.2474,1.6916,0.1278,489015,0.9557,no,no,no,no,0,ok
Chaetodon_ocellatus_iNaturalist_441973517.jpg,Chaetodon ocellatus,images_inaturalist,18,0.9982,0.0018,0.0856,0.9049,0.0043,0.3383,0.2474,1.3674,0.137,445978,0.962,no,no,no,no,0,ok
Chaetodon_ocellatus_iNaturalist_451091737.jpg,Chaetodon ocellatus,images_inaturalist,1,1.0,0.0,0.6398,0.912,0.0,0.1403,0.2474,0.5671,0.0629,184308,0.9546,no,no,no,no,0,ok
Chaetodon_ocellatus_iNaturalist_451092106.jpg,Chaetodon ocellatus,images_inaturalist,1,1.0,0.0,0.6456,0.913,0.0,0.1391,0.2474,0.5622,0.0359,180291,0.9539,no,no,no,no,0,ok
Chaetodon_ocellatus_iNaturalist_540068424.jpg,Chaetodon ocellatus,images_inaturalist,1,1.0,0.0,0.5146,0.8788,0.0,0.1954,0.2474,0.7898,0.0384,217209,0.9811,no,no,no,no,0,ok
Chaetodon_ocellatus_iNaturalist_569216342.jpg,Chaetodon ocellatus,images_inaturalist,1,1.0,0.0,0.731,0.9457,0.0,0.2407,0.2474,0.9729,0.0542,260274,0.9978,no,no,no,no,0,ok
Chaetodon_ocellicaudus_Bishop_958979710.jpg,Chaetodon ocellicaudus,images_bishop,1,1.0,0.0,0.3778,0.8424,0.0,0.4156,0.2697,1.541,0.0443,222337,0.9631,no,no,no,no,0,ok
Chaetodon_ocellicaudus_FishBaseUser_1354819061_86.28.236.182.jpg,Chaetodon ocellicaudus,images_fishbase_usercontrib,1,1.0,0.0,0.8604,0.9878,0.0,0.2691,0.2697,0.9978,0.125,219599,0.9998,no,no,no,no,0,ok
Chaetodon_ocellicaudus_FishBaseUser_1354819138_86.28.236.182.jpg,Chaetodon ocellicaudus,images_fishbase_usercontrib,1,1.0,0.0,1.0008,1.0013,0.0,0.2375,0.2697,0.8806,0.0913,279327,0.9898,no,no,no,no,0,ok
Chaetodon_ocellicaudus_FishBaseUser_1577141693_172.68.102.78.jpg,Chaetodon ocellicaudus,images_fishbase_usercontrib,1,1.0,0.0,0.9154,0.9864,0.0,0.1031,0.2697,0.3823,0.0141,3200343,0.9231,no,no,no,no,0,ok
Chaetodon_ocellicaudus_FishBaseUser_1655740932_172.70.126.159.jpg,Chaetodon ocellicaudus,images_fishbase_usercontrib,1,1.0,0.0,0.8281,0.9751,0.0,0.174,0.2697,0.6452,0.0834,575431,0.9649,no,no,no,no,0,ok
Chaetodon_ocellicaudus_FishBaseUser_1753601574_219.73.75.40.jpg,Chaetodon ocellicaudus,images_fishbase_usercontrib,1,1.0,0.0,0.9153,0.9775,0.0,0.143,0.2697,0.5302,0.03,144796,0.9492,no,no,no,no,0,ok
Chaetodon_ocellicaudus_FishBase_Choce_j0.jpg,Chaetodon ocellicaudus,images_fishbase_extra,1,1.0,0.0,0.6876,0.9126,0.0,0.2297,0.2697,0.8517,0.087,68775,0.9872,no,no,no,no,0,ok
Chaetodon_ocellicaudus_FishBase_Choce_u1.jpg,Chaetodon ocellicaudus,images_fishbase_extra,1,1.0,0.0,0.9088,0.9827,0.0,0.3668,0.2697,1.36,0.0317,124363,0.9754,no,no,no,no,0,ok
Chaetodon_ocellicaudus_FishBase_Choce_u4.jpg,Chaetodon ocellicaudus,images_fishbase_extra,3,0.9999,0.0001,0.3738,0.8378,0.0,0.411,0.2697,1.5239,0.0441,125367,0.9626,no,no,no,no,0,ok
Chaetodon_ocellicaudus_FishPix_5227AF.jpg,Chaetodon ocellicaudus,images,1,1.0,0.0,0.7335,0.981,0.0,0.1996,0.2697,0.7401,0.0736,112001,0.9759,no,no,no,no,0,ok
Chaetodon_ocellicaudus_FishWise_050523F000009W000003.jpg,Chaetodon ocellicaudus,images_fishwise,1,1.0,0.0,0.7895,0.9789,0.0,0.4368,0.2697,1.6196,0.0234,128505,0.9614,no,no,no,no,0,ok
Chaetodon_ocellicaudus_FishWise_050523F000009W000004.jpg,Chaetodon ocellicaudus,images_fishwise,1,1.0,0.0,0.7339,0.967,0.0,0.3756,0.2697,1.3927,0.0175,126803,0.9735,no,no,no,no,0,ok
Chaetodon_ocellicaudus_FishWise_050523F000009W000005.jpg,Chaetodon ocellicaudus,images_fishwise,1,1.0,0.0,0.9709,0.9903,0.0,0.317,0.2697,1.1754,0.0195,92186,0.9871,no,no,no,no,0,ok
Chaetodon_ocellicaudus_FishWise_050523F000024W000001.jpg,Chaetodon ocellicaudus,images_fishwise,1,1.0,0.0,0.997,0.9916,0.0,0.4745,0.2697,1.7594,0.0149,116758,0.9548,no,no,no,no,0,ok
Chaetodon_ocellicaudus_FishWise_050523F000024W000002.jpg,Chaetodon ocellicaudus,images_fishwise,3,1.0,0.0,0.398,0.8447,0.0,0.3106,0.2697,1.1516,0.039,97062,0.9871,no,no,no,no,0,ok
Chaetodon_ocellicaudus_FishWise_050523F000387W000006.jpg,Chaetodon ocellicaudus,images_fishwise,1,1.0,0.0,0.9924,0.9918,0.0,0.3012,0.2697,1.1168,0.0187,87450,0.9912,no,no,no,no,0,ok
Chaetodon_ocellicaudus_FishWise_050523F000387W000007.jpg,Chaetodon ocellicaudus,images_fishwise,1,1.0,0.0,0.7762,0.9832,0.0,0.1832,0.2697,0.6793,0.0156,83667,0.9691,no,no,no,no,0,ok
Chaetodon_ocellicaudus_iNaturalist_270410292.jpg,Chaetodon ocellicaudus,images_inaturalist,1,1.0,0.0,0.9196,0.9916,0.0,0.2085,0.2697,0.7731,0.1436,197993,0.9794,no,no,no,no,0,ok
Chaetodon_ocellicaudus_iNaturalist_340784700.jpg,Chaetodon ocellicaudus,images_inaturalist,2,0.7401,0.2599,0.8238,0.5749,0.0061,0.194,0.2697,0.7193,0.0314,22277,0.7989,no,yes,no,no,1,review
Chaetodon_ocellicaudus_iNaturalist_459451753.jpg,Chaetodon ocellicaudus,images_inaturalist,1,1.0,0.0,1.0272,0.9871,0.0,0.2047,0.2697,0.759,0.0093,190817,0.9779,no,no,no,no,0,ok
Chaetodon_ocellicaudus_iNaturalist_459663675.jpg,Chaetodon ocellicaudus,images_inaturalist,1,1.0,0.0,0.7706,0.9849,0.0,0.1071,0.2697,0.3971,0.0196,119942,0.9261,no,no,no,no,0,ok
Chaetodon_ocellicaudus_iNaturalist_467374317.jpg,Chaetodon ocellicaudus,images_inaturalist,1,1.0,0.0,0.8737,0.9639,0.0,0.0486,0.2697,0.1802,0.0557,50774,0.8629,no,no,yes,no,1,review
Chaetodon_ocellicaudus_iNaturalist_467374320.jpg,Chaetodon ocellicaudus,images_inaturalist,1,1.0,0.0,0.7737,0.8962,0.0,0.0716,0.2697,0.2655,0.112,61088,0.8939,no,no,yes,no,1,review
Chaetodon_ocellicaudus_iNaturalist_472685751.jpg,Chaetodon ocellicaudus,images_inaturalist,1,1.0,0.0,0.9858,0.9908,0.0,0.0479,0.2697,0.1776,0.0553,36613,0.8617,no,no,yes,no,1,review
Chaetodon_ocellicaudus_iNaturalist_480811911.jpg,Chaetodon ocellicaudus,images_inaturalist,1,1.0,0.0,0.8752,0.9672,0.0,0.1053,0.2697,0.3904,0.04,109831,0.9248,no,no,no,no,0,ok
Chaetodon_ocellicaudus_iNaturalist_48536597.jpg,Chaetodon ocellicaudus,images_inaturalist,1,1.0,0.0,0.9032,0.9791,0.0,0.4057,0.2697,1.5043,0.0707,492834,0.9673,no,no,no,no,0,ok
Chaetodon_ocellicaudus_iNaturalist_530620209.jpg,Chaetodon ocellicaudus,images_inaturalist,2,0.6785,0.3215,0.5635,0.5003,0.0076,0.0648,0.2697,0.2403,0.3125,59946,0.667,no,yes,yes,no,2,resegment_dinosam
Chaetodon_octofasciatus_Bishop_1838436391.jpg,Chaetodon octofasciatus,images_bishop,1,1.0,0.0,0.3879,0.8699,0.0,0.4234,0.2218,1.9089,0.0061,213851,0.9483,no,no,no,no,0,ok
Chaetodon_octofasciatus_FishBaseUser_1339683283_86.10.200.84.jpg,Chaetodon octofasciatus,images_fishbase_usercontrib,1,1.0,0.0,0.8052,0.9702,0.0,0.2602,0.2218,1.1731,0.0936,551570,0.9872,no,no,no,no,0,ok
Chaetodon_octofasciatus_FishBaseUser_1339683352_86.10.200.84.jpg,Chaetodon octofasciatus,images_fishbase_usercontrib,1,1.0,0.0,0.5241,0.9025,0.0,0.1473,0.2218,0.6641,0.1275,588610,0.9673,no,no,no,no,0,ok
Chaetodon_octofasciatus_FishBaseUser_1406540491_210.212.251.114.jpg,Chaetodon octofasciatus,images_fishbase_usercontrib,1,1.0,0.0,0.8387,0.9573,0.0,0.2614,0.2218,1.1785,0.0795,87460,0.9869,no,no,no,no,0,ok
Chaetodon_octofasciatus_FishBaseUser_1441344113_117.206.95.248.jpg,Chaetodon octofasciatus,images_fishbase_usercontrib,1,1.0,0.0,0.5734,0.9397,0.0,0.3403,0.2218,1.5343,0.0682,369624,0.9658,no,no,no,no,0,ok
Chaetodon_octofasciatus_FishBaseUser_1469522064_162.158.167.12.jpg,Chaetodon octofasciatus,images_fishbase_usercontrib,2,0.7095,0.2905,1.0911,0.6664,0.0,0.0823,0.2218,0.3711,0.1557,89414,0.7639,no,no,no,no,0,ok
Chaetodon_octofasciatus_FishBaseUser_1486518173_162.158.230.121.jpg,Chaetodon octofasciatus,images_fishbase_usercontrib,1,1.0,0.0,0.3268,0.7258,0.0,0.1218,0.2218,0.5491,0.1294,563537,0.9148,no,no,no,no,0,ok
Chaetodon_octofasciatus_FishBaseUser_1524750600_162.158.167.158.jpg,Chaetodon octofasciatus,images_fishbase_usercontrib,2,0.7565,0.2435,0.4153,0.8148,0.0144,0.3473,0.2218,1.5658,0.1116,167915,0.8655,no,no,no,no,0,ok
Chaetodon_octofasciatus_FishBaseUser_1527581132_162.158.22.210.jpg,Chaetodon octofasciatus,images_fishbase_usercontrib,1,1.0,0.0,0.7044,0.9105,0.0,0.0294,0.2218,0.1326,0.1274,143735,0.8383,no,no,yes,no,1,review
Chaetodon_octofasciatus_FishBaseUser_1569480211_172.68.143.140.jpg,Chaetodon octofasciatus,images_fishbase_usercontrib,1,1.0,0.0,0.8902,0.9775,0.0,0.0589,0.2218,0.2656,0.052,121536,0.8939,no,no,yes,no,1,review
Chaetodon_octofasciatus_FishBaseUser_1569480322_172.68.141.60.jpg,Chaetodon octofasciatus,images_fishbase_usercontrib,1,1.0,0.0,0.8367,0.9738,0.0,0.0762,0.2218,0.3436,0.1045,168114,0.9145,no,no,no,no,0,ok
Chaetodon_octofasciatus_FishBaseUser_1569480361_172.68.189.231.jpg,Chaetodon octofasciatus,images_fishbase_usercontrib,1,1.0,0.0,1.0174,0.9823,0.0,0.0223,0.2218,0.1005,0.0284,47106,0.8162,no,no,yes,no,1,review
Chaetodon_octofasciatus_FishBaseUser_1577141796_172.68.102.78.jpg,Chaetodon octofasciatus,images_fishbase_usercontrib,1,1.0,0.0,0.6762,0.962,0.0,0.3177,0.2218,1.4324,0.056,4982669,0.9713,no,no,no,no,0,ok
Chaetodon_octofasciatus_FishBaseUser_1656493691_172.70.189.156.jpg,Chaetodon octofasciatus,images_fishbase_usercontrib,1,1.0,0.0,0.803,0.9744,0.0,0.1163,0.2218,0.5243,0.0296,23764,0.9484,no,no,no,no,0,ok
Chaetodon_octofasciatus_FishBaseUser_1672900713_172.71.218.148.jpg,Chaetodon octofasciatus,images_fishbase_usercontrib,1,1.0,0.0,0.6364,0.9109,0.0,0.2155,0.2218,0.9716,0.0452,3352228,0.9977,no,no,no,no,0,ok
Chaetodon_octofasciatus_FishBaseUser_1672900766_162.158.179.76.jpg,Chaetodon octofasciatus,images_fishbase_usercontrib,1,1.0,0.0,0.7105,0.9476,0.0,0.2572,0.2218,1.1596,0.0802,74185,0.9882,no,no,no,no,0,ok
Chaetodon_octofasciatus_FishBaseUser_1672900799_162.158.179.76.jpg,Chaetodon octofasciatus,images_fishbase_usercontrib,1,1.0,0.0,0.2375,0.8307,0.0,0.1495,0.2218,0.674,0.2621,747020,0.9627,no,no,no,no,0,ok
Chaetodon_octofasciatus_FishBaseUser_1672900851_172.71.214.7.jpg,Chaetodon octofasciatus,images_fishbase_usercontrib,1,1.0,0.0,0.5977,0.9598,0.0444,0.7328,0.2218,3.3039,0.0306,298420,0.8955,no,no,no,no,0,ok
Chaetodon_octofasciatus_FishBaseUser_1723301095_172.69.132.223.jpg,Chaetodon octofasciatus,images_fishbase_usercontrib,1,1.0,0.0,0.8915,0.9653,0.0,0.0628,0.2218,0.2831,0.0741,74969,0.8991,no,no,yes,no,1,review
Chaetodon_octofasciatus_FishBaseUser_1747086503_169.150.203.237.jpg,Chaetodon octofasciatus,images_fishbase_usercontrib,1,1.0,0.0,0.8402,0.959,0.0,0.2753,0.2218,1.2412,0.0994,619986,0.9827,no,no,no,no,0,ok
Chaetodon_octofasciatus_FishBaseUser_1747232318_95.95.129.49.jpg,Chaetodon octofasciatus,images_fishbase_usercontrib,1,1.0,0.0,0.7792,0.9394,0.0,0.0788,0.2218,0.3553,0.0788,988499,0.9172,no,no,no,no,0,ok
Chaetodon_octofasciatus_FishBase_Choct_j0.jpg,Chaetodon octofasciatus,images_fishbase_extra,1,1.0,0.0,0.9685,0.9673,0.0,0.0459,0.2218,0.2069,0.0295,20238,0.874,no,no,yes,no,1,review
Chaetodon_octofasciatus_FishBase_Choct_j1.jpg,Chaetodon octofasciatus,images_fishbase_extra,1,1.0,0.0,0.6194,0.922,0.0,0.066,0.2218,0.2976,0.0398,32359,0.903,no,no,yes,no,1,review
Chaetodon_octofasciatus_FishBase_Choct_j2.jpg,Chaetodon octofasciatus,images_fishbase_extra,1,1.0,0.0,0.6749,0.9466,0.0,0.1843,0.2218,0.8309,0.0108,70032,0.9852,no,no,no,no,0,ok
Chaetodon_octofasciatus_FishBase_Choct_u0.jpg,Chaetodon octofasciatus,images_fishbase_extra,1,1.0,0.0,0.5102,0.9073,0.0,0.2694,0.2218,1.2146,0.0128,80939,0.9844,no,no,no,no,0,ok
Chaetodon_octofasciatus_FishBase_Choct_u1.jpg,Chaetodon octofasciatus,images_fishbase_extra,1,1.0,0.0,0.421,0.8658,0.0,0.2056,0.2218,0.927,0.1118,65795,0.9939,no,no,no,no,0,ok
Chaetodon_octofasciatus_FishBase_Choct_u2.jpg,Chaetodon octofasciatus,images_fishbase_extra,1,1.0,0.0,0.3804,0.8643,0.0,0.4245,0.2218,1.9139,0.0049,120131,0.9481,no,no,no,no,0,ok
Chaetodon_octofasciatus_FishBase_Choct_u3.jpg,Chaetodon octofasciatus,images_fishbase_extra,1,1.0,0.0,0.9604,0.9884,0.0,0.2061,0.2218,0.9292,0.0461,105123,0.9941,no,no,no,no,0,ok
Chaetodon_octofasciatus_FishBase_Choct_u4.jpg,Chaetodon octofasciatus,images_fishbase_extra,1,1.0,0.0,0.6424,0.8846,0.0,0.1489,0.2218,0.6713,0.0713,51720,0.9681,no,no,no,no,0,ok
Chaetodon_octofasciatus_FishBase_Choct_u5.jpg,Chaetodon octofasciatus,images_fishbase_extra,1,1.0,0.0,0.4191,0.8987,0.0,0.1241,0.2218,0.5595,0.0227,53358,0.9535,no,no,no,no,0,ok
Chaetodon_octofasciatus_FishBase_Choct_u6.jpg,Chaetodon octofasciatus,images_fishbase_extra,1,1.0,0.0,0.4281,0.8954,0.0,0.3957,0.2218,1.784,0.0271,100105,0.9537,no,no,no,no,0,ok
Chaetodon_octofasciatus_FishBase_Choct_u7.jpg,Chaetodon octofasciatus,images_fishbase_extra,1,1.0,0.0,0.4656,0.875,0.0,0.1815,0.2218,0.8183,0.0252,66482,0.984,no,no,no,no,0,ok
Chaetodon_octofasciatus_FishBase_Choct_u8.jpg,Chaetodon octofasciatus,images_fishbase_extra,1,1.0,0.0,0.5141,0.9196,0.0,0.4619,0.2218,2.0825,0.0486,150946,0.9413,no,no,no,no,0,ok
Chaetodon_octofasciatus_FishBase_Choct_u9.jpg,Chaetodon octofasciatus,images_fishbase_extra,1,1.0,0.0,0.705,0.9434,0.0,0.1975,0.2218,0.8904,0.032,104240,0.9907,no,no,no,no,0,ok
Chaetodon_octofasciatus_FishPix_40751AF.jpg,Chaetodon octofasciatus,images,1,1.0,0.0,1.0812,0.9976,0.0,0.205,0.2218,0.9243,0.0475,84188,0.9937,no,no,no,no,0,ok
Chaetodon_octofasciatus_FishWise_050607F000004W000008.jpg,Chaetodon octofasciatus,images_fishwise,1,1.0,0.0,0.4256,0.8843,0.0,0.2405,0.2218,1.0843,0.0323,69281,0.9935,no,no,no,no,0,ok
Chaetodon_octofasciatus_FishWise_050607F000112W000009.jpg,Chaetodon octofasciatus,images_fishwise,1,1.0,0.0,0.4737,0.9336,0.0,0.4803,0.2218,2.1655,0.025,101694,0.9382,no,no,no,no,0,ok
Chaetodon_octofasciatus_FishWise_050607F000112W000010.jpg,Chaetodon octofasciatus,images_fishwise,1,1.0,0.0,0.4514,0.8918,0.0,0.4745,0.2218,2.1393,0.0086,103633,0.9392,no,no,no,no,0,ok
Chaetodon_octofasciatus_FishWise_050607F000112W000011.jpg,Chaetodon octofasciatus,images_fishwise,1,1.0,0.0,0.3772,0.8847,0.0,0.4492,0.2218,2.0252,0.0154,93620,0.9435,no,no,no,no,0,ok
Chaetodon_octofasciatus_FishWise_050607F000387W000012.jpg,Chaetodon octofasciatus,images_fishwise,1,1.0,0.0,0.5053,0.9206,0.0,0.1847,0.2218,0.8327,0.0548,66288,0.9854,no,no,no,no,0,ok
Chaetodon_octofasciatus_FishWise_050607F000387W000013.jpg,Chaetodon octofasciatus,images_fishwise,1,1.0,0.0,0.6883,0.9287,0.0,0.3185,0.2218,1.436,0.0141,113306,0.9711,no,no,no,no,0,ok
Chaetodon_octofasciatus_iNaturalist_187480976.jpg,Chaetodon octofasciatus,images_inaturalist,1,1.0,0.0,0.7028,0.9508,0.0,0.2193,0.2218,0.9887,0.0107,161118,0.9991,no,no,no,no,0,ok
Chaetodon_octofasciatus_iNaturalist_201702755.jpg,Chaetodon octofasciatus,images_inaturalist,1,1.0,0.0,0.566,0.9017,0.0,0.1977,0.2218,0.8913,0.0094,205044,0.9908,no,no,no,no,0,ok
Chaetodon_octofasciatus_iNaturalist_318759027.jpg,Chaetodon octofasciatus,images_inaturalist,1,1.0,0.0,0.8778,0.9749,0.0,0.1453,0.2218,0.6551,0.0275,223704,0.9662,no,no,no,no,0,ok
Chaetodon_octofasciatus_iNaturalist_318759037.jpg,Chaetodon octofasciatus,images_inaturalist,1,1.0,0.0,0.8676,0.9751,0.0,0.1793,0.2218,0.8084,0.0063,300469,0.983,no,no,no,no,0,ok
Chaetodon_octofasciatus_iNaturalist_319578656.jpg,Chaetodon octofasciatus,images_inaturalist,1,1.0,0.0,0.9943,0.9715,0.0,0.1091,0.2218,0.4919,0.0661,93415,0.9432,no,no,no,no,0,ok
Chaetodon_octofasciatus_iNaturalist_327088836.jpg,Chaetodon octofasciatus,images_inaturalist,1,1.0,0.0,0.8823,0.959,0.0,0.1041,0.2218,0.4693,0.0193,85396,0.9395,no,no,no,no,0,ok
Chaetodon_octofasciatus_iNaturalist_367755144.jpg,Chaetodon octofasciatus,images_inaturalist,1,1.0,0.0,0.7466,0.9446,0.0,0.0242,0.2218,0.1091,0.0113,43119,0.8228,no,no,yes,no,1,review
Chaetodon_octofasciatus_iNaturalist_438496468.jpg,Chaetodon octofasciatus,images_inaturalist,2,0.6025,0.3975,0.8373,0.4463,0.0,0.0395,0.2218,0.1781,0.0619,18585,0.6017,no,yes,yes,no,2,resegment_dinosam
Chaetodon_octofasciatus_iNaturalist_482079348.jpg,Chaetodon octofasciatus,images_inaturalist,2,0.9999,0.0001,0.9068,0.9754,0.0,0.1067,0.2218,0.4811,0.1121,96991,0.9414,no,no,no,no,0,ok
Chaetodon_octofasciatus_iNaturalist_573587028.jpg,Chaetodon octofasciatus,images_inaturalist,1,1.0,0.0,0.5231,0.9313,0.0,0.1621,0.2218,0.7308,0.0341,138777,0.9749,no,no,no,no,0,ok
Chaetodon_ornatissimus_Bishop_164962524.jpg,Chaetodon ornatissimus,images_bishop,1,1.0,0.0,0.4878,0.9085,0.0,0.4823,0.315,1.5311,0.0254,250855,0.9659,no,no,no,no,0,ok
Chaetodon_ornatissimus_Bishop_553414317.jpg,Chaetodon ornatissimus,images_bishop,1,1.0,0.0,0.4487,0.8964,0.0,0.4663,0.315,1.4803,0.0466,249951,0.9686,no,no,no,no,0,ok
Chaetodon_ornatissimus_FishBaseUser_1428394230_94.198.16.174.jpg,Chaetodon ornatissimus,images_fishbase_usercontrib,1,1.0,0.0,0.6877,0.9089,0.0,0.0648,0.315,0.2057,0.2711,45572,0.8735,no,no,yes,no,1,review
Chaetodon_ornatissimus_FishBaseUser_1469522144_162.158.167.12.jpg,Chaetodon ornatissimus,images_fishbase_usercontrib,1,1.0,0.0,0.9825,0.9969,0.0,0.1812,0.315,0.5752,0.0408,199261,0.9558,no,no,no,no,0,ok
Chaetodon_ornatissimus_FishBaseUser_1508799540_172.68.102.54.jpg,Chaetodon ornatissimus,images_fishbase_usercontrib,1,1.0,0.0,1.0329,1.0023,0.0,0.0415,0.315,0.1317,0.0953,486608,0.8378,no,no,yes,no,1,review
Chaetodon_ornatissimus_FishBaseUser_1676168749_172.69.33.132.jpg,Chaetodon ornatissimus,images_fishbase_usercontrib,1,1.0,0.0,0.7677,0.9253,0.0,0.1615,0.315,0.5127,0.0525,2712736,0.9466,no,no,no,no,0,ok
Chaetodon_ornatissimus_FishBaseUser_1706289204_108.162.212.117.jpg,Chaetodon ornatissimus,images_fishbase_usercontrib,1,1.0,0.0,0.9826,1.004,0.0,0.1772,0.315,0.5625,0.1357,149389,0.954,no,no,no,no,0,ok
Chaetodon_ornatissimus_FishBaseUser_1707093967_172.70.255.38.jpg,Chaetodon ornatissimus,images_fishbase_usercontrib,1,1.0,0.0,0.9761,1.0011,0.0,0.3071,0.315,0.9749,0.0332,212003,0.998,no,no,no,no,0,ok
Chaetodon_ornatissimus_FishBaseUser_1747232504_95.95.129.49.jpg,Chaetodon ornatissimus,images_fishbase_usercontrib,1,1.0,0.0,0.8078,0.9774,0.0,0.2126,0.315,0.6749,0.069,2321972,0.9685,no,no,no,no,0,ok
Chaetodon_ornatissimus_FishBase_Chorn_u0.jpg,Chaetodon ornatissimus,images_fishbase_extra,2,0.5192,0.4808,0.8131,0.7354,0.0,0.1747,0.315,0.5546,0.0123,43367,0.7502,no,no,no,no,0,ok
Chaetodon_ornatissimus_FishBase_Chorn_u1.jpg,Chaetodon ornatissimus,images_fishbase_extra,1,1.0,0.0,0.5557,0.9354,0.0,0.2412,0.315,0.7657,0.0266,80626,0.9786,no,no,no,no,0,ok
Chaetodon_ornatissimus_FishBase_Chorn_u2.jpg,Chaetodon ornatissimus,images_fishbase_extra,2,1.0,0.0,0.4584,0.9061,0.0,0.4668,0.315,1.4819,0.0467,139270,0.9685,no,no,no,no,0,ok
Chaetodon_ornatissimus_FishBase_Chorn_u3.jpg,Chaetodon ornatissimus,images_fishbase_extra,1,1.0,0.0,0.4901,0.9121,0.0,0.4842,0.315,1.5371,0.0253,140405,0.9656,no,no,no,no,0,ok
Chaetodon_ornatissimus_FishBase_Chorn_u5.jpg,Chaetodon ornatissimus,images_fishbase_extra,1,1.0,0.0,0.8994,0.9953,0.0,0.2476,0.315,0.786,0.0065,115256,0.9807,no,no,no,no,0,ok
Chaetodon_ornatissimus_FishBase_Chorn_u7.jpg,Chaetodon ornatissimus,images_fishbase_extra,1,1.0,0.0,0.4882,0.8996,0.0,0.3514,0.315,1.1156,0.0203,128199,0.9913,no,no,no,no,0,ok
Chaetodon_ornatissimus_FishBase_Chorn_uf.jpg,Chaetodon ornatissimus,images_fishbase_extra,2,0.5285,0.4715,0.919,0.4038,0.0,0.1212,0.315,0.3848,0.0077,20832,0.6247,no,yes,no,no,1,review
Chaetodon_ornatissimus_FishBase_Chorn_uk.jpg,Chaetodon ornatissimus,images_fishbase_extra,1,1.0,0.0,0.7997,0.9889,0.0,0.4286,0.315,1.3606,0.0149,152611,0.9754,no,no,no,no,0,ok
Chaetodon_ornatissimus_FishBase_Chorn_um.jpg,Chaetodon ornatissimus,images_fishbase_extra,1,1.0,0.0,0.6559,0.9781,0.0,0.3281,0.315,1.0416,0.0282,136951,0.9967,no,no,no,no,0,ok
Chaetodon_ornatissimus_FishPix_10043AF.jpg,Chaetodon ornatissimus,images,1,1.0,0.0,0.5931,0.9733,0.0,0.2318,0.315,0.7359,0.014,122761,0.9755,no,no,no,no,0,ok
Chaetodon_ornatissimus_FishWise_051623F000009W000009.jpg,Chaetodon ornatissimus,images_fishwise,1,1.0,0.0,0.7548,0.962,0.0,0.2828,0.315,0.8978,0.0333,92477,0.9914,no,no,no,no,0,ok
Chaetodon_ornatissimus_FishWise_051623F000009W000010.jpg,Chaetodon ornatissimus,images_fishwise,1,1.0,0.0,0.7614,0.9937,0.0,0.3604,0.315,1.1441,0.0691,106880,0.9892,no,no,no,no,0,ok
Chaetodon_ornatissimus_FishWise_051623F000009W000011.jpg,Chaetodon ornatissimus,images_fishwise,1,1.0,0.0,0.9419,1.0016,0.0,0.3592,0.315,1.1403,0.0582,99315,0.9895,no,no,no,no,0,ok
Chaetodon_ornatissimus_FishWise_051623F000009W000016.jpg,Chaetodon ornatissimus,images_fishwise,1,1.0,0.0,0.8958,0.9899,0.0,0.3429,0.315,1.0886,0.0019,109123,0.9932,no,no,no,no,0,ok
Chaetodon_ornatissimus_FishWise_051623F000009W000017.jpg,Chaetodon ornatissimus,images_fishwise,1,1.0,0.0,0.8538,0.9917,0.0,0.4084,0.315,1.2965,0.0073,128771,0.9792,no,no,no,no,0,ok
Chaetodon_ornatissimus_FishWise_051623F000009W000019.jpg,Chaetodon ornatissimus,images_fishwise,1,1.0,0.0,0.7431,0.9676,0.0,0.3229,0.315,1.0251,0.0042,96099,0.998,no,no,no,no,0,ok
Chaetodon_ornatissimus_FishWise_051623F000009W000020.jpg,Chaetodon ornatissimus,images_fishwise,1,1.0,0.0,0.8538,0.9917,0.0,0.4084,0.315,1.2965,0.0073,128771,0.9792,no,no,no,no,0,ok
Chaetodon_ornatissimus_FishWise_051623F000024W000001.jpg,Chaetodon ornatissimus,images_fishwise,2,0.5186,0.4814,0.8252,0.7401,0.0,0.1753,0.315,0.5565,0.0124,30973,0.7517,no,no,no,no,0,ok
Chaetodon_ornatissimus_FishWise_051623F000024W000003.jpg,Chaetodon ornatissimus,images_fishwise,1,1.0,0.0,0.5163,0.9113,0.0,0.4192,0.315,1.3308,0.0247,109149,0.9771,no,no,no,no,0,ok
Chaetodon_ornatissimus_FishWise_051623F000031W000004.jpg,Chaetodon ornatissimus,images_fishwise,1,1.0,0.0,0.9021,0.9932,0.0,0.2477,0.315,0.7863,0.0065,90023,0.9808,no,no,no,no,0,ok
Chaetodon_ornatissimus_FishWise_051623F000039W000002.jpg,Chaetodon ornatissimus,images_fishwise,1,1.0,0.0,0.5347,0.9286,0.0,0.3047,0.315,0.9673,0.0305,81548,0.9973,no,no,no,no,0,ok
Chaetodon_ornatissimus_FishWise_051623F000112W000007.jpg,Chaetodon ornatissimus,images_fishwise,2,1.0,0.0,0.4657,0.9421,0.0,0.4228,0.315,1.3422,0.028,118603,0.9765,no,no,no,no,0,ok
Chaetodon_ornatissimus_FishWise_051623F000112W000013.jpg,Chaetodon ornatissimus,images_fishwise,1,1.0,0.0,0.4667,0.9334,0.0,0.3616,0.315,1.1479,0.0124,124081,0.989,no,no,no,no,0,ok
Chaetodon_ornatissimus_FishWise_051623F000156W000005.jpg,Chaetodon ornatissimus,images_fishwise,3,0.559,0.441,0.7574,0.8018,0.0,0.1675,0.315,0.5317,0.0746,32221,0.7807,yes,no,no,no,1,review
Chaetodon_ornatissimus_FishWise_051623F000492W000018.jpg,Chaetodon ornatissimus,images_fishwise,1,1.0,0.0,0.6595,0.9666,0.0,0.3004,0.315,0.9537,0.0354,114153,0.9962,no,no,no,no,0,ok
Chaetodon_ornatissimus_iNaturalist_123987464.jpg,Chaetodon ornatissimus,images_inaturalist,1,1.0,0.0,0.6319,0.9708,0.0,0.0616,0.315,0.1956,0.0232,44319,0.8694,no,no,yes,no,1,review
Chaetodon_ornatissimus_iNaturalist_179512141.jpg,Chaetodon ornatissimus,images_inaturalist,2,0.5429,0.4571,1.0341,0.4649,0.0,0.0279,0.315,0.0886,0.1073,15477,0.5306,no,yes,yes,no,2,resegment_dinosam
Chaetodon_ornatissimus_iNaturalist_179799134.jpg,Chaetodon ornatissimus,images_inaturalist,2,0.9999,0.0001,0.5195,0.8514,0.0,0.083,0.315,0.2635,0.0101,100999,0.8933,no,no,yes,no,1,review
Chaetodon_ornatissimus_iNaturalist_248887270.jpg,Chaetodon ornatissimus,images_inaturalist,1,1.0,0.0,0.9323,0.994,0.0,0.078,0.315,0.2476,0.1242,78568,0.8883,no,no,yes,no,1,review
Chaetodon_ornatissimus_iNaturalist_306927692.jpg,Chaetodon ornatissimus,images_inaturalist,1,1.0,0.0,0.6151,0.9798,0.0,0.0545,0.315,0.173,0.1147,43764,0.8597,no,no,yes,no,1,review
Chaetodon_ornatissimus_iNaturalist_355757662.jpg,Chaetodon ornatissimus,images_inaturalist,1,1.0,0.0,0.4076,0.81,0.0,0.1011,0.315,0.321,0.0236,98202,0.8971,no,no,no,no,0,ok
Chaetodon_ornatissimus_iNaturalist_436943971.jpg,Chaetodon ornatissimus,images_inaturalist,1,1.0,0.0,0.8116,0.9687,0.0,0.0886,0.315,0.2813,0.0636,98904,0.8985,no,no,yes,no,1,review
Chaetodon_ornatissimus_iNaturalist_442103313.jpg,Chaetodon ornatissimus,images_inaturalist,2,0.9998,0.0002,0.5242,0.8931,0.0,0.0793,0.315,0.2517,0.0413,58951,0.8896,no,no,yes,no,1,review
Chaetodon_ornatissimus_iNaturalist_4956860.jpg,Chaetodon ornatissimus,images_inaturalist,2,0.9998,0.0002,0.5186,0.9488,0.0,0.2171,0.315,0.6892,0.0408,299379,0.9702,no,no,no,no,0,ok
Chaetodon_ornatissimus_iNaturalist_71820287.jpg,Chaetodon ornatissimus,images_inaturalist,1,1.0,0.0,0.7376,0.9295,0.0,0.0376,0.315,0.1194,0.0598,41020,0.83,no,no,yes,no,1,review
Chaetodon_oxycephalus_FishBaseUser_1486517905_162.158.230.121.jpg,Chaetodon oxycephalus,images_fishbase_usercontrib,1,1.0,0.0,0.6791,0.9754,0.0,0.2031,0.2298,0.8838,0.0678,545602,0.9901,no,no,no,no,0,ok
Chaetodon_oxycephalus_FishBaseUser_1577141959_172.68.102.78.jpg,Chaetodon oxycephalus,images_fishbase_usercontrib,1,1.0,0.0,0.8316,0.9822,0.0,0.2571,0.2298,1.1188,0.0403,4043701,0.991,no,no,no,no,0,ok
Chaetodon_oxycephalus_FishBaseUser_1655919649_172.70.178.225.jpg,Chaetodon oxycephalus,images_fishbase_usercontrib,2,0.654,0.346,0.7953,0.7178,0.0,0.2875,0.2298,1.2511,0.0348,1998544,0.8213,no,no,no,no,0,ok
Chaetodon_oxycephalus_FishBaseUser_1752920869_219.77.80.48.jpg,Chaetodon oxycephalus,images_fishbase_usercontrib,1,1.0,0.0,0.9403,0.9426,0.0,0.0516,0.2298,0.2245,0.0372,64874,0.8805,no,no,yes,no,1,review
Chaetodon_oxycephalus_FishBase_Choxy_u0.jpg,Chaetodon oxycephalus,images_fishbase_extra,1,1.0,0.0,0.5181,0.9426,0.0,0.3137,0.2298,1.3651,0.0213,104411,0.9751,no,no,no,no,0,ok
Chaetodon_oxycephalus_FishBase_Choxy_ua.jpg,Chaetodon oxycephalus,images_fishbase_extra,1,1.0,0.0,0.7589,0.9653,0.0,0.2954,0.2298,1.2855,0.0168,108516,0.9799,no,no,no,no,0,ok
Chaetodon_oxycephalus_FishPix_22169AF.jpg,Chaetodon oxycephalus,images,1,1.0,0.0,0.9186,0.9865,0.0,0.2599,0.2298,1.131,0.0582,128335,0.9902,no,no,no,no,0,ok
Chaetodon_oxycephalus_FishWise_052042F000009W000002.jpg,Chaetodon oxycephalus,images_fishwise,1,1.0,0.0,0.9309,0.9914,0.0,0.3446,0.2298,1.4996,0.0232,112128,0.9676,no,no,no,no,0,ok
Chaetodon_oxycephalus_iNaturalist_19630338.jpg,Chaetodon oxycephalus,images_inaturalist,1,1.0,0.0,0.9377,0.9774,0.0,0.1628,0.2298,0.7084,0.0387,177328,0.9724,no,no,no,no,0,ok
Chaetodon_oxycephalus_iNaturalist_423160550.jpg,Chaetodon oxycephalus,images_inaturalist,1,1.0,0.0,0.9432,0.9886,0.0,0.1457,0.2298,0.634,0.0763,160739,0.9635,no,no,no,no,0,ok
Chaetodon_oxycephalus_iNaturalist_448971545.jpg,Chaetodon oxycephalus,images_inaturalist,1,1.0,0.0,0.7741,0.9845,0.0,0.2091,0.2298,0.9099,0.0304,207041,0.9924,no,no,no,no,0,ok
Chaetodon_oxycephalus_iNaturalist_458154395.jpg,Chaetodon oxycephalus,images_inaturalist,1,1.0,0.0,1.0589,0.9997,0.0,0.0379,0.2298,0.1649,0.0371,45411,0.8558,no,no,yes,no,1,review
Chaetodon_oxycephalus_iNaturalist_463479666.jpg,Chaetodon oxycephalus,images_inaturalist,1,1.0,0.0,0.8144,0.9845,0.0,0.1683,0.2298,0.7324,0.1755,179229,0.9751,no,no,no,no,0,ok
Chaetodon_oxycephalus_iNaturalist_474167620.jpg,Chaetodon oxycephalus,images_inaturalist,1,1.0,0.0,1.0852,1.0039,0.0,0.0416,0.2298,0.181,0.1073,43854,0.8633,no,no,yes,no,1,review
Chaetodon_oxycephalus_iNaturalist_474167629.jpg,Chaetodon oxycephalus,images_inaturalist,1,1.0,0.0,0.9611,0.9926,0.0,0.1297,0.2298,0.5644,0.1107,130625,0.9542,no,no,no,no,0,ok
Chaetodon_oxycephalus_iNaturalist_487815001.jpg,Chaetodon oxycephalus,images_inaturalist,1,1.0,0.0,1.1025,0.9873,0.0,0.1524,0.2298,0.6632,0.0317,108106,0.9671,no,no,no,no,0,ok
Chaetodon_oxycephalus_iNaturalist_564242487.jpg,Chaetodon oxycephalus,images_inaturalist,1,1.0,0.0,1.0626,0.9787,0.0,0.2796,0.2298,1.2167,0.0665,8302,0.9843,no,no,no,no,0,ok
Chaetodon_oxycephalus_iNaturalist_59429662.jpg,Chaetodon oxycephalus,images_inaturalist,1,1.0,0.0,0.7848,0.9744,0.0,0.0574,0.2298,0.2498,0.1465,56150,0.889,no,no,yes,no,1,review
Chaetodon_paucifasciatus_Bishop_-1576082838.jpg,Chaetodon paucifasciatus,images_bishop,1,1.0,0.0,0.4304,0.8505,0.0,0.4875,0.1993,2.4461,0.0316,278748,0.9284,no,no,no,no,0,ok
Chaetodon_paucifasciatus_FishBaseUser_1376819168_85.71.241.46.jpg,Chaetodon paucifasciatus,images_fishbase_usercontrib,1,1.0,0.0,0.6537,0.969,0.0,0.2946,0.1993,1.4782,0.0234,1370130,0.9687,no,no,no,no,0,ok
Chaetodon_paucifasciatus_FishBaseUser_1499758323_162.158.230.28.jpg,Chaetodon paucifasciatus,images_fishbase_usercontrib,1,1.0,0.0,0.7889,0.939,0.0,0.2292,0.1993,1.15,0.0312,115786,0.9888,no,no,no,no,0,ok
Chaetodon_paucifasciatus_FishBaseUser_1499758474_162.158.230.28.jpg,Chaetodon paucifasciatus,images_fishbase_usercontrib,1,1.0,0.0,0.9351,0.9945,0.0,0.2936,0.1993,1.4732,0.0266,559284,0.969,no,no,no,no,0,ok
Chaetodon_paucifasciatus_FishBaseUser_1508799724_172.68.102.54.jpg,Chaetodon paucifasciatus,images_fishbase_usercontrib,1,1.0,0.0,0.5376,0.9627,0.0,0.1318,0.1993,0.6613,0.0542,880313,0.9669,no,no,no,no,0,ok
Chaetodon_paucifasciatus_FishBaseUser_1655397149_172.71.102.121.jpg,Chaetodon paucifasciatus,images_fishbase_usercontrib,1,1.0,0.0,0.3986,0.9138,0.0,0.4983,0.1993,2.5003,0.0631,2631014,0.9267,no,no,no,no,0,ok
Chaetodon_paucifasciatus_FishBaseUser_1668976671_172.71.30.106.jpg,Chaetodon paucifasciatus,images_fishbase_usercontrib,1,1.0,0.0,0.6849,0.9695,0.0,0.2671,0.1993,1.3402,0.1006,1956982,0.9766,no,no,no,no,0,ok
Chaetodon_paucifasciatus_FishBaseUser_1705777233_172.70.255.60.jpg,Chaetodon paucifasciatus,images_fishbase_usercontrib,1,1.0,0.0,0.8307,0.9536,0.0,0.1504,0.1993,0.7546,0.1179,109012,0.9775,no,no,no,no,0,ok
Chaetodon_paucifasciatus_FishBaseUser_1705777333_172.70.82.152.jpg,Chaetodon paucifasciatus,images_fishbase_usercontrib,1,1.0,0.0,0.7408,0.9686,0.0,0.1631,0.1993,0.8184,0.081,116404,0.984,no,no,no,no,0,ok
Chaetodon_paucifasciatus_FishBase_Chpau_u0.jpg,Chaetodon paucifasciatus,images,1,1.0,0.0,0.7112,0.9648,0.0,0.3456,0.1993,1.7341,0.0115,146992,0.956,no,no,no,no,0,ok
Chaetodon_paucifasciatus_FishBase_Chpau_u1.jpg,Chaetodon paucifasciatus,images_fishbase_extra,1,1.0,0.0,0.4254,0.8544,0.0,0.4865,0.1993,2.441,0.0315,155635,0.9286,no,no,no,no,0,ok
Chaetodon_paucifasciatus_FishBase_Chpau_u2.jpg,Chaetodon paucifasciatus,images_fishbase_extra,1,1.0,0.0,0.5338,0.8802,0.0,0.347,0.1993,1.7411,0.0302,109754,0.9556,no,no,no,no,0,ok
Chaetodon_paucifasciatus_FishBase_Chpau_u3.jpg,Chaetodon paucifasciatus,images_fishbase_extra,1,1.0,0.0,0.7168,0.9738,0.0,0.2235,0.1993,1.1214,0.0499,84484,0.9908,no,no,no,no,0,ok
Chaetodon_paucifasciatus_FishBase_Chpau_u4.jpg,Chaetodon paucifasciatus,images_fishbase_extra,1,1.0,0.0,0.3762,0.8959,0.0,0.342,0.1993,1.716,0.0083,117232,0.9568,no,no,no,no,0,ok
Chaetodon_paucifasciatus_FishWise_053582F000009W000005.jpg,Chaetodon paucifasciatus,images_fishwise,1,1.0,0.0,0.7741,0.9715,0.0,0.1602,0.1993,0.8038,0.041,55788,0.9825,no,no,no,no,0,ok
Chaetodon_paucifasciatus_FishWise_053582F000009W000006.jpg,Chaetodon paucifasciatus,images_fishwise,1,1.0,0.0,0.6275,0.9442,0.0,0.1672,0.1993,0.8389,0.0548,52361,0.986,no,no,no,no,0,ok
Chaetodon_paucifasciatus_FishWise_053582F000009W000007.jpg,Chaetodon paucifasciatus,images_fishwise,1,1.0,0.0,0.7202,0.9476,0.0,0.1654,0.1993,0.8299,0.0304,48232,0.9851,no,no,no,no,0,ok
Chaetodon_paucifasciatus_FishWise_053582F000009W000012.jpg,Chaetodon paucifasciatus,images_fishwise,1,1.0,0.0,0.6853,0.9652,0.0,0.2341,0.1993,1.1746,0.0032,86177,0.9871,no,no,no,no,0,ok
Chaetodon_paucifasciatus_FishWise_053582F000167W000008.jpg,Chaetodon paucifasciatus,images_fishwise,1,1.0,0.0,0.7681,0.9719,0.0,0.095,0.1993,0.4767,0.0372,24643,0.9407,no,no,no,no,0,ok
Chaetodon_paucifasciatus_FishWise_053582F000175W000003.jpg,Chaetodon paucifasciatus,images_fishwise,1,1.0,0.0,0.5715,0.8826,0.0,0.2179,0.1993,1.0933,0.0209,101432,0.9929,no,no,no,no,0,ok
Chaetodon_paucifasciatus_FishWise_053582F000387W000014.jpg,Chaetodon paucifasciatus,images_fishwise,1,1.0,0.0,0.5284,0.9057,0.0,0.3908,0.1993,1.9609,0.0283,124262,0.9461,no,no,no,no,0,ok
Chaetodon_paucifasciatus_iNaturalist_157577460.jpg,Chaetodon paucifasciatus,images_inaturalist,1,1.0,0.0,0.659,0.9413,0.0,0.0898,0.1993,0.4506,0.0637,114254,0.9362,no,no,no,no,0,ok
Chaetodon_paucifasciatus_iNaturalist_157577598.jpg,Chaetodon paucifasciatus,images_inaturalist,2,0.5418,0.4582,0.9528,0.5008,0.0,0.0514,0.1993,0.2579,0.08,34847,0.6265,no,yes,yes,no,2,resegment_dinosam
Chaetodon_paucifasciatus_iNaturalist_157581191.jpg,Chaetodon paucifasciatus,images_inaturalist,1,1.0,0.0,0.8282,0.956,0.0,0.0186,0.1993,0.0933,0.3687,18643,0.8103,no,no,yes,no,1,review
Chaetodon_paucifasciatus_iNaturalist_379831846.jpg,Chaetodon paucifasciatus,images_inaturalist,1,1.0,0.0,1.0785,1.0018,0.0,0.0304,0.1993,0.1525,0.0743,31878,0.8496,no,no,yes,no,1,review
Chaetodon_paucifasciatus_iNaturalist_448628514.jpg,Chaetodon paucifasciatus,images_inaturalist,1,1.0,0.0,0.6976,0.9551,0.0,0.2856,0.1993,1.433,0.034,278783,0.9712,no,no,no,no,0,ok
Chaetodon_paucifasciatus_iNaturalist_449356891.jpg,Chaetodon paucifasciatus,images_inaturalist,1,1.0,0.0,0.7219,0.9461,0.0,0.1803,0.1993,0.9047,0.1199,149093,0.992,no,no,no,no,0,ok
Chaetodon_paucifasciatus_iNaturalist_449950227.jpg,Chaetodon paucifasciatus,images_inaturalist,1,1.0,0.0,0.7942,0.9597,0.0,0.1031,0.1993,0.5173,0.1076,136942,0.9473,no,no,no,no,0,ok
Chaetodon_paucifasciatus_iNaturalist_459516012.jpg,Chaetodon paucifasciatus,images_inaturalist,1,1.0,0.0,0.8079,0.9653,0.0,0.0858,0.1993,0.4305,0.1847,92889,0.9326,no,no,no,no,0,ok
Chaetodon_paucifasciatus_iNaturalist_461212819.jpg,Chaetodon paucifasciatus,images_inaturalist,1,1.0,0.0,0.55,1.0086,0.2002,0.1048,0.1993,0.5258,0.4452,9545,0.9085,no,no,no,no,0,ok
Chaetodon_paucifasciatus_iNaturalist_70239542.jpg,Chaetodon paucifasciatus,images_inaturalist,1,1.0,0.0,0.794,0.9882,0.0,0.1126,0.1993,0.565,0.0197,103452,0.9543,no,no,no,no,0,ok
Chaetodon_pelewensis_Bishop_-460781405.jpg,Chaetodon pelewensis,images_bishop,2,1.0,0.0,0.4457,0.8574,0.0,0.5157,0.2283,2.2589,0.0227,265609,0.9348,no,no,no,no,0,ok
Chaetodon_pelewensis_FishBaseUser_1508799935_172.68.102.54.jpg,Chaetodon pelewensis,images_fishbase_usercontrib,1,1.0,0.0,0.9724,0.9979,0.0,0.1387,0.2283,0.6075,0.0506,797032,0.9601,no,no,no,no,0,ok
Chaetodon_pelewensis_FishBaseUser_1596612426_172.69.14.136.jpg,Chaetodon pelewensis,images_fishbase_usercontrib,2,0.71,0.29,0.3129,0.417,0.0,0.0825,0.2283,0.3614,0.0718,578833,0.6872,no,yes,no,no,1,review
Chaetodon_pelewensis_FishBaseUser_1703891637_172.70.55.134.jpg,Chaetodon pelewensis,images_fishbase_usercontrib,1,1.0,0.0,0.9911,0.9972,0.0,0.0846,0.2283,0.3706,0.124,52149,0.9206,no,no,no,no,0,ok
Chaetodon_pelewensis_FishBaseUser_1706113459_108.162.212.38.jpg,Chaetodon pelewensis,images_fishbase_usercontrib,1,1.0,0.0,0.7908,0.971,0.0,0.1994,0.2283,0.8734,0.0465,205346,0.9892,no,no,no,no,0,ok
Chaetodon_pelewensis_FishBaseUser_1706113534_172.70.54.82.jpg,Chaetodon pelewensis,images_fishbase_usercontrib,1,1.0,0.0,0.7435,0.9739,0.0,0.3,0.2283,1.3141,0.0424,212903,0.9782,no,no,no,no,0,ok
Chaetodon_pelewensis_FishBaseUser_1734298768_162.158.154.114.jpg,Chaetodon pelewensis,images_fishbase_usercontrib,1,1.0,0.0,0.7487,0.9727,0.0,0.2922,0.2283,1.2799,0.0661,2911878,0.9803,no,no,no,no,0,ok
Chaetodon_pelewensis_FishBase_Chpel_u1.jpg,Chaetodon pelewensis,images_fishbase_extra,1,1.0,0.0,0.4458,0.8624,0.0,0.5156,0.2283,2.2584,0.0225,148499,0.9348,no,no,no,no,0,ok
Chaetodon_pelewensis_FishBase_Chpel_u2.jpg,Chaetodon pelewensis,images_fishbase_extra,1,1.0,0.0,0.778,0.9693,0.0,0.1586,0.2283,0.6947,0.0232,62100,0.9709,no,no,no,no,0,ok
Chaetodon_pelewensis_FishBase_Chpel_u3.jpg,Chaetodon pelewensis,images_fishbase_extra,1,1.0,0.0,0.7411,0.9752,0.0,0.2504,0.2283,1.0968,0.0516,55156,0.9926,no,no,no,no,0,ok
Chaetodon_pelewensis_FishBase_Chpel_u5.jpg,Chaetodon pelewensis,images_fishbase_extra,1,1.0,0.0,0.9149,0.9901,0.0,0.2418,0.2283,1.0591,0.018,113066,0.9954,no,no,no,no,0,ok
Chaetodon_pelewensis_FishPix_28225AF.jpg,Chaetodon pelewensis,images,1,1.0,0.0,0.8283,0.9716,0.0,0.2163,0.2283,0.9474,0.0315,138936,0.9957,no,no,no,no,0,ok
Chaetodon_pelewensis_FishWise_054006F000112W000003.jpg,Chaetodon pelewensis,images_fishwise,1,1.0,0.0,0.4526,0.8841,0.0,0.3443,0.2283,1.5081,0.0294,109841,0.9671,no,no,no,no,0,ok
Chaetodon_pelewensis_FishWise_054006F000112W000005.jpg,Chaetodon pelewensis,images_fishwise,5,0.9992,0.0008,0.4115,0.8788,0.0,0.4834,0.2283,2.1174,0.0095,134134,0.9397,no,no,no,no,0,ok
Chaetodon_pelewensis_FishWise_054006F000387W000006.jpg,Chaetodon pelewensis,images_fishwise,1,1.0,0.0,0.8655,0.9667,0.0,0.2795,0.2283,1.2243,0.0186,92598,0.9838,no,no,no,no,0,ok
Chaetodon_pelewensis_iNaturalist_161020063.jpg,Chaetodon pelewensis,images_inaturalist,1,1.0,0.0,0.6506,0.9183,0.0,0.1427,0.2283,0.6251,0.228,168350,0.9624,no,no,no,no,0,ok
Chaetodon_pelewensis_iNaturalist_197012322.jpg,Chaetodon pelewensis,images_inaturalist,1,1.0,0.0,0.9504,0.9892,0.0,0.0752,0.2283,0.3294,0.0346,84930,0.9112,no,no,no,no,0,ok
Chaetodon_pelewensis_iNaturalist_232521598.jpg,Chaetodon pelewensis,images_inaturalist,1,1.0,0.0,0.6322,0.8883,0.0,0.1371,0.2283,0.6005,0.1157,173636,0.9592,no,no,no,no,0,ok
Chaetodon_pelewensis_iNaturalist_249701121.jpg,Chaetodon pelewensis,images_inaturalist,1,1.0,0.0,0.9383,0.9968,0.0,0.1024,0.2283,0.4485,0.0186,94638,0.9359,no,no,no,no,0,ok
Chaetodon_pelewensis_iNaturalist_287497554.jpg,Chaetodon pelewensis,images_inaturalist,2,0.5173,0.4827,0.9308,0.3781,0.0,0.015,0.2283,0.0657,0.0844,6103,0.4717,no,yes,yes,no,2,resegment_dinosam
Chaetodon_pelewensis_iNaturalist_463900843.jpg,Chaetodon pelewensis,images_inaturalist,1,1.0,0.0,0.7549,0.9399,0.0,0.2042,0.2283,0.8944,0.0484,151980,0.9911,no,no,no,no,0,ok
Chaetodon_pelewensis_iNaturalist_487815372.jpg,Chaetodon pelewensis,images_inaturalist,2,0.7453,0.2547,0.8879,0.6018,0.0,0.0735,0.2283,0.3219,0.0635,38354,0.7457,no,yes,no,no,1,review
Chaetodon_pelewensis_iNaturalist_561259185.jpg,Chaetodon pelewensis,images_inaturalist,1,1.0,0.0,0.6891,0.9432,0.0,0.2086,0.2283,0.9137,0.0134,190471,0.9928,no,no,no,no,0,ok
Chaetodon_pelewensis_iNaturalist_590667200.jpg,Chaetodon pelewensis,images_inaturalist,1,1.0,0.0,0.8604,0.9523,0.0,0.0249,0.2283,0.1091,0.1126,27995,0.8227,no,no,yes,no,1,review
Chaetodon_pelewensis_iNaturalist_599436484.jpg,Chaetodon pelewensis,images_inaturalist,1,1.0,0.0,0.9475,0.994,0.0,0.0976,0.2283,0.4275,0.0321,137418,0.932,no,no,no,no,0,ok
Chaetodon_pictus_FishBaseUser_1364915741_182.178.114.223.jpg,Chaetodon pictus,images_fishbase_usercontrib,1,1.0,0.0,0.5856,0.9425,0.0,0.4417,0.4024,1.0977,0.0182,179615,0.9925,no,no,no,no,0,ok
Chaetodon_pictus_FishBaseUser_1445595557_39.50.251.126.jpg,Chaetodon pictus,images_fishbase_usercontrib,2,0.9999,0.0001,0.4773,0.9117,0.0,0.4393,0.4024,1.0917,0.0247,344762,0.9929,no,no,no,no,0,ok
Chaetodon_pictus_FishBaseUser_1445595584_39.57.4.85.jpg,Chaetodon pictus,images_fishbase_usercontrib,1,1.0,0.0,0.5366,0.9232,0.0,0.3933,0.4024,0.9774,0.0682,333188,0.9982,no,no,no,no,0,ok
Chaetodon_pictus_FishBaseUser_1445595668_39.57.4.85.jpg,Chaetodon pictus,images_fishbase_usercontrib,1,1.0,0.0,0.7691,0.9352,0.0134,0.583,0.4024,1.4488,0.0626,587816,0.9677,no,no,no,no,0,ok
Chaetodon_pictus_FishBaseUser_1509180597_172.68.102.54.jpg,Chaetodon pictus,images_fishbase_usercontrib,1,1.0,0.0,0.6719,0.9041,0.0,0.2558,0.4024,0.6357,0.0345,1967014,0.9638,no,no,no,no,0,ok
Chaetodon_pictus_FishBase_Chvag_u0.jpg,Chaetodon pictus,images_fishbase_extra,1,1.0,0.0,0.477,0.9091,0.0,0.4024,0.4024,1.0,0.0293,127283,1,no,no,no,no,0,ok
Chaetodon_pictus_FishBase_Chvag_u2.jpg,Chaetodon pictus,images_fishbase_extra,1,1.0,0.0,0.5205,0.9162,0.0,0.5476,0.4024,1.3608,0.0216,152238,0.9754,no,no,no,no,0,ok
Chaetodon_pictus_FishWise_055168F000024W000002.jpg,Chaetodon pictus,images_fishwise,2,1.0,0.0,0.4947,0.9153,0.0,0.4802,0.4024,1.1933,0.0208,116665,0.9859,no,no,no,no,0,ok
Chaetodon_pictus_FishWise_055168F000049W000003.jpg,Chaetodon pictus,images_fishwise,1,1.0,0.0,0.4764,0.8949,0.0,0.3632,0.4024,0.9026,0.0294,129300,0.9918,no,no,no,no,0,ok
Chaetodon_pictus_iNaturalist_173874324.jpg,Chaetodon pictus,images,1,1.0,0.0,0.779,0.9782,0.0,0.1809,0.4024,0.4496,0.0405,144876,0.936,no,no,no,no,0,ok
Chaetodon_pictus_iNaturalist_179955261.jpg,Chaetodon pictus,images_inaturalist,2,0.6445,0.3555,0.9757,0.5277,0.0,0.0347,0.4024,0.0862,0.0657,17126,0.5828,no,yes,yes,no,2,resegment_dinosam
Chaetodon_pictus_iNaturalist_184329464.jpg,Chaetodon pictus,images_inaturalist,1,1.0,0.0,0.9844,0.979,0.0,0.1006,0.4024,0.25,0.0552,80822,0.8891,no,no,yes,no,1,review
Chaetodon_pictus_iNaturalist_184329489.jpg,Chaetodon pictus,images_inaturalist,1,1.0,0.0,0.7098,0.9766,0.0,0.1314,0.4024,0.3265,0.0586,128578,0.9105,no,no,no,no,0,ok
Chaetodon_pictus_iNaturalist_328475415.jpg,Chaetodon pictus,images_inaturalist,2,0.6626,0.3374,0.7146,0.824,0.0152,0.5428,0.4024,1.3489,0.0565,264435,0.8471,no,no,no,no,0,ok
Chaetodon_pictus_iNaturalist_60591745.jpg,Chaetodon pictus,images_inaturalist,2,0.62,0.38,0.5349,0.5013,0.0,0.1547,0.4024,0.3844,0.0523,83358,0.6859,no,yes,no,no,1,review
Chaetodon_pictus_iNaturalist_606694537.jpg,Chaetodon pictus,images_inaturalist,2,0.6841,0.3159,0.8657,0.5335,0.0,0.0362,0.4024,0.09,0.0909,20091,0.6018,no,yes,yes,no,2,resegment_dinosam
Chaetodon_plebeius_Bishop_-113106721.jpg,Chaetodon plebeius,images_bishop,1,1.0,0.0,0.5057,0.8915,0.0,0.4284,0.2421,1.7695,0.0294,267414,0.9543,no,no,no,no,0,ok
Chaetodon_plebeius_Bishop_-243381367.jpg,Chaetodon plebeius,images_bishop,1,1.0,0.0,0.3817,0.8729,0.0,0.4993,0.2421,2.0624,0.0132,268392,0.9421,no,no,no,no,0,ok
Chaetodon_plebeius_Bishop_-531604202.jpg,Chaetodon plebeius,images_bishop,1,1.0,0.0,0.3935,0.8722,0.0,0.5197,0.2421,2.1466,0.0221,282464,0.9389,no,no,no,no,0,ok
Chaetodon_plebeius_FishBaseUser_1342398189_24.185.16.14.jpg,Chaetodon plebeius,images_fishbase_usercontrib,1,1.0,0.0,0.859,0.9945,0.0,0.3401,0.2421,1.4048,0.0149,106376,0.9728,no,no,no,no,0,ok
Chaetodon_plebeius_FishBaseUser_1441345149_117.206.95.248.jpg,Chaetodon plebeius,images_fishbase_usercontrib,1,1.0,0.0,0.7491,0.9869,0.0,0.3343,0.2421,1.3808,0.0293,266382,0.9742,no,no,no,no,0,ok
Chaetodon_plebeius_FishBaseUser_1509180900_172.68.102.54.jpg,Chaetodon plebeius,images_fishbase_usercontrib,2,0.9951,0.0049,0.6266,0.9107,0.0,0.1464,0.2421,0.6047,0.0633,718608,0.958,no,no,no,no,0,ok
Chaetodon_plebeius_FishBaseUser_1564641662_162.158.167.114.jpg,Chaetodon plebeius,images_fishbase_usercontrib,1,1.0,0.0,0.4465,0.8885,0.0,0.5053,0.2421,2.0872,0.0132,4004260,0.9411,no,no,no,no,0,ok
Chaetodon_plebeius_FishBaseUser_1652806488_172.70.147.143.jpg,Chaetodon plebeius,images_fishbase_usercontrib,1,1.0,0.0,0.7186,0.9366,0.0,0.1032,0.2421,0.4263,0.0395,130146,0.9318,no,no,no,no,0,ok
Chaetodon_plebeius_FishBaseUser_1703891867_172.70.55.134.jpg,Chaetodon plebeius,images_fishbase_usercontrib,1,1.0,0.0,0.9006,0.9892,0.0,0.1026,0.2421,0.4238,0.2,63739,0.9313,no,no,no,no,0,ok
Chaetodon_plebeius_FishBase_Chple_u0.jpg,Chaetodon plebeius,images_fishbase_extra,1,1.0,0.0,0.6989,0.9789,0.0,0.2707,0.2421,1.1181,0.0395,123268,0.9911,no,no,no,no,0,ok
Chaetodon_plebeius_FishBase_Chple_u1.jpg,Chaetodon plebeius,images_fishbase_extra,1,1.0,0.0,0.5418,0.8871,0.0,0.1879,0.2421,0.7761,0.0949,64724,0.9797,no,no,no,no,0,ok
Chaetodon_plebeius_FishBase_Chple_u3.jpg,Chaetodon plebeius,images_fishbase_extra,1,1.0,0.0,0.3761,0.8635,0.0,0.4982,0.2421,2.0578,0.0133,152419,0.9423,no,no,no,no,0,ok
Chaetodon_plebeius_FishBase_Chple_u4.jpg,Chaetodon plebeius,images_fishbase_extra,1,1.0,0.0,0.392,0.8818,0.0,0.5199,0.2421,2.1475,0.022,157071,0.9389,no,no,no,no,0,ok
Chaetodon_plebeius_FishBase_Chple_u5.jpg,Chaetodon plebeius,images_fishbase_extra,1,1.0,0.0,0.483,0.8927,0.0,0.5108,0.2421,2.1099,0.0334,149592,0.9403,no,no,no,no,0,ok
Chaetodon_plebeius_FishPix_107951AF.jpg,Chaetodon plebeius,images,1,1.0,0.0,0.3709,0.8645,0.0,0.3268,0.2421,1.3499,0.015,170695,0.976,no,no,no,no,0,ok
Chaetodon_plebeius_FishWise_055849F000112W000007.jpg,Chaetodon plebeius,images_fishwise,1,1.0,0.0,0.3637,0.9076,0.0,0.268,0.2421,1.107,0.0126,101507,0.9919,no,no,no,no,0,ok
Chaetodon_plebeius_FishWise_055849F000112W000008.jpg,Chaetodon plebeius,images_fishwise,1,1.0,0.0,0.3783,0.8991,0.0,0.434,0.2421,1.7926,0.0084,125865,0.9533,no,no,no,no,0,ok
Chaetodon_plebeius_iNaturalist_14167014.jpg,Chaetodon plebeius,images_inaturalist,1,1.0,0.0,0.9471,0.9672,0.0,0.155,0.2421,0.6402,0.0661,109608,0.9643,no,no,no,no,0,ok
Chaetodon_plebeius_iNaturalist_302022715.jpg,Chaetodon plebeius,images_inaturalist,1,1.0,0.0,0.9156,0.9582,0.0,0.0425,0.2421,0.1755,0.0532,29513,0.8608,no,no,yes,no,1,review
Chaetodon_plebeius_iNaturalist_302022740.jpg,Chaetodon plebeius,images_inaturalist,1,1.0,0.0,0.8311,0.967,0.0,0.0626,0.2421,0.2586,0.0813,38165,0.8918,no,no,yes,no,1,review
Chaetodon_plebeius_iNaturalist_443767734.jpg,Chaetodon plebeius,images_inaturalist,1,1.0,0.0,1.0994,0.9992,0.0,0.0113,0.2421,0.0467,0.0056,10301,0.76,no,no,yes,no,1,review
Chaetodon_plebeius_iNaturalist_536418434.jpg,Chaetodon plebeius,images_inaturalist,1,1.0,0.0,0.6157,0.9645,0.0,0.0798,0.2421,0.3296,0.0251,94508,0.9112,no,no,no,no,0,ok
Chaetodon_plebeius_iNaturalist_575948942.jpg,Chaetodon plebeius,images_inaturalist,1,1.0,0.0,0.6384,0.9631,0.0,0.1301,0.2421,0.5374,0.0053,147816,0.9503,no,no,no,no,0,ok
Chaetodon_plebeius_iNaturalist_607534630.jpg,Chaetodon plebeius,images_inaturalist,1,1.0,0.0,0.8524,0.9741,0.0,0.1207,0.2421,0.4986,0.1355,132805,0.9443,no,no,no,no,0,ok
Chaetodon_plebeius_iNaturalist_607534632.jpg,Chaetodon plebeius,images_inaturalist,1,1.0,0.0,0.5754,0.9372,0.0,0.2421,0.2421,1.0,0.1182,180675,1,no,no,no,no,0,ok
Chaetodon_plebeius_iNaturalist_607534637.jpg,Chaetodon plebeius,images_inaturalist,1,1.0,0.0,0.9614,0.9889,0.0,0.1843,0.2421,0.7613,0.0941,166484,0.9782,no,no,no,no,0,ok
Chaetodon_plebeius_iNaturalist_607534649.jpg,Chaetodon plebeius,images_inaturalist,1,1.0,0.0,0.7429,0.9695,0.0,0.1949,0.2421,0.805,0.041,171272,0.9827,no,no,no,no,0,ok
Chaetodon_punctatofasciatus_Bishop_1458053428.jpg,Chaetodon punctatofasciatus,images_bishop,1,1.0,0.0,0.4157,0.8459,0.0,0.4349,0.2574,1.6896,0.024,247941,0.9568,no,no,no,no,0,ok
Chaetodon_punctatofasciatus_FishBaseUser_1404900598_82.4.49.242.jpg,Chaetodon punctatofasciatus,images_fishbase_usercontrib,1,1.0,0.0,0.87,0.9733,0.0,0.307,0.2574,1.1927,0.0969,251953,0.9859,no,no,no,no,0,ok
Chaetodon_punctatofasciatus_FishBaseUser_1444531758_24.215.186.224.jpg,Chaetodon punctatofasciatus,images_fishbase_usercontrib,1,1.0,0.0,0.7614,0.9641,0.0,0.2862,0.2574,1.1119,0.0925,690575,0.9915,no,no,no,no,0,ok
Chaetodon_punctatofasciatus_FishBaseUser_1469522223_162.158.167.12.jpg,Chaetodon punctatofasciatus,images_fishbase_usercontrib,1,1.0,0.0,0.9023,0.9644,0.0,0.2932,0.2574,1.1391,0.0545,150546,0.9896,no,no,no,no,0,ok
Chaetodon_punctatofasciatus_FishBaseUser_1480257181_162.158.166.138.jpg,Chaetodon punctatofasciatus,images_fishbase_usercontrib,2,0.5229,0.4771,0.9681,0.564,0.0,0.2099,0.2574,0.8155,0.024,16502,0.7309,no,yes,no,no,1,review
Chaetodon_punctatofasciatus_FishBaseUser_1492969549_108.162.216.108.jpg,Chaetodon punctatofasciatus,images_fishbase_usercontrib,2,0.6316,0.3684,0.7269,0.758,0.0,0.1479,0.2574,0.5746,0.0271,642043,0.7991,no,no,no,no,0,ok
Chaetodon_punctatofasciatus_FishBaseUser_1509181158_172.68.102.54.jpg,Chaetodon punctatofasciatus,images_fishbase_usercontrib,1,1.0,0.0,0.567,0.8544,0.2945,0.4805,0.2574,1.8667,0.2068,2548848,0.8912,no,yes,no,no,1,review
Chaetodon_punctatofasciatus_FishBaseUser_1577142157_172.68.102.78.jpg,Chaetodon punctatofasciatus,images_fishbase_usercontrib,1,1.0,0.0,1.1305,0.9917,0.0,0.0274,0.2574,0.1064,0.0659,226158,0.8208,no,no,yes,no,1,review
Chaetodon_punctatofasciatus_FishBaseUser_1603232319_162.158.187.197.jpg,Chaetodon punctatofasciatus,images_fishbase_usercontrib,1,1.0,0.0,0.6609,0.8466,0.0,0.1944,0.2574,0.7552,0.0551,848200,0.9765,no,no,no,no,0,ok
Chaetodon_punctatofasciatus_FishBaseUser_1617659926_162.158.75.92.jpg,Chaetodon punctatofasciatus,images_fishbase_usercontrib,1,1.0,0.0,0.9205,0.9965,0.0,0.1337,0.2574,0.5194,0.0799,322004,0.9476,no,no,no,no,0,ok
Chaetodon_punctatofasciatus_FishBaseUser_1704989690_172.70.83.27.jpg,Chaetodon punctatofasciatus,images_fishbase_usercontrib,1,1.0,0.0,0.8381,0.9754,0.0,0.2397,0.2574,0.9312,0.0339,169834,0.9943,no,no,no,no,0,ok
Chaetodon_punctatofasciatus_FishBaseUser_1706914701_172.70.254.22.jpg,Chaetodon punctatofasciatus,images_fishbase_usercontrib,1,1.0,0.0,0.9157,0.9757,0.0,0.1069,0.2574,0.4153,0.017,121221,0.9297,no,no,no,no,0,ok
Chaetodon_punctatofasciatus_FishBaseUser_1747331061_185.193.156.153.jpg,Chaetodon punctatofasciatus,images_fishbase_usercontrib,1,1.0,0.0,0.8237,0.9793,0.0,0.2289,0.2574,0.8893,0.0089,786029,0.9906,no,no,no,no,0,ok
Chaetodon_punctatofasciatus_FishBaseUser_1747331073_185.193.156.153.jpg,Chaetodon punctatofasciatus,images_fishbase_usercontrib,1,1.0,0.0,0.9861,0.9761,0.0,0.0842,0.2574,0.3271,0.1175,252979,0.9106,no,no,no,no,0,ok
Chaetodon_punctatofasciatus_FishBase_Chpun_u0.jpg,Chaetodon punctatofasciatus,images_fishbase_extra,1,1.0,0.0,0.7723,0.9752,0.0,0.362,0.2574,1.4064,0.049,113493,0.9727,no,no,no,no,0,ok
Chaetodon_punctatofasciatus_FishBase_Chpun_u1.jpg,Chaetodon punctatofasciatus,images_fishbase_extra,1,1.0,0.0,0.5442,0.8157,0.0,0.1666,0.2574,0.6472,0.0273,61697,0.9549,no,no,no,no,0,ok
Chaetodon_punctatofasciatus_FishBase_Chpun_u3.jpg,Chaetodon punctatofasciatus,images_fishbase_extra,3,1.0,0.0,0.4118,0.8436,0.0,0.4335,0.2574,1.6841,0.0239,139191,0.9564,no,no,no,no,0,ok
Chaetodon_punctatofasciatus_FishBase_Chpun_uo.jpg,Chaetodon punctatofasciatus,images_fishbase_extra,1,1.0,0.0,0.4616,0.9038,0.0,0.2995,0.2574,1.1636,0.0372,121062,0.9879,no,no,no,no,0,ok
Chaetodon_punctatofasciatus_FishPix_10063AF.jpg,Chaetodon punctatofasciatus,images,1,1.0,0.0,1.0444,0.9962,0.0,0.1568,0.2574,0.6092,0.0634,102234,0.9603,no,no,no,no,0,ok
Chaetodon_punctatofasciatus_FishWise_057807F000009W000005.jpg,Chaetodon punctatofasciatus,images_fishwise,1,1.0,0.0,0.987,0.9904,0.0,0.2488,0.2574,0.9666,0.0104,57974,0.9973,no,no,no,no,0,ok
Chaetodon_punctatofasciatus_FishWise_057807F000009W000006.jpg,Chaetodon punctatofasciatus,images_fishwise,1,1.0,0.0,0.881,0.9728,0.0,0.1888,0.2574,0.7335,0.0286,76457,0.9752,no,no,no,no,0,ok
Chaetodon_punctatofasciatus_FishWise_057807F000009W000011.jpg,Chaetodon punctatofasciatus,images_fishwise,1,1.0,0.0,0.799,0.981,0.0,0.205,0.2574,0.7964,0.0286,75600,0.9818,no,no,no,no,0,ok
Chaetodon_punctatofasciatus_FishWise_057807F000009W000012.jpg,Chaetodon punctatofasciatus,images_fishwise,2,0.9982,0.0018,0.8363,0.9717,0.0,0.2598,0.2574,1.0093,0.0087,107781,0.9986,no,no,no,no,0,ok
Chaetodon_punctatofasciatus_FishWise_057807F000009W000013.jpg,Chaetodon punctatofasciatus,images_fishwise,1,1.0,0.0,0.7968,0.9745,0.0,0.3983,0.2574,1.5474,0.0261,117701,0.9651,no,no,no,no,0,ok
Chaetodon_punctatofasciatus_FishWise_057807F000009W000014.jpg,Chaetodon punctatofasciatus,images_fishwise,2,0.9999,0.0001,0.7097,0.9727,0.0,0.2799,0.2574,1.0874,0.0148,105195,0.9933,no,no,no,no,0,ok
Chaetodon_punctatofasciatus_FishWise_057807F000112W000007.jpg,Chaetodon punctatofasciatus,images_fishwise,1,1.0,0.0,0.4327,0.9218,0.0,0.4786,0.2574,1.8594,0.0276,127699,0.9504,no,no,no,no,0,ok
Chaetodon_punctatofasciatus_FishWise_057807F000112W000008.jpg,Chaetodon punctatofasciatus,images_fishwise,1,1.0,0.0,0.3918,0.8989,0.0,0.4323,0.2574,1.6795,0.0144,111002,0.9585,no,no,no,no,0,ok
Chaetodon_punctatofasciatus_FishWise_057807F000387W000009.jpg,Chaetodon punctatofasciatus,images_fishwise,1,1.0,0.0,0.768,0.9027,0.0,0.1752,0.2574,0.6807,0.0384,75495,0.9692,no,no,no,no,0,ok
Chaetodon_punctatofasciatus_FishWise_057807F000387W000010.jpg,Chaetodon punctatofasciatus,images_fishwise,1,1.0,0.0,0.6201,0.913,0.0,0.3699,0.2574,1.4371,0.0384,138535,0.971,no,no,no,no,0,ok
Chaetodon_punctatofasciatus_FishWise_057807F000492W000015.jpg,Chaetodon punctatofasciatus,images_fishwise,1,1.0,0.0,0.7954,0.9732,0.0,0.2794,0.2574,1.0855,0.0147,130595,0.9934,no,no,no,no,0,ok
Chaetodon_punctatofasciatus_iNaturalist_164904201.jpg,Chaetodon punctatofasciatus,images_inaturalist,1,1.0,0.0,0.8533,0.9853,0.0,0.1186,0.2574,0.4608,0.049,94664,0.938,no,no,no,no,0,ok
Chaetodon_punctatofasciatus_iNaturalist_178832147.jpg,Chaetodon punctatofasciatus,images_inaturalist,1,1.0,0.0,0.8785,0.9844,0.0,0.0523,0.2574,0.2032,0.0683,46361,0.8725,no,no,yes,no,1,review
Chaetodon_punctatofasciatus_iNaturalist_206693422.jpg,Chaetodon punctatofasciatus,images_inaturalist,1,1.0,0.0,0.7911,0.9683,0.0,0.1326,0.2574,0.5152,0.0593,120248,0.9469,no,no,no,no,0,ok
Chaetodon_punctatofasciatus_iNaturalist_255620804.jpg,Chaetodon punctatofasciatus,images_inaturalist,1,1.0,0.0,0.7652,0.9773,0.0,0.3164,0.2574,1.2292,0.0114,380411,0.9835,no,no,no,no,0,ok
Chaetodon_punctatofasciatus_iNaturalist_319541274.jpg,Chaetodon punctatofasciatus,images_inaturalist,1,1.0,0.0,0.8757,0.9791,0.0,0.1443,0.2574,0.5606,0.1138,176102,0.9537,no,no,no,no,0,ok
Chaetodon_punctatofasciatus_iNaturalist_465096696.jpg,Chaetodon punctatofasciatus,images_inaturalist,1,1.0,0.0,0.7587,0.8124,0.0,0.0528,0.2574,0.2051,0.0593,53443,0.862,no,no,yes,no,1,review
Chaetodon_punctatofasciatus_iNaturalist_477584508.jpg,Chaetodon punctatofasciatus,images_inaturalist,1,1.0,0.0,0.884,0.9503,0.0,0.1287,0.2574,0.5,0.0336,135108,0.9445,no,no,no,no,0,ok
Chaetodon_punctatofasciatus_iNaturalist_600955661.jpg,Chaetodon punctatofasciatus,images_inaturalist,1,1.0,0.0,0.9433,0.9936,0.0,0.2566,0.2574,0.9969,0.0089,216046,0.9998,no,no,no,no,0,ok
Chaetodon_punctatofasciatus_iNaturalist_612954622.jpg,Chaetodon punctatofasciatus,images_inaturalist,1,1.0,0.0,0.845,0.9621,0.0,0.0778,0.2574,0.3023,0.0176,98969,0.9043,no,no,no,no,0,ok
Chaetodon_quadrimaculatus_FishBaseUser_1452100666_92.149.71.60.jpg,Chaetodon quadrimaculatus,images_fishbase_usercontrib,2,0.7643,0.2357,0.8263,0.6564,0.0,0.1093,0.2425,0.4507,0.1489,185321,0.7957,no,no,no,no,0,ok
Chaetodon_quadrimaculatus_FishBaseUser_1473590004_108.162.215.216.jpg,Chaetodon quadrimaculatus,images_fishbase_usercontrib,1,1.0,0.0,0.7393,0.9013,0.0,0.0365,0.2425,0.1505,0.0224,315956,0.8485,no,no,yes,no,1,review
Chaetodon_quadrimaculatus_FishBaseUser_1734299563_162.158.155.193.jpg,Chaetodon quadrimaculatus,images_fishbase_usercontrib,1,1.0,0.0,0.8061,0.966,0.0,0.1495,0.2425,0.6165,0.0391,598026,0.9613,no,no,no,no,0,ok
Chaetodon_quadrimaculatus_FishBaseUser_1734299590_162.158.155.193.jpg,Chaetodon quadrimaculatus,images_fishbase_usercontrib,1,1.0,0.0,0.6167,0.9513,0.0,0.4563,0.2425,1.8816,0.0244,5320005,0.9494,no,no,no,no,0,ok
Chaetodon_quadrimaculatus_FishBase_Chqua_j0.jpg,Chaetodon quadrimaculatus,images_fishbase_extra,1,1.0,0.0,0.5727,0.8751,0.0,0.3554,0.2425,1.4656,0.0259,148740,0.9694,no,no,no,no,0,ok
Chaetodon_quadrimaculatus_FishBase_Chqua_u1.jpg,Chaetodon quadrimaculatus,images_fishbase_extra,1,1.0,0.0,0.7638,0.9744,0.0,0.322,0.2425,1.3278,0.0224,39521,0.9773,no,no,no,no,0,ok
Chaetodon_quadrimaculatus_FishBase_Chqua_u2.jpg,Chaetodon quadrimaculatus,images_fishbase_extra,1,1.0,0.0,0.6681,0.9837,0.0,0.2342,0.2425,0.9658,0.0252,97331,0.9972,no,no,no,no,0,ok
Chaetodon_quadrimaculatus_FishBase_Chqua_u5.jpg,Chaetodon quadrimaculatus,images_fishbase_extra,2,0.9991,0.0009,0.4363,0.9316,0.0,0.3813,0.2425,1.5724,0.0597,146568,0.9635,no,no,no,no,0,ok
Chaetodon_quadrimaculatus_FishBase_Chqua_u6.jpg,Chaetodon quadrimaculatus,images_fishbase_extra,1,1.0,0.0,1.0518,0.9981,0.0,0.0295,0.2425,0.1216,0.195,9410,0.8315,no,no,yes,no,1,review
Chaetodon_quadrimaculatus_FishBase_Chqua_u8.jpg,Chaetodon quadrimaculatus,images_fishbase_extra,1,1.0,0.0,0.5367,0.9503,0.0,0.2786,0.2425,1.1489,0.0073,127910,0.9889,no,no,no,no,0,ok
Chaetodon_quadrimaculatus_FishPix_26595AF.jpg,Chaetodon quadrimaculatus,images,1,1.0,0.0,0.9504,1.0015,0.0,0.1063,0.2425,0.4384,0.0198,63916,0.934,no,no,no,no,0,ok
Chaetodon_quadrimaculatus_FishWise_058491F000009W000005.jpg,Chaetodon quadrimaculatus,images_fishwise,1,1.0,0.0,0.9331,0.9923,0.0,0.2316,0.2425,0.9551,0.0211,77094,0.9963,no,no,no,no,0,ok
Chaetodon_quadrimaculatus_FishWise_058491F000009W000006.jpg,Chaetodon quadrimaculatus,images_fishwise,1,1.0,0.0,0.7233,0.9887,0.0,0.3412,0.2425,1.407,0.0135,111344,0.9727,no,no,no,no,0,ok
Chaetodon_quadrimaculatus_FishWise_058491F000112W000003.jpg,Chaetodon quadrimaculatus,images_fishwise,1,1.0,0.0,0.2814,0.9001,0.0,0.4683,0.2425,1.9311,0.0201,112747,0.9474,no,no,no,no,0,ok
Chaetodon_quadrimaculatus_FishWise_058491F006601W000007.jpg,Chaetodon quadrimaculatus,images_fishwise,1,1.0,0.0,0.7279,0.9319,0.0,0.2369,0.2425,0.9769,0.0387,73039,0.9981,no,no,no,no,0,ok
Chaetodon_quadrimaculatus_iNaturalist_234795159.jpg,Chaetodon quadrimaculatus,images_inaturalist,1,1.0,0.0,0.6247,0.9777,0.0,0.3218,0.2425,1.327,0.0052,319567,0.9774,no,no,no,no,0,ok
Chaetodon_quadrimaculatus_iNaturalist_23523422.jpg,Chaetodon quadrimaculatus,images_inaturalist,1,1.0,0.0,0.7658,0.9834,0.0,0.2079,0.2425,0.8573,0.0556,227246,0.9877,no,no,no,no,0,ok
Chaetodon_quadrimaculatus_iNaturalist_265786115.jpg,Chaetodon quadrimaculatus,images_inaturalist,1,1.0,0.0,0.7511,0.8452,0.0,0.0173,0.2425,0.0713,0.0937,17119,0.7873,no,no,yes,no,1,review
Chaetodon_quadrimaculatus_iNaturalist_297498864.jpg,Chaetodon quadrimaculatus,images_inaturalist,1,1.0,0.0,0.8429,0.9805,0.0,0.1347,0.2425,0.5555,0.0671,132186,0.953,no,no,no,no,0,ok
Chaetodon_quadrimaculatus_iNaturalist_341846702.jpg,Chaetodon quadrimaculatus,images_inaturalist,1,1.0,0.0,0.8069,0.9415,0.0,0.0219,0.2425,0.0903,0.1738,17739,0.8076,no,no,yes,no,1,review
Chaetodon_quadrimaculatus_iNaturalist_341846706.jpg,Chaetodon quadrimaculatus,images_inaturalist,1,1.0,0.0,0.8706,0.9634,0.0,0.0205,0.2425,0.0845,0.2108,17337,0.8024,no,no,yes,no,1,review
Chaetodon_quadrimaculatus_iNaturalist_375423270.jpg,Chaetodon quadrimaculatus,images_inaturalist,3,0.638,0.362,0.6413,0.463,0.0,0.093,0.2425,0.3835,0.0549,51140,0.6805,yes,yes,no,no,2,resegment_dinosam
Chaetodon_quadrimaculatus_iNaturalist_439635542.jpg,Chaetodon quadrimaculatus,images_inaturalist,1,1.0,0.0,0.9773,0.9955,0.0,0.0383,0.2425,0.1579,0.0647,27010,0.8524,no,no,yes,no,1,review
Chaetodon_quadrimaculatus_iNaturalist_556077020.jpg,Chaetodon quadrimaculatus,images_inaturalist,1,1.0,0.0,1.0497,0.986,0.0,0.0259,0.2425,0.1068,0.3299,23976,0.8211,no,no,yes,no,1,review
Chaetodon_rafflesii_Bishop_-779601278.jpg,Chaetodon rafflesii,images_bishop,1,1.0,0.0,0.4004,0.8681,0.0,0.4542,0.2475,1.8352,0.0222,240726,0.9514,no,no,no,no,0,ok
Chaetodon_rafflesii_Bishop_497192485.jpg,Chaetodon rafflesii,images_bishop,1,1.0,0.0,0.4957,0.9247,0.0,0.4146,0.2475,1.6752,0.0223,274128,0.9587,no,no,no,no,0,ok
Chaetodon_rafflesii_FishBaseUser_1354813960_86.28.236.182.jpg,Chaetodon rafflesii,images_fishbase_usercontrib,1,1.0,0.0,0.9985,0.9831,0.0,0.1965,0.2475,0.7939,0.0468,235214,0.9815,no,no,no,no,0,ok
Chaetodon_rafflesii_FishBaseUser_1374873258_83.89.41.145.jpg,Chaetodon rafflesii,images_fishbase_usercontrib,1,1.0,0.0,0.5037,0.8708,0.0,0.1818,0.2475,0.7345,0.047,1462620,0.9753,no,no,no,no,0,ok
Chaetodon_rafflesii_FishBaseUser_1424584920_94.198.16.174.jpg,Chaetodon rafflesii,images_fishbase_usercontrib,2,0.6631,0.3369,0.92,0.3413,0.0,0.0726,0.2475,0.2933,0.1195,168971,0.6314,no,yes,yes,no,2,resegment_dinosam
Chaetodon_rafflesii_FishBaseUser_1509181396_172.68.102.54.jpg,Chaetodon rafflesii,images_fishbase_usercontrib,1,1.0,0.0,0.7212,0.9493,0.0,0.2158,0.2475,0.8719,0.1624,1544381,0.989,no,no,no,no,0,ok
Chaetodon_rafflesii_FishBaseUser_1527670754_162.158.22.192.jpg,Chaetodon rafflesii,images_fishbase_usercontrib,1,1.0,0.0,0.7302,0.9775,0.0,0.0298,0.2475,0.1204,0.0636,78756,0.8306,no,no,yes,no,1,review
Chaetodon_rafflesii_FishBaseUser_1577142348_172.68.102.78.jpg,Chaetodon rafflesii,images_fishbase_usercontrib,2,0.6377,0.3623,0.9718,0.5949,0.0081,0.0792,0.2475,0.32,0.1136,299156,0.7039,no,yes,no,no,1,review
Chaetodon_rafflesii_FishBaseUser_1655755348_108.162.216.231.jpg,Chaetodon rafflesii,images_fishbase_usercontrib,1,1.0,0.0,0.7829,0.9758,0.0,0.1709,0.2475,0.6905,0.0887,687700,0.9704,no,no,no,no,0,ok
Chaetodon_rafflesii_FishBaseUser_1747233018_95.95.129.49.jpg,Chaetodon rafflesii,images_fishbase_usercontrib,1,1.0,0.0,0.5336,0.9603,0.0,0.0686,0.2475,0.2772,0.0761,372912,0.8974,no,no,yes,no,1,review
Chaetodon_rafflesii_FishBaseUser_1747233083_95.95.129.49.jpg,Chaetodon rafflesii,images_fishbase_usercontrib,1,1.0,0.0,0.975,0.9859,0.0,0.1137,0.2475,0.4594,0.0335,1006457,0.9378,no,no,no,no,0,ok
Chaetodon_rafflesii_FishBase_Chraf_u0.jpg,Chaetodon rafflesii,images_fishbase_extra,1,1.0,0.0,0.614,0.9795,0.0,0.4165,0.2475,1.6828,0.0258,109115,0.9584,no,no,no,no,0,ok
Chaetodon_rafflesii_FishBase_Chraf_u1.jpg,Chaetodon rafflesii,images_fishbase_extra,1,1.0,0.0,0.5146,0.8471,0.0,0.2432,0.2475,0.9826,0.0434,79573,0.9977,no,no,no,no,0,ok
Chaetodon_rafflesii_FishBase_Chraf_u2.jpg,Chaetodon rafflesii,images_fishbase_extra,1,1.0,0.0,0.4707,0.9203,0.0,0.5086,0.2475,2.0549,0.0325,160065,0.9424,no,no,no,no,0,ok
Chaetodon_rafflesii_FishBase_Chraf_u3.jpg,Chaetodon rafflesii,images_fishbase_extra,2,1.0,0.0,0.3985,0.8529,0.0,0.4881,0.2475,1.9721,0.023,137560,0.9457,no,no,no,no,0,ok
Chaetodon_rafflesii_FishBase_Chraf_u4.jpg,Chaetodon rafflesii,images_fishbase_extra,1,1.0,0.0,0.8108,0.9576,0.0,0.0808,0.2475,0.3265,0.0971,30336,0.9104,no,no,no,no,0,ok
Chaetodon_rafflesii_FishPix_10012AF.jpg,Chaetodon rafflesii,images,1,1.0,0.0,1.148,0.9966,0.0,0.2728,0.2475,1.1022,0.0702,112121,0.9922,no,no,no,no,0,ok
Chaetodon_rafflesii_FishWise_058805F000009W000006.jpg,Chaetodon rafflesii,images_fishwise,1,1.0,0.0,0.5708,0.9571,0.0,0.242,0.2475,0.9778,0.0254,76073,0.9982,no,no,no,no,0,ok
Chaetodon_rafflesii_FishWise_058805F000009W000008.jpg,Chaetodon rafflesii,images_fishwise,1,1.0,0.0,0.9454,0.9835,0.0,0.3515,0.2475,1.4202,0.0222,102936,0.9719,no,no,no,no,0,ok
Chaetodon_rafflesii_FishWise_058805F000009W000009.jpg,Chaetodon rafflesii,images_fishwise,1,1.0,0.0,0.7384,0.9848,0.0,0.3403,0.2475,1.3749,0.0291,112797,0.9745,no,no,no,no,0,ok
Chaetodon_rafflesii_FishWise_058805F000009W000010.jpg,Chaetodon rafflesii,images_fishwise,1,1.0,0.0,0.6609,0.9686,0.0,0.2922,0.2475,1.1806,0.0295,97351,0.9867,no,no,no,no,0,ok
Chaetodon_rafflesii_FishWise_058805F000009W000011.jpg,Chaetodon rafflesii,images_fishwise,1,1.0,0.0,0.5964,0.9584,0.0,0.2944,0.2475,1.1895,0.0206,99580,0.9861,no,no,no,no,0,ok
Chaetodon_rafflesii_FishWise_058805F000112W000007.jpg,Chaetodon rafflesii,images_fishwise,1,1.0,0.0,0.5149,0.9257,0.0,0.4921,0.2475,1.9883,0.0077,138835,0.945,no,no,no,no,0,ok
Chaetodon_rafflesii_FishWise_058805F000493W000012.jpg,Chaetodon rafflesii,images_fishwise,1,1.0,0.0,0.8081,0.9727,0.0,0.2712,0.2475,1.0958,0.0413,131818,0.9927,no,no,no,no,0,ok
Chaetodon_rafflesii_iNaturalist_175108059.jpg,Chaetodon rafflesii,images_inaturalist,1,1.0,0.0,1.0338,0.9945,0.0,0.0335,0.2475,0.1354,0.0177,43603,0.84,no,no,yes,no,1,review
Chaetodon_rafflesii_iNaturalist_175108072.jpg,Chaetodon rafflesii,images_inaturalist,2,0.5989,0.4011,1.1335,0.4841,0.0,0.0601,0.2475,0.2428,0.0495,28151,0.6366,no,yes,yes,no,2,resegment_dinosam
Chaetodon_rafflesii_iNaturalist_333096953.jpg,Chaetodon rafflesii,images_inaturalist,1,1.0,0.0,0.9039,1.0024,0.0,0.047,0.2475,0.1899,0.2928,50632,0.8671,no,no,yes,no,1,review
Chaetodon_rafflesii_iNaturalist_473127027.jpg,Chaetodon rafflesii,images_inaturalist,1,1.0,0.0,0.5743,0.8964,0.0,0.0541,0.2475,0.2186,0.0378,65207,0.8784,no,no,yes,no,1,review
Chaetodon_rafflesii_iNaturalist_473127044.jpg,Chaetodon rafflesii,images_inaturalist,1,1.0,0.0,0.3996,0.725,0.0,0.0871,0.2475,0.3519,0.0585,103884,0.879,no,no,no,no,0,ok
Chaetodon_rafflesii_iNaturalist_473127064.jpg,Chaetodon rafflesii,images_inaturalist,1,1.0,0.0,0.5667,0.8653,0.0,0.0389,0.2475,0.1572,0.1961,35389,0.852,no,no,yes,no,1,review
Chaetodon_rafflesii_iNaturalist_54700090.jpg,Chaetodon rafflesii,images_inaturalist,1,1.0,0.0,0.7442,0.978,0.0,0.1248,0.2475,0.5042,0.0314,89389,0.9452,no,no,no,no,0,ok
Chaetodon_rafflesii_iNaturalist_607548016.jpg,Chaetodon rafflesii,images_inaturalist,1,1.0,0.0,0.7857,0.9846,0.0,0.0828,0.2475,0.3345,0.1759,74615,0.9124,no,no,no,no,0,ok
Chaetodon_rainfordi_Bishop_-805104421.jpg,Chaetodon rainfordi,images_bishop,1,1.0,0.0,0.442,0.8965,0.0084,0.5399,0.2606,2.0722,0.015,222229,0.94,no,no,no,no,0,ok
Chaetodon_rainfordi_FishBaseUser_1384926559_130.102.158.16.jpg,Chaetodon rainfordi,images_fishbase_usercontrib,1,1.0,0.0,0.8596,0.9758,0.0,0.0595,0.2606,0.2284,0.088,474622,0.8819,no,no,yes,no,1,review
Chaetodon_rainfordi_FishBaseUser_1703950715_108.162.210.111.jpg,Chaetodon rainfordi,images_fishbase_usercontrib,1,1.0,0.0,0.7597,0.9532,0.0,0.0884,0.2606,0.3393,0.1581,83593,0.9135,no,no,no,no,0,ok
Chaetodon_rainfordi_FishBase_Chrai_u0.jpg,Chaetodon rainfordi,images_fishbase_extra,1,1.0,0.0,0.4434,0.901,0.008,0.5389,0.2606,2.0683,0.0151,124357,0.9403,no,no,no,no,0,ok
Chaetodon_rainfordi_FishBase_Chrai_u1.jpg,Chaetodon rainfordi,images_fishbase_extra,1,1.0,0.0,0.9648,0.9945,0.0,0.2471,0.2606,0.9484,0.0339,70112,0.9958,no,no,no,no,0,ok
Chaetodon_rainfordi_FishBase_Chrai_u3.jpg,Chaetodon rainfordi,images_fishbase_extra,1,1.0,0.0,0.6951,0.9741,0.0,0.3545,0.2606,1.3606,0.0272,140147,0.9754,no,no,no,no,0,ok
Chaetodon_rainfordi_FishBase_Chrai_u4.jpg,Chaetodon rainfordi,images_fishbase_extra,1,1.0,0.0,0.6894,0.9674,0.0,0.3493,0.2606,1.3406,0.0295,164855,0.9765,no,no,no,no,0,ok
Chaetodon_rainfordi_FishBase_Chrai_u5.jpg,Chaetodon rainfordi,images_fishbase_extra,1,1.0,0.0,0.8306,0.9706,0.0,0.243,0.2606,0.9326,0.0323,117756,0.9944,no,no,no,no,0,ok
Chaetodon_rainfordi_FishPix_78816AF.jpg,Chaetodon rainfordi,images,1,1.0,0.0,0.8707,0.9767,0.0,0.2673,0.2606,1.0259,0.0219,112082,0.998,no,no,no,no,0,ok
Chaetodon_rainfordi_FishWise_058830F000112W000003.jpg,Chaetodon rainfordi,images_fishwise,1,1.0,0.0,0.4441,0.9285,0.0,0.4615,0.2606,1.7713,0.0142,93338,0.9543,no,no,no,no,0,ok
Chaetodon_rainfordi_iNaturalist_42481120.jpg,Chaetodon rainfordi,images_inaturalist,1,1.0,0.0,0.7705,0.9588,0.0,0.2834,0.2606,1.0877,0.0408,196276,0.9933,no,no,no,no,0,ok
Chaetodon_rainfordi_iNaturalist_42541456.jpg,Chaetodon rainfordi,images_inaturalist,1,1.0,0.0,0.6437,0.9233,0.0,0.2283,0.2606,0.8762,0.0526,182557,0.9894,no,no,no,no,0,ok
Chaetodon_rainfordi_iNaturalist_449237800.jpg,Chaetodon rainfordi,images_inaturalist,1,1.0,0.0,0.7802,0.9433,0.0,0.0532,0.2606,0.2042,0.0257,9605,0.8729,no,no,yes,no,1,review
Chaetodon_rainfordi_iNaturalist_476225553.jpg,Chaetodon rainfordi,images_inaturalist,2,1.0,0.0,0.7125,0.9289,0.0,0.3985,0.2606,1.5295,0.0243,411362,0.966,no,no,no,no,0,ok
Chaetodon_rainfordi_iNaturalist_511704851.jpg,Chaetodon rainfordi,images_inaturalist,1,1.0,0.0,0.6832,0.9608,0.0,0.1647,0.2606,0.6321,0.0069,152922,0.9633,no,no,no,no,0,ok
Chaetodon_rainfordi_iNaturalist_595411844.jpg,Chaetodon rainfordi,images_inaturalist,1,1.0,0.0,1.0639,0.9948,0.0,0.0419,0.2606,0.1608,0.0241,31358,0.8538,no,no,yes,no,1,review
Chaetodon_rainfordi_iNaturalist_595670621.jpg,Chaetodon rainfordi,images_inaturalist,1,1.0,0.0,0.7358,0.9575,0.0,0.1844,0.2606,0.7077,0.0324,158115,0.9723,no,no,no,no,0,ok
Chaetodon_rainfordi_iNaturalist_597922997.jpg,Chaetodon rainfordi,images_inaturalist,1,1.0,0.0,0.915,0.9861,0.0,0.0995,0.2606,0.3819,0.0214,108286,0.923,no,no,no,no,0,ok
Chaetodon_reticulatus_Bishop_-2063111040.jpg,Chaetodon reticulatus,images_bishop,1,1.0,0.0,0.4896,0.9229,0.0,0.5065,0.3731,1.3575,0.0206,265311,0.9755,no,no,no,no,0,ok
Chaetodon_reticulatus_FishBaseUser_1545732893_172.68.211.186.jpg,Chaetodon reticulatus,images_fishbase_usercontrib,1,1.0,0.0,0.9193,0.9997,0.0,0.1059,0.3731,0.2838,0.0223,1299463,0.8993,no,no,yes,no,1,review
Chaetodon_reticulatus_FishBase_Chret_u1.jpg,Chaetodon reticulatus,images_fishbase_extra,1,1.0,0.0,0.4462,0.8743,0.0,0.2102,0.3731,0.5634,0.02,112578,0.9541,no,no,no,no,0,ok
Chaetodon_reticulatus_FishBase_Chret_u4.jpg,Chaetodon reticulatus,images_fishbase_extra,1,1.0,0.0,0.4847,0.9182,0.0,0.51,0.3731,1.3669,0.0205,150361,0.975,no,no,no,no,0,ok
Chaetodon_reticulatus_FishBase_Chret_ub.jpg,Chaetodon reticulatus,images_fishbase_extra,1,1.0,0.0,0.753,0.9402,0.0,0.2751,0.3731,0.7373,0.0221,127248,0.9756,no,no,no,no,0,ok
Chaetodon_reticulatus_FishBase_Chret_ue.jpg,Chaetodon reticulatus,images_fishbase_extra,1,1.0,0.0,0.6155,0.9611,0.0,0.5118,0.3731,1.3718,0.0101,158225,0.9747,no,no,no,no,0,ok
Chaetodon_reticulatus_FishPix_107134AF.jpg,Chaetodon reticulatus,images,1,1.0,0.0,0.4593,0.8972,0.0,0.3522,0.3731,0.944,0.0222,181516,0.9954,no,no,no,no,0,ok
Chaetodon_reticulatus_FishWise_059555F000009W000007.jpg,Chaetodon reticulatus,images_fishwise,1,1.0,0.0,0.7956,0.9804,0.0,0.3233,0.3731,0.8665,0.0226,111496,0.9885,no,no,no,no,0,ok
Chaetodon_reticulatus_FishWise_059555F000112W000003.jpg,Chaetodon reticulatus,images_fishwise,1,1.0,0.0,0.5364,0.9166,0.0,0.3371,0.3731,0.9035,0.0247,98045,0.9919,no,no,no,no,0,ok
Chaetodon_reticulatus_FishWise_059555F000112W000004.jpg,Chaetodon reticulatus,images_fishwise,1,1.0,0.0,0.4722,0.9592,0.0,0.4993,0.3731,1.3382,0.0211,131317,0.9767,no,no,no,no,0,ok
Chaetodon_reticulatus_FishWise_059555F000112W000005.jpg,Chaetodon reticulatus,images_fishwise,1,1.0,0.0,0.5081,0.9457,0.0,0.5207,0.3731,1.3956,0.0162,106599,0.9733,no,no,no,no,0,ok
Chaetodon_reticulatus_FishWise_059555F000112W000006.jpg,Chaetodon reticulatus,images_fishwise,1,1.0,0.0,0.6219,0.9545,0.0,0.5118,0.3731,1.3718,0.0101,110672,0.9747,no,no,no,no,0,ok
Chaetodon_reticulatus_iNaturalist_156611194.jpg,Chaetodon reticulatus,images_inaturalist,1,1.0,0.0,0.9122,0.9916,0.0,0.0936,0.3731,0.2509,0.0516,144921,0.8894,no,no,yes,no,1,review
Chaetodon_reticulatus_iNaturalist_261570999.jpg,Chaetodon reticulatus,images_inaturalist,1,1.0,0.0,0.864,0.9987,0.0,0.2951,0.3731,0.7909,0.0328,272651,0.9812,no,no,no,no,0,ok
Chaetodon_reticulatus_iNaturalist_30026960.jpg,Chaetodon reticulatus,images_inaturalist,1,1.0,0.0,0.4518,0.8201,0.0001,0.3238,0.3731,0.8679,0.1667,318151,0.9797,no,no,no,no,0,ok
Chaetodon_reticulatus_iNaturalist_487632927.jpg,Chaetodon reticulatus,images_inaturalist,1,1.0,0.0,0.6544,0.9418,0.0,0.0244,0.3731,0.0654,0.0695,18664,0.7818,no,no,yes,no,1,review
Chaetodon_reticulatus_iNaturalist_487632982.jpg,Chaetodon reticulatus,images_inaturalist,3,0.5691,0.4309,0.655,0.4277,0.0,0.0196,0.3731,0.0525,0.1266,7357,0.4868,yes,yes,yes,no,3,resegment_dinosam
Chaetodon_reticulatus_iNaturalist_54399841.jpg,Chaetodon reticulatus,images_inaturalist,2,0.5434,0.4566,0.8305,0.5401,0.0,0.0308,0.3731,0.0826,0.0156,12034,0.5477,no,yes,yes,no,2,resegment_dinosam
Chaetodon_reticulatus_iNaturalist_573920266.jpg,Chaetodon reticulatus,images_inaturalist,1,1.0,0.0,0.8168,0.9808,0.0,0.1741,0.3731,0.4666,0.0295,152922,0.939,no,no,no,no,0,ok
Chaetodon_reticulatus_iNaturalist_591169754.jpg,Chaetodon reticulatus,images_inaturalist,1,1.0,0.0,0.4634,0.8856,0.0,0.2209,0.3731,0.5921,0.0412,196415,0.9581,no,no,no,no,0,ok
Chaetodon_reticulatus_iNaturalist_7064003.jpg,Chaetodon reticulatus,images_inaturalist,1,1.0,0.0,0.9783,0.9951,0.0,0.0645,0.3731,0.1729,0.0257,76211,0.8596,no,no,yes,no,1,review
Chaetodon_robustus_FishBaseUser_1747233394_95.95.129.49.jpg,Chaetodon robustus,images_fishbase_usercontrib,1,1.0,0.0,0.6572,0.9249,0.0,0.3362,0.1846,1.8212,0.0734,2415477,0.952,no,no,no,no,0,ok
Chaetodon_robustus_FishBaseUser_1747233436_95.95.129.49.jpg,Chaetodon robustus,images_fishbase_usercontrib,1,1.0,0.0,0.6037,0.915,0.0,0.1997,0.1846,1.0818,0.1507,1699221,0.9937,no,no,no,no,0,ok
Chaetodon_robustus_FishBase_Chrob_u5.jpg,Chaetodon robustus,images_fishbase_extra,1,1.0,0.0,0.7942,0.936,0.0,0.0687,0.1846,0.3722,0.0784,36673,0.9209,no,no,no,no,0,ok
Chaetodon_robustus_FishBase_Chrob_u6.jpg,Chaetodon robustus,images,1,1.0,0.0,0.6365,0.9264,0.0,0.1306,0.1846,0.7075,0.0659,49348,0.9723,no,no,no,no,0,ok
Chaetodon_robustus_FishBase_Chrob_u8.jpg,Chaetodon robustus,images_fishbase_extra,1,1.0,0.0,0.6548,0.8989,0.0,0.1286,0.1846,0.6966,0.0272,59012,0.9711,no,no,no,no,0,ok
Chaetodon_robustus_iNaturalist_257423579.jpg,Chaetodon robustus,images_inaturalist,1,1.0,0.0,0.5335,0.8838,0.0,0.1675,0.1846,0.9074,0.0806,200112,0.9922,no,no,no,no,0,ok
Chaetodon_robustus_iNaturalist_278213241.jpg,Chaetodon robustus,images_inaturalist,1,1.0,0.0,0.9284,0.9651,0.0,0.027,0.1846,0.1463,0.0245,31257,0.8462,no,no,yes,no,1,review
Chaetodon_robustus_iNaturalist_399369257.jpg,Chaetodon robustus,images_inaturalist,2,0.7143,0.2857,0.6125,0.8178,0.0,0.3465,0.1846,1.877,0.0684,199795,0.84,no,no,no,no,0,ok
Chaetodon_robustus_iNaturalist_437534287.jpg,Chaetodon robustus,images_inaturalist,1,1.0,0.0,0.7535,0.9585,0.0,0.0756,0.1846,0.4095,0.0854,62059,0.9286,no,no,no,no,0,ok
Chaetodon_robustus_iNaturalist_437534347.jpg,Chaetodon robustus,images_inaturalist,1,1.0,0.0,0.5314,0.8886,0.0066,0.2206,0.1846,1.195,0.1321,325167,0.9844,no,no,no,no,0,ok
Chaetodon_robustus_iNaturalist_576757436.jpg,Chaetodon robustus,images_inaturalist,1,1.0,0.0,0.8063,0.9426,0.0,0.0436,0.1846,0.2362,0.0837,36372,0.8845,no,no,yes,no,1,review
Chaetodon_robustus_iNaturalist_61768271.jpg,Chaetodon robustus,images_inaturalist,1,1.0,0.0,0.7017,0.9737,0.0,0.405,0.1846,2.1939,0.0402,409447,0.9371,no,no,no,no,0,ok
Chaetodon_robustus_iNaturalist_61768284.jpg,Chaetodon robustus,images_inaturalist,1,1.0,0.0,1.0208,0.9711,0.0,0.0155,0.1846,0.084,0.0919,15466,0.8018,no,no,yes,no,1,review
Chaetodon_sanctaehelenae_FishBase_Chsan_u0.jpg,Chaetodon sanctaehelenae,images,1,1.0,0.0,0.6935,0.9069,0.0,0.2232,0.0786,2.8397,0.0453,109437,0.9165,no,no,no,no,0,ok
Chaetodon_sanctaehelenae_FishBase_Chsan_u1.jpg,Chaetodon sanctaehelenae,images_fishbase_extra,1,1.0,0.0,0.8065,0.953,0.0,0.1213,0.0786,1.5433,0.0481,44953,0.9653,no,no,no,no,0,ok
Chaetodon_sanctaehelenae_FishBase_Chsan_u2.jpg,Chaetodon sanctaehelenae,images_fishbase_extra,1,1.0,0.0,0.6462,0.8673,0.0,0.1758,0.0786,2.2366,0.0184,88392,0.9356,no,no,no,no,0,ok
Chaetodon_sanctaehelenae_FishBase_Chsan_u6.jpg,Chaetodon sanctaehelenae,images_fishbase_extra,3,0.5336,0.4664,0.5264,0.5538,0.0,0.1385,0.0786,1.7621,0.137,26713,0.7026,yes,yes,no,no,2,resegment_dinosam
Chaetodon_sanctaehelenae_iNaturalist_29339037.jpg,Chaetodon sanctaehelenae,images_inaturalist,2,0.5674,0.4326,0.9847,0.8284,0.0,0.1458,0.0786,1.855,0.1859,80907,0.7927,no,no,no,no,0,ok
Chaetodon_sanctaehelenae_iNaturalist_418980733.jpg,Chaetodon sanctaehelenae,images_inaturalist,2,0.7188,0.2812,0.8445,0.3013,0.0,0.0211,0.0786,0.2684,0.3106,13217,0.6318,no,yes,yes,no,2,resegment_dinosam
Chaetodon_sanctaehelenae_iNaturalist_418983044.jpg,Chaetodon sanctaehelenae,images_inaturalist,5,0.4149,0.5851,0.1076,0.3143,0.0,0.0512,0.0786,0.6514,0.0356,46390,0.591,yes,yes,no,no,2,resegment_dinosam
Chaetodon_sanctaehelenae_iNaturalist_484513376.jpg,Chaetodon sanctaehelenae,images_inaturalist,1,1.0,0.0,0.8361,0.9672,0.0,0.0641,0.0786,0.8155,0.1627,61694,0.9837,no,no,no,no,0,ok
Chaetodon_sanctaehelenae_iNaturalist_578388945.jpg,Chaetodon sanctaehelenae,images_inaturalist,1,1.0,0.0,0.3527,0.6601,0.0,0.0112,0.0786,0.1425,0.0853,11807,0.7872,no,no,yes,no,1,review
Chaetodon_sanctaehelenae_iNaturalist_578388957.jpg,Chaetodon sanctaehelenae,images_inaturalist,1,1.0,0.0,0.371,0.7311,0.0,0.0131,0.0786,0.1667,0.0485,12529,0.821,no,no,yes,no,1,review
Chaetodon_sanctaehelenae_iNaturalist_578388963.jpg,Chaetodon sanctaehelenae,images_inaturalist,1,1.0,0.0,0.652,0.9455,0.0,0.0163,0.0786,0.2074,0.035,12019,0.8741,no,no,yes,no,1,review
Chaetodon_sedentarius_FishBaseUser_1616347326_108.162.210.178.jpg,Chaetodon sedentarius,images_fishbase_usercontrib,1,1.0,0.0,0.769,0.9727,0.0,0.3364,0.2474,1.3595,0.0786,1145460,0.9754,no,no,no,no,0,ok
Chaetodon_sedentarius_FishBaseUser_1616347501_108.162.210.120.jpg,Chaetodon sedentarius,images_fishbase_usercontrib,1,1.0,0.0,0.7188,0.9316,0.0,0.1954,0.2474,0.7897,0.0713,1198992,0.9811,no,no,no,no,0,ok
Chaetodon_sedentarius_FishBaseUser_1658266436_172.70.131.44.jpg,Chaetodon sedentarius,images_fishbase_usercontrib,1,1.0,0.0,0.8308,0.9511,0.0,0.0801,0.2474,0.3237,0.0964,181976,0.9098,no,no,no,no,0,ok
Chaetodon_sedentarius_FishBaseUser_1658266632_172.70.126.199.jpg,Chaetodon sedentarius,images_fishbase_usercontrib,1,1.0,0.0,0.6095,0.8975,0.0,0.2186,0.2474,0.8834,0.0851,658669,0.9901,no,no,no,no,0,ok
Chaetodon_sedentarius_FishBaseUser_1705356921_172.70.55.155.jpg,Chaetodon sedentarius,images_fishbase_usercontrib,1,1.0,0.0,0.9803,0.9929,0.0,0.0928,0.2474,0.375,0.0803,78570,0.9215,no,no,no,no,0,ok
Chaetodon_sedentarius_FishBaseUser_1715887571_172.69.132.223.jpg,Chaetodon sedentarius,images_fishbase_usercontrib,1,1.0,0.0,0.6268,0.8622,0.0,0.17,0.2474,0.687,0.0226,189522,0.97,no,no,no,no,0,ok
Chaetodon_sedentarius_FishBaseUser_1715887614_172.69.132.222.jpg,Chaetodon sedentarius,images_fishbase_usercontrib,1,1.0,0.0,0.6708,0.9421,0.0,0.2344,0.2474,0.9473,0.0542,171954,0.9957,no,no,no,no,0,ok
Chaetodon_sedentarius_FishBase_Chsed_u1.jpg,Chaetodon sedentarius,images,1,1.0,0.0,0.7272,0.976,0.0,0.2172,0.2474,0.8778,0.057,78544,0.9896,no,no,no,no,0,ok
Chaetodon_sedentarius_FishBase_Chsed_u2.jpg,Chaetodon sedentarius,images_fishbase_extra,1,1.0,0.0,0.4499,0.9079,0.0,0.3781,0.2474,1.528,0.0294,136590,0.9661,no,no,no,no,0,ok
Chaetodon_sedentarius_FishBase_Chsed_u5.jpg,Chaetodon sedentarius,images_fishbase_extra,1,1.0,0.0,0.4541,0.8843,0.0,0.304,0.2474,1.2285,0.0265,100858,0.9835,no,no,no,no,0,ok
Chaetodon_sedentarius_FishWise_063392F000036W000001.jpg,Chaetodon sedentarius,images_fishwise,1,1.0,0.0,0.5089,0.8862,0.0,0.3999,0.2474,1.6161,0.0433,150701,0.9616,no,no,no,no,0,ok
Chaetodon_sedentarius_FishWise_063392F000057W000005.gif,Chaetodon sedentarius,images_fishwise,1,1.0,0.0,0.3984,0.8875,0.0,0.3305,0.2474,1.3356,0.0774,132909,0.9768,no,no,no,no,0,ok
Chaetodon_sedentarius_FishWise_063392F000164W000003.jpg,Chaetodon sedentarius,images_fishwise,1,1.0,0.0,0.8255,0.9359,0.0,0.2899,0.2474,1.1715,0.0632,100565,0.9873,no,no,no,no,0,ok
Chaetodon_sedentarius_iNaturalist_149996653.jpg,Chaetodon sedentarius,images_inaturalist,1,1.0,0.0,0.7979,0.9172,0.0,0.0953,0.2474,0.3851,0.0458,83306,0.9237,no,no,no,no,0,ok
Chaetodon_sedentarius_iNaturalist_261909821.jpg,Chaetodon sedentarius,images_inaturalist,1,1.0,0.0,0.7039,0.9594,0.0,0.1044,0.2474,0.4219,0.0285,113120,0.931,no,no,no,no,0,ok
Chaetodon_sedentarius_iNaturalist_264761.jpg,Chaetodon sedentarius,images_inaturalist,1,1.0,0.0,0.6179,0.8622,0.0,0.1099,0.2474,0.4441,0.1932,100264,0.9351,no,no,no,no,0,ok
Chaetodon_sedentarius_iNaturalist_291518510.jpg,Chaetodon sedentarius,images_inaturalist,1,1.0,0.0,0.6572,0.9225,0.0,0.1819,0.2474,0.7351,0.042,247175,0.9754,no,no,no,no,0,ok
Chaetodon_sedentarius_iNaturalist_32020377.jpg,Chaetodon sedentarius,images_inaturalist,1,1.0,0.0,0.4604,0.8839,0.0,0.021,0.2474,0.0849,0.0166,23313,0.8027,no,no,yes,no,1,review
Chaetodon_sedentarius_iNaturalist_32020388.jpg,Chaetodon sedentarius,images_inaturalist,1,1.0,0.0,0.8497,0.9579,0.0,0.0313,0.2474,0.1265,0.1289,25666,0.8346,no,no,yes,no,1,review
Chaetodon_sedentarius_iNaturalist_32020394.jpg,Chaetodon sedentarius,images_inaturalist,1,1.0,0.0,0.1474,0.4699,0.0,0.0224,0.2474,0.0905,0.0444,37522,0.6885,no,yes,yes,no,2,resegment_dinosam
Chaetodon_sedentarius_iNaturalist_401441222.jpg,Chaetodon sedentarius,images_inaturalist,1,1.0,0.0,0.9907,0.9787,0.0,0.1057,0.2474,0.4272,0.0571,134476,0.932,no,no,no,no,0,ok
Chaetodon_sedentarius_iNaturalist_4692917.jpg,Chaetodon sedentarius,images_inaturalist,1,1.0,0.0,0.7775,0.9482,0.007,0.2333,0.2474,0.9428,0.1533,322158,0.9939,no,no,no,no,0,ok
Chaetodon_selene_Bishop_-1379331455.jpg,Chaetodon selene,images_bishop,1,1.0,0.0,0.4229,0.8741,0.0,0.364,0.2547,1.4291,0.0229,269747,0.9714,no,no,no,no,0,ok
Chaetodon_selene_FishBaseUser_1368171404_114.155.226.67.jpg,Chaetodon selene,images_fishbase_usercontrib,1,1.0,0.0,0.7349,0.9464,0.0,0.354,0.2547,1.3899,0.0374,266837,0.9737,no,no,no,no,0,ok
Chaetodon_selene_FishBaseUser_1515663930_141.101.98.252.jpg,Chaetodon selene,images_fishbase_usercontrib,1,1.0,0.0,0.731,0.9608,0.0,0.459,0.2547,1.8021,0.057,2368791,0.9529,no,no,no,no,0,ok
Chaetodon_selene_FishBaseUser_1672900962_172.71.218.124.jpg,Chaetodon selene,images_fishbase_usercontrib,1,1.0,0.0,1.2295,1.005,0.0,0.0091,0.2547,0.0357,0.1808,3477,0.76,no,no,yes,no,1,review
Chaetodon_selene_FishBaseUser_1672900969_172.71.218.124.jpg,Chaetodon selene,images_fishbase_usercontrib,1,1.0,0.0,1.0188,0.9698,0.0,0.0137,0.2547,0.0538,0.1077,6554,0.7662,no,no,yes,no,1,review
Chaetodon_selene_FishBaseUser_1753599373_219.73.75.40.jpg,Chaetodon selene,images_fishbase_usercontrib,1,1.0,0.0,0.6944,0.9667,0.0,0.1084,0.2547,0.4256,0.033,415189,0.9317,no,no,no,no,0,ok
Chaetodon_selene_FishBase_Chsel_j0.jpg,Chaetodon selene,images_fishbase_extra,1,1.0,0.0,0.7392,0.9348,0.0,0.312,0.2547,1.225,0.036,124045,0.9838,no,no,no,no,0,ok
Chaetodon_selene_FishBase_Chsel_u0.jpg,Chaetodon selene,images_fishbase_extra,1,1.0,0.0,0.449,0.8721,0.0,0.4517,0.2547,1.7735,0.0292,154045,0.9542,no,no,no,no,0,ok
Chaetodon_selene_FishBase_Chsel_u1.jpg,Chaetodon selene,images_fishbase_extra,1,1.0,0.0,0.7046,0.9446,0.0,0.2128,0.2547,0.8355,0.0869,107212,0.9856,no,no,no,no,0,ok
Chaetodon_selene_FishBase_Chsel_u2.jpg,Chaetodon selene,images_fishbase_extra,1,1.0,0.0,0.7182,0.9527,0.0,0.2119,0.2547,0.832,0.044,84386,0.9853,no,no,no,no,0,ok
Chaetodon_selene_FishPix_26453AF.jpg,Chaetodon selene,images,1,1.0,0.0,0.7749,0.9574,0.0,0.2997,0.2547,1.1767,0.0403,128228,0.987,no,no,no,no,0,ok
Chaetodon_selene_iNaturalist_148476948.jpg,Chaetodon selene,images_inaturalist,1,1.0,0.0,0.9114,0.9788,0.0,0.3287,0.2547,1.2905,0.0458,264135,0.9796,no,no,no,no,0,ok
Chaetodon_selene_iNaturalist_194985212.jpg,Chaetodon selene,images_inaturalist,1,1.0,0.0,0.4575,0.8936,0.0,0.0517,0.2547,0.203,0.1143,30274,0.8724,no,no,yes,no,1,review
Chaetodon_selene_iNaturalist_2465500.jpg,Chaetodon selene,images_inaturalist,1,1.0,0.0,0.9745,0.9892,0.0,0.134,0.2547,0.5261,0.0154,177555,0.9486,no,no,no,no,0,ok
Chaetodon_selene_iNaturalist_459791600.jpg,Chaetodon selene,images_inaturalist,1,1.0,0.0,0.7571,0.9578,0.0,0.2266,0.2547,0.8897,0.0273,205620,0.9906,no,no,no,no,0,ok
Chaetodon_selene_iNaturalist_461134965.jpg,Chaetodon selene,images_inaturalist,1,1.0,0.0,0.8929,0.9832,0.0,0.0597,0.2547,0.2344,0.1145,50747,0.8839,no,no,yes,no,1,review
Chaetodon_selene_iNaturalist_517036584.jpg,Chaetodon selene,images_inaturalist,1,1.0,0.0,0.3785,0.8925,0.0,0.1833,0.2547,0.7197,0.027,143636,0.9737,no,no,no,no,0,ok
Chaetodon_selene_iNaturalist_577593291.jpg,Chaetodon selene,images_inaturalist,1,1.0,0.0,0.4143,0.9074,0.0,0.0491,0.2547,0.1928,0.0353,38323,0.8683,no,no,yes,no,1,review
Chaetodon_selene_iNaturalist_600955401.jpg,Chaetodon selene,images_inaturalist,1,1.0,0.0,0.7451,0.9309,0.0,0.182,0.2547,0.7146,0.0374,191305,0.9731,no,no,no,no,0,ok
Chaetodon_selene_iNaturalist_600955409.jpg,Chaetodon selene,images_inaturalist,1,1.0,0.0,0.6177,0.9127,0.0,0.148,0.2547,0.5811,0.018,184516,0.9566,no,no,no,no,0,ok
Chaetodon_selene_iNaturalist_84499473.jpg,Chaetodon selene,images_inaturalist,1,1.0,0.0,0.7031,0.9503,0.0,0.1719,0.2547,0.6749,0.0913,232663,0.9685,no,no,no,no,0,ok
Chaetodon_semeion_Bishop_-1205919593.jpg,Chaetodon semeion,images_bishop,1,1.0,0.0,0.4148,0.8104,0.0,0.4449,0.1936,2.298,0.008,264810,0.9216,no,no,no,no,0,ok
Chaetodon_semeion_Bishop_238560942.jpg,Chaetodon semeion,images_bishop,2,1.0,0.0,0.3793,0.7957,0.0,0.3994,0.1936,2.063,0.0158,275246,0.9258,no,no,no,no,0,ok
Chaetodon_semeion_FishBaseUser_1430209867_86.10.40.87.jpg,Chaetodon semeion,images_fishbase_usercontrib,1,1.0,0.0,0.483,0.9293,0.0,0.286,0.1936,1.4773,0.0587,952096,0.9688,no,no,no,no,0,ok
Chaetodon_semeion_FishBaseUser_1430209932_86.10.40.87.jpg,Chaetodon semeion,images_fishbase_usercontrib,4,1.0,0.0,0.4879,0.9094,0.0,0.1852,0.1936,0.9566,0.0544,498492,0.9965,no,no,no,no,0,ok
Chaetodon_semeion_FishBaseUser_1509181680_172.68.102.54.jpg,Chaetodon semeion,images_fishbase_usercontrib,1,1.0,0.0,0.2308,0.7311,0.0315,0.1393,0.1936,0.7195,0.0932,795777,0.9317,no,no,no,no,0,ok
Chaetodon_semeion_FishBaseUser_1626941528_172.68.189.111.jpg,Chaetodon semeion,images_fishbase_usercontrib,1,1.0,0.0,0.891,0.9876,0.0,0.1158,0.1936,0.5981,0.0308,727364,0.9589,no,no,no,no,0,ok
Chaetodon_semeion_FishBase_Chsem_j0.jpg,Chaetodon semeion,images_fishbase_extra,1,1.0,0.0,0.9441,0.9973,0.0,0.0761,0.1936,0.3931,0.0048,11813,0.9253,no,no,no,no,0,ok
Chaetodon_semeion_FishBase_Chsem_j1.jpg,Chaetodon semeion,images_fishbase_extra,1,1.0,0.0,0.638,0.933,0.0,0.2581,0.1936,1.3332,0.0263,131746,0.977,no,no,no,no,0,ok
Chaetodon_semeion_FishBase_Chsem_u0.jpg,Chaetodon semeion,images_fishbase_extra,1,1.0,0.0,0.3701,0.7893,0.0,0.3981,0.1936,2.0563,0.0159,186048,0.9241,no,no,no,no,0,ok
Chaetodon_semeion_FishBase_Chsem_u1.jpg,Chaetodon semeion,images_fishbase_extra,1,1.0,0.0,0.7471,0.9624,0.0,0.3034,0.1936,1.5671,0.0542,121767,0.9641,no,no,no,no,0,ok
Chaetodon_semeion_FishBase_Chsem_u3.jpg,Chaetodon semeion,images_fishbase_extra,2,1.0,0.0,0.4086,0.8183,0.0,0.4427,0.1936,2.2867,0.0082,177444,0.9243,no,no,no,no,0,ok
Chaetodon_semeion_FishBase_Chsem_u8.jpg,Chaetodon semeion,images_fishbase_extra,1,1.0,0.0,0.6383,0.9291,0.0,0.3478,0.1936,1.7965,0.0172,160965,0.9531,no,no,no,no,0,ok
Chaetodon_semeion_FishPix_38321AF.jpg,Chaetodon semeion,images,1,1.0,0.0,0.4432,0.9105,0.0,0.1725,0.1936,0.891,0.0211,87621,0.9908,no,no,no,no,0,ok
Chaetodon_semeion_FishWise_063473F000009W000005.jpg,Chaetodon semeion,images_fishwise,1,1.0,0.0,0.5945,0.904,0.0,0.1915,0.1936,0.9892,0.0153,82420,0.9991,no,no,no,no,0,ok
Chaetodon_semeion_FishWise_063473F000387W000004.jpg,Chaetodon semeion,images_fishwise,1,1.0,0.0,0.3693,0.8837,0.0,0.3758,0.1936,1.9411,0.0459,122455,0.9469,no,no,no,no,0,ok
Chaetodon_semeion_iNaturalist_187549895.jpg,Chaetodon semeion,images_inaturalist,1,1.0,0.0,0.4014,0.9077,0.0,0.1924,0.1936,0.9938,0.0588,148028,0.9995,no,no,no,no,0,ok
Chaetodon_semeion_iNaturalist_483843324.jpg,Chaetodon semeion,images_inaturalist,1,1.0,0.0,0.6737,0.8597,0.0,0.0534,0.1936,0.2758,0.0439,3712,0.897,no,no,yes,no,1,review
Chaetodon_semeion_iNaturalist_483843340.jpg,Chaetodon semeion,images_inaturalist,1,1.0,0.0,0.8003,0.9054,0.0,0.0171,0.1936,0.0883,0.0216,3312,0.8059,no,no,yes,no,1,review
Chaetodon_semeion_iNaturalist_483843356.jpg,Chaetodon semeion,images_inaturalist,1,1.0,0.0,0.845,0.9955,0.0,0.0171,0.1936,0.0883,0.0265,2213,0.8059,no,no,yes,no,1,review
Chaetodon_semeion_iNaturalist_592159669.jpg,Chaetodon semeion,images_inaturalist,1,1.0,0.0,0.7258,0.9778,0.0,0.0831,0.1936,0.4292,0.2047,65748,0.9323,no,no,no,no,0,ok
Chaetodon_semeion_iNaturalist_599835880.jpg,Chaetodon semeion,images_inaturalist,1,1.0,0.0,0.6836,0.9076,0.0,0.0398,0.1936,0.2056,0.003,45994,0.8734,no,no,yes,no,1,review
Chaetodon_semeion_iNaturalist_599835888.jpg,Chaetodon semeion,images_inaturalist,1,1.0,0.0,0.6225,0.9273,0.0,0.018,0.1936,0.093,0.0211,20338,0.81,no,no,yes,no,1,review
Chaetodon_semeion_iNaturalist_80165040.jpg,Chaetodon semeion,images_inaturalist,1,1.0,0.0,0.6256,0.9347,0.0,0.105,0.1936,0.5424,0.0303,176624,0.9511,no,no,no,no,0,ok
Chaetodon_semeion_iNaturalist_85606809.jpg,Chaetodon semeion,images_inaturalist,1,1.0,0.0,0.4083,0.8526,0.0,0.177,0.1936,0.9143,0.0869,163295,0.9928,no,no,no,no,0,ok
Chaetodon_semilarvatus_Bishop_-947886964.jpg,Chaetodon semilarvatus,images_bishop,1,1.0,0.0,0.5414,0.9254,0.0,0.4993,0.3166,1.5771,0.029,270654,0.9636,no,no,no,no,0,ok
Chaetodon_semilarvatus_FishBaseUser_1482253124_188.114.102.48.jpg,Chaetodon semilarvatus,images_fishbase_usercontrib,1,1.0,0.0,0.7609,0.9423,0.0,0.1206,0.3166,0.3809,0.0629,44268,0.9228,no,no,no,no,0,ok
Chaetodon_semilarvatus_FishBaseUser_1482311557_188.114.102.48.jpg,Chaetodon semilarvatus,images_fishbase_usercontrib,3,0.476,0.524,0.9671,0.5688,0.0,0.2141,0.3166,0.6762,0.0689,44236,0.7009,yes,yes,no,no,2,resegment_dinosam
Chaetodon_semilarvatus_FishBaseUser_1509181885_172.68.102.54.jpg,Chaetodon semilarvatus,images_fishbase_usercontrib,2,0.5348,0.4652,0.8379,0.6843,0.0,0.1402,0.3166,0.4428,0.0415,585200,0.7223,no,no,no,no,0,ok
Chaetodon_semilarvatus_FishBaseUser_1580212474_162.158.94.76.jpg,Chaetodon semilarvatus,images_fishbase_usercontrib,1,1.0,0.0,0.4947,0.8605,0.0,0.3384,0.3166,1.0689,0.0885,158277,0.9947,no,no,no,no,0,ok
Chaetodon_semilarvatus_FishBaseUser_1585650420_141.101.69.47.jpg,Chaetodon semilarvatus,images_fishbase_usercontrib,1,1.0,0.0,0.4973,0.8974,0.0,0.2739,0.3166,0.8651,0.0998,1910040,0.9884,no,no,no,no,0,ok
Chaetodon_semilarvatus_FishBaseUser_1585650926_108.162.229.206.jpg,Chaetodon semilarvatus,images_fishbase_usercontrib,1,1.0,0.0,0.7078,0.9158,0.0,0.3461,0.3166,1.0932,0.0157,45594,0.9929,no,no,no,no,0,ok
Chaetodon_semilarvatus_FishBaseUser_1588281838_141.101.98.34.jpg,Chaetodon semilarvatus,images_fishbase_usercontrib,1,1.0,0.0,0.5508,0.9052,0.0,0.2961,0.3166,0.9352,0.0982,240999,0.9946,no,no,no,no,0,ok
Chaetodon_semilarvatus_FishBaseUser_1671035515_172.71.26.208.jpg,Chaetodon semilarvatus,images_fishbase_usercontrib,2,1.0,0.0,0.1862,0.7336,0.0,0.3124,0.3166,0.9867,0.0079,1129922,0.9626,no,no,no,no,0,ok
Chaetodon_semilarvatus_FishBaseUser_1671035583_172.71.26.209.jpg,Chaetodon semilarvatus,images_fishbase_usercontrib,1,1.0,0.0,0.6633,0.9645,0.0,0.1359,0.3166,0.4292,0.08,751656,0.9323,no,no,no,no,0,ok
Chaetodon_semilarvatus_FishBase_Chsem_u2.jpg,Chaetodon semilarvatus,images_fishbase_extra,1,1.0,0.0,0.504,0.9319,0.0,0.4974,0.3166,1.5711,0.029,150658,0.9639,no,no,no,no,0,ok
Chaetodon_semilarvatus_FishBase_Chsem_u4.jpg,Chaetodon semilarvatus,images_fishbase_extra,1,1.0,0.0,0.8334,0.9939,0.0,0.3577,0.3166,1.1298,0.0196,145362,0.9902,no,no,no,no,0,ok
Chaetodon_semilarvatus_FishBase_Chsem_u6.jpg,Chaetodon semilarvatus,images_fishbase_extra,1,1.0,0.0,0.5053,0.8929,0.0,0.2523,0.3166,0.7969,0.0389,112120,0.9818,no,no,no,no,0,ok
Chaetodon_semilarvatus_FishBase_Chsem_u7.jpg,Chaetodon semilarvatus,images_fishbase_extra,1,1.0,0.0,0.739,0.9423,0.0,0.3207,0.3166,1.013,0.054,126367,0.999,no,no,no,no,0,ok
Chaetodon_semilarvatus_FishBase_Chsem_ua.jpg,Chaetodon semilarvatus,images_fishbase_extra,2,0.5326,0.4674,0.8255,0.768,0.0,0.1593,0.3166,0.5032,0.0666,32814,0.7569,no,no,no,no,0,ok
Chaetodon_semilarvatus_FishBase_Chsem_uc.jpg,Chaetodon semilarvatus,images_fishbase_extra,1,1.0,0.0,0.9678,1.0019,0.0,0.4221,0.3166,1.3332,0.0407,128915,0.977,no,no,no,no,0,ok
Chaetodon_semilarvatus_FishPix_32790AF.jpg,Chaetodon semilarvatus,images,1,1.0,0.0,0.5235,0.8659,0.0,0.366,0.3166,1.156,0.0292,173129,0.9884,no,no,no,no,0,ok
Chaetodon_semilarvatus_FishWise_063576F000009W000004.jpg,Chaetodon semilarvatus,images_fishwise,1,1.0,0.0,0.9241,0.9895,0.0,0.4109,0.3166,1.2979,0.0158,93057,0.9791,no,no,no,no,0,ok
Chaetodon_semilarvatus_FishWise_063576F000009W000005.jpg,Chaetodon semilarvatus,images_fishwise,1,1.0,0.0,0.7564,0.9713,0.0,0.2187,0.3166,0.6908,0.0298,74029,0.9704,no,no,no,no,0,ok
Chaetodon_semilarvatus_FishWise_063576F000009W000006.jpg,Chaetodon semilarvatus,images_fishwise,1,1.0,0.0,0.9792,0.9981,0.0,0.3312,0.3166,1.0461,0.0446,87720,0.9964,no,no,no,no,0,ok
Chaetodon_semilarvatus_FishWise_063576F000009W000007.jpg,Chaetodon semilarvatus,images_fishwise,1,1.0,0.0,0.8073,0.9853,0.0,0.2712,0.3166,0.8566,0.0334,68905,0.9876,no,no,no,no,0,ok
Chaetodon_semilarvatus_FishWise_063576F000009W000008.jpg,Chaetodon semilarvatus,images_fishwise,1,1.0,0.0,1.0271,0.9956,0.0,0.3332,0.3166,1.0524,0.008,92764,0.9959,no,no,no,no,0,ok
Chaetodon_semilarvatus_FishWise_063576F000009W000016.jpg,Chaetodon semilarvatus,images_fishwise,1,1.0,0.0,0.8682,0.9943,0.0,0.2281,0.3166,0.7205,0.0234,67138,0.9738,no,no,no,no,0,ok
Chaetodon_semilarvatus_FishWise_063576F000009W000017.jpg,Chaetodon semilarvatus,images_fishwise,1,1.0,0.0,0.9204,0.9904,0.0,0.3157,0.3166,0.9972,0.0324,108088,0.9998,no,no,no,no,0,ok
Chaetodon_semilarvatus_FishWise_063576F000009W000018.jpg,Chaetodon semilarvatus,images_fishwise,1,1.0,0.0,0.7155,0.9799,0.0,0.2097,0.3166,0.6623,0.0086,69037,0.967,no,no,no,no,0,ok
Chaetodon_semilarvatus_FishWise_063576F000009W000019.jpg,Chaetodon semilarvatus,images_fishwise,1,1.0,0.0,0.9891,1.0,0.0,0.2178,0.3166,0.6879,0.0418,62767,0.9701,no,no,no,no,0,ok
Chaetodon_semilarvatus_FishWise_063576F000009W000020.jpg,Chaetodon semilarvatus,images_fishwise,1,1.0,0.0,0.619,0.9808,0.0,0.213,0.3166,0.6728,0.0157,65621,0.9683,no,no,no,no,0,ok
Chaetodon_semilarvatus_FishWise_063576F000009W000021.jpg,Chaetodon semilarvatus,images_fishwise,1,1.0,0.0,0.9205,0.9872,0.0,0.1256,0.3166,0.3967,0.0183,47485,0.926,no,no,no,no,0,ok
Chaetodon_semilarvatus_FishWise_063576F000009W000036.jpg,Chaetodon semilarvatus,images_fishwise,1,1.0,0.0,0.6369,0.9161,0.0,0.2101,0.3166,0.6636,0.0086,89232,0.9672,no,no,no,no,0,ok
Chaetodon_semilarvatus_FishWise_063576F000009W000040.jpg,Chaetodon semilarvatus,images_fishwise,1,1.0,0.0,0.8025,0.9882,0.0,0.2022,0.3166,0.6387,0.0147,79620,0.9641,no,no,no,no,0,ok
Chaetodon_semilarvatus_FishWise_063576F000009W000042.jpg,Chaetodon semilarvatus,images_fishwise,1,1.0,0.0,0.5827,0.8965,0.0,0.1073,0.3166,0.3389,0.0705,44730,0.9134,no,no,no,no,0,ok
Chaetodon_semilarvatus_FishWise_063576F000163W000009.jpg,Chaetodon semilarvatus,images_fishwise,2,0.7087,0.2913,1.013,0.4913,0.0,0.0889,0.3166,0.2808,0.1254,14430,0.6888,no,yes,yes,no,2,resegment_dinosam
Chaetodon_semilarvatus_FishWise_063576F000167W000022.jpg,Chaetodon semilarvatus,images_fishwise,1,1.0,0.0,0.823,0.9856,0.0,0.0964,0.3166,0.3045,0.2349,71588,0.9049,no,no,no,no,0,ok
Chaetodon_semilarvatus_FishWise_063576F000175W000010.jpg,Chaetodon semilarvatus,images_fishwise,1,1.0,0.0,0.5442,0.8961,0.0,0.2438,0.3166,0.7701,0.0423,79671,0.9791,no,no,no,no,0,ok
Chaetodon_semilarvatus_FishWise_063576F000387W000044.jpg,Chaetodon semilarvatus,images_fishwise,1,1.0,0.0,0.7747,0.9771,0.0,0.4046,0.3166,1.278,0.0273,136163,0.9804,no,no,no,no,0,ok
Chaetodon_semilarvatus_FishWise_063576F000387W000045.jpg,Chaetodon semilarvatus,images_fishwise,1,1.0,0.0,0.7612,0.9833,0.0,0.392,0.3166,1.2382,0.0156,128626,0.9829,no,no,no,no,0,ok
Chaetodon_semilarvatus_FishWise_063576F000451W000046.jpg,Chaetodon semilarvatus,images_fishwise,2,0.5449,0.4551,1.0867,0.8427,0.0,0.3778,0.3166,1.1933,0.0368,59292,0.8244,no,no,no,no,0,ok
Chaetodon_semilarvatus_FishWise_063576F006605W000047.jpg,Chaetodon semilarvatus,images_fishwise,1,1.0,0.0,0.9116,0.9841,0.0,0.4034,0.3166,1.2742,0.0329,200197,0.9806,no,no,no,no,0,ok
Chaetodon_semilarvatus_iNaturalist_120141447.jpg,Chaetodon semilarvatus,images_inaturalist,1,1.0,0.0,0.7201,0.9095,0.0,0.1981,0.3166,0.6257,0.0596,200055,0.9625,no,no,no,no,0,ok
Chaetodon_semilarvatus_iNaturalist_120141561.jpg,Chaetodon semilarvatus,images_inaturalist,2,0.5223,0.4777,0.6231,0.4578,0.0,0.0686,0.3166,0.2167,0.0316,43817,0.5928,no,yes,yes,no,2,resegment_dinosam
Chaetodon_semilarvatus_iNaturalist_213281979.jpg,Chaetodon semilarvatus,images_inaturalist,1,1.0,0.0,0.8726,0.9716,0.0,0.2338,0.3166,0.7385,0.1444,222631,0.9757,no,no,no,no,0,ok
Chaetodon_semilarvatus_iNaturalist_234638753.jpg,Chaetodon semilarvatus,images_inaturalist,1,1.0,0.0,0.8154,0.9875,0.0,0.3401,0.3166,1.0742,0.0518,311982,0.9943,no,no,no,no,0,ok
Chaetodon_semilarvatus_iNaturalist_2675097.jpg,Chaetodon semilarvatus,images_inaturalist,1,1.0,0.0,0.8702,0.9956,0.0,0.3332,0.3166,1.0524,0.082,281852,0.9959,no,no,no,no,0,ok
Chaetodon_semilarvatus_iNaturalist_480736217.jpg,Chaetodon semilarvatus,images_inaturalist,2,0.6336,0.3664,1.1856,0.7784,0.0,0.0684,0.3166,0.216,0.0572,38613,0.7277,no,no,yes,no,1,review
Chaetodon_semilarvatus_iNaturalist_542083393.jpg,Chaetodon semilarvatus,images_inaturalist,2,0.7159,0.2841,1.0656,0.4854,0.0622,0.0759,0.3166,0.2397,0.2131,42827,0.6645,no,yes,yes,no,2,resegment_dinosam
Chaetodon_semilarvatus_iNaturalist_581020123.jpg,Chaetodon semilarvatus,images_inaturalist,1,1.0,0.0,0.9557,0.9935,0.0,0.1665,0.3166,0.5259,0.1179,151749,0.9486,no,no,no,no,0,ok
Chaetodon_semilarvatus_iNaturalist_589657471.jpg,Chaetodon semilarvatus,images_inaturalist,1,1.0,0.0,0.7579,0.9673,0.0,0.0928,0.3166,0.2931,0.0587,75449,0.9018,no,no,yes,no,1,review
Chaetodon_semilarvatus_iNaturalist_598091917.jpg,Chaetodon semilarvatus,images_inaturalist,2,0.6668,0.3332,1.0834,0.5064,0.0766,0.1103,0.3166,0.3484,0.0443,58325,0.6806,no,yes,no,no,1,review
Chaetodon_smithi_Bishop_-1166721005.jpg,Chaetodon smithi,images_bishop,1,1.0,0.0,0.4583,0.8701,0.0,0.4193,0.5152,0.8139,0.0123,276225,0.9835,no,no,no,no,0,ok
Chaetodon_smithi_Bishop_-608924262.jpg,Chaetodon smithi,images_bishop,1,1.0,0.0,0.409,0.8576,0.0,0.3904,0.5152,0.7578,0.023,284112,0.9778,no,no,no,no,0,ok
Chaetodon_smithi_Bishop_-756583267.jpg,Chaetodon smithi,images_bishop,1,1.0,0.0,0.4281,0.8411,0.0,0.3994,0.5152,0.7752,0.0248,291976,0.977,no,no,no,no,0,ok
Chaetodon_smithi_FishBase_Chsmi_u0.jpg,Chaetodon smithi,images_fishbase_extra,1,1.0,0.0,0.4148,0.8379,0.0,0.4016,0.5152,0.7795,0.0246,167010,0.9764,no,no,no,no,0,ok
Chaetodon_smithi_FishBase_Chsmi_u1.jpg,Chaetodon smithi,images,1,1.0,0.0,0.44,0.8625,0.0,0.399,0.5152,0.7745,0.0215,168757,0.9796,no,no,no,no,0,ok
Chaetodon_smithi_FishBase_Chsmi_u2.jpg,Chaetodon smithi,images_fishbase_extra,7,0.4902,0.5098,0.6335,0.4116,0.0036,0.1352,0.5152,0.2624,0.0826,21147,0.5823,yes,yes,yes,no,3,resegment_dinosam
Chaetodon_smithi_FishBase_Chsmi_u3.jpg,Chaetodon smithi,images_fishbase_extra,1,1.0,0.0,0.4438,0.8748,0.0,0.4329,0.5152,0.8403,0.0108,169485,0.9861,no,no,no,no,0,ok
Chaetodon_smithi_FishBase_Chsmi_u5.jpg,Chaetodon smithi,images_fishbase_extra,3,0.9998,0.0002,0.4712,0.852,0.0,0.3576,0.5152,0.6941,0.0144,119519,0.9707,no,no,no,no,0,ok
Chaetodon_smithi_iNaturalist_459167446.jpg,Chaetodon smithi,images_inaturalist,3,0.9999,0.0001,0.6274,0.9151,0.0,0.3458,0.5152,0.6712,0.0533,263088,0.9681,no,no,no,no,0,ok
Chaetodon_speculum_Bishop_65885528.jpg,Chaetodon speculum,images_bishop,1,1.0,0.0,0.4373,0.8893,0.0,0.4072,0.2542,1.6022,0.0183,244171,0.9623,no,no,no,no,0,ok
Chaetodon_speculum_FishBaseUser_1454328881_94.198.18.55.jpg,Chaetodon speculum,images_fishbase_usercontrib,1,1.0,0.0,0.7623,0.9716,0.0,0.1398,0.2542,0.5501,0.0776,150202,0.9522,no,no,no,no,0,ok
Chaetodon_speculum_FishBaseUser_1469522295_162.158.167.12.jpg,Chaetodon speculum,images_fishbase_usercontrib,1,1.0,0.0,0.9314,0.9593,0.0,0.2579,0.2542,1.0148,0.0713,288987,0.9988,no,no,no,no,0,ok
Chaetodon_speculum_FishBaseUser_1577142552_172.68.102.78.jpg,Chaetodon speculum,images_fishbase_usercontrib,1,1.0,0.0,0.7718,0.9334,0.0,0.1458,0.2542,0.5737,0.0495,1509772,0.9555,no,no,no,no,0,ok
Chaetodon_speculum_FishBaseUser_1672901012_172.71.218.124.jpg,Chaetodon speculum,images_fishbase_usercontrib,1,1.0,0.0,0.8857,0.9999,0.0,0.0785,0.2542,0.3089,0.0373,454402,0.906,no,no,no,no,0,ok
Chaetodon_speculum_FishBaseUser_1672901052_172.70.210.247.jpg,Chaetodon speculum,images_fishbase_usercontrib,1,1.0,0.0,0.9005,0.9841,0.0,0.0886,0.2542,0.3486,0.0145,38066,0.9157,no,no,no,no,0,ok
Chaetodon_speculum_FishBaseUser_1672901079_172.70.210.247.jpg,Chaetodon speculum,images_fishbase_usercontrib,1,1.0,0.0,0.953,0.978,0.0,0.1023,0.2542,0.4025,0.0267,347496,0.9272,no,no,no,no,0,ok
Chaetodon_speculum_FishBaseUser_1672901131_172.70.214.230.jpg,Chaetodon speculum,images_fishbase_usercontrib,1,1.0,0.0,1.0481,1.0041,0.0,0.0531,0.2542,0.2089,0.0425,25218,0.8747,no,no,yes,no,1,review
Chaetodon_speculum_FishBaseUser_1672901156_172.70.214.231.jpg,Chaetodon speculum,images_fishbase_usercontrib,1,1.0,0.0,0.8579,0.9842,0.0,0.0527,0.2542,0.2074,0.0449,295793,0.8741,no,no,yes,no,1,review
Chaetodon_speculum_FishBaseUser_1747234520_95.95.129.49.jpg,Chaetodon speculum,images_fishbase_usercontrib,1,1.0,0.0,0.7878,0.9828,0.0,0.1487,0.2542,0.5851,0.0825,1906595,0.9571,no,no,no,no,0,ok
Chaetodon_speculum_FishBaseUser_1747234603_95.95.129.49.jpg,Chaetodon speculum,images_fishbase_usercontrib,1,1.0,0.0,0.6502,0.9065,0.0,0.1327,0.2542,0.5221,0.0664,823841,0.948,no,no,no,no,0,ok
Chaetodon_speculum_FishBase_Chspe_j0.jpg,Chaetodon speculum,images_fishbase_extra,1,1.0,0.0,1.0053,0.9894,0.0,0.0503,0.2542,0.1979,0.0179,15369,0.8704,no,no,yes,no,1,review
Chaetodon_speculum_FishBase_Chspe_j1.jpg,Chaetodon speculum,images_fishbase_extra,1,1.0,0.0,0.6512,0.9422,0.0,0.1633,0.2542,0.6425,0.0366,75675,0.9646,no,no,no,no,0,ok
Chaetodon_speculum_FishBase_Chspe_u0.jpg,Chaetodon speculum,images_fishbase_extra,1,1.0,0.0,0.4597,0.8786,0.0,0.4978,0.2542,1.9587,0.0194,140675,0.9462,no,no,no,no,0,ok
Chaetodon_speculum_FishBase_Chspe_u1.jpg,Chaetodon speculum,images_fishbase_extra,1,1.0,0.0,0.5072,0.9257,0.0,0.2968,0.2542,1.1678,0.0884,102060,0.9876,no,no,no,no,0,ok
Chaetodon_speculum_FishBase_Chspe_u2.jpg,Chaetodon speculum,images_fishbase_extra,1,1.0,0.0,0.4819,0.8972,0.0,0.5397,0.2542,2.1235,0.0133,101633,0.9398,no,no,no,no,0,ok
Chaetodon_speculum_FishBase_Chspe_u3.jpg,Chaetodon speculum,images_fishbase_extra,1,1.0,0.0,0.8872,0.9944,0.0,0.3417,0.2542,1.3445,0.0516,61013,0.9763,no,no,no,no,0,ok
Chaetodon_speculum_FishBase_Chspe_u4.jpg,Chaetodon speculum,images_fishbase_extra,1,1.0,0.0,0.381,0.8643,0.0,0.3585,0.2542,1.4106,0.0091,127715,0.9725,no,no,no,no,0,ok
Chaetodon_speculum_FishBase_Chspe_u5.jpg,Chaetodon speculum,images_fishbase_extra,1,1.0,0.0,0.8247,0.9776,0.0,0.2963,0.2542,1.1658,0.015,127661,0.9877,no,no,no,no,0,ok
Chaetodon_speculum_FishBase_Chspe_u6.jpg,Chaetodon speculum,images_fishbase_extra,1,1.0,0.0,0.7666,0.9521,0.0,0.2201,0.2542,0.866,0.0399,64073,0.9885,no,no,no,no,0,ok
Chaetodon_speculum_FishBase_Chspe_ua.jpg,Chaetodon speculum,images_fishbase_extra,1,1.0,0.0,0.7177,0.9574,0.0,0.3622,0.2542,1.4251,0.031,124398,0.9717,no,no,no,no,0,ok
Chaetodon_speculum_FishBase_Chspe_ub.jpg,Chaetodon speculum,images_fishbase_extra,1,1.0,0.0,0.6366,0.9602,0.2418,0.4511,0.2542,1.7749,0.2024,142065,0.9057,no,yes,no,no,1,review
Chaetodon_speculum_FishBase_Chspe_uc.jpg,Chaetodon speculum,images_fishbase_extra,1,1.0,0.0,0.7482,0.9645,0.0,0.3347,0.2542,1.3169,0.0408,130856,0.978,no,no,no,no,0,ok
Chaetodon_speculum_FishPix_12080AF.jpg,Chaetodon speculum,images,1,1.0,0.0,0.9549,0.9755,0.0,0.095,0.2542,0.3738,0.0446,58013,0.9213,no,no,no,no,0,ok
Chaetodon_speculum_FishWise_065598F000009W000007.jpg,Chaetodon speculum,images_fishwise,1,1.0,0.0,0.9252,0.9674,0.0,0.413,0.2542,1.625,0.0299,122946,0.9612,no,no,no,no,0,ok
Chaetodon_speculum_FishWise_065598F000009W000008.jpg,Chaetodon speculum,images_fishwise,1,1.0,0.0,0.722,0.9801,0.0,0.4929,0.2542,1.9394,0.0169,161535,0.947,no,no,no,no,0,ok
Chaetodon_speculum_FishWise_065598F000009W000009.jpg,Chaetodon speculum,images_fishwise,1,1.0,0.0,0.8432,0.9885,0.0,0.307,0.2542,1.2079,0.0077,107428,0.9849,no,no,no,no,0,ok
Chaetodon_speculum_FishWise_065598F000009W000010.jpg,Chaetodon speculum,images_fishwise,1,1.0,0.0,0.7697,0.9832,0.0,0.3154,0.2542,1.241,0.0308,103516,0.9827,no,no,no,no,0,ok
Chaetodon_speculum_FishWise_065598F000492W000011.jpg,Chaetodon speculum,images_fishwise,1,1.0,0.0,0.956,0.9786,0.0,0.3284,0.2542,1.2922,0.019,124592,0.9795,no,no,no,no,0,ok
Chaetodon_speculum_iNaturalist_175106878.jpg,Chaetodon speculum,images_inaturalist,1,1.0,0.0,0.2072,0.665,0.0,0.3209,0.2542,1.2626,0.03,479456,0.9258,no,no,no,no,0,ok
Chaetodon_speculum_iNaturalist_195541810.jpg,Chaetodon speculum,images_inaturalist,1,1.0,0.0,0.6982,0.9689,0.0,0.1472,0.2542,0.5792,0.0152,247616,0.9563,no,no,no,no,0,ok
Chaetodon_speculum_iNaturalist_209502838.jpg,Chaetodon speculum,images_inaturalist,1,1.0,0.0,0.8507,0.9898,0.0,0.1465,0.2542,0.5764,0.0246,224796,0.9559,no,no,no,no,0,ok
Chaetodon_speculum_iNaturalist_22549454.jpg,Chaetodon speculum,images_inaturalist,1,1.0,0.0,0.7884,0.958,0.0,0.0487,0.2542,0.1916,0.0299,47655,0.8678,no,no,yes,no,1,review
Chaetodon_speculum_iNaturalist_33179568.jpg,Chaetodon speculum,images_inaturalist,1,1.0,0.0,0.6793,0.9297,0.0,0.0959,0.2542,0.3773,0.0871,124286,0.922,no,no,no,no,0,ok
Chaetodon_speculum_iNaturalist_351451545.jpg,Chaetodon speculum,images_inaturalist,1,1.0,0.0,0.7261,0.9086,0.109,0.3674,0.2542,1.4456,0.0715,32418,0.9487,no,no,no,no,0,ok
Chaetodon_speculum_iNaturalist_468432570.jpg,Chaetodon speculum,images_inaturalist,1,1.0,0.0,0.7025,0.9303,0.0,0.13,0.2542,0.5115,0.0135,171638,0.9464,no,no,no,no,0,ok
Chaetodon_speculum_iNaturalist_5435374.jpg,Chaetodon speculum,images_inaturalist,1,1.0,0.0,0.6339,0.9175,0.0,0.1727,0.2542,0.6795,0.0264,226353,0.9691,no,no,no,no,0,ok
Chaetodon_speculum_iNaturalist_62392281.jpg,Chaetodon speculum,images_inaturalist,1,1.0,0.0,0.8483,0.9508,0.0,0.1378,0.2542,0.5422,0.0147,129767,0.951,no,no,no,no,0,ok
Chaetodon_striatus_FishBaseUser_1423148244_86.205.57.96.jpg,Chaetodon striatus,images_fishbase_usercontrib,1,1.0,0.0,0.8912,0.974,0.0,0.0132,0.2016,0.0655,0.1771,48958,0.7819,no,no,yes,no,1,review
Chaetodon_striatus_FishBaseUser_1423483398_86.205.50.183.jpg,Chaetodon striatus,images_fishbase_usercontrib,2,0.7274,0.2726,0.5486,0.5367,0.0,0.0808,0.2016,0.4009,0.1008,192384,0.7375,no,yes,no,no,1,review
Chaetodon_striatus_FishBaseUser_1522896022_172.68.25.30.jpg,Chaetodon striatus,images_fishbase_usercontrib,1,1.0,0.0,0.8185,0.9362,0.0,0.0472,0.2016,0.2342,0.0702,23160,0.8839,no,no,yes,no,1,review
Chaetodon_striatus_FishBaseUser_1528383068_162.158.22.66.jpg,Chaetodon striatus,images_fishbase_usercontrib,1,1.0,0.0,0.1745,0.6846,0.0,0.0319,0.2016,0.1583,0.0343,201855,0.8004,no,no,yes,no,1,review
Chaetodon_striatus_FishBaseUser_1585652207_108.162.229.108.jpg,Chaetodon striatus,images_fishbase_usercontrib,1,1.0,0.0,0.8407,0.9893,0.01,0.3227,0.2016,1.6011,0.1411,593310,0.9603,no,no,no,no,0,ok
Chaetodon_striatus_FishBaseUser_1617565353_162.158.75.220.jpg,Chaetodon striatus,images_fishbase_usercontrib,1,1.0,0.0,0.6913,0.9694,0.0,0.2781,0.2016,1.3798,0.0253,1312316,0.9742,no,no,no,no,0,ok
Chaetodon_striatus_FishBaseUser_1634334311_162.158.187.211.jpg,Chaetodon striatus,images_fishbase_usercontrib,1,1.0,0.0,0.7384,0.9449,0.0,0.1419,0.2016,0.704,0.0791,480260,0.9719,no,no,no,no,0,ok
Chaetodon_striatus_FishBaseUser_1704493807_108.162.212.15.jpg,Chaetodon striatus,images_fishbase_usercontrib,1,1.0,0.0,0.7402,0.9494,0.0,0.2707,0.2016,1.3431,0.0611,218120,0.9764,no,no,no,no,0,ok
Chaetodon_striatus_FishBaseUser_1706475994_172.70.254.202.jpg,Chaetodon striatus,images_fishbase_usercontrib,1,1.0,0.0,0.7664,0.9621,0.0,0.3641,0.2016,1.8065,0.0681,336206,0.9527,no,no,no,no,0,ok
Chaetodon_striatus_FishBaseUser_1711482796_172.70.55.113.jpg,Chaetodon striatus,images_fishbase_usercontrib,1,1.0,0.0,0.6802,0.9111,0.0,0.1948,0.2016,0.9665,0.1183,163509,0.9973,no,no,no,no,0,ok
Chaetodon_striatus_FishBaseUser_1711482874_172.70.255.52.jpg,Chaetodon striatus,images_fishbase_usercontrib,1,1.0,0.0,0.6802,0.9491,0.0,0.2446,0.2016,1.2136,0.1705,244160,0.9845,no,no,no,no,0,ok
Chaetodon_striatus_FishBaseUser_1747234862_95.95.129.49.jpg,Chaetodon striatus,images_fishbase_usercontrib,1,1.0,0.0,0.9425,0.9933,0.0,0.1066,0.2016,0.5289,0.0128,621100,0.949,no,no,no,no,0,ok
Chaetodon_striatus_FishBaseUser_1747234896_95.95.129.49.jpg,Chaetodon striatus,images_fishbase_usercontrib,1,1.0,0.0,0.9505,0.9914,0.0,0.193,0.2016,0.9576,0.119,1126249,0.9965,no,no,no,no,0,ok
Chaetodon_striatus_FishBase_Chstr_u0.jpg,Chaetodon striatus,images,1,1.0,0.0,0.5867,0.9412,0.0,0.1846,0.2016,0.9159,0.0276,87620,0.993,no,no,no,no,0,ok
Chaetodon_striatus_FishBase_Chstr_ua.jpg,Chaetodon striatus,images_fishbase_extra,1,1.0,0.0,0.8328,0.9692,0.0,0.3123,0.2016,1.5495,0.0434,97321,0.965,no,no,no,no,0,ok
Chaetodon_striatus_FishBase_Chstr_ub.jpg,Chaetodon striatus,images_fishbase_extra,1,1.0,0.0,0.815,0.9767,0.0,0.1371,0.2016,0.6802,0.0382,46517,0.9692,no,no,no,no,0,ok
Chaetodon_striatus_FishBase_Chstr_ui.jpg,Chaetodon striatus,images_fishbase_extra,1,1.0,0.0,0.7622,0.968,0.0,0.4449,0.2016,2.2074,0.0378,131187,0.9367,no,no,no,no,0,ok
Chaetodon_striatus_FishWise_067087F000057W000003.gif,Chaetodon striatus,images_fishwise,1,1.0,0.0,0.2623,0.7985,0.0,0.3279,0.2016,1.6269,0.0168,126166,0.9456,no,no,no,no,0,ok
Chaetodon_striatus_FishWise_067087F000451W000004.jpg,Chaetodon striatus,images_fishwise,1,1.0,0.0,0.8007,0.9804,0.0,0.3791,0.2016,1.8809,0.076,111361,0.9495,no,no,no,no,0,ok
Chaetodon_striatus_FishWise_067087F004577W000005.jpg,Chaetodon striatus,images_fishwise,1,1.0,0.0,0.7601,0.9105,0.0,0.2338,0.2016,1.16,0.0107,90476,0.9881,no,no,no,no,0,ok
Chaetodon_striatus_iNaturalist_108952720.jpg,Chaetodon striatus,images_inaturalist,1,1.0,0.0,0.6655,0.8659,0.0,0.1032,0.2016,0.512,0.1599,137619,0.9465,no,no,no,no,0,ok
Chaetodon_striatus_iNaturalist_378227586.jpg,Chaetodon striatus,images_inaturalist,2,0.6708,0.3292,0.9201,0.5754,0.0,0.0581,0.2016,0.2883,0.0195,42347,0.7029,no,yes,yes,no,2,resegment_dinosam
Chaetodon_striatus_iNaturalist_44877104.jpg,Chaetodon striatus,images_inaturalist,1,1.0,0.0,0.9605,0.9747,0.0,0.0319,0.2016,0.1583,0.1991,33231,0.8525,no,no,yes,no,1,review
Chaetodon_striatus_iNaturalist_455572688.jpg,Chaetodon striatus,images_inaturalist,1,1.0,0.0,0.718,0.9274,0.0,0.0416,0.2016,0.2064,0.0265,47063,0.8738,no,no,yes,no,1,review
Chaetodon_striatus_iNaturalist_516231487.jpg,Chaetodon striatus,images_inaturalist,1,1.0,0.0,0.6191,0.8653,0.0,0.0326,0.2016,0.1617,0.018,36076,0.8543,no,no,yes,no,1,review
Chaetodon_striatus_iNaturalist_535152832.jpg,Chaetodon striatus,images_inaturalist,1,1.0,0.0,0.4022,0.8339,0.0,0.17,0.2016,0.8435,0.1151,160350,0.9816,no,no,no,no,0,ok
Chaetodon_striatus_iNaturalist_604196066.jpg,Chaetodon striatus,images_inaturalist,1,1.0,0.0,0.4981,0.9515,0.0,0.0449,0.2016,0.2228,0.0255,40499,0.8799,no,no,yes,no,1,review
Chaetodon_striatus_iNaturalist_608288977.jpg,Chaetodon striatus,images_inaturalist,1,1.0,0.0,0.5457,0.889,0.0,0.2351,0.2016,1.1665,0.0652,195779,0.9877,no,no,no,no,0,ok
Chaetodon_tinkeri_Bishop_-1989865351.jpg,Chaetodon tinkeri,images_bishop,1,1.0,0.0,0.3619,0.8573,0.0,0.4491,0.3327,1.3499,0.0288,240379,0.976,no,no,no,no,0,ok
Chaetodon_tinkeri_Bishop_-408146097.jpg,Chaetodon tinkeri,images_bishop,1,1.0,0.0,0.3807,0.8325,0.0,0.4123,0.3327,1.2393,0.0112,223116,0.9776,no,no,no,no,0,ok
Chaetodon_tinkeri_Bishop_1959828294.jpg,Chaetodon tinkeri,images_bishop,1,1.0,0.0,0.3647,0.8246,0.0,0.4778,0.3327,1.4361,0.0154,230828,0.9634,no,no,no,no,0,ok
Chaetodon_tinkeri_FishBaseUser_1368178821_114.155.226.67.jpg,Chaetodon tinkeri,images_fishbase_usercontrib,1,1.0,0.0,0.6963,0.9452,0.0,0.4539,0.3327,1.3643,0.0199,306085,0.9751,no,no,no,no,0,ok
Chaetodon_tinkeri_FishBase_Chtin_u0.jpg,Chaetodon tinkeri,images_fishbase_extra,1,1.0,0.0,0.3801,0.8284,0.0,0.4093,0.3327,1.2302,0.0108,125765,0.9769,no,no,no,no,0,ok
Chaetodon_tinkeri_FishBase_Chtin_u1.jpg,Chaetodon tinkeri,images_fishbase_extra,1,1.0,0.0,0.3442,0.8479,0.0,0.4447,0.3327,1.3366,0.0289,136403,0.9762,no,no,no,no,0,ok
Chaetodon_tinkeri_FishBase_Chtin_u2.jpg,Chaetodon tinkeri,images_fishbase_extra,1,1.0,0.0,0.356,0.8259,0.0,0.4436,0.3327,1.3333,0.015,129209,0.9698,no,no,no,no,0,ok
Chaetodon_tinkeri_FishBase_Chtin_u3.jpg,Chaetodon tinkeri,images_fishbase_extra,1,1.0,0.0,0.6939,0.9286,0.0,0.2733,0.3327,0.8215,0.0163,107248,0.9843,no,no,no,no,0,ok
Chaetodon_tinkeri_FishBase_Chtin_u4.jpg,Chaetodon tinkeri,images_fishbase_extra,1,1.0,0.0,0.9286,0.978,0.0,0.3125,0.3327,0.9393,0.0237,87316,0.995,no,no,no,no,0,ok
Chaetodon_tinkeri_FishBase_Chtin_u5.jpg,Chaetodon tinkeri,images_fishbase_extra,1,1.0,0.0,0.63,0.94,0.0,0.35,0.3327,1.052,0.0412,123713,0.9959,no,no,no,no,0,ok
Chaetodon_tinkeri_FishPix_85108AF.jpg,Chaetodon tinkeri,images,1,1.0,0.0,0.7611,0.943,0.0,0.2028,0.3327,0.6096,0.0453,98281,0.9604,no,no,no,no,0,ok
Chaetodon_tinkeri_FishWise_069790F000024W000001.jpg,Chaetodon tinkeri,images_fishwise,1,1.0,0.0,0.3582,0.8247,0.0,0.4171,0.3327,1.2537,0.0157,99883,0.9743,no,no,no,no,0,ok
Chaetodon_tinkeri_FishWise_069790F000038W000005.jpg,Chaetodon tinkeri,images_fishwise,2,0.6385,0.3615,0.771,0.5069,0.0,0.0758,0.3327,0.2278,0.0144,19146,0.6522,no,yes,yes,no,2,resegment_dinosam
Chaetodon_tinkeri_FishWise_069790F000150W000002.jpg,Chaetodon tinkeri,images_fishwise,1,1.0,0.0,0.7284,0.9541,0.0,0.2827,0.3327,0.8497,0.0153,100167,0.987,no,no,no,no,0,ok
Chaetodon_tinkeri_iNaturalist_122833590.jpg,Chaetodon tinkeri,images_inaturalist,1,1.0,0.0,0.7513,0.9472,0.0,0.1489,0.3327,0.4476,0.1029,176041,0.9357,no,no,no,no,0,ok
Chaetodon_tinkeri_iNaturalist_122833614.jpg,Chaetodon tinkeri,images_inaturalist,1,1.0,0.0,0.671,0.9636,0.0,0.0501,0.3327,0.1506,0.0501,46897,0.8485,no,no,yes,no,1,review
Chaetodon_tinkeri_iNaturalist_122833739.jpg,Chaetodon tinkeri,images_inaturalist,1,1.0,0.0,0.7698,0.9037,0.0,0.202,0.3327,0.6072,0.0306,210931,0.9601,no,no,no,no,0,ok
Chaetodon_tinkeri_iNaturalist_132972673.jpg,Chaetodon tinkeri,images_inaturalist,1,1.0,0.0,0.8324,0.9653,0.0,0.3002,0.3327,0.9023,0.0436,244587,0.9918,no,no,no,no,0,ok
Chaetodon_tinkeri_iNaturalist_415676289.jpg,Chaetodon tinkeri,images_inaturalist,1,1.0,0.0,0.693,0.9502,0.0,0.0858,0.3327,0.2579,0.2408,92733,0.8916,no,no,yes,no,1,review
Chaetodon_tinkeri_iNaturalist_415676306.jpg,Chaetodon tinkeri,images_inaturalist,1,1.0,0.0,0.5915,0.8845,0.0,0.1479,0.3327,0.4445,0.1075,165398,0.9351,no,no,no,no,0,ok
Chaetodon_tinkeri_iNaturalist_415676341.jpg,Chaetodon tinkeri,images_inaturalist,1,1.0,0.0,0.6882,0.9625,0.0414,0.3877,0.3327,1.1653,0.1327,281679,0.9795,no,no,no,no,0,ok
Chaetodon_tinkeri_iNaturalist_66870.jpg,Chaetodon tinkeri,images_inaturalist,1,1.0,0.0,0.6114,0.8807,0.0,0.0832,0.3327,0.2501,0.0363,101129,0.8891,no,no,yes,no,1,review
Chaetodon_tinkeri_iNaturalist_83513651.jpg,Chaetodon tinkeri,images_inaturalist,1,1.0,0.0,0.8728,0.9781,0.0,0.1157,0.3327,0.3478,0.1222,128089,0.9155,no,no,no,no,0,ok
Chaetodon_tinkeri_iNaturalist_83513687.jpg,Chaetodon tinkeri,images_inaturalist,1,1.0,0.0,0.387,0.8426,0.0028,0.0699,0.3327,0.2101,0.1573,58021,0.8724,no,no,yes,no,1,review
Chaetodon_triangulum_FishBaseUser_1423219576_86.10.40.87.jpg,Chaetodon triangulum,images_fishbase_usercontrib,1,1.0,0.0,0.7422,0.9575,0.0,0.3202,0.2278,1.4059,0.1073,338911,0.9727,no,no,no,no,0,ok
Chaetodon_triangulum_FishBaseUser_1747235050_95.95.129.49.jpg,Chaetodon triangulum,images_fishbase_usercontrib,1,1.0,0.0,0.8458,0.9672,0.0,0.1415,0.2278,0.6213,0.0971,1690049,0.9619,no,no,no,no,0,ok
Chaetodon_triangulum_FishBaseUser_3232418624_1960.jpg,Chaetodon triangulum,images_fishbase_usercontrib,1,1.0,0.0,0.5803,0.9539,0.0,0.1579,0.2278,0.6933,0.0123,80059,0.9707,no,no,no,no,0,ok
Chaetodon_triangulum_FishBase_Chtri_ub.jpg,Chaetodon triangulum,images_fishbase_extra,1,1.0,0.0,0.6859,0.9488,0.0,0.2811,0.2278,1.2342,0.059,119961,0.9832,no,no,no,no,0,ok
Chaetodon_triangulum_FishBase_Chtri_ui.jpg,Chaetodon triangulum,images,1,1.0,0.0,0.8344,0.9702,0.0,0.2226,0.2278,0.9774,0.0156,74878,0.9982,no,no,no,no,0,ok
Chaetodon_triangulum_FishWise_117086F000112W000001.jpg,Chaetodon triangulum,images_fishwise,1,1.0,0.0,0.3593,0.8737,0.0,0.4099,0.2278,1.7998,0.0275,107346,0.953,no,no,no,no,0,ok
Chaetodon_triangulum_FishWise_117086F000112W000002.jpg,Chaetodon triangulum,images_fishwise,1,1.0,0.0,0.3751,0.9238,0.0,0.482,0.2278,2.1164,0.0414,117496,0.94,no,no,no,no,0,ok
Chaetodon_triangulum_iNaturalist_11763186.jpg,Chaetodon triangulum,images_inaturalist,1,1.0,0.0,0.6052,0.9191,0.0,0.1502,0.2278,0.6595,0.032,171466,0.9667,no,no,no,no,0,ok
Chaetodon_triangulum_iNaturalist_177669571.jpg,Chaetodon triangulum,images_inaturalist,1,1.0,0.0,0.5757,0.8436,0.0,0.0717,0.2278,0.3148,0.0712,92486,0.9056,no,no,no,no,0,ok
Chaetodon_triangulum_iNaturalist_280764242.jpg,Chaetodon triangulum,images_inaturalist,1,1.0,0.0,0.9195,0.9851,0.0,0.0396,0.2278,0.1739,0.04,21981,0.86,no,no,yes,no,1,review
Chaetodon_triangulum_iNaturalist_336501928.jpg,Chaetodon triangulum,images_inaturalist,2,0.5864,0.4136,0.923,0.5383,0.1533,0.1529,0.2278,0.6714,0.2354,65516,0.6992,no,yes,no,no,1,review
Chaetodon_triangulum_iNaturalist_484927564.jpg,Chaetodon triangulum,images_inaturalist,1,1.0,0.0,1.0282,1.0022,0.0,0.1607,0.2278,0.7056,0.14,160698,0.9721,no,no,no,no,0,ok
Chaetodon_triangulum_iNaturalist_592518850.jpg,Chaetodon triangulum,images_inaturalist,1,1.0,0.0,0.836,0.9615,0.0,0.2533,0.2278,1.1122,0.1057,259868,0.9915,no,no,no,no,0,ok
Chaetodon_triangulum_iNaturalist_607414244.jpg,Chaetodon triangulum,images_inaturalist,1,1.0,0.0,0.7621,0.9563,0.0,0.1188,0.2278,0.5216,0.042,97668,0.9479,no,no,no,no,0,ok
Chaetodon_triangulum_iNaturalist_607414261.jpg,Chaetodon triangulum,images_inaturalist,1,1.0,0.0,0.4955,0.9269,0.0,0.0563,0.2278,0.2472,0.1462,47800,0.8882,no,no,yes,no,1,review
Chaetodon_triangulum_iNaturalist_71648447.jpg,Chaetodon triangulum,images_inaturalist,3,0.4491,0.5509,0.707,0.5784,0.0,0.1196,0.2278,0.5251,0.1477,72713,0.6742,yes,yes,no,no,2,resegment_dinosam
Chaetodon_trichrous_Bishop_-192591132.jpg,Chaetodon trichrous,images_bishop,1,1.0,0.0,0.4469,0.8633,0.0,0.42,0.22,1.9091,0.0201,270627,0.9483,no,no,no,no,0,ok
Chaetodon_trichrous_FishBase_Chtri_ud.jpg,Chaetodon trichrous,images_fishbase_extra,1,1.0,0.0,0.4373,0.8594,0.0,0.4217,0.22,1.9168,0.02,153191,0.9479,no,no,no,no,0,ok
Chaetodon_trichrous_FishBase_Chtri_uk.jpg,Chaetodon trichrous,images,1,1.0,0.0,0.7539,0.9519,0.0,0.1464,0.22,0.6655,0.0405,68564,0.9674,no,no,no,no,0,ok
Chaetodon_trichrous_iNaturalist_167677313.jpg,Chaetodon trichrous,images_inaturalist,1,1.0,0.0,0.7521,0.9826,0.0,0.1442,0.22,0.6555,0.103,149937,0.9662,no,no,no,no,0,ok
Chaetodon_trichrous_iNaturalist_173142293.jpg,Chaetodon trichrous,images_inaturalist,1,1.0,0.0,0.7033,0.969,0.0,0.1368,0.22,0.6218,0.0798,158591,0.962,no,no,no,no,0,ok
Chaetodon_trichrous_iNaturalist_301384831.jpg,Chaetodon trichrous,images_inaturalist,1,1.0,0.0,0.8635,0.9853,0.0,0.1065,0.22,0.4841,0.0136,85000,0.942,no,no,no,no,0,ok
Chaetodon_trichrous_iNaturalist_350883651.jpg,Chaetodon trichrous,images_inaturalist,1,1.0,0.0,0.5617,0.9503,0.0,0.0464,0.22,0.2109,0.0459,38438,0.8755,no,no,yes,no,1,review
Chaetodon_trichrous_iNaturalist_472558208.jpg,Chaetodon trichrous,images_inaturalist,5,0.3425,0.6575,0.9659,0.3435,0.0,0.1136,0.22,0.5164,0.0598,31187,0.565,yes,yes,no,no,2,resegment_dinosam
Chaetodon_trichrous_iNaturalist_473965444.jpg,Chaetodon trichrous,images_inaturalist,3,0.4141,0.5859,0.4145,0.5018,0.0,0.2033,0.22,0.9241,0.0931,101462,0.6842,yes,yes,no,no,2,resegment_dinosam
Chaetodon_trichrous_iNaturalist_527314355.jpg,Chaetodon trichrous,images_inaturalist,1,1.0,0.0,0.7949,0.9784,0.0,0.0907,0.22,0.4123,0.0779,94190,0.9291,no,no,no,no,0,ok
Chaetodon_trichrous_iNaturalist_54935427.jpg,Chaetodon trichrous,images_inaturalist,1,1.0,0.0,0.645,0.922,0.0,0.0271,0.22,0.1232,0.0416,22520,0.8325,no,no,yes,no,1,review
Chaetodon_trichrous_iNaturalist_587089834.jpg,Chaetodon trichrous,images_inaturalist,1,1.0,0.0,0.7106,0.9677,0.0,0.2488,0.22,1.1309,0.0237,274430,0.9902,no,no,no,no,0,ok
Chaetodon_trichrous_iNaturalist_593273450.jpg,Chaetodon trichrous,images_inaturalist,2,0.9998,0.0002,0.4767,0.8378,0.0,0.1831,0.22,0.8323,0.0521,283661,0.9816,no,no,no,no,0,ok
Chaetodon_tricinctus_Bishop_28770837.jpg,Chaetodon tricinctus,images_bishop,1,1.0,0.0,0.572,0.9412,0.0,0.506,0.2715,1.8637,0.015,225633,0.9502,no,no,no,no,0,ok
Chaetodon_tricinctus_FishBase_Chtri_u0.jpg,Chaetodon tricinctus,images_fishbase_extra,1,1.0,0.0,0.5119,0.8851,0.0,0.2875,0.2715,1.0589,0.0187,128058,0.9954,no,no,no,no,0,ok
Chaetodon_tricinctus_FishBase_Chtri_u5.jpg,Chaetodon tricinctus,images_fishbase_extra,1,1.0,0.0,0.5651,0.9449,0.0,0.5569,0.2715,2.0512,0.0154,125979,0.9425,no,no,no,no,0,ok
Chaetodon_tricinctus_FishPix_55752AF.jpg,Chaetodon tricinctus,images,1,1.0,0.0,0.4517,0.8842,0.0,0.409,0.2715,1.5064,0.0152,207649,0.9672,no,no,no,no,0,ok
Chaetodon_tricinctus_iNaturalist_118360420.jpg,Chaetodon tricinctus,images_inaturalist,1,1.0,0.0,0.7196,0.944,0.0,0.1628,0.2715,0.5996,0.0158,292274,0.9591,no,no,no,no,0,ok
Chaetodon_tricinctus_iNaturalist_13811577.jpg,Chaetodon tricinctus,images_inaturalist,6,0.3416,0.6584,0.3375,0.4619,0.011,0.2023,0.2715,0.7451,0.1533,96469,0.6274,yes,yes,no,no,2,resegment_dinosam
Chaetodon_tricinctus_iNaturalist_197184716.jpg,Chaetodon tricinctus,images_inaturalist,1,1.0,0.0,0.6391,0.9185,0.0,0.0999,0.2715,0.368,0.1117,85556,0.92,no,no,no,no,0,ok
Chaetodon_tricinctus_iNaturalist_287702131.jpg,Chaetodon tricinctus,images_inaturalist,1,1.0,0.0,0.6851,0.9158,0.0,0.1602,0.2715,0.5901,0.017,241931,0.9578,no,no,no,no,0,ok
Chaetodon_tricinctus_iNaturalist_287702203.jpg,Chaetodon tricinctus,images_inaturalist,1,1.0,0.0,0.4888,0.8973,0.0,0.1041,0.2715,0.3834,0.0249,121630,0.9233,no,no,no,no,0,ok
Chaetodon_tricinctus_iNaturalist_335443101.jpg,Chaetodon tricinctus,images_inaturalist,1,1.0,0.0,0.8311,0.9368,0.0,0.1226,0.2715,0.4516,0.0092,166580,0.9364,no,no,no,no,0,ok
Chaetodon_tricinctus_iNaturalist_6629748.jpg,Chaetodon tricinctus,images_inaturalist,2,0.7188,0.2812,0.6097,0.7372,0.0,0.2682,0.2715,0.9878,0.0657,163336,0.8668,no,no,no,no,0,ok
Chaetodon_tricinctus_iNaturalist_6629751.jpg,Chaetodon tricinctus,images_inaturalist,2,0.728,0.272,1.0204,0.6593,0.0,0.2226,0.2715,0.8199,0.07,111985,0.8317,no,no,no,no,0,ok
Chaetodon_trifascialis_Bishop_-1790297166.jpg,Chaetodon trifascialis,images_bishop,1,1.0,0.0,0.311,0.8253,0.0,0.4809,0.3418,1.407,0.0281,299087,0.9653,no,no,no,no,0,ok
Chaetodon_trifascialis_Bishop_-500274613.jpg,Chaetodon trifascialis,images_bishop,1,1.0,0.0,0.3417,0.8545,0.0,0.471,0.3418,1.378,0.0311,278979,0.9743,no,no,no,no,0,ok
Chaetodon_trifascialis_FishBaseUser_1440680146_83.211.38.4.jpg,Chaetodon trifascialis,images_fishbase_usercontrib,1,1.0,0.0,0.5449,0.9179,0.0,0.357,0.3418,1.0445,0.0684,184449,0.9965,no,no,no,no,0,ok
Chaetodon_trifascialis_FishBaseUser_1469522368_162.158.167.12.jpg,Chaetodon trifascialis,images_fishbase_usercontrib,1,1.0,0.0,0.6458,0.931,0.0,0.1831,0.3418,0.5357,0.0127,416866,0.9501,no,no,no,no,0,ok
Chaetodon_trifascialis_FishBaseUser_1509182180_172.68.102.54.jpg,Chaetodon trifascialis,images_fishbase_usercontrib,1,1.0,0.0,0.5725,0.9584,0.0,0.1735,0.3418,0.5076,0.0752,908149,0.9458,no,no,no,no,0,ok
Chaetodon_trifascialis_FishBaseUser_1588165734_162.158.111.249.jpg,Chaetodon trifascialis,images_fishbase_usercontrib,1,1.0,0.0,0.4525,0.9256,0.0,0.2055,0.3418,0.6012,0.0867,157337,0.9593,no,no,no,no,0,ok
Chaetodon_trifascialis_FishBaseUser_1655061204_172.70.178.191.jpg,Chaetodon trifascialis,images_fishbase_usercontrib,1,1.0,0.0,0.7511,0.9876,0.0,0.1859,0.3418,0.5439,0.0194,799676,0.9513,no,no,no,no,0,ok
Chaetodon_trifascialis_FishBaseUser_1656699224_172.70.178.215.jpg,Chaetodon trifascialis,images_fishbase_usercontrib,1,1.0,0.0,0.417,0.8452,0.0,0.3447,0.3418,1.0085,0.0395,3518510,0.9979,no,no,no,no,0,ok
Chaetodon_trifascialis_FishBaseUser_1672901201_172.70.214.231.jpg,Chaetodon trifascialis,images_fishbase_usercontrib,2,0.9999,0.0001,0.5136,0.8924,0.0,0.1754,0.3418,0.5132,0.0274,623730,0.9466,no,no,no,no,0,ok
Chaetodon_trifascialis_FishBaseUser_1705879038_172.70.254.222.jpg,Chaetodon trifascialis,images_fishbase_usercontrib,1,1.0,0.0,0.6584,0.9225,0.0,0.1559,0.3418,0.4561,0.0391,116795,0.9372,no,no,no,no,0,ok
Chaetodon_trifascialis_FishBaseUser_1747235333_95.95.129.49.jpg,Chaetodon trifascialis,images_fishbase_usercontrib,2,1.0,0.0,0.4226,0.8703,0.0,0.1328,0.3418,0.3885,0.0583,1070343,0.9244,no,no,no,no,0,ok
Chaetodon_trifascialis_FishBaseUser_1747235378_95.95.129.49.jpg,Chaetodon trifascialis,images_fishbase_usercontrib,1,1.0,0.0,0.6051,0.9174,0.0,0.0738,0.3418,0.2159,0.0513,599633,0.8774,no,no,yes,no,1,review
Chaetodon_trifascialis_FishBaseUser_1747235416_95.95.129.49.jpg,Chaetodon trifascialis,images_fishbase_usercontrib,1,1.0,0.0,0.7547,0.9235,0.0,0.0491,0.3418,0.1437,0.0418,240981,0.8448,no,no,yes,no,1,review
Chaetodon_trifascialis_FishBase_Chtri_j2.jpg,Chaetodon trifascialis,images_fishbase_extra,1,1.0,0.0,0.3628,0.8244,0.0,0.4188,0.3418,1.2253,0.0274,115241,0.9761,no,no,no,no,0,ok
Chaetodon_trifascialis_FishBase_Chtri_u1.jpg,Chaetodon trifascialis,images_fishbase_extra,1,1.0,0.0,0.3764,0.8256,0.0,0.2809,0.3418,0.8218,0.0217,155004,0.977,no,no,no,no,0,ok
Chaetodon_trifascialis_FishBase_Chtri_u2.jpg,Chaetodon trifascialis,images_fishbase_extra,1,1.0,0.0,0.3455,0.8367,0.0,0.275,0.3418,0.8046,0.0314,140671,0.9786,no,no,no,no,0,ok
Chaetodon_trifascialis_FishBase_Chtri_u4.jpg,Chaetodon trifascialis,images_fishbase_extra,2,1.0,0.0,0.3092,0.8212,0.0,0.4829,0.3418,1.4128,0.028,173871,0.9637,no,no,no,no,0,ok
Chaetodon_trifascialis_FishBase_Chtri_u6.jpg,Chaetodon trifascialis,images_fishbase_extra,1,1.0,0.0,0.3158,0.8192,0.0,0.4398,0.3418,1.2867,0.0309,161584,0.9706,no,no,no,no,0,ok
Chaetodon_trifascialis_FishBase_Chtri_u7.jpg,Chaetodon trifascialis,images_fishbase_extra,1,1.0,0.0,0.3395,0.8519,0.0,0.4716,0.3418,1.3798,0.0312,189720,0.9742,no,no,no,no,0,ok
Chaetodon_trifascialis_FishBase_Chtri_us.jpg,Chaetodon trifascialis,images_fishbase_extra,1,1.0,0.0,0.4973,0.9085,0.0,0.1713,0.3418,0.5012,0.0386,50335,0.9447,no,no,no,no,0,ok
Chaetodon_trifascialis_FishPix_140533AF.jpg,Chaetodon trifascialis,images,1,1.0,0.0,0.622,0.9339,0.0,0.2103,0.3418,0.6153,0.0338,120682,0.9611,no,no,no,no,0,ok
Chaetodon_trifascialis_FishWise_070463F000002W000005.jpg,Chaetodon trifascialis,images_fishwise,1,1.0,0.0,0.6111,0.9402,0.0,0.4058,0.3418,1.1872,0.0075,105768,0.9863,no,no,no,no,0,ok
Chaetodon_trifascialis_FishWise_070463F000004W000007.jpg,Chaetodon trifascialis,images_fishwise,2,1.0,0.0,0.3555,0.8772,0.0,0.3948,0.3418,1.1551,0.0183,147412,0.9885,no,no,no,no,0,ok
Chaetodon_trifascialis_FishWise_070463F000009W000004.jpg,Chaetodon trifascialis,images_fishwise,1,1.0,0.0,0.4576,0.8635,0.0,0.3256,0.3418,0.9526,0.0061,100796,0.9961,no,no,no,no,0,ok
Chaetodon_trifascialis_FishWise_070463F000009W000009.jpg,Chaetodon trifascialis,images_fishwise,1,1.0,0.0,0.5207,0.8721,0.0,0.1118,0.3418,0.3271,0.0248,46755,0.9106,no,no,no,no,0,ok
Chaetodon_trifascialis_FishWise_070463F000009W000010.jpg,Chaetodon trifascialis,images_fishwise,1,1.0,0.0,0.493,0.9062,0.0,0.1436,0.3418,0.4201,0.0281,52858,0.9306,no,no,no,no,0,ok
Chaetodon_trifascialis_FishWise_070463F000009W000011.jpg,Chaetodon trifascialis,images_fishwise,1,1.0,0.0,0.4271,0.9043,0.0,0.1154,0.3418,0.3376,0.0305,56494,0.9131,no,no,no,no,0,ok
Chaetodon_trifascialis_FishWise_070463F000009W000012.jpg,Chaetodon trifascialis,images_fishwise,1,1.0,0.0,0.5995,0.9402,0.0,0.1714,0.3418,0.5015,0.0201,74165,0.9448,no,no,no,no,0,ok
Chaetodon_trifascialis_FishWise_070463F000009W000013.jpg,Chaetodon trifascialis,images_fishwise,1,1.0,0.0,0.3641,0.8683,0.0,0.3571,0.3418,1.0448,0.0237,118425,0.9965,no,no,no,no,0,ok
Chaetodon_trifascialis_FishWise_070463F000009W000014.jpg,Chaetodon trifascialis,images_fishwise,1,1.0,0.0,0.4927,0.8831,0.0,0.3392,0.3418,0.9924,0.0367,123372,0.9994,no,no,no,no,0,ok
Chaetodon_trifascialis_FishWise_070463F000009W000019.jpg,Chaetodon trifascialis,images_fishwise,1,1.0,0.0,0.5598,0.9335,0.0,0.2764,0.3418,0.8087,0.0135,101718,0.983,no,no,no,no,0,ok
Chaetodon_trifascialis_FishWise_070463F000024W000001.jpg,Chaetodon trifascialis,images_fishwise,1,1.0,0.0,0.3718,0.8177,0.0,0.2805,0.3418,0.8207,0.0215,120119,0.9745,no,no,no,no,0,ok
Chaetodon_trifascialis_FishWise_070463F000024W000002.jpg,Chaetodon trifascialis,images_fishwise,1,1.0,0.0,0.3416,0.8304,0.0,0.274,0.3418,0.8016,0.0314,108784,0.9764,no,no,no,no,0,ok
Chaetodon_trifascialis_FishWise_070463F000024W000003.jpg,Chaetodon trifascialis,images_fishwise,1,1.0,0.0,0.3377,0.8518,0.0,0.4699,0.3418,1.3748,0.0315,146918,0.9745,no,no,no,no,0,ok
Chaetodon_trifascialis_FishWise_070463F000112W000008.jpg,Chaetodon trifascialis,images_fishwise,1,1.0,0.0,0.4189,0.9011,0.0,0.3189,0.3418,0.933,0.0231,94351,0.9945,no,no,no,no,0,ok
Chaetodon_trifascialis_FishWise_070463F000112W000015.jpg,Chaetodon trifascialis,images_fishwise,1,1.0,0.0,0.4052,0.9052,0.0,0.4314,0.3418,1.2621,0.0289,112092,0.9814,no,no,no,no,0,ok
Chaetodon_trifascialis_FishWise_070463F000112W000016.jpg,Chaetodon trifascialis,images_fishwise,1,1.0,0.0,0.3695,0.8885,0.0,0.4253,0.3418,1.2443,0.0203,131830,0.9825,no,no,no,no,0,ok
Chaetodon_trifascialis_FishWise_070463F000112W000017.jpg,Chaetodon trifascialis,images_fishwise,1,1.0,0.0,0.3599,0.8936,0.0,0.4869,0.3418,1.4245,0.0375,121620,0.9717,no,no,no,no,0,ok
Chaetodon_trifascialis_FishWise_070463F000387W000021.jpg,Chaetodon trifascialis,images_fishwise,1,1.0,0.0,0.4992,0.8579,0.0,0.2886,0.3418,0.8444,0.005,133655,0.9865,no,no,no,no,0,ok
Chaetodon_trifascialis_FishWise_070463F000387W000022.jpg,Chaetodon trifascialis,images_fishwise,1,1.0,0.0,0.7603,0.9355,0.0,0.0462,0.3418,0.1352,0.0084,14226,0.8399,no,no,yes,no,1,review
Chaetodon_trifascialis_FishWise_070463F000387W000023.jpg,Chaetodon trifascialis,images_fishwise,1,1.0,0.0,0.6531,0.9309,0.0,0.3613,0.3418,1.0571,0.0308,111776,0.9956,no,no,no,no,0,ok
Chaetodon_trifascialis_FishWise_070463F000387W000024.jpg,Chaetodon trifascialis,images_fishwise,1,1.0,0.0,0.7386,0.9378,0.0,0.3354,0.3418,0.9813,0.0022,120052,0.9985,no,no,no,no,0,ok
Chaetodon_trifascialis_FishWise_070463F000387W000025.jpg,Chaetodon trifascialis,images_fishwise,1,1.0,0.0,0.5851,0.8503,0.0,0.2616,0.3418,0.7654,0.0469,88605,0.9786,no,no,no,no,0,ok
Chaetodon_trifascialis_FishWise_070463F000492W000026.jpg,Chaetodon trifascialis,images_fishwise,1,1.0,0.0,0.5731,0.9739,0.0,0.3511,0.3418,1.0272,0.0249,122434,0.9979,no,no,no,no,0,ok
Chaetodon_trifascialis_iNaturalist_215411642.jpg,Chaetodon trifascialis,images_inaturalist,1,1.0,0.0,0.638,0.9609,0.0,0.0436,0.3418,0.1276,0.0636,45697,0.8353,no,no,yes,no,1,review
Chaetodon_trifascialis_iNaturalist_234150638.jpg,Chaetodon trifascialis,images_inaturalist,1,1.0,0.0,0.5515,0.9293,0.0,0.3297,0.3418,0.9646,0.0357,267501,0.9971,no,no,no,no,0,ok
Chaetodon_trifascialis_iNaturalist_243933.jpg,Chaetodon trifascialis,images_inaturalist,1,1.0,0.0,0.675,0.938,0.0,0.1505,0.3418,0.4403,0.0344,17767,0.9344,no,no,no,no,0,ok
Chaetodon_trifascialis_iNaturalist_27663000.jpg,Chaetodon trifascialis,images_inaturalist,1,1.0,0.0,0.5327,0.8885,0.0,0.0603,0.3418,0.1764,0.0793,79401,0.8612,no,no,yes,no,1,review
Chaetodon_trifascialis_iNaturalist_328870250.jpg,Chaetodon trifascialis,images_inaturalist,1,1.0,0.0,0.6896,0.9502,0.0,0.2754,0.3418,0.8057,0.049,268181,0.9827,no,no,no,no,0,ok
Chaetodon_trifascialis_iNaturalist_424671659.jpg,Chaetodon trifascialis,images_inaturalist,1,1.0,0.0,0.5796,0.9243,0.0,0.079,0.3418,0.2311,0.0151,64736,0.8828,no,no,yes,no,1,review
Chaetodon_trifascialis_iNaturalist_424671676.jpg,Chaetodon trifascialis,images_inaturalist,1,1.0,0.0,0.6963,0.9454,0.0,0.0724,0.3418,0.2118,0.0272,71821,0.8758,no,no,yes,no,1,review
Chaetodon_trifascialis_iNaturalist_424671689.jpg,Chaetodon trifascialis,images_inaturalist,1,1.0,0.0,0.7056,0.9499,0.0,0.0472,0.3418,0.1381,0.0221,40037,0.8416,no,no,yes,no,1,review
Chaetodon_trifascialis_iNaturalist_424671703.jpg,Chaetodon trifascialis,images_inaturalist,1,1.0,0.0,0.7401,0.9562,0.0,0.0898,0.3418,0.2627,0.0246,73857,0.8931,no,no,yes,no,1,review
Chaetodon_trifascialis_iNaturalist_536659908.jpg,Chaetodon trifascialis,images_inaturalist,1,1.0,0.0,0.8574,0.9698,0.0,0.148,0.3418,0.433,0.1139,125020,0.933,no,no,no,no,0,ok
Chaetodon_trifasciatus_Bishop_-781709008.jpg,Chaetodon trifasciatus,images_bishop,2,1.0,0.0,0.5133,0.9115,0.0,0.4739,0.2864,1.6547,0.0258,263902,0.9597,no,no,no,no,0,ok
Chaetodon_trifasciatus_FishBaseUser_1473578737_162.158.165.25.jpg,Chaetodon trifasciatus,images_fishbase_usercontrib,2,0.6995,0.3005,0.7343,0.3599,0.0222,0.0842,0.2864,0.294,0.0707,29428,0.6454,no,yes,yes,no,2,resegment_dinosam
Chaetodon_trifasciatus_FishBaseUser_1509182472_172.68.102.54.jpg,Chaetodon trifasciatus,images_fishbase_usercontrib,1,1.0,0.0,0.53,0.8452,0.0,0.0954,0.2864,0.3331,0.0384,642001,0.9106,no,no,no,no,0,ok
Chaetodon_trifasciatus_FishBaseUser_1526982656_162.158.22.48.jpg,Chaetodon trifasciatus,images_fishbase_usercontrib,2,0.6174,0.3826,0.7486,0.6752,0.0,0.0261,0.2864,0.0911,0.0111,19621,0.622,no,no,yes,no,1,review
Chaetodon_trifasciatus_FishBaseUser_1577142927_172.68.102.78.jpg,Chaetodon trifasciatus,images_fishbase_usercontrib,1,1.0,0.0,0.9471,1.0013,0.0,0.1823,0.2864,0.6365,0.1401,1872734,0.9639,no,no,no,no,0,ok
Chaetodon_trifasciatus_FishBaseUser_1656494131_162.158.170.185.jpg,Chaetodon trifasciatus,images_fishbase_usercontrib,1,1.0,0.0,1.0732,1.0024,0.0,0.0769,0.2864,0.2685,0.0324,86396,0.8948,no,no,yes,no,1,review
Chaetodon_trifasciatus_FishBaseUser_1724989518_172.71.81.80.jpg,Chaetodon trifasciatus,images_fishbase_usercontrib,1,1.0,0.0,0.8904,0.9805,0.0,0.4281,0.2864,1.4948,0.0601,139417,0.9678,no,no,no,no,0,ok
Chaetodon_trifasciatus_FishBase_Chtri_u3.jpg,Chaetodon trifasciatus,images_fishbase_extra,1,1.0,0.0,0.4573,0.9085,0.0,0.5204,0.2864,1.817,0.0191,96233,0.9522,no,no,no,no,0,ok
Chaetodon_trifasciatus_FishBase_Chtri_uc.jpg,Chaetodon trifasciatus,images_fishbase_extra,2,1.0,0.0,0.5185,0.9036,0.0,0.4734,0.2864,1.6529,0.0254,149606,0.9598,no,no,no,no,0,ok
Chaetodon_trifasciatus_FishBase_Chtri_ur.jpg,Chaetodon trifasciatus,images_fishbase_extra,1,1.0,0.0,1.0532,0.9954,0.0,0.0395,0.2864,0.1379,0.0358,12221,0.8415,no,no,yes,no,1,review
Chaetodon_trifasciatus_FishBase_Chtri_ut.jpg,Chaetodon trifasciatus,images_fishbase_extra,1,1.0,0.0,1.0036,0.999,0.0,0.4229,0.2864,1.4766,0.0139,121935,0.9688,no,no,no,no,0,ok
Chaetodon_trifasciatus_FishBase_Chtri_uv.jpg,Chaetodon trifasciatus,images_fishbase_extra,2,1.0,0.0,0.8586,0.989,0.0,0.4184,0.2864,1.4609,0.0482,114191,0.9697,no,no,no,no,0,ok
Chaetodon_trifasciatus_FishBase_Chtri_uw.jpg,Chaetodon trifasciatus,images_fishbase_extra,1,1.0,0.0,0.6864,0.9713,0.0,0.3357,0.2864,1.1721,0.0276,118556,0.9873,no,no,no,no,0,ok
Chaetodon_trifasciatus_FishBase_Chtri_ux.jpg,Chaetodon trifasciatus,images_fishbase_extra,1,1.0,0.0,0.9582,1.002,0.0,0.2864,0.2864,1.0,0.0096,76101,1,no,no,no,no,0,ok
Chaetodon_trifasciatus_FishPix_55807AF.jpg,Chaetodon trifasciatus,images,1,1.0,0.0,0.6273,0.9367,0.0,0.3874,0.2864,1.3527,0.0064,169414,0.9758,no,no,no,no,0,ok
Chaetodon_trifasciatus_FishWise_070483F000004W000010.jpg,Chaetodon trifasciatus,images_fishwise,1,1.0,0.0,0.5505,0.925,0.0,0.3211,0.2864,1.1212,0.0237,99986,0.9909,no,no,no,no,0,ok
Chaetodon_trifasciatus_FishWise_070483F000009W000009.jpg,Chaetodon trifasciatus,images_fishwise,1,1.0,0.0,0.9295,0.9228,0.0,0.2636,0.2864,0.9204,0.0269,97692,0.9934,no,no,no,no,0,ok
Chaetodon_trifasciatus_FishWise_070483F000024W000004.jpg,Chaetodon trifasciatus,images_fishwise,1,1.0,0.0,0.5129,0.9036,0.0,0.4703,0.2864,1.6421,0.0255,116060,0.9603,no,no,no,no,0,ok
Chaetodon_trifasciatus_FishWise_070483F000033W000001.jpg,Chaetodon trifasciatus,images_fishwise,1,1.0,0.0,0.7347,0.9674,0.0,0.3477,0.2864,1.214,0.0216,87179,0.9845,no,no,no,no,0,ok
Chaetodon_trifasciatus_FishWise_070483F000112W000007.jpg,Chaetodon trifasciatus,images_fishwise,1,1.0,0.0,0.6255,0.9376,0.0,0.5635,0.2864,1.9675,0.0094,132704,0.9459,no,no,no,no,0,ok
Chaetodon_trifasciatus_FishWise_070483F000112W000008.jpg,Chaetodon trifasciatus,images_fishwise,1,1.0,0.0,0.5225,0.953,0.0,0.5117,0.2864,1.7867,0.0162,117057,0.9536,no,no,no,no,0,ok
Chaetodon_trifasciatus_FishWise_070483F000167W000006.jpg,Chaetodon trifasciatus,images_fishwise,1,1.0,0.0,0.9374,1.0079,0.0,0.0897,0.2864,0.3132,0.0384,24640,0.9071,no,no,no,no,0,ok
Chaetodon_trifasciatus_FishWise_070483F000387W000011.jpg,Chaetodon trifasciatus,images_fishwise,1,1.0,0.0,1.0294,1.005,0.0,0.4317,0.2864,1.5073,0.0321,123722,0.9672,no,no,no,no,0,ok
Chaetodon_trifasciatus_iNaturalist_173829537.jpg,Chaetodon trifasciatus,images_inaturalist,1,1.0,0.0,0.6254,0.9725,0.0,0.0407,0.2864,0.1421,0.0367,43127,0.8439,no,no,yes,no,1,review
Chaetodon_trifasciatus_iNaturalist_173829547.jpg,Chaetodon trifasciatus,images_inaturalist,2,0.5187,0.4813,0.8065,0.8515,0.0,0.0609,0.2864,0.2126,0.0863,24965,0.7077,no,no,yes,no,1,review
Chaetodon_trifasciatus_iNaturalist_173829556.jpg,Chaetodon trifasciatus,images_inaturalist,1,1.0,0.0,0.6936,0.9963,0.0,0.056,0.2864,0.1955,0.1547,44180,0.8694,no,no,yes,no,1,review
Chaetodon_trifasciatus_iNaturalist_326127996.jpg,Chaetodon trifasciatus,images_inaturalist,1,1.0,0.0,1.0112,0.9999,0.0,0.0413,0.2864,0.1442,0.0218,39771,0.8451,no,no,yes,no,1,review
Chaetodon_trifasciatus_iNaturalist_332090965.jpg,Chaetodon trifasciatus,images_inaturalist,2,0.7188,0.2812,0.7775,0.6866,0.0,0.0355,0.2864,0.124,0.0074,28567,0.6855,no,no,yes,no,1,review
Chaetodon_trifasciatus_iNaturalist_334508891.jpg,Chaetodon trifasciatus,images_inaturalist,1,1.0,0.0,1.0687,1.0089,0.0,0.1052,0.2864,0.3673,0.1343,73058,0.9199,no,no,no,no,0,ok
Chaetodon_trifasciatus_iNaturalist_434604443.jpg,Chaetodon trifasciatus,images_inaturalist,2,0.5451,0.4549,1.1844,0.7158,0.0,0.0776,0.2864,0.2709,0.0539,33028,0.6961,no,no,yes,no,1,review
Chaetodon_trifasciatus_iNaturalist_434604519.jpg,Chaetodon trifasciatus,images_inaturalist,2,0.6525,0.3475,1.1899,0.8083,0.0,0.0239,0.2864,0.0834,0.137,12151,0.6672,no,no,yes,no,1,review
Chaetodon_trifasciatus_iNaturalist_454497011.jpg,Chaetodon trifasciatus,images_inaturalist,1,1.0,0.0,0.8521,0.9341,0.0,0.0207,0.2864,0.0723,0.0253,23834,0.7898,no,no,yes,no,1,review
Chaetodon_trifasciatus_iNaturalist_4868636.jpg,Chaetodon trifasciatus,images_inaturalist,1,1.0,0.0,1.0858,1.0018,0.0,0.384,0.2864,1.3408,0.0615,158825,0.9765,no,no,no,no,0,ok
Chaetodon_ulietensis_Bishop_-1430510223.jpg,Chaetodon ulietensis,images_bishop,1,1.0,0.0,0.4049,0.8491,0.0,0.3846,0.2217,1.7348,0.0464,245172,0.9557,no,no,no,no,0,ok
Chaetodon_ulietensis_Bishop_-201975074.jpg,Chaetodon ulietensis,images_bishop,1,1.0,0.0,0.4808,0.8787,0.0,0.4517,0.2217,2.0374,0.0376,272821,0.9431,no,no,no,no,0,ok
Chaetodon_ulietensis_FishBaseUser_1393613919_71.202.224.33.jpg,Chaetodon ulietensis,images_fishbase_usercontrib,1,1.0,0.0,1.0179,0.9795,0.0,0.0369,0.2217,0.1664,0.0221,101155,0.8566,no,no,yes,no,1,review
Chaetodon_ulietensis_FishBaseUser_1473758818_108.162.215.216.jpg,Chaetodon ulietensis,images_fishbase_usercontrib,1,1.0,0.0,0.7797,0.9769,0.0,0.0559,0.2217,0.2521,0.0551,501882,0.8898,no,no,yes,no,1,review
Chaetodon_ulietensis_FishBaseUser_1509182680_172.68.102.54.jpg,Chaetodon ulietensis,images_fishbase_usercontrib,1,1.0,0.0,0.7897,0.9753,0.0,0.1501,0.2217,0.677,0.0181,658971,0.9688,no,no,no,no,0,ok
Chaetodon_ulietensis_FishBaseUser_1577143026_172.68.102.78.jpg,Chaetodon ulietensis,images_fishbase_usercontrib,1,1.0,0.0,0.7344,0.9129,0.0,0.1586,0.2217,0.7154,0.1,2238285,0.9732,no,no,no,no,0,ok
Chaetodon_ulietensis_FishBaseUser_1704744860_108.162.212.25.jpg,Chaetodon ulietensis,images_fishbase_usercontrib,1,1.0,0.0,0.508,0.7882,0.0,0.0891,0.2217,0.4019,0.0821,78090,0.9085,no,no,no,no,0,ok
Chaetodon_ulietensis_FishBaseUser_1706127395_172.70.55.216.jpg,Chaetodon ulietensis,images_fishbase_usercontrib,1,1.0,0.0,0.581,0.9119,0.0,0.252,0.2217,1.1367,0.1429,191007,0.9898,no,no,no,no,0,ok
Chaetodon_ulietensis_FishBase_Chuli_u0.jpg,Chaetodon ulietensis,images_fishbase_extra,1,1.0,0.0,0.5292,0.8839,0.0,0.3085,0.2217,1.3915,0.0517,126446,0.9736,no,no,no,no,0,ok
Chaetodon_ulietensis_FishBase_Chuli_u1.jpg,Chaetodon ulietensis,images_fishbase_extra,1,1.0,0.0,0.4769,0.881,0.0,0.45,0.2217,2.0298,0.0378,153057,0.9434,no,no,no,no,0,ok
Chaetodon_ulietensis_FishBase_Chuli_u2.jpg,Chaetodon ulietensis,images_fishbase_extra,3,1.0,0.0,0.4055,0.8497,0.0,0.4002,0.2217,1.8051,0.0484,138391,0.9527,no,no,no,no,0,ok
Chaetodon_ulietensis_FishBase_Chuli_u3.jpg,Chaetodon ulietensis,images_fishbase_extra,1,1.0,0.0,1.099,0.992,0.0,0.0333,0.2217,0.1502,0.0368,9141,0.8483,no,no,yes,no,1,review
Chaetodon_ulietensis_FishBase_Chuli_u5.jpg,Chaetodon ulietensis,images_fishbase_extra,1,1.0,0.0,0.7258,0.9258,0.0,0.1549,0.2217,0.6987,0.0438,47871,0.9713,no,no,no,no,0,ok
Chaetodon_ulietensis_FishBase_Chuli_u6.jpg,Chaetodon ulietensis,images_fishbase_extra,3,0.5073,0.4927,0.8231,0.3315,0.0,0.0759,0.2217,0.3424,0.1212,17114,0.5863,yes,yes,no,no,2,resegment_dinosam
Chaetodon_ulietensis_FishBase_Chuli_u7.jpg,Chaetodon ulietensis,images_fishbase_extra,1,1.0,0.0,0.7531,0.9757,0.0,0.3118,0.2217,1.4064,0.0523,120905,0.9727,no,no,no,no,0,ok
Chaetodon_ulietensis_FishPix_26584AF.jpg,Chaetodon ulietensis,images,1,1.0,0.0,0.874,0.987,0.0,0.132,0.2217,0.5954,0.006,66305,0.9585,no,no,no,no,0,ok
Chaetodon_ulietensis_FishWise_071442F000009W000008.jpg,Chaetodon ulietensis,images_fishwise,1,1.0,0.0,0.6087,0.9162,0.0,0.2724,0.2217,1.2287,0.0414,116907,0.9835,no,no,no,no,0,ok
Chaetodon_ulietensis_FishWise_071442F000009W000009.jpg,Chaetodon ulietensis,images_fishwise,1,1.0,0.0,0.7973,0.9768,0.0,0.3321,0.2217,1.498,0.0243,111809,0.9677,no,no,no,no,0,ok
Chaetodon_ulietensis_FishWise_071442F000112W000005.jpg,Chaetodon ulietensis,images_fishwise,1,1.0,0.0,0.4259,0.8619,0.0,0.4272,0.2217,1.9269,0.0303,113381,0.9475,no,no,no,no,0,ok
Chaetodon_ulietensis_FishWise_071442F000387W000006.jpg,Chaetodon ulietensis,images_fishwise,1,1.0,0.0,0.5919,0.953,0.0,0.3396,0.2217,1.5318,0.055,146560,0.9659,no,no,no,no,0,ok
Chaetodon_ulietensis_FishWise_071442F000387W000007.jpg,Chaetodon ulietensis,images_fishwise,1,1.0,0.0,0.7163,0.9817,0.0,0.3235,0.2217,1.4592,0.04,128217,0.9698,no,no,no,no,0,ok
Chaetodon_ulietensis_iNaturalist_1400797.jpg,Chaetodon ulietensis,images_inaturalist,3,0.3714,0.6286,0.9838,0.3741,0.0012,0.1219,0.2217,0.5498,0.1364,8088,0.5891,yes,yes,no,no,2,resegment_dinosam
Chaetodon_ulietensis_iNaturalist_173697456.jpg,Chaetodon ulietensis,images_inaturalist,1,1.0,0.0,0.8589,0.9744,0.0,0.1088,0.2217,0.4908,0.0682,33297,0.9431,no,no,no,no,0,ok
Chaetodon_ulietensis_iNaturalist_222874834.jpg,Chaetodon ulietensis,images_inaturalist,2,0.5149,0.4851,0.4661,0.533,0.0086,0.1807,0.2217,0.8151,0.1638,91156,0.717,no,yes,no,no,1,review
Chaetodon_ulietensis_iNaturalist_230476352.jpg,Chaetodon ulietensis,images_inaturalist,1,1.0,0.0,0.7765,0.9832,0.0,0.2787,0.2217,1.2571,0.0369,251630,0.9817,no,no,no,no,0,ok
Chaetodon_ulietensis_iNaturalist_326590225.jpg,Chaetodon ulietensis,images_inaturalist,4,0.721,0.279,0.0895,0.5083,0.0,0.1465,0.2217,0.6608,0.2424,103650,0.7556,yes,yes,no,no,2,resegment_dinosam
Chaetodon_ulietensis_iNaturalist_331048079.jpg,Chaetodon ulietensis,images_inaturalist,1,1.0,0.0,0.9564,0.9959,0.0,0.1718,0.2217,0.7749,0.0504,172189,0.9796,no,no,no,no,0,ok
Chaetodon_ulietensis_iNaturalist_453438977.jpg,Chaetodon ulietensis,images_inaturalist,1,1.0,0.0,0.767,0.9592,0.0,0.2909,0.2217,1.3121,0.0236,120656,0.9783,no,no,no,no,0,ok
Chaetodon_ulietensis_iNaturalist_453439299.jpg,Chaetodon ulietensis,images_inaturalist,1,1.0,0.0,0.8499,0.9677,0.0,0.0514,0.2217,0.2318,0.3432,34246,0.8831,no,no,yes,no,1,review
Chaetodon_ulietensis_iNaturalist_453440787.jpg,Chaetodon ulietensis,images_inaturalist,2,0.6716,0.3284,0.9778,0.4714,0.0,0.0659,0.2217,0.2972,0.1876,33969,0.6744,no,yes,yes,no,2,resegment_dinosam
Chaetodon_unimaculatus_Bishop_-2035665860.jpg,Chaetodon unimaculatus,images_bishop,1,1.0,0.0,0.4714,0.8736,0.0,0.4719,0.3007,1.5693,0.0226,257108,0.9639,no,no,no,no,0,ok
Chaetodon_unimaculatus_Bishop_-538563321.jpg,Chaetodon unimaculatus,images_bishop,1,1.0,0.0,0.4769,0.8639,0.0,0.4259,0.3007,1.4164,0.0118,269986,0.9722,no,no,no,no,0,ok
Chaetodon_unimaculatus_FishBaseUser_1454328567_94.198.18.55.jpg,Chaetodon unimaculatus,images_fishbase_usercontrib,2,0.5406,0.4594,0.9817,0.5734,0.0,0.1569,0.3007,0.5218,0.0397,122103,0.7042,no,yes,no,no,1,review
Chaetodon_unimaculatus_FishBaseUser_1469522440_162.158.167.12.jpg,Chaetodon unimaculatus,images_fishbase_usercontrib,2,0.5035,0.4965,1.2113,0.7442,0.0,0.0215,0.3007,0.0715,0.0655,6314,0.5834,no,no,yes,no,1,review
Chaetodon_unimaculatus_FishBaseUser_1577143148_172.68.102.78.jpg,Chaetodon unimaculatus,images_fishbase_usercontrib,1,1.0,0.0,0.7402,0.9271,0.0,0.1994,0.3007,0.6631,0.056,2827449,0.9671,no,no,no,no,0,ok
Chaetodon_unimaculatus_FishBaseUser_1704667498_172.70.82.107.jpg,Chaetodon unimaculatus,images_fishbase_usercontrib,1,1.0,0.0,0.8005,0.9208,0.0,0.1253,0.3007,0.4167,0.0927,105342,0.93,no,no,no,no,0,ok
Chaetodon_unimaculatus_FishBaseUser_1706116213_172.70.254.151.jpg,Chaetodon unimaculatus,images_fishbase_usercontrib,1,1.0,0.0,0.9346,0.9822,0.0,0.0936,0.3007,0.3113,0.1952,96689,0.9066,no,no,no,no,0,ok
Chaetodon_unimaculatus_FishBaseUser_1747235776_95.95.129.49.jpg,Chaetodon unimaculatus,images_fishbase_usercontrib,1,1.0,0.0,0.7791,0.9631,0.0,0.1193,0.3007,0.3967,0.0284,3300027,0.926,no,no,no,no,0,ok
Chaetodon_unimaculatus_FishBaseUser_1747235827_95.95.129.49.jpg,Chaetodon unimaculatus,images_fishbase_usercontrib,1,1.0,0.0,0.8573,0.9413,0.0,0.1136,0.3007,0.3778,0.0806,512799,0.9221,no,no,no,no,0,ok
Chaetodon_unimaculatus_FishBase_Chuni_u1.jpg,Chaetodon unimaculatus,images_fishbase_extra,2,1.0,0.0,0.4761,0.8661,0.0,0.4308,0.3007,1.4327,0.0124,150971,0.9712,no,no,no,no,0,ok
Chaetodon_unimaculatus_FishBase_Chuni_u4.jpg,Chaetodon unimaculatus,images_fishbase_extra,2,1.0,0.0,1.0659,0.9704,0.0,0.2852,0.3007,0.9485,0.1323,104380,0.9958,no,no,no,no,0,ok
Chaetodon_unimaculatus_FishBase_Chuni_u5.jpg,Chaetodon unimaculatus,images_fishbase_extra,1,1.0,0.0,0.565,0.8935,0.0,0.2521,0.3007,0.8384,0.0634,94869,0.9859,no,no,no,no,0,ok
Chaetodon_unimaculatus_FishBase_Chuni_ul.jpg,Chaetodon unimaculatus,images_fishbase_extra,2,0.6384,0.3616,0.7349,0.5492,0.0,0.1134,0.3007,0.3771,0.0711,20784,0.7052,no,yes,no,no,1,review
Chaetodon_unimaculatus_FishPix_15036AF.jpg,Chaetodon unimaculatus,images,1,1.0,0.0,0.8459,0.9629,0.0,0.1437,0.3007,0.4779,0.013,96024,0.9409,no,no,no,no,0,ok
Chaetodon_unimaculatus_FishWise_032065F000009W000013.jpg,Chaetodon unimaculatus,images_fishwise,1,1.0,0.0,0.9028,0.9679,0.0,0.2529,0.3007,0.841,0.0236,96633,0.9862,no,no,no,no,0,ok
Chaetodon_unimaculatus_FishWise_032065F000009W000015.jpg,Chaetodon unimaculatus,images_fishwise,1,1.0,0.0,0.6818,0.9565,0.0,0.3072,0.3007,1.0216,0.0143,92505,0.9983,no,no,no,no,0,ok
Chaetodon_unimaculatus_FishWise_032065F000009W000016.jpg,Chaetodon unimaculatus,images_fishwise,1,1.0,0.0,0.7879,0.9653,0.0,0.3783,0.3007,1.2581,0.0287,125848,0.9816,no,no,no,no,0,ok
Chaetodon_unimaculatus_FishWise_032065F000009W000018.jpg,Chaetodon unimaculatus,images_fishwise,1,1.0,0.0,0.7498,0.9587,0.0,0.4344,0.3007,1.4446,0.0279,130501,0.9706,no,no,no,no,0,ok
Chaetodon_unimaculatus_FishWise_032065F000024W000003.jpg,Chaetodon unimaculatus,images_fishwise,1,1.0,0.0,1.1042,0.9778,0.0,0.2849,0.3007,0.9475,0.1322,79069,0.9957,no,no,no,no,0,ok
Chaetodon_unimaculatus_FishWise_032065F000112W000009.jpg,Chaetodon unimaculatus,images_fishwise,1,1.0,0.0,0.3909,0.8695,0.0,0.4526,0.3007,1.5052,0.0055,107327,0.9673,no,no,no,no,0,ok
Chaetodon_unimaculatus_FishWise_032065F000112W000010.jpg,Chaetodon unimaculatus,images_fishwise,1,1.0,0.0,0.4292,0.8396,0.0,0.4088,0.3007,1.3595,0.0237,104010,0.9723,no,no,no,no,0,ok
Chaetodon_unimaculatus_FishWise_032065F000387W000014.jpg,Chaetodon unimaculatus,images_fishwise,1,1.0,0.0,0.7892,0.9397,0.0,0.3474,0.3007,1.1553,0.034,116441,0.9885,no,no,no,no,0,ok
Chaetodon_unimaculatus_FishWise_032065F000387W000017.jpg,Chaetodon unimaculatus,images_fishwise,1,1.0,0.0,0.7151,0.9549,0.0,0.3197,0.3007,1.0632,0.0198,96421,0.9951,no,no,no,no,0,ok
Chaetodon_unimaculatus_iNaturalist_179915614.jpg,Chaetodon unimaculatus,images_inaturalist,3,0.4625,0.5375,0.7856,0.2877,0.0,0.0297,0.3007,0.0988,0.0675,20076,0.458,yes,yes,yes,no,3,resegment_dinosam
Chaetodon_unimaculatus_iNaturalist_233496852.jpg,Chaetodon unimaculatus,images_inaturalist,1,1.0,0.0,0.7646,0.9434,0.0,0.2434,0.3007,0.8094,0.044,264207,0.9831,no,no,no,no,0,ok
Chaetodon_unimaculatus_iNaturalist_553392414.jpg,Chaetodon unimaculatus,images_inaturalist,1,1.0,0.0,1.0909,0.9999,0.0,0.0549,0.3007,0.1826,0.0214,25785,0.864,no,no,yes,no,1,review
Chaetodon_unimaculatus_iNaturalist_593828871.jpg,Chaetodon unimaculatus,images_inaturalist,1,1.0,0.0,0.7601,0.9352,0.0,0.2192,0.3007,0.729,0.0292,211416,0.9747,no,no,no,no,0,ok
Chaetodon_unimaculatus_iNaturalist_593828880.jpg,Chaetodon unimaculatus,images_inaturalist,1,1.0,0.0,0.6317,0.9418,0.0,0.3045,0.3007,1.0126,0.0841,234513,0.999,no,no,no,no,0,ok
Chaetodon_unimaculatus_iNaturalist_602202893.jpg,Chaetodon unimaculatus,images_inaturalist,1,1.0,0.0,1.1545,1.0122,0.0,0.0026,0.3007,0.0086,0.0947,2411,0.76,no,no,yes,no,1,review
Chaetodon_unimaculatus_iNaturalist_66774276.jpg,Chaetodon unimaculatus,images_inaturalist,2,0.6556,0.3444,0.9677,0.7609,0.0,0.2532,0.3007,0.842,0.1261,135779,0.839,no,no,no,no,0,ok
Chaetodon_unimaculatus_iNaturalist_71907697.jpg,Chaetodon unimaculatus,images_inaturalist,1,1.0,0.0,0.6727,0.9264,0.0,0.1461,0.3007,0.4859,0.089,124016,0.9423,no,no,no,no,0,ok
Chaetodon_unimaculatus_iNaturalist_91073839.jpg,Chaetodon unimaculatus,images_inaturalist,1,1.0,0.0,0.6615,0.9493,0.0,0.0694,0.3007,0.2308,0.0197,42362,0.8827,no,no,yes,no,1,review
Chaetodon_vagabundus_Bishop_-2087127384.jpg,Chaetodon vagabundus,images_bishop,1,1.0,0.0,0.4737,0.8943,0.0,0.4495,0.2661,1.6892,0.0339,266394,0.9581,no,no,no,no,0,ok
Chaetodon_vagabundus_Bishop_2044270221.jpg,Chaetodon vagabundus,images_bishop,2,1.0,0.0,0.515,0.9148,0.0,0.4811,0.2661,1.808,0.0208,270239,0.9526,no,no,no,no,0,ok
Chaetodon_vagabundus_Bishop_397124810.jpg,Chaetodon vagabundus,images_bishop,1,1.0,0.0,0.4823,0.8915,0.0,0.4826,0.2661,1.8136,0.02,283020,0.9524,no,no,no,no,0,ok
Chaetodon_vagabundus_FishBaseUser_1469522533_162.158.167.12.jpg,Chaetodon vagabundus,images_fishbase_usercontrib,1,1.0,0.0,1.081,1.0058,0.0,0.057,0.2661,0.2142,0.0451,114886,0.8767,no,no,yes,no,1,review
Chaetodon_vagabundus_FishBaseUser_1508873636_162.158.59.66.jpg,Chaetodon vagabundus,images_fishbase_usercontrib,1,1.0,0.0,0.9805,0.9789,0.0,0.0119,0.2661,0.0447,0.0467,103955,0.76,no,no,yes,no,1,review
Chaetodon_vagabundus_FishBaseUser_1509183707_172.68.102.54.jpg,Chaetodon vagabundus,images_fishbase_usercontrib,1,1.0,0.0,0.7049,0.8966,0.0,0.2125,0.2661,0.7986,0.0273,1055269,0.982,no,no,no,no,0,ok
Chaetodon_vagabundus_FishBaseUser_1509183778_172.68.102.54.jpg,Chaetodon vagabundus,images_fishbase_usercontrib,2,0.6184,0.3816,0.7409,0.553,0.0,0.0906,0.2661,0.3405,0.1516,173649,0.6911,no,yes,no,no,1,review
Chaetodon_vagabundus_FishBaseUser_1577140337_172.68.102.128.jpg,Chaetodon vagabundus,images_fishbase_usercontrib,1,1.0,0.0,0.8064,0.974,0.0,0.3677,0.2661,1.3818,0.0185,3394635,0.9741,no,no,no,no,0,ok
Chaetodon_vagabundus_FishBaseUser_1585733306_108.162.229.236.jpg,Chaetodon vagabundus,images_fishbase_usercontrib,1,1.0,0.0,1.0052,0.9967,0.0,0.4266,0.2661,1.6032,0.0513,368895,0.9622,no,no,no,no,0,ok
Chaetodon_vagabundus_FishBaseUser_1603232922_162.158.187.197.jpg,Chaetodon vagabundus,images_fishbase_usercontrib,1,1.0,0.0,0.8671,0.9871,0.0,0.2345,0.2661,0.8812,0.0508,952814,0.9899,no,no,no,no,0,ok
Chaetodon_vagabundus_FishBaseUser_1655673349_172.70.178.177.jpg,Chaetodon vagabundus,images_fishbase_usercontrib,1,1.0,0.0,0.6923,0.8965,0.0,0.2303,0.2661,0.8655,0.0296,1079869,0.9884,no,no,no,no,0,ok
Chaetodon_vagabundus_FishBaseUser_1672901252_172.70.207.20.jpg,Chaetodon vagabundus,images_fishbase_usercontrib,1,1.0,0.0,0.9631,0.9878,0.0,0.1663,0.2661,0.625,0.0488,59950,0.9624,no,no,no,no,0,ok
Chaetodon_vagabundus_FishBaseUser_1672901308_172.69.33.29.jpg,Chaetodon vagabundus,images_fishbase_usercontrib,1,1.0,0.0,0.5132,0.766,0.0218,0.0398,0.2661,0.1496,0.2856,14195,0.8184,no,no,yes,no,1,review
Chaetodon_vagabundus_FishBaseUser_1672901343_172.71.214.87.jpg,Chaetodon vagabundus,images_fishbase_usercontrib,1,1.0,0.0,1.1091,0.9922,0.0,0.0222,0.2661,0.0834,0.0227,6874,0.8013,no,no,yes,no,1,review
Chaetodon_vagabundus_FishBaseUser_1706127278_172.70.82.201.jpg,Chaetodon vagabundus,images_fishbase_usercontrib,1,1.0,0.0,0.8372,0.9819,0.0,0.1386,0.2661,0.5209,0.1103,133363,0.9478,no,no,no,no,0,ok
Chaetodon_vagabundus_FishBaseUser_1747236078_95.95.129.49.jpg,Chaetodon vagabundus,images_fishbase_usercontrib,1,1.0,0.0,1.0037,0.997,0.0,0.1327,0.2661,0.4987,0.0293,1096804,0.9443,no,no,no,no,0,ok
Chaetodon_vagabundus_FishBaseUser_1747236118_95.95.129.49.jpg,Chaetodon vagabundus,images_fishbase_usercontrib,1,1.0,0.0,0.8026,0.9869,0.0,0.2661,0.2661,1.0,0.0513,2873099,1,no,no,no,no,0,ok
Chaetodon_vagabundus_FishBase_Chvag_j0.jpg,Chaetodon vagabundus,images_fishbase_extra,1,1.0,0.0,0.8514,0.917,0.0,0.0848,0.2661,0.3187,0.022,25720,0.9085,no,no,no,no,0,ok
Chaetodon_vagabundus_FishBase_Chvag_j1.jpg,Chaetodon vagabundus,images_fishbase_extra,1,1.0,0.0,0.9335,0.986,0.0,0.1657,0.2661,0.6227,0.0364,75950,0.9621,no,no,no,no,0,ok
Chaetodon_vagabundus_FishBase_Chvag_u1.jpg,Chaetodon vagabundus,images_fishbase_extra,1,1.0,0.0,0.541,0.9288,0.0,0.2916,0.2661,1.0958,0.0593,104841,0.9927,no,no,no,no,0,ok
Chaetodon_vagabundus_FishBase_Chvag_u3.jpg,Chaetodon vagabundus,images_fishbase_extra,1,1.0,0.0,0.428,0.8891,0.0,0.4469,0.2661,1.6794,0.0273,183715,0.9585,no,no,no,no,0,ok
Chaetodon_vagabundus_FishBase_Chvag_u4.jpg,Chaetodon vagabundus,images_fishbase_extra,1,1.0,0.0,0.5633,0.8857,0.0,0.289,0.2661,1.0861,0.023,107723,0.9934,no,no,no,no,0,ok
Chaetodon_vagabundus_FishBase_Chvag_u5.jpg,Chaetodon vagabundus,images_fishbase_extra,1,1.0,0.0,0.8803,0.9743,0.0,0.3116,0.2661,1.171,0.0262,126035,0.9874,no,no,no,no,0,ok
Chaetodon_vagabundus_FishBase_Chvag_u6.jpg,Chaetodon vagabundus,images_fishbase_extra,1,1.0,0.0,0.7743,0.9732,0.0,0.0807,0.2661,0.3033,0.0204,35802,0.9045,no,no,no,no,0,ok
Chaetodon_vagabundus_FishBase_Chvag_u7.jpg,Chaetodon vagabundus,images_fishbase_extra,1,1.0,0.0,0.7284,0.9722,0.0,0.3965,0.2661,1.49,0.0166,173926,0.9681,no,no,no,no,0,ok
Chaetodon_vagabundus_FishBase_Chvag_u9.jpg,Chaetodon vagabundus,images_fishbase_extra,1,1.0,0.0,0.6483,0.913,0.0,0.1874,0.2661,0.7042,0.0086,76165,0.9719,no,no,no,no,0,ok
Chaetodon_vagabundus_FishPix_10004AF.jpg,Chaetodon vagabundus,images,1,1.0,0.0,0.9199,0.9911,0.0,0.2247,0.2661,0.8444,0.0334,130266,0.9865,no,no,no,no,0,ok
Chaetodon_vagabundus_FishWise_072115F000009W000012.jpg,Chaetodon vagabundus,images_fishwise,1,1.0,0.0,0.8599,0.9801,0.0,0.2383,0.2661,0.8955,0.0078,86024,0.9912,no,no,no,no,0,ok
Chaetodon_vagabundus_FishWise_072115F000009W000013.jpg,Chaetodon vagabundus,images_fishwise,1,1.0,0.0,0.8929,0.9887,0.0,0.3676,0.2661,1.3814,0.0362,119409,0.9742,no,no,no,no,0,ok
Chaetodon_vagabundus_FishWise_072115F000009W000015.jpg,Chaetodon vagabundus,images_fishwise,1,1.0,0.0,0.7235,0.9715,0.0,0.2676,0.2661,1.0056,0.0366,92453,0.9996,no,no,no,no,0,ok
Chaetodon_vagabundus_FishWise_072115F000009W000016.jpg,Chaetodon vagabundus,images_fishwise,1,1.0,0.0,0.5395,0.959,0.0,0.3703,0.2661,1.3916,0.0216,111205,0.9736,no,no,no,no,0,ok
Chaetodon_vagabundus_FishWise_072115F000024W000008.jpg,Chaetodon vagabundus,images_fishwise,1,1.0,0.0,0.474,0.8881,0.0,0.4828,0.2661,1.8144,0.0203,159684,0.9523,no,no,no,no,0,ok
Chaetodon_vagabundus_FishWise_072115F000112W000010.jpg,Chaetodon vagabundus,images_fishwise,1,1.0,0.0,0.3666,0.8358,0.0,0.4043,0.2661,1.5194,0.0457,92512,0.9623,no,no,no,no,0,ok
Chaetodon_vagabundus_FishWise_072115F000112W000011.jpg,Chaetodon vagabundus,images_fishwise,1,1.0,0.0,0.4699,0.9402,0.0,0.4106,0.2661,1.543,0.024,126310,0.9653,no,no,no,no,0,ok
Chaetodon_vagabundus_FishWise_072115F000167W000007.jpg,Chaetodon vagabundus,images_fishwise,1,1.0,0.0,1.0687,1.0014,0.0,0.1899,0.2661,0.7136,0.0802,52470,0.973,no,no,no,no,0,ok
Chaetodon_vagabundus_FishWise_072115F000167W000009.jpg,Chaetodon vagabundus,images_fishwise,1,1.0,0.0,1.1184,1.006,0.0,0.157,0.2661,0.59,0.1013,46630,0.9578,no,no,no,no,0,ok
Chaetodon_vagabundus_FishWise_072115F000387W000014.jpg,Chaetodon vagabundus,images_fishwise,1,1.0,0.0,0.5859,0.9577,0.0,0.3914,0.2661,1.4709,0.0326,150117,0.9691,no,no,no,no,0,ok
Chaetodon_vagabundus_iNaturalist_13817766.jpg,Chaetodon vagabundus,images_inaturalist,1,1.0,0.0,0.6511,0.8415,0.0,0.1148,0.2661,0.4314,0.0268,170709,0.9302,no,no,no,no,0,ok
Chaetodon_vagabundus_iNaturalist_209516313.jpg,Chaetodon vagabundus,images_inaturalist,1,1.0,0.0,0.7885,0.9669,0.0,0.1041,0.2661,0.3912,0.049,63478,0.9249,no,no,no,no,0,ok
Chaetodon_vagabundus_iNaturalist_232725659.jpg,Chaetodon vagabundus,images_inaturalist,1,1.0,0.0,0.7062,0.9639,0.0,0.123,0.2661,0.4622,0.0571,100359,0.9383,no,no,no,no,0,ok
Chaetodon_vagabundus_iNaturalist_234150683.jpg,Chaetodon vagabundus,images_inaturalist,1,1.0,0.0,0.6799,0.9059,0.0,0.2681,0.2661,1.0075,0.0345,295937,0.9994,no,no,no,no,0,ok
Chaetodon_vagabundus_iNaturalist_236696832.jpg,Chaetodon vagabundus,images_inaturalist,1,1.0,0.0,0.6257,0.971,0.0,0.0183,0.2661,0.0688,0.0392,22066,0.7858,no,no,yes,no,1,review
Chaetodon_vagabundus_iNaturalist_236697047.jpg,Chaetodon vagabundus,images_inaturalist,1,1.0,0.0,0.5613,0.8672,0.0,0.0247,0.2661,0.0928,0.1148,2492,0.8098,no,no,yes,no,1,review
Chaetodon_vagabundus_iNaturalist_236697461.jpg,Chaetodon vagabundus,images_inaturalist,1,1.0,0.0,0.9639,1.0089,0.0,0.0206,0.2661,0.0774,0.0225,25309,0.7953,no,no,yes,no,1,review
Chaetodon_vagabundus_iNaturalist_259101164.jpg,Chaetodon vagabundus,images_inaturalist,1,1.0,0.0,0.8598,0.9878,0.0,0.0632,0.2661,0.2375,0.0947,47831,0.885,no,no,yes,no,1,review
Chaetodon_vagabundus_iNaturalist_269786835.jpg,Chaetodon vagabundus,images_inaturalist,1,1.0,0.0,0.4486,0.8137,0.0,0.1028,0.2661,0.3863,0.0351,91593,0.913,no,no,no,no,0,ok
Chaetodon_vagabundus_iNaturalist_91073842.jpg,Chaetodon vagabundus,images_inaturalist,1,1.0,0.0,0.6534,0.9699,0.0,0.0915,0.2661,0.3439,0.0163,77454,0.9146,no,no,no,no,0,ok
Chaetodon_wiebeli_Bishop_532247427.jpg,Chaetodon wiebeli,images_bishop,1,1.0,0.0,0.5037,0.8971,0.0,0.5256,0.257,2.0451,0.0308,253074,0.9428,no,no,no,no,0,ok
Chaetodon_wiebeli_FishBaseUser_1569480488_172.68.133.128.jpg,Chaetodon wiebeli,images_fishbase_usercontrib,1,1.0,0.0,0.6905,0.9792,0.0,0.0237,0.257,0.0922,0.0949,67897,0.8093,no,no,yes,no,1,review
Chaetodon_wiebeli_FishBaseUser_1569480522_172.68.141.54.jpg,Chaetodon wiebeli,images_fishbase_usercontrib,2,0.6146,0.3854,1.0513,0.328,0.0,0.0164,0.257,0.0638,0.0236,20664,0.4884,no,yes,yes,no,2,resegment_dinosam
Chaetodon_wiebeli_FishBaseUser_1609840471_172.69.33.235.jpg,Chaetodon wiebeli,images_fishbase_usercontrib,1,1.0,0.0,0.6704,0.9411,0.0,0.241,0.257,0.9377,0.0656,914775,0.9949,no,no,no,no,0,ok
Chaetodon_wiebeli_FishBaseUser_1628569666_172.70.147.80.jpg,Chaetodon wiebeli,images_fishbase_usercontrib,1,1.0,0.0,0.4404,0.8868,0.0,0.2788,0.257,1.0848,0.0359,4797895,0.9935,no,no,no,no,0,ok
Chaetodon_wiebeli_FishBaseUser_1672901392_172.71.214.132.jpg,Chaetodon wiebeli,images_fishbase_usercontrib,1,1.0,0.0,0.9055,0.9942,0.0,0.1998,0.257,0.7774,0.0499,562568,0.9799,no,no,no,no,0,ok
Chaetodon_wiebeli_FishBaseUser_1672901418_172.71.214.132.jpg,Chaetodon wiebeli,images_fishbase_usercontrib,1,1.0,0.0,0.892,0.9785,0.0,0.0827,0.257,0.3218,0.0365,1507168,0.9093,no,no,no,no,0,ok
Chaetodon_wiebeli_FishBaseUser_1672901462_172.71.215.98.jpg,Chaetodon wiebeli,images_fishbase_usercontrib,1,1.0,0.0,0.7804,0.932,0.0,0.0259,0.257,0.1008,0.0557,8539,0.8164,no,no,yes,no,1,review
Chaetodon_wiebeli_FishBaseUser_1672901501_172.71.218.148.jpg,Chaetodon wiebeli,images_fishbase_usercontrib,1,1.0,0.0,0.8208,0.9731,0.0,0.0592,0.257,0.2304,0.0604,116775,0.8825,no,no,yes,no,1,review
Chaetodon_wiebeli_FishBase_Chwie_j0.jpg,Chaetodon wiebeli,images_fishbase_extra,1,1.0,0.0,0.7359,0.9649,0.0,0.3451,0.257,1.3428,0.0703,97737,0.9764,no,no,no,no,0,ok
Chaetodon_wiebeli_FishBase_Chwie_u0.jpg,Chaetodon wiebeli,images_fishbase_extra,1,1.0,0.0,0.6226,0.9472,0.0,0.299,0.257,1.1634,0.0546,101212,0.9879,no,no,no,no,0,ok
Chaetodon_wiebeli_FishBase_Chwie_u1.jpg,Chaetodon wiebeli,images_fishbase_extra,1,1.0,0.0,0.4847,0.8946,0.0,0.524,0.257,2.0389,0.0307,142336,0.943,no,no,no,no,0,ok
Chaetodon_wiebeli_FishBase_Chwie_u2.jpg,Chaetodon wiebeli,images_fishbase_extra,1,1.0,0.0,0.8903,0.9861,0.0,0.1777,0.257,0.6914,0.0306,73581,0.9705,no,no,no,no,0,ok
Chaetodon_wiebeli_FishBase_Chwie_u3.jpg,Chaetodon wiebeli,images_fishbase_extra,1,1.0,0.0,0.8111,0.9826,0.0,0.3767,0.257,1.4658,0.0147,161923,0.9694,no,no,no,no,0,ok
Chaetodon_wiebeli_FishBase_Chwie_u4.jpg,Chaetodon wiebeli,images_fishbase_extra,1,1.0,0.0,0.5515,0.9338,0.0,0.5224,0.257,2.0327,0.0212,88079,0.9433,no,no,no,no,0,ok
Chaetodon_wiebeli_FishBase_Chwie_u5.jpg,Chaetodon wiebeli,images_fishbase_extra,1,1.0,0.0,0.7897,0.9077,0.0,0.1238,0.257,0.4817,0.0451,43755,0.9416,no,no,no,no,0,ok
Chaetodon_wiebeli_FishBase_Chwie_u6.jpg,Chaetodon wiebeli,images_fishbase_extra,1,1.0,0.0,0.7366,0.9648,0.0,0.1938,0.257,0.7541,0.1211,73253,0.9774,no,no,no,no,0,ok
Chaetodon_wiebeli_FishBase_Chwie_u7.jpg,Chaetodon wiebeli,images_fishbase_extra,1,1.0,0.0,0.475,0.9132,0.0,0.3763,0.257,1.4642,0.0231,147059,0.9695,no,no,no,no,0,ok
Chaetodon_wiebeli_FishPix_107464AF.jpg,Chaetodon wiebeli,images,1,1.0,0.0,0.504,0.8962,0.0,0.3522,0.257,1.3704,0.0413,181716,0.9748,no,no,no,no,0,ok
Chaetodon_wiebeli_iNaturalist_303753000.jpg,Chaetodon wiebeli,images_inaturalist,1,1.0,0.0,0.9629,0.9931,0.0,0.2714,0.257,1.056,0.0476,297919,0.9956,no,no,no,no,0,ok
Chaetodon_wiebeli_iNaturalist_303837873.jpg,Chaetodon wiebeli,images_inaturalist,1,1.0,0.0,0.8772,0.9819,0.0,0.2528,0.257,0.9837,0.0348,385274,0.9987,no,no,no,no,0,ok
Chaetodon_wiebeli_iNaturalist_303837884.jpg,Chaetodon wiebeli,images_inaturalist,1,1.0,0.0,0.7747,0.9842,0.0,0.3785,0.257,1.4728,0.041,384332,0.969,no,no,no,no,0,ok
Chaetodon_wiebeli_iNaturalist_324430476.jpg,Chaetodon wiebeli,images_inaturalist,1,1.0,0.0,0.7444,0.9106,0.0,0.102,0.257,0.3969,0.2666,108923,0.9261,no,no,no,no,0,ok
Chaetodon_wiebeli_iNaturalist_416917368.jpg,Chaetodon wiebeli,images_inaturalist,2,0.5477,0.4523,0.4044,0.539,0.0075,0.0745,0.257,0.2899,0.2143,57342,0.6478,no,yes,yes,no,2,resegment_dinosam
Chaetodon_wiebeli_iNaturalist_416922213.jpg,Chaetodon wiebeli,images_inaturalist,1,1.0,0.0,0.9993,0.9952,0.0,0.0579,0.257,0.2253,0.0439,67923,0.8808,no,no,yes,no,1,review
Chaetodon_wiebeli_iNaturalist_433350324.jpg,Chaetodon wiebeli,images_inaturalist,1,1.0,0.0,0.7805,0.9854,0.0,0.0233,0.257,0.0907,0.0957,2019,0.808,no,no,yes,no,1,review
Chaetodon_wiebeli_iNaturalist_433350349.jpg,Chaetodon wiebeli,images_inaturalist,1,1.0,0.0,0.7548,1.0002,0.0,0.0249,0.257,0.0969,0.2217,2122,0.8133,no,no,yes,no,1,review
Chaetodon_wiebeli_iNaturalist_433350357.jpg,Chaetodon wiebeli,images_inaturalist,1,1.0,0.0,0.8551,1.0,0.0,0.0237,0.257,0.0922,0.2264,2156,0.8093,no,no,yes,no,1,review
Chaetodon_wiebeli_iNaturalist_586264782.jpg,Chaetodon wiebeli,images_inaturalist,1,1.0,0.0,1.0012,0.9866,0.0,0.1798,0.257,0.6996,0.0559,73343,0.9714,no,no,no,no,0,ok
Chaetodon_xanthocephalus_Bishop_-1021247480.jpg,Chaetodon xanthocephalus,images_bishop,1,1.0,0.0,0.4522,0.8588,0.0,0.4426,0.3349,1.3216,0.0274,275699,0.9777,no,no,no,no,0,ok
Chaetodon_xanthocephalus_FishBaseUser_1344197185_62.178.129.238.jpg,Chaetodon xanthocephalus,images_fishbase_usercontrib,1,1.0,0.0,0.6926,0.9342,0.0,0.2711,0.3349,0.8095,0.0381,120993,0.9831,no,no,no,no,0,ok
Chaetodon_xanthocephalus_FishBaseUser_1423219931_86.10.40.87.jpg,Chaetodon xanthocephalus,images_fishbase_usercontrib,1,1.0,0.0,0.7017,0.956,0.0,0.3164,0.3349,0.9448,0.0939,1896436,0.9955,no,no,no,no,0,ok
Chaetodon_xanthocephalus_FishBaseUser_1444695202_24.215.186.224.jpg,Chaetodon xanthocephalus,images_fishbase_usercontrib,1,1.0,0.0,0.7018,0.94,0.0,0.2392,0.3349,0.7142,0.0512,1076250,0.9731,no,no,no,no,0,ok
Chaetodon_xanthocephalus_FishBaseUser_1473648704_162.158.165.25.jpg,Chaetodon xanthocephalus,images_fishbase_usercontrib,1,1.0,0.0,0.31,0.7407,0.0,0.1715,0.3349,0.5121,0.2076,101291,0.9137,no,no,no,no,0,ok
Chaetodon_xanthocephalus_FishBaseUser_1494615616_162.158.89.165.jpg,Chaetodon xanthocephalus,images_fishbase_usercontrib,1,1.0,0.0,0.8416,0.9544,0.0,0.0974,0.3349,0.2908,0.1426,306517,0.9012,no,no,yes,no,1,review
Chaetodon_xanthocephalus_FishBaseUser_1509183951_172.68.102.54.jpg,Chaetodon xanthocephalus,images_fishbase_usercontrib,2,0.6078,0.3922,0.7544,0.7643,0.0,0.1599,0.3349,0.4775,0.0249,405383,0.7779,no,no,no,no,0,ok
Chaetodon_xanthocephalus_FishBaseUser_1547507502_141.101.104.55.jpg,Chaetodon xanthocephalus,images_fishbase_usercontrib,1,1.0,0.0,0.6998,0.9432,0.0,0.3475,0.3349,1.0376,0.0439,252744,0.997,no,no,no,no,0,ok
Chaetodon_xanthocephalus_FishBaseUser_1585560151_108.162.229.206.jpg,Chaetodon xanthocephalus,images_fishbase_usercontrib,1,1.0,0.0,0.7378,0.9145,0.0,0.3276,0.3349,0.9782,0.0563,479172,0.9982,no,no,no,no,0,ok
Chaetodon_xanthocephalus_FishBaseUser_1585560544_108.162.229.206.jpg,Chaetodon xanthocephalus,images_fishbase_usercontrib,1,1.0,0.0,0.4975,0.8286,0.0,0.1823,0.3349,0.5443,0.0156,163159,0.9449,no,no,no,no,0,ok
Chaetodon_xanthocephalus_FishBaseUser_1701479783_162.158.204.130.jpg,Chaetodon xanthocephalus,images_fishbase_usercontrib,2,0.6404,0.3596,0.9244,0.6932,0.0,0.0663,0.3349,0.198,0.1221,220589,0.6975,no,no,yes,no,1,review
Chaetodon_xanthocephalus_FishBaseUser_1724958699_172.71.124.11.jpg,Chaetodon xanthocephalus,images_fishbase_usercontrib,1,1.0,0.0,0.8428,0.9491,0.0,0.2138,0.3349,0.6384,0.0498,46592,0.9641,no,no,no,no,0,ok
Chaetodon_xanthocephalus_FishBaseUser_1724958728_172.71.124.11.jpg,Chaetodon xanthocephalus,images_fishbase_usercontrib,1,1.0,0.0,0.8529,0.9842,0.0,0.2272,0.3349,0.6784,0.0619,40358,0.969,no,no,no,no,0,ok
Chaetodon_xanthocephalus_FishBase_Chxan_u2.jpg,Chaetodon xanthocephalus,images_fishbase_extra,1,1.0,0.0,0.6169,0.945,0.0,0.3463,0.3349,1.034,0.0087,136350,0.9973,no,no,no,no,0,ok
Chaetodon_xanthocephalus_FishBase_Chxan_u5.jpg,Chaetodon xanthocephalus,images_fishbase_extra,1,1.0,0.0,0.4513,0.8602,0.0,0.4428,0.3349,1.3222,0.0275,154878,0.9777,no,no,no,no,0,ok
Chaetodon_xanthocephalus_FishBase_Chxan_uj.jpg,Chaetodon xanthocephalus,images_fishbase_extra,1,1.0,0.0,0.6031,0.9093,0.0,0.2078,0.3349,0.6205,0.0338,105538,0.9618,no,no,no,no,0,ok
Chaetodon_xanthocephalus_FishBase_Chxan_um.jpg,Chaetodon xanthocephalus,images_fishbase_extra,1,1.0,0.0,0.7591,0.957,0.0,0.2126,0.3349,0.6348,0.0261,103096,0.9636,no,no,no,no,0,ok
Chaetodon_xanthocephalus_FishBase_Chxan_un.jpg,Chaetodon xanthocephalus,images_fishbase_extra,2,1.0,0.0,0.5135,0.9104,0.0,0.3972,0.3349,1.186,0.0333,150981,0.9864,no,no,no,no,0,ok
Chaetodon_xanthocephalus_FishPix_22175AF.jpg,Chaetodon xanthocephalus,images,1,1.0,0.0,0.7078,0.9352,0.0,0.2138,0.3349,0.6384,0.026,93663,0.9641,no,no,no,no,0,ok
Chaetodon_xanthocephalus_FishWise_074889F000009W000003.jpg,Chaetodon xanthocephalus,images_fishwise,1,1.0,0.0,0.6187,0.9441,0.0,0.2296,0.3349,0.6856,0.0472,77243,0.9698,no,no,no,no,0,ok
Chaetodon_xanthocephalus_FishWise_074889F000009W000004.jpg,Chaetodon xanthocephalus,images_fishwise,1,1.0,0.0,0.6947,0.9327,0.0,0.3155,0.3349,0.9421,0.0256,115995,0.9952,no,no,no,no,0,ok
Chaetodon_xanthocephalus_FishWise_074889F000009W000007.jpg,Chaetodon xanthocephalus,images_fishwise,1,1.0,0.0,0.6213,0.9453,0.0,0.3614,0.3349,1.0791,0.0034,110122,0.9939,no,no,no,no,0,ok
Chaetodon_xanthocephalus_FishWise_074889F000009W000008.jpg,Chaetodon xanthocephalus,images_fishwise,1,1.0,0.0,0.5303,0.876,0.0,0.3662,0.3349,1.0935,0.0461,120398,0.9929,no,no,no,no,0,ok
Chaetodon_xanthocephalus_FishWise_074889F000009W000009.jpg,Chaetodon xanthocephalus,images_fishwise,1,1.0,0.0,0.6671,0.935,0.0,0.3157,0.3349,0.9427,0.0264,128602,0.9953,no,no,no,no,0,ok
Chaetodon_xanthocephalus_FishWise_074889F000009W000011.jpg,Chaetodon xanthocephalus,images_fishwise,1,1.0,0.0,0.6523,0.919,0.0,0.3349,0.3349,1.0,0.0228,104937,1,no,no,no,no,0,ok
Chaetodon_xanthocephalus_FishWise_074889F000009W000012.jpg,Chaetodon xanthocephalus,images_fishwise,1,1.0,0.0,0.5734,0.9517,0.0,0.3574,0.3349,1.0672,0.0441,108160,0.9948,no,no,no,no,0,ok
Chaetodon_xanthocephalus_FishWise_074889F000009W000013.jpg,Chaetodon xanthocephalus,images_fishwise,1,1.0,0.0,0.638,0.9451,0.0,0.294,0.3349,0.8779,0.0144,101558,0.9896,no,no,no,no,0,ok
Chaetodon_xanthocephalus_FishWise_074889F000009W000014.jpg,Chaetodon xanthocephalus,images_fishwise,1,1.0,0.0,0.6931,0.9515,0.0,0.3153,0.3349,0.9415,0.017,122547,0.9952,no,no,no,no,0,ok
Chaetodon_xanthocephalus_FishWise_074889F000009W000015.jpg,Chaetodon xanthocephalus,images_fishwise,1,1.0,0.0,0.602,0.9379,0.0,0.231,0.3349,0.6898,0.0238,101691,0.9703,no,no,no,no,0,ok
Chaetodon_xanthocephalus_FishWise_074889F000024W000001.jpg,Chaetodon xanthocephalus,images_fishwise,1,1.0,0.0,0.621,0.9448,0.0,0.3144,0.3349,0.9388,0.0097,103992,0.9949,no,no,no,no,0,ok
Chaetodon_xanthocephalus_FishWise_074889F000024W000002.jpg,Chaetodon xanthocephalus,images_fishwise,1,1.0,0.0,0.4419,0.8571,0.0,0.4418,0.3349,1.3192,0.0272,120255,0.9778,no,no,no,no,0,ok
Chaetodon_xanthocephalus_FishWise_074889F000112W000006.jpg,Chaetodon xanthocephalus,images_fishwise,1,1.0,0.0,0.5415,0.9197,0.0,0.3849,0.3349,1.1493,0.0143,155217,0.9889,no,no,no,no,0,ok
Chaetodon_xanthocephalus_FishWise_074889F000172W000016.jpg,Chaetodon xanthocephalus,images_fishwise,1,1.0,0.0,0.6557,0.9152,0.0,0.3124,0.3349,0.9328,0.0182,127596,0.9944,no,no,no,no,0,ok
Chaetodon_xanthocephalus_FishWise_074889F000379W000005.jpg,Chaetodon xanthocephalus,images_fishwise,1,1.0,0.0,0.4619,0.8298,0.0,0.2768,0.3349,0.8265,0.0389,105190,0.9787,no,no,no,no,0,ok
Chaetodon_xanthocephalus_FishWise_074889F000387W000010.jpg,Chaetodon xanthocephalus,images_fishwise,1,1.0,0.0,0.6009,0.9309,0.0,0.2455,0.3349,0.7331,0.0134,101111,0.9752,no,no,no,no,0,ok
Chaetodon_xanthocephalus_iNaturalist_328453538.jpg,Chaetodon xanthocephalus,images_inaturalist,1,1.0,0.0,0.7113,0.901,0.0,0.2168,0.3349,0.6474,0.013,170200,0.9652,no,no,no,no,0,ok
Chaetodon_xanthocephalus_iNaturalist_450960736.jpg,Chaetodon xanthocephalus,images_inaturalist,1,1.0,0.0,0.7935,0.9287,0.0,0.1618,0.3349,0.4831,0.1198,61752,0.9418,no,no,no,no,0,ok
Chaetodon_xanthocephalus_iNaturalist_450960738.jpg,Chaetodon xanthocephalus,images_inaturalist,1,1.0,0.0,0.8778,0.9545,0.0,0.2594,0.3349,0.7746,0.0764,83474,0.9796,no,no,no,no,0,ok
Chaetodon_xanthocephalus_iNaturalist_458538297.jpg,Chaetodon xanthocephalus,images_inaturalist,1,1.0,0.0,0.8076,0.9591,0.0,0.1347,0.3349,0.4022,0.1351,120856,0.9271,no,no,no,no,0,ok
Chaetodon_xanthocephalus_iNaturalist_458538304.jpg,Chaetodon xanthocephalus,images_inaturalist,3,0.5876,0.4124,0.6714,0.5877,0.0,0.1384,0.3349,0.4133,0.0448,78339,0.7063,yes,yes,no,no,2,resegment_dinosam
Chaetodon_xanthocephalus_iNaturalist_482464440.jpg,Chaetodon xanthocephalus,images_inaturalist,1,1.0,0.0,0.6473,0.9928,0.0,0.2625,0.3349,0.7838,0.0577,226188,0.9805,no,no,no,no,0,ok
Chaetodon_xanthocephalus_iNaturalist_484448276.jpg,Chaetodon xanthocephalus,images_inaturalist,1,1.0,0.0,0.6705,0.9465,0.0,0.1451,0.3349,0.4333,0.0998,113338,0.9331,no,no,no,no,0,ok
Chaetodon_xanthocephalus_iNaturalist_485213070.jpg,Chaetodon xanthocephalus,images_inaturalist,1,1.0,0.0,0.6098,0.8349,0.0,0.0443,0.3349,0.1323,0.0966,48449,0.8336,no,no,yes,no,1,review
Chaetodon_xanthocephalus_iNaturalist_590458116.jpg,Chaetodon xanthocephalus,images_inaturalist,1,1.0,0.0,0.4756,0.7784,0.0,0.074,0.3349,0.221,0.0158,49302,0.8577,no,no,yes,no,1,review
Chaetodon_xanthocephalus_iNaturalist_593967746.jpg,Chaetodon xanthocephalus,images_inaturalist,2,0.6469,0.3531,0.6843,0.5891,0.002,0.1659,0.3349,0.4954,0.1564,119822,0.7415,no,yes,no,no,1,review
Chaetodon_xanthurus_Bishop_-858508951.jpg,Chaetodon xanthurus,images_bishop,1,1.0,0.0,0.4013,0.8417,0.0,0.4882,0.2368,2.0617,0.0223,273535,0.9396,no,no,no,no,0,ok
Chaetodon_xanthurus_FishBaseUser_1393926671_202.123.56.125.jpg,Chaetodon xanthurus,images_fishbase_usercontrib,1,1.0,0.0,0.6296,0.9358,0.0,0.0369,0.2368,0.1558,0.0874,74927,0.8513,no,no,yes,no,1,review
Chaetodon_xanthurus_FishBaseUser_1460187834_141.101.99.85.jpg,Chaetodon xanthurus,images_fishbase_usercontrib,1,1.0,0.0,0.6645,0.9483,0.0,0.2204,0.2368,0.9307,0.0782,1783292,0.9943,no,no,no,no,0,ok
Chaetodon_xanthurus_FishBaseUser_1509184170_172.68.102.54.jpg,Chaetodon xanthurus,images_fishbase_usercontrib,1,1.0,0.0,0.6438,0.8563,0.0,0.0557,0.2368,0.2352,0.0198,218693,0.8842,no,no,yes,no,1,review
Chaetodon_xanthurus_FishBaseUser_1515662852_141.101.98.252.jpg,Chaetodon xanthurus,images_fishbase_usercontrib,1,1.0,0.0,0.7519,0.9586,0.0,0.3012,0.2368,1.272,0.0748,4604526,0.9808,no,no,no,no,0,ok
Chaetodon_xanthurus_FishBaseUser_1747085315_169.150.203.237.jpg,Chaetodon xanthurus,images_fishbase_usercontrib,1,1.0,0.0,0.7586,0.9633,0.0,0.105,0.2368,0.4434,0.1728,451439,0.9349,no,no,no,no,0,ok
Chaetodon_xanthurus_FishBase_Chxan_u3.jpg,Chaetodon xanthurus,images_fishbase_extra,1,1.0,0.0,0.6654,0.9358,0.0,0.1385,0.2368,0.5849,0.0614,63462,0.9571,no,no,no,no,0,ok
Chaetodon_xanthurus_FishBase_Chxan_u6.jpg,Chaetodon xanthurus,images_fishbase_extra,1,1.0,0.0,0.3996,0.841,0.0,0.5256,0.2368,2.2196,0.0227,153835,0.9335,no,no,no,no,0,ok
Chaetodon_xanthurus_FishBase_Chxan_u7.jpg,Chaetodon xanthurus,images_fishbase_extra,1,1.0,0.0,0.4288,0.8481,0.0,0.4765,0.2368,2.0122,0.0256,167904,0.9435,no,no,no,no,0,ok
Chaetodon_xanthurus_FishBase_Chxan_u8.jpg,Chaetodon xanthurus,images_fishbase_extra,1,1.0,0.0,0.7215,0.9361,0.0,0.2332,0.2368,0.9848,0.125,76527,0.9988,no,no,no,no,0,ok
Chaetodon_xanthurus_FishBase_Chxan_uk.jpg,Chaetodon xanthurus,images_fishbase_extra,2,0.5722,0.4278,0.7644,0.5222,0.0,0.0414,0.2368,0.1748,0.0412,7708,0.6124,no,yes,yes,no,2,resegment_dinosam
Chaetodon_xanthurus_FishBase_Chxan_ul.jpg,Chaetodon xanthurus,images_fishbase_extra,1,1.0,0.0,0.6759,0.9446,0.0,0.2659,0.2368,1.1229,0.0618,96366,0.9907,no,no,no,no,0,ok
Chaetodon_xanthurus_FishPix_13034AF.jpg,Chaetodon xanthurus,images,1,1.0,0.0,0.6034,0.9288,0.0,0.2075,0.2368,0.8763,0.0192,112015,0.9894,no,no,no,no,0,ok
Chaetodon_xanthurus_FishWise_075007F000024W000002.jpg,Chaetodon xanthurus,images_fishwise,1,1.0,0.0,0.3967,0.8436,0.0,0.4836,0.2368,2.0422,0.0222,117487,0.941,no,no,no,no,0,ok
Chaetodon_xanthurus_FishWise_075007F000031W000004.jpg,Chaetodon xanthurus,images_fishwise,1,1.0,0.0,0.7513,0.9364,0.0,0.2321,0.2368,0.9802,0.1238,51258,0.9984,no,no,no,no,0,ok
Chaetodon_xanthurus_FishWise_075007F000033W000001.jpg,Chaetodon xanthurus,images_fishwise,1,1.0,0.0,0.6624,0.9379,0.0,0.1502,0.2368,0.6343,0.0412,60789,0.9636,no,no,no,no,0,ok
Chaetodon_xanthurus_FishWise_075007F000045W000003.jpg,Chaetodon xanthurus,images_fishwise,1,1.0,0.0,0.4114,0.8451,0.0,0.4739,0.2368,2.0013,0.0253,119315,0.943,no,no,no,no,0,ok
Chaetodon_xanthurus_FishWise_075007F000112W000005.jpg,Chaetodon xanthurus,images_fishwise,1,1.0,0.0,0.4468,0.8954,0.0,0.4081,0.2368,1.7234,0.0089,124124,0.9565,no,no,no,no,0,ok
Chaetodon_xanthurus_FishWise_075007F000492W000006.jpg,Chaetodon xanthurus,images_fishwise,1,1.0,0.0,0.5894,0.9067,0.0,0.4073,0.2368,1.72,0.0385,141516,0.9566,no,no,no,no,0,ok
Chaetodon_xanthurus_iNaturalist_101304801.jpg,Chaetodon xanthurus,images_inaturalist,1,1.0,0.0,0.674,0.951,0.0,0.1303,0.2368,0.5503,0.0266,107713,0.9522,no,no,no,no,0,ok
Chaetodon_xanthurus_iNaturalist_207028115.jpg,Chaetodon xanthurus,images_inaturalist,1,1.0,0.0,0.6515,0.9587,0.0,0.2205,0.2368,0.9312,0.0108,170171,0.9943,no,no,no,no,0,ok
Chaetodon_xanthurus_iNaturalist_221164225.jpg,Chaetodon xanthurus,images_inaturalist,1,1.0,0.0,0.5322,0.9367,0.0,0.1697,0.2368,0.7166,0.0842,142452,0.9733,no,no,no,no,0,ok
Chaetodon_xanthurus_iNaturalist_279115959.jpg,Chaetodon xanthurus,images_inaturalist,1,1.0,0.0,0.6667,0.9142,0.0,0.1422,0.2368,0.6005,0.0645,108923,0.9592,no,no,no,no,0,ok
Chaetodon_xanthurus_iNaturalist_332071356.jpg,Chaetodon xanthurus,images_inaturalist,1,1.0,0.0,0.7507,0.9371,0.0,0.1948,0.2368,0.8226,0.0924,90880,0.9844,no,no,no,no,0,ok
Chaetodon_xanthurus_iNaturalist_427620838.jpg,Chaetodon xanthurus,images_inaturalist,1,1.0,0.0,0.7115,0.9493,0.0,0.1159,0.2368,0.4894,0.0343,129766,0.9428,no,no,no,no,0,ok
Chaetodon_xanthurus_iNaturalist_427620841.jpg,Chaetodon xanthurus,images_inaturalist,1,1.0,0.0,0.8304,0.9673,0.0,0.11,0.2368,0.4645,0.0189,79530,0.9387,no,no,no,no,0,ok
Chaetodon_xanthurus_iNaturalist_440574102.jpg,Chaetodon xanthurus,images_inaturalist,1,1.0,0.0,0.6924,0.9603,0.0,0.0904,0.2368,0.3818,0.1605,65202,0.923,no,no,no,no,0,ok
Chaetodon_xanthurus_iNaturalist_440574125.jpg,Chaetodon xanthurus,images_inaturalist,1,1.0,0.0,0.7056,0.9473,0.0,0.0787,0.2368,0.3323,0.0449,49083,0.9119,no,no,no,no,0,ok
Chaetodon_zanzibarensis_FishBase_Chzan_u0.jpg,Chaetodon zanzibarensis,images_fishbase_extra,1,1.0,0.0,0.4166,0.8884,0.0,0.4235,0.101,4.1931,0.0013,142487,0.8853,no,no,no,no,0,ok
Chaetodon_zanzibarensis_FishBase_Chzan_u1.jpg,Chaetodon zanzibarensis,images,1,1.0,0.0,0.8036,0.97,0.0,0.2308,0.101,2.2851,0.0413,112274,0.9339,no,no,no,no,0,ok
Chaetodon_zanzibarensis_FishBase_Chzan_u2.jpg,Chaetodon zanzibarensis,images_fishbase_extra,1,1.0,0.0,0.7477,0.9448,0.0,0.2846,0.101,2.8178,0.0371,106094,0.9171,no,no,no,no,0,ok
Chaetodon_zanzibarensis_FishBase_Chzan_u3.jpg,Chaetodon zanzibarensis,images_fishbase_extra,1,1.0,0.0,0.7221,0.9541,0.0,0.3898,0.101,3.8594,0.0235,124708,0.892,no,no,no,no,0,ok
Chaetodon_zanzibarensis_FishBase_Chzan_u4.jpg,Chaetodon zanzibarensis,images_fishbase_extra,1,1.0,0.0,0.733,0.9668,0.0,0.2734,0.101,2.7069,0.0334,102742,0.9203,no,no,no,no,0,ok
Chaetodon_zanzibarensis_FishWise_075397F000024W000003.jpg,Chaetodon zanzibarensis,images_fishwise,1,1.0,0.0,0.4355,0.8982,0.0,0.4792,0.101,4.7446,0.0048,107739,0.8754,no,no,no,no,0,ok
Chaetodon_zanzibarensis_FishWise_075397F000112W000001.jpg,Chaetodon zanzibarensis,images_fishwise,1,1.0,0.0,0.4361,0.9098,0.0,0.3264,0.101,3.2317,0.0141,125507,0.9062,no,no,no,no,0,ok
Chaetodon_zanzibarensis_iNaturalist_12066147.jpg,Chaetodon zanzibarensis,images_inaturalist,1,1.0,0.0,0.9299,0.9855,0.0,0.0492,0.101,0.4871,0.0385,57621,0.9425,no,no,no,no,0,ok
Chaetodon_zanzibarensis_iNaturalist_12066149.jpg,Chaetodon zanzibarensis,images_inaturalist,1,1.0,0.0,0.8333,0.9618,0.0,0.0459,0.101,0.4545,0.0326,60021,0.9369,no,no,no,no,0,ok
Chaetodon_zanzibarensis_iNaturalist_12066151.jpg,Chaetodon zanzibarensis,images_inaturalist,1,1.0,0.0,0.9124,0.9736,0.0,0.1066,0.101,1.0554,0.043,119343,0.9957,no,no,no,no,0,ok
Chaetodon_zanzibarensis_iNaturalist_260172993.jpg,Chaetodon zanzibarensis,images_inaturalist,1,1.0,0.0,1.0114,0.9992,0.0,0.0386,0.101,0.3822,0.0235,49255,0.9231,no,no,no,no,0,ok
Chaetodon_zanzibarensis_iNaturalist_426318179.jpg,Chaetodon zanzibarensis,images_inaturalist,1,1.0,0.0,0.9231,0.9861,0.0,0.0299,0.101,0.296,0.102,15220,0.9026,no,no,yes,no,1,review
Chaetodon_zanzibarensis_iNaturalist_426318182.jpg,Chaetodon zanzibarensis,images_inaturalist,1,1.0,0.0,0.8581,0.9879,0.0,0.0474,0.101,0.4693,0.0557,17558,0.9395,no,no,no,no,0,ok
Chaetodon_zanzibarensis_iNaturalist_459832994.jpg,Chaetodon zanzibarensis,images_inaturalist,1,1.0,0.0,0.8166,0.9066,0.0,0.0239,0.101,0.2366,0.165,23946,0.8847,no,no,yes,no,1,review
Chaetodon_zanzibarensis_iNaturalist_459833013.jpg,Chaetodon zanzibarensis,images_inaturalist,1,1.0,0.0,1.1097,0.9916,0.0,0.0199,0.101,0.197,0.2468,15710,0.87,no,no,yes,no,1,review
Chaetodon_zanzibarensis_iNaturalist_459837615.jpg,Chaetodon zanzibarensis,images_inaturalist,2,0.6252,0.3748,1.0914,0.2205,0.0526,0.0505,0.101,0.5,0.0581,18714,0.614,no,yes,no,no,1,review
Chaetodon_zanzibarensis_iNaturalist_66299912.jpg,Chaetodon zanzibarensis,images_inaturalist,1,1.0,0.0,0.8818,0.9978,0.0,0.0862,0.101,0.8535,0.1036,34162,0.9873,no,no,no,no,0,ok
Chaetodon_zanzibariensis_Bishop_-1292827274.jpg,Chaetodon zanzibariensis,images_bishop,1,1.0,0.0,0.4161,0.8894,0.0,0.465,0.5303,0.8769,0.0059,255779,0.9895,no,no,no,no,0,ok
Chelmon_marginalis_Bishop_-1899628097.jpg,Chelmon marginalis,images_bishop,1,1.0,0.0,0.4822,0.8482,0.0,0.3341,0.3636,0.9189,0.0309,203129,0.9927,no,no,no,no,0,ok
Chelmon_marginalis_Bishop_-336691052.jpg,Chelmon marginalis,images_bishop,1,1.0,0.0,0.4363,0.8197,0.0,0.4034,0.3636,1.1095,0.0574,223256,0.9826,no,no,no,no,0,ok
Chelmon_marginalis_Bishop_24220165.jpg,Chelmon marginalis,images_bishop,3,1.0,0.0,0.4905,0.9076,0.0,0.3782,0.3636,1.0402,0.0296,200350,0.9969,no,no,no,no,0,ok
Chelmon_marginalis_FishBase_Chmar_u2.jpg,Chelmon marginalis,images,1,1.0,0.0,0.47,0.902,0.0,0.3793,0.3636,1.0432,0.0297,113284,0.9966,no,no,no,no,0,ok
Chelmon_marginalis_FishBase_Chmar_u4.jpg,Chelmon marginalis,images_fishbase_extra,1,1.0,0.0,0.4861,0.8459,0.0,0.292,0.3636,0.8031,0.0267,123732,0.9812,no,no,no,no,0,ok
Chelmon_marginalis_FishBase_Chmar_u5.jpg,Chelmon marginalis,images,2,1.0,0.0,0.4306,0.8078,0.0,0.3999,0.3636,1.0998,0.0569,126667,0.9797,no,no,no,no,0,ok
Chelmon_marginalis_FishBase_Chmar_un.jpg,Chelmon marginalis,images_fishbase_extra,1,1.0,0.0,0.6526,0.8629,0.0,0.3099,0.3636,0.8523,0.0412,138128,0.9872,no,no,no,no,0,ok
Chelmon_marginalis_FishWise_041756F000066W000004.gif,Chelmon marginalis,images_fishwise,1,1.0,0.0,0.4965,0.9079,0.0,0.3717,0.3636,1.0223,0.0794,125764,0.9982,no,no,no,no,0,ok
Chelmon_marginalis_iNaturalist_100384600.jpg,Chelmon marginalis,images_inaturalist,1,1.0,0.0,0.5085,0.9023,0.0,0.1539,0.3636,0.4233,0.0892,218616,0.9312,no,no,no,no,0,ok
Chelmon_marginalis_iNaturalist_18106798.jpg,Chelmon marginalis,images_inaturalist,1,1.0,0.0,0.6223,0.8795,0.1875,0.5339,0.3636,1.4684,0.048,424562,0.9318,no,no,no,no,0,ok
Chelmon_marginalis_iNaturalist_220605305.jpg,Chelmon marginalis,images_inaturalist,1,1.0,0.0,0.841,0.9356,0.0,0.0445,0.3636,0.1224,0.1045,71393,0.832,no,no,yes,no,1,review
Chelmon_marginalis_iNaturalist_220605314.jpg,Chelmon marginalis,images_inaturalist,1,1.0,0.0,0.8106,0.8884,0.0,0.0185,0.3636,0.0509,0.04,29185,0.7617,no,no,yes,no,1,review
Chelmon_marginalis_iNaturalist_271338157.jpg,Chelmon marginalis,images_inaturalist,1,1.0,0.0,0.832,0.9319,0.0,0.0472,0.3636,0.1298,0.03,50489,0.8367,no,no,yes,no,1,review
Chelmon_marginalis_iNaturalist_337576196.jpg,Chelmon marginalis,images_inaturalist,1,1.0,0.0,0.8298,0.9493,0.0,0.1613,0.3636,0.4436,0.0542,194229,0.935,no,no,no,no,0,ok
Chelmon_marginalis_iNaturalist_341061423.jpg,Chelmon marginalis,images_inaturalist,1,1.0,0.0,0.3963,0.8527,0.0,0.3703,0.3636,1.0184,0.0779,352437,0.9985,no,no,no,no,0,ok
Chelmon_marginalis_iNaturalist_341730140.jpg,Chelmon marginalis,images_inaturalist,1,1.0,0.0,0.5785,0.8325,0.0,0.3547,0.3636,0.9755,0.0721,357316,0.9928,no,no,no,no,0,ok
Chelmon_marginalis_iNaturalist_570390920.jpg,Chelmon marginalis,images_inaturalist,1,1.0,0.0,0.8753,0.9437,0.0,0.2216,0.3636,0.6095,0.067,257000,0.9604,no,no,no,no,0,ok
Chelmon_marginalis_iNaturalist_99323687.jpg,Chelmon marginalis,images_inaturalist,1,1.0,0.0,0.5618,0.8373,0.0,0.1496,0.3636,0.4114,0.0372,191758,0.9251,no,no,no,no,0,ok
Chelmon_muelleri_Bishop_1919363298.jpg,Chelmon muelleri,images_bishop,2,1.0,0.0,0.4061,0.8491,0.0,0.468,0.3004,1.5577,0.0392,235049,0.9643,no,no,no,no,0,ok
Chelmon_muelleri_Bishop_425540539.jpg,Chelmon muelleri,images_bishop,1,1.0,0.0,0.4313,0.8634,0.0003,0.536,0.3004,1.784,0.0414,248064,0.9536,no,no,no,no,0,ok
Chelmon_muelleri_FishBase_Chmue_u0.jpg,Chelmon muelleri,images_fishbase_extra,1,1.0,0.0,0.4653,0.8831,0.0,0.2803,0.3004,0.9329,0.076,97507,0.9944,no,no,no,no,0,ok
Chelmon_muelleri_FishBase_Chmue_u1.jpg,Chelmon muelleri,images_fishbase_extra,1,1.0,0.0,0.4173,0.8658,0.0002,0.5356,0.3004,1.7827,0.0413,139193,0.9537,no,no,no,no,0,ok
Chelmon_muelleri_FishBase_Chmue_u2.jpg,Chelmon muelleri,images,3,0.9999,0.0001,0.3982,0.8543,0.0,0.4676,0.3004,1.5563,0.039,131128,0.9646,no,no,no,no,0,ok
Chelmon_muelleri_FishBase_Chmue_u3.jpg,Chelmon muelleri,images,1,1.0,0.0,0.6214,0.9215,0.0,0.2351,0.3004,0.7825,0.1178,94635,0.9804,no,no,no,no,0,ok
Chelmon_muelleri_iNaturalist_14858131.jpg,Chelmon muelleri,images_inaturalist,1,1.0,0.0,0.795,0.9047,0.0,0.1357,0.3004,0.4517,0.0632,163262,0.9364,no,no,no,no,0,ok
Chelmon_muelleri_iNaturalist_202629383.jpg,Chelmon muelleri,images_inaturalist,2,0.645,0.355,0.9417,0.614,0.0,0.1595,0.3004,0.5309,0.0921,101413,0.7543,no,yes,no,no,1,review
Chelmon_muelleri_iNaturalist_241886728.jpg,Chelmon muelleri,images_inaturalist,1,1.0,0.0,0.6119,0.9262,0.0,0.0784,0.3004,0.2609,0.0418,70985,0.8925,no,no,yes,no,1,review
Chelmon_muelleri_iNaturalist_341061339.jpg,Chelmon muelleri,images_inaturalist,1,1.0,0.0,0.6081,0.9185,0.0,0.3588,0.3004,1.1942,0.0466,343122,0.9858,no,no,no,no,0,ok
Chelmon_muelleri_iNaturalist_41609881.jpg,Chelmon muelleri,images_inaturalist,1,1.0,0.0,0.4437,0.7746,0.0074,0.3783,0.3004,1.2591,0.0565,344740,0.9575,no,no,no,no,0,ok
Chelmon_muelleri_iNaturalist_600169429.jpg,Chelmon muelleri,images_inaturalist,1,1.0,0.0,0.7091,0.8529,0.0,0.093,0.3004,0.3095,0.0026,44813,0.9062,no,no,no,no,0,ok
Chelmon_muelleri_iNaturalist_96908510.jpg,Chelmon muelleri,images_inaturalist,1,1.0,0.0,0.7292,0.9569,0.0,0.0813,0.3004,0.2706,0.0328,63711,0.8954,no,no,yes,no,1,review
Chelmon_muelleri_iNaturalist_96908513.jpg,Chelmon muelleri,images_inaturalist,1,1.0,0.0,0.8851,0.9542,0.0,0.0704,0.3004,0.2343,0.0219,67037,0.8839,no,no,yes,no,1,review
Chelmon_rostratus_Bishop_-1060273696.jpg,Chelmon rostratus,images_bishop,2,0.9998,0.0002,0.3844,0.8125,0.0,0.415,0.264,1.572,0.0651,223777,0.9525,no,no,no,no,0,ok
Chelmon_rostratus_Bishop_-1630595999.jpg,Chelmon rostratus,images_bishop,1,1.0,0.0,0.408,0.8054,0.0,0.4186,0.264,1.5856,0.0558,230852,0.9497,no,no,no,no,0,ok
Chelmon_rostratus_FishBaseUser_1358267001_217.19.29.93.jpg,Chelmon rostratus,images_fishbase_usercontrib,1,1.0,0.0,0.5498,0.8801,0.0,0.2633,0.264,0.9973,0.0387,148789,0.9998,no,no,no,no,0,ok
Chelmon_rostratus_FishBaseUser_1378773783_69.127.149.175.jpg,Chelmon rostratus,images_fishbase_usercontrib,1,1.0,0.0,0.7646,0.931,0.0,0.3205,0.264,1.214,0.0386,62132,0.9845,no,no,no,no,0,ok
Chelmon_rostratus_FishBaseUser_1392684020_71.202.224.33.jpg,Chelmon rostratus,images_fishbase_usercontrib,1,1.0,0.0,0.5522,0.8715,0.0,0.146,0.264,0.553,0.084,288713,0.9526,no,no,no,no,0,ok
Chelmon_rostratus_FishBaseUser_1452233059_94.198.18.55.jpg,Chelmon rostratus,images_fishbase_usercontrib,1,1.0,0.0,0.5026,0.8565,0.0036,0.2941,0.264,1.114,0.1201,1481608,0.9906,no,no,no,no,0,ok
Chelmon_rostratus_FishBaseUser_1509274041_172.68.102.54.jpg,Chelmon rostratus,images_fishbase_usercontrib,2,0.5222,0.4778,0.1712,0.3876,0.0,0.0731,0.264,0.2769,0.1159,599761,0.5884,no,yes,yes,no,2,resegment_dinosam
Chelmon_rostratus_FishBaseUser_1510303331_162.158.138.12.jpg,Chelmon rostratus,images_fishbase_usercontrib,1,1.0,0.0,0.4219,0.7138,0.0101,0.3036,0.264,1.15,0.0477,5919313,0.9459,no,no,no,no,0,ok
Chelmon_rostratus_FishBaseUser_1520146254_188.114.110.108.jpg,Chelmon rostratus,images_fishbase_usercontrib,1,1.0,0.0,0.6785,0.9141,0.0,0.1123,0.264,0.4254,0.1068,225746,0.9316,no,no,no,no,0,ok
Chelmon_rostratus_FishBaseUser_1527672756_162.158.22.192.jpg,Chelmon rostratus,images_fishbase_usercontrib,2,0.5697,0.4303,0.3595,0.1917,0.0,0.0232,0.264,0.0879,0.0679,158975,0.4574,no,yes,yes,no,2,resegment_dinosam
Chelmon_rostratus_FishBaseUser_1569481809_172.68.141.204.jpg,Chelmon rostratus,images_fishbase_usercontrib,1,1.0,0.0,0.5377,0.8456,0.0,0.139,0.264,0.5265,0.104,287569,0.9474,no,no,no,no,0,ok
Chelmon_rostratus_FishBaseUser_1569481843_172.68.132.127.jpg,Chelmon rostratus,images_fishbase_usercontrib,1,1.0,0.0,0.6184,0.8953,0.0,0.1332,0.264,0.5045,0.013,417523,0.9453,no,no,no,no,0,ok
Chelmon_rostratus_FishBaseUser_1569481899_172.69.22.88.jpg,Chelmon rostratus,images_fishbase_usercontrib,1,1.0,0.0,0.6404,0.8739,0.0,0.041,0.264,0.1553,0.0738,82031,0.851,no,no,yes,no,1,review
Chelmon_rostratus_FishBaseUser_1570357428_162.158.106.212.jpg,Chelmon rostratus,images_fishbase_usercontrib,1,1.0,0.0,0.3552,0.688,0.0,0.1177,0.264,0.4458,0.0299,675538,0.8868,no,no,no,no,0,ok
Chelmon_rostratus_FishBaseUser_1588557136_188.114.111.235.jpg,Chelmon rostratus,images_fishbase_usercontrib,1,1.0,0.0,0.5677,0.8454,0.0,0.2282,0.264,0.8644,0.102,510578,0.987,no,no,no,no,0,ok
Chelmon_rostratus_FishBaseUser_1623368827_162.158.178.253.jpg,Chelmon rostratus,images_fishbase_usercontrib,1,1.0,0.0,0.7286,0.8554,0.0,0.0511,0.264,0.1936,0.0376,328338,0.8686,no,no,yes,no,1,review
Chelmon_rostratus_FishBaseUser_1747172127_169.150.203.237.jpg,Chelmon rostratus,images_fishbase_usercontrib,2,0.5672,0.4328,0.6697,0.6411,0.0,0.1913,0.264,0.7246,0.0283,887600,0.7601,no,yes,no,no,1,review
Chelmon_rostratus_FishBaseUser_1747172170_169.150.203.237.jpg,Chelmon rostratus,images_fishbase_usercontrib,1,1.0,0.0,0.5378,0.8634,0.0,0.3308,0.264,1.253,0.066,6469506,0.982,no,no,no,no,0,ok
Chelmon_rostratus_FishBaseUser_1747247694_95.95.129.49.jpg,Chelmon rostratus,images_fishbase_usercontrib,1,1.0,0.0,0.6531,0.8853,0.0,0.1413,0.264,0.5352,0.038,550790,0.95,no,no,no,no,0,ok
Chelmon_rostratus_FishBaseUser_1753626466_219.73.75.40.jpg,Chelmon rostratus,images_fishbase_usercontrib,2,0.7167,0.2833,0.5402,0.5772,0.0,0.1043,0.264,0.3951,0.0332,135383,0.7447,no,yes,no,no,1,review
Chelmon_rostratus_FishBase_Chros_u0.jpg,Chelmon rostratus,images_fishbase_extra,1,1.0,0.0,0.4969,0.8396,0.0,0.2568,0.264,0.9727,0.0502,123155,0.9947,no,no,no,no,0,ok
Chelmon_rostratus_FishBase_Chros_u1.jpg,Chelmon rostratus,images_fishbase_extra,1,1.0,0.0,0.5037,0.8418,0.0,0.2541,0.264,0.9625,0.0122,99969,0.9945,no,no,no,no,0,ok
Chelmon_rostratus_FishBase_Chros_u4.jpg,Chelmon rostratus,images_fishbase_extra,1,1.0,0.0,0.3863,0.8153,0.0,0.4147,0.264,1.5708,0.0653,126251,0.9535,no,no,no,no,0,ok
Chelmon_rostratus_FishBase_Chros_u5.jpg,Chelmon rostratus,images_fishbase_extra,1,1.0,0.0,0.4033,0.8062,0.0,0.4104,0.264,1.5545,0.0558,129685,0.9516,no,no,no,no,0,ok
Chelmon_rostratus_FishBase_Chros_u7.jpg,Chelmon rostratus,images_fishbase_extra,1,1.0,0.0,0.6356,0.863,0.0,0.0607,0.264,0.2299,0.093,32008,0.8824,no,no,yes,no,1,review
Chelmon_rostratus_FishBase_Chros_ua.jpg,Chelmon rostratus,images_fishbase_extra,1,1.0,0.0,0.5473,0.9021,0.0,0.2047,0.264,0.7754,0.0707,82602,0.9796,no,no,no,no,0,ok
Chelmon_rostratus_FishBase_Chros_ub.jpg,Chelmon rostratus,images_fishbase_extra,1,1.0,0.0,0.5096,0.8421,0.0,0.1754,0.264,0.6644,0.0661,60627,0.9649,no,no,no,no,0,ok
Chelmon_rostratus_FishPix_33375AF.jpg,Chelmon rostratus,images,1,1.0,0.0,0.5862,0.8466,0.0,0.2465,0.264,0.9337,0.0475,142654,0.9935,no,no,no,no,0,ok
Chelmon_rostratus_FishWise_060866F000112W000006.jpg,Chelmon rostratus,images_fishwise,1,1.0,0.0,0.4025,0.8495,0.0,0.2644,0.264,1.0015,0.034,93534,0.9997,no,no,no,no,0,ok
Chelmon_rostratus_FishWise_060866F000112W000007.jpg,Chelmon rostratus,images_fishwise,1,1.0,0.0,0.3759,0.8448,0.0,0.4366,0.264,1.6538,0.083,104626,0.9582,no,no,no,no,0,ok
Chelmon_rostratus_iNaturalist_10597368.jpg,Chelmon rostratus,images_inaturalist,2,0.5615,0.4385,0.8186,0.3183,0.0,0.0379,0.264,0.1436,0.1179,18169,0.5317,no,yes,yes,no,2,resegment_dinosam
Chelmon_rostratus_iNaturalist_116164409.jpg,Chelmon rostratus,images_inaturalist,1,1.0,0.0,0.6457,0.8299,0.0,0.2117,0.264,0.8019,0.0557,200599,0.9763,no,no,no,no,0,ok
Chelmon_rostratus_iNaturalist_132056083.jpg,Chelmon rostratus,images_inaturalist,1,1.0,0.0,0.3693,0.7485,0.0,0.0891,0.264,0.3375,0.1368,120663,0.8827,no,no,no,no,0,ok
Chelmon_rostratus_iNaturalist_138964692.jpg,Chelmon rostratus,images_inaturalist,1,1.0,0.0,0.6119,0.8356,0.0,0.1148,0.264,0.4348,0.0296,161536,0.9291,no,no,no,no,0,ok
Chelmon_rostratus_iNaturalist_165226880.jpg,Chelmon rostratus,images_inaturalist,1,1.0,0.0,0.526,0.8578,0.0,0.3424,0.264,1.297,0.0555,266271,0.9792,no,no,no,no,0,ok
Chelmon_rostratus_iNaturalist_389832450.jpg,Chelmon rostratus,images_inaturalist,1,1.0,0.0,0.6345,0.8886,0.0,0.1902,0.264,0.7205,0.1143,105408,0.9738,no,no,no,no,0,ok
Chelmon_rostratus_iNaturalist_579723287.jpg,Chelmon rostratus,images_inaturalist,1,1.0,0.0,0.4442,0.8499,0.0,0.3277,0.264,1.2413,0.0442,326734,0.9827,no,no,no,no,0,ok
Chelmon_rostratus_iNaturalist_579723343.jpg,Chelmon rostratus,images_inaturalist,1,1.0,0.0,0.6908,0.9109,0.0,0.2116,0.264,0.8015,0.0308,280238,0.9823,no,no,no,no,0,ok
Chelmon_rostratus_iNaturalist_605809779.jpg,Chelmon rostratus,images_inaturalist,1,1.0,0.0,0.6847,0.826,0.0,0.0448,0.264,0.1697,0.2433,61935,0.8509,no,no,yes,no,1,review
Chelmonops_curiosus_FishBaseUser_1558011372_162.158.158.141.jpg,Chelmonops curiosus,images_fishbase_usercontrib,2,0.5326,0.4674,0.6678,0.4735,0.0,0.0489,0.1062,0.4602,0.0186,25394,0.6614,no,yes,no,no,1,review
Chelmonops_curiosus_FishBaseUser_1558011406_162.158.158.141.jpg,Chelmonops curiosus,images_fishbase_usercontrib,1,1.0,0.0,0.6644,0.8332,0.0,0.0452,0.1062,0.4254,0.0648,53944,0.9266,no,no,no,no,0,ok
Chelmonops_curiosus_FishBase_Chcur_u0.jpg,Chelmonops curiosus,images,4,0.9997,0.0003,0.3753,0.7863,0.0,0.1245,0.1062,1.1718,0.0377,77327,0.9681,no,no,no,no,0,ok
Chelmonops_curiosus_FishWise_017502F000492W000001.jpg,Chelmonops curiosus,images_fishwise,3,0.9993,0.0007,0.4905,0.7875,0.0,0.1661,0.1062,1.5633,0.0529,82577,0.9453,no,no,no,no,0,ok
Chelmonops_curiosus_FishWise_017502F000492W000002.jpg,Chelmonops curiosus,images_fishwise,1,1.0,0.0,0.4289,0.7799,0.0,0.254,0.1062,2.3906,0.0174,104319,0.9092,no,no,no,no,0,ok
Chelmonops_curiosus_iNaturalist_13983228.jpg,Chelmonops curiosus,images_inaturalist,1,1.0,0.0,0.4681,0.8008,0.0,0.0857,0.1062,0.8066,0.0587,117441,0.968,no,no,no,no,0,ok
Chelmonops_curiosus_iNaturalist_17452463.jpg,Chelmonops curiosus,images_inaturalist,1,1.0,0.0,0.5043,0.8115,0.0,0.0194,0.1062,0.1826,0.0418,24507,0.8524,no,no,yes,no,1,review
Chelmonops_curiosus_iNaturalist_199284350.jpg,Chelmonops curiosus,images_inaturalist,1,1.0,0.0,0.4685,0.7482,0.0,0.2793,0.1062,2.6287,0.0468,290614,0.8921,no,yes,no,no,1,review
Chelmonops_curiosus_iNaturalist_23672257.jpg,Chelmonops curiosus,images_inaturalist,1,1.0,0.0,0.4803,0.7595,0.0,0.2813,0.1062,2.6475,0.0557,369871,0.895,no,no,no,no,0,ok
Chelmonops_curiosus_iNaturalist_23672405.jpg,Chelmonops curiosus,images_inaturalist,1,1.0,0.0,0.5661,0.8236,0.0,0.1871,0.1062,1.7609,0.0927,159558,0.9468,no,no,no,no,0,ok
Chelmonops_curiosus_iNaturalist_29627923.jpg,Chelmonops curiosus,images_inaturalist,1,1.0,0.0,0.4906,0.7991,0.0,0.0313,0.1062,0.2946,0.1244,23124,0.887,no,no,yes,no,1,review
Chelmonops_curiosus_iNaturalist_29627943.jpg,Chelmonops curiosus,images_inaturalist,1,1.0,0.0,0.3032,0.693,0.0,0.0178,0.1062,0.1675,0.1942,17303,0.81,no,no,yes,no,1,review
Chelmonops_curiosus_iNaturalist_342365702.jpg,Chelmonops curiosus,images_inaturalist,1,1.0,0.0,0.5054,0.8729,0.0,0.0742,0.1062,0.6984,0.1095,59450,0.9713,no,no,no,no,0,ok
Chelmonops_curiosus_iNaturalist_342373914.jpg,Chelmonops curiosus,images_inaturalist,2,0.7431,0.2569,0.4114,0.4343,0.0,0.0248,0.1062,0.2334,0.0936,21071,0.669,no,yes,yes,no,2,resegment_dinosam
Chelmonops_truncatus_Bishop_-473926281.jpg,Chelmonops truncatus,images_bishop,1,1.0,0.0,0.4658,0.8182,0.0,0.4672,0.2503,1.8666,0.0417,266186,0.9405,no,no,no,no,0,ok
Chelmonops_truncatus_FishBase_Chtru_u1.jpg,Chelmonops truncatus,images,1,1.0,0.0,0.4597,0.827,0.0,0.4675,0.2503,1.8678,0.0415,148304,0.9431,no,no,no,no,0,ok
Chelmonops_truncatus_FishWise_070901F007696W000002.jpg,Chelmonops truncatus,images_fishwise,2,1.0,0.0,0.3776,0.7874,0.0,0.1841,0.2503,0.7355,0.0227,91384,0.9566,no,no,no,no,0,ok
Chelmonops_truncatus_iNaturalist_18275793.jpg,Chelmonops truncatus,images_inaturalist,1,1.0,0.0,0.4918,0.8489,0.0,0.2293,0.2503,0.9161,0.0308,250488,0.9927,no,no,no,no,0,ok
Chelmonops_truncatus_iNaturalist_20710357.jpg,Chelmonops truncatus,images_inaturalist,2,0.9999,0.0001,0.1961,0.4872,0.0181,0.1796,0.2503,0.7175,0.0959,323269,0.8606,no,yes,no,no,1,review
Chelmonops_truncatus_iNaturalist_21652115.jpg,Chelmonops truncatus,images_inaturalist,1,1.0,0.0,0.555,0.917,0.178,0.4348,0.2503,1.7371,0.1869,409795,0.9202,no,no,no,no,0,ok
Chelmonops_truncatus_iNaturalist_21652120.jpg,Chelmonops truncatus,images_inaturalist,1,1.0,0.0,0.4001,0.6691,0.0,0.1845,0.2503,0.7371,0.1072,344589,0.9213,no,no,no,no,0,ok
Chelmonops_truncatus_iNaturalist_23943685.jpg,Chelmonops truncatus,images_inaturalist,1,1.0,0.0,0.4749,0.7247,0.0,0.1084,0.2503,0.4331,0.1079,133828,0.8955,no,no,no,no,0,ok
Chelmonops_truncatus_iNaturalist_24980935.jpg,Chelmonops truncatus,images_inaturalist,1,1.0,0.0,0.6853,0.9251,0.0,0.284,0.2503,1.1346,0.1455,252354,0.9899,no,no,no,no,0,ok
Chelmonops_truncatus_iNaturalist_33025273.jpg,Chelmonops truncatus,images_inaturalist,1,1.0,0.0,0.5735,0.8587,0.0,0.1143,0.2503,0.4567,0.0463,103712,0.9373,no,no,no,no,0,ok
Chelmonops_truncatus_iNaturalist_42619218.jpg,Chelmonops truncatus,images_inaturalist,1,1.0,0.0,0.7203,0.8888,0.0,0.0389,0.2503,0.1554,0.0131,56252,0.8511,no,no,yes,no,1,review
Chelmonops_truncatus_iNaturalist_76040538.jpg,Chelmonops truncatus,images_inaturalist,1,1.0,0.0,0.4985,0.7963,0.0,0.1512,0.2503,0.6041,0.0351,248196,0.9436,no,no,no,no,0,ok
Chelmonops_truncatus_iNaturalist_79031638.jpg,Chelmonops truncatus,images_inaturalist,1,1.0,0.0,0.5684,0.8368,0.0,0.085,0.2503,0.3396,0.134,101164,0.9096,no,no,no,no,0,ok
Coradion_altivelis_Bishop_-1400875907.jpg,Coradion altivelis,images_bishop,1,1.0,0.0,0.4446,0.8494,0.0006,0.5122,0.196,2.6133,0.0157,212734,0.9229,no,no,no,no,0,ok
Coradion_altivelis_Bishop_1025347564.jpg,Coradion altivelis,images_bishop,2,1.0,0.0,0.4534,0.8741,0.0,0.4475,0.196,2.2832,0.0198,193850,0.934,no,no,no,no,0,ok
Coradion_altivelis_FishBaseUser_1398141298_202.123.56.125.jpg,Coradion altivelis,images_fishbase_usercontrib,2,0.7495,0.2505,0.5756,0.7406,0.0,0.0999,0.196,0.5097,0.0021,75243,0.8256,no,no,no,no,0,ok
Coradion_altivelis_FishBaseUser_1542863051_172.68.211.36.jpg,Coradion altivelis,images_fishbase_usercontrib,1,1.0,0.0,0.6853,0.8771,0.0,0.1785,0.196,0.9107,0.0537,2943193,0.9925,no,no,no,no,0,ok
Coradion_altivelis_FishBase_Coalt_u0.jpg,Coradion altivelis,images_fishbase_extra,1,1.0,0.0,0.4374,0.8402,0.0006,0.5134,0.196,2.6194,0.0153,121277,0.9199,no,no,no,no,0,ok
Coradion_altivelis_FishBase_Coalt_u1.jpg,Coradion altivelis,images_fishbase_extra,1,1.0,0.0,0.4461,0.8761,0.0,0.4457,0.196,2.274,0.0197,109242,0.9343,no,no,no,no,0,ok
Coradion_altivelis_FishBase_Coalt_u2.jpg,Coradion altivelis,images_fishbase_extra,1,1.0,0.0,0.939,0.9756,0.0,0.1565,0.196,0.7985,0.0526,55858,0.982,no,no,no,no,0,ok
Coradion_altivelis_FishBase_Coalt_u4.jpg,Coradion altivelis,images_fishbase_extra,1,1.0,0.0,0.6218,0.9055,0.0,0.4466,0.196,2.2786,0.0286,131614,0.9341,no,no,no,no,0,ok
Coradion_altivelis_FishBase_Coalt_u5.jpg,Coradion altivelis,images_fishbase_extra,1,1.0,0.0,0.5959,0.9193,0.0,0.3495,0.196,1.7832,0.0721,119348,0.9537,no,no,no,no,0,ok
Coradion_altivelis_FishBase_Coalt_u6.jpg,Coradion altivelis,images_fishbase_extra,1,1.0,0.0,0.5854,0.8871,0.0,0.383,0.196,1.9541,0.0396,110877,0.9464,no,no,no,no,0,ok
Coradion_altivelis_FishPix_15047AF.jpg,Coradion altivelis,images,1,1.0,0.0,0.5879,0.8655,0.0,0.165,0.196,0.8418,0.0203,122598,0.9862,no,no,no,no,0,ok
Coradion_altivelis_FishWise_002365F000024W000005.jpg,Coradion altivelis,images_fishwise,1,1.0,0.0,0.5435,0.8807,0.0,0.1708,0.196,0.8714,0.0146,63597,0.989,no,no,no,no,0,ok
Coradion_altivelis_FishWise_002365F006689W000004.jpg,Coradion altivelis,images_fishwise,1,1.0,0.0,0.5126,0.8864,0.0049,0.4132,0.196,2.1082,0.067,134241,0.9394,no,no,no,no,0,ok
Coradion_altivelis_iNaturalist_154303836.jpg,Coradion altivelis,images_inaturalist,1,1.0,0.0,0.6385,0.8702,0.0,0.0331,0.196,0.1689,0.0427,44804,0.8577,no,no,yes,no,1,review
Coradion_altivelis_iNaturalist_154303839.jpg,Coradion altivelis,images_inaturalist,1,1.0,0.0,0.5081,0.8433,0.0,0.0214,0.196,0.1092,0.0151,22563,0.8208,no,no,yes,no,1,review
Coradion_altivelis_iNaturalist_220153501.jpg,Coradion altivelis,images_inaturalist,1,1.0,0.0,0.6381,0.8696,0.0,0.1663,0.196,0.8485,0.1112,112825,0.9869,no,no,no,no,0,ok
Coradion_altivelis_iNaturalist_273099920.jpg,Coradion altivelis,images_inaturalist,1,1.0,0.0,0.6039,0.8509,0.0,0.0361,0.196,0.1842,0.0653,42159,0.8647,no,no,yes,no,1,review
Coradion_altivelis_iNaturalist_273101790.jpg,Coradion altivelis,images_inaturalist,1,1.0,0.0,0.7166,0.8755,0.0,0.0843,0.196,0.4301,0.1105,109066,0.9325,no,no,no,no,0,ok
Coradion_altivelis_iNaturalist_283987512.jpg,Coradion altivelis,images_inaturalist,1,1.0,0.0,0.3515,0.7494,0.0,0.0421,0.196,0.2148,0.0461,39294,0.8468,no,no,yes,no,1,review
Coradion_altivelis_iNaturalist_319434619.jpg,Coradion altivelis,images_inaturalist,1,1.0,0.0,0.445,0.8909,0.0,0.027,0.196,0.1378,0.0876,35497,0.8414,no,no,yes,no,1,review
Coradion_altivelis_iNaturalist_43170142.jpg,Coradion altivelis,images_inaturalist,1,1.0,0.0,0.812,0.9566,0.0,0.0294,0.196,0.15,0.0417,39530,0.8482,no,no,yes,no,1,review
Coradion_altivelis_iNaturalist_585934103.jpg,Coradion altivelis,images_inaturalist,2,0.7327,0.2673,0.1904,0.4554,0.0,0.1688,0.196,0.8612,0.1726,160658,0.7752,no,yes,no,no,1,review
Coradion_altivelis_iNaturalist_600159384.jpg,Coradion altivelis,images_inaturalist,1,1.0,0.0,0.588,0.8666,0.0,0.175,0.196,0.8929,0.0596,222952,0.9909,no,no,no,no,0,ok
Coradion_chrysozonus_Bishop_-1821725095.jpg,Coradion chrysozonus,images_bishop,1,1.0,0.0,0.5457,0.8687,0.0,0.4691,0.2522,1.86,0.0122,257115,0.9504,no,no,no,no,0,ok
Coradion_chrysozonus_Bishop_1721541363.jpg,Coradion chrysozonus,images_bishop,1,1.0,0.0,0.648,0.9163,0.0,0.3985,0.2522,1.5801,0.06,186803,0.9634,no,no,no,no,0,ok
Coradion_chrysozonus_Bishop_213329914.jpg,Coradion chrysozonus,images_bishop,1,1.0,0.0,0.6051,0.9283,0.0,0.5352,0.2522,2.1221,0.0205,244914,0.9398,no,no,no,no,0,ok
Coradion_chrysozonus_Bishop_28243640.jpg,Coradion chrysozonus,images_bishop,1,1.0,0.0,0.6004,0.8718,0.0,0.4389,0.2522,1.7403,0.0111,222294,0.9557,no,no,no,no,0,ok
Coradion_chrysozonus_FishBaseUser_1469522606_162.158.167.12.jpg,Coradion chrysozonus,images_fishbase_usercontrib,1,1.0,0.0,0.6949,0.9185,0.0,0.1289,0.2522,0.5111,0.0514,389322,0.9463,no,no,no,no,0,ok
Coradion_chrysozonus_FishBaseUser_1492968478_108.162.216.108.jpg,Coradion chrysozonus,images_fishbase_usercontrib,1,1.0,0.0,0.6907,0.9114,0.0,0.2602,0.2522,1.0317,0.0891,3670945,0.9975,no,no,no,no,0,ok
Coradion_chrysozonus_FishBaseUser_1509285312_172.68.102.54.jpg,Coradion chrysozonus,images_fishbase_usercontrib,1,1.0,0.0,0.7463,0.9326,0.0,0.1242,0.2522,0.4925,0.1457,537037,0.9433,no,no,no,no,0,ok
Coradion_chrysozonus_FishBaseUser_1558076283_141.101.99.211.jpg,Coradion chrysozonus,images_fishbase_usercontrib,1,1.0,0.0,0.4255,0.7639,0.0,0.1829,0.2522,0.7252,0.099,210452,0.9485,no,no,no,no,0,ok
Coradion_chrysozonus_FishBaseUser_1569482893_172.68.141.54.jpg,Coradion chrysozonus,images_fishbase_usercontrib,2,0.51,0.49,0.8293,0.7846,0.0,0.0416,0.2522,0.1649,0.0133,49853,0.6647,no,no,yes,no,1,review
Coradion_chrysozonus_FishBaseUser_1569482923_172.68.143.140.jpg,Coradion chrysozonus,images_fishbase_usercontrib,1,1.0,0.0,0.6019,0.8924,0.0,0.1414,0.2522,0.5607,0.0453,277302,0.9537,no,no,no,no,0,ok
Coradion_chrysozonus_FishBaseUser_1569482956_172.68.132.67.jpg,Coradion chrysozonus,images_fishbase_usercontrib,1,1.0,0.0,0.6751,0.8832,0.0,0.1125,0.2522,0.4461,0.0935,304965,0.9354,no,no,no,no,0,ok
Coradion_chrysozonus_FishBaseUser_1569482983_162.158.255.18.jpg,Coradion chrysozonus,images_fishbase_usercontrib,1,1.0,0.0,0.7117,0.921,0.0,0.1481,0.2522,0.5872,0.0865,281356,0.9574,no,no,no,no,0,ok
Coradion_chrysozonus_FishBaseUser_1577439074_172.68.102.128.jpg,Coradion chrysozonus,images_fishbase_usercontrib,1,1.0,0.0,0.7771,0.947,0.0,0.217,0.2522,0.8604,0.0262,2382098,0.988,no,no,no,no,0,ok
Coradion_chrysozonus_FishBaseUser_1723305897_172.70.255.79.jpg,Coradion chrysozonus,images_fishbase_usercontrib,1,1.0,0.0,0.718,0.9325,0.0,0.2613,0.2522,1.0361,0.0859,193914,0.9972,no,no,no,no,0,ok
Coradion_chrysozonus_FishBaseUser_1723305939_172.70.255.80.jpg,Coradion chrysozonus,images_fishbase_usercontrib,2,1.0,0.0,0.6021,0.9049,0.03,0.3008,0.2522,1.1927,0.2105,229763,0.9799,no,no,no,no,0,ok
Coradion_chrysozonus_FishBaseUser_1747573476_95.95.129.49.jpg,Coradion chrysozonus,images_fishbase_usercontrib,1,1.0,0.0,0.7319,0.9023,0.0,0.1915,0.2522,0.7593,0.0468,1387944,0.978,no,no,no,no,0,ok
Coradion_chrysozonus_FishBase_Cochr_u0.jpg,Coradion chrysozonus,images_fishbase_extra,1,1.0,0.0,0.6686,0.9193,0.0,0.4039,0.2522,1.6015,0.0488,132140,0.9623,no,no,no,no,0,ok
Coradion_chrysozonus_FishBase_Cochr_u1.jpg,Coradion chrysozonus,images_fishbase_extra,1,1.0,0.0,0.5244,0.8707,0.0,0.4654,0.2522,1.8454,0.0115,144756,0.951,no,no,no,no,0,ok
Coradion_chrysozonus_FishBase_Cochr_u2.jpg,Coradion chrysozonus,images_fishbase_extra,1,1.0,0.0,0.586,0.8571,0.0,0.1753,0.2522,0.6951,0.0421,86515,0.9709,no,no,no,no,0,ok
Coradion_chrysozonus_FishBase_Cochr_u3.jpg,Coradion chrysozonus,images_fishbase_extra,1,1.0,0.0,0.6009,0.8727,0.0,0.451,0.2522,1.7883,0.0112,124120,0.9535,no,no,no,no,0,ok
Coradion_chrysozonus_FishBase_Cochr_u4.jpg,Coradion chrysozonus,images_fishbase_extra,1,1.0,0.0,0.6398,0.9212,0.0,0.4009,0.2522,1.5896,0.0588,105098,0.9629,no,no,no,no,0,ok
Coradion_chrysozonus_FishBase_Cochr_u5.jpg,Coradion chrysozonus,images_fishbase_extra,1,1.0,0.0,0.5872,0.9253,0.0,0.535,0.2522,2.1213,0.0204,138161,0.9398,no,no,no,no,0,ok
Coradion_chrysozonus_FishBase_Cochr_u6.jpg,Coradion chrysozonus,images_fishbase_extra,1,1.0,0.0,0.7187,0.9342,0.0,0.144,0.2522,0.571,0.0318,62449,0.9552,no,no,no,no,0,ok
Coradion_chrysozonus_FishPix_72095AF.jpg,Coradion chrysozonus,images,1,1.0,0.0,0.672,0.9207,0.0,0.2066,0.2522,0.8192,0.0883,91920,0.984,no,no,no,no,0,ok
Coradion_chrysozonus_FishWise_014871F000492W000008.jpg,Coradion chrysozonus,images_fishwise,1,1.0,0.0,0.5341,0.9079,0.0188,0.281,0.2522,1.1142,0.0626,89150,0.9876,no,no,no,no,0,ok
Coradion_chrysozonus_iNaturalist_131619442.jpg,Coradion chrysozonus,images_inaturalist,1,1.0,0.0,0.8476,0.9677,0.0,0.1053,0.2522,0.4175,0.022,109084,0.9301,no,no,no,no,0,ok
Coradion_chrysozonus_iNaturalist_160228299.jpg,Coradion chrysozonus,images_inaturalist,1,1.0,0.0,0.8953,0.9702,0.0,0.1398,0.2522,0.5543,0.0107,143711,0.9528,no,no,no,no,0,ok
Coradion_chrysozonus_iNaturalist_266332535.jpg,Coradion chrysozonus,images_inaturalist,1,1.0,0.0,0.6735,0.9203,0.0,0.2514,0.2522,0.9968,0.0265,346989,0.9997,no,no,no,no,0,ok
Coradion_chrysozonus_iNaturalist_277154827.jpg,Coradion chrysozonus,images_inaturalist,1,1.0,0.0,0.6838,0.8892,0.0,0.1465,0.2522,0.5809,0.028,70456,0.9565,no,no,no,no,0,ok
Coradion_chrysozonus_iNaturalist_325219219.jpg,Coradion chrysozonus,images_inaturalist,1,1.0,0.0,0.6805,0.8831,0.0,0.1214,0.2522,0.4814,0.0722,150379,0.9415,no,no,no,no,0,ok
Coradion_chrysozonus_iNaturalist_336902408.jpg,Coradion chrysozonus,images_inaturalist,1,1.0,0.0,0.678,0.9091,0.0607,0.4168,0.2522,1.6527,0.0827,401828,0.9477,no,no,no,no,0,ok
Coradion_chrysozonus_iNaturalist_336902426.jpg,Coradion chrysozonus,images_inaturalist,1,1.0,0.0,0.6767,0.9031,0.0,0.31,0.2522,1.2292,0.0108,427956,0.9835,no,no,no,no,0,ok
Coradion_chrysozonus_iNaturalist_368388152.jpg,Coradion chrysozonus,images_inaturalist,1,1.0,0.0,0.8914,0.9582,0.0,0.0495,0.2522,0.1963,0.0612,64581,0.8697,no,no,yes,no,1,review
Coradion_chrysozonus_iNaturalist_428621525.jpg,Coradion chrysozonus,images_inaturalist,1,1.0,0.0,0.893,0.9732,0.0,0.0574,0.2522,0.2276,0.0646,82820,0.8816,no,no,yes,no,1,review
Coradion_chrysozonus_iNaturalist_67179004.jpg,Coradion chrysozonus,images_inaturalist,1,1.0,0.0,0.679,0.8742,0.0,0.2316,0.2522,0.9183,0.0154,208357,0.9932,no,no,no,no,0,ok
Coradion_melanopus_Bishop_-1537131019.jpg,Coradion melanopus,images_bishop,1,1.0,0.0,0.3824,0.8492,0.0,0.444,0.2813,1.5784,0.024,196365,0.9632,no,no,no,no,0,ok
Coradion_melanopus_Bishop_1397670468.jpg,Coradion melanopus,images_bishop,1,1.0,0.0,0.3911,0.8546,0.0,0.4579,0.2813,1.6278,0.0265,201641,0.961,no,no,no,no,0,ok
Coradion_melanopus_Bishop_1537514406.jpg,Coradion melanopus,images_bishop,1,1.0,0.0,0.4566,0.8827,0.0,0.504,0.2813,1.7917,0.0222,206906,0.9533,no,no,no,no,0,ok
Coradion_melanopus_Bishop_726040623.jpg,Coradion melanopus,images_bishop,1,1.0,0.0,0.4237,0.843,0.0,0.4263,0.2813,1.5155,0.0164,206478,0.9646,no,no,no,no,0,ok
Coradion_melanopus_FishBaseUser_1361880729_82.20.1.24.jpg,Coradion melanopus,images_fishbase_usercontrib,1,1.0,0.0,0.537,0.8758,0.0,0.2719,0.2813,0.9666,0.073,313281,0.9973,no,no,no,no,0,ok
Coradion_melanopus_FishBaseUser_1469522677_162.158.167.12.jpg,Coradion melanopus,images_fishbase_usercontrib,1,1.0,0.0,0.5062,0.7932,0.0,0.147,0.2813,0.5226,0.0533,115170,0.931,no,no,no,no,0,ok
Coradion_melanopus_FishBaseUser_1509285460_172.68.102.54.jpg,Coradion melanopus,images_fishbase_usercontrib,1,1.0,0.0,0.7195,0.9055,0.0,0.17,0.2813,0.6043,0.1848,380167,0.9597,no,no,no,no,0,ok
Coradion_melanopus_FishBaseUser_1747573804_95.95.129.49.jpg,Coradion melanopus,images_fishbase_usercontrib,1,1.0,0.0,0.6684,0.9194,0.0,0.1699,0.2813,0.604,0.0582,1916838,0.9597,no,no,no,no,0,ok
Coradion_melanopus_FishBase_Comel_j1.jpg,Coradion melanopus,images_fishbase_extra,1,1.0,0.0,0.633,0.9229,0.0,0.1969,0.2813,0.7,0.0693,70432,0.9715,no,no,no,no,0,ok
Coradion_melanopus_FishBase_Comel_u0.jpg,Coradion melanopus,images_fishbase_extra,1,1.0,0.0,0.3815,0.8503,0.0,0.4461,0.2813,1.5859,0.024,110728,0.9631,no,no,no,no,0,ok
Coradion_melanopus_FishBase_Comel_u1.jpg,Coradion melanopus,images_fishbase_extra,1,1.0,0.0,0.4154,0.844,0.0,0.4259,0.2813,1.514,0.0167,115998,0.965,no,no,no,no,0,ok
Coradion_melanopus_FishBase_Comel_u2.jpg,Coradion melanopus,images_fishbase_extra,2,1.0,0.0,0.4421,0.8882,0.0,0.5041,0.2813,1.792,0.0223,115424,0.9533,no,no,no,no,0,ok
Coradion_melanopus_FishBase_Comel_u4.jpg,Coradion melanopus,images_fishbase_extra,1,1.0,0.0,0.8975,0.9659,0.0003,0.2557,0.2813,0.909,0.1006,74537,0.9923,no,no,no,no,0,ok
Coradion_melanopus_FishBase_Comel_uh.jpg,Coradion melanopus,images_fishbase_extra,1,1.0,0.0,0.6113,0.9054,0.0,0.2478,0.2813,0.8809,0.0513,106812,0.9899,no,no,no,no,0,ok
Coradion_melanopus_FishBase_Comel_ui.jpg,Coradion melanopus,images_fishbase_extra,1,1.0,0.0,0.7299,0.9258,0.0,0.2032,0.2813,0.7224,0.0536,79828,0.974,no,no,no,no,0,ok
Coradion_melanopus_FishBase_Comel_ul.jpg,Coradion melanopus,images_fishbase_extra,1,1.0,0.0,0.55,0.873,0.0,0.4419,0.2813,1.5709,0.0433,143352,0.9639,no,no,no,no,0,ok
Coradion_melanopus_FishPix_10029AF.jpg,Coradion melanopus,images,1,1.0,0.0,0.6524,0.9299,0.0,0.3824,0.2813,1.3594,0.0758,168457,0.9754,no,no,no,no,0,ok
Coradion_melanopus_FishWise_043349F000009W000009.jpg,Coradion melanopus,images_fishwise,1,1.0,0.0,0.777,0.9374,0.0,0.1439,0.2813,0.5116,0.0154,75094,0.9464,no,no,no,no,0,ok
Coradion_melanopus_FishWise_043349F000024W000002.jpg,Coradion melanopus,images_fishwise,1,1.0,0.0,0.3913,0.8487,0.0,0.4595,0.2813,1.6335,0.0267,114543,0.9604,no,no,no,no,0,ok
Coradion_melanopus_FishWise_043349F000387W000006.jpg,Coradion melanopus,images_fishwise,1,1.0,0.0,0.5565,0.8513,0.0,0.2732,0.2813,0.9712,0.0425,92428,0.9977,no,no,no,no,0,ok
Coradion_melanopus_FishWise_043349F000387W000007.jpg,Coradion melanopus,images_fishwise,1,1.0,0.0,0.6033,0.8843,0.0,0.1571,0.2813,0.5585,0.0143,79755,0.9534,no,no,no,no,0,ok
Coradion_melanopus_FishWise_043349F000387W000008.jpg,Coradion melanopus,images_fishwise,1,1.0,0.0,0.6829,0.9071,0.0091,0.2813,0.2813,1.0,0.017,89314,0.9982,no,no,no,no,0,ok
Coradion_melanopus_iNaturalist_179314622.jpg,Coradion melanopus,images_inaturalist,1,1.0,0.0,0.6302,0.8864,0.0,0.1242,0.2813,0.4415,0.0884,163684,0.9346,no,no,no,no,0,ok
Coradion_melanopus_iNaturalist_19089572.jpg,Coradion melanopus,images_inaturalist,1,1.0,0.0,0.6148,0.8751,0.0,0.1322,0.2813,0.47,0.0538,166949,0.9396,no,no,no,no,0,ok
Coradion_melanopus_iNaturalist_38455831.jpg,Coradion melanopus,images_inaturalist,1,1.0,0.0,0.7904,0.915,0.0,0.1198,0.2813,0.4259,0.0503,91544,0.9317,no,no,no,no,0,ok
Coradion_melanopus_iNaturalist_461842709.jpg,Coradion melanopus,images_inaturalist,1,1.0,0.0,0.5472,0.8392,0.0,0.2155,0.2813,0.7661,0.0361,201981,0.9754,no,no,no,no,0,ok
Coradion_melanopus_iNaturalist_572762865.jpg,Coradion melanopus,images_inaturalist,1,1.0,0.0,0.6513,0.9405,0.0498,0.6216,0.2813,2.2097,0.1262,765830,0.9266,no,no,no,no,0,ok
Coradion_melanopus_iNaturalist_591247918.jpg,Coradion melanopus,images_inaturalist,1,1.0,0.0,0.8894,0.9378,0.0,0.0675,0.2813,0.24,0.0198,56605,0.8858,no,no,yes,no,1,review
Coradion_melanopus_iNaturalist_594962027.jpg,Coradion melanopus,images_inaturalist,1,1.0,0.0,0.6128,0.8757,0.0,0.1667,0.2813,0.5926,0.0477,177834,0.9581,no,no,no,no,0,ok
Coradion_melanopus_iNaturalist_594962045.jpg,Coradion melanopus,images_inaturalist,1,1.0,0.0,0.4599,0.8651,0.0,0.3755,0.2813,1.3349,0.006,471950,0.9769,no,no,no,no,0,ok
Coradion_melanopus_iNaturalist_80459445.jpg,Coradion melanopus,images_inaturalist,1,1.0,0.0,0.716,0.967,0.2642,0.4886,0.2813,1.7369,0.2077,397397,0.903,no,yes,no,no,1,review
Forcipiger_flavissimus_Bishop_-1224605166.jpg,Forcipiger flavissimus,images_bishop,1,1.0,0.0,0.1937,0.69,0.0,0.3276,0.2564,1.2774,0.0588,259755,0.9318,no,no,no,no,0,ok
Forcipiger_flavissimus_Bishop_-1548318421.jpg,Forcipiger flavissimus,images_bishop,1,1.0,0.0,0.2364,0.7295,0.0,0.375,0.2564,1.4623,0.0752,237823,0.9335,no,yes,no,no,1,review
Forcipiger_flavissimus_FishBaseUser_1343337179_82.243.202.40.jpg,Forcipiger flavissimus,images_fishbase_usercontrib,1,1.0,0.0,0.4225,0.8066,0.0,0.297,0.2564,1.1581,0.1201,118754,0.9752,no,no,no,no,0,ok
Forcipiger_flavissimus_FishBaseUser_1344200216_62.178.129.238.jpg,Forcipiger flavissimus,images_fishbase_usercontrib,1,1.0,0.0,0.4643,0.8576,0.0,0.3192,0.2564,1.2447,0.0684,114334,0.9825,no,no,no,no,0,ok
Forcipiger_flavissimus_FishBaseUser_1469522787_162.158.167.12.jpg,Forcipiger flavissimus,images_fishbase_usercontrib,1,1.0,0.0,0.6161,0.8898,0.0,0.1305,0.2564,0.5089,0.0331,381692,0.946,no,no,no,no,0,ok
Forcipiger_flavissimus_FishBaseUser_1469522928_162.158.167.12.jpg,Forcipiger flavissimus,images_fishbase_usercontrib,1,1.0,0.0,0.681,0.8894,0.0,0.0331,0.2564,0.1291,0.0157,121833,0.8362,no,no,yes,no,1,review
Forcipiger_flavissimus_FishBaseUser_1473646246_162.158.165.25.jpg,Forcipiger flavissimus,images_fishbase_usercontrib,1,1.0,0.0,0.6796,0.8776,0.0,0.1255,0.2564,0.4894,0.0461,80935,0.9428,no,no,no,no,0,ok
Forcipiger_flavissimus_FishBaseUser_1562853710_162.158.234.96.jpg,Forcipiger flavissimus,images_fishbase_usercontrib,1,1.0,0.0,0.3444,0.8314,0.0,0.0495,0.2564,0.193,0.0303,75467,0.8628,no,no,yes,no,1,review
Forcipiger_flavissimus_FishBaseUser_1577457307_172.68.102.78.jpg,Forcipiger flavissimus,images_fishbase_usercontrib,1,1.0,0.0,0.7129,0.8889,0.0,0.056,0.2564,0.2184,0.0068,793022,0.8783,no,no,yes,no,1,review
Forcipiger_flavissimus_FishBaseUser_1612045431_162.158.129.64.jpg,Forcipiger flavissimus,images_fishbase_usercontrib,1,1.0,0.0,0.2543,0.7324,0.0,0.1989,0.2564,0.7756,0.0832,229037,0.9444,no,no,no,no,0,ok
Forcipiger_flavissimus_FishBaseUser_1706120434_108.162.212.77.jpg,Forcipiger flavissimus,images_fishbase_usercontrib,1,1.0,0.0,0.8068,0.9414,0.0,0.2101,0.2564,0.8193,0.0981,154283,0.9841,no,no,no,no,0,ok
Forcipiger_flavissimus_FishBaseUser_1706290177_172.70.54.70.jpg,Forcipiger flavissimus,images_fishbase_usercontrib,1,1.0,0.0,0.76,0.9286,0.0,0.1563,0.2564,0.6095,0.0914,103392,0.9604,no,no,no,no,0,ok
Forcipiger_flavissimus_FishBaseUser_1706913878_172.70.255.37.jpg,Forcipiger flavissimus,images_fishbase_usercontrib,1,1.0,0.0,0.7038,0.9007,0.0,0.1282,0.2564,0.4999,0.0115,133091,0.9445,no,no,no,no,0,ok
Forcipiger_flavissimus_FishBaseUser_1724953820_162.158.170.214.jpg,Forcipiger flavissimus,images_fishbase_usercontrib,1,1.0,0.0,0.4993,0.8376,0.0,0.2144,0.2564,0.836,0.097,98911,0.982,no,no,no,no,0,ok
Forcipiger_flavissimus_FishBaseUser_1724953913_162.158.170.244.jpg,Forcipiger flavissimus,images_fishbase_usercontrib,2,0.9994,0.0006,0.3895,0.7646,0.0,0.2965,0.2564,1.1562,0.0508,76106,0.9626,no,no,no,no,0,ok
Forcipiger_flavissimus_FishBaseUser_1747942465_95.95.129.49.jpg,Forcipiger flavissimus,images_fishbase_usercontrib,1,1.0,0.0,0.4589,0.8507,0.0,0.1737,0.2564,0.6773,0.0725,2280009,0.9688,no,no,no,no,0,ok
Forcipiger_flavissimus_FishBaseUser_1747942534_95.95.129.49.jpg,Forcipiger flavissimus,images_fishbase_usercontrib,1,1.0,0.0,0.493,0.829,0.0,0.0827,0.2564,0.3225,0.0837,345534,0.9032,no,no,no,no,0,ok
Forcipiger_flavissimus_FishBaseUser_1760314191_101.115.183.201.jpg,Forcipiger flavissimus,images_fishbase_usercontrib,1,1.0,0.0,0.6193,0.8828,0.0,0.1937,0.2564,0.7553,0.0636,1525828,0.9776,no,no,no,no,0,ok
Forcipiger_flavissimus_FishBaseUser_1760314330_101.115.183.201.jpg,Forcipiger flavissimus,images_fishbase_usercontrib,1,1.0,0.0,0.4408,0.8164,0.0,0.1011,0.2564,0.3942,0.0761,421952,0.9155,no,no,no,no,0,ok
Forcipiger_flavissimus_FishBaseUser_1760314748_101.115.183.201.jpg,Forcipiger flavissimus,images_fishbase_usercontrib,1,1.0,0.0,0.5912,0.9156,0.0,0.1668,0.2564,0.6504,0.1345,1627563,0.9656,no,no,no,no,0,ok
Forcipiger_flavissimus_FishBaseUser_1760314960_101.115.183.201.jpg,Forcipiger flavissimus,images_fishbase_usercontrib,1,1.0,0.0,0.6528,0.9057,0.0,0.0901,0.2564,0.3513,0.0235,763241,0.9163,no,no,no,no,0,ok
Forcipiger_flavissimus_FishBase_Fofla_u0.jpg,Forcipiger flavissimus,images_fishbase_extra,1,1.0,0.0,0.3911,0.8537,0.0,0.3385,0.2564,1.3199,0.0399,111148,0.9778,no,no,no,no,0,ok
Forcipiger_flavissimus_FishBase_Fofla_u1.jpg,Forcipiger flavissimus,images_fishbase_extra,1,1.0,0.0,0.7592,0.8952,0.0,0.181,0.2564,0.7058,0.041,78717,0.9721,no,no,no,no,0,ok
Forcipiger_flavissimus_FishBase_Fofla_u3.jpg,Forcipiger flavissimus,images_fishbase_extra,1,1.0,0.0,0.1867,0.7017,0.0,0.3252,0.2564,1.2681,0.0589,162337,0.9352,no,no,no,no,0,ok
Forcipiger_flavissimus_FishBase_Fofla_u4.jpg,Forcipiger flavissimus,images_fishbase_extra,1,1.0,0.0,0.2521,0.7247,0.0,0.3763,0.2564,1.4673,0.0764,141160,0.9317,no,yes,no,no,1,review
Forcipiger_flavissimus_FishBase_Fofla_u6.jpg,Forcipiger flavissimus,images_fishbase_extra,1,1.0,0.0,0.5476,0.8711,0.0,0.1275,0.2564,0.4972,0.0451,43363,0.9441,no,no,no,no,0,ok
Forcipiger_flavissimus_FishBase_Fofla_u9.jpg,Forcipiger flavissimus,images_fishbase_extra,1,1.0,0.0,0.559,0.8599,0.0,0.1687,0.2564,0.6578,0.0234,68774,0.9665,no,no,no,no,0,ok
Forcipiger_flavissimus_FishBase_Fofla_uc.jpg,Forcipiger flavissimus,images_fishbase_extra,1,1.0,0.0,0.5552,0.8252,0.0,0.2203,0.2564,0.859,0.1506,107652,0.9804,no,no,no,no,0,ok
Forcipiger_flavissimus_FishBase_Fofla_ud.jpg,Forcipiger flavissimus,images_fishbase_extra,1,1.0,0.0,0.6385,0.8954,0.0,0.1349,0.2564,0.526,0.0397,71047,0.9486,no,no,no,no,0,ok
Forcipiger_flavissimus_FishBase_Fofla_ue.jpg,Forcipiger flavissimus,images_fishbase_extra,1,1.0,0.0,0.5188,0.8691,0.0,0.2211,0.2564,0.8622,0.0358,101539,0.9881,no,no,no,no,0,ok
Forcipiger_flavissimus_FishBase_Fofla_uh.jpg,Forcipiger flavissimus,images_fishbase_extra,1,1.0,0.0,0.2683,0.7441,0.0,0.3043,0.2564,1.1866,0.0778,124831,0.9545,no,no,no,no,0,ok
Forcipiger_flavissimus_FishPix_11851AF.jpg,Forcipiger flavissimus,images,1,1.0,0.0,0.6889,0.8556,0.0,0.1376,0.2564,0.5366,0.057,92887,0.9502,no,no,no,no,0,ok
Forcipiger_flavissimus_FishWise_023887F000004W000017.jpg,Forcipiger flavissimus,images_fishwise,2,1.0,0.0,0.6252,0.9132,0.0,0.2616,0.2564,1.0201,0.0371,69199,0.9984,no,no,no,no,0,ok
Forcipiger_flavissimus_FishWise_023887F000004W000018.jpg,Forcipiger flavissimus,images_fishwise,1,1.0,0.0,0.216,0.7278,0.0,0.2518,0.2564,0.9819,0.0463,106825,0.9619,no,no,no,no,0,ok
Forcipiger_flavissimus_FishWise_023887F000009W000023.jpg,Forcipiger flavissimus,images_fishwise,1,1.0,0.0,0.5324,0.8705,0.0,0.2868,0.2564,1.1183,0.0756,113492,0.9911,no,no,no,no,0,ok
Forcipiger_flavissimus_FishWise_023887F000009W000024.jpg,Forcipiger flavissimus,images_fishwise,1,1.0,0.0,0.5924,0.8793,0.0,0.2873,0.2564,1.1203,0.0514,104181,0.9909,no,no,no,no,0,ok
Forcipiger_flavissimus_FishWise_023887F000009W000025.jpg,Forcipiger flavissimus,images_fishwise,1,1.0,0.0,0.6627,0.9024,0.0,0.1738,0.2564,0.6777,0.0128,78903,0.9689,no,no,no,no,0,ok
Forcipiger_flavissimus_FishWise_023887F000009W000026.jpg,Forcipiger flavissimus,images_fishwise,1,1.0,0.0,0.5236,0.8894,0.0,0.3575,0.2564,1.394,0.0714,126610,0.9734,no,no,no,no,0,ok
Forcipiger_flavissimus_FishWise_023887F000024W000002.jpg,Forcipiger flavissimus,images_fishwise,1,1.0,0.0,0.3187,0.8376,0.0,0.3546,0.2564,1.3827,0.0459,104648,0.9704,no,no,no,no,0,ok
Forcipiger_flavissimus_FishWise_023887F000024W000004.jpg,Forcipiger flavissimus,images_fishwise,1,1.0,0.0,0.2412,0.7163,0.0,0.3078,0.2564,1.2002,0.0614,106565,0.9453,no,no,no,no,0,ok
Forcipiger_flavissimus_FishWise_023887F000024W000006.jpg,Forcipiger flavissimus,images_fishwise,1,1.0,0.0,0.2165,0.6898,0.0,0.28,0.2564,1.0918,0.0502,115365,0.9449,no,no,no,no,0,ok
Forcipiger_flavissimus_FishWise_023887F000025W000001.gif,Forcipiger flavissimus,images_fishwise,3,1.0,0.0,0.3768,0.8111,0.0,0.2691,0.2564,1.0493,0.0338,100776,0.9845,no,no,no,no,0,ok
Forcipiger_flavissimus_FishWise_023887F000031W000005.jpg,Forcipiger flavissimus,images_fishwise,1,1.0,0.0,0.44,0.8563,0.0,0.2483,0.2564,0.9682,0.0558,64408,0.9974,no,no,no,no,0,ok
Forcipiger_flavissimus_FishWise_023887F000090W000003.jpg,Forcipiger flavissimus,images_fishwise,1,1.0,0.0,0.7566,0.8873,0.0,0.1809,0.2564,0.7054,0.0397,56813,0.9721,no,no,no,no,0,ok
Forcipiger_flavissimus_FishWise_023887F000112W000019.jpg,Forcipiger flavissimus,images_fishwise,1,1.0,0.0,0.2133,0.7444,0.0,0.2675,0.2564,1.0431,0.0579,89119,0.9649,no,no,no,no,0,ok
Forcipiger_flavissimus_FishWise_023887F000112W000020.jpg,Forcipiger flavissimus,images_fishwise,1,1.0,0.0,0.203,0.7481,0.001,0.4418,0.2564,1.7228,0.078,131111,0.9257,no,yes,no,no,1,review
Forcipiger_flavissimus_FishWise_023887F000112W000021.jpg,Forcipiger flavissimus,images_fishwise,1,1.0,0.0,0.2023,0.7378,0.0,0.4218,0.2564,1.6448,0.0783,124644,0.9265,no,yes,no,no,1,review
Forcipiger_flavissimus_FishWise_023887F000112W000022.jpg,Forcipiger flavissimus,images_fishwise,1,1.0,0.0,0.2242,0.7894,0.0,0.362,0.2564,1.4116,0.0829,104691,0.9542,no,no,no,no,0,ok
Forcipiger_flavissimus_iNaturalist_170376471.jpg,Forcipiger flavissimus,images_inaturalist,1,1.0,0.0,0.3859,0.7813,0.0,0.148,0.2564,0.5771,0.069,73989,0.9354,no,no,no,no,0,ok
Forcipiger_flavissimus_iNaturalist_17443763.jpg,Forcipiger flavissimus,images_inaturalist,1,1.0,0.0,0.5848,0.8972,0.0,0.2055,0.2564,0.8013,0.0461,224183,0.9823,no,no,no,no,0,ok
Forcipiger_flavissimus_iNaturalist_179529899.jpg,Forcipiger flavissimus,images_inaturalist,1,1.0,0.0,0.4273,0.7837,0.0,0.1043,0.2564,0.4067,0.0521,189163,0.9081,no,no,no,no,0,ok
Forcipiger_flavissimus_iNaturalist_179529903.jpg,Forcipiger flavissimus,images_inaturalist,1,1.0,0.0,0.4837,0.8357,0.0,0.1062,0.2564,0.4141,0.0445,162251,0.9252,no,no,no,no,0,ok
Forcipiger_flavissimus_iNaturalist_222104159.jpg,Forcipiger flavissimus,images_inaturalist,1,1.0,0.0,0.5475,0.8653,0.0,0.2413,0.2564,0.9409,0.0689,292434,0.9951,no,no,no,no,0,ok
Forcipiger_flavissimus_iNaturalist_237549065.jpg,Forcipiger flavissimus,images_inaturalist,2,0.5229,0.4771,0.8909,0.7218,0.0,0.0698,0.2564,0.2722,0.0722,20746,0.6905,no,no,yes,no,1,review
Forcipiger_flavissimus_iNaturalist_260490467.jpg,Forcipiger flavissimus,images_inaturalist,1,1.0,0.0,0.4757,0.738,0.0,0.1401,0.2564,0.5463,0.0214,167473,0.918,no,no,no,no,0,ok
Forcipiger_flavissimus_iNaturalist_389876206.jpg,Forcipiger flavissimus,images_inaturalist,1,1.0,0.0,0.5613,0.8684,0.0,0.161,0.2564,0.6278,0.0715,221037,0.9628,no,no,no,no,0,ok
Forcipiger_flavissimus_iNaturalist_59975862.jpg,Forcipiger flavissimus,images_inaturalist,1,1.0,0.0,0.676,0.906,0.0,0.3014,0.2564,1.1753,0.1109,320134,0.9871,no,no,no,no,0,ok
Forcipiger_flavissimus_iNaturalist_64532564.jpg,Forcipiger flavissimus,images_inaturalist,1,1.0,0.0,0.5236,0.8678,0.0,0.1096,0.2564,0.4274,0.0596,138771,0.932,no,no,no,no,0,ok
Forcipiger_longirostris_Bishop_2048048784.jpg,Forcipiger longirostris,images_bishop,2,1.0,0.0,0.1933,0.6714,0.0,0.2853,0.236,1.2089,0.0702,249565,0.9306,no,no,no,no,0,ok
Forcipiger_longirostris_Bishop_2122975038.jpg,Forcipiger longirostris,images_bishop,1,1.0,0.0,0.2108,0.7025,0.0,0.3252,0.236,1.378,0.0995,240424,0.9301,no,no,no,no,0,ok
Forcipiger_longirostris_Bishop_545316689.jpg,Forcipiger longirostris,images_bishop,1,1.0,0.0,0.2286,0.6725,0.0,0.327,0.236,1.3856,0.0894,229661,0.9207,no,no,no,no,0,ok
Forcipiger_longirostris_FishBaseUser_1344201101_62.178.129.238.jpg,Forcipiger longirostris,images_fishbase_usercontrib,1,1.0,0.0,0.7008,0.9018,0.0,0.267,0.236,1.1314,0.0409,112373,0.9901,no,no,no,no,0,ok
Forcipiger_longirostris_FishBaseUser_1383590507_202.151.68.202.jpg,Forcipiger longirostris,images_fishbase_usercontrib,1,1.0,0.0,0.5526,0.8779,0.0,0.0367,0.236,0.1555,0.2339,166473,0.8511,no,no,yes,no,1,review
Forcipiger_longirostris_FishBaseUser_1414547612_128.250.0.139.jpg,Forcipiger longirostris,images_fishbase_usercontrib,1,1.0,0.0,0.3694,0.7974,0.0,0.0595,0.236,0.2521,0.0297,223846,0.874,no,no,yes,no,1,review
Forcipiger_longirostris_FishBaseUser_1430166088_95.242.249.217.jpg,Forcipiger longirostris,images_fishbase_usercontrib,1,1.0,0.0,0.505,0.8447,0.0,0.1343,0.236,0.5691,0.1027,146543,0.9533,no,no,no,no,0,ok
Forcipiger_longirostris_FishBaseUser_1444696541_24.215.186.224.jpg,Forcipiger longirostris,images_fishbase_usercontrib,1,1.0,0.0,0.5445,0.8624,0.0,0.3132,0.236,1.3271,0.0749,619361,0.9774,no,no,no,no,0,ok
Forcipiger_longirostris_FishBaseUser_1540306923_162.158.167.176.jpg,Forcipiger longirostris,images_fishbase_usercontrib,1,1.0,0.0,0.4142,0.7266,0.0,0.0634,0.236,0.2686,0.09,261909,0.8578,no,no,yes,no,1,review
Forcipiger_longirostris_FishBaseUser_1585736003_141.101.69.189.jpg,Forcipiger longirostris,images_fishbase_usercontrib,1,1.0,0.0,0.5598,0.8768,0.0,0.227,0.236,0.9619,0.1364,186317,0.9969,no,no,no,no,0,ok
Forcipiger_longirostris_FishBaseUser_1603233166_162.158.187.197.jpg,Forcipiger longirostris,images_fishbase_usercontrib,1,1.0,0.0,0.6001,0.8332,0.0,0.1992,0.236,0.8441,0.1035,765269,0.9814,no,no,no,no,0,ok
Forcipiger_longirostris_FishBaseUser_1704999678_172.70.255.47.jpg,Forcipiger longirostris,images_fishbase_usercontrib,1,1.0,0.0,0.5415,0.8007,0.0,0.0704,0.236,0.2983,0.1371,87485,0.8884,no,no,yes,no,1,review
Forcipiger_longirostris_FishBaseUser_1706120257_172.70.255.81.jpg,Forcipiger longirostris,images_fishbase_usercontrib,1,1.0,0.0,0.6427,0.8785,0.0,0.0733,0.236,0.3106,0.0971,87515,0.9065,no,no,no,no,0,ok
Forcipiger_longirostris_FishBaseUser_1734044406_172.70.115.186.jpg,Forcipiger longirostris,images_fishbase_usercontrib,1,1.0,0.0,0.3498,0.7568,0.0,0.1481,0.236,0.6275,0.0528,2348961,0.9348,no,no,no,no,0,ok
Forcipiger_longirostris_FishBaseUser_1747073148_50.83.213.203.jpg,Forcipiger longirostris,images_fishbase_usercontrib,1,1.0,0.0,0.3914,0.7793,0.0,0.1819,0.236,0.7708,0.08,786958,0.958,no,no,no,no,0,ok
Forcipiger_longirostris_FishBaseUser_1747943212_95.95.129.49.jpg,Forcipiger longirostris,images_fishbase_usercontrib,2,0.6005,0.3995,0.4535,0.6306,0.0,0.1152,0.236,0.4881,0.1426,724443,0.737,no,yes,no,no,1,review
Forcipiger_longirostris_FishBaseUser_1747943270_95.95.129.49.jpg,Forcipiger longirostris,images_fishbase_usercontrib,1,1.0,0.0,0.6747,0.8607,0.0,0.0421,0.236,0.1784,0.0671,421071,0.8621,no,no,yes,no,1,review
Forcipiger_longirostris_FishBaseUser_1760167551_101.115.183.201.jpg,Forcipiger longirostris,images_fishbase_usercontrib,1,1.0,0.0,0.479,0.7846,0.0,0.1356,0.236,0.5746,0.0919,606018,0.9361,no,no,no,no,0,ok
Forcipiger_longirostris_FishBaseUser_1760167740_101.115.183.201.jpg,Forcipiger longirostris,images_fishbase_usercontrib,1,1.0,0.0,0.3663,0.7074,0.0,0.0691,0.236,0.2928,0.0174,479412,0.859,no,no,yes,no,1,review
Forcipiger_longirostris_FishBaseUser_1760167831_101.115.183.201.jpg,Forcipiger longirostris,images_fishbase_usercontrib,1,1.0,0.0,0.3612,0.7022,0.0,0.1099,0.236,0.4657,0.078,991759,0.8945,no,no,no,no,0,ok
Forcipiger_longirostris_FishBaseUser_1760308864_101.115.183.201.jpg,Forcipiger longirostris,images_fishbase_usercontrib,2,0.5217,0.4783,0.4226,0.4493,0.0,0.0667,0.236,0.2826,0.0167,248714,0.6113,no,yes,yes,no,2,resegment_dinosam
Forcipiger_longirostris_FishBaseUser_1760309408_101.115.183.201.jpg,Forcipiger longirostris,images_fishbase_usercontrib,1,1.0,0.0,0.6965,0.9018,0.0,0.0905,0.236,0.3835,0.0344,1024069,0.9233,no,no,no,no,0,ok
Forcipiger_longirostris_FishBase_Folon_j0.jpg,Forcipiger longirostris,images_fishbase_extra,1,1.0,0.0,0.2014,0.6782,0.0,0.2426,0.236,1.028,0.0625,138143,0.9463,no,no,no,no,0,ok
Forcipiger_longirostris_FishBase_Folon_u0.jpg,Forcipiger longirostris,images_fishbase_extra,4,0.9998,0.0002,0.1848,0.6627,0.0,0.2849,0.236,1.2072,0.07,142084,0.9272,no,no,no,no,0,ok
Forcipiger_longirostris_FishBase_Folon_u1.jpg,Forcipiger longirostris,images,3,1.0,0.0,0.2072,0.6916,0.0,0.3227,0.236,1.3674,0.0999,138386,0.9274,no,no,no,no,0,ok
Forcipiger_longirostris_FishBase_Folon_u2.jpg,Forcipiger longirostris,images_fishbase_extra,1,1.0,0.0,0.2226,0.6673,0.0,0.3265,0.236,1.3835,0.0894,157014,0.9192,no,no,no,no,0,ok
Forcipiger_longirostris_FishBase_Folon_u3.jpg,Forcipiger longirostris,images_fishbase_extra,1,1.0,0.0,0.6869,0.8687,0.0003,0.2873,0.236,1.2174,0.0453,84672,0.9842,no,no,no,no,0,ok
Forcipiger_longirostris_FishBase_Folon_u5.jpg,Forcipiger longirostris,images_fishbase_extra,1,1.0,0.0,0.4153,0.7749,0.0,0.2953,0.236,1.2513,0.0944,126024,0.9595,no,no,no,no,0,ok
Forcipiger_longirostris_FishBase_Folon_u6.jpg,Forcipiger longirostris,images_fishbase_extra,2,0.9999,0.0001,0.2663,0.63,0.0,0.2075,0.236,0.8792,0.0614,99740,0.9237,no,yes,no,no,1,review
Forcipiger_longirostris_FishBase_Folon_u7.jpg,Forcipiger longirostris,images_fishbase_extra,1,1.0,0.0,0.3657,0.7323,0.0,0.1517,0.236,0.6428,0.0543,93153,0.9293,no,no,no,no,0,ok
Forcipiger_longirostris_FishWise_038381F000009W000005.jpg,Forcipiger longirostris,images_fishwise,2,0.9999,0.0001,0.4958,0.8456,0.0,0.1527,0.236,0.647,0.0661,83896,0.9638,no,no,no,no,0,ok
Forcipiger_longirostris_FishWise_038381F000009W000006.jpg,Forcipiger longirostris,images_fishwise,1,1.0,0.0,0.5208,0.8435,0.0,0.1524,0.236,0.6458,0.0326,68643,0.9631,no,no,no,no,0,ok
Forcipiger_longirostris_FishWise_038381F000009W000007.jpg,Forcipiger longirostris,images_fishwise,1,1.0,0.0,0.6546,0.9022,0.0,0.2104,0.236,0.8915,0.0504,77557,0.9908,no,no,no,no,0,ok
Forcipiger_longirostris_FishWise_038381F000009W000009.jpg,Forcipiger longirostris,images_fishwise,1,1.0,0.0,0.3804,0.8094,0.0,0.1367,0.236,0.5792,0.0468,59094,0.9441,no,no,no,no,0,ok
Forcipiger_longirostris_FishWise_038381F000009W000010.jpg,Forcipiger longirostris,images_fishwise,1,1.0,0.0,0.6177,0.8967,0.0,0.3446,0.236,1.4602,0.0614,110693,0.9697,no,no,no,no,0,ok
Forcipiger_longirostris_FishWise_038381F000009W000011.jpg,Forcipiger longirostris,images_fishwise,1,1.0,0.0,0.5888,0.8775,0.0,0.348,0.236,1.4746,0.0711,127966,0.9689,no,no,no,no,0,ok
Forcipiger_longirostris_FishWise_038381F000009W000012.jpg,Forcipiger longirostris,images_fishwise,1,1.0,0.0,0.2926,0.7152,0.0,0.2714,0.236,1.15,0.058,109278,0.9484,no,no,no,no,0,ok
Forcipiger_longirostris_FishWise_038381F000009W000013.jpg,Forcipiger longirostris,images_fishwise,1,1.0,0.0,0.4496,0.753,0.0,0.2062,0.236,0.8737,0.044,102801,0.9601,no,no,no,no,0,ok
Forcipiger_longirostris_FishWise_038381F000009W000014.jpg,Forcipiger longirostris,images_fishwise,1,1.0,0.0,0.4286,0.8245,0.0,0.2094,0.236,0.8873,0.0499,90856,0.9828,no,no,no,no,0,ok
Forcipiger_longirostris_FishWise_038381F000009W000015.jpg,Forcipiger longirostris,images_fishwise,1,1.0,0.0,0.3785,0.6948,0.0,0.1818,0.236,0.7703,0.0279,97784,0.9326,no,no,no,no,0,ok
Forcipiger_longirostris_FishWise_038381F000009W000016.jpg,Forcipiger longirostris,images_fishwise,1,1.0,0.0,0.4788,0.8437,0.0,0.2014,0.236,0.8534,0.0498,95477,0.9854,no,no,no,no,0,ok
Forcipiger_longirostris_FishWise_038381F000009W000017.jpg,Forcipiger longirostris,images_fishwise,1,1.0,0.0,0.4788,0.8437,0.0,0.2014,0.236,0.8534,0.0498,95477,0.9854,no,no,no,no,0,ok
Forcipiger_longirostris_FishWise_038381F000104W000003.jpg,Forcipiger longirostris,images_fishwise,1,1.0,0.0,0.5982,0.8429,0.0,0.2185,0.236,0.9258,0.1368,105077,0.9917,no,no,no,no,0,ok
Forcipiger_longirostris_FishWise_038381F000112W000008.jpg,Forcipiger longirostris,images_fishwise,1,1.0,0.0,0.201,0.6705,0.0,0.2427,0.236,1.0284,0.0623,111913,0.9439,no,no,no,no,0,ok
Forcipiger_longirostris_iNaturalist_335279641.jpg,Forcipiger longirostris,images_inaturalist,1,1.0,0.0,0.464,0.8525,0.0,0.1393,0.236,0.5903,0.0862,141281,0.9578,no,no,no,no,0,ok
Forcipiger_longirostris_iNaturalist_350169.jpg,Forcipiger longirostris,images_inaturalist,1,1.0,0.0,0.5152,0.8693,0.0,0.1047,0.236,0.4436,0.0972,110265,0.935,no,no,no,no,0,ok
Forcipiger_longirostris_iNaturalist_415726122.jpg,Forcipiger longirostris,images_inaturalist,1,1.0,0.0,0.5141,0.8714,0.0,0.2858,0.236,1.211,0.1389,323019,0.9847,no,no,no,no,0,ok
Forcipiger_longirostris_iNaturalist_474224006.jpg,Forcipiger longirostris,images_inaturalist,1,1.0,0.0,0.6404,0.8825,0.0,0.0112,0.236,0.0475,0.0175,13808,0.76,no,no,yes,no,1,review
Forcipiger_longirostris_iNaturalist_474224219.jpg,Forcipiger longirostris,images_inaturalist,1,1.0,0.0,0.4805,0.8308,0.0,0.0251,0.236,0.1064,0.0145,26722,0.815,no,no,yes,no,1,review
Forcipiger_longirostris_iNaturalist_474224273.jpg,Forcipiger longirostris,images_inaturalist,1,1.0,0.0,0.6191,0.8527,0.0,0.0105,0.236,0.0445,0.0241,12172,0.76,no,no,yes,no,1,review
Forcipiger_longirostris_iNaturalist_527171759.jpg,Forcipiger longirostris,images_inaturalist,1,1.0,0.0,0.4174,0.7928,0.0,0.0424,0.236,0.1797,0.0772,42060,0.8455,no,no,yes,no,1,review
Forcipiger_longirostris_iNaturalist_592502757.jpg,Forcipiger longirostris,images_inaturalist,1,1.0,0.0,0.6445,0.8774,0.0,0.1386,0.236,0.5873,0.0756,121378,0.9574,no,no,no,no,0,ok
Forcipiger_longirostris_iNaturalist_592502784.jpg,Forcipiger longirostris,images_inaturalist,1,1.0,0.0,0.8699,0.9351,0.0,0.1283,0.236,0.5436,0.0263,129973,0.9512,no,no,no,no,0,ok
Forcipiger_wanai_FishBaseUser_1557652063_162.158.167.38.jpg,Forcipiger wanai,images_fishbase_usercontrib,2,0.626,0.374,0.5374,0.3233,0.0,0.0569,0.181,0.3144,0.0687,17233,0.6185,no,yes,no,no,1,review
Forcipiger_wanai_FishBaseUser_1599387577_172.69.33.67.jpg,Forcipiger wanai,images_fishbase_usercontrib,1,1.0,0.0,0.6487,0.8556,0.0,0.0515,0.181,0.2845,0.0251,971693,0.8994,no,no,yes,no,1,review
Forcipiger_wanai_FishBase_Fowan_u0.jpg,Forcipiger wanai,images,1,1.0,0.0,0.2904,0.714,0.0,0.2062,0.181,1.1392,0.0609,104744,0.9488,no,no,no,no,0,ok
Forcipiger_wanai_iNaturalist_435111898.jpg,Forcipiger wanai,images_inaturalist,1,1.0,0.0,0.6814,0.8881,0.0,0.0865,0.181,0.4779,0.0626,112609,0.9409,no,no,no,no,0,ok
Forcipiger_wanai_iNaturalist_435111986.jpg,Forcipiger wanai,images_inaturalist,1,1.0,0.0,0.6146,0.865,0.0,0.1092,0.181,0.6033,0.0842,147638,0.9596,no,no,no,no,0,ok
Forcipiger_wanai_iNaturalist_435112008.jpg,Forcipiger wanai,images_inaturalist,1,1.0,0.0,0.3751,0.7436,0.0,0.1757,0.181,0.9707,0.0986,230042,0.9657,no,no,no,no,0,ok
Forcipiger_wanai_iNaturalist_436511687.jpg,Forcipiger wanai,images_inaturalist,1,1.0,0.0,0.5602,0.8721,0.0,0.1946,0.181,1.0751,0.1149,233415,0.9942,no,no,no,no,0,ok
Forcipiger_wanai_iNaturalist_456409328.jpg,Forcipiger wanai,images_inaturalist,1,1.0,0.0,0.4798,0.815,0.0,0.1602,0.181,0.8851,0.0986,162955,0.9797,no,no,no,no,0,ok
Forcipiger_wanai_iNaturalist_457030087.jpg,Forcipiger wanai,images_inaturalist,1,1.0,0.0,0.5682,0.829,0.0,0.13,0.181,0.7182,0.0669,67078,0.9672,no,no,no,no,0,ok
Forcipiger_wanai_iNaturalist_458153810.jpg,Forcipiger wanai,images_inaturalist,1,1.0,0.0,0.4683,0.8643,0.0,0.0455,0.181,0.2514,0.0378,70854,0.8895,no,no,yes,no,1,review
Forcipiger_wanai_iNaturalist_566944234.jpg,Forcipiger wanai,images_inaturalist,1,1.0,0.0,0.7036,0.9398,0.0,0.0764,0.181,0.4221,0.0685,31835,0.931,no,no,no,no,0,ok
Forcipiger_wanai_iNaturalist_59037792.jpg,Forcipiger wanai,images_inaturalist,1,1.0,0.0,0.2706,0.7697,0.0,0.2743,0.181,1.5155,0.1327,249939,0.9427,no,no,no,no,0,ok
Forcipiger_wanai_iNaturalist_597780049.jpg,Forcipiger wanai,images_inaturalist,1,1.0,0.0,0.6487,0.8783,0.0,0.0947,0.181,0.5232,0.1099,119859,0.9482,no,no,no,no,0,ok
Hemitaurichthys_multispinosus_Bishop_1514469863.jpg,Hemitaurichthys multispinosus,images_bishop,2,1.0,0.0,0.4575,0.8177,0.0,0.4049,0.4812,0.8414,0.0343,220223,0.9765,no,no,no,no,0,ok
Hemitaurichthys_multispinosus_FishBase_Hemul_u0.jpg,Hemitaurichthys multispinosus,images,2,1.0,0.0,0.4535,0.8201,0.0,0.4037,0.4812,0.8389,0.0338,140842,0.977,no,no,no,no,0,ok
Hemitaurichthys_polylepis_Bishop_224753564.jpg,Hemitaurichthys polylepis,images_bishop,1,1.0,0.0,0.4313,0.8713,0.0,0.5009,0.2421,2.069,0.0313,251134,0.9418,no,no,no,no,0,ok
Hemitaurichthys_polylepis_FishBaseUser_1469523293_162.158.167.12.jpg,Hemitaurichthys polylepis,images_fishbase_usercontrib,1,1.0,0.0,1.0283,0.9856,0.0,0.0159,0.2421,0.0657,0.0354,34326,0.7822,no,no,yes,no,1,review
Hemitaurichthys_polylepis_FishBaseUser_1473565135_162.158.165.25.jpg,Hemitaurichthys polylepis,images_fishbase_usercontrib,1,1.0,0.0,0.7445,0.954,0.0,0.2023,0.2421,0.8356,0.0531,92726,0.9856,no,no,no,no,0,ok
Hemitaurichthys_polylepis_FishBaseUser_1703951456_108.162.210.110.jpg,Hemitaurichthys polylepis,images_fishbase_usercontrib,1,1.0,0.0,0.6401,0.9135,0.0,0.089,0.2421,0.3676,0.1166,59852,0.9199,no,no,no,no,0,ok
Hemitaurichthys_polylepis_FishBaseUser_1704996733_108.162.212.117.jpg,Hemitaurichthys polylepis,images_fishbase_usercontrib,1,1.0,0.0,0.7199,0.9421,0.0,0.2033,0.2421,0.8397,0.0257,149124,0.986,no,no,no,no,0,ok
Hemitaurichthys_polylepis_FishBaseUser_1748163909_95.95.129.49.jpg,Hemitaurichthys polylepis,images_fishbase_usercontrib,1,1.0,0.0,0.7619,0.9585,0.0,0.1602,0.2421,0.6617,0.0228,5273708,0.967,no,no,no,no,0,ok
Hemitaurichthys_polylepis_FishBaseUser_1748163965_95.95.129.49.jpg,Hemitaurichthys polylepis,images_fishbase_usercontrib,1,1.0,0.0,0.1966,0.6666,0.0744,0.3857,0.2421,1.5931,0.05,4355319,0.8925,no,yes,no,no,1,review
Hemitaurichthys_polylepis_FishBase_Hepol_u0.jpg,Hemitaurichthys polylepis,images_fishbase_extra,1,1.0,0.0,0.6192,0.9482,0.0,0.2432,0.2421,1.0045,0.0245,127917,0.9996,no,no,no,no,0,ok
Hemitaurichthys_polylepis_FishBase_Hepol_u1.jpg,Hemitaurichthys polylepis,images_fishbase_extra,1,1.0,0.0,0.5197,0.8946,0.0,0.2755,0.2421,1.138,0.0522,84882,0.9897,no,no,no,no,0,ok
Hemitaurichthys_polylepis_FishBase_Hepol_u2.jpg,Hemitaurichthys polylepis,images_fishbase_extra,1,1.0,0.0,0.4325,0.8649,0.0,0.4998,0.2421,2.0644,0.0307,141985,0.942,no,no,no,no,0,ok
Hemitaurichthys_polylepis_FishBase_Hepol_u6.jpg,Hemitaurichthys polylepis,images_fishbase_extra,1,1.0,0.0,0.7809,0.9658,0.0,0.2608,0.2421,1.0772,0.0624,78280,0.994,no,no,no,no,0,ok
Hemitaurichthys_polylepis_FishBase_Hepol_u7.jpg,Hemitaurichthys polylepis,images_fishbase_extra,2,0.6593,0.3407,0.8662,0.4856,0.0,0.0649,0.2421,0.2681,0.0488,12454,0.6661,no,yes,yes,no,2,resegment_dinosam
Hemitaurichthys_polylepis_FishBase_Hepol_uc.jpg,Hemitaurichthys polylepis,images_fishbase_extra,1,1.0,0.0,0.5635,0.9368,0.0,0.2953,0.2421,1.2197,0.014,110583,0.9841,no,no,no,no,0,ok
Hemitaurichthys_polylepis_FishBase_Hepol_ud.jpg,Hemitaurichthys polylepis,images_fishbase_extra,1,1.0,0.0,0.4869,0.9314,0.0,0.2429,0.2421,1.0033,0.0525,114490,0.9997,no,no,no,no,0,ok
Hemitaurichthys_polylepis_FishBase_Hepol_ue.jpg,Hemitaurichthys polylepis,images_fishbase_extra,1,1.0,0.0,0.6373,0.9378,0.0,0.3692,0.2421,1.525,0.0551,113388,0.9662,no,no,no,no,0,ok
Hemitaurichthys_polylepis_FishPix_19342AF.jpg,Hemitaurichthys polylepis,images,1,1.0,0.0,0.726,0.9629,0.0,0.161,0.2421,0.665,0.0221,112448,0.9674,no,no,no,no,0,ok
Hemitaurichthys_polylepis_FishWise_056345F000009W000004.jpg,Hemitaurichthys polylepis,images_fishwise,1,1.0,0.0,0.6782,0.9356,0.0,0.3288,0.2421,1.3581,0.0227,129095,0.9755,no,no,no,no,0,ok
Hemitaurichthys_polylepis_FishWise_056345F000009W000005.jpg,Hemitaurichthys polylepis,images_fishwise,1,1.0,0.0,0.5586,0.927,0.0,0.3385,0.2421,1.3982,0.0172,135028,0.9732,no,no,no,no,0,ok
Hemitaurichthys_polylepis_FishWise_056345F000009W000006.jpg,Hemitaurichthys polylepis,images_fishwise,1,1.0,0.0,0.7195,0.9623,0.0,0.2194,0.2421,0.9062,0.0131,88706,0.9921,no,no,no,no,0,ok
Hemitaurichthys_polylepis_iNaturalist_179467594.jpg,Hemitaurichthys polylepis,images_inaturalist,1,1.0,0.0,0.7712,0.9611,0.0,0.0725,0.2421,0.2995,0.0757,52646,0.9035,no,no,yes,no,1,review
Hemitaurichthys_polylepis_iNaturalist_237757988.jpg,Hemitaurichthys polylepis,images_inaturalist,1,1.0,0.0,0.7552,0.9553,0.0,0.1862,0.2421,0.7691,0.0574,153288,0.979,no,no,no,no,0,ok
Hemitaurichthys_polylepis_iNaturalist_409603661.jpg,Hemitaurichthys polylepis,images_inaturalist,1,1.0,0.0,0.6021,0.9379,0.0,0.2234,0.2421,0.9228,0.024,165884,0.9936,no,no,no,no,0,ok
Hemitaurichthys_polylepis_iNaturalist_409603672.jpg,Hemitaurichthys polylepis,images_inaturalist,1,1.0,0.0,0.606,0.9342,0.0,0.1569,0.2421,0.6481,0.0899,116932,0.9653,no,no,no,no,0,ok
Hemitaurichthys_polylepis_iNaturalist_409603684.jpg,Hemitaurichthys polylepis,images_inaturalist,2,0.5628,0.4372,0.776,0.5643,0.0,0.0996,0.2421,0.4114,0.0099,41147,0.6902,no,yes,no,no,1,review
Hemitaurichthys_polylepis_iNaturalist_477147605.jpg,Hemitaurichthys polylepis,images_inaturalist,1,1.0,0.0,0.8281,0.9247,0.0,0.0747,0.2421,0.3086,0.0731,68304,0.9059,no,no,no,no,0,ok
Hemitaurichthys_polylepis_iNaturalist_505103184.jpg,Hemitaurichthys polylepis,images_inaturalist,1,1.0,0.0,0.7143,0.9337,0.0,0.1307,0.2421,0.5399,0.1262,97878,0.9507,no,no,no,no,0,ok
Hemitaurichthys_thompsoni_FishBase_Hetho_u0.jpg,Hemitaurichthys thompsoni,images_fishbase_extra,1,1.0,0.0,0.6771,0.922,0.0,0.3015,0.0654,4.6101,0.054,120504,0.8777,no,no,no,no,0,ok
Hemitaurichthys_thompsoni_FishPix_76147AF.jpg,Hemitaurichthys thompsoni,images,1,1.0,0.0,0.7091,0.9461,0.0,0.2273,0.0654,3.4755,0.0257,124539,0.9003,no,no,no,no,0,ok
Hemitaurichthys_thompsoni_iNaturalist_122841071.jpg,Hemitaurichthys thompsoni,images_inaturalist,1,1.0,0.0,0.6611,0.9227,0.0,0.1314,0.0654,2.0092,0.0026,120550,0.9442,no,no,no,no,0,ok
Hemitaurichthys_thompsoni_iNaturalist_263235771.jpg,Hemitaurichthys thompsoni,images_inaturalist,1,1.0,0.0,0.7066,0.9364,0.0,0.0446,0.0654,0.682,0.035,50055,0.9694,no,no,no,no,0,ok
Hemitaurichthys_thompsoni_iNaturalist_535843126.jpg,Hemitaurichthys thompsoni,images_inaturalist,1,1.0,0.0,0.7306,0.9251,0.0,0.0136,0.0654,0.208,0.0386,12612,0.8744,no,no,yes,no,1,review
Hemitaurichthys_thompsoni_iNaturalist_601149930.jpg,Hemitaurichthys thompsoni,images_inaturalist,2,0.6647,0.3353,0.7181,0.3177,0.0,0.0262,0.0654,0.4006,0.0209,31138,0.6498,no,yes,no,no,1,review
Hemitaurichthys_thompsoni_iNaturalist_601149946.jpg,Hemitaurichthys thompsoni,images_inaturalist,2,0.6399,0.3601,0.6596,0.6883,0.0,0.0785,0.0654,1.2003,0.0637,57905,0.8108,no,no,no,no,0,ok
Hemitaurichthys_thompsoni_iNaturalist_601149963.jpg,Hemitaurichthys thompsoni,images_inaturalist,2,0.7002,0.2998,0.8487,0.5272,0.0,0.0098,0.0654,0.1498,0.045,10905,0.6464,no,yes,yes,no,2,resegment_dinosam
Hemitaurichthys_thompsoni_iNaturalist_610388709.jpg,Hemitaurichthys thompsoni,images_inaturalist,1,1.0,0.0,0.725,0.9266,0.0,0.0109,0.0654,0.1667,0.0954,13638,0.8567,no,no,yes,no,1,review
Hemitaurichthys_zoster_Bishop_1598828141.jpg,Hemitaurichthys zoster,images_bishop,1,1.0,0.0,0.4054,0.869,0.0,0.4565,0.3348,1.3637,0.0268,239159,0.9752,no,no,no,no,0,ok
Hemitaurichthys_zoster_FishBaseUser_1344202968_62.178.129.238.jpg,Hemitaurichthys zoster,images_fishbase_usercontrib,1,1.0,0.0,0.6638,0.9448,0.0,0.324,0.3348,0.9679,0.133,117380,0.9974,no,no,no,no,0,ok
Hemitaurichthys_zoster_FishBaseUser_1361357028_86.28.236.182.jpg,Hemitaurichthys zoster,images_fishbase_usercontrib,1,1.0,0.0,0.7405,0.9521,0.0,0.3776,0.3348,1.128,0.032,305024,0.9904,no,no,no,no,0,ok
Hemitaurichthys_zoster_FishBaseUser_1473647686_162.158.165.25.jpg,Hemitaurichthys zoster,images_fishbase_usercontrib,3,0.5602,0.4398,0.6745,0.1819,0.0,0.0229,0.3348,0.0684,0.092,10553,0.4311,yes,yes,yes,no,3,resegment_dinosam
Hemitaurichthys_zoster_FishBaseUser_1473647790_162.158.165.25.jpg,Hemitaurichthys zoster,images_fishbase_usercontrib,1,1.0,0.0,0.7649,0.962,0.0,0.0577,0.3348,0.1724,0.072,40698,0.8593,no,no,yes,no,1,review
Hemitaurichthys_zoster_FishBaseUser_1519055724_188.114.102.246.jpg,Hemitaurichthys zoster,images_fishbase_usercontrib,1,1.0,0.0,0.5611,0.8127,0.0,0.299,0.3348,0.8932,0.0941,223511,0.9798,no,no,no,no,0,ok
Hemitaurichthys_zoster_FishBaseUser_1724990224_172.71.81.80.jpg,Hemitaurichthys zoster,images_fishbase_usercontrib,1,1.0,0.0,0.6812,0.9387,0.0,0.2025,0.3348,0.6049,0.0437,36221,0.9598,no,no,no,no,0,ok
Hemitaurichthys_zoster_FishBaseUser_1748164121_95.95.129.49.jpg,Hemitaurichthys zoster,images_fishbase_usercontrib,1,1.0,0.0,0.6395,0.9406,0.0,0.0613,0.3348,0.1831,0.0654,694525,0.8642,no,no,yes,no,1,review
Hemitaurichthys_zoster_FishBase_Hezos_u0.jpg,Hemitaurichthys zoster,images_fishbase_extra,2,1.0,0.0,0.3957,0.8586,0.0,0.454,0.3348,1.3562,0.0266,141053,0.9756,no,no,no,no,0,ok
Hemitaurichthys_zoster_FishBase_Hezos_u1.jpg,Hemitaurichthys zoster,images_fishbase_extra,1,1.0,0.0,0.546,0.8927,0.0,0.2381,0.3348,0.7113,0.0677,117090,0.9727,no,no,no,no,0,ok
Hemitaurichthys_zoster_FishBase_Hezos_u3.jpg,Hemitaurichthys zoster,images_fishbase_extra,1,1.0,0.0,0.4601,0.897,0.0,0.345,0.3348,1.0306,0.0313,150325,0.9976,no,no,no,no,0,ok
Hemitaurichthys_zoster_FishBase_Hezos_u4.jpg,Hemitaurichthys zoster,images_fishbase_extra,1,1.0,0.0,0.6768,0.9504,0.0,0.378,0.3348,1.1292,0.0369,108700,0.9903,no,no,no,no,0,ok
Hemitaurichthys_zoster_FishPix_12049AF.jpg,Hemitaurichthys zoster,images,1,1.0,0.0,0.8036,0.9665,0.0,0.1666,0.3348,0.4977,0.0159,70601,0.9442,no,no,no,no,0,ok
Hemitaurichthys_zoster_FishWise_075707F000009W000003.jpg,Hemitaurichthys zoster,images_fishwise,1,1.0,0.0,0.7378,0.9613,0.0,0.3712,0.3348,1.1089,0.0237,98043,0.9917,no,no,no,no,0,ok
Hemitaurichthys_zoster_FishWise_075707F000009W000007.jpg,Hemitaurichthys zoster,images_fishwise,1,1.0,0.0,0.6723,0.9503,0.0,0.3694,0.3348,1.1035,0.0371,124828,0.9921,no,no,no,no,0,ok
Hemitaurichthys_zoster_FishWise_075707F000009W000008.jpg,Hemitaurichthys zoster,images_fishwise,1,1.0,0.0,0.8412,0.9673,0.0,0.3738,0.3348,1.1167,0.0229,128566,0.9912,no,no,no,no,0,ok
Hemitaurichthys_zoster_FishWise_075707F000009W000009.jpg,Hemitaurichthys zoster,images_fishwise,1,1.0,0.0,0.7283,0.96,0.0,0.3364,0.3348,1.0049,0.0153,100926,0.9996,no,no,no,no,0,ok
Hemitaurichthys_zoster_FishWise_075707F000009W000010.jpg,Hemitaurichthys zoster,images_fishwise,1,1.0,0.0,0.6765,0.9276,0.0,0.3213,0.3348,0.9598,0.0083,99754,0.9967,no,no,no,no,0,ok
Hemitaurichthys_zoster_FishWise_075707F000009W000011.jpg,Hemitaurichthys zoster,images_fishwise,1,1.0,0.0,0.7802,0.9766,0.0,0.2856,0.3348,0.8532,0.0206,100449,0.9873,no,no,no,no,0,ok
Hemitaurichthys_zoster_FishWise_075707F000064W000001.gif,Hemitaurichthys zoster,images_fishwise,1,1.0,0.0,0.4114,0.879,0.0,0.3031,0.3348,0.9055,0.0696,116418,0.9921,no,no,no,no,0,ok
Hemitaurichthys_zoster_FishWise_075707F000112W000006.jpg,Hemitaurichthys zoster,images_fishwise,2,1.0,0.0,0.3617,0.8862,0.0007,0.5114,0.3348,1.5277,0.0251,122114,0.966,no,no,no,no,0,ok
Hemitaurichthys_zoster_FishWise_075707F000167W000005.jpg,Hemitaurichthys zoster,images_fishwise,1,1.0,0.0,0.9119,0.9737,0.0,0.0764,0.3348,0.2282,0.0532,22628,0.8818,no,no,yes,no,1,review
Hemitaurichthys_zoster_iNaturalist_15934136.jpg,Hemitaurichthys zoster,images_inaturalist,1,1.0,0.0,0.791,0.9703,0.0,0.3965,0.3348,1.1845,0.0278,402542,0.9865,no,no,no,no,0,ok
Hemitaurichthys_zoster_iNaturalist_485085859.jpg,Hemitaurichthys zoster,images_inaturalist,1,1.0,0.0,1.1521,1.0038,0.0,0.1684,0.3348,0.5031,0.0715,19920,0.945,no,no,no,no,0,ok
Hemitaurichthys_zoster_iNaturalist_567879903.jpg,Hemitaurichthys zoster,images_inaturalist,1,1.0,0.0,0.8597,0.9678,0.0,0.0186,0.3348,0.0556,0.0603,14893,0.7688,no,no,yes,no,1,review
Hemitaurichthys_zoster_iNaturalist_602452085.jpg,Hemitaurichthys zoster,images_inaturalist,1,1.0,0.0,0.7945,0.9689,0.0,0.097,0.3348,0.2898,0.0261,69906,0.9009,no,no,yes,no,1,review
Hemitaurichthys_zoster_iNaturalist_602702693.jpg,Hemitaurichthys zoster,images_inaturalist,1,1.0,0.0,0.5962,0.8821,0.0,0.2143,0.3348,0.6402,0.0609,137703,0.9643,no,no,no,no,0,ok
Hemitaurichthys_zoster_iNaturalist_77719643.jpg,Hemitaurichthys zoster,images_inaturalist,1,1.0,0.0,0.9216,0.9941,0.0,0.1314,0.3348,0.3925,0.0704,15073,0.9252,no,no,no,no,0,ok
Heniochus_acuminatus_Bishop_1817843498.jpg,Heniochus acuminatus,images_bishop,1,1.0,0.0,0.3454,0.7672,0.0,0.3278,0.2131,1.5382,0.1238,228780,0.9407,no,no,no,no,0,ok
Heniochus_acuminatus_Bishop_1965411939.jpg,Heniochus acuminatus,images_bishop,1,1.0,0.0,0.2611,0.6701,0.0,0.3694,0.2131,1.7335,0.1224,259307,0.902,no,yes,no,no,1,review
Heniochus_acuminatus_Bishop_2027043176.jpg,Heniochus acuminatus,images_bishop,1,1.0,0.0,0.39,0.726,0.0,0.3425,0.2131,1.6072,0.1325,146635,0.9248,no,yes,no,no,1,review
Heniochus_acuminatus_FishBaseUser_1345288087_117.240.235.66.jpg,Heniochus acuminatus,images_fishbase_usercontrib,1,1.0,0.0,0.3648,0.805,0.0,0.2119,0.2131,0.9944,0.067,115424,0.986,no,no,no,no,0,ok
Heniochus_acuminatus_FishBaseUser_1357797911_125.17.229.2.jpg,Heniochus acuminatus,images_fishbase_usercontrib,1,1.0,0.0,0.4582,0.7704,0.0,0.2329,0.2131,1.0929,0.079,3387300,0.969,no,no,no,no,0,ok
Heniochus_acuminatus_FishBaseUser_1361880251_82.20.1.24.jpg,Heniochus acuminatus,images_fishbase_usercontrib,1,1.0,0.0,0.3692,0.8086,0.0,0.2676,0.2131,1.2557,0.0222,279984,0.9694,no,no,no,no,0,ok
Heniochus_acuminatus_FishBaseUser_1366041827_182.178.32.137.jpg,Heniochus acuminatus,images_fishbase_usercontrib,2,0.9999,0.0001,0.3062,0.7233,0.0,0.2696,0.2131,1.2651,0.0414,169191,0.9431,no,no,no,no,0,ok
Heniochus_acuminatus_FishBaseUser_1378774478_69.127.149.175.jpg,Heniochus acuminatus,images_fishbase_usercontrib,1,1.0,0.0,0.2699,0.6008,0.0166,0.1787,0.2131,0.8386,0.2454,65437,0.9078,no,yes,no,no,1,review
Heniochus_acuminatus_FishBaseUser_1378774560_69.127.149.175.jpg,Heniochus acuminatus,images_fishbase_usercontrib,1,1.0,0.0,0.2457,0.6476,0.0,0.1746,0.2131,0.8193,0.1408,69034,0.9233,no,yes,no,no,1,review
Heniochus_acuminatus_FishBaseUser_1397911556_5.201.158.99.jpg,Heniochus acuminatus,images_fishbase_usercontrib,1,1.0,0.0,0.3599,0.6554,0.0,0.117,0.2131,0.549,0.0828,355711,0.8937,no,no,no,no,0,ok
Heniochus_acuminatus_FishBaseUser_1424498408_94.198.16.174.jpg,Heniochus acuminatus,images_fishbase_usercontrib,2,0.6964,0.3036,0.2559,0.4091,0.0,0.1776,0.2131,0.8334,0.0794,3262307,0.7469,no,yes,no,no,1,review
Heniochus_acuminatus_FishBaseUser_1435171275_39.33.202.206.jpg,Heniochus acuminatus,images_fishbase_usercontrib,1,1.0,0.0,0.2635,0.7047,0.0,0.3714,0.2131,1.7428,0.0674,217844,0.912,no,yes,no,no,1,review
Heniochus_acuminatus_FishBaseUser_1435171341_39.33.202.206.jpg,Heniochus acuminatus,images_fishbase_usercontrib,1,1.0,0.0,0.3369,0.7489,0.0,0.333,0.2131,1.5626,0.0819,232971,0.934,no,yes,no,no,1,review
Heniochus_acuminatus_FishBaseUser_1441343189_117.206.95.248.jpg,Heniochus acuminatus,images_fishbase_usercontrib,1,1.0,0.0,0.3429,0.6199,0.0,0.1547,0.2131,0.726,0.0717,266183,0.9053,no,yes,no,no,1,review
Heniochus_acuminatus_FishBaseUser_1476521901_162.158.31.220.jpg,Heniochus acuminatus,images_fishbase_usercontrib,1,1.0,0.0,0.4115,0.8629,0.0,0.5151,0.2131,2.4172,0.0724,308003,0.9294,no,no,no,no,0,ok
Heniochus_acuminatus_FishBaseUser_1481975447_188.114.102.52.jpg,Heniochus acuminatus,images_fishbase_usercontrib,2,0.5402,0.4598,0.3675,0.508,0.0,0.0724,0.2131,0.3397,0.0893,19651,0.6501,no,yes,no,no,1,review
Heniochus_acuminatus_FishBaseUser_1519786756_188.114.110.132.jpg,Heniochus acuminatus,images_fishbase_usercontrib,1,1.0,0.0,0.3877,0.7852,0.0,0.2383,0.2131,1.1183,0.0716,992855,0.9716,no,no,no,no,0,ok
Heniochus_acuminatus_FishBaseUser_1535211996_172.68.146.22.jpg,Heniochus acuminatus,images_fishbase_usercontrib,1,1.0,0.0,0.3667,0.7326,0.0,0.2552,0.2131,1.1976,0.0687,222237,0.9504,no,no,no,no,0,ok
Heniochus_acuminatus_FishBaseUser_1541666291_162.158.155.226.jpg,Heniochus acuminatus,images_fishbase_usercontrib,1,1.0,0.0,0.3411,0.8113,0.0,0.3565,0.2131,1.6729,0.0979,3404527,0.9472,no,no,no,no,0,ok
Heniochus_acuminatus_FishBaseUser_1569828542_172.68.141.60.jpg,Heniochus acuminatus,images_fishbase_usercontrib,1,1.0,0.0,0.3717,0.7026,0.0,0.0818,0.2131,0.3839,0.1082,246775,0.8792,no,no,no,no,0,ok
Heniochus_acuminatus_FishBaseUser_1569828565_172.68.189.231.jpg,Heniochus acuminatus,images_fishbase_usercontrib,1,1.0,0.0,0.3585,0.6345,0.0,0.0924,0.2131,0.4336,0.0367,254720,0.8685,no,yes,no,no,1,review
Heniochus_acuminatus_FishBaseUser_1569828595_172.68.132.67.jpg,Heniochus acuminatus,images_fishbase_usercontrib,1,1.0,0.0,0.1741,0.7586,0.0,0.2504,0.2131,1.175,0.0663,876243,0.9571,no,no,no,no,0,ok
Heniochus_acuminatus_FishBaseUser_1569828756_162.158.255.18.jpg,Heniochus acuminatus,images_fishbase_usercontrib,1,1.0,0.0,0.7017,0.9613,0.0,0.2176,0.2131,1.0211,0.1299,395996,0.9983,no,no,no,no,0,ok
Heniochus_acuminatus_FishBaseUser_1577525378_172.68.102.128.jpg,Heniochus acuminatus,images_fishbase_usercontrib,1,1.0,0.0,0.6269,0.8447,0.0,0.0772,0.2131,0.3623,0.0107,764073,0.9172,no,no,no,no,0,ok
Heniochus_acuminatus_FishBaseUser_1577525860_172.68.102.128.jpg,Heniochus acuminatus,images_fishbase_usercontrib,1,1.0,0.0,0.2239,0.5601,0.0,0.1259,0.2131,0.5908,0.1849,2076885,0.8709,no,yes,no,no,1,review
Heniochus_acuminatus_FishBaseUser_1637581424_162.158.166.242.jpg,Heniochus acuminatus,images_fishbase_usercontrib,1,1.0,0.0,0.3342,0.6564,0.0,0.2356,0.2131,1.1056,0.23,1713318,0.9339,no,no,no,no,0,ok
Heniochus_acuminatus_FishBaseUser_1648891926_172.70.188.45.jpg,Heniochus acuminatus,images_fishbase_usercontrib,1,1.0,0.0,0.7219,0.8752,0.0,0.0969,0.2131,0.4547,0.1206,291678,0.937,no,no,no,no,0,ok
Heniochus_acuminatus_FishBaseUser_1656495866_172.70.143.34.jpg,Heniochus acuminatus,images_fishbase_usercontrib,1,1.0,0.0,0.4179,0.7285,0.0,0.1998,0.2131,0.9376,0.0869,555040,0.9584,no,no,no,no,0,ok
Heniochus_acuminatus_FishBaseUser_1672901713_172.71.214.132.jpg,Heniochus acuminatus,images_fishbase_usercontrib,1,1.0,0.0,0.2943,0.5464,0.0,0.0495,0.2131,0.2323,0.0881,27839,0.7921,no,yes,yes,no,2,resegment_dinosam
Heniochus_acuminatus_FishBaseUser_1672901758_162.158.178.62.jpg,Heniochus acuminatus,images_fishbase_usercontrib,1,1.0,0.0,0.4897,0.823,0.0,0.1813,0.2131,0.8508,0.03,812252,0.979,no,no,no,no,0,ok
Heniochus_acuminatus_FishBaseUser_1672901777_162.158.178.63.jpg,Heniochus acuminatus,images_fishbase_usercontrib,1,1.0,0.0,0.2509,0.7459,0.0,0.1536,0.2131,0.7208,0.1235,576650,0.9426,no,no,no,no,0,ok
Heniochus_acuminatus_FishBaseUser_1706115133_172.70.54.168.jpg,Heniochus acuminatus,images_fishbase_usercontrib,1,1.0,0.0,0.4706,0.8103,0.0746,0.3962,0.2131,1.8592,0.0876,337944,0.9236,no,no,no,no,0,ok
Heniochus_acuminatus_FishBaseUser_1724989381_172.71.81.145.jpg,Heniochus acuminatus,images_fishbase_usercontrib,1,1.0,0.0,0.4367,0.6652,0.0,0.1819,0.2131,0.8536,0.168,53508,0.9319,no,no,no,no,0,ok
Heniochus_acuminatus_FishBaseUser_1724989443_172.71.82.120.jpg,Heniochus acuminatus,images_fishbase_usercontrib,1,1.0,0.0,0.4053,0.7605,0.0,0.2639,0.2131,1.2384,0.0448,63857,0.956,no,no,no,no,0,ok
Heniochus_acuminatus_FishBaseUser_1739416905_172.70.208.160.jpg,Heniochus acuminatus,images_fishbase_usercontrib,1,1.0,0.0,0.3359,0.6853,0.0012,0.2024,0.2131,0.9498,0.164,297744,0.9462,no,no,no,no,0,ok
Heniochus_acuminatus_FishBaseUser_1745462600_125.227.116.37.jpg,Heniochus acuminatus,images_fishbase_usercontrib,1,1.0,0.0,0.3958,0.7742,0.0,0.1704,0.2131,0.7996,0.223,427063,0.9594,no,no,no,no,0,ok
Heniochus_acuminatus_FishBaseUser_1748164378_95.95.129.49.jpg,Heniochus acuminatus,images_fishbase_usercontrib,2,0.9999,0.0001,0.3322,0.6265,0.0,0.086,0.2131,0.4036,0.0501,2607026,0.8603,no,yes,no,no,1,review
Heniochus_acuminatus_FishBaseUser_1748164433_95.95.129.49.jpg,Heniochus acuminatus,images_fishbase_usercontrib,1,1.0,0.0,0.2828,0.6798,0.0,0.1469,0.2131,0.6893,0.0763,3613170,0.9192,no,no,no,no,0,ok
Heniochus_acuminatus_FishBaseUser_1761156316_203.189.184.146.jpg,Heniochus acuminatus,images_fishbase_usercontrib,4,0.9992,0.0008,0.1204,0.6244,0.0,0.2475,0.2131,1.1614,0.115,581092,0.9121,no,yes,no,no,1,review
Heniochus_acuminatus_FishBase_Heacu_j0.jpg,Heniochus acuminatus,images_fishbase_extra,1,1.0,0.0,0.306,0.5465,0.0,0.0953,0.2131,0.4472,0.1365,48004,0.8446,no,yes,no,no,1,review
Heniochus_acuminatus_FishBase_Heacu_j1.jpg,Heniochus acuminatus,images_fishbase_extra,1,1.0,0.0,0.5217,0.7413,0.0,0.113,0.2131,0.5303,0.0508,39799,0.9166,no,no,no,no,0,ok
Heniochus_acuminatus_FishBase_Heacu_u1.jpg,Heniochus acuminatus,images_fishbase_extra,1,1.0,0.0,0.2577,0.6758,0.0,0.3699,0.2131,1.7358,0.1225,150737,0.9036,no,yes,no,no,1,review
Heniochus_acuminatus_FishBase_Heacu_u2.jpg,Heniochus acuminatus,images_fishbase_extra,2,1.0,0.0,0.3386,0.678,0.0,0.3445,0.2131,1.6166,0.1307,88710,0.91,no,yes,no,no,1,review
Heniochus_acuminatus_FishBase_Heacu_u3.jpg,Heniochus acuminatus,images_fishbase_extra,1,1.0,0.0,0.1427,0.5952,0.0,0.216,0.2131,1.0136,0.0905,133198,0.9167,no,yes,no,no,1,review
Heniochus_acuminatus_FishBase_Heacu_u4.jpg,Heniochus acuminatus,images_fishbase_extra,1,1.0,0.0,0.3286,0.7608,0.0,0.3263,0.2131,1.5312,0.1229,135690,0.9392,no,no,no,no,0,ok
Heniochus_acuminatus_FishBase_Heacu_u6.jpg,Heniochus acuminatus,images_fishbase_extra,1,1.0,0.0,0.2817,0.5744,0.0,0.0784,0.2131,0.3679,0.0529,52510,0.8373,no,yes,no,no,1,review
Heniochus_acuminatus_FishBase_Heacu_ug.jpg,Heniochus acuminatus,images_fishbase_extra,1,1.0,0.0,0.2735,0.6384,0.0002,0.3543,0.2131,1.6626,0.1208,136367,0.8958,no,yes,no,no,1,review
Heniochus_acuminatus_FishBase_Heacu_ui.jpg,Heniochus acuminatus,images_fishbase_extra,1,1.0,0.0,0.6376,0.8735,0.0,0.1731,0.2131,0.8123,0.0297,65999,0.9834,no,no,no,no,0,ok
Heniochus_acuminatus_FishBase_Heacu_uj.jpg,Heniochus acuminatus,images_fishbase_extra,1,1.0,0.0,0.2118,0.6889,0.0,0.2974,0.2131,1.3956,0.0488,128062,0.925,no,no,no,no,0,ok
Heniochus_acuminatus_FishBase_Heacu_uk.jpg,Heniochus acuminatus,images_fishbase_extra,1,1.0,0.0,0.3954,0.7472,0.0,0.3755,0.2131,1.7621,0.0966,102869,0.9238,no,yes,no,no,1,review
Heniochus_acuminatus_FishBase_Hedip_u3.jpg,Heniochus acuminatus,images_fishbase_extra,1,1.0,0.0,0.5335,0.802,0.0,0.1299,0.2131,0.6096,0.0378,56702,0.946,no,no,no,no,0,ok
Heniochus_acuminatus_FishPix_54009AF.jpg,Heniochus acuminatus,images,1,1.0,0.0,0.348,0.6438,0.0,0.1836,0.2131,0.8616,0.144,128013,0.9262,no,yes,no,no,1,review
Heniochus_acuminatus_FishWise_000442F000007W000009.jpg,Heniochus acuminatus,images_fishwise,1,1.0,0.0,0.2896,0.5569,0.0,0.1711,0.2131,0.8029,0.1346,52010,0.8945,no,yes,no,no,1,review
Heniochus_acuminatus_FishWise_000442F000009W000008.jpg,Heniochus acuminatus,images_fishwise,1,1.0,0.0,0.2681,0.6143,0.0,0.0944,0.2131,0.443,0.1199,33289,0.8642,no,yes,no,no,1,review
Heniochus_acuminatus_FishWise_000442F000009W000010.jpg,Heniochus acuminatus,images_fishwise,1,1.0,0.0,0.2877,0.6721,0.0,0.1454,0.2131,0.6823,0.0421,70735,0.916,no,no,no,no,0,ok
Heniochus_acuminatus_FishWise_000442F000009W000013.jpg,Heniochus acuminatus,images_fishwise,1,1.0,0.0,0.3224,0.7751,0.0,0.1931,0.2131,0.9061,0.0408,105594,0.9696,no,no,no,no,0,ok
Heniochus_acuminatus_FishWise_000442F000009W000014.jpg,Heniochus acuminatus,images_fishwise,1,1.0,0.0,0.2706,0.7212,0.0,0.1582,0.2131,0.7424,0.0265,91141,0.9375,no,no,no,no,0,ok
Heniochus_acuminatus_FishWise_000442F000009W000015.jpg,Heniochus acuminatus,images_fishwise,1,1.0,0.0,0.2696,0.67,0.0,0.21,0.2131,0.9855,0.0373,90272,0.9448,no,no,no,no,0,ok
Heniochus_acuminatus_FishWise_000442F000009W000016.jpg,Heniochus acuminatus,images_fishwise,1,1.0,0.0,0.2737,0.705,0.0,0.1418,0.2131,0.6654,0.0446,87609,0.9239,no,no,no,no,0,ok
Heniochus_acuminatus_FishWise_000442F000024W000002.jpg,Heniochus acuminatus,images_fishwise,1,1.0,0.0,0.2539,0.6727,0.0,0.3698,0.2131,1.7353,0.1226,113632,0.9027,no,yes,no,no,1,review
Heniochus_acuminatus_FishWise_000442F000024W000003.jpg,Heniochus acuminatus,images_fishwise,1,1.0,0.0,0.1304,0.6013,0.0,0.1939,0.2131,0.9099,0.0427,108066,0.9109,no,yes,no,no,1,review
Heniochus_acuminatus_FishWise_000442F000025W000001.gif,Heniochus acuminatus,images_fishwise,1,1.0,0.0,0.3365,0.6474,0.0,0.1543,0.2131,0.7241,0.0888,58083,0.9134,no,yes,no,no,1,review
Heniochus_acuminatus_FishWise_000442F000031W000004.jpg,Heniochus acuminatus,images_fishwise,1,1.0,0.0,0.3432,0.6433,0.0,0.199,0.2131,0.9338,0.122,62360,0.9325,no,yes,no,no,1,review
Heniochus_acuminatus_FishWise_000442F000112W000007.jpg,Heniochus acuminatus,images_fishwise,1,1.0,0.0,0.3506,0.6923,0.0,0.2131,0.2131,1.0,0.1488,61572,0.9527,no,no,no,no,0,ok
Heniochus_acuminatus_FishWise_000442F000112W000011.jpg,Heniochus acuminatus,images_fishwise,1,1.0,0.0,0.4242,0.78,0.0003,0.3255,0.2131,1.5275,0.167,61598,0.9451,no,no,no,no,0,ok
Heniochus_acuminatus_FishWise_000442F000112W000012.jpg,Heniochus acuminatus,images_fishwise,1,1.0,0.0,0.3825,0.7448,0.0,0.3313,0.2131,1.5547,0.1288,58748,0.9331,no,yes,no,no,1,review
Heniochus_acuminatus_FishWise_000442F004577W000017.jpg,Heniochus acuminatus,images_fishwise,2,0.5503,0.4497,0.3161,0.4058,0.0,0.101,0.2131,0.474,0.056,46214,0.6496,no,yes,no,no,1,review
Heniochus_acuminatus_iNaturalist_20970094.jpg,Heniochus acuminatus,images_inaturalist,4,0.3602,0.6398,0.3922,0.3411,0.0,0.0884,0.2131,0.4148,0.0213,25978,0.553,yes,yes,no,no,2,resegment_dinosam
Heniochus_acuminatus_iNaturalist_230063607.jpg,Heniochus acuminatus,images_inaturalist,4,0.3749,0.6251,0.6057,0.1675,0.0,0.0124,0.2131,0.0582,0.0606,7605,0.3489,yes,yes,yes,no,3,resegment_dinosam
Heniochus_acuminatus_iNaturalist_251551497.jpg,Heniochus acuminatus,images_inaturalist,1,1.0,0.0,0.3033,0.6716,0.0,0.0457,0.2131,0.2145,0.0633,55884,0.8233,no,no,yes,no,1,review
Heniochus_acuminatus_iNaturalist_386242137.jpg,Heniochus acuminatus,images_inaturalist,1,1.0,0.0,0.3216,0.6589,0.0,0.0964,0.2131,0.4524,0.1215,108602,0.8792,no,no,no,no,0,ok
Heniochus_acuminatus_iNaturalist_386242143.jpg,Heniochus acuminatus,images_inaturalist,1,1.0,0.0,0.2938,0.5747,0.0,0.1641,0.2131,0.7701,0.0929,199737,0.8965,no,yes,no,no,1,review
Heniochus_acuminatus_iNaturalist_407722773.jpg,Heniochus acuminatus,images_inaturalist,1,1.0,0.0,0.3325,0.6914,0.0,0.2149,0.2131,1.0084,0.1568,282097,0.9517,no,no,no,no,0,ok
Heniochus_acuminatus_iNaturalist_598752844.jpg,Heniochus acuminatus,images_inaturalist,1,1.0,0.0,0.3826,0.6522,0.0,0.1694,0.2131,0.7949,0.0112,186924,0.9223,no,no,no,no,0,ok
Heniochus_acuminatus_iNaturalist_598752856.jpg,Heniochus acuminatus,images_inaturalist,2,0.9998,0.0002,0.1701,0.4538,0.0,0.2131,0.2131,1.0,0.1263,257885,0.8781,no,yes,no,no,1,review
Heniochus_acuminatus_iNaturalist_598753383.jpg,Heniochus acuminatus,images_inaturalist,2,0.5559,0.4441,0.7169,0.2267,0.0,0.0066,0.2131,0.031,0.173,3225,0.4176,no,yes,yes,no,2,resegment_dinosam
Heniochus_acuminatus_iNaturalist_598753419.jpg,Heniochus acuminatus,images_inaturalist,1,1.0,0.0,0.1761,0.452,0.0,0.0804,0.2131,0.3773,0.1072,163442,0.8002,no,yes,no,no,1,review
Heniochus_chrysostomus_Bishop_1854375753.jpg,Heniochus chrysostomus,images_bishop,1,1.0,0.0,0.4889,0.8326,0.0036,0.4834,0.2336,2.0698,0.0248,222263,0.9359,no,no,no,no,0,ok
Heniochus_chrysostomus_FishBaseUser_1341436591_24.185.16.14.jpg,Heniochus chrysostomus,images_fishbase_usercontrib,3,0.429,0.571,0.3931,0.3379,0.0,0.0866,0.2336,0.3708,0.0363,23497,0.5672,yes,yes,no,no,2,resegment_dinosam
Heniochus_chrysostomus_FishBaseUser_1343294592_82.243.202.40.jpg,Heniochus chrysostomus,images_fishbase_usercontrib,2,0.6155,0.3845,0.4258,0.6314,0.0,0.1214,0.2336,0.5198,0.0389,18197,0.7475,no,yes,no,no,1,review
Heniochus_chrysostomus_FishBaseUser_1343294769_82.243.202.40.jpg,Heniochus chrysostomus,images_fishbase_usercontrib,1,1.0,0.0,0.3034,0.7628,0.0,0.1669,0.2336,0.7146,0.0579,72642,0.947,no,no,no,no,0,ok
Heniochus_chrysostomus_FishBaseUser_1374870794_83.89.41.145.jpg,Heniochus chrysostomus,images_fishbase_usercontrib,1,1.0,0.0,0.4484,0.8339,0.0,0.1821,0.2336,0.7797,0.1107,1925047,0.9753,no,no,no,no,0,ok
Heniochus_chrysostomus_FishBaseUser_1389913211_38.99.243.46.jpg,Heniochus chrysostomus,images_fishbase_usercontrib,4,0.3869,0.6131,0.3932,0.2177,0.0,0.0429,0.2336,0.1837,0.04,119716,0.4602,yes,yes,yes,no,3,resegment_dinosam
Heniochus_chrysostomus_FishBaseUser_1469523393_162.158.167.12.jpg,Heniochus chrysostomus,images_fishbase_usercontrib,1,1.0,0.0,0.3783,0.8196,0.0,0.167,0.2336,0.7151,0.1413,551044,0.964,no,no,no,no,0,ok
Heniochus_chrysostomus_FishBaseUser_1577525997_172.68.102.30.jpg,Heniochus chrysostomus,images_fishbase_usercontrib,1,1.0,0.0,0.515,0.822,0.0001,0.2519,0.2336,1.0786,0.0275,1225066,0.9855,no,no,no,no,0,ok
Heniochus_chrysostomus_FishBaseUser_1704667341_172.70.54.42.jpg,Heniochus chrysostomus,images_fishbase_usercontrib,1,1.0,0.0,0.2523,0.6382,0.0,0.0993,0.2336,0.4252,0.1173,160969,0.868,no,yes,no,no,1,review
Heniochus_chrysostomus_FishBaseUser_1704988942_172.70.82.177.jpg,Heniochus chrysostomus,images_fishbase_usercontrib,1,1.0,0.0,0.3925,0.7718,0.0,0.0624,0.2336,0.2672,0.0948,89963,0.871,no,no,yes,no,1,review
Heniochus_chrysostomus_FishBaseUser_1706913708_172.70.55.71.jpg,Heniochus chrysostomus,images_fishbase_usercontrib,2,0.6286,0.3714,0.4273,0.5827,0.0,0.1481,0.2336,0.6341,0.073,116267,0.7534,no,yes,no,no,1,review
Heniochus_chrysostomus_FishBaseUser_1748164718_95.95.129.49.jpg,Heniochus chrysostomus,images_fishbase_usercontrib,1,1.0,0.0,0.3733,0.7568,0.0,0.1754,0.2336,0.751,0.0022,3470844,0.9491,no,no,no,no,0,ok
Heniochus_chrysostomus_FishBaseUser_1748164773_95.95.129.49.jpg,Heniochus chrysostomus,images_fishbase_usercontrib,1,1.0,0.0,0.4745,0.7849,0.0,0.1943,0.2336,0.8319,0.0809,1322485,0.9658,no,no,no,no,0,ok
Heniochus_chrysostomus_FishBase_Hechr_j0.jpg,Heniochus chrysostomus,images_fishbase_extra,1,1.0,0.0,0.3345,0.6411,0.0,0.2995,0.2336,1.2824,0.1255,86095,0.9174,no,yes,no,no,1,review
Heniochus_chrysostomus_FishBase_Hechr_j1.jpg,Heniochus chrysostomus,images_fishbase_extra,1,1.0,0.0,0.3626,0.6508,0.0,0.1999,0.2336,0.8559,0.0834,75037,0.9278,no,no,no,no,0,ok
Heniochus_chrysostomus_FishBase_Hechr_u0.jpg,Heniochus chrysostomus,images_fishbase_extra,1,1.0,0.0,0.4841,0.8313,0.0038,0.4837,0.2336,2.0711,0.0252,125408,0.9354,no,no,no,no,0,ok
Heniochus_chrysostomus_FishBase_Hechr_u1.jpg,Heniochus chrysostomus,images_fishbase_extra,1,1.0,0.0,0.4037,0.6972,0.0,0.263,0.2336,1.1261,0.0336,115466,0.9447,no,no,no,no,0,ok
Heniochus_chrysostomus_FishBase_Hechr_u2.jpg,Heniochus chrysostomus,images_fishbase_extra,1,1.0,0.0,0.5005,0.7684,0.0,0.1883,0.2336,0.8063,0.0642,75630,0.9583,no,no,no,no,0,ok
Heniochus_chrysostomus_FishBase_Hechr_u3.jpg,Heniochus chrysostomus,images_fishbase_extra,1,1.0,0.0,0.3641,0.7427,0.0,0.1001,0.2336,0.4286,0.0727,37090,0.9,no,no,no,no,0,ok
Heniochus_chrysostomus_FishBase_Hechr_u6.jpg,Heniochus chrysostomus,images_fishbase_extra,1,1.0,0.0,0.3382,0.7652,0.0,0.1869,0.2336,0.8003,0.1129,96575,0.9567,no,no,no,no,0,ok
Heniochus_chrysostomus_FishBase_Hechr_u7.jpg,Heniochus chrysostomus,images_fishbase_extra,1,1.0,0.0,0.3955,0.7479,0.0,0.2815,0.2336,1.2053,0.113,97732,0.9544,no,no,no,no,0,ok
Heniochus_chrysostomus_FishPix_15259AF.jpg,Heniochus chrysostomus,images,1,1.0,0.0,0.4098,0.7478,0.0,0.2427,0.2336,1.0392,0.0868,132930,0.9663,no,no,no,no,0,ok
Heniochus_chrysostomus_FishWise_014849F000004W000011.jpg,Heniochus chrysostomus,images_fishwise,1,1.0,0.0,0.3596,0.6223,0.0,0.0986,0.2336,0.4222,0.1637,45611,0.8627,no,yes,no,no,1,review
Heniochus_chrysostomus_FishWise_014849F000009W000009.jpg,Heniochus chrysostomus,images_fishwise,1,1.0,0.0,0.4666,0.8492,0.0,0.1875,0.2336,0.8028,0.052,80752,0.9822,no,no,no,no,0,ok
Heniochus_chrysostomus_FishWise_014849F000024W000001.jpg,Heniochus chrysostomus,images_fishwise,1,1.0,0.0,0.4859,0.8302,0.0,0.4257,0.2336,1.8227,0.024,93648,0.946,no,no,no,no,0,ok
Heniochus_chrysostomus_FishWise_014849F000024W000002.jpg,Heniochus chrysostomus,images_fishwise,1,1.0,0.0,0.3985,0.6959,0.0,0.2612,0.2336,1.1184,0.0336,98196,0.9448,no,no,no,no,0,ok
Heniochus_chrysostomus_FishWise_014849F000031W000004.jpg,Heniochus chrysostomus,images_fishwise,1,1.0,0.0,0.3539,0.7394,0.0,0.0988,0.2336,0.423,0.0703,30235,0.898,no,no,no,no,0,ok
Heniochus_chrysostomus_FishWise_014849F000090W000003.jpg,Heniochus chrysostomus,images_fishwise,1,1.0,0.0,0.5058,0.7569,0.009,0.3106,0.2336,1.3299,0.089,52652,0.9475,no,no,no,no,0,ok
Heniochus_chrysostomus_FishWise_014849F000112W000005.jpg,Heniochus chrysostomus,images_fishwise,1,1.0,0.0,0.3693,0.7968,0.0,0.3786,0.2336,1.6211,0.1054,66326,0.9454,no,no,no,no,0,ok
Heniochus_chrysostomus_FishWise_014849F000112W000006.jpg,Heniochus chrysostomus,images_fishwise,1,1.0,0.0,0.2817,0.5994,0.0,0.2885,0.2336,1.2353,0.1591,54300,0.9079,no,yes,no,no,1,review
Heniochus_chrysostomus_FishWise_014849F000112W000010.jpg,Heniochus chrysostomus,images_fishwise,3,0.9999,0.0001,0.2891,0.6567,0.0,0.3076,0.2336,1.3171,0.1243,59497,0.9199,no,no,no,no,0,ok
Heniochus_chrysostomus_FishWise_014849F000387W000007.jpg,Heniochus chrysostomus,images_fishwise,1,1.0,0.0,0.5737,0.8994,0.0007,0.3049,0.2336,1.3055,0.0994,97648,0.9785,no,no,no,no,0,ok
Heniochus_chrysostomus_FishWise_014849F000387W000008.jpg,Heniochus chrysostomus,images_fishwise,1,1.0,0.0,0.5924,0.8996,0.0,0.2682,0.2336,1.1484,0.0755,85864,0.9889,no,no,no,no,0,ok
Heniochus_chrysostomus_iNaturalist_170510325.jpg,Heniochus chrysostomus,images_inaturalist,2,0.6314,0.3686,0.355,0.541,0.0,0.1558,0.2336,0.6671,0.0393,121693,0.7459,no,yes,no,no,1,review
Heniochus_chrysostomus_iNaturalist_206734406.jpg,Heniochus chrysostomus,images_inaturalist,1,1.0,0.0,0.3878,0.7473,0.0,0.1293,0.2336,0.5536,0.1746,136043,0.9219,no,no,no,no,0,ok
Heniochus_chrysostomus_iNaturalist_237286772.jpg,Heniochus chrysostomus,images_inaturalist,4,0.344,0.656,0.5994,0.2307,0.0,0.0474,0.2336,0.203,0.082,21013,0.457,yes,yes,yes,no,3,resegment_dinosam
Heniochus_chrysostomus_iNaturalist_237286787.jpg,Heniochus chrysostomus,images_inaturalist,1,1.0,0.0,0.6062,0.7931,0.0,0.0087,0.2336,0.0373,0.2176,8014,0.7429,no,no,yes,no,1,review
Heniochus_chrysostomus_iNaturalist_237980308.jpg,Heniochus chrysostomus,images_inaturalist,1,1.0,0.0,0.3654,0.74,0.0,0.3598,0.2336,1.5406,0.1244,324333,0.9324,no,yes,no,no,1,review
Heniochus_chrysostomus_iNaturalist_251695494.jpg,Heniochus chrysostomus,images_inaturalist,4,0.7667,0.2333,0.2518,0.5099,0.0,0.1673,0.2336,0.7163,0.1077,186284,0.7896,yes,yes,no,no,2,resegment_dinosam
Heniochus_chrysostomus_iNaturalist_472989237.jpg,Heniochus chrysostomus,images_inaturalist,1,1.0,0.0,0.3846,0.7272,0.0,0.0908,0.2336,0.3888,0.0157,142036,0.8876,no,no,no,no,0,ok
Heniochus_chrysostomus_iNaturalist_9703424.jpg,Heniochus chrysostomus,images_inaturalist,1,1.0,0.0,0.2757,0.7272,0.0,0.0219,0.2336,0.0938,0.0538,26487,0.7738,no,no,yes,no,1,review
Heniochus_chrysostomus_iNaturalist_9703440.jpg,Heniochus chrysostomus,images_inaturalist,1,1.0,0.0,0.4939,0.7374,0.0,0.0069,0.2336,0.0295,0.041,7983,0.7262,no,no,yes,no,1,review
Heniochus_diphreutes_Bishop_1453219286.jpg,Heniochus diphreutes,images_bishop,1,1.0,0.0,0.3715,0.7354,0.0013,0.3809,0.2086,1.826,0.0892,181168,0.9172,no,yes,no,no,1,review
Heniochus_diphreutes_FishBaseUser_1343294955_82.243.202.40.jpg,Heniochus diphreutes,images_fishbase_usercontrib,4,0.9986,0.0014,0.331,0.7447,0.0,0.1195,0.2086,0.5729,0.0658,48218,0.9234,no,no,no,no,0,ok
Heniochus_diphreutes_FishBaseUser_1392098509_71.202.224.33.jpg,Heniochus diphreutes,images_fishbase_usercontrib,1,1.0,0.0,0.3399,0.7928,0.0,0.1295,0.2086,0.6208,0.055,199304,0.9447,no,no,no,no,0,ok
Heniochus_diphreutes_FishBaseUser_1671308371_108.162.238.16.jpg,Heniochus diphreutes,images_fishbase_usercontrib,2,0.518,0.482,0.2197,0.5293,0.0003,0.1553,0.2086,0.7445,0.017,316692,0.7114,no,yes,no,no,1,review
Heniochus_diphreutes_FishBaseUser_1671308431_108.162.238.16.jpg,Heniochus diphreutes,images_fishbase_usercontrib,1,1.0,0.0,0.2505,0.6021,0.0,0.1659,0.2086,0.7953,0.0678,809843,0.9073,no,yes,no,no,1,review
Heniochus_diphreutes_FishBaseUser_1703958233_108.162.210.114.jpg,Heniochus diphreutes,images_fishbase_usercontrib,1,1.0,0.0,0.3289,0.5731,0.0,0.1087,0.2086,0.5211,0.0712,131050,0.8648,no,yes,no,no,1,review
Heniochus_diphreutes_FishBaseUser_1748176781_95.95.129.49.jpg,Heniochus diphreutes,images_fishbase_usercontrib,3,0.9998,0.0002,0.4144,0.8171,0.0,0.2339,0.2086,1.1213,0.1274,1554643,0.9809,no,no,no,no,0,ok
Heniochus_diphreutes_FishBase_Hedip_u0.jpg,Heniochus diphreutes,images_fishbase_extra,1,1.0,0.0,0.3966,0.7416,0.0,0.187,0.2086,0.8965,0.1122,107441,0.9587,no,no,no,no,0,ok
Heniochus_diphreutes_FishBase_Hedip_u1.jpg,Heniochus diphreutes,images_fishbase_extra,1,1.0,0.0,0.2705,0.6052,0.0,0.2026,0.2086,0.9712,0.1396,95549,0.9242,no,yes,no,no,1,review
Heniochus_diphreutes_FishBase_Hedip_u2.jpg,Heniochus diphreutes,images_fishbase_extra,1,1.0,0.0,0.3171,0.6931,0.0015,0.3827,0.2086,1.8346,0.0876,108824,0.9041,no,yes,no,no,1,review
Heniochus_diphreutes_FishBase_Hedip_u4.jpg,Heniochus diphreutes,images_fishbase_extra,1,1.0,0.0,0.3383,0.6942,0.0,0.3216,0.2086,1.5417,0.0629,125635,0.9186,no,yes,no,no,1,review
Heniochus_diphreutes_FishBase_Hedip_u5.jpg,Heniochus diphreutes,images_fishbase_extra,1,1.0,0.0,0.5036,0.8196,0.0,0.3337,0.2086,1.5997,0.126,81492,0.9533,no,no,no,no,0,ok
Heniochus_diphreutes_FishPix_11583AF.jpg,Heniochus diphreutes,images,1,1.0,0.0,0.573,0.8347,0.0,0.1369,0.2086,0.6563,0.158,102389,0.9617,no,no,no,no,0,ok
Heniochus_diphreutes_FishPix_21252AF.jpg,Heniochus diphreutes,images,1,1.0,0.0,0.2714,0.5964,0.0,0.2166,0.2086,1.0384,0.0615,148782,0.9209,no,yes,no,no,1,review
Heniochus_diphreutes_FishWise_019404F000009W000011.jpg,Heniochus diphreutes,images_fishwise,5,0.9984,0.0016,0.0661,0.5216,0.0,0.1892,0.2086,0.907,0.0538,131904,0.8797,no,yes,no,no,1,review
Heniochus_diphreutes_FishWise_019404F000009W000013.jpg,Heniochus diphreutes,images_fishwise,1,1.0,0.0,0.1161,0.4927,0.0,0.0463,0.2086,0.222,0.0821,46265,0.764,no,yes,yes,no,2,resegment_dinosam
Heniochus_diphreutes_FishWise_019404F000024W000002.jpg,Heniochus diphreutes,images_fishwise,1,1.0,0.0,0.3987,0.7388,0.0,0.1864,0.2086,0.8936,0.1122,72473,0.9576,no,no,no,no,0,ok
Heniochus_diphreutes_FishWise_019404F000024W000004.jpg,Heniochus diphreutes,images_fishwise,1,1.0,0.0,0.3326,0.7027,0.0,0.3493,0.2086,1.6745,0.0873,79525,0.9146,no,yes,no,no,1,review
Heniochus_diphreutes_FishWise_019404F000064W000001.gif,Heniochus diphreutes,images_fishwise,1,1.0,0.0,0.285,0.6518,0.0,0.212,0.2086,1.0163,0.0573,69776,0.9392,no,no,no,no,0,ok
Heniochus_diphreutes_FishWise_019404F000112W000008.jpg,Heniochus diphreutes,images_fishwise,1,1.0,0.0,0.2916,0.5927,0.0,0.139,0.2086,0.6663,0.1323,56276,0.8903,no,yes,no,no,1,review
Heniochus_diphreutes_FishWise_019404F000112W000009.jpg,Heniochus diphreutes,images_fishwise,1,1.0,0.0,0.3463,0.6957,0.0,0.259,0.2086,1.2416,0.175,74885,0.9364,no,no,no,no,0,ok
Heniochus_diphreutes_FishWise_019404F000112W000010.jpg,Heniochus diphreutes,images_fishwise,2,0.9999,0.0001,0.2692,0.6198,0.0,0.2232,0.2086,1.07,0.1625,48375,0.9255,no,yes,no,no,1,review
Heniochus_diphreutes_FishWise_019404F000423W000012.jpg,Heniochus diphreutes,images_fishwise,6,0.7137,0.2863,0.6454,0.4721,0.0143,0.1481,0.2086,0.71,0.307,40176,0.7562,yes,yes,no,no,2,resegment_dinosam
Heniochus_diphreutes_iNaturalist_178100777.jpg,Heniochus diphreutes,images_inaturalist,1,1.0,0.0,0.3689,0.7609,0.0555,0.0694,0.2086,0.3327,0.3821,71676,0.8741,no,no,no,no,0,ok
Heniochus_diphreutes_iNaturalist_178879467.jpg,Heniochus diphreutes,images_inaturalist,1,1.0,0.0,0.2354,0.5419,0.0,0.0282,0.2086,0.1352,0.0727,45015,0.7475,no,yes,yes,no,2,resegment_dinosam
Heniochus_diphreutes_iNaturalist_305134134.jpg,Heniochus diphreutes,images_inaturalist,2,0.6604,0.3396,0.3665,0.3765,0.0,0.0824,0.2086,0.395,0.0467,78772,0.6648,no,yes,no,no,1,review
Heniochus_diphreutes_iNaturalist_361214183.jpg,Heniochus diphreutes,images_inaturalist,1,1.0,0.0,0.1476,0.58,0.0,0.0697,0.2086,0.3341,0.0456,94595,0.8261,no,yes,no,no,1,review
Heniochus_diphreutes_iNaturalist_361214220.jpg,Heniochus diphreutes,images_inaturalist,1,1.0,0.0,0.2058,0.7103,0.0,0.0447,0.2086,0.2143,0.0044,44029,0.8349,no,no,yes,no,1,review
Heniochus_diphreutes_iNaturalist_605814253.jpg,Heniochus diphreutes,images_inaturalist,1,1.0,0.0,0.3212,0.589,0.0004,0.158,0.2086,0.7574,0.0711,210968,0.8994,no,yes,no,no,1,review
Heniochus_diphreutes_iNaturalist_605814272.jpg,Heniochus diphreutes,images_inaturalist,2,0.9998,0.0002,0.2692,0.5955,0.0,0.0562,0.2086,0.2694,0.0993,122209,0.8187,no,yes,yes,no,2,resegment_dinosam
Heniochus_diphreutes_iNaturalist_605814292.jpg,Heniochus diphreutes,images_inaturalist,1,1.0,0.0,0.5706,0.8767,0.0,0.2812,0.2086,1.348,0.052,397122,0.9761,no,no,no,no,0,ok
Heniochus_intermedius_Bishop_-20578450.jpg,Heniochus intermedius,images_bishop,1,1.0,0.0,0.3772,0.8051,0.0,0.453,0.1898,2.3867,0.044,235435,0.9169,no,no,no,no,0,ok
Heniochus_intermedius_FishBaseUser_1368364116_82.20.1.24.jpg,Heniochus intermedius,images_fishbase_usercontrib,1,1.0,0.0,0.2851,0.757,0.0,0.3069,0.1898,1.617,0.0339,309438,0.9337,no,no,no,no,0,ok
Heniochus_intermedius_FishBaseUser_1482256259_188.114.102.48.jpg,Heniochus intermedius,images_fishbase_usercontrib,1,1.0,0.0,0.1683,0.6111,0.0,0.06,0.1898,0.3161,0.0654,30166,0.833,no,yes,no,no,1,review
Heniochus_intermedius_FishBaseUser_1482311413_188.114.102.48.jpg,Heniochus intermedius,images_fishbase_usercontrib,1,1.0,0.0,0.5116,0.8677,0.0,0.1881,0.1898,0.991,0.1183,103472,0.9993,no,no,no,no,0,ok
Heniochus_intermedius_FishBaseUser_1585395915_141.101.69.75.jpg,Heniochus intermedius,images_fishbase_usercontrib,1,1.0,0.0,0.2598,0.6723,0.0001,0.3792,0.1898,1.9979,0.0795,2350420,0.8913,no,yes,no,no,1,review
Heniochus_intermedius_FishBaseUser_1585413762_141.101.69.167.jpg,Heniochus intermedius,images_fishbase_usercontrib,1,1.0,0.0,0.2608,0.6634,0.0,0.3958,0.1898,2.0854,0.0676,2380034,0.8852,no,yes,no,no,1,review
Heniochus_intermedius_FishBaseUser_1671142920_108.162.237.248.jpg,Heniochus intermedius,images_fishbase_usercontrib,1,1.0,0.0,0.2626,0.6123,0.0006,0.157,0.1898,0.8272,0.0763,683440,0.9134,no,yes,no,no,1,review
Heniochus_intermedius_FishBaseUser_1671142990_108.162.237.248.jpg,Heniochus intermedius,images_fishbase_usercontrib,1,1.0,0.0,0.2989,0.6634,0.0,0.0781,0.1898,0.4115,0.108,487598,0.873,no,no,no,no,0,ok
Heniochus_intermedius_FishBaseUser_1705789226_172.70.82.83.jpg,Heniochus intermedius,images_fishbase_usercontrib,1,1.0,0.0,0.4372,0.6961,0.0,0.1106,0.1898,0.5827,0.0665,109778,0.9106,no,no,no,no,0,ok
Heniochus_intermedius_FishBaseUser_1748176968_95.95.129.49.jpg,Heniochus intermedius,images_fishbase_usercontrib,1,1.0,0.0,0.3503,0.6989,0.0,0.1285,0.1898,0.677,0.125,778952,0.9235,no,no,no,no,0,ok
Heniochus_intermedius_FishBase_Heint_u0.jpg,Heniochus intermedius,images_fishbase_extra,1,1.0,0.0,0.4414,0.8406,0.0,0.2597,0.1898,1.3683,0.0329,124768,0.9721,no,no,no,no,0,ok
Heniochus_intermedius_FishBase_Heint_u1.jpg,Heniochus intermedius,images_fishbase_extra,1,1.0,0.0,0.3612,0.7803,0.0,0.4554,0.1898,2.3994,0.0435,136939,0.9091,no,no,no,no,0,ok
Heniochus_intermedius_FishBase_Heint_u2.jpg,Heniochus intermedius,images_fishbase_extra,1,1.0,0.0,0.2559,0.7791,0.0,0.2296,0.1898,1.2097,0.0418,102475,0.9635,no,no,no,no,0,ok
Heniochus_intermedius_FishBase_Heint_u3.jpg,Heniochus intermedius,images_fishbase_extra,1,1.0,0.0,0.3791,0.8224,0.0,0.3696,0.1898,1.9473,0.0663,136210,0.9384,no,no,no,no,0,ok
Heniochus_intermedius_FishBase_Heint_u4.jpg,Heniochus intermedius,images_fishbase_extra,1,1.0,0.0,0.4562,0.8143,0.0,0.2465,0.1898,1.2987,0.0902,109904,0.9684,no,no,no,no,0,ok
Heniochus_intermedius_FishPix_141059AF.jpg,Heniochus intermedius,images,1,1.0,0.0,0.3854,0.7864,0.0,0.1834,0.1898,0.9663,0.066,149959,0.9782,no,no,no,no,0,ok
Heniochus_intermedius_FishWise_031956F000009W000002.jpg,Heniochus intermedius,images_fishwise,2,0.7171,0.2829,0.1596,0.3747,0.0,0.0864,0.1898,0.4552,0.1949,27841,0.6914,no,yes,no,no,1,review
Heniochus_intermedius_FishWise_031956F000009W000006.jpg,Heniochus intermedius,images_fishwise,1,1.0,0.0,0.3013,0.7816,0.0,0.1838,0.1898,0.9684,0.0126,94048,0.9769,no,no,no,no,0,ok
Heniochus_intermedius_FishWise_031956F000009W000008.jpg,Heniochus intermedius,images_fishwise,1,1.0,0.0,0.3186,0.6659,0.0,0.1323,0.1898,0.697,0.0812,82053,0.9159,no,no,no,no,0,ok
Heniochus_intermedius_FishWise_031956F000009W000010.jpg,Heniochus intermedius,images_fishwise,1,1.0,0.0,0.4184,0.7505,0.0,0.1487,0.1898,0.7835,0.0376,90980,0.9506,no,no,no,no,0,ok
Heniochus_intermedius_FishWise_031956F000024W000001.jpg,Heniochus intermedius,images_fishwise,1,1.0,0.0,0.4421,0.8359,0.0,0.2596,0.1898,1.3678,0.0325,82724,0.9707,no,no,no,no,0,ok
Heniochus_intermedius_FishWise_031956F000175W000003.jpg,Heniochus intermedius,images_fishwise,1,1.0,0.0,0.2561,0.786,0.0,0.2138,0.1898,1.1264,0.0468,84675,0.9713,no,no,no,no,0,ok
Heniochus_intermedius_FishWise_031956F000451W000011.jpg,Heniochus intermedius,images_fishwise,2,0.5078,0.4922,0.3976,0.5128,0.0,0.1341,0.1898,0.7065,0.0613,31373,0.6988,no,yes,no,no,1,review
Heniochus_intermedius_iNaturalist_190615451.jpg,Heniochus intermedius,images_inaturalist,4,0.9997,0.0003,0.039,0.5383,0.0,0.1283,0.1898,0.676,0.0399,251554,0.859,no,yes,no,no,1,review
Heniochus_intermedius_iNaturalist_354359713.jpg,Heniochus intermedius,images_inaturalist,1,1.0,0.0,0.424,0.8287,0.0,0.1815,0.1898,0.9563,0.0735,235874,0.99,no,no,no,no,0,ok
Heniochus_intermedius_iNaturalist_418060508.jpg,Heniochus intermedius,images_inaturalist,1,1.0,0.0,0.4267,0.7687,0.0,0.1405,0.1898,0.7403,0.1327,192961,0.9515,no,no,no,no,0,ok
Heniochus_intermedius_iNaturalist_466154072.jpg,Heniochus intermedius,images_inaturalist,1,1.0,0.0,0.4248,0.8418,0.0,0.0187,0.1898,0.0985,0.094,17387,0.8121,no,no,yes,no,1,review
Heniochus_intermedius_iNaturalist_468855261.jpg,Heniochus intermedius,images_inaturalist,8,0.7218,0.2782,0.0629,0.3559,0.0,0.0936,0.1898,0.4932,0.0601,123293,0.6841,yes,yes,no,no,2,resegment_dinosam
Heniochus_intermedius_iNaturalist_487588004.jpg,Heniochus intermedius,images_inaturalist,2,0.9998,0.0002,0.4118,0.8121,0.0,0.1607,0.1898,0.8467,0.1096,148031,0.9752,no,no,no,no,0,ok
Heniochus_intermedius_iNaturalist_511341361.jpg,Heniochus intermedius,images_inaturalist,2,0.9999,0.0001,0.4282,0.792,0.0,0.0709,0.1898,0.3736,0.1482,62571,0.9038,no,no,no,no,0,ok
Heniochus_intermedius_iNaturalist_582191458.jpg,Heniochus intermedius,images_inaturalist,1,1.0,0.0,0.3926,0.7538,0.0,0.0987,0.1898,0.52,0.0497,154366,0.9188,no,no,no,no,0,ok
Heniochus_intermedius_iNaturalist_582254294.jpg,Heniochus intermedius,images_inaturalist,3,0.5463,0.4537,0.3831,0.5948,0.0,0.1088,0.1898,0.5732,0.0235,58058,0.7201,yes,yes,no,no,2,resegment_dinosam
Heniochus_intermedius_iNaturalist_591524712.jpg,Heniochus intermedius,images_inaturalist,1,1.0,0.0,0.4699,0.8159,0.0,0.0494,0.1898,0.2603,0.1703,47587,0.8821,no,no,yes,no,1,review
Heniochus_monoceros_Bishop_-980348940.jpg,Heniochus monoceros,images_bishop,1,1.0,0.0,0.4893,0.8454,0.0,0.4282,0.2566,1.6687,0.0306,219893,0.9577,no,no,no,no,0,ok
Heniochus_monoceros_Bishop_1205143013.jpg,Heniochus monoceros,images_bishop,1,1.0,0.0,0.4669,0.855,0.005,0.4717,0.2566,1.8383,0.0852,182078,0.9503,no,no,no,no,0,ok
Heniochus_monoceros_Bishop_1235534495.jpg,Heniochus monoceros,images_bishop,1,1.0,0.0,0.4184,0.8229,0.0031,0.4739,0.2566,1.8468,0.0797,202838,0.9422,no,no,no,no,0,ok
Heniochus_monoceros_FishBaseUser_1423218993_86.10.40.87.jpg,Heniochus monoceros,images_fishbase_usercontrib,2,0.5885,0.4115,0.5933,0.7315,0.0,0.3272,0.2566,1.2751,0.0306,736159,0.801,no,no,no,no,0,ok
Heniochus_monoceros_FishBaseUser_1423726876_86.205.193.183.jpg,Heniochus monoceros,images_fishbase_usercontrib,1,1.0,0.0,0.5718,0.8535,0.0,0.0703,0.2566,0.274,0.0192,806726,0.8964,no,no,yes,no,1,review
Heniochus_monoceros_FishBaseUser_1473562613_162.158.165.25.jpg,Heniochus monoceros,images_fishbase_usercontrib,1,1.0,0.0,0.6511,0.9395,0.0,0.4551,0.2566,1.7736,0.042,268630,0.9542,no,no,no,no,0,ok
Heniochus_monoceros_FishBaseUser_1473562707_162.158.165.25.jpg,Heniochus monoceros,images_fishbase_usercontrib,1,1.0,0.0,0.571,0.8556,0.0,0.0326,0.2566,0.127,0.1842,24845,0.8349,no,no,yes,no,1,review
Heniochus_monoceros_FishBaseUser_1481974167_188.114.102.52.jpg,Heniochus monoceros,images_fishbase_usercontrib,2,0.5084,0.4916,0.7309,0.4491,0.0,0.0483,0.2566,0.1882,0.0217,13732,0.5741,no,yes,yes,no,2,resegment_dinosam
Heniochus_monoceros_FishBase_Hemon_u0.jpg,Heniochus monoceros,images_fishbase_extra,1,1.0,0.0,0.408,0.8723,0.0,0.1847,0.2566,0.7198,0.0225,91388,0.9737,no,no,no,no,0,ok
Heniochus_monoceros_FishBase_Hemon_u1.jpg,Heniochus monoceros,images_fishbase_extra,1,1.0,0.0,0.4167,0.842,0.0,0.3321,0.2566,1.2942,0.0339,111153,0.977,no,no,no,no,0,ok
Heniochus_monoceros_FishBase_Hemon_u2.jpg,Heniochus monoceros,images_fishbase_extra,1,1.0,0.0,0.4165,0.8139,0.0029,0.4741,0.2566,1.8476,0.0799,115335,0.9395,no,no,no,no,0,ok
Heniochus_monoceros_FishBase_Hemon_u3.jpg,Heniochus monoceros,images_fishbase_extra,1,1.0,0.0,0.4776,0.8393,0.0,0.4283,0.2566,1.6691,0.0309,124498,0.9558,no,no,no,no,0,ok
Heniochus_monoceros_FishBase_Hemon_u4.jpg,Heniochus monoceros,images_fishbase_extra,1,1.0,0.0,0.4538,0.8559,0.0049,0.4716,0.2566,1.8379,0.0855,102158,0.9503,no,no,no,no,0,ok
Heniochus_monoceros_FishBase_Hemon_u5.jpg,Heniochus monoceros,images_fishbase_extra,2,0.5984,0.4016,0.5116,0.616,0.0,0.1652,0.2566,0.6438,0.0529,44636,0.754,no,yes,no,no,1,review
Heniochus_monoceros_FishBase_Hemon_u6.jpg,Heniochus monoceros,images_fishbase_extra,1,1.0,0.0,0.9751,0.9854,0.0,0.0621,0.2566,0.242,0.1553,20805,0.8865,no,no,yes,no,1,review
Heniochus_monoceros_FishPix_25451AF.jpg,Heniochus monoceros,images,1,1.0,0.0,0.4721,0.7921,0.0,0.2264,0.2566,0.8823,0.0321,117048,0.9726,no,no,no,no,0,ok
Heniochus_monoceros_FishWise_045840F000004W000008.jpg,Heniochus monoceros,images_fishwise,1,1.0,0.0,0.5975,0.9203,0.0,0.2322,0.2566,0.9049,0.0165,63661,0.992,no,no,no,no,0,ok
Heniochus_monoceros_FishWise_045840F000009W000005.jpg,Heniochus monoceros,images_fishwise,1,1.0,0.0,0.2731,0.8158,0.0,0.14,0.2566,0.5456,0.0211,51021,0.9413,no,no,no,no,0,ok
Heniochus_monoceros_FishWise_045840F000009W000013.jpg,Heniochus monoceros,images_fishwise,1,1.0,0.0,0.6783,0.928,0.0,0.2321,0.2566,0.9045,0.0201,92489,0.992,no,no,no,no,0,ok
Heniochus_monoceros_FishWise_045840F000009W000015.jpg,Heniochus monoceros,images_fishwise,1,1.0,0.0,0.601,0.9611,0.0,0.2679,0.2566,1.044,0.0199,104621,0.9966,no,no,no,no,0,ok
Heniochus_monoceros_FishWise_045840F000009W000021.jpg,Heniochus monoceros,images_fishwise,1,1.0,0.0,0.4725,0.8814,0.0,0.1247,0.2566,0.486,0.0227,61832,0.9423,no,no,no,no,0,ok
Heniochus_monoceros_FishWise_045840F000009W000022.jpg,Heniochus monoceros,images_fishwise,1,1.0,0.0,0.4696,0.8636,0.0,0.1875,0.2566,0.7307,0.0048,78853,0.9749,no,no,no,no,0,ok
Heniochus_monoceros_FishWise_045840F000024W000002.jpg,Heniochus monoceros,images_fishwise,1,1.0,0.0,0.4415,0.8814,0.0,0.1858,0.2566,0.7241,0.0235,66327,0.9742,no,no,no,no,0,ok
Heniochus_monoceros_FishWise_045840F000024W000004.jpg,Heniochus monoceros,images_fishwise,1,1.0,0.0,0.4541,0.8552,0.0044,0.4709,0.2566,1.8352,0.0854,76659,0.9505,no,no,no,no,0,ok
Heniochus_monoceros_FishWise_045840F000039W000003.jpg,Heniochus monoceros,images_fishwise,1,1.0,0.0,0.424,0.8392,0.0,0.332,0.2566,1.2938,0.0343,84538,0.9762,no,no,no,no,0,ok
Heniochus_monoceros_FishWise_045840F000064W000001.gif,Heniochus monoceros,images_fishwise,1,1.0,0.0,0.3808,0.8505,0.0003,0.2373,0.2566,0.9248,0.0136,85710,0.9937,no,no,no,no,0,ok
Heniochus_monoceros_FishWise_045840F000112W000009.jpg,Heniochus monoceros,images_fishwise,1,1.0,0.0,0.3888,0.8123,0.0,0.3717,0.2566,1.4486,0.0402,84003,0.959,no,no,no,no,0,ok
Heniochus_monoceros_FishWise_045840F000112W000010.jpg,Heniochus monoceros,images_fishwise,1,1.0,0.0,0.3875,0.7848,0.0,0.3176,0.2566,1.2377,0.1295,62667,0.9634,no,no,no,no,0,ok
Heniochus_monoceros_FishWise_045840F000112W000011.jpg,Heniochus monoceros,images_fishwise,1,1.0,0.0,0.3795,0.7682,0.0,0.3902,0.2566,1.5207,0.1111,65006,0.9419,no,no,no,no,0,ok
Heniochus_monoceros_FishWise_045840F004577W000023.jpg,Heniochus monoceros,images_fishwise,1,1.0,0.0,0.4539,0.7894,0.0,0.1268,0.2566,0.4942,0.0167,77331,0.9254,no,no,no,no,0,ok
Heniochus_monoceros_iNaturalist_14722046.jpg,Heniochus monoceros,images_inaturalist,1,1.0,0.0,0.3431,0.653,0.0,0.167,0.2566,0.6508,0.048,247287,0.9065,no,no,no,no,0,ok
Heniochus_monoceros_iNaturalist_172139341.jpg,Heniochus monoceros,images_inaturalist,1,1.0,0.0,0.3734,0.7547,0.0,0.0859,0.2566,0.3348,0.0773,129995,0.8839,no,no,no,no,0,ok
Heniochus_monoceros_iNaturalist_172139432.jpg,Heniochus monoceros,images_inaturalist,1,1.0,0.0,0.4198,0.8384,0.0,0.1263,0.2566,0.4922,0.0823,152446,0.9398,no,no,no,no,0,ok
Heniochus_monoceros_iNaturalist_459471784.jpg,Heniochus monoceros,images_inaturalist,1,1.0,0.0,0.5852,0.9227,0.0,0.106,0.2566,0.4131,0.1294,90353,0.9293,no,no,no,no,0,ok
Heniochus_monoceros_iNaturalist_592878636.jpg,Heniochus monoceros,images_inaturalist,1,1.0,0.0,0.4946,0.8955,0.0,0.0716,0.2566,0.279,0.0194,54544,0.8979,no,no,yes,no,1,review
Heniochus_monoceros_iNaturalist_84610546.jpg,Heniochus monoceros,images_inaturalist,1,1.0,0.0,0.4018,0.6939,0.0,0.0887,0.2566,0.3457,0.0866,89429,0.8682,no,no,no,no,0,ok
Heniochus_pleurotaenia_Bishop_-1006778558.jpg,Heniochus pleurotaenia,images_bishop,1,1.0,0.0,0.4427,0.8756,0.0,0.4704,0.1614,2.9136,0.0438,218235,0.9144,no,no,no,no,0,ok
Heniochus_pleurotaenia_FishBaseUser_1473644314_162.158.165.25.jpg,Heniochus pleurotaenia,images_fishbase_usercontrib,1,1.0,0.0,0.4204,0.7509,0.0,0.1104,0.1614,0.6838,0.0602,96392,0.9399,no,no,no,no,0,ok
Heniochus_pleurotaenia_FishBaseUser_1656494839_162.158.170.185.jpg,Heniochus pleurotaenia,images_fishbase_usercontrib,1,1.0,0.0,0.662,0.918,0.0,0.0721,0.1614,0.4466,0.041,63632,0.9355,no,no,no,no,0,ok
Heniochus_pleurotaenia_FishBase_Heple_u0.jpg,Heniochus pleurotaenia,images_fishbase_extra,1,1.0,0.0,0.429,0.8616,0.0,0.469,0.1614,2.9049,0.0442,124830,0.9147,no,no,no,no,0,ok
Heniochus_pleurotaenia_FishBase_Heple_u1.jpg,Heniochus pleurotaenia,images_fishbase_extra,1,1.0,0.0,0.6302,0.8774,0.0,0.1933,0.1614,1.1973,0.0849,76779,0.9856,no,no,no,no,0,ok
Heniochus_pleurotaenia_FishBase_Heple_u2.jpg,Heniochus pleurotaenia,images,1,1.0,0.0,0.5648,0.8987,0.0,0.3438,0.1614,2.1295,0.0286,162418,0.9395,no,no,no,no,0,ok
Heniochus_pleurotaenia_FishWise_055941F000024W000001.jpg,Heniochus pleurotaenia,images_fishwise,1,1.0,0.0,0.416,0.8669,0.0,0.4691,0.1614,2.9055,0.0439,92940,0.9147,no,no,no,no,0,ok
Heniochus_pleurotaenia_FishWise_055941F000112W000003.jpg,Heniochus pleurotaenia,images_fishwise,2,1.0,0.0,0.2956,0.7544,0.0,0.313,0.1614,1.9387,0.1064,74579,0.9184,no,no,no,no,0,ok
Heniochus_pleurotaenia_FishWise_055941F000387W000004.jpg,Heniochus pleurotaenia,images_fishwise,1,1.0,0.0,0.4557,0.7709,0.0,0.1665,0.1614,1.0313,0.047,62208,0.9738,no,no,no,no,0,ok
Heniochus_pleurotaenia_FishWise_055941F000387W000005.jpg,Heniochus pleurotaenia,images_fishwise,1,1.0,0.0,0.3976,0.7068,0.0,0.1727,0.1614,1.0697,0.0953,78481,0.9517,no,no,no,no,0,ok
Heniochus_pleurotaenia_FishWise_055941F000387W000006.jpg,Heniochus pleurotaenia,images_fishwise,1,1.0,0.0,0.4926,0.7762,0.0,0.0841,0.1614,0.5209,0.0461,54208,0.9257,no,no,no,no,0,ok
Heniochus_pleurotaenia_iNaturalist_197005693.jpg,Heniochus pleurotaenia,images_inaturalist,3,0.5883,0.4117,0.4017,0.3243,0.0,0.0822,0.1614,0.5091,0.0848,47928,0.6442,yes,yes,no,no,2,resegment_dinosam
Heniochus_pleurotaenia_iNaturalist_474493863.jpg,Heniochus pleurotaenia,images_inaturalist,1,1.0,0.0,0.7331,0.8508,0.0,0.011,0.1614,0.0681,0.017,8986,0.7851,no,no,yes,no,1,review
Heniochus_pleurotaenia_iNaturalist_474493868.jpg,Heniochus pleurotaenia,images_inaturalist,2,0.5749,0.4251,0.4336,0.4349,0.0,0.0819,0.1614,0.5073,0.1295,38730,0.6724,no,yes,no,no,1,review
Heniochus_pleurotaenia_iNaturalist_474493869.jpg,Heniochus pleurotaenia,images_inaturalist,1,1.0,0.0,0.7349,0.9076,0.0,0.027,0.1614,0.1672,0.0309,33962,0.8569,no,no,yes,no,1,review
Heniochus_pleurotaenia_iNaturalist_593339856.jpg,Heniochus pleurotaenia,images_inaturalist,1,1.0,0.0,0.7741,0.9041,0.0,0.0262,0.1614,0.1623,0.1244,22763,0.8545,no,no,yes,no,1,review
Heniochus_pleurotaenia_iNaturalist_593339892.jpg,Heniochus pleurotaenia,images_inaturalist,1,1.0,0.0,0.6675,0.8695,0.0,0.3038,0.1614,1.8817,0.0562,330205,0.9494,no,no,no,no,0,ok
Heniochus_pleurotaenia_iNaturalist_599641812.jpg,Heniochus pleurotaenia,images_inaturalist,1,1.0,0.0,0.5968,0.8906,0.0,0.1189,0.1614,0.7365,0.0548,104972,0.9755,no,no,no,no,0,ok
Heniochus_pleurotaenia_iNaturalist_66920433.jpg,Heniochus pleurotaenia,images_inaturalist,3,0.4598,0.5402,0.3599,0.4915,0.0,0.1194,0.1614,0.7395,0.1619,46212,0.6792,yes,yes,no,no,2,resegment_dinosam
Heniochus_pleurotaenia_iNaturalist_78290.jpg,Heniochus pleurotaenia,images_inaturalist,1,1.0,0.0,0.5356,0.8859,0.0,0.1944,0.1614,1.2041,0.1355,50251,0.9851,no,no,no,no,0,ok
Heniochus_singularius_Bishop_1959970624.jpg,Heniochus singularius,images_bishop,1,1.0,0.0,0.431,0.8104,0.0033,0.4319,0.2527,1.7091,0.0733,172339,0.9446,no,no,no,no,0,ok
Heniochus_singularius_Bishop_2065781403.jpg,Heniochus singularius,images_bishop,1,1.0,0.0,0.4819,0.8507,0.0,0.4794,0.2527,1.8971,0.0637,214012,0.9488,no,no,no,no,0,ok
Heniochus_singularius_FishBaseUser_1454327638_94.198.18.55.jpg,Heniochus singularius,images_fishbase_usercontrib,1,1.0,0.0,0.5155,0.8627,0.0,0.2314,0.2527,0.9157,0.0536,1566583,0.993,no,no,no,no,0,ok
Heniochus_singularius_FishBaseUser_1486537901_172.68.106.90.jpg,Heniochus singularius,images_fishbase_usercontrib,1,1.0,0.0,0.3903,0.7938,0.0,0.2244,0.2527,0.888,0.0648,2844854,0.9736,no,no,no,no,0,ok
Heniochus_singularius_FishBaseUser_1707081090_172.70.55.146.jpg,Heniochus singularius,images_fishbase_usercontrib,3,0.4411,0.5589,0.6317,0.507,0.0464,0.2135,0.2527,0.8449,0.1002,68084,0.6787,yes,yes,no,no,2,resegment_dinosam
Heniochus_singularius_FishBaseUser_1748177366_95.95.129.49.jpg,Heniochus singularius,images_fishbase_usercontrib,1,1.0,0.0,0.5512,0.8467,0.0,0.0886,0.2527,0.3506,0.0511,619853,0.9152,no,no,no,no,0,ok
Heniochus_singularius_FishBaseUser_1748177436_95.95.129.49.jpg,Heniochus singularius,images_fishbase_usercontrib,1,1.0,0.0,0.5834,0.9195,0.0,0.1982,0.2527,0.7843,0.0957,924935,0.9806,no,no,no,no,0,ok
Heniochus_singularius_FishBase_Hesin_u0.jpg,Heniochus singularius,images_fishbase_extra,1,1.0,0.0,0.6719,0.9286,0.0,0.291,0.2527,1.1516,0.0273,125284,0.9887,no,no,no,no,0,ok
Heniochus_singularius_FishBase_Hesin_u1.jpg,Heniochus singularius,images,1,1.0,0.0,0.4156,0.8086,0.0033,0.432,0.2527,1.7095,0.0734,97370,0.944,no,no,no,no,0,ok
Heniochus_singularius_FishBase_Hesin_u2.jpg,Heniochus singularius,images_fishbase_extra,1,1.0,0.0,0.4057,0.7376,0.0,0.1067,0.2527,0.4222,0.0237,42034,0.8973,no,no,no,no,0,ok
Heniochus_singularius_FishBase_Hesin_u3.jpg,Heniochus singularius,images_fishbase_extra,1,1.0,0.0,0.4732,0.849,0.0,0.479,0.2527,1.8955,0.0638,120596,0.9485,no,no,no,no,0,ok
Heniochus_singularius_FishBase_Hesin_u4.jpg,Heniochus singularius,images_fishbase_extra,1,1.0,0.0,0.5667,0.9335,0.0,0.4177,0.2527,1.6529,0.0647,121982,0.9598,no,no,no,no,0,ok
Heniochus_singularius_FishBase_Hesin_u5.jpg,Heniochus singularius,images_fishbase_extra,1,1.0,0.0,0.6926,0.9629,0.0,0.2157,0.2527,0.8536,0.0393,76492,0.9873,no,no,no,no,0,ok
Heniochus_singularius_FishBase_Hesin_u6.jpg,Heniochus singularius,images_fishbase_extra,1,1.0,0.0,0.5345,0.909,0.0,0.3102,0.2527,1.2275,0.0246,132067,0.9836,no,no,no,no,0,ok
Heniochus_singularius_FishWise_064983F000009W000005.jpg,Heniochus singularius,images_fishwise,1,1.0,0.0,0.6652,0.9369,0.0,0.2439,0.2527,0.9652,0.0166,85620,0.9972,no,no,no,no,0,ok
Heniochus_singularius_FishWise_064983F000024W000001.jpg,Heniochus singularius,images_fishwise,1,1.0,0.0,0.6688,0.929,0.0,0.3037,0.2527,1.2018,0.0274,91097,0.9853,no,no,no,no,0,ok
Heniochus_singularius_FishWise_064983F000024W000002.jpg,Heniochus singularius,images_fishwise,1,1.0,0.0,0.4099,0.8067,0.0032,0.4311,0.2527,1.706,0.0735,73146,0.9436,no,no,no,no,0,ok
Heniochus_singularius_FishWise_064983F000031W000003.jpg,Heniochus singularius,images_fishwise,1,1.0,0.0,0.4017,0.7329,0.0,0.1431,0.2527,0.5663,0.082,31073,0.9194,no,no,no,no,0,ok
Heniochus_singularius_iNaturalist_19670206.jpg,Heniochus singularius,images_inaturalist,2,0.9919,0.0081,0.7047,0.9444,0.0,0.2587,0.2527,1.0237,0.0525,260606,0.9953,no,no,no,no,0,ok
Heniochus_singularius_iNaturalist_244754514.jpg,Heniochus singularius,images_inaturalist,1,1.0,0.0,0.545,0.8649,0.0,0.1554,0.2527,0.615,0.0435,125646,0.9611,no,no,no,no,0,ok
Heniochus_singularius_iNaturalist_340601370.jpg,Heniochus singularius,images_inaturalist,1,1.0,0.0,1.0355,0.9793,0.0,0.0067,0.2527,0.0265,0.0585,8401,0.76,no,no,yes,no,1,review
Heniochus_singularius_iNaturalist_477534054.jpg,Heniochus singularius,images_inaturalist,1,1.0,0.0,0.5376,0.8278,0.0,0.1694,0.2527,0.6704,0.0405,212324,0.9613,no,no,no,no,0,ok
Heniochus_singularius_iNaturalist_478493440.jpg,Heniochus singularius,images_inaturalist,2,0.5548,0.4452,0.7046,0.7301,0.0,0.0968,0.2527,0.3831,0.0856,45054,0.7314,no,no,no,no,0,ok
Heniochus_singularius_iNaturalist_478493447.jpg,Heniochus singularius,images_inaturalist,1,1.0,0.0,0.813,0.9224,0.0,0.0322,0.2527,0.1274,0.0107,44888,0.8352,no,no,yes,no,1,review
Heniochus_singularius_iNaturalist_479558505.jpg,Heniochus singularius,images_inaturalist,1,1.0,0.0,0.4915,0.7446,0.0,0.0408,0.2527,0.1615,0.1638,45234,0.8225,no,no,yes,no,1,review
Heniochus_singularius_iNaturalist_483418203.jpg,Heniochus singularius,images_inaturalist,1,1.0,0.0,0.802,0.8923,0.0,0.0071,0.2527,0.0281,0.0415,5567,0.76,no,no,yes,no,1,review
Heniochus_varius_Bishop_2014348865.jpg,Heniochus varius,images_bishop,1,1.0,0.0,0.4543,0.868,0.0,0.4029,0.1952,2.064,0.0361,218020,0.942,no,no,no,no,0,ok
Heniochus_varius_FishBaseUser_1341432052_24.185.16.14.jpg,Heniochus varius,images_fishbase_usercontrib,1,1.0,0.0,0.6417,0.8806,0.0,0.3045,0.1952,1.5599,0.0706,53107,0.9644,no,no,no,no,0,ok
Heniochus_varius_FishBaseUser_1354795177_86.28.236.182.jpg,Heniochus varius,images_fishbase_usercontrib,1,1.0,0.0,0.3981,0.7793,0.0,0.1968,0.1952,1.0082,0.1042,345126,0.9781,no,no,no,no,0,ok
Heniochus_varius_FishBaseUser_1354795270_86.28.236.182.jpg,Heniochus varius,images_fishbase_usercontrib,1,1.0,0.0,0.5243,0.8237,0.0,0.1494,0.1952,0.7654,0.0625,218732,0.9707,no,no,no,no,0,ok
Heniochus_varius_FishBaseUser_1469523498_162.158.167.12.jpg,Heniochus varius,images_fishbase_usercontrib,2,0.6093,0.3907,0.8683,0.3018,0.0,0.0344,0.1952,0.1762,0.2333,40230,0.5599,no,yes,yes,no,2,resegment_dinosam
Heniochus_varius_FishBaseUser_1492971126_108.162.216.108.jpg,Heniochus varius,images_fishbase_usercontrib,1,1.0,0.0,0.4962,0.8563,0.0,0.3125,0.1952,1.6009,0.0877,3146030,0.9624,no,no,no,no,0,ok
Heniochus_varius_FishBaseUser_1569828886_172.68.132.127.jpg,Heniochus varius,images_fishbase_usercontrib,1,1.0,0.0,0.586,0.8657,0.0,0.064,0.1952,0.3279,0.0014,203376,0.9108,no,no,no,no,0,ok
Heniochus_varius_FishBaseUser_1569828952_162.158.255.132.jpg,Heniochus varius,images_fishbase_usercontrib,1,1.0,0.0,0.7278,0.8623,0.0,0.0154,0.1952,0.0789,0.0837,38692,0.7968,no,no,yes,no,1,review
Heniochus_varius_FishBaseUser_1577526153_172.68.102.30.jpg,Heniochus varius,images_fishbase_usercontrib,3,0.3391,0.6609,0.3787,0.2572,0.0,0.0611,0.1952,0.313,0.1253,146599,0.4979,yes,yes,no,no,2,resegment_dinosam
Heniochus_varius_FishBaseUser_1599544711_162.158.165.56.jpg,Heniochus varius,images_fishbase_usercontrib,1,1.0,0.0,0.6459,0.892,0.0,0.1089,0.1952,0.5579,0.0602,769349,0.9533,no,no,no,no,0,ok
Heniochus_varius_FishBaseUser_1703948963_108.162.210.110.jpg,Heniochus varius,images_fishbase_usercontrib,1,1.0,0.0,0.4945,0.7918,0.0,0.0635,0.1952,0.3253,0.0906,63458,0.8927,no,no,no,no,0,ok
Heniochus_varius_FishBaseUser_1748177775_95.95.129.49.jpg,Heniochus varius,images_fishbase_usercontrib,1,1.0,0.0,0.5404,0.7965,0.0,0.0419,0.1952,0.2147,0.0656,481739,0.8609,no,no,yes,no,1,review
Heniochus_varius_FishBaseUser_1748177834_95.95.129.49.jpg,Heniochus varius,images_fishbase_usercontrib,1,1.0,0.0,0.4783,0.8504,0.0,0.1758,0.1952,0.9006,0.0605,1795306,0.9916,no,no,no,no,0,ok
Heniochus_varius_FishBaseUser_1748177888_95.95.129.49.jpg,Heniochus varius,images_fishbase_usercontrib,1,1.0,0.0,0.5642,0.8328,0.0,0.1377,0.1952,0.7054,0.0522,749698,0.9669,no,no,no,no,0,ok
Heniochus_varius_FishBase_Hevar_u0.jpg,Heniochus varius,images_fishbase_extra,1,1.0,0.0,0.4683,0.7892,0.0,0.1702,0.1952,0.8719,0.0248,90187,0.9708,no,no,no,no,0,ok
Heniochus_varius_FishBase_Hevar_u1.jpg,Heniochus varius,images_fishbase_extra,1,1.0,0.0,0.4181,0.785,0.0,0.1647,0.1952,0.8438,0.0297,78863,0.9669,no,no,no,no,0,ok
Heniochus_varius_FishBase_Hevar_u2.jpg,Heniochus varius,images_fishbase_extra,1,1.0,0.0,0.4249,0.8712,0.0,0.4032,0.1952,2.0656,0.0362,138939,0.942,no,no,no,no,0,ok
Heniochus_varius_FishBase_Hevar_u3.jpg,Heniochus varius,images_fishbase_extra,1,1.0,0.0,0.56,0.8541,0.0,0.1271,0.1952,0.6511,0.0337,58068,0.9657,no,no,no,no,0,ok
Heniochus_varius_FishBase_Hevar_u4.jpg,Heniochus varius,images_fishbase_extra,1,1.0,0.0,0.4711,0.7937,0.0,0.1848,0.1952,0.9467,0.0648,96982,0.9787,no,no,no,no,0,ok
Heniochus_varius_FishBase_Hevar_u6.jpg,Heniochus varius,images_fishbase_extra,1,1.0,0.0,0.6577,0.9204,0.0,0.3859,0.1952,1.9769,0.0316,116111,0.9455,no,no,no,no,0,ok
Heniochus_varius_FishBase_Hevar_u7.jpg,Heniochus varius,images_fishbase_extra,1,1.0,0.0,0.4446,0.8371,0.0,0.2515,0.1952,1.2884,0.0582,115076,0.9759,no,no,no,no,0,ok
Heniochus_varius_FishBase_Hevar_u8.jpg,Heniochus varius,images_fishbase_extra,1,1.0,0.0,0.3947,0.8356,0.0,0.2094,0.1952,1.0727,0.0588,106969,0.9901,no,no,no,no,0,ok
Heniochus_varius_FishPix_15993AF.jpg,Heniochus varius,images,1,1.0,0.0,0.5742,0.7814,0.0,0.1229,0.1952,0.6296,0.0366,72707,0.9424,no,no,no,no,0,ok
Heniochus_varius_FishWise_072587F000004W000012.jpg,Heniochus varius,images_fishwise,1,1.0,0.0,0.3368,0.7191,0.0,0.1643,0.1952,0.8417,0.1481,72332,0.9469,no,no,no,no,0,ok
Heniochus_varius_FishWise_072587F000009W000007.jpg,Heniochus varius,images_fishwise,1,1.0,0.0,0.4764,0.8098,0.0,0.105,0.1952,0.5379,0.0472,57259,0.9383,no,no,no,no,0,ok
Heniochus_varius_FishWise_072587F000009W000008.jpg,Heniochus varius,images_fishwise,1,1.0,0.0,0.4742,0.7966,0.0,0.1031,0.1952,0.5282,0.0487,63740,0.9329,no,no,no,no,0,ok
Heniochus_varius_FishWise_072587F000009W000010.jpg,Heniochus varius,images_fishwise,1,1.0,0.0,0.6484,0.905,0.0,0.2915,0.1952,1.4933,0.0411,105148,0.9679,no,no,no,no,0,ok
Heniochus_varius_FishWise_072587F000009W000011.jpg,Heniochus varius,images_fishwise,1,1.0,0.0,0.484,0.7229,0.0,0.0909,0.1952,0.4657,0.0726,54782,0.9007,no,no,no,no,0,ok
Heniochus_varius_FishWise_072587F000024W000002.jpg,Heniochus varius,images_fishwise,1,1.0,0.0,0.4617,0.7988,0.0,0.1791,0.1952,0.9175,0.0254,72106,0.9778,no,no,no,no,0,ok
Heniochus_varius_FishWise_072587F000024W000004.jpg,Heniochus varius,images_fishwise,1,1.0,0.0,0.4375,0.8763,0.0,0.3995,0.1952,2.0466,0.036,90832,0.9427,no,no,no,no,0,ok
Heniochus_varius_FishWise_072587F000031W000005.jpg,Heniochus varius,images_fishwise,1,1.0,0.0,0.595,0.8643,0.0,0.1882,0.1952,0.9641,0.0267,54343,0.9971,no,no,no,no,0,ok
Heniochus_varius_FishWise_072587F000066W000001.gif,Heniochus varius,images_fishwise,1,1.0,0.0,0.4461,0.8556,0.0,0.2099,0.1952,1.0753,0.0125,71210,0.9942,no,no,no,no,0,ok
Heniochus_varius_FishWise_072587F000112W000006.jpg,Heniochus varius,images_fishwise,1,1.0,0.0,0.3668,0.8466,0.0,0.4299,0.1952,2.2024,0.0764,79015,0.9358,no,no,no,no,0,ok
Heniochus_varius_FishWise_072587F000387W000009.jpg,Heniochus varius,images_fishwise,1,1.0,0.0,0.5982,0.8862,0.0,0.2797,0.1952,1.4329,0.0769,125903,0.9712,no,no,no,no,0,ok
Heniochus_varius_iNaturalist_294238984.jpg,Heniochus varius,images_inaturalist,2,0.6422,0.3578,0.7076,0.574,0.0,0.0157,0.1952,0.0804,0.1157,12640,0.5903,no,yes,yes,no,2,resegment_dinosam
Heniochus_varius_iNaturalist_345490182.jpg,Heniochus varius,images_inaturalist,1,1.0,0.0,0.4818,0.8484,0.0,0.0836,0.1952,0.4283,0.0578,76027,0.9317,no,no,no,no,0,ok
Heniochus_varius_iNaturalist_395588221.jpg,Heniochus varius,images_inaturalist,1,1.0,0.0,0.5326,0.821,0.0,0.0242,0.1952,0.124,0.1718,23176,0.8243,no,no,yes,no,1,review
Heniochus_varius_iNaturalist_401424294.jpg,Heniochus varius,images_inaturalist,1,1.0,0.0,0.4825,0.8866,0.0,0.2149,0.1952,1.1009,0.0805,168759,0.9923,no,no,no,no,0,ok
Heniochus_varius_iNaturalist_401424295.jpg,Heniochus varius,images_inaturalist,1,1.0,0.0,0.5152,0.8417,0.0,0.2197,0.1952,1.1255,0.0675,182012,0.9881,no,no,no,no,0,ok
Heniochus_varius_iNaturalist_406913809.jpg,Heniochus varius,images_inaturalist,1,1.0,0.0,0.5804,0.8209,0.0,0.184,0.1952,0.9426,0.0198,83601,0.9865,no,no,no,no,0,ok
Heniochus_varius_iNaturalist_558793993.jpg,Heniochus varius,images_inaturalist,2,0.6381,0.3619,0.2788,0.3159,0.0,0.0178,0.1952,0.0912,0.1527,17938,0.5215,no,yes,yes,no,2,resegment_dinosam
Heniochus_varius_iNaturalist_60367466.jpg,Heniochus varius,images_inaturalist,1,1.0,0.0,0.376,0.7257,0.0114,0.2234,0.1952,1.1445,0.1921,331671,0.9496,no,no,no,no,0,ok
Heniochus_varius_iNaturalist_703219.jpg,Heniochus varius,images_inaturalist,1,1.0,0.0,0.593,0.9043,0.0,0.0826,0.1952,0.4232,0.0183,63718,0.9312,no,no,no,no,0,ok
Heniochus_varius_iNaturalist_919499.jpg,Heniochus varius,images_inaturalist,1,1.0,0.0,0.5471,0.8781,0.0,0.1134,0.1952,0.5809,0.0979,150116,0.9566,no,no,no,no,0,ok
Johnrandallia_nigrirostris_FishBaseUser_1490994715_172.68.34.72.jpg,Johnrandallia nigrirostris,images_fishbase_usercontrib,1,1.0,0.0,0.5346,0.795,0.0,0.1646,0.2121,0.776,0.0952,669507,0.9632,no,no,no,no,0,ok
Johnrandallia_nigrirostris_FishBaseUser_1639504151_108.162.212.36.jpg,Johnrandallia nigrirostris,images_fishbase_usercontrib,1,1.0,0.0,0.8641,0.9415,0.0,0.2356,0.2121,1.1108,0.03,79145,0.9916,no,no,no,no,0,ok
Johnrandallia_nigrirostris_FishBaseUser_1752336898_149.102.252.46.jpg,Johnrandallia nigrirostris,images_fishbase_usercontrib,1,1.0,0.0,0.6856,0.9217,0.0,0.3949,0.2121,1.8619,0.045,925488,0.9503,no,no,no,no,0,ok
Johnrandallia_nigrirostris_FishBaseUser_1752336923_149.102.252.46.jpg,Johnrandallia nigrirostris,images_fishbase_usercontrib,1,1.0,0.0,0.6561,0.8915,0.0,0.2609,0.2121,1.2301,0.0201,1650481,0.9834,no,no,no,no,0,ok
Johnrandallia_nigrirostris_FishBase_Jonig_u0.jpg,Johnrandallia nigrirostris,images_fishbase_extra,1,1.0,0.0,0.7345,0.9465,0.0,0.2121,0.2121,1.0,0.0621,63242,1,no,no,no,no,0,ok
Johnrandallia_nigrirostris_FishBase_Jonig_u1.jpg,Johnrandallia nigrirostris,images,1,1.0,0.0,0.5823,0.8946,0.0,0.268,0.2121,1.2636,0.0069,134092,0.9813,no,no,no,no,0,ok
Johnrandallia_nigrirostris_FishBase_Jonig_u2.jpg,Johnrandallia nigrirostris,images_fishbase_extra,1,1.0,0.0,0.6777,0.9413,0.0,0.2473,0.2121,1.166,0.0307,108633,0.9877,no,no,no,no,0,ok
Johnrandallia_nigrirostris_FishBase_Jonig_u3.jpg,Johnrandallia nigrirostris,images_fishbase_extra,2,0.679,0.321,0.7439,0.5774,0.0737,0.1944,0.2121,0.9165,0.1035,24353,0.7842,no,yes,no,no,1,review
Johnrandallia_nigrirostris_FishWise_048646F000025W000001.gif,Johnrandallia nigrirostris,images_fishwise,1,1.0,0.0,0.4496,0.8524,0.0,0.2864,0.2121,1.3503,0.0707,103195,0.976,no,no,no,no,0,ok
Johnrandallia_nigrirostris_iNaturalist_14815735.jpg,Johnrandallia nigrirostris,images_inaturalist,2,0.6105,0.3895,0.7581,0.5594,0.1098,0.2459,0.2121,1.1594,0.0681,128097,0.7427,no,yes,no,no,1,review
Johnrandallia_nigrirostris_iNaturalist_274774145.jpg,Johnrandallia nigrirostris,images_inaturalist,1,1.0,0.0,0.7418,0.9547,0.0,0.1563,0.2121,0.7369,0.0262,139667,0.9756,no,no,no,no,0,ok
Johnrandallia_nigrirostris_iNaturalist_2848140.jpg,Johnrandallia nigrirostris,images_inaturalist,1,1.0,0.0,0.7796,0.9562,0.0,0.1242,0.2121,0.5856,0.0986,29734,0.9572,no,no,no,no,0,ok
Johnrandallia_nigrirostris_iNaturalist_338069056.jpg,Johnrandallia nigrirostris,images_inaturalist,1,1.0,0.0,0.5957,0.8519,0.0,0.1523,0.2121,0.7181,0.0439,178101,0.9735,no,no,no,no,0,ok
Johnrandallia_nigrirostris_iNaturalist_338069057.jpg,Johnrandallia nigrirostris,images_inaturalist,1,1.0,0.0,0.3876,0.8805,0.0,0.1557,0.2121,0.7341,0.0268,168602,0.9753,no,no,no,no,0,ok
Johnrandallia_nigrirostris_iNaturalist_347256914.jpg,Johnrandallia nigrirostris,images_inaturalist,1,1.0,0.0,0.6775,0.9297,0.0,0.0651,0.2121,0.3069,0.0366,66890,0.9055,no,no,no,no,0,ok
Johnrandallia_nigrirostris_iNaturalist_79602584.jpg,Johnrandallia nigrirostris,images_inaturalist,1,1.0,0.0,0.7622,0.9572,0.0,0.1962,0.2121,0.925,0.0321,212191,0.9938,no,no,no,no,0,ok
Johnrandallia_nigrirostris_iNaturalist_90964108.jpg,Johnrandallia nigrirostris,images_inaturalist,1,1.0,0.0,0.9822,0.9936,0.0,0.0626,0.2121,0.2951,0.3408,42609,0.9024,no,no,yes,no,1,review
Parachaetodon_ocellatus_Bishop_-154342580.jpg,Parachaetodon ocellatus,images_bishop,1,1.0,0.0,0.6173,0.8535,0.0,0.4066,0.3292,1.2351,0.0163,184214,0.9831,no,no,no,no,0,ok
Parachaetodon_ocellatus_Bishop_-506807721.jpg,Parachaetodon ocellatus,images_bishop,1,1.0,0.0,0.6109,0.8522,0.0,0.3712,0.3292,1.1276,0.0133,199060,0.9904,no,no,no,no,0,ok
Parachaetodon_ocellatus_Bishop_-731143075.jpg,Parachaetodon ocellatus,images_bishop,1,1.0,0.0,0.6124,0.9042,0.0,0.3874,0.3292,1.1768,0.0184,186650,0.987,no,no,no,no,0,ok
Parachaetodon_ocellatus_FishBaseUser_1486712838_172.68.106.90.jpg,Parachaetodon ocellatus,images_fishbase_usercontrib,2,1.0,0.0,0.5813,0.8593,0.0002,0.3472,0.3292,1.0547,0.0242,4658333,0.9957,no,no,no,no,0,ok
Parachaetodon_ocellatus_FishBaseUser_1613395906_162.158.167.180.jpg,Parachaetodon ocellatus,images_fishbase_usercontrib,2,0.6568,0.3432,1.0128,0.3575,0.0,0.0663,0.3292,0.2014,0.089,17523,0.6039,no,yes,yes,no,2,resegment_dinosam
Parachaetodon_ocellatus_FishBase_Paoce_j0.jpg,Parachaetodon ocellatus,images_fishbase_extra,1,1.0,0.0,0.5919,0.9066,0.0,0.4217,0.3292,1.281,0.0185,105504,0.9802,no,no,no,no,0,ok
Parachaetodon_ocellatus_FishBase_Paoce_u0.jpg,Parachaetodon ocellatus,images,1,1.0,0.0,0.5605,0.9127,0.0,0.3166,0.3292,0.9617,0.0747,138244,0.9969,no,no,no,no,0,ok
Parachaetodon_ocellatus_FishBase_Paoce_u2.jpg,Parachaetodon ocellatus,images_fishbase_extra,1,1.0,0.0,0.6033,0.8518,0.0,0.4001,0.3292,1.2154,0.016,103479,0.9844,no,no,no,no,0,ok
Parachaetodon_ocellatus_FishBase_Paoce_u3.jpg,Parachaetodon ocellatus,images_fishbase_extra,1,1.0,0.0,0.604,0.8534,0.0,0.3732,0.3292,1.1337,0.0135,111958,0.99,no,no,no,no,0,ok
Parachaetodon_ocellatus_FishBase_Paoce_u4.jpg,Parachaetodon ocellatus,images_fishbase_extra,1,1.0,0.0,0.5224,0.9486,0.0,0.185,0.3292,0.562,0.0598,80467,0.9539,no,no,no,no,0,ok
Parachaetodon_ocellatus_iNaturalist_101338050.jpg,Parachaetodon ocellatus,images_inaturalist,2,0.6758,0.3242,0.8105,0.741,0.0,0.0954,0.3292,0.2898,0.1344,45688,0.7547,no,no,yes,no,1,review
Parachaetodon_ocellatus_iNaturalist_106487797.jpg,Parachaetodon ocellatus,images_inaturalist,1,1.0,0.0,0.6014,0.8785,0.0,0.2352,0.3292,0.7145,0.0523,267786,0.9731,no,no,no,no,0,ok
Parachaetodon_ocellatus_iNaturalist_10940397.jpg,Parachaetodon ocellatus,images_inaturalist,1,1.0,0.0,0.6958,0.9335,0.0,0.3112,0.3292,0.9453,0.0219,259348,0.9955,no,no,no,no,0,ok
Parachaetodon_ocellatus_iNaturalist_10940553.jpg,Parachaetodon ocellatus,images_inaturalist,1,1.0,0.0,0.3322,0.8026,0.0,0.0934,0.3292,0.2837,0.2785,81503,0.885,no,no,yes,no,1,review
Parachaetodon_ocellatus_iNaturalist_127629586.jpg,Parachaetodon ocellatus,images_inaturalist,1,1.0,0.0,0.8848,0.9768,0.0,0.1236,0.3292,0.3755,0.0282,99512,0.9216,no,no,no,no,0,ok
Parachaetodon_ocellatus_iNaturalist_341061427.jpg,Parachaetodon ocellatus,images_inaturalist,1,1.0,0.0,0.6382,0.8999,0.0,0.3705,0.3292,1.1255,0.0374,322113,0.9905,no,no,no,no,0,ok
Parachaetodon_ocellatus_iNaturalist_46792087.jpg,Parachaetodon ocellatus,images_inaturalist,1,1.0,0.0,0.7936,0.9148,0.0,0.1636,0.3292,0.497,0.1165,172117,0.9441,no,no,no,no,0,ok
Parachaetodon_ocellatus_iNaturalist_568088836.jpg,Parachaetodon ocellatus,images_inaturalist,1,1.0,0.0,0.9059,0.9888,0.0,0.0746,0.3292,0.2266,0.1967,57884,0.8812,no,no,yes,no,1,review
Parachaetodon_ocellatus_iNaturalist_579722938.jpg,Parachaetodon ocellatus,images_inaturalist,1,1.0,0.0,0.6422,0.8952,0.0,0.1924,0.3292,0.5844,0.0236,308594,0.957,no,no,no,no,0,ok
Parachaetodon_ocellatus_iNaturalist_61646524.jpg,Parachaetodon ocellatus,images_inaturalist,1,1.0,0.0,0.7089,0.8899,0.0,0.2482,0.3292,0.7539,0.1039,161666,0.9774,no,no,no,no,0,ok
Prognathodes_aculeatus_FishBaseUser_1706562173_172.70.54.190.jpg,Prognathodes aculeatus,images_fishbase_usercontrib,1,1.0,0.0,0.3497,0.8379,0.0,0.1624,0.2077,0.7819,0.082,220877,0.9767,no,no,no,no,0,ok
Prognathodes_aculeatus_FishBase_Chacu_u1.jpg,Prognathodes aculeatus,images_fishbase_extra,1,1.0,0.0,0.9121,0.9509,0.0,0.1333,0.2077,0.6418,0.0723,58440,0.9645,no,no,no,no,0,ok
Prognathodes_aculeatus_FishBase_Pracu_u0.jpg,Prognathodes aculeatus,images,1,1.0,0.0,0.3501,0.7901,0.0,0.3289,0.2077,1.5835,0.0902,113229,0.9453,no,no,no,no,0,ok
Prognathodes_aculeatus_FishBase_Pracu_u1.jpg,Prognathodes aculeatus,images_fishbase_extra,5,0.9989,0.0011,0.5246,0.9125,0.0,0.2486,0.2077,1.1969,0.1197,68146,0.9852,no,no,no,no,0,ok
Prognathodes_aculeatus_FishBase_Pracu_u2.jpg,Prognathodes aculeatus,images_fishbase_extra,1,1.0,0.0,0.4573,0.8383,0.0,0.2968,0.2077,1.429,0.0607,112808,0.9679,no,no,no,no,0,ok
Prognathodes_aculeatus_FishBase_Pracu_u3.jpg,Prognathodes aculeatus,images_fishbase_extra,1,1.0,0.0,0.3946,0.8451,0.0,0.309,0.2077,1.4877,0.035,98974,0.9668,no,no,no,no,0,ok
Prognathodes_aculeatus_FishWise_109266F000024W000005.jpg,Prognathodes aculeatus,images_fishwise,1,1.0,0.0,0.3812,0.8071,0.0,0.2632,0.2077,1.2672,0.0246,78049,0.9682,no,no,no,no,0,ok
Prognathodes_aculeatus_FishWise_109266F000057W000006.gif,Prognathodes aculeatus,images_fishwise,1,1.0,0.0,0.2722,0.8086,0.0001,0.3426,0.2077,1.6495,0.0282,98636,0.9475,no,no,no,no,0,ok
Prognathodes_aculeatus_FishWise_109266F004595W000007.jpg,Prognathodes aculeatus,images_fishwise,1,1.0,0.0,0.5521,0.9034,0.0,0.2787,0.2077,1.3418,0.0537,105955,0.9765,no,no,no,no,0,ok
Prognathodes_aculeatus_iNaturalist_147548487.jpg,Prognathodes aculeatus,images_inaturalist,1,1.0,0.0,0.6427,0.904,0.0,0.1565,0.2077,0.7535,0.029,142144,0.9774,no,no,no,no,0,ok
Prognathodes_aculeatus_iNaturalist_284621950.jpg,Prognathodes aculeatus,images_inaturalist,1,1.0,0.0,0.4055,0.7541,0.0,0.1533,0.2077,0.7381,0.0742,162534,0.9469,no,no,no,no,0,ok
Prognathodes_aculeatus_iNaturalist_30531970.jpg,Prognathodes aculeatus,images_inaturalist,1,1.0,0.0,0.7175,0.9378,0.0,0.1698,0.2077,0.8175,0.0455,126600,0.9839,no,no,no,no,0,ok
Prognathodes_aculeatus_iNaturalist_30531979.jpg,Prognathodes aculeatus,images_inaturalist,1,1.0,0.0,0.7195,0.8581,0.0,0.1209,0.2077,0.5821,0.0252,147942,0.9567,no,no,no,no,0,ok
Prognathodes_aculeatus_iNaturalist_390540552.jpg,Prognathodes aculeatus,images_inaturalist,1,1.0,0.0,0.3855,0.7896,0.0,0.2957,0.2077,1.4237,0.1397,247519,0.9536,no,no,no,no,0,ok
Prognathodes_aculeatus_iNaturalist_465334435.jpg,Prognathodes aculeatus,images_inaturalist,1,1.0,0.0,0.9147,0.9585,0.0,0.1914,0.2077,0.9215,0.1426,149705,0.9935,no,no,no,no,0,ok
Prognathodes_aculeatus_iNaturalist_525211901.jpg,Prognathodes aculeatus,images_inaturalist,1,1.0,0.0,0.6542,0.888,0.0849,0.1029,0.2077,0.4954,0.3922,68253,0.9268,no,no,no,no,0,ok
Prognathodes_aculeatus_iNaturalist_549990135.jpg,Prognathodes aculeatus,images_inaturalist,1,1.0,0.0,0.6571,0.9347,0.0,0.1214,0.2077,0.5845,0.097,159951,0.957,no,no,no,no,0,ok
Prognathodes_aculeatus_iNaturalist_581759717.jpg,Prognathodes aculeatus,images_inaturalist,1,1.0,0.0,0.8267,0.968,0.0,0.1088,0.2077,0.5238,0.0357,104834,0.9483,no,no,no,no,0,ok
Prognathodes_aculeatus_iNaturalist_601647878.jpg,Prognathodes aculeatus,images_inaturalist,1,1.0,0.0,0.7851,0.9581,0.0,0.1498,0.2077,0.7212,0.0531,26042,0.9739,no,no,no,no,0,ok
Prognathodes_aya_FishBaseUser_1393789517_71.202.224.33.jpg,Prognathodes aya,images_fishbase_usercontrib,2,1.0,0.0,0.5723,0.9006,0.0,0.262,0.1894,1.383,0.0307,254814,0.9741,no,no,no,no,0,ok
Prognathodes_aya_FishBaseUser_1393793420_71.202.224.33.jpg,Prognathodes aya,images_fishbase_usercontrib,1,1.0,0.0,0.5327,0.7899,0.0,0.0725,0.1894,0.3827,0.0164,214226,0.9051,no,no,no,no,0,ok
Prognathodes_aya_FishBaseUser_1598572601_162.158.187.179.jpg,Prognathodes aya,images_fishbase_usercontrib,1,1.0,0.0,0.5243,0.8546,0.0,0.1775,0.1894,0.9369,0.0419,373766,0.9948,no,no,no,no,0,ok
Prognathodes_aya_FishBase_Chaya_u0.jpg,Prognathodes aya,images_fishbase_extra,2,1.0,0.0,0.2269,0.6957,0.0,0.1735,0.1894,0.9158,0.0069,82022,0.9467,no,no,no,no,0,ok
Prognathodes_aya_FishBase_Praya_u0.jpg,Prognathodes aya,images,1,1.0,0.0,0.4609,0.823,0.0,0.2023,0.1894,1.0678,0.0325,94468,0.9866,no,no,no,no,0,ok
Prognathodes_aya_FishBase_Praya_u1.jpg,Prognathodes aya,images_fishbase_extra,1,1.0,0.0,0.2836,0.7667,0.0,0.2408,0.1894,1.271,0.0251,115384,0.9558,no,no,no,no,0,ok
Prognathodes_aya_iNaturalist_414251810.jpg,Prognathodes aya,images_inaturalist,1,1.0,0.0,0.6028,0.8739,0.0,0.1228,0.1894,0.6482,0.1257,105282,0.9653,no,no,no,no,0,ok
Prognathodes_aya_iNaturalist_414251812.jpg,Prognathodes aya,images_inaturalist,1,1.0,0.0,0.7569,0.9494,0.0,0.1042,0.1894,0.55,0.0936,113077,0.9522,no,no,no,no,0,ok
Prognathodes_brasiliensis_FishBase_Prbra_u0.jpg,Prognathodes brasiliensis,images,1,1.0,0.0,0.3213,0.8118,0.0,0.3452,0.2677,1.2895,0.0232,125476,0.9682,no,no,no,no,0,ok
Prognathodes_brasiliensis_FishBase_Prbra_u1.jpg,Prognathodes brasiliensis,images_fishbase_extra,1,1.0,0.0,0.4614,0.8562,0.0,0.2292,0.2677,0.8562,0.0369,85260,0.9876,no,no,no,no,0,ok
Prognathodes_brasiliensis_FishBase_Prbra_u2.jpg,Prognathodes brasiliensis,images_fishbase_extra,1,1.0,0.0,0.6423,0.9043,0.0,0.1653,0.2677,0.6175,0.1356,49938,0.9614,no,no,no,no,0,ok
Prognathodes_carlhubbsi_FishBaseUser_1752435678_146.70.186.116.jpg,Prognathodes carlhubbsi,images_fishbase_usercontrib,1,1.0,0.0,0.3209,0.7776,0.0,0.2543,0.2418,1.0517,0.032,1529814,0.9742,no,no,no,no,0,ok
Prognathodes_carlhubbsi_FishBaseUser_1752435693_146.70.186.116.jpg,Prognathodes carlhubbsi,images_fishbase_usercontrib,1,1.0,0.0,0.3265,0.7299,0.0,0.1849,0.2418,0.7647,0.0955,1243248,0.9425,no,no,no,no,0,ok
Prognathodes_carlhubbsi_FishBaseUser_1752435724_146.70.186.116.jpg,Prognathodes carlhubbsi,images_fishbase_usercontrib,1,1.0,0.0,0.2894,0.7763,0.0,0.1602,0.2418,0.6625,0.033,1319304,0.945,no,no,no,no,0,ok
Prognathodes_carlhubbsi_FishBaseUser_1752435756_146.70.186.116.jpg,Prognathodes carlhubbsi,images_fishbase_usercontrib,1,1.0,0.0,0.644,0.8778,0.0,0.2047,0.2418,0.8466,0.0359,887496,0.9867,no,no,no,no,0,ok
Prognathodes_carlhubbsi_FishBase_Prcar_u2.jpg,Prognathodes carlhubbsi,images,1,1.0,0.0,0.2757,0.7595,0.0,0.308,0.2418,1.2738,0.0029,135667,0.9535,no,no,no,no,0,ok
Prognathodes_carlhubbsi_iNaturalist_197703.jpg,Prognathodes carlhubbsi,images_inaturalist,1,1.0,0.0,0.3453,0.7619,0.0,0.1202,0.2418,0.4971,0.0703,120372,0.9177,no,no,no,no,0,ok
Prognathodes_carlhubbsi_iNaturalist_289302294.jpg,Prognathodes carlhubbsi,images_inaturalist,1,1.0,0.0,0.4721,0.7535,0.0081,0.2232,0.2418,0.9231,0.1463,358099,0.963,no,no,no,no,0,ok
Prognathodes_carlhubbsi_iNaturalist_296851093.jpg,Prognathodes carlhubbsi,images_inaturalist,1,1.0,0.0,0.3059,0.6759,0.0,0.0144,0.2418,0.0596,0.1695,16748,0.7221,no,no,yes,no,1,review
Prognathodes_carlhubbsi_iNaturalist_369004742.jpg,Prognathodes carlhubbsi,images_inaturalist,1,1.0,0.0,0.332,0.8382,0.0,0.1344,0.2418,0.5558,0.0469,139667,0.9495,no,no,no,no,0,ok
Prognathodes_carlhubbsi_iNaturalist_369004805.jpg,Prognathodes carlhubbsi,images_inaturalist,1,1.0,0.0,0.5353,0.9192,0.0,0.1462,0.2418,0.6046,0.0508,125103,0.9597,no,no,no,no,0,ok
Prognathodes_carlhubbsi_iNaturalist_422516459.jpg,Prognathodes carlhubbsi,images_inaturalist,1,1.0,0.0,0.6172,0.909,0.0,0.2739,0.2418,1.1328,0.0295,209483,0.99,no,no,no,no,0,ok
Prognathodes_carlhubbsi_iNaturalist_422516471.jpg,Prognathodes carlhubbsi,images_inaturalist,1,1.0,0.0,0.6847,0.9223,0.0,0.128,0.2418,0.5294,0.0208,154282,0.9491,no,no,no,no,0,ok
Prognathodes_carlhubbsi_iNaturalist_443367431.jpg,Prognathodes carlhubbsi,images_inaturalist,1,1.0,0.0,0.4063,0.851,0.2126,0.3157,0.2418,1.3056,0.2468,291718,0.9361,no,no,no,no,0,ok
Prognathodes_carlhubbsi_iNaturalist_443367465.jpg,Prognathodes carlhubbsi,images_inaturalist,2,0.9994,0.0006,0.5456,0.8185,0.0,0.0342,0.2418,0.1414,0.0952,47400,0.8339,no,no,yes,no,1,review
Prognathodes_carlhubbsi_iNaturalist_443367541.jpg,Prognathodes carlhubbsi,images_inaturalist,1,1.0,0.0,0.6524,0.89,0.0,0.1492,0.2418,0.617,0.1033,213706,0.9614,no,no,no,no,0,ok
Prognathodes_dichrous_FishBase_Prdic_u0.jpg,Prognathodes dichrous,images_fishbase_extra,1,1.0,0.0,0.5493,0.8609,0.0,0.3523,0.3071,1.1472,0.0387,130960,0.989,no,no,no,no,0,ok
Prognathodes_dichrous_FishBase_Prdic_u1.jpg,Prognathodes dichrous,images_fishbase_extra,1,1.0,0.0,0.5366,0.8444,0.0,0.1871,0.3071,0.6092,0.0369,59747,0.9587,no,no,no,no,0,ok
Prognathodes_dichrous_FishPix_89092AF.jpg,Prognathodes dichrous,images,1,1.0,0.0,0.5776,0.874,0.0,0.255,0.3071,0.8303,0.0374,145438,0.9851,no,no,no,no,0,ok
Prognathodes_dichrous_iNaturalist_59250499.jpg,Prognathodes dichrous,images_inaturalist,1,1.0,0.0,0.5895,0.9235,0.0,0.1628,0.3071,0.5301,0.1453,124894,0.9492,no,no,no,no,0,ok
Prognathodes_falcifer_FishBaseUser_1635576194_172.70.147.83.jpg,Prognathodes falcifer,images_fishbase_usercontrib,1,1.0,0.0,0.5383,0.8163,0.0,0.168,0.1109,1.5149,0.0487,803878,0.9567,no,no,no,no,0,ok
Prognathodes_falcifer_FishBase_Chfal_u2.jpg,Prognathodes falcifer,images,1,1.0,0.0,0.1848,0.6699,0.0,0.1257,0.1109,1.1335,0.0373,71298,0.9344,no,no,no,no,0,ok
Prognathodes_falcifer_FishWise_022553F000025W000001.gif,Prognathodes falcifer,images_fishwise,1,1.0,0.0,0.2845,0.7833,0.001,0.31,0.1109,2.7953,0.0604,121595,0.8976,no,no,no,no,0,ok
Prognathodes_falcifer_iNaturalist_207868114.jpg,Prognathodes falcifer,images_inaturalist,1,1.0,0.0,0.5997,0.9083,0.0,0.0728,0.1109,0.6564,0.0515,56068,0.9663,no,no,no,no,0,ok
Prognathodes_falcifer_iNaturalist_208018123.jpg,Prognathodes falcifer,images_inaturalist,1,1.0,0.0,0.6531,0.9063,0.0,0.144,0.1109,1.2985,0.0551,124924,0.9791,no,no,no,no,0,ok
Prognathodes_falcifer_iNaturalist_240542331.jpg,Prognathodes falcifer,images_inaturalist,1,1.0,0.0,0.1212,0.5811,0.0,0.0624,0.1109,0.5627,0.1176,93226,0.8654,no,yes,no,no,1,review
Prognathodes_falcifer_iNaturalist_439465583.jpg,Prognathodes falcifer,images_inaturalist,2,0.7019,0.2981,0.183,0.3329,0.0,0.0207,0.1109,0.1867,0.0761,15819,0.6046,no,yes,yes,no,2,resegment_dinosam
Prognathodes_falcifer_iNaturalist_440145575.jpg,Prognathodes falcifer,images_inaturalist,2,0.5775,0.4225,0.179,0.5529,0.0,0.041,0.1109,0.3697,0.0246,24381,0.6813,no,yes,no,no,1,review
Prognathodes_falcifer_iNaturalist_44348913.jpg,Prognathodes falcifer,images_inaturalist,1,1.0,0.0,0.8933,0.9492,0.0,0.0053,0.1109,0.0478,0.1301,4350,0.76,no,no,yes,no,1,review
Prognathodes_falcifer_iNaturalist_562177023.jpg,Prognathodes falcifer,images_inaturalist,1,1.0,0.0,0.2422,0.7309,0.0,0.0997,0.1109,0.899,0.1035,133612,0.9558,no,no,no,no,0,ok
Prognathodes_falcifer_iNaturalist_562177033.jpg,Prognathodes falcifer,images_inaturalist,1,1.0,0.0,0.7827,0.909,0.0,0.0311,0.1109,0.2804,0.0335,29576,0.8983,no,no,yes,no,1,review
Prognathodes_falcifer_iNaturalist_562177068.jpg,Prognathodes falcifer,images_inaturalist,1,1.0,0.0,0.5825,0.9056,0.0,0.0967,0.1109,0.872,0.0647,109116,0.989,no,no,no,no,0,ok
Prognathodes_guyanensis_FishBase_Chguy_u0.jpg,Prognathodes guyanensis,images_fishbase_extra,1,1.0,0.0,0.3313,0.8072,0.0,0.3177,0.3177,1.0,0.0294,114107,0.9872,no,no,no,no,0,ok
Prognathodes_guyanensis_FishBase_Prguy_u0.jpg,Prognathodes guyanensis,images_fishbase_extra,1,1.0,0.0,0.6402,0.9404,0.0,0.449,0.3177,1.4133,0.0412,132005,0.9723,no,no,no,no,0,ok
Prognathodes_guyanensis_FishBase_Prguy_u1.jpg,Prognathodes guyanensis,images_fishbase_extra,1,1.0,0.0,0.342,0.8217,0.0,0.3813,0.3177,1.2002,0.0192,139056,0.9769,no,no,no,no,0,ok
Prognathodes_guyanensis_FishBase_Prguy_u2.jpg,Prognathodes guyanensis,images_fishbase_extra,1,1.0,0.0,0.319,0.809,0.0,0.2442,0.3177,0.7686,0.0645,113166,0.9667,no,no,no,no,0,ok
Prognathodes_guyanensis_FishPix_89093AF.jpg,Prognathodes guyanensis,images,1,1.0,0.0,0.6472,0.9465,0.0,0.2368,0.3177,0.7454,0.0098,139989,0.9765,no,no,no,no,0,ok
Prognathodes_guyanensis_FishWise_117869F000057W000002.gif,Prognathodes guyanensis,images_fishwise,1,1.0,0.0,0.2645,0.8044,0.0,0.2848,0.3177,0.8964,0.0108,121200,0.9776,no,no,no,no,0,ok
Prognathodes_guyanensis_iNaturalist_456412996.jpg,Prognathodes guyanensis,images_inaturalist,1,1.0,0.0,0.4982,0.848,0.0,0.0214,0.3177,0.0674,0.029,25460,0.7836,no,no,yes,no,1,review
Prognathodes_marcellae_FishBase_Prmar_u0.jpg,Prognathodes marcellae,images,2,0.6537,0.3463,0.7443,0.4362,0.0,0.0936,0.0947,0.9884,0.0526,18666,0.7537,no,yes,no,no,1,review
Prognathodes_marcellae_iNaturalist_166670490.jpg,Prognathodes marcellae,images_inaturalist,4,0.3568,0.6432,0.9069,0.2939,0.0,0.0383,0.0947,0.4044,0.0263,9834,0.5356,yes,yes,no,no,2,resegment_dinosam
Prognathodes_marcellae_iNaturalist_166670964.jpg,Prognathodes marcellae,images_inaturalist,3,0.4319,0.5681,0.8461,0.4157,0.0,0.021,0.0947,0.2218,0.0773,6553,0.5504,yes,yes,yes,no,3,resegment_dinosam
Prognathodes_marcellae_iNaturalist_176153571.jpg,Prognathodes marcellae,images_inaturalist,1,1.0,0.0,0.3572,0.7008,0.0,0.1089,0.0947,1.1499,0.13,144590,0.9441,no,no,no,no,0,ok
Prognathodes_marcellae_iNaturalist_184144288.jpg,Prognathodes marcellae,images_inaturalist,1,1.0,0.0,0.7225,0.9114,0.0,0.0944,0.0947,0.9968,0.0273,128643,0.9997,no,no,no,no,0,ok
Prognathodes_marcellae_iNaturalist_184144302.jpg,Prognathodes marcellae,images_inaturalist,1,1.0,0.0,0.9479,0.9835,0.0,0.0761,0.0947,0.8036,0.0235,75783,0.9825,no,no,no,no,0,ok
Prognathodes_marcellae_iNaturalist_185079663.jpg,Prognathodes marcellae,images_inaturalist,1,1.0,0.0,0.8912,0.9565,0.0,0.0271,0.0947,0.2862,0.0623,26072,0.8999,no,no,yes,no,1,review
Prognathodes_marcellae_iNaturalist_244937622.jpg,Prognathodes marcellae,images_inaturalist,1,1.0,0.0,0.3899,0.8022,0.0049,0.1952,0.0947,2.0612,0.0639,205508,0.9268,no,no,no,no,0,ok
Prognathodes_marcellae_iNaturalist_273249646.jpg,Prognathodes marcellae,images_inaturalist,1,1.0,0.0,0.6918,0.9301,0.0,0.1592,0.0947,1.6811,0.1429,139459,0.9584,no,no,no,no,0,ok
Prognathodes_obliquus_FishBase_Chobl_u1.jpg,Prognathodes obliquus,images,1,1.0,0.0,0.6667,0.9141,0.0,0.4834,0.4834,1.0,0.047,139445,1,no,no,no,no,0,ok
Roa_australis_FishBase_Roaus_u0.jpg,Roa australis,images,1,1.0,0.0,0.4144,0.8604,0.0,0.2974,0.325,0.9149,0.03,106499,0.9929,no,no,no,no,0,ok
Roa_australis_FishWise_120410F000384W000001.jpg,Roa australis,images_fishwise,1,1.0,0.0,0.4056,0.8738,0.0,0.2975,0.325,0.9152,0.0299,91986,0.9929,no,no,no,no,0,ok
Roa_excelsa_FishBase_Chexc_u0.jpg,Roa excelsa,images,1,1.0,0.0,0.3218,0.7816,0.0003,0.4328,0.3303,1.3105,0.0302,111642,0.9578,no,no,no,no,0,ok
Roa_excelsa_FishWise_103952F000042W000002.jpg,Roa excelsa,images_fishwise,1,1.0,0.0,0.375,0.8078,0.0,0.2041,0.3303,0.618,0.02,81132,0.9488,no,no,no,no,0,ok
Roa_jayakari_FishBaseUser_1380914544_182.178.28.52.jpg,Roa jayakari,images_fishbase_usercontrib,2,0.9999,0.0001,0.3195,0.801,0.0,0.3345,0.3937,0.8496,0.0167,147822,0.9722,no,no,no,no,0,ok
Roa_jayakari_FishBaseUser_1380914654_182.178.28.52.jpg,Roa jayakari,images_fishbase_usercontrib,1,1.0,0.0,0.2985,0.8141,0.0,0.3556,0.3937,0.9032,0.0315,161823,0.9811,no,no,no,no,0,ok
Roa_jayakari_FishBaseUser_1380914688_182.178.28.52.jpg,Roa jayakari,images_fishbase_usercontrib,1,1.0,0.0,0.3233,0.8076,0.0,0.3468,0.3937,0.8809,0.0481,117693,0.9771,no,no,no,no,0,ok
Roa_jayakari_FishBaseUser_1380914710_182.178.28.52.jpg,Roa jayakari,images_fishbase_usercontrib,1,1.0,0.0,0.2657,0.8002,0.0,0.389,0.3937,0.9881,0.0327,191654,0.9841,no,no,no,no,0,ok
Roa_jayakari_FishBaseUser_1385719028_210.212.140.226.jpg,Roa jayakari,images_fishbase_usercontrib,1,1.0,0.0,0.3469,0.819,0.0006,0.4024,0.3937,1.0221,0.0808,297869,0.9888,no,no,no,no,0,ok
Roa_jayakari_FishBaseUser_1476521232_162.158.31.220.jpg,Roa jayakari,images_fishbase_usercontrib,1,1.0,0.0,0.2631,0.7138,0.0067,0.4622,0.3937,1.174,0.0186,266157,0.945,no,no,no,no,0,ok
Roa_jayakari_FishBaseUser_1476521377_162.158.31.220.jpg,Roa jayakari,images_fishbase_usercontrib,1,1.0,0.0,0.4382,0.7712,0.0001,0.5294,0.3937,1.3447,0.018,495104,0.9526,no,no,no,no,0,ok
Roa_jayakari_FishBaseUser_1502595969_188.114.102.42.jpg,Roa jayakari,images_fishbase_usercontrib,1,1.0,0.0,0.3472,0.8482,0.0,0.4348,0.3937,1.1044,0.0402,148329,0.9915,no,no,no,no,0,ok
Roa_jayakari_FishBaseUser_1651918392_162.158.163.202.jpg,Roa jayakari,images_fishbase_usercontrib,1,1.0,0.0,0.3589,0.8095,0.0,0.386,0.3937,0.9804,0.0454,304328,0.9863,no,no,no,no,0,ok
Roa_jayakari_FishBaseUser_1671631214_172.70.147.66.jpg,Roa jayakari,images_fishbase_usercontrib,1,1.0,0.0,0.5016,0.8721,0.0,0.3118,0.3937,0.792,0.0238,2065778,0.9813,no,no,no,no,0,ok
Roa_jayakari_FishBaseUser_1723181229_162.158.163.107.jpg,Roa jayakari,images_fishbase_usercontrib,1,1.0,0.0,0.8652,0.9684,0.0,0.205,0.3937,0.5207,0.0273,379068,0.9478,no,no,no,no,0,ok
Roa_jayakari_FishBase_Chjay_u0.jpg,Roa jayakari,images_fishbase_extra,1,1.0,0.0,0.331,0.8303,0.0,0.3722,0.3937,0.9454,0.0191,132263,0.9896,no,no,no,no,0,ok
Roa_jayakari_FishBase_Chjay_u1.jpg,Roa jayakari,images,1,1.0,0.0,0.7211,0.9233,0.0,0.1215,0.3937,0.3086,0.048,56211,0.9059,no,no,no,no,0,ok
Roa_jayakari_FishBase_Chjay_u2.jpg,Roa jayakari,images_fishbase_extra,1,1.0,0.0,0.3996,0.8682,0.0,0.3984,0.3937,1.0119,0.0037,136994,0.9991,no,no,no,no,0,ok
Roa_jayakari_FishBase_Chjay_u3.jpg,Roa jayakari,images_fishbase_extra,1,1.0,0.0,0.3731,0.8357,0.0,0.4006,0.3937,1.0175,0.0182,123568,0.9943,no,no,no,no,0,ok
Roa_jayakari_FishBase_Rojay_u0.jpg,Roa jayakari,images_fishbase_extra,1,1.0,0.0,0.4425,0.9206,0.0,0.4109,0.3937,1.0437,0.0276,164836,0.9966,no,no,no,no,0,ok
Roa_jayakari_FishWise_123807F000049W000001.jpg,Roa jayakari,images_fishwise,1,1.0,0.0,0.3507,0.8367,0.0,0.3373,0.3937,0.8567,0.0099,115393,0.9836,no,no,no,no,0,ok
Roa_jayakari_FishWise_123807F000413W000004.jpg,Roa jayakari,images_fishwise,1,1.0,0.0,0.5436,0.8364,0.0,0.2186,0.3937,0.5552,0.015,75097,0.9489,no,no,no,no,0,ok
Roa_modesta_FishBaseUser_1528004239_162.158.58.173.jpg,Roa modesta,images_fishbase_usercontrib,1,1.0,0.0,0.6776,0.9203,0.0,0.1572,0.2171,0.7241,0.0589,360086,0.9742,no,no,no,no,0,ok
Roa_modesta_FishBaseUser_1672901805_162.158.178.62.jpg,Roa modesta,images_fishbase_usercontrib,1,1.0,0.0,0.6062,0.8669,0.0,0.2171,0.2171,1.0,0.0136,2716631,1,no,no,no,no,0,ok
Roa_modesta_FishBaseUser_1672901864_162.158.178.86.jpg,Roa modesta,images_fishbase_usercontrib,1,1.0,0.0,0.7303,0.8947,0.0,0.0632,0.2171,0.2911,0.1575,21702,0.9013,no,no,yes,no,1,review
Roa_modesta_FishBase_Chmod_u0.jpg,Roa modesta,images_fishbase_extra,1,1.0,0.0,0.447,0.7383,0.0,0.1282,0.2171,0.5905,0.0856,52010,0.9243,no,no,no,no,0,ok
Roa_modesta_FishBase_Chmod_u1.jpg,Roa modesta,images,1,1.0,0.0,0.3238,0.7865,0.0008,0.4424,0.2171,2.0378,0.0274,116180,0.9238,no,no,no,no,0,ok
Roa_modesta_FishBase_Chmod_u2.jpg,Roa modesta,images_fishbase_extra,1,1.0,0.0,0.6149,0.9079,0.0,0.2247,0.2171,1.035,0.0578,86518,0.9972,no,no,no,no,0,ok
Roa_modesta_FishBase_Chmod_u3.jpg,Roa modesta,images_fishbase_extra,1,1.0,0.0,0.3758,0.8716,0.0,0.4487,0.2171,2.0668,0.0244,107737,0.9419,no,no,no,no,0,ok
Roa_modesta_FishBase_Romod_u0.jpg,Roa modesta,images_fishbase_extra,1,1.0,0.0,0.4163,0.8682,0.0,0.2903,0.2171,1.3372,0.021,93944,0.9768,no,no,no,no,0,ok
Roa_modesta_FishBase_Romod_u1.jpg,Roa modesta,images_fishbase_extra,1,1.0,0.0,0.7029,0.9479,0.0,0.1027,0.2171,0.4731,0.0293,39195,0.9401,no,no,no,no,0,ok
Roa_modesta_FishBase_Romod_u2.jpg,Roa modesta,images_fishbase_extra,1,1.0,0.0,0.53,0.8664,0.0,0.2106,0.2171,0.9701,0.0773,81015,0.9976,no,no,no,no,0,ok
Roa_modesta_FishWise_045566F006601W000001.jpg,Roa modesta,images_fishwise,1,1.0,0.0,0.5644,0.86,0.0,0.1829,0.2171,0.8425,0.0331,94050,0.9863,no,no,no,no,0,ok
Roa_modesta_FishWise_045566F006601W000002.jpg,Roa modesta,images_fishwise,1,1.0,0.0,0.6639,0.8711,0.0,0.1302,0.2171,0.5997,0.0314,69173,0.9591,no,no,no,no,0,ok
Roa_modesta_iNaturalist_200235685.jpg,Roa modesta,images_inaturalist,1,1.0,0.0,0.4698,0.8837,0.0,0.1368,0.2171,0.6301,0.0599,108306,0.9631,no,no,no,no,0,ok
Roa_modesta_iNaturalist_351064622.jpg,Roa modesta,images_inaturalist,2,0.9975,0.0025,0.2712,0.7975,0.0,0.1004,0.2171,0.4625,0.0677,98722,0.9217,no,no,no,no,0,ok
Roa_modesta_iNaturalist_351064648.jpg,Roa modesta,images_inaturalist,1,1.0,0.0,0.7144,0.954,0.0,0.2429,0.2171,1.1188,0.0483,286325,0.991,no,no,no,no,0,ok
Roa_modesta_iNaturalist_351101106.jpg,Roa modesta,images_inaturalist,1,1.0,0.0,0.86,1.0046,0.0076,0.5068,0.2171,2.3344,0.0679,460899,0.9307,no,no,no,no,0,ok
Roa_modesta_iNaturalist_351101127.jpg,Roa modesta,images_inaturalist,1,1.0,0.0,0.72,0.935,0.0098,0.4435,0.2171,2.0428,0.0891,533336,0.9409,no,no,no,no,0,ok
Roa_modesta_iNaturalist_410589366.jpg,Roa modesta,images_inaturalist,1,1.0,0.0,0.489,0.8336,0.0,0.0572,0.2171,0.2635,0.0763,40547,0.8884,no,no,yes,no,1,review
Roa_modesta_iNaturalist_410589399.jpg,Roa modesta,images_inaturalist,1,1.0,0.0,0.786,0.9139,0.0,0.0427,0.2171,0.1967,0.0421,46697,0.8699,no,no,yes,no,1,review
Roa_modesta_iNaturalist_431619017.jpg,Roa modesta,images_inaturalist,1,1.0,0.0,0.6036,0.8725,0.0,0.069,0.2171,0.3178,0.0024,55274,0.9083,no,no,no,no,0,ok
Roa_modesta_iNaturalist_475502900.jpg,Roa modesta,images_inaturalist,5,0.9996,0.0004,0.4551,0.8643,0.0446,0.315,0.2171,1.4509,0.1786,285105,0.9612,no,no,no,no,0,ok
