filename,species,source,original_mean_L,species_mean_L,L_shift,n_body_pixels,n_pixels_clamped
Amphichaetodon_howensis_FishBase_Amhow_u3.jpg,Amphichaetodon howensis,fishbase,31.53,39.59,8.05,112801,3522
Amphichaetodon_howensis_Bishop_-1464681654.jpg,Amphichaetodon howensis,bishop,29.05,39.59,10.54,196605,5884
Amphichaetodon_howensis_Bishop_-369771762.jpg,Amphichaetodon howensis,bishop,31.35,39.59,8.23,200422,5310
Amphichaetodon_howensis_Bishop_472868867 Background Removed.png,Amphichaetodon howensis,bishop,30.12,39.59,9.47,192557,7111
Amphichaetodon_howensis_Bishop_472868867.jpg,Amphichaetodon howensis,bishop,30.11,39.59,9.48,192054,7093
Amphichaetodon_howensis_FishBase_Amhow_u0.jpg,Amphichaetodon howensis,fishbase,49.35,39.59,-9.77,60932,16623
Amphichaetodon_howensis_FishBase_Amhow_u1.jpg,Amphichaetodon howensis,fishbase,30.55,39.59,9.04,107044,4287
Amphichaetodon_howensis_FishBase_Amhow_u2.jpg,Amphichaetodon howensis,fishbase,29.44,39.59,10.14,110239,3720
Amphichaetodon_howensis_iNaturalist_11105384.jpg,Amphichaetodon howensis,inaturalist,48.98,39.59,-9.39,205893,2876
Amphichaetodon_howensis_iNaturalist_405964908.jpg,Amphichaetodon howensis,inaturalist,46.93,39.59,-7.35,78418,2336
Amphichaetodon_howensis_FishWise_030360F000024W000002.jpg,Amphichaetodon howensis,unknown,52.2,39.59,-12.62,43388,13052
Amphichaetodon_howensis_FishWise_030360F000024W000003.jpg,Amphichaetodon howensis,unknown,29.45,39.59,10.14,84710,2854
Amphichaetodon_howensis_FishWise_030360F000048W000001.gif,Amphichaetodon howensis,unknown,46.64,39.59,-7.05,89084,235
Amphichaetodon_howensis_FishWise_030360F007696W000006.jpg,Amphichaetodon howensis,unknown,54.32,39.59,-14.73,92398,23526
Amphichaetodon_howensis_FishWise_030360F007696W000007.jpg,Amphichaetodon howensis,unknown,54.22,39.59,-14.63,69093,16377
Amphichaetodon_howensis_FishWise_030360F008947W000008.JPG,Amphichaetodon howensis,unknown,39.14,39.59,0.44,69824,173
Amphichaetodon_melbae_FishBase_Ammel_u0.jpg,Amphichaetodon melbae,fishbase,49.07,48.26,-0.81,105371,22653
Amphichaetodon_melbae_Bishop_-1115161976.jpg,Amphichaetodon melbae,bishop,48.63,48.26,-0.37,188561,35209
Amphichaetodon_melbae_iNaturalist_510100646.jpg,Amphichaetodon melbae,inaturalist,46.08,48.26,2.18,171844,247
Amphichaetodon_melbae_FishWise_043655F000024W000001.jpg,Amphichaetodon melbae,unknown,49.25,48.26,-0.99,80125,17062
Chaetodon_adiergastos_FishPix_28455AF.jpg,Chaetodon adiergastos,fishpix,68.77,56.52,-12.24,111422,5240
Chaetodon_adiergastos_Bishop_1979529705.jpg,Chaetodon adiergastos,bishop,60.27,56.52,-3.74,216955,9205
Chaetodon_adiergastos_FishBase_Chadi_u1.jpg,Chaetodon adiergastos,fishbase,60.73,56.52,-4.2,121982,5658
Chaetodon_adiergastos_FishBase_Chadi_u3.jpg,Chaetodon adiergastos,fishbase,67.04,56.52,-10.52,28695,1633
Chaetodon_adiergastos_FishBase_Chadi_u4.jpg,Chaetodon adiergastos,fishbase,28.84,56.52,27.68,145400,11715
Chaetodon_adiergastos_FishBaseUser_1354818522_86.28.236.182.jpg,Chaetodon adiergastos,fishbase,57.99,56.52,-1.46,349123,543
Chaetodon_adiergastos_FishBaseUser_1508793657_172.68.102.54.jpg,Chaetodon adiergastos,fishbase,38.02,56.52,18.5,1752267,24899
Chaetodon_adiergastos_FishBaseUser_1577140639_172.68.102.128.jpg,Chaetodon adiergastos,fishbase,56.09,56.52,0.43,435006,2
Chaetodon_adiergastos_FishBaseUser_1577140803_172.68.102.30.jpg,Chaetodon adiergastos,fishbase,40.59,56.52,15.93,1829477,18502
Chaetodon_adiergastos_FishBaseUser_1610273317_172.68.243.13.jpg,Chaetodon adiergastos,fishbase,48.34,56.52,8.18,2888249,0
Chaetodon_adiergastos_FishBaseUser_1753598392_219.73.75.40.jpg,Chaetodon adiergastos,fishbase,57.51,56.52,-0.99,946051,7996
Chaetodon_adiergastos_iNaturalist_18099243.jpg,Chaetodon adiergastos,inaturalist,71.16,56.52,-14.63,157649,6577
Chaetodon_adiergastos_iNaturalist_19737434.jpg,Chaetodon adiergastos,inaturalist,65.1,56.52,-8.58,356172,586
Chaetodon_adiergastos_iNaturalist_275485797.jpg,Chaetodon adiergastos,inaturalist,50.8,56.52,5.73,126814,0
Chaetodon_adiergastos_iNaturalist_312479934.jpg,Chaetodon adiergastos,inaturalist,58.13,56.52,-1.61,174374,62
Chaetodon_adiergastos_iNaturalist_341061286.jpg,Chaetodon adiergastos,inaturalist,41.01,56.52,15.51,408963,5701
Chaetodon_adiergastos_iNaturalist_432980114.jpg,Chaetodon adiergastos,inaturalist,56.19,56.52,0.34,146180,0
Chaetodon_adiergastos_iNaturalist_468973634.jpg,Chaetodon adiergastos,inaturalist,35.54,56.52,20.98,59793,452
Chaetodon_adiergastos_iNaturalist_556364227.jpg,Chaetodon adiergastos,inaturalist,68.45,56.52,-11.92,159039,11370
Chaetodon_adiergastos_FishWise_000669F000009W000005.jpg,Chaetodon adiergastos,unknown,58.75,56.52,-2.22,77448,1792
Chaetodon_adiergastos_FishWise_000669F000009W000007.jpg,Chaetodon adiergastos,unknown,61.97,56.52,-5.45,69116,0
Chaetodon_adiergastos_FishWise_000669F000009W000008.jpg,Chaetodon adiergastos,unknown,64.74,56.52,-8.22,99155,1451
Chaetodon_adiergastos_FishWise_000669F000009W000009.jpg,Chaetodon adiergastos,unknown,61.21,56.52,-4.69,112565,243
Chaetodon_adiergastos_FishWise_000669F000009W000010.jpg,Chaetodon adiergastos,unknown,48.15,56.52,8.37,89770,210
Chaetodon_adiergastos_FishWise_000669F000009W000011.jpg,Chaetodon adiergastos,unknown,54.34,56.52,2.19,84977,873
Chaetodon_adiergastos_FishWise_000669F000009W000012.jpg,Chaetodon adiergastos,unknown,50.2,56.52,6.33,91299,854
Chaetodon_adiergastos_FishWise_000669F000009W000013.jpg,Chaetodon adiergastos,unknown,50.34,56.52,6.18,73872,1072
Chaetodon_adiergastos_FishWise_000669F000024W000001.jpg,Chaetodon adiergastos,unknown,69.52,56.52,-12.99,73839,5104
Chaetodon_adiergastos_FishWise_000669F000024W000002.jpg,Chaetodon adiergastos,unknown,60.15,56.52,-3.62,86258,4082
Chaetodon_adiergastos_FishWise_000669F000031W000004.jpg,Chaetodon adiergastos,unknown,69.03,56.52,-12.5,77243,3335
Chaetodon_adiergastos_FishWise_000669F000110W000003.jpg,Chaetodon adiergastos,unknown,69.28,56.52,-12.76,91012,3965
Chaetodon_adiergastos_FishWise_000669F000387W000006.jpg,Chaetodon adiergastos,unknown,67.0,56.52,-10.48,112352,7
Chaetodon_adiergastos_FishWise_000669F000387W000014.jpg,Chaetodon adiergastos,unknown,60.2,56.52,-3.68,89882,15
Chaetodon_adiergastos_FishWise_000669F000492W000015.jpg,Chaetodon adiergastos,unknown,46.34,56.52,10.18,124387,1722
Chaetodon_andamanensis_FishPix_88987AF.jpg,Chaetodon andamanensis,fishpix,88.03,61.26,-26.77,161775,8297
Chaetodon_andamanensis_Bishop_-322272266.jpg,Chaetodon andamanensis,bishop,44.05,61.26,17.21,241581,916
Chaetodon_andamanensis_FishBase_Chand_u0.jpg,Chaetodon andamanensis,fishbase,44.62,61.26,16.65,136692,1824
Chaetodon_andamanensis_iNaturalist_436938868.jpg,Chaetodon andamanensis,inaturalist,68.35,61.26,-7.09,367212,1744
Chaetodon_argentatus_FishPix_2068AF.jpg,Chaetodon argentatus,fishpix,60.37,49.66,-10.71,127902,8946
Chaetodon_argentatus_Bishop_1074668308.jpg,Chaetodon argentatus,bishop,53.19,49.66,-3.53,191414,11783
Chaetodon_argentatus_FishBase_Charg_u0.jpg,Chaetodon argentatus,fishbase,36.37,49.66,13.29,106130,2674
Chaetodon_argentatus_FishBase_Charg_u2.jpg,Chaetodon argentatus,fishbase,53.54,49.66,-3.88,107235,7957
Chaetodon_argentatus_FishBase_Charg_ua.jpg,Chaetodon argentatus,fishbase,55.42,49.66,-5.76,105240,15641
Chaetodon_argentatus_iNaturalist_83513716.jpg,Chaetodon argentatus,inaturalist,46.49,49.66,3.17,318367,155
Chaetodon_argentatus_FishWise_004409F000024W000002.jpg,Chaetodon argentatus,unknown,58.01,49.66,-8.34,74393,0
Chaetodon_argentatus_FishWise_004409F000024W000003.jpg,Chaetodon argentatus,unknown,57.7,49.66,-8.03,83831,970
Chaetodon_argentatus_FishWise_004409F000039W000001.jpg,Chaetodon argentatus,unknown,28.59,49.66,21.08,106278,4125
Chaetodon_argentatus_FishWise_004409F006601W000005.jpg,Chaetodon argentatus,unknown,49.99,49.66,-0.33,142177,607
Chaetodon_argentatus_FishWise_004409F006601W000006.jpg,Chaetodon argentatus,unknown,46.62,49.66,3.04,54763,1099
Chaetodon_assarius_FishBase_Chass_u0.jpg,Chaetodon assarius,fishbase,72.67,51.68,-20.98,137228,7638
Chaetodon_assarius_iNaturalist_176862632.jpg,Chaetodon assarius,inaturalist,45.94,51.68,5.75,68220,23
Chaetodon_assarius_iNaturalist_477274770.jpg,Chaetodon assarius,inaturalist,62.23,51.68,-10.55,191375,1289
Chaetodon_assarius_iNaturalist_6085742.jpg,Chaetodon assarius,inaturalist,25.9,51.68,25.78,180881,2290
Chaetodon_aureofasciatus_Bishop_1459626629.jpg,Chaetodon aureofasciatus,bishop,58.59,55.77,-2.82,192815,3590
Chaetodon_aureofasciatus_FishBase_Chaur_u1.jpg,Chaetodon aureofasciatus,fishbase,59.37,55.77,-3.6,107937,2078
Chaetodon_aureofasciatus_FishBase_Chaur_ut.jpg,Chaetodon aureofasciatus,fishbase,63.72,55.77,-7.95,108628,662
Chaetodon_aureofasciatus_FishBaseUser_1607952616_172.69.135.150.jpg,Chaetodon aureofasciatus,fishbase,55.81,55.77,-0.04,327244,382
Chaetodon_aureofasciatus_FishBaseUser_1700898771_108.162.226.189.jpg,Chaetodon aureofasciatus,fishbase,46.87,55.77,8.9,87835,2216
Chaetodon_aureofasciatus_iNaturalist_341061346.jpg,Chaetodon aureofasciatus,inaturalist,48.43,55.77,7.34,439325,101
Chaetodon_aureofasciatus_FishWise_006046F000112W000003.jpg,Chaetodon aureofasciatus,unknown,57.58,55.77,-1.81,87145,0
Chaetodon_auriga_FishPix_12061AF.jpg,Chaetodon auriga,fishpix,48.52,61.68,13.16,98136,1
Chaetodon_auriga_Bishop_-2122348146.jpg,Chaetodon auriga,bishop,61.02,61.68,0.66,239289,1759
Chaetodon_auriga_Bishop_1449897185.jpg,Chaetodon auriga,bishop,62.47,61.68,-0.79,199808,2991
Chaetodon_auriga_Bishop_1547714619.jpg,Chaetodon auriga,bishop,64.13,61.68,-2.45,247137,2638
Chaetodon_auriga_Bishop_1988149751.jpg,Chaetodon auriga,bishop,52.82,61.68,8.85,241771,16012
Chaetodon_auriga_Bishop_415255648.jpg,Chaetodon auriga,bishop,58.56,61.68,3.12,272910,7112
Chaetodon_auriga_Bishop_843681634.jpg,Chaetodon auriga,bishop,61.15,61.68,0.53,254585,847
Chaetodon_auriga_FishBase_Chaur_u5.jpg,Chaetodon auriga,fishbase,60.98,61.68,0.7,135557,2719
Chaetodon_auriga_FishBase_Chaur_u6.jpg,Chaetodon auriga,fishbase,62.82,61.68,-1.14,155140,3394
Chaetodon_auriga_FishBase_Chaur_u7.jpg,Chaetodon auriga,fishbase,58.89,61.68,2.79,153285,4588
Chaetodon_auriga_FishBase_Chaur_u8.jpg,Chaetodon auriga,fishbase,61.6,61.68,0.08,156888,141
Chaetodon_auriga_FishBase_Chaur_u9.jpg,Chaetodon auriga,fishbase,64.55,61.68,-2.87,138681,2273
Chaetodon_auriga_FishBase_Chaur_ua.jpg,Chaetodon auriga,fishbase,53.18,61.68,8.5,136139,10334
Chaetodon_auriga_FishBase_Chaur_ul.jpg,Chaetodon auriga,fishbase,70.7,61.68,-9.02,123649,4596
Chaetodon_auriga_FishBase_Chaur_uv.jpg,Chaetodon auriga,fishbase,59.59,61.68,2.09,74691,188
Chaetodon_auriga_FishBase_Chaur_uz.jpg,Chaetodon auriga,fishbase,59.53,61.68,2.15,83359,961
Chaetodon_auriga_FishBaseUser_1361358789_86.28.236.182.jpg,Chaetodon auriga,fishbase,65.66,61.68,-3.98,305786,678
Chaetodon_auriga_FishBaseUser_1361358853_86.28.236.182.jpg,Chaetodon auriga,fishbase,66.41,61.68,-4.73,345846,10842
Chaetodon_auriga_FishBaseUser_1508794173_172.68.102.54.jpg,Chaetodon auriga,fishbase,56.03,61.68,5.65,1602539,92182
Chaetodon_auriga_FishBaseUser_1575022767_162.158.167.52.jpg,Chaetodon auriga,fishbase,58.75,61.68,2.93,1134656,0
Chaetodon_auriga_FishBaseUser_1705879547_172.70.254.95.jpg,Chaetodon auriga,fishbase,48.96,61.68,12.72,211902,10643
Chaetodon_auriga_iNaturalist_6973141.jpg,Chaetodon auriga,inaturalist,73.01,61.68,-11.33,256629,2115
Chaetodon_auriga_FishWise_006157F000003W000086.jpg,Chaetodon auriga,unknown,57.38,61.68,4.3,125138,2
Chaetodon_auriga_FishWise_006157F000009W000037.jpg,Chaetodon auriga,unknown,67.0,61.68,-5.32,88205,3320
Chaetodon_auriga_FishWise_006157F000009W000042.jpg,Chaetodon auriga,unknown,60.0,61.68,1.68,101926,0
Chaetodon_auriga_FishWise_006157F000009W000045.jpg,Chaetodon auriga,unknown,15.41,61.68,46.26,26158,2323
Chaetodon_auriga_FishWise_006157F000009W000053.jpg,Chaetodon auriga,unknown,56.22,61.68,5.46,91003,141
Chaetodon_auriga_FishWise_006157F000009W000061.jpg,Chaetodon auriga,unknown,73.81,61.68,-12.13,120581,6603
Chaetodon_auriga_FishWise_006157F000009W000062.jpg,Chaetodon auriga,unknown,53.96,61.68,7.72,112677,1
Chaetodon_auriga_FishWise_006157F000009W000063.jpg,Chaetodon auriga,unknown,54.95,61.68,6.73,116495,5
Chaetodon_auriga_FishWise_006157F000009W000064.jpg,Chaetodon auriga,unknown,57.93,61.68,3.75,119344,0
Chaetodon_auriga_FishWise_006157F000009W000065.jpg,Chaetodon auriga,unknown,55.48,61.68,6.2,133246,11
Chaetodon_auriga_FishWise_006157F000009W000066.jpg,Chaetodon auriga,unknown,61.59,61.68,0.09,131735,0
Chaetodon_auriga_FishWise_006157F000009W000068.jpg,Chaetodon auriga,unknown,48.99,61.68,12.68,80200,151
Chaetodon_auriga_FishWise_006157F000009W000072.jpg,Chaetodon auriga,unknown,74.79,61.68,-13.11,73560,1020
Chaetodon_auriga_FishWise_006157F000009W000073.jpg,Chaetodon auriga,unknown,64.79,61.68,-3.11,65583,4
Chaetodon_auriga_FishWise_006157F000009W000074.jpg,Chaetodon auriga,unknown,66.86,61.68,-5.18,78779,532
Chaetodon_auriga_FishWise_006157F000009W000075.jpg,Chaetodon auriga,unknown,69.09,61.68,-7.41,67519,882
Chaetodon_auriga_FishWise_006157F000009W000076.jpg,Chaetodon auriga,unknown,68.39,61.68,-6.71,81164,146
Chaetodon_auriga_FishWise_006157F000009W000077.jpg,Chaetodon auriga,unknown,58.05,61.68,3.63,75809,0
Chaetodon_auriga_FishWise_006157F000009W000079.jpg,Chaetodon auriga,unknown,67.51,61.68,-5.83,109920,772
Chaetodon_auriga_FishWise_006157F000009W000080.jpg,Chaetodon auriga,unknown,56.66,61.68,5.02,92376,21
Chaetodon_auriga_FishWise_006157F000009W000081.jpg,Chaetodon auriga,unknown,73.89,61.68,-12.21,102396,352
Chaetodon_auriga_FishWise_006157F000009W000082.jpg,Chaetodon auriga,unknown,74.8,61.68,-13.12,115438,144
Chaetodon_auriga_FishWise_006157F000009W000083.jpg,Chaetodon auriga,unknown,68.76,61.68,-7.08,123315,217
Chaetodon_auriga_FishWise_006157F000009W000084.jpg,Chaetodon auriga,unknown,63.96,61.68,-2.28,125226,227
Chaetodon_auriga_FishWise_006157F000009W000085.jpg,Chaetodon auriga,unknown,68.36,61.68,-6.68,135935,343
Chaetodon_auriga_FishWise_006157F000009W000087.jpg,Chaetodon auriga,unknown,68.76,61.68,-7.08,123315,217
Chaetodon_auriga_FishWise_006157F000009W000088.jpg,Chaetodon auriga,unknown,63.96,61.68,-2.28,125226,227
Chaetodon_auriga_FishWise_006157F000024W000001.jpg,Chaetodon auriga,unknown,70.48,61.68,-8.8,124726,5430
Chaetodon_auriga_FishWise_006157F000024W000033.jpg,Chaetodon auriga,unknown,53.27,61.68,8.41,104487,7401
Chaetodon_auriga_FishWise_006157F000024W000049.jpg,Chaetodon auriga,unknown,58.65,61.68,3.03,106895,17
Chaetodon_auriga_FishWise_006157F000024W000051.jpg,Chaetodon auriga,unknown,60.75,61.68,0.93,105435,1416
Chaetodon_auriga_FishWise_006157F000024W000056.jpg,Chaetodon auriga,unknown,62.68,61.68,-1.0,112037,1319
Chaetodon_auriga_FishWise_006157F000024W000057.jpg,Chaetodon auriga,unknown,58.83,61.68,2.85,118589,3484
Chaetodon_auriga_FishWise_006157F000112W000021.jpg,Chaetodon auriga,unknown,62.63,61.68,-0.95,146366,3248
Chaetodon_auriga_FishWise_006157F000112W000060.jpg,Chaetodon auriga,unknown,67.33,61.68,-5.65,117303,1216
Chaetodon_auriga_FishWise_006157F000167W000052.jpg,Chaetodon auriga,unknown,72.82,61.68,-11.14,64603,196
Chaetodon_auriga_FishWise_006157F000167W000055.jpg,Chaetodon auriga,unknown,73.5,61.68,-11.82,92103,345
Chaetodon_auriga_FishWise_006157F000387W000067.jpg,Chaetodon auriga,unknown,66.48,61.68,-4.8,107802,469
Chaetodon_auriga_FishWise_006157F000387W000070.jpg,Chaetodon auriga,unknown,57.94,61.68,3.74,129559,0
Chaetodon_auriga_FishWise_006157F000387W000071.jpg,Chaetodon auriga,unknown,58.04,61.68,3.63,91081,0
Chaetodon_auriga_FishWise_006157F000433W000078.jpg,Chaetodon auriga,unknown,62.64,61.68,-0.96,109907,32
Chaetodon_auriga_FishWise_006157F007696W000089.jpg,Chaetodon auriga,unknown,60.75,61.68,0.93,82356,709
Chaetodon_auripes_FishPix_140765AF.jpg,Chaetodon auripes,fishpix,48.86,47.5,-1.36,134207,615
Chaetodon_auripes_Bishop_-346327811.jpg,Chaetodon auripes,bishop,36.86,47.5,10.65,233578,1625
Chaetodon_auripes_Bishop_1839596140.jpg,Chaetodon auripes,bishop,43.52,47.5,3.99,255494,2389
Chaetodon_auripes_FishBase_Chaur_u10.jpg,Chaetodon auripes,fishbase,52.14,47.5,-4.63,156093,2522
Chaetodon_auripes_FishBase_Chaur_ub.jpg,Chaetodon auripes,fishbase,37.55,47.5,9.96,131663,1144
Chaetodon_auripes_FishBase_Chaur_uc.jpg,Chaetodon auripes,fishbase,43.33,47.5,4.18,142655,3347
Chaetodon_auripes_FishBase_Chauru12.jpg,Chaetodon auripes,fishbase,58.4,47.5,-10.89,123502,4835
Chaetodon_auripes_FishBaseUser_1672899899_172.69.33.176.jpg,Chaetodon auripes,fishbase,56.17,47.5,-8.67,456582,0
Chaetodon_auripes_FishBaseUser_1672899960_172.71.214.86.jpg,Chaetodon auripes,fishbase,54.54,47.5,-7.04,34836,723
Chaetodon_auripes_FishBaseUser_1672900006_162.158.179.13.jpg,Chaetodon auripes,fishbase,43.05,47.5,4.46,30913,35
Chaetodon_auripes_FishWise_006172F000112W000004.jpg,Chaetodon auripes,unknown,48.15,47.5,-0.64,112473,1252
Chaetodon_austriacus_FishBase_Chaus_u1.jpg,Chaetodon austriacus,fishbase,57.61,60.67,3.07,153203,4835
Chaetodon_austriacus_Bishop_-1737564550.jpg,Chaetodon austriacus,bishop,57.25,60.67,3.42,272412,7074
Chaetodon_austriacus_FishBase_Chaus_u3.jpg,Chaetodon austriacus,fishbase,80.51,60.67,-19.83,151297,6229
Chaetodon_austriacus_FishBaseUser_1368368984_82.20.1.24.jpg,Chaetodon austriacus,fishbase,66.32,60.67,-5.65,322603,3399
Chaetodon_austriacus_FishBaseUser_1508794470_172.68.102.54.jpg,Chaetodon austriacus,fishbase,60.06,60.67,0.62,868834,165
Chaetodon_austriacus_FishBaseUser_1655395652_172.71.94.47.jpg,Chaetodon austriacus,fishbase,57.54,60.67,3.14,5275337,2435
Chaetodon_austriacus_FishBaseUser_1655398281_172.71.94.129.jpg,Chaetodon austriacus,fishbase,66.51,60.67,-5.83,4717344,158
Chaetodon_austriacus_FishBaseUser_1655398308_172.71.94.129.jpg,Chaetodon austriacus,fishbase,63.98,60.67,-3.3,4909716,15570
Chaetodon_austriacus_FishBaseUser_1669069745_172.71.26.67.jpg,Chaetodon austriacus,fishbase,62.35,60.67,-1.68,1078702,6420
Chaetodon_austriacus_FishBaseUser_1705856644_108.162.212.67.jpg,Chaetodon austriacus,fishbase,70.56,60.67,-9.88,267857,4698
Chaetodon_austriacus_FishBaseUser_1747225338_95.95.129.49.jpg,Chaetodon austriacus,fishbase,55.92,60.67,4.75,306696,372
Chaetodon_austriacus_iNaturalist_450388533.jpg,Chaetodon austriacus,inaturalist,35.69,60.67,24.98,88422,2014
Chaetodon_austriacus_iNaturalist_606348798.jpg,Chaetodon austriacus,inaturalist,27.56,60.67,33.11,138410,8372
Chaetodon_austriacus_FishWise_006503F000009W000005.jpg,Chaetodon austriacus,unknown,66.39,60.67,-5.72,73249,10558
Chaetodon_austriacus_FishWise_006503F000009W000006.jpg,Chaetodon austriacus,unknown,76.0,60.67,-15.33,58647,171
Chaetodon_austriacus_FishWise_006503F000009W000007.jpg,Chaetodon austriacus,unknown,69.56,60.67,-8.88,64123,4354
Chaetodon_austriacus_FishWise_006503F000009W000008.jpg,Chaetodon austriacus,unknown,66.68,60.67,-6.01,53134,6210
Chaetodon_austriacus_FishWise_006503F000009W000009.jpg,Chaetodon austriacus,unknown,61.79,60.67,-1.11,103598,543
Chaetodon_austriacus_FishWise_006503F000167W000002.jpg,Chaetodon austriacus,unknown,47.4,60.67,13.27,31465,382
Chaetodon_austriacus_FishWise_006503F000387W000011.jpg,Chaetodon austriacus,unknown,58.32,60.67,2.35,132979,0
Chaetodon_austriacus_FishWise_006503F000387W000012.jpg,Chaetodon austriacus,unknown,66.16,60.67,-5.48,111987,287
Chaetodon_baronessa_FishPix_23026AF.jpg,Chaetodon baronessa,fishpix,51.89,42.76,-9.13,106056,15885
Chaetodon_baronessa_Bishop_-2122794458.jpg,Chaetodon baronessa,bishop,31.34,42.76,11.42,249399,4892
Chaetodon_baronessa_Bishop_1152880952.jpg,Chaetodon baronessa,bishop,33.5,42.76,9.26,211574,2494
Chaetodon_baronessa_Bishop_601798515.jpg,Chaetodon baronessa,bishop,46.36,42.76,-3.61,225146,4891
Chaetodon_baronessa_Bishop_918345433.jpg,Chaetodon baronessa,bishop,34.19,42.76,8.57,243224,6474
Chaetodon_baronessa_FishBase_Chbar_j0.jpg,Chaetodon baronessa,fishbase,52.43,42.76,-9.67,37018,2038
Chaetodon_baronessa_FishBase_Chbar_u0.jpg,Chaetodon baronessa,fishbase,30.88,42.76,11.88,138581,4759
Chaetodon_baronessa_FishBase_Chbar_u1.jpg,Chaetodon baronessa,fishbase,34.61,42.76,8.14,136609,4518
Chaetodon_baronessa_FishBase_Chbar_u3.jpg,Chaetodon baronessa,fishbase,33.74,42.76,9.02,118570,2038
Chaetodon_baronessa_FishBase_Chbar_u4.jpg,Chaetodon baronessa,fishbase,46.89,42.76,-4.14,126247,3760
Chaetodon_baronessa_FishBase_Chbar_u8.jpg,Chaetodon baronessa,fishbase,52.38,42.76,-9.62,80114,3932
Chaetodon_baronessa_FishBaseUser_1444522709_24.215.186.224.jpg,Chaetodon baronessa,fishbase,45.24,42.76,-2.48,1028266,9884
Chaetodon_baronessa_FishBaseUser_1508794820_172.68.102.54.jpg,Chaetodon baronessa,fishbase,32.55,42.76,10.21,619807,430
Chaetodon_baronessa_FishBaseUser_1527590351_162.158.22.210.jpg,Chaetodon baronessa,fishbase,42.74,42.76,0.02,208936,557
Chaetodon_baronessa_FishBaseUser_1569479961_172.68.189.231.jpg,Chaetodon baronessa,fishbase,35.27,42.76,7.49,89743,1196
Chaetodon_baronessa_FishBaseUser_1577140889_172.68.102.30.jpg,Chaetodon baronessa,fishbase,41.68,42.76,1.07,3029061,571
Chaetodon_baronessa_FishBaseUser_1703892135_172.70.55.134.jpg,Chaetodon baronessa,fishbase,38.02,42.76,4.74,67000,586
Chaetodon_baronessa_FishBaseUser_1706125656_172.70.55.133.jpg,Chaetodon baronessa,fishbase,33.03,42.76,9.73,183636,1914
Chaetodon_baronessa_FishBaseUser_1707093697_172.70.82.152.jpg,Chaetodon baronessa,fishbase,42.36,42.76,0.39,188654,38
Chaetodon_baronessa_FishBaseUser_1747225527_95.95.129.49.jpg,Chaetodon baronessa,fishbase,43.38,42.76,-0.62,1068399,49
Chaetodon_baronessa_FishWise_007419F000009W000008.jpg,Chaetodon baronessa,unknown,45.11,42.76,-2.35,106055,7374
Chaetodon_baronessa_FishWise_007419F000009W000009.jpg,Chaetodon baronessa,unknown,49.33,42.76,-6.57,83762,534
Chaetodon_baronessa_FishWise_007419F000009W000010.jpg,Chaetodon baronessa,unknown,44.2,42.76,-1.44,63590,295
Chaetodon_baronessa_FishWise_007419F000009W000014.jpg,Chaetodon baronessa,unknown,60.19,42.76,-17.43,111042,736
Chaetodon_baronessa_FishWise_007419F000009W000015.jpg,Chaetodon baronessa,unknown,44.74,42.76,-1.98,106746,501
Chaetodon_baronessa_FishWise_007419F000033W000001.jpg,Chaetodon baronessa,unknown,52.28,42.76,-9.52,54069,2473
Chaetodon_baronessa_FishWise_007419F000112W000007.jpg,Chaetodon baronessa,unknown,56.33,42.76,-13.57,117019,2249
Chaetodon_baronessa_FishWise_007419F000387W000011.jpg,Chaetodon baronessa,unknown,36.85,42.76,5.91,117493,31
Chaetodon_baronessa_FishWise_007419F000387W000012.jpg,Chaetodon baronessa,unknown,50.01,42.76,-7.25,99048,296
Chaetodon_baronessa_FishWise_007419F000387W000013.jpg,Chaetodon baronessa,unknown,48.86,42.76,-6.11,108770,2482
Chaetodon_baronessa_FishWise_007419F000387W000016.jpg,Chaetodon baronessa,unknown,35.1,42.76,7.66,63728,7
Chaetodon_bennetti_Bishop_-2064196433.jpg,Chaetodon bennetti,bishop,65.41,67.23,1.82,232843,13
Chaetodon_bennetti_Bishop_711591108.jpg,Chaetodon bennetti,bishop,60.56,67.23,6.67,212171,6103
Chaetodon_bennetti_FishBase_Chben_u1.jpg,Chaetodon bennetti,fishbase,65.77,67.23,1.46,130914,117
Chaetodon_bennetti_FishBase_Chben_u2.jpg,Chaetodon bennetti,fishbase,61.29,67.23,5.93,118850,3982
Chaetodon_bennetti_FishBase_Chben_u4.jpg,Chaetodon bennetti,fishbase,75.55,67.23,-8.32,63800,1831
Chaetodon_bennetti_FishBase_Chben_u6.jpg,Chaetodon bennetti,fishbase,74.54,67.23,-7.31,194650,12274
Chaetodon_bennetti_FishBase_Chben_ud.jpg,Chaetodon bennetti,fishbase,68.48,67.23,-1.25,116347,700
Chaetodon_bennetti_FishBaseUser_1433887750_2.238.54.39.jpg,Chaetodon bennetti,fishbase,49.89,67.23,17.33,166095,540
Chaetodon_bennetti_FishBaseUser_1508795146_172.68.102.54.jpg,Chaetodon bennetti,fishbase,63.55,67.23,3.68,864139,229
Chaetodon_bennetti_FishBaseUser_1747086309_169.150.203.237.jpg,Chaetodon bennetti,fishbase,69.43,67.23,-2.2,625363,4658
Chaetodon_bennetti_FishBaseUser_1747225818_95.95.129.49.jpg,Chaetodon bennetti,fishbase,62.9,67.23,4.33,1997128,35
Chaetodon_bennetti_iNaturalist_450199741.jpg,Chaetodon bennetti,inaturalist,59.2,67.23,8.03,203806,269
Chaetodon_bennetti_FishWise_007960F000009W000004.jpg,Chaetodon bennetti,unknown,58.42,67.23,8.81,105491,9
Chaetodon_bennetti_FishWise_007960F000009W000006.jpg,Chaetodon bennetti,unknown,84.91,67.23,-17.68,113840,1727
Chaetodon_bennetti_FishWise_007960F000009W000008.jpg,Chaetodon bennetti,unknown,81.78,67.23,-14.55,141994,7718
Chaetodon_bennetti_FishWise_007960F000009W000009.jpg,Chaetodon bennetti,unknown,60.91,67.23,6.32,125791,1
Chaetodon_bennetti_FishWise_007960F000009W000010.jpg,Chaetodon bennetti,unknown,62.08,67.23,5.15,108166,2
Chaetodon_bennetti_FishWise_007960F000009W000011.jpg,Chaetodon bennetti,unknown,70.67,67.23,-3.44,149876,1667
Chaetodon_bennetti_FishWise_007960F000009W000012.jpg,Chaetodon bennetti,unknown,70.45,67.23,-3.23,143446,878
Chaetodon_bennetti_FishWise_007960F000009W000013.jpg,Chaetodon bennetti,unknown,81.71,67.23,-14.48,121609,787
Chaetodon_bennetti_FishWise_007960F000009W000014.jpg,Chaetodon bennetti,unknown,68.03,67.23,-0.8,142169,1012
Chaetodon_bennetti_FishWise_007960F000009W000015.jpg,Chaetodon bennetti,unknown,69.79,67.23,-2.56,108102,455
Chaetodon_bennetti_FishWise_007960F000009W000016.jpg,Chaetodon bennetti,unknown,70.71,67.23,-3.49,127543,0
Chaetodon_bennetti_FishWise_007960F000024W000002.jpg,Chaetodon bennetti,unknown,61.36,67.23,5.87,91889,2592
Chaetodon_bennetti_FishWise_007960F000031W000003.jpg,Chaetodon bennetti,unknown,66.29,67.23,0.94,88888,49
Chaetodon_bennetti_FishWise_007960F000039W000001.jpg,Chaetodon bennetti,unknown,65.39,67.23,1.84,94154,85
Chaetodon_bennetti_FishWise_007960F000112W000007.jpg,Chaetodon bennetti,unknown,66.13,67.23,1.1,122477,10
Chaetodon_blackburnii_FishBase_Chbla_u0.jpg,Chaetodon blackburnii,fishbase,42.5,32.12,-10.38,158523,44322
Chaetodon_blackburnii_Bishop_-410407509.jpg,Chaetodon blackburnii,bishop,32.68,32.12,-0.56,272898,1951
Chaetodon_blackburnii_Bishop_1288243346.jpg,Chaetodon blackburnii,bishop,25.03,32.12,7.09,259976,2390
Chaetodon_blackburnii_Bishop_300609141.jpg,Chaetodon blackburnii,bishop,42.04,32.12,-9.92,270427,73753
Chaetodon_blackburnii_FishBase_Chbla_f0.jpg,Chaetodon blackburnii,fishbase,33.15,32.12,-1.03,165888,7176
Chaetodon_blackburnii_FishBase_Chbla_u1.jpg,Chaetodon blackburnii,fishbase,25.19,32.12,6.94,161785,1936
Chaetodon_blackburnii_FishBase_Chbla_u5.jpg,Chaetodon blackburnii,fishbase,29.4,32.12,2.72,86263,939
Chaetodon_blackburnii_FishBaseUser_1692770455_172.70.90.91.jpg,Chaetodon blackburnii,fishbase,47.49,32.12,-15.37,2056118,313061
Chaetodon_blackburnii_FishWise_009005F000009W000005.jpg,Chaetodon blackburnii,unknown,26.07,32.12,6.05,127089,350
Chaetodon_blackburnii_FishWise_009005F000009W000007.jpg,Chaetodon blackburnii,unknown,21.49,32.12,10.64,97684,89
Chaetodon_blackburnii_FishWise_009005F000009W000009.jpg,Chaetodon blackburnii,unknown,32.93,32.12,-0.81,97182,426
Chaetodon_blackburnii_FishWise_009005F000009W000011.jpg,Chaetodon blackburnii,unknown,36.0,32.12,-3.88,115316,353
Chaetodon_blackburnii_FishWise_009005F000009W000012.jpg,Chaetodon blackburnii,unknown,35.43,32.12,-3.31,112429,353
Chaetodon_blackburnii_FishWise_009005F000024W000001.jpg,Chaetodon blackburnii,unknown,33.01,32.12,-0.88,128120,2752
Chaetodon_blackburnii_FishWise_009005F000024W000002.jpg,Chaetodon blackburnii,unknown,25.08,32.12,7.05,124949,1509
Chaetodon_blackburnii_FishWise_009005F000112W000006.jpg,Chaetodon blackburnii,unknown,38.5,32.12,-6.38,127672,13
Chaetodon_blackburnii_FishWise_009005F000387W000008.jpg,Chaetodon blackburnii,unknown,20.1,32.12,12.03,111628,47
Chaetodon_burgessi_FishPix_55799AF.jpg,Chaetodon burgessi,fishpix,43.47,46.68,3.21,163103,7310
Chaetodon_burgessi_FishBase_Chbur_u0.jpg,Chaetodon burgessi,fishbase,44.72,46.68,1.96,75664,7041
Chaetodon_burgessi_FishBase_Chbur_u3.jpg,Chaetodon burgessi,fishbase,48.83,46.68,-2.15,100207,8
Chaetodon_burgessi_FishBase_Chbur_u5.jpg,Chaetodon burgessi,fishbase,46.07,46.68,0.61,84840,3268
Chaetodon_burgessi_FishBaseUser_1368178641_114.155.226.67.jpg,Chaetodon burgessi,fishbase,44.43,46.68,2.25,347280,8936
Chaetodon_burgessi_iNaturalist_1399554.jpg,Chaetodon burgessi,inaturalist,52.55,46.68,-5.87,245732,458
Chaetodon_capistratus_FishBase_Chcap_u9.jpg,Chaetodon capistratus,fishbase,65.07,55.54,-9.52,166229,5314
Chaetodon_capistratus_FishBase_Chcap_uh.jpg,Chaetodon capistratus,fishbase,46.74,55.54,8.81,86844,1026
Chaetodon_capistratus_FishBase_Chcap_ui.jpg,Chaetodon capistratus,fishbase,56.78,55.54,-1.24,90939,4204
Chaetodon_capistratus_FishBaseUser_1528207456_162.158.22.24.jpg,Chaetodon capistratus,fishbase,42.93,55.54,12.62,1431332,10656
Chaetodon_capistratus_FishBaseUser_1585558624_108.162.229.90.jpg,Chaetodon capistratus,fishbase,49.53,55.54,6.01,192097,247
Chaetodon_capistratus_FishBaseUser_1617565421_162.158.75.220.jpg,Chaetodon capistratus,fishbase,67.36,55.54,-11.82,1299037,11283
Chaetodon_capistratus_FishBaseUser_1704222371_172.70.54.42.jpg,Chaetodon capistratus,fishbase,68.7,55.54,-13.16,150188,3682
Chaetodon_capistratus_FishBaseUser_1706474720_172.70.254.13.jpg,Chaetodon capistratus,fishbase,58.21,55.54,-2.67,229641,2036
Chaetodon_capistratus_FishBaseUser_1711483573_172.70.54.91.jpg,Chaetodon capistratus,fishbase,68.47,55.54,-12.92,251902,10886
Chaetodon_capistratus_FishBaseUser_1711483627_172.70.54.90.jpg,Chaetodon capistratus,fishbase,68.39,55.54,-12.85,195045,4186
Chaetodon_capistratus_FishBaseUser_1747226043_95.95.129.49.jpg,Chaetodon capistratus,fishbase,65.58,55.54,-10.03,1406728,54703
Chaetodon_capistratus_FishBaseUser_1747226077_95.95.129.49.jpg,Chaetodon capistratus,fishbase,22.26,55.54,33.29,4520217,82126
Chaetodon_capistratus_iNaturalist_411187850.jpg,Chaetodon capistratus,inaturalist,66.13,55.54,-10.59,41104,1038
Chaetodon_capistratus_FishWise_012678F000163W000002.jpg,Chaetodon capistratus,unknown,57.93,55.54,-2.38,86731,507
Chaetodon_capistratus_FishWise_012678F000164W000003.jpg,Chaetodon capistratus,unknown,40.56,55.54,14.98,83860,4534
Chaetodon_capistratus_FishWise_012678F000164W000004.jpg,Chaetodon capistratus,unknown,44.08,55.54,11.47,66738,8032
Chaetodon_citrinellus_FishPix_33011AF.jpg,Chaetodon citrinellus,fishpix,54.9,62.74,7.84,112736,0
Chaetodon_citrinellus_Bishop_-1191499504.jpg,Chaetodon citrinellus,bishop,69.16,62.74,-6.42,246018,0
Chaetodon_citrinellus_Bishop_-1736280642.jpg,Chaetodon citrinellus,bishop,63.42,62.74,-0.68,241187,0
Chaetodon_citrinellus_Bishop_-1937929700.jpg,Chaetodon citrinellus,bishop,68.12,62.74,-5.38,245351,238
Chaetodon_citrinellus_Bishop_1043818087.jpg,Chaetodon citrinellus,bishop,66.22,62.74,-3.49,229098,7264
Chaetodon_citrinellus_Bishop_520787921.jpg,Chaetodon citrinellus,bishop,53.45,62.74,9.28,212945,3113
Chaetodon_citrinellus_FishBase_Chcit_u1.jpg,Chaetodon citrinellus,fishbase,69.48,62.74,-6.74,138127,61
Chaetodon_citrinellus_FishBase_Chcit_u2.jpg,Chaetodon citrinellus,fishbase,53.74,62.74,9.0,119438,2214
Chaetodon_citrinellus_FishBase_Chcit_u3.jpg,Chaetodon citrinellus,fishbase,63.83,62.74,-1.09,135418,46
Chaetodon_citrinellus_FishBase_Chcit_u4.jpg,Chaetodon citrinellus,fishbase,66.75,62.74,-4.01,128697,5270
Chaetodon_citrinellus_FishBase_Chcit_u5.jpg,Chaetodon citrinellus,fishbase,68.53,62.74,-5.79,137926,1126
Chaetodon_citrinellus_FishBaseUser_1344098368_62.178.129.238.jpg,Chaetodon citrinellus,fishbase,63.14,62.74,-0.41,122052,590
Chaetodon_citrinellus_FishBaseUser_1469521392_162.158.167.12.jpg,Chaetodon citrinellus,fishbase,77.12,62.74,-14.39,227635,528
Chaetodon_citrinellus_FishBaseUser_1473651004_162.158.165.25.jpg,Chaetodon citrinellus,fishbase,53.48,62.74,9.26,48642,77
Chaetodon_citrinellus_FishBaseUser_1473651099_162.158.165.25.jpg,Chaetodon citrinellus,fishbase,57.49,62.74,5.24,31501,133
Chaetodon_citrinellus_FishBaseUser_1508795381_172.68.102.42.jpg,Chaetodon citrinellus,fishbase,40.55,62.74,22.18,314776,6706
Chaetodon_citrinellus_FishBaseUser_1511366233_162.158.92.222.jpg,Chaetodon citrinellus,fishbase,54.98,62.74,7.76,95390,2990
Chaetodon_citrinellus_FishBaseUser_1724961870_172.68.91.158.jpg,Chaetodon citrinellus,fishbase,49.43,62.74,13.31,22122,48
Chaetodon_citrinellus_FishBaseUser_1747226259_95.95.129.49.jpg,Chaetodon citrinellus,fishbase,66.73,62.74,-3.99,263091,9673
Chaetodon_citrinellus_FishBaseUser_1747330675_185.193.156.153.jpg,Chaetodon citrinellus,fishbase,76.86,62.74,-14.12,2791742,20235
Chaetodon_citrinellus_FishWise_015270F000009W000007.jpg,Chaetodon citrinellus,unknown,68.8,62.74,-6.07,81496,2133
Chaetodon_citrinellus_FishWise_015270F000009W000008.jpg,Chaetodon citrinellus,unknown,80.78,62.74,-18.04,98901,4152
Chaetodon_citrinellus_FishWise_015270F000387W000009.jpg,Chaetodon citrinellus,unknown,44.2,62.74,18.54,51782,3
Chaetodon_citrinellus_FishWise_015270F000387W000010.jpg,Chaetodon citrinellus,unknown,67.45,62.74,-4.72,99037,4988
Chaetodon_citrinellus_FishWise_015270F000387W000011.jpg,Chaetodon citrinellus,unknown,59.86,62.74,2.88,116234,115
Chaetodon_citrinellus_FishWise_015270F000433W000012.jpg,Chaetodon citrinellus,unknown,65.58,62.74,-2.84,98240,2250
Chaetodon_citrinellus_FishWise_015270F000493W000013.jpg,Chaetodon citrinellus,unknown,69.86,62.74,-7.12,141730,3459
Chaetodon_collare_FishPix_61562AF.jpg,Chaetodon collare,fishpix,57.62,41.06,-16.56,92883,617
Chaetodon_collare_Bishop_1403678122.jpg,Chaetodon collare,bishop,23.51,41.06,17.55,251503,9787
Chaetodon_collare_Bishop_1999007469.jpg,Chaetodon collare,bishop,37.08,41.06,3.98,233958,4718
Chaetodon_collare_FishBase_Chcol_u0.jpg,Chaetodon collare,fishbase,60.57,41.06,-19.51,132952,232
Chaetodon_collare_FishBase_Chcol_u2.jpg,Chaetodon collare,fishbase,23.76,41.06,17.29,141277,6487
Chaetodon_collare_FishBase_Chcol_u3.jpg,Chaetodon collare,fishbase,37.29,41.06,3.77,131184,4090
Chaetodon_collare_FishBase_Chcol_u6.jpg,Chaetodon collare,fishbase,26.49,41.06,14.57,87702,1910
Chaetodon_collare_FishBase_Chcol_ub.jpg,Chaetodon collare,fishbase,43.94,41.06,-2.88,117692,855
Chaetodon_collare_FishBase_Chcol_uc.jpg,Chaetodon collare,fishbase,42.23,41.06,-1.17,129548,6953
Chaetodon_collare_FishBaseUser_1344100256_62.178.129.238.jpg,Chaetodon collare,fishbase,26.94,41.06,14.12,137324,374
Chaetodon_collare_FishBaseUser_1366902798_182.178.103.211.jpg,Chaetodon collare,fishbase,48.76,41.06,-7.7,215876,7263
Chaetodon_collare_FishBaseUser_1366902815_182.178.103.211.jpg,Chaetodon collare,fishbase,34.3,41.06,6.76,138210,1730
Chaetodon_collare_FishBaseUser_1440529031_83.211.38.4.jpg,Chaetodon collare,fishbase,37.05,41.06,4.01,176290,3118
Chaetodon_collare_FishBaseUser_1440529152_83.211.38.4.jpg,Chaetodon collare,fishbase,35.88,41.06,5.17,116277,1520
Chaetodon_collare_FishBaseUser_1440529233_83.211.38.4.jpg,Chaetodon collare,fishbase,40.13,41.06,0.93,126842,344
Chaetodon_collare_FishBaseUser_1441344507_117.206.95.248.jpg,Chaetodon collare,fishbase,44.84,41.06,-3.78,2448833,87
Chaetodon_collare_FishBaseUser_1452251054_94.198.18.55.jpg,Chaetodon collare,fishbase,28.12,41.06,12.94,841574,15454
Chaetodon_collare_FishBaseUser_1481727910_188.114.102.52.jpg,Chaetodon collare,fishbase,46.93,41.06,-5.87,141388,0
Chaetodon_collare_FishBaseUser_1491819426_162.158.155.112.jpg,Chaetodon collare,fishbase,37.59,41.06,3.47,4876689,1
Chaetodon_collare_FishBaseUser_1562853572_162.158.234.96.jpg,Chaetodon collare,fishbase,50.56,41.06,-9.5,118301,6309
Chaetodon_collare_FishBaseUser_1739413410_172.71.124.180.jpg,Chaetodon collare,fishbase,46.11,41.06,-5.05,2924179,130339
Chaetodon_collare_FishBaseUser_1747226431_95.95.129.49.jpg,Chaetodon collare,fishbase,31.07,41.06,9.99,596811,5403
Chaetodon_collare_FishBaseUser_1757179057_111.92.49.34.jpg,Chaetodon collare,fishbase,51.81,41.06,-10.75,297122,3339
Chaetodon_collare_FishBaseUser_1761156255_203.189.184.146.jpg,Chaetodon collare,fishbase,45.8,41.06,-4.75,339868,8287
Chaetodon_collare_FishWise_015726F000009W000004.jpg,Chaetodon collare,unknown,57.77,41.06,-16.71,109940,6678
Chaetodon_collare_FishWise_015726F000009W000005.jpg,Chaetodon collare,unknown,51.39,41.06,-10.33,92723,4532
Chaetodon_daedalma_FishPix_140579AF.jpg,Chaetodon daedalma,fishpix,33.56,34.8,1.24,134107,1
Chaetodon_daedalma_Bishop_1811677923.jpg,Chaetodon daedalma,bishop,26.71,34.8,8.09,249749,6093
Chaetodon_daedalma_FishBase_Chdae_u1.jpg,Chaetodon daedalma,fishbase,27.06,34.8,7.74,140222,7555
Chaetodon_daedalma_FishBaseUser_1368174693_114.155.226.67.jpg,Chaetodon daedalma,fishbase,51.86,34.8,-17.06,336304,24958
Chaetodon_declivis_FishBase_Chdec_u2.jpg,Chaetodon declivis,fishbase,61.56,58.03,-3.53,114757,3143
Chaetodon_declivis_Bishop_-274435096.jpg,Chaetodon declivis,bishop,60.91,58.03,-2.88,204961,4810
Chaetodon_declivis_Bishop_1376440265.jpg,Chaetodon declivis,bishop,58.04,58.03,-0.01,205298,3720
Chaetodon_declivis_FishBase_Chdec_u1.jpg,Chaetodon declivis,fishbase,50.83,58.03,7.2,96315,7793
Chaetodon_declivis_FishBase_Chdec_u3.jpg,Chaetodon declivis,fishbase,58.81,58.03,-0.78,114823,2582
Chaetodon_decussatus_FishBase_Chdec_u4.jpg,Chaetodon decussatus,fishbase,44.75,49.96,5.22,133585,5229
Chaetodon_decussatus_Bishop_527122207.jpg,Chaetodon decussatus,bishop,44.31,49.96,5.65,237954,8436
Chaetodon_decussatus_FishBase_Chdec_j0.jpg,Chaetodon decussatus,fishbase,59.93,49.96,-9.96,87417,6687
Chaetodon_decussatus_FishBase_Chdec_u5.jpg,Chaetodon decussatus,fishbase,51.13,49.96,-1.17,100461,258
Chaetodon_decussatus_FishBase_Chdec_u7.jpg,Chaetodon decussatus,fishbase,58.89,49.96,-8.92,155171,10574
Chaetodon_decussatus_FishBase_Chdec_uc.jpg,Chaetodon decussatus,fishbase,54.27,49.96,-4.31,114590,6
Chaetodon_decussatus_FishBaseUser_1418992173_164.100.150.114.jpg,Chaetodon decussatus,fishbase,38.37,49.96,11.59,110860,1457
Chaetodon_decussatus_FishBaseUser_1508796297_172.68.102.54.jpg,Chaetodon decussatus,fishbase,47.52,49.96,2.44,294288,20
Chaetodon_decussatus_FishBaseUser_1562554153_172.68.132.247.jpg,Chaetodon decussatus,fishbase,48.82,49.96,1.14,409916,2685
Chaetodon_decussatus_FishBaseUser_1617651844_162.158.75.80.jpg,Chaetodon decussatus,fishbase,56.66,49.96,-6.7,1487242,139882
Chaetodon_decussatus_FishBaseUser_1638901946_172.70.143.86.jpg,Chaetodon decussatus,fishbase,54.92,49.96,-4.96,1254144,7484
Chaetodon_decussatus_FishBaseUser_1656493108_172.70.189.88.jpg,Chaetodon decussatus,fishbase,57.19,49.96,-7.22,255962,26243
Chaetodon_decussatus_FishBaseUser_1675793059_172.70.189.78.jpg,Chaetodon decussatus,fishbase,51.4,49.96,-1.43,5141115,3880
Chaetodon_decussatus_FishBaseUser_1724135062_172.71.124.53.jpg,Chaetodon decussatus,fishbase,51.22,49.96,-1.25,26879,404
Chaetodon_decussatus_FishBaseUser_1747226573_95.95.129.49.jpg,Chaetodon decussatus,fishbase,43.31,49.96,6.65,2400807,63
Chaetodon_decussatus_FishBaseUser_1753528566_219.73.75.40.jpg,Chaetodon decussatus,fishbase,56.74,49.96,-6.77,843642,38273
Chaetodon_decussatus_FishBaseUser_1761156372_203.189.184.146.jpg,Chaetodon decussatus,fishbase,40.0,49.96,9.96,521747,10505
Chaetodon_decussatus_FishWise_018588F000024W000003.jpg,Chaetodon decussatus,unknown,39.94,49.96,10.03,137957,7871
Chaetodon_dialeucos_Bishop_1297085044.jpg,Chaetodon dialeucos,bishop,34.69,34.81,0.12,237206,910
Chaetodon_dialeucos_FishBase_Chdia_u0.jpg,Chaetodon dialeucos,fishbase,34.93,34.81,-0.12,133237,739
Chaetodon_dolosus_Bishop_-1008609691.jpg,Chaetodon dolosus,bishop,56.79,57.29,0.5,256813,336
Chaetodon_dolosus_FishBaseUser_1747234135_95.95.129.49.jpg,Chaetodon dolosus,fishbase,48.62,57.29,8.67,1489398,191
Chaetodon_dolosus_FishWise_019748F000004W000003.jpg,Chaetodon dolosus,unknown,40.87,57.29,16.42,98082,1593
Chaetodon_dolosus_FishWise_019748F000004W000009.jpg,Chaetodon dolosus,unknown,55.85,57.29,1.44,141292,1879
Chaetodon_dolosus_FishWise_019748F000009W000004.jpg,Chaetodon dolosus,unknown,67.32,57.29,-10.03,124905,2447
Chaetodon_dolosus_FishWise_019748F000009W000005.jpg,Chaetodon dolosus,unknown,67.14,57.29,-9.85,161457,15409
Chaetodon_dolosus_FishWise_019748F000009W000006.jpg,Chaetodon dolosus,unknown,66.16,57.29,-8.87,102229,5495
Chaetodon_dolosus_FishWise_019748F000009W000007.jpg,Chaetodon dolosus,unknown,52.44,57.29,4.85,123320,209
Chaetodon_dolosus_FishWise_019748F000009W000008.jpg,Chaetodon dolosus,unknown,57.57,57.29,-0.28,139738,82
Chaetodon_dolosus_FishWise_019748F000024W000001.jpg,Chaetodon dolosus,unknown,60.43,57.29,-3.14,96357,18293
Chaetodon_dolosus_FishWise_019748F000024W000002.jpg,Chaetodon dolosus,unknown,57.02,57.29,0.27,111195,308
Chaetodon_ephippium_FishPix_141659AF.jpg,Chaetodon ephippium,fishpix,55.87,52.75,-3.12,123469,633
Chaetodon_ephippium_Bishop_-1179871461.jpg,Chaetodon ephippium,bishop,65.68,52.75,-12.93,248983,40210
Chaetodon_ephippium_Bishop_-1248760382.jpg,Chaetodon ephippium,bishop,55.01,52.75,-2.26,249745,3138
Chaetodon_ephippium_FishBase_Cheph_u0.jpg,Chaetodon ephippium,fishbase,53.26,52.75,-0.51,117055,1094
Chaetodon_ephippium_FishBase_Cheph_u3.jpg,Chaetodon ephippium,fishbase,66.33,52.75,-13.58,149935,24538
Chaetodon_ephippium_FishBase_Cheph_u5.jpg,Chaetodon ephippium,fishbase,55.54,52.75,-2.79,155496,3981
Chaetodon_ephippium_FishBase_Cheph_u8.jpg,Chaetodon ephippium,fishbase,66.25,52.75,-13.5,81508,12157
Chaetodon_ephippium_FishBaseUser_1389912996_38.99.243.46.jpg,Chaetodon ephippium,fishbase,52.02,52.75,0.73,112466,23
Chaetodon_ephippium_FishBaseUser_1392822987_71.202.224.33.jpg,Chaetodon ephippium,fishbase,63.19,52.75,-10.44,542750,75150
Chaetodon_ephippium_FishBaseUser_1444522977_24.215.186.224.jpg,Chaetodon ephippium,fishbase,65.5,52.75,-12.75,1095070,115246
Chaetodon_ephippium_FishBaseUser_1469521509_162.158.167.12.jpg,Chaetodon ephippium,fishbase,74.56,52.75,-21.81,85935,195
Chaetodon_ephippium_FishBaseUser_1497005465_172.68.132.253.jpg,Chaetodon ephippium,fishbase,29.42,52.75,23.33,5074053,49708
Chaetodon_ephippium_FishBaseUser_1497005553_172.68.132.253.jpg,Chaetodon ephippium,fishbase,38.67,52.75,14.08,4294433,95599
Chaetodon_ephippium_FishBaseUser_1508796512_172.68.102.54.jpg,Chaetodon ephippium,fishbase,49.27,52.75,3.48,1220535,8517
Chaetodon_ephippium_FishBaseUser_1558076187_141.101.99.211.jpg,Chaetodon ephippium,fishbase,47.53,52.75,5.22,111026,7683
Chaetodon_ephippium_FishBaseUser_1577141054_172.68.102.30.jpg,Chaetodon ephippium,fishbase,41.52,52.75,11.23,275381,20
Chaetodon_ephippium_FishBaseUser_1603232245_162.158.187.197.jpg,Chaetodon ephippium,fishbase,53.06,52.75,-0.31,942451,5543
Chaetodon_ephippium_FishBaseUser_1655938339_172.70.127.40.jpg,Chaetodon ephippium,fishbase,62.69,52.75,-9.93,1216565,39196
Chaetodon_ephippium_FishBaseUser_1703951854_172.70.255.108.jpg,Chaetodon ephippium,fishbase,64.36,52.75,-11.61,58904,2804
Chaetodon_ephippium_FishBaseUser_1706112711_108.162.212.118.jpg,Chaetodon ephippium,fishbase,53.48,52.75,-0.73,181976,1073
Chaetodon_ephippium_FishBaseUser_1710066187_188.114.102.177.jpg,Chaetodon ephippium,fishbase,62.72,52.75,-9.97,1266500,19649
Chaetodon_ephippium_FishBaseUser_1747226771_95.95.129.49.jpg,Chaetodon ephippium,fishbase,54.07,52.75,-1.32,858867,9177
Chaetodon_ephippium_iNaturalist_243890971.jpg,Chaetodon ephippium,inaturalist,48.98,52.75,3.77,80174,204
Chaetodon_ephippium_iNaturalist_330181464.jpg,Chaetodon ephippium,inaturalist,43.5,52.75,9.25,33506,180
Chaetodon_ephippium_iNaturalist_330181465.jpg,Chaetodon ephippium,inaturalist,48.58,52.75,4.17,83331,780
Chaetodon_ephippium_iNaturalist_330181466.jpg,Chaetodon ephippium,inaturalist,42.14,52.75,10.61,58813,104
Chaetodon_ephippium_iNaturalist_363907459.jpg,Chaetodon ephippium,inaturalist,43.71,52.75,9.04,195066,8972
Chaetodon_ephippium_iNaturalist_436944065.jpg,Chaetodon ephippium,inaturalist,41.03,52.75,11.72,47281,58
Chaetodon_ephippium_iNaturalist_477534095.jpg,Chaetodon ephippium,inaturalist,48.36,52.75,4.39,178234,79
Chaetodon_ephippium_iNaturalist_549286482.jpg,Chaetodon ephippium,inaturalist,59.24,52.75,-6.49,107547,615
Chaetodon_ephippium_FishWise_021561F000009W000005.jpg,Chaetodon ephippium,unknown,61.33,52.75,-8.58,87014,12752
Chaetodon_ephippium_FishWise_021561F000009W000009.jpg,Chaetodon ephippium,unknown,50.14,52.75,2.61,93574,1
Chaetodon_ephippium_FishWise_021561F000009W000010.jpg,Chaetodon ephippium,unknown,50.14,52.75,2.61,93574,1
Chaetodon_ephippium_FishWise_021561F000009W000011.jpg,Chaetodon ephippium,unknown,47.38,52.75,5.37,99871,30
Chaetodon_ephippium_FishWise_021561F000009W000012.jpg,Chaetodon ephippium,unknown,47.38,52.75,5.37,99871,30
Chaetodon_ephippium_FishWise_021561F000009W000013.jpg,Chaetodon ephippium,unknown,46.01,52.75,6.74,108316,1994
Chaetodon_ephippium_FishWise_021561F000009W000014.jpg,Chaetodon ephippium,unknown,54.21,52.75,-1.46,103723,11730
Chaetodon_ephippium_FishWise_021561F000009W000015.jpg,Chaetodon ephippium,unknown,46.86,52.75,5.89,136488,2946
Chaetodon_ephippium_FishWise_021561F000009W000016.jpg,Chaetodon ephippium,unknown,52.66,52.75,0.09,129876,0
Chaetodon_ephippium_FishWise_021561F000009W000017.jpg,Chaetodon ephippium,unknown,52.11,52.75,0.64,125862,0
Chaetodon_ephippium_FishWise_021561F000009W000018.jpg,Chaetodon ephippium,unknown,58.74,52.75,-5.99,119763,11170
Chaetodon_ephippium_FishWise_021561F000009W000019.jpg,Chaetodon ephippium,unknown,49.7,52.75,3.05,120963,12
Chaetodon_ephippium_FishWise_021561F000066W000001.gif,Chaetodon ephippium,unknown,49.82,52.75,2.93,128673,20101
Chaetodon_ephippium_FishWise_021561F000112W000006.jpg,Chaetodon ephippium,unknown,64.94,52.75,-12.19,86365,11173
Chaetodon_ephippium_FishWise_021561F000387W000007.jpg,Chaetodon ephippium,unknown,42.62,52.75,10.13,136442,1384
Chaetodon_ephippium_FishWise_021561F000387W000008.jpg,Chaetodon ephippium,unknown,46.86,52.75,5.89,147761,0
Chaetodon_excelsa_Bishop_853070272.jpg,Chaetodon excelsa,bishop,47.08,47.08,0.0,163587,0
Chaetodon_falcula_FishPix_22173AF.jpg,Chaetodon falcula,fishpix,63.54,63.14,-0.41,130339,835
Chaetodon_falcula_Bishop_1821335233.jpg,Chaetodon falcula,bishop,62.83,63.14,0.31,233563,749
Chaetodon_falcula_FishBase_Chfal_u0.jpg,Chaetodon falcula,fishbase,61.08,63.14,2.06,119378,3083
Chaetodon_falcula_FishBase_Chfal_u1.jpg,Chaetodon falcula,fishbase,63.2,63.14,-0.06,131435,212
Chaetodon_falcula_FishBase_Chfal_u4.jpg,Chaetodon falcula,fishbase,51.88,63.14,11.25,70177,5158
Chaetodon_falcula_FishBase_Chfal_u5.jpg,Chaetodon falcula,fishbase,77.65,63.14,-14.51,108983,13289
Chaetodon_falcula_FishBase_Chfal_u7.jpg,Chaetodon falcula,fishbase,75.86,63.14,-12.73,95478,3405
Chaetodon_falcula_FishBase_Chfal_u8.jpg,Chaetodon falcula,fishbase,74.77,63.14,-11.64,122576,11122
Chaetodon_falcula_FishBaseUser_1361817722_86.28.236.182.jpg,Chaetodon falcula,fishbase,59.46,63.14,3.68,183261,474
Chaetodon_falcula_FishBaseUser_1361817746_86.28.236.182.jpg,Chaetodon falcula,fishbase,57.58,63.14,5.55,250202,3455
Chaetodon_falcula_FishBaseUser_1508796718_172.68.102.54.jpg,Chaetodon falcula,fishbase,57.89,63.14,5.24,332706,3
Chaetodon_falcula_FishBaseUser_1680510302_172.70.188.254.jpg,Chaetodon falcula,fishbase,60.55,63.14,2.58,76016,9
Chaetodon_falcula_FishWise_022574F000009W000003.jpg,Chaetodon falcula,unknown,70.67,63.14,-7.54,68220,4712
Chaetodon_falcula_FishWise_022574F000024W000001.jpg,Chaetodon falcula,unknown,60.91,63.14,2.22,88757,2340
Chaetodon_falcula_FishWise_022574F000024W000002.jpg,Chaetodon falcula,unknown,63.29,63.14,-0.15,101322,1993
Chaetodon_falcula_FishWise_022574F000112W000005.jpg,Chaetodon falcula,unknown,49.01,63.14,14.13,101452,97
Chaetodon_fasciatus_FishPix_32789AF.jpg,Chaetodon fasciatus,fishpix,45.58,51.33,5.75,117062,1697
Chaetodon_fasciatus_Bishop_-1886056978.jpg,Chaetodon fasciatus,bishop,46.63,51.33,4.69,245647,2959
Chaetodon_fasciatus_Bishop_2100774615.jpg,Chaetodon fasciatus,bishop,46.91,51.33,4.42,243323,3379
Chaetodon_fasciatus_FishBase_Chfas_u0.jpg,Chaetodon fasciatus,fishbase,46.7,51.33,4.63,187949,3773
Chaetodon_fasciatus_FishBase_Chfas_u1.jpg,Chaetodon fasciatus,fishbase,47.26,51.33,4.07,136424,2226
Chaetodon_fasciatus_FishBase_Chfas_u6.jpg,Chaetodon fasciatus,fishbase,46.97,51.33,4.36,138071,1911
Chaetodon_fasciatus_FishBase_Chfas_uh.jpg,Chaetodon fasciatus,fishbase,51.95,51.33,-0.62,103574,1610
Chaetodon_fasciatus_FishBase_Chfas_up.jpg,Chaetodon fasciatus,fishbase,55.6,51.33,-4.27,131754,7643
Chaetodon_fasciatus_FishBaseUser_1482311739_188.114.102.48.jpg,Chaetodon fasciatus,fishbase,52.23,51.33,-0.9,45860,296
Chaetodon_fasciatus_FishBaseUser_1508796891_172.68.102.54.jpg,Chaetodon fasciatus,fishbase,42.68,51.33,8.65,1123388,395
Chaetodon_fasciatus_FishBaseUser_1580205454_162.158.91.183.jpg,Chaetodon fasciatus,fishbase,57.44,51.33,-6.11,25916,280
Chaetodon_fasciatus_FishBaseUser_1585651606_108.162.229.108.jpg,Chaetodon fasciatus,fishbase,42.8,51.33,8.53,884848,231
Chaetodon_fasciatus_FishBaseUser_1671304912_172.71.26.208.jpg,Chaetodon fasciatus,fishbase,31.82,51.33,19.51,554281,8817
Chaetodon_fasciatus_FishBaseUser_1671305000_172.71.30.14.jpg,Chaetodon fasciatus,fishbase,61.27,51.33,-9.94,861091,5479
Chaetodon_fasciatus_FishBaseUser_1705860390_172.70.254.95.jpg,Chaetodon fasciatus,fishbase,50.82,51.33,0.51,106965,351
Chaetodon_fasciatus_FishWise_090685F000009W000002.jpg,Chaetodon fasciatus,unknown,61.78,51.33,-10.45,88378,4289
Chaetodon_fasciatus_FishWise_090685F000009W000007.jpg,Chaetodon fasciatus,unknown,62.28,51.33,-10.95,93009,0
Chaetodon_fasciatus_FishWise_090685F000009W000008.jpg,Chaetodon fasciatus,unknown,65.05,51.33,-13.72,92914,652
Chaetodon_fasciatus_FishWise_090685F000175W000001.jpg,Chaetodon fasciatus,unknown,60.74,51.33,-9.41,99955,1761
Chaetodon_fasciatus_FishWise_090685F000387W000010.jpg,Chaetodon fasciatus,unknown,43.5,51.33,7.83,124262,1077
Chaetodon_fasciatus_FishWise_090685F000387W000011.jpg,Chaetodon fasciatus,unknown,55.61,51.33,-4.28,110291,686
Chaetodon_fasciatus_FishWise_090685F000387W000012.jpg,Chaetodon fasciatus,unknown,53.62,51.33,-2.3,126086,0
Chaetodon_flavirostris_FishPix_32909AF.jpg,Chaetodon flavirostris,fishpix,28.01,32.72,4.71,89789,211
Chaetodon_flavirostris_Bishop_1864146380.jpg,Chaetodon flavirostris,bishop,34.17,32.72,-1.46,225256,4118
Chaetodon_flavirostris_FishBase_Chfla_u1.jpg,Chaetodon flavirostris,fishbase,27.36,32.72,5.35,155076,731
Chaetodon_flavirostris_FishBase_Chfla_u3.jpg,Chaetodon flavirostris,fishbase,34.4,32.72,-1.68,126472,3862
Chaetodon_flavirostris_FishBase_Chfla_us.jpg,Chaetodon flavirostris,fishbase,40.23,32.72,-7.51,102650,740
Chaetodon_flavirostris_FishBaseUser_1400204687_66.91.209.33.jpg,Chaetodon flavirostris,fishbase,31.16,32.72,1.56,436098,1454
Chaetodon_flavirostris_FishWise_023881F000112W000003.jpg,Chaetodon flavirostris,unknown,40.15,32.72,-7.44,103202,2378
Chaetodon_flavirostris_FishWise_023881F006689W000004.jpg,Chaetodon flavirostris,unknown,26.25,32.72,6.47,128132,897
Chaetodon_flavocoronatus_FishBase_Chfla_u4.jpg,Chaetodon flavocoronatus,fishbase,54.29,51.98,-2.3,108084,460
Chaetodon_flavocoronatus_Bishop_-1261632291.jpg,Chaetodon flavocoronatus,bishop,48.76,51.98,3.22,202500,6003
Chaetodon_flavocoronatus_Bishop_-1599575846.jpg,Chaetodon flavocoronatus,bishop,53.92,51.98,-1.94,192885,568
Chaetodon_flavocoronatus_FishBase_Chfla_u5.jpg,Chaetodon flavocoronatus,fishbase,49.25,51.98,2.73,113214,3904
Chaetodon_flavocoronatus_iNaturalist_457352545.jpg,Chaetodon flavocoronatus,inaturalist,58.48,51.98,-6.5,135521,6122
Chaetodon_flavocoronatus_iNaturalist_598684494.jpg,Chaetodon flavocoronatus,inaturalist,58.23,51.98,-6.25,99403,279
Chaetodon_flavocoronatus_iNaturalist_598921705.jpg,Chaetodon flavocoronatus,inaturalist,46.69,51.98,5.29,297690,3
Chaetodon_flavocoronatus_iNaturalist_598924792.jpg,Chaetodon flavocoronatus,inaturalist,43.9,51.98,8.08,134551,4129
Chaetodon_flavocoronatus_FishWise_023913F000038W000001.jpg,Chaetodon flavocoronatus,unknown,54.32,51.98,-2.34,84430,362
Chaetodon_fremblii_FishPix_85090AF.jpg,Chaetodon fremblii,fishpix,70.8,59.04,-11.75,98512,9493
Chaetodon_fremblii_Bishop_5130835.jpg,Chaetodon fremblii,bishop,69.86,59.04,-10.82,235535,10087
Chaetodon_fremblii_FishBase_Chfre_u1.jpg,Chaetodon fremblii,fishbase,70.51,59.04,-11.47,131887,6040
Chaetodon_fremblii_FishBase_Chfre_u3.jpg,Chaetodon fremblii,fishbase,65.02,59.04,-5.98,97234,1453
Chaetodon_fremblii_FishBase_Chfre_u4.jpg,Chaetodon fremblii,fishbase,55.05,59.04,3.99,97091,334
Chaetodon_fremblii_FishBaseUser_1549207609_172.68.46.139.jpg,Chaetodon fremblii,fishbase,47.89,59.04,11.15,458614,37803
Chaetodon_fremblii_iNaturalist_168295733.jpg,Chaetodon fremblii,inaturalist,37.5,59.04,21.55,81148,295
Chaetodon_fremblii_iNaturalist_257546329.jpg,Chaetodon fremblii,inaturalist,64.05,59.04,-5.01,329439,252
Chaetodon_fremblii_iNaturalist_317852.jpg,Chaetodon fremblii,inaturalist,62.79,59.04,-3.75,38980,10
Chaetodon_fremblii_iNaturalist_34139600.jpg,Chaetodon fremblii,inaturalist,64.11,59.04,-5.06,186695,7341
Chaetodon_fremblii_iNaturalist_341654889.jpg,Chaetodon fremblii,inaturalist,72.41,59.04,-13.37,174752,9067
Chaetodon_fremblii_iNaturalist_380394577.jpg,Chaetodon fremblii,inaturalist,48.74,59.04,10.3,21259,12
Chaetodon_fremblii_iNaturalist_598700049.jpg,Chaetodon fremblii,inaturalist,46.37,59.04,12.67,95129,6
Chaetodon_fremblii_iNaturalist_598700060.jpg,Chaetodon fremblii,inaturalist,48.83,59.04,10.22,158413,0
Chaetodon_fremblii_FishWise_024634F000009W000003.jpg,Chaetodon fremblii,unknown,61.7,59.04,-2.66,92912,89
Chaetodon_gardineri_FishBase_Chgar_u1.jpg,Chaetodon gardineri,fishbase,48.09,55.86,7.76,150512,7624
Chaetodon_gardineri_Bishop_-1706450280.jpg,Chaetodon gardineri,bishop,47.6,55.86,8.25,248515,10100
Chaetodon_gardineri_FishBase_Chgar_u0.jpg,Chaetodon gardineri,fishbase,45.04,55.86,10.81,125206,7
Chaetodon_gardineri_FishBase_Chgar_u2.jpg,Chaetodon gardineri,fishbase,70.86,55.86,-15.0,90583,12779
Chaetodon_gardineri_FishBase_Chgar_u3.jpg,Chaetodon gardineri,fishbase,49.46,55.86,6.4,119473,3396
Chaetodon_gardineri_FishBaseUser_1392664622_91.133.161.110.jpg,Chaetodon gardineri,fishbase,44.11,55.86,11.74,1023892,42279
Chaetodon_gardineri_FishBaseUser_1566014661_172.69.244.170.jpg,Chaetodon gardineri,fishbase,53.47,55.86,2.39,318339,140
Chaetodon_gardineri_FishBaseUser_1566014674_172.69.244.170.jpg,Chaetodon gardineri,fishbase,53.82,55.86,2.04,377703,389
Chaetodon_gardineri_FishBaseUser_1566014717_172.69.244.170.jpg,Chaetodon gardineri,fishbase,60.75,55.86,-4.9,667155,4796
Chaetodon_gardineri_FishBaseUser_1566014800_172.69.244.170.jpg,Chaetodon gardineri,fishbase,52.36,55.86,3.49,303578,655
Chaetodon_gardineri_FishBaseUser_1566014827_172.69.244.170.jpg,Chaetodon gardineri,fishbase,49.45,55.86,6.41,366628,1884
Chaetodon_gardineri_iNaturalist_278903419.jpg,Chaetodon gardineri,inaturalist,52.04,55.86,3.82,136560,2
Chaetodon_gardineri_iNaturalist_278903646.jpg,Chaetodon gardineri,inaturalist,55.7,55.86,0.16,218905,1
Chaetodon_gardineri_iNaturalist_278909933.jpg,Chaetodon gardineri,inaturalist,45.27,55.86,10.59,242603,1
Chaetodon_gardineri_iNaturalist_60495450.jpg,Chaetodon gardineri,inaturalist,71.69,55.86,-15.83,156001,0
Chaetodon_gardineri_FishWise_025566F000025W000001.gif,Chaetodon gardineri,unknown,74.98,55.86,-19.12,89607,15950
Chaetodon_gardineri_FishWise_025566F000049W000004.jpg,Chaetodon gardineri,unknown,74.87,55.86,-19.01,141580,271
Chaetodon_guentheri_FishPix_16011AF.jpg,Chaetodon guentheri,fishpix,52.88,64.22,11.34,102323,497
Chaetodon_guentheri_Bishop_-184146759.jpg,Chaetodon guentheri,bishop,61.3,64.22,2.92,226327,3090
Chaetodon_guentheri_FishBase_Chgue_u1.jpg,Chaetodon guentheri,fishbase,61.94,64.22,2.28,126854,2251
Chaetodon_guentheri_FishBase_Chgue_ua.jpg,Chaetodon guentheri,fishbase,69.08,64.22,-4.86,106520,477
Chaetodon_guentheri_iNaturalist_12931521.jpg,Chaetodon guentheri,inaturalist,75.89,64.22,-11.67,49096,1599
Chaetodon_guentheri_iNaturalist_16103786.jpg,Chaetodon guentheri,inaturalist,49.73,64.22,14.49,226787,50
Chaetodon_guentheri_iNaturalist_17952429.jpg,Chaetodon guentheri,inaturalist,74.82,64.22,-10.6,129363,0
Chaetodon_guentheri_iNaturalist_18275791.jpg,Chaetodon guentheri,inaturalist,61.2,64.22,3.02,225298,102
Chaetodon_guentheri_iNaturalist_19964900.jpg,Chaetodon guentheri,inaturalist,64.55,64.22,-0.33,255423,1102
Chaetodon_guentheri_iNaturalist_19964904.jpg,Chaetodon guentheri,inaturalist,55.39,64.22,8.83,190214,1264
Chaetodon_guentheri_iNaturalist_260515897.jpg,Chaetodon guentheri,inaturalist,80.13,64.22,-15.91,53742,170
Chaetodon_guentheri_iNaturalist_260515911.jpg,Chaetodon guentheri,inaturalist,77.07,64.22,-12.85,36873,155
Chaetodon_guentheri_iNaturalist_298435945.jpg,Chaetodon guentheri,inaturalist,75.63,64.22,-11.41,194909,0
Chaetodon_guentheri_iNaturalist_462449919.jpg,Chaetodon guentheri,inaturalist,52.23,64.22,11.99,73142,232
Chaetodon_guentheri_FishWise_027857F007696W000003.jpg,Chaetodon guentheri,unknown,56.9,64.22,7.32,61770,441
Chaetodon_guentheri_FishWise_027857F007696W000004.jpg,Chaetodon guentheri,unknown,58.78,64.22,5.44,81654,1735
Chaetodon_guttatissimus_FishBase_Chgut_u0.jpg,Chaetodon guttatissimus,fishbase,59.6,60.24,0.64,135130,2018
Chaetodon_guttatissimus_Bishop_-1623433841.jpg,Chaetodon guttatissimus,bishop,59.08,60.24,1.16,241091,3189
Chaetodon_guttatissimus_Bishop_-397235578.jpg,Chaetodon guttatissimus,bishop,52.92,60.24,7.32,233801,17666
Chaetodon_guttatissimus_FishBase_Chgut_u1.jpg,Chaetodon guttatissimus,fishbase,53.16,60.24,7.07,132425,11966
Chaetodon_guttatissimus_FishBase_Chgut_u2.jpg,Chaetodon guttatissimus,fishbase,71.53,60.24,-11.3,89110,2283
Chaetodon_guttatissimus_FishBase_Chgut_u3.jpg,Chaetodon guttatissimus,fishbase,61.56,60.24,-1.32,118370,1243
Chaetodon_guttatissimus_FishBaseUser_1344184467_62.178.129.238.jpg,Chaetodon guttatissimus,fishbase,56.81,60.24,3.43,145299,35
Chaetodon_guttatissimus_FishBaseUser_1361356238_86.28.236.182.jpg,Chaetodon guttatissimus,fishbase,62.16,60.24,-1.92,291037,2077
Chaetodon_guttatissimus_FishBaseUser_1418991274_164.100.150.114.jpg,Chaetodon guttatissimus,fishbase,56.99,60.24,3.24,49122,0
Chaetodon_guttatissimus_FishBaseUser_1473566422_162.158.165.25.jpg,Chaetodon guttatissimus,fishbase,78.52,60.24,-18.28,51372,64
Chaetodon_guttatissimus_FishBaseUser_1508797067_172.68.102.54.jpg,Chaetodon guttatissimus,fishbase,53.11,60.24,7.13,446484,2293
Chaetodon_guttatissimus_FishBaseUser_1747227004_95.95.129.49.jpg,Chaetodon guttatissimus,fishbase,43.53,60.24,16.7,214899,173
Chaetodon_guttatissimus_FishBaseUser_1760773407_101.115.183.201.jpg,Chaetodon guttatissimus,fishbase,70.4,60.24,-10.16,4545726,207983
Chaetodon_guttatissimus_iNaturalist_174031744.jpg,Chaetodon guttatissimus,inaturalist,83.6,60.24,-23.37,133750,3042
Chaetodon_guttatissimus_iNaturalist_233427015.jpg,Chaetodon guttatissimus,inaturalist,62.44,60.24,-2.2,291373,31
Chaetodon_guttatissimus_iNaturalist_26864062.jpg,Chaetodon guttatissimus,inaturalist,65.39,60.24,-5.16,77157,437
Chaetodon_guttatissimus_iNaturalist_303971849.jpg,Chaetodon guttatissimus,inaturalist,33.38,60.24,26.85,368077,226
Chaetodon_guttatissimus_iNaturalist_380299825.jpg,Chaetodon guttatissimus,inaturalist,53.97,60.24,6.27,233205,1278
Chaetodon_guttatissimus_iNaturalist_473229926.jpg,Chaetodon guttatissimus,inaturalist,76.45,60.24,-16.22,108433,141
Chaetodon_guttatissimus_iNaturalist_474997418.jpg,Chaetodon guttatissimus,inaturalist,72.77,60.24,-12.53,101390,471
Chaetodon_guttatissimus_iNaturalist_504140684.jpg,Chaetodon guttatissimus,inaturalist,60.27,60.24,-0.03,262230,0
Chaetodon_guttatissimus_iNaturalist_584519765.jpg,Chaetodon guttatissimus,inaturalist,55.01,60.24,5.23,82937,0
Chaetodon_guttatissimus_FishWise_028217F000009W000007.jpg,Chaetodon guttatissimus,unknown,74.62,60.24,-14.38,112067,2502
Chaetodon_guttatissimus_FishWise_028217F000009W000008.jpg,Chaetodon guttatissimus,unknown,68.1,60.24,-7.87,101973,2680
Chaetodon_guttatissimus_FishWise_028217F000009W000009.jpg,Chaetodon guttatissimus,unknown,59.73,60.24,0.51,94045,2
Chaetodon_guttatissimus_FishWise_028217F000009W000011.jpg,Chaetodon guttatissimus,unknown,70.81,60.24,-10.58,109035,2300
Chaetodon_guttatissimus_FishWise_028217F000009W000012.jpg,Chaetodon guttatissimus,unknown,46.39,60.24,13.85,135579,923
Chaetodon_guttatissimus_FishWise_028217F000009W000013.jpg,Chaetodon guttatissimus,unknown,39.46,60.24,20.77,127111,483
Chaetodon_guttatissimus_FishWise_028217F000009W000014.jpg,Chaetodon guttatissimus,unknown,49.94,60.24,10.3,110130,1060
Chaetodon_guttatissimus_FishWise_028217F000009W000015.jpg,Chaetodon guttatissimus,unknown,61.43,60.24,-1.19,86031,246
Chaetodon_guttatissimus_FishWise_028217F000009W000016.jpg,Chaetodon guttatissimus,unknown,49.52,60.24,10.72,87256,1281
Chaetodon_guttatissimus_FishWise_028217F000009W000019.jpg,Chaetodon guttatissimus,unknown,59.42,60.24,0.82,109721,0
Chaetodon_guttatissimus_FishWise_028217F000009W000020.jpg,Chaetodon guttatissimus,unknown,63.83,60.24,-3.6,101948,0
Chaetodon_guttatissimus_FishWise_028217F000024W000001.jpg,Chaetodon guttatissimus,unknown,59.36,60.24,0.87,105065,1760
Chaetodon_guttatissimus_FishWise_028217F000112W000005.jpg,Chaetodon guttatissimus,unknown,53.26,60.24,6.97,95003,439
Chaetodon_guttatissimus_FishWise_028217F000112W000010.jpg,Chaetodon guttatissimus,unknown,65.2,60.24,-4.97,123335,1152
Chaetodon_guttatissimus_FishWise_028217F000167W000004.jpg,Chaetodon guttatissimus,unknown,71.6,60.24,-11.36,36572,444
Chaetodon_guttatissimus_FishWise_028217F000261W000003.jpg,Chaetodon guttatissimus,unknown,67.9,60.24,-7.66,37746,786
Chaetodon_guttatissimus_FishWise_028217F000493W000018.jpg,Chaetodon guttatissimus,unknown,45.98,60.24,14.26,110413,1427
Chaetodon_hoefleri_FishBase_Chhoe_u1.jpg,Chaetodon hoefleri,fishbase,56.19,47.15,-9.04,103674,4443
Chaetodon_hoefleri_FishBase_Chhoe_u0.jpg,Chaetodon hoefleri,fishbase,44.19,47.15,2.96,108272,304
Chaetodon_hoefleri_FishBase_Chhoe_u2.jpg,Chaetodon hoefleri,fishbase,71.19,47.15,-24.04,60479,1467
Chaetodon_hoefleri_FishBaseUser_1434007295_197.148.41.98.jpg,Chaetodon hoefleri,fishbase,37.33,47.15,9.82,2727631,17115
Chaetodon_hoefleri_FishBaseUser_1707174717_188.114.111.125.jpg,Chaetodon hoefleri,fishbase,47.9,47.15,-0.75,4235728,24093
Chaetodon_hoefleri_FishBaseUser_1707174795_172.64.236.109.jpg,Chaetodon hoefleri,fishbase,45.9,47.15,1.24,4298919,420
Chaetodon_hoefleri_iNaturalist_349923953.jpg,Chaetodon hoefleri,inaturalist,43.89,47.15,3.26,273111,0
Chaetodon_hoefleri_iNaturalist_349923955.jpg,Chaetodon hoefleri,inaturalist,41.75,47.15,5.4,248889,24
Chaetodon_hoefleri_iNaturalist_349923956.jpg,Chaetodon hoefleri,inaturalist,31.65,47.15,15.49,446427,1662
Chaetodon_hoefleri_iNaturalist_349923974.jpg,Chaetodon hoefleri,inaturalist,45.68,47.15,1.47,284920,2
Chaetodon_hoefleri_iNaturalist_349923976.jpg,Chaetodon hoefleri,inaturalist,47.16,47.15,-0.01,348915,948
Chaetodon_hoefleri_iNaturalist_349923979.jpg,Chaetodon hoefleri,inaturalist,52.88,47.15,-5.73,264681,595
Chaetodon_hoefleri_iNaturalist_349923999.jpg,Chaetodon hoefleri,inaturalist,46.2,47.15,0.95,280687,7
Chaetodon_hoefleri_iNaturalist_349924002.jpg,Chaetodon hoefleri,inaturalist,48.15,47.15,-1.0,276473,1230
Chaetodon_humeralis_FishBase_Chhum_u3.jpg,Chaetodon humeralis,fishbase,56.88,49.72,-7.16,132640,13238
Chaetodon_humeralis_FishBase_Chhum_u0.jpg,Chaetodon humeralis,fishbase,37.35,49.72,12.36,102268,4419
Chaetodon_humeralis_FishBase_Chhum_u1.jpg,Chaetodon humeralis,fishbase,38.08,49.72,11.64,42560,1106
Chaetodon_humeralis_FishBase_Chhum_u2.jpg,Chaetodon humeralis,fishbase,32.33,49.72,17.39,109490,2222
Chaetodon_humeralis_FishBase_Chhum_u4.jpg,Chaetodon humeralis,fishbase,66.98,49.72,-17.27,64781,298
Chaetodon_humeralis_FishBaseUser_1435108272_108.64.185.41.jpg,Chaetodon humeralis,fishbase,38.92,49.72,10.8,193282,743
Chaetodon_humeralis_FishBaseUser_1634664870_172.70.82.109.jpg,Chaetodon humeralis,fishbase,51.47,49.72,-1.75,1929210,0
Chaetodon_humeralis_FishBaseUser_1639503972_172.70.82.187.jpg,Chaetodon humeralis,fishbase,42.89,49.72,6.83,64869,2
Chaetodon_humeralis_FishBaseUser_1751986855_89.187.187.84.jpg,Chaetodon humeralis,fishbase,52.72,49.72,-3.0,1038511,5749
Chaetodon_humeralis_FishBaseUser_1751986879_89.187.187.84.jpg,Chaetodon humeralis,fishbase,65.09,49.72,-15.37,1485123,5149
Chaetodon_humeralis_iNaturalist_1461105.jpg,Chaetodon humeralis,inaturalist,38.7,49.72,11.02,117199,27
Chaetodon_humeralis_iNaturalist_456296117.jpg,Chaetodon humeralis,inaturalist,56.77,49.72,-7.06,59077,0
Chaetodon_humeralis_iNaturalist_607033378.jpg,Chaetodon humeralis,inaturalist,61.96,49.72,-12.24,22376,451
Chaetodon_humeralis_iNaturalist_8288759.jpg,Chaetodon humeralis,inaturalist,51.69,49.72,-1.98,233234,0
Chaetodon_humeralis_FishWise_030547F000025W000001.gif,Chaetodon humeralis,unknown,53.92,49.72,-4.21,111115,28343
Chaetodon_interruptus_FishBase_Chuni_uh.jpg,Chaetodon interruptus,fishbase,78.14,69.26,-8.88,100662,5132
Chaetodon_interruptus_FishBase_Chint_u5.jpg,Chaetodon interruptus,fishbase,56.5,69.26,12.76,81233,19
Chaetodon_interruptus_FishBase_Chint_u7.jpg,Chaetodon interruptus,fishbase,53.55,69.26,15.71,123078,9288
Chaetodon_interruptus_FishBase_Chuni_u2.jpg,Chaetodon interruptus,fishbase,57.02,69.26,12.24,129937,1376
Chaetodon_interruptus_FishBase_Chuni_u3.jpg,Chaetodon interruptus,fishbase,72.69,69.26,-3.43,114563,1407
Chaetodon_interruptus_FishBaseUser_1473643388_162.158.165.25.jpg,Chaetodon interruptus,fishbase,68.43,69.26,0.83,82786,6
Chaetodon_interruptus_FishBaseUser_1508797230_172.68.102.54.jpg,Chaetodon interruptus,fishbase,59.81,69.26,9.45,338634,34628
Chaetodon_interruptus_FishBaseUser_1724135955_172.71.124.212.jpg,Chaetodon interruptus,fishbase,43.84,69.26,25.42,68190,1465
Chaetodon_interruptus_iNaturalist_15933811.jpg,Chaetodon interruptus,inaturalist,78.17,69.26,-8.91,558818,0
Chaetodon_interruptus_iNaturalist_170722148.jpg,Chaetodon interruptus,inaturalist,71.01,69.26,-1.75,64145,31
Chaetodon_interruptus_iNaturalist_231967804.jpg,Chaetodon interruptus,inaturalist,70.36,69.26,-1.1,286335,932
Chaetodon_interruptus_iNaturalist_422239513.jpg,Chaetodon interruptus,inaturalist,64.42,69.26,4.84,114443,2
Chaetodon_interruptus_iNaturalist_444196719.jpg,Chaetodon interruptus,inaturalist,56.85,69.26,12.41,319353,2
Chaetodon_interruptus_iNaturalist_479599038.jpg,Chaetodon interruptus,inaturalist,71.04,69.26,-1.78,56083,0
Chaetodon_interruptus_iNaturalist_75713374.jpg,Chaetodon interruptus,inaturalist,62.62,69.26,6.64,26600,62
Chaetodon_interruptus_iNaturalist_82279573.jpg,Chaetodon interruptus,inaturalist,67.8,69.26,1.46,154214,2239
Chaetodon_interruptus_iNaturalist_82279598.jpg,Chaetodon interruptus,inaturalist,59.18,69.26,10.08,129413,6999
Chaetodon_interruptus_iNaturalist_82279627.jpg,Chaetodon interruptus,inaturalist,60.55,69.26,8.71,75003,2529
Chaetodon_interruptus_FishWise_032066F000009W000001.jpg,Chaetodon interruptus,unknown,83.09,69.26,-13.82,88935,2802
Chaetodon_interruptus_FishWise_032066F000009W000004.jpg,Chaetodon interruptus,unknown,66.88,69.26,2.38,80285,9
Chaetodon_interruptus_FishWise_032066F000009W000005.jpg,Chaetodon interruptus,unknown,81.62,69.26,-12.35,56910,840
Chaetodon_interruptus_FishWise_032066F000009W000006.jpg,Chaetodon interruptus,unknown,87.04,69.26,-17.78,69158,3964
Chaetodon_interruptus_FishWise_032066F000009W000007.jpg,Chaetodon interruptus,unknown,82.65,69.26,-13.39,42459,1948
Chaetodon_interruptus_FishWise_032066F000009W000008.jpg,Chaetodon interruptus,unknown,81.33,69.26,-12.07,142124,9964
Chaetodon_interruptus_FishWise_032066F000009W000009.jpg,Chaetodon interruptus,unknown,77.16,69.26,-7.9,107738,1831
Chaetodon_interruptus_FishWise_032066F000009W000015.jpg,Chaetodon interruptus,unknown,84.69,69.26,-15.43,112489,2185
Chaetodon_interruptus_FishWise_032066F000009W000016.jpg,Chaetodon interruptus,unknown,88.1,69.26,-18.84,128541,1063
Chaetodon_interruptus_FishWise_032066F000009W000017.jpg,Chaetodon interruptus,unknown,67.84,69.26,1.42,123062,0
Chaetodon_interruptus_FishWise_032066F000009W000018.jpg,Chaetodon interruptus,unknown,73.33,69.26,-4.07,112555,761
Chaetodon_interruptus_FishWise_032066F000009W000019.jpg,Chaetodon interruptus,unknown,74.61,69.26,-5.35,111729,3658
Chaetodon_interruptus_FishWise_032066F000009W000020.jpg,Chaetodon interruptus,unknown,67.52,69.26,1.74,93367,0
Chaetodon_interruptus_FishWise_032066F000009W000021.jpg,Chaetodon interruptus,unknown,66.43,69.26,2.83,108653,0
Chaetodon_interruptus_FishWise_032066F000009W000022.jpg,Chaetodon interruptus,unknown,66.46,69.26,2.8,140451,0
Chaetodon_interruptus_FishWise_032066F000009W000023.jpg,Chaetodon interruptus,unknown,57.35,69.26,11.91,97908,30
Chaetodon_interruptus_FishWise_032066F000009W000024.jpg,Chaetodon interruptus,unknown,59.53,69.26,9.73,109919,0
Chaetodon_interruptus_FishWise_032066F000009W000025.jpg,Chaetodon interruptus,unknown,71.36,69.26,-2.1,84347,352
Chaetodon_interruptus_FishWise_032066F000009W000026.jpg,Chaetodon interruptus,unknown,74.76,69.26,-5.5,122233,0
Chaetodon_interruptus_FishWise_032066F000009W000027.jpg,Chaetodon interruptus,unknown,69.52,69.26,-0.25,113397,590
Chaetodon_interruptus_FishWise_032066F000009W000029.jpg,Chaetodon interruptus,unknown,64.2,69.26,5.06,109271,0
Chaetodon_interruptus_FishWise_032066F000009W000031.jpg,Chaetodon interruptus,unknown,72.18,69.26,-2.92,89673,181
Chaetodon_interruptus_FishWise_032066F000009W000034.jpg,Chaetodon interruptus,unknown,67.44,69.26,1.82,97412,0
Chaetodon_interruptus_FishWise_032066F000009W000035.jpg,Chaetodon interruptus,unknown,67.54,69.26,1.72,85946,0
Chaetodon_interruptus_FishWise_032066F000009W000036.jpg,Chaetodon interruptus,unknown,68.04,69.26,1.22,83213,0
Chaetodon_interruptus_FishWise_032066F000009W000037.jpg,Chaetodon interruptus,unknown,53.02,69.26,16.24,132503,11674
Chaetodon_interruptus_FishWise_032066F000009W000042.jpg,Chaetodon interruptus,unknown,74.2,69.26,-4.94,107587,495
Chaetodon_interruptus_FishWise_032066F000009W000043.jpg,Chaetodon interruptus,unknown,74.16,69.26,-4.9,146030,383
Chaetodon_interruptus_FishWise_032066F000024W000010.jpg,Chaetodon interruptus,unknown,72.76,69.26,-3.5,106542,1340
Chaetodon_interruptus_FishWise_032066F000024W000011.jpg,Chaetodon interruptus,unknown,56.87,69.26,12.39,100253,874
Chaetodon_interruptus_FishWise_032066F000112W000012.jpg,Chaetodon interruptus,unknown,68.55,69.26,0.71,97899,0
Chaetodon_interruptus_FishWise_032066F000112W000013.jpg,Chaetodon interruptus,unknown,65.81,69.26,3.45,113618,1
Chaetodon_interruptus_FishWise_032066F000112W000014.jpg,Chaetodon interruptus,unknown,74.44,69.26,-5.18,122401,2677
Chaetodon_interruptus_FishWise_032066F000167W000002.jpg,Chaetodon interruptus,unknown,88.32,69.26,-19.06,40973,130
Chaetodon_interruptus_FishWise_032066F000167W000003.jpg,Chaetodon interruptus,unknown,85.37,69.26,-16.11,70606,638
Chaetodon_interruptus_FishWise_032066F000387W000028.jpg,Chaetodon interruptus,unknown,60.46,69.26,8.8,110859,48
Chaetodon_interruptus_FishWise_032066F000387W000032.jpg,Chaetodon interruptus,unknown,72.81,69.26,-3.55,113843,1429
Chaetodon_interruptus_FishWise_032066F000387W000033.jpg,Chaetodon interruptus,unknown,59.17,69.26,10.09,97273,34
Chaetodon_kleinii_FishPix_10587AF.jpg,Chaetodon kleinii,fishpix,46.1,58.85,12.76,128310,751
Chaetodon_kleinii_Bishop_-1577854379.jpg,Chaetodon kleinii,bishop,68.06,58.85,-9.21,244862,9505
Chaetodon_kleinii_Bishop_308997156.jpg,Chaetodon kleinii,bishop,67.45,58.85,-8.59,228903,4857
Chaetodon_kleinii_Bishop_977649394.jpg,Chaetodon kleinii,bishop,54.7,58.85,4.15,244463,5540
Chaetodon_kleinii_FishBase_Chkle_u0.jpg,Chaetodon kleinii,fishbase,55.37,58.85,3.48,130704,558
Chaetodon_kleinii_FishBase_Chkle_u1.jpg,Chaetodon kleinii,fishbase,68.64,58.85,-9.79,137210,5543
Chaetodon_kleinii_FishBase_Chkle_u2.jpg,Chaetodon kleinii,fishbase,67.99,58.85,-9.14,128302,3394
Chaetodon_kleinii_FishBase_Chkle_u3.jpg,Chaetodon kleinii,fishbase,61.06,58.85,-2.21,114470,1167
Chaetodon_kleinii_FishBase_Chkle_u4.jpg,Chaetodon kleinii,fishbase,55.32,58.85,3.53,136506,3532
Chaetodon_kleinii_FishBase_Chkle_u5.jpg,Chaetodon kleinii,fishbase,57.31,58.85,1.54,96416,440
Chaetodon_kleinii_FishBase_Chkle_u6.jpg,Chaetodon kleinii,fishbase,70.69,58.85,-11.84,116826,700
Chaetodon_kleinii_FishBase_Chkle_u8.jpg,Chaetodon kleinii,fishbase,61.68,58.85,-2.82,53138,73
Chaetodon_kleinii_FishBase_Chkle_u9.jpg,Chaetodon kleinii,fishbase,53.58,58.85,5.27,132543,2777
Chaetodon_kleinii_FishBase_Chkle_ua.jpg,Chaetodon kleinii,fishbase,58.18,58.85,0.67,116997,736
Chaetodon_kleinii_FishBaseUser_1361357985_86.28.236.182.jpg,Chaetodon kleinii,fishbase,52.21,58.85,6.64,276724,349
Chaetodon_kleinii_FishBaseUser_1407544482_202.151.68.133.jpg,Chaetodon kleinii,fishbase,44.13,58.85,14.73,4518355,32074
Chaetodon_kleinii_FishBaseUser_1424585961_94.198.16.174.jpg,Chaetodon kleinii,fishbase,61.6,58.85,-2.75,82992,180
Chaetodon_kleinii_FishBaseUser_1433885690_2.238.54.39.jpg,Chaetodon kleinii,fishbase,56.45,58.85,2.41,166479,1666
Chaetodon_kleinii_FishBaseUser_1469521644_162.158.167.12.jpg,Chaetodon kleinii,fishbase,55.87,58.85,2.98,95019,473
Chaetodon_kleinii_FishBaseUser_1508797387_172.68.102.54.jpg,Chaetodon kleinii,fishbase,71.84,58.85,-12.99,331154,14789
Chaetodon_kleinii_FishBaseUser_1575678441_172.68.211.210.jpg,Chaetodon kleinii,fishbase,47.12,58.85,11.73,255782,4402
Chaetodon_kleinii_FishBaseUser_1577141160_172.68.102.30.jpg,Chaetodon kleinii,fishbase,50.98,58.85,7.87,373732,0
Chaetodon_kleinii_FishBaseUser_1603231829_162.158.187.197.jpg,Chaetodon kleinii,fishbase,56.6,58.85,2.26,716400,0
Chaetodon_kleinii_FishBaseUser_1638286780_172.70.142.119.jpg,Chaetodon kleinii,fishbase,40.58,58.85,18.28,4355084,29923
Chaetodon_kleinii_FishBaseUser_1672900069_162.158.179.14.jpg,Chaetodon kleinii,fishbase,45.89,58.85,12.96,42121,93
Chaetodon_kleinii_FishBaseUser_1672900136_162.158.178.63.jpg,Chaetodon kleinii,fishbase,40.45,58.85,18.4,9405,26
Chaetodon_kleinii_FishBaseUser_1706123923_172.70.54.83.jpg,Chaetodon kleinii,fishbase,56.09,58.85,2.76,210418,539
Chaetodon_kleinii_FishBaseUser_1706123986_172.70.54.82.jpg,Chaetodon kleinii,fishbase,59.53,58.85,-0.68,155613,0
Chaetodon_kleinii_FishBaseUser_1723303647_172.70.255.80.jpg,Chaetodon kleinii,fishbase,56.06,58.85,2.79,146126,57
Chaetodon_kleinii_FishBaseUser_1746713569_202.152.137.21.jpg,Chaetodon kleinii,fishbase,46.13,58.85,12.73,704945,3367
Chaetodon_kleinii_FishBaseUser_1747227359_95.95.129.49.jpg,Chaetodon kleinii,fishbase,63.53,58.85,-4.67,1146265,11987
Chaetodon_kleinii_FishBaseUser_1747227399_95.95.129.49.jpg,Chaetodon kleinii,fishbase,46.8,58.85,12.05,2308677,1628
Chaetodon_kleinii_FishBaseUser_1747227457_95.95.129.49.jpg,Chaetodon kleinii,fishbase,62.09,58.85,-3.23,115385,11
Chaetodon_kleinii_iNaturalist_336546534.jpg,Chaetodon kleinii,inaturalist,68.69,58.85,-9.83,105571,412
Chaetodon_kleinii_iNaturalist_338353090.jpg,Chaetodon kleinii,inaturalist,63.47,58.85,-4.62,191500,0
Chaetodon_kleinii_iNaturalist_338353091.jpg,Chaetodon kleinii,inaturalist,78.18,58.85,-19.33,529382,11059
Chaetodon_kleinii_iNaturalist_409631622.jpg,Chaetodon kleinii,inaturalist,50.14,58.85,8.72,43441,17
Chaetodon_kleinii_iNaturalist_530434066.jpg,Chaetodon kleinii,inaturalist,46.73,58.85,12.12,69661,886
Chaetodon_kleinii_iNaturalist_530434335.jpg,Chaetodon kleinii,inaturalist,44.07,58.85,14.78,42759,451
Chaetodon_kleinii_iNaturalist_564309402.jpg,Chaetodon kleinii,inaturalist,55.04,58.85,3.82,241644,74
Chaetodon_kleinii_iNaturalist_97428922.jpg,Chaetodon kleinii,inaturalist,25.84,58.85,33.01,77113,440
Chaetodon_kleinii_FishWise_034237F000004W000006.jpg,Chaetodon kleinii,unknown,66.18,58.85,-7.32,88811,1416
Chaetodon_kleinii_FishWise_034237F000009W000007.jpg,Chaetodon kleinii,unknown,69.97,58.85,-11.12,68090,1092
Chaetodon_kleinii_FishWise_034237F000009W000008.jpg,Chaetodon kleinii,unknown,71.06,58.85,-12.2,92605,5944
Chaetodon_kleinii_FishWise_034237F000009W000011.jpg,Chaetodon kleinii,unknown,89.09,58.85,-30.23,96598,2762
Chaetodon_kleinii_FishWise_034237F000009W000013.jpg,Chaetodon kleinii,unknown,54.17,58.85,4.69,133592,0
Chaetodon_kleinii_FishWise_034237F000009W000015.jpg,Chaetodon kleinii,unknown,64.31,58.85,-5.45,111621,839
Chaetodon_kleinii_FishWise_034237F000009W000016.jpg,Chaetodon kleinii,unknown,76.78,58.85,-17.92,81074,645
Chaetodon_kleinii_FishWise_034237F000009W000018.jpg,Chaetodon kleinii,unknown,61.03,58.85,-2.18,86816,264
Chaetodon_kleinii_FishWise_034237F000009W000019.jpg,Chaetodon kleinii,unknown,54.64,58.85,4.21,136311,9
Chaetodon_kleinii_FishWise_034237F000009W000020.jpg,Chaetodon kleinii,unknown,52.14,58.85,6.72,132109,54
Chaetodon_kleinii_FishWise_034237F000024W000001.jpg,Chaetodon kleinii,unknown,58.93,58.85,-0.08,101159,25
Chaetodon_kleinii_FishWise_034237F000024W000002.jpg,Chaetodon kleinii,unknown,67.7,58.85,-8.84,99676,2667
Chaetodon_kleinii_FishWise_034237F000035W000003.jpg,Chaetodon kleinii,unknown,62.01,58.85,-3.15,81905,956
Chaetodon_kleinii_FishWise_034237F000112W000009.jpg,Chaetodon kleinii,unknown,65.44,58.85,-6.59,112837,302
Chaetodon_kleinii_FishWise_034237F000112W000010.jpg,Chaetodon kleinii,unknown,70.35,58.85,-11.49,139144,271
Chaetodon_kleinii_FishWise_034237F000112W000012.jpg,Chaetodon kleinii,unknown,60.61,58.85,-1.76,113245,975
Chaetodon_kleinii_FishWise_034237F000387W000014.jpg,Chaetodon kleinii,unknown,57.3,58.85,1.55,106984,68
Chaetodon_kleinii_FishWise_034237F000387W000017.jpg,Chaetodon kleinii,unknown,71.56,58.85,-12.7,131455,3433
Chaetodon_kleinii_FishWise_034237F000451W000021.jpg,Chaetodon kleinii,unknown,65.74,58.85,-6.89,88405,1264
Chaetodon_larvatus_FishPix_85092AF.jpg,Chaetodon larvatus,fishpix,67.64,48.67,-18.97,99390,17020
Chaetodon_larvatus_Bishop_1783626891.jpg,Chaetodon larvatus,bishop,38.58,48.67,10.09,213395,1431
Chaetodon_larvatus_FishBase_Chlar_u0.jpg,Chaetodon larvatus,fishbase,60.56,48.67,-11.89,115890,18507
Chaetodon_larvatus_FishBase_Chlar_u1.jpg,Chaetodon larvatus,fishbase,38.94,48.67,9.73,120249,2149
Chaetodon_larvatus_FishBase_Chlar_u2.jpg,Chaetodon larvatus,fishbase,50.37,48.67,-1.7,122751,1128
Chaetodon_larvatus_FishBase_Chlar_u3.jpg,Chaetodon larvatus,fishbase,67.97,48.67,-19.3,98491,16658
Chaetodon_larvatus_FishBaseUser_1435848129_82.30.200.88.jpg,Chaetodon larvatus,fishbase,50.73,48.67,-2.06,2038978,144976
Chaetodon_larvatus_FishBaseUser_1508797786_172.68.102.54.jpg,Chaetodon larvatus,fishbase,51.45,48.67,-2.77,1043904,22106
Chaetodon_larvatus_FishBaseUser_1671051307_108.162.237.70.jpg,Chaetodon larvatus,fishbase,57.77,48.67,-9.1,804067,67762
Chaetodon_larvatus_FishBaseUser_1671051335_108.162.237.70.jpg,Chaetodon larvatus,fishbase,57.89,48.67,-9.22,636182,35185
Chaetodon_larvatus_FishBaseUser_1671051366_108.162.237.70.jpg,Chaetodon larvatus,fishbase,57.18,48.67,-8.51,456478,16429
Chaetodon_larvatus_FishBaseUser_1671051579_108.162.237.70.jpg,Chaetodon larvatus,fishbase,46.3,48.67,2.37,748171,22534
Chaetodon_larvatus_FishBaseUser_1671051715_108.162.237.70.jpg,Chaetodon larvatus,fishbase,38.23,48.67,10.44,931052,35486
Chaetodon_larvatus_iNaturalist_173874128.jpg,Chaetodon larvatus,inaturalist,64.2,48.67,-15.53,144671,22237
Chaetodon_larvatus_iNaturalist_183943854.jpg,Chaetodon larvatus,inaturalist,25.07,48.67,23.61,92515,301
Chaetodon_larvatus_iNaturalist_183943894.jpg,Chaetodon larvatus,inaturalist,25.97,48.67,22.7,11236,84
Chaetodon_larvatus_iNaturalist_443993229.jpg,Chaetodon larvatus,inaturalist,25.58,48.67,23.09,55275,4
Chaetodon_larvatus_iNaturalist_467594824.jpg,Chaetodon larvatus,inaturalist,45.63,48.67,3.04,81763,551
Chaetodon_larvatus_iNaturalist_74067025.jpg,Chaetodon larvatus,inaturalist,45.64,48.67,3.03,97895,511
Chaetodon_larvatus_FishWise_035586F000024W000001.jpg,Chaetodon larvatus,unknown,60.46,48.67,-11.79,106631,16679
Chaetodon_larvatus_FishWise_035586F000024W000002.jpg,Chaetodon larvatus,unknown,38.99,48.67,9.68,93857,1551
Chaetodon_larvatus_FishWise_035586F000175W000003.jpg,Chaetodon larvatus,unknown,55.63,48.67,-6.96,99295,639
Chaetodon_leucopleura_FishBase_Chleu_u5.jpg,Chaetodon leucopleura,fishbase,52.68,46.35,-6.32,119849,12872
Chaetodon_leucopleura_Bishop_951338608.jpg,Chaetodon leucopleura,bishop,52.03,46.35,-5.68,213577,23082
Chaetodon_leucopleura_FishBase_Chleu_ub.jpg,Chaetodon leucopleura,fishbase,47.35,46.35,-1.0,71831,627
Chaetodon_leucopleura_FishBase_Chleu_ud.jpg,Chaetodon leucopleura,fishbase,65.0,46.35,-18.65,113073,10233
Chaetodon_leucopleura_FishBaseUser_1504902123_162.158.167.8.jpg,Chaetodon leucopleura,fishbase,31.33,46.35,15.02,691423,247
Chaetodon_leucopleura_iNaturalist_107921304.jpg,Chaetodon leucopleura,inaturalist,59.76,46.35,-13.41,69648,308
Chaetodon_leucopleura_iNaturalist_174544780.jpg,Chaetodon leucopleura,inaturalist,53.21,46.35,-6.86,231093,1128
Chaetodon_leucopleura_iNaturalist_257991081.jpg,Chaetodon leucopleura,inaturalist,44.92,46.35,1.43,9788,7
Chaetodon_leucopleura_iNaturalist_26103099.jpg,Chaetodon leucopleura,inaturalist,47.58,46.35,-1.23,129501,0
Chaetodon_leucopleura_iNaturalist_347659715.jpg,Chaetodon leucopleura,inaturalist,58.15,46.35,-11.8,71512,5
Chaetodon_leucopleura_iNaturalist_551272520.jpg,Chaetodon leucopleura,inaturalist,31.85,46.35,14.51,75702,0
Chaetodon_leucopleura_iNaturalist_551762355.jpg,Chaetodon leucopleura,inaturalist,23.38,46.35,22.97,184238,0
Chaetodon_leucopleura_iNaturalist_585546055.jpg,Chaetodon leucopleura,inaturalist,39.78,46.35,6.57,59107,3
Chaetodon_leucopleura_iNaturalist_75611947.jpg,Chaetodon leucopleura,inaturalist,41.91,46.35,4.45,187070,10
Chaetodon_lineolatus_FishPix_140792AF.jpg,Chaetodon lineolatus,fishpix,56.6,58.84,2.24,111522,0
Chaetodon_lineolatus_Bishop_-879271097.jpg,Chaetodon lineolatus,bishop,56.12,58.84,2.72,267265,4379
Chaetodon_lineolatus_Bishop_1526268337.jpg,Chaetodon lineolatus,bishop,66.83,58.84,-8.0,271115,13630
Chaetodon_lineolatus_Bishop_1821004318.jpg,Chaetodon lineolatus,bishop,45.93,58.84,12.91,249168,23510
Chaetodon_lineolatus_FishBase_Chlin_j0.jpg,Chaetodon lineolatus,fishbase,52.71,58.84,6.13,40431,205
Chaetodon_lineolatus_FishBase_Chlin_u2.jpg,Chaetodon lineolatus,fishbase,67.34,58.84,-8.5,152125,8152
Chaetodon_lineolatus_FishBase_Chlin_u3.jpg,Chaetodon lineolatus,fishbase,71.43,58.84,-12.6,93988,14489
Chaetodon_lineolatus_FishBase_Chlin_u5.jpg,Chaetodon lineolatus,fishbase,46.66,58.84,12.18,139791,13903
Chaetodon_lineolatus_FishBase_Chlin_u6.jpg,Chaetodon lineolatus,fishbase,56.63,58.84,2.21,163696,3110
Chaetodon_lineolatus_FishBase_Chlin_u7.jpg,Chaetodon lineolatus,fishbase,56.75,58.84,2.08,49980,0
Chaetodon_lineolatus_FishBase_Chlin_uk.jpg,Chaetodon lineolatus,fishbase,63.27,58.84,-4.43,34110,397
Chaetodon_lineolatus_FishBase_Chlin_ul.jpg,Chaetodon lineolatus,fishbase,55.37,58.84,3.46,92013,614
Chaetodon_lineolatus_FishBaseUser_1383559152_202.151.68.202.jpg,Chaetodon lineolatus,fishbase,37.07,58.84,21.77,117433,0
Chaetodon_lineolatus_FishBaseUser_1441133075_2.238.54.39.jpg,Chaetodon lineolatus,fishbase,62.86,58.84,-4.03,161637,207
Chaetodon_lineolatus_FishBaseUser_1486419731_108.162.229.6.jpg,Chaetodon lineolatus,fishbase,71.65,58.84,-12.81,264219,6375
Chaetodon_lineolatus_FishBaseUser_1508797940_172.68.102.54.jpg,Chaetodon lineolatus,fishbase,53.37,58.84,5.47,1664968,3
Chaetodon_lineolatus_FishBaseUser_1569480060_172.69.22.88.jpg,Chaetodon lineolatus,fishbase,33.33,58.84,25.51,185578,2474
Chaetodon_lineolatus_FishBaseUser_1569480089_162.158.255.186.jpg,Chaetodon lineolatus,fishbase,57.44,58.84,1.39,183046,6291
Chaetodon_lineolatus_FishBaseUser_1670951896_172.71.22.23.jpg,Chaetodon lineolatus,fishbase,70.1,58.84,-11.27,749700,15826
Chaetodon_lineolatus_FishBaseUser_1670951924_172.71.22.22.jpg,Chaetodon lineolatus,fishbase,66.63,58.84,-7.8,297691,51
Chaetodon_lineolatus_FishBaseUser_1672900172_162.158.178.62.jpg,Chaetodon lineolatus,fishbase,47.8,58.84,11.04,2333883,1
Chaetodon_lineolatus_FishBaseUser_1672900244_172.71.210.161.jpg,Chaetodon lineolatus,fishbase,55.58,58.84,3.25,58381,2
Chaetodon_lineolatus_FishBaseUser_1672900289_172.71.210.161.jpg,Chaetodon lineolatus,fishbase,58.72,58.84,0.12,31703,0
Chaetodon_lineolatus_FishBaseUser_1703890794_108.162.212.78.jpg,Chaetodon lineolatus,fishbase,64.11,58.84,-5.28,97462,36
Chaetodon_lineolatus_FishBaseUser_1705859957_172.70.255.13.jpg,Chaetodon lineolatus,fishbase,67.14,58.84,-8.3,150444,326
Chaetodon_lineolatus_iNaturalist_134145241.jpg,Chaetodon lineolatus,inaturalist,62.68,58.84,-3.85,83892,354
Chaetodon_lineolatus_iNaturalist_474229031.jpg,Chaetodon lineolatus,inaturalist,51.12,58.84,7.71,31448,56
Chaetodon_lineolatus_iNaturalist_91071941.jpg,Chaetodon lineolatus,inaturalist,69.62,58.84,-10.79,36490,87
Chaetodon_lineolatus_iNaturalist_9952627.jpg,Chaetodon lineolatus,inaturalist,65.43,58.84,-6.59,39369,0
Chaetodon_lineolatus_FishWise_037464F000009W000004.jpg,Chaetodon lineolatus,unknown,56.91,58.84,1.92,91222,57
Chaetodon_lineolatus_FishWise_037464F000009W000008.jpg,Chaetodon lineolatus,unknown,60.6,58.84,-1.77,30852,176
Chaetodon_lineolatus_FishWise_037464F000009W000011.jpg,Chaetodon lineolatus,unknown,49.63,58.84,9.21,121046,352
Chaetodon_lineolatus_FishWise_037464F000009W000012.jpg,Chaetodon lineolatus,unknown,49.29,58.84,9.55,134315,97
Chaetodon_lineolatus_FishWise_037464F000009W000013.jpg,Chaetodon lineolatus,unknown,63.0,58.84,-4.17,146017,446
Chaetodon_lineolatus_FishWise_037464F000009W000014.jpg,Chaetodon lineolatus,unknown,63.0,58.84,-4.17,146017,446
Chaetodon_lineolatus_FishWise_037464F000024W000001.jpg,Chaetodon lineolatus,unknown,67.19,58.84,-8.36,118013,6262
Chaetodon_lineolatus_FishWise_037464F000024W000002.jpg,Chaetodon lineolatus,unknown,71.32,58.84,-12.48,98276,14925
Chaetodon_lineolatus_FishWise_037464F000038W000007.jpg,Chaetodon lineolatus,unknown,55.2,58.84,3.64,110097,322
Chaetodon_lineolatus_FishWise_037464F000038W000010.jpg,Chaetodon lineolatus,unknown,64.18,58.84,-5.34,110361,173
Chaetodon_lineolatus_FishWise_037464F000112W000009.jpg,Chaetodon lineolatus,unknown,62.83,58.84,-3.99,111971,39
Chaetodon_litus_FishBase_Chlit_u0.jpg,Chaetodon litus,fishbase,35.4,39.39,3.99,130243,3000
Chaetodon_litus_Bishop_1983788749.jpg,Chaetodon litus,bishop,35.35,39.39,4.04,232270,3949
Chaetodon_litus_FishBase_Chlit_j0.jpg,Chaetodon litus,fishbase,40.46,39.39,-1.07,94850,5955
Chaetodon_litus_iNaturalist_13840264.jpg,Chaetodon litus,inaturalist,36.21,39.39,3.18,73806,1712
Chaetodon_litus_iNaturalist_324313677.jpg,Chaetodon litus,inaturalist,42.53,39.39,-3.14,96155,427
Chaetodon_litus_iNaturalist_474014549.jpg,Chaetodon litus,inaturalist,58.74,39.39,-19.35,91524,2
Chaetodon_litus_iNaturalist_534683960.jpg,Chaetodon litus,inaturalist,37.37,39.39,2.02,146028,0
Chaetodon_litus_iNaturalist_534683993.jpg,Chaetodon litus,inaturalist,41.76,39.39,-2.37,60078,0
Chaetodon_litus_iNaturalist_534683999.jpg,Chaetodon litus,inaturalist,29.65,39.39,9.74,168967,80
Chaetodon_litus_FishWise_037764F000024W000001.jpg,Chaetodon litus,unknown,40.61,39.39,-1.22,72476,4215
Chaetodon_litus_FishWise_037764F000024W000002.jpg,Chaetodon litus,unknown,35.2,39.39,4.19,99358,2170
Chaetodon_lunula_FishPix_11643AF.jpg,Chaetodon lunula,fishpix,57.5,49.98,-7.52,151425,144
Chaetodon_lunula_Bishop_-530805309.jpg,Chaetodon lunula,bishop,42.3,49.98,7.68,236584,4404
Chaetodon_lunula_Bishop_1720571305.jpg,Chaetodon lunula,bishop,59.57,49.98,-9.59,212423,9138
Chaetodon_lunula_Bishop_2036473160.jpg,Chaetodon lunula,bishop,47.51,49.98,2.47,225697,1961
Chaetodon_lunula_Bishop_543936522.jpg,Chaetodon lunula,bishop,66.62,49.98,-16.64,232218,7863
Chaetodon_lunula_FishBase_Chlun_j0.jpg,Chaetodon lunula,fishbase,59.63,49.98,-9.65,117602,5662
Chaetodon_lunula_FishBase_Chlun_j1.jpg,Chaetodon lunula,fishbase,43.57,49.98,6.41,34194,644
Chaetodon_lunula_FishBase_Chlun_u0.jpg,Chaetodon lunula,fishbase,45.54,49.98,4.44,125639,4523
Chaetodon_lunula_FishBase_Chlun_u6.jpg,Chaetodon lunula,fishbase,67.27,49.98,-17.29,129711,4775
Chaetodon_lunula_FishBase_Chlun_u7.jpg,Chaetodon lunula,fishbase,42.76,49.98,7.22,132697,2564
Chaetodon_lunula_FishBase_Chlun_u8.jpg,Chaetodon lunula,fishbase,48.26,49.98,1.72,125865,1074
Chaetodon_lunula_FishBase_Chlun_uf.jpg,Chaetodon lunula,fishbase,44.78,49.98,5.2,80626,3645
Chaetodon_lunula_FishBase_Chlun_un.jpg,Chaetodon lunula,fishbase,40.27,49.98,9.71,37382,1272
Chaetodon_lunula_FishBase_Chlun_up.jpg,Chaetodon lunula,fishbase,42.28,49.98,7.69,102032,218
Chaetodon_lunula_FishBaseUser_1473316601_162.158.165.25.jpg,Chaetodon lunula,fishbase,38.06,49.98,11.92,79258,2055
Chaetodon_lunula_FishBaseUser_1486419647_108.162.229.6.jpg,Chaetodon lunula,fishbase,48.72,49.98,1.25,270220,53
Chaetodon_lunula_FishBaseUser_1508798140_172.68.102.54.jpg,Chaetodon lunula,fishbase,49.28,49.98,0.69,808482,12057
Chaetodon_lunula_FishBaseUser_1526834654_162.158.22.216.jpg,Chaetodon lunula,fishbase,40.38,49.98,9.6,41357,377
Chaetodon_lunula_FishBaseUser_1574939971_162.158.166.79.jpg,Chaetodon lunula,fishbase,26.98,49.98,23.0,106260,2701
Chaetodon_lunula_FishBaseUser_1656493445_172.70.143.34.jpg,Chaetodon lunula,fishbase,54.86,49.98,-4.88,52228,0
Chaetodon_lunula_FishBaseUser_1672900338_162.158.179.13.jpg,Chaetodon lunula,fishbase,49.83,49.98,0.15,33179,13
Chaetodon_lunula_FishBaseUser_1704669452_108.162.212.67.jpg,Chaetodon lunula,fishbase,31.74,49.98,18.23,179078,2050
Chaetodon_lunula_FishBaseUser_1747227785_95.95.129.49.jpg,Chaetodon lunula,fishbase,52.98,49.98,-3.0,1271894,22316
Chaetodon_lunula_FishBaseUser_1747227849_95.95.129.49.jpg,Chaetodon lunula,fishbase,50.4,49.98,-0.42,692979,5287
Chaetodon_lunula_iNaturalist_169964645.jpg,Chaetodon lunula,inaturalist,51.05,49.98,-1.07,198370,1021
Chaetodon_lunula_iNaturalist_178875223.jpg,Chaetodon lunula,inaturalist,40.8,49.98,9.18,25845,427
Chaetodon_lunula_iNaturalist_290315608.jpg,Chaetodon lunula,inaturalist,40.15,49.98,9.83,79284,4782
Chaetodon_lunula_iNaturalist_290315687.jpg,Chaetodon lunula,inaturalist,40.74,49.98,9.24,57936,398
Chaetodon_lunula_iNaturalist_331.jpg,Chaetodon lunula,inaturalist,62.04,49.98,-12.06,134759,156
Chaetodon_lunula_iNaturalist_3844633.jpg,Chaetodon lunula,inaturalist,47.22,49.98,2.75,249274,0
Chaetodon_lunula_iNaturalist_430979456.jpg,Chaetodon lunula,inaturalist,46.45,49.98,3.53,47377,106
Chaetodon_lunula_iNaturalist_545359972.jpg,Chaetodon lunula,inaturalist,60.1,49.98,-10.13,143941,857
Chaetodon_lunula_iNaturalist_58993744.jpg,Chaetodon lunula,inaturalist,28.35,49.98,21.63,53560,1103
Chaetodon_lunula_iNaturalist_6462315.jpg,Chaetodon lunula,inaturalist,53.07,49.98,-3.09,242216,5589
Chaetodon_lunula_FishWise_107206F000009W000009.jpg,Chaetodon lunula,unknown,51.72,49.98,-1.74,86948,259
Chaetodon_lunula_FishWise_107206F000009W000010.jpg,Chaetodon lunula,unknown,51.48,49.98,-1.5,74449,0
Chaetodon_lunula_FishWise_107206F000009W000011.jpg,Chaetodon lunula,unknown,50.42,49.98,-0.44,103490,1551
Chaetodon_lunula_FishWise_107206F000009W000015.jpg,Chaetodon lunula,unknown,62.63,49.98,-12.65,101685,2248
Chaetodon_lunula_FishWise_107206F000009W000016.jpg,Chaetodon lunula,unknown,58.46,49.98,-8.49,125907,0
Chaetodon_lunula_FishWise_107206F000009W000017.jpg,Chaetodon lunula,unknown,54.43,49.98,-4.45,104217,0
Chaetodon_lunula_FishWise_107206F000009W000018.jpg,Chaetodon lunula,unknown,50.44,49.98,-0.46,107966,110
Chaetodon_lunula_FishWise_107206F000009W000019.jpg,Chaetodon lunula,unknown,30.69,49.98,19.29,68377,399
Chaetodon_lunula_FishWise_107206F000009W000020.jpg,Chaetodon lunula,unknown,52.21,49.98,-2.24,119080,359
Chaetodon_lunula_FishWise_107206F000009W000021.jpg,Chaetodon lunula,unknown,59.55,49.98,-9.57,61333,803
Chaetodon_lunula_FishWise_107206F000009W000022.jpg,Chaetodon lunula,unknown,66.67,49.98,-16.69,142738,136
Chaetodon_lunula_FishWise_107206F000009W000023.jpg,Chaetodon lunula,unknown,62.63,49.98,-12.65,85886,5
Chaetodon_lunula_FishWise_107206F000024W000001.jpg,Chaetodon lunula,unknown,59.5,49.98,-9.52,91819,4273
Chaetodon_lunula_FishWise_107206F000024W000003.jpg,Chaetodon lunula,unknown,52.44,49.98,-2.46,116348,751
Chaetodon_lunula_FishWise_107206F000024W000004.jpg,Chaetodon lunula,unknown,48.03,49.98,1.95,97625,725
Chaetodon_lunula_FishWise_107206F000112W000007.jpg,Chaetodon lunula,unknown,45.52,49.98,4.45,91491,152
Chaetodon_lunula_FishWise_107206F000112W000012.jpg,Chaetodon lunula,unknown,58.89,49.98,-8.91,168007,5682
Chaetodon_lunula_FishWise_107206F000112W000013.jpg,Chaetodon lunula,unknown,56.36,49.98,-6.38,105840,0
Chaetodon_lunula_FishWise_107206F000112W000014.jpg,Chaetodon lunula,unknown,47.21,49.98,2.77,94041,1141
Chaetodon_lunula_FishWise_107206F000391W000024.jpg,Chaetodon lunula,unknown,58.46,49.98,-8.48,40753,2045
Chaetodon_lunulatus_FishPix_140704AF.jpg,Chaetodon lunulatus,fishpix,42.59,56.78,14.18,140938,1
Chaetodon_lunulatus_Bishop_1113667583.jpg,Chaetodon lunulatus,bishop,53.35,56.78,3.42,232663,0
Chaetodon_lunulatus_Bishop_1378116790.jpg,Chaetodon lunulatus,bishop,49.06,56.78,7.72,276005,4
Chaetodon_lunulatus_FishBase_Chlun_j4.jpg,Chaetodon lunulatus,fishbase,73.05,56.78,-16.28,70179,2772
Chaetodon_lunulatus_FishBase_Chlun_ua.jpg,Chaetodon lunulatus,fishbase,68.4,56.78,-11.63,137581,3418
Chaetodon_lunulatus_FishBase_Chlun_ub.jpg,Chaetodon lunulatus,fishbase,53.7,56.78,3.08,130480,152
Chaetodon_lunulatus_FishBase_Chlun_uc.jpg,Chaetodon lunulatus,fishbase,49.29,56.78,7.49,155159,94
Chaetodon_lunulatus_FishBase_Chlun_uh.jpg,Chaetodon lunulatus,fishbase,56.07,56.78,0.71,92602,2
Chaetodon_lunulatus_FishBase_Chlun_ui.jpg,Chaetodon lunulatus,fishbase,57.17,56.78,-0.4,160499,0
Chaetodon_lunulatus_FishBase_Chlun_uj.jpg,Chaetodon lunulatus,fishbase,71.69,56.78,-14.92,20056,927
Chaetodon_lunulatus_FishBase_Chlun_uk.jpg,Chaetodon lunulatus,fishbase,78.34,56.78,-21.57,80403,1837
Chaetodon_lunulatus_FishBase_Chlun_ul.jpg,Chaetodon lunulatus,fishbase,77.99,56.78,-21.21,90612,784
Chaetodon_lunulatus_FishBase_Chlun_uo.jpg,Chaetodon lunulatus,fishbase,64.23,56.78,-7.45,33023,474
Chaetodon_lunulatus_FishBaseUser_1338031405_67.49.174.50.jpg,Chaetodon lunulatus,fishbase,56.73,56.78,0.05,173034,149
Chaetodon_lunulatus_FishBaseUser_1343503046_24.185.16.14.jpg,Chaetodon lunulatus,fishbase,81.34,56.78,-24.56,138467,3671
Chaetodon_lunulatus_FishBaseUser_1473589636_108.162.215.216.jpg,Chaetodon lunulatus,fishbase,50.52,56.78,6.26,93134,698
Chaetodon_lunulatus_FishBaseUser_1492969197_108.162.216.108.jpg,Chaetodon lunulatus,fishbase,67.71,56.78,-10.93,2720193,46728
Chaetodon_lunulatus_FishBaseUser_1508798334_172.68.102.54.jpg,Chaetodon lunulatus,fishbase,54.0,56.78,2.77,517799,1754
Chaetodon_lunulatus_FishBaseUser_1569479789_172.68.189.231.jpg,Chaetodon lunulatus,fishbase,54.57,56.78,2.21,145504,1784
Chaetodon_lunulatus_FishBaseUser_1577141345_172.68.102.30.jpg,Chaetodon lunulatus,fishbase,44.96,56.78,11.81,2177855,0
Chaetodon_lunulatus_FishBaseUser_1672900428_172.71.218.124.jpg,Chaetodon lunulatus,fishbase,73.67,56.78,-16.89,5053,26
Chaetodon_lunulatus_FishBaseUser_1703950074_108.162.210.111.jpg,Chaetodon lunulatus,fishbase,67.38,56.78,-10.61,79458,209
Chaetodon_lunulatus_FishBaseUser_1704746307_172.70.54.39.jpg,Chaetodon lunulatus,fishbase,75.81,56.78,-19.03,77450,4404
Chaetodon_lunulatus_FishBaseUser_1706913367_172.70.54.244.jpg,Chaetodon lunulatus,fishbase,57.16,56.78,-0.38,130537,572
Chaetodon_lunulatus_FishBaseUser_1747228131_95.95.129.49.jpg,Chaetodon lunulatus,fishbase,63.39,56.78,-6.61,765073,21075
Chaetodon_lunulatus_FishBaseUser_1747228187_95.95.129.49.jpg,Chaetodon lunulatus,fishbase,55.16,56.78,1.62,995104,11
Chaetodon_lunulatus_FishBaseUser_1753598746_219.73.75.40.jpg,Chaetodon lunulatus,fishbase,54.31,56.78,2.47,421063,5628
Chaetodon_lunulatus_FishBaseUser_1760687899_101.115.183.201.jpg,Chaetodon lunulatus,fishbase,70.99,56.78,-14.22,374411,9067
Chaetodon_lunulatus_iNaturalist_166474504.jpg,Chaetodon lunulatus,inaturalist,59.22,56.78,-2.44,3089,46
Chaetodon_lunulatus_iNaturalist_179510692.jpg,Chaetodon lunulatus,inaturalist,76.12,56.78,-19.35,35622,777
Chaetodon_lunulatus_iNaturalist_204763068.jpg,Chaetodon lunulatus,inaturalist,28.23,56.78,28.55,73584,0
Chaetodon_lunulatus_iNaturalist_204763090.jpg,Chaetodon lunulatus,inaturalist,25.22,56.78,31.55,55838,306
Chaetodon_lunulatus_iNaturalist_204763105.jpg,Chaetodon lunulatus,inaturalist,33.62,56.78,23.15,20513,0
Chaetodon_lunulatus_iNaturalist_204763128.jpg,Chaetodon lunulatus,inaturalist,26.87,56.78,29.91,27696,3
Chaetodon_lunulatus_iNaturalist_204773665.jpg,Chaetodon lunulatus,inaturalist,26.42,56.78,30.36,37631,2
Chaetodon_lunulatus_iNaturalist_22286339.jpg,Chaetodon lunulatus,inaturalist,67.19,56.78,-10.41,16541,943
Chaetodon_lunulatus_iNaturalist_38212451.jpg,Chaetodon lunulatus,inaturalist,54.33,56.78,2.45,181225,0
Chaetodon_lunulatus_iNaturalist_52082572.jpg,Chaetodon lunulatus,inaturalist,73.64,56.78,-16.87,160442,6267
Chaetodon_lunulatus_FishWise_089264F000009W000005.jpg,Chaetodon lunulatus,unknown,32.1,56.78,24.68,115913,467
Chaetodon_lunulatus_FishWise_089264F000009W000007.jpg,Chaetodon lunulatus,unknown,67.94,56.78,-11.16,141039,5042
Chaetodon_lunulatus_FishWise_089264F000009W000008.jpg,Chaetodon lunulatus,unknown,67.48,56.78,-10.7,101651,6319
Chaetodon_lunulatus_FishWise_089264F000009W000009.jpg,Chaetodon lunulatus,unknown,42.78,56.78,14.0,136222,886
Chaetodon_lunulatus_FishWise_089264F000038W000003.jpg,Chaetodon lunulatus,unknown,51.52,56.78,5.25,78132,16
Chaetodon_lunulatus_FishWise_089264F000387W000006.jpg,Chaetodon lunulatus,unknown,52.77,56.78,4.0,95089,0
Chaetodon_lunulatus_FishWise_089264F000387W000010.jpg,Chaetodon lunulatus,unknown,37.91,56.78,18.86,69814,0
Chaetodon_lunulatus_FishWise_089264F000492W000011.jpg,Chaetodon lunulatus,unknown,65.71,56.78,-8.93,102448,225
Chaetodon_madagaskariensis_FishBase_Chmad_u1.jpg,Chaetodon madagaskariensis,fishbase,77.0,62.26,-14.75,134549,4847
Chaetodon_madagaskariensis_Bishop_1210446292.jpg,Chaetodon madagaskariensis,bishop,76.38,62.26,-14.13,239845,8188
Chaetodon_madagaskariensis_FishBase_Chmad_u0.jpg,Chaetodon madagaskariensis,fishbase,72.87,62.26,-10.62,118048,2124
Chaetodon_madagaskariensis_FishBase_Chmer_u5.jpg,Chaetodon madagaskariensis,fishbase,50.52,62.26,11.73,134876,18307
Chaetodon_madagaskariensis_FishBase_Chmer_u8.jpg,Chaetodon madagaskariensis,fishbase,77.4,62.26,-15.14,85956,657
Chaetodon_madagaskariensis_FishBaseUser_1585565766_108.162.229.30.jpg,Chaetodon madagaskariensis,fishbase,56.86,62.26,5.39,73162,466
Chaetodon_madagaskariensis_iNaturalist_220678407.jpg,Chaetodon madagaskariensis,inaturalist,46.86,62.26,15.39,11288,53
Chaetodon_madagaskariensis_iNaturalist_233631122.jpg,Chaetodon madagaskariensis,inaturalist,67.9,62.26,-5.65,308830,2988
Chaetodon_madagaskariensis_iNaturalist_248069905.jpg,Chaetodon madagaskariensis,inaturalist,75.2,62.26,-12.95,61427,598
Chaetodon_madagaskariensis_iNaturalist_300420208.jpg,Chaetodon madagaskariensis,inaturalist,59.42,62.26,2.84,101122,243
Chaetodon_madagaskariensis_iNaturalist_340340714.jpg,Chaetodon madagaskariensis,inaturalist,71.63,62.26,-9.37,62272,533
Chaetodon_madagaskariensis_iNaturalist_340340962.jpg,Chaetodon madagaskariensis,inaturalist,66.17,62.26,-3.91,50052,423
Chaetodon_madagaskariensis_iNaturalist_554082386.jpg,Chaetodon madagaskariensis,inaturalist,79.71,62.26,-17.46,62127,0
Chaetodon_madagaskariensis_iNaturalist_554082399.jpg,Chaetodon madagaskariensis,inaturalist,76.26,62.26,-14.0,44445,0
Chaetodon_madagaskariensis_iNaturalist_575992327.jpg,Chaetodon madagaskariensis,inaturalist,46.15,62.26,16.11,84916,1
Chaetodon_madagaskariensis_iNaturalist_585635427.jpg,Chaetodon madagaskariensis,inaturalist,22.84,62.26,39.42,64977,4
Chaetodon_madagaskariensis_FishWise_040973F000009W000005.jpg,Chaetodon madagaskariensis,unknown,65.47,62.26,-3.21,54238,0
Chaetodon_madagaskariensis_FishWise_040973F000009W000008.jpg,Chaetodon madagaskariensis,unknown,69.94,62.26,-7.69,84488,289
Chaetodon_madagaskariensis_FishWise_040973F000009W000009.jpg,Chaetodon madagaskariensis,unknown,59.63,62.26,2.63,95333,155
Chaetodon_madagaskariensis_FishWise_040973F000009W000010.jpg,Chaetodon madagaskariensis,unknown,50.03,62.26,12.23,135825,2076
Chaetodon_madagaskariensis_FishWise_040973F000009W000014.jpg,Chaetodon madagaskariensis,unknown,57.11,62.26,5.15,122741,4
Chaetodon_madagaskariensis_FishWise_040973F000009W000015.jpg,Chaetodon madagaskariensis,unknown,53.29,62.26,8.96,121551,29
Chaetodon_madagaskariensis_FishWise_040973F000024W000001.jpg,Chaetodon madagaskariensis,unknown,77.15,62.26,-14.89,104446,3576
Chaetodon_madagaskariensis_FishWise_040973F000112W000002.jpg,Chaetodon madagaskariensis,unknown,64.56,62.26,-2.3,81943,0
Chaetodon_madagaskariensis_FishWise_040973F000112W000006.jpg,Chaetodon madagaskariensis,unknown,61.27,62.26,0.99,114562,351
Chaetodon_madagaskariensis_FishWise_040973F000387W000011.jpg,Chaetodon madagaskariensis,unknown,55.12,62.26,7.14,67553,2920
Chaetodon_madagaskariensis_FishWise_040973F000387W000012.jpg,Chaetodon madagaskariensis,unknown,50.91,62.26,11.35,112618,2465
Chaetodon_madagaskariensis_FishWise_040973F000387W000013.jpg,Chaetodon madagaskariensis,unknown,55.53,62.26,6.73,116687,607
Chaetodon_marleyi_FishBase_Chmar_ua.jpg,Chaetodon marleyi,fishbase,52.74,47.78,-4.96,124500,8578
Chaetodon_marleyi_Bishop_384825925.jpg,Chaetodon marleyi,bishop,52.42,47.78,-4.64,221173,13165
Chaetodon_marleyi_FishBase_Chmar_ub.jpg,Chaetodon marleyi,fishbase,54.07,47.78,-6.28,131539,8666
Chaetodon_marleyi_FishBaseUser_1597502728_172.68.186.98.jpg,Chaetodon marleyi,fishbase,56.0,47.78,-8.21,406554,4345
Chaetodon_marleyi_iNaturalist_359692990.jpg,Chaetodon marleyi,inaturalist,35.47,47.78,12.31,104018,179
Chaetodon_marleyi_iNaturalist_463787438.jpg,Chaetodon marleyi,inaturalist,35.21,47.78,12.57,36969,0
Chaetodon_marleyi_iNaturalist_463787443.jpg,Chaetodon marleyi,inaturalist,31.96,47.78,15.83,32533,65
Chaetodon_marleyi_iNaturalist_464707333.jpg,Chaetodon marleyi,inaturalist,49.8,47.78,-2.02,58422,0
Chaetodon_marleyi_iNaturalist_547984306.jpg,Chaetodon marleyi,inaturalist,37.61,47.78,10.18,11610,0
Chaetodon_marleyi_iNaturalist_553311588.jpg,Chaetodon marleyi,inaturalist,39.58,47.78,8.21,178525,2862
Chaetodon_marleyi_iNaturalist_553311592.jpg,Chaetodon marleyi,inaturalist,62.98,47.78,-15.2,249283,10553
Chaetodon_marleyi_FishWise_042046F000009W000004.jpg,Chaetodon marleyi,unknown,45.68,47.78,2.1,126564,233
Chaetodon_marleyi_FishWise_042046F000009W000005.jpg,Chaetodon marleyi,unknown,33.74,47.78,14.04,109527,942
Chaetodon_marleyi_FishWise_042046F000009W000006.jpg,Chaetodon marleyi,unknown,44.48,47.78,3.31,100618,373
Chaetodon_marleyi_FishWise_042046F000167W000001.jpg,Chaetodon marleyi,unknown,77.38,47.78,-29.6,65131,1696
Chaetodon_marleyi_FishWise_042046F000172W000007.jpg,Chaetodon marleyi,unknown,55.41,47.78,-7.63,88621,865
Chaetodon_melannotus_FishPix_17334AF.jpg,Chaetodon melannotus,fishpix,64.41,55.0,-9.41,145968,912
Chaetodon_melannotus_Bishop_-1126507013.jpg,Chaetodon melannotus,bishop,53.19,55.0,1.81,210533,8938
Chaetodon_melannotus_Bishop_-1381464288.jpg,Chaetodon melannotus,bishop,48.33,55.0,6.68,229264,5513
Chaetodon_melannotus_Bishop_-1689715678.jpg,Chaetodon melannotus,bishop,56.69,55.0,-1.69,227007,3785
Chaetodon_melannotus_Bishop_403079329.jpg,Chaetodon melannotus,bishop,66.15,55.0,-11.15,256451,9077
Chaetodon_melannotus_FishBase_Chmel_j0.jpg,Chaetodon melannotus,fishbase,43.06,55.0,11.94,49024,1870
Chaetodon_melannotus_FishBase_Chmel_u4.jpg,Chaetodon melannotus,fishbase,66.57,55.0,-11.57,144314,6175
Chaetodon_melannotus_FishBase_Chmel_u6.jpg,Chaetodon melannotus,fishbase,57.28,55.0,-2.28,127092,2730
Chaetodon_melannotus_FishBase_Chmel_u7.jpg,Chaetodon melannotus,fishbase,54.0,55.0,1.0,117356,5142
Chaetodon_melannotus_FishBase_Chmel_u8.jpg,Chaetodon melannotus,fishbase,48.7,55.0,6.3,129135,3586
Chaetodon_melannotus_FishBase_Chmel_uc.jpg,Chaetodon melannotus,fishbase,54.57,55.0,0.43,59810,0
Chaetodon_melannotus_FishBase_Chmel_uh.jpg,Chaetodon melannotus,fishbase,66.7,55.0,-11.7,129379,2620
Chaetodon_melannotus_FishBase_Chmel_us.jpg,Chaetodon melannotus,fishbase,54.77,55.0,0.24,147391,3
Chaetodon_melannotus_FishBase_Chmel_ut.jpg,Chaetodon melannotus,fishbase,51.23,55.0,3.77,64555,200
Chaetodon_melannotus_FishBaseUser_1368368160_82.20.1.24.jpg,Chaetodon melannotus,fishbase,57.81,55.0,-2.81,355902,3774
Chaetodon_melannotus_FishBaseUser_1423761764_86.205.193.183.jpg,Chaetodon melannotus,fishbase,47.33,55.0,7.67,203093,7
Chaetodon_melannotus_FishBaseUser_1498858396_172.68.142.169.jpg,Chaetodon melannotus,fishbase,35.98,55.0,19.02,609567,416
Chaetodon_melannotus_FishBaseUser_1508798739_172.68.102.54.jpg,Chaetodon melannotus,fishbase,44.22,55.0,10.78,288833,10844
Chaetodon_melannotus_FishBaseUser_1508798795_172.68.102.54.jpg,Chaetodon melannotus,fishbase,48.81,55.0,6.19,1067079,10400
Chaetodon_melannotus_FishBaseUser_1580212251_162.158.94.76.jpg,Chaetodon melannotus,fishbase,61.14,55.0,-6.13,53227,1753
Chaetodon_melannotus_FishBaseUser_1585559439_108.162.229.220.jpg,Chaetodon melannotus,fishbase,43.01,55.0,11.99,152725,158
Chaetodon_melannotus_FishBaseUser_1672900480_162.158.179.76.jpg,Chaetodon melannotus,fishbase,74.28,55.0,-19.28,646368,3106
Chaetodon_melannotus_FishBaseUser_1672900495_162.158.179.75.jpg,Chaetodon melannotus,fishbase,45.4,55.0,9.6,969565,2848
Chaetodon_melannotus_FishBaseUser_1672900544_172.71.218.148.jpg,Chaetodon melannotus,fishbase,78.11,55.0,-23.11,12051,0
Chaetodon_melannotus_FishBaseUser_1672900646_172.71.218.148.jpg,Chaetodon melannotus,fishbase,46.92,55.0,8.08,30661,50
Chaetodon_melannotus_FishBaseUser_1703949708_108.162.210.111.jpg,Chaetodon melannotus,fishbase,56.16,55.0,-1.16,88954,487
Chaetodon_melannotus_FishBaseUser_1707088090_172.70.254.94.jpg,Chaetodon melannotus,fishbase,64.44,55.0,-9.44,135679,32
Chaetodon_melannotus_FishBaseUser_1747228429_95.95.129.49.jpg,Chaetodon melannotus,fishbase,59.41,55.0,-4.4,526215,53482
Chaetodon_melannotus_FishBaseUser_1747228475_95.95.129.49.jpg,Chaetodon melannotus,fishbase,48.57,55.0,6.43,1088216,55
Chaetodon_melannotus_iNaturalist_219530872.jpg,Chaetodon melannotus,inaturalist,40.75,55.0,14.25,35238,2653
Chaetodon_melannotus_iNaturalist_225310656.jpg,Chaetodon melannotus,inaturalist,46.42,55.0,8.58,83191,458
Chaetodon_melannotus_iNaturalist_225310685.jpg,Chaetodon melannotus,inaturalist,62.45,55.0,-7.45,32742,155
Chaetodon_melannotus_iNaturalist_228710894.jpg,Chaetodon melannotus,inaturalist,52.12,55.0,2.88,214589,0
Chaetodon_melannotus_iNaturalist_241736994.jpg,Chaetodon melannotus,inaturalist,48.07,55.0,6.93,154697,2
Chaetodon_melannotus_iNaturalist_82149199.jpg,Chaetodon melannotus,inaturalist,48.03,55.0,6.97,47869,38
Chaetodon_melannotus_iNaturalist_82152925.jpg,Chaetodon melannotus,inaturalist,64.7,55.0,-9.7,137903,655
Chaetodon_melannotus_iNaturalist_84610206.jpg,Chaetodon melannotus,inaturalist,34.97,55.0,20.03,105086,4612
Chaetodon_melannotus_FishWise_043154F000009W000004.jpg,Chaetodon melannotus,unknown,65.9,55.0,-10.9,85143,4494
Chaetodon_melannotus_FishWise_043154F000009W000005.jpg,Chaetodon melannotus,unknown,77.38,55.0,-22.38,82277,4046
Chaetodon_melannotus_FishWise_043154F000009W000006.jpg,Chaetodon melannotus,unknown,58.2,55.0,-3.2,46857,3591
Chaetodon_melannotus_FishWise_043154F000009W000012.jpg,Chaetodon melannotus,unknown,69.21,55.0,-14.21,71749,989
Chaetodon_melannotus_FishWise_043154F000009W000015.jpg,Chaetodon melannotus,unknown,45.68,55.0,9.32,83466,233
Chaetodon_melannotus_FishWise_043154F000009W000016.jpg,Chaetodon melannotus,unknown,59.63,55.0,-4.63,102748,2748
Chaetodon_melannotus_FishWise_043154F000009W000018.jpg,Chaetodon melannotus,unknown,51.6,55.0,3.4,117684,0
Chaetodon_melannotus_FishWise_043154F000009W000021.jpg,Chaetodon melannotus,unknown,64.07,55.0,-9.07,125852,268
Chaetodon_melannotus_FishWise_043154F000024W000002.jpg,Chaetodon melannotus,unknown,48.73,55.0,6.27,99777,2650
Chaetodon_melannotus_FishWise_043154F000033W000003.jpg,Chaetodon melannotus,unknown,54.48,55.0,0.52,49618,0
Chaetodon_melannotus_FishWise_043154F000112W000010.jpg,Chaetodon melannotus,unknown,48.36,55.0,6.64,99926,53
Chaetodon_melannotus_FishWise_043154F000112W000013.jpg,Chaetodon melannotus,unknown,52.48,55.0,2.52,125559,200
Chaetodon_melannotus_FishWise_043154F000167W000011.jpg,Chaetodon melannotus,unknown,62.22,55.0,-7.22,27546,171
Chaetodon_melannotus_FishWise_043154F000387W000014.jpg,Chaetodon melannotus,unknown,50.21,55.0,4.79,134145,1
Chaetodon_melannotus_FishWise_043154F000387W000017.jpg,Chaetodon melannotus,unknown,56.3,55.0,-1.3,114301,532
Chaetodon_melannotus_FishWise_043154F000387W000020.jpg,Chaetodon melannotus,unknown,55.86,55.0,-0.86,98783,0
Chaetodon_melapterus_FishBase_Chmel_u0.jpg,Chaetodon melapterus,fishbase,62.72,48.39,-14.33,98746,6564
Chaetodon_melapterus_Bishop_-738901426.jpg,Chaetodon melapterus,bishop,46.69,48.39,1.7,258907,0
Chaetodon_melapterus_Bishop_690928567.jpg,Chaetodon melapterus,bishop,34.88,48.39,13.5,261732,905
Chaetodon_melapterus_FishBase_Chmel_u2.jpg,Chaetodon melapterus,fishbase,63.23,48.39,-14.84,128994,319
Chaetodon_melapterus_FishBase_Chmel_u9.jpg,Chaetodon melapterus,fishbase,35.2,48.39,13.18,151338,657
Chaetodon_melapterus_FishBase_Chmel_ua.jpg,Chaetodon melapterus,fishbase,47.23,48.39,1.16,146023,37
Chaetodon_melapterus_FishBase_Chmel_ug.jpg,Chaetodon melapterus,fishbase,57.15,48.39,-8.76,66715,16431
Chaetodon_melapterus_FishBaseUser_1507539666_162.158.90.146.jpg,Chaetodon melapterus,fishbase,39.14,48.39,9.24,178307,3808
Chaetodon_melapterus_FishBaseUser_1507539706_162.158.90.146.jpg,Chaetodon melapterus,fishbase,38.4,48.39,9.99,167806,0
Chaetodon_melapterus_iNaturalist_278909138.jpg,Chaetodon melapterus,inaturalist,43.48,48.39,4.91,218450,0
Chaetodon_melapterus_iNaturalist_302828066.jpg,Chaetodon melapterus,inaturalist,62.47,48.39,-14.09,89039,450
Chaetodon_melapterus_iNaturalist_31528972.jpg,Chaetodon melapterus,inaturalist,27.29,48.39,21.1,26954,42
Chaetodon_melapterus_iNaturalist_33143451.jpg,Chaetodon melapterus,inaturalist,41.69,48.39,6.7,17747,0
Chaetodon_melapterus_iNaturalist_612761090.jpg,Chaetodon melapterus,inaturalist,44.42,48.39,3.96,17580,6
Chaetodon_melapterus_iNaturalist_612761452.jpg,Chaetodon melapterus,inaturalist,78.75,48.39,-30.37,18391,248
Chaetodon_melapterus_iNaturalist_612969819.jpg,Chaetodon melapterus,inaturalist,43.25,48.39,5.13,42647,730
Chaetodon_melapterus_iNaturalist_612990357.jpg,Chaetodon melapterus,inaturalist,47.5,48.39,0.88,8694,0
Chaetodon_melapterus_FishWise_043599F000025W000003.gif,Chaetodon melapterus,unknown,57.46,48.39,-9.07,119435,37722
Chaetodon_mertensii_FishPix_140027AF.jpg,Chaetodon mertensii,fishpix,60.64,59.36,-1.28,91491,0
Chaetodon_mertensii_Bishop_-727881428.jpg,Chaetodon mertensii,bishop,50.04,59.36,9.32,239647,25896
Chaetodon_mertensii_Bishop_1869466931.jpg,Chaetodon mertensii,bishop,59.06,59.36,0.3,229306,122
Chaetodon_mertensii_Bishop_2125964090.jpg,Chaetodon mertensii,bishop,50.47,59.36,8.88,232675,12448
Chaetodon_mertensii_Bishop_992543933.jpg,Chaetodon mertensii,bishop,56.15,59.36,3.21,242306,3863
Chaetodon_mertensii_FishBase_Chmer_u0.jpg,Chaetodon mertensii,fishbase,74.79,59.36,-15.43,109982,3656
Chaetodon_mertensii_FishBase_Chmer_u2.jpg,Chaetodon mertensii,fishbase,59.23,59.36,0.13,129919,99
Chaetodon_mertensii_FishBase_Chmer_u3.jpg,Chaetodon mertensii,fishbase,50.86,59.36,8.5,130527,7823
Chaetodon_mertensii_FishBase_Chmer_u4.jpg,Chaetodon mertensii,fishbase,56.51,59.36,2.85,136055,2937
Chaetodon_mertensii_FishBase_Chmer_u7.jpg,Chaetodon mertensii,fishbase,70.07,59.36,-10.71,58216,1338
Chaetodon_mertensii_FishBaseUser_1577141580_172.68.102.78.jpg,Chaetodon mertensii,fishbase,42.54,59.36,16.82,619887,3392
Chaetodon_mertensii_FishBaseUser_1734903659_162.158.155.14.jpg,Chaetodon mertensii,fishbase,68.53,59.36,-9.17,1312515,2065
Chaetodon_mertensii_FishBaseUser_1734903683_162.158.155.13.jpg,Chaetodon mertensii,fishbase,68.6,59.36,-9.24,257325,1951
Chaetodon_mertensii_iNaturalist_14452975.jpg,Chaetodon mertensii,inaturalist,79.04,59.36,-19.68,138575,1048
Chaetodon_mertensii_iNaturalist_287390665.jpg,Chaetodon mertensii,inaturalist,59.37,59.36,-0.01,252343,854
Chaetodon_mertensii_iNaturalist_332349948.jpg,Chaetodon mertensii,inaturalist,45.88,59.36,13.48,10614,117
Chaetodon_mertensii_iNaturalist_358747064.jpg,Chaetodon mertensii,inaturalist,52.9,59.36,6.46,225049,2
Chaetodon_mertensii_iNaturalist_359657682.jpg,Chaetodon mertensii,inaturalist,47.85,59.36,11.51,187670,566
Chaetodon_mertensii_iNaturalist_359657684.jpg,Chaetodon mertensii,inaturalist,63.58,59.36,-4.22,102240,0
Chaetodon_mertensii_iNaturalist_384666618.jpg,Chaetodon mertensii,inaturalist,68.83,59.36,-9.47,43849,161
Chaetodon_mertensii_iNaturalist_463708811.jpg,Chaetodon mertensii,inaturalist,69.84,59.36,-10.48,133540,399
Chaetodon_mertensii_iNaturalist_477735543.jpg,Chaetodon mertensii,inaturalist,55.91,59.36,3.45,181297,74
Chaetodon_mertensii_iNaturalist_5332933.jpg,Chaetodon mertensii,inaturalist,54.01,59.36,5.35,119732,621
Chaetodon_mertensii_FishWise_043949F000112W000006.jpg,Chaetodon mertensii,unknown,57.46,59.36,1.9,101966,107
Chaetodon_mertensii_FishWise_043949F000112W000007.jpg,Chaetodon mertensii,unknown,61.81,59.36,-2.45,115429,23
Chaetodon_mesoleucos_FishPix_141316AF.jpg,Chaetodon mesoleucos,fishpix,35.22,44.09,8.87,47618,730
Chaetodon_mesoleucos_Bishop_-899095560.jpg,Chaetodon mesoleucos,bishop,30.43,44.09,13.66,245786,7867
Chaetodon_mesoleucos_FishBase_Chmes_u0.jpg,Chaetodon mesoleucos,fishbase,31.08,44.09,13.01,137800,5085
Chaetodon_mesoleucos_FishBase_Chmes_u5.jpg,Chaetodon mesoleucos,fishbase,50.52,44.09,-6.43,130200,3330
Chaetodon_mesoleucos_FishBase_Chmes_u7.jpg,Chaetodon mesoleucos,fishbase,43.63,44.09,0.46,123540,2
Chaetodon_mesoleucos_FishBase_Chmes_ub.jpg,Chaetodon mesoleucos,fishbase,44.88,44.09,-0.79,128033,3675
Chaetodon_mesoleucos_FishBase_Chmes_uc.jpg,Chaetodon mesoleucos,fishbase,47.35,44.09,-3.26,152205,9098
Chaetodon_mesoleucos_FishBaseUser_1508799035_172.68.102.54.jpg,Chaetodon mesoleucos,fishbase,36.78,44.09,7.31,630539,30844
Chaetodon_mesoleucos_iNaturalist_243394041.jpg,Chaetodon mesoleucos,inaturalist,34.65,44.09,9.44,286066,2861
Chaetodon_mesoleucos_iNaturalist_243394049.jpg,Chaetodon mesoleucos,inaturalist,34.92,44.09,9.17,287557,2323
Chaetodon_mesoleucos_iNaturalist_260752004.jpg,Chaetodon mesoleucos,inaturalist,53.56,44.09,-9.47,13408,21
Chaetodon_mesoleucos_iNaturalist_270114509.jpg,Chaetodon mesoleucos,inaturalist,72.22,44.09,-28.13,18589,463
Chaetodon_mesoleucos_iNaturalist_270115709.jpg,Chaetodon mesoleucos,inaturalist,74.34,44.09,-30.26,11694,69
Chaetodon_mesoleucos_iNaturalist_439504919.jpg,Chaetodon mesoleucos,inaturalist,47.8,44.09,-3.71,223926,2898
Chaetodon_mesoleucos_iNaturalist_465897429.jpg,Chaetodon mesoleucos,inaturalist,34.69,44.09,9.4,23346,4
Chaetodon_mesoleucos_iNaturalist_67202713.jpg,Chaetodon mesoleucos,inaturalist,31.16,44.09,12.93,35403,239
Chaetodon_mesoleucos_iNaturalist_67938601.jpg,Chaetodon mesoleucos,inaturalist,48.66,44.09,-4.57,15707,0
Chaetodon_mesoleucos_FishWise_043992F000024W000001.jpg,Chaetodon mesoleucos,unknown,31.13,44.09,12.96,107630,3953
Chaetodon_mesoleucos_FishWise_043992F000024W000002.jpg,Chaetodon mesoleucos,unknown,50.53,44.09,-6.44,114067,2911
Chaetodon_mesoleucos_FishWise_043992F000024W000005.jpg,Chaetodon mesoleucos,unknown,48.24,44.09,-4.15,146484,352
Chaetodon_meyeri_FishPix_15990AF.jpg,Chaetodon meyeri,fishpix,55.43,53.42,-2.01,126337,0
Chaetodon_meyeri_Bishop_-146742631.jpg,Chaetodon meyeri,bishop,59.3,53.42,-5.89,236608,5040
Chaetodon_meyeri_FishBase_Chmey_j0.jpg,Chaetodon meyeri,fishbase,55.91,53.42,-2.49,155453,3203
Chaetodon_meyeri_FishBase_Chmey_u0.jpg,Chaetodon meyeri,fishbase,59.82,53.42,-6.4,132840,4270
Chaetodon_meyeri_FishBase_Chmey_u2.jpg,Chaetodon meyeri,fishbase,64.59,53.42,-11.17,66782,4040
Chaetodon_meyeri_FishBase_Chmey_u3.jpg,Chaetodon meyeri,fishbase,64.4,53.42,-10.98,105619,13416
Chaetodon_meyeri_FishBaseUser_1360080745_86.28.236.182.jpg,Chaetodon meyeri,fishbase,63.74,53.42,-10.32,206988,239
Chaetodon_meyeri_FishBaseUser_1361357670_86.28.236.182.jpg,Chaetodon meyeri,fishbase,59.01,53.42,-5.59,388440,3931
Chaetodon_meyeri_FishBaseUser_1385986321_81.98.202.4.jpg,Chaetodon meyeri,fishbase,59.33,53.42,-5.92,934260,53185
Chaetodon_meyeri_FishBaseUser_1433348017_2.238.54.39.jpg,Chaetodon meyeri,fishbase,49.15,53.42,4.27,220709,2486
Chaetodon_meyeri_FishBaseUser_1473642555_162.158.165.25.jpg,Chaetodon meyeri,fishbase,59.44,53.42,-6.02,45090,2039
Chaetodon_meyeri_FishBaseUser_1508799390_172.68.102.54.jpg,Chaetodon meyeri,fishbase,51.27,53.42,2.14,874014,16
Chaetodon_meyeri_FishBaseUser_1724129872_172.71.124.212.jpg,Chaetodon meyeri,fishbase,58.54,53.42,-5.12,32858,368
Chaetodon_meyeri_FishBaseUser_1747229967_95.95.129.49.jpg,Chaetodon meyeri,fishbase,52.74,53.42,0.68,2282142,0
Chaetodon_meyeri_iNaturalist_233496806.jpg,Chaetodon meyeri,inaturalist,41.94,53.42,11.47,215944,478
Chaetodon_meyeri_iNaturalist_300418666.jpg,Chaetodon meyeri,inaturalist,60.9,53.42,-7.49,227252,16075
Chaetodon_meyeri_iNaturalist_351639691.jpg,Chaetodon meyeri,inaturalist,35.23,53.42,18.18,195728,1967
Chaetodon_meyeri_iNaturalist_351639745.jpg,Chaetodon meyeri,inaturalist,34.25,53.42,19.16,258106,7872
Chaetodon_meyeri_iNaturalist_390482460.jpg,Chaetodon meyeri,inaturalist,24.18,53.42,29.24,74962,21
Chaetodon_meyeri_iNaturalist_485931655.jpg,Chaetodon meyeri,inaturalist,34.21,53.42,19.2,185432,48
Chaetodon_meyeri_iNaturalist_51013610.jpg,Chaetodon meyeri,inaturalist,54.84,53.42,-1.42,100484,1130
Chaetodon_meyeri_iNaturalist_534300264.jpg,Chaetodon meyeri,inaturalist,51.66,53.42,1.75,160981,17
Chaetodon_meyeri_iNaturalist_58457304.jpg,Chaetodon meyeri,inaturalist,71.23,53.42,-17.82,189973,1345
Chaetodon_meyeri_FishWise_044132F000004W000006.jpg,Chaetodon meyeri,unknown,68.9,53.42,-15.48,91703,14199
Chaetodon_meyeri_FishWise_044132F000009W000002.jpg,Chaetodon meyeri,unknown,57.01,53.42,-3.6,86962,8586
Chaetodon_meyeri_FishWise_044132F000009W000009.jpg,Chaetodon meyeri,unknown,57.97,53.42,-4.56,90777,5550
Chaetodon_meyeri_FishWise_044132F000009W000010.jpg,Chaetodon meyeri,unknown,60.1,53.42,-6.68,306545,0
Chaetodon_meyeri_FishWise_044132F000009W000011.jpg,Chaetodon meyeri,unknown,54.3,53.42,-0.88,64699,956
Chaetodon_meyeri_FishWise_044132F000009W000012.jpg,Chaetodon meyeri,unknown,52.54,53.42,0.87,117503,278
Chaetodon_meyeri_FishWise_044132F000009W000016.jpg,Chaetodon meyeri,unknown,40.47,53.42,12.95,105283,1385
Chaetodon_meyeri_FishWise_044132F000009W000017.jpg,Chaetodon meyeri,unknown,51.3,53.42,2.11,74727,0
Chaetodon_meyeri_FishWise_044132F000009W000018.jpg,Chaetodon meyeri,unknown,57.01,53.42,-3.59,70599,120
Chaetodon_meyeri_FishWise_044132F000009W000023.jpg,Chaetodon meyeri,unknown,54.34,53.42,-0.92,90831,1083
Chaetodon_meyeri_FishWise_044132F000009W000024.jpg,Chaetodon meyeri,unknown,44.3,53.42,9.12,125065,1124
Chaetodon_meyeri_FishWise_044132F000009W000026.jpg,Chaetodon meyeri,unknown,46.45,53.42,6.96,102255,16
Chaetodon_meyeri_FishWise_044132F000024W000001.jpg,Chaetodon meyeri,unknown,59.25,53.42,-5.83,103927,3820
Chaetodon_meyeri_FishWise_044132F000112W000007.jpg,Chaetodon meyeri,unknown,45.9,53.42,7.52,96444,0
Chaetodon_meyeri_FishWise_044132F000112W000013.jpg,Chaetodon meyeri,unknown,58.78,53.42,-5.36,122305,93
Chaetodon_meyeri_FishWise_044132F000112W000014.jpg,Chaetodon meyeri,unknown,55.66,53.42,-2.25,111506,561
Chaetodon_meyeri_FishWise_044132F000167W000003.jpg,Chaetodon meyeri,unknown,60.17,53.42,-6.75,72185,1595
Chaetodon_meyeri_FishWise_044132F000167W000004.jpg,Chaetodon meyeri,unknown,64.79,53.42,-11.38,51568,521
Chaetodon_meyeri_FishWise_044132F000261W000005.jpg,Chaetodon meyeri,unknown,50.12,53.42,3.3,69927,112
Chaetodon_meyeri_FishWise_044132F000387W000015.jpg,Chaetodon meyeri,unknown,53.68,53.42,-0.27,110051,1163
Chaetodon_meyeri_FishWise_044132F000387W000019.jpg,Chaetodon meyeri,unknown,46.68,53.42,6.73,63650,1451
Chaetodon_meyeri_FishWise_044132F000387W000020.jpg,Chaetodon meyeri,unknown,44.92,53.42,8.5,74752,788
Chaetodon_meyeri_FishWise_044132F000387W000021.jpg,Chaetodon meyeri,unknown,46.67,53.42,6.75,101719,0
Chaetodon_meyeri_FishWise_044132F000387W000022.jpg,Chaetodon meyeri,unknown,59.38,53.42,-5.97,107623,0
Chaetodon_meyeri_FishWise_044132F000387W000025.jpg,Chaetodon meyeri,unknown,52.17,53.42,1.24,85979,34
Chaetodon_miliaris_FishBase_Chmil_u0.jpg,Chaetodon miliaris,fishbase,65.84,64.17,-1.67,94584,804
Chaetodon_miliaris_Bishop_1720766063.jpg,Chaetodon miliaris,bishop,76.43,64.17,-12.26,246852,5868
Chaetodon_miliaris_Bishop_725437158.jpg,Chaetodon miliaris,bishop,71.08,64.17,-6.91,240561,16084
Chaetodon_miliaris_FishBase_Chmil_u1.jpg,Chaetodon miliaris,fishbase,76.96,64.17,-12.79,138278,3640
Chaetodon_miliaris_FishBase_Chmil_u2.jpg,Chaetodon miliaris,fishbase,71.55,64.17,-7.38,143501,9518
Chaetodon_miliaris_FishBase_Chmil_u3.jpg,Chaetodon miliaris,fishbase,74.44,64.17,-10.27,66675,960
Chaetodon_miliaris_FishBase_Chmil_u5.jpg,Chaetodon miliaris,fishbase,44.82,64.17,19.35,98623,4807
Chaetodon_miliaris_FishBaseUser_1338031619_67.49.174.50.jpg,Chaetodon miliaris,fishbase,61.22,64.17,2.95,538937,993
Chaetodon_miliaris_FishBaseUser_1706291476_172.70.82.22.jpg,Chaetodon miliaris,fishbase,67.08,64.17,-2.91,268479,392
Chaetodon_miliaris_iNaturalist_178987952.jpg,Chaetodon miliaris,inaturalist,65.36,64.17,-1.19,71089,116
Chaetodon_miliaris_iNaturalist_179529915.jpg,Chaetodon miliaris,inaturalist,72.33,64.17,-8.16,160007,0
Chaetodon_miliaris_iNaturalist_179529921.jpg,Chaetodon miliaris,inaturalist,58.85,64.17,5.32,82202,0
Chaetodon_miliaris_iNaturalist_386290369.jpg,Chaetodon miliaris,inaturalist,66.72,64.17,-2.55,425405,1579
Chaetodon_miliaris_iNaturalist_386290397.jpg,Chaetodon miliaris,inaturalist,71.37,64.17,-7.2,509200,12431
Chaetodon_miliaris_iNaturalist_432546006.jpg,Chaetodon miliaris,inaturalist,62.8,64.17,1.37,14017,11
Chaetodon_miliaris_iNaturalist_596812440.jpg,Chaetodon miliaris,inaturalist,42.49,64.17,21.68,43067,0
Chaetodon_miliaris_iNaturalist_596812456.jpg,Chaetodon miliaris,inaturalist,48.01,64.17,16.16,38338,0
Chaetodon_miliaris_iNaturalist_596812485.jpg,Chaetodon miliaris,inaturalist,37.84,64.17,26.33,43074,0
Chaetodon_miliaris_iNaturalist_600454066.jpg,Chaetodon miliaris,inaturalist,71.04,64.17,-6.87,355165,4388
Chaetodon_miliaris_FishWise_044973F000009W000005.jpg,Chaetodon miliaris,unknown,63.59,64.17,0.59,107923,0
Chaetodon_miliaris_FishWise_044973F000009W000006.jpg,Chaetodon miliaris,unknown,60.03,64.17,4.14,101645,0
Chaetodon_miliaris_FishWise_044973F000052W000001.gif,Chaetodon miliaris,unknown,81.91,64.17,-17.73,84243,2650
Chaetodon_mitratus_FishPix_85097AF.jpg,Chaetodon mitratus,fishpix,61.23,45.35,-15.88,111575,25198
Chaetodon_mitratus_Bishop_-777256060.jpg,Chaetodon mitratus,bishop,44.85,45.35,0.49,195147,317
Chaetodon_mitratus_FishBase_Chmit_u0.jpg,Chaetodon mitratus,fishbase,43.26,45.35,2.08,94314,3232
Chaetodon_mitratus_FishBase_Chmit_u1.jpg,Chaetodon mitratus,fishbase,45.19,45.35,0.16,109491,497
Chaetodon_mitratus_FishBase_Chmit_u2.jpg,Chaetodon mitratus,fishbase,61.64,45.35,-16.3,110235,25557
Chaetodon_mitratus_FishBase_Chmit_u3.jpg,Chaetodon mitratus,fishbase,50.87,45.35,-5.53,31554,10199
Chaetodon_mitratus_FishBase_Chmit_u4.jpg,Chaetodon mitratus,fishbase,37.78,45.35,7.57,108778,2461
Chaetodon_mitratus_FishBaseUser_1393874593_71.202.224.33.jpg,Chaetodon mitratus,fishbase,36.44,45.35,8.91,2083198,917
Chaetodon_mitratus_FishBaseUser_1393876847_71.202.224.33.jpg,Chaetodon mitratus,fishbase,40.69,45.35,4.66,2388722,1646
Chaetodon_mitratus_iNaturalist_170685878.jpg,Chaetodon mitratus,inaturalist,31.78,45.35,13.57,71111,0
Chaetodon_mitratus_iNaturalist_170685886.jpg,Chaetodon mitratus,inaturalist,36.45,45.35,8.9,87822,0
Chaetodon_mitratus_iNaturalist_258575955.jpg,Chaetodon mitratus,inaturalist,51.28,45.35,-5.93,84354,575
Chaetodon_mitratus_iNaturalist_2691139.jpg,Chaetodon mitratus,inaturalist,44.3,45.35,1.05,43244,125
Chaetodon_mitratus_iNaturalist_476531321.jpg,Chaetodon mitratus,inaturalist,26.32,45.35,19.03,85688,24
Chaetodon_mitratus_iNaturalist_607776891.jpg,Chaetodon mitratus,inaturalist,53.92,45.35,-8.57,41000,1012
Chaetodon_mitratus_FishWise_045446F000009W000008.jpg,Chaetodon mitratus,unknown,43.37,45.35,1.98,99452,0
Chaetodon_mitratus_FishWise_045446F000024W000001.jpg,Chaetodon mitratus,unknown,77.44,45.35,-32.09,58987,3345
Chaetodon_mitratus_FishWise_045446F000024W000002.jpg,Chaetodon mitratus,unknown,45.19,45.35,0.15,84785,490
Chaetodon_mitratus_FishWise_045446F000112W000005.jpg,Chaetodon mitratus,unknown,50.0,45.35,-4.66,95527,21562
Chaetodon_mitratus_FishWise_045446F000112W000006.jpg,Chaetodon mitratus,unknown,29.63,45.35,15.72,67737,1975
Chaetodon_mitratus_FishWise_045446F000170W000003.jpg,Chaetodon mitratus,unknown,46.5,45.35,-1.15,94800,10
Chaetodon_mitratus_FishWise_045446F000387W000007.jpg,Chaetodon mitratus,unknown,43.91,45.35,1.44,84347,393
Chaetodon_mitratus_FishWise_045446F000453W000009.jpg,Chaetodon mitratus,unknown,40.97,45.35,4.37,88403,1452
Chaetodon_modestus_FishPix_11839AF.jpg,Chaetodon modestus,fishpix,58.53,56.64,-1.89,176409,1269
Chaetodon_modestus_Bishop_316109402.jpg,Chaetodon modestus,bishop,48.85,56.64,7.79,170724,7892
Chaetodon_modestus_FishWise_125671F000042W000001.jpg,Chaetodon modestus,unknown,62.54,56.64,-5.9,60990,305
Chaetodon_multicinctus_FishPix_76102AF.jpg,Chaetodon multicinctus,fishpix,56.47,64.68,8.21,77675,1
Chaetodon_multicinctus_Bishop_-1145166510.jpg,Chaetodon multicinctus,bishop,60.85,64.68,3.83,241970,9016
Chaetodon_multicinctus_Bishop_-1285212619.jpg,Chaetodon multicinctus,bishop,66.02,64.68,-1.34,251629,3917
Chaetodon_multicinctus_FishBase_Chmul_u2.jpg,Chaetodon multicinctus,fishbase,61.33,64.68,3.35,135510,7297
Chaetodon_multicinctus_FishBase_Chmul_u3.jpg,Chaetodon multicinctus,fishbase,66.51,64.68,-1.83,140915,2541
Chaetodon_multicinctus_FishBase_Chmul_u7.jpg,Chaetodon multicinctus,fishbase,80.74,64.68,-16.06,73877,3361
Chaetodon_multicinctus_FishBaseUser_1676187077_162.158.91.61.jpg,Chaetodon multicinctus,fishbase,66.58,64.68,-1.9,788397,2321
Chaetodon_multicinctus_iNaturalist_14228531.jpg,Chaetodon multicinctus,inaturalist,56.69,64.68,7.99,156056,18
Chaetodon_multicinctus_iNaturalist_169957174.jpg,Chaetodon multicinctus,inaturalist,68.34,64.68,-3.66,53985,1
Chaetodon_multicinctus_iNaturalist_178987277.jpg,Chaetodon multicinctus,inaturalist,67.12,64.68,-2.44,49704,0
Chaetodon_multicinctus_iNaturalist_456392856.jpg,Chaetodon multicinctus,inaturalist,70.7,64.68,-6.02,254163,3801
Chaetodon_multicinctus_iNaturalist_457417238.jpg,Chaetodon multicinctus,inaturalist,59.15,64.68,5.53,211831,0
Chaetodon_multicinctus_iNaturalist_502118771.jpg,Chaetodon multicinctus,inaturalist,53.84,64.68,10.84,33663,22
Chaetodon_multicinctus_iNaturalist_51887092.jpg,Chaetodon multicinctus,inaturalist,60.74,64.68,3.94,106726,90
Chaetodon_multicinctus_FishWise_046454F000009W000004.jpg,Chaetodon multicinctus,unknown,72.42,64.68,-7.74,86515,1466
Chaetodon_multicinctus_FishWise_046454F000009W000006.jpg,Chaetodon multicinctus,unknown,67.39,64.68,-2.71,92620,442
Chaetodon_nigropunctatus_FishBase_Chnig_u0.jpg,Chaetodon nigropunctatus,fishbase,32.41,39.74,7.33,118851,2486
Chaetodon_nigropunctatus_Bishop_1435538384.jpg,Chaetodon nigropunctatus,bishop,23.93,39.74,15.81,257551,7223
Chaetodon_nigropunctatus_Bishop_276052843.jpg,Chaetodon nigropunctatus,bishop,32.34,39.74,7.4,251607,5125
Chaetodon_nigropunctatus_FishBase_Chnig_u1.jpg,Chaetodon nigropunctatus,fishbase,55.06,39.74,-15.32,105493,41
Chaetodon_nigropunctatus_FishBase_Chnig_u2.jpg,Chaetodon nigropunctatus,fishbase,24.14,39.74,15.59,144457,4679
Chaetodon_nigropunctatus_FishBase_Chnig_u4.jpg,Chaetodon nigropunctatus,fishbase,32.52,39.74,7.21,141188,3701
Chaetodon_nigropunctatus_FishBaseUser_1496299588_162.158.92.90.jpg,Chaetodon nigropunctatus,fishbase,43.48,39.74,-3.74,259745,1988
Chaetodon_nigropunctatus_FishBaseUser_1507058346_162.158.89.93.jpg,Chaetodon nigropunctatus,fishbase,51.58,39.74,-11.85,219776,1506
Chaetodon_nigropunctatus_FishBaseUser_1507058410_162.158.89.93.jpg,Chaetodon nigropunctatus,fishbase,43.32,39.74,-3.58,154609,1208
Chaetodon_nigropunctatus_FishBaseUser_1586789502_162.158.93.71.jpg,Chaetodon nigropunctatus,fishbase,38.26,39.74,1.48,218143,925
Chaetodon_nigropunctatus_iNaturalist_13558701.jpg,Chaetodon nigropunctatus,inaturalist,24.99,39.74,14.75,6757,13
Chaetodon_nigropunctatus_iNaturalist_57996527.jpg,Chaetodon nigropunctatus,inaturalist,32.02,39.74,7.72,56998,150
Chaetodon_nigropunctatus_iNaturalist_604765404.jpg,Chaetodon nigropunctatus,inaturalist,41.23,39.74,-1.49,73835,459
Chaetodon_nigropunctatus_iNaturalist_604772794.jpg,Chaetodon nigropunctatus,inaturalist,52.57,39.74,-12.83,19879,32
Chaetodon_nigropunctatus_iNaturalist_604772814.jpg,Chaetodon nigropunctatus,inaturalist,50.38,39.74,-10.64,53683,0
Chaetodon_nigropunctatus_iNaturalist_9173198.jpg,Chaetodon nigropunctatus,inaturalist,31.83,39.74,7.91,47354,18
Chaetodon_nigropunctatus_FishWise_048831F000009W000007.jpg,Chaetodon nigropunctatus,unknown,28.99,39.74,10.75,108864,615
Chaetodon_nigropunctatus_FishWise_048831F000025W000004.gif,Chaetodon nigropunctatus,unknown,70.33,39.74,-30.59,117220,10859
Chaetodon_nigropunctatus_FishWise_048831F000387W000006.jpg,Chaetodon nigropunctatus,unknown,45.65,39.74,-5.91,119057,6757
Chaetodon_nippon_FishPix_1590AF.jpg,Chaetodon nippon,fishpix,55.27,52.85,-2.42,77741,1108
Chaetodon_nippon_Bishop_-751379567.jpg,Chaetodon nippon,bishop,47.64,52.85,5.21,209926,3333
Chaetodon_nippon_FishBase_Chnip_u0.jpg,Chaetodon nippon,fishbase,65.02,52.85,-12.16,92293,1279
Chaetodon_nippon_FishBase_Chnip_u1.jpg,Chaetodon nippon,fishbase,47.95,52.85,4.9,117839,2901
Chaetodon_nippon_FishBaseUser_1401575352_114.155.215.180.jpg,Chaetodon nippon,fishbase,56.48,52.85,-3.63,124748,852
Chaetodon_nippon_FishBaseUser_1401575459_114.155.215.180.jpg,Chaetodon nippon,fishbase,61.59,52.85,-8.74,122647,143
Chaetodon_nippon_iNaturalist_11570041.jpg,Chaetodon nippon,inaturalist,32.26,52.85,20.59,114778,0
Chaetodon_nippon_iNaturalist_11570042.jpg,Chaetodon nippon,inaturalist,34.68,52.85,18.18,73479,6
Chaetodon_nippon_iNaturalist_32560890.jpg,Chaetodon nippon,inaturalist,63.5,52.85,-10.65,50958,0
Chaetodon_nippon_iNaturalist_4412325.jpg,Chaetodon nippon,inaturalist,72.1,52.85,-19.24,95968,334
Chaetodon_nippon_iNaturalist_453789927.jpg,Chaetodon nippon,inaturalist,63.8,52.85,-10.95,83757,275
Chaetodon_nippon_iNaturalist_517620398.jpg,Chaetodon nippon,inaturalist,45.58,52.85,7.27,84617,213
Chaetodon_nippon_iNaturalist_574792403.jpg,Chaetodon nippon,inaturalist,39.25,52.85,13.6,62660,18
Chaetodon_nippon_iNaturalist_586694238.jpg,Chaetodon nippon,inaturalist,61.79,52.85,-8.94,112771,7768
Chaetodon_nippon_iNaturalist_84067425.jpg,Chaetodon nippon,inaturalist,45.86,52.85,6.99,125245,1009
Chaetodon_ocellatus_FishPix_22181AF.jpg,Chaetodon ocellatus,fishpix,67.54,62.88,-4.66,155309,1866
Chaetodon_ocellatus_FishBase_Choce_u8.jpg,Chaetodon ocellatus,fishbase,74.62,62.88,-11.74,36790,7
Chaetodon_ocellatus_FishBase_Choce_ub.jpg,Chaetodon ocellatus,fishbase,68.57,62.88,-5.69,141356,669
Chaetodon_ocellatus_FishBaseUser_1598571923_162.158.187.179.jpg,Chaetodon ocellatus,fishbase,45.81,62.88,17.06,604297,19590
Chaetodon_ocellatus_FishBaseUser_1598572079_162.158.187.179.jpg,Chaetodon ocellatus,fishbase,53.09,62.88,9.79,756018,24123
Chaetodon_ocellatus_FishBaseUser_1598572174_162.158.187.179.jpg,Chaetodon ocellatus,fishbase,58.01,62.88,4.87,635599,13539
Chaetodon_ocellatus_FishBaseUser_1598572256_162.158.187.179.jpg,Chaetodon ocellatus,fishbase,65.96,62.88,-3.08,465508,4
Chaetodon_ocellatus_FishBaseUser_1598572342_162.158.187.179.jpg,Chaetodon ocellatus,fishbase,59.37,62.88,3.51,143441,2097
Chaetodon_ocellatus_FishBaseUser_1598572445_162.158.187.179.jpg,Chaetodon ocellatus,fishbase,68.8,62.88,-5.92,3006577,235
Chaetodon_ocellatus_FishBaseUser_1689857890_172.71.22.73.jpg,Chaetodon ocellatus,fishbase,61.89,62.88,0.99,1024283,19152
Chaetodon_ocellatus_FishBaseUser_1690137999_172.71.82.68.jpg,Chaetodon ocellatus,fishbase,54.18,62.88,8.7,323875,769
Chaetodon_ocellatus_FishBaseUser_1706212482_172.70.83.28.jpg,Chaetodon ocellatus,fishbase,74.95,62.88,-12.07,152275,1254
Chaetodon_ocellatus_FishBaseUser_1706471062_172.70.54.83.jpg,Chaetodon ocellatus,fishbase,74.59,62.88,-11.71,209492,3532
Chaetodon_ocellatus_FishBaseUser_1707603127_172.68.123.141.jpg,Chaetodon ocellatus,fishbase,50.4,62.88,12.48,152708,1939
Chaetodon_ocellatus_FishBaseUser_1712080269_172.70.83.78.jpg,Chaetodon ocellatus,fishbase,71.48,62.88,-8.6,197211,1209
Chaetodon_ocellatus_FishBaseUser_1712080330_172.70.83.77.jpg,Chaetodon ocellatus,fishbase,74.96,62.88,-12.08,177081,3425
Chaetodon_ocellatus_FishBaseUser_1747231574_95.95.129.49.jpg,Chaetodon ocellatus,fishbase,66.22,62.88,-3.34,1131952,40998
Chaetodon_ocellatus_iNaturalist_21126529.jpg,Chaetodon ocellatus,inaturalist,58.92,62.88,3.96,37033,90
Chaetodon_ocellatus_iNaturalist_241430977.jpg,Chaetodon ocellatus,inaturalist,54.99,62.88,7.88,537332,1420
Chaetodon_ocellatus_iNaturalist_441973498.jpg,Chaetodon ocellatus,inaturalist,66.8,62.88,-3.92,495739,868
Chaetodon_ocellatus_iNaturalist_441973517.jpg,Chaetodon ocellatus,inaturalist,63.7,62.88,-0.82,433332,839
Chaetodon_ocellatus_iNaturalist_451091737.jpg,Chaetodon ocellatus,inaturalist,66.57,62.88,-3.69,176787,3099
Chaetodon_ocellatus_iNaturalist_451092106.jpg,Chaetodon ocellatus,inaturalist,66.56,62.88,-3.68,173124,3120
Chaetodon_ocellatus_iNaturalist_540068424.jpg,Chaetodon ocellatus,inaturalist,40.84,62.88,22.04,200443,6193
Chaetodon_ocellatus_iNaturalist_569216342.jpg,Chaetodon ocellatus,inaturalist,66.26,62.88,-3.38,255608,2932
Chaetodon_ocellatus_FishWise_090680F000009W000001.jpg,Chaetodon ocellatus,unknown,42.53,62.88,20.35,58381,11
Chaetodon_ocellatus_FishWise_090680F000009W000002.jpg,Chaetodon ocellatus,unknown,71.18,62.88,-8.3,82795,2876
Chaetodon_ocellatus_FishWise_090680F000036W000004.jpg,Chaetodon ocellatus,unknown,61.65,62.88,1.22,125135,74
Chaetodon_ocellatus_FishWise_090680F006659W000006.jpg,Chaetodon ocellatus,unknown,72.29,62.88,-9.42,110191,443
Chaetodon_ocellatus_FishWise_090680F007724W000005.jpg,Chaetodon ocellatus,unknown,63.65,62.88,-0.77,70586,29
Chaetodon_ocellicaudus_FishPix_5227AF.jpg,Chaetodon ocellicaudus,fishpix,52.62,55.04,2.43,113593,1
Chaetodon_ocellicaudus_Bishop_958979710.jpg,Chaetodon ocellicaudus,bishop,53.88,55.04,1.16,194247,815
Chaetodon_ocellicaudus_FishBase_Choce_j0.jpg,Chaetodon ocellicaudus,fishbase,66.33,55.04,-11.28,66035,848
Chaetodon_ocellicaudus_FishBase_Choce_u1.jpg,Chaetodon ocellicaudus,fishbase,68.09,55.04,-13.05,124912,9153
Chaetodon_ocellicaudus_FishBase_Choce_u4.jpg,Chaetodon ocellicaudus,fishbase,54.51,55.04,0.53,108822,354
Chaetodon_ocellicaudus_FishBaseUser_1354819061_86.28.236.182.jpg,Chaetodon ocellicaudus,fishbase,63.2,55.04,-8.16,225379,3205
Chaetodon_ocellicaudus_FishBaseUser_1354819138_86.28.236.182.jpg,Chaetodon ocellicaudus,fishbase,67.86,55.04,-12.82,287020,1972
Chaetodon_ocellicaudus_FishBaseUser_1577141693_172.68.102.78.jpg,Chaetodon ocellicaudus,fishbase,53.4,55.04,1.64,3298183,44
Chaetodon_ocellicaudus_FishBaseUser_1655740932_172.70.126.159.jpg,Chaetodon ocellicaudus,fishbase,71.53,55.04,-16.49,587942,28
Chaetodon_ocellicaudus_FishBaseUser_1753601574_219.73.75.40.jpg,Chaetodon ocellicaudus,fishbase,62.61,55.04,-7.57,148746,0
Chaetodon_ocellicaudus_iNaturalist_270410292.jpg,Chaetodon ocellicaudus,inaturalist,41.36,55.04,13.68,205040,77
Chaetodon_ocellicaudus_iNaturalist_459451753.jpg,Chaetodon ocellicaudus,inaturalist,69.18,55.04,-14.14,194242,542
Chaetodon_ocellicaudus_iNaturalist_459663675.jpg,Chaetodon ocellicaudus,inaturalist,37.72,55.04,17.33,123712,464
Chaetodon_ocellicaudus_iNaturalist_467374317.jpg,Chaetodon ocellicaudus,inaturalist,51.84,55.04,3.2,52077,1
Chaetodon_ocellicaudus_iNaturalist_467374320.jpg,Chaetodon ocellicaudus,inaturalist,43.74,55.04,11.3,58274,463
Chaetodon_ocellicaudus_iNaturalist_472685751.jpg,Chaetodon ocellicaudus,inaturalist,47.1,55.04,7.94,38700,20
Chaetodon_ocellicaudus_iNaturalist_480811911.jpg,Chaetodon ocellicaudus,inaturalist,70.88,55.04,-15.83,111039,614
Chaetodon_ocellicaudus_iNaturalist_48536597.jpg,Chaetodon ocellicaudus,inaturalist,48.8,55.04,6.24,493375,3481
Chaetodon_ocellicaudus_iNaturalist_530620209.jpg,Chaetodon ocellicaudus,inaturalist,30.84,55.04,24.2,87210,35
Chaetodon_ocellicaudus_FishWise_050523F000009W000003.jpg,Chaetodon ocellicaudus,unknown,56.11,55.04,-1.07,129643,5
Chaetodon_ocellicaudus_FishWise_050523F000009W000004.jpg,Chaetodon ocellicaudus,unknown,56.76,55.04,-1.72,125531,594
Chaetodon_ocellicaudus_FishWise_050523F000009W000005.jpg,Chaetodon ocellicaudus,unknown,53.42,55.04,1.62,94466,0
Chaetodon_ocellicaudus_FishWise_050523F000024W000001.jpg,Chaetodon ocellicaudus,unknown,67.68,55.04,-12.64,118795,8129
Chaetodon_ocellicaudus_FishWise_050523F000024W000002.jpg,Chaetodon ocellicaudus,unknown,55.95,55.04,-0.91,85601,1956
Chaetodon_ocellicaudus_FishWise_050523F000387W000006.jpg,Chaetodon ocellicaudus,unknown,43.6,55.04,11.44,89721,0
Chaetodon_ocellicaudus_FishWise_050523F000387W000007.jpg,Chaetodon ocellicaudus,unknown,42.09,55.04,12.96,84866,1
Chaetodon_octofasciatus_FishPix_40751AF.jpg,Chaetodon octofasciatus,fishpix,73.72,52.09,-21.63,87331,4462
Chaetodon_octofasciatus_Bishop_1838436391.jpg,Chaetodon octofasciatus,bishop,48.21,52.09,3.88,192909,3474
Chaetodon_octofasciatus_FishBase_Choct_j0.jpg,Chaetodon octofasciatus,fishbase,53.74,52.09,-1.65,20679,128
Chaetodon_octofasciatus_FishBase_Choct_j1.jpg,Chaetodon octofasciatus,fishbase,55.89,52.09,-3.8,31520,1422
Chaetodon_octofasciatus_FishBase_Choct_j2.jpg,Chaetodon octofasciatus,fishbase,53.48,52.09,-1.4,68640,5896
Chaetodon_octofasciatus_FishBase_Choct_u0.jpg,Chaetodon octofasciatus,fishbase,60.39,52.09,-8.3,77596,3669
Chaetodon_octofasciatus_FishBase_Choct_u1.jpg,Chaetodon octofasciatus,fishbase,36.39,52.09,15.7,60856,5257
Chaetodon_octofasciatus_FishBase_Choct_u2.jpg,Chaetodon octofasciatus,fishbase,49.1,52.09,2.99,107507,1914
Chaetodon_octofasciatus_FishBase_Choct_u3.jpg,Chaetodon octofasciatus,fishbase,49.04,52.09,3.05,106749,191
Chaetodon_octofasciatus_FishBase_Choct_u4.jpg,Chaetodon octofasciatus,fishbase,44.53,52.09,7.56,48693,1230
Chaetodon_octofasciatus_FishBase_Choct_u5.jpg,Chaetodon octofasciatus,fishbase,55.4,52.09,-3.31,50583,2378
Chaetodon_octofasciatus_FishBase_Choct_u6.jpg,Chaetodon octofasciatus,fishbase,72.14,52.09,-20.05,92701,90
Chaetodon_octofasciatus_FishBase_Choct_u7.jpg,Chaetodon octofasciatus,fishbase,44.11,52.09,7.98,60974,1083
Chaetodon_octofasciatus_FishBase_Choct_u8.jpg,Chaetodon octofasciatus,fishbase,46.31,52.09,5.78,144278,3454
Chaetodon_octofasciatus_FishBase_Choct_u9.jpg,Chaetodon octofasciatus,fishbase,38.19,52.09,13.9,101405,5984
Chaetodon_octofasciatus_FishBaseUser_1339683283_86.10.200.84.jpg,Chaetodon octofasciatus,fishbase,58.97,52.09,-6.88,558261,55
Chaetodon_octofasciatus_FishBaseUser_1339683352_86.10.200.84.jpg,Chaetodon octofasciatus,fishbase,52.45,52.09,-0.36,567934,4358
Chaetodon_octofasciatus_FishBaseUser_1406540491_210.212.251.114.jpg,Chaetodon octofasciatus,fishbase,62.9,52.09,-10.81,85991,2447
Chaetodon_octofasciatus_FishBaseUser_1441344113_117.206.95.248.jpg,Chaetodon octofasciatus,fishbase,51.0,52.09,1.09,358713,17
Chaetodon_octofasciatus_FishBaseUser_1469522064_162.158.167.12.jpg,Chaetodon octofasciatus,fishbase,40.02,52.09,12.07,139534,41
Chaetodon_octofasciatus_FishBaseUser_1486518173_162.158.230.121.jpg,Chaetodon octofasciatus,fishbase,47.85,52.09,4.24,436857,115
Chaetodon_octofasciatus_FishBaseUser_1524750600_162.158.167.158.jpg,Chaetodon octofasciatus,fishbase,55.55,52.09,-3.46,203871,4605
Chaetodon_octofasciatus_FishBaseUser_1527581132_162.158.22.210.jpg,Chaetodon octofasciatus,fishbase,48.19,52.09,3.9,144635,998
Chaetodon_octofasciatus_FishBaseUser_1569480211_172.68.143.140.jpg,Chaetodon octofasciatus,fishbase,61.9,52.09,-9.81,126993,5029
Chaetodon_octofasciatus_FishBaseUser_1569480322_172.68.141.60.jpg,Chaetodon octofasciatus,fishbase,55.64,52.09,-3.55,173239,1988
Chaetodon_octofasciatus_FishBaseUser_1569480361_172.68.189.231.jpg,Chaetodon octofasciatus,fishbase,46.61,52.09,5.48,51073,636
Chaetodon_octofasciatus_FishBaseUser_1577141796_172.68.102.78.jpg,Chaetodon octofasciatus,fishbase,33.61,52.09,18.48,4994211,183
Chaetodon_octofasciatus_FishBaseUser_1656493691_172.70.189.156.jpg,Chaetodon octofasciatus,fishbase,33.63,52.09,18.46,24031,303
Chaetodon_octofasciatus_FishBaseUser_1672900713_172.71.218.148.jpg,Chaetodon octofasciatus,fishbase,25.95,52.09,26.14,3180067,770
Chaetodon_octofasciatus_FishBaseUser_1672900766_162.158.179.76.jpg,Chaetodon octofasciatus,fishbase,57.78,52.09,-5.69,73389,0
Chaetodon_octofasciatus_FishBaseUser_1672900799_162.158.179.76.jpg,Chaetodon octofasciatus,fishbase,46.09,52.09,6.0,657740,11887
Chaetodon_octofasciatus_FishBaseUser_1672900851_172.71.214.7.jpg,Chaetodon octofasciatus,fishbase,69.79,52.09,-17.7,287518,4138
Chaetodon_octofasciatus_FishBaseUser_1723301095_172.69.132.223.jpg,Chaetodon octofasciatus,fishbase,50.71,52.09,1.38,76085,0
Chaetodon_octofasciatus_FishBaseUser_1747086503_169.150.203.237.jpg,Chaetodon octofasciatus,fishbase,58.47,52.09,-6.38,617906,1979
Chaetodon_octofasciatus_FishBaseUser_1747232318_95.95.129.49.jpg,Chaetodon octofasciatus,fishbase,47.68,52.09,4.41,979472,80
Chaetodon_octofasciatus_iNaturalist_187480976.jpg,Chaetodon octofasciatus,inaturalist,60.24,52.09,-8.15,160725,0
Chaetodon_octofasciatus_iNaturalist_201702755.jpg,Chaetodon octofasciatus,inaturalist,39.29,52.09,12.8,193341,1684
Chaetodon_octofasciatus_iNaturalist_318759027.jpg,Chaetodon octofasciatus,inaturalist,52.46,52.09,-0.37,225901,740
Chaetodon_octofasciatus_iNaturalist_318759037.jpg,Chaetodon octofasciatus,inaturalist,60.46,52.09,-8.37,302742,370
Chaetodon_octofasciatus_iNaturalist_319578656.jpg,Chaetodon octofasciatus,inaturalist,67.62,52.09,-15.53,94878,214
Chaetodon_octofasciatus_iNaturalist_327088836.jpg,Chaetodon octofasciatus,inaturalist,38.24,52.09,13.84,87307,0
Chaetodon_octofasciatus_iNaturalist_367755144.jpg,Chaetodon octofasciatus,inaturalist,52.26,52.09,-0.17,44643,144
Chaetodon_octofasciatus_iNaturalist_438496468.jpg,Chaetodon octofasciatus,inaturalist,59.97,52.09,-7.88,32625,0
Chaetodon_octofasciatus_iNaturalist_482079348.jpg,Chaetodon octofasciatus,inaturalist,50.82,52.09,1.27,99127,40
Chaetodon_octofasciatus_iNaturalist_573587028.jpg,Chaetodon octofasciatus,inaturalist,46.92,52.09,5.17,136125,5
Chaetodon_octofasciatus_FishWise_050607F000004W000008.jpg,Chaetodon octofasciatus,unknown,55.37,52.09,-3.28,65303,1065
Chaetodon_octofasciatus_FishWise_050607F000112W000009.jpg,Chaetodon octofasciatus,unknown,54.02,52.09,-1.93,97646,3967
Chaetodon_octofasciatus_FishWise_050607F000112W000010.jpg,Chaetodon octofasciatus,unknown,45.43,52.09,6.66,95232,3420
Chaetodon_octofasciatus_FishWise_050607F000112W000011.jpg,Chaetodon octofasciatus,unknown,71.69,52.09,-19.6,86774,8121
Chaetodon_octofasciatus_FishWise_050607F000387W000012.jpg,Chaetodon octofasciatus,unknown,51.33,52.09,0.76,64071,0
Chaetodon_octofasciatus_FishWise_050607F000387W000013.jpg,Chaetodon octofasciatus,unknown,65.01,52.09,-12.92,108436,321
Chaetodon_ornatissimus_FishPix_10043AF.jpg,Chaetodon ornatissimus,fishpix,57.51,63.94,6.43,123776,0
Chaetodon_ornatissimus_Bishop_164962524.jpg,Chaetodon ornatissimus,bishop,64.48,63.94,-0.54,235008,3184
Chaetodon_ornatissimus_Bishop_553414317.jpg,Chaetodon ornatissimus,bishop,70.08,63.94,-6.14,231371,5020
Chaetodon_ornatissimus_FishBase_Chorn_u0.jpg,Chaetodon ornatissimus,fishbase,88.83,63.94,-24.89,85595,3165
Chaetodon_ornatissimus_FishBase_Chorn_u1.jpg,Chaetodon ornatissimus,fishbase,41.77,63.94,22.17,78401,4300
Chaetodon_ornatissimus_FishBase_Chorn_u2.jpg,Chaetodon ornatissimus,fishbase,70.81,63.94,-6.87,130031,2924
Chaetodon_ornatissimus_FishBase_Chorn_u3.jpg,Chaetodon ornatissimus,fishbase,65.1,63.94,-1.16,131828,2194
Chaetodon_ornatissimus_FishBase_Chorn_u5.jpg,Chaetodon ornatissimus,fishbase,72.12,63.94,-8.18,117547,3124
Chaetodon_ornatissimus_FishBase_Chorn_u7.jpg,Chaetodon ornatissimus,fishbase,54.99,63.94,8.95,119395,3144
Chaetodon_ornatissimus_FishBase_Chorn_uf.jpg,Chaetodon ornatissimus,fishbase,42.4,63.94,21.54,41646,516
Chaetodon_ornatissimus_FishBase_Chorn_uk.jpg,Chaetodon ornatissimus,fishbase,74.04,63.94,-10.1,154386,2897
Chaetodon_ornatissimus_FishBase_Chorn_um.jpg,Chaetodon ornatissimus,fishbase,61.94,63.94,2.0,137335,1110
Chaetodon_ornatissimus_FishBaseUser_1428394230_94.198.16.174.jpg,Chaetodon ornatissimus,fishbase,71.4,63.94,-7.46,45500,425
Chaetodon_ornatissimus_FishBaseUser_1469522144_162.158.167.12.jpg,Chaetodon ornatissimus,fishbase,55.44,63.94,8.5,207023,4346
Chaetodon_ornatissimus_FishBaseUser_1508799540_172.68.102.54.jpg,Chaetodon ornatissimus,fishbase,55.34,63.94,8.61,519431,67
Chaetodon_ornatissimus_FishBaseUser_1676168749_172.69.33.132.jpg,Chaetodon ornatissimus,fishbase,49.78,63.94,14.16,2612565,17494
Chaetodon_ornatissimus_FishBaseUser_1706289204_108.162.212.117.jpg,Chaetodon ornatissimus,fishbase,68.22,63.94,-4.28,154790,787
Chaetodon_ornatissimus_FishBaseUser_1707093967_172.70.255.38.jpg,Chaetodon ornatissimus,fishbase,65.32,63.94,-1.38,219580,29
Chaetodon_ornatissimus_FishBaseUser_1747232504_95.95.129.49.jpg,Chaetodon ornatissimus,fishbase,69.9,63.94,-5.96,2356971,113478
Chaetodon_ornatissimus_iNaturalist_123987464.jpg,Chaetodon ornatissimus,inaturalist,59.19,63.94,4.76,47113,0
Chaetodon_ornatissimus_iNaturalist_179799134.jpg,Chaetodon ornatissimus,inaturalist,61.98,63.94,1.96,92359,48
Chaetodon_ornatissimus_iNaturalist_248887270.jpg,Chaetodon ornatissimus,inaturalist,54.17,63.94,9.77,81635,1535
Chaetodon_ornatissimus_iNaturalist_306927692.jpg,Chaetodon ornatissimus,inaturalist,55.38,63.94,8.56,47350,1
Chaetodon_ornatissimus_iNaturalist_355757662.jpg,Chaetodon ornatissimus,inaturalist,55.26,63.94,8.68,86757,678
Chaetodon_ornatissimus_iNaturalist_436943971.jpg,Chaetodon ornatissimus,inaturalist,40.83,63.94,23.11,100723,270
Chaetodon_ornatissimus_iNaturalist_442103313.jpg,Chaetodon ornatissimus,inaturalist,67.75,63.94,-3.81,56407,208
Chaetodon_ornatissimus_iNaturalist_4956860.jpg,Chaetodon ornatissimus,inaturalist,60.98,63.94,2.96,295182,8
Chaetodon_ornatissimus_iNaturalist_71820287.jpg,Chaetodon ornatissimus,inaturalist,42.87,63.94,21.07,41522,16
Chaetodon_ornatissimus_FishWise_051623F000009W000009.jpg,Chaetodon ornatissimus,unknown,70.36,63.94,-6.42,91484,1224
Chaetodon_ornatissimus_FishWise_051623F000009W000010.jpg,Chaetodon ornatissimus,unknown,76.21,63.94,-12.27,108880,3913
Chaetodon_ornatissimus_FishWise_051623F000009W000011.jpg,Chaetodon ornatissimus,unknown,82.67,63.94,-18.73,101734,3067
Chaetodon_ornatissimus_FishWise_051623F000009W000016.jpg,Chaetodon ornatissimus,unknown,75.36,63.94,-11.42,110676,367
Chaetodon_ornatissimus_FishWise_051623F000009W000017.jpg,Chaetodon ornatissimus,unknown,69.78,63.94,-5.84,130745,505
Chaetodon_ornatissimus_FishWise_051623F000009W000019.jpg,Chaetodon ornatissimus,unknown,60.9,63.94,3.04,96458,0
Chaetodon_ornatissimus_FishWise_051623F000009W000020.jpg,Chaetodon ornatissimus,unknown,69.78,63.94,-5.84,130745,505
Chaetodon_ornatissimus_FishWise_051623F000024W000001.jpg,Chaetodon ornatissimus,unknown,88.58,63.94,-24.64,61212,2203
Chaetodon_ornatissimus_FishWise_051623F000024W000003.jpg,Chaetodon ornatissimus,unknown,64.58,63.94,-0.64,102510,1756
Chaetodon_ornatissimus_FishWise_051623F000031W000004.jpg,Chaetodon ornatissimus,unknown,72.28,63.94,-8.34,91565,2475
Chaetodon_ornatissimus_FishWise_051623F000039W000002.jpg,Chaetodon ornatissimus,unknown,41.72,63.94,22.22,78386,4227
Chaetodon_ornatissimus_FishWise_051623F000112W000007.jpg,Chaetodon ornatissimus,unknown,64.01,63.94,-0.07,115666,13
Chaetodon_ornatissimus_FishWise_051623F000112W000013.jpg,Chaetodon ornatissimus,unknown,73.66,63.94,-9.72,120298,2702
Chaetodon_ornatissimus_FishWise_051623F000156W000005.jpg,Chaetodon ornatissimus,unknown,67.46,63.94,-3.52,59332,554
Chaetodon_ornatissimus_FishWise_051623F000492W000018.jpg,Chaetodon ornatissimus,unknown,74.21,63.94,-10.27,113672,719
Chaetodon_oxycephalus_FishPix_22169AF.jpg,Chaetodon oxycephalus,fishpix,54.09,51.85,-2.24,130148,515
Chaetodon_oxycephalus_FishBase_Choxy_u0.jpg,Chaetodon oxycephalus,fishbase,67.38,51.85,-15.53,101404,10721
Chaetodon_oxycephalus_FishBase_Choxy_ua.jpg,Chaetodon oxycephalus,fishbase,54.95,51.85,-3.1,107444,477
Chaetodon_oxycephalus_FishBaseUser_1486517905_162.158.230.121.jpg,Chaetodon oxycephalus,fishbase,54.7,51.85,-2.86,550552,43008
Chaetodon_oxycephalus_FishBaseUser_1577141959_172.68.102.78.jpg,Chaetodon oxycephalus,fishbase,36.39,51.85,15.46,4123287,22
Chaetodon_oxycephalus_FishBaseUser_1655919649_172.70.178.225.jpg,Chaetodon oxycephalus,fishbase,45.36,51.85,6.49,3120510,3378
Chaetodon_oxycephalus_FishBaseUser_1752920869_219.77.80.48.jpg,Chaetodon oxycephalus,fishbase,50.0,51.85,1.84,66684,1
Chaetodon_oxycephalus_iNaturalist_19630338.jpg,Chaetodon oxycephalus,inaturalist,58.48,51.85,-6.63,179072,760
Chaetodon_oxycephalus_iNaturalist_423160550.jpg,Chaetodon oxycephalus,inaturalist,52.71,51.85,-0.86,164374,896
Chaetodon_oxycephalus_iNaturalist_448971545.jpg,Chaetodon oxycephalus,inaturalist,39.06,51.85,12.78,213839,128
Chaetodon_oxycephalus_iNaturalist_458154395.jpg,Chaetodon oxycephalus,inaturalist,65.59,51.85,-13.75,48535,225
Chaetodon_oxycephalus_iNaturalist_463479666.jpg,Chaetodon oxycephalus,inaturalist,57.15,51.85,-5.31,185156,20453
Chaetodon_oxycephalus_iNaturalist_474167620.jpg,Chaetodon oxycephalus,inaturalist,53.8,51.85,-1.95,46833,457
Chaetodon_oxycephalus_iNaturalist_474167629.jpg,Chaetodon oxycephalus,inaturalist,59.71,51.85,-7.87,134599,5628
Chaetodon_oxycephalus_iNaturalist_487815001.jpg,Chaetodon oxycephalus,inaturalist,61.34,51.85,-9.49,111773,0
Chaetodon_oxycephalus_iNaturalist_564242487.jpg,Chaetodon oxycephalus,inaturalist,34.34,51.85,17.5,8419,9
Chaetodon_oxycephalus_iNaturalist_59429662.jpg,Chaetodon oxycephalus,inaturalist,35.04,51.85,16.81,58484,1972
Chaetodon_oxycephalus_FishWise_052042F000009W000002.jpg,Chaetodon oxycephalus,unknown,53.13,51.85,-1.29,113684,334
Chaetodon_paucifasciatus_FishBase_Chpau_u0.jpg,Chaetodon paucifasciatus,fishbase,77.42,55.93,-21.49,145286,2795
Chaetodon_paucifasciatus_Bishop_-1576082838.jpg,Chaetodon paucifasciatus,bishop,64.88,55.93,-8.95,245125,5514
Chaetodon_paucifasciatus_FishBase_Chpau_u1.jpg,Chaetodon paucifasciatus,fishbase,65.5,55.93,-9.57,137259,3103
Chaetodon_paucifasciatus_FishBase_Chpau_u2.jpg,Chaetodon paucifasciatus,fishbase,58.77,55.93,-2.84,100650,514
Chaetodon_paucifasciatus_FishBase_Chpau_u3.jpg,Chaetodon paucifasciatus,fishbase,59.59,55.93,-3.66,85060,520
Chaetodon_paucifasciatus_FishBase_Chpau_u4.jpg,Chaetodon paucifasciatus,fishbase,55.12,55.93,0.81,108620,290
Chaetodon_paucifasciatus_FishBaseUser_1376819168_85.71.241.46.jpg,Chaetodon paucifasciatus,fishbase,40.39,55.93,15.54,1371180,7553
Chaetodon_paucifasciatus_FishBaseUser_1499758323_162.158.230.28.jpg,Chaetodon paucifasciatus,fishbase,58.76,55.93,-2.83,112161,249
Chaetodon_paucifasciatus_FishBaseUser_1499758474_162.158.230.28.jpg,Chaetodon paucifasciatus,fishbase,61.19,55.93,-5.26,571047,7183
Chaetodon_paucifasciatus_FishBaseUser_1508799724_172.68.102.54.jpg,Chaetodon paucifasciatus,fishbase,61.74,55.93,-5.81,896464,18190
Chaetodon_paucifasciatus_FishBaseUser_1655397149_172.71.102.121.jpg,Chaetodon paucifasciatus,fishbase,68.87,55.93,-12.94,2505332,1240
Chaetodon_paucifasciatus_FishBaseUser_1668976671_172.71.30.106.jpg,Chaetodon paucifasciatus,fishbase,60.07,55.93,-4.14,1979972,17875
Chaetodon_paucifasciatus_FishBaseUser_1705777233_172.70.255.60.jpg,Chaetodon paucifasciatus,fishbase,63.54,55.93,-7.61,109544,5743
Chaetodon_paucifasciatus_FishBaseUser_1705777333_172.70.82.152.jpg,Chaetodon paucifasciatus,fishbase,55.76,55.93,0.17,118868,0
Chaetodon_paucifasciatus_iNaturalist_157577460.jpg,Chaetodon paucifasciatus,inaturalist,32.02,55.93,23.91,114006,96
Chaetodon_paucifasciatus_iNaturalist_157577598.jpg,Chaetodon paucifasciatus,inaturalist,26.28,55.93,29.65,69011,71
Chaetodon_paucifasciatus_iNaturalist_157581191.jpg,Chaetodon paucifasciatus,inaturalist,32.33,55.93,23.6,19955,31
Chaetodon_paucifasciatus_iNaturalist_379831846.jpg,Chaetodon paucifasciatus,inaturalist,44.0,55.93,11.93,34435,18
Chaetodon_paucifasciatus_iNaturalist_448628514.jpg,Chaetodon paucifasciatus,inaturalist,60.98,55.93,-5.05,275343,1127
Chaetodon_paucifasciatus_iNaturalist_449356891.jpg,Chaetodon paucifasciatus,inaturalist,69.15,55.93,-13.22,148554,903
Chaetodon_paucifasciatus_iNaturalist_449950227.jpg,Chaetodon paucifasciatus,inaturalist,45.8,55.93,10.13,137117,110
Chaetodon_paucifasciatus_iNaturalist_459516012.jpg,Chaetodon paucifasciatus,inaturalist,41.91,55.93,14.02,94406,667
Chaetodon_paucifasciatus_iNaturalist_461212819.jpg,Chaetodon paucifasciatus,inaturalist,29.3,55.93,26.63,10059,1
Chaetodon_paucifasciatus_iNaturalist_70239542.jpg,Chaetodon paucifasciatus,inaturalist,68.38,55.93,-12.45,106568,791
Chaetodon_paucifasciatus_FishWise_053582F000009W000005.jpg,Chaetodon paucifasciatus,unknown,62.93,55.93,-7.0,56167,696
Chaetodon_paucifasciatus_FishWise_053582F000009W000006.jpg,Chaetodon paucifasciatus,unknown,59.96,55.93,-4.03,51454,538
Chaetodon_paucifasciatus_FishWise_053582F000009W000007.jpg,Chaetodon paucifasciatus,unknown,64.24,55.93,-8.31,48192,1013
Chaetodon_paucifasciatus_FishWise_053582F000009W000012.jpg,Chaetodon paucifasciatus,unknown,56.49,55.93,-0.56,85833,412
Chaetodon_paucifasciatus_FishWise_053582F000167W000008.jpg,Chaetodon paucifasciatus,unknown,66.48,55.93,-10.55,25587,40
Chaetodon_paucifasciatus_FishWise_053582F000175W000003.jpg,Chaetodon paucifasciatus,unknown,62.67,55.93,-6.74,92328,909
Chaetodon_paucifasciatus_FishWise_053582F000387W000014.jpg,Chaetodon paucifasciatus,unknown,59.33,55.93,-3.4,116993,10
Chaetodon_pelewensis_FishPix_28225AF.jpg,Chaetodon pelewensis,fishpix,58.52,57.64,-0.88,139098,1630
Chaetodon_pelewensis_Bishop_-460781405.jpg,Chaetodon pelewensis,bishop,47.61,57.64,10.03,237037,37
Chaetodon_pelewensis_FishBase_Chpel_u1.jpg,Chaetodon pelewensis,fishbase,47.92,57.64,9.73,133366,637
Chaetodon_pelewensis_FishBase_Chpel_u2.jpg,Chaetodon pelewensis,fishbase,57.72,57.64,-0.08,62282,729
Chaetodon_pelewensis_FishBase_Chpel_u3.jpg,Chaetodon pelewensis,fishbase,62.09,57.64,-4.44,55207,323
Chaetodon_pelewensis_FishBase_Chpel_u5.jpg,Chaetodon pelewensis,fishbase,54.85,57.64,2.79,114655,110
Chaetodon_pelewensis_FishBaseUser_1508799935_172.68.102.54.jpg,Chaetodon pelewensis,fishbase,57.01,57.64,0.63,834013,0
Chaetodon_pelewensis_FishBaseUser_1596612426_172.69.14.136.jpg,Chaetodon pelewensis,fishbase,48.08,57.64,9.57,568892,10973
Chaetodon_pelewensis_FishBaseUser_1703891637_172.70.55.134.jpg,Chaetodon pelewensis,fishbase,69.69,57.64,-12.04,55221,449
Chaetodon_pelewensis_FishBaseUser_1706113459_108.162.212.38.jpg,Chaetodon pelewensis,fishbase,55.28,57.64,2.36,205680,51
Chaetodon_pelewensis_FishBaseUser_1706113534_172.70.54.82.jpg,Chaetodon pelewensis,fishbase,61.01,57.64,-3.36,215346,0
Chaetodon_pelewensis_FishBaseUser_1734298768_162.158.154.114.jpg,Chaetodon pelewensis,fishbase,65.22,57.64,-7.58,2939988,15515
Chaetodon_pelewensis_iNaturalist_161020063.jpg,Chaetodon pelewensis,inaturalist,58.67,57.64,-1.02,161571,1082
Chaetodon_pelewensis_iNaturalist_197012322.jpg,Chaetodon pelewensis,inaturalist,71.76,57.64,-14.11,88033,1117
Chaetodon_pelewensis_iNaturalist_232521598.jpg,Chaetodon pelewensis,inaturalist,63.81,57.64,-6.16,160732,1859
Chaetodon_pelewensis_iNaturalist_249701121.jpg,Chaetodon pelewensis,inaturalist,56.4,57.64,1.25,98404,170
Chaetodon_pelewensis_iNaturalist_287497554.jpg,Chaetodon pelewensis,inaturalist,45.47,57.64,12.18,14525,328
Chaetodon_pelewensis_iNaturalist_463900843.jpg,Chaetodon pelewensis,inaturalist,60.3,57.64,-2.66,150154,0
Chaetodon_pelewensis_iNaturalist_487815372.jpg,Chaetodon pelewensis,inaturalist,56.99,57.64,0.65,57531,0
Chaetodon_pelewensis_iNaturalist_561259185.jpg,Chaetodon pelewensis,inaturalist,61.17,57.64,-3.53,186433,588
Chaetodon_pelewensis_iNaturalist_590667200.jpg,Chaetodon pelewensis,inaturalist,58.33,57.64,-0.69,29206,433
Chaetodon_pelewensis_iNaturalist_599436484.jpg,Chaetodon pelewensis,inaturalist,63.57,57.64,-5.92,142650,352
Chaetodon_pelewensis_FishWise_054006F000112W000003.jpg,Chaetodon pelewensis,unknown,54.73,57.64,2.91,100726,284
Chaetodon_pelewensis_FishWise_054006F000112W000005.jpg,Chaetodon pelewensis,unknown,64.6,57.64,-6.96,121872,1011
Chaetodon_pelewensis_FishWise_054006F000387W000006.jpg,Chaetodon pelewensis,unknown,40.32,57.64,17.32,92157,1
Chaetodon_pictus_iNaturalist_173874324.jpg,Chaetodon pictus,inaturalist,65.48,54.22,-11.27,148522,10793
Chaetodon_pictus_FishBaseUser_1364915741_182.178.114.223.jpg,Chaetodon pictus,fishbase,53.6,54.22,0.61,174089,6
Chaetodon_pictus_FishBaseUser_1445595557_39.50.251.126.jpg,Chaetodon pictus,fishbase,50.24,54.22,3.98,326562,266
Chaetodon_pictus_FishBaseUser_1445595584_39.57.4.85.jpg,Chaetodon pictus,fishbase,51.29,54.22,2.93,317773,293
Chaetodon_pictus_FishBaseUser_1445595668_39.57.4.85.jpg,Chaetodon pictus,fishbase,68.83,54.22,-14.61,556478,9366
Chaetodon_pictus_FishBaseUser_1509180597_172.68.102.54.jpg,Chaetodon pictus,fishbase,56.74,54.22,-2.53,1843260,47500
Chaetodon_pictus_iNaturalist_179955261.jpg,Chaetodon pictus,inaturalist,57.77,54.22,-3.55,29264,224
Chaetodon_pictus_iNaturalist_184329464.jpg,Chaetodon pictus,inaturalist,52.74,54.22,1.47,84333,0
Chaetodon_pictus_iNaturalist_184329489.jpg,Chaetodon pictus,inaturalist,40.34,54.22,13.88,131091,59
Chaetodon_pictus_iNaturalist_328475415.jpg,Chaetodon pictus,inaturalist,42.32,54.22,11.89,401961,90
Chaetodon_pictus_iNaturalist_60591745.jpg,Chaetodon pictus,inaturalist,46.65,54.22,7.57,134207,56
Chaetodon_pictus_iNaturalist_606694537.jpg,Chaetodon pictus,inaturalist,56.87,54.22,-2.66,32846,17
Chaetodon_pictus_FishWise_055168F000024W000002.jpg,Chaetodon pictus,unknown,50.39,54.22,3.82,109773,3526
Chaetodon_pictus_FishWise_055168F000049W000003.jpg,Chaetodon pictus,unknown,65.75,54.22,-11.53,119807,545
Chaetodon_plebeius_FishPix_107951AF.jpg,Chaetodon plebeius,fishpix,63.01,59.18,-3.83,153882,162
Chaetodon_plebeius_Bishop_-113106721.jpg,Chaetodon plebeius,bishop,57.38,59.18,1.79,246148,366
Chaetodon_plebeius_Bishop_-243381367.jpg,Chaetodon plebeius,bishop,58.99,59.18,0.19,244980,101
Chaetodon_plebeius_Bishop_-531604202.jpg,Chaetodon plebeius,bishop,60.76,59.18,-1.59,257401,0
Chaetodon_plebeius_FishBase_Chple_u0.jpg,Chaetodon plebeius,fishbase,69.13,59.18,-9.95,123847,5720
Chaetodon_plebeius_FishBase_Chple_u1.jpg,Chaetodon plebeius,fishbase,30.28,59.18,28.9,60062,2848
Chaetodon_plebeius_FishBase_Chple_u3.jpg,Chaetodon plebeius,fishbase,59.42,59.18,-0.25,137666,871
Chaetodon_plebeius_FishBase_Chple_u4.jpg,Chaetodon plebeius,fishbase,61.04,59.18,-1.86,144732,1106
Chaetodon_plebeius_FishBase_Chple_u5.jpg,Chaetodon plebeius,fishbase,57.97,59.18,1.21,138870,283
Chaetodon_plebeius_FishBaseUser_1342398189_24.185.16.14.jpg,Chaetodon plebeius,fishbase,74.04,59.18,-14.87,108367,1064
Chaetodon_plebeius_FishBaseUser_1441345149_117.206.95.248.jpg,Chaetodon plebeius,fishbase,60.3,59.18,-1.12,272544,0
Chaetodon_plebeius_FishBaseUser_1509180900_172.68.102.54.jpg,Chaetodon plebeius,fishbase,49.98,59.18,9.2,708825,25
Chaetodon_plebeius_FishBaseUser_1564641662_162.158.167.114.jpg,Chaetodon plebeius,fishbase,59.87,59.18,-0.69,3706222,0
Chaetodon_plebeius_FishBaseUser_1652806488_172.70.147.143.jpg,Chaetodon plebeius,fishbase,55.29,59.18,3.88,127854,112
Chaetodon_plebeius_FishBaseUser_1703891867_172.70.55.134.jpg,Chaetodon plebeius,fishbase,53.82,59.18,5.36,67054,16
Chaetodon_plebeius_iNaturalist_14167014.jpg,Chaetodon plebeius,inaturalist,60.98,59.18,-1.8,111468,4
Chaetodon_plebeius_iNaturalist_302022715.jpg,Chaetodon plebeius,inaturalist,74.6,59.18,-15.42,30133,33
Chaetodon_plebeius_iNaturalist_302022740.jpg,Chaetodon plebeius,inaturalist,80.08,59.18,-20.9,40296,0
Chaetodon_plebeius_iNaturalist_443767734.jpg,Chaetodon plebeius,inaturalist,57.12,59.18,2.06,11635,9
Chaetodon_plebeius_iNaturalist_536418434.jpg,Chaetodon plebeius,inaturalist,58.95,59.18,0.22,96614,2
Chaetodon_plebeius_iNaturalist_575948942.jpg,Chaetodon plebeius,inaturalist,73.27,59.18,-14.09,148373,648
Chaetodon_plebeius_iNaturalist_607534630.jpg,Chaetodon plebeius,inaturalist,50.33,59.18,8.85,134377,20
Chaetodon_plebeius_iNaturalist_607534632.jpg,Chaetodon plebeius,inaturalist,62.13,59.18,-2.95,177540,0
Chaetodon_plebeius_iNaturalist_607534637.jpg,Chaetodon plebeius,inaturalist,50.43,59.18,8.75,169971,284
Chaetodon_plebeius_iNaturalist_607534649.jpg,Chaetodon plebeius,inaturalist,45.7,59.18,13.48,172124,2705
Chaetodon_plebeius_FishWise_055849F000112W000007.jpg,Chaetodon plebeius,unknown,50.72,59.18,8.45,96069,44
Chaetodon_plebeius_FishWise_055849F000112W000008.jpg,Chaetodon plebeius,unknown,62.19,59.18,-3.02,117207,1983
Chaetodon_punctatofasciatus_FishPix_10063AF.jpg,Chaetodon punctatofasciatus,fishpix,54.72,57.4,2.68,104994,0
Chaetodon_punctatofasciatus_Bishop_1458053428.jpg,Chaetodon punctatofasciatus,bishop,56.74,57.4,0.66,217344,1032
Chaetodon_punctatofasciatus_FishBase_Chpun_u0.jpg,Chaetodon punctatofasciatus,fishbase,64.25,57.4,-6.84,113499,2447
Chaetodon_punctatofasciatus_FishBase_Chpun_u1.jpg,Chaetodon punctatofasciatus,fishbase,47.52,57.4,9.89,52865,2381
Chaetodon_punctatofasciatus_FishBase_Chpun_u3.jpg,Chaetodon punctatofasciatus,fishbase,57.38,57.4,0.02,121580,268
Chaetodon_punctatofasciatus_FishBase_Chpun_uo.jpg,Chaetodon punctatofasciatus,fishbase,61.88,57.4,-4.48,113360,2038
Chaetodon_punctatofasciatus_FishBaseUser_1404900598_82.4.49.242.jpg,Chaetodon punctatofasciatus,fishbase,67.76,57.4,-10.35,252498,2693
Chaetodon_punctatofasciatus_FishBaseUser_1444531758_24.215.186.224.jpg,Chaetodon punctatofasciatus,fishbase,60.82,57.4,-3.41,686654,17684
Chaetodon_punctatofasciatus_FishBaseUser_1469522223_162.158.167.12.jpg,Chaetodon punctatofasciatus,fishbase,45.81,57.4,11.6,149032,2251
Chaetodon_punctatofasciatus_FishBaseUser_1480257181_162.158.166.138.jpg,Chaetodon punctatofasciatus,fishbase,50.54,57.4,6.86,33032,87
Chaetodon_punctatofasciatus_FishBaseUser_1492969549_108.162.216.108.jpg,Chaetodon punctatofasciatus,fishbase,67.82,57.4,-10.41,1042475,48848
Chaetodon_punctatofasciatus_FishBaseUser_1509181158_172.68.102.54.jpg,Chaetodon punctatofasciatus,fishbase,37.23,57.4,20.18,2234381,34914
Chaetodon_punctatofasciatus_FishBaseUser_1577142157_172.68.102.78.jpg,Chaetodon punctatofasciatus,fishbase,56.07,57.4,1.33,243872,101
Chaetodon_punctatofasciatus_FishBaseUser_1603232319_162.158.187.197.jpg,Chaetodon punctatofasciatus,fishbase,48.59,57.4,8.82,750165,1314
Chaetodon_punctatofasciatus_FishBaseUser_1617659926_162.158.75.92.jpg,Chaetodon punctatofasciatus,fishbase,64.11,57.4,-6.71,334882,1692
Chaetodon_punctatofasciatus_FishBaseUser_1704989690_172.70.83.27.jpg,Chaetodon punctatofasciatus,fishbase,53.63,57.4,3.78,172072,202
Chaetodon_punctatofasciatus_FishBaseUser_1706914701_172.70.254.22.jpg,Chaetodon punctatofasciatus,fishbase,70.67,57.4,-13.27,123207,365
Chaetodon_punctatofasciatus_FishBaseUser_1747331061_185.193.156.153.jpg,Chaetodon punctatofasciatus,fishbase,64.56,57.4,-7.16,793793,5215
Chaetodon_punctatofasciatus_FishBaseUser_1747331073_185.193.156.153.jpg,Chaetodon punctatofasciatus,fishbase,60.19,57.4,-2.79,259170,1464
Chaetodon_punctatofasciatus_iNaturalist_164904201.jpg,Chaetodon punctatofasciatus,inaturalist,39.69,57.4,17.71,99217,1535
Chaetodon_punctatofasciatus_iNaturalist_178832147.jpg,Chaetodon punctatofasciatus,inaturalist,62.65,57.4,-5.25,48636,382
Chaetodon_punctatofasciatus_iNaturalist_206693422.jpg,Chaetodon punctatofasciatus,inaturalist,59.53,57.4,-2.13,121858,182
Chaetodon_punctatofasciatus_iNaturalist_255620804.jpg,Chaetodon punctatofasciatus,inaturalist,61.14,57.4,-3.74,381336,4890
Chaetodon_punctatofasciatus_iNaturalist_319541274.jpg,Chaetodon punctatofasciatus,inaturalist,71.7,57.4,-14.3,178532,1180
Chaetodon_punctatofasciatus_iNaturalist_465096696.jpg,Chaetodon punctatofasciatus,inaturalist,29.84,57.4,27.56,46693,23
Chaetodon_punctatofasciatus_iNaturalist_477584508.jpg,Chaetodon punctatofasciatus,inaturalist,52.2,57.4,5.21,133350,1766
Chaetodon_punctatofasciatus_iNaturalist_600955661.jpg,Chaetodon punctatofasciatus,inaturalist,78.69,57.4,-21.29,220797,1183
Chaetodon_punctatofasciatus_iNaturalist_612954622.jpg,Chaetodon punctatofasciatus,inaturalist,56.19,57.4,1.21,99974,11
Chaetodon_punctatofasciatus_FishWise_057807F000009W000005.jpg,Chaetodon punctatofasciatus,unknown,77.76,57.4,-20.35,59540,1091
Chaetodon_punctatofasciatus_FishWise_057807F000009W000006.jpg,Chaetodon punctatofasciatus,unknown,66.39,57.4,-8.99,76434,1551
Chaetodon_punctatofasciatus_FishWise_057807F000009W000011.jpg,Chaetodon punctatofasciatus,unknown,61.39,57.4,-3.98,76594,1450
Chaetodon_punctatofasciatus_FishWise_057807F000009W000012.jpg,Chaetodon punctatofasciatus,unknown,41.3,57.4,16.11,109669,182
Chaetodon_punctatofasciatus_FishWise_057807F000009W000013.jpg,Chaetodon punctatofasciatus,unknown,44.33,57.4,13.08,118250,213
Chaetodon_punctatofasciatus_FishWise_057807F000009W000014.jpg,Chaetodon punctatofasciatus,unknown,42.54,57.4,14.86,105649,217
Chaetodon_punctatofasciatus_FishWise_057807F000112W000007.jpg,Chaetodon punctatofasciatus,unknown,64.36,57.4,-6.95,121248,684
Chaetodon_punctatofasciatus_FishWise_057807F000112W000008.jpg,Chaetodon punctatofasciatus,unknown,58.8,57.4,-1.39,103058,7
Chaetodon_punctatofasciatus_FishWise_057807F000387W000009.jpg,Chaetodon punctatofasciatus,unknown,61.45,57.4,-4.05,70731,1832
Chaetodon_punctatofasciatus_FishWise_057807F000387W000010.jpg,Chaetodon punctatofasciatus,unknown,57.59,57.4,-0.18,130005,498
Chaetodon_punctatofasciatus_FishWise_057807F000492W000015.jpg,Chaetodon punctatofasciatus,unknown,60.96,57.4,-3.56,130169,1974
Chaetodon_quadrimaculatus_FishPix_26595AF.jpg,Chaetodon quadrimaculatus,fishpix,46.82,50.98,4.16,66529,306
Chaetodon_quadrimaculatus_FishBase_Chqua_j0.jpg,Chaetodon quadrimaculatus,fishbase,55.82,50.98,-4.84,133903,22583
Chaetodon_quadrimaculatus_FishBase_Chqua_u1.jpg,Chaetodon quadrimaculatus,fishbase,65.97,50.98,-14.98,39462,480
Chaetodon_quadrimaculatus_FishBase_Chqua_u2.jpg,Chaetodon quadrimaculatus,fishbase,48.13,50.98,2.85,98467,3818
Chaetodon_quadrimaculatus_FishBase_Chqua_u5.jpg,Chaetodon quadrimaculatus,fishbase,66.21,50.98,-15.22,141463,17839
Chaetodon_quadrimaculatus_FishBase_Chqua_u6.jpg,Chaetodon quadrimaculatus,fishbase,59.9,50.98,-8.91,10089,19
Chaetodon_quadrimaculatus_FishBase_Chqua_u8.jpg,Chaetodon quadrimaculatus,fishbase,54.36,50.98,-3.38,125319,1000
Chaetodon_quadrimaculatus_FishBaseUser_1452100666_92.149.71.60.jpg,Chaetodon quadrimaculatus,fishbase,46.24,50.98,4.75,240924,1911
Chaetodon_quadrimaculatus_FishBaseUser_1473590004_108.162.215.216.jpg,Chaetodon quadrimaculatus,fishbase,39.16,50.98,11.83,317765,0
Chaetodon_quadrimaculatus_FishBaseUser_1734299563_162.158.155.193.jpg,Chaetodon quadrimaculatus,fishbase,51.66,50.98,-0.67,600471,3512
Chaetodon_quadrimaculatus_FishBaseUser_1734299590_162.158.155.193.jpg,Chaetodon quadrimaculatus,fishbase,60.43,50.98,-9.44,5202360,48873
Chaetodon_quadrimaculatus_iNaturalist_234795159.jpg,Chaetodon quadrimaculatus,inaturalist,58.17,50.98,-7.19,320853,33613
Chaetodon_quadrimaculatus_iNaturalist_23523422.jpg,Chaetodon quadrimaculatus,inaturalist,54.46,50.98,-3.47,231379,4652
Chaetodon_quadrimaculatus_iNaturalist_265786115.jpg,Chaetodon quadrimaculatus,inaturalist,44.95,50.98,6.04,17095,142
Chaetodon_quadrimaculatus_iNaturalist_297498864.jpg,Chaetodon quadrimaculatus,inaturalist,41.41,50.98,9.58,134517,3714
Chaetodon_quadrimaculatus_iNaturalist_341846702.jpg,Chaetodon quadrimaculatus,inaturalist,66.51,50.98,-15.53,18418,102
Chaetodon_quadrimaculatus_iNaturalist_341846706.jpg,Chaetodon quadrimaculatus,inaturalist,65.94,50.98,-14.96,18285,92
Chaetodon_quadrimaculatus_iNaturalist_375423270.jpg,Chaetodon quadrimaculatus,inaturalist,41.24,50.98,9.75,81115,4342
Chaetodon_quadrimaculatus_iNaturalist_439635542.jpg,Chaetodon quadrimaculatus,inaturalist,49.89,50.98,1.1,28825,403
Chaetodon_quadrimaculatus_iNaturalist_556077020.jpg,Chaetodon quadrimaculatus,inaturalist,27.33,50.98,23.65,25910,20
Chaetodon_quadrimaculatus_FishWise_058491F000009W000005.jpg,Chaetodon quadrimaculatus,unknown,50.44,50.98,0.54,78661,135
Chaetodon_quadrimaculatus_FishWise_058491F000009W000006.jpg,Chaetodon quadrimaculatus,unknown,39.23,50.98,11.75,113129,2677
Chaetodon_quadrimaculatus_FishWise_058491F000112W000003.jpg,Chaetodon quadrimaculatus,unknown,52.94,50.98,-1.96,105447,15582
Chaetodon_quadrimaculatus_FishWise_058491F006601W000007.jpg,Chaetodon quadrimaculatus,unknown,36.43,50.98,14.55,71229,2018
Chaetodon_rafflesii_FishPix_10012AF.jpg,Chaetodon rafflesii,fishpix,67.54,59.66,-7.88,115616,0
Chaetodon_rafflesii_Bishop_-779601278.jpg,Chaetodon rafflesii,bishop,52.76,59.66,6.89,216519,313
Chaetodon_rafflesii_Bishop_497192485.jpg,Chaetodon rafflesii,bishop,46.68,59.66,12.97,261577,88
Chaetodon_rafflesii_FishBase_Chraf_u0.jpg,Chaetodon rafflesii,fishbase,75.52,59.66,-15.86,110808,2687
Chaetodon_rafflesii_FishBase_Chraf_u1.jpg,Chaetodon rafflesii,fishbase,57.55,59.66,2.11,71120,161
Chaetodon_rafflesii_FishBase_Chraf_u2.jpg,Chaetodon rafflesii,fishbase,46.23,59.66,13.43,151859,881
Chaetodon_rafflesii_FishBase_Chraf_u3.jpg,Chaetodon rafflesii,fishbase,53.19,59.66,6.47,122706,461
Chaetodon_rafflesii_FishBase_Chraf_u4.jpg,Chaetodon rafflesii,fishbase,74.28,59.66,-14.63,30549,2027
Chaetodon_rafflesii_FishBaseUser_1354813960_86.28.236.182.jpg,Chaetodon rafflesii,fishbase,74.94,59.66,-15.29,237783,4434
Chaetodon_rafflesii_FishBaseUser_1374873258_83.89.41.145.jpg,Chaetodon rafflesii,fishbase,48.01,59.66,11.64,1340850,6562
Chaetodon_rafflesii_FishBaseUser_1424584920_94.198.16.174.jpg,Chaetodon rafflesii,fishbase,65.9,59.66,-6.24,274111,8987
Chaetodon_rafflesii_FishBaseUser_1509181396_172.68.102.54.jpg,Chaetodon rafflesii,fishbase,68.13,59.66,-8.48,1520237,9375
Chaetodon_rafflesii_FishBaseUser_1527670754_162.158.22.192.jpg,Chaetodon rafflesii,fishbase,47.59,59.66,12.07,84741,648
Chaetodon_rafflesii_FishBaseUser_1577142348_172.68.102.78.jpg,Chaetodon rafflesii,fishbase,54.29,59.66,5.37,503064,0
Chaetodon_rafflesii_FishBaseUser_1655755348_108.162.216.231.jpg,Chaetodon rafflesii,fishbase,71.09,59.66,-11.43,696454,12394
Chaetodon_rafflesii_FishBaseUser_1747233018_95.95.129.49.jpg,Chaetodon rafflesii,fishbase,63.44,59.66,-3.78,397173,15773
Chaetodon_rafflesii_FishBaseUser_1747233083_95.95.129.49.jpg,Chaetodon rafflesii,fishbase,69.51,59.66,-9.85,1034763,57785
Chaetodon_rafflesii_iNaturalist_175108059.jpg,Chaetodon rafflesii,inaturalist,38.71,59.66,20.94,46382,175
Chaetodon_rafflesii_iNaturalist_175108072.jpg,Chaetodon rafflesii,inaturalist,38.58,59.66,21.07,52678,205
Chaetodon_rafflesii_iNaturalist_333096953.jpg,Chaetodon rafflesii,inaturalist,32.14,59.66,27.52,54038,1
Chaetodon_rafflesii_iNaturalist_473127027.jpg,Chaetodon rafflesii,inaturalist,67.91,59.66,-8.25,63116,523
Chaetodon_rafflesii_iNaturalist_473127044.jpg,Chaetodon rafflesii,inaturalist,51.9,59.66,7.76,81459,1537
Chaetodon_rafflesii_iNaturalist_473127064.jpg,Chaetodon rafflesii,inaturalist,60.58,59.66,-0.92,34652,0
Chaetodon_rafflesii_iNaturalist_54700090.jpg,Chaetodon rafflesii,inaturalist,56.96,59.66,2.7,93491,0
Chaetodon_rafflesii_iNaturalist_607548016.jpg,Chaetodon rafflesii,inaturalist,54.55,59.66,5.11,77508,95
Chaetodon_rafflesii_FishWise_058805F000009W000006.jpg,Chaetodon rafflesii,unknown,85.24,59.66,-25.58,75151,5103
Chaetodon_rafflesii_FishWise_058805F000009W000008.jpg,Chaetodon rafflesii,unknown,62.0,59.66,-2.35,104421,0
Chaetodon_rafflesii_FishWise_058805F000009W000009.jpg,Chaetodon rafflesii,unknown,47.88,59.66,11.78,114023,207
Chaetodon_rafflesii_FishWise_058805F000009W000010.jpg,Chaetodon rafflesii,unknown,66.08,59.66,-6.42,97305,4172
Chaetodon_rafflesii_FishWise_058805F000009W000011.jpg,Chaetodon rafflesii,unknown,69.63,59.66,-9.97,98666,1952
Chaetodon_rafflesii_FishWise_058805F000112W000007.jpg,Chaetodon rafflesii,unknown,59.99,59.66,-0.33,132230,79
Chaetodon_rafflesii_FishWise_058805F000493W000012.jpg,Chaetodon rafflesii,unknown,80.22,59.66,-20.57,131349,4354
Chaetodon_rainfordi_FishPix_78816AF.jpg,Chaetodon rainfordi,fishpix,57.63,59.92,2.28,113904,8
Chaetodon_rainfordi_Bishop_-805104421.jpg,Chaetodon rainfordi,bishop,62.51,59.92,-2.59,207016,1374
Chaetodon_rainfordi_FishBase_Chrai_u0.jpg,Chaetodon rainfordi,fishbase,62.99,59.92,-3.07,116480,2825
Chaetodon_rainfordi_FishBase_Chrai_u1.jpg,Chaetodon rainfordi,fishbase,76.83,59.92,-16.91,72449,2608
Chaetodon_rainfordi_FishBase_Chrai_u3.jpg,Chaetodon rainfordi,fishbase,67.96,59.92,-8.04,140052,1227
Chaetodon_rainfordi_FishBase_Chrai_u4.jpg,Chaetodon rainfordi,fishbase,51.21,59.92,8.71,163469,4732
Chaetodon_rainfordi_FishBase_Chrai_u5.jpg,Chaetodon rainfordi,fishbase,63.91,59.92,-3.99,117234,1922
Chaetodon_rainfordi_FishBaseUser_1384926559_130.102.158.16.jpg,Chaetodon rainfordi,fishbase,78.5,59.92,-18.58,491436,789
Chaetodon_rainfordi_FishBaseUser_1703950715_108.162.210.111.jpg,Chaetodon rainfordi,fishbase,62.84,59.92,-2.93,83697,565
Chaetodon_rainfordi_iNaturalist_42481120.jpg,Chaetodon rainfordi,inaturalist,55.06,59.92,4.86,195771,0
Chaetodon_rainfordi_iNaturalist_42541456.jpg,Chaetodon rainfordi,inaturalist,54.36,59.92,5.56,175756,7
Chaetodon_rainfordi_iNaturalist_449237800.jpg,Chaetodon rainfordi,inaturalist,65.89,59.92,-5.97,9908,0
Chaetodon_rainfordi_iNaturalist_476225553.jpg,Chaetodon rainfordi,inaturalist,74.36,59.92,-14.45,395995,2001
Chaetodon_rainfordi_iNaturalist_511704851.jpg,Chaetodon rainfordi,inaturalist,64.05,59.92,-4.14,153754,194
Chaetodon_rainfordi_iNaturalist_595411844.jpg,Chaetodon rainfordi,inaturalist,28.42,59.92,31.5,33335,203
Chaetodon_rainfordi_iNaturalist_595670621.jpg,Chaetodon rainfordi,inaturalist,57.41,59.92,2.51,157444,3
Chaetodon_rainfordi_iNaturalist_597922997.jpg,Chaetodon rainfordi,inaturalist,40.36,59.92,19.56,111981,4
Chaetodon_rainfordi_FishWise_058830F000112W000003.jpg,Chaetodon rainfordi,unknown,54.21,59.92,5.71,89306,3
Chaetodon_reticulatus_FishPix_107134AF.jpg,Chaetodon reticulatus,fishpix,37.88,43.79,5.91,168869,614
Chaetodon_reticulatus_Bishop_-2063111040.jpg,Chaetodon reticulatus,bishop,43.06,43.79,0.73,252409,801
Chaetodon_reticulatus_FishBase_Chret_u1.jpg,Chaetodon reticulatus,fishbase,65.12,43.79,-21.33,102263,17557
Chaetodon_reticulatus_FishBase_Chret_u4.jpg,Chaetodon reticulatus,fishbase,44.13,43.79,-0.34,142020,12302
Chaetodon_reticulatus_FishBase_Chret_ub.jpg,Chaetodon reticulatus,fishbase,42.53,43.79,1.26,122679,1096
Chaetodon_reticulatus_FishBase_Chret_ue.jpg,Chaetodon reticulatus,fishbase,35.44,43.79,8.35,157427,40
Chaetodon_reticulatus_FishBaseUser_1545732893_172.68.211.186.jpg,Chaetodon reticulatus,fishbase,44.51,43.79,-0.72,1357850,12316
Chaetodon_reticulatus_iNaturalist_156611194.jpg,Chaetodon reticulatus,inaturalist,44.83,43.79,-1.04,150183,663
Chaetodon_reticulatus_iNaturalist_261570999.jpg,Chaetodon reticulatus,inaturalist,36.35,43.79,7.45,279563,1705
Chaetodon_reticulatus_iNaturalist_30026960.jpg,Chaetodon reticulatus,inaturalist,45.85,43.79,-2.06,269433,1087
Chaetodon_reticulatus_iNaturalist_487632982.jpg,Chaetodon reticulatus,inaturalist,41.94,43.79,1.85,14387,0
Chaetodon_reticulatus_iNaturalist_573920266.jpg,Chaetodon reticulatus,inaturalist,36.73,43.79,7.07,155937,1
Chaetodon_reticulatus_iNaturalist_591169754.jpg,Chaetodon reticulatus,inaturalist,49.46,43.79,-5.67,184794,7229
Chaetodon_reticulatus_iNaturalist_7064003.jpg,Chaetodon reticulatus,inaturalist,44.46,43.79,-0.66,79547,172
Chaetodon_reticulatus_FishWise_059555F000009W000007.jpg,Chaetodon reticulatus,unknown,46.62,43.79,-2.82,112207,579
Chaetodon_reticulatus_FishWise_059555F000112W000003.jpg,Chaetodon reticulatus,unknown,38.25,43.79,5.54,93103,338
Chaetodon_reticulatus_FishWise_059555F000112W000004.jpg,Chaetodon reticulatus,unknown,51.64,43.79,-7.85,129611,3671
Chaetodon_reticulatus_FishWise_059555F000112W000005.jpg,Chaetodon reticulatus,unknown,47.85,43.79,-4.05,104694,4507
Chaetodon_reticulatus_FishWise_059555F000112W000006.jpg,Chaetodon reticulatus,unknown,35.42,43.79,8.37,109352,15
Chaetodon_robustus_FishBase_Chrob_u6.jpg,Chaetodon robustus,fishbase,71.74,54.69,-17.05,47760,1326
Chaetodon_robustus_FishBase_Chrob_u5.jpg,Chaetodon robustus,fishbase,56.4,54.69,-1.71,36087,709
Chaetodon_robustus_FishBase_Chrob_u8.jpg,Chaetodon robustus,fishbase,59.42,54.69,-4.73,55249,538
Chaetodon_robustus_FishBaseUser_1747233394_95.95.129.49.jpg,Chaetodon robustus,fishbase,41.66,54.69,13.03,2315825,28101
Chaetodon_robustus_FishBaseUser_1747233436_95.95.129.49.jpg,Chaetodon robustus,fishbase,47.59,54.69,7.1,1619992,103
Chaetodon_robustus_iNaturalist_257423579.jpg,Chaetodon robustus,inaturalist,49.33,54.69,5.36,185330,4
Chaetodon_robustus_iNaturalist_278213241.jpg,Chaetodon robustus,inaturalist,47.84,54.69,6.85,32695,12
Chaetodon_robustus_iNaturalist_399369257.jpg,Chaetodon robustus,inaturalist,54.37,54.69,0.32,275320,1
Chaetodon_robustus_iNaturalist_437534287.jpg,Chaetodon robustus,inaturalist,61.04,54.69,-6.35,64193,0
Chaetodon_robustus_iNaturalist_437534347.jpg,Chaetodon robustus,inaturalist,56.57,54.69,-1.89,297597,60
Chaetodon_robustus_iNaturalist_576757436.jpg,Chaetodon robustus,inaturalist,70.65,54.69,-15.96,37752,202
Chaetodon_robustus_iNaturalist_61768271.jpg,Chaetodon robustus,inaturalist,46.94,54.69,7.75,405717,179
Chaetodon_robustus_iNaturalist_61768284.jpg,Chaetodon robustus,inaturalist,47.4,54.69,7.29,16569,15
Chaetodon_sanctaehelenae_FishBase_Chsan_u0.jpg,Chaetodon sanctaehelenae,fishbase,73.7,58.94,-14.75,102125,7328
Chaetodon_sanctaehelenae_FishBase_Chsan_u1.jpg,Chaetodon sanctaehelenae,fishbase,61.08,58.94,-2.14,44662,864
Chaetodon_sanctaehelenae_FishBase_Chsan_u2.jpg,Chaetodon sanctaehelenae,fishbase,70.74,58.94,-11.79,79260,303
Chaetodon_sanctaehelenae_FishBase_Chsan_u6.jpg,Chaetodon sanctaehelenae,fishbase,48.68,58.94,10.26,44578,82
Chaetodon_sanctaehelenae_iNaturalist_29339037.jpg,Chaetodon sanctaehelenae,inaturalist,45.11,58.94,13.83,147426,6
Chaetodon_sanctaehelenae_iNaturalist_418980733.jpg,Chaetodon sanctaehelenae,inaturalist,69.06,58.94,-10.12,19840,273
Chaetodon_sanctaehelenae_iNaturalist_418983044.jpg,Chaetodon sanctaehelenae,inaturalist,66.89,58.94,-7.94,65759,1413
Chaetodon_sanctaehelenae_iNaturalist_484513376.jpg,Chaetodon sanctaehelenae,inaturalist,29.56,58.94,29.38,63501,189
Chaetodon_sanctaehelenae_iNaturalist_578388945.jpg,Chaetodon sanctaehelenae,inaturalist,59.63,58.94,-0.69,10510,0
Chaetodon_sanctaehelenae_iNaturalist_578388957.jpg,Chaetodon sanctaehelenae,inaturalist,62.59,58.94,-3.64,11973,0
Chaetodon_sanctaehelenae_iNaturalist_578388963.jpg,Chaetodon sanctaehelenae,inaturalist,61.34,58.94,-2.4,13320,0
Chaetodon_sedentarius_FishBase_Chsed_u1.jpg,Chaetodon sedentarius,fishbase,72.37,63.44,-8.92,79159,1567
Chaetodon_sedentarius_FishBase_Chsed_u2.jpg,Chaetodon sedentarius,fishbase,57.29,63.44,6.15,128155,4371
Chaetodon_sedentarius_FishBase_Chsed_u5.jpg,Chaetodon sedentarius,fishbase,68.34,63.44,-4.9,92302,2837
Chaetodon_sedentarius_FishBaseUser_1616347326_108.162.210.178.jpg,Chaetodon sedentarius,fishbase,65.15,63.44,-1.7,1154777,0
Chaetodon_sedentarius_FishBaseUser_1616347501_108.162.210.120.jpg,Chaetodon sedentarius,fishbase,58.6,63.44,4.84,1160546,3439
Chaetodon_sedentarius_FishBaseUser_1658266436_172.70.131.44.jpg,Chaetodon sedentarius,fishbase,67.19,63.44,-3.75,183075,1121
Chaetodon_sedentarius_FishBaseUser_1658266632_172.70.126.199.jpg,Chaetodon sedentarius,fishbase,54.36,63.44,9.08,612802,8763
Chaetodon_sedentarius_FishBaseUser_1705356921_172.70.55.155.jpg,Chaetodon sedentarius,fishbase,78.39,63.44,-14.95,81456,337
Chaetodon_sedentarius_FishBaseUser_1715887571_172.69.132.223.jpg,Chaetodon sedentarius,fishbase,65.33,63.44,-1.89,170199,1053
Chaetodon_sedentarius_FishBaseUser_1715887614_172.69.132.222.jpg,Chaetodon sedentarius,fishbase,51.58,63.44,11.86,169493,592
Chaetodon_sedentarius_iNaturalist_149996653.jpg,Chaetodon sedentarius,inaturalist,57.33,63.44,6.11,80588,145
Chaetodon_sedentarius_iNaturalist_261909821.jpg,Chaetodon sedentarius,inaturalist,71.27,63.44,-7.83,113745,298
Chaetodon_sedentarius_iNaturalist_264761.jpg,Chaetodon sedentarius,inaturalist,41.73,63.44,21.71,92951,0
Chaetodon_sedentarius_iNaturalist_291518510.jpg,Chaetodon sedentarius,inaturalist,50.21,63.44,13.23,236821,85
Chaetodon_sedentarius_iNaturalist_32020377.jpg,Chaetodon sedentarius,inaturalist,71.48,63.44,-8.03,23811,83
Chaetodon_sedentarius_iNaturalist_32020388.jpg,Chaetodon sedentarius,inaturalist,68.37,63.44,-4.93,27576,0
Chaetodon_sedentarius_iNaturalist_32020394.jpg,Chaetodon sedentarius,inaturalist,51.4,63.44,12.05,23902,674
Chaetodon_sedentarius_iNaturalist_401441222.jpg,Chaetodon sedentarius,inaturalist,79.61,63.44,-16.17,137828,215
Chaetodon_sedentarius_iNaturalist_4692917.jpg,Chaetodon sedentarius,inaturalist,56.4,63.44,7.04,311455,7658
Chaetodon_sedentarius_FishWise_063392F000036W000001.jpg,Chaetodon sedentarius,unknown,67.67,63.44,-4.23,138014,6768
Chaetodon_sedentarius_FishWise_063392F000057W000005.gif,Chaetodon sedentarius,unknown,88.88,63.44,-25.43,122370,7738
Chaetodon_sedentarius_FishWise_063392F000164W000003.jpg,Chaetodon sedentarius,unknown,52.8,63.44,10.65,96502,811
Chaetodon_selene_FishPix_26453AF.jpg,Chaetodon selene,fishpix,60.37,58.67,-1.7,127616,0
Chaetodon_selene_Bishop_-1379331455.jpg,Chaetodon selene,bishop,55.93,58.67,2.74,243971,4029
Chaetodon_selene_FishBase_Chsel_j0.jpg,Chaetodon selene,fishbase,62.02,58.67,-3.35,119055,6885
Chaetodon_selene_FishBase_Chsel_u0.jpg,Chaetodon selene,fishbase,56.0,58.67,2.67,138689,4112
Chaetodon_selene_FishBase_Chsel_u1.jpg,Chaetodon selene,fishbase,64.82,58.67,-6.15,104328,2476
Chaetodon_selene_FishBase_Chsel_u2.jpg,Chaetodon selene,fishbase,63.12,58.67,-4.45,82918,5424
Chaetodon_selene_FishBaseUser_1368171404_114.155.226.67.jpg,Chaetodon selene,fishbase,58.82,58.67,-0.15,259449,472
Chaetodon_selene_FishBaseUser_1515663930_141.101.98.252.jpg,Chaetodon selene,fishbase,65.07,58.67,-6.4,2347551,133368
Chaetodon_selene_FishBaseUser_1672900962_172.71.218.124.jpg,Chaetodon selene,fishbase,67.89,58.67,-9.22,3974,57
Chaetodon_selene_FishBaseUser_1672900969_172.71.218.124.jpg,Chaetodon selene,fishbase,72.37,58.67,-13.7,7001,89
Chaetodon_selene_FishBaseUser_1753599373_219.73.75.40.jpg,Chaetodon selene,fishbase,49.58,58.67,9.08,421933,4454
Chaetodon_selene_iNaturalist_148476948.jpg,Chaetodon selene,inaturalist,56.37,58.67,2.3,267259,0
Chaetodon_selene_iNaturalist_194985212.jpg,Chaetodon selene,inaturalist,32.71,58.67,25.96,29648,0
Chaetodon_selene_iNaturalist_2465500.jpg,Chaetodon selene,inaturalist,49.43,58.67,9.23,181601,5
Chaetodon_selene_iNaturalist_459791600.jpg,Chaetodon selene,inaturalist,62.03,58.67,-3.36,204010,282
Chaetodon_selene_iNaturalist_461134965.jpg,Chaetodon selene,inaturalist,58.26,58.67,0.41,54011,0
Chaetodon_selene_iNaturalist_517036584.jpg,Chaetodon selene,inaturalist,38.76,58.67,19.91,137292,0
Chaetodon_selene_iNaturalist_577593291.jpg,Chaetodon selene,inaturalist,55.84,58.67,2.82,38435,1
Chaetodon_selene_iNaturalist_600955401.jpg,Chaetodon selene,inaturalist,68.88,58.67,-10.22,184267,478
Chaetodon_selene_iNaturalist_600955409.jpg,Chaetodon selene,inaturalist,72.17,58.67,-13.5,175531,4295
Chaetodon_selene_iNaturalist_84499473.jpg,Chaetodon selene,inaturalist,61.58,58.67,-2.91,229130,828
Chaetodon_semeion_FishPix_38321AF.jpg,Chaetodon semeion,fishpix,72.63,58.62,-14.01,83867,754
Chaetodon_semeion_Bishop_-1205919593.jpg,Chaetodon semeion,bishop,56.8,58.62,1.82,222268,0
Chaetodon_semeion_Bishop_238560942.jpg,Chaetodon semeion,bishop,50.46,58.62,8.16,228344,1
Chaetodon_semeion_FishBase_Chsem_j0.jpg,Chaetodon semeion,fishbase,69.94,58.62,-11.32,12241,553
Chaetodon_semeion_FishBase_Chsem_j1.jpg,Chaetodon semeion,fishbase,75.12,58.62,-16.5,126436,8216
Chaetodon_semeion_FishBase_Chsem_u0.jpg,Chaetodon semeion,fishbase,50.85,58.62,7.77,152147,61
Chaetodon_semeion_FishBase_Chsem_u1.jpg,Chaetodon semeion,fishbase,56.8,58.62,1.82,119942,12
Chaetodon_semeion_FishBase_Chsem_u3.jpg,Chaetodon semeion,fishbase,57.54,58.62,1.08,150370,29
Chaetodon_semeion_FishBase_Chsem_u8.jpg,Chaetodon semeion,fishbase,74.71,58.62,-16.09,153508,10670
Chaetodon_semeion_FishBaseUser_1430209867_86.10.40.87.jpg,Chaetodon semeion,fishbase,68.15,58.62,-9.53,918863,31711
Chaetodon_semeion_FishBaseUser_1430209932_86.10.40.87.jpg,Chaetodon semeion,fishbase,75.73,58.62,-17.11,473291,7264
Chaetodon_semeion_FishBaseUser_1509181680_172.68.102.54.jpg,Chaetodon semeion,fishbase,58.67,58.62,-0.05,642245,0
Chaetodon_semeion_FishBaseUser_1626941528_172.68.189.111.jpg,Chaetodon semeion,fishbase,66.98,58.62,-8.36,760740,0
Chaetodon_semeion_iNaturalist_187549895.jpg,Chaetodon semeion,inaturalist,55.04,58.62,3.58,143146,0
Chaetodon_semeion_iNaturalist_483843324.jpg,Chaetodon semeion,inaturalist,48.41,58.62,10.21,3540,0
Chaetodon_semeion_iNaturalist_483843340.jpg,Chaetodon semeion,inaturalist,48.79,58.62,9.83,3507,0
Chaetodon_semeion_iNaturalist_483843356.jpg,Chaetodon semeion,inaturalist,50.87,58.62,7.75,2570,0
Chaetodon_semeion_iNaturalist_592159669.jpg,Chaetodon semeion,inaturalist,65.96,58.62,-7.34,67600,263
Chaetodon_semeion_iNaturalist_599835880.jpg,Chaetodon semeion,inaturalist,38.53,58.62,20.09,46461,0
Chaetodon_semeion_iNaturalist_599835888.jpg,Chaetodon semeion,inaturalist,35.96,58.62,22.66,22277,0
Chaetodon_semeion_iNaturalist_80165040.jpg,Chaetodon semeion,inaturalist,77.7,58.62,-19.08,173902,10199
Chaetodon_semeion_iNaturalist_85606809.jpg,Chaetodon semeion,inaturalist,40.38,58.62,18.24,148769,286
Chaetodon_semeion_FishWise_063473F000009W000005.jpg,Chaetodon semeion,unknown,53.73,58.62,4.89,77290,8
Chaetodon_semeion_FishWise_063473F000387W000004.jpg,Chaetodon semeion,unknown,57.11,58.62,1.51,113420,0
Chaetodon_semilarvatus_FishPix_32790AF.jpg,Chaetodon semilarvatus,fishpix,82.42,67.13,-15.28,156165,121
Chaetodon_semilarvatus_Bishop_-947886964.jpg,Chaetodon semilarvatus,bishop,61.57,67.13,5.57,257781,3
Chaetodon_semilarvatus_FishBase_Chsem_u2.jpg,Chaetodon semilarvatus,fishbase,62.4,67.13,4.73,144426,211
Chaetodon_semilarvatus_FishBase_Chsem_u4.jpg,Chaetodon semilarvatus,fishbase,73.14,67.13,-6.01,147607,709
Chaetodon_semilarvatus_FishBase_Chsem_u6.jpg,Chaetodon semilarvatus,fishbase,56.44,67.13,10.7,103869,9219
Chaetodon_semilarvatus_FishBase_Chsem_u7.jpg,Chaetodon semilarvatus,fishbase,79.48,67.13,-12.35,122098,2412
Chaetodon_semilarvatus_FishBase_Chsem_ua.jpg,Chaetodon semilarvatus,fishbase,68.49,67.13,-1.36,63445,438
Chaetodon_semilarvatus_FishBase_Chsem_uc.jpg,Chaetodon semilarvatus,fishbase,67.33,67.13,-0.19,131793,877
Chaetodon_semilarvatus_FishBaseUser_1482253124_188.114.102.48.jpg,Chaetodon semilarvatus,fishbase,57.45,67.13,9.68,43508,62
Chaetodon_semilarvatus_FishBaseUser_1482311557_188.114.102.48.jpg,Chaetodon semilarvatus,fishbase,65.01,67.13,2.13,96667,43
Chaetodon_semilarvatus_FishBaseUser_1509181885_172.68.102.54.jpg,Chaetodon semilarvatus,fishbase,66.25,67.13,0.88,1128229,20
Chaetodon_semilarvatus_FishBaseUser_1580212474_162.158.94.76.jpg,Chaetodon semilarvatus,fishbase,62.57,67.13,4.57,142408,61
Chaetodon_semilarvatus_FishBaseUser_1585650420_141.101.69.47.jpg,Chaetodon semilarvatus,fishbase,68.17,67.13,-1.03,1782078,16265
Chaetodon_semilarvatus_FishBaseUser_1585650926_108.162.229.206.jpg,Chaetodon semilarvatus,fishbase,54.68,67.13,12.45,42779,1362
Chaetodon_semilarvatus_FishBaseUser_1588281838_141.101.98.34.jpg,Chaetodon semilarvatus,fishbase,70.92,67.13,-3.79,225772,741
Chaetodon_semilarvatus_FishBaseUser_1671035515_172.71.26.208.jpg,Chaetodon semilarvatus,fishbase,64.28,67.13,2.85,896747,25
Chaetodon_semilarvatus_FishBaseUser_1671035583_172.71.26.209.jpg,Chaetodon semilarvatus,fishbase,70.65,67.13,-3.51,756284,5978
Chaetodon_semilarvatus_iNaturalist_120141447.jpg,Chaetodon semilarvatus,inaturalist,47.28,67.13,19.85,189548,4
Chaetodon_semilarvatus_iNaturalist_120141561.jpg,Chaetodon semilarvatus,inaturalist,48.27,67.13,18.87,86521,29
Chaetodon_semilarvatus_iNaturalist_213281979.jpg,Chaetodon semilarvatus,inaturalist,69.93,67.13,-2.79,223733,2162
Chaetodon_semilarvatus_iNaturalist_234638753.jpg,Chaetodon semilarvatus,inaturalist,72.39,67.13,-5.25,315784,4101
Chaetodon_semilarvatus_iNaturalist_2675097.jpg,Chaetodon semilarvatus,inaturalist,59.41,67.13,7.73,287934,0
Chaetodon_semilarvatus_iNaturalist_480736217.jpg,Chaetodon semilarvatus,inaturalist,49.29,67.13,17.85,66013,0
Chaetodon_semilarvatus_iNaturalist_542083393.jpg,Chaetodon semilarvatus,inaturalist,40.27,67.13,26.86,64452,377
Chaetodon_semilarvatus_iNaturalist_581020123.jpg,Chaetodon semilarvatus,inaturalist,77.94,67.13,-10.81,155828,1557
Chaetodon_semilarvatus_iNaturalist_589657471.jpg,Chaetodon semilarvatus,inaturalist,50.38,67.13,16.75,78144,2462
Chaetodon_semilarvatus_iNaturalist_598091917.jpg,Chaetodon semilarvatus,inaturalist,58.92,67.13,8.22,92764,0
Chaetodon_semilarvatus_FishWise_063576F000009W000004.jpg,Chaetodon semilarvatus,unknown,77.65,67.13,-10.51,94144,1082
Chaetodon_semilarvatus_FishWise_063576F000009W000005.jpg,Chaetodon semilarvatus,unknown,72.1,67.13,-4.97,73817,1501
Chaetodon_semilarvatus_FishWise_063576F000009W000006.jpg,Chaetodon semilarvatus,unknown,77.33,67.13,-10.2,89466,2195
Chaetodon_semilarvatus_FishWise_063576F000009W000007.jpg,Chaetodon semilarvatus,unknown,68.12,67.13,-0.99,69806,951
Chaetodon_semilarvatus_FishWise_063576F000009W000008.jpg,Chaetodon semilarvatus,unknown,75.59,67.13,-8.46,94442,768
Chaetodon_semilarvatus_FishWise_063576F000009W000016.jpg,Chaetodon semilarvatus,unknown,70.49,67.13,-3.35,68583,1161
Chaetodon_semilarvatus_FishWise_063576F000009W000017.jpg,Chaetodon semilarvatus,unknown,80.4,67.13,-13.26,109473,1221
Chaetodon_semilarvatus_FishWise_063576F000009W000018.jpg,Chaetodon semilarvatus,unknown,77.05,67.13,-9.92,69865,740
Chaetodon_semilarvatus_FishWise_063576F000009W000019.jpg,Chaetodon semilarvatus,unknown,79.21,67.13,-12.08,64498,162
Chaetodon_semilarvatus_FishWise_063576F000009W000020.jpg,Chaetodon semilarvatus,unknown,85.81,67.13,-18.68,66484,534
Chaetodon_semilarvatus_FishWise_063576F000009W000021.jpg,Chaetodon semilarvatus,unknown,79.81,67.13,-12.68,48521,521
Chaetodon_semilarvatus_FishWise_063576F000009W000036.jpg,Chaetodon semilarvatus,unknown,60.69,67.13,6.44,84774,4
Chaetodon_semilarvatus_FishWise_063576F000009W000040.jpg,Chaetodon semilarvatus,unknown,62.41,67.13,4.72,81125,1
Chaetodon_semilarvatus_FishWise_063576F000009W000042.jpg,Chaetodon semilarvatus,unknown,64.27,67.13,2.86,42194,5
Chaetodon_semilarvatus_FishWise_063576F000163W000009.jpg,Chaetodon semilarvatus,unknown,74.62,67.13,-7.49,22496,22
Chaetodon_semilarvatus_FishWise_063576F000167W000022.jpg,Chaetodon semilarvatus,unknown,75.16,67.13,-8.03,75251,323
Chaetodon_semilarvatus_FishWise_063576F000175W000010.jpg,Chaetodon semilarvatus,unknown,56.36,67.13,10.77,73936,6633
Chaetodon_semilarvatus_FishWise_063576F000387W000044.jpg,Chaetodon semilarvatus,unknown,73.7,67.13,-6.57,136259,199
Chaetodon_semilarvatus_FishWise_063576F000387W000045.jpg,Chaetodon semilarvatus,unknown,74.35,67.13,-7.21,129728,718
Chaetodon_semilarvatus_FishWise_063576F000451W000046.jpg,Chaetodon semilarvatus,unknown,65.25,67.13,1.88,113468,0
Chaetodon_semilarvatus_FishWise_063576F006605W000047.jpg,Chaetodon semilarvatus,unknown,66.71,67.13,0.43,201535,38
Chaetodon_smithi_FishBase_Chsmi_u1.jpg,Chaetodon smithi,fishbase,48.78,48.41,-0.37,150203,1962
Chaetodon_smithi_Bishop_-1166721005.jpg,Chaetodon smithi,bishop,48.64,48.41,-0.23,248450,820
Chaetodon_smithi_Bishop_-608924262.jpg,Chaetodon smithi,bishop,48.51,48.41,-0.1,252305,835
Chaetodon_smithi_Bishop_-756583267.jpg,Chaetodon smithi,bishop,38.24,48.41,10.16,254048,2013
Chaetodon_smithi_FishBase_Chsmi_u0.jpg,Chaetodon smithi,fishbase,38.48,48.41,9.92,144640,1559
Chaetodon_smithi_FishBase_Chsmi_u2.jpg,Chaetodon smithi,fishbase,68.44,48.41,-20.03,43369,11635
Chaetodon_smithi_FishBase_Chsmi_u3.jpg,Chaetodon smithi,fishbase,48.86,48.41,-0.46,153096,908
Chaetodon_smithi_FishBase_Chsmi_u5.jpg,Chaetodon smithi,fishbase,44.0,48.41,4.41,107371,9226
Chaetodon_smithi_iNaturalist_459167446.jpg,Chaetodon smithi,inaturalist,51.71,48.41,-3.3,250790,74
Chaetodon_speculum_FishPix_12080AF.jpg,Chaetodon speculum,fishpix,43.01,58.88,15.87,59028,0
Chaetodon_speculum_Bishop_65885528.jpg,Chaetodon speculum,bishop,64.7,58.88,-5.82,224409,13548
Chaetodon_speculum_FishBase_Chspe_j1.jpg,Chaetodon speculum,fishbase,41.05,58.88,17.84,73952,2827
Chaetodon_speculum_FishBase_Chspe_u0.jpg,Chaetodon speculum,fishbase,64.78,58.88,-5.89,127400,7918
Chaetodon_speculum_FishBase_Chspe_u1.jpg,Chaetodon speculum,fishbase,35.41,58.88,23.47,98037,5101
Chaetodon_speculum_FishBase_Chspe_u2.jpg,Chaetodon speculum,fishbase,73.88,58.88,-15.0,94633,313
Chaetodon_speculum_FishBase_Chspe_u3.jpg,Chaetodon speculum,fishbase,70.37,58.88,-11.48,62036,3089
Chaetodon_speculum_FishBase_Chspe_u4.jpg,Chaetodon speculum,fishbase,47.61,58.88,11.28,115066,4689
Chaetodon_speculum_FishBase_Chspe_u5.jpg,Chaetodon speculum,fishbase,61.33,58.88,-2.44,127811,1364
Chaetodon_speculum_FishBase_Chspe_u6.jpg,Chaetodon speculum,fishbase,70.2,58.88,-11.31,63920,7995
Chaetodon_speculum_FishBase_Chspe_ua.jpg,Chaetodon speculum,fishbase,57.33,58.88,1.55,122132,16
Chaetodon_speculum_FishBase_Chspe_ub.jpg,Chaetodon speculum,fishbase,46.56,58.88,12.32,139678,4083
Chaetodon_speculum_FishBase_Chspe_uc.jpg,Chaetodon speculum,fishbase,67.28,58.88,-8.4,129527,8067
Chaetodon_speculum_FishBaseUser_1454328881_94.198.18.55.jpg,Chaetodon speculum,fishbase,64.71,58.88,-5.82,151570,1814
Chaetodon_speculum_FishBaseUser_1469522295_162.158.167.12.jpg,Chaetodon speculum,fishbase,39.33,58.88,19.56,288278,526
Chaetodon_speculum_FishBaseUser_1577142552_172.68.102.78.jpg,Chaetodon speculum,fishbase,58.17,58.88,0.72,1473422,0
Chaetodon_speculum_FishBaseUser_1672901012_172.71.218.124.jpg,Chaetodon speculum,fishbase,39.38,58.88,19.5,479925,97
Chaetodon_speculum_FishBaseUser_1672901052_172.70.210.247.jpg,Chaetodon speculum,fishbase,66.82,58.88,-7.94,39022,63
Chaetodon_speculum_FishBaseUser_1672901079_172.70.210.247.jpg,Chaetodon speculum,fishbase,54.63,58.88,4.26,360464,0
Chaetodon_speculum_FishBaseUser_1672901131_172.70.214.230.jpg,Chaetodon speculum,fishbase,56.39,58.88,2.5,26598,4
Chaetodon_speculum_FishBaseUser_1672901156_172.70.214.231.jpg,Chaetodon speculum,fishbase,44.53,58.88,14.36,310881,78
Chaetodon_speculum_FishBaseUser_1747234520_95.95.129.49.jpg,Chaetodon speculum,fishbase,58.58,58.88,0.3,1949560,66
Chaetodon_speculum_FishBaseUser_1747234603_95.95.129.49.jpg,Chaetodon speculum,fishbase,71.13,58.88,-12.25,784708,69037
Chaetodon_speculum_iNaturalist_175106878.jpg,Chaetodon speculum,inaturalist,36.4,58.88,22.48,335324,4522
Chaetodon_speculum_iNaturalist_195541810.jpg,Chaetodon speculum,inaturalist,51.47,58.88,7.41,249589,9
Chaetodon_speculum_iNaturalist_209502838.jpg,Chaetodon speculum,inaturalist,71.38,58.88,-12.49,230423,3454
Chaetodon_speculum_iNaturalist_22549454.jpg,Chaetodon speculum,inaturalist,43.75,58.88,15.13,48667,90
Chaetodon_speculum_iNaturalist_33179568.jpg,Chaetodon speculum,inaturalist,74.74,58.88,-15.86,121720,6070
Chaetodon_speculum_iNaturalist_351451545.jpg,Chaetodon speculum,inaturalist,61.95,58.88,-3.07,30337,197
Chaetodon_speculum_iNaturalist_468432570.jpg,Chaetodon speculum,inaturalist,44.37,58.88,14.52,166788,6528
Chaetodon_speculum_iNaturalist_5435374.jpg,Chaetodon speculum,inaturalist,66.13,58.88,-7.25,215918,730
Chaetodon_speculum_iNaturalist_62392281.jpg,Chaetodon speculum,inaturalist,73.05,58.88,-14.16,128689,8342
Chaetodon_speculum_FishWise_065598F000009W000007.jpg,Chaetodon speculum,unknown,68.85,58.88,-9.97,122597,761
Chaetodon_speculum_FishWise_065598F000009W000008.jpg,Chaetodon speculum,unknown,72.38,58.88,-13.5,161916,13601
Chaetodon_speculum_FishWise_065598F000009W000009.jpg,Chaetodon speculum,unknown,82.07,58.88,-23.19,108891,536
Chaetodon_speculum_FishWise_065598F000009W000010.jpg,Chaetodon speculum,unknown,64.66,58.88,-5.77,104583,249
Chaetodon_speculum_FishWise_065598F000492W000011.jpg,Chaetodon speculum,unknown,70.33,58.88,-11.45,124785,1696
Chaetodon_striatus_FishBase_Chstr_u0.jpg,Chaetodon striatus,fishbase,55.95,47.67,-8.28,85665,1316
Chaetodon_striatus_FishBase_Chstr_ua.jpg,Chaetodon striatus,fishbase,44.18,47.67,3.48,97694,3535
Chaetodon_striatus_FishBase_Chstr_ub.jpg,Chaetodon striatus,fishbase,51.95,47.67,-4.28,47939,988
Chaetodon_striatus_FishBase_Chstr_ui.jpg,Chaetodon striatus,fishbase,60.02,47.67,-12.35,131039,22552
Chaetodon_striatus_FishBaseUser_1423148244_86.205.57.96.jpg,Chaetodon striatus,fishbase,44.73,47.67,2.94,53801,24
Chaetodon_striatus_FishBaseUser_1423483398_86.205.50.183.jpg,Chaetodon striatus,fishbase,40.49,47.67,7.17,279150,64
Chaetodon_striatus_FishBaseUser_1522896022_172.68.25.30.jpg,Chaetodon striatus,fishbase,56.39,47.67,-8.72,23089,96
Chaetodon_striatus_FishBaseUser_1528383068_162.158.22.66.jpg,Chaetodon striatus,fishbase,43.95,47.67,3.72,174177,0
Chaetodon_striatus_FishBaseUser_1585652207_108.162.229.108.jpg,Chaetodon striatus,fishbase,47.43,47.67,0.24,597935,1668
Chaetodon_striatus_FishBaseUser_1617565353_162.158.75.220.jpg,Chaetodon striatus,fishbase,49.83,47.67,-2.17,1313714,18878
Chaetodon_striatus_FishBaseUser_1634334311_162.158.187.211.jpg,Chaetodon striatus,fishbase,49.77,47.67,-2.1,473144,9531
Chaetodon_striatus_FishBaseUser_1704493807_108.162.212.15.jpg,Chaetodon striatus,fishbase,46.37,47.67,1.3,214361,72
Chaetodon_striatus_FishBaseUser_1706475994_172.70.254.202.jpg,Chaetodon striatus,fishbase,45.75,47.67,1.92,331824,1723
Chaetodon_striatus_FishBaseUser_1711482796_172.70.55.113.jpg,Chaetodon striatus,fishbase,51.18,47.67,-3.52,154897,1517
Chaetodon_striatus_FishBaseUser_1711482874_172.70.255.52.jpg,Chaetodon striatus,fishbase,37.94,47.67,9.73,238839,264
Chaetodon_striatus_FishBaseUser_1747234862_95.95.129.49.jpg,Chaetodon striatus,fishbase,36.76,47.67,10.91,652698,35
Chaetodon_striatus_FishBaseUser_1747234896_95.95.129.49.jpg,Chaetodon striatus,fishbase,36.58,47.67,11.09,1167655,11
Chaetodon_striatus_iNaturalist_108952720.jpg,Chaetodon striatus,inaturalist,37.95,47.67,9.72,125613,426
Chaetodon_striatus_iNaturalist_378227586.jpg,Chaetodon striatus,inaturalist,51.8,47.67,-4.13,70694,0
Chaetodon_striatus_iNaturalist_44877104.jpg,Chaetodon striatus,inaturalist,39.0,47.67,8.67,34912,12
Chaetodon_striatus_iNaturalist_455572688.jpg,Chaetodon striatus,inaturalist,58.24,47.67,-10.57,47182,143
Chaetodon_striatus_iNaturalist_516231487.jpg,Chaetodon striatus,inaturalist,57.79,47.67,-10.12,35590,0
Chaetodon_striatus_iNaturalist_535152832.jpg,Chaetodon striatus,inaturalist,41.08,47.67,6.58,142988,0
Chaetodon_striatus_iNaturalist_604196066.jpg,Chaetodon striatus,inaturalist,35.28,47.67,12.39,42316,559
Chaetodon_striatus_iNaturalist_608288977.jpg,Chaetodon striatus,inaturalist,47.19,47.67,0.47,183399,0
Chaetodon_striatus_FishWise_067087F000057W000003.gif,Chaetodon striatus,unknown,80.9,47.67,-33.23,107460,8647
Chaetodon_striatus_FishWise_067087F000451W000004.jpg,Chaetodon striatus,unknown,41.26,47.67,6.4,112988,427
Chaetodon_striatus_FishWise_067087F004577W000005.jpg,Chaetodon striatus,unknown,44.92,47.67,2.75,85371,3665
Chaetodon_tinkeri_FishPix_85108AF.jpg,Chaetodon tinkeri,fishpix,64.69,56.66,-8.03,96184,18359
Chaetodon_tinkeri_Bishop_-1989865351.jpg,Chaetodon tinkeri,bishop,66.55,56.66,-9.89,213949,27068
Chaetodon_tinkeri_Bishop_-408146097.jpg,Chaetodon tinkeri,bishop,63.88,56.66,-7.22,192933,12122
Chaetodon_tinkeri_Bishop_1959828294.jpg,Chaetodon tinkeri,bishop,54.16,56.66,2.5,199148,4270
Chaetodon_tinkeri_FishBase_Chtin_u0.jpg,Chaetodon tinkeri,fishbase,64.64,56.66,-7.98,107961,7053
Chaetodon_tinkeri_FishBase_Chtin_u1.jpg,Chaetodon tinkeri,fishbase,67.0,56.66,-10.34,119980,16836
Chaetodon_tinkeri_FishBase_Chtin_u2.jpg,Chaetodon tinkeri,fishbase,54.99,56.66,1.67,110632,2425
Chaetodon_tinkeri_FishBase_Chtin_u3.jpg,Chaetodon tinkeri,fishbase,56.59,56.66,0.07,102451,12
Chaetodon_tinkeri_FishBase_Chtin_u4.jpg,Chaetodon tinkeri,fishbase,66.16,56.66,-9.5,88387,18183
Chaetodon_tinkeri_FishBase_Chtin_u5.jpg,Chaetodon tinkeri,fishbase,61.67,56.66,-5.01,119526,25044
Chaetodon_tinkeri_FishBaseUser_1368178821_114.155.226.67.jpg,Chaetodon tinkeri,fishbase,43.48,56.66,13.18,296757,4416
Chaetodon_tinkeri_iNaturalist_122833590.jpg,Chaetodon tinkeri,inaturalist,50.59,56.66,6.07,173851,1
Chaetodon_tinkeri_iNaturalist_122833614.jpg,Chaetodon tinkeri,inaturalist,45.77,56.66,10.89,48585,40
Chaetodon_tinkeri_iNaturalist_122833739.jpg,Chaetodon tinkeri,inaturalist,65.82,56.66,-9.16,197674,152
Chaetodon_tinkeri_iNaturalist_132972673.jpg,Chaetodon tinkeri,inaturalist,56.92,56.66,-0.26,244982,0
Chaetodon_tinkeri_iNaturalist_415676289.jpg,Chaetodon tinkeri,inaturalist,56.46,56.66,0.2,92645,1
Chaetodon_tinkeri_iNaturalist_415676306.jpg,Chaetodon tinkeri,inaturalist,48.38,56.66,8.28,152794,480
Chaetodon_tinkeri_iNaturalist_415676341.jpg,Chaetodon tinkeri,inaturalist,58.09,56.66,-1.43,279670,62
Chaetodon_tinkeri_iNaturalist_66870.jpg,Chaetodon tinkeri,inaturalist,57.56,56.66,-0.9,94534,581
Chaetodon_tinkeri_iNaturalist_83513651.jpg,Chaetodon tinkeri,inaturalist,52.87,56.66,3.79,130559,9981
Chaetodon_tinkeri_iNaturalist_83513687.jpg,Chaetodon tinkeri,inaturalist,53.55,56.66,3.11,55041,683
Chaetodon_tinkeri_FishWise_069790F000024W000001.jpg,Chaetodon tinkeri,unknown,54.4,56.66,2.26,86572,2178
Chaetodon_tinkeri_FishWise_069790F000038W000005.jpg,Chaetodon tinkeri,unknown,48.87,56.66,7.79,30926,2822
Chaetodon_tinkeri_FishWise_069790F000150W000002.jpg,Chaetodon tinkeri,unknown,46.73,56.66,9.93,97975,7796
Chaetodon_triangulum_FishBase_Chtri_ui.jpg,Chaetodon triangulum,fishbase,46.39,44.2,-2.19,75034,3658
Chaetodon_triangulum_FishBase_Chtri_ub.jpg,Chaetodon triangulum,fishbase,47.18,44.2,-2.98,117070,639
Chaetodon_triangulum_FishBaseUser_1423219576_86.10.40.87.jpg,Chaetodon triangulum,fishbase,43.43,44.2,0.77,337283,415
Chaetodon_triangulum_FishBaseUser_1747235050_95.95.129.49.jpg,Chaetodon triangulum,fishbase,41.92,44.2,2.28,1715457,0
Chaetodon_triangulum_FishBaseUser_3232418624_1960.jpg,Chaetodon triangulum,fishbase,50.75,44.2,-6.55,79302,1407
Chaetodon_triangulum_iNaturalist_11763186.jpg,Chaetodon triangulum,inaturalist,30.34,44.2,13.86,164568,598
Chaetodon_triangulum_iNaturalist_177669571.jpg,Chaetodon triangulum,inaturalist,42.72,44.2,1.48,83086,246
Chaetodon_triangulum_iNaturalist_280764242.jpg,Chaetodon triangulum,inaturalist,59.13,44.2,-14.93,23229,45
Chaetodon_triangulum_iNaturalist_336501928.jpg,Chaetodon triangulum,inaturalist,59.44,44.2,-15.24,112918,0
Chaetodon_triangulum_iNaturalist_484927564.jpg,Chaetodon triangulum,inaturalist,44.84,44.2,-0.64,166207,363
Chaetodon_triangulum_iNaturalist_592518850.jpg,Chaetodon triangulum,inaturalist,43.1,44.2,1.1,258386,267
Chaetodon_triangulum_iNaturalist_607414244.jpg,Chaetodon triangulum,inaturalist,33.33,44.2,10.87,99315,0
Chaetodon_triangulum_iNaturalist_607414261.jpg,Chaetodon triangulum,inaturalist,37.38,44.2,6.82,49179,0
Chaetodon_triangulum_iNaturalist_71648447.jpg,Chaetodon triangulum,inaturalist,26.61,44.2,17.59,166781,477
Chaetodon_triangulum_FishWise_117086F000112W000001.jpg,Chaetodon triangulum,unknown,55.56,44.2,-11.36,97041,2783
Chaetodon_triangulum_FishWise_117086F000112W000002.jpg,Chaetodon triangulum,unknown,45.1,44.2,-0.9,111858,107
Chaetodon_trichrous_FishBase_Chtri_uk.jpg,Chaetodon trichrous,fishbase,24.59,31.67,7.08,67538,269
Chaetodon_trichrous_Bishop_-192591132.jpg,Chaetodon trichrous,bishop,27.06,31.67,4.62,241192,1769
Chaetodon_trichrous_FishBase_Chtri_ud.jpg,Chaetodon trichrous,fishbase,27.16,31.67,4.51,135718,1889
Chaetodon_trichrous_iNaturalist_167677313.jpg,Chaetodon trichrous,inaturalist,26.46,31.67,5.21,155614,4913
Chaetodon_trichrous_iNaturalist_173142293.jpg,Chaetodon trichrous,inaturalist,21.21,31.67,10.46,160117,637
Chaetodon_trichrous_iNaturalist_301384831.jpg,Chaetodon trichrous,inaturalist,33.02,31.67,-1.35,89152,0
Chaetodon_trichrous_iNaturalist_350883651.jpg,Chaetodon trichrous,inaturalist,34.2,31.67,-2.53,40777,0
Chaetodon_trichrous_iNaturalist_472558208.jpg,Chaetodon trichrous,inaturalist,39.99,31.67,-8.32,101033,0
Chaetodon_trichrous_iNaturalist_473965444.jpg,Chaetodon trichrous,inaturalist,44.83,31.67,-13.15,192753,129
Chaetodon_trichrous_iNaturalist_527314355.jpg,Chaetodon trichrous,inaturalist,40.15,31.67,-8.48,97501,242
Chaetodon_trichrous_iNaturalist_54935427.jpg,Chaetodon trichrous,inaturalist,33.45,31.67,-1.77,23875,0
Chaetodon_trichrous_iNaturalist_587089834.jpg,Chaetodon trichrous,inaturalist,33.28,31.67,-1.61,273951,231
Chaetodon_trichrous_iNaturalist_593273450.jpg,Chaetodon trichrous,inaturalist,26.35,31.67,5.32,247940,127
Chaetodon_tricinctus_FishPix_55752AF.jpg,Chaetodon tricinctus,fishpix,49.26,42.22,-7.04,189952,61402
Chaetodon_tricinctus_Bishop_28770837.jpg,Chaetodon tricinctus,bishop,39.72,42.22,2.5,218412,8306
Chaetodon_tricinctus_FishBase_Chtri_u0.jpg,Chaetodon tricinctus,fishbase,36.46,42.22,5.76,116829,6007
Chaetodon_tricinctus_FishBase_Chtri_u5.jpg,Chaetodon tricinctus,fishbase,40.28,42.22,1.94,123260,6151
Chaetodon_tricinctus_iNaturalist_118360420.jpg,Chaetodon tricinctus,inaturalist,29.96,42.22,12.26,286363,3660
Chaetodon_tricinctus_iNaturalist_13811577.jpg,Chaetodon tricinctus,inaturalist,36.49,42.22,5.73,244191,1586
Chaetodon_tricinctus_iNaturalist_197184716.jpg,Chaetodon tricinctus,inaturalist,60.13,42.22,-17.91,84834,0
Chaetodon_tricinctus_iNaturalist_287702131.jpg,Chaetodon tricinctus,inaturalist,47.29,42.22,-5.07,231071,2824
Chaetodon_tricinctus_iNaturalist_287702203.jpg,Chaetodon tricinctus,inaturalist,44.82,42.22,-2.6,117662,183
Chaetodon_tricinctus_iNaturalist_335443101.jpg,Chaetodon tricinctus,inaturalist,34.76,42.22,7.46,163530,2496
Chaetodon_tricinctus_iNaturalist_6629748.jpg,Chaetodon tricinctus,inaturalist,34.8,42.22,7.42,207800,473
Chaetodon_tricinctus_iNaturalist_6629751.jpg,Chaetodon tricinctus,inaturalist,52.65,42.22,-10.43,159193,1149
Chaetodon_trifascialis_FishPix_140533AF.jpg,Chaetodon trifascialis,fishpix,56.98,58.64,1.66,116770,0
Chaetodon_trifascialis_Bishop_-1790297166.jpg,Chaetodon trifascialis,bishop,53.75,58.64,4.89,256882,27070
Chaetodon_trifascialis_Bishop_-500274613.jpg,Chaetodon trifascialis,bishop,52.66,58.64,5.98,247509,11141
Chaetodon_trifascialis_FishBase_Chtri_j2.jpg,Chaetodon trifascialis,fishbase,58.7,58.64,-0.06,99785,1
Chaetodon_trifascialis_FishBase_Chtri_u1.jpg,Chaetodon trifascialis,fishbase,78.77,58.64,-20.13,132775,6756
Chaetodon_trifascialis_FishBase_Chtri_u2.jpg,Chaetodon trifascialis,fishbase,73.53,58.64,-14.89,122565,2179
Chaetodon_trifascialis_FishBase_Chtri_u4.jpg,Chaetodon trifascialis,fishbase,53.88,58.64,4.76,149622,18395
Chaetodon_trifascialis_FishBase_Chtri_u6.jpg,Chaetodon trifascialis,fishbase,66.11,58.64,-7.47,137360,6734
Chaetodon_trifascialis_FishBase_Chtri_u7.jpg,Chaetodon trifascialis,fishbase,52.93,58.64,5.71,167679,9611
Chaetodon_trifascialis_FishBase_Chtri_us.jpg,Chaetodon trifascialis,fishbase,57.24,58.64,1.4,47859,508
Chaetodon_trifascialis_FishBaseUser_1440680146_83.211.38.4.jpg,Chaetodon trifascialis,fishbase,51.87,58.64,6.77,175816,1089
Chaetodon_trifascialis_FishBaseUser_1469522368_162.158.167.12.jpg,Chaetodon trifascialis,fishbase,48.74,58.64,9.9,403950,859
Chaetodon_trifascialis_FishBaseUser_1509182180_172.68.102.54.jpg,Chaetodon trifascialis,fishbase,50.81,58.64,7.83,908434,32
Chaetodon_trifascialis_FishBaseUser_1588165734_162.158.111.249.jpg,Chaetodon trifascialis,fishbase,62.27,58.64,-3.63,151595,4307
Chaetodon_trifascialis_FishBaseUser_1655061204_172.70.178.191.jpg,Chaetodon trifascialis,fishbase,64.87,58.64,-6.23,821910,3802
Chaetodon_trifascialis_FishBaseUser_1656699224_172.70.178.215.jpg,Chaetodon trifascialis,fishbase,49.6,58.64,9.04,3125471,15769
Chaetodon_trifascialis_FishBaseUser_1672901201_172.70.214.231.jpg,Chaetodon trifascialis,fishbase,55.23,58.64,3.41,588086,16
Chaetodon_trifascialis_FishBaseUser_1705879038_172.70.254.222.jpg,Chaetodon trifascialis,fishbase,72.21,58.64,-13.57,114382,39
Chaetodon_trifascialis_FishBaseUser_1747235333_95.95.129.49.jpg,Chaetodon trifascialis,fishbase,53.02,58.64,5.62,989255,961
Chaetodon_trifascialis_FishBaseUser_1747235378_95.95.129.49.jpg,Chaetodon trifascialis,fishbase,55.84,58.64,2.8,588340,24
Chaetodon_trifascialis_FishBaseUser_1747235416_95.95.129.49.jpg,Chaetodon trifascialis,fishbase,48.97,58.64,9.67,244395,173
Chaetodon_trifascialis_iNaturalist_215411642.jpg,Chaetodon trifascialis,inaturalist,60.24,58.64,-1.6,47524,275
Chaetodon_trifascialis_iNaturalist_234150638.jpg,Chaetodon trifascialis,inaturalist,66.53,58.64,-7.89,256624,3278
Chaetodon_trifascialis_iNaturalist_243933.jpg,Chaetodon trifascialis,inaturalist,21.47,58.64,37.17,17247,28
Chaetodon_trifascialis_iNaturalist_27663000.jpg,Chaetodon trifascialis,inaturalist,32.05,58.64,26.59,75762,151
Chaetodon_trifascialis_iNaturalist_328870250.jpg,Chaetodon trifascialis,inaturalist,45.98,58.64,12.66,263250,8
Chaetodon_trifascialis_iNaturalist_424671659.jpg,Chaetodon trifascialis,inaturalist,70.0,58.64,-11.36,64095,356
Chaetodon_trifascialis_iNaturalist_424671676.jpg,Chaetodon trifascialis,inaturalist,57.95,58.64,0.69,72015,0
Chaetodon_trifascialis_iNaturalist_424671689.jpg,Chaetodon trifascialis,inaturalist,69.34,58.64,-10.7,40988,79
Chaetodon_trifascialis_iNaturalist_424671703.jpg,Chaetodon trifascialis,inaturalist,65.1,58.64,-6.46,75732,0
Chaetodon_trifascialis_iNaturalist_536659908.jpg,Chaetodon trifascialis,inaturalist,51.57,58.64,7.07,125580,85
Chaetodon_trifascialis_FishWise_070463F000002W000005.jpg,Chaetodon trifascialis,unknown,45.18,58.64,13.46,102023,7305
Chaetodon_trifascialis_FishWise_070463F000004W000007.jpg,Chaetodon trifascialis,unknown,66.84,58.64,-8.2,134197,8600
Chaetodon_trifascialis_FishWise_070463F000009W000004.jpg,Chaetodon trifascialis,unknown,61.51,58.64,-2.88,90174,7529
Chaetodon_trifascialis_FishWise_070463F000009W000009.jpg,Chaetodon trifascialis,unknown,54.14,58.64,4.5,42899,875
Chaetodon_trifascialis_FishWise_070463F000009W000010.jpg,Chaetodon trifascialis,unknown,64.07,58.64,-5.43,49931,445
Chaetodon_trifascialis_FishWise_070463F000009W000011.jpg,Chaetodon trifascialis,unknown,59.55,58.64,-0.91,53842,423
Chaetodon_trifascialis_FishWise_070463F000009W000012.jpg,Chaetodon trifascialis,unknown,70.27,58.64,-11.63,72270,2807
Chaetodon_trifascialis_FishWise_070463F000009W000013.jpg,Chaetodon trifascialis,unknown,79.23,58.64,-20.59,108423,6028
Chaetodon_trifascialis_FishWise_070463F000009W000014.jpg,Chaetodon trifascialis,unknown,68.23,58.64,-9.59,112489,11816
Chaetodon_trifascialis_FishWise_070463F000009W000019.jpg,Chaetodon trifascialis,unknown,57.46,58.64,1.18,98028,38
Chaetodon_trifascialis_FishWise_070463F000024W000001.jpg,Chaetodon trifascialis,unknown,78.69,58.64,-20.05,101853,5165
Chaetodon_trifascialis_FishWise_070463F000024W000002.jpg,Chaetodon trifascialis,unknown,73.47,58.64,-14.83,93970,1725
Chaetodon_trifascialis_FishWise_070463F000024W000003.jpg,Chaetodon trifascialis,unknown,52.95,58.64,5.69,129710,6869
Chaetodon_trifascialis_FishWise_070463F000112W000008.jpg,Chaetodon trifascialis,unknown,51.29,58.64,7.35,88385,71
Chaetodon_trifascialis_FishWise_070463F000112W000015.jpg,Chaetodon trifascialis,unknown,62.78,58.64,-4.14,104902,29
Chaetodon_trifascialis_FishWise_070463F000112W000016.jpg,Chaetodon trifascialis,unknown,64.7,58.64,-6.06,121308,197
Chaetodon_trifascialis_FishWise_070463F000112W000017.jpg,Chaetodon trifascialis,unknown,61.96,58.64,-3.32,113826,6070
Chaetodon_trifascialis_FishWise_070463F000387W000021.jpg,Chaetodon trifascialis,unknown,54.82,58.64,3.82,118262,12
Chaetodon_trifascialis_FishWise_070463F000387W000022.jpg,Chaetodon trifascialis,unknown,58.84,58.64,-0.2,14729,0
Chaetodon_trifascialis_FishWise_070463F000387W000023.jpg,Chaetodon trifascialis,unknown,62.75,58.64,-4.11,108115,4958
Chaetodon_trifascialis_FishWise_070463F000387W000024.jpg,Chaetodon trifascialis,unknown,47.45,58.64,11.19,115617,1086
Chaetodon_trifascialis_FishWise_070463F000387W000025.jpg,Chaetodon trifascialis,unknown,48.53,58.64,10.11,79220,427
Chaetodon_trifascialis_FishWise_070463F000492W000026.jpg,Chaetodon trifascialis,unknown,63.64,58.64,-5.0,122752,317
Chaetodon_trifasciatus_FishPix_55807AF.jpg,Chaetodon trifasciatus,fishpix,48.44,54.61,6.17,164933,4642
Chaetodon_trifasciatus_Bishop_-781709008.jpg,Chaetodon trifasciatus,bishop,55.06,54.61,-0.44,248158,2232
Chaetodon_trifasciatus_FishBase_Chtri_u3.jpg,Chaetodon trifasciatus,fishbase,70.01,54.61,-15.4,91014,381
Chaetodon_trifasciatus_FishBase_Chtri_uc.jpg,Chaetodon trifasciatus,fishbase,55.54,54.61,-0.92,139228,2442
Chaetodon_trifasciatus_FishBase_Chtri_ur.jpg,Chaetodon trifasciatus,fishbase,77.82,54.61,-23.2,12972,742
Chaetodon_trifasciatus_FishBase_Chtri_ut.jpg,Chaetodon trifasciatus,fishbase,75.91,54.61,-21.3,125303,1848
Chaetodon_trifasciatus_FishBase_Chtri_uv.jpg,Chaetodon trifasciatus,fishbase,54.77,54.61,-0.16,116554,23
Chaetodon_trifasciatus_FishBase_Chtri_uw.jpg,Chaetodon trifasciatus,fishbase,49.94,54.61,4.67,118199,1760
Chaetodon_trifasciatus_FishBase_Chtri_ux.jpg,Chaetodon trifasciatus,fishbase,48.23,54.61,6.39,79087,359
Chaetodon_trifasciatus_FishBaseUser_1473578737_162.158.165.25.jpg,Chaetodon trifasciatus,fishbase,57.97,54.61,-3.35,40566,65
Chaetodon_trifasciatus_FishBaseUser_1509182472_172.68.102.54.jpg,Chaetodon trifasciatus,fishbase,56.7,54.61,-2.09,577388,11320
Chaetodon_trifasciatus_FishBaseUser_1526982656_162.158.22.48.jpg,Chaetodon trifasciatus,fishbase,40.79,54.61,13.83,35817,155
Chaetodon_trifasciatus_FishBaseUser_1577142927_172.68.102.78.jpg,Chaetodon trifasciatus,fishbase,47.05,54.61,7.56,1955131,1
Chaetodon_trifasciatus_FishBaseUser_1656494131_162.158.170.185.jpg,Chaetodon trifasciatus,fishbase,40.46,54.61,14.15,90384,3085
Chaetodon_trifasciatus_FishBaseUser_1724989518_172.71.81.80.jpg,Chaetodon trifasciatus,fishbase,37.14,54.61,17.47,139619,323
Chaetodon_trifasciatus_iNaturalist_173829537.jpg,Chaetodon trifasciatus,inaturalist,43.46,54.61,11.15,45275,339
Chaetodon_trifasciatus_iNaturalist_173829547.jpg,Chaetodon trifasciatus,inaturalist,43.1,54.61,11.52,53804,847
Chaetodon_trifasciatus_iNaturalist_173829556.jpg,Chaetodon trifasciatus,inaturalist,16.87,54.61,37.74,47932,86
Chaetodon_trifasciatus_iNaturalist_326127996.jpg,Chaetodon trifasciatus,inaturalist,63.12,54.61,-8.51,42413,171
Chaetodon_trifasciatus_iNaturalist_332090965.jpg,Chaetodon trifasciatus,inaturalist,69.17,54.61,-14.55,40639,347
Chaetodon_trifasciatus_iNaturalist_334508891.jpg,Chaetodon trifasciatus,inaturalist,69.35,54.61,-14.74,77819,1115
Chaetodon_trifasciatus_iNaturalist_434604443.jpg,Chaetodon trifasciatus,inaturalist,51.12,54.61,3.49,66750,664
Chaetodon_trifasciatus_iNaturalist_434604519.jpg,Chaetodon trifasciatus,inaturalist,58.79,54.61,-4.18,21949,1
Chaetodon_trifasciatus_iNaturalist_454497011.jpg,Chaetodon trifasciatus,inaturalist,58.13,54.61,-3.52,24577,78
Chaetodon_trifasciatus_iNaturalist_4868636.jpg,Chaetodon trifasciatus,inaturalist,54.55,54.61,0.07,162704,2
Chaetodon_trifasciatus_FishWise_070483F000004W000010.jpg,Chaetodon trifasciatus,unknown,67.92,54.61,-13.31,97339,1695
Chaetodon_trifasciatus_FishWise_070483F000009W000009.jpg,Chaetodon trifasciatus,unknown,61.2,54.61,-6.59,92753,3093
Chaetodon_trifasciatus_FishWise_070483F000024W000004.jpg,Chaetodon trifasciatus,unknown,55.51,54.61,-0.9,107943,1727
Chaetodon_trifasciatus_FishWise_070483F000033W000001.jpg,Chaetodon trifasciatus,unknown,56.06,54.61,-1.45,87563,84
Chaetodon_trifasciatus_FishWise_070483F000112W000007.jpg,Chaetodon trifasciatus,unknown,61.91,54.61,-7.3,128607,6308
Chaetodon_trifasciatus_FishWise_070483F000112W000008.jpg,Chaetodon trifasciatus,unknown,62.42,54.61,-7.81,115823,2965
Chaetodon_trifasciatus_FishWise_070483F000167W000006.jpg,Chaetodon trifasciatus,unknown,33.1,54.61,21.51,25915,599
Chaetodon_trifasciatus_FishWise_070483F000387W000011.jpg,Chaetodon trifasciatus,unknown,60.59,54.61,-5.98,127740,3378
Chaetodon_ulietensis_FishPix_26584AF.jpg,Chaetodon ulietensis,fishpix,59.85,54.4,-5.45,68052,5319
Chaetodon_ulietensis_Bishop_-1430510223.jpg,Chaetodon ulietensis,bishop,46.58,54.4,7.83,215686,7029
Chaetodon_ulietensis_Bishop_-201975074.jpg,Chaetodon ulietensis,bishop,49.81,54.4,4.6,247539,5907
Chaetodon_ulietensis_FishBase_Chuli_u0.jpg,Chaetodon ulietensis,fishbase,37.68,54.4,16.72,115559,5273
Chaetodon_ulietensis_FishBase_Chuli_u1.jpg,Chaetodon ulietensis,fishbase,50.33,54.4,4.07,139065,4757
Chaetodon_ulietensis_FishBase_Chuli_u2.jpg,Chaetodon ulietensis,fishbase,46.91,54.4,7.49,121613,4693
Chaetodon_ulietensis_FishBase_Chuli_u3.jpg,Chaetodon ulietensis,fishbase,69.58,54.4,-15.18,10050,44
Chaetodon_ulietensis_FishBase_Chuli_u5.jpg,Chaetodon ulietensis,fishbase,71.05,54.4,-16.65,46787,122
Chaetodon_ulietensis_FishBase_Chuli_u6.jpg,Chaetodon ulietensis,fishbase,55.31,54.4,-0.91,33958,267
Chaetodon_ulietensis_FishBase_Chuli_u7.jpg,Chaetodon ulietensis,fishbase,70.08,54.4,-15.68,120983,10859
Chaetodon_ulietensis_FishBaseUser_1393613919_71.202.224.33.jpg,Chaetodon ulietensis,fishbase,45.0,54.4,9.41,106642,1532
Chaetodon_ulietensis_FishBaseUser_1473758818_108.162.215.216.jpg,Chaetodon ulietensis,fishbase,42.89,54.4,11.51,525968,2662
Chaetodon_ulietensis_FishBaseUser_1509182680_172.68.102.54.jpg,Chaetodon ulietensis,fishbase,51.23,54.4,3.18,679169,3
Chaetodon_ulietensis_FishBaseUser_1577143026_172.68.102.78.jpg,Chaetodon ulietensis,fishbase,49.05,54.4,5.35,2162473,109
Chaetodon_ulietensis_FishBaseUser_1704744860_108.162.212.25.jpg,Chaetodon ulietensis,fishbase,63.35,54.4,-8.95,67138,1875
Chaetodon_ulietensis_FishBaseUser_1706127395_172.70.55.216.jpg,Chaetodon ulietensis,fishbase,57.88,54.4,-3.48,182304,716
Chaetodon_ulietensis_iNaturalist_1400797.jpg,Chaetodon ulietensis,inaturalist,53.31,54.4,1.1,22861,1
Chaetodon_ulietensis_iNaturalist_173697456.jpg,Chaetodon ulietensis,inaturalist,53.5,54.4,0.9,33750,24
Chaetodon_ulietensis_iNaturalist_222874834.jpg,Chaetodon ulietensis,inaturalist,56.23,54.4,-1.82,172107,1011
Chaetodon_ulietensis_iNaturalist_230476352.jpg,Chaetodon ulietensis,inaturalist,60.28,54.4,-5.88,254197,7527
Chaetodon_ulietensis_iNaturalist_326590225.jpg,Chaetodon ulietensis,inaturalist,53.51,54.4,0.89,101156,150
Chaetodon_ulietensis_iNaturalist_331048079.jpg,Chaetodon ulietensis,inaturalist,52.8,54.4,1.6,177846,0
Chaetodon_ulietensis_iNaturalist_453438977.jpg,Chaetodon ulietensis,inaturalist,38.44,54.4,15.96,120370,196
Chaetodon_ulietensis_iNaturalist_453439299.jpg,Chaetodon ulietensis,inaturalist,49.22,54.4,5.18,35582,249
Chaetodon_ulietensis_iNaturalist_453440787.jpg,Chaetodon ulietensis,inaturalist,46.1,54.4,8.3,53079,246
Chaetodon_ulietensis_FishWise_071442F000009W000008.jpg,Chaetodon ulietensis,unknown,62.25,54.4,-7.85,110300,298
Chaetodon_ulietensis_FishWise_071442F000009W000009.jpg,Chaetodon ulietensis,unknown,60.09,54.4,-5.69,111938,546
Chaetodon_ulietensis_FishWise_071442F000112W000005.jpg,Chaetodon ulietensis,unknown,61.1,54.4,-6.69,100990,10075
Chaetodon_ulietensis_FishWise_071442F000387W000006.jpg,Chaetodon ulietensis,unknown,57.98,54.4,-3.58,143346,4194
Chaetodon_ulietensis_FishWise_071442F000387W000007.jpg,Chaetodon ulietensis,unknown,60.69,54.4,-6.29,128907,854
Chaetodon_unimaculatus_FishPix_15036AF.jpg,Chaetodon unimaculatus,fishpix,75.98,61.92,-14.06,95710,7190
Chaetodon_unimaculatus_Bishop_-2035665860.jpg,Chaetodon unimaculatus,bishop,56.26,61.92,5.66,231893,0
Chaetodon_unimaculatus_Bishop_-538563321.jpg,Chaetodon unimaculatus,bishop,60.02,61.92,1.9,240749,3176
Chaetodon_unimaculatus_FishBase_Chuni_u1.jpg,Chaetodon unimaculatus,fishbase,60.79,61.92,1.12,135097,2043
Chaetodon_unimaculatus_FishBase_Chuni_u4.jpg,Chaetodon unimaculatus,fishbase,67.39,61.92,-5.48,104044,6973
Chaetodon_unimaculatus_FishBase_Chuni_u5.jpg,Chaetodon unimaculatus,fishbase,35.92,61.92,26.0,88004,3509
Chaetodon_unimaculatus_FishBase_Chuni_ul.jpg,Chaetodon unimaculatus,fishbase,51.63,61.92,10.29,33644,221
Chaetodon_unimaculatus_FishBaseUser_1454328567_94.198.18.55.jpg,Chaetodon unimaculatus,fishbase,56.07,61.92,5.85,232277,199
Chaetodon_unimaculatus_FishBaseUser_1469522440_162.158.167.12.jpg,Chaetodon unimaculatus,fishbase,57.89,61.92,4.03,14714,117
Chaetodon_unimaculatus_FishBaseUser_1577143148_172.68.102.78.jpg,Chaetodon unimaculatus,fishbase,48.21,61.92,13.71,2721734,1280
Chaetodon_unimaculatus_FishBaseUser_1704667498_172.70.82.107.jpg,Chaetodon unimaculatus,fishbase,76.47,61.92,-14.55,101751,2509
Chaetodon_unimaculatus_FishBaseUser_1706116213_172.70.254.151.jpg,Chaetodon unimaculatus,fishbase,53.61,61.92,8.31,99122,1064
Chaetodon_unimaculatus_FishBaseUser_1747235776_95.95.129.49.jpg,Chaetodon unimaculatus,fishbase,63.63,61.92,-1.71,3318897,37864
Chaetodon_unimaculatus_FishBaseUser_1747235827_95.95.129.49.jpg,Chaetodon unimaculatus,fishbase,60.89,61.92,1.03,512374,3
Chaetodon_unimaculatus_iNaturalist_179915614.jpg,Chaetodon unimaculatus,inaturalist,56.82,61.92,5.1,46698,72
Chaetodon_unimaculatus_iNaturalist_233496852.jpg,Chaetodon unimaculatus,inaturalist,71.92,61.92,-10.0,256810,7941
Chaetodon_unimaculatus_iNaturalist_553392414.jpg,Chaetodon unimaculatus,inaturalist,49.72,61.92,12.2,27179,11
Chaetodon_unimaculatus_iNaturalist_593828871.jpg,Chaetodon unimaculatus,inaturalist,67.7,61.92,-5.78,204056,2252
Chaetodon_unimaculatus_iNaturalist_593828880.jpg,Chaetodon unimaculatus,inaturalist,69.79,61.92,-7.87,228579,6795
Chaetodon_unimaculatus_iNaturalist_602202893.jpg,Chaetodon unimaculatus,inaturalist,66.6,61.92,-4.68,3373,0
Chaetodon_unimaculatus_iNaturalist_66774276.jpg,Chaetodon unimaculatus,inaturalist,59.3,61.92,2.62,210219,0
Chaetodon_unimaculatus_iNaturalist_71907697.jpg,Chaetodon unimaculatus,inaturalist,72.68,61.92,-10.76,122208,1708
Chaetodon_unimaculatus_iNaturalist_91073839.jpg,Chaetodon unimaculatus,inaturalist,63.68,61.92,-1.76,42642,78
Chaetodon_unimaculatus_FishWise_032065F000009W000013.jpg,Chaetodon unimaculatus,unknown,64.75,61.92,-2.83,95940,429
Chaetodon_unimaculatus_FishWise_032065F000009W000015.jpg,Chaetodon unimaculatus,unknown,64.23,61.92,-2.31,92016,0
Chaetodon_unimaculatus_FishWise_032065F000009W000016.jpg,Chaetodon unimaculatus,unknown,66.63,61.92,-4.71,124628,455
Chaetodon_unimaculatus_FishWise_032065F000009W000018.jpg,Chaetodon unimaculatus,unknown,69.91,61.92,-7.99,129122,1704
Chaetodon_unimaculatus_FishWise_032065F000024W000003.jpg,Chaetodon unimaculatus,unknown,67.49,61.92,-5.57,79256,5167
Chaetodon_unimaculatus_FishWise_032065F000112W000009.jpg,Chaetodon unimaculatus,unknown,60.14,61.92,1.78,96429,87
Chaetodon_unimaculatus_FishWise_032065F000112W000010.jpg,Chaetodon unimaculatus,unknown,65.21,61.92,-3.3,90141,4
Chaetodon_unimaculatus_FishWise_032065F000387W000014.jpg,Chaetodon unimaculatus,unknown,51.97,61.92,9.95,112556,14
Chaetodon_unimaculatus_FishWise_032065F000387W000017.jpg,Chaetodon unimaculatus,unknown,68.11,61.92,-6.19,95522,1134
Chaetodon_vagabundus_FishPix_10004AF.jpg,Chaetodon vagabundus,fishpix,49.88,57.12,7.23,132742,0
Chaetodon_vagabundus_Bishop_-2087127384.jpg,Chaetodon vagabundus,bishop,39.5,57.12,17.61,245595,22464
Chaetodon_vagabundus_Bishop_2044270221.jpg,Chaetodon vagabundus,bishop,49.91,57.12,7.21,254806,10449
Chaetodon_vagabundus_Bishop_397124810.jpg,Chaetodon vagabundus,bishop,49.98,57.12,7.13,260219,8099
Chaetodon_vagabundus_FishBase_Chvag_j0.jpg,Chaetodon vagabundus,fishbase,45.32,57.12,11.8,25314,909
Chaetodon_vagabundus_FishBase_Chvag_j1.jpg,Chaetodon vagabundus,fishbase,67.8,57.12,-10.69,77157,3375
Chaetodon_vagabundus_FishBase_Chvag_u1.jpg,Chaetodon vagabundus,fishbase,18.19,57.12,38.93,100809,4302
Chaetodon_vagabundus_FishBase_Chvag_u3.jpg,Chaetodon vagabundus,fishbase,55.98,57.12,1.14,168692,1758
Chaetodon_vagabundus_FishBase_Chvag_u4.jpg,Chaetodon vagabundus,fishbase,64.27,57.12,-7.15,98425,8894
Chaetodon_vagabundus_FishBase_Chvag_u5.jpg,Chaetodon vagabundus,fishbase,63.71,57.12,-6.59,125816,13230
Chaetodon_vagabundus_FishBase_Chvag_u6.jpg,Chaetodon vagabundus,fishbase,58.74,57.12,-1.63,36542,423
Chaetodon_vagabundus_FishBase_Chvag_u7.jpg,Chaetodon vagabundus,fishbase,69.65,57.12,-12.53,172626,20805
Chaetodon_vagabundus_FishBase_Chvag_u9.jpg,Chaetodon vagabundus,fishbase,72.08,57.12,-14.96,72206,2713
Chaetodon_vagabundus_FishBaseUser_1469522533_162.158.167.12.jpg,Chaetodon vagabundus,fishbase,61.71,57.12,-4.59,122585,318
Chaetodon_vagabundus_FishBaseUser_1508873636_162.158.59.66.jpg,Chaetodon vagabundus,fishbase,49.32,57.12,7.8,116716,526
Chaetodon_vagabundus_FishBaseUser_1509183707_172.68.102.54.jpg,Chaetodon vagabundus,fishbase,46.62,57.12,10.5,984259,2354
Chaetodon_vagabundus_FishBaseUser_1509183778_172.68.102.54.jpg,Chaetodon vagabundus,fishbase,45.82,57.12,11.3,287129,1227
Chaetodon_vagabundus_FishBaseUser_1577140337_172.68.102.128.jpg,Chaetodon vagabundus,fishbase,49.84,57.12,7.27,3425153,2172
Chaetodon_vagabundus_FishBaseUser_1585733306_108.162.229.236.jpg,Chaetodon vagabundus,fishbase,65.93,57.12,-8.82,378081,42768
Chaetodon_vagabundus_FishBaseUser_1603232922_162.158.187.197.jpg,Chaetodon vagabundus,fishbase,74.79,57.12,-17.67,969091,9038
Chaetodon_vagabundus_FishBaseUser_1655673349_172.70.178.177.jpg,Chaetodon vagabundus,fishbase,65.09,57.12,-7.98,1000915,11019
Chaetodon_vagabundus_FishBaseUser_1672901252_172.70.207.20.jpg,Chaetodon vagabundus,fishbase,59.16,57.12,-2.05,61093,875
Chaetodon_vagabundus_FishBaseUser_1672901308_172.69.33.29.jpg,Chaetodon vagabundus,fishbase,58.22,57.12,-1.11,12317,0
Chaetodon_vagabundus_FishBaseUser_1672901343_172.71.214.87.jpg,Chaetodon vagabundus,fishbase,50.89,57.12,6.23,7686,3
Chaetodon_vagabundus_FishBaseUser_1706127278_172.70.82.201.jpg,Chaetodon vagabundus,fishbase,72.85,57.12,-15.74,135874,15368
Chaetodon_vagabundus_FishBaseUser_1747236078_95.95.129.49.jpg,Chaetodon vagabundus,fishbase,65.62,57.12,-8.51,1149108,93370
Chaetodon_vagabundus_FishBaseUser_1747236118_95.95.129.49.jpg,Chaetodon vagabundus,fishbase,48.92,57.12,8.2,2944567,0
Chaetodon_vagabundus_iNaturalist_13817766.jpg,Chaetodon vagabundus,inaturalist,48.14,57.12,8.98,151014,3328
Chaetodon_vagabundus_iNaturalist_209516313.jpg,Chaetodon vagabundus,inaturalist,49.68,57.12,7.43,65378,36
Chaetodon_vagabundus_iNaturalist_232725659.jpg,Chaetodon vagabundus,inaturalist,71.86,57.12,-14.74,102728,233
Chaetodon_vagabundus_iNaturalist_234150683.jpg,Chaetodon vagabundus,inaturalist,66.17,57.12,-9.06,276313,24874
Chaetodon_vagabundus_iNaturalist_236697047.jpg,Chaetodon vagabundus,inaturalist,43.31,57.12,13.81,2532,0
Chaetodon_vagabundus_iNaturalist_236697461.jpg,Chaetodon vagabundus,inaturalist,42.03,57.12,15.09,28277,7
Chaetodon_vagabundus_iNaturalist_259101164.jpg,Chaetodon vagabundus,inaturalist,48.41,57.12,8.7,49858,51
Chaetodon_vagabundus_iNaturalist_269786835.jpg,Chaetodon vagabundus,inaturalist,64.13,57.12,-7.02,79483,1180
Chaetodon_vagabundus_iNaturalist_91073842.jpg,Chaetodon vagabundus,inaturalist,61.44,57.12,-4.32,78993,73
Chaetodon_vagabundus_FishWise_072115F000009W000012.jpg,Chaetodon vagabundus,unknown,61.74,57.12,-4.62,86593,534
Chaetodon_vagabundus_FishWise_072115F000009W000013.jpg,Chaetodon vagabundus,unknown,52.1,57.12,5.02,120649,413
Chaetodon_vagabundus_FishWise_072115F000009W000015.jpg,Chaetodon vagabundus,unknown,66.57,57.12,-9.45,92586,671
Chaetodon_vagabundus_FishWise_072115F000009W000016.jpg,Chaetodon vagabundus,unknown,67.28,57.12,-10.17,110868,0
Chaetodon_vagabundus_FishWise_072115F000024W000008.jpg,Chaetodon vagabundus,unknown,50.46,57.12,6.66,146079,5565
Chaetodon_vagabundus_FishWise_072115F000112W000010.jpg,Chaetodon vagabundus,unknown,61.48,57.12,-4.36,80008,4944
Chaetodon_vagabundus_FishWise_072115F000112W000011.jpg,Chaetodon vagabundus,unknown,58.95,57.12,-1.84,122169,6827
Chaetodon_vagabundus_FishWise_072115F000167W000007.jpg,Chaetodon vagabundus,unknown,68.34,57.12,-11.23,54037,5150
Chaetodon_vagabundus_FishWise_072115F000167W000009.jpg,Chaetodon vagabundus,unknown,73.5,57.12,-16.39,48395,836
Chaetodon_vagabundus_FishWise_072115F000387W000014.jpg,Chaetodon vagabundus,unknown,51.94,57.12,5.18,147585,0
Chaetodon_wiebeli_FishPix_107464AF.jpg,Chaetodon wiebeli,fishpix,57.25,54.05,-3.2,168540,66
Chaetodon_wiebeli_Bishop_532247427.jpg,Chaetodon wiebeli,bishop,46.2,54.05,7.85,235888,3695
Chaetodon_wiebeli_FishBase_Chwie_j0.jpg,Chaetodon wiebeli,fishbase,71.92,54.05,-17.87,97931,9609
Chaetodon_wiebeli_FishBase_Chwie_u0.jpg,Chaetodon wiebeli,fishbase,46.09,54.05,7.97,99070,1840
Chaetodon_wiebeli_FishBase_Chwie_u1.jpg,Chaetodon wiebeli,fishbase,46.72,54.05,7.33,132341,2298
Chaetodon_wiebeli_FishBase_Chwie_u2.jpg,Chaetodon wiebeli,fishbase,50.83,54.05,3.22,74720,1748
Chaetodon_wiebeli_FishBase_Chwie_u3.jpg,Chaetodon wiebeli,fishbase,63.22,54.05,-9.16,162651,13820
Chaetodon_wiebeli_FishBase_Chwie_u4.jpg,Chaetodon wiebeli,fishbase,68.33,54.05,-14.27,85168,3
Chaetodon_wiebeli_FishBase_Chwie_u5.jpg,Chaetodon wiebeli,fishbase,56.4,54.05,-2.35,41499,341
Chaetodon_wiebeli_FishBase_Chwie_u6.jpg,Chaetodon wiebeli,fishbase,51.89,54.05,2.16,73222,1283
Chaetodon_wiebeli_FishBase_Chwie_u7.jpg,Chaetodon wiebeli,fishbase,58.34,54.05,-4.29,138960,2106
Chaetodon_wiebeli_FishBaseUser_1569480488_172.68.133.128.jpg,Chaetodon wiebeli,fishbase,38.2,54.05,15.85,73326,878
Chaetodon_wiebeli_FishBaseUser_1569480522_172.68.141.54.jpg,Chaetodon wiebeli,fishbase,52.48,54.05,1.57,39010,289
Chaetodon_wiebeli_FishBaseUser_1609840471_172.69.33.235.jpg,Chaetodon wiebeli,fishbase,51.0,54.05,3.06,891031,336
Chaetodon_wiebeli_FishBaseUser_1628569666_172.70.147.80.jpg,Chaetodon wiebeli,fishbase,67.19,54.05,-13.14,4463598,191541
Chaetodon_wiebeli_FishBaseUser_1672901392_172.71.214.132.jpg,Chaetodon wiebeli,fishbase,38.53,54.05,15.52,582182,3826
Chaetodon_wiebeli_FishBaseUser_1672901418_172.71.214.132.jpg,Chaetodon wiebeli,fishbase,67.99,54.05,-13.94,1547150,4463
Chaetodon_wiebeli_FishBaseUser_1672901462_172.71.215.98.jpg,Chaetodon wiebeli,fishbase,59.9,54.05,-5.85,9022,0
Chaetodon_wiebeli_FishBaseUser_1672901501_172.71.218.148.jpg,Chaetodon wiebeli,fishbase,49.23,54.05,4.82,123641,0
Chaetodon_wiebeli_iNaturalist_303753000.jpg,Chaetodon wiebeli,inaturalist,41.18,54.05,12.87,304052,3388
Chaetodon_wiebeli_iNaturalist_303837873.jpg,Chaetodon wiebeli,inaturalist,45.95,54.05,8.11,389026,0
Chaetodon_wiebeli_iNaturalist_303837884.jpg,Chaetodon wiebeli,inaturalist,44.92,54.05,9.13,391458,0
Chaetodon_wiebeli_iNaturalist_324430476.jpg,Chaetodon wiebeli,inaturalist,53.87,54.05,0.18,104781,21
Chaetodon_wiebeli_iNaturalist_416917368.jpg,Chaetodon wiebeli,inaturalist,58.35,54.05,-4.3,85959,752
Chaetodon_wiebeli_iNaturalist_416922213.jpg,Chaetodon wiebeli,inaturalist,58.57,54.05,-4.51,71249,211
Chaetodon_wiebeli_iNaturalist_433350324.jpg,Chaetodon wiebeli,inaturalist,58.11,54.05,-4.06,2256,0
Chaetodon_wiebeli_iNaturalist_433350349.jpg,Chaetodon wiebeli,inaturalist,58.52,54.05,-4.47,2413,0
Chaetodon_wiebeli_iNaturalist_433350357.jpg,Chaetodon wiebeli,inaturalist,58.39,54.05,-4.34,2451,0
Chaetodon_wiebeli_iNaturalist_586264782.jpg,Chaetodon wiebeli,inaturalist,47.93,54.05,6.12,74765,1034
Chaetodon_xanthocephalus_FishPix_22175AF.jpg,Chaetodon xanthocephalus,fishpix,60.34,60.06,-0.28,91827,0
Chaetodon_xanthocephalus_Bishop_-1021247480.jpg,Chaetodon xanthocephalus,bishop,63.14,60.06,-3.08,244676,5320
Chaetodon_xanthocephalus_FishBase_Chxan_u2.jpg,Chaetodon xanthocephalus,fishbase,69.34,60.06,-9.28,132089,9863
Chaetodon_xanthocephalus_FishBase_Chxan_u5.jpg,Chaetodon xanthocephalus,fishbase,63.68,60.06,-3.62,137479,3564
Chaetodon_xanthocephalus_FishBase_Chxan_uj.jpg,Chaetodon xanthocephalus,fishbase,62.53,60.06,-2.47,99093,856
Chaetodon_xanthocephalus_FishBase_Chxan_um.jpg,Chaetodon xanthocephalus,fishbase,69.3,60.06,-9.24,101470,4716
Chaetodon_xanthocephalus_FishBase_Chxan_un.jpg,Chaetodon xanthocephalus,fishbase,60.82,60.06,-0.76,141856,1653
Chaetodon_xanthocephalus_FishBaseUser_1344197185_62.178.129.238.jpg,Chaetodon xanthocephalus,fishbase,60.25,60.06,-0.19,116231,412
Chaetodon_xanthocephalus_FishBaseUser_1423219931_86.10.40.87.jpg,Chaetodon xanthocephalus,fishbase,84.08,60.06,-24.02,1870386,93592
Chaetodon_xanthocephalus_FishBaseUser_1444695202_24.215.186.224.jpg,Chaetodon xanthocephalus,fishbase,68.5,60.06,-8.44,1044309,18861
Chaetodon_xanthocephalus_FishBaseUser_1473648704_162.158.165.25.jpg,Chaetodon xanthocephalus,fishbase,63.28,60.06,-3.22,80819,8
Chaetodon_xanthocephalus_FishBaseUser_1494615616_162.158.89.165.jpg,Chaetodon xanthocephalus,fishbase,53.21,60.06,6.85,306325,199
Chaetodon_xanthocephalus_FishBaseUser_1509183951_172.68.102.54.jpg,Chaetodon xanthocephalus,fishbase,42.65,60.06,17.41,683476,16617
Chaetodon_xanthocephalus_FishBaseUser_1547507502_141.101.104.55.jpg,Chaetodon xanthocephalus,fishbase,63.75,60.06,-3.69,244540,2240
Chaetodon_xanthocephalus_FishBaseUser_1585560151_108.162.229.206.jpg,Chaetodon xanthocephalus,fishbase,63.25,60.06,-3.19,450706,1606
Chaetodon_xanthocephalus_FishBaseUser_1585560544_108.162.229.206.jpg,Chaetodon xanthocephalus,fishbase,67.3,60.06,-7.24,140557,1102
Chaetodon_xanthocephalus_FishBaseUser_1701479783_162.158.204.130.jpg,Chaetodon xanthocephalus,fishbase,33.03,60.06,27.03,366137,1617
Chaetodon_xanthocephalus_FishBaseUser_1724958699_172.71.124.11.jpg,Chaetodon xanthocephalus,fishbase,60.71,60.06,-0.65,45378,49
Chaetodon_xanthocephalus_FishBaseUser_1724958728_172.71.124.11.jpg,Chaetodon xanthocephalus,fishbase,65.49,60.06,-5.43,40787,64
Chaetodon_xanthocephalus_iNaturalist_328453538.jpg,Chaetodon xanthocephalus,inaturalist,78.94,60.06,-18.88,158723,610
Chaetodon_xanthocephalus_iNaturalist_450960736.jpg,Chaetodon xanthocephalus,inaturalist,36.87,60.06,23.19,59680,8
Chaetodon_xanthocephalus_iNaturalist_450960738.jpg,Chaetodon xanthocephalus,inaturalist,34.72,60.06,25.34,82892,0
Chaetodon_xanthocephalus_iNaturalist_458538297.jpg,Chaetodon xanthocephalus,inaturalist,69.69,60.06,-9.63,120962,1230
Chaetodon_xanthocephalus_iNaturalist_458538304.jpg,Chaetodon xanthocephalus,inaturalist,64.25,60.06,-4.19,133776,2058
Chaetodon_xanthocephalus_iNaturalist_482464440.jpg,Chaetodon xanthocephalus,inaturalist,34.44,60.06,25.62,230518,68
Chaetodon_xanthocephalus_iNaturalist_484448276.jpg,Chaetodon xanthocephalus,inaturalist,24.59,60.06,35.48,113339,469
Chaetodon_xanthocephalus_iNaturalist_485213070.jpg,Chaetodon xanthocephalus,inaturalist,50.93,60.06,9.13,43709,132
Chaetodon_xanthocephalus_iNaturalist_590458116.jpg,Chaetodon xanthocephalus,inaturalist,19.58,60.06,40.48,42162,106
Chaetodon_xanthocephalus_iNaturalist_593967746.jpg,Chaetodon xanthocephalus,inaturalist,59.59,60.06,0.47,177055,118
Chaetodon_xanthocephalus_FishWise_074889F000009W000003.jpg,Chaetodon xanthocephalus,unknown,74.03,60.06,-13.97,75142,702
Chaetodon_xanthocephalus_FishWise_074889F000009W000004.jpg,Chaetodon xanthocephalus,unknown,78.1,60.06,-18.04,110898,1954
Chaetodon_xanthocephalus_FishWise_074889F000009W000007.jpg,Chaetodon xanthocephalus,unknown,84.46,60.06,-24.4,108209,644
Chaetodon_xanthocephalus_FishWise_074889F000009W000008.jpg,Chaetodon xanthocephalus,unknown,64.32,60.06,-4.26,109940,2213
Chaetodon_xanthocephalus_FishWise_074889F000009W000009.jpg,Chaetodon xanthocephalus,unknown,75.51,60.06,-15.45,123693,6341
Chaetodon_xanthocephalus_FishWise_074889F000009W000011.jpg,Chaetodon xanthocephalus,unknown,74.04,60.06,-13.98,100407,414
Chaetodon_xanthocephalus_FishWise_074889F000009W000012.jpg,Chaetodon xanthocephalus,unknown,57.49,60.06,2.57,107021,0
Chaetodon_xanthocephalus_FishWise_074889F000009W000013.jpg,Chaetodon xanthocephalus,unknown,54.47,60.06,5.59,98927,1
Chaetodon_xanthocephalus_FishWise_074889F000009W000014.jpg,Chaetodon xanthocephalus,unknown,54.22,60.06,5.84,119633,0
Chaetodon_xanthocephalus_FishWise_074889F000009W000015.jpg,Chaetodon xanthocephalus,unknown,54.31,60.06,5.75,98234,0
Chaetodon_xanthocephalus_FishWise_074889F000024W000001.jpg,Chaetodon xanthocephalus,unknown,69.36,60.06,-9.3,100922,7432
Chaetodon_xanthocephalus_FishWise_074889F000024W000002.jpg,Chaetodon xanthocephalus,unknown,63.77,60.06,-3.71,106301,2468
Chaetodon_xanthocephalus_FishWise_074889F000112W000006.jpg,Chaetodon xanthocephalus,unknown,71.12,60.06,-11.06,146491,137
Chaetodon_xanthocephalus_FishWise_074889F000172W000016.jpg,Chaetodon xanthocephalus,unknown,57.94,60.06,2.12,119962,0
Chaetodon_xanthocephalus_FishWise_074889F000379W000005.jpg,Chaetodon xanthocephalus,unknown,69.44,60.06,-9.38,90731,502
Chaetodon_xanthocephalus_FishWise_074889F000387W000010.jpg,Chaetodon xanthocephalus,unknown,51.91,60.06,8.15,97190,1
Chaetodon_xanthurus_FishPix_13034AF.jpg,Chaetodon xanthurus,fishpix,52.51,57.69,5.18,108072,1303
Chaetodon_xanthurus_Bishop_-858508951.jpg,Chaetodon xanthurus,bishop,58.25,57.69,-0.56,238341,4069
Chaetodon_xanthurus_FishBase_Chxan_u3.jpg,Chaetodon xanthurus,fishbase,50.2,57.69,7.49,61696,4409
Chaetodon_xanthurus_FishBase_Chxan_u6.jpg,Chaetodon xanthurus,fishbase,58.51,57.69,-0.82,134942,1002
Chaetodon_xanthurus_FishBase_Chxan_u7.jpg,Chaetodon xanthurus,fishbase,34.76,57.69,22.93,148614,758
Chaetodon_xanthurus_FishBase_Chxan_u8.jpg,Chaetodon xanthurus,fishbase,53.42,57.69,4.27,75027,225
Chaetodon_xanthurus_FishBase_Chxan_uk.jpg,Chaetodon xanthurus,fishbase,72.04,57.69,-14.34,14795,0
Chaetodon_xanthurus_FishBase_Chxan_ul.jpg,Chaetodon xanthurus,fishbase,65.1,57.69,-7.41,93907,1661
Chaetodon_xanthurus_FishBaseUser_1393926671_202.123.56.125.jpg,Chaetodon xanthurus,fishbase,81.9,57.69,-24.21,78918,0
Chaetodon_xanthurus_FishBaseUser_1460187834_141.101.99.85.jpg,Chaetodon xanthurus,fishbase,66.76,57.69,-9.07,1752424,34338
Chaetodon_xanthurus_FishBaseUser_1509184170_172.68.102.54.jpg,Chaetodon xanthurus,fishbase,48.12,57.69,9.58,200995,1057
Chaetodon_xanthurus_FishBaseUser_1515662852_141.101.98.252.jpg,Chaetodon xanthurus,fishbase,64.35,57.69,-6.66,4548188,73175
Chaetodon_xanthurus_FishBaseUser_1747085315_169.150.203.237.jpg,Chaetodon xanthurus,fishbase,67.8,57.69,-10.11,459728,3958
Chaetodon_xanthurus_iNaturalist_101304801.jpg,Chaetodon xanthurus,inaturalist,33.04,57.69,24.65,108992,18
Chaetodon_xanthurus_iNaturalist_207028115.jpg,Chaetodon xanthurus,inaturalist,68.79,57.69,-11.09,169523,178
Chaetodon_xanthurus_iNaturalist_221164225.jpg,Chaetodon xanthurus,inaturalist,76.17,57.69,-18.48,141892,0
Chaetodon_xanthurus_iNaturalist_279115959.jpg,Chaetodon xanthurus,inaturalist,56.08,57.69,1.61,105826,1
Chaetodon_xanthurus_iNaturalist_332071356.jpg,Chaetodon xanthurus,inaturalist,43.7,57.69,13.99,87902,2
Chaetodon_xanthurus_iNaturalist_427620838.jpg,Chaetodon xanthurus,inaturalist,49.7,57.69,7.99,128582,269
Chaetodon_xanthurus_iNaturalist_427620841.jpg,Chaetodon xanthurus,inaturalist,48.37,57.69,9.32,82413,271
Chaetodon_xanthurus_iNaturalist_440574102.jpg,Chaetodon xanthurus,inaturalist,72.22,57.69,-14.52,66191,342
Chaetodon_xanthurus_iNaturalist_440574125.jpg,Chaetodon xanthurus,inaturalist,64.73,57.69,-7.03,50458,0
Chaetodon_xanthurus_FishWise_075007F000024W000002.jpg,Chaetodon xanthurus,unknown,58.86,57.69,-1.17,102363,1956
Chaetodon_xanthurus_FishWise_075007F000031W000004.jpg,Chaetodon xanthurus,unknown,53.55,57.69,4.14,50234,120
Chaetodon_xanthurus_FishWise_075007F000033W000001.jpg,Chaetodon xanthurus,unknown,50.31,57.69,7.39,59137,4152
Chaetodon_xanthurus_FishWise_075007F000045W000003.jpg,Chaetodon xanthurus,unknown,34.64,57.69,23.05,105342,484
Chaetodon_xanthurus_FishWise_075007F000112W000005.jpg,Chaetodon xanthurus,unknown,66.19,57.69,-8.5,114510,1710
Chaetodon_xanthurus_FishWise_075007F000492W000006.jpg,Chaetodon xanthurus,unknown,65.31,57.69,-7.62,132007,1079
Chaetodon_zanzibarensis_FishBase_Chzan_u1.jpg,Chaetodon zanzibarensis,fishbase,79.25,63.18,-16.07,111779,3271
Chaetodon_zanzibarensis_FishBase_Chzan_u0.jpg,Chaetodon zanzibarensis,fishbase,42.11,63.18,21.08,130730,181
Chaetodon_zanzibarensis_FishBase_Chzan_u2.jpg,Chaetodon zanzibarensis,fishbase,66.41,63.18,-3.23,103209,5235
Chaetodon_zanzibarensis_FishBase_Chzan_u3.jpg,Chaetodon zanzibarensis,fishbase,72.46,63.18,-9.28,123217,5883
Chaetodon_zanzibarensis_FishBase_Chzan_u4.jpg,Chaetodon zanzibarensis,fishbase,71.89,63.18,-8.7,102172,2439
Chaetodon_zanzibarensis_iNaturalist_12066147.jpg,Chaetodon zanzibarensis,inaturalist,40.42,63.18,22.76,60465,6
Chaetodon_zanzibarensis_iNaturalist_12066149.jpg,Chaetodon zanzibarensis,inaturalist,43.27,63.18,19.91,61472,44
Chaetodon_zanzibarensis_iNaturalist_12066151.jpg,Chaetodon zanzibarensis,inaturalist,69.58,63.18,-6.39,121446,498
Chaetodon_zanzibarensis_iNaturalist_260172993.jpg,Chaetodon zanzibarensis,inaturalist,65.59,63.18,-2.4,52338,217
Chaetodon_zanzibarensis_iNaturalist_426318179.jpg,Chaetodon zanzibarensis,inaturalist,70.92,63.18,-7.74,16684,0
Chaetodon_zanzibarensis_iNaturalist_426318182.jpg,Chaetodon zanzibarensis,inaturalist,64.65,63.18,-1.47,18970,0
Chaetodon_zanzibarensis_iNaturalist_459832994.jpg,Chaetodon zanzibarensis,inaturalist,59.83,63.18,3.35,24017,13
Chaetodon_zanzibarensis_iNaturalist_459833013.jpg,Chaetodon zanzibarensis,inaturalist,69.55,63.18,-6.37,17220,75
Chaetodon_zanzibarensis_iNaturalist_459837615.jpg,Chaetodon zanzibarensis,inaturalist,77.32,63.18,-14.13,32708,0
Chaetodon_zanzibarensis_iNaturalist_66299912.jpg,Chaetodon zanzibarensis,inaturalist,71.69,63.18,-8.51,35749,221
Chaetodon_zanzibarensis_FishWise_075397F000024W000003.jpg,Chaetodon zanzibarensis,unknown,49.41,63.18,13.77,101121,1201
Chaetodon_zanzibarensis_FishWise_075397F000112W000001.jpg,Chaetodon zanzibarensis,unknown,59.74,63.18,3.44,118921,1
Chaetodon_zanzibariensis_Bishop_-1292827274.jpg,Chaetodon zanzibariensis,bishop,41.19,41.19,0.0,235292,0
Chelmon_marginalis_FishBase_Chmar_u2.jpg,Chelmon marginalis,fishbase,55.08,51.62,-3.46,105565,3022
Chelmon_marginalis_FishBase_Chmar_u5.jpg,Chelmon marginalis,fishbase,49.48,51.62,2.13,105767,1760
Chelmon_marginalis_Bishop_-1899628097.jpg,Chelmon marginalis,bishop,57.39,51.62,-5.77,178350,4358
Chelmon_marginalis_Bishop_-336691052.jpg,Chelmon marginalis,bishop,48.76,51.62,2.86,189514,2771
Chelmon_marginalis_Bishop_24220165.jpg,Chelmon marginalis,bishop,54.86,51.62,-3.24,188167,4370
Chelmon_marginalis_FishBase_Chmar_u4.jpg,Chelmon marginalis,fishbase,59.68,51.62,-8.06,108560,3825
Chelmon_marginalis_FishBase_Chmar_un.jpg,Chelmon marginalis,fishbase,61.18,51.62,-9.56,122427,2318
Chelmon_marginalis_iNaturalist_100384600.jpg,Chelmon marginalis,inaturalist,64.44,51.62,-12.82,205996,1450
Chelmon_marginalis_iNaturalist_18106798.jpg,Chelmon marginalis,inaturalist,56.11,51.62,-4.49,383085,3398
Chelmon_marginalis_iNaturalist_220605305.jpg,Chelmon marginalis,inaturalist,33.73,51.62,17.89,71332,4
Chelmon_marginalis_iNaturalist_220605314.jpg,Chelmon marginalis,inaturalist,51.71,51.62,-0.09,28810,293
Chelmon_marginalis_iNaturalist_271338157.jpg,Chelmon marginalis,inaturalist,39.75,51.62,11.87,50503,42
Chelmon_marginalis_iNaturalist_337576196.jpg,Chelmon marginalis,inaturalist,46.65,51.62,4.97,191021,2
Chelmon_marginalis_iNaturalist_341061423.jpg,Chelmon marginalis,inaturalist,61.53,51.62,-9.91,312793,26489
Chelmon_marginalis_iNaturalist_341730140.jpg,Chelmon marginalis,inaturalist,52.47,51.62,-0.86,310279,176
Chelmon_marginalis_iNaturalist_570390920.jpg,Chelmon marginalis,inaturalist,58.25,51.62,-6.64,250298,8199
Chelmon_marginalis_iNaturalist_99323687.jpg,Chelmon marginalis,inaturalist,49.07,51.62,2.55,167978,66
Chelmon_marginalis_FishWise_041756F000066W000004.gif,Chelmon marginalis,unknown,29.0,51.62,22.62,119258,27727
Chelmon_muelleri_FishBase_Chmue_u2.jpg,Chelmon muelleri,fishbase,34.16,38.62,4.45,116187,3150
Chelmon_muelleri_FishBase_Chmue_u3.jpg,Chelmon muelleri,fishbase,35.92,38.62,2.69,90014,84
Chelmon_muelleri_Bishop_1919363298.jpg,Chelmon muelleri,bishop,33.74,38.62,4.88,206956,4682
Chelmon_muelleri_Bishop_425540539.jpg,Chelmon muelleri,bishop,42.34,38.62,-3.72,222688,10471
Chelmon_muelleri_FishBase_Chmue_u0.jpg,Chelmon muelleri,fishbase,60.72,38.62,-22.1,90691,9383
Chelmon_muelleri_FishBase_Chmue_u1.jpg,Chelmon muelleri,fishbase,42.65,38.62,-4.03,125373,6535
Chelmon_muelleri_iNaturalist_14858131.jpg,Chelmon muelleri,inaturalist,37.44,38.62,1.17,153822,21
Chelmon_muelleri_iNaturalist_202629383.jpg,Chelmon muelleri,inaturalist,35.34,38.62,3.27,165003,0
Chelmon_muelleri_iNaturalist_241886728.jpg,Chelmon muelleri,inaturalist,49.12,38.62,-10.51,71437,0
Chelmon_muelleri_iNaturalist_341061339.jpg,Chelmon muelleri,inaturalist,38.39,38.62,0.22,325443,3
Chelmon_muelleri_iNaturalist_41609881.jpg,Chelmon muelleri,inaturalist,31.34,38.62,7.27,279228,7
Chelmon_muelleri_iNaturalist_600169429.jpg,Chelmon muelleri,inaturalist,43.32,38.62,-4.71,40350,5245
Chelmon_muelleri_iNaturalist_96908510.jpg,Chelmon muelleri,inaturalist,30.71,38.62,7.91,66094,0
Chelmon_muelleri_iNaturalist_96908513.jpg,Chelmon muelleri,inaturalist,25.41,38.62,13.21,67923,68
Chelmon_rostratus_FishPix_33375AF.jpg,Chelmon rostratus,fishpix,50.79,57.22,6.42,125185,2161
Chelmon_rostratus_Bishop_-1060273696.jpg,Chelmon rostratus,bishop,60.48,57.22,-3.26,189735,6099
Chelmon_rostratus_Bishop_-1630595999.jpg,Chelmon rostratus,bishop,60.14,57.22,-2.92,192675,6784
Chelmon_rostratus_FishBase_Chros_u0.jpg,Chelmon rostratus,fishbase,62.54,57.22,-5.32,106998,3497
Chelmon_rostratus_FishBase_Chros_u1.jpg,Chelmon rostratus,fishbase,55.1,57.22,2.12,87375,651
Chelmon_rostratus_FishBase_Chros_u4.jpg,Chelmon rostratus,fishbase,61.03,57.22,-3.82,106390,3914
Chelmon_rostratus_FishBase_Chros_u5.jpg,Chelmon rostratus,fishbase,60.57,57.22,-3.36,108163,4056
Chelmon_rostratus_FishBase_Chros_u7.jpg,Chelmon rostratus,fishbase,73.8,57.22,-16.58,29314,505
Chelmon_rostratus_FishBase_Chros_ua.jpg,Chelmon rostratus,fishbase,66.33,57.22,-9.12,77540,487
Chelmon_rostratus_FishBase_Chros_ub.jpg,Chelmon rostratus,fishbase,62.73,57.22,-5.51,53522,1637
Chelmon_rostratus_FishBaseUser_1358267001_217.19.29.93.jpg,Chelmon rostratus,fishbase,55.36,57.22,1.86,135368,76
Chelmon_rostratus_FishBaseUser_1378773783_69.127.149.175.jpg,Chelmon rostratus,fishbase,56.43,57.22,0.79,59877,0
Chelmon_rostratus_FishBaseUser_1392684020_71.202.224.33.jpg,Chelmon rostratus,fishbase,65.08,57.22,-7.87,267612,1886
Chelmon_rostratus_FishBaseUser_1452233059_94.198.18.55.jpg,Chelmon rostratus,fishbase,66.35,57.22,-9.13,1331333,49
Chelmon_rostratus_FishBaseUser_1509274041_172.68.102.54.jpg,Chelmon rostratus,fishbase,55.47,57.22,1.75,508831,65
Chelmon_rostratus_FishBaseUser_1510303331_162.158.138.12.jpg,Chelmon rostratus,fishbase,63.74,57.22,-6.52,4407553,241248
Chelmon_rostratus_FishBaseUser_1520146254_188.114.110.108.jpg,Chelmon rostratus,fishbase,79.12,57.22,-21.9,215571,9722
Chelmon_rostratus_FishBaseUser_1527672756_162.158.22.192.jpg,Chelmon rostratus,fishbase,55.31,57.22,1.91,238603,382
Chelmon_rostratus_FishBaseUser_1569481809_172.68.141.204.jpg,Chelmon rostratus,fishbase,53.01,57.22,4.2,260043,487
Chelmon_rostratus_FishBaseUser_1569481843_172.68.132.127.jpg,Chelmon rostratus,fishbase,57.67,57.22,-0.45,390911,2965
Chelmon_rostratus_FishBaseUser_1569481899_172.69.22.88.jpg,Chelmon rostratus,fishbase,53.32,57.22,3.9,79866,255
Chelmon_rostratus_FishBaseUser_1570357428_162.158.106.212.jpg,Chelmon rostratus,fishbase,47.67,57.22,9.55,499173,1895
Chelmon_rostratus_FishBaseUser_1588557136_188.114.111.235.jpg,Chelmon rostratus,fishbase,39.43,57.22,17.79,449636,27886
Chelmon_rostratus_FishBaseUser_1623368827_162.158.178.253.jpg,Chelmon rostratus,fishbase,47.15,57.22,10.06,304533,673
Chelmon_rostratus_FishBaseUser_1747172127_169.150.203.237.jpg,Chelmon rostratus,fishbase,74.24,57.22,-17.03,1454903,11593
Chelmon_rostratus_FishBaseUser_1747172170_169.150.203.237.jpg,Chelmon rostratus,fishbase,56.99,57.22,0.23,5769730,233
Chelmon_rostratus_FishBaseUser_1747247694_95.95.129.49.jpg,Chelmon rostratus,fishbase,41.62,57.22,15.6,517275,2859
Chelmon_rostratus_FishBaseUser_1753626466_219.73.75.40.jpg,Chelmon rostratus,fishbase,55.31,57.22,1.91,174176,546
Chelmon_rostratus_iNaturalist_116164409.jpg,Chelmon rostratus,inaturalist,65.67,57.22,-8.45,175062,458
Chelmon_rostratus_iNaturalist_132056083.jpg,Chelmon rostratus,inaturalist,53.1,57.22,4.11,96528,182
Chelmon_rostratus_iNaturalist_138964692.jpg,Chelmon rostratus,inaturalist,51.26,57.22,5.96,142112,4
Chelmon_rostratus_iNaturalist_165226880.jpg,Chelmon rostratus,inaturalist,56.21,57.22,1.01,238106,35
Chelmon_rostratus_iNaturalist_389832450.jpg,Chelmon rostratus,inaturalist,36.03,57.22,21.19,98750,0
Chelmon_rostratus_iNaturalist_579723287.jpg,Chelmon rostratus,inaturalist,44.67,57.22,12.55,288307,975
Chelmon_rostratus_iNaturalist_579723343.jpg,Chelmon rostratus,inaturalist,52.45,57.22,4.76,263700,211
Chelmon_rostratus_iNaturalist_605809779.jpg,Chelmon rostratus,inaturalist,71.03,57.22,-13.82,55273,587
Chelmon_rostratus_FishWise_060866F000112W000006.jpg,Chelmon rostratus,unknown,44.78,57.22,12.44,82953,2747
Chelmon_rostratus_FishWise_060866F000112W000007.jpg,Chelmon rostratus,unknown,62.26,57.22,-5.04,91379,96
Chelmonops_curiosus_FishBase_Chcur_u0.jpg,Chelmonops curiosus,fishbase,42.49,44.56,2.07,65395,11
Chelmonops_curiosus_FishBaseUser_1558011372_162.158.158.141.jpg,Chelmonops curiosus,fishbase,35.81,44.56,8.75,47553,3282
Chelmonops_curiosus_FishBaseUser_1558011406_162.158.158.141.jpg,Chelmonops curiosus,fishbase,44.22,44.56,0.34,48335,170
Chelmonops_curiosus_iNaturalist_13983228.jpg,Chelmonops curiosus,inaturalist,32.01,44.56,12.55,100165,5162
Chelmonops_curiosus_iNaturalist_17452463.jpg,Chelmonops curiosus,inaturalist,39.56,44.56,5.0,22423,356
Chelmonops_curiosus_iNaturalist_199284350.jpg,Chelmonops curiosus,inaturalist,53.23,44.56,-8.67,226889,15304
Chelmonops_curiosus_iNaturalist_23672257.jpg,Chelmonops curiosus,inaturalist,43.02,44.56,1.54,295543,6388
Chelmonops_curiosus_iNaturalist_23672405.jpg,Chelmonops curiosus,inaturalist,44.98,44.56,-0.42,139391,0
Chelmonops_curiosus_iNaturalist_29627923.jpg,Chelmonops curiosus,inaturalist,49.87,44.56,-5.31,21532,0
Chelmonops_curiosus_iNaturalist_29627943.jpg,Chelmonops curiosus,inaturalist,63.05,44.56,-18.49,15201,10
Chelmonops_curiosus_iNaturalist_342365702.jpg,Chelmonops curiosus,inaturalist,52.49,44.56,-7.92,56794,0
Chelmonops_curiosus_iNaturalist_342373914.jpg,Chelmonops curiosus,inaturalist,50.3,44.56,-5.73,27966,189
Chelmonops_curiosus_FishWise_017502F000492W000001.jpg,Chelmonops curiosus,unknown,41.27,44.56,3.29,70279,73
Chelmonops_curiosus_FishWise_017502F000492W000002.jpg,Chelmonops curiosus,unknown,31.56,44.56,13.0,85018,673
Chelmonops_truncatus_FishBase_Chtru_u1.jpg,Chelmonops truncatus,fishbase,30.23,41.04,10.81,127692,3013
Chelmonops_truncatus_Bishop_-473926281.jpg,Chelmonops truncatus,bishop,29.89,41.04,11.15,226608,2810
Chelmonops_truncatus_iNaturalist_18275793.jpg,Chelmonops truncatus,inaturalist,43.08,41.04,-2.04,222142,662
Chelmonops_truncatus_iNaturalist_20710357.jpg,Chelmonops truncatus,inaturalist,46.35,41.04,-5.32,174788,0
Chelmonops_truncatus_iNaturalist_21652115.jpg,Chelmonops truncatus,inaturalist,23.15,41.04,17.89,387755,8041
Chelmonops_truncatus_iNaturalist_21652120.jpg,Chelmonops truncatus,inaturalist,24.76,41.04,16.28,241607,2172
Chelmonops_truncatus_iNaturalist_23943685.jpg,Chelmonops truncatus,inaturalist,49.19,41.04,-8.15,103217,991
Chelmonops_truncatus_iNaturalist_24980935.jpg,Chelmonops truncatus,inaturalist,56.39,41.04,-15.35,241525,6276
Chelmonops_truncatus_iNaturalist_33025273.jpg,Chelmonops truncatus,inaturalist,39.77,41.04,1.27,95750,417
Chelmonops_truncatus_iNaturalist_42619218.jpg,Chelmonops truncatus,inaturalist,23.3,41.04,17.73,53900,18
Chelmonops_truncatus_iNaturalist_76040538.jpg,Chelmonops truncatus,inaturalist,48.77,41.04,-7.73,207521,15092
Chelmonops_truncatus_iNaturalist_79031638.jpg,Chelmonops truncatus,inaturalist,67.18,41.04,-26.14,89977,9174
Chelmonops_truncatus_FishWise_070901F007696W000002.jpg,Chelmonops truncatus,unknown,51.42,41.04,-10.39,75833,9072
Coradion_altivelis_FishPix_15047AF.jpg,Coradion altivelis,fishpix,42.82,48.56,5.74,110298,9171
Coradion_altivelis_Bishop_-1400875907.jpg,Coradion altivelis,bishop,55.23,48.56,-6.67,187877,9216
Coradion_altivelis_Bishop_1025347564.jpg,Coradion altivelis,bishop,49.82,48.56,-1.26,174882,186
Coradion_altivelis_FishBase_Coalt_u0.jpg,Coradion altivelis,fishbase,55.58,48.56,-7.02,105922,6453
Coradion_altivelis_FishBase_Coalt_u1.jpg,Coradion altivelis,fishbase,50.15,48.56,-1.59,98574,752
Coradion_altivelis_FishBase_Coalt_u2.jpg,Coradion altivelis,fishbase,45.73,48.56,2.84,56448,646
Coradion_altivelis_FishBase_Coalt_u4.jpg,Coradion altivelis,fishbase,46.5,48.56,2.06,123521,5357
Coradion_altivelis_FishBase_Coalt_u5.jpg,Coradion altivelis,fishbase,48.35,48.56,0.21,112820,213
Coradion_altivelis_FishBase_Coalt_u6.jpg,Coradion altivelis,fishbase,43.89,48.56,4.67,102242,1529
Coradion_altivelis_FishBaseUser_1398141298_202.123.56.125.jpg,Coradion altivelis,fishbase,49.02,48.56,-0.45,94635,0
Coradion_altivelis_FishBaseUser_1542863051_172.68.211.36.jpg,Coradion altivelis,fishbase,47.55,48.56,1.01,2706362,877
Coradion_altivelis_iNaturalist_154303836.jpg,Coradion altivelis,inaturalist,22.18,48.56,26.39,42452,0
Coradion_altivelis_iNaturalist_154303839.jpg,Coradion altivelis,inaturalist,31.84,48.56,16.72,21883,9
Coradion_altivelis_iNaturalist_220153501.jpg,Coradion altivelis,inaturalist,56.5,48.56,-7.94,103744,0
Coradion_altivelis_iNaturalist_273099920.jpg,Coradion altivelis,inaturalist,56.83,48.56,-8.27,39085,365
Coradion_altivelis_iNaturalist_273101790.jpg,Coradion altivelis,inaturalist,57.96,48.56,-9.4,101809,679
Coradion_altivelis_iNaturalist_283987512.jpg,Coradion altivelis,inaturalist,59.07,48.56,-10.51,34058,0
Coradion_altivelis_iNaturalist_319434619.jpg,Coradion altivelis,inaturalist,41.6,48.56,6.96,35534,1
Coradion_altivelis_iNaturalist_43170142.jpg,Coradion altivelis,inaturalist,38.21,48.56,10.35,40898,0
Coradion_altivelis_iNaturalist_585934103.jpg,Coradion altivelis,inaturalist,51.47,48.56,-2.9,167920,1341
Coradion_altivelis_iNaturalist_600159384.jpg,Coradion altivelis,inaturalist,59.18,48.56,-10.62,200853,1757
Coradion_altivelis_FishWise_002365F000024W000005.jpg,Coradion altivelis,unknown,57.76,48.56,-9.2,58916,1722
Coradion_altivelis_FishWise_002365F006689W000004.jpg,Coradion altivelis,unknown,49.68,48.56,-1.12,123894,85
Coradion_chrysozonus_FishPix_72095AF.jpg,Coradion chrysozonus,fishpix,59.99,50.27,-9.72,88925,93
Coradion_chrysozonus_Bishop_-1821725095.jpg,Coradion chrysozonus,bishop,57.23,50.27,-6.96,229774,7321
Coradion_chrysozonus_Bishop_1721541363.jpg,Coradion chrysozonus,bishop,40.58,50.27,9.69,176186,4336
Coradion_chrysozonus_Bishop_213329914.jpg,Coradion chrysozonus,bishop,50.84,50.27,-0.56,235168,2512
Coradion_chrysozonus_Bishop_28243640.jpg,Coradion chrysozonus,bishop,48.4,50.27,1.88,199452,2331
Coradion_chrysozonus_FishBase_Cochr_u0.jpg,Coradion chrysozonus,fishbase,58.0,50.27,-7.73,126032,15261
Coradion_chrysozonus_FishBase_Cochr_u1.jpg,Coradion chrysozonus,fishbase,57.47,50.27,-7.2,129539,5229
Coradion_chrysozonus_FishBase_Cochr_u2.jpg,Coradion chrysozonus,fishbase,50.45,50.27,-0.17,76966,549
Coradion_chrysozonus_FishBase_Cochr_u3.jpg,Coradion chrysozonus,fishbase,49.13,50.27,1.14,111295,1689
Coradion_chrysozonus_FishBase_Cochr_u4.jpg,Coradion chrysozonus,fishbase,41.07,50.27,9.2,99429,2908
Coradion_chrysozonus_FishBase_Cochr_u5.jpg,Coradion chrysozonus,fishbase,51.16,50.27,-0.88,132198,2166
Coradion_chrysozonus_FishBase_Cochr_u6.jpg,Coradion chrysozonus,fishbase,64.4,50.27,-14.13,60675,5097
Coradion_chrysozonus_FishBaseUser_1469522606_162.158.167.12.jpg,Coradion chrysozonus,fishbase,47.9,50.27,2.37,375424,254
Coradion_chrysozonus_FishBaseUser_1492968478_108.162.216.108.jpg,Coradion chrysozonus,fishbase,47.19,50.27,3.09,3465383,16496
Coradion_chrysozonus_FishBaseUser_1509285312_172.68.102.54.jpg,Coradion chrysozonus,fishbase,50.19,50.27,0.09,527254,18
Coradion_chrysozonus_FishBaseUser_1558076283_141.101.99.211.jpg,Coradion chrysozonus,fishbase,54.02,50.27,-3.74,169173,11672
Coradion_chrysozonus_FishBaseUser_1569482893_172.68.141.54.jpg,Coradion chrysozonus,fishbase,52.76,50.27,-2.49,103984,934
Coradion_chrysozonus_FishBaseUser_1569482923_172.68.143.140.jpg,Coradion chrysozonus,fishbase,60.28,50.27,-10.01,264160,14180
Coradion_chrysozonus_FishBaseUser_1569482956_172.68.132.67.jpg,Coradion chrysozonus,fishbase,32.45,50.27,17.82,283844,18125
Coradion_chrysozonus_FishBaseUser_1569482983_162.158.255.18.jpg,Coradion chrysozonus,fishbase,43.58,50.27,6.69,274024,8263
Coradion_chrysozonus_FishBaseUser_1577439074_172.68.102.128.jpg,Coradion chrysozonus,fishbase,42.38,50.27,7.89,2346258,26
Coradion_chrysozonus_FishBaseUser_1723305897_172.70.255.79.jpg,Coradion chrysozonus,fishbase,53.69,50.27,-3.42,188774,1778
Coradion_chrysozonus_FishBaseUser_1723305939_172.70.255.80.jpg,Coradion chrysozonus,fishbase,47.99,50.27,2.28,216891,715
Coradion_chrysozonus_FishBaseUser_1747573476_95.95.129.49.jpg,Coradion chrysozonus,fishbase,39.41,50.27,10.86,1317597,364
Coradion_chrysozonus_iNaturalist_131619442.jpg,Coradion chrysozonus,inaturalist,46.12,50.27,4.15,110220,130
Coradion_chrysozonus_iNaturalist_160228299.jpg,Coradion chrysozonus,inaturalist,51.2,50.27,-0.93,145129,788
Coradion_chrysozonus_iNaturalist_266332535.jpg,Coradion chrysozonus,inaturalist,31.98,50.27,18.29,329492,77
Coradion_chrysozonus_iNaturalist_277154827.jpg,Coradion chrysozonus,inaturalist,71.05,50.27,-20.78,65496,438
Coradion_chrysozonus_iNaturalist_325219219.jpg,Coradion chrysozonus,inaturalist,59.14,50.27,-8.86,139686,549
Coradion_chrysozonus_iNaturalist_336902408.jpg,Coradion chrysozonus,inaturalist,49.39,50.27,0.88,377566,2876
Coradion_chrysozonus_iNaturalist_336902426.jpg,Coradion chrysozonus,inaturalist,38.52,50.27,11.76,398457,1527
Coradion_chrysozonus_iNaturalist_368388152.jpg,Coradion chrysozonus,inaturalist,44.6,50.27,5.67,65595,17
Coradion_chrysozonus_iNaturalist_428621525.jpg,Coradion chrysozonus,inaturalist,50.1,50.27,0.17,85609,0
Coradion_chrysozonus_iNaturalist_67179004.jpg,Coradion chrysozonus,inaturalist,57.04,50.27,-6.77,191104,0
Coradion_chrysozonus_FishWise_014871F000492W000008.jpg,Coradion chrysozonus,unknown,59.85,50.27,-9.58,85064,6433
Coradion_melanopus_FishPix_10029AF.jpg,Coradion melanopus,fishpix,36.59,47.56,10.97,162416,0
Coradion_melanopus_Bishop_-1537131019.jpg,Coradion melanopus,bishop,50.98,47.56,-3.41,172573,7633
Coradion_melanopus_Bishop_1397670468.jpg,Coradion melanopus,bishop,38.81,47.56,8.75,178262,6209
Coradion_melanopus_Bishop_1537514406.jpg,Coradion melanopus,bishop,30.18,47.56,17.38,189957,8264
Coradion_melanopus_Bishop_726040623.jpg,Coradion melanopus,bishop,38.18,47.56,9.38,180013,6867
Coradion_melanopus_FishBase_Comel_j1.jpg,Coradion melanopus,fishbase,52.21,47.56,-4.64,67611,6406
Coradion_melanopus_FishBase_Comel_u0.jpg,Coradion melanopus,fishbase,51.21,47.56,-3.64,97239,5644
Coradion_melanopus_FishBase_Comel_u1.jpg,Coradion melanopus,fishbase,38.64,47.56,8.93,101126,4529
Coradion_melanopus_FishBase_Comel_u2.jpg,Coradion melanopus,fishbase,30.54,47.56,17.02,106926,5435
Coradion_melanopus_FishBase_Comel_u4.jpg,Coradion melanopus,fishbase,36.07,47.56,11.49,75078,7230
Coradion_melanopus_FishBase_Comel_uh.jpg,Coradion melanopus,fishbase,45.49,47.56,2.07,100174,4949
Coradion_melanopus_FishBase_Comel_ui.jpg,Coradion melanopus,fishbase,69.21,47.56,-21.65,76630,10093
Coradion_melanopus_FishBase_Comel_ul.jpg,Coradion melanopus,fishbase,54.81,47.56,-7.25,129992,10
Coradion_melanopus_FishBaseUser_1361880729_82.20.1.24.jpg,Coradion melanopus,fishbase,54.84,47.56,-7.28,284952,35868
Coradion_melanopus_FishBaseUser_1469522677_162.158.167.12.jpg,Coradion melanopus,fishbase,63.37,47.56,-15.81,97992,5442
Coradion_melanopus_FishBaseUser_1509285460_172.68.102.54.jpg,Coradion melanopus,fishbase,44.43,47.56,3.13,364011,3
Coradion_melanopus_FishBaseUser_1747573804_95.95.129.49.jpg,Coradion melanopus,fishbase,60.89,47.56,-13.32,1843019,264754
Coradion_melanopus_iNaturalist_179314622.jpg,Coradion melanopus,inaturalist,26.0,47.56,21.56,151892,87
Coradion_melanopus_iNaturalist_19089572.jpg,Coradion melanopus,inaturalist,40.72,47.56,6.84,152814,505
Coradion_melanopus_iNaturalist_38455831.jpg,Coradion melanopus,inaturalist,62.61,47.56,-15.05,89057,0
Coradion_melanopus_iNaturalist_461842709.jpg,Coradion melanopus,inaturalist,60.56,47.56,-12.99,179111,2
Coradion_melanopus_iNaturalist_572762865.jpg,Coradion melanopus,inaturalist,50.53,47.56,-2.97,728836,901
Coradion_melanopus_iNaturalist_591247918.jpg,Coradion melanopus,inaturalist,71.3,47.56,-23.74,57225,373
Coradion_melanopus_iNaturalist_594962027.jpg,Coradion melanopus,inaturalist,46.14,47.56,1.42,162584,12
Coradion_melanopus_iNaturalist_594962045.jpg,Coradion melanopus,inaturalist,44.87,47.56,2.69,422211,27
Coradion_melanopus_iNaturalist_80459445.jpg,Coradion melanopus,inaturalist,55.81,47.56,-8.25,392560,14188
Coradion_melanopus_FishWise_043349F000009W000009.jpg,Coradion melanopus,unknown,43.55,47.56,4.01,73008,21
Coradion_melanopus_FishWise_043349F000024W000002.jpg,Coradion melanopus,unknown,39.2,47.56,8.36,100377,4640
Coradion_melanopus_FishWise_043349F000387W000006.jpg,Coradion melanopus,unknown,47.8,47.56,-0.23,82565,0
Coradion_melanopus_FishWise_043349F000387W000007.jpg,Coradion melanopus,unknown,42.79,47.56,4.77,73512,305
Coradion_melanopus_FishWise_043349F000387W000008.jpg,Coradion melanopus,unknown,46.12,47.56,1.44,84832,418
Forcipiger_flavissimus_FishPix_11851AF.jpg,Forcipiger flavissimus,fishpix,70.83,67.26,-3.56,82991,905
Forcipiger_flavissimus_Bishop_-1224605166.jpg,Forcipiger flavissimus,bishop,67.56,67.26,-0.29,189806,1501
Forcipiger_flavissimus_Bishop_-1548318421.jpg,Forcipiger flavissimus,bishop,62.18,67.26,5.08,184598,936
Forcipiger_flavissimus_FishBase_Fofla_u0.jpg,Forcipiger flavissimus,fishbase,71.1,67.26,-3.83,99783,2592
Forcipiger_flavissimus_FishBase_Fofla_u1.jpg,Forcipiger flavissimus,fishbase,76.71,67.26,-9.45,72753,310
Forcipiger_flavissimus_FishBase_Fofla_u3.jpg,Forcipiger flavissimus,fishbase,68.22,67.26,-0.96,120578,1601
Forcipiger_flavissimus_FishBase_Fofla_u4.jpg,Forcipiger flavissimus,fishbase,62.71,67.26,4.55,108683,936
Forcipiger_flavissimus_FishBase_Fofla_u6.jpg,Forcipiger flavissimus,fishbase,73.94,67.26,-6.68,40362,1087
Forcipiger_flavissimus_FishBase_Fofla_u9.jpg,Forcipiger flavissimus,fishbase,82.7,67.26,-15.44,61767,328
Forcipiger_flavissimus_FishBase_Fofla_uc.jpg,Forcipiger flavissimus,fishbase,42.09,67.26,25.18,91143,14679
Forcipiger_flavissimus_FishBase_Fofla_ud.jpg,Forcipiger flavissimus,fishbase,79.9,67.26,-12.63,66135,2502
Forcipiger_flavissimus_FishBase_Fofla_ue.jpg,Forcipiger flavissimus,fishbase,65.15,67.26,2.12,91414,1
Forcipiger_flavissimus_FishBase_Fofla_uh.jpg,Forcipiger flavissimus,fishbase,73.26,67.26,-5.99,99092,3088
Forcipiger_flavissimus_FishBaseUser_1343337179_82.243.202.40.jpg,Forcipiger flavissimus,fishbase,75.94,67.26,-8.68,100601,0
Forcipiger_flavissimus_FishBaseUser_1344200216_62.178.129.238.jpg,Forcipiger flavissimus,fishbase,52.65,67.26,14.61,102815,235
Forcipiger_flavissimus_FishBaseUser_1469522787_162.158.167.12.jpg,Forcipiger flavissimus,fishbase,48.8,67.26,18.46,355955,2204
Forcipiger_flavissimus_FishBaseUser_1469522928_162.158.167.12.jpg,Forcipiger flavissimus,fishbase,80.95,67.26,-13.68,119013,1425
Forcipiger_flavissimus_FishBaseUser_1473646246_162.158.165.25.jpg,Forcipiger flavissimus,fishbase,82.52,67.26,-15.25,74177,1667
Forcipiger_flavissimus_FishBaseUser_1562853710_162.158.234.96.jpg,Forcipiger flavissimus,fishbase,76.36,67.26,-9.1,69096,3897
Forcipiger_flavissimus_FishBaseUser_1577457307_172.68.102.78.jpg,Forcipiger flavissimus,fishbase,58.73,67.26,8.53,752458,124
Forcipiger_flavissimus_FishBaseUser_1612045431_162.158.129.64.jpg,Forcipiger flavissimus,fishbase,66.09,67.26,1.17,178172,840
Forcipiger_flavissimus_FishBaseUser_1706120434_108.162.212.77.jpg,Forcipiger flavissimus,fishbase,74.12,67.26,-6.85,152336,4192
Forcipiger_flavissimus_FishBaseUser_1706290177_172.70.54.70.jpg,Forcipiger flavissimus,fishbase,76.13,67.26,-8.87,101374,332
Forcipiger_flavissimus_FishBaseUser_1706913878_172.70.255.37.jpg,Forcipiger flavissimus,fishbase,66.78,67.26,0.48,125126,2
Forcipiger_flavissimus_FishBaseUser_1724953820_162.158.170.214.jpg,Forcipiger flavissimus,fishbase,53.76,67.26,13.5,86085,514
Forcipiger_flavissimus_FishBaseUser_1724953913_162.158.170.244.jpg,Forcipiger flavissimus,fishbase,48.96,67.26,18.3,62135,51
Forcipiger_flavissimus_FishBaseUser_1747942465_95.95.129.49.jpg,Forcipiger flavissimus,fishbase,60.34,67.26,6.92,2053532,188
Forcipiger_flavissimus_FishBaseUser_1747942534_95.95.129.49.jpg,Forcipiger flavissimus,fishbase,63.05,67.26,4.21,311057,23
Forcipiger_flavissimus_FishBaseUser_1760314191_101.115.183.201.jpg,Forcipiger flavissimus,fishbase,64.7,67.26,2.57,1416426,111
Forcipiger_flavissimus_FishBaseUser_1760314330_101.115.183.201.jpg,Forcipiger flavissimus,fishbase,76.65,67.26,-9.38,372455,1886
Forcipiger_flavissimus_FishBaseUser_1760314748_101.115.183.201.jpg,Forcipiger flavissimus,fishbase,75.56,67.26,-8.3,1564833,61697
Forcipiger_flavissimus_FishBaseUser_1760314960_101.115.183.201.jpg,Forcipiger flavissimus,fishbase,73.31,67.26,-6.05,732380,6481
Forcipiger_flavissimus_iNaturalist_170376471.jpg,Forcipiger flavissimus,inaturalist,57.5,67.26,9.76,61196,10
Forcipiger_flavissimus_iNaturalist_17443763.jpg,Forcipiger flavissimus,inaturalist,52.02,67.26,15.24,208560,10021
Forcipiger_flavissimus_iNaturalist_179529899.jpg,Forcipiger flavissimus,inaturalist,73.44,67.26,-6.18,158203,932
Forcipiger_flavissimus_iNaturalist_179529903.jpg,Forcipiger flavissimus,inaturalist,70.17,67.26,-2.91,144202,965
Forcipiger_flavissimus_iNaturalist_222104159.jpg,Forcipiger flavissimus,inaturalist,71.38,67.26,-4.12,265964,0
Forcipiger_flavissimus_iNaturalist_237549065.jpg,Forcipiger flavissimus,inaturalist,54.91,67.26,12.35,42823,15
Forcipiger_flavissimus_iNaturalist_260490467.jpg,Forcipiger flavissimus,inaturalist,58.02,67.26,9.24,131365,849
Forcipiger_flavissimus_iNaturalist_389876206.jpg,Forcipiger flavissimus,inaturalist,71.75,67.26,-4.48,201707,692
Forcipiger_flavissimus_iNaturalist_59975862.jpg,Forcipiger flavissimus,inaturalist,63.45,67.26,3.82,298634,0
Forcipiger_flavissimus_iNaturalist_64532564.jpg,Forcipiger flavissimus,inaturalist,62.74,67.26,4.52,127027,46
Forcipiger_flavissimus_FishWise_023887F000004W000017.jpg,Forcipiger flavissimus,unknown,83.88,67.26,-16.62,65869,0
Forcipiger_flavissimus_FishWise_023887F000004W000018.jpg,Forcipiger flavissimus,unknown,60.46,67.26,6.81,82534,126
Forcipiger_flavissimus_FishWise_023887F000009W000023.jpg,Forcipiger flavissimus,unknown,46.85,67.26,20.42,101809,85
Forcipiger_flavissimus_FishWise_023887F000009W000024.jpg,Forcipiger flavissimus,unknown,74.76,67.26,-7.49,94631,222
Forcipiger_flavissimus_FishWise_023887F000009W000025.jpg,Forcipiger flavissimus,unknown,75.08,67.26,-7.81,73545,118
Forcipiger_flavissimus_FishWise_023887F000009W000026.jpg,Forcipiger flavissimus,unknown,74.19,67.26,-6.92,115968,595
Forcipiger_flavissimus_FishWise_023887F000024W000002.jpg,Forcipiger flavissimus,unknown,72.07,67.26,-4.81,92514,2040
Forcipiger_flavissimus_FishWise_023887F000024W000004.jpg,Forcipiger flavissimus,unknown,71.12,67.26,-3.86,81873,24
Forcipiger_flavissimus_FishWise_023887F000024W000006.jpg,Forcipiger flavissimus,unknown,67.3,67.26,-0.03,84329,923
Forcipiger_flavissimus_FishWise_023887F000025W000001.gif,Forcipiger flavissimus,unknown,74.48,67.26,-7.22,85227,8941
Forcipiger_flavissimus_FishWise_023887F000031W000005.jpg,Forcipiger flavissimus,unknown,74.37,67.26,-7.1,58217,1256
Forcipiger_flavissimus_FishWise_023887F000090W000003.jpg,Forcipiger flavissimus,unknown,76.84,67.26,-9.58,51937,233
Forcipiger_flavissimus_FishWise_023887F000112W000019.jpg,Forcipiger flavissimus,unknown,52.17,67.26,15.1,71902,0
Forcipiger_flavissimus_FishWise_023887F000112W000020.jpg,Forcipiger flavissimus,unknown,51.94,67.26,15.33,104478,0
Forcipiger_flavissimus_FishWise_023887F000112W000021.jpg,Forcipiger flavissimus,unknown,66.53,67.26,0.73,98125,0
Forcipiger_flavissimus_FishWise_023887F000112W000022.jpg,Forcipiger flavissimus,unknown,72.15,67.26,-4.88,86793,3386
Forcipiger_longirostris_FishBase_Folon_u1.jpg,Forcipiger longirostris,fishbase,68.59,56.86,-11.74,102069,8026
Forcipiger_longirostris_Bishop_2048048784.jpg,Forcipiger longirostris,bishop,30.93,56.86,25.92,177765,12609
Forcipiger_longirostris_Bishop_2122975038.jpg,Forcipiger longirostris,bishop,67.42,56.86,-10.56,178751,13480
Forcipiger_longirostris_Bishop_545316689.jpg,Forcipiger longirostris,bishop,57.81,56.86,-0.96,163015,303
Forcipiger_longirostris_FishBase_Folon_j0.jpg,Forcipiger longirostris,fishbase,64.84,56.86,-7.98,99262,6056
Forcipiger_longirostris_FishBase_Folon_u0.jpg,Forcipiger longirostris,fishbase,30.53,56.86,26.33,99765,7422
Forcipiger_longirostris_FishBase_Folon_u2.jpg,Forcipiger longirostris,fishbase,58.18,56.86,-1.33,110446,254
Forcipiger_longirostris_FishBase_Folon_u3.jpg,Forcipiger longirostris,fishbase,24.45,56.86,32.41,76719,387
Forcipiger_longirostris_FishBase_Folon_u5.jpg,Forcipiger longirostris,fishbase,24.57,56.86,32.28,101188,814
Forcipiger_longirostris_FishBase_Folon_u6.jpg,Forcipiger longirostris,fishbase,22.79,56.86,34.06,66098,2010
Forcipiger_longirostris_FishBase_Folon_u7.jpg,Forcipiger longirostris,fishbase,68.96,56.86,-12.1,71697,7639
Forcipiger_longirostris_FishBaseUser_1344201101_62.178.129.238.jpg,Forcipiger longirostris,fishbase,52.45,56.86,4.41,104322,123
Forcipiger_longirostris_FishBaseUser_1383590507_202.151.68.202.jpg,Forcipiger longirostris,fishbase,23.96,56.86,32.9,163601,877
Forcipiger_longirostris_FishBaseUser_1414547612_128.250.0.139.jpg,Forcipiger longirostris,fishbase,45.69,56.86,11.17,200896,0
Forcipiger_longirostris_FishBaseUser_1430166088_95.242.249.217.jpg,Forcipiger longirostris,fishbase,55.13,56.86,1.73,130022,156
Forcipiger_longirostris_FishBaseUser_1444696541_24.215.186.224.jpg,Forcipiger longirostris,fishbase,60.01,56.86,-3.16,557941,8214
Forcipiger_longirostris_FishBaseUser_1540306923_162.158.167.176.jpg,Forcipiger longirostris,fishbase,65.26,56.86,-8.4,212817,5764
Forcipiger_longirostris_FishBaseUser_1585736003_141.101.69.189.jpg,Forcipiger longirostris,fishbase,63.5,56.86,-6.64,169513,11854
Forcipiger_longirostris_FishBaseUser_1603233166_162.158.187.197.jpg,Forcipiger longirostris,fishbase,72.97,56.86,-16.12,674468,220
Forcipiger_longirostris_FishBaseUser_1704999678_172.70.255.47.jpg,Forcipiger longirostris,fishbase,71.18,56.86,-14.32,74626,3965
Forcipiger_longirostris_FishBaseUser_1706120257_172.70.255.81.jpg,Forcipiger longirostris,fishbase,62.57,56.86,-5.71,81538,693
Forcipiger_longirostris_FishBaseUser_1734044406_172.70.115.186.jpg,Forcipiger longirostris,fishbase,74.27,56.86,-17.41,1922709,63266
Forcipiger_longirostris_FishBaseUser_1747073148_50.83.213.203.jpg,Forcipiger longirostris,fishbase,56.54,56.86,0.32,648761,124
Forcipiger_longirostris_FishBaseUser_1747943212_95.95.129.49.jpg,Forcipiger longirostris,fishbase,57.27,56.86,-0.41,1092499,22966
Forcipiger_longirostris_FishBaseUser_1747943270_95.95.129.49.jpg,Forcipiger longirostris,fishbase,24.87,56.86,31.99,394175,963
Forcipiger_longirostris_FishBaseUser_1760167551_101.115.183.201.jpg,Forcipiger longirostris,fishbase,72.93,56.86,-16.07,509514,14694
Forcipiger_longirostris_FishBaseUser_1760167740_101.115.183.201.jpg,Forcipiger longirostris,fishbase,44.87,56.86,11.99,368520,53691
Forcipiger_longirostris_FishBaseUser_1760167831_101.115.183.201.jpg,Forcipiger longirostris,fishbase,41.23,56.86,15.63,747267,17443
Forcipiger_longirostris_FishBaseUser_1760308864_101.115.183.201.jpg,Forcipiger longirostris,fishbase,54.25,56.86,2.61,386208,920
Forcipiger_longirostris_FishBaseUser_1760309408_101.115.183.201.jpg,Forcipiger longirostris,fishbase,80.39,56.86,-23.53,971421,37006
Forcipiger_longirostris_iNaturalist_335279641.jpg,Forcipiger longirostris,inaturalist,22.42,56.86,34.44,126655,1823
Forcipiger_longirostris_iNaturalist_350169.jpg,Forcipiger longirostris,inaturalist,30.05,56.86,26.81,101376,105
Forcipiger_longirostris_iNaturalist_415726122.jpg,Forcipiger longirostris,inaturalist,67.16,56.86,-10.3,290622,2637
Forcipiger_longirostris_iNaturalist_474224006.jpg,Forcipiger longirostris,inaturalist,48.17,56.86,8.68,14182,23
Forcipiger_longirostris_iNaturalist_474224219.jpg,Forcipiger longirostris,inaturalist,79.02,56.86,-22.16,26109,0
Forcipiger_longirostris_iNaturalist_474224273.jpg,Forcipiger longirostris,inaturalist,74.87,56.86,-18.01,12190,61
Forcipiger_longirostris_iNaturalist_527171759.jpg,Forcipiger longirostris,inaturalist,77.83,56.86,-20.97,38588,462
Forcipiger_longirostris_iNaturalist_592502757.jpg,Forcipiger longirostris,inaturalist,29.89,56.86,26.96,111449,522
Forcipiger_longirostris_iNaturalist_592502784.jpg,Forcipiger longirostris,inaturalist,19.92,56.86,36.94,126631,260
Forcipiger_longirostris_FishWise_038381F000009W000005.jpg,Forcipiger longirostris,unknown,83.48,56.86,-26.62,73824,6726
Forcipiger_longirostris_FishWise_038381F000009W000006.jpg,Forcipiger longirostris,unknown,83.31,56.86,-26.45,60158,1532
Forcipiger_longirostris_FishWise_038381F000009W000007.jpg,Forcipiger longirostris,unknown,85.66,56.86,-28.81,72361,5902
Forcipiger_longirostris_FishWise_038381F000009W000009.jpg,Forcipiger longirostris,unknown,82.56,56.86,-25.71,50915,736
Forcipiger_longirostris_FishWise_038381F000009W000010.jpg,Forcipiger longirostris,unknown,66.61,56.86,-9.75,103091,137
Forcipiger_longirostris_FishWise_038381F000009W000011.jpg,Forcipiger longirostris,unknown,63.84,56.86,-6.98,115590,524
Forcipiger_longirostris_FishWise_038381F000009W000012.jpg,Forcipiger longirostris,unknown,62.3,56.86,-5.44,83907,1181
Forcipiger_longirostris_FishWise_038381F000009W000013.jpg,Forcipiger longirostris,unknown,61.33,56.86,-4.47,80485,502
Forcipiger_longirostris_FishWise_038381F000009W000014.jpg,Forcipiger longirostris,unknown,72.23,56.86,-15.37,77956,599
Forcipiger_longirostris_FishWise_038381F000009W000015.jpg,Forcipiger longirostris,unknown,59.59,56.86,-2.74,71434,592
Forcipiger_longirostris_FishWise_038381F000009W000016.jpg,Forcipiger longirostris,unknown,70.15,56.86,-13.29,83603,361
Forcipiger_longirostris_FishWise_038381F000009W000017.jpg,Forcipiger longirostris,unknown,70.15,56.86,-13.29,83603,361
Forcipiger_longirostris_FishWise_038381F000104W000003.jpg,Forcipiger longirostris,unknown,39.69,56.86,17.17,91103,8921
Forcipiger_longirostris_FishWise_038381F000112W000008.jpg,Forcipiger longirostris,unknown,64.81,56.86,-7.96,79446,4871
Forcipiger_wanai_FishBase_Fowan_u0.jpg,Forcipiger wanai,fishbase,49.87,55.8,5.93,78751,835
Forcipiger_wanai_FishBaseUser_1557652063_162.158.167.38.jpg,Forcipiger wanai,fishbase,43.78,55.8,12.02,23974,207
Forcipiger_wanai_FishBaseUser_1599387577_172.69.33.67.jpg,Forcipiger wanai,fishbase,30.22,55.8,25.59,898373,4898
Forcipiger_wanai_iNaturalist_435111898.jpg,Forcipiger wanai,inaturalist,61.81,55.8,-6.0,105277,558
Forcipiger_wanai_iNaturalist_435111986.jpg,Forcipiger wanai,inaturalist,79.46,55.8,-23.65,133901,2823
Forcipiger_wanai_iNaturalist_435112008.jpg,Forcipiger wanai,inaturalist,64.81,55.8,-9.0,179516,376
Forcipiger_wanai_iNaturalist_436511687.jpg,Forcipiger wanai,inaturalist,47.34,55.8,8.46,211652,1149
Forcipiger_wanai_iNaturalist_456409328.jpg,Forcipiger wanai,inaturalist,63.17,55.8,-7.36,139128,3381
Forcipiger_wanai_iNaturalist_457030087.jpg,Forcipiger wanai,inaturalist,54.73,55.8,1.07,58038,2
Forcipiger_wanai_iNaturalist_458153810.jpg,Forcipiger wanai,inaturalist,66.5,55.8,-10.69,66476,2087
Forcipiger_wanai_iNaturalist_566944234.jpg,Forcipiger wanai,inaturalist,59.0,55.8,-3.2,32418,429
Forcipiger_wanai_iNaturalist_59037792.jpg,Forcipiger wanai,inaturalist,49.82,55.8,5.98,205639,1
Forcipiger_wanai_iNaturalist_597780049.jpg,Forcipiger wanai,inaturalist,54.96,55.8,0.85,111009,111
Hemitaurichthys_multispinosus_FishBase_Hemul_u0.jpg,Hemitaurichthys multispinosus,fishbase,32.02,31.91,-0.11,119345,1111
Hemitaurichthys_multispinosus_Bishop_1514469863.jpg,Hemitaurichthys multispinosus,bishop,31.8,31.91,0.11,186220,913
Hemitaurichthys_polylepis_FishPix_19342AF.jpg,Hemitaurichthys polylepis,fishpix,73.9,64.01,-9.88,112099,197
Hemitaurichthys_polylepis_Bishop_224753564.jpg,Hemitaurichthys polylepis,bishop,70.59,64.01,-6.57,227970,5045
Hemitaurichthys_polylepis_FishBase_Hepol_u0.jpg,Hemitaurichthys polylepis,fishbase,66.04,64.01,-2.03,125088,1134
Hemitaurichthys_polylepis_FishBase_Hepol_u1.jpg,Hemitaurichthys polylepis,fishbase,66.45,64.01,-2.43,79808,169
Hemitaurichthys_polylepis_FishBase_Hepol_u2.jpg,Hemitaurichthys polylepis,fishbase,71.09,64.01,-7.08,128038,4593
Hemitaurichthys_polylepis_FishBase_Hepol_u6.jpg,Hemitaurichthys polylepis,fishbase,78.36,64.01,-14.34,78820,2137
Hemitaurichthys_polylepis_FishBase_Hepol_u7.jpg,Hemitaurichthys polylepis,fishbase,63.91,64.01,0.1,20557,0
Hemitaurichthys_polylepis_FishBase_Hepol_uc.jpg,Hemitaurichthys polylepis,fishbase,65.46,64.01,-1.45,106772,1316
Hemitaurichthys_polylepis_FishBase_Hepol_ud.jpg,Hemitaurichthys polylepis,fishbase,71.44,64.01,-7.43,110528,4530
Hemitaurichthys_polylepis_FishBase_Hepol_ue.jpg,Hemitaurichthys polylepis,fishbase,66.21,64.01,-2.2,110508,1608
Hemitaurichthys_polylepis_FishBaseUser_1469523293_162.158.167.12.jpg,Hemitaurichthys polylepis,fishbase,62.6,64.01,1.42,38030,36
Hemitaurichthys_polylepis_FishBaseUser_1473565135_162.158.165.25.jpg,Hemitaurichthys polylepis,fishbase,67.75,64.01,-3.74,92894,0
Hemitaurichthys_polylepis_FishBaseUser_1703951456_108.162.210.110.jpg,Hemitaurichthys polylepis,fishbase,57.7,64.01,6.31,59051,1355
Hemitaurichthys_polylepis_FishBaseUser_1704996733_108.162.212.117.jpg,Hemitaurichthys polylepis,fishbase,67.87,64.01,-3.85,147684,44
Hemitaurichthys_polylepis_FishBaseUser_1748163909_95.95.129.49.jpg,Hemitaurichthys polylepis,fishbase,60.16,64.01,3.85,5335507,0
Hemitaurichthys_polylepis_FishBaseUser_1748163965_95.95.129.49.jpg,Hemitaurichthys polylepis,fishbase,53.48,64.01,10.53,3091066,49887
Hemitaurichthys_polylepis_iNaturalist_179467594.jpg,Hemitaurichthys polylepis,inaturalist,67.15,64.01,-3.14,54700,0
Hemitaurichthys_polylepis_iNaturalist_237757988.jpg,Hemitaurichthys polylepis,inaturalist,28.62,64.01,35.39,153946,381
Hemitaurichthys_polylepis_iNaturalist_409603661.jpg,Hemitaurichthys polylepis,inaturalist,67.33,64.01,-3.31,163513,321
Hemitaurichthys_polylepis_iNaturalist_409603672.jpg,Hemitaurichthys polylepis,inaturalist,66.42,64.01,-2.41,115922,1
Hemitaurichthys_polylepis_iNaturalist_409603684.jpg,Hemitaurichthys polylepis,inaturalist,63.83,64.01,0.19,76377,0
Hemitaurichthys_polylepis_iNaturalist_477147605.jpg,Hemitaurichthys polylepis,inaturalist,53.21,64.01,10.8,67166,79
Hemitaurichthys_polylepis_iNaturalist_505103184.jpg,Hemitaurichthys polylepis,inaturalist,70.4,64.01,-6.39,97199,4376
Hemitaurichthys_polylepis_FishWise_056345F000009W000004.jpg,Hemitaurichthys polylepis,unknown,66.4,64.01,-2.39,124119,603
Hemitaurichthys_polylepis_FishWise_056345F000009W000005.jpg,Hemitaurichthys polylepis,unknown,55.16,64.01,8.85,128692,0
Hemitaurichthys_polylepis_FishWise_056345F000009W000006.jpg,Hemitaurichthys polylepis,unknown,62.79,64.01,1.22,88013,0
Hemitaurichthys_thompsoni_FishPix_76147AF.jpg,Hemitaurichthys thompsoni,fishpix,28.18,29.61,1.42,121750,0
Hemitaurichthys_thompsoni_FishBase_Hetho_u0.jpg,Hemitaurichthys thompsoni,fishbase,56.44,29.61,-26.84,114248,14149
Hemitaurichthys_thompsoni_iNaturalist_122841071.jpg,Hemitaurichthys thompsoni,inaturalist,32.23,29.61,-2.62,116719,180
Hemitaurichthys_thompsoni_iNaturalist_263235771.jpg,Hemitaurichthys thompsoni,inaturalist,28.75,29.61,0.85,50274,0
Hemitaurichthys_thompsoni_iNaturalist_535843126.jpg,Hemitaurichthys thompsoni,inaturalist,23.46,29.61,6.14,13182,0
Hemitaurichthys_thompsoni_iNaturalist_601149930.jpg,Hemitaurichthys thompsoni,inaturalist,21.84,29.61,7.77,48443,18
Hemitaurichthys_thompsoni_iNaturalist_601149946.jpg,Hemitaurichthys thompsoni,inaturalist,24.79,29.61,4.82,91757,3
Hemitaurichthys_thompsoni_iNaturalist_601149963.jpg,Hemitaurichthys thompsoni,inaturalist,18.15,29.61,11.46,17493,8
Hemitaurichthys_thompsoni_iNaturalist_610388709.jpg,Hemitaurichthys thompsoni,inaturalist,32.61,29.61,-3.01,14534,47
Hemitaurichthys_zoster_FishPix_12049AF.jpg,Hemitaurichthys zoster,fishpix,40.52,42.34,1.82,71867,1244
Hemitaurichthys_zoster_Bishop_1598828141.jpg,Hemitaurichthys zoster,bishop,39.23,42.34,3.11,215161,1277
Hemitaurichthys_zoster_FishBase_Hezos_u0.jpg,Hemitaurichthys zoster,fishbase,39.43,42.34,2.9,126197,1931
Hemitaurichthys_zoster_FishBase_Hezos_u1.jpg,Hemitaurichthys zoster,fishbase,32.97,42.34,9.37,108019,9862
Hemitaurichthys_zoster_FishBase_Hezos_u3.jpg,Hemitaurichthys zoster,fishbase,46.66,42.34,-4.32,139431,489
Hemitaurichthys_zoster_FishBase_Hezos_u4.jpg,Hemitaurichthys zoster,fishbase,41.93,42.34,0.4,107101,957
Hemitaurichthys_zoster_FishBaseUser_1344202968_62.178.129.238.jpg,Hemitaurichthys zoster,fishbase,31.74,42.34,10.6,114201,935
Hemitaurichthys_zoster_FishBaseUser_1361357028_86.28.236.182.jpg,Hemitaurichthys zoster,fishbase,49.69,42.34,-7.35,298092,9719
Hemitaurichthys_zoster_FishBaseUser_1473647686_162.158.165.25.jpg,Hemitaurichthys zoster,fishbase,40.96,42.34,1.38,19422,533
Hemitaurichthys_zoster_FishBaseUser_1473647790_162.158.165.25.jpg,Hemitaurichthys zoster,fishbase,47.95,42.34,-5.61,41375,5
Hemitaurichthys_zoster_FishBaseUser_1519055724_188.114.102.246.jpg,Hemitaurichthys zoster,fishbase,41.02,42.34,1.32,189769,708
Hemitaurichthys_zoster_FishBaseUser_1724990224_172.71.81.80.jpg,Hemitaurichthys zoster,fishbase,27.87,42.34,14.47,35084,365
Hemitaurichthys_zoster_FishBaseUser_1748164121_95.95.129.49.jpg,Hemitaurichthys zoster,fishbase,29.22,42.34,13.12,702794,47
Hemitaurichthys_zoster_iNaturalist_15934136.jpg,Hemitaurichthys zoster,inaturalist,36.13,42.34,6.21,399687,83
Hemitaurichthys_zoster_iNaturalist_485085859.jpg,Hemitaurichthys zoster,inaturalist,45.55,42.34,-3.21,20823,0
Hemitaurichthys_zoster_iNaturalist_602452085.jpg,Hemitaurichthys zoster,inaturalist,29.44,42.34,12.9,72659,6
Hemitaurichthys_zoster_iNaturalist_602702693.jpg,Hemitaurichthys zoster,inaturalist,18.75,42.34,23.59,125793,9
Hemitaurichthys_zoster_FishWise_075707F000009W000003.jpg,Hemitaurichthys zoster,unknown,53.44,42.34,-11.1,96612,93
Hemitaurichthys_zoster_FishWise_075707F000009W000007.jpg,Hemitaurichthys zoster,unknown,57.23,42.34,-14.89,121890,1844
Hemitaurichthys_zoster_FishWise_075707F000009W000008.jpg,Hemitaurichthys zoster,unknown,54.4,42.34,-12.06,127411,5832
Hemitaurichthys_zoster_FishWise_075707F000009W000009.jpg,Hemitaurichthys zoster,unknown,52.03,42.34,-9.69,100583,2
Hemitaurichthys_zoster_FishWise_075707F000009W000010.jpg,Hemitaurichthys zoster,unknown,32.32,42.34,10.02,96190,182
Hemitaurichthys_zoster_FishWise_075707F000009W000011.jpg,Hemitaurichthys zoster,unknown,43.41,42.34,-1.07,100807,260
Hemitaurichthys_zoster_FishWise_075707F000064W000001.gif,Hemitaurichthys zoster,unknown,57.28,42.34,-14.94,106681,16
Hemitaurichthys_zoster_FishWise_075707F000112W000006.jpg,Hemitaurichthys zoster,unknown,54.74,42.34,-12.4,113191,314
Hemitaurichthys_zoster_FishWise_075707F000167W000005.jpg,Hemitaurichthys zoster,unknown,56.91,42.34,-14.57,23222,1162
Heniochus_acuminatus_FishPix_54009AF.jpg,Heniochus acuminatus,fishpix,57.62,50.02,-7.61,87363,11336
Heniochus_acuminatus_Bishop_1817843498.jpg,Heniochus acuminatus,bishop,65.7,50.02,-15.69,182860,17829
Heniochus_acuminatus_Bishop_1965411939.jpg,Heniochus acuminatus,bishop,55.93,50.02,-5.91,184003,0
Heniochus_acuminatus_Bishop_2027043176.jpg,Heniochus acuminatus,bishop,54.88,50.02,-4.86,112175,13696
Heniochus_acuminatus_FishBase_Heacu_j0.jpg,Heniochus acuminatus,fishbase,49.66,50.02,0.36,29343,3031
Heniochus_acuminatus_FishBase_Heacu_j1.jpg,Heniochus acuminatus,fishbase,50.75,50.02,-0.73,31971,7
Heniochus_acuminatus_FishBase_Heacu_u1.jpg,Heniochus acuminatus,fishbase,56.12,50.02,-6.1,107873,599
Heniochus_acuminatus_FishBase_Heacu_u2.jpg,Heniochus acuminatus,fishbase,55.28,50.02,-5.26,63627,8526
Heniochus_acuminatus_FishBase_Heacu_u3.jpg,Heniochus acuminatus,fishbase,37.44,50.02,12.58,84419,9029
Heniochus_acuminatus_FishBase_Heacu_u4.jpg,Heniochus acuminatus,fishbase,65.8,50.02,-15.78,107469,11995
Heniochus_acuminatus_FishBase_Heacu_u6.jpg,Heniochus acuminatus,fishbase,56.56,50.02,-6.54,32888,1229
Heniochus_acuminatus_FishBase_Heacu_ug.jpg,Heniochus acuminatus,fishbase,60.54,50.02,-10.52,91991,1314
Heniochus_acuminatus_FishBase_Heacu_ui.jpg,Heniochus acuminatus,fishbase,51.27,50.02,-1.25,60226,957
Heniochus_acuminatus_FishBase_Heacu_uj.jpg,Heniochus acuminatus,fishbase,50.58,50.02,-0.56,93131,1065
Heniochus_acuminatus_FishBase_Heacu_uk.jpg,Heniochus acuminatus,fishbase,53.17,50.02,-3.15,79627,4575
Heniochus_acuminatus_FishBase_Hedip_u3.jpg,Heniochus acuminatus,fishbase,53.78,50.02,-3.76,47811,905
Heniochus_acuminatus_FishBaseUser_1345288087_117.240.235.66.jpg,Heniochus acuminatus,fishbase,43.27,50.02,6.75,96554,83
Heniochus_acuminatus_FishBaseUser_1357797911_125.17.229.2.jpg,Heniochus acuminatus,fishbase,44.38,50.02,5.64,2731630,9015
Heniochus_acuminatus_FishBaseUser_1361880251_82.20.1.24.jpg,Heniochus acuminatus,fishbase,51.58,50.02,-1.56,236270,3710
Heniochus_acuminatus_FishBaseUser_1366041827_182.178.32.137.jpg,Heniochus acuminatus,fishbase,49.86,50.02,0.16,127391,11
Heniochus_acuminatus_FishBaseUser_1378774478_69.127.149.175.jpg,Heniochus acuminatus,fishbase,41.4,50.02,8.62,42709,1419
Heniochus_acuminatus_FishBaseUser_1378774560_69.127.149.175.jpg,Heniochus acuminatus,fishbase,38.85,50.02,11.17,48595,451
Heniochus_acuminatus_FishBaseUser_1397911556_5.201.158.99.jpg,Heniochus acuminatus,fishbase,47.48,50.02,2.54,252876,0
Heniochus_acuminatus_FishBaseUser_1424498408_94.198.16.174.jpg,Heniochus acuminatus,fishbase,43.64,50.02,6.38,3109172,60502
Heniochus_acuminatus_FishBaseUser_1435171275_39.33.202.206.jpg,Heniochus acuminatus,fishbase,50.18,50.02,-0.16,162679,1
Heniochus_acuminatus_FishBaseUser_1435171341_39.33.202.206.jpg,Heniochus acuminatus,fishbase,48.6,50.02,1.42,184345,7
Heniochus_acuminatus_FishBaseUser_1441343189_117.206.95.248.jpg,Heniochus acuminatus,fishbase,49.38,50.02,0.64,175648,381
Heniochus_acuminatus_FishBaseUser_1476521901_162.158.31.220.jpg,Heniochus acuminatus,fishbase,48.04,50.02,1.98,275853,502
Heniochus_acuminatus_FishBaseUser_1481975447_188.114.102.52.jpg,Heniochus acuminatus,fishbase,50.44,50.02,-0.42,25865,0
Heniochus_acuminatus_FishBaseUser_1519786756_188.114.110.132.jpg,Heniochus acuminatus,fishbase,54.38,50.02,-4.36,817889,31691
Heniochus_acuminatus_FishBaseUser_1535211996_172.68.146.22.jpg,Heniochus acuminatus,fishbase,45.48,50.02,4.54,172573,1426
Heniochus_acuminatus_FishBaseUser_1541666291_162.158.155.226.jpg,Heniochus acuminatus,fishbase,49.05,50.02,0.97,2898320,0
Heniochus_acuminatus_FishBaseUser_1569828542_172.68.141.60.jpg,Heniochus acuminatus,fishbase,38.36,50.02,11.66,187473,18280
Heniochus_acuminatus_FishBaseUser_1569828565_172.68.189.231.jpg,Heniochus acuminatus,fishbase,37.8,50.02,12.22,178414,10830
Heniochus_acuminatus_FishBaseUser_1569828595_172.68.132.67.jpg,Heniochus acuminatus,fishbase,39.37,50.02,10.65,705851,21783
Heniochus_acuminatus_FishBaseUser_1569828756_162.158.255.18.jpg,Heniochus acuminatus,fishbase,32.29,50.02,17.73,398293,13579
Heniochus_acuminatus_FishBaseUser_1577525378_172.68.102.128.jpg,Heniochus acuminatus,fishbase,39.82,50.02,10.2,688792,6422
Heniochus_acuminatus_FishBaseUser_1577525860_172.68.102.128.jpg,Heniochus acuminatus,fishbase,36.04,50.02,13.98,1281364,6172
Heniochus_acuminatus_FishBaseUser_1637581424_162.158.166.242.jpg,Heniochus acuminatus,fishbase,29.89,50.02,20.13,1201350,11
Heniochus_acuminatus_FishBaseUser_1648891926_172.70.188.45.jpg,Heniochus acuminatus,fishbase,62.84,50.02,-12.82,271380,973
Heniochus_acuminatus_FishBaseUser_1656495866_172.70.143.34.jpg,Heniochus acuminatus,fishbase,40.93,50.02,9.09,429918,11905
Heniochus_acuminatus_FishBaseUser_1672901713_172.71.214.132.jpg,Heniochus acuminatus,fishbase,51.11,50.02,-1.09,17680,528
Heniochus_acuminatus_FishBaseUser_1672901758_162.158.178.62.jpg,Heniochus acuminatus,fishbase,47.55,50.02,2.47,701408,14
Heniochus_acuminatus_FishBaseUser_1672901777_162.158.178.63.jpg,Heniochus acuminatus,fishbase,45.3,50.02,4.72,466222,0
Heniochus_acuminatus_FishBaseUser_1706115133_172.70.54.168.jpg,Heniochus acuminatus,fishbase,45.25,50.02,4.77,285020,23007
Heniochus_acuminatus_FishBaseUser_1724989381_172.71.81.145.jpg,Heniochus acuminatus,fishbase,49.02,50.02,1.0,36968,10
Heniochus_acuminatus_FishBaseUser_1724989443_172.71.82.120.jpg,Heniochus acuminatus,fishbase,50.34,50.02,-0.32,50387,67
Heniochus_acuminatus_FishBaseUser_1739416905_172.70.208.160.jpg,Heniochus acuminatus,fishbase,46.95,50.02,3.07,219290,11460
Heniochus_acuminatus_FishBaseUser_1745462600_125.227.116.37.jpg,Heniochus acuminatus,fishbase,51.2,50.02,-1.18,349879,11585
Heniochus_acuminatus_FishBaseUser_1748164378_95.95.129.49.jpg,Heniochus acuminatus,fishbase,36.76,50.02,13.26,1819895,64270
Heniochus_acuminatus_FishBaseUser_1748164433_95.95.129.49.jpg,Heniochus acuminatus,fishbase,46.1,50.02,3.92,2651306,178
Heniochus_acuminatus_FishBaseUser_1761156316_203.189.184.146.jpg,Heniochus acuminatus,fishbase,43.19,50.02,6.83,397397,1371
Heniochus_acuminatus_iNaturalist_20970094.jpg,Heniochus acuminatus,inaturalist,40.87,50.02,9.15,64635,1258
Heniochus_acuminatus_iNaturalist_251551497.jpg,Heniochus acuminatus,inaturalist,62.98,50.02,-12.96,43089,298
Heniochus_acuminatus_iNaturalist_386242137.jpg,Heniochus acuminatus,inaturalist,45.63,50.02,4.39,79675,1407
Heniochus_acuminatus_iNaturalist_386242143.jpg,Heniochus acuminatus,inaturalist,64.01,50.02,-13.99,124588,0
Heniochus_acuminatus_iNaturalist_407722773.jpg,Heniochus acuminatus,inaturalist,52.77,50.02,-2.76,204785,17466
Heniochus_acuminatus_iNaturalist_598752844.jpg,Heniochus acuminatus,inaturalist,53.33,50.02,-3.31,127735,152
Heniochus_acuminatus_iNaturalist_598752856.jpg,Heniochus acuminatus,inaturalist,59.57,50.02,-9.55,128919,0
Heniochus_acuminatus_iNaturalist_598753419.jpg,Heniochus acuminatus,inaturalist,42.34,50.02,7.68,83444,115
Heniochus_acuminatus_FishWise_000442F000007W000009.jpg,Heniochus acuminatus,unknown,51.24,50.02,-1.22,31437,85
Heniochus_acuminatus_FishWise_000442F000009W000008.jpg,Heniochus acuminatus,unknown,61.16,50.02,-11.14,21848,1453
Heniochus_acuminatus_FishWise_000442F000009W000010.jpg,Heniochus acuminatus,unknown,66.65,50.02,-16.63,50041,1883
Heniochus_acuminatus_FishWise_000442F000009W000013.jpg,Heniochus acuminatus,unknown,56.67,50.02,-6.65,85494,808
Heniochus_acuminatus_FishWise_000442F000009W000014.jpg,Heniochus acuminatus,unknown,55.63,50.02,-5.61,69159,5388
Heniochus_acuminatus_FishWise_000442F000009W000015.jpg,Heniochus acuminatus,unknown,46.5,50.02,3.52,64997,0
Heniochus_acuminatus_FishWise_000442F000009W000016.jpg,Heniochus acuminatus,unknown,50.74,50.02,-0.72,65263,472
Heniochus_acuminatus_FishWise_000442F000024W000002.jpg,Heniochus acuminatus,unknown,56.12,50.02,-6.1,80970,321
Heniochus_acuminatus_FishWise_000442F000024W000003.jpg,Heniochus acuminatus,unknown,36.66,50.02,13.36,69584,7339
Heniochus_acuminatus_FishWise_000442F000025W000001.gif,Heniochus acuminatus,unknown,56.42,50.02,-6.4,39952,10312
Heniochus_acuminatus_FishWise_000442F000031W000004.jpg,Heniochus acuminatus,unknown,56.51,50.02,-6.49,42924,963
Heniochus_acuminatus_FishWise_000442F000112W000007.jpg,Heniochus acuminatus,unknown,66.3,50.02,-16.28,45607,1835
Heniochus_acuminatus_FishWise_000442F000112W000011.jpg,Heniochus acuminatus,unknown,61.27,50.02,-11.25,50590,4297
Heniochus_acuminatus_FishWise_000442F000112W000012.jpg,Heniochus acuminatus,unknown,47.37,50.02,2.65,45345,222
Heniochus_acuminatus_FishWise_000442F004577W000017.jpg,Heniochus acuminatus,unknown,59.53,50.02,-9.51,52862,980
Heniochus_chrysostomus_FishPix_15259AF.jpg,Heniochus chrysostomus,fishpix,47.52,47.01,-0.51,105283,0
Heniochus_chrysostomus_Bishop_1854375753.jpg,Heniochus chrysostomus,bishop,52.02,47.01,-5.01,192311,38954
Heniochus_chrysostomus_FishBase_Hechr_j0.jpg,Heniochus chrysostomus,fishbase,42.21,47.01,4.8,58644,213
Heniochus_chrysostomus_FishBase_Hechr_j1.jpg,Heniochus chrysostomus,fishbase,47.97,47.01,-0.96,52029,0
Heniochus_chrysostomus_FishBase_Hechr_u0.jpg,Heniochus chrysostomus,fishbase,52.35,47.01,-5.34,108368,22886
Heniochus_chrysostomus_FishBase_Hechr_u1.jpg,Heniochus chrysostomus,fishbase,61.26,47.01,-14.25,84036,9311
Heniochus_chrysostomus_FishBase_Hechr_u2.jpg,Heniochus chrysostomus,fishbase,51.39,47.01,-4.38,60244,972
Heniochus_chrysostomus_FishBase_Hechr_u3.jpg,Heniochus chrysostomus,fishbase,58.63,47.01,-11.62,30423,4098
Heniochus_chrysostomus_FishBase_Hechr_u6.jpg,Heniochus chrysostomus,fishbase,41.96,47.01,5.05,77299,7673
Heniochus_chrysostomus_FishBase_Hechr_u7.jpg,Heniochus chrysostomus,fishbase,40.76,47.01,6.25,77160,6137
Heniochus_chrysostomus_FishBaseUser_1341436591_24.185.16.14.jpg,Heniochus chrysostomus,fishbase,50.02,47.01,-3.01,41447,831
Heniochus_chrysostomus_FishBaseUser_1343294592_82.243.202.40.jpg,Heniochus chrysostomus,fishbase,60.06,47.01,-13.05,25335,4
Heniochus_chrysostomus_FishBaseUser_1343294769_82.243.202.40.jpg,Heniochus chrysostomus,fishbase,44.72,47.01,2.3,58990,88
Heniochus_chrysostomus_FishBaseUser_1374870794_83.89.41.145.jpg,Heniochus chrysostomus,fishbase,26.4,47.01,20.61,1708638,48097
Heniochus_chrysostomus_FishBaseUser_1389913211_38.99.243.46.jpg,Heniochus chrysostomus,fishbase,35.54,47.01,11.47,245580,1223
Heniochus_chrysostomus_FishBaseUser_1469523393_162.158.167.12.jpg,Heniochus chrysostomus,fishbase,45.67,47.01,1.34,474611,202
Heniochus_chrysostomus_FishBaseUser_1577525997_172.68.102.30.jpg,Heniochus chrysostomus,fishbase,36.31,47.01,10.7,1060769,24
Heniochus_chrysostomus_FishBaseUser_1704667341_172.70.54.42.jpg,Heniochus chrysostomus,fishbase,48.17,47.01,-1.16,111041,1287
Heniochus_chrysostomus_FishBaseUser_1704988942_172.70.82.177.jpg,Heniochus chrysostomus,fishbase,48.77,47.01,-1.76,74909,2201
Heniochus_chrysostomus_FishBaseUser_1706913708_172.70.55.71.jpg,Heniochus chrysostomus,fishbase,51.5,47.01,-4.49,158618,4063
Heniochus_chrysostomus_FishBaseUser_1748164718_95.95.129.49.jpg,Heniochus chrysostomus,fishbase,48.06,47.01,-1.04,2771730,33673
Heniochus_chrysostomus_FishBaseUser_1748164773_95.95.129.49.jpg,Heniochus chrysostomus,fishbase,35.58,47.01,11.43,1093441,50140
Heniochus_chrysostomus_iNaturalist_170510325.jpg,Heniochus chrysostomus,inaturalist,46.53,47.01,0.48,135742,2380
Heniochus_chrysostomus_iNaturalist_206734406.jpg,Heniochus chrysostomus,inaturalist,52.3,47.01,-5.29,110142,0
Heniochus_chrysostomus_iNaturalist_237286772.jpg,Heniochus chrysostomus,inaturalist,45.91,47.01,1.1,58593,0
Heniochus_chrysostomus_iNaturalist_237980308.jpg,Heniochus chrysostomus,inaturalist,50.79,47.01,-3.78,251960,24
Heniochus_chrysostomus_iNaturalist_251695494.jpg,Heniochus chrysostomus,inaturalist,43.53,47.01,3.48,177407,87
Heniochus_chrysostomus_iNaturalist_472989237.jpg,Heniochus chrysostomus,inaturalist,41.64,47.01,5.37,110750,38
Heniochus_chrysostomus_iNaturalist_9703424.jpg,Heniochus chrysostomus,inaturalist,25.64,47.01,21.37,23826,504
Heniochus_chrysostomus_FishWise_014849F000004W000011.jpg,Heniochus chrysostomus,unknown,48.93,47.01,-1.92,31512,0
Heniochus_chrysostomus_FishWise_014849F000009W000009.jpg,Heniochus chrysostomus,unknown,66.31,47.01,-19.29,71658,279
Heniochus_chrysostomus_FishWise_014849F000024W000001.jpg,Heniochus chrysostomus,unknown,51.69,47.01,-4.68,80058,16252
Heniochus_chrysostomus_FishWise_014849F000024W000002.jpg,Heniochus chrysostomus,unknown,61.31,47.01,-14.3,71354,7837
Heniochus_chrysostomus_FishWise_014849F000031W000004.jpg,Heniochus chrysostomus,unknown,58.12,47.01,-11.11,24756,3462
Heniochus_chrysostomus_FishWise_014849F000090W000003.jpg,Heniochus chrysostomus,unknown,51.68,47.01,-4.67,41858,156
Heniochus_chrysostomus_FishWise_014849F000112W000005.jpg,Heniochus chrysostomus,unknown,40.18,47.01,6.83,55575,250
Heniochus_chrysostomus_FishWise_014849F000112W000006.jpg,Heniochus chrysostomus,unknown,49.2,47.01,-2.19,34779,0
Heniochus_chrysostomus_FishWise_014849F000112W000010.jpg,Heniochus chrysostomus,unknown,43.58,47.01,3.43,42021,91
Heniochus_chrysostomus_FishWise_014849F000387W000007.jpg,Heniochus chrysostomus,unknown,38.13,47.01,8.88,92084,408
Heniochus_chrysostomus_FishWise_014849F000387W000008.jpg,Heniochus chrysostomus,unknown,38.13,47.01,8.88,81099,143
Heniochus_diphreutes_FishPix_11583AF.jpg,Heniochus diphreutes,fishpix,46.4,46.76,0.35,89352,6462
Heniochus_diphreutes_FishPix_21252AF.jpg,Heniochus diphreutes,fishpix,58.02,46.76,-11.26,95751,7998
Heniochus_diphreutes_Bishop_1453219286.jpg,Heniochus diphreutes,bishop,46.65,46.76,0.11,140155,361
Heniochus_diphreutes_FishBase_Hedip_u0.jpg,Heniochus diphreutes,fishbase,51.92,46.76,-5.16,83411,16450
Heniochus_diphreutes_FishBase_Hedip_u1.jpg,Heniochus diphreutes,fishbase,40.5,46.76,6.26,61208,4092
Heniochus_diphreutes_FishBase_Hedip_u2.jpg,Heniochus diphreutes,fishbase,47.12,46.76,-0.36,79605,933
Heniochus_diphreutes_FishBase_Hedip_u4.jpg,Heniochus diphreutes,fishbase,50.38,46.76,-3.62,92123,6605
Heniochus_diphreutes_FishBase_Hedip_u5.jpg,Heniochus diphreutes,fishbase,55.91,46.76,-9.15,69915,9894
Heniochus_diphreutes_FishBaseUser_1343294955_82.243.202.40.jpg,Heniochus diphreutes,fishbase,51.61,46.76,-4.85,39671,321
Heniochus_diphreutes_FishBaseUser_1392098509_71.202.224.33.jpg,Heniochus diphreutes,fishbase,50.89,46.76,-4.13,167025,631
Heniochus_diphreutes_FishBaseUser_1671308371_108.162.238.16.jpg,Heniochus diphreutes,fishbase,52.58,46.76,-5.83,513290,2266
Heniochus_diphreutes_FishBaseUser_1671308431_108.162.238.16.jpg,Heniochus diphreutes,fishbase,50.13,46.76,-3.37,530020,107
Heniochus_diphreutes_FishBaseUser_1703958233_108.162.210.114.jpg,Heniochus diphreutes,fishbase,48.12,46.76,-1.37,83106,0
Heniochus_diphreutes_FishBaseUser_1748176781_95.95.129.49.jpg,Heniochus diphreutes,fishbase,27.04,46.76,19.72,1332921,67783
Heniochus_diphreutes_iNaturalist_178100777.jpg,Heniochus diphreutes,inaturalist,49.57,46.76,-2.81,60100,1
Heniochus_diphreutes_iNaturalist_178879467.jpg,Heniochus diphreutes,inaturalist,53.51,46.76,-6.75,28516,452
Heniochus_diphreutes_iNaturalist_305134134.jpg,Heniochus diphreutes,inaturalist,37.82,46.76,8.94,104474,6815
Heniochus_diphreutes_iNaturalist_361214183.jpg,Heniochus diphreutes,inaturalist,43.08,46.76,3.68,62615,956
Heniochus_diphreutes_iNaturalist_361214220.jpg,Heniochus diphreutes,inaturalist,48.38,46.76,-1.62,36646,53
Heniochus_diphreutes_iNaturalist_605814253.jpg,Heniochus diphreutes,inaturalist,40.7,46.76,6.06,135058,307
Heniochus_diphreutes_iNaturalist_605814272.jpg,Heniochus diphreutes,inaturalist,28.85,46.76,17.91,81386,7
Heniochus_diphreutes_iNaturalist_605814292.jpg,Heniochus diphreutes,inaturalist,43.64,46.76,3.12,359538,38
Heniochus_diphreutes_FishWise_019404F000009W000011.jpg,Heniochus diphreutes,unknown,43.97,46.76,2.78,77309,533
Heniochus_diphreutes_FishWise_019404F000009W000013.jpg,Heniochus diphreutes,unknown,46.48,46.76,0.28,26318,38
Heniochus_diphreutes_FishWise_019404F000024W000002.jpg,Heniochus diphreutes,unknown,52.13,46.76,-5.37,55913,11291
Heniochus_diphreutes_FishWise_019404F000024W000004.jpg,Heniochus diphreutes,unknown,46.58,46.76,0.18,58107,709
Heniochus_diphreutes_FishWise_019404F000064W000001.gif,Heniochus diphreutes,unknown,65.22,46.76,-18.47,48950,11099
Heniochus_diphreutes_FishWise_019404F000112W000008.jpg,Heniochus diphreutes,unknown,50.83,46.76,-4.07,36509,0
Heniochus_diphreutes_FishWise_019404F000112W000009.jpg,Heniochus diphreutes,unknown,45.68,46.76,1.08,55402,0
Heniochus_diphreutes_FishWise_019404F000112W000010.jpg,Heniochus diphreutes,unknown,44.3,46.76,2.46,31531,42
Heniochus_diphreutes_FishWise_019404F000423W000012.jpg,Heniochus diphreutes,unknown,31.5,46.76,15.26,57360,3058
Heniochus_intermedius_FishPix_141059AF.jpg,Heniochus intermedius,fishpix,46.03,49.79,3.76,123241,72
Heniochus_intermedius_Bishop_-20578450.jpg,Heniochus intermedius,bishop,56.16,49.79,-6.37,196160,10477
Heniochus_intermedius_FishBase_Heint_u0.jpg,Heniochus intermedius,fishbase,52.24,49.79,-2.45,108834,10764
Heniochus_intermedius_FishBase_Heint_u1.jpg,Heniochus intermedius,fishbase,56.29,49.79,-6.5,110379,6921
Heniochus_intermedius_FishBase_Heint_u2.jpg,Heniochus intermedius,fishbase,44.39,49.79,5.41,83724,0
Heniochus_intermedius_FishBase_Heint_u3.jpg,Heniochus intermedius,fishbase,41.11,49.79,8.68,116012,793
Heniochus_intermedius_FishBase_Heint_u4.jpg,Heniochus intermedius,fishbase,46.52,49.79,3.27,92873,2956
Heniochus_intermedius_FishBaseUser_1368364116_82.20.1.24.jpg,Heniochus intermedius,fishbase,55.37,49.79,-5.58,245584,4383
Heniochus_intermedius_FishBaseUser_1482256259_188.114.102.48.jpg,Heniochus intermedius,fishbase,46.79,49.79,3.0,21713,211
Heniochus_intermedius_FishBaseUser_1482311413_188.114.102.48.jpg,Heniochus intermedius,fishbase,51.1,49.79,-1.3,93193,483
Heniochus_intermedius_FishBaseUser_1585395915_141.101.69.75.jpg,Heniochus intermedius,fishbase,50.05,49.79,-0.26,1678808,0
Heniochus_intermedius_FishBaseUser_1585413762_141.101.69.167.jpg,Heniochus intermedius,fishbase,50.07,49.79,-0.28,1675517,0
Heniochus_intermedius_FishBaseUser_1671142920_108.162.237.248.jpg,Heniochus intermedius,fishbase,57.37,49.79,-7.58,458068,11361
Heniochus_intermedius_FishBaseUser_1671142990_108.162.237.248.jpg,Heniochus intermedius,fishbase,64.0,49.79,-14.21,353531,27514
Heniochus_intermedius_FishBaseUser_1705789226_172.70.82.83.jpg,Heniochus intermedius,fishbase,60.97,49.79,-11.18,83250,1723
Heniochus_intermedius_FishBaseUser_1748176968_95.95.129.49.jpg,Heniochus intermedius,fishbase,49.11,49.79,0.68,582782,5170
Heniochus_intermedius_iNaturalist_190615451.jpg,Heniochus intermedius,inaturalist,44.37,49.79,5.42,162230,1651
Heniochus_intermedius_iNaturalist_354359713.jpg,Heniochus intermedius,inaturalist,49.21,49.79,0.58,205234,307
Heniochus_intermedius_iNaturalist_418060508.jpg,Heniochus intermedius,inaturalist,40.85,49.79,8.94,156823,1
Heniochus_intermedius_iNaturalist_468855261.jpg,Heniochus intermedius,inaturalist,43.79,49.79,6.0,120777,1142
Heniochus_intermedius_iNaturalist_487588004.jpg,Heniochus intermedius,inaturalist,48.5,49.79,1.3,129195,0
Heniochus_intermedius_iNaturalist_511341361.jpg,Heniochus intermedius,inaturalist,43.65,49.79,6.14,55294,950
Heniochus_intermedius_iNaturalist_582191458.jpg,Heniochus intermedius,inaturalist,43.77,49.79,6.02,123660,49
Heniochus_intermedius_iNaturalist_582254294.jpg,Heniochus intermedius,inaturalist,43.72,49.79,6.08,85556,2138
Heniochus_intermedius_iNaturalist_591524712.jpg,Heniochus intermedius,inaturalist,35.19,49.79,14.6,43826,7
Heniochus_intermedius_FishWise_031956F000009W000002.jpg,Heniochus intermedius,unknown,61.22,49.79,-11.43,26258,2706
Heniochus_intermedius_FishWise_031956F000009W000006.jpg,Heniochus intermedius,unknown,53.22,49.79,-3.43,77387,557
Heniochus_intermedius_FishWise_031956F000009W000008.jpg,Heniochus intermedius,unknown,55.68,49.79,-5.89,57964,312
Heniochus_intermedius_FishWise_031956F000009W000010.jpg,Heniochus intermedius,unknown,47.64,49.79,2.15,71486,0
Heniochus_intermedius_FishWise_031956F000024W000001.jpg,Heniochus intermedius,unknown,52.25,49.79,-2.46,71611,7111
Heniochus_intermedius_FishWise_031956F000175W000003.jpg,Heniochus intermedius,unknown,44.42,49.79,5.37,69830,0
Heniochus_intermedius_FishWise_031956F000451W000011.jpg,Heniochus intermedius,unknown,58.26,49.79,-8.47,47799,2621
Heniochus_monoceros_FishPix_25451AF.jpg,Heniochus monoceros,fishpix,35.94,47.98,12.04,98072,5193
Heniochus_monoceros_Bishop_-980348940.jpg,Heniochus monoceros,bishop,50.44,47.98,-2.46,191866,15734
Heniochus_monoceros_Bishop_1205143013.jpg,Heniochus monoceros,bishop,40.15,47.98,7.83,162107,2577
Heniochus_monoceros_Bishop_1235534495.jpg,Heniochus monoceros,bishop,45.49,47.98,2.48,174153,2730
Heniochus_monoceros_FishBase_Hemon_u0.jpg,Heniochus monoceros,fishbase,54.25,47.98,-6.28,83242,1461
Heniochus_monoceros_FishBase_Hemon_u1.jpg,Heniochus monoceros,fishbase,48.52,47.98,-0.54,98283,6
Heniochus_monoceros_FishBase_Hemon_u2.jpg,Heniochus monoceros,fishbase,45.75,47.98,2.23,97987,2936
Heniochus_monoceros_FishBase_Hemon_u3.jpg,Heniochus monoceros,fishbase,50.77,47.98,-2.79,107610,10540
Heniochus_monoceros_FishBase_Hemon_u4.jpg,Heniochus monoceros,fishbase,40.4,47.98,7.58,91127,2475
Heniochus_monoceros_FishBase_Hemon_u5.jpg,Heniochus monoceros,fishbase,55.83,47.98,-7.85,72663,743
Heniochus_monoceros_FishBase_Hemon_u6.jpg,Heniochus monoceros,fishbase,67.57,47.98,-19.59,21607,87
Heniochus_monoceros_FishBaseUser_1423218993_86.10.40.87.jpg,Heniochus monoceros,fishbase,45.83,47.98,2.14,1159034,7086
Heniochus_monoceros_FishBaseUser_1423726876_86.205.193.183.jpg,Heniochus monoceros,fishbase,48.06,47.98,-0.08,738873,2664
Heniochus_monoceros_FishBaseUser_1473562613_162.158.165.25.jpg,Heniochus monoceros,fishbase,40.21,47.98,7.77,257789,1852
Heniochus_monoceros_FishBaseUser_1473562707_162.158.165.25.jpg,Heniochus monoceros,fishbase,42.88,47.98,5.09,23254,18
Heniochus_monoceros_FishBaseUser_1481974167_188.114.102.52.jpg,Heniochus monoceros,fishbase,59.29,47.98,-11.31,26696,83
Heniochus_monoceros_iNaturalist_14722046.jpg,Heniochus monoceros,inaturalist,27.15,47.98,20.83,174366,9323
Heniochus_monoceros_iNaturalist_172139341.jpg,Heniochus monoceros,inaturalist,33.97,47.98,14.0,104956,139
Heniochus_monoceros_iNaturalist_172139432.jpg,Heniochus monoceros,inaturalist,30.43,47.98,17.55,134848,508
Heniochus_monoceros_iNaturalist_459471784.jpg,Heniochus monoceros,inaturalist,46.41,47.98,1.57,89513,0
Heniochus_monoceros_iNaturalist_592878636.jpg,Heniochus monoceros,inaturalist,57.5,47.98,-9.53,52643,1714
Heniochus_monoceros_iNaturalist_84610546.jpg,Heniochus monoceros,inaturalist,31.14,47.98,16.83,68907,4805
Heniochus_monoceros_FishWise_045840F000004W000008.jpg,Heniochus monoceros,unknown,61.16,47.98,-13.19,61542,0
Heniochus_monoceros_FishWise_045840F000009W000005.jpg,Heniochus monoceros,unknown,65.82,47.98,-17.84,44072,4582
Heniochus_monoceros_FishWise_045840F000009W000013.jpg,Heniochus monoceros,unknown,43.22,47.98,4.75,88705,88
Heniochus_monoceros_FishWise_045840F000009W000015.jpg,Heniochus monoceros,unknown,46.09,47.98,1.88,103750,24
Heniochus_monoceros_FishWise_045840F000009W000021.jpg,Heniochus monoceros,unknown,51.47,47.98,-3.49,57177,287
Heniochus_monoceros_FishWise_045840F000009W000022.jpg,Heniochus monoceros,unknown,50.75,47.98,-2.78,71055,393
Heniochus_monoceros_FishWise_045840F000024W000002.jpg,Heniochus monoceros,unknown,53.99,47.98,-6.01,60892,965
Heniochus_monoceros_FishWise_045840F000024W000004.jpg,Heniochus monoceros,unknown,40.34,47.98,7.64,68326,1528
Heniochus_monoceros_FishWise_045840F000039W000003.jpg,Heniochus monoceros,unknown,48.46,47.98,-0.48,74479,3
Heniochus_monoceros_FishWise_045840F000064W000001.gif,Heniochus monoceros,unknown,61.09,47.98,-13.12,77739,45
Heniochus_monoceros_FishWise_045840F000112W000009.jpg,Heniochus monoceros,unknown,52.9,47.98,-4.93,70533,329
Heniochus_monoceros_FishWise_045840F000112W000010.jpg,Heniochus monoceros,unknown,48.2,47.98,-0.22,50960,63
Heniochus_monoceros_FishWise_045840F000112W000011.jpg,Heniochus monoceros,unknown,52.77,47.98,-4.8,52420,6
Heniochus_monoceros_FishWise_045840F004577W000023.jpg,Heniochus monoceros,unknown,52.87,47.98,-4.9,64112,418
Heniochus_pleurotaenia_FishBase_Heple_u2.jpg,Heniochus pleurotaenia,fishbase,42.22,40.65,-1.57,150177,319
Heniochus_pleurotaenia_Bishop_-1006778558.jpg,Heniochus pleurotaenia,bishop,28.15,40.65,12.5,197414,7350
Heniochus_pleurotaenia_FishBase_Heple_u0.jpg,Heniochus pleurotaenia,fishbase,28.45,40.65,12.2,110926,5341
Heniochus_pleurotaenia_FishBase_Heple_u1.jpg,Heniochus pleurotaenia,fishbase,33.88,40.65,6.77,70077,3657
Heniochus_pleurotaenia_FishBaseUser_1473644314_162.158.165.25.jpg,Heniochus pleurotaenia,fishbase,47.39,40.65,-6.74,76841,8892
Heniochus_pleurotaenia_FishBaseUser_1656494839_162.158.170.185.jpg,Heniochus pleurotaenia,fishbase,29.1,40.65,11.55,63747,6715
Heniochus_pleurotaenia_iNaturalist_197005693.jpg,Heniochus pleurotaenia,inaturalist,42.35,40.65,-1.7,76555,0
Heniochus_pleurotaenia_iNaturalist_474493863.jpg,Heniochus pleurotaenia,inaturalist,54.19,40.65,-13.54,9490,0
Heniochus_pleurotaenia_iNaturalist_474493868.jpg,Heniochus pleurotaenia,inaturalist,48.52,40.65,-7.87,63130,0
Heniochus_pleurotaenia_iNaturalist_474493869.jpg,Heniochus pleurotaenia,inaturalist,48.61,40.65,-7.96,33535,57
Heniochus_pleurotaenia_iNaturalist_593339856.jpg,Heniochus pleurotaenia,inaturalist,48.33,40.65,-7.68,23581,0
Heniochus_pleurotaenia_iNaturalist_593339892.jpg,Heniochus pleurotaenia,inaturalist,47.49,40.65,-6.84,299050,0
Heniochus_pleurotaenia_iNaturalist_599641812.jpg,Heniochus pleurotaenia,inaturalist,33.46,40.65,7.19,100161,111
Heniochus_pleurotaenia_iNaturalist_66920433.jpg,Heniochus pleurotaenia,inaturalist,38.49,40.65,2.16,91503,0
Heniochus_pleurotaenia_iNaturalist_78290.jpg,Heniochus pleurotaenia,inaturalist,49.64,40.65,-8.99,46313,209
Heniochus_pleurotaenia_FishWise_055941F000024W000001.jpg,Heniochus pleurotaenia,unknown,28.52,40.65,12.14,83064,3840
Heniochus_pleurotaenia_FishWise_055941F000112W000003.jpg,Heniochus pleurotaenia,unknown,38.67,40.65,1.98,58750,40
Heniochus_pleurotaenia_FishWise_055941F000387W000004.jpg,Heniochus pleurotaenia,unknown,41.01,40.65,-0.36,51422,0
Heniochus_pleurotaenia_FishWise_055941F000387W000005.jpg,Heniochus pleurotaenia,unknown,40.82,40.65,-0.17,58693,311
Heniochus_pleurotaenia_FishWise_055941F000387W000006.jpg,Heniochus pleurotaenia,unknown,43.73,40.65,-3.08,44586,194
Heniochus_singularius_FishBase_Hesin_u1.jpg,Heniochus singularius,fishbase,33.89,45.16,11.27,82244,5414
Heniochus_singularius_Bishop_1959970624.jpg,Heniochus singularius,bishop,33.55,45.16,11.61,145763,7194
Heniochus_singularius_Bishop_2065781403.jpg,Heniochus singularius,bishop,50.73,45.16,-5.56,189352,14922
Heniochus_singularius_FishBase_Hesin_u0.jpg,Heniochus singularius,fishbase,43.25,45.16,1.91,119713,5870
Heniochus_singularius_FishBase_Hesin_u2.jpg,Heniochus singularius,fishbase,53.95,45.16,-8.79,33908,22
Heniochus_singularius_FishBase_Hesin_u3.jpg,Heniochus singularius,fishbase,50.97,45.16,-5.81,106538,9849
Heniochus_singularius_FishBase_Hesin_u4.jpg,Heniochus singularius,fishbase,52.05,45.16,-6.89,118098,3271
Heniochus_singularius_FishBase_Hesin_u5.jpg,Heniochus singularius,fishbase,46.73,45.16,-1.57,76062,363
Heniochus_singularius_FishBase_Hesin_u6.jpg,Heniochus singularius,fishbase,42.22,45.16,2.94,123594,31
Heniochus_singularius_FishBaseUser_1454327638_94.198.18.55.jpg,Heniochus singularius,fishbase,35.42,45.16,9.75,1406793,55905
Heniochus_singularius_FishBaseUser_1486537901_172.68.106.90.jpg,Heniochus singularius,fishbase,46.73,45.16,-1.57,2388446,138690
Heniochus_singularius_FishBaseUser_1707081090_172.70.55.146.jpg,Heniochus singularius,fishbase,43.48,45.16,1.68,158578,7
Heniochus_singularius_FishBaseUser_1748177366_95.95.129.49.jpg,Heniochus singularius,fishbase,41.44,45.16,3.72,561057,3280
Heniochus_singularius_FishBaseUser_1748177436_95.95.129.49.jpg,Heniochus singularius,fishbase,51.1,45.16,-5.94,895893,45202
Heniochus_singularius_iNaturalist_19670206.jpg,Heniochus singularius,inaturalist,31.0,45.16,14.16,263466,2
Heniochus_singularius_iNaturalist_244754514.jpg,Heniochus singularius,inaturalist,44.06,45.16,1.1,115681,0
Heniochus_singularius_iNaturalist_340601370.jpg,Heniochus singularius,inaturalist,40.45,45.16,4.72,9722,6
Heniochus_singularius_iNaturalist_477534054.jpg,Heniochus singularius,inaturalist,46.16,45.16,-1.0,183432,1282
Heniochus_singularius_iNaturalist_478493440.jpg,Heniochus singularius,inaturalist,31.74,45.16,13.42,83474,1504
Heniochus_singularius_iNaturalist_478493447.jpg,Heniochus singularius,inaturalist,41.98,45.16,3.18,44740,25
Heniochus_singularius_iNaturalist_479558505.jpg,Heniochus singularius,inaturalist,43.81,45.16,1.35,37359,0
Heniochus_singularius_iNaturalist_483418203.jpg,Heniochus singularius,inaturalist,67.03,45.16,-21.87,6329,0
Heniochus_singularius_FishWise_064983F000009W000005.jpg,Heniochus singularius,unknown,71.21,45.16,-26.05,82896,539
Heniochus_singularius_FishWise_064983F000024W000001.jpg,Heniochus singularius,unknown,43.21,45.16,1.95,87008,3435
Heniochus_singularius_FishWise_064983F000024W000002.jpg,Heniochus singularius,unknown,33.88,45.16,11.28,61704,3679
Heniochus_singularius_FishWise_064983F000031W000003.jpg,Heniochus singularius,unknown,54.15,45.16,-8.98,24546,20
Heniochus_varius_FishPix_15993AF.jpg,Heniochus varius,fishpix,45.08,38.74,-6.34,59927,501
Heniochus_varius_Bishop_2014348865.jpg,Heniochus varius,bishop,33.91,38.74,4.83,195351,6632
Heniochus_varius_FishBase_Hevar_u0.jpg,Heniochus varius,fishbase,49.84,38.74,-11.1,74468,12714
Heniochus_varius_FishBase_Hevar_u1.jpg,Heniochus varius,fishbase,36.07,38.74,2.66,65154,1629
Heniochus_varius_FishBase_Hevar_u2.jpg,Heniochus varius,fishbase,43.52,38.74,-4.79,124888,7335
Heniochus_varius_FishBase_Hevar_u3.jpg,Heniochus varius,fishbase,39.02,38.74,-0.28,52056,227
Heniochus_varius_FishBase_Hevar_u4.jpg,Heniochus varius,fishbase,53.07,38.74,-14.34,80212,14392
Heniochus_varius_FishBase_Hevar_u6.jpg,Heniochus varius,fishbase,41.19,38.74,-2.46,110948,38
Heniochus_varius_FishBase_Hevar_u7.jpg,Heniochus varius,fishbase,26.03,38.74,12.71,99982,4709
Heniochus_varius_FishBase_Hevar_u8.jpg,Heniochus varius,fishbase,45.52,38.74,-6.78,93076,10150
Heniochus_varius_FishBaseUser_1341432052_24.185.16.14.jpg,Heniochus varius,fishbase,39.96,38.74,-1.22,48714,145
Heniochus_varius_FishBaseUser_1354795177_86.28.236.182.jpg,Heniochus varius,fishbase,34.74,38.74,3.99,281888,7334
Heniochus_varius_FishBaseUser_1354795270_86.28.236.182.jpg,Heniochus varius,fishbase,42.38,38.74,-3.65,188523,2368
Heniochus_varius_FishBaseUser_1469523498_162.158.167.12.jpg,Heniochus varius,fishbase,34.09,38.74,4.65,69255,130
Heniochus_varius_FishBaseUser_1492971126_108.162.216.108.jpg,Heniochus varius,fishbase,23.48,38.74,15.25,2827359,117737
Heniochus_varius_FishBaseUser_1569828886_172.68.132.127.jpg,Heniochus varius,fishbase,28.52,38.74,10.22,188544,10393
Heniochus_varius_FishBaseUser_1569828952_162.158.255.132.jpg,Heniochus varius,fishbase,29.24,38.74,9.5,38147,1973
Heniochus_varius_FishBaseUser_1577526153_172.68.102.30.jpg,Heniochus varius,fishbase,28.6,38.74,10.13,357834,9810
Heniochus_varius_FishBaseUser_1599544711_162.158.165.56.jpg,Heniochus varius,fishbase,30.34,38.74,8.39,724827,61168
Heniochus_varius_FishBaseUser_1703948963_108.162.210.110.jpg,Heniochus varius,fishbase,38.44,38.74,0.29,54590,132
Heniochus_varius_FishBaseUser_1748177775_95.95.129.49.jpg,Heniochus varius,fishbase,41.99,38.74,-3.26,419703,45933
Heniochus_varius_FishBaseUser_1748177834_95.95.129.49.jpg,Heniochus varius,fishbase,33.34,38.74,5.39,1628594,90549
Heniochus_varius_FishBaseUser_1748177888_95.95.129.49.jpg,Heniochus varius,fishbase,35.1,38.74,3.64,666993,18625
Heniochus_varius_iNaturalist_345490182.jpg,Heniochus varius,inaturalist,47.64,38.74,-8.9,69576,614
Heniochus_varius_iNaturalist_395588221.jpg,Heniochus varius,inaturalist,42.95,38.74,-4.21,22109,0
Heniochus_varius_iNaturalist_401424294.jpg,Heniochus varius,inaturalist,32.68,38.74,6.05,158392,9269
Heniochus_varius_iNaturalist_401424295.jpg,Heniochus varius,inaturalist,39.56,38.74,-0.82,162005,0
Heniochus_varius_iNaturalist_406913809.jpg,Heniochus varius,inaturalist,28.9,38.74,9.84,72603,152
Heniochus_varius_iNaturalist_60367466.jpg,Heniochus varius,inaturalist,70.82,38.74,-32.09,248742,9818
Heniochus_varius_iNaturalist_703219.jpg,Heniochus varius,inaturalist,19.61,38.74,19.12,63024,1
Heniochus_varius_iNaturalist_919499.jpg,Heniochus varius,inaturalist,25.15,38.74,13.59,138577,9
Heniochus_varius_FishWise_072587F000004W000012.jpg,Heniochus varius,unknown,40.68,38.74,-1.95,55361,150
Heniochus_varius_FishWise_072587F000009W000007.jpg,Heniochus varius,unknown,38.87,38.74,-0.14,49134,156
Heniochus_varius_FishWise_072587F000009W000008.jpg,Heniochus varius,unknown,45.24,38.74,-6.51,53659,200
Heniochus_varius_FishWise_072587F000009W000010.jpg,Heniochus varius,unknown,47.87,38.74,-9.14,98443,282
Heniochus_varius_FishWise_072587F000009W000011.jpg,Heniochus varius,unknown,42.39,38.74,-3.65,42128,163
Heniochus_varius_FishWise_072587F000024W000002.jpg,Heniochus varius,unknown,49.86,38.74,-11.12,60263,10197
Heniochus_varius_FishWise_072587F000024W000004.jpg,Heniochus varius,unknown,34.27,38.74,4.46,81949,3442
Heniochus_varius_FishWise_072587F000031W000005.jpg,Heniochus varius,unknown,36.54,38.74,2.19,48739,5374
Heniochus_varius_FishWise_072587F000066W000001.gif,Heniochus varius,unknown,43.58,38.74,-4.84,63610,17581
Heniochus_varius_FishWise_072587F000112W000006.jpg,Heniochus varius,unknown,38.9,38.74,-0.17,70091,0
Heniochus_varius_FishWise_072587F000387W000009.jpg,Heniochus varius,unknown,47.9,38.74,-9.16,114992,498
Johnrandallia_nigrirostris_FishBase_Jonig_u1.jpg,Johnrandallia nigrirostris,fishbase,55.31,55.59,0.27,123699,21
Johnrandallia_nigrirostris_FishBase_Jonig_u0.jpg,Johnrandallia nigrirostris,fishbase,59.97,55.59,-4.38,62726,967
Johnrandallia_nigrirostris_FishBase_Jonig_u2.jpg,Johnrandallia nigrirostris,fishbase,55.23,55.59,0.35,105188,51
Johnrandallia_nigrirostris_FishBase_Jonig_u3.jpg,Johnrandallia nigrirostris,fishbase,56.66,55.59,-1.08,34663,0
Johnrandallia_nigrirostris_FishBaseUser_1490994715_172.68.34.72.jpg,Johnrandallia nigrirostris,fishbase,51.63,55.59,3.96,561235,12
Johnrandallia_nigrirostris_FishBaseUser_1639504151_108.162.212.36.jpg,Johnrandallia nigrirostris,fishbase,51.35,55.59,4.23,76838,0
Johnrandallia_nigrirostris_FishBaseUser_1752336898_149.102.252.46.jpg,Johnrandallia nigrirostris,fishbase,61.48,55.59,-5.89,883660,49
Johnrandallia_nigrirostris_FishBaseUser_1752336923_149.102.252.46.jpg,Johnrandallia nigrirostris,fishbase,68.04,55.59,-12.45,1523676,17417
Johnrandallia_nigrirostris_iNaturalist_14815735.jpg,Johnrandallia nigrirostris,inaturalist,44.57,55.59,11.02,204071,1237
Johnrandallia_nigrirostris_iNaturalist_274774145.jpg,Johnrandallia nigrirostris,inaturalist,40.36,55.59,15.22,139042,595
Johnrandallia_nigrirostris_iNaturalist_338069056.jpg,Johnrandallia nigrirostris,inaturalist,66.48,55.59,-10.9,161423,2075
Johnrandallia_nigrirostris_iNaturalist_338069057.jpg,Johnrandallia nigrirostris,inaturalist,63.25,55.59,-7.66,157401,2833
Johnrandallia_nigrirostris_iNaturalist_347256914.jpg,Johnrandallia nigrirostris,inaturalist,47.57,55.59,8.02,66492,217
Johnrandallia_nigrirostris_iNaturalist_79602584.jpg,Johnrandallia nigrirostris,inaturalist,68.29,55.59,-12.7,210285,26148
Johnrandallia_nigrirostris_iNaturalist_90964108.jpg,Johnrandallia nigrirostris,inaturalist,30.11,55.59,25.48,45539,1658
Johnrandallia_nigrirostris_FishWise_048646F000025W000001.gif,Johnrandallia nigrirostris,unknown,69.09,55.59,-13.5,92827,22843
Parachaetodon_ocellatus_FishBase_Paoce_u0.jpg,Parachaetodon ocellatus,fishbase,63.62,56.44,-7.18,129882,5202
Parachaetodon_ocellatus_Bishop_-154342580.jpg,Parachaetodon ocellatus,bishop,63.94,56.44,-7.5,161774,7909
Parachaetodon_ocellatus_Bishop_-506807721.jpg,Parachaetodon ocellatus,bishop,59.91,56.44,-3.47,174634,4468
Parachaetodon_ocellatus_Bishop_-731143075.jpg,Parachaetodon ocellatus,bishop,60.86,56.44,-4.42,174189,4940
Parachaetodon_ocellatus_FishBase_Paoce_j0.jpg,Parachaetodon ocellatus,fishbase,60.53,56.44,-4.09,99414,2282
Parachaetodon_ocellatus_FishBase_Paoce_u2.jpg,Parachaetodon ocellatus,fishbase,64.66,56.44,-8.22,90521,4659
Parachaetodon_ocellatus_FishBase_Paoce_u3.jpg,Parachaetodon ocellatus,fishbase,60.45,56.44,-4.01,98207,3100
Parachaetodon_ocellatus_FishBase_Paoce_u4.jpg,Parachaetodon ocellatus,fishbase,66.93,56.44,-10.49,79462,1979
Parachaetodon_ocellatus_FishBaseUser_1486712838_172.68.106.90.jpg,Parachaetodon ocellatus,fishbase,53.5,56.44,2.94,4196933,1827
Parachaetodon_ocellatus_FishBaseUser_1613395906_162.158.167.180.jpg,Parachaetodon ocellatus,fishbase,58.44,56.44,-2.0,28136,122
Parachaetodon_ocellatus_iNaturalist_101338050.jpg,Parachaetodon ocellatus,inaturalist,35.88,56.44,20.56,74424,356
Parachaetodon_ocellatus_iNaturalist_106487797.jpg,Parachaetodon ocellatus,inaturalist,63.62,56.44,-7.18,243479,368
Parachaetodon_ocellatus_iNaturalist_10940397.jpg,Parachaetodon ocellatus,inaturalist,59.69,56.44,-3.25,251932,42
Parachaetodon_ocellatus_iNaturalist_10940553.jpg,Parachaetodon ocellatus,inaturalist,29.4,56.44,27.04,70468,4007
Parachaetodon_ocellatus_iNaturalist_127629586.jpg,Parachaetodon ocellatus,inaturalist,56.09,56.44,0.35,103127,0
Parachaetodon_ocellatus_iNaturalist_341061427.jpg,Parachaetodon ocellatus,inaturalist,58.07,56.44,-1.63,301338,9693
Parachaetodon_ocellatus_iNaturalist_46792087.jpg,Parachaetodon ocellatus,inaturalist,45.28,56.44,11.16,163705,449
Parachaetodon_ocellatus_iNaturalist_568088836.jpg,Parachaetodon ocellatus,inaturalist,63.37,56.44,-6.93,61568,0
Parachaetodon_ocellatus_iNaturalist_579722938.jpg,Parachaetodon ocellatus,inaturalist,44.02,56.44,12.42,286324,252
Parachaetodon_ocellatus_iNaturalist_61646524.jpg,Parachaetodon ocellatus,inaturalist,60.52,56.44,-4.08,150768,309
Prognathodes_aculeatus_FishBase_Pracu_u0.jpg,Prognathodes aculeatus,fishbase,57.0,56.1,-0.9,94646,526
Prognathodes_aculeatus_FishBase_Chacu_u1.jpg,Prognathodes aculeatus,fishbase,57.77,56.1,-1.67,57519,524
Prognathodes_aculeatus_FishBase_Pracu_u1.jpg,Prognathodes aculeatus,fishbase,49.47,56.1,6.63,66105,179
Prognathodes_aculeatus_FishBase_Pracu_u2.jpg,Prognathodes aculeatus,fishbase,55.85,56.1,0.25,98270,2
Prognathodes_aculeatus_FishBase_Pracu_u3.jpg,Prognathodes aculeatus,fishbase,51.9,56.1,4.2,88306,2174
Prognathodes_aculeatus_iNaturalist_147548487.jpg,Prognathodes aculeatus,inaturalist,50.72,56.1,5.38,134464,49
Prognathodes_aculeatus_iNaturalist_284621950.jpg,Prognathodes aculeatus,inaturalist,53.69,56.1,2.41,131989,9
Prognathodes_aculeatus_iNaturalist_30531970.jpg,Prognathodes aculeatus,inaturalist,51.23,56.1,4.88,125182,243
Prognathodes_aculeatus_iNaturalist_30531979.jpg,Prognathodes aculeatus,inaturalist,62.48,56.1,-6.38,132530,4053
Prognathodes_aculeatus_iNaturalist_390540552.jpg,Prognathodes aculeatus,inaturalist,42.65,56.1,13.45,202011,17387
Prognathodes_aculeatus_iNaturalist_465334435.jpg,Prognathodes aculeatus,inaturalist,44.03,56.1,12.07,150164,363
Prognathodes_aculeatus_iNaturalist_525211901.jpg,Prognathodes aculeatus,inaturalist,65.87,56.1,-9.77,64096,0
Prognathodes_aculeatus_iNaturalist_549990135.jpg,Prognathodes aculeatus,inaturalist,58.85,56.1,-2.75,156394,1052
Prognathodes_aculeatus_iNaturalist_581759717.jpg,Prognathodes aculeatus,inaturalist,43.51,56.1,12.59,106386,233
Prognathodes_aculeatus_FishWise_109266F000024W000005.jpg,Prognathodes aculeatus,unknown,58.37,56.1,-2.27,65738,2142
Prognathodes_aculeatus_FishWise_109266F000057W000006.gif,Prognathodes aculeatus,unknown,89.56,56.1,-33.46,85017,5901
Prognathodes_aculeatus_FishWise_109266F004595W000007.jpg,Prognathodes aculeatus,unknown,60.77,56.1,-4.67,99155,1456
Prognathodes_aya_FishBase_Praya_u0.jpg,Prognathodes aya,fishbase,56.68,52.6,-4.08,80765,7931
Prognathodes_aya_FishBase_Chaya_u0.jpg,Prognathodes aya,fishbase,65.71,52.6,-13.11,62420,4090
Prognathodes_aya_FishBase_Praya_u1.jpg,Prognathodes aya,fishbase,48.39,52.6,4.21,93090,187
Prognathodes_aya_FishBaseUser_1393789517_71.202.224.33.jpg,Prognathodes aya,fishbase,52.17,52.6,0.43,238929,40
Prognathodes_aya_FishBaseUser_1393793420_71.202.224.33.jpg,Prognathodes aya,fishbase,55.29,52.6,-2.69,182310,1432
Prognathodes_aya_FishBaseUser_1598572601_162.158.187.179.jpg,Prognathodes aya,fishbase,41.85,52.6,10.75,339379,4216
Prognathodes_aya_iNaturalist_414251810.jpg,Prognathodes aya,inaturalist,53.88,52.6,-1.28,98736,0
Prognathodes_aya_iNaturalist_414251812.jpg,Prognathodes aya,inaturalist,46.81,52.6,5.78,112461,112
Prognathodes_brasiliensis_FishBase_Prbra_u0.jpg,Prognathodes brasiliensis,fishbase,52.69,52.91,0.22,107918,199
Prognathodes_brasiliensis_FishBase_Prbra_u1.jpg,Prognathodes brasiliensis,fishbase,53.13,52.91,-0.22,76168,1886
Prognathodes_carlhubbsi_FishBase_Prcar_u2.jpg,Prognathodes carlhubbsi,fishbase,41.03,44.97,3.93,108411,249
Prognathodes_carlhubbsi_FishBaseUser_1752435678_146.70.186.116.jpg,Prognathodes carlhubbsi,fishbase,59.2,44.97,-14.23,1254292,10339
Prognathodes_carlhubbsi_FishBaseUser_1752435693_146.70.186.116.jpg,Prognathodes carlhubbsi,fishbase,57.39,44.97,-12.42,966151,9438
Prognathodes_carlhubbsi_FishBaseUser_1752435724_146.70.186.116.jpg,Prognathodes carlhubbsi,fishbase,52.62,44.97,-7.65,1088991,9424
Prognathodes_carlhubbsi_FishBaseUser_1752435756_146.70.186.116.jpg,Prognathodes carlhubbsi,fishbase,64.35,44.97,-19.39,813506,14768
Prognathodes_carlhubbsi_iNaturalist_197703.jpg,Prognathodes carlhubbsi,inaturalist,51.5,44.97,-6.53,99168,658
Prognathodes_carlhubbsi_iNaturalist_289302294.jpg,Prognathodes carlhubbsi,inaturalist,20.91,44.97,24.06,278009,3176
Prognathodes_carlhubbsi_iNaturalist_296851093.jpg,Prognathodes carlhubbsi,inaturalist,30.16,44.97,14.81,14378,558
Prognathodes_carlhubbsi_iNaturalist_369004742.jpg,Prognathodes carlhubbsi,inaturalist,25.91,44.97,19.06,125767,193
Prognathodes_carlhubbsi_iNaturalist_369004805.jpg,Prognathodes carlhubbsi,inaturalist,26.81,44.97,18.16,122394,2129
Prognathodes_carlhubbsi_iNaturalist_422516459.jpg,Prognathodes carlhubbsi,inaturalist,48.65,44.97,-3.68,199079,95
Prognathodes_carlhubbsi_iNaturalist_422516471.jpg,Prognathodes carlhubbsi,inaturalist,54.33,44.97,-9.36,148289,5123
Prognathodes_carlhubbsi_iNaturalist_443367431.jpg,Prognathodes carlhubbsi,inaturalist,47.01,44.97,-2.04,257512,0
Prognathodes_carlhubbsi_iNaturalist_443367465.jpg,Prognathodes carlhubbsi,inaturalist,56.11,44.97,-11.14,43320,532
Prognathodes_carlhubbsi_iNaturalist_443367541.jpg,Prognathodes carlhubbsi,inaturalist,38.54,44.97,6.43,197859,2915
Prognathodes_dichrous_FishPix_89092AF.jpg,Prognathodes dichrous,fishpix,57.13,53.19,-3.93,131641,2510
Prognathodes_dichrous_FishBase_Prdic_u0.jpg,Prognathodes dichrous,fishbase,56.66,53.19,-3.47,116015,1466
Prognathodes_dichrous_FishBase_Prdic_u1.jpg,Prognathodes dichrous,fishbase,60.6,53.19,-7.41,52170,454
Prognathodes_dichrous_iNaturalist_59250499.jpg,Prognathodes dichrous,inaturalist,38.37,53.19,14.82,122562,19314
Prognathodes_falcifer_FishBase_Chfal_u2.jpg,Prognathodes falcifer,fishbase,60.34,41.79,-18.55,51886,5999
Prognathodes_falcifer_FishBaseUser_1635576194_172.70.147.83.jpg,Prognathodes falcifer,fishbase,36.28,41.79,5.51,691717,127
Prognathodes_falcifer_iNaturalist_207868114.jpg,Prognathodes falcifer,inaturalist,40.37,41.79,1.43,56123,0
Prognathodes_falcifer_iNaturalist_208018123.jpg,Prognathodes falcifer,inaturalist,33.49,41.79,8.31,120126,1781
Prognathodes_falcifer_iNaturalist_240542331.jpg,Prognathodes falcifer,inaturalist,41.71,41.79,0.09,62145,1
Prognathodes_falcifer_iNaturalist_439465583.jpg,Prognathodes falcifer,inaturalist,26.48,41.79,15.31,17154,0
Prognathodes_falcifer_iNaturalist_440145575.jpg,Prognathodes falcifer,inaturalist,27.58,41.79,14.21,29802,0
Prognathodes_falcifer_iNaturalist_44348913.jpg,Prognathodes falcifer,inaturalist,51.68,41.79,-9.89,5437,0
Prognathodes_falcifer_iNaturalist_562177023.jpg,Prognathodes falcifer,inaturalist,42.96,41.79,-1.16,106241,1854
Prognathodes_falcifer_iNaturalist_562177033.jpg,Prognathodes falcifer,inaturalist,36.88,41.79,4.92,29486,9
Prognathodes_falcifer_iNaturalist_562177068.jpg,Prognathodes falcifer,inaturalist,46.2,41.79,-4.41,104447,5234
Prognathodes_falcifer_FishWise_022553F000025W000001.gif,Prognathodes falcifer,unknown,57.56,41.79,-15.77,101566,37438
Prognathodes_guyanensis_FishPix_89093AF.jpg,Prognathodes guyanensis,fishpix,63.89,64.5,0.61,137011,2439
Prognathodes_guyanensis_FishBase_Chguy_u0.jpg,Prognathodes guyanensis,fishbase,65.08,64.5,-0.58,97657,4
Prognathodes_guyanensis_FishBase_Prguy_u0.jpg,Prognathodes guyanensis,fishbase,59.43,64.5,5.08,128408,26532
Prognathodes_guyanensis_FishBase_Prguy_u1.jpg,Prognathodes guyanensis,fishbase,63.3,64.5,1.21,118954,3484
Prognathodes_guyanensis_FishBase_Prguy_u2.jpg,Prognathodes guyanensis,fishbase,49.89,64.5,14.61,96097,16318
Prognathodes_guyanensis_FishWise_117869F000057W000002.gif,Prognathodes guyanensis,unknown,85.44,64.5,-20.93,102638,5158
Prognathodes_marcellae_iNaturalist_166670490.jpg,Prognathodes marcellae,inaturalist,55.95,54.33,-1.62,32262,330
Prognathodes_marcellae_iNaturalist_166670964.jpg,Prognathodes marcellae,inaturalist,55.56,54.33,-1.23,18265,789
Prognathodes_marcellae_iNaturalist_176153571.jpg,Prognathodes marcellae,inaturalist,48.29,54.33,6.04,108316,367
Prognathodes_marcellae_iNaturalist_184144288.jpg,Prognathodes marcellae,inaturalist,57.15,54.33,-2.82,123186,956
Prognathodes_marcellae_iNaturalist_184144302.jpg,Prognathodes marcellae,inaturalist,40.14,54.33,14.18,78610,14
Prognathodes_marcellae_iNaturalist_185079663.jpg,Prognathodes marcellae,inaturalist,60.02,54.33,-5.69,27221,711
Prognathodes_marcellae_iNaturalist_244937622.jpg,Prognathodes marcellae,inaturalist,54.8,54.33,-0.47,172913,1226
Prognathodes_marcellae_iNaturalist_273249646.jpg,Prognathodes marcellae,inaturalist,62.72,54.33,-8.39,135325,1135
Prognathodes_obliquus_FishBase_Chobl_u1.jpg,Prognathodes obliquus,fishbase,54.0,54.0,0.0,131657,0
Roa_australis_FishBase_Roaus_u0.jpg,Roa australis,fishbase,75.59,75.58,-0.01,95474,84
Roa_australis_FishWise_120410F000384W000001.jpg,Roa australis,unknown,75.58,75.58,0.01,83780,317
Roa_excelsa_FishBase_Chexc_u0.jpg,Roa excelsa,fishbase,47.47,47.51,0.04,91681,24
Roa_excelsa_FishWise_103952F000042W000002.jpg,Roa excelsa,unknown,47.55,47.51,-0.04,69467,599
Roa_jayakari_FishBase_Chjay_u0.jpg,Roa jayakari,fishbase,50.78,49.8,-0.98,116219,929
Roa_jayakari_FishBase_Chjay_u2.jpg,Roa jayakari,fishbase,43.11,49.8,6.69,124514,51
Roa_jayakari_FishBase_Chjay_u3.jpg,Roa jayakari,fishbase,44.64,49.8,5.16,108448,0
Roa_jayakari_FishBase_Rojay_u0.jpg,Roa jayakari,fishbase,35.61,49.8,14.19,156514,2856
Roa_jayakari_FishWise_123807F000049W000001.jpg,Roa jayakari,unknown,56.88,49.8,-7.08,102370,0
Roa_jayakari_FishWise_123807F000413W000004.jpg,Roa jayakari,unknown,67.76,49.8,-17.96,66684,5136
Roa_modesta_FishBase_Chmod_u1.jpg,Roa modesta,fishbase,49.26,56.43,7.16,95980,4675
Roa_modesta_FishBase_Chmod_u2.jpg,Roa modesta,fishbase,43.58,56.43,12.84,81512,3860
Roa_modesta_FishBase_Chmod_u3.jpg,Roa modesta,fishbase,81.01,56.43,-24.58,98458,182
Roa_modesta_FishBase_Romod_u1.jpg,Roa modesta,fishbase,56.12,56.43,0.31,38868,110
Roa_modesta_FishBase_Romod_u2.jpg,Roa modesta,fishbase,61.22,56.43,-4.8,73179,770
Roa_modesta_FishBaseUser_1528004239_162.158.58.173.jpg,Roa modesta,fishbase,50.09,56.43,6.34,346811,226
Roa_modesta_FishBaseUser_1672901805_162.158.178.62.jpg,Roa modesta,fishbase,40.54,56.43,15.89,2475484,12116
Roa_modesta_FishBaseUser_1672901864_162.158.178.86.jpg,Roa modesta,fishbase,64.92,56.43,-8.49,21241,0
Roa_modesta_iNaturalist_200235685.jpg,Roa modesta,inaturalist,29.17,56.43,27.25,103999,29
Roa_modesta_iNaturalist_351064622.jpg,Roa modesta,inaturalist,57.73,56.43,-1.3,88150,0
Roa_modesta_iNaturalist_351064648.jpg,Roa modesta,inaturalist,76.0,56.43,-19.57,282178,7394
Roa_modesta_iNaturalist_351101106.jpg,Roa modesta,inaturalist,77.62,56.43,-21.19,470200,1826
Roa_modesta_iNaturalist_351101127.jpg,Roa modesta,inaturalist,72.79,56.43,-16.36,505045,2342
Roa_modesta_iNaturalist_410589366.jpg,Roa modesta,inaturalist,44.9,56.43,11.53,38176,0
Roa_modesta_iNaturalist_410589399.jpg,Roa modesta,inaturalist,37.35,56.43,19.07,45622,0
Roa_modesta_iNaturalist_431619017.jpg,Roa modesta,inaturalist,70.71,56.43,-14.28,52886,0
Roa_modesta_iNaturalist_475502900.jpg,Roa modesta,inaturalist,62.02,56.43,-5.6,261327,89
Roa_modesta_FishWise_045566F006601W000001.jpg,Roa modesta,unknown,52.05,56.43,4.38,84074,246
Roa_modesta_FishWise_045566F006601W000002.jpg,Roa modesta,unknown,45.03,56.43,11.4,62838,3213
