filename,species,source,rotation_deg,flipped_horizontal,method,confidence,reference_image,needs_review
Amphichaetodon_howensis_FishBase_Amhow_u3.jpg,Amphichaetodon howensis,fishbase,0.0,no,trusted_source,0.1246,Amphichaetodon_howensis_Bishop_-369771762.jpg,no
Amphichaetodon_howensis_Bishop_-1464681654.jpg,Amphichaetodon howensis,bishop,3.0,no,trusted_source,0.0941,Amphichaetodon_howensis_Bishop_-369771762.jpg,no
Amphichaetodon_howensis_Bishop_-369771762.jpg,Amphichaetodon howensis,bishop,0.0,no,trusted_source,1.0,Amphichaetodon_howensis_Bishop_-369771762.jpg,no
Amphichaetodon_howensis_Bishop_472868867 Background Removed.png,Amphichaetodon howensis,bishop,2.2,no,trusted_source,0.1208,Amphichaetodon_howensis_Bishop_-369771762.jpg,no
Amphichaetodon_howensis_Bishop_472868867.jpg,Amphichaetodon howensis,bishop,2.4,no,trusted_source,0.1216,Amphichaetodon_howensis_Bishop_-369771762.jpg,no
Amphichaetodon_howensis_FishBase_Amhow_u0.jpg,Amphichaetodon howensis,fishbase,-7.2,no,trusted_source,0.0419,Amphichaetodon_howensis_Bishop_-369771762.jpg,no
Amphichaetodon_howensis_FishBase_Amhow_u1.jpg,Amphichaetodon howensis,fishbase,3.4,no,trusted_source,0.1163,Amphichaetodon_howensis_Bishop_-369771762.jpg,no
Amphichaetodon_howensis_FishBase_Amhow_u2.jpg,Amphichaetodon howensis,fishbase,2.9,no,trusted_source,0.0977,Amphichaetodon_howensis_Bishop_-369771762.jpg,no
Amphichaetodon_howensis_iNaturalist_11105384.jpg,Amphichaetodon howensis,inaturalist,0.0,no,template_ok,0.0251,Amphichaetodon_howensis_Bishop_-369771762.jpg,no
Amphichaetodon_howensis_iNaturalist_33167253.jpg,Amphichaetodon howensis,inaturalist,0.0,no,template_ok,0.1863,Amphichaetodon_howensis_Bishop_-369771762.jpg,no
Amphichaetodon_howensis_iNaturalist_33719286.jpg,Amphichaetodon howensis,inaturalist,0.0,no,template_ok,0.0144,Amphichaetodon_howensis_Bishop_-369771762.jpg,no
Amphichaetodon_howensis_iNaturalist_33719401.jpg,Amphichaetodon howensis,inaturalist,-14.3,no,template_ok,0.0086,Amphichaetodon_howensis_Bishop_-369771762.jpg,no
Amphichaetodon_howensis_iNaturalist_33719403.jpg,Amphichaetodon howensis,inaturalist,0.0,no,template_ok,0.0131,Amphichaetodon_howensis_Bishop_-369771762.jpg,no
Amphichaetodon_howensis_iNaturalist_384666682.jpg,Amphichaetodon howensis,inaturalist,0.0,no,template_ok,0.1043,Amphichaetodon_howensis_Bishop_-369771762.jpg,no
Amphichaetodon_howensis_iNaturalist_392179799.jpg,Amphichaetodon howensis,inaturalist,-2.9,yes,template_flip,0.1515,Amphichaetodon_howensis_Bishop_-369771762.jpg,no
Amphichaetodon_howensis_iNaturalist_405964908.jpg,Amphichaetodon howensis,inaturalist,-17.6,no,template_ok,0.0211,Amphichaetodon_howensis_Bishop_-369771762.jpg,no
Amphichaetodon_howensis_iNaturalist_593017609.jpg,Amphichaetodon howensis,inaturalist,5.7,no,template_ok,0.0079,Amphichaetodon_howensis_Bishop_-369771762.jpg,no
Amphichaetodon_howensis_FishWise_030360F000024W000002.jpg,Amphichaetodon howensis,other,-7.2,no,template_ok,0.0067,Amphichaetodon_howensis_Bishop_-369771762.jpg,no
Amphichaetodon_howensis_FishWise_030360F000024W000003.jpg,Amphichaetodon howensis,other,2.9,no,template_ok,0.0989,Amphichaetodon_howensis_Bishop_-369771762.jpg,no
Amphichaetodon_howensis_FishWise_030360F000048W000001.gif,Amphichaetodon howensis,other,0.0,no,template_ok,0.0663,Amphichaetodon_howensis_Bishop_-369771762.jpg,no
Amphichaetodon_howensis_FishWise_030360F007696W000006.jpg,Amphichaetodon howensis,other,0.0,no,template_ok,0.0376,Amphichaetodon_howensis_Bishop_-369771762.jpg,no
Amphichaetodon_howensis_FishWise_030360F007696W000007.jpg,Amphichaetodon howensis,other,2.5,no,template_ok,0.1139,Amphichaetodon_howensis_Bishop_-369771762.jpg,no
Amphichaetodon_howensis_FishWise_030360F008947W000008.JPG,Amphichaetodon howensis,other,4.9,no,template_ok,0.1028,Amphichaetodon_howensis_Bishop_-369771762.jpg,no
Amphichaetodon_melbae_FishBase_Ammel_u0.jpg,Amphichaetodon melbae,fishbase,3.1,no,trusted_source,0.1628,Amphichaetodon_melbae_Bishop_-1115161976.jpg,no
Amphichaetodon_melbae_Bishop_-1115161976.jpg,Amphichaetodon melbae,bishop,3.1,no,trusted_source,1.0,Amphichaetodon_melbae_Bishop_-1115161976.jpg,no
Amphichaetodon_melbae_iNaturalist_462963831.jpg,Amphichaetodon melbae,inaturalist,2.9,no,template_ok,0.0002,Amphichaetodon_melbae_Bishop_-1115161976.jpg,no
Amphichaetodon_melbae_iNaturalist_510100646.jpg,Amphichaetodon melbae,inaturalist,10.5,no,template_ok,0.0737,Amphichaetodon_melbae_Bishop_-1115161976.jpg,no
Amphichaetodon_melbae_iNaturalist_510100653.jpg,Amphichaetodon melbae,inaturalist,3.5,no,template_uncertain,0.1146,Amphichaetodon_melbae_Bishop_-1115161976.jpg,yes
Amphichaetodon_melbae_iNaturalist_577502906.jpg,Amphichaetodon melbae,inaturalist,0.0,yes,template_flip,0.2041,Amphichaetodon_melbae_Bishop_-1115161976.jpg,no
Amphichaetodon_melbae_FishWise_043655F000024W000001.jpg,Amphichaetodon melbae,other,2.3,no,template_ok,0.1522,Amphichaetodon_melbae_Bishop_-1115161976.jpg,no
Chaetodon_adiergastos_FishPix_28455AF.jpg,Chaetodon adiergastos,fishpix,14.2,no,trusted_flagged,0.2139,Chaetodon_adiergastos_Bishop_1979529705.jpg,yes
Chaetodon_adiergastos_Bishop_1979529705.jpg,Chaetodon adiergastos,bishop,0.0,no,trusted_source,1.0,Chaetodon_adiergastos_Bishop_1979529705.jpg,no
Chaetodon_adiergastos_FishBase_Chadi_u0.jpg,Chaetodon adiergastos,fishbase,0.0,no,trusted_source,0.0979,Chaetodon_adiergastos_Bishop_1979529705.jpg,no
Chaetodon_adiergastos_FishBase_Chadi_u1.jpg,Chaetodon adiergastos,fishbase,0.0,no,trusted_source,0.2171,Chaetodon_adiergastos_Bishop_1979529705.jpg,no
Chaetodon_adiergastos_FishBase_Chadi_u2.jpg,Chaetodon adiergastos,fishbase,0.0,no,trusted_source,0.1894,Chaetodon_adiergastos_Bishop_1979529705.jpg,no
Chaetodon_adiergastos_FishBase_Chadi_u3.jpg,Chaetodon adiergastos,fishbase,3.4,no,trusted_source,0.1384,Chaetodon_adiergastos_Bishop_1979529705.jpg,no
Chaetodon_adiergastos_FishBase_Chadi_u4.jpg,Chaetodon adiergastos,fishbase,-9.2,no,trusted_source,0.1759,Chaetodon_adiergastos_Bishop_1979529705.jpg,no
Chaetodon_adiergastos_FishBaseUser_1354818522_86.28.236.182.jpg,Chaetodon adiergastos,fishbase,0.0,no,trusted_flagged,0.2173,Chaetodon_adiergastos_Bishop_1979529705.jpg,yes
Chaetodon_adiergastos_FishBaseUser_1508793657_172.68.102.54.jpg,Chaetodon adiergastos,fishbase,0.0,no,trusted_source,0.2201,Chaetodon_adiergastos_Bishop_1979529705.jpg,no
Chaetodon_adiergastos_FishBaseUser_1577140639_172.68.102.128.jpg,Chaetodon adiergastos,fishbase,-12.9,no,trusted_source,0.0197,Chaetodon_adiergastos_Bishop_1979529705.jpg,no
Chaetodon_adiergastos_FishBaseUser_1577140803_172.68.102.30.jpg,Chaetodon adiergastos,fishbase,19.3,no,trusted_source,0.0301,Chaetodon_adiergastos_Bishop_1979529705.jpg,no
Chaetodon_adiergastos_FishBaseUser_1610273317_172.68.243.13.jpg,Chaetodon adiergastos,fishbase,0.0,no,trusted_source,0.1228,Chaetodon_adiergastos_Bishop_1979529705.jpg,no
Chaetodon_adiergastos_FishBaseUser_1747224353_95.95.129.49.jpg,Chaetodon adiergastos,fishbase,0.0,no,trusted_source,0.0515,Chaetodon_adiergastos_Bishop_1979529705.jpg,no
Chaetodon_adiergastos_FishBaseUser_1753598392_219.73.75.40.jpg,Chaetodon adiergastos,fishbase,12.7,no,trusted_source,0.0035,Chaetodon_adiergastos_Bishop_1979529705.jpg,no
Chaetodon_adiergastos_iNaturalist_18099243.jpg,Chaetodon adiergastos,inaturalist,0.0,no,template_ok,0.1406,Chaetodon_adiergastos_Bishop_1979529705.jpg,no
Chaetodon_adiergastos_iNaturalist_19737434.jpg,Chaetodon adiergastos,inaturalist,-11.3,yes,template_flip,0.198,Chaetodon_adiergastos_Bishop_1979529705.jpg,no
Chaetodon_adiergastos_iNaturalist_264257791.jpg,Chaetodon adiergastos,inaturalist,9.8,no,template_ok,0.0253,Chaetodon_adiergastos_Bishop_1979529705.jpg,no
Chaetodon_adiergastos_iNaturalist_275485797.jpg,Chaetodon adiergastos,inaturalist,9.8,no,template_ok,0.1167,Chaetodon_adiergastos_Bishop_1979529705.jpg,no
Chaetodon_adiergastos_iNaturalist_312479934.jpg,Chaetodon adiergastos,inaturalist,0.0,no,template_ok,0.194,Chaetodon_adiergastos_Bishop_1979529705.jpg,no
Chaetodon_adiergastos_iNaturalist_341061286.jpg,Chaetodon adiergastos,inaturalist,-3.3,no,template_uncertain,0.0848,Chaetodon_adiergastos_Bishop_1979529705.jpg,yes
Chaetodon_adiergastos_iNaturalist_432980114.jpg,Chaetodon adiergastos,inaturalist,0.0,no,template_ok,0.0992,Chaetodon_adiergastos_Bishop_1979529705.jpg,no
Chaetodon_adiergastos_iNaturalist_468973634.jpg,Chaetodon adiergastos,inaturalist,0.0,no,template_ok,0.0326,Chaetodon_adiergastos_Bishop_1979529705.jpg,no
Chaetodon_adiergastos_iNaturalist_556364227.jpg,Chaetodon adiergastos,inaturalist,0.0,no,template_ok,0.0109,Chaetodon_adiergastos_Bishop_1979529705.jpg,no
Chaetodon_adiergastos_FishWise_000669F000009W000005.jpg,Chaetodon adiergastos,other,3.8,no,template_ok,0.1526,Chaetodon_adiergastos_Bishop_1979529705.jpg,no
Chaetodon_adiergastos_FishWise_000669F000009W000007.jpg,Chaetodon adiergastos,other,0.0,no,template_ok,0.0418,Chaetodon_adiergastos_Bishop_1979529705.jpg,no
Chaetodon_adiergastos_FishWise_000669F000009W000008.jpg,Chaetodon adiergastos,other,0.0,no,template_ok,0.1999,Chaetodon_adiergastos_Bishop_1979529705.jpg,no
Chaetodon_adiergastos_FishWise_000669F000009W000009.jpg,Chaetodon adiergastos,other,4.2,no,template_ok,0.2425,Chaetodon_adiergastos_Bishop_1979529705.jpg,no
Chaetodon_adiergastos_FishWise_000669F000009W000010.jpg,Chaetodon adiergastos,other,7.7,no,template_ok,0.1554,Chaetodon_adiergastos_Bishop_1979529705.jpg,no
Chaetodon_adiergastos_FishWise_000669F000009W000011.jpg,Chaetodon adiergastos,other,3.9,no,template_ok,0.182,Chaetodon_adiergastos_Bishop_1979529705.jpg,no
Chaetodon_adiergastos_FishWise_000669F000009W000012.jpg,Chaetodon adiergastos,other,2.7,no,template_ok,0.2099,Chaetodon_adiergastos_Bishop_1979529705.jpg,no
Chaetodon_adiergastos_FishWise_000669F000009W000013.jpg,Chaetodon adiergastos,other,4.6,no,template_ok,0.2491,Chaetodon_adiergastos_Bishop_1979529705.jpg,no
Chaetodon_adiergastos_FishWise_000669F000024W000001.jpg,Chaetodon adiergastos,other,2.2,no,template_uncertain,0.0877,Chaetodon_adiergastos_Bishop_1979529705.jpg,yes
Chaetodon_adiergastos_FishWise_000669F000024W000002.jpg,Chaetodon adiergastos,other,0.0,no,template_ok,0.212,Chaetodon_adiergastos_Bishop_1979529705.jpg,no
Chaetodon_adiergastos_FishWise_000669F000031W000004.jpg,Chaetodon adiergastos,other,9.6,no,template_ok,0.1046,Chaetodon_adiergastos_Bishop_1979529705.jpg,no
Chaetodon_adiergastos_FishWise_000669F000110W000003.jpg,Chaetodon adiergastos,other,-2.5,no,template_ok,0.2475,Chaetodon_adiergastos_Bishop_1979529705.jpg,no
Chaetodon_adiergastos_FishWise_000669F000387W000006.jpg,Chaetodon adiergastos,other,0.0,no,template_ok,0.1825,Chaetodon_adiergastos_Bishop_1979529705.jpg,no
Chaetodon_adiergastos_FishWise_000669F000387W000014.jpg,Chaetodon adiergastos,other,0.0,no,template_ok,0.2393,Chaetodon_adiergastos_Bishop_1979529705.jpg,no
Chaetodon_adiergastos_FishWise_000669F000492W000015.jpg,Chaetodon adiergastos,other,-11.0,no,template_ok,0.0365,Chaetodon_adiergastos_Bishop_1979529705.jpg,no
Chaetodon_andamanensis_FishPix_88987AF.jpg,Chaetodon andamanensis,fishpix,-17.8,no,trusted_source,0.1549,Chaetodon_andamanensis_Bishop_-322272266.jpg,no
Chaetodon_andamanensis_Bishop_-322272266.jpg,Chaetodon andamanensis,bishop,6.2,no,trusted_source,1.0,Chaetodon_andamanensis_Bishop_-322272266.jpg,no
Chaetodon_andamanensis_FishBase_Chand_j0.jpg,Chaetodon andamanensis,fishbase,2.7,no,trusted_source,0.1804,Chaetodon_andamanensis_Bishop_-322272266.jpg,no
Chaetodon_andamanensis_FishBase_Chand_u0.jpg,Chaetodon andamanensis,fishbase,0.0,no,trusted_source,0.1528,Chaetodon_andamanensis_Bishop_-322272266.jpg,no
Chaetodon_andamanensis_FishBase_Chand_u1.jpg,Chaetodon andamanensis,fishbase,-7.4,no,trusted_source,0.1268,Chaetodon_andamanensis_Bishop_-322272266.jpg,no
Chaetodon_andamanensis_FishBaseUser_1452839533_94.198.18.55.jpg,Chaetodon andamanensis,fishbase,0.0,no,trusted_source,0.2489,Chaetodon_andamanensis_Bishop_-322272266.jpg,no
Chaetodon_andamanensis_FishBaseUser_1739413117_172.71.124.122.jpg,Chaetodon andamanensis,fishbase,0.0,no,trusted_source,0.0014,Chaetodon_andamanensis_Bishop_-322272266.jpg,no
Chaetodon_andamanensis_FishBaseUser_1747224556_95.95.129.49.jpg,Chaetodon andamanensis,fishbase,-17.1,no,trusted_source,0.0916,Chaetodon_andamanensis_Bishop_-322272266.jpg,no
Chaetodon_andamanensis_iNaturalist_173829490.jpg,Chaetodon andamanensis,inaturalist,10.8,no,template_ok,0.0148,Chaetodon_andamanensis_Bishop_-322272266.jpg,no
Chaetodon_andamanensis_iNaturalist_177672904.jpg,Chaetodon andamanensis,inaturalist,0.0,no,template_uncertain,0.0848,Chaetodon_andamanensis_Bishop_-322272266.jpg,yes
Chaetodon_andamanensis_iNaturalist_2532907.jpg,Chaetodon andamanensis,inaturalist,0.0,no,template_ok,0.011,Chaetodon_andamanensis_Bishop_-322272266.jpg,no
Chaetodon_andamanensis_iNaturalist_309575002.jpg,Chaetodon andamanensis,inaturalist,-2.1,no,template_ok,0.0016,Chaetodon_andamanensis_Bishop_-322272266.jpg,no
Chaetodon_andamanensis_iNaturalist_436938868.jpg,Chaetodon andamanensis,inaturalist,6.7,no,template_ok,0.0118,Chaetodon_andamanensis_Bishop_-322272266.jpg,no
Chaetodon_andamanensis_iNaturalist_545241141.jpg,Chaetodon andamanensis,inaturalist,0.0,yes,template_flip,0.1502,Chaetodon_andamanensis_Bishop_-322272266.jpg,no
Chaetodon_andamanensis_iNaturalist_68351989.jpg,Chaetodon andamanensis,inaturalist,5.8,no,template_ok,0.0295,Chaetodon_andamanensis_Bishop_-322272266.jpg,no
Chaetodon_argentatus_FishPix_2068AF.jpg,Chaetodon argentatus,fishpix,5.5,no,trusted_source,0.0505,Chaetodon_argentatus_Bishop_1074668308.jpg,no
Chaetodon_argentatus_Bishop_1074668308.jpg,Chaetodon argentatus,bishop,7.0,no,trusted_source,1.0,Chaetodon_argentatus_Bishop_1074668308.jpg,no
Chaetodon_argentatus_FishBase_Charg_u0.jpg,Chaetodon argentatus,fishbase,7.9,no,trusted_source,0.0841,Chaetodon_argentatus_Bishop_1074668308.jpg,no
Chaetodon_argentatus_FishBase_Charg_u2.jpg,Chaetodon argentatus,fishbase,6.9,no,trusted_source,0.0931,Chaetodon_argentatus_Bishop_1074668308.jpg,no
Chaetodon_argentatus_FishBase_Charg_u3.jpg,Chaetodon argentatus,fishbase,15.7,no,trusted_source,0.1306,Chaetodon_argentatus_Bishop_1074668308.jpg,no
Chaetodon_argentatus_FishBase_Charg_ua.jpg,Chaetodon argentatus,fishbase,-3.6,no,trusted_source,0.0185,Chaetodon_argentatus_Bishop_1074668308.jpg,no
Chaetodon_argentatus_iNaturalist_263052559.jpg,Chaetodon argentatus,inaturalist,-4.4,yes,template_flip,0.2298,Chaetodon_argentatus_Bishop_1074668308.jpg,no
Chaetodon_argentatus_iNaturalist_263052573.jpg,Chaetodon argentatus,inaturalist,0.0,no,template_uncertain,0.0743,Chaetodon_argentatus_Bishop_1074668308.jpg,yes
Chaetodon_argentatus_iNaturalist_302749246.jpg,Chaetodon argentatus,inaturalist,5.4,no,template_uncertain,0.113,Chaetodon_argentatus_Bishop_1074668308.jpg,yes
Chaetodon_argentatus_iNaturalist_304051728.jpg,Chaetodon argentatus,inaturalist,0.0,no,template_uncertain,0.0836,Chaetodon_argentatus_Bishop_1074668308.jpg,yes
Chaetodon_argentatus_iNaturalist_331807669.jpg,Chaetodon argentatus,inaturalist,0.0,no,template_ok,0.1055,Chaetodon_argentatus_Bishop_1074668308.jpg,no
Chaetodon_argentatus_iNaturalist_576759039.jpg,Chaetodon argentatus,inaturalist,2.5,no,template_ok,0.0475,Chaetodon_argentatus_Bishop_1074668308.jpg,no
Chaetodon_argentatus_iNaturalist_59002230.jpg,Chaetodon argentatus,inaturalist,0.0,no,template_uncertain,0.1008,Chaetodon_argentatus_Bishop_1074668308.jpg,yes
Chaetodon_argentatus_iNaturalist_605150779.jpg,Chaetodon argentatus,inaturalist,-3.9,no,template_uncertain,0.0667,Chaetodon_argentatus_Bishop_1074668308.jpg,yes
Chaetodon_argentatus_iNaturalist_83513611.jpg,Chaetodon argentatus,inaturalist,0.0,no,template_ok,0.0505,Chaetodon_argentatus_Bishop_1074668308.jpg,no
Chaetodon_argentatus_iNaturalist_83513716.jpg,Chaetodon argentatus,inaturalist,0.0,no,template_ok,0.0058,Chaetodon_argentatus_Bishop_1074668308.jpg,no
Chaetodon_argentatus_FishWise_004409F000024W000002.jpg,Chaetodon argentatus,other,0.0,no,template_ok,0.0843,Chaetodon_argentatus_Bishop_1074668308.jpg,no
Chaetodon_argentatus_FishWise_004409F000024W000003.jpg,Chaetodon argentatus,other,6.9,no,template_ok,0.0938,Chaetodon_argentatus_Bishop_1074668308.jpg,no
Chaetodon_argentatus_FishWise_004409F000039W000001.jpg,Chaetodon argentatus,other,8.3,no,template_ok,0.084,Chaetodon_argentatus_Bishop_1074668308.jpg,no
Chaetodon_argentatus_FishWise_004409F006601W000005.jpg,Chaetodon argentatus,other,2.7,no,template_ok,0.0024,Chaetodon_argentatus_Bishop_1074668308.jpg,no
Chaetodon_argentatus_FishWise_004409F006601W000006.jpg,Chaetodon argentatus,other,0.0,no,template_ok,0.0608,Chaetodon_argentatus_Bishop_1074668308.jpg,no
Chaetodon_assarius_FishBase_Chass_u0.jpg,Chaetodon assarius,fishbase,4.9,no,trusted_source,1.0,Chaetodon_assarius_FishBase_Chass_u0.jpg,no
Chaetodon_assarius_iNaturalist_151182609.jpg,Chaetodon assarius,inaturalist,-8.9,no,template_ok,0.0162,Chaetodon_assarius_FishBase_Chass_u0.jpg,no
Chaetodon_assarius_iNaturalist_176862632.jpg,Chaetodon assarius,inaturalist,-16.9,no,template_uncertain,0.0709,Chaetodon_assarius_FishBase_Chass_u0.jpg,yes
Chaetodon_assarius_iNaturalist_258921023.jpg,Chaetodon assarius,inaturalist,-12.8,no,template_ok,0.0069,Chaetodon_assarius_FishBase_Chass_u0.jpg,no
Chaetodon_assarius_iNaturalist_291017904.jpg,Chaetodon assarius,inaturalist,0.0,no,template_ok,0.0021,Chaetodon_assarius_FishBase_Chass_u0.jpg,no
Chaetodon_assarius_iNaturalist_299428954.jpg,Chaetodon assarius,inaturalist,3.8,no,template_ok,0.0832,Chaetodon_assarius_FishBase_Chass_u0.jpg,no
Chaetodon_assarius_iNaturalist_310339741.jpg,Chaetodon assarius,inaturalist,0.0,no,template_ok,0.0239,Chaetodon_assarius_FishBase_Chass_u0.jpg,no
Chaetodon_assarius_iNaturalist_477274770.jpg,Chaetodon assarius,inaturalist,8.0,no,template_ok,0.035,Chaetodon_assarius_FishBase_Chass_u0.jpg,no
Chaetodon_assarius_iNaturalist_484163082.jpg,Chaetodon assarius,inaturalist,-19.1,no,template_ok,0.0413,Chaetodon_assarius_FishBase_Chass_u0.jpg,no
Chaetodon_assarius_iNaturalist_599485831.jpg,Chaetodon assarius,inaturalist,4.4,no,template_ok,0.2799,Chaetodon_assarius_FishBase_Chass_u0.jpg,no
Chaetodon_assarius_iNaturalist_6085742.jpg,Chaetodon assarius,inaturalist,0.0,no,template_ok,0.009,Chaetodon_assarius_FishBase_Chass_u0.jpg,no
Chaetodon_aureofasciatus_FishBase_Chaur_ui.jpg,Chaetodon aureofasciatus,fishbase,0.0,no,trusted_source,0.0047,Chaetodon_aureofasciatus_Bishop_1459626629.jpg,no
Chaetodon_aureofasciatus_Bishop_1459626629.jpg,Chaetodon aureofasciatus,bishop,2.6,no,trusted_source,1.0,Chaetodon_aureofasciatus_Bishop_1459626629.jpg,no
Chaetodon_aureofasciatus_FishBase_Chaur_u1.jpg,Chaetodon aureofasciatus,fishbase,2.6,no,trusted_source,0.0771,Chaetodon_aureofasciatus_Bishop_1459626629.jpg,no
Chaetodon_aureofasciatus_FishBase_Chaur_ut.jpg,Chaetodon aureofasciatus,fishbase,4.3,no,trusted_source,0.0262,Chaetodon_aureofasciatus_Bishop_1459626629.jpg,no
Chaetodon_aureofasciatus_FishBaseUser_1607952616_172.69.135.150.jpg,Chaetodon aureofasciatus,fishbase,-9.0,no,trusted_source,0.0704,Chaetodon_aureofasciatus_Bishop_1459626629.jpg,no
Chaetodon_aureofasciatus_FishBaseUser_1700898771_108.162.226.189.jpg,Chaetodon aureofasciatus,fishbase,6.8,no,trusted_source,0.0275,Chaetodon_aureofasciatus_Bishop_1459626629.jpg,no
Chaetodon_aureofasciatus_iNaturalist_175593141.jpg,Chaetodon aureofasciatus,inaturalist,-14.2,no,template_ok,0.0754,Chaetodon_aureofasciatus_Bishop_1459626629.jpg,no
Chaetodon_aureofasciatus_iNaturalist_204606708.jpg,Chaetodon aureofasciatus,inaturalist,0.0,no,template_ok,0.0051,Chaetodon_aureofasciatus_Bishop_1459626629.jpg,no
Chaetodon_aureofasciatus_iNaturalist_22549155.jpg,Chaetodon aureofasciatus,inaturalist,3.8,no,template_ok,0.0382,Chaetodon_aureofasciatus_Bishop_1459626629.jpg,no
Chaetodon_aureofasciatus_iNaturalist_341061346.jpg,Chaetodon aureofasciatus,inaturalist,0.0,no,template_uncertain,0.0508,Chaetodon_aureofasciatus_Bishop_1459626629.jpg,yes
Chaetodon_aureofasciatus_iNaturalist_481634544.jpg,Chaetodon aureofasciatus,inaturalist,-2.9,no,template_ok,0.0039,Chaetodon_aureofasciatus_Bishop_1459626629.jpg,no
Chaetodon_aureofasciatus_iNaturalist_524851900.jpg,Chaetodon aureofasciatus,inaturalist,-15.5,no,template_ok,0.0376,Chaetodon_aureofasciatus_Bishop_1459626629.jpg,no
Chaetodon_aureofasciatus_iNaturalist_592190693.jpg,Chaetodon aureofasciatus,inaturalist,0.0,no,template_ok,0.0044,Chaetodon_aureofasciatus_Bishop_1459626629.jpg,no
Chaetodon_aureofasciatus_iNaturalist_592372199.jpg,Chaetodon aureofasciatus,inaturalist,-6.4,no,template_ok,0.0332,Chaetodon_aureofasciatus_Bishop_1459626629.jpg,no
Chaetodon_aureofasciatus_iNaturalist_595413339.jpg,Chaetodon aureofasciatus,inaturalist,-2.1,no,template_ok,0.0205,Chaetodon_aureofasciatus_Bishop_1459626629.jpg,no
Chaetodon_aureofasciatus_iNaturalist_598689315.jpg,Chaetodon aureofasciatus,inaturalist,-5.4,no,template_ok,0.0497,Chaetodon_aureofasciatus_Bishop_1459626629.jpg,no
Chaetodon_aureofasciatus_FishWise_006046F000112W000003.jpg,Chaetodon aureofasciatus,other,0.0,no,template_ok,0.0202,Chaetodon_aureofasciatus_Bishop_1459626629.jpg,no
Chaetodon_auriga_FishPix_12061AF.jpg,Chaetodon auriga,fishpix,3.8,no,trusted_source,0.1396,Chaetodon_auriga_Bishop_415255648.jpg,no
Chaetodon_auriga_Bishop_-2122348146.jpg,Chaetodon auriga,bishop,0.0,no,trusted_source,0.0923,Chaetodon_auriga_Bishop_415255648.jpg,no
Chaetodon_auriga_Bishop_1449897185.jpg,Chaetodon auriga,bishop,16.8,no,trusted_source,0.0085,Chaetodon_auriga_Bishop_415255648.jpg,no
Chaetodon_auriga_Bishop_1547714619.jpg,Chaetodon auriga,bishop,5.5,no,trusted_source,0.1907,Chaetodon_auriga_Bishop_415255648.jpg,no
Chaetodon_auriga_Bishop_1988149751.jpg,Chaetodon auriga,bishop,5.8,no,trusted_source,0.2107,Chaetodon_auriga_Bishop_415255648.jpg,no
Chaetodon_auriga_Bishop_415255648.jpg,Chaetodon auriga,bishop,0.0,no,trusted_source,1.0,Chaetodon_auriga_Bishop_415255648.jpg,no
Chaetodon_auriga_Bishop_843681634.jpg,Chaetodon auriga,bishop,3.7,no,trusted_source,0.2798,Chaetodon_auriga_Bishop_415255648.jpg,no
Chaetodon_auriga_FishBase_Chaur_u0.jpg,Chaetodon auriga,fishbase,0.0,no,trusted_source,0.0283,Chaetodon_auriga_Bishop_415255648.jpg,no
Chaetodon_auriga_FishBase_Chaur_u3.jpg,Chaetodon auriga,fishbase,17.7,no,trusted_flagged,0.257,Chaetodon_auriga_Bishop_415255648.jpg,yes
Chaetodon_auriga_FishBase_Chaur_u4.jpg,Chaetodon auriga,fishbase,8.6,no,trusted_source,0.2287,Chaetodon_auriga_Bishop_415255648.jpg,no
Chaetodon_auriga_FishBase_Chaur_u5.jpg,Chaetodon auriga,fishbase,0.0,no,trusted_source,0.0388,Chaetodon_auriga_Bishop_415255648.jpg,no
Chaetodon_auriga_FishBase_Chaur_u6.jpg,Chaetodon auriga,fishbase,16.8,no,trusted_source,0.0084,Chaetodon_auriga_Bishop_415255648.jpg,no
Chaetodon_auriga_FishBase_Chaur_u7.jpg,Chaetodon auriga,fishbase,0.0,no,trusted_source,0.2866,Chaetodon_auriga_Bishop_415255648.jpg,no
Chaetodon_auriga_FishBase_Chaur_u8.jpg,Chaetodon auriga,fishbase,0.0,no,trusted_source,0.162,Chaetodon_auriga_Bishop_415255648.jpg,no
Chaetodon_auriga_FishBase_Chaur_u9.jpg,Chaetodon auriga,fishbase,5.6,no,trusted_source,0.1914,Chaetodon_auriga_Bishop_415255648.jpg,no
Chaetodon_auriga_FishBase_Chaur_ua.jpg,Chaetodon auriga,fishbase,4.1,no,trusted_source,0.2053,Chaetodon_auriga_Bishop_415255648.jpg,no
Chaetodon_auriga_FishBase_Chaur_ud.jpg,Chaetodon auriga,fishbase,11.0,no,trusted_source,0.0525,Chaetodon_auriga_Bishop_415255648.jpg,no
Chaetodon_auriga_FishBase_Chaur_ue.jpg,Chaetodon auriga,fishbase,8.3,no,trusted_source,0.1628,Chaetodon_auriga_Bishop_415255648.jpg,no
Chaetodon_auriga_FishBase_Chaur_ul.jpg,Chaetodon auriga,fishbase,0.0,no,trusted_source,0.034,Chaetodon_auriga_Bishop_415255648.jpg,no
Chaetodon_auriga_FishBase_Chaur_un.jpg,Chaetodon auriga,fishbase,15.7,no,trusted_source,0.0727,Chaetodon_auriga_Bishop_415255648.jpg,no
Chaetodon_auriga_FishBase_Chaur_uv.jpg,Chaetodon auriga,fishbase,0.0,no,trusted_flagged,0.315,Chaetodon_auriga_Bishop_415255648.jpg,yes
Chaetodon_auriga_FishBase_Chaur_uz.jpg,Chaetodon auriga,fishbase,2.5,no,trusted_flagged,0.3782,Chaetodon_auriga_Bishop_415255648.jpg,yes
Chaetodon_auriga_FishBase_Chauru11.jpg,Chaetodon auriga,fishbase,-8.6,no,trusted_flagged,0.2656,Chaetodon_auriga_Bishop_415255648.jpg,yes
Chaetodon_auriga_FishBaseUser_1357797387_125.17.229.2.jpg,Chaetodon auriga,fishbase,0.0,no,trusted_source,0.1891,Chaetodon_auriga_Bishop_415255648.jpg,no
Chaetodon_auriga_FishBaseUser_1361358789_86.28.236.182.jpg,Chaetodon auriga,fishbase,0.0,no,trusted_source,0.0055,Chaetodon_auriga_Bishop_415255648.jpg,no
Chaetodon_auriga_FishBaseUser_1361358853_86.28.236.182.jpg,Chaetodon auriga,fishbase,-17.8,no,trusted_source,0.0121,Chaetodon_auriga_Bishop_415255648.jpg,no
Chaetodon_auriga_FishBaseUser_1418992547_164.100.150.114.jpg,Chaetodon auriga,fishbase,0.0,no,trusted_source,0.1707,Chaetodon_auriga_Bishop_415255648.jpg,no
Chaetodon_auriga_FishBaseUser_1508794173_172.68.102.54.jpg,Chaetodon auriga,fishbase,0.0,no,trusted_source,0.0315,Chaetodon_auriga_Bishop_415255648.jpg,no
Chaetodon_auriga_FishBaseUser_1526830822_162.158.22.216.jpg,Chaetodon auriga,fishbase,0.0,no,trusted_source,0.1047,Chaetodon_auriga_Bishop_415255648.jpg,no
Chaetodon_auriga_FishBaseUser_1575022767_162.158.167.52.jpg,Chaetodon auriga,fishbase,0.0,no,trusted_source,0.0672,Chaetodon_auriga_Bishop_415255648.jpg,no
Chaetodon_auriga_FishBaseUser_1585564321_141.101.69.75.jpg,Chaetodon auriga,fishbase,-12.0,no,trusted_source,0.0321,Chaetodon_auriga_Bishop_415255648.jpg,no
Chaetodon_auriga_FishBaseUser_1585564466_141.101.69.75.jpg,Chaetodon auriga,fishbase,0.0,no,trusted_source,0.0982,Chaetodon_auriga_Bishop_415255648.jpg,no
Chaetodon_auriga_FishBaseUser_1585565083_141.101.69.75.jpg,Chaetodon auriga,fishbase,-3.6,no,trusted_source,0.0004,Chaetodon_auriga_Bishop_415255648.jpg,no
Chaetodon_auriga_FishBaseUser_1656491305_172.70.142.69.jpg,Chaetodon auriga,fishbase,-3.1,no,trusted_flagged,0.2947,Chaetodon_auriga_Bishop_415255648.jpg,yes
Chaetodon_auriga_FishBaseUser_1672899659_172.70.211.174.jpg,Chaetodon auriga,fishbase,-7.0,no,trusted_source,0.1215,Chaetodon_auriga_Bishop_415255648.jpg,no
Chaetodon_auriga_FishBaseUser_1672899735_172.69.34.39.jpg,Chaetodon auriga,fishbase,-14.5,no,trusted_source,0.0203,Chaetodon_auriga_Bishop_415255648.jpg,no
Chaetodon_auriga_FishBaseUser_1704668297_172.70.55.156.jpg,Chaetodon auriga,fishbase,-12.4,no,trusted_source,0.2744,Chaetodon_auriga_Bishop_415255648.jpg,no
Chaetodon_auriga_FishBaseUser_1705879547_172.70.254.95.jpg,Chaetodon auriga,fishbase,15.9,no,trusted_source,0.1449,Chaetodon_auriga_Bishop_415255648.jpg,no
Chaetodon_auriga_FishBaseUser_1724961964_172.68.91.134.jpg,Chaetodon auriga,fishbase,6.3,no,trusted_source,0.2353,Chaetodon_auriga_Bishop_415255648.jpg,no
Chaetodon_auriga_FishBaseUser_1724961987_172.68.91.135.jpg,Chaetodon auriga,fishbase,0.0,no,trusted_source,0.0107,Chaetodon_auriga_Bishop_415255648.jpg,no
Chaetodon_auriga_FishBaseUser_1747225070_95.95.129.49.jpg,Chaetodon auriga,fishbase,-12.8,no,trusted_source,0.0927,Chaetodon_auriga_Bishop_415255648.jpg,no
Chaetodon_auriga_FishBaseUser_1747225153_95.95.129.49.jpg,Chaetodon auriga,fishbase,-2.3,no,trusted_source,0.1719,Chaetodon_auriga_Bishop_415255648.jpg,no
Chaetodon_auriga_iNaturalist_15056180.jpg,Chaetodon auriga,inaturalist,16.1,no,template_ok,0.0473,Chaetodon_auriga_Bishop_415255648.jpg,no
Chaetodon_auriga_iNaturalist_15056242.jpg,Chaetodon auriga,inaturalist,0.0,no,template_ok,0.3795,Chaetodon_auriga_Bishop_415255648.jpg,no
Chaetodon_auriga_iNaturalist_15056243.jpg,Chaetodon auriga,inaturalist,-19.3,no,template_ok,0.5044,Chaetodon_auriga_Bishop_415255648.jpg,no
Chaetodon_auriga_iNaturalist_220938852.jpg,Chaetodon auriga,inaturalist,-7.9,yes,template_flip,0.1764,Chaetodon_auriga_Bishop_415255648.jpg,no
Chaetodon_auriga_iNaturalist_317521711.jpg,Chaetodon auriga,inaturalist,3.5,no,template_ok,0.2172,Chaetodon_auriga_Bishop_415255648.jpg,no
Chaetodon_auriga_iNaturalist_389831783.jpg,Chaetodon auriga,inaturalist,0.0,no,template_ok,0.0032,Chaetodon_auriga_Bishop_415255648.jpg,no
Chaetodon_auriga_iNaturalist_549267892.jpg,Chaetodon auriga,inaturalist,14.6,no,template_ok,0.004,Chaetodon_auriga_Bishop_415255648.jpg,no
Chaetodon_auriga_iNaturalist_559191666.jpg,Chaetodon auriga,inaturalist,11.6,no,template_ok,0.2686,Chaetodon_auriga_Bishop_415255648.jpg,no
Chaetodon_auriga_iNaturalist_6973141.jpg,Chaetodon auriga,inaturalist,-14.2,yes,template_flip,0.2105,Chaetodon_auriga_Bishop_415255648.jpg,no
Chaetodon_auriga_iNaturalist_69919845.jpg,Chaetodon auriga,inaturalist,2.0,no,template_ok,0.0851,Chaetodon_auriga_Bishop_415255648.jpg,no
Chaetodon_auriga_FishWise_006157F000003W000086.jpg,Chaetodon auriga,other,2.1,no,template_ok,0.3537,Chaetodon_auriga_Bishop_415255648.jpg,no
Chaetodon_auriga_FishWise_006157F000009W000037.jpg,Chaetodon auriga,other,18.6,no,template_ok,0.0889,Chaetodon_auriga_Bishop_415255648.jpg,no
Chaetodon_auriga_FishWise_006157F000009W000042.jpg,Chaetodon auriga,other,0.0,no,template_ok,0.0496,Chaetodon_auriga_Bishop_415255648.jpg,no
Chaetodon_auriga_FishWise_006157F000009W000045.jpg,Chaetodon auriga,other,-6.4,no,template_uncertain,0.1498,Chaetodon_auriga_Bishop_415255648.jpg,yes
Chaetodon_auriga_FishWise_006157F000009W000053.jpg,Chaetodon auriga,other,0.0,no,template_uncertain,0.1402,Chaetodon_auriga_Bishop_415255648.jpg,yes
Chaetodon_auriga_FishWise_006157F000009W000061.jpg,Chaetodon auriga,other,15.2,no,template_ok,0.0614,Chaetodon_auriga_Bishop_415255648.jpg,no
Chaetodon_auriga_FishWise_006157F000009W000062.jpg,Chaetodon auriga,other,7.3,no,template_ok,0.0421,Chaetodon_auriga_Bishop_415255648.jpg,no
Chaetodon_auriga_FishWise_006157F000009W000063.jpg,Chaetodon auriga,other,19.0,no,template_ok,0.0141,Chaetodon_auriga_Bishop_415255648.jpg,no
Chaetodon_auriga_FishWise_006157F000009W000064.jpg,Chaetodon auriga,other,12.5,no,template_ok,0.0005,Chaetodon_auriga_Bishop_415255648.jpg,no
Chaetodon_auriga_FishWise_006157F000009W000065.jpg,Chaetodon auriga,other,3.5,no,template_ok,0.3416,Chaetodon_auriga_Bishop_415255648.jpg,no
Chaetodon_auriga_FishWise_006157F000009W000066.jpg,Chaetodon auriga,other,9.7,no,template_ok,0.0441,Chaetodon_auriga_Bishop_415255648.jpg,no
Chaetodon_auriga_FishWise_006157F000009W000068.jpg,Chaetodon auriga,other,14.4,no,template_uncertain,0.0958,Chaetodon_auriga_Bishop_415255648.jpg,yes
Chaetodon_auriga_FishWise_006157F000009W000072.jpg,Chaetodon auriga,other,15.0,no,template_ok,0.0869,Chaetodon_auriga_Bishop_415255648.jpg,no
Chaetodon_auriga_FishWise_006157F000009W000073.jpg,Chaetodon auriga,other,0.0,no,template_ok,0.1838,Chaetodon_auriga_Bishop_415255648.jpg,no
Chaetodon_auriga_FishWise_006157F000009W000074.jpg,Chaetodon auriga,other,6.2,no,template_uncertain,0.0942,Chaetodon_auriga_Bishop_415255648.jpg,yes
Chaetodon_auriga_FishWise_006157F000009W000075.jpg,Chaetodon auriga,other,14.7,no,template_ok,0.2757,Chaetodon_auriga_Bishop_415255648.jpg,no
Chaetodon_auriga_FishWise_006157F000009W000076.jpg,Chaetodon auriga,other,6.0,no,template_ok,0.3907,Chaetodon_auriga_Bishop_415255648.jpg,no
Chaetodon_auriga_FishWise_006157F000009W000077.jpg,Chaetodon auriga,other,9.4,yes,template_flip,0.2882,Chaetodon_auriga_Bishop_415255648.jpg,no
Chaetodon_auriga_FishWise_006157F000009W000079.jpg,Chaetodon auriga,other,15.1,no,template_ok,0.1086,Chaetodon_auriga_Bishop_415255648.jpg,no
Chaetodon_auriga_FishWise_006157F000009W000080.jpg,Chaetodon auriga,other,12.0,no,template_ok,0.005,Chaetodon_auriga_Bishop_415255648.jpg,no
Chaetodon_auriga_FishWise_006157F000009W000081.jpg,Chaetodon auriga,other,6.5,no,template_ok,0.1942,Chaetodon_auriga_Bishop_415255648.jpg,no
Chaetodon_auriga_FishWise_006157F000009W000082.jpg,Chaetodon auriga,other,7.3,no,template_ok,0.1061,Chaetodon_auriga_Bishop_415255648.jpg,no
Chaetodon_auriga_FishWise_006157F000009W000083.jpg,Chaetodon auriga,other,15.0,no,template_ok,0.2436,Chaetodon_auriga_Bishop_415255648.jpg,no
Chaetodon_auriga_FishWise_006157F000009W000084.jpg,Chaetodon auriga,other,5.7,no,template_ok,0.1984,Chaetodon_auriga_Bishop_415255648.jpg,no
Chaetodon_auriga_FishWise_006157F000009W000085.jpg,Chaetodon auriga,other,13.4,no,template_ok,0.2385,Chaetodon_auriga_Bishop_415255648.jpg,no
Chaetodon_auriga_FishWise_006157F000009W000087.jpg,Chaetodon auriga,other,15.0,no,template_ok,0.2436,Chaetodon_auriga_Bishop_415255648.jpg,no
Chaetodon_auriga_FishWise_006157F000009W000088.jpg,Chaetodon auriga,other,5.7,no,template_ok,0.1984,Chaetodon_auriga_Bishop_415255648.jpg,no
Chaetodon_auriga_FishWise_006157F000024W000001.jpg,Chaetodon auriga,other,17.8,no,template_ok,0.1934,Chaetodon_auriga_Bishop_415255648.jpg,no
Chaetodon_auriga_FishWise_006157F000024W000033.jpg,Chaetodon auriga,other,4.3,no,template_ok,0.2327,Chaetodon_auriga_Bishop_415255648.jpg,no
Chaetodon_auriga_FishWise_006157F000024W000049.jpg,Chaetodon auriga,other,5.9,no,template_ok,0.1873,Chaetodon_auriga_Bishop_415255648.jpg,no
Chaetodon_auriga_FishWise_006157F000024W000051.jpg,Chaetodon auriga,other,0.0,no,template_ok,0.0338,Chaetodon_auriga_Bishop_415255648.jpg,no
Chaetodon_auriga_FishWise_006157F000024W000056.jpg,Chaetodon auriga,other,8.6,no,template_ok,0.2231,Chaetodon_auriga_Bishop_415255648.jpg,no
Chaetodon_auriga_FishWise_006157F000024W000057.jpg,Chaetodon auriga,other,0.0,no,template_ok,0.2849,Chaetodon_auriga_Bishop_415255648.jpg,no
Chaetodon_auriga_FishWise_006157F000112W000021.jpg,Chaetodon auriga,other,4.0,no,template_ok,0.3201,Chaetodon_auriga_Bishop_415255648.jpg,no
Chaetodon_auriga_FishWise_006157F000112W000060.jpg,Chaetodon auriga,other,0.0,no,template_ok,0.2917,Chaetodon_auriga_Bishop_415255648.jpg,no
Chaetodon_auriga_FishWise_006157F000167W000052.jpg,Chaetodon auriga,other,5.5,no,template_ok,0.1625,Chaetodon_auriga_Bishop_415255648.jpg,no
Chaetodon_auriga_FishWise_006157F000167W000055.jpg,Chaetodon auriga,other,4.9,no,template_ok,0.2289,Chaetodon_auriga_Bishop_415255648.jpg,no
Chaetodon_auriga_FishWise_006157F000387W000067.jpg,Chaetodon auriga,other,12.6,no,template_uncertain,0.1246,Chaetodon_auriga_Bishop_415255648.jpg,yes
Chaetodon_auriga_FishWise_006157F000387W000070.jpg,Chaetodon auriga,other,0.0,no,template_ok,0.2954,Chaetodon_auriga_Bishop_415255648.jpg,no
Chaetodon_auriga_FishWise_006157F000387W000071.jpg,Chaetodon auriga,other,8.6,no,template_ok,0.1058,Chaetodon_auriga_Bishop_415255648.jpg,no
Chaetodon_auriga_FishWise_006157F000433W000078.jpg,Chaetodon auriga,other,15.6,no,template_ok,0.0429,Chaetodon_auriga_Bishop_415255648.jpg,no
Chaetodon_auriga_FishWise_006157F007696W000089.jpg,Chaetodon auriga,other,2.9,no,template_ok,0.1997,Chaetodon_auriga_Bishop_415255648.jpg,no
Chaetodon_auripes_FishPix_140765AF.jpg,Chaetodon auripes,fishpix,9.3,no,trusted_source,0.1293,Chaetodon_auripes_Bishop_1839596140.jpg,no
Chaetodon_auripes_Bishop_-346327811.jpg,Chaetodon auripes,bishop,2.3,no,trusted_source,0.1838,Chaetodon_auripes_Bishop_1839596140.jpg,no
Chaetodon_auripes_Bishop_1839596140.jpg,Chaetodon auripes,bishop,0.0,no,trusted_source,1.0,Chaetodon_auripes_Bishop_1839596140.jpg,no
Chaetodon_auripes_FishBase_Chaur_j0.jpg,Chaetodon auripes,fishbase,-16.0,no,trusted_source,0.2142,Chaetodon_auripes_Bishop_1839596140.jpg,no
Chaetodon_auripes_FishBase_Chaur_u10.jpg,Chaetodon auripes,fishbase,4.0,no,trusted_source,0.0996,Chaetodon_auripes_Bishop_1839596140.jpg,no
Chaetodon_auripes_FishBase_Chaur_u2.jpg,Chaetodon auripes,fishbase,0.0,no,trusted_source,0.1642,Chaetodon_auripes_Bishop_1839596140.jpg,no
Chaetodon_auripes_FishBase_Chaur_ub.jpg,Chaetodon auripes,fishbase,0.0,no,trusted_source,0.1969,Chaetodon_auripes_Bishop_1839596140.jpg,no
Chaetodon_auripes_FishBase_Chaur_uc.jpg,Chaetodon auripes,fishbase,2.0,no,trusted_source,0.1694,Chaetodon_auripes_Bishop_1839596140.jpg,no
Chaetodon_auripes_FishBase_Chaur_uo.jpg,Chaetodon auripes,fishbase,0.0,no,trusted_source,0.1017,Chaetodon_auripes_Bishop_1839596140.jpg,no
Chaetodon_auripes_FishBase_Chaur_uu.jpg,Chaetodon auripes,fishbase,8.1,no,trusted_source,0.0155,Chaetodon_auripes_Bishop_1839596140.jpg,no
Chaetodon_auripes_FishBase_Chauru12.jpg,Chaetodon auripes,fishbase,-3.6,no,trusted_source,0.1099,Chaetodon_auripes_Bishop_1839596140.jpg,no
Chaetodon_auripes_FishBaseUser_1672899899_172.69.33.176.jpg,Chaetodon auripes,fishbase,0.0,no,trusted_source,0.1618,Chaetodon_auripes_Bishop_1839596140.jpg,no
Chaetodon_auripes_FishBaseUser_1672899960_172.71.214.86.jpg,Chaetodon auripes,fishbase,15.5,no,trusted_source,0.035,Chaetodon_auripes_Bishop_1839596140.jpg,no
Chaetodon_auripes_FishBaseUser_1672900006_162.158.179.13.jpg,Chaetodon auripes,fishbase,0.0,no,trusted_source,0.2874,Chaetodon_auripes_Bishop_1839596140.jpg,no
Chaetodon_auripes_iNaturalist_176256724.jpg,Chaetodon auripes,inaturalist,-5.2,no,template_uncertain,0.0941,Chaetodon_auripes_Bishop_1839596140.jpg,yes
Chaetodon_auripes_iNaturalist_398828755.jpg,Chaetodon auripes,inaturalist,8.5,no,template_ok,0.111,Chaetodon_auripes_Bishop_1839596140.jpg,no
Chaetodon_auripes_iNaturalist_423034637.jpg,Chaetodon auripes,inaturalist,18.2,yes,template_flip,0.1882,Chaetodon_auripes_Bishop_1839596140.jpg,no
Chaetodon_auripes_iNaturalist_473893703.jpg,Chaetodon auripes,inaturalist,18.4,no,template_ok,0.3141,Chaetodon_auripes_Bishop_1839596140.jpg,no
Chaetodon_auripes_iNaturalist_474933774.jpg,Chaetodon auripes,inaturalist,0.0,no,template_ok,0.0851,Chaetodon_auripes_Bishop_1839596140.jpg,no
Chaetodon_auripes_iNaturalist_563039127.jpg,Chaetodon auripes,inaturalist,7.6,no,template_ok,0.0203,Chaetodon_auripes_Bishop_1839596140.jpg,no
Chaetodon_auripes_iNaturalist_576758934.jpg,Chaetodon auripes,inaturalist,-2.9,no,template_uncertain,0.0744,Chaetodon_auripes_Bishop_1839596140.jpg,yes
Chaetodon_auripes_iNaturalist_609149715.jpg,Chaetodon auripes,inaturalist,12.5,no,template_uncertain,0.0873,Chaetodon_auripes_Bishop_1839596140.jpg,yes
Chaetodon_auripes_FishWise_006172F000112W000004.jpg,Chaetodon auripes,other,0.0,no,template_ok,0.1971,Chaetodon_auripes_Bishop_1839596140.jpg,no
Chaetodon_austriacus_FishBase_Chaus_u1.jpg,Chaetodon austriacus,fishbase,0.0,no,trusted_source,0.0927,Chaetodon_austriacus_Bishop_-1737564550.jpg,no
Chaetodon_austriacus_Bishop_-1737564550.jpg,Chaetodon austriacus,bishop,0.0,no,trusted_source,1.0,Chaetodon_austriacus_Bishop_-1737564550.jpg,no
Chaetodon_austriacus_FishBase_Chaus_u0.jpg,Chaetodon austriacus,fishbase,0.0,no,trusted_source,0.0352,Chaetodon_austriacus_Bishop_-1737564550.jpg,no
Chaetodon_austriacus_FishBase_Chaus_u2.jpg,Chaetodon austriacus,fishbase,19.7,no,trusted_source,0.0058,Chaetodon_austriacus_Bishop_-1737564550.jpg,no
Chaetodon_austriacus_FishBase_Chaus_u3.jpg,Chaetodon austriacus,fishbase,0.0,no,trusted_source,0.1221,Chaetodon_austriacus_Bishop_-1737564550.jpg,no
Chaetodon_austriacus_FishBaseUser_1368368984_82.20.1.24.jpg,Chaetodon austriacus,fishbase,0.0,no,trusted_source,0.1112,Chaetodon_austriacus_Bishop_-1737564550.jpg,no
Chaetodon_austriacus_FishBaseUser_1508794470_172.68.102.54.jpg,Chaetodon austriacus,fishbase,0.0,no,trusted_source,0.0802,Chaetodon_austriacus_Bishop_-1737564550.jpg,no
Chaetodon_austriacus_FishBaseUser_1655395652_172.71.94.47.jpg,Chaetodon austriacus,fishbase,2.4,no,trusted_source,0.0686,Chaetodon_austriacus_Bishop_-1737564550.jpg,no
Chaetodon_austriacus_FishBaseUser_1655398281_172.71.94.129.jpg,Chaetodon austriacus,fishbase,0.0,no,trusted_source,0.063,Chaetodon_austriacus_Bishop_-1737564550.jpg,no
Chaetodon_austriacus_FishBaseUser_1655398308_172.71.94.129.jpg,Chaetodon austriacus,fishbase,6.7,no,trusted_source,0.2031,Chaetodon_austriacus_Bishop_-1737564550.jpg,no
Chaetodon_austriacus_FishBaseUser_1669069745_172.71.26.67.jpg,Chaetodon austriacus,fishbase,-9.3,no,trusted_source,0.0088,Chaetodon_austriacus_Bishop_-1737564550.jpg,no
Chaetodon_austriacus_FishBaseUser_1705856644_108.162.212.67.jpg,Chaetodon austriacus,fishbase,0.0,no,trusted_source,0.0091,Chaetodon_austriacus_Bishop_-1737564550.jpg,no
Chaetodon_austriacus_FishBaseUser_1747225338_95.95.129.49.jpg,Chaetodon austriacus,fishbase,-12.6,no,trusted_source,0.002,Chaetodon_austriacus_Bishop_-1737564550.jpg,no
Chaetodon_austriacus_iNaturalist_102813626.jpg,Chaetodon austriacus,inaturalist,-14.4,no,template_ok,0.0051,Chaetodon_austriacus_Bishop_-1737564550.jpg,no
Chaetodon_austriacus_iNaturalist_190613965.jpg,Chaetodon austriacus,inaturalist,0.0,no,template_uncertain,0.141,Chaetodon_austriacus_Bishop_-1737564550.jpg,yes
Chaetodon_austriacus_iNaturalist_2086218.jpg,Chaetodon austriacus,inaturalist,0.0,no,template_ok,0.0306,Chaetodon_austriacus_Bishop_-1737564550.jpg,no
Chaetodon_austriacus_iNaturalist_2086219.jpg,Chaetodon austriacus,inaturalist,0.0,no,template_ok,0.0092,Chaetodon_austriacus_Bishop_-1737564550.jpg,no
Chaetodon_austriacus_iNaturalist_2282534.jpg,Chaetodon austriacus,inaturalist,7.2,no,template_uncertain,0.1416,Chaetodon_austriacus_Bishop_-1737564550.jpg,yes
Chaetodon_austriacus_iNaturalist_2282538.jpg,Chaetodon austriacus,inaturalist,0.0,no,template_ok,0.065,Chaetodon_austriacus_Bishop_-1737564550.jpg,no
Chaetodon_austriacus_iNaturalist_3125075.jpg,Chaetodon austriacus,inaturalist,-9.2,no,template_ok,0.026,Chaetodon_austriacus_Bishop_-1737564550.jpg,no
Chaetodon_austriacus_iNaturalist_450186908.jpg,Chaetodon austriacus,inaturalist,0.0,no,template_ok,0.0259,Chaetodon_austriacus_Bishop_-1737564550.jpg,no
Chaetodon_austriacus_iNaturalist_450388533.jpg,Chaetodon austriacus,inaturalist,-13.4,no,template_ok,0.0036,Chaetodon_austriacus_Bishop_-1737564550.jpg,no
Chaetodon_austriacus_iNaturalist_606348798.jpg,Chaetodon austriacus,inaturalist,6.8,no,template_ok,0.0173,Chaetodon_austriacus_Bishop_-1737564550.jpg,no
Chaetodon_austriacus_FishWise_006503F000009W000005.jpg,Chaetodon austriacus,other,4.6,no,template_ok,0.0414,Chaetodon_austriacus_Bishop_-1737564550.jpg,no
Chaetodon_austriacus_FishWise_006503F000009W000006.jpg,Chaetodon austriacus,other,-4.8,no,template_ok,0.0386,Chaetodon_austriacus_Bishop_-1737564550.jpg,no
Chaetodon_austriacus_FishWise_006503F000009W000007.jpg,Chaetodon austriacus,other,-4.4,no,template_ok,0.0658,Chaetodon_austriacus_Bishop_-1737564550.jpg,no
Chaetodon_austriacus_FishWise_006503F000009W000008.jpg,Chaetodon austriacus,other,-5.4,no,template_ok,0.0601,Chaetodon_austriacus_Bishop_-1737564550.jpg,no
Chaetodon_austriacus_FishWise_006503F000009W000009.jpg,Chaetodon austriacus,other,-3.2,no,template_ok,0.095,Chaetodon_austriacus_Bishop_-1737564550.jpg,no
Chaetodon_austriacus_FishWise_006503F000167W000002.jpg,Chaetodon austriacus,other,3.9,no,template_ok,0.0246,Chaetodon_austriacus_Bishop_-1737564550.jpg,no
Chaetodon_austriacus_FishWise_006503F000387W000011.jpg,Chaetodon austriacus,other,0.0,no,template_ok,0.0886,Chaetodon_austriacus_Bishop_-1737564550.jpg,no
Chaetodon_austriacus_FishWise_006503F000387W000012.jpg,Chaetodon austriacus,other,3.3,no,template_ok,0.087,Chaetodon_austriacus_Bishop_-1737564550.jpg,no
Chaetodon_baronessa_FishPix_23026AF.jpg,Chaetodon baronessa,fishpix,2.8,no,trusted_source,0.62,Chaetodon_baronessa_Bishop_-2122794458.jpg,no
Chaetodon_baronessa_Bishop_-2122794458.jpg,Chaetodon baronessa,bishop,4.4,no,trusted_source,1.0,Chaetodon_baronessa_Bishop_-2122794458.jpg,no
Chaetodon_baronessa_Bishop_1152880952.jpg,Chaetodon baronessa,bishop,5.2,no,trusted_source,0.4077,Chaetodon_baronessa_Bishop_-2122794458.jpg,no
Chaetodon_baronessa_Bishop_601798515.jpg,Chaetodon baronessa,bishop,5.9,no,trusted_source,0.3827,Chaetodon_baronessa_Bishop_-2122794458.jpg,no
Chaetodon_baronessa_Bishop_918345433.jpg,Chaetodon baronessa,bishop,3.8,no,trusted_source,0.6004,Chaetodon_baronessa_Bishop_-2122794458.jpg,no
Chaetodon_baronessa_FishBase_Chbar_j0.jpg,Chaetodon baronessa,fishbase,18.9,no,trusted_flagged,0.477,Chaetodon_baronessa_Bishop_-2122794458.jpg,yes
Chaetodon_baronessa_FishBase_Chbar_u0.jpg,Chaetodon baronessa,fishbase,5.2,no,trusted_source,0.5641,Chaetodon_baronessa_Bishop_-2122794458.jpg,no
Chaetodon_baronessa_FishBase_Chbar_u1.jpg,Chaetodon baronessa,fishbase,4.0,no,trusted_source,0.5917,Chaetodon_baronessa_Bishop_-2122794458.jpg,no
Chaetodon_baronessa_FishBase_Chbar_u2.jpg,Chaetodon baronessa,fishbase,3.1,no,trusted_flagged,0.3239,Chaetodon_baronessa_Bishop_-2122794458.jpg,yes
Chaetodon_baronessa_FishBase_Chbar_u3.jpg,Chaetodon baronessa,fishbase,5.6,no,trusted_source,0.4049,Chaetodon_baronessa_Bishop_-2122794458.jpg,no
Chaetodon_baronessa_FishBase_Chbar_u4.jpg,Chaetodon baronessa,fishbase,6.4,no,trusted_source,0.3776,Chaetodon_baronessa_Bishop_-2122794458.jpg,no
Chaetodon_baronessa_FishBase_Chbar_u5.jpg,Chaetodon baronessa,fishbase,7.7,no,trusted_flagged,0.2244,Chaetodon_baronessa_Bishop_-2122794458.jpg,yes
Chaetodon_baronessa_FishBase_Chbar_u7.jpg,Chaetodon baronessa,fishbase,8.2,no,trusted_source,0.3637,Chaetodon_baronessa_Bishop_-2122794458.jpg,no
Chaetodon_baronessa_FishBase_Chbar_u8.jpg,Chaetodon baronessa,fishbase,0.0,no,trusted_source,0.1675,Chaetodon_baronessa_Bishop_-2122794458.jpg,no
Chaetodon_baronessa_FishBaseUser_1444522709_24.215.186.224.jpg,Chaetodon baronessa,fishbase,11.5,no,trusted_source,0.057,Chaetodon_baronessa_Bishop_-2122794458.jpg,no
Chaetodon_baronessa_FishBaseUser_1508794820_172.68.102.54.jpg,Chaetodon baronessa,fishbase,-12.0,no,trusted_source,0.5652,Chaetodon_baronessa_Bishop_-2122794458.jpg,no
Chaetodon_baronessa_FishBaseUser_1527590351_162.158.22.210.jpg,Chaetodon baronessa,fishbase,4.8,no,trusted_source,0.109,Chaetodon_baronessa_Bishop_-2122794458.jpg,no
Chaetodon_baronessa_FishBaseUser_1569479961_172.68.189.231.jpg,Chaetodon baronessa,fishbase,-2.3,no,trusted_flagged,0.4314,Chaetodon_baronessa_Bishop_-2122794458.jpg,yes
Chaetodon_baronessa_FishBaseUser_1577140889_172.68.102.30.jpg,Chaetodon baronessa,fishbase,-3.5,no,trusted_flagged,0.5794,Chaetodon_baronessa_Bishop_-2122794458.jpg,yes
Chaetodon_baronessa_FishBaseUser_1703892135_172.70.55.134.jpg,Chaetodon baronessa,fishbase,0.0,no,trusted_flagged,0.5243,Chaetodon_baronessa_Bishop_-2122794458.jpg,yes
Chaetodon_baronessa_FishBaseUser_1706125656_172.70.55.133.jpg,Chaetodon baronessa,fishbase,-20.0,no,trusted_source,0.3446,Chaetodon_baronessa_Bishop_-2122794458.jpg,no
Chaetodon_baronessa_FishBaseUser_1707093697_172.70.82.152.jpg,Chaetodon baronessa,fishbase,-5.2,no,trusted_flagged,0.4937,Chaetodon_baronessa_Bishop_-2122794458.jpg,yes
Chaetodon_baronessa_FishBaseUser_1747225527_95.95.129.49.jpg,Chaetodon baronessa,fishbase,0.0,no,trusted_source,0.1645,Chaetodon_baronessa_Bishop_-2122794458.jpg,no
Chaetodon_baronessa_iNaturalist_160681551.jpg,Chaetodon baronessa,inaturalist,-15.9,no,template_ok,0.6015,Chaetodon_baronessa_Bishop_-2122794458.jpg,no
Chaetodon_baronessa_iNaturalist_287393226.jpg,Chaetodon baronessa,inaturalist,18.5,no,template_ok,0.1825,Chaetodon_baronessa_Bishop_-2122794458.jpg,no
Chaetodon_baronessa_iNaturalist_290835408.jpg,Chaetodon baronessa,inaturalist,12.5,no,template_ok,0.3201,Chaetodon_baronessa_Bishop_-2122794458.jpg,no
Chaetodon_baronessa_iNaturalist_376477120.jpg,Chaetodon baronessa,inaturalist,-12.7,no,template_ok,0.4882,Chaetodon_baronessa_Bishop_-2122794458.jpg,no
Chaetodon_baronessa_iNaturalist_390635305.jpg,Chaetodon baronessa,inaturalist,-2.4,no,template_ok,0.3693,Chaetodon_baronessa_Bishop_-2122794458.jpg,no
Chaetodon_baronessa_iNaturalist_390635319.jpg,Chaetodon baronessa,inaturalist,2.2,yes,template_flip,0.356,Chaetodon_baronessa_Bishop_-2122794458.jpg,no
Chaetodon_baronessa_iNaturalist_409577421.jpg,Chaetodon baronessa,inaturalist,14.3,no,template_ok,0.0119,Chaetodon_baronessa_Bishop_-2122794458.jpg,no
Chaetodon_baronessa_iNaturalist_409626771.jpg,Chaetodon baronessa,inaturalist,13.3,no,template_uncertain,0.0707,Chaetodon_baronessa_Bishop_-2122794458.jpg,yes
Chaetodon_baronessa_FishWise_007419F000009W000008.jpg,Chaetodon baronessa,other,3.6,no,template_ok,0.3579,Chaetodon_baronessa_Bishop_-2122794458.jpg,no
Chaetodon_baronessa_FishWise_007419F000009W000009.jpg,Chaetodon baronessa,other,10.5,no,template_ok,0.4166,Chaetodon_baronessa_Bishop_-2122794458.jpg,no
Chaetodon_baronessa_FishWise_007419F000009W000010.jpg,Chaetodon baronessa,other,11.6,no,template_ok,0.5309,Chaetodon_baronessa_Bishop_-2122794458.jpg,no
Chaetodon_baronessa_FishWise_007419F000009W000014.jpg,Chaetodon baronessa,other,-5.6,no,template_ok,0.6814,Chaetodon_baronessa_Bishop_-2122794458.jpg,no
Chaetodon_baronessa_FishWise_007419F000009W000015.jpg,Chaetodon baronessa,other,17.2,no,template_ok,0.329,Chaetodon_baronessa_Bishop_-2122794458.jpg,no
Chaetodon_baronessa_FishWise_007419F000033W000001.jpg,Chaetodon baronessa,other,8.7,no,template_ok,0.4965,Chaetodon_baronessa_Bishop_-2122794458.jpg,no
Chaetodon_baronessa_FishWise_007419F000112W000007.jpg,Chaetodon baronessa,other,0.0,no,template_ok,0.5356,Chaetodon_baronessa_Bishop_-2122794458.jpg,no
Chaetodon_baronessa_FishWise_007419F000387W000011.jpg,Chaetodon baronessa,other,4.6,no,template_ok,0.4157,Chaetodon_baronessa_Bishop_-2122794458.jpg,no
Chaetodon_baronessa_FishWise_007419F000387W000012.jpg,Chaetodon baronessa,other,-6.8,no,template_ok,0.4113,Chaetodon_baronessa_Bishop_-2122794458.jpg,no
Chaetodon_baronessa_FishWise_007419F000387W000013.jpg,Chaetodon baronessa,other,0.0,no,template_ok,0.5213,Chaetodon_baronessa_Bishop_-2122794458.jpg,no
Chaetodon_baronessa_FishWise_007419F000387W000016.jpg,Chaetodon baronessa,other,7.1,no,template_ok,0.0043,Chaetodon_baronessa_Bishop_-2122794458.jpg,no
Chaetodon_bennetti_FishPix_16721AF.jpg,Chaetodon bennetti,fishpix,15.2,no,trusted_source,0.0155,Chaetodon_bennetti_Bishop_-2064196433.jpg,no
Chaetodon_bennetti_Bishop_-2064196433.jpg,Chaetodon bennetti,bishop,0.0,no,trusted_source,1.0,Chaetodon_bennetti_Bishop_-2064196433.jpg,no
Chaetodon_bennetti_Bishop_711591108.jpg,Chaetodon bennetti,bishop,3.9,no,trusted_source,0.0499,Chaetodon_bennetti_Bishop_-2064196433.jpg,no
Chaetodon_bennetti_FishBase_Chben_u1.jpg,Chaetodon bennetti,fishbase,0.0,no,trusted_source,0.0667,Chaetodon_bennetti_Bishop_-2064196433.jpg,no
Chaetodon_bennetti_FishBase_Chben_u2.jpg,Chaetodon bennetti,fishbase,3.7,no,trusted_source,0.0497,Chaetodon_bennetti_Bishop_-2064196433.jpg,no
Chaetodon_bennetti_FishBase_Chben_u3.jpg,Chaetodon bennetti,fishbase,-17.5,no,trusted_source,0.0035,Chaetodon_bennetti_Bishop_-2064196433.jpg,no
Chaetodon_bennetti_FishBase_Chben_u4.jpg,Chaetodon bennetti,fishbase,-11.9,no,trusted_source,0.0133,Chaetodon_bennetti_Bishop_-2064196433.jpg,no
Chaetodon_bennetti_FishBase_Chben_u6.jpg,Chaetodon bennetti,fishbase,19.1,no,trusted_source,0.0197,Chaetodon_bennetti_Bishop_-2064196433.jpg,no
Chaetodon_bennetti_FishBase_Chben_ud.jpg,Chaetodon bennetti,fishbase,-15.6,no,trusted_source,0.0376,Chaetodon_bennetti_Bishop_-2064196433.jpg,no
Chaetodon_bennetti_FishBaseUser_1433887750_2.238.54.39.jpg,Chaetodon bennetti,fishbase,6.8,no,trusted_source,0.0138,Chaetodon_bennetti_Bishop_-2064196433.jpg,no
Chaetodon_bennetti_FishBaseUser_1433887928_2.238.54.39.jpg,Chaetodon bennetti,fishbase,-3.9,no,trusted_source,0.0555,Chaetodon_bennetti_Bishop_-2064196433.jpg,no
Chaetodon_bennetti_FishBaseUser_1497079694_172.68.132.253.jpg,Chaetodon bennetti,fishbase,0.0,no,trusted_source,0.0032,Chaetodon_bennetti_Bishop_-2064196433.jpg,no
Chaetodon_bennetti_FishBaseUser_1508795146_172.68.102.54.jpg,Chaetodon bennetti,fishbase,0.0,no,trusted_source,0.0136,Chaetodon_bennetti_Bishop_-2064196433.jpg,no
Chaetodon_bennetti_FishBaseUser_1741627575_188.114.102.234.jpg,Chaetodon bennetti,fishbase,-15.7,no,trusted_source,0.0384,Chaetodon_bennetti_Bishop_-2064196433.jpg,no
Chaetodon_bennetti_FishBaseUser_1747086309_169.150.203.237.jpg,Chaetodon bennetti,fishbase,-17.1,no,trusted_source,0.0601,Chaetodon_bennetti_Bishop_-2064196433.jpg,no
Chaetodon_bennetti_FishBaseUser_1747086353_169.150.203.237.jpg,Chaetodon bennetti,fishbase,16.8,no,trusted_source,0.0451,Chaetodon_bennetti_Bishop_-2064196433.jpg,no
Chaetodon_bennetti_FishBaseUser_1747225772_95.95.129.49.jpg,Chaetodon bennetti,fishbase,0.0,no,trusted_source,0.0109,Chaetodon_bennetti_Bishop_-2064196433.jpg,no
Chaetodon_bennetti_FishBaseUser_1747225818_95.95.129.49.jpg,Chaetodon bennetti,fishbase,-8.6,no,trusted_source,0.0177,Chaetodon_bennetti_Bishop_-2064196433.jpg,no
Chaetodon_bennetti_iNaturalist_214592077.jpg,Chaetodon bennetti,inaturalist,-7.4,no,template_ok,0.0128,Chaetodon_bennetti_Bishop_-2064196433.jpg,no
Chaetodon_bennetti_iNaturalist_450199741.jpg,Chaetodon bennetti,inaturalist,15.7,no,template_ok,0.0213,Chaetodon_bennetti_Bishop_-2064196433.jpg,no
Chaetodon_bennetti_iNaturalist_450199757.jpg,Chaetodon bennetti,inaturalist,-18.6,no,template_ok,0.0203,Chaetodon_bennetti_Bishop_-2064196433.jpg,no
Chaetodon_bennetti_iNaturalist_450199763.jpg,Chaetodon bennetti,inaturalist,0.0,no,template_ok,0.0472,Chaetodon_bennetti_Bishop_-2064196433.jpg,no
Chaetodon_bennetti_iNaturalist_452973249.jpg,Chaetodon bennetti,inaturalist,0.0,no,template_ok,0.016,Chaetodon_bennetti_Bishop_-2064196433.jpg,no
Chaetodon_bennetti_iNaturalist_476708566.jpg,Chaetodon bennetti,inaturalist,0.0,no,template_ok,0.0399,Chaetodon_bennetti_Bishop_-2064196433.jpg,no
Chaetodon_bennetti_iNaturalist_476710068.jpg,Chaetodon bennetti,inaturalist,-9.7,no,template_ok,0.0141,Chaetodon_bennetti_Bishop_-2064196433.jpg,no
Chaetodon_bennetti_iNaturalist_604198648.jpg,Chaetodon bennetti,inaturalist,-3.1,no,template_ok,0.041,Chaetodon_bennetti_Bishop_-2064196433.jpg,no
Chaetodon_bennetti_iNaturalist_605200594.jpg,Chaetodon bennetti,inaturalist,-5.9,no,template_ok,0.0339,Chaetodon_bennetti_Bishop_-2064196433.jpg,no
Chaetodon_bennetti_iNaturalist_607317919.jpg,Chaetodon bennetti,inaturalist,10.5,no,template_ok,0.0056,Chaetodon_bennetti_Bishop_-2064196433.jpg,no
Chaetodon_bennetti_FishWise_007960F000009W000004.jpg,Chaetodon bennetti,other,0.0,no,template_ok,0.0254,Chaetodon_bennetti_Bishop_-2064196433.jpg,no
Chaetodon_bennetti_FishWise_007960F000009W000006.jpg,Chaetodon bennetti,other,4.3,no,template_ok,0.0536,Chaetodon_bennetti_Bishop_-2064196433.jpg,no
Chaetodon_bennetti_FishWise_007960F000009W000008.jpg,Chaetodon bennetti,other,-4.9,no,template_ok,0.0296,Chaetodon_bennetti_Bishop_-2064196433.jpg,no
Chaetodon_bennetti_FishWise_007960F000009W000009.jpg,Chaetodon bennetti,other,6.2,no,template_ok,0.0202,Chaetodon_bennetti_Bishop_-2064196433.jpg,no
Chaetodon_bennetti_FishWise_007960F000009W000010.jpg,Chaetodon bennetti,other,3.0,no,template_ok,0.0294,Chaetodon_bennetti_Bishop_-2064196433.jpg,no
Chaetodon_bennetti_FishWise_007960F000009W000011.jpg,Chaetodon bennetti,other,0.0,no,template_ok,0.0264,Chaetodon_bennetti_Bishop_-2064196433.jpg,no
Chaetodon_bennetti_FishWise_007960F000009W000012.jpg,Chaetodon bennetti,other,6.6,no,template_ok,0.0337,Chaetodon_bennetti_Bishop_-2064196433.jpg,no
Chaetodon_bennetti_FishWise_007960F000009W000013.jpg,Chaetodon bennetti,other,2.4,no,template_ok,0.0353,Chaetodon_bennetti_Bishop_-2064196433.jpg,no
Chaetodon_bennetti_FishWise_007960F000009W000014.jpg,Chaetodon bennetti,other,3.4,no,template_ok,0.0339,Chaetodon_bennetti_Bishop_-2064196433.jpg,no
Chaetodon_bennetti_FishWise_007960F000009W000015.jpg,Chaetodon bennetti,other,7.3,no,template_ok,0.0005,Chaetodon_bennetti_Bishop_-2064196433.jpg,no
Chaetodon_bennetti_FishWise_007960F000009W000016.jpg,Chaetodon bennetti,other,0.0,no,template_ok,0.0207,Chaetodon_bennetti_Bishop_-2064196433.jpg,no
Chaetodon_bennetti_FishWise_007960F000024W000002.jpg,Chaetodon bennetti,other,4.0,no,template_ok,0.0458,Chaetodon_bennetti_Bishop_-2064196433.jpg,no
Chaetodon_bennetti_FishWise_007960F000031W000003.jpg,Chaetodon bennetti,other,8.6,no,template_ok,0.0348,Chaetodon_bennetti_Bishop_-2064196433.jpg,no
Chaetodon_bennetti_FishWise_007960F000039W000001.jpg,Chaetodon bennetti,other,0.0,no,template_ok,0.0276,Chaetodon_bennetti_Bishop_-2064196433.jpg,no
Chaetodon_bennetti_FishWise_007960F000112W000007.jpg,Chaetodon bennetti,other,3.8,no,template_ok,0.0446,Chaetodon_bennetti_Bishop_-2064196433.jpg,no
Chaetodon_blackburnii_FishBase_Chbla_u0.jpg,Chaetodon blackburnii,fishbase,0.0,no,trusted_source,0.1326,Chaetodon_blackburnii_Bishop_-410407509.jpg,no
Chaetodon_blackburnii_Bishop_-410407509.jpg,Chaetodon blackburnii,bishop,0.0,no,trusted_source,1.0,Chaetodon_blackburnii_Bishop_-410407509.jpg,no
Chaetodon_blackburnii_Bishop_1288243346.jpg,Chaetodon blackburnii,bishop,2.5,no,trusted_source,0.1167,Chaetodon_blackburnii_Bishop_-410407509.jpg,no
Chaetodon_blackburnii_Bishop_300609141.jpg,Chaetodon blackburnii,bishop,0.0,no,trusted_source,0.1321,Chaetodon_blackburnii_Bishop_-410407509.jpg,no
Chaetodon_blackburnii_FishBase_Chbla_f0.jpg,Chaetodon blackburnii,fishbase,0.0,no,trusted_source,0.125,Chaetodon_blackburnii_Bishop_-410407509.jpg,no
Chaetodon_blackburnii_FishBase_Chbla_j0.jpg,Chaetodon blackburnii,fishbase,-14.6,no,trusted_source,0.1149,Chaetodon_blackburnii_Bishop_-410407509.jpg,no
Chaetodon_blackburnii_FishBase_Chbla_j1.jpg,Chaetodon blackburnii,fishbase,6.1,no,trusted_flagged,0.2222,Chaetodon_blackburnii_Bishop_-410407509.jpg,yes
Chaetodon_blackburnii_FishBase_Chbla_u1.jpg,Chaetodon blackburnii,fishbase,2.4,no,trusted_source,0.1146,Chaetodon_blackburnii_Bishop_-410407509.jpg,no
Chaetodon_blackburnii_FishBase_Chbla_u5.jpg,Chaetodon blackburnii,fishbase,-12.0,no,trusted_source,0.0415,Chaetodon_blackburnii_Bishop_-410407509.jpg,no
Chaetodon_blackburnii_FishBaseUser_1692770238_172.70.90.51.jpg,Chaetodon blackburnii,fishbase,0.0,no,trusted_source,0.0884,Chaetodon_blackburnii_Bishop_-410407509.jpg,no
Chaetodon_blackburnii_FishBaseUser_1692770455_172.70.90.91.jpg,Chaetodon blackburnii,fishbase,20.0,no,trusted_source,0.007,Chaetodon_blackburnii_Bishop_-410407509.jpg,no
Chaetodon_blackburnii_iNaturalist_15662749.jpg,Chaetodon blackburnii,inaturalist,0.0,no,template_ok,0.0496,Chaetodon_blackburnii_Bishop_-410407509.jpg,no
Chaetodon_blackburnii_iNaturalist_19230596.jpg,Chaetodon blackburnii,inaturalist,3.0,no,template_ok,0.1362,Chaetodon_blackburnii_Bishop_-410407509.jpg,no
Chaetodon_blackburnii_iNaturalist_19749462.jpg,Chaetodon blackburnii,inaturalist,16.1,yes,template_flip,0.2037,Chaetodon_blackburnii_Bishop_-410407509.jpg,no
Chaetodon_blackburnii_iNaturalist_247677288.jpg,Chaetodon blackburnii,inaturalist,0.0,no,template_ok,0.1568,Chaetodon_blackburnii_Bishop_-410407509.jpg,no
Chaetodon_blackburnii_iNaturalist_260269269.jpg,Chaetodon blackburnii,inaturalist,0.0,yes,template_flip,0.182,Chaetodon_blackburnii_Bishop_-410407509.jpg,no
Chaetodon_blackburnii_iNaturalist_313216433.jpg,Chaetodon blackburnii,inaturalist,8.1,no,template_uncertain,0.0571,Chaetodon_blackburnii_Bishop_-410407509.jpg,yes
Chaetodon_blackburnii_iNaturalist_451247543.jpg,Chaetodon blackburnii,inaturalist,11.5,no,template_ok,0.0146,Chaetodon_blackburnii_Bishop_-410407509.jpg,no
Chaetodon_blackburnii_iNaturalist_451247554.jpg,Chaetodon blackburnii,inaturalist,0.0,no,template_ok,0.0993,Chaetodon_blackburnii_Bishop_-410407509.jpg,no
Chaetodon_blackburnii_iNaturalist_8799394.jpg,Chaetodon blackburnii,inaturalist,0.0,no,template_ok,0.0419,Chaetodon_blackburnii_Bishop_-410407509.jpg,no
Chaetodon_blackburnii_FishWise_009005F000009W000005.jpg,Chaetodon blackburnii,other,13.5,no,template_uncertain,0.0777,Chaetodon_blackburnii_Bishop_-410407509.jpg,yes
Chaetodon_blackburnii_FishWise_009005F000009W000007.jpg,Chaetodon blackburnii,other,0.0,no,template_ok,0.2771,Chaetodon_blackburnii_Bishop_-410407509.jpg,no
Chaetodon_blackburnii_FishWise_009005F000009W000009.jpg,Chaetodon blackburnii,other,-5.1,no,template_ok,0.1133,Chaetodon_blackburnii_Bishop_-410407509.jpg,no
Chaetodon_blackburnii_FishWise_009005F000009W000011.jpg,Chaetodon blackburnii,other,2.3,no,template_ok,0.1378,Chaetodon_blackburnii_Bishop_-410407509.jpg,no
Chaetodon_blackburnii_FishWise_009005F000009W000012.jpg,Chaetodon blackburnii,other,2.0,no,template_ok,0.0419,Chaetodon_blackburnii_Bishop_-410407509.jpg,no
Chaetodon_blackburnii_FishWise_009005F000024W000001.jpg,Chaetodon blackburnii,other,0.0,no,template_ok,0.1227,Chaetodon_blackburnii_Bishop_-410407509.jpg,no
Chaetodon_blackburnii_FishWise_009005F000024W000002.jpg,Chaetodon blackburnii,other,2.5,no,template_ok,0.116,Chaetodon_blackburnii_Bishop_-410407509.jpg,no
Chaetodon_blackburnii_FishWise_009005F000112W000006.jpg,Chaetodon blackburnii,other,2.1,no,template_ok,0.0737,Chaetodon_blackburnii_Bishop_-410407509.jpg,no
Chaetodon_blackburnii_FishWise_009005F000387W000008.jpg,Chaetodon blackburnii,other,-9.9,no,template_ok,0.1691,Chaetodon_blackburnii_Bishop_-410407509.jpg,no
Chaetodon_burgessi_FishPix_55799AF.jpg,Chaetodon burgessi,fishpix,2.5,no,trusted_source,0.0227,Chaetodon_burgessi_FishBaseUser_1368178716_114.155.226.67.jpg,no
Chaetodon_burgessi_FishBase_Chbur_u0.jpg,Chaetodon burgessi,fishbase,16.7,no,trusted_source,0.0412,Chaetodon_burgessi_FishBaseUser_1368178716_114.155.226.67.jpg,no
Chaetodon_burgessi_FishBase_Chbur_u1.jpg,Chaetodon burgessi,fishbase,8.1,no,trusted_source,0.0048,Chaetodon_burgessi_FishBaseUser_1368178716_114.155.226.67.jpg,no
Chaetodon_burgessi_FishBase_Chbur_u3.jpg,Chaetodon burgessi,fishbase,0.0,no,trusted_source,0.0398,Chaetodon_burgessi_FishBaseUser_1368178716_114.155.226.67.jpg,no
Chaetodon_burgessi_FishBase_Chbur_u4.jpg,Chaetodon burgessi,fishbase,15.8,no,trusted_source,0.0123,Chaetodon_burgessi_FishBaseUser_1368178716_114.155.226.67.jpg,no
Chaetodon_burgessi_FishBase_Chbur_u5.jpg,Chaetodon burgessi,fishbase,0.0,no,trusted_source,0.0202,Chaetodon_burgessi_FishBaseUser_1368178716_114.155.226.67.jpg,no
Chaetodon_burgessi_FishBaseUser_1368178641_114.155.226.67.jpg,Chaetodon burgessi,fishbase,4.4,no,trusted_source,0.0744,Chaetodon_burgessi_FishBaseUser_1368178716_114.155.226.67.jpg,no
Chaetodon_burgessi_FishBaseUser_1368178716_114.155.226.67.jpg,Chaetodon burgessi,fishbase,0.0,no,trusted_source,1.0,Chaetodon_burgessi_FishBaseUser_1368178716_114.155.226.67.jpg,no
Chaetodon_burgessi_iNaturalist_117360580.jpg,Chaetodon burgessi,inaturalist,0.0,no,template_ok,0.0629,Chaetodon_burgessi_FishBaseUser_1368178716_114.155.226.67.jpg,no
Chaetodon_burgessi_iNaturalist_1399554.jpg,Chaetodon burgessi,inaturalist,-2.7,no,template_uncertain,0.0519,Chaetodon_burgessi_FishBaseUser_1368178716_114.155.226.67.jpg,yes
Chaetodon_burgessi_iNaturalist_264122895.jpg,Chaetodon burgessi,inaturalist,6.4,no,template_ok,0.0047,Chaetodon_burgessi_FishBaseUser_1368178716_114.155.226.67.jpg,no
Chaetodon_burgessi_iNaturalist_377051376.jpg,Chaetodon burgessi,inaturalist,-10.4,no,template_ok,0.043,Chaetodon_burgessi_FishBaseUser_1368178716_114.155.226.67.jpg,no
Chaetodon_burgessi_iNaturalist_417137299.jpg,Chaetodon burgessi,inaturalist,-16.9,no,template_ok,0.0074,Chaetodon_burgessi_FishBaseUser_1368178716_114.155.226.67.jpg,no
Chaetodon_burgessi_iNaturalist_485314131.jpg,Chaetodon burgessi,inaturalist,0.0,no,template_ok,0.1103,Chaetodon_burgessi_FishBaseUser_1368178716_114.155.226.67.jpg,no
Chaetodon_burgessi_iNaturalist_59037796.jpg,Chaetodon burgessi,inaturalist,0.0,no,template_ok,0.0322,Chaetodon_burgessi_FishBaseUser_1368178716_114.155.226.67.jpg,no
Chaetodon_burgessi_iNaturalist_608111330.jpg,Chaetodon burgessi,inaturalist,0.0,no,template_uncertain,0.1117,Chaetodon_burgessi_FishBaseUser_1368178716_114.155.226.67.jpg,yes
Chaetodon_burgessi_iNaturalist_9454337.jpg,Chaetodon burgessi,inaturalist,-3.1,no,template_ok,0.0711,Chaetodon_burgessi_FishBaseUser_1368178716_114.155.226.67.jpg,no
Chaetodon_capistratus_FishBase_Chcap_u9.jpg,Chaetodon capistratus,fishbase,3.3,no,trusted_source,0.1964,Chaetodon_capistratus_FishBaseUser_1747226077_95.95.129.49.jpg,no
Chaetodon_capistratus_FishBase_Chcap_u0.jpg,Chaetodon capistratus,fishbase,0.0,no,trusted_source,0.0275,Chaetodon_capistratus_FishBaseUser_1747226077_95.95.129.49.jpg,no
Chaetodon_capistratus_FishBase_Chcap_ub.jpg,Chaetodon capistratus,fishbase,8.3,no,trusted_source,0.4679,Chaetodon_capistratus_FishBaseUser_1747226077_95.95.129.49.jpg,no
Chaetodon_capistratus_FishBase_Chcap_uh.jpg,Chaetodon capistratus,fishbase,0.0,no,trusted_source,0.2788,Chaetodon_capistratus_FishBaseUser_1747226077_95.95.129.49.jpg,no
Chaetodon_capistratus_FishBase_Chcap_ui.jpg,Chaetodon capistratus,fishbase,-5.7,no,trusted_source,0.4632,Chaetodon_capistratus_FishBaseUser_1747226077_95.95.129.49.jpg,no
Chaetodon_capistratus_FishBaseUser_1376290842_67.188.132.137.jpg,Chaetodon capistratus,fishbase,9.1,no,trusted_source,0.0435,Chaetodon_capistratus_FishBaseUser_1747226077_95.95.129.49.jpg,no
Chaetodon_capistratus_FishBaseUser_1495038199_162.158.154.105.jpg,Chaetodon capistratus,fishbase,-6.0,no,trusted_flagged,0.2396,Chaetodon_capistratus_FishBaseUser_1747226077_95.95.129.49.jpg,yes
Chaetodon_capistratus_FishBaseUser_1528207456_162.158.22.24.jpg,Chaetodon capistratus,fishbase,9.6,no,trusted_flagged,0.202,Chaetodon_capistratus_FishBaseUser_1747226077_95.95.129.49.jpg,yes
Chaetodon_capistratus_FishBaseUser_1585558624_108.162.229.90.jpg,Chaetodon capistratus,fishbase,-12.9,no,trusted_source,0.2157,Chaetodon_capistratus_FishBaseUser_1747226077_95.95.129.49.jpg,no
Chaetodon_capistratus_FishBaseUser_1598572753_162.158.187.179.jpg,Chaetodon capistratus,fishbase,3.1,no,trusted_flagged,0.2519,Chaetodon_capistratus_FishBaseUser_1747226077_95.95.129.49.jpg,yes
Chaetodon_capistratus_FishBaseUser_1617565421_162.158.75.220.jpg,Chaetodon capistratus,fishbase,7.2,no,trusted_source,0.2433,Chaetodon_capistratus_FishBaseUser_1747226077_95.95.129.49.jpg,no
Chaetodon_capistratus_FishBaseUser_1704222371_172.70.54.42.jpg,Chaetodon capistratus,fishbase,-12.1,no,trusted_source,0.0199,Chaetodon_capistratus_FishBaseUser_1747226077_95.95.129.49.jpg,no
Chaetodon_capistratus_FishBaseUser_1706474720_172.70.254.13.jpg,Chaetodon capistratus,fishbase,13.4,no,trusted_source,0.0504,Chaetodon_capistratus_FishBaseUser_1747226077_95.95.129.49.jpg,no
Chaetodon_capistratus_FishBaseUser_1708723355_172.70.55.71.jpg,Chaetodon capistratus,fishbase,4.2,no,trusted_flagged,0.4833,Chaetodon_capistratus_FishBaseUser_1747226077_95.95.129.49.jpg,yes
Chaetodon_capistratus_FishBaseUser_1711483573_172.70.54.91.jpg,Chaetodon capistratus,fishbase,3.8,no,trusted_source,0.259,Chaetodon_capistratus_FishBaseUser_1747226077_95.95.129.49.jpg,no
Chaetodon_capistratus_FishBaseUser_1711483627_172.70.54.90.jpg,Chaetodon capistratus,fishbase,-6.0,no,trusted_source,0.1751,Chaetodon_capistratus_FishBaseUser_1747226077_95.95.129.49.jpg,no
Chaetodon_capistratus_FishBaseUser_1711483687_172.70.254.83.jpg,Chaetodon capistratus,fishbase,-18.7,no,trusted_source,0.6224,Chaetodon_capistratus_FishBaseUser_1747226077_95.95.129.49.jpg,no
Chaetodon_capistratus_FishBaseUser_1747226043_95.95.129.49.jpg,Chaetodon capistratus,fishbase,0.0,no,trusted_source,0.1713,Chaetodon_capistratus_FishBaseUser_1747226077_95.95.129.49.jpg,no
Chaetodon_capistratus_FishBaseUser_1747226077_95.95.129.49.jpg,Chaetodon capistratus,fishbase,0.0,no,trusted_source,1.0,Chaetodon_capistratus_FishBaseUser_1747226077_95.95.129.49.jpg,no
Chaetodon_capistratus_iNaturalist_188863842.jpg,Chaetodon capistratus,inaturalist,13.7,no,template_ok,0.2196,Chaetodon_capistratus_FishBaseUser_1747226077_95.95.129.49.jpg,no
Chaetodon_capistratus_iNaturalist_194558459.jpg,Chaetodon capistratus,inaturalist,0.0,yes,template_flip,0.2379,Chaetodon_capistratus_FishBaseUser_1747226077_95.95.129.49.jpg,no
Chaetodon_capistratus_iNaturalist_308518622.jpg,Chaetodon capistratus,inaturalist,-14.5,no,template_ok,0.0418,Chaetodon_capistratus_FishBaseUser_1747226077_95.95.129.49.jpg,no
Chaetodon_capistratus_iNaturalist_411187850.jpg,Chaetodon capistratus,inaturalist,0.0,no,template_ok,0.6255,Chaetodon_capistratus_FishBaseUser_1747226077_95.95.129.49.jpg,no
Chaetodon_capistratus_iNaturalist_449536529.jpg,Chaetodon capistratus,inaturalist,0.0,yes,template_flip,0.3122,Chaetodon_capistratus_FishBaseUser_1747226077_95.95.129.49.jpg,no
Chaetodon_capistratus_iNaturalist_449898623.jpg,Chaetodon capistratus,inaturalist,-15.6,no,template_ok,0.7962,Chaetodon_capistratus_FishBaseUser_1747226077_95.95.129.49.jpg,no
Chaetodon_capistratus_iNaturalist_449898642.jpg,Chaetodon capistratus,inaturalist,-10.8,no,template_ok,0.2703,Chaetodon_capistratus_FishBaseUser_1747226077_95.95.129.49.jpg,no
Chaetodon_capistratus_iNaturalist_476314039.jpg,Chaetodon capistratus,inaturalist,-3.8,yes,template_flip,0.776,Chaetodon_capistratus_FishBaseUser_1747226077_95.95.129.49.jpg,no
Chaetodon_capistratus_iNaturalist_92683344.jpg,Chaetodon capistratus,inaturalist,0.0,no,template_ok,0.4352,Chaetodon_capistratus_FishBaseUser_1747226077_95.95.129.49.jpg,no
Chaetodon_capistratus_FishWise_012678F000163W000002.jpg,Chaetodon capistratus,other,-2.1,yes,template_flip,0.5693,Chaetodon_capistratus_FishBaseUser_1747226077_95.95.129.49.jpg,no
Chaetodon_capistratus_FishWise_012678F000164W000003.jpg,Chaetodon capistratus,other,2.4,no,template_ok,0.39,Chaetodon_capistratus_FishBaseUser_1747226077_95.95.129.49.jpg,no
Chaetodon_capistratus_FishWise_012678F000164W000004.jpg,Chaetodon capistratus,other,-4.2,no,template_ok,0.1609,Chaetodon_capistratus_FishBaseUser_1747226077_95.95.129.49.jpg,no
Chaetodon_citrinellus_FishPix_33011AF.jpg,Chaetodon citrinellus,fishpix,0.0,no,trusted_source,0.0384,Chaetodon_citrinellus_Bishop_-1191499504.jpg,no
Chaetodon_citrinellus_Bishop_-1191499504.jpg,Chaetodon citrinellus,bishop,0.0,no,trusted_source,1.0,Chaetodon_citrinellus_Bishop_-1191499504.jpg,no
Chaetodon_citrinellus_Bishop_-1736280642.jpg,Chaetodon citrinellus,bishop,0.0,no,trusted_source,0.048,Chaetodon_citrinellus_Bishop_-1191499504.jpg,no
Chaetodon_citrinellus_Bishop_-1937929700.jpg,Chaetodon citrinellus,bishop,0.0,no,trusted_source,0.0447,Chaetodon_citrinellus_Bishop_-1191499504.jpg,no
Chaetodon_citrinellus_Bishop_1043818087.jpg,Chaetodon citrinellus,bishop,2.6,no,trusted_source,0.0722,Chaetodon_citrinellus_Bishop_-1191499504.jpg,no
Chaetodon_citrinellus_Bishop_520787921.jpg,Chaetodon citrinellus,bishop,3.6,no,trusted_source,0.0624,Chaetodon_citrinellus_Bishop_-1191499504.jpg,no
Chaetodon_citrinellus_FishBase_Chcit_u0.jpg,Chaetodon citrinellus,fishbase,10.1,no,trusted_source,0.0255,Chaetodon_citrinellus_Bishop_-1191499504.jpg,no
Chaetodon_citrinellus_FishBase_Chcit_u1.jpg,Chaetodon citrinellus,fishbase,0.0,no,trusted_source,0.0574,Chaetodon_citrinellus_Bishop_-1191499504.jpg,no
Chaetodon_citrinellus_FishBase_Chcit_u2.jpg,Chaetodon citrinellus,fishbase,3.5,no,trusted_source,0.0628,Chaetodon_citrinellus_Bishop_-1191499504.jpg,no
Chaetodon_citrinellus_FishBase_Chcit_u3.jpg,Chaetodon citrinellus,fishbase,0.0,no,trusted_source,0.049,Chaetodon_citrinellus_Bishop_-1191499504.jpg,no
Chaetodon_citrinellus_FishBase_Chcit_u4.jpg,Chaetodon citrinellus,fishbase,2.7,no,trusted_source,0.0705,Chaetodon_citrinellus_Bishop_-1191499504.jpg,no
Chaetodon_citrinellus_FishBase_Chcit_u5.jpg,Chaetodon citrinellus,fishbase,0.0,no,trusted_source,0.0445,Chaetodon_citrinellus_Bishop_-1191499504.jpg,no
Chaetodon_citrinellus_FishBase_Chcit_u6.jpg,Chaetodon citrinellus,fishbase,6.4,no,trusted_source,0.0308,Chaetodon_citrinellus_Bishop_-1191499504.jpg,no
Chaetodon_citrinellus_FishBaseUser_1344098368_62.178.129.238.jpg,Chaetodon citrinellus,fishbase,9.0,no,trusted_source,0.0227,Chaetodon_citrinellus_Bishop_-1191499504.jpg,no
Chaetodon_citrinellus_FishBaseUser_1469521392_162.158.167.12.jpg,Chaetodon citrinellus,fishbase,-16.6,no,trusted_source,0.0838,Chaetodon_citrinellus_Bishop_-1191499504.jpg,no
Chaetodon_citrinellus_FishBaseUser_1473651004_162.158.165.25.jpg,Chaetodon citrinellus,fishbase,0.0,no,trusted_source,0.0791,Chaetodon_citrinellus_Bishop_-1191499504.jpg,no
Chaetodon_citrinellus_FishBaseUser_1473651099_162.158.165.25.jpg,Chaetodon citrinellus,fishbase,12.6,no,trusted_source,0.047,Chaetodon_citrinellus_Bishop_-1191499504.jpg,no
Chaetodon_citrinellus_FishBaseUser_1508795381_172.68.102.42.jpg,Chaetodon citrinellus,fishbase,0.0,no,trusted_source,0.0099,Chaetodon_citrinellus_Bishop_-1191499504.jpg,no
Chaetodon_citrinellus_FishBaseUser_1511366233_162.158.92.222.jpg,Chaetodon citrinellus,fishbase,0.0,no,trusted_source,0.0965,Chaetodon_citrinellus_Bishop_-1191499504.jpg,no
Chaetodon_citrinellus_FishBaseUser_1724961870_172.68.91.158.jpg,Chaetodon citrinellus,fishbase,17.4,no,trusted_source,0.03,Chaetodon_citrinellus_Bishop_-1191499504.jpg,no
Chaetodon_citrinellus_FishBaseUser_1747226259_95.95.129.49.jpg,Chaetodon citrinellus,fishbase,-10.5,no,trusted_source,0.0629,Chaetodon_citrinellus_Bishop_-1191499504.jpg,no
Chaetodon_citrinellus_FishBaseUser_1747330675_185.193.156.153.jpg,Chaetodon citrinellus,fishbase,-2.2,no,trusted_source,0.0423,Chaetodon_citrinellus_Bishop_-1191499504.jpg,no
Chaetodon_citrinellus_iNaturalist_11975509.jpg,Chaetodon citrinellus,inaturalist,-15.2,no,template_ok,0.0066,Chaetodon_citrinellus_Bishop_-1191499504.jpg,no
Chaetodon_citrinellus_iNaturalist_233426826.jpg,Chaetodon citrinellus,inaturalist,7.9,no,template_ok,0.0688,Chaetodon_citrinellus_Bishop_-1191499504.jpg,no
Chaetodon_citrinellus_iNaturalist_237829084.jpg,Chaetodon citrinellus,inaturalist,0.0,no,template_ok,0.0018,Chaetodon_citrinellus_Bishop_-1191499504.jpg,no
Chaetodon_citrinellus_iNaturalist_33805303.jpg,Chaetodon citrinellus,inaturalist,7.1,no,template_ok,0.0235,Chaetodon_citrinellus_Bishop_-1191499504.jpg,no
Chaetodon_citrinellus_iNaturalist_354753796.jpg,Chaetodon citrinellus,inaturalist,-9.0,no,template_ok,0.0593,Chaetodon_citrinellus_Bishop_-1191499504.jpg,no
Chaetodon_citrinellus_iNaturalist_354753799.jpg,Chaetodon citrinellus,inaturalist,0.0,no,template_ok,0.0651,Chaetodon_citrinellus_Bishop_-1191499504.jpg,no
Chaetodon_citrinellus_iNaturalist_471967882.jpg,Chaetodon citrinellus,inaturalist,-12.1,no,template_uncertain,0.0535,Chaetodon_citrinellus_Bishop_-1191499504.jpg,yes
Chaetodon_citrinellus_iNaturalist_536646907.jpg,Chaetodon citrinellus,inaturalist,2.1,no,template_uncertain,0.0581,Chaetodon_citrinellus_Bishop_-1191499504.jpg,yes
Chaetodon_citrinellus_iNaturalist_585084786.jpg,Chaetodon citrinellus,inaturalist,-6.4,no,template_uncertain,0.0819,Chaetodon_citrinellus_Bishop_-1191499504.jpg,yes
Chaetodon_citrinellus_iNaturalist_602667833.jpg,Chaetodon citrinellus,inaturalist,19.2,no,template_uncertain,0.0797,Chaetodon_citrinellus_Bishop_-1191499504.jpg,yes
Chaetodon_citrinellus_FishWise_015270F000009W000007.jpg,Chaetodon citrinellus,other,0.0,no,template_ok,0.0672,Chaetodon_citrinellus_Bishop_-1191499504.jpg,no
Chaetodon_citrinellus_FishWise_015270F000009W000008.jpg,Chaetodon citrinellus,other,2.1,no,template_ok,0.0636,Chaetodon_citrinellus_Bishop_-1191499504.jpg,no
Chaetodon_citrinellus_FishWise_015270F000387W000009.jpg,Chaetodon citrinellus,other,3.1,no,template_ok,0.0694,Chaetodon_citrinellus_Bishop_-1191499504.jpg,no
Chaetodon_citrinellus_FishWise_015270F000387W000010.jpg,Chaetodon citrinellus,other,0.0,no,template_ok,0.0763,Chaetodon_citrinellus_Bishop_-1191499504.jpg,no
Chaetodon_citrinellus_FishWise_015270F000387W000011.jpg,Chaetodon citrinellus,other,-3.2,no,template_ok,0.0436,Chaetodon_citrinellus_Bishop_-1191499504.jpg,no
Chaetodon_citrinellus_FishWise_015270F000433W000012.jpg,Chaetodon citrinellus,other,4.6,no,template_ok,0.0329,Chaetodon_citrinellus_Bishop_-1191499504.jpg,no
Chaetodon_citrinellus_FishWise_015270F000493W000013.jpg,Chaetodon citrinellus,other,14.4,no,template_ok,0.0396,Chaetodon_citrinellus_Bishop_-1191499504.jpg,no
Chaetodon_collare_FishPix_61562AF.jpg,Chaetodon collare,fishpix,5.6,no,trusted_source,0.1377,Chaetodon_collare_Bishop_1403678122.jpg,no
Chaetodon_collare_Bishop_1403678122.jpg,Chaetodon collare,bishop,2.4,no,trusted_source,1.0,Chaetodon_collare_Bishop_1403678122.jpg,no
Chaetodon_collare_Bishop_1999007469.jpg,Chaetodon collare,bishop,4.4,no,trusted_source,0.0847,Chaetodon_collare_Bishop_1403678122.jpg,no
Chaetodon_collare_FishBase_Chcol_u0.jpg,Chaetodon collare,fishbase,0.0,no,trusted_source,0.1326,Chaetodon_collare_Bishop_1403678122.jpg,no
Chaetodon_collare_FishBase_Chcol_u1.jpg,Chaetodon collare,fishbase,-10.3,no,trusted_source,0.0713,Chaetodon_collare_Bishop_1403678122.jpg,no
Chaetodon_collare_FishBase_Chcol_u2.jpg,Chaetodon collare,fishbase,2.4,no,trusted_source,0.1087,Chaetodon_collare_Bishop_1403678122.jpg,no
Chaetodon_collare_FishBase_Chcol_u3.jpg,Chaetodon collare,fishbase,4.3,no,trusted_source,0.082,Chaetodon_collare_Bishop_1403678122.jpg,no
Chaetodon_collare_FishBase_Chcol_u6.jpg,Chaetodon collare,fishbase,-17.0,no,trusted_source,0.144,Chaetodon_collare_Bishop_1403678122.jpg,no
Chaetodon_collare_FishBase_Chcol_u7.jpg,Chaetodon collare,fishbase,-7.6,no,trusted_source,0.1157,Chaetodon_collare_Bishop_1403678122.jpg,no
Chaetodon_collare_FishBase_Chcol_u9.jpg,Chaetodon collare,fishbase,-6.4,no,trusted_source,0.1745,Chaetodon_collare_Bishop_1403678122.jpg,no
Chaetodon_collare_FishBase_Chcol_ub.jpg,Chaetodon collare,fishbase,0.0,no,trusted_source,0.091,Chaetodon_collare_Bishop_1403678122.jpg,no
Chaetodon_collare_FishBase_Chcol_uc.jpg,Chaetodon collare,fishbase,-11.4,no,trusted_source,0.0166,Chaetodon_collare_Bishop_1403678122.jpg,no
Chaetodon_collare_FishBaseUser_1344100256_62.178.129.238.jpg,Chaetodon collare,fishbase,-7.4,no,trusted_source,0.0361,Chaetodon_collare_Bishop_1403678122.jpg,no
Chaetodon_collare_FishBaseUser_1366902798_182.178.103.211.jpg,Chaetodon collare,fishbase,3.3,no,trusted_source,0.1273,Chaetodon_collare_Bishop_1403678122.jpg,no
Chaetodon_collare_FishBaseUser_1366902815_182.178.103.211.jpg,Chaetodon collare,fishbase,3.1,no,trusted_source,0.1002,Chaetodon_collare_Bishop_1403678122.jpg,no
Chaetodon_collare_FishBaseUser_1440529031_83.211.38.4.jpg,Chaetodon collare,fishbase,0.0,no,trusted_source,0.0346,Chaetodon_collare_Bishop_1403678122.jpg,no
Chaetodon_collare_FishBaseUser_1440529152_83.211.38.4.jpg,Chaetodon collare,fishbase,0.0,no,trusted_source,0.1545,Chaetodon_collare_Bishop_1403678122.jpg,no
Chaetodon_collare_FishBaseUser_1440529233_83.211.38.4.jpg,Chaetodon collare,fishbase,-12.4,no,trusted_source,0.0931,Chaetodon_collare_Bishop_1403678122.jpg,no
Chaetodon_collare_FishBaseUser_1441344507_117.206.95.248.jpg,Chaetodon collare,fishbase,0.0,no,trusted_source,0.1259,Chaetodon_collare_Bishop_1403678122.jpg,no
Chaetodon_collare_FishBaseUser_1452251054_94.198.18.55.jpg,Chaetodon collare,fishbase,9.6,no,trusted_source,0.1142,Chaetodon_collare_Bishop_1403678122.jpg,no
Chaetodon_collare_FishBaseUser_1481727910_188.114.102.52.jpg,Chaetodon collare,fishbase,0.0,no,trusted_source,0.0776,Chaetodon_collare_Bishop_1403678122.jpg,no
Chaetodon_collare_FishBaseUser_1491819426_162.158.155.112.jpg,Chaetodon collare,fishbase,0.0,no,trusted_source,0.0795,Chaetodon_collare_Bishop_1403678122.jpg,no
Chaetodon_collare_FishBaseUser_1562853572_162.158.234.96.jpg,Chaetodon collare,fishbase,-7.3,no,trusted_source,0.0171,Chaetodon_collare_Bishop_1403678122.jpg,no
Chaetodon_collare_FishBaseUser_1739413410_172.71.124.180.jpg,Chaetodon collare,fishbase,4.0,no,trusted_source,0.0754,Chaetodon_collare_Bishop_1403678122.jpg,no
Chaetodon_collare_FishBaseUser_1747226431_95.95.129.49.jpg,Chaetodon collare,fishbase,0.0,no,trusted_source,0.0268,Chaetodon_collare_Bishop_1403678122.jpg,no
Chaetodon_collare_FishBaseUser_1757179057_111.92.49.34.jpg,Chaetodon collare,fishbase,4.3,no,trusted_source,0.1226,Chaetodon_collare_Bishop_1403678122.jpg,no
Chaetodon_collare_FishBaseUser_1761156255_203.189.184.146.jpg,Chaetodon collare,fishbase,3.0,no,trusted_source,0.0814,Chaetodon_collare_Bishop_1403678122.jpg,no
Chaetodon_collare_iNaturalist_199056448.jpg,Chaetodon collare,inaturalist,11.8,no,template_uncertain,0.062,Chaetodon_collare_Bishop_1403678122.jpg,yes
Chaetodon_collare_iNaturalist_249083568.jpg,Chaetodon collare,inaturalist,0.0,no,template_ok,0.0152,Chaetodon_collare_Bishop_1403678122.jpg,no
Chaetodon_collare_iNaturalist_249083569.jpg,Chaetodon collare,inaturalist,10.7,no,template_uncertain,0.08,Chaetodon_collare_Bishop_1403678122.jpg,yes
Chaetodon_collare_iNaturalist_249083576.jpg,Chaetodon collare,inaturalist,0.0,no,template_ok,0.0237,Chaetodon_collare_Bishop_1403678122.jpg,no
Chaetodon_collare_iNaturalist_249083606.jpg,Chaetodon collare,inaturalist,0.0,no,template_uncertain,0.0941,Chaetodon_collare_Bishop_1403678122.jpg,yes
Chaetodon_collare_iNaturalist_332653503.jpg,Chaetodon collare,inaturalist,-11.7,no,template_uncertain,0.066,Chaetodon_collare_Bishop_1403678122.jpg,yes
Chaetodon_collare_iNaturalist_470988304.jpg,Chaetodon collare,inaturalist,-4.0,no,template_ok,0.2231,Chaetodon_collare_Bishop_1403678122.jpg,no
Chaetodon_collare_iNaturalist_482033388.jpg,Chaetodon collare,inaturalist,-6.4,no,template_ok,0.0612,Chaetodon_collare_Bishop_1403678122.jpg,no
Chaetodon_collare_iNaturalist_483798684.jpg,Chaetodon collare,inaturalist,0.0,no,template_ok,0.1295,Chaetodon_collare_Bishop_1403678122.jpg,no
Chaetodon_collare_iNaturalist_603923252.jpg,Chaetodon collare,inaturalist,12.4,no,template_ok,0.0367,Chaetodon_collare_Bishop_1403678122.jpg,no
Chaetodon_collare_FishWise_015726F000009W000004.jpg,Chaetodon collare,other,0.0,no,template_ok,0.1987,Chaetodon_collare_Bishop_1403678122.jpg,no
Chaetodon_collare_FishWise_015726F000009W000005.jpg,Chaetodon collare,other,6.5,no,template_ok,0.0752,Chaetodon_collare_Bishop_1403678122.jpg,no
Chaetodon_daedalma_FishPix_140579AF.jpg,Chaetodon daedalma,fishpix,14.7,no,trusted_source,0.0033,Chaetodon_daedalma_Bishop_1811677923.jpg,no
Chaetodon_daedalma_Bishop_1811677923.jpg,Chaetodon daedalma,bishop,4.2,no,trusted_source,1.0,Chaetodon_daedalma_Bishop_1811677923.jpg,no
Chaetodon_daedalma_FishBase_Chdae_u0.jpg,Chaetodon daedalma,fishbase,-11.7,no,trusted_source,0.0048,Chaetodon_daedalma_Bishop_1811677923.jpg,no
Chaetodon_daedalma_FishBase_Chdae_u1.jpg,Chaetodon daedalma,fishbase,4.1,no,trusted_source,0.2732,Chaetodon_daedalma_Bishop_1811677923.jpg,no
Chaetodon_daedalma_FishBaseUser_1368174693_114.155.226.67.jpg,Chaetodon daedalma,fishbase,-5.4,no,trusted_source,0.1989,Chaetodon_daedalma_Bishop_1811677923.jpg,no
Chaetodon_daedalma_iNaturalist_390092673.jpg,Chaetodon daedalma,inaturalist,0.0,no,template_ok,0.1965,Chaetodon_daedalma_Bishop_1811677923.jpg,no
Chaetodon_daedalma_iNaturalist_560373781.jpg,Chaetodon daedalma,inaturalist,0.0,no,template_ok,0.0679,Chaetodon_daedalma_Bishop_1811677923.jpg,no
Chaetodon_daedalma_iNaturalist_566708005.jpg,Chaetodon daedalma,inaturalist,0.0,yes,template_flip,0.1654,Chaetodon_daedalma_Bishop_1811677923.jpg,no
Chaetodon_daedalma_iNaturalist_78269334.jpg,Chaetodon daedalma,inaturalist,-15.4,yes,template_flip,0.2127,Chaetodon_daedalma_Bishop_1811677923.jpg,no
Chaetodon_declivis_FishBase_Chdec_u2.jpg,Chaetodon declivis,fishbase,4.9,no,trusted_source,0.1548,Chaetodon_declivis_Bishop_1376440265.jpg,no
Chaetodon_declivis_Bishop_-274435096.jpg,Chaetodon declivis,bishop,4.7,no,trusted_source,0.1525,Chaetodon_declivis_Bishop_1376440265.jpg,no
Chaetodon_declivis_Bishop_-405463978.jpg,Chaetodon declivis,bishop,5.5,no,trusted_source,0.1147,Chaetodon_declivis_Bishop_1376440265.jpg,no
Chaetodon_declivis_Bishop_1376440265.jpg,Chaetodon declivis,bishop,2.7,no,trusted_source,1.0,Chaetodon_declivis_Bishop_1376440265.jpg,no
Chaetodon_declivis_FishBase_Chdec_u0.jpg,Chaetodon declivis,fishbase,11.8,no,trusted_source,0.18,Chaetodon_declivis_Bishop_1376440265.jpg,no
Chaetodon_declivis_FishBase_Chdec_u1.jpg,Chaetodon declivis,fishbase,5.5,no,trusted_source,0.1145,Chaetodon_declivis_Bishop_1376440265.jpg,no
Chaetodon_declivis_FishBase_Chdec_u3.jpg,Chaetodon declivis,fishbase,3.4,no,trusted_source,0.1656,Chaetodon_declivis_Bishop_1376440265.jpg,no
Chaetodon_declivis_FishBase_Chdec_ua.jpg,Chaetodon declivis,fishbase,-11.5,no,trusted_source,0.1353,Chaetodon_declivis_Bishop_1376440265.jpg,no
Chaetodon_declivis_FishBase_Chdec_ub.jpg,Chaetodon declivis,fishbase,8.3,no,trusted_source,0.0942,Chaetodon_declivis_Bishop_1376440265.jpg,no
Chaetodon_declivis_iNaturalist_594486076.jpg,Chaetodon declivis,inaturalist,15.3,yes,template_flip,0.2675,Chaetodon_declivis_Bishop_1376440265.jpg,no
Chaetodon_decussatus_FishBase_Chdec_u4.jpg,Chaetodon decussatus,fishbase,8.3,no,trusted_source,0.1292,Chaetodon_decussatus_Bishop_527122207.jpg,no
Chaetodon_decussatus_Bishop_527122207.jpg,Chaetodon decussatus,bishop,8.3,no,trusted_source,1.0,Chaetodon_decussatus_Bishop_527122207.jpg,no
Chaetodon_decussatus_FishBase_Chdec_j0.jpg,Chaetodon decussatus,fishbase,17.3,no,trusted_source,0.072,Chaetodon_decussatus_Bishop_527122207.jpg,no
Chaetodon_decussatus_FishBase_Chdec_u5.jpg,Chaetodon decussatus,fishbase,0.0,no,trusted_source,0.048,Chaetodon_decussatus_Bishop_527122207.jpg,no
Chaetodon_decussatus_FishBase_Chdec_u6.jpg,Chaetodon decussatus,fishbase,6.6,no,trusted_source,0.0353,Chaetodon_decussatus_Bishop_527122207.jpg,no
Chaetodon_decussatus_FishBase_Chdec_u7.jpg,Chaetodon decussatus,fishbase,0.0,no,trusted_source,0.0633,Chaetodon_decussatus_Bishop_527122207.jpg,no
Chaetodon_decussatus_FishBase_Chdec_uc.jpg,Chaetodon decussatus,fishbase,0.0,no,trusted_source,0.0278,Chaetodon_decussatus_Bishop_527122207.jpg,no
Chaetodon_decussatus_FishBaseUser_1418992173_164.100.150.114.jpg,Chaetodon decussatus,fishbase,-6.7,no,trusted_source,0.0003,Chaetodon_decussatus_Bishop_527122207.jpg,no
Chaetodon_decussatus_FishBaseUser_1508796297_172.68.102.54.jpg,Chaetodon decussatus,fishbase,0.0,no,trusted_source,0.0052,Chaetodon_decussatus_Bishop_527122207.jpg,no
Chaetodon_decussatus_FishBaseUser_1562554153_172.68.132.247.jpg,Chaetodon decussatus,fishbase,3.1,no,trusted_source,0.0529,Chaetodon_decussatus_Bishop_527122207.jpg,no
Chaetodon_decussatus_FishBaseUser_1617651844_162.158.75.80.jpg,Chaetodon decussatus,fishbase,3.9,no,trusted_source,0.1083,Chaetodon_decussatus_Bishop_527122207.jpg,no
Chaetodon_decussatus_FishBaseUser_1638901946_172.70.143.86.jpg,Chaetodon decussatus,fishbase,5.8,no,trusted_source,0.0148,Chaetodon_decussatus_Bishop_527122207.jpg,no
Chaetodon_decussatus_FishBaseUser_1656493108_172.70.189.88.jpg,Chaetodon decussatus,fishbase,0.0,no,trusted_source,0.1094,Chaetodon_decussatus_Bishop_527122207.jpg,no
Chaetodon_decussatus_FishBaseUser_1675793059_172.70.189.78.jpg,Chaetodon decussatus,fishbase,2.6,no,trusted_source,0.0373,Chaetodon_decussatus_Bishop_527122207.jpg,no
Chaetodon_decussatus_FishBaseUser_1724135062_172.71.124.53.jpg,Chaetodon decussatus,fishbase,0.0,no,trusted_source,0.0926,Chaetodon_decussatus_Bishop_527122207.jpg,no
Chaetodon_decussatus_FishBaseUser_1747226573_95.95.129.49.jpg,Chaetodon decussatus,fishbase,14.9,no,trusted_source,0.0053,Chaetodon_decussatus_Bishop_527122207.jpg,no
Chaetodon_decussatus_FishBaseUser_1753528566_219.73.75.40.jpg,Chaetodon decussatus,fishbase,9.1,no,trusted_source,0.0173,Chaetodon_decussatus_Bishop_527122207.jpg,no
Chaetodon_decussatus_FishBaseUser_1761156372_203.189.184.146.jpg,Chaetodon decussatus,fishbase,3.0,no,trusted_source,0.0697,Chaetodon_decussatus_Bishop_527122207.jpg,no
Chaetodon_decussatus_iNaturalist_249961062.jpg,Chaetodon decussatus,inaturalist,-4.6,no,template_ok,0.0593,Chaetodon_decussatus_Bishop_527122207.jpg,no
Chaetodon_decussatus_iNaturalist_249961088.jpg,Chaetodon decussatus,inaturalist,0.0,no,template_ok,0.044,Chaetodon_decussatus_Bishop_527122207.jpg,no
Chaetodon_decussatus_iNaturalist_270162452.jpg,Chaetodon decussatus,inaturalist,13.5,no,template_uncertain,0.0652,Chaetodon_decussatus_Bishop_527122207.jpg,yes
Chaetodon_decussatus_iNaturalist_366445056.jpg,Chaetodon decussatus,inaturalist,17.4,no,template_ok,0.028,Chaetodon_decussatus_Bishop_527122207.jpg,no
Chaetodon_decussatus_iNaturalist_42777173.jpg,Chaetodon decussatus,inaturalist,0.0,yes,template_flip,0.161,Chaetodon_decussatus_Bishop_527122207.jpg,no
Chaetodon_decussatus_iNaturalist_447360473.jpg,Chaetodon decussatus,inaturalist,-5.0,no,template_uncertain,0.0612,Chaetodon_decussatus_Bishop_527122207.jpg,yes
Chaetodon_decussatus_iNaturalist_451789851.jpg,Chaetodon decussatus,inaturalist,3.2,no,template_uncertain,0.0513,Chaetodon_decussatus_Bishop_527122207.jpg,yes
Chaetodon_decussatus_iNaturalist_451789859.jpg,Chaetodon decussatus,inaturalist,-7.0,no,template_ok,0.0837,Chaetodon_decussatus_Bishop_527122207.jpg,no
Chaetodon_decussatus_iNaturalist_60833629.jpg,Chaetodon decussatus,inaturalist,0.0,no,template_ok,0.2392,Chaetodon_decussatus_Bishop_527122207.jpg,no
Chaetodon_decussatus_FishWise_018588F000024W000003.jpg,Chaetodon decussatus,other,6.3,no,template_ok,0.1231,Chaetodon_decussatus_Bishop_527122207.jpg,no
Chaetodon_dialeucos_FishBase_Chdia_j0.jpg,Chaetodon dialeucos,fishbase,-8.8,no,trusted_source,0.0039,Chaetodon_dialeucos_Bishop_1297085044.jpg,no
Chaetodon_dialeucos_Bishop_1297085044.jpg,Chaetodon dialeucos,bishop,4.5,no,trusted_source,1.0,Chaetodon_dialeucos_Bishop_1297085044.jpg,no
Chaetodon_dialeucos_FishBase_Chdia_u0.jpg,Chaetodon dialeucos,fishbase,4.4,no,trusted_source,0.1051,Chaetodon_dialeucos_Bishop_1297085044.jpg,no
Chaetodon_dialeucos_FishBase_Chdia_u1.jpg,Chaetodon dialeucos,fishbase,13.5,no,trusted_source,0.1641,Chaetodon_dialeucos_Bishop_1297085044.jpg,no
Chaetodon_dialeucos_iNaturalist_33142941.jpg,Chaetodon dialeucos,inaturalist,0.0,no,template_ok,0.0863,Chaetodon_dialeucos_Bishop_1297085044.jpg,no
Chaetodon_dialeucos_iNaturalist_33142997.jpg,Chaetodon dialeucos,inaturalist,-15.6,no,template_uncertain,0.1035,Chaetodon_dialeucos_Bishop_1297085044.jpg,yes
Chaetodon_dialeucos_iNaturalist_484816549.jpg,Chaetodon dialeucos,inaturalist,-12.5,no,template_ok,0.0149,Chaetodon_dialeucos_Bishop_1297085044.jpg,no
Chaetodon_dolosus_FishBase_Chdol_u0.jpg,Chaetodon dolosus,fishbase,-14.6,no,trusted_source,0.0794,Chaetodon_dolosus_Bishop_-1008609691.jpg,no
Chaetodon_dolosus_Bishop_-1008609691.jpg,Chaetodon dolosus,bishop,3.5,no,trusted_source,1.0,Chaetodon_dolosus_Bishop_-1008609691.jpg,no
Chaetodon_dolosus_FishBase_Chdol_u1.jpg,Chaetodon dolosus,fishbase,3.3,no,trusted_source,0.1608,Chaetodon_dolosus_Bishop_-1008609691.jpg,no
Chaetodon_dolosus_FishBase_Chdol_u3.jpg,Chaetodon dolosus,fishbase,0.0,no,trusted_source,0.0537,Chaetodon_dolosus_Bishop_-1008609691.jpg,no
Chaetodon_dolosus_FishBaseUser_1747234135_95.95.129.49.jpg,Chaetodon dolosus,fishbase,0.0,no,trusted_source,0.0276,Chaetodon_dolosus_Bishop_-1008609691.jpg,no
Chaetodon_dolosus_iNaturalist_15539185.jpg,Chaetodon dolosus,inaturalist,-8.7,no,template_uncertain,0.073,Chaetodon_dolosus_Bishop_-1008609691.jpg,yes
Chaetodon_dolosus_iNaturalist_15690595.jpg,Chaetodon dolosus,inaturalist,19.5,no,template_ok,0.0812,Chaetodon_dolosus_Bishop_-1008609691.jpg,no
Chaetodon_dolosus_iNaturalist_174031777.jpg,Chaetodon dolosus,inaturalist,2.4,no,template_ok,0.0377,Chaetodon_dolosus_Bishop_-1008609691.jpg,no
Chaetodon_dolosus_iNaturalist_174692343.jpg,Chaetodon dolosus,inaturalist,0.0,no,template_ok,0.0068,Chaetodon_dolosus_Bishop_-1008609691.jpg,no
Chaetodon_dolosus_iNaturalist_236027673.jpg,Chaetodon dolosus,inaturalist,-5.5,no,template_uncertain,0.0879,Chaetodon_dolosus_Bishop_-1008609691.jpg,yes
Chaetodon_dolosus_iNaturalist_343070907.jpg,Chaetodon dolosus,inaturalist,-18.1,no,template_uncertain,0.0853,Chaetodon_dolosus_Bishop_-1008609691.jpg,yes
Chaetodon_dolosus_iNaturalist_343070914.jpg,Chaetodon dolosus,inaturalist,-9.5,no,template_ok,0.0577,Chaetodon_dolosus_Bishop_-1008609691.jpg,no
Chaetodon_dolosus_iNaturalist_349460578.jpg,Chaetodon dolosus,inaturalist,12.3,no,template_uncertain,0.0657,Chaetodon_dolosus_Bishop_-1008609691.jpg,yes
Chaetodon_dolosus_iNaturalist_56573333.jpg,Chaetodon dolosus,inaturalist,10.0,no,template_ok,0.0498,Chaetodon_dolosus_Bishop_-1008609691.jpg,no
Chaetodon_dolosus_FishWise_019748F000004W000003.jpg,Chaetodon dolosus,other,0.0,no,template_ok,0.0683,Chaetodon_dolosus_Bishop_-1008609691.jpg,no
Chaetodon_dolosus_FishWise_019748F000004W000009.jpg,Chaetodon dolosus,other,6.8,no,template_ok,0.114,Chaetodon_dolosus_Bishop_-1008609691.jpg,no
Chaetodon_dolosus_FishWise_019748F000009W000004.jpg,Chaetodon dolosus,other,7.7,no,template_ok,0.151,Chaetodon_dolosus_Bishop_-1008609691.jpg,no
Chaetodon_dolosus_FishWise_019748F000009W000005.jpg,Chaetodon dolosus,other,0.0,no,template_ok,0.1022,Chaetodon_dolosus_Bishop_-1008609691.jpg,no
Chaetodon_dolosus_FishWise_019748F000009W000006.jpg,Chaetodon dolosus,other,0.0,no,template_ok,0.0722,Chaetodon_dolosus_Bishop_-1008609691.jpg,no
Chaetodon_dolosus_FishWise_019748F000009W000007.jpg,Chaetodon dolosus,other,5.2,no,template_ok,0.0704,Chaetodon_dolosus_Bishop_-1008609691.jpg,no
Chaetodon_dolosus_FishWise_019748F000009W000008.jpg,Chaetodon dolosus,other,9.4,no,template_ok,0.1241,Chaetodon_dolosus_Bishop_-1008609691.jpg,no
Chaetodon_dolosus_FishWise_019748F000024W000001.jpg,Chaetodon dolosus,other,-15.2,no,template_uncertain,0.0764,Chaetodon_dolosus_Bishop_-1008609691.jpg,yes
Chaetodon_dolosus_FishWise_019748F000024W000002.jpg,Chaetodon dolosus,other,3.6,no,template_ok,0.1611,Chaetodon_dolosus_Bishop_-1008609691.jpg,no
Chaetodon_ephippium_FishPix_141659AF.jpg,Chaetodon ephippium,fishpix,-4.8,no,trusted_source,0.0556,Chaetodon_ephippium_Bishop_-1248760382.jpg,no
Chaetodon_ephippium_Bishop_-1179871461.jpg,Chaetodon ephippium,bishop,3.2,no,trusted_source,0.1058,Chaetodon_ephippium_Bishop_-1248760382.jpg,no
Chaetodon_ephippium_Bishop_-1248760382.jpg,Chaetodon ephippium,bishop,7.6,no,trusted_source,1.0,Chaetodon_ephippium_Bishop_-1248760382.jpg,no
Chaetodon_ephippium_FishBase_Cheph_u0.jpg,Chaetodon ephippium,fishbase,7.5,no,trusted_source,0.0524,Chaetodon_ephippium_Bishop_-1248760382.jpg,no
Chaetodon_ephippium_FishBase_Cheph_u3.jpg,Chaetodon ephippium,fishbase,3.2,no,trusted_source,0.1097,Chaetodon_ephippium_Bishop_-1248760382.jpg,no
Chaetodon_ephippium_FishBase_Cheph_u5.jpg,Chaetodon ephippium,fishbase,7.4,no,trusted_source,0.125,Chaetodon_ephippium_Bishop_-1248760382.jpg,no
Chaetodon_ephippium_FishBase_Cheph_u8.jpg,Chaetodon ephippium,fishbase,0.0,no,trusted_source,0.0187,Chaetodon_ephippium_Bishop_-1248760382.jpg,no
Chaetodon_ephippium_FishBase_Cheph_uc.jpg,Chaetodon ephippium,fishbase,-6.8,no,trusted_source,0.0055,Chaetodon_ephippium_Bishop_-1248760382.jpg,no
Chaetodon_ephippium_FishBase_Cheph_ud.jpg,Chaetodon ephippium,fishbase,-10.1,no,trusted_source,0.0696,Chaetodon_ephippium_Bishop_-1248760382.jpg,no
Chaetodon_ephippium_FishBase_Cheph_ue.jpg,Chaetodon ephippium,fishbase,-19.4,no,trusted_source,0.0593,Chaetodon_ephippium_Bishop_-1248760382.jpg,no
Chaetodon_ephippium_FishBase_Cheph_uf.jpg,Chaetodon ephippium,fishbase,19.9,no,trusted_source,0.1218,Chaetodon_ephippium_Bishop_-1248760382.jpg,no
Chaetodon_ephippium_FishBaseUser_1389912996_38.99.243.46.jpg,Chaetodon ephippium,fishbase,-11.7,no,trusted_source,0.1059,Chaetodon_ephippium_Bishop_-1248760382.jpg,no
Chaetodon_ephippium_FishBaseUser_1392822987_71.202.224.33.jpg,Chaetodon ephippium,fishbase,-19.5,no,trusted_source,0.1328,Chaetodon_ephippium_Bishop_-1248760382.jpg,no
Chaetodon_ephippium_FishBaseUser_1444522977_24.215.186.224.jpg,Chaetodon ephippium,fishbase,-10.1,no,trusted_source,0.0239,Chaetodon_ephippium_Bishop_-1248760382.jpg,no
Chaetodon_ephippium_FishBaseUser_1469521509_162.158.167.12.jpg,Chaetodon ephippium,fishbase,3.8,no,trusted_source,0.0018,Chaetodon_ephippium_Bishop_-1248760382.jpg,no
Chaetodon_ephippium_FishBaseUser_1497005465_172.68.132.253.jpg,Chaetodon ephippium,fishbase,-4.1,no,trusted_source,0.0101,Chaetodon_ephippium_Bishop_-1248760382.jpg,no
Chaetodon_ephippium_FishBaseUser_1497005553_172.68.132.253.jpg,Chaetodon ephippium,fishbase,16.3,no,trusted_source,0.0561,Chaetodon_ephippium_Bishop_-1248760382.jpg,no
Chaetodon_ephippium_FishBaseUser_1508796512_172.68.102.54.jpg,Chaetodon ephippium,fishbase,-9.8,no,trusted_source,0.0178,Chaetodon_ephippium_Bishop_-1248760382.jpg,no
Chaetodon_ephippium_FishBaseUser_1558076187_141.101.99.211.jpg,Chaetodon ephippium,fishbase,0.0,no,trusted_source,0.0419,Chaetodon_ephippium_Bishop_-1248760382.jpg,no
Chaetodon_ephippium_FishBaseUser_1577141054_172.68.102.30.jpg,Chaetodon ephippium,fishbase,-18.6,no,trusted_source,0.0961,Chaetodon_ephippium_Bishop_-1248760382.jpg,no
Chaetodon_ephippium_FishBaseUser_1603232245_162.158.187.197.jpg,Chaetodon ephippium,fishbase,16.2,no,trusted_source,0.1285,Chaetodon_ephippium_Bishop_-1248760382.jpg,no
Chaetodon_ephippium_FishBaseUser_1655938339_172.70.127.40.jpg,Chaetodon ephippium,fishbase,-4.0,no,trusted_source,0.0963,Chaetodon_ephippium_Bishop_-1248760382.jpg,no
Chaetodon_ephippium_FishBaseUser_1703951854_172.70.255.108.jpg,Chaetodon ephippium,fishbase,0.0,no,trusted_source,0.0327,Chaetodon_ephippium_Bishop_-1248760382.jpg,no
Chaetodon_ephippium_FishBaseUser_1706112711_108.162.212.118.jpg,Chaetodon ephippium,fishbase,5.8,no,trusted_source,0.1288,Chaetodon_ephippium_Bishop_-1248760382.jpg,no
Chaetodon_ephippium_FishBaseUser_1710066187_188.114.102.177.jpg,Chaetodon ephippium,fishbase,0.0,no,trusted_source,0.0996,Chaetodon_ephippium_Bishop_-1248760382.jpg,no
Chaetodon_ephippium_FishBaseUser_1747226771_95.95.129.49.jpg,Chaetodon ephippium,fishbase,11.2,no,trusted_source,0.0468,Chaetodon_ephippium_Bishop_-1248760382.jpg,no
Chaetodon_ephippium_iNaturalist_15333789.jpg,Chaetodon ephippium,inaturalist,0.0,no,template_ok,0.0232,Chaetodon_ephippium_Bishop_-1248760382.jpg,no
Chaetodon_ephippium_iNaturalist_243890971.jpg,Chaetodon ephippium,inaturalist,-12.0,no,template_ok,0.0562,Chaetodon_ephippium_Bishop_-1248760382.jpg,no
Chaetodon_ephippium_iNaturalist_330181464.jpg,Chaetodon ephippium,inaturalist,12.5,no,template_uncertain,0.0583,Chaetodon_ephippium_Bishop_-1248760382.jpg,yes
Chaetodon_ephippium_iNaturalist_330181465.jpg,Chaetodon ephippium,inaturalist,0.0,no,template_ok,0.0681,Chaetodon_ephippium_Bishop_-1248760382.jpg,no
Chaetodon_ephippium_iNaturalist_330181466.jpg,Chaetodon ephippium,inaturalist,10.8,no,template_ok,0.0285,Chaetodon_ephippium_Bishop_-1248760382.jpg,no
Chaetodon_ephippium_iNaturalist_363907459.jpg,Chaetodon ephippium,inaturalist,17.1,no,template_ok,0.0138,Chaetodon_ephippium_Bishop_-1248760382.jpg,no
Chaetodon_ephippium_iNaturalist_436944065.jpg,Chaetodon ephippium,inaturalist,0.0,no,template_ok,0.0994,Chaetodon_ephippium_Bishop_-1248760382.jpg,no
Chaetodon_ephippium_iNaturalist_477534095.jpg,Chaetodon ephippium,inaturalist,-7.8,no,template_ok,0.0071,Chaetodon_ephippium_Bishop_-1248760382.jpg,no
Chaetodon_ephippium_iNaturalist_549286482.jpg,Chaetodon ephippium,inaturalist,-19.7,no,template_ok,0.0366,Chaetodon_ephippium_Bishop_-1248760382.jpg,no
Chaetodon_ephippium_FishWise_021561F000009W000005.jpg,Chaetodon ephippium,other,16.6,no,template_ok,0.1076,Chaetodon_ephippium_Bishop_-1248760382.jpg,no
Chaetodon_ephippium_FishWise_021561F000009W000009.jpg,Chaetodon ephippium,other,11.2,no,template_ok,0.0258,Chaetodon_ephippium_Bishop_-1248760382.jpg,no
Chaetodon_ephippium_FishWise_021561F000009W000010.jpg,Chaetodon ephippium,other,11.2,no,template_ok,0.0258,Chaetodon_ephippium_Bishop_-1248760382.jpg,no
Chaetodon_ephippium_FishWise_021561F000009W000011.jpg,Chaetodon ephippium,other,8.3,no,template_ok,0.0152,Chaetodon_ephippium_Bishop_-1248760382.jpg,no
Chaetodon_ephippium_FishWise_021561F000009W000012.jpg,Chaetodon ephippium,other,8.3,no,template_ok,0.0152,Chaetodon_ephippium_Bishop_-1248760382.jpg,no
Chaetodon_ephippium_FishWise_021561F000009W000013.jpg,Chaetodon ephippium,other,14.3,no,template_ok,0.1085,Chaetodon_ephippium_Bishop_-1248760382.jpg,no
Chaetodon_ephippium_FishWise_021561F000009W000014.jpg,Chaetodon ephippium,other,7.8,no,template_ok,0.0538,Chaetodon_ephippium_Bishop_-1248760382.jpg,no
Chaetodon_ephippium_FishWise_021561F000009W000015.jpg,Chaetodon ephippium,other,0.0,no,template_ok,0.1109,Chaetodon_ephippium_Bishop_-1248760382.jpg,no
Chaetodon_ephippium_FishWise_021561F000009W000016.jpg,Chaetodon ephippium,other,-2.1,no,template_ok,0.1235,Chaetodon_ephippium_Bishop_-1248760382.jpg,no
Chaetodon_ephippium_FishWise_021561F000009W000017.jpg,Chaetodon ephippium,other,11.0,no,template_ok,0.0751,Chaetodon_ephippium_Bishop_-1248760382.jpg,no
Chaetodon_ephippium_FishWise_021561F000009W000018.jpg,Chaetodon ephippium,other,14.9,no,template_ok,0.0556,Chaetodon_ephippium_Bishop_-1248760382.jpg,no
Chaetodon_ephippium_FishWise_021561F000009W000019.jpg,Chaetodon ephippium,other,3.0,no,template_ok,0.0648,Chaetodon_ephippium_Bishop_-1248760382.jpg,no
Chaetodon_ephippium_FishWise_021561F000066W000001.gif,Chaetodon ephippium,other,7.6,no,template_ok,0.1081,Chaetodon_ephippium_Bishop_-1248760382.jpg,no
Chaetodon_ephippium_FishWise_021561F000112W000006.jpg,Chaetodon ephippium,other,0.0,no,template_ok,0.0656,Chaetodon_ephippium_Bishop_-1248760382.jpg,no
Chaetodon_ephippium_FishWise_021561F000387W000007.jpg,Chaetodon ephippium,other,0.0,no,template_ok,0.1263,Chaetodon_ephippium_Bishop_-1248760382.jpg,no
Chaetodon_ephippium_FishWise_021561F000387W000008.jpg,Chaetodon ephippium,other,0.0,no,template_ok,0.0943,Chaetodon_ephippium_Bishop_-1248760382.jpg,no
Chaetodon_excelsa_Bishop_853070272.jpg,Chaetodon excelsa,bishop,0.0,no,trusted_source,1.0,Chaetodon_excelsa_Bishop_853070272.jpg,no
Chaetodon_falcula_FishPix_22173AF.jpg,Chaetodon falcula,fishpix,15.0,no,trusted_source,0.1249,Chaetodon_falcula_Bishop_1821335233.jpg,no
Chaetodon_falcula_Bishop_1821335233.jpg,Chaetodon falcula,bishop,0.0,no,trusted_source,1.0,Chaetodon_falcula_Bishop_1821335233.jpg,no
Chaetodon_falcula_FishBase_Chfal_u0.jpg,Chaetodon falcula,fishbase,14.8,no,trusted_source,0.0852,Chaetodon_falcula_Bishop_1821335233.jpg,no
Chaetodon_falcula_FishBase_Chfal_u1.jpg,Chaetodon falcula,fishbase,0.0,no,trusted_source,0.4516,Chaetodon_falcula_Bishop_1821335233.jpg,no
Chaetodon_falcula_FishBase_Chfal_u4.jpg,Chaetodon falcula,fishbase,3.3,no,trusted_source,0.4637,Chaetodon_falcula_Bishop_1821335233.jpg,no
Chaetodon_falcula_FishBase_Chfal_u5.jpg,Chaetodon falcula,fishbase,0.0,no,trusted_source,0.0976,Chaetodon_falcula_Bishop_1821335233.jpg,no
Chaetodon_falcula_FishBase_Chfal_u7.jpg,Chaetodon falcula,fishbase,-14.9,no,trusted_source,0.0256,Chaetodon_falcula_Bishop_1821335233.jpg,no
Chaetodon_falcula_FishBase_Chfal_u8.jpg,Chaetodon falcula,fishbase,19.5,no,trusted_source,0.0595,Chaetodon_falcula_Bishop_1821335233.jpg,no
Chaetodon_falcula_FishBaseUser_1361817722_86.28.236.182.jpg,Chaetodon falcula,fishbase,3.1,no,trusted_source,0.3257,Chaetodon_falcula_Bishop_1821335233.jpg,no
Chaetodon_falcula_FishBaseUser_1361817746_86.28.236.182.jpg,Chaetodon falcula,fishbase,2.5,no,trusted_flagged,0.552,Chaetodon_falcula_Bishop_1821335233.jpg,yes
Chaetodon_falcula_FishBaseUser_1508796718_172.68.102.54.jpg,Chaetodon falcula,fishbase,0.0,no,trusted_source,0.2668,Chaetodon_falcula_Bishop_1821335233.jpg,no
Chaetodon_falcula_FishBaseUser_1680510302_172.70.188.254.jpg,Chaetodon falcula,fishbase,0.0,no,trusted_source,0.0046,Chaetodon_falcula_Bishop_1821335233.jpg,no
Chaetodon_falcula_iNaturalist_11763158.jpg,Chaetodon falcula,inaturalist,0.0,yes,template_flip,0.4182,Chaetodon_falcula_Bishop_1821335233.jpg,no
Chaetodon_falcula_iNaturalist_317097780.jpg,Chaetodon falcula,inaturalist,-7.3,no,template_ok,0.3581,Chaetodon_falcula_Bishop_1821335233.jpg,no
Chaetodon_falcula_iNaturalist_340839235.jpg,Chaetodon falcula,inaturalist,-12.1,yes,template_flip,0.5143,Chaetodon_falcula_Bishop_1821335233.jpg,no
Chaetodon_falcula_iNaturalist_379635851.jpg,Chaetodon falcula,inaturalist,0.0,no,template_ok,0.1728,Chaetodon_falcula_Bishop_1821335233.jpg,no
Chaetodon_falcula_iNaturalist_419993389.jpg,Chaetodon falcula,inaturalist,7.3,yes,template_flip,0.2555,Chaetodon_falcula_Bishop_1821335233.jpg,no
Chaetodon_falcula_iNaturalist_419993422.jpg,Chaetodon falcula,inaturalist,0.0,no,template_ok,0.4138,Chaetodon_falcula_Bishop_1821335233.jpg,no
Chaetodon_falcula_iNaturalist_419993448.jpg,Chaetodon falcula,inaturalist,0.0,yes,template_flip,0.3819,Chaetodon_falcula_Bishop_1821335233.jpg,no
Chaetodon_falcula_iNaturalist_443949633.jpg,Chaetodon falcula,inaturalist,0.0,no,template_ok,0.2573,Chaetodon_falcula_Bishop_1821335233.jpg,no
Chaetodon_falcula_iNaturalist_467014694.jpg,Chaetodon falcula,inaturalist,0.0,no,template_ok,0.0583,Chaetodon_falcula_Bishop_1821335233.jpg,no
Chaetodon_falcula_iNaturalist_602174061.jpg,Chaetodon falcula,inaturalist,17.4,no,template_ok,0.3046,Chaetodon_falcula_Bishop_1821335233.jpg,no
Chaetodon_falcula_FishWise_022574F000009W000003.jpg,Chaetodon falcula,other,18.0,no,template_ok,0.0272,Chaetodon_falcula_Bishop_1821335233.jpg,no
Chaetodon_falcula_FishWise_022574F000024W000001.jpg,Chaetodon falcula,other,11.8,no,template_ok,0.0975,Chaetodon_falcula_Bishop_1821335233.jpg,no
Chaetodon_falcula_FishWise_022574F000024W000002.jpg,Chaetodon falcula,other,2.1,no,template_ok,0.4466,Chaetodon_falcula_Bishop_1821335233.jpg,no
Chaetodon_falcula_FishWise_022574F000112W000005.jpg,Chaetodon falcula,other,3.5,no,template_ok,0.4135,Chaetodon_falcula_Bishop_1821335233.jpg,no
Chaetodon_fasciatus_FishPix_32789AF.jpg,Chaetodon fasciatus,fishpix,8.8,no,trusted_source,0.1662,Chaetodon_fasciatus_Bishop_-1886056978.jpg,no
Chaetodon_fasciatus_Bishop_-1886056978.jpg,Chaetodon fasciatus,bishop,0.0,no,trusted_source,1.0,Chaetodon_fasciatus_Bishop_-1886056978.jpg,no
Chaetodon_fasciatus_Bishop_2100774615.jpg,Chaetodon fasciatus,bishop,3.3,no,trusted_source,0.2086,Chaetodon_fasciatus_Bishop_-1886056978.jpg,no
Chaetodon_fasciatus_FishBase_Chfas_u0.jpg,Chaetodon fasciatus,fishbase,16.8,no,trusted_flagged,0.2365,Chaetodon_fasciatus_Bishop_-1886056978.jpg,yes
Chaetodon_fasciatus_FishBase_Chfas_u1.jpg,Chaetodon fasciatus,fishbase,3.4,no,trusted_source,0.2108,Chaetodon_fasciatus_Bishop_-1886056978.jpg,no
Chaetodon_fasciatus_FishBase_Chfas_u6.jpg,Chaetodon fasciatus,fishbase,0.0,no,trusted_source,0.2376,Chaetodon_fasciatus_Bishop_-1886056978.jpg,no
Chaetodon_fasciatus_FishBase_Chfas_uh.jpg,Chaetodon fasciatus,fishbase,12.5,no,trusted_source,0.0428,Chaetodon_fasciatus_Bishop_-1886056978.jpg,no
Chaetodon_fasciatus_FishBase_Chfas_up.jpg,Chaetodon fasciatus,fishbase,0.0,no,trusted_source,0.0134,Chaetodon_fasciatus_Bishop_-1886056978.jpg,no
Chaetodon_fasciatus_FishBaseUser_1482311739_188.114.102.48.jpg,Chaetodon fasciatus,fishbase,19.1,no,trusted_source,0.1238,Chaetodon_fasciatus_Bishop_-1886056978.jpg,no
Chaetodon_fasciatus_FishBaseUser_1508796891_172.68.102.54.jpg,Chaetodon fasciatus,fishbase,0.0,no,trusted_flagged,0.2985,Chaetodon_fasciatus_Bishop_-1886056978.jpg,yes
Chaetodon_fasciatus_FishBaseUser_1580205454_162.158.91.183.jpg,Chaetodon fasciatus,fishbase,-10.6,no,trusted_source,0.169,Chaetodon_fasciatus_Bishop_-1886056978.jpg,no
Chaetodon_fasciatus_FishBaseUser_1585651606_108.162.229.108.jpg,Chaetodon fasciatus,fishbase,-9.6,no,trusted_source,0.1767,Chaetodon_fasciatus_Bishop_-1886056978.jpg,no
Chaetodon_fasciatus_FishBaseUser_1671304912_172.71.26.208.jpg,Chaetodon fasciatus,fishbase,4.2,no,trusted_flagged,0.2111,Chaetodon_fasciatus_Bishop_-1886056978.jpg,yes
Chaetodon_fasciatus_FishBaseUser_1671305000_172.71.30.14.jpg,Chaetodon fasciatus,fishbase,-5.5,no,trusted_source,0.3154,Chaetodon_fasciatus_Bishop_-1886056978.jpg,no
Chaetodon_fasciatus_FishBaseUser_1705860390_172.70.254.95.jpg,Chaetodon fasciatus,fishbase,-6.3,no,trusted_source,0.0738,Chaetodon_fasciatus_Bishop_-1886056978.jpg,no
Chaetodon_fasciatus_iNaturalist_174967542.jpg,Chaetodon fasciatus,inaturalist,-15.8,no,template_uncertain,0.0816,Chaetodon_fasciatus_Bishop_-1886056978.jpg,yes
Chaetodon_fasciatus_iNaturalist_344206924.jpg,Chaetodon fasciatus,inaturalist,0.0,yes,template_flip,0.3412,Chaetodon_fasciatus_Bishop_-1886056978.jpg,no
Chaetodon_fasciatus_iNaturalist_344206951.jpg,Chaetodon fasciatus,inaturalist,-10.9,no,template_ok,0.0215,Chaetodon_fasciatus_Bishop_-1886056978.jpg,no
Chaetodon_fasciatus_iNaturalist_344206971.jpg,Chaetodon fasciatus,inaturalist,14.2,no,template_ok,0.3423,Chaetodon_fasciatus_Bishop_-1886056978.jpg,no
Chaetodon_fasciatus_iNaturalist_344206990.jpg,Chaetodon fasciatus,inaturalist,-13.6,no,template_ok,0.2071,Chaetodon_fasciatus_Bishop_-1886056978.jpg,no
Chaetodon_fasciatus_iNaturalist_344207037.jpg,Chaetodon fasciatus,inaturalist,0.0,no,template_ok,0.255,Chaetodon_fasciatus_Bishop_-1886056978.jpg,no
Chaetodon_fasciatus_iNaturalist_480744407.jpg,Chaetodon fasciatus,inaturalist,0.0,no,template_ok,0.0046,Chaetodon_fasciatus_Bishop_-1886056978.jpg,no
Chaetodon_fasciatus_iNaturalist_55868231.jpg,Chaetodon fasciatus,inaturalist,0.0,no,template_ok,0.2507,Chaetodon_fasciatus_Bishop_-1886056978.jpg,no
Chaetodon_fasciatus_iNaturalist_595286178.jpg,Chaetodon fasciatus,inaturalist,0.0,no,template_ok,0.0003,Chaetodon_fasciatus_Bishop_-1886056978.jpg,no
Chaetodon_fasciatus_iNaturalist_596429681.jpg,Chaetodon fasciatus,inaturalist,7.8,no,template_ok,0.064,Chaetodon_fasciatus_Bishop_-1886056978.jpg,no
Chaetodon_fasciatus_FishWise_090685F000009W000002.jpg,Chaetodon fasciatus,other,17.5,yes,template_flip,0.3487,Chaetodon_fasciatus_Bishop_-1886056978.jpg,no
Chaetodon_fasciatus_FishWise_090685F000009W000007.jpg,Chaetodon fasciatus,other,0.0,no,template_ok,0.2854,Chaetodon_fasciatus_Bishop_-1886056978.jpg,no
Chaetodon_fasciatus_FishWise_090685F000009W000008.jpg,Chaetodon fasciatus,other,5.7,no,template_ok,0.1706,Chaetodon_fasciatus_Bishop_-1886056978.jpg,no
Chaetodon_fasciatus_FishWise_090685F000175W000001.jpg,Chaetodon fasciatus,other,0.0,no,template_ok,0.2022,Chaetodon_fasciatus_Bishop_-1886056978.jpg,no
Chaetodon_fasciatus_FishWise_090685F000387W000010.jpg,Chaetodon fasciatus,other,6.0,no,template_ok,0.1338,Chaetodon_fasciatus_Bishop_-1886056978.jpg,no
Chaetodon_fasciatus_FishWise_090685F000387W000011.jpg,Chaetodon fasciatus,other,2.2,no,template_ok,0.2374,Chaetodon_fasciatus_Bishop_-1886056978.jpg,no
Chaetodon_fasciatus_FishWise_090685F000387W000012.jpg,Chaetodon fasciatus,other,0.0,no,template_ok,0.1506,Chaetodon_fasciatus_Bishop_-1886056978.jpg,no
Chaetodon_flavirostris_FishPix_32909AF.jpg,Chaetodon flavirostris,fishpix,10.2,no,trusted_source,0.0587,Chaetodon_flavirostris_Bishop_1864146380.jpg,no
Chaetodon_flavirostris_Bishop_1864146380.jpg,Chaetodon flavirostris,bishop,5.0,no,trusted_source,1.0,Chaetodon_flavirostris_Bishop_1864146380.jpg,no
Chaetodon_flavirostris_FishBase_Chfla_u1.jpg,Chaetodon flavirostris,fishbase,9.0,no,trusted_source,0.1243,Chaetodon_flavirostris_Bishop_1864146380.jpg,no
Chaetodon_flavirostris_FishBase_Chfla_u3.jpg,Chaetodon flavirostris,fishbase,4.9,no,trusted_source,0.2303,Chaetodon_flavirostris_Bishop_1864146380.jpg,no
Chaetodon_flavirostris_FishBase_Chfla_us.jpg,Chaetodon flavirostris,fishbase,0.0,no,trusted_source,0.2396,Chaetodon_flavirostris_Bishop_1864146380.jpg,no
Chaetodon_flavirostris_FishBaseUser_1400204687_66.91.209.33.jpg,Chaetodon flavirostris,fishbase,-17.4,no,trusted_source,0.1117,Chaetodon_flavirostris_Bishop_1864146380.jpg,no
Chaetodon_flavirostris_iNaturalist_12040833.jpg,Chaetodon flavirostris,inaturalist,-5.9,no,template_ok,0.0687,Chaetodon_flavirostris_Bishop_1864146380.jpg,no
Chaetodon_flavirostris_iNaturalist_12760738.jpg,Chaetodon flavirostris,inaturalist,0.0,no,template_ok,0.0144,Chaetodon_flavirostris_Bishop_1864146380.jpg,no
Chaetodon_flavirostris_iNaturalist_17376679.jpg,Chaetodon flavirostris,inaturalist,0.0,yes,template_flip,0.2406,Chaetodon_flavirostris_Bishop_1864146380.jpg,no
Chaetodon_flavirostris_iNaturalist_17376788.jpg,Chaetodon flavirostris,inaturalist,19.8,yes,template_flip,0.2006,Chaetodon_flavirostris_Bishop_1864146380.jpg,no
Chaetodon_flavirostris_iNaturalist_177651824.jpg,Chaetodon flavirostris,inaturalist,11.2,no,template_ok,0.0423,Chaetodon_flavirostris_Bishop_1864146380.jpg,no
Chaetodon_flavirostris_iNaturalist_19897048.jpg,Chaetodon flavirostris,inaturalist,-12.6,no,template_ok,0.3709,Chaetodon_flavirostris_Bishop_1864146380.jpg,no
Chaetodon_flavirostris_iNaturalist_20063822.jpg,Chaetodon flavirostris,inaturalist,6.9,yes,template_flip,0.2252,Chaetodon_flavirostris_Bishop_1864146380.jpg,no
Chaetodon_flavirostris_iNaturalist_361544133.jpg,Chaetodon flavirostris,inaturalist,9.7,no,template_ok,0.0078,Chaetodon_flavirostris_Bishop_1864146380.jpg,no
Chaetodon_flavirostris_iNaturalist_425367144.jpg,Chaetodon flavirostris,inaturalist,0.0,yes,template_flip,0.2283,Chaetodon_flavirostris_Bishop_1864146380.jpg,no
Chaetodon_flavirostris_iNaturalist_5950939.jpg,Chaetodon flavirostris,inaturalist,-6.9,no,template_uncertain,0.1051,Chaetodon_flavirostris_Bishop_1864146380.jpg,yes
Chaetodon_flavirostris_FishWise_023881F000112W000003.jpg,Chaetodon flavirostris,other,0.0,no,template_ok,0.2891,Chaetodon_flavirostris_Bishop_1864146380.jpg,no
Chaetodon_flavirostris_FishWise_023881F006689W000004.jpg,Chaetodon flavirostris,other,-4.4,no,template_ok,0.3307,Chaetodon_flavirostris_Bishop_1864146380.jpg,no
Chaetodon_flavocoronatus_FishBase_Chfla_u4.jpg,Chaetodon flavocoronatus,fishbase,4.3,no,trusted_source,0.0888,Chaetodon_flavocoronatus_Bishop_-1261632291.jpg,no
Chaetodon_flavocoronatus_Bishop_-1261632291.jpg,Chaetodon flavocoronatus,bishop,3.5,no,trusted_source,1.0,Chaetodon_flavocoronatus_Bishop_-1261632291.jpg,no
Chaetodon_flavocoronatus_Bishop_-1599575846.jpg,Chaetodon flavocoronatus,bishop,4.2,no,trusted_source,0.0895,Chaetodon_flavocoronatus_Bishop_-1261632291.jpg,no
Chaetodon_flavocoronatus_FishBase_Chfla_u5.jpg,Chaetodon flavocoronatus,fishbase,3.3,no,trusted_source,0.1225,Chaetodon_flavocoronatus_Bishop_-1261632291.jpg,no
Chaetodon_flavocoronatus_iNaturalist_457352545.jpg,Chaetodon flavocoronatus,inaturalist,15.1,no,template_ok,0.0402,Chaetodon_flavocoronatus_Bishop_-1261632291.jpg,no
Chaetodon_flavocoronatus_iNaturalist_598684494.jpg,Chaetodon flavocoronatus,inaturalist,-13.1,no,template_ok,0.0054,Chaetodon_flavocoronatus_Bishop_-1261632291.jpg,no
Chaetodon_flavocoronatus_iNaturalist_598921705.jpg,Chaetodon flavocoronatus,inaturalist,-4.2,no,template_uncertain,0.1124,Chaetodon_flavocoronatus_Bishop_-1261632291.jpg,yes
Chaetodon_flavocoronatus_iNaturalist_598924792.jpg,Chaetodon flavocoronatus,inaturalist,0.0,no,template_ok,0.0255,Chaetodon_flavocoronatus_Bishop_-1261632291.jpg,no
Chaetodon_flavocoronatus_FishWise_023913F000038W000001.jpg,Chaetodon flavocoronatus,other,4.1,no,template_ok,0.0907,Chaetodon_flavocoronatus_Bishop_-1261632291.jpg,no
Chaetodon_fremblii_FishPix_85090AF.jpg,Chaetodon fremblii,fishpix,19.5,no,trusted_source,0.0045,Chaetodon_fremblii_Bishop_5130835.jpg,no
Chaetodon_fremblii_Bishop_5130835.jpg,Chaetodon fremblii,bishop,5.2,no,trusted_source,1.0,Chaetodon_fremblii_Bishop_5130835.jpg,no
Chaetodon_fremblii_FishBase_Chfre_j0.jpg,Chaetodon fremblii,fishbase,5.3,no,trusted_source,0.0486,Chaetodon_fremblii_Bishop_5130835.jpg,no
Chaetodon_fremblii_FishBase_Chfre_u0.jpg,Chaetodon fremblii,fishbase,15.0,no,trusted_source,0.0564,Chaetodon_fremblii_Bishop_5130835.jpg,no
Chaetodon_fremblii_FishBase_Chfre_u1.jpg,Chaetodon fremblii,fishbase,5.3,no,trusted_source,0.1431,Chaetodon_fremblii_Bishop_5130835.jpg,no
Chaetodon_fremblii_FishBase_Chfre_u3.jpg,Chaetodon fremblii,fishbase,-3.4,no,trusted_source,0.0257,Chaetodon_fremblii_Bishop_5130835.jpg,no
Chaetodon_fremblii_FishBase_Chfre_u4.jpg,Chaetodon fremblii,fishbase,18.7,no,trusted_source,0.0006,Chaetodon_fremblii_Bishop_5130835.jpg,no
Chaetodon_fremblii_FishBaseUser_1549207609_172.68.46.139.jpg,Chaetodon fremblii,fishbase,0.0,no,trusted_source,0.0883,Chaetodon_fremblii_Bishop_5130835.jpg,no
Chaetodon_fremblii_iNaturalist_168295733.jpg,Chaetodon fremblii,inaturalist,0.0,no,template_uncertain,0.0806,Chaetodon_fremblii_Bishop_5130835.jpg,yes
Chaetodon_fremblii_iNaturalist_257546329.jpg,Chaetodon fremblii,inaturalist,8.1,no,template_ok,0.0816,Chaetodon_fremblii_Bishop_5130835.jpg,no
Chaetodon_fremblii_iNaturalist_317852.jpg,Chaetodon fremblii,inaturalist,4.2,no,template_ok,0.0931,Chaetodon_fremblii_Bishop_5130835.jpg,no
Chaetodon_fremblii_iNaturalist_34139600.jpg,Chaetodon fremblii,inaturalist,6.1,no,template_ok,0.099,Chaetodon_fremblii_Bishop_5130835.jpg,no
Chaetodon_fremblii_iNaturalist_341654889.jpg,Chaetodon fremblii,inaturalist,6.5,no,template_ok,0.0079,Chaetodon_fremblii_Bishop_5130835.jpg,no
Chaetodon_fremblii_iNaturalist_380394577.jpg,Chaetodon fremblii,inaturalist,-15.6,no,template_ok,0.0649,Chaetodon_fremblii_Bishop_5130835.jpg,no
Chaetodon_fremblii_iNaturalist_443350802.jpg,Chaetodon fremblii,inaturalist,0.0,no,template_ok,0.1472,Chaetodon_fremblii_Bishop_5130835.jpg,no
Chaetodon_fremblii_iNaturalist_598700049.jpg,Chaetodon fremblii,inaturalist,15.6,no,template_ok,0.0184,Chaetodon_fremblii_Bishop_5130835.jpg,no
Chaetodon_fremblii_iNaturalist_598700060.jpg,Chaetodon fremblii,inaturalist,-10.4,no,template_uncertain,0.0996,Chaetodon_fremblii_Bishop_5130835.jpg,yes
Chaetodon_fremblii_FishWise_024634F000009W000003.jpg,Chaetodon fremblii,other,9.4,no,template_ok,0.0336,Chaetodon_fremblii_Bishop_5130835.jpg,no
Chaetodon_gardineri_FishBase_Chgar_u1.jpg,Chaetodon gardineri,fishbase,9.1,no,trusted_source,0.1675,Chaetodon_gardineri_Bishop_-1706450280.jpg,no
Chaetodon_gardineri_Bishop_-1706450280.jpg,Chaetodon gardineri,bishop,9.3,no,trusted_source,1.0,Chaetodon_gardineri_Bishop_-1706450280.jpg,no
Chaetodon_gardineri_FishBase_Chgar_u0.jpg,Chaetodon gardineri,fishbase,2.5,no,trusted_source,0.0894,Chaetodon_gardineri_Bishop_-1706450280.jpg,no
Chaetodon_gardineri_FishBase_Chgar_u2.jpg,Chaetodon gardineri,fishbase,10.1,no,trusted_source,0.0166,Chaetodon_gardineri_Bishop_-1706450280.jpg,no
Chaetodon_gardineri_FishBase_Chgar_u3.jpg,Chaetodon gardineri,fishbase,6.7,no,trusted_source,0.1406,Chaetodon_gardineri_Bishop_-1706450280.jpg,no
Chaetodon_gardineri_FishBaseUser_1392664622_91.133.161.110.jpg,Chaetodon gardineri,fishbase,5.7,no,trusted_source,0.0516,Chaetodon_gardineri_Bishop_-1706450280.jpg,no
Chaetodon_gardineri_FishBaseUser_1566014661_172.69.244.170.jpg,Chaetodon gardineri,fishbase,2.8,no,trusted_source,0.0589,Chaetodon_gardineri_Bishop_-1706450280.jpg,no
Chaetodon_gardineri_FishBaseUser_1566014674_172.69.244.170.jpg,Chaetodon gardineri,fishbase,9.3,no,trusted_source,0.0568,Chaetodon_gardineri_Bishop_-1706450280.jpg,no
Chaetodon_gardineri_FishBaseUser_1566014717_172.69.244.170.jpg,Chaetodon gardineri,fishbase,-7.6,no,trusted_source,0.07,Chaetodon_gardineri_Bishop_-1706450280.jpg,no
Chaetodon_gardineri_FishBaseUser_1566014800_172.69.244.170.jpg,Chaetodon gardineri,fishbase,5.1,no,trusted_source,0.0642,Chaetodon_gardineri_Bishop_-1706450280.jpg,no
Chaetodon_gardineri_FishBaseUser_1566014827_172.69.244.170.jpg,Chaetodon gardineri,fishbase,9.0,no,trusted_source,0.0275,Chaetodon_gardineri_Bishop_-1706450280.jpg,no
Chaetodon_gardineri_iNaturalist_278903419.jpg,Chaetodon gardineri,inaturalist,-10.4,no,template_ok,0.0187,Chaetodon_gardineri_Bishop_-1706450280.jpg,no
Chaetodon_gardineri_iNaturalist_278903646.jpg,Chaetodon gardineri,inaturalist,3.7,no,template_ok,0.0837,Chaetodon_gardineri_Bishop_-1706450280.jpg,no
Chaetodon_gardineri_iNaturalist_278909933.jpg,Chaetodon gardineri,inaturalist,-10.6,no,template_ok,0.1507,Chaetodon_gardineri_Bishop_-1706450280.jpg,no
Chaetodon_gardineri_iNaturalist_60495450.jpg,Chaetodon gardineri,inaturalist,0.0,no,template_ok,0.1342,Chaetodon_gardineri_Bishop_-1706450280.jpg,no
Chaetodon_gardineri_FishWise_025566F000025W000001.gif,Chaetodon gardineri,other,8.3,no,template_ok,0.0351,Chaetodon_gardineri_Bishop_-1706450280.jpg,no
Chaetodon_gardineri_FishWise_025566F000049W000004.jpg,Chaetodon gardineri,other,2.3,no,template_ok,0.0578,Chaetodon_gardineri_Bishop_-1706450280.jpg,no
Chaetodon_guentheri_FishPix_16011AF.jpg,Chaetodon guentheri,fishpix,8.6,no,trusted_source,0.0072,Chaetodon_guentheri_Bishop_-184146759.jpg,no
Chaetodon_guentheri_Bishop_-184146759.jpg,Chaetodon guentheri,bishop,5.8,no,trusted_source,1.0,Chaetodon_guentheri_Bishop_-184146759.jpg,no
Chaetodon_guentheri_FishBase_Chgue_u1.jpg,Chaetodon guentheri,fishbase,5.8,no,trusted_source,0.1858,Chaetodon_guentheri_Bishop_-184146759.jpg,no
Chaetodon_guentheri_FishBase_Chgue_u2.jpg,Chaetodon guentheri,fishbase,0.0,no,trusted_source,0.417,Chaetodon_guentheri_Bishop_-184146759.jpg,no
Chaetodon_guentheri_FishBase_Chgue_ua.jpg,Chaetodon guentheri,fishbase,12.7,no,trusted_source,0.034,Chaetodon_guentheri_Bishop_-184146759.jpg,no
Chaetodon_guentheri_iNaturalist_12931521.jpg,Chaetodon guentheri,inaturalist,-4.4,no,template_ok,0.0366,Chaetodon_guentheri_Bishop_-184146759.jpg,no
Chaetodon_guentheri_iNaturalist_16103786.jpg,Chaetodon guentheri,inaturalist,12.2,no,template_ok,0.0467,Chaetodon_guentheri_Bishop_-184146759.jpg,no
Chaetodon_guentheri_iNaturalist_17952429.jpg,Chaetodon guentheri,inaturalist,0.0,no,template_uncertain,0.1214,Chaetodon_guentheri_Bishop_-184146759.jpg,yes
Chaetodon_guentheri_iNaturalist_18275791.jpg,Chaetodon guentheri,inaturalist,8.6,no,template_ok,0.0198,Chaetodon_guentheri_Bishop_-184146759.jpg,no
Chaetodon_guentheri_iNaturalist_19964900.jpg,Chaetodon guentheri,inaturalist,-12.2,no,template_uncertain,0.1184,Chaetodon_guentheri_Bishop_-184146759.jpg,yes
Chaetodon_guentheri_iNaturalist_19964904.jpg,Chaetodon guentheri,inaturalist,16.2,no,template_ok,0.0594,Chaetodon_guentheri_Bishop_-184146759.jpg,no
Chaetodon_guentheri_iNaturalist_260515897.jpg,Chaetodon guentheri,inaturalist,-12.8,no,template_ok,0.0079,Chaetodon_guentheri_Bishop_-184146759.jpg,no
Chaetodon_guentheri_iNaturalist_260515911.jpg,Chaetodon guentheri,inaturalist,7.6,no,template_ok,0.1037,Chaetodon_guentheri_Bishop_-184146759.jpg,no
Chaetodon_guentheri_iNaturalist_298435945.jpg,Chaetodon guentheri,inaturalist,0.0,no,template_ok,0.098,Chaetodon_guentheri_Bishop_-184146759.jpg,no
Chaetodon_guentheri_iNaturalist_462449919.jpg,Chaetodon guentheri,inaturalist,0.0,no,template_ok,0.051,Chaetodon_guentheri_Bishop_-184146759.jpg,no
Chaetodon_guentheri_FishWise_027857F007696W000003.jpg,Chaetodon guentheri,other,3.6,no,template_ok,0.178,Chaetodon_guentheri_Bishop_-184146759.jpg,no
Chaetodon_guentheri_FishWise_027857F007696W000004.jpg,Chaetodon guentheri,other,3.6,no,template_ok,0.1472,Chaetodon_guentheri_Bishop_-184146759.jpg,no
Chaetodon_guttatissimus_FishBase_Chgut_u0.jpg,Chaetodon guttatissimus,fishbase,5.0,no,trusted_source,0.0697,Chaetodon_guttatissimus_Bishop_-1623433841.jpg,no
Chaetodon_guttatissimus_Bishop_-1623433841.jpg,Chaetodon guttatissimus,bishop,5.6,no,trusted_source,1.0,Chaetodon_guttatissimus_Bishop_-1623433841.jpg,no
Chaetodon_guttatissimus_Bishop_-397235578.jpg,Chaetodon guttatissimus,bishop,2.9,no,trusted_source,0.0623,Chaetodon_guttatissimus_Bishop_-1623433841.jpg,no
Chaetodon_guttatissimus_FishBase_Chgut_u1.jpg,Chaetodon guttatissimus,fishbase,0.0,no,trusted_source,0.0561,Chaetodon_guttatissimus_Bishop_-1623433841.jpg,no
Chaetodon_guttatissimus_FishBase_Chgut_u2.jpg,Chaetodon guttatissimus,fishbase,8.1,no,trusted_source,0.0533,Chaetodon_guttatissimus_Bishop_-1623433841.jpg,no
Chaetodon_guttatissimus_FishBase_Chgut_u3.jpg,Chaetodon guttatissimus,fishbase,-8.1,no,trusted_source,0.0081,Chaetodon_guttatissimus_Bishop_-1623433841.jpg,no
Chaetodon_guttatissimus_FishBaseUser_1344184467_62.178.129.238.jpg,Chaetodon guttatissimus,fishbase,0.0,no,trusted_source,0.0658,Chaetodon_guttatissimus_Bishop_-1623433841.jpg,no
Chaetodon_guttatissimus_FishBaseUser_1361356238_86.28.236.182.jpg,Chaetodon guttatissimus,fishbase,16.5,no,trusted_source,0.0581,Chaetodon_guttatissimus_Bishop_-1623433841.jpg,no
Chaetodon_guttatissimus_FishBaseUser_1418991274_164.100.150.114.jpg,Chaetodon guttatissimus,fishbase,12.0,no,trusted_source,0.0109,Chaetodon_guttatissimus_Bishop_-1623433841.jpg,no
Chaetodon_guttatissimus_FishBaseUser_1473566422_162.158.165.25.jpg,Chaetodon guttatissimus,fishbase,-2.9,no,trusted_source,0.0039,Chaetodon_guttatissimus_Bishop_-1623433841.jpg,no
Chaetodon_guttatissimus_FishBaseUser_1508797067_172.68.102.54.jpg,Chaetodon guttatissimus,fishbase,17.8,no,trusted_source,0.0577,Chaetodon_guttatissimus_Bishop_-1623433841.jpg,no
Chaetodon_guttatissimus_FishBaseUser_1747227004_95.95.129.49.jpg,Chaetodon guttatissimus,fishbase,0.0,no,trusted_source,0.0243,Chaetodon_guttatissimus_Bishop_-1623433841.jpg,no
Chaetodon_guttatissimus_FishBaseUser_1760773407_101.115.183.201.jpg,Chaetodon guttatissimus,fishbase,0.0,no,trusted_source,0.0029,Chaetodon_guttatissimus_Bishop_-1623433841.jpg,no
Chaetodon_guttatissimus_iNaturalist_174031744.jpg,Chaetodon guttatissimus,inaturalist,-13.8,no,template_ok,0.0227,Chaetodon_guttatissimus_Bishop_-1623433841.jpg,no
Chaetodon_guttatissimus_iNaturalist_233427015.jpg,Chaetodon guttatissimus,inaturalist,0.0,no,template_ok,0.0447,Chaetodon_guttatissimus_Bishop_-1623433841.jpg,no
Chaetodon_guttatissimus_iNaturalist_26864062.jpg,Chaetodon guttatissimus,inaturalist,-4.3,no,template_ok,0.0124,Chaetodon_guttatissimus_Bishop_-1623433841.jpg,no
Chaetodon_guttatissimus_iNaturalist_303971849.jpg,Chaetodon guttatissimus,inaturalist,0.0,no,template_ok,0.0374,Chaetodon_guttatissimus_Bishop_-1623433841.jpg,no
Chaetodon_guttatissimus_iNaturalist_380299825.jpg,Chaetodon guttatissimus,inaturalist,-6.8,no,template_uncertain,0.0888,Chaetodon_guttatissimus_Bishop_-1623433841.jpg,yes
Chaetodon_guttatissimus_iNaturalist_473229926.jpg,Chaetodon guttatissimus,inaturalist,16.0,no,template_uncertain,0.0571,Chaetodon_guttatissimus_Bishop_-1623433841.jpg,yes
Chaetodon_guttatissimus_iNaturalist_474997418.jpg,Chaetodon guttatissimus,inaturalist,-16.0,no,template_uncertain,0.1119,Chaetodon_guttatissimus_Bishop_-1623433841.jpg,yes
Chaetodon_guttatissimus_iNaturalist_504140684.jpg,Chaetodon guttatissimus,inaturalist,0.0,no,template_ok,0.0015,Chaetodon_guttatissimus_Bishop_-1623433841.jpg,no
Chaetodon_guttatissimus_iNaturalist_584519765.jpg,Chaetodon guttatissimus,inaturalist,-18.4,no,template_ok,0.0291,Chaetodon_guttatissimus_Bishop_-1623433841.jpg,no
Chaetodon_guttatissimus_FishWise_028217F000009W000007.jpg,Chaetodon guttatissimus,other,-5.3,no,template_ok,0.0299,Chaetodon_guttatissimus_Bishop_-1623433841.jpg,no
Chaetodon_guttatissimus_FishWise_028217F000009W000008.jpg,Chaetodon guttatissimus,other,2.8,no,template_ok,0.0608,Chaetodon_guttatissimus_Bishop_-1623433841.jpg,no
Chaetodon_guttatissimus_FishWise_028217F000009W000009.jpg,Chaetodon guttatissimus,other,9.4,no,template_ok,0.0885,Chaetodon_guttatissimus_Bishop_-1623433841.jpg,no
Chaetodon_guttatissimus_FishWise_028217F000009W000011.jpg,Chaetodon guttatissimus,other,7.1,no,template_ok,0.0156,Chaetodon_guttatissimus_Bishop_-1623433841.jpg,no
Chaetodon_guttatissimus_FishWise_028217F000009W000012.jpg,Chaetodon guttatissimus,other,7.2,no,template_ok,0.0419,Chaetodon_guttatissimus_Bishop_-1623433841.jpg,no
Chaetodon_guttatissimus_FishWise_028217F000009W000013.jpg,Chaetodon guttatissimus,other,0.0,no,template_ok,0.0249,Chaetodon_guttatissimus_Bishop_-1623433841.jpg,no
Chaetodon_guttatissimus_FishWise_028217F000009W000014.jpg,Chaetodon guttatissimus,other,2.0,no,template_ok,0.0136,Chaetodon_guttatissimus_Bishop_-1623433841.jpg,no
Chaetodon_guttatissimus_FishWise_028217F000009W000015.jpg,Chaetodon guttatissimus,other,14.2,no,template_ok,0.0189,Chaetodon_guttatissimus_Bishop_-1623433841.jpg,no
Chaetodon_guttatissimus_FishWise_028217F000009W000016.jpg,Chaetodon guttatissimus,other,9.1,no,template_ok,0.0311,Chaetodon_guttatissimus_Bishop_-1623433841.jpg,no
Chaetodon_guttatissimus_FishWise_028217F000009W000019.jpg,Chaetodon guttatissimus,other,2.8,no,template_ok,0.0484,Chaetodon_guttatissimus_Bishop_-1623433841.jpg,no
Chaetodon_guttatissimus_FishWise_028217F000009W000020.jpg,Chaetodon guttatissimus,other,0.0,no,template_ok,0.0835,Chaetodon_guttatissimus_Bishop_-1623433841.jpg,no
Chaetodon_guttatissimus_FishWise_028217F000024W000001.jpg,Chaetodon guttatissimus,other,5.7,no,template_ok,0.0744,Chaetodon_guttatissimus_Bishop_-1623433841.jpg,no
Chaetodon_guttatissimus_FishWise_028217F000112W000005.jpg,Chaetodon guttatissimus,other,4.3,no,template_ok,0.0444,Chaetodon_guttatissimus_Bishop_-1623433841.jpg,no
Chaetodon_guttatissimus_FishWise_028217F000112W000010.jpg,Chaetodon guttatissimus,other,2.5,no,template_ok,0.0356,Chaetodon_guttatissimus_Bishop_-1623433841.jpg,no
Chaetodon_guttatissimus_FishWise_028217F000167W000004.jpg,Chaetodon guttatissimus,other,-5.4,no,template_ok,0.089,Chaetodon_guttatissimus_Bishop_-1623433841.jpg,no
Chaetodon_guttatissimus_FishWise_028217F000261W000003.jpg,Chaetodon guttatissimus,other,-3.0,no,template_ok,0.0226,Chaetodon_guttatissimus_Bishop_-1623433841.jpg,no
Chaetodon_guttatissimus_FishWise_028217F000493W000018.jpg,Chaetodon guttatissimus,other,-3.1,no,template_ok,0.0161,Chaetodon_guttatissimus_Bishop_-1623433841.jpg,no
Chaetodon_hoefleri_FishBase_Chhoe_u1.jpg,Chaetodon hoefleri,fishbase,8.0,no,trusted_source,0.0133,Chaetodon_hoefleri_FishBaseUser_1707174795_172.64.236.109.jpg,no
Chaetodon_hoefleri_FishBase_Chhoe_u0.jpg,Chaetodon hoefleri,fishbase,9.0,no,trusted_source,0.0353,Chaetodon_hoefleri_FishBaseUser_1707174795_172.64.236.109.jpg,no
Chaetodon_hoefleri_FishBase_Chhoe_u2.jpg,Chaetodon hoefleri,fishbase,0.0,no,trusted_source,0.0259,Chaetodon_hoefleri_FishBaseUser_1707174795_172.64.236.109.jpg,no
Chaetodon_hoefleri_FishBaseUser_1434007295_197.148.41.98.jpg,Chaetodon hoefleri,fishbase,-9.8,no,trusted_source,0.0609,Chaetodon_hoefleri_FishBaseUser_1707174795_172.64.236.109.jpg,no
Chaetodon_hoefleri_FishBaseUser_1707174717_188.114.111.125.jpg,Chaetodon hoefleri,fishbase,3.6,no,trusted_source,0.0158,Chaetodon_hoefleri_FishBaseUser_1707174795_172.64.236.109.jpg,no
Chaetodon_hoefleri_FishBaseUser_1707174795_172.64.236.109.jpg,Chaetodon hoefleri,fishbase,15.9,no,trusted_source,1.0,Chaetodon_hoefleri_FishBaseUser_1707174795_172.64.236.109.jpg,no
Chaetodon_hoefleri_iNaturalist_349923953.jpg,Chaetodon hoefleri,inaturalist,9.0,no,template_ok,0.0497,Chaetodon_hoefleri_FishBaseUser_1707174795_172.64.236.109.jpg,no
Chaetodon_hoefleri_iNaturalist_349923955.jpg,Chaetodon hoefleri,inaturalist,-12.7,no,template_ok,0.086,Chaetodon_hoefleri_FishBaseUser_1707174795_172.64.236.109.jpg,no
Chaetodon_hoefleri_iNaturalist_349923956.jpg,Chaetodon hoefleri,inaturalist,0.0,no,template_uncertain,0.0883,Chaetodon_hoefleri_FishBaseUser_1707174795_172.64.236.109.jpg,yes
Chaetodon_hoefleri_iNaturalist_349923974.jpg,Chaetodon hoefleri,inaturalist,0.0,no,template_ok,0.0838,Chaetodon_hoefleri_FishBaseUser_1707174795_172.64.236.109.jpg,no
Chaetodon_hoefleri_iNaturalist_349923976.jpg,Chaetodon hoefleri,inaturalist,19.9,no,template_ok,0.0623,Chaetodon_hoefleri_FishBaseUser_1707174795_172.64.236.109.jpg,no
Chaetodon_hoefleri_iNaturalist_349923979.jpg,Chaetodon hoefleri,inaturalist,-5.8,no,template_ok,0.0429,Chaetodon_hoefleri_FishBaseUser_1707174795_172.64.236.109.jpg,no
Chaetodon_hoefleri_iNaturalist_349923999.jpg,Chaetodon hoefleri,inaturalist,15.9,no,template_ok,0.0912,Chaetodon_hoefleri_FishBaseUser_1707174795_172.64.236.109.jpg,no
Chaetodon_hoefleri_iNaturalist_349924002.jpg,Chaetodon hoefleri,inaturalist,3.6,no,template_ok,0.014,Chaetodon_hoefleri_FishBaseUser_1707174795_172.64.236.109.jpg,no
Chaetodon_hoefleri_iNaturalist_424743322.jpg,Chaetodon hoefleri,inaturalist,6.9,no,template_ok,0.0383,Chaetodon_hoefleri_FishBaseUser_1707174795_172.64.236.109.jpg,no
Chaetodon_humeralis_FishBase_Chhum_u3.jpg,Chaetodon humeralis,fishbase,5.1,no,trusted_source,0.1298,Chaetodon_humeralis_FishBaseUser_1634664870_172.70.82.109.jpg,no
Chaetodon_humeralis_FishBase_Chhum_u0.jpg,Chaetodon humeralis,fishbase,0.0,no,trusted_source,0.1913,Chaetodon_humeralis_FishBaseUser_1634664870_172.70.82.109.jpg,no
Chaetodon_humeralis_FishBase_Chhum_u1.jpg,Chaetodon humeralis,fishbase,-6.0,no,trusted_source,0.04,Chaetodon_humeralis_FishBaseUser_1634664870_172.70.82.109.jpg,no
Chaetodon_humeralis_FishBase_Chhum_u2.jpg,Chaetodon humeralis,fishbase,0.0,no,trusted_source,0.0649,Chaetodon_humeralis_FishBaseUser_1634664870_172.70.82.109.jpg,no
Chaetodon_humeralis_FishBase_Chhum_u4.jpg,Chaetodon humeralis,fishbase,0.0,no,trusted_source,0.1009,Chaetodon_humeralis_FishBaseUser_1634664870_172.70.82.109.jpg,no
Chaetodon_humeralis_FishBaseUser_1435108272_108.64.185.41.jpg,Chaetodon humeralis,fishbase,8.5,no,trusted_source,0.0358,Chaetodon_humeralis_FishBaseUser_1634664870_172.70.82.109.jpg,no
Chaetodon_humeralis_FishBaseUser_1634664870_172.70.82.109.jpg,Chaetodon humeralis,fishbase,0.0,no,trusted_source,1.0,Chaetodon_humeralis_FishBaseUser_1634664870_172.70.82.109.jpg,no
Chaetodon_humeralis_FishBaseUser_1639503972_172.70.82.187.jpg,Chaetodon humeralis,fishbase,-3.1,no,trusted_source,0.045,Chaetodon_humeralis_FishBaseUser_1634664870_172.70.82.109.jpg,no
Chaetodon_humeralis_FishBaseUser_1751986855_89.187.187.84.jpg,Chaetodon humeralis,fishbase,19.6,no,trusted_flagged,0.2924,Chaetodon_humeralis_FishBaseUser_1634664870_172.70.82.109.jpg,yes
Chaetodon_humeralis_FishBaseUser_1751986879_89.187.187.84.jpg,Chaetodon humeralis,fishbase,-3.9,no,trusted_source,0.0343,Chaetodon_humeralis_FishBaseUser_1634664870_172.70.82.109.jpg,no
Chaetodon_humeralis_iNaturalist_1461105.jpg,Chaetodon humeralis,inaturalist,9.5,no,template_uncertain,0.1172,Chaetodon_humeralis_FishBaseUser_1634664870_172.70.82.109.jpg,yes
Chaetodon_humeralis_iNaturalist_456296117.jpg,Chaetodon humeralis,inaturalist,0.0,no,template_ok,0.0066,Chaetodon_humeralis_FishBaseUser_1634664870_172.70.82.109.jpg,no
Chaetodon_humeralis_iNaturalist_607033378.jpg,Chaetodon humeralis,inaturalist,-3.5,no,template_ok,0.1625,Chaetodon_humeralis_FishBaseUser_1634664870_172.70.82.109.jpg,no
Chaetodon_humeralis_iNaturalist_8288759.jpg,Chaetodon humeralis,inaturalist,0.0,no,template_ok,0.0063,Chaetodon_humeralis_FishBaseUser_1634664870_172.70.82.109.jpg,no
Chaetodon_humeralis_FishWise_030547F000025W000001.gif,Chaetodon humeralis,other,4.8,no,template_ok,0.1295,Chaetodon_humeralis_FishBaseUser_1634664870_172.70.82.109.jpg,no
Chaetodon_interruptus_FishBase_Chuni_uh.jpg,Chaetodon interruptus,fishbase,6.1,no,trusted_source,0.2393,Chaetodon_interruptus_FishBaseUser_1508797230_172.68.102.54.jpg,no
Chaetodon_interruptus_FishBase_Chint_u5.jpg,Chaetodon interruptus,fishbase,-14.7,no,trusted_flagged,0.3076,Chaetodon_interruptus_FishBaseUser_1508797230_172.68.102.54.jpg,yes
Chaetodon_interruptus_FishBase_Chint_u7.jpg,Chaetodon interruptus,fishbase,-2.3,no,trusted_source,0.1945,Chaetodon_interruptus_FishBaseUser_1508797230_172.68.102.54.jpg,no
Chaetodon_interruptus_FishBase_Chuni_u2.jpg,Chaetodon interruptus,fishbase,3.5,no,trusted_source,0.0222,Chaetodon_interruptus_FishBaseUser_1508797230_172.68.102.54.jpg,no
Chaetodon_interruptus_FishBase_Chuni_u3.jpg,Chaetodon interruptus,fishbase,11.5,no,trusted_source,0.3591,Chaetodon_interruptus_FishBaseUser_1508797230_172.68.102.54.jpg,no
Chaetodon_interruptus_FishBaseUser_1473643388_162.158.165.25.jpg,Chaetodon interruptus,fishbase,-3.5,no,trusted_source,0.7772,Chaetodon_interruptus_FishBaseUser_1508797230_172.68.102.54.jpg,no
Chaetodon_interruptus_FishBaseUser_1508797230_172.68.102.54.jpg,Chaetodon interruptus,fishbase,0.0,no,trusted_source,1.0,Chaetodon_interruptus_FishBaseUser_1508797230_172.68.102.54.jpg,no
Chaetodon_interruptus_FishBaseUser_1724135955_172.71.124.212.jpg,Chaetodon interruptus,fishbase,0.0,no,trusted_source,0.113,Chaetodon_interruptus_FishBaseUser_1508797230_172.68.102.54.jpg,no
Chaetodon_interruptus_iNaturalist_15933811.jpg,Chaetodon interruptus,inaturalist,0.0,no,template_ok,0.3741,Chaetodon_interruptus_FishBaseUser_1508797230_172.68.102.54.jpg,no
Chaetodon_interruptus_iNaturalist_170722148.jpg,Chaetodon interruptus,inaturalist,-7.3,no,template_ok,0.6686,Chaetodon_interruptus_FishBaseUser_1508797230_172.68.102.54.jpg,no
Chaetodon_interruptus_iNaturalist_231967804.jpg,Chaetodon interruptus,inaturalist,5.8,no,template_ok,0.1393,Chaetodon_interruptus_FishBaseUser_1508797230_172.68.102.54.jpg,no
Chaetodon_interruptus_iNaturalist_422239513.jpg,Chaetodon interruptus,inaturalist,14.1,no,template_ok,0.2282,Chaetodon_interruptus_FishBaseUser_1508797230_172.68.102.54.jpg,no
Chaetodon_interruptus_iNaturalist_444196719.jpg,Chaetodon interruptus,inaturalist,7.3,yes,template_flip,0.1989,Chaetodon_interruptus_FishBaseUser_1508797230_172.68.102.54.jpg,no
Chaetodon_interruptus_iNaturalist_479599038.jpg,Chaetodon interruptus,inaturalist,0.0,yes,template_flip,0.6748,Chaetodon_interruptus_FishBaseUser_1508797230_172.68.102.54.jpg,no
Chaetodon_interruptus_iNaturalist_75713374.jpg,Chaetodon interruptus,inaturalist,7.9,no,template_ok,0.7155,Chaetodon_interruptus_FishBaseUser_1508797230_172.68.102.54.jpg,no
Chaetodon_interruptus_iNaturalist_82279573.jpg,Chaetodon interruptus,inaturalist,0.0,no,template_ok,0.4362,Chaetodon_interruptus_FishBaseUser_1508797230_172.68.102.54.jpg,no
Chaetodon_interruptus_iNaturalist_82279598.jpg,Chaetodon interruptus,inaturalist,-5.3,no,template_ok,0.3448,Chaetodon_interruptus_FishBaseUser_1508797230_172.68.102.54.jpg,no
Chaetodon_interruptus_iNaturalist_82279627.jpg,Chaetodon interruptus,inaturalist,3.5,yes,template_flip,0.5335,Chaetodon_interruptus_FishBaseUser_1508797230_172.68.102.54.jpg,no
Chaetodon_interruptus_FishWise_032066F000009W000001.jpg,Chaetodon interruptus,other,-7.3,yes,template_flip,0.7769,Chaetodon_interruptus_FishBaseUser_1508797230_172.68.102.54.jpg,no
Chaetodon_interruptus_FishWise_032066F000009W000004.jpg,Chaetodon interruptus,other,2.3,yes,template_flip,0.2377,Chaetodon_interruptus_FishBaseUser_1508797230_172.68.102.54.jpg,no
Chaetodon_interruptus_FishWise_032066F000009W000005.jpg,Chaetodon interruptus,other,6.9,yes,template_flip,0.5791,Chaetodon_interruptus_FishBaseUser_1508797230_172.68.102.54.jpg,no
Chaetodon_interruptus_FishWise_032066F000009W000006.jpg,Chaetodon interruptus,other,-4.9,yes,template_flip,0.6538,Chaetodon_interruptus_FishBaseUser_1508797230_172.68.102.54.jpg,no
Chaetodon_interruptus_FishWise_032066F000009W000007.jpg,Chaetodon interruptus,other,-18.7,yes,template_flip,0.1674,Chaetodon_interruptus_FishBaseUser_1508797230_172.68.102.54.jpg,no
Chaetodon_interruptus_FishWise_032066F000009W000008.jpg,Chaetodon interruptus,other,3.0,no,template_uncertain,0.1016,Chaetodon_interruptus_FishBaseUser_1508797230_172.68.102.54.jpg,yes
Chaetodon_interruptus_FishWise_032066F000009W000009.jpg,Chaetodon interruptus,other,-5.5,yes,template_flip,0.6812,Chaetodon_interruptus_FishBaseUser_1508797230_172.68.102.54.jpg,no
Chaetodon_interruptus_FishWise_032066F000009W000015.jpg,Chaetodon interruptus,other,9.3,no,template_uncertain,0.1029,Chaetodon_interruptus_FishBaseUser_1508797230_172.68.102.54.jpg,yes
Chaetodon_interruptus_FishWise_032066F000009W000016.jpg,Chaetodon interruptus,other,0.0,no,template_uncertain,0.1033,Chaetodon_interruptus_FishBaseUser_1508797230_172.68.102.54.jpg,yes
Chaetodon_interruptus_FishWise_032066F000009W000017.jpg,Chaetodon interruptus,other,-7.3,yes,template_flip,0.6725,Chaetodon_interruptus_FishBaseUser_1508797230_172.68.102.54.jpg,no
Chaetodon_interruptus_FishWise_032066F000009W000018.jpg,Chaetodon interruptus,other,10.1,yes,template_flip,0.6846,Chaetodon_interruptus_FishBaseUser_1508797230_172.68.102.54.jpg,no
Chaetodon_interruptus_FishWise_032066F000009W000019.jpg,Chaetodon interruptus,other,-2.9,yes,template_flip,0.1961,Chaetodon_interruptus_FishBaseUser_1508797230_172.68.102.54.jpg,no
Chaetodon_interruptus_FishWise_032066F000009W000020.jpg,Chaetodon interruptus,other,6.3,yes,template_flip,0.187,Chaetodon_interruptus_FishBaseUser_1508797230_172.68.102.54.jpg,no
Chaetodon_interruptus_FishWise_032066F000009W000021.jpg,Chaetodon interruptus,other,4.0,yes,template_flip,0.7098,Chaetodon_interruptus_FishBaseUser_1508797230_172.68.102.54.jpg,no
Chaetodon_interruptus_FishWise_032066F000009W000022.jpg,Chaetodon interruptus,other,0.0,no,template_ok,0.149,Chaetodon_interruptus_FishBaseUser_1508797230_172.68.102.54.jpg,no
Chaetodon_interruptus_FishWise_032066F000009W000023.jpg,Chaetodon interruptus,other,-7.4,yes,template_flip,0.674,Chaetodon_interruptus_FishBaseUser_1508797230_172.68.102.54.jpg,no
Chaetodon_interruptus_FishWise_032066F000009W000024.jpg,Chaetodon interruptus,other,0.0,no,template_ok,0.0115,Chaetodon_interruptus_FishBaseUser_1508797230_172.68.102.54.jpg,no
Chaetodon_interruptus_FishWise_032066F000009W000025.jpg,Chaetodon interruptus,other,-14.1,yes,template_flip,0.6838,Chaetodon_interruptus_FishBaseUser_1508797230_172.68.102.54.jpg,no
Chaetodon_interruptus_FishWise_032066F000009W000026.jpg,Chaetodon interruptus,other,0.0,no,template_uncertain,0.085,Chaetodon_interruptus_FishBaseUser_1508797230_172.68.102.54.jpg,yes
Chaetodon_interruptus_FishWise_032066F000009W000027.jpg,Chaetodon interruptus,other,4.2,yes,template_flip,0.7235,Chaetodon_interruptus_FishBaseUser_1508797230_172.68.102.54.jpg,no
Chaetodon_interruptus_FishWise_032066F000009W000029.jpg,Chaetodon interruptus,other,2.7,yes,template_flip,0.7869,Chaetodon_interruptus_FishBaseUser_1508797230_172.68.102.54.jpg,no
Chaetodon_interruptus_FishWise_032066F000009W000031.jpg,Chaetodon interruptus,other,4.2,no,template_ok,0.0241,Chaetodon_interruptus_FishBaseUser_1508797230_172.68.102.54.jpg,no
Chaetodon_interruptus_FishWise_032066F000009W000034.jpg,Chaetodon interruptus,other,4.1,no,template_uncertain,0.1108,Chaetodon_interruptus_FishBaseUser_1508797230_172.68.102.54.jpg,yes
Chaetodon_interruptus_FishWise_032066F000009W000035.jpg,Chaetodon interruptus,other,8.9,yes,template_flip,0.6579,Chaetodon_interruptus_FishBaseUser_1508797230_172.68.102.54.jpg,no
Chaetodon_interruptus_FishWise_032066F000009W000036.jpg,Chaetodon interruptus,other,0.0,yes,template_flip,0.2065,Chaetodon_interruptus_FishBaseUser_1508797230_172.68.102.54.jpg,no
Chaetodon_interruptus_FishWise_032066F000009W000037.jpg,Chaetodon interruptus,other,3.4,no,template_ok,0.744,Chaetodon_interruptus_FishBaseUser_1508797230_172.68.102.54.jpg,no
Chaetodon_interruptus_FishWise_032066F000009W000042.jpg,Chaetodon interruptus,other,11.3,no,template_ok,0.2084,Chaetodon_interruptus_FishBaseUser_1508797230_172.68.102.54.jpg,no
Chaetodon_interruptus_FishWise_032066F000009W000043.jpg,Chaetodon interruptus,other,9.4,yes,template_flip,0.3935,Chaetodon_interruptus_FishBaseUser_1508797230_172.68.102.54.jpg,no
Chaetodon_interruptus_FishWise_032066F000024W000010.jpg,Chaetodon interruptus,other,11.4,no,template_ok,0.3898,Chaetodon_interruptus_FishBaseUser_1508797230_172.68.102.54.jpg,no
Chaetodon_interruptus_FishWise_032066F000024W000011.jpg,Chaetodon interruptus,other,3.4,no,template_ok,0.0028,Chaetodon_interruptus_FishBaseUser_1508797230_172.68.102.54.jpg,no
Chaetodon_interruptus_FishWise_032066F000112W000012.jpg,Chaetodon interruptus,other,4.0,no,template_uncertain,0.0846,Chaetodon_interruptus_FishBaseUser_1508797230_172.68.102.54.jpg,yes
Chaetodon_interruptus_FishWise_032066F000112W000013.jpg,Chaetodon interruptus,other,4.5,no,template_uncertain,0.0655,Chaetodon_interruptus_FishBaseUser_1508797230_172.68.102.54.jpg,yes
Chaetodon_interruptus_FishWise_032066F000112W000014.jpg,Chaetodon interruptus,other,3.1,no,template_uncertain,0.0972,Chaetodon_interruptus_FishBaseUser_1508797230_172.68.102.54.jpg,yes
Chaetodon_interruptus_FishWise_032066F000167W000002.jpg,Chaetodon interruptus,other,0.0,yes,template_flip,0.7534,Chaetodon_interruptus_FishBaseUser_1508797230_172.68.102.54.jpg,no
Chaetodon_interruptus_FishWise_032066F000167W000003.jpg,Chaetodon interruptus,other,-4.4,yes,template_flip,0.5252,Chaetodon_interruptus_FishBaseUser_1508797230_172.68.102.54.jpg,no
Chaetodon_interruptus_FishWise_032066F000387W000028.jpg,Chaetodon interruptus,other,3.5,no,template_uncertain,0.1173,Chaetodon_interruptus_FishBaseUser_1508797230_172.68.102.54.jpg,yes
Chaetodon_interruptus_FishWise_032066F000387W000032.jpg,Chaetodon interruptus,other,-3.5,no,template_ok,0.0352,Chaetodon_interruptus_FishBaseUser_1508797230_172.68.102.54.jpg,no
Chaetodon_interruptus_FishWise_032066F000387W000033.jpg,Chaetodon interruptus,other,-2.1,yes,template_flip,0.1785,Chaetodon_interruptus_FishBaseUser_1508797230_172.68.102.54.jpg,no
Chaetodon_kleinii_FishPix_10587AF.jpg,Chaetodon kleinii,fishpix,-4.2,no,trusted_source,0.008,Chaetodon_kleinii_Bishop_-1577854379.jpg,no
Chaetodon_kleinii_Bishop_-1577854379.jpg,Chaetodon kleinii,bishop,3.8,no,trusted_source,1.0,Chaetodon_kleinii_Bishop_-1577854379.jpg,no
Chaetodon_kleinii_Bishop_308997156.jpg,Chaetodon kleinii,bishop,3.6,no,trusted_source,0.0232,Chaetodon_kleinii_Bishop_-1577854379.jpg,no
Chaetodon_kleinii_Bishop_977649394.jpg,Chaetodon kleinii,bishop,4.2,no,trusted_source,0.0324,Chaetodon_kleinii_Bishop_-1577854379.jpg,no
Chaetodon_kleinii_FishBase_Chkle_u0.jpg,Chaetodon kleinii,fishbase,0.0,no,trusted_source,0.0012,Chaetodon_kleinii_Bishop_-1577854379.jpg,no
Chaetodon_kleinii_FishBase_Chkle_u1.jpg,Chaetodon kleinii,fishbase,3.8,no,trusted_source,0.0856,Chaetodon_kleinii_Bishop_-1577854379.jpg,no
Chaetodon_kleinii_FishBase_Chkle_u2.jpg,Chaetodon kleinii,fishbase,3.9,no,trusted_source,0.0218,Chaetodon_kleinii_Bishop_-1577854379.jpg,no
Chaetodon_kleinii_FishBase_Chkle_u3.jpg,Chaetodon kleinii,fishbase,-15.5,no,trusted_source,0.1744,Chaetodon_kleinii_Bishop_-1577854379.jpg,no
Chaetodon_kleinii_FishBase_Chkle_u4.jpg,Chaetodon kleinii,fishbase,4.3,no,trusted_source,0.0269,Chaetodon_kleinii_Bishop_-1577854379.jpg,no
Chaetodon_kleinii_FishBase_Chkle_u5.jpg,Chaetodon kleinii,fishbase,-2.1,no,trusted_source,0.0838,Chaetodon_kleinii_Bishop_-1577854379.jpg,no
Chaetodon_kleinii_FishBase_Chkle_u6.jpg,Chaetodon kleinii,fishbase,-4.5,no,trusted_source,0.0181,Chaetodon_kleinii_Bishop_-1577854379.jpg,no
Chaetodon_kleinii_FishBase_Chkle_u8.jpg,Chaetodon kleinii,fishbase,0.0,no,trusted_source,0.0464,Chaetodon_kleinii_Bishop_-1577854379.jpg,no
Chaetodon_kleinii_FishBase_Chkle_u9.jpg,Chaetodon kleinii,fishbase,-2.3,no,trusted_source,0.0653,Chaetodon_kleinii_Bishop_-1577854379.jpg,no
Chaetodon_kleinii_FishBase_Chkle_ua.jpg,Chaetodon kleinii,fishbase,8.6,no,trusted_source,0.0159,Chaetodon_kleinii_Bishop_-1577854379.jpg,no
Chaetodon_kleinii_FishBaseUser_1361357985_86.28.236.182.jpg,Chaetodon kleinii,fishbase,10.9,no,trusted_source,0.0174,Chaetodon_kleinii_Bishop_-1577854379.jpg,no
Chaetodon_kleinii_FishBaseUser_1407544482_202.151.68.133.jpg,Chaetodon kleinii,fishbase,2.7,no,trusted_source,0.0131,Chaetodon_kleinii_Bishop_-1577854379.jpg,no
Chaetodon_kleinii_FishBaseUser_1424585961_94.198.16.174.jpg,Chaetodon kleinii,fishbase,-11.9,no,trusted_source,0.0468,Chaetodon_kleinii_Bishop_-1577854379.jpg,no
Chaetodon_kleinii_FishBaseUser_1433885690_2.238.54.39.jpg,Chaetodon kleinii,fishbase,17.9,no,trusted_source,0.02,Chaetodon_kleinii_Bishop_-1577854379.jpg,no
Chaetodon_kleinii_FishBaseUser_1469521644_162.158.167.12.jpg,Chaetodon kleinii,fishbase,-9.6,no,trusted_source,0.0094,Chaetodon_kleinii_Bishop_-1577854379.jpg,no
Chaetodon_kleinii_FishBaseUser_1508797387_172.68.102.54.jpg,Chaetodon kleinii,fishbase,13.7,no,trusted_source,0.0519,Chaetodon_kleinii_Bishop_-1577854379.jpg,no
Chaetodon_kleinii_FishBaseUser_1575678441_172.68.211.210.jpg,Chaetodon kleinii,fishbase,-16.1,no,trusted_source,0.0393,Chaetodon_kleinii_Bishop_-1577854379.jpg,no
Chaetodon_kleinii_FishBaseUser_1577141160_172.68.102.30.jpg,Chaetodon kleinii,fishbase,0.0,no,trusted_source,0.0236,Chaetodon_kleinii_Bishop_-1577854379.jpg,no
Chaetodon_kleinii_FishBaseUser_1603231829_162.158.187.197.jpg,Chaetodon kleinii,fishbase,6.7,no,trusted_source,0.0328,Chaetodon_kleinii_Bishop_-1577854379.jpg,no
Chaetodon_kleinii_FishBaseUser_1638286780_172.70.142.119.jpg,Chaetodon kleinii,fishbase,10.9,no,trusted_source,0.0346,Chaetodon_kleinii_Bishop_-1577854379.jpg,no
Chaetodon_kleinii_FishBaseUser_1672900069_162.158.179.14.jpg,Chaetodon kleinii,fishbase,7.3,no,trusted_source,0.0602,Chaetodon_kleinii_Bishop_-1577854379.jpg,no
Chaetodon_kleinii_FishBaseUser_1672900136_162.158.178.63.jpg,Chaetodon kleinii,fishbase,-8.0,no,trusted_source,0.0541,Chaetodon_kleinii_Bishop_-1577854379.jpg,no
Chaetodon_kleinii_FishBaseUser_1706123923_172.70.54.83.jpg,Chaetodon kleinii,fishbase,-15.0,no,trusted_source,0.1135,Chaetodon_kleinii_Bishop_-1577854379.jpg,no
Chaetodon_kleinii_FishBaseUser_1706123986_172.70.54.82.jpg,Chaetodon kleinii,fishbase,0.0,no,trusted_source,0.004,Chaetodon_kleinii_Bishop_-1577854379.jpg,no
Chaetodon_kleinii_FishBaseUser_1723303647_172.70.255.80.jpg,Chaetodon kleinii,fishbase,0.0,no,trusted_source,0.0098,Chaetodon_kleinii_Bishop_-1577854379.jpg,no
Chaetodon_kleinii_FishBaseUser_1746713569_202.152.137.21.jpg,Chaetodon kleinii,fishbase,0.0,no,trusted_source,0.0869,Chaetodon_kleinii_Bishop_-1577854379.jpg,no
Chaetodon_kleinii_FishBaseUser_1747227359_95.95.129.49.jpg,Chaetodon kleinii,fishbase,-5.6,no,trusted_source,0.064,Chaetodon_kleinii_Bishop_-1577854379.jpg,no
Chaetodon_kleinii_FishBaseUser_1747227399_95.95.129.49.jpg,Chaetodon kleinii,fishbase,8.0,no,trusted_source,0.0073,Chaetodon_kleinii_Bishop_-1577854379.jpg,no
Chaetodon_kleinii_FishBaseUser_1747227457_95.95.129.49.jpg,Chaetodon kleinii,fishbase,0.0,no,trusted_source,0.023,Chaetodon_kleinii_Bishop_-1577854379.jpg,no
Chaetodon_kleinii_iNaturalist_336546534.jpg,Chaetodon kleinii,inaturalist,-9.5,no,template_uncertain,0.0628,Chaetodon_kleinii_Bishop_-1577854379.jpg,yes
Chaetodon_kleinii_iNaturalist_338353090.jpg,Chaetodon kleinii,inaturalist,0.0,no,template_uncertain,0.1043,Chaetodon_kleinii_Bishop_-1577854379.jpg,yes
Chaetodon_kleinii_iNaturalist_338353091.jpg,Chaetodon kleinii,inaturalist,-4.8,no,template_uncertain,0.1053,Chaetodon_kleinii_Bishop_-1577854379.jpg,yes
Chaetodon_kleinii_iNaturalist_409583506.jpg,Chaetodon kleinii,inaturalist,-10.8,no,template_ok,0.009,Chaetodon_kleinii_Bishop_-1577854379.jpg,no
Chaetodon_kleinii_iNaturalist_409631622.jpg,Chaetodon kleinii,inaturalist,-13.8,no,template_ok,0.0353,Chaetodon_kleinii_Bishop_-1577854379.jpg,no
Chaetodon_kleinii_iNaturalist_530434066.jpg,Chaetodon kleinii,inaturalist,-6.1,no,template_ok,0.0438,Chaetodon_kleinii_Bishop_-1577854379.jpg,no
Chaetodon_kleinii_iNaturalist_530434335.jpg,Chaetodon kleinii,inaturalist,14.2,no,template_ok,0.0371,Chaetodon_kleinii_Bishop_-1577854379.jpg,no
Chaetodon_kleinii_iNaturalist_564309402.jpg,Chaetodon kleinii,inaturalist,12.3,no,template_ok,0.0261,Chaetodon_kleinii_Bishop_-1577854379.jpg,no
Chaetodon_kleinii_iNaturalist_97428922.jpg,Chaetodon kleinii,inaturalist,-12.8,no,template_uncertain,0.0888,Chaetodon_kleinii_Bishop_-1577854379.jpg,yes
Chaetodon_kleinii_iNaturalist_97482217.jpg,Chaetodon kleinii,inaturalist,0.0,no,template_ok,0.0161,Chaetodon_kleinii_Bishop_-1577854379.jpg,no
Chaetodon_kleinii_FishWise_034237F000004W000006.jpg,Chaetodon kleinii,other,4.0,no,template_ok,0.0264,Chaetodon_kleinii_Bishop_-1577854379.jpg,no
Chaetodon_kleinii_FishWise_034237F000009W000007.jpg,Chaetodon kleinii,other,3.0,no,template_uncertain,0.054,Chaetodon_kleinii_Bishop_-1577854379.jpg,yes
Chaetodon_kleinii_FishWise_034237F000009W000008.jpg,Chaetodon kleinii,other,0.0,no,template_uncertain,0.0777,Chaetodon_kleinii_Bishop_-1577854379.jpg,yes
Chaetodon_kleinii_FishWise_034237F000009W000011.jpg,Chaetodon kleinii,other,8.6,no,template_ok,0.029,Chaetodon_kleinii_Bishop_-1577854379.jpg,no
Chaetodon_kleinii_FishWise_034237F000009W000013.jpg,Chaetodon kleinii,other,5.8,no,template_uncertain,0.0733,Chaetodon_kleinii_Bishop_-1577854379.jpg,yes
Chaetodon_kleinii_FishWise_034237F000009W000015.jpg,Chaetodon kleinii,other,5.8,no,template_ok,0.0063,Chaetodon_kleinii_Bishop_-1577854379.jpg,no
Chaetodon_kleinii_FishWise_034237F000009W000016.jpg,Chaetodon kleinii,other,10.0,no,template_ok,0.0121,Chaetodon_kleinii_Bishop_-1577854379.jpg,no
Chaetodon_kleinii_FishWise_034237F000009W000018.jpg,Chaetodon kleinii,other,-4.9,no,template_uncertain,0.0689,Chaetodon_kleinii_Bishop_-1577854379.jpg,yes
Chaetodon_kleinii_FishWise_034237F000009W000019.jpg,Chaetodon kleinii,other,0.0,no,template_ok,0.0905,Chaetodon_kleinii_Bishop_-1577854379.jpg,no
Chaetodon_kleinii_FishWise_034237F000009W000020.jpg,Chaetodon kleinii,other,10.3,no,template_ok,0.0251,Chaetodon_kleinii_Bishop_-1577854379.jpg,no
Chaetodon_kleinii_FishWise_034237F000024W000001.jpg,Chaetodon kleinii,other,0.0,no,template_ok,0.0007,Chaetodon_kleinii_Bishop_-1577854379.jpg,no
Chaetodon_kleinii_FishWise_034237F000024W000002.jpg,Chaetodon kleinii,other,3.7,no,template_ok,0.0237,Chaetodon_kleinii_Bishop_-1577854379.jpg,no
Chaetodon_kleinii_FishWise_034237F000035W000003.jpg,Chaetodon kleinii,other,0.0,no,template_ok,0.0707,Chaetodon_kleinii_Bishop_-1577854379.jpg,no
Chaetodon_kleinii_FishWise_034237F000112W000009.jpg,Chaetodon kleinii,other,5.9,no,template_ok,0.0272,Chaetodon_kleinii_Bishop_-1577854379.jpg,no
Chaetodon_kleinii_FishWise_034237F000112W000010.jpg,Chaetodon kleinii,other,2.2,no,template_ok,0.0079,Chaetodon_kleinii_Bishop_-1577854379.jpg,no
Chaetodon_kleinii_FishWise_034237F000112W000012.jpg,Chaetodon kleinii,other,6.7,no,template_ok,0.0239,Chaetodon_kleinii_Bishop_-1577854379.jpg,no
Chaetodon_kleinii_FishWise_034237F000387W000014.jpg,Chaetodon kleinii,other,6.5,no,template_ok,0.0095,Chaetodon_kleinii_Bishop_-1577854379.jpg,no
Chaetodon_kleinii_FishWise_034237F000387W000017.jpg,Chaetodon kleinii,other,2.8,no,template_ok,0.0172,Chaetodon_kleinii_Bishop_-1577854379.jpg,no
Chaetodon_kleinii_FishWise_034237F000451W000021.jpg,Chaetodon kleinii,other,17.8,no,template_ok,0.0987,Chaetodon_kleinii_Bishop_-1577854379.jpg,no
Chaetodon_larvatus_FishPix_85092AF.jpg,Chaetodon larvatus,fishpix,0.0,no,trusted_flagged,0.252,Chaetodon_larvatus_Bishop_1783626891.jpg,yes
Chaetodon_larvatus_Bishop_1783626891.jpg,Chaetodon larvatus,bishop,5.5,no,trusted_source,1.0,Chaetodon_larvatus_Bishop_1783626891.jpg,no
Chaetodon_larvatus_FishBase_Chlar_u0.jpg,Chaetodon larvatus,fishbase,14.3,no,trusted_source,0.1251,Chaetodon_larvatus_Bishop_1783626891.jpg,no
Chaetodon_larvatus_FishBase_Chlar_u1.jpg,Chaetodon larvatus,fishbase,5.7,no,trusted_source,0.3336,Chaetodon_larvatus_Bishop_1783626891.jpg,no
Chaetodon_larvatus_FishBase_Chlar_u2.jpg,Chaetodon larvatus,fishbase,12.3,no,trusted_source,0.3152,Chaetodon_larvatus_Bishop_1783626891.jpg,no
Chaetodon_larvatus_FishBase_Chlar_u3.jpg,Chaetodon larvatus,fishbase,0.0,no,trusted_flagged,0.2503,Chaetodon_larvatus_Bishop_1783626891.jpg,yes
Chaetodon_larvatus_FishBaseUser_1435848129_82.30.200.88.jpg,Chaetodon larvatus,fishbase,0.0,no,trusted_source,0.1265,Chaetodon_larvatus_Bishop_1783626891.jpg,no
Chaetodon_larvatus_FishBaseUser_1508797786_172.68.102.54.jpg,Chaetodon larvatus,fishbase,4.1,no,trusted_source,0.3007,Chaetodon_larvatus_Bishop_1783626891.jpg,no
Chaetodon_larvatus_FishBaseUser_1671051307_108.162.237.70.jpg,Chaetodon larvatus,fishbase,17.7,no,trusted_flagged,0.3841,Chaetodon_larvatus_Bishop_1783626891.jpg,yes
Chaetodon_larvatus_FishBaseUser_1671051335_108.162.237.70.jpg,Chaetodon larvatus,fishbase,4.3,no,trusted_source,0.1517,Chaetodon_larvatus_Bishop_1783626891.jpg,no
Chaetodon_larvatus_FishBaseUser_1671051366_108.162.237.70.jpg,Chaetodon larvatus,fishbase,0.0,no,trusted_flagged,0.2659,Chaetodon_larvatus_Bishop_1783626891.jpg,yes
Chaetodon_larvatus_FishBaseUser_1671051579_108.162.237.70.jpg,Chaetodon larvatus,fishbase,6.9,no,trusted_flagged,0.2089,Chaetodon_larvatus_Bishop_1783626891.jpg,yes
Chaetodon_larvatus_FishBaseUser_1671051715_108.162.237.70.jpg,Chaetodon larvatus,fishbase,12.2,no,trusted_source,0.0088,Chaetodon_larvatus_Bishop_1783626891.jpg,no
Chaetodon_larvatus_iNaturalist_173874128.jpg,Chaetodon larvatus,inaturalist,7.6,no,template_ok,0.4907,Chaetodon_larvatus_Bishop_1783626891.jpg,no
Chaetodon_larvatus_iNaturalist_183943854.jpg,Chaetodon larvatus,inaturalist,4.3,yes,template_flip,0.3519,Chaetodon_larvatus_Bishop_1783626891.jpg,no
Chaetodon_larvatus_iNaturalist_183943894.jpg,Chaetodon larvatus,inaturalist,-17.3,no,template_ok,0.0495,Chaetodon_larvatus_Bishop_1783626891.jpg,no
Chaetodon_larvatus_iNaturalist_183943928.jpg,Chaetodon larvatus,inaturalist,0.0,no,template_uncertain,0.1418,Chaetodon_larvatus_Bishop_1783626891.jpg,yes
Chaetodon_larvatus_iNaturalist_443993229.jpg,Chaetodon larvatus,inaturalist,-2.8,no,template_ok,0.5131,Chaetodon_larvatus_Bishop_1783626891.jpg,no
Chaetodon_larvatus_iNaturalist_467594824.jpg,Chaetodon larvatus,inaturalist,7.7,no,template_ok,0.2883,Chaetodon_larvatus_Bishop_1783626891.jpg,no
Chaetodon_larvatus_iNaturalist_74067025.jpg,Chaetodon larvatus,inaturalist,-8.6,no,template_ok,0.3513,Chaetodon_larvatus_Bishop_1783626891.jpg,no
Chaetodon_larvatus_FishWise_035586F000024W000001.jpg,Chaetodon larvatus,other,14.5,no,template_ok,0.1167,Chaetodon_larvatus_Bishop_1783626891.jpg,no
Chaetodon_larvatus_FishWise_035586F000024W000002.jpg,Chaetodon larvatus,other,5.4,no,template_ok,0.3511,Chaetodon_larvatus_Bishop_1783626891.jpg,no
Chaetodon_larvatus_FishWise_035586F000175W000003.jpg,Chaetodon larvatus,other,11.7,no,template_ok,0.3345,Chaetodon_larvatus_Bishop_1783626891.jpg,no
Chaetodon_leucopleura_FishBase_Chleu_u5.jpg,Chaetodon leucopleura,fishbase,10.4,no,trusted_source,0.1656,Chaetodon_leucopleura_Bishop_951338608.jpg,no
Chaetodon_leucopleura_Bishop_951338608.jpg,Chaetodon leucopleura,bishop,8.1,no,trusted_source,1.0,Chaetodon_leucopleura_Bishop_951338608.jpg,no
Chaetodon_leucopleura_FishBase_Chleu_ub.jpg,Chaetodon leucopleura,fishbase,12.5,no,trusted_source,0.159,Chaetodon_leucopleura_Bishop_951338608.jpg,no
Chaetodon_leucopleura_FishBase_Chleu_ud.jpg,Chaetodon leucopleura,fishbase,16.9,no,trusted_source,0.0714,Chaetodon_leucopleura_Bishop_951338608.jpg,no
Chaetodon_leucopleura_FishBaseUser_1504902123_162.158.167.8.jpg,Chaetodon leucopleura,fishbase,-11.3,no,trusted_source,0.0848,Chaetodon_leucopleura_Bishop_951338608.jpg,no
Chaetodon_leucopleura_iNaturalist_107921304.jpg,Chaetodon leucopleura,inaturalist,-10.4,no,template_ok,0.1014,Chaetodon_leucopleura_Bishop_951338608.jpg,no
Chaetodon_leucopleura_iNaturalist_174544780.jpg,Chaetodon leucopleura,inaturalist,2.6,no,template_ok,0.1556,Chaetodon_leucopleura_Bishop_951338608.jpg,no
Chaetodon_leucopleura_iNaturalist_257991081.jpg,Chaetodon leucopleura,inaturalist,-13.9,no,template_ok,0.0078,Chaetodon_leucopleura_Bishop_951338608.jpg,no
Chaetodon_leucopleura_iNaturalist_26103099.jpg,Chaetodon leucopleura,inaturalist,0.0,no,template_ok,0.0313,Chaetodon_leucopleura_Bishop_951338608.jpg,no
Chaetodon_leucopleura_iNaturalist_347659715.jpg,Chaetodon leucopleura,inaturalist,0.0,no,template_ok,0.0303,Chaetodon_leucopleura_Bishop_951338608.jpg,no
Chaetodon_leucopleura_iNaturalist_551272520.jpg,Chaetodon leucopleura,inaturalist,-6.0,no,template_ok,0.2239,Chaetodon_leucopleura_Bishop_951338608.jpg,no
Chaetodon_leucopleura_iNaturalist_551762355.jpg,Chaetodon leucopleura,inaturalist,0.0,no,template_ok,0.0252,Chaetodon_leucopleura_Bishop_951338608.jpg,no
Chaetodon_leucopleura_iNaturalist_585546055.jpg,Chaetodon leucopleura,inaturalist,15.2,no,template_ok,0.0442,Chaetodon_leucopleura_Bishop_951338608.jpg,no
Chaetodon_leucopleura_iNaturalist_75611947.jpg,Chaetodon leucopleura,inaturalist,-17.2,no,template_uncertain,0.1017,Chaetodon_leucopleura_Bishop_951338608.jpg,yes
Chaetodon_lineolatus_FishPix_140792AF.jpg,Chaetodon lineolatus,fishpix,11.3,no,trusted_source,0.0915,Chaetodon_lineolatus_Bishop_1526268337.jpg,no
Chaetodon_lineolatus_Bishop_-879271097.jpg,Chaetodon lineolatus,bishop,3.2,no,trusted_source,0.1883,Chaetodon_lineolatus_Bishop_1526268337.jpg,no
Chaetodon_lineolatus_Bishop_1526268337.jpg,Chaetodon lineolatus,bishop,2.3,no,trusted_source,1.0,Chaetodon_lineolatus_Bishop_1526268337.jpg,no
Chaetodon_lineolatus_Bishop_1821004318.jpg,Chaetodon lineolatus,bishop,4.0,no,trusted_source,0.2216,Chaetodon_lineolatus_Bishop_1526268337.jpg,no
Chaetodon_lineolatus_FishBase_Chlin_j0.jpg,Chaetodon lineolatus,fishbase,0.0,no,trusted_source,0.1825,Chaetodon_lineolatus_Bishop_1526268337.jpg,no
Chaetodon_lineolatus_FishBase_Chlin_u2.jpg,Chaetodon lineolatus,fishbase,2.3,no,trusted_source,0.1936,Chaetodon_lineolatus_Bishop_1526268337.jpg,no
Chaetodon_lineolatus_FishBase_Chlin_u3.jpg,Chaetodon lineolatus,fishbase,12.3,no,trusted_source,0.0717,Chaetodon_lineolatus_Bishop_1526268337.jpg,no
Chaetodon_lineolatus_FishBase_Chlin_u5.jpg,Chaetodon lineolatus,fishbase,4.0,no,trusted_source,0.2222,Chaetodon_lineolatus_Bishop_1526268337.jpg,no
Chaetodon_lineolatus_FishBase_Chlin_u6.jpg,Chaetodon lineolatus,fishbase,3.1,no,trusted_source,0.1856,Chaetodon_lineolatus_Bishop_1526268337.jpg,no
Chaetodon_lineolatus_FishBase_Chlin_u7.jpg,Chaetodon lineolatus,fishbase,15.6,no,trusted_source,0.0587,Chaetodon_lineolatus_Bishop_1526268337.jpg,no
Chaetodon_lineolatus_FishBase_Chlin_uk.jpg,Chaetodon lineolatus,fishbase,-12.1,no,trusted_source,0.1568,Chaetodon_lineolatus_Bishop_1526268337.jpg,no
Chaetodon_lineolatus_FishBase_Chlin_ul.jpg,Chaetodon lineolatus,fishbase,0.0,no,trusted_flagged,0.2028,Chaetodon_lineolatus_Bishop_1526268337.jpg,yes
Chaetodon_lineolatus_FishBaseUser_1383559152_202.151.68.202.jpg,Chaetodon lineolatus,fishbase,0.0,no,trusted_source,0.001,Chaetodon_lineolatus_Bishop_1526268337.jpg,no
Chaetodon_lineolatus_FishBaseUser_1441133075_2.238.54.39.jpg,Chaetodon lineolatus,fishbase,-6.9,no,trusted_source,0.1559,Chaetodon_lineolatus_Bishop_1526268337.jpg,no
Chaetodon_lineolatus_FishBaseUser_1486419731_108.162.229.6.jpg,Chaetodon lineolatus,fishbase,0.0,no,trusted_source,0.1605,Chaetodon_lineolatus_Bishop_1526268337.jpg,no
Chaetodon_lineolatus_FishBaseUser_1508797940_172.68.102.54.jpg,Chaetodon lineolatus,fishbase,-18.8,no,trusted_source,0.0598,Chaetodon_lineolatus_Bishop_1526268337.jpg,no
Chaetodon_lineolatus_FishBaseUser_1569480060_172.69.22.88.jpg,Chaetodon lineolatus,fishbase,-10.2,no,trusted_source,0.0174,Chaetodon_lineolatus_Bishop_1526268337.jpg,no
Chaetodon_lineolatus_FishBaseUser_1569480089_162.158.255.186.jpg,Chaetodon lineolatus,fishbase,14.2,no,trusted_source,0.1165,Chaetodon_lineolatus_Bishop_1526268337.jpg,no
Chaetodon_lineolatus_FishBaseUser_1670951896_172.71.22.23.jpg,Chaetodon lineolatus,fishbase,12.9,no,trusted_source,0.0312,Chaetodon_lineolatus_Bishop_1526268337.jpg,no
Chaetodon_lineolatus_FishBaseUser_1670951924_172.71.22.22.jpg,Chaetodon lineolatus,fishbase,0.0,no,trusted_source,0.043,Chaetodon_lineolatus_Bishop_1526268337.jpg,no
Chaetodon_lineolatus_FishBaseUser_1672900172_162.158.178.62.jpg,Chaetodon lineolatus,fishbase,0.0,no,trusted_flagged,0.2324,Chaetodon_lineolatus_Bishop_1526268337.jpg,yes
Chaetodon_lineolatus_FishBaseUser_1672900244_172.71.210.161.jpg,Chaetodon lineolatus,fishbase,0.0,no,trusted_source,0.218,Chaetodon_lineolatus_Bishop_1526268337.jpg,no
Chaetodon_lineolatus_FishBaseUser_1672900289_172.71.210.161.jpg,Chaetodon lineolatus,fishbase,0.0,no,trusted_flagged,0.2614,Chaetodon_lineolatus_Bishop_1526268337.jpg,yes
Chaetodon_lineolatus_FishBaseUser_1703890794_108.162.212.78.jpg,Chaetodon lineolatus,fishbase,0.0,no,trusted_source,0.0631,Chaetodon_lineolatus_Bishop_1526268337.jpg,no
Chaetodon_lineolatus_FishBaseUser_1705859957_172.70.255.13.jpg,Chaetodon lineolatus,fishbase,-13.5,no,trusted_source,0.0468,Chaetodon_lineolatus_Bishop_1526268337.jpg,no
Chaetodon_lineolatus_iNaturalist_134145241.jpg,Chaetodon lineolatus,inaturalist,9.9,no,template_ok,0.1283,Chaetodon_lineolatus_Bishop_1526268337.jpg,no
Chaetodon_lineolatus_iNaturalist_474229031.jpg,Chaetodon lineolatus,inaturalist,0.0,no,template_ok,0.23,Chaetodon_lineolatus_Bishop_1526268337.jpg,no
Chaetodon_lineolatus_iNaturalist_474229198.jpg,Chaetodon lineolatus,inaturalist,5.4,no,template_uncertain,0.0577,Chaetodon_lineolatus_Bishop_1526268337.jpg,yes
Chaetodon_lineolatus_iNaturalist_474229225.jpg,Chaetodon lineolatus,inaturalist,-3.1,no,template_uncertain,0.1465,Chaetodon_lineolatus_Bishop_1526268337.jpg,yes
Chaetodon_lineolatus_iNaturalist_91071941.jpg,Chaetodon lineolatus,inaturalist,-12.0,no,template_ok,0.1858,Chaetodon_lineolatus_Bishop_1526268337.jpg,no
Chaetodon_lineolatus_iNaturalist_9952627.jpg,Chaetodon lineolatus,inaturalist,0.0,no,template_uncertain,0.134,Chaetodon_lineolatus_Bishop_1526268337.jpg,yes
Chaetodon_lineolatus_FishWise_037464F000009W000004.jpg,Chaetodon lineolatus,other,0.0,no,template_ok,0.3132,Chaetodon_lineolatus_Bishop_1526268337.jpg,no
Chaetodon_lineolatus_FishWise_037464F000009W000008.jpg,Chaetodon lineolatus,other,-10.7,yes,template_flip,0.1871,Chaetodon_lineolatus_Bishop_1526268337.jpg,no
Chaetodon_lineolatus_FishWise_037464F000009W000011.jpg,Chaetodon lineolatus,other,0.0,no,template_ok,0.2288,Chaetodon_lineolatus_Bishop_1526268337.jpg,no
Chaetodon_lineolatus_FishWise_037464F000009W000012.jpg,Chaetodon lineolatus,other,3.0,no,template_ok,0.1925,Chaetodon_lineolatus_Bishop_1526268337.jpg,no
Chaetodon_lineolatus_FishWise_037464F000009W000013.jpg,Chaetodon lineolatus,other,8.9,no,template_ok,0.2356,Chaetodon_lineolatus_Bishop_1526268337.jpg,no
Chaetodon_lineolatus_FishWise_037464F000009W000014.jpg,Chaetodon lineolatus,other,8.9,no,template_ok,0.2356,Chaetodon_lineolatus_Bishop_1526268337.jpg,no
Chaetodon_lineolatus_FishWise_037464F000024W000001.jpg,Chaetodon lineolatus,other,2.4,no,template_ok,0.196,Chaetodon_lineolatus_Bishop_1526268337.jpg,no
Chaetodon_lineolatus_FishWise_037464F000024W000002.jpg,Chaetodon lineolatus,other,5.2,no,template_ok,0.2166,Chaetodon_lineolatus_Bishop_1526268337.jpg,no
Chaetodon_lineolatus_FishWise_037464F000038W000007.jpg,Chaetodon lineolatus,other,4.6,no,template_ok,0.1991,Chaetodon_lineolatus_Bishop_1526268337.jpg,no
Chaetodon_lineolatus_FishWise_037464F000038W000010.jpg,Chaetodon lineolatus,other,4.4,no,template_ok,0.2096,Chaetodon_lineolatus_Bishop_1526268337.jpg,no
Chaetodon_lineolatus_FishWise_037464F000112W000009.jpg,Chaetodon lineolatus,other,2.5,no,template_ok,0.1718,Chaetodon_lineolatus_Bishop_1526268337.jpg,no
Chaetodon_litus_FishBase_Chlit_u0.jpg,Chaetodon litus,fishbase,9.9,no,trusted_source,0.1374,Chaetodon_litus_Bishop_1983788749.jpg,no
Chaetodon_litus_Bishop_1983788749.jpg,Chaetodon litus,bishop,9.8,no,trusted_source,1.0,Chaetodon_litus_Bishop_1983788749.jpg,no
Chaetodon_litus_FishBase_Chlit_j0.jpg,Chaetodon litus,fishbase,0.0,no,trusted_source,0.0492,Chaetodon_litus_Bishop_1983788749.jpg,no
Chaetodon_litus_iNaturalist_13840264.jpg,Chaetodon litus,inaturalist,-11.3,no,template_uncertain,0.1272,Chaetodon_litus_Bishop_1983788749.jpg,yes
Chaetodon_litus_iNaturalist_250896809.jpg,Chaetodon litus,inaturalist,0.0,no,template_ok,0.0081,Chaetodon_litus_Bishop_1983788749.jpg,no
Chaetodon_litus_iNaturalist_250896825.jpg,Chaetodon litus,inaturalist,0.0,yes,template_flip,0.3164,Chaetodon_litus_Bishop_1983788749.jpg,no
Chaetodon_litus_iNaturalist_324313677.jpg,Chaetodon litus,inaturalist,12.7,no,template_ok,0.0414,Chaetodon_litus_Bishop_1983788749.jpg,no
Chaetodon_litus_iNaturalist_474014549.jpg,Chaetodon litus,inaturalist,0.0,no,template_ok,0.017,Chaetodon_litus_Bishop_1983788749.jpg,no
Chaetodon_litus_iNaturalist_490178965.jpg,Chaetodon litus,inaturalist,-7.4,no,template_ok,0.0205,Chaetodon_litus_Bishop_1983788749.jpg,no
Chaetodon_litus_iNaturalist_534683960.jpg,Chaetodon litus,inaturalist,0.0,no,template_ok,0.1304,Chaetodon_litus_Bishop_1983788749.jpg,no
Chaetodon_litus_iNaturalist_534683993.jpg,Chaetodon litus,inaturalist,0.0,no,template_ok,0.0273,Chaetodon_litus_Bishop_1983788749.jpg,no
Chaetodon_litus_iNaturalist_534683999.jpg,Chaetodon litus,inaturalist,10.1,no,template_ok,0.0036,Chaetodon_litus_Bishop_1983788749.jpg,no
Chaetodon_litus_FishWise_037764F000024W000001.jpg,Chaetodon litus,other,0.0,no,template_ok,0.0497,Chaetodon_litus_Bishop_1983788749.jpg,no
Chaetodon_litus_FishWise_037764F000024W000002.jpg,Chaetodon litus,other,9.9,no,template_ok,0.1395,Chaetodon_litus_Bishop_1983788749.jpg,no
Chaetodon_lunula_FishPix_11643AF.jpg,Chaetodon lunula,fishpix,-14.2,no,trusted_source,0.0087,Chaetodon_lunula_Bishop_-530805309.jpg,no
Chaetodon_lunula_Bishop_-530805309.jpg,Chaetodon lunula,bishop,3.8,no,trusted_source,1.0,Chaetodon_lunula_Bishop_-530805309.jpg,no
Chaetodon_lunula_Bishop_1720571305.jpg,Chaetodon lunula,bishop,0.0,no,trusted_source,0.0872,Chaetodon_lunula_Bishop_-530805309.jpg,no
Chaetodon_lunula_Bishop_2036473160.jpg,Chaetodon lunula,bishop,3.0,no,trusted_source,0.2183,Chaetodon_lunula_Bishop_-530805309.jpg,no
Chaetodon_lunula_Bishop_543936522.jpg,Chaetodon lunula,bishop,2.7,no,trusted_source,0.19,Chaetodon_lunula_Bishop_-530805309.jpg,no
Chaetodon_lunula_FishBase_Chlun_j0.jpg,Chaetodon lunula,fishbase,2.4,no,trusted_source,0.1296,Chaetodon_lunula_Bishop_-530805309.jpg,no
Chaetodon_lunula_FishBase_Chlun_j1.jpg,Chaetodon lunula,fishbase,-6.0,no,trusted_source,0.1955,Chaetodon_lunula_Bishop_-530805309.jpg,no
Chaetodon_lunula_FishBase_Chlun_u0.jpg,Chaetodon lunula,fishbase,2.1,no,trusted_source,0.2954,Chaetodon_lunula_Bishop_-530805309.jpg,no
Chaetodon_lunula_FishBase_Chlun_u6.jpg,Chaetodon lunula,fishbase,2.8,no,trusted_source,0.1939,Chaetodon_lunula_Bishop_-530805309.jpg,no
Chaetodon_lunula_FishBase_Chlun_u7.jpg,Chaetodon lunula,fishbase,4.0,no,trusted_source,0.2614,Chaetodon_lunula_Bishop_-530805309.jpg,no
Chaetodon_lunula_FishBase_Chlun_u8.jpg,Chaetodon lunula,fishbase,2.9,no,trusted_source,0.2153,Chaetodon_lunula_Bishop_-530805309.jpg,no
Chaetodon_lunula_FishBase_Chlun_uf.jpg,Chaetodon lunula,fishbase,0.0,no,trusted_source,0.1103,Chaetodon_lunula_Bishop_-530805309.jpg,no
Chaetodon_lunula_FishBase_Chlun_un.jpg,Chaetodon lunula,fishbase,-7.2,no,trusted_source,0.1749,Chaetodon_lunula_Bishop_-530805309.jpg,no
Chaetodon_lunula_FishBase_Chlun_up.jpg,Chaetodon lunula,fishbase,10.3,no,trusted_source,0.0256,Chaetodon_lunula_Bishop_-530805309.jpg,no
Chaetodon_lunula_FishBaseUser_1473316601_162.158.165.25.jpg,Chaetodon lunula,fishbase,5.5,no,trusted_flagged,0.2443,Chaetodon_lunula_Bishop_-530805309.jpg,yes
Chaetodon_lunula_FishBaseUser_1486419647_108.162.229.6.jpg,Chaetodon lunula,fishbase,4.6,no,trusted_flagged,0.2717,Chaetodon_lunula_Bishop_-530805309.jpg,yes
Chaetodon_lunula_FishBaseUser_1508798140_172.68.102.54.jpg,Chaetodon lunula,fishbase,-16.3,no,trusted_source,0.1535,Chaetodon_lunula_Bishop_-530805309.jpg,no
Chaetodon_lunula_FishBaseUser_1526834654_162.158.22.216.jpg,Chaetodon lunula,fishbase,0.0,no,trusted_source,0.0613,Chaetodon_lunula_Bishop_-530805309.jpg,no
Chaetodon_lunula_FishBaseUser_1574939971_162.158.166.79.jpg,Chaetodon lunula,fishbase,-8.3,no,trusted_source,0.4647,Chaetodon_lunula_Bishop_-530805309.jpg,no
Chaetodon_lunula_FishBaseUser_1656493445_172.70.143.34.jpg,Chaetodon lunula,fishbase,0.0,no,trusted_flagged,0.2221,Chaetodon_lunula_Bishop_-530805309.jpg,yes
Chaetodon_lunula_FishBaseUser_1672900338_162.158.179.13.jpg,Chaetodon lunula,fishbase,15.7,no,trusted_source,0.1659,Chaetodon_lunula_Bishop_-530805309.jpg,no
Chaetodon_lunula_FishBaseUser_1704669452_108.162.212.67.jpg,Chaetodon lunula,fishbase,18.2,no,trusted_source,0.0663,Chaetodon_lunula_Bishop_-530805309.jpg,no
Chaetodon_lunula_FishBaseUser_1747227785_95.95.129.49.jpg,Chaetodon lunula,fishbase,4.0,no,trusted_source,0.1839,Chaetodon_lunula_Bishop_-530805309.jpg,no
Chaetodon_lunula_FishBaseUser_1747227849_95.95.129.49.jpg,Chaetodon lunula,fishbase,-3.9,no,trusted_source,0.0197,Chaetodon_lunula_Bishop_-530805309.jpg,no
Chaetodon_lunula_iNaturalist_169964645.jpg,Chaetodon lunula,inaturalist,5.6,no,template_ok,0.3819,Chaetodon_lunula_Bishop_-530805309.jpg,no
Chaetodon_lunula_iNaturalist_178875223.jpg,Chaetodon lunula,inaturalist,0.0,no,template_ok,0.0896,Chaetodon_lunula_Bishop_-530805309.jpg,no
Chaetodon_lunula_iNaturalist_290315608.jpg,Chaetodon lunula,inaturalist,-6.7,no,template_ok,0.0355,Chaetodon_lunula_Bishop_-530805309.jpg,no
Chaetodon_lunula_iNaturalist_290315687.jpg,Chaetodon lunula,inaturalist,4.4,no,template_ok,0.1415,Chaetodon_lunula_Bishop_-530805309.jpg,no
Chaetodon_lunula_iNaturalist_331.jpg,Chaetodon lunula,inaturalist,-9.2,no,template_ok,0.001,Chaetodon_lunula_Bishop_-530805309.jpg,no
Chaetodon_lunula_iNaturalist_3844633.jpg,Chaetodon lunula,inaturalist,8.0,no,template_ok,0.1446,Chaetodon_lunula_Bishop_-530805309.jpg,no
Chaetodon_lunula_iNaturalist_430979456.jpg,Chaetodon lunula,inaturalist,0.0,no,template_ok,0.1892,Chaetodon_lunula_Bishop_-530805309.jpg,no
Chaetodon_lunula_iNaturalist_545359972.jpg,Chaetodon lunula,inaturalist,0.0,yes,template_flip,0.2519,Chaetodon_lunula_Bishop_-530805309.jpg,no
Chaetodon_lunula_iNaturalist_58993744.jpg,Chaetodon lunula,inaturalist,0.0,no,template_ok,0.225,Chaetodon_lunula_Bishop_-530805309.jpg,no
Chaetodon_lunula_iNaturalist_6462315.jpg,Chaetodon lunula,inaturalist,10.1,no,template_ok,0.0484,Chaetodon_lunula_Bishop_-530805309.jpg,no
Chaetodon_lunula_FishWise_107206F000009W000009.jpg,Chaetodon lunula,other,-4.8,no,template_ok,0.327,Chaetodon_lunula_Bishop_-530805309.jpg,no
Chaetodon_lunula_FishWise_107206F000009W000010.jpg,Chaetodon lunula,other,0.0,no,template_ok,0.1922,Chaetodon_lunula_Bishop_-530805309.jpg,no
Chaetodon_lunula_FishWise_107206F000009W000011.jpg,Chaetodon lunula,other,4.6,no,template_ok,0.1203,Chaetodon_lunula_Bishop_-530805309.jpg,no
Chaetodon_lunula_FishWise_107206F000009W000015.jpg,Chaetodon lunula,other,0.0,no,template_ok,0.2776,Chaetodon_lunula_Bishop_-530805309.jpg,no
Chaetodon_lunula_FishWise_107206F000009W000016.jpg,Chaetodon lunula,other,0.0,no,template_ok,0.1837,Chaetodon_lunula_Bishop_-530805309.jpg,no
Chaetodon_lunula_FishWise_107206F000009W000017.jpg,Chaetodon lunula,other,0.0,no,template_ok,0.2149,Chaetodon_lunula_Bishop_-530805309.jpg,no
Chaetodon_lunula_FishWise_107206F000009W000018.jpg,Chaetodon lunula,other,3.2,no,template_ok,0.2154,Chaetodon_lunula_Bishop_-530805309.jpg,no
Chaetodon_lunula_FishWise_107206F000009W000019.jpg,Chaetodon lunula,other,0.0,no,template_ok,0.2827,Chaetodon_lunula_Bishop_-530805309.jpg,no
Chaetodon_lunula_FishWise_107206F000009W000020.jpg,Chaetodon lunula,other,3.6,no,template_ok,0.1299,Chaetodon_lunula_Bishop_-530805309.jpg,no
Chaetodon_lunula_FishWise_107206F000009W000021.jpg,Chaetodon lunula,other,4.1,no,template_ok,0.209,Chaetodon_lunula_Bishop_-530805309.jpg,no
Chaetodon_lunula_FishWise_107206F000009W000022.jpg,Chaetodon lunula,other,3.4,no,template_ok,0.0449,Chaetodon_lunula_Bishop_-530805309.jpg,no
Chaetodon_lunula_FishWise_107206F000009W000023.jpg,Chaetodon lunula,other,0.0,no,template_ok,0.2804,Chaetodon_lunula_Bishop_-530805309.jpg,no
Chaetodon_lunula_FishWise_107206F000024W000001.jpg,Chaetodon lunula,other,4.4,no,template_ok,0.0636,Chaetodon_lunula_Bishop_-530805309.jpg,no
Chaetodon_lunula_FishWise_107206F000024W000003.jpg,Chaetodon lunula,other,2.3,no,template_ok,0.2942,Chaetodon_lunula_Bishop_-530805309.jpg,no
Chaetodon_lunula_FishWise_107206F000024W000004.jpg,Chaetodon lunula,other,2.8,no,template_ok,0.2231,Chaetodon_lunula_Bishop_-530805309.jpg,no
Chaetodon_lunula_FishWise_107206F000112W000007.jpg,Chaetodon lunula,other,3.5,no,template_ok,0.2321,Chaetodon_lunula_Bishop_-530805309.jpg,no
Chaetodon_lunula_FishWise_107206F000112W000012.jpg,Chaetodon lunula,other,2.5,no,template_ok,0.236,Chaetodon_lunula_Bishop_-530805309.jpg,no
Chaetodon_lunula_FishWise_107206F000112W000013.jpg,Chaetodon lunula,other,0.0,no,template_ok,0.1387,Chaetodon_lunula_Bishop_-530805309.jpg,no
Chaetodon_lunula_FishWise_107206F000112W000014.jpg,Chaetodon lunula,other,0.0,no,template_ok,0.347,Chaetodon_lunula_Bishop_-530805309.jpg,no
Chaetodon_lunula_FishWise_107206F000391W000024.jpg,Chaetodon lunula,other,-2.6,no,template_ok,0.0144,Chaetodon_lunula_Bishop_-530805309.jpg,no
Chaetodon_lunulatus_FishPix_140704AF.jpg,Chaetodon lunulatus,fishpix,-7.3,no,trusted_source,0.02,Chaetodon_lunulatus_Bishop_1378116790.jpg,no
Chaetodon_lunulatus_Bishop_1113667583.jpg,Chaetodon lunulatus,bishop,2.2,no,trusted_source,0.1663,Chaetodon_lunulatus_Bishop_1378116790.jpg,no
Chaetodon_lunulatus_Bishop_1378116790.jpg,Chaetodon lunulatus,bishop,2.7,no,trusted_source,1.0,Chaetodon_lunulatus_Bishop_1378116790.jpg,no
Chaetodon_lunulatus_FishBase_Chlun_j4.jpg,Chaetodon lunulatus,fishbase,0.0,no,trusted_source,0.0729,Chaetodon_lunulatus_Bishop_1378116790.jpg,no
Chaetodon_lunulatus_FishBase_Chlun_ua.jpg,Chaetodon lunulatus,fishbase,16.8,no,trusted_source,0.0279,Chaetodon_lunulatus_Bishop_1378116790.jpg,no
Chaetodon_lunulatus_FishBase_Chlun_ub.jpg,Chaetodon lunulatus,fishbase,2.8,no,trusted_source,0.1672,Chaetodon_lunulatus_Bishop_1378116790.jpg,no
Chaetodon_lunulatus_FishBase_Chlun_uc.jpg,Chaetodon lunulatus,fishbase,2.4,no,trusted_source,0.0956,Chaetodon_lunulatus_Bishop_1378116790.jpg,no
Chaetodon_lunulatus_FishBase_Chlun_uh.jpg,Chaetodon lunulatus,fishbase,0.0,no,trusted_source,0.1001,Chaetodon_lunulatus_Bishop_1378116790.jpg,no
Chaetodon_lunulatus_FishBase_Chlun_ui.jpg,Chaetodon lunulatus,fishbase,0.0,no,trusted_source,0.0619,Chaetodon_lunulatus_Bishop_1378116790.jpg,no
Chaetodon_lunulatus_FishBase_Chlun_uj.jpg,Chaetodon lunulatus,fishbase,10.6,no,trusted_source,0.0489,Chaetodon_lunulatus_Bishop_1378116790.jpg,no
Chaetodon_lunulatus_FishBase_Chlun_uk.jpg,Chaetodon lunulatus,fishbase,-10.7,no,trusted_source,0.1615,Chaetodon_lunulatus_Bishop_1378116790.jpg,no
Chaetodon_lunulatus_FishBase_Chlun_ul.jpg,Chaetodon lunulatus,fishbase,0.0,no,trusted_source,0.0336,Chaetodon_lunulatus_Bishop_1378116790.jpg,no
Chaetodon_lunulatus_FishBase_Chlun_uo.jpg,Chaetodon lunulatus,fishbase,8.6,no,trusted_source,0.0315,Chaetodon_lunulatus_Bishop_1378116790.jpg,no
Chaetodon_lunulatus_FishBaseUser_1338031405_67.49.174.50.jpg,Chaetodon lunulatus,fishbase,-16.4,no,trusted_source,0.1282,Chaetodon_lunulatus_Bishop_1378116790.jpg,no
Chaetodon_lunulatus_FishBaseUser_1343503046_24.185.16.14.jpg,Chaetodon lunulatus,fishbase,-2.0,no,trusted_source,0.0709,Chaetodon_lunulatus_Bishop_1378116790.jpg,no
Chaetodon_lunulatus_FishBaseUser_1473589636_108.162.215.216.jpg,Chaetodon lunulatus,fishbase,5.2,no,trusted_source,0.1059,Chaetodon_lunulatus_Bishop_1378116790.jpg,no
Chaetodon_lunulatus_FishBaseUser_1492969197_108.162.216.108.jpg,Chaetodon lunulatus,fishbase,-7.5,no,trusted_source,0.1013,Chaetodon_lunulatus_Bishop_1378116790.jpg,no
Chaetodon_lunulatus_FishBaseUser_1508798334_172.68.102.54.jpg,Chaetodon lunulatus,fishbase,-13.2,no,trusted_source,0.0705,Chaetodon_lunulatus_Bishop_1378116790.jpg,no
Chaetodon_lunulatus_FishBaseUser_1569479789_172.68.189.231.jpg,Chaetodon lunulatus,fishbase,-3.2,no,trusted_source,0.0045,Chaetodon_lunulatus_Bishop_1378116790.jpg,no
Chaetodon_lunulatus_FishBaseUser_1577141345_172.68.102.30.jpg,Chaetodon lunulatus,fishbase,0.0,no,trusted_source,0.0088,Chaetodon_lunulatus_Bishop_1378116790.jpg,no
Chaetodon_lunulatus_FishBaseUser_1672900428_172.71.218.124.jpg,Chaetodon lunulatus,fishbase,-17.7,no,trusted_source,0.1361,Chaetodon_lunulatus_Bishop_1378116790.jpg,no
Chaetodon_lunulatus_FishBaseUser_1703950074_108.162.210.111.jpg,Chaetodon lunulatus,fishbase,0.0,no,trusted_source,0.0042,Chaetodon_lunulatus_Bishop_1378116790.jpg,no
Chaetodon_lunulatus_FishBaseUser_1704746307_172.70.54.39.jpg,Chaetodon lunulatus,fishbase,-3.2,no,trusted_source,0.0456,Chaetodon_lunulatus_Bishop_1378116790.jpg,no
Chaetodon_lunulatus_FishBaseUser_1706913367_172.70.54.244.jpg,Chaetodon lunulatus,fishbase,-12.5,no,trusted_source,0.0794,Chaetodon_lunulatus_Bishop_1378116790.jpg,no
Chaetodon_lunulatus_FishBaseUser_1747228131_95.95.129.49.jpg,Chaetodon lunulatus,fishbase,-9.5,no,trusted_source,0.1049,Chaetodon_lunulatus_Bishop_1378116790.jpg,no
Chaetodon_lunulatus_FishBaseUser_1747228187_95.95.129.49.jpg,Chaetodon lunulatus,fishbase,-19.9,no,trusted_source,0.1525,Chaetodon_lunulatus_Bishop_1378116790.jpg,no
Chaetodon_lunulatus_FishBaseUser_1753598746_219.73.75.40.jpg,Chaetodon lunulatus,fishbase,0.0,no,trusted_source,0.0625,Chaetodon_lunulatus_Bishop_1378116790.jpg,no
Chaetodon_lunulatus_FishBaseUser_1760687899_101.115.183.201.jpg,Chaetodon lunulatus,fishbase,-10.6,no,trusted_source,0.046,Chaetodon_lunulatus_Bishop_1378116790.jpg,no
Chaetodon_lunulatus_iNaturalist_166474504.jpg,Chaetodon lunulatus,inaturalist,16.8,no,template_ok,0.0,Chaetodon_lunulatus_Bishop_1378116790.jpg,no
Chaetodon_lunulatus_iNaturalist_179510692.jpg,Chaetodon lunulatus,inaturalist,17.9,yes,template_flip,0.1823,Chaetodon_lunulatus_Bishop_1378116790.jpg,no
Chaetodon_lunulatus_iNaturalist_204763068.jpg,Chaetodon lunulatus,inaturalist,0.0,no,template_ok,0.0057,Chaetodon_lunulatus_Bishop_1378116790.jpg,no
Chaetodon_lunulatus_iNaturalist_204763090.jpg,Chaetodon lunulatus,inaturalist,0.0,no,template_ok,0.0238,Chaetodon_lunulatus_Bishop_1378116790.jpg,no
Chaetodon_lunulatus_iNaturalist_204763105.jpg,Chaetodon lunulatus,inaturalist,0.0,no,template_ok,0.1066,Chaetodon_lunulatus_Bishop_1378116790.jpg,no
Chaetodon_lunulatus_iNaturalist_204763128.jpg,Chaetodon lunulatus,inaturalist,0.0,no,template_ok,0.0493,Chaetodon_lunulatus_Bishop_1378116790.jpg,no
Chaetodon_lunulatus_iNaturalist_204773665.jpg,Chaetodon lunulatus,inaturalist,-4.5,no,template_uncertain,0.0664,Chaetodon_lunulatus_Bishop_1378116790.jpg,yes
Chaetodon_lunulatus_iNaturalist_22286339.jpg,Chaetodon lunulatus,inaturalist,-10.3,no,template_ok,0.0519,Chaetodon_lunulatus_Bishop_1378116790.jpg,no
Chaetodon_lunulatus_iNaturalist_38212451.jpg,Chaetodon lunulatus,inaturalist,0.0,no,template_ok,0.0262,Chaetodon_lunulatus_Bishop_1378116790.jpg,no
Chaetodon_lunulatus_iNaturalist_52082572.jpg,Chaetodon lunulatus,inaturalist,0.0,no,template_ok,0.0986,Chaetodon_lunulatus_Bishop_1378116790.jpg,no
Chaetodon_lunulatus_FishWise_089264F000009W000005.jpg,Chaetodon lunulatus,other,0.0,no,template_ok,0.0826,Chaetodon_lunulatus_Bishop_1378116790.jpg,no
Chaetodon_lunulatus_FishWise_089264F000009W000007.jpg,Chaetodon lunulatus,other,2.5,no,template_ok,0.023,Chaetodon_lunulatus_Bishop_1378116790.jpg,no
Chaetodon_lunulatus_FishWise_089264F000009W000008.jpg,Chaetodon lunulatus,other,0.0,no,template_ok,0.0674,Chaetodon_lunulatus_Bishop_1378116790.jpg,no
Chaetodon_lunulatus_FishWise_089264F000009W000009.jpg,Chaetodon lunulatus,other,4.8,no,template_ok,0.0274,Chaetodon_lunulatus_Bishop_1378116790.jpg,no
Chaetodon_lunulatus_FishWise_089264F000038W000003.jpg,Chaetodon lunulatus,other,4.7,no,template_ok,0.0696,Chaetodon_lunulatus_Bishop_1378116790.jpg,no
Chaetodon_lunulatus_FishWise_089264F000387W000006.jpg,Chaetodon lunulatus,other,0.0,no,template_ok,0.0508,Chaetodon_lunulatus_Bishop_1378116790.jpg,no
Chaetodon_lunulatus_FishWise_089264F000387W000010.jpg,Chaetodon lunulatus,other,0.0,no,template_ok,0.0392,Chaetodon_lunulatus_Bishop_1378116790.jpg,no
Chaetodon_lunulatus_FishWise_089264F000492W000011.jpg,Chaetodon lunulatus,other,0.0,no,template_ok,0.001,Chaetodon_lunulatus_Bishop_1378116790.jpg,no
Chaetodon_madagaskariensis_FishBase_Chmad_u1.jpg,Chaetodon madagaskariensis,fishbase,3.5,no,trusted_source,0.1112,Chaetodon_madagaskariensis_Bishop_1210446292.jpg,no
Chaetodon_madagaskariensis_Bishop_1210446292.jpg,Chaetodon madagaskariensis,bishop,3.9,no,trusted_source,1.0,Chaetodon_madagaskariensis_Bishop_1210446292.jpg,no
Chaetodon_madagaskariensis_FishBase_Chmad_u0.jpg,Chaetodon madagaskariensis,fishbase,5.7,no,trusted_source,0.0765,Chaetodon_madagaskariensis_Bishop_1210446292.jpg,no
Chaetodon_madagaskariensis_FishBase_Chmer_u5.jpg,Chaetodon madagaskariensis,fishbase,0.0,no,trusted_source,0.0684,Chaetodon_madagaskariensis_Bishop_1210446292.jpg,no
Chaetodon_madagaskariensis_FishBase_Chmer_u8.jpg,Chaetodon madagaskariensis,fishbase,-11.9,no,trusted_source,0.0408,Chaetodon_madagaskariensis_Bishop_1210446292.jpg,no
Chaetodon_madagaskariensis_FishBaseUser_1585565766_108.162.229.30.jpg,Chaetodon madagaskariensis,fishbase,14.7,no,trusted_source,0.0116,Chaetodon_madagaskariensis_Bishop_1210446292.jpg,no
Chaetodon_madagaskariensis_iNaturalist_220678407.jpg,Chaetodon madagaskariensis,inaturalist,0.0,no,template_ok,0.1066,Chaetodon_madagaskariensis_Bishop_1210446292.jpg,no
Chaetodon_madagaskariensis_iNaturalist_233631122.jpg,Chaetodon madagaskariensis,inaturalist,-3.6,no,template_ok,0.0382,Chaetodon_madagaskariensis_Bishop_1210446292.jpg,no
Chaetodon_madagaskariensis_iNaturalist_248069905.jpg,Chaetodon madagaskariensis,inaturalist,14.8,no,template_ok,0.0258,Chaetodon_madagaskariensis_Bishop_1210446292.jpg,no
Chaetodon_madagaskariensis_iNaturalist_300420208.jpg,Chaetodon madagaskariensis,inaturalist,0.0,no,template_ok,0.0244,Chaetodon_madagaskariensis_Bishop_1210446292.jpg,no
Chaetodon_madagaskariensis_iNaturalist_340340714.jpg,Chaetodon madagaskariensis,inaturalist,-9.0,no,template_uncertain,0.0883,Chaetodon_madagaskariensis_Bishop_1210446292.jpg,yes
Chaetodon_madagaskariensis_iNaturalist_340340962.jpg,Chaetodon madagaskariensis,inaturalist,11.8,no,template_ok,0.0226,Chaetodon_madagaskariensis_Bishop_1210446292.jpg,no
Chaetodon_madagaskariensis_iNaturalist_554082386.jpg,Chaetodon madagaskariensis,inaturalist,0.0,no,template_uncertain,0.1492,Chaetodon_madagaskariensis_Bishop_1210446292.jpg,yes
Chaetodon_madagaskariensis_iNaturalist_554082399.jpg,Chaetodon madagaskariensis,inaturalist,0.0,no,template_ok,0.0551,Chaetodon_madagaskariensis_Bishop_1210446292.jpg,no
Chaetodon_madagaskariensis_iNaturalist_575992327.jpg,Chaetodon madagaskariensis,inaturalist,0.0,no,template_ok,0.0187,Chaetodon_madagaskariensis_Bishop_1210446292.jpg,no
Chaetodon_madagaskariensis_iNaturalist_585635427.jpg,Chaetodon madagaskariensis,inaturalist,0.0,no,template_ok,0.0331,Chaetodon_madagaskariensis_Bishop_1210446292.jpg,no
Chaetodon_madagaskariensis_FishWise_040973F000009W000005.jpg,Chaetodon madagaskariensis,other,0.0,no,template_ok,0.0328,Chaetodon_madagaskariensis_Bishop_1210446292.jpg,no
Chaetodon_madagaskariensis_FishWise_040973F000009W000008.jpg,Chaetodon madagaskariensis,other,8.7,no,template_ok,0.0631,Chaetodon_madagaskariensis_Bishop_1210446292.jpg,no
Chaetodon_madagaskariensis_FishWise_040973F000009W000009.jpg,Chaetodon madagaskariensis,other,7.9,no,template_ok,0.0972,Chaetodon_madagaskariensis_Bishop_1210446292.jpg,no
Chaetodon_madagaskariensis_FishWise_040973F000009W000010.jpg,Chaetodon madagaskariensis,other,8.6,no,template_ok,0.1427,Chaetodon_madagaskariensis_Bishop_1210446292.jpg,no
Chaetodon_madagaskariensis_FishWise_040973F000009W000014.jpg,Chaetodon madagaskariensis,other,-4.5,no,template_ok,0.0618,Chaetodon_madagaskariensis_Bishop_1210446292.jpg,no
Chaetodon_madagaskariensis_FishWise_040973F000009W000015.jpg,Chaetodon madagaskariensis,other,6.8,no,template_ok,0.0947,Chaetodon_madagaskariensis_Bishop_1210446292.jpg,no
Chaetodon_madagaskariensis_FishWise_040973F000024W000001.jpg,Chaetodon madagaskariensis,other,0.0,no,template_ok,0.0827,Chaetodon_madagaskariensis_Bishop_1210446292.jpg,no
Chaetodon_madagaskariensis_FishWise_040973F000112W000002.jpg,Chaetodon madagaskariensis,other,0.0,no,template_ok,0.0753,Chaetodon_madagaskariensis_Bishop_1210446292.jpg,no
Chaetodon_madagaskariensis_FishWise_040973F000112W000006.jpg,Chaetodon madagaskariensis,other,-2.6,no,template_ok,0.0803,Chaetodon_madagaskariensis_Bishop_1210446292.jpg,no
Chaetodon_madagaskariensis_FishWise_040973F000387W000011.jpg,Chaetodon madagaskariensis,other,0.0,no,template_ok,0.0439,Chaetodon_madagaskariensis_Bishop_1210446292.jpg,no
Chaetodon_madagaskariensis_FishWise_040973F000387W000012.jpg,Chaetodon madagaskariensis,other,6.2,no,template_ok,0.0783,Chaetodon_madagaskariensis_Bishop_1210446292.jpg,no
Chaetodon_madagaskariensis_FishWise_040973F000387W000013.jpg,Chaetodon madagaskariensis,other,-5.9,no,template_ok,0.0094,Chaetodon_madagaskariensis_Bishop_1210446292.jpg,no
Chaetodon_marleyi_FishBase_Chmar_ua.jpg,Chaetodon marleyi,fishbase,0.0,no,trusted_source,0.1592,Chaetodon_marleyi_Bishop_384825925.jpg,no
Chaetodon_marleyi_Bishop_384825925.jpg,Chaetodon marleyi,bishop,0.0,no,trusted_source,1.0,Chaetodon_marleyi_Bishop_384825925.jpg,no
Chaetodon_marleyi_FishBase_Chmar_ub.jpg,Chaetodon marleyi,fishbase,13.2,no,trusted_source,0.095,Chaetodon_marleyi_Bishop_384825925.jpg,no
Chaetodon_marleyi_FishBaseUser_1597502728_172.68.186.98.jpg,Chaetodon marleyi,fishbase,7.9,no,trusted_flagged,0.293,Chaetodon_marleyi_Bishop_384825925.jpg,yes
Chaetodon_marleyi_iNaturalist_359692990.jpg,Chaetodon marleyi,inaturalist,0.0,yes,template_flip,0.1524,Chaetodon_marleyi_Bishop_384825925.jpg,no
Chaetodon_marleyi_iNaturalist_463787438.jpg,Chaetodon marleyi,inaturalist,0.0,no,template_ok,0.2257,Chaetodon_marleyi_Bishop_384825925.jpg,no
Chaetodon_marleyi_iNaturalist_463787443.jpg,Chaetodon marleyi,inaturalist,-18.0,yes,template_flip,0.2663,Chaetodon_marleyi_Bishop_384825925.jpg,no
Chaetodon_marleyi_iNaturalist_464707333.jpg,Chaetodon marleyi,inaturalist,0.0,no,template_ok,0.0486,Chaetodon_marleyi_Bishop_384825925.jpg,no
Chaetodon_marleyi_iNaturalist_547984306.jpg,Chaetodon marleyi,inaturalist,0.0,no,template_uncertain,0.0932,Chaetodon_marleyi_Bishop_384825925.jpg,yes
Chaetodon_marleyi_iNaturalist_553311588.jpg,Chaetodon marleyi,inaturalist,0.0,no,template_uncertain,0.0651,Chaetodon_marleyi_Bishop_384825925.jpg,yes
Chaetodon_marleyi_iNaturalist_553311592.jpg,Chaetodon marleyi,inaturalist,-18.2,no,template_ok,0.2886,Chaetodon_marleyi_Bishop_384825925.jpg,no
Chaetodon_marleyi_FishWise_042046F000009W000004.jpg,Chaetodon marleyi,other,2.5,no,template_ok,0.0922,Chaetodon_marleyi_Bishop_384825925.jpg,no
Chaetodon_marleyi_FishWise_042046F000009W000005.jpg,Chaetodon marleyi,other,3.1,no,template_ok,0.1284,Chaetodon_marleyi_Bishop_384825925.jpg,no
Chaetodon_marleyi_FishWise_042046F000009W000006.jpg,Chaetodon marleyi,other,2.2,no,template_ok,0.0611,Chaetodon_marleyi_Bishop_384825925.jpg,no
Chaetodon_marleyi_FishWise_042046F000167W000001.jpg,Chaetodon marleyi,other,6.4,no,template_uncertain,0.0749,Chaetodon_marleyi_Bishop_384825925.jpg,yes
Chaetodon_marleyi_FishWise_042046F000172W000007.jpg,Chaetodon marleyi,other,-10.1,no,template_ok,0.038,Chaetodon_marleyi_Bishop_384825925.jpg,no
Chaetodon_melannotus_FishPix_17334AF.jpg,Chaetodon melannotus,fishpix,-3.2,no,trusted_source,0.0363,Chaetodon_melannotus_Bishop_403079329.jpg,no
Chaetodon_melannotus_Bishop_-1126507013.jpg,Chaetodon melannotus,bishop,2.1,no,trusted_source,0.051,Chaetodon_melannotus_Bishop_403079329.jpg,no
Chaetodon_melannotus_Bishop_-1381464288.jpg,Chaetodon melannotus,bishop,4.0,no,trusted_source,0.046,Chaetodon_melannotus_Bishop_403079329.jpg,no
Chaetodon_melannotus_Bishop_-1689715678.jpg,Chaetodon melannotus,bishop,4.0,no,trusted_source,0.038,Chaetodon_melannotus_Bishop_403079329.jpg,no
Chaetodon_melannotus_Bishop_403079329.jpg,Chaetodon melannotus,bishop,0.0,no,trusted_source,1.0,Chaetodon_melannotus_Bishop_403079329.jpg,no
Chaetodon_melannotus_FishBase_Chmel_j0.jpg,Chaetodon melannotus,fishbase,-4.5,no,trusted_source,0.0412,Chaetodon_melannotus_Bishop_403079329.jpg,no
Chaetodon_melannotus_FishBase_Chmel_u4.jpg,Chaetodon melannotus,fishbase,0.0,no,trusted_source,0.0362,Chaetodon_melannotus_Bishop_403079329.jpg,no
Chaetodon_melannotus_FishBase_Chmel_u6.jpg,Chaetodon melannotus,fishbase,4.2,no,trusted_source,0.0392,Chaetodon_melannotus_Bishop_403079329.jpg,no
Chaetodon_melannotus_FishBase_Chmel_u7.jpg,Chaetodon melannotus,fishbase,3.5,no,trusted_source,0.0499,Chaetodon_melannotus_Bishop_403079329.jpg,no
Chaetodon_melannotus_FishBase_Chmel_u8.jpg,Chaetodon melannotus,fishbase,2.1,no,trusted_source,0.0499,Chaetodon_melannotus_Bishop_403079329.jpg,no
Chaetodon_melannotus_FishBase_Chmel_uc.jpg,Chaetodon melannotus,fishbase,0.0,no,trusted_source,0.0009,Chaetodon_melannotus_Bishop_403079329.jpg,no
Chaetodon_melannotus_FishBase_Chmel_uh.jpg,Chaetodon melannotus,fishbase,19.4,no,trusted_source,0.0061,Chaetodon_melannotus_Bishop_403079329.jpg,no
Chaetodon_melannotus_FishBase_Chmel_us.jpg,Chaetodon melannotus,fishbase,-3.8,no,trusted_source,0.0074,Chaetodon_melannotus_Bishop_403079329.jpg,no
Chaetodon_melannotus_FishBase_Chmel_ut.jpg,Chaetodon melannotus,fishbase,-4.3,no,trusted_source,0.0445,Chaetodon_melannotus_Bishop_403079329.jpg,no
Chaetodon_melannotus_FishBaseUser_1368368160_82.20.1.24.jpg,Chaetodon melannotus,fishbase,6.6,no,trusted_source,0.0426,Chaetodon_melannotus_Bishop_403079329.jpg,no
Chaetodon_melannotus_FishBaseUser_1423761764_86.205.193.183.jpg,Chaetodon melannotus,fishbase,0.0,no,trusted_source,0.0419,Chaetodon_melannotus_Bishop_403079329.jpg,no
Chaetodon_melannotus_FishBaseUser_1498858396_172.68.142.169.jpg,Chaetodon melannotus,fishbase,-4.9,no,trusted_source,0.0055,Chaetodon_melannotus_Bishop_403079329.jpg,no
Chaetodon_melannotus_FishBaseUser_1508798739_172.68.102.54.jpg,Chaetodon melannotus,fishbase,0.0,no,trusted_source,0.065,Chaetodon_melannotus_Bishop_403079329.jpg,no
Chaetodon_melannotus_FishBaseUser_1508798795_172.68.102.54.jpg,Chaetodon melannotus,fishbase,19.2,no,trusted_source,0.0194,Chaetodon_melannotus_Bishop_403079329.jpg,no
Chaetodon_melannotus_FishBaseUser_1580212251_162.158.94.76.jpg,Chaetodon melannotus,fishbase,6.2,no,trusted_source,0.0222,Chaetodon_melannotus_Bishop_403079329.jpg,no
Chaetodon_melannotus_FishBaseUser_1585559439_108.162.229.220.jpg,Chaetodon melannotus,fishbase,-12.2,no,trusted_source,0.0142,Chaetodon_melannotus_Bishop_403079329.jpg,no
Chaetodon_melannotus_FishBaseUser_1672900480_162.158.179.76.jpg,Chaetodon melannotus,fishbase,5.0,no,trusted_source,0.0509,Chaetodon_melannotus_Bishop_403079329.jpg,no
Chaetodon_melannotus_FishBaseUser_1672900495_162.158.179.75.jpg,Chaetodon melannotus,fishbase,0.0,no,trusted_source,0.0026,Chaetodon_melannotus_Bishop_403079329.jpg,no
Chaetodon_melannotus_FishBaseUser_1672900544_172.71.218.148.jpg,Chaetodon melannotus,fishbase,0.0,no,trusted_source,0.1038,Chaetodon_melannotus_Bishop_403079329.jpg,no
Chaetodon_melannotus_FishBaseUser_1672900646_172.71.218.148.jpg,Chaetodon melannotus,fishbase,2.7,no,trusted_source,0.0125,Chaetodon_melannotus_Bishop_403079329.jpg,no
Chaetodon_melannotus_FishBaseUser_1703949708_108.162.210.111.jpg,Chaetodon melannotus,fishbase,5.2,no,trusted_source,0.0395,Chaetodon_melannotus_Bishop_403079329.jpg,no
Chaetodon_melannotus_FishBaseUser_1707088090_172.70.254.94.jpg,Chaetodon melannotus,fishbase,0.0,no,trusted_source,0.0015,Chaetodon_melannotus_Bishop_403079329.jpg,no
Chaetodon_melannotus_FishBaseUser_1747228429_95.95.129.49.jpg,Chaetodon melannotus,fishbase,15.6,no,trusted_source,0.0116,Chaetodon_melannotus_Bishop_403079329.jpg,no
Chaetodon_melannotus_FishBaseUser_1747228475_95.95.129.49.jpg,Chaetodon melannotus,fishbase,-3.9,no,trusted_source,0.011,Chaetodon_melannotus_Bishop_403079329.jpg,no
Chaetodon_melannotus_iNaturalist_219530872.jpg,Chaetodon melannotus,inaturalist,0.0,no,template_ok,0.0359,Chaetodon_melannotus_Bishop_403079329.jpg,no
Chaetodon_melannotus_iNaturalist_225310656.jpg,Chaetodon melannotus,inaturalist,-19.1,no,template_ok,0.0105,Chaetodon_melannotus_Bishop_403079329.jpg,no
Chaetodon_melannotus_iNaturalist_225310685.jpg,Chaetodon melannotus,inaturalist,0.0,no,template_ok,0.0049,Chaetodon_melannotus_Bishop_403079329.jpg,no
Chaetodon_melannotus_iNaturalist_228710894.jpg,Chaetodon melannotus,inaturalist,0.0,no,template_ok,0.0185,Chaetodon_melannotus_Bishop_403079329.jpg,no
Chaetodon_melannotus_iNaturalist_241736994.jpg,Chaetodon melannotus,inaturalist,-13.8,no,template_ok,0.0036,Chaetodon_melannotus_Bishop_403079329.jpg,no
Chaetodon_melannotus_iNaturalist_409531338.jpg,Chaetodon melannotus,inaturalist,-4.8,no,template_ok,0.0491,Chaetodon_melannotus_Bishop_403079329.jpg,no
Chaetodon_melannotus_iNaturalist_409632193.jpg,Chaetodon melannotus,inaturalist,-5.4,no,template_ok,0.0446,Chaetodon_melannotus_Bishop_403079329.jpg,no
Chaetodon_melannotus_iNaturalist_82149199.jpg,Chaetodon melannotus,inaturalist,-6.3,no,template_ok,0.0171,Chaetodon_melannotus_Bishop_403079329.jpg,no
Chaetodon_melannotus_iNaturalist_82152925.jpg,Chaetodon melannotus,inaturalist,-6.4,no,template_ok,0.0342,Chaetodon_melannotus_Bishop_403079329.jpg,no
Chaetodon_melannotus_iNaturalist_84610206.jpg,Chaetodon melannotus,inaturalist,-2.3,no,template_ok,0.0356,Chaetodon_melannotus_Bishop_403079329.jpg,no
Chaetodon_melannotus_FishWise_043154F000009W000004.jpg,Chaetodon melannotus,other,-13.7,no,template_ok,0.0123,Chaetodon_melannotus_Bishop_403079329.jpg,no
Chaetodon_melannotus_FishWise_043154F000009W000005.jpg,Chaetodon melannotus,other,10.8,no,template_ok,0.0414,Chaetodon_melannotus_Bishop_403079329.jpg,no
Chaetodon_melannotus_FishWise_043154F000009W000006.jpg,Chaetodon melannotus,other,0.0,no,template_ok,0.0218,Chaetodon_melannotus_Bishop_403079329.jpg,no
Chaetodon_melannotus_FishWise_043154F000009W000012.jpg,Chaetodon melannotus,other,-5.6,no,template_ok,0.0496,Chaetodon_melannotus_Bishop_403079329.jpg,no
Chaetodon_melannotus_FishWise_043154F000009W000015.jpg,Chaetodon melannotus,other,-2.9,no,template_ok,0.0494,Chaetodon_melannotus_Bishop_403079329.jpg,no
Chaetodon_melannotus_FishWise_043154F000009W000016.jpg,Chaetodon melannotus,other,0.0,no,template_ok,0.0324,Chaetodon_melannotus_Bishop_403079329.jpg,no
Chaetodon_melannotus_FishWise_043154F000009W000018.jpg,Chaetodon melannotus,other,0.0,no,template_ok,0.0335,Chaetodon_melannotus_Bishop_403079329.jpg,no
Chaetodon_melannotus_FishWise_043154F000009W000021.jpg,Chaetodon melannotus,other,4.9,no,template_ok,0.0136,Chaetodon_melannotus_Bishop_403079329.jpg,no
Chaetodon_melannotus_FishWise_043154F000024W000002.jpg,Chaetodon melannotus,other,5.2,no,template_ok,0.0487,Chaetodon_melannotus_Bishop_403079329.jpg,no
Chaetodon_melannotus_FishWise_043154F000033W000003.jpg,Chaetodon melannotus,other,0.0,no,template_ok,0.0015,Chaetodon_melannotus_Bishop_403079329.jpg,no
Chaetodon_melannotus_FishWise_043154F000112W000010.jpg,Chaetodon melannotus,other,0.0,no,template_ok,0.0365,Chaetodon_melannotus_Bishop_403079329.jpg,no
Chaetodon_melannotus_FishWise_043154F000112W000013.jpg,Chaetodon melannotus,other,5.0,no,template_ok,0.0358,Chaetodon_melannotus_Bishop_403079329.jpg,no
Chaetodon_melannotus_FishWise_043154F000167W000011.jpg,Chaetodon melannotus,other,6.0,no,template_ok,0.0335,Chaetodon_melannotus_Bishop_403079329.jpg,no
Chaetodon_melannotus_FishWise_043154F000387W000014.jpg,Chaetodon melannotus,other,0.0,no,template_ok,0.0465,Chaetodon_melannotus_Bishop_403079329.jpg,no
Chaetodon_melannotus_FishWise_043154F000387W000017.jpg,Chaetodon melannotus,other,2.8,no,template_ok,0.0396,Chaetodon_melannotus_Bishop_403079329.jpg,no
Chaetodon_melannotus_FishWise_043154F000387W000020.jpg,Chaetodon melannotus,other,0.0,no,template_ok,0.0324,Chaetodon_melannotus_Bishop_403079329.jpg,no
Chaetodon_melapterus_FishBase_Chmel_u0.jpg,Chaetodon melapterus,fishbase,0.0,no,trusted_source,0.0641,Chaetodon_melapterus_Bishop_690928567.jpg,no
Chaetodon_melapterus_Bishop_-738901426.jpg,Chaetodon melapterus,bishop,0.0,no,trusted_source,0.1308,Chaetodon_melapterus_Bishop_690928567.jpg,no
Chaetodon_melapterus_Bishop_690928567.jpg,Chaetodon melapterus,bishop,3.3,no,trusted_source,1.0,Chaetodon_melapterus_Bishop_690928567.jpg,no
Chaetodon_melapterus_FishBase_Chmel_u2.jpg,Chaetodon melapterus,fishbase,0.0,no,trusted_source,0.0495,Chaetodon_melapterus_Bishop_690928567.jpg,no
Chaetodon_melapterus_FishBase_Chmel_u9.jpg,Chaetodon melapterus,fishbase,3.3,no,trusted_source,0.1366,Chaetodon_melapterus_Bishop_690928567.jpg,no
Chaetodon_melapterus_FishBase_Chmel_ua.jpg,Chaetodon melapterus,fishbase,0.0,no,trusted_source,0.1275,Chaetodon_melapterus_Bishop_690928567.jpg,no
Chaetodon_melapterus_FishBase_Chmel_ug.jpg,Chaetodon melapterus,fishbase,0.0,no,trusted_source,0.1535,Chaetodon_melapterus_Bishop_690928567.jpg,no
Chaetodon_melapterus_FishBaseUser_1507539666_162.158.90.146.jpg,Chaetodon melapterus,fishbase,11.7,no,trusted_source,0.0455,Chaetodon_melapterus_Bishop_690928567.jpg,no
Chaetodon_melapterus_FishBaseUser_1507539706_162.158.90.146.jpg,Chaetodon melapterus,fishbase,0.0,no,trusted_source,0.0249,Chaetodon_melapterus_Bishop_690928567.jpg,no
Chaetodon_melapterus_iNaturalist_278909138.jpg,Chaetodon melapterus,inaturalist,2.2,no,template_uncertain,0.0832,Chaetodon_melapterus_Bishop_690928567.jpg,yes
Chaetodon_melapterus_iNaturalist_302828066.jpg,Chaetodon melapterus,inaturalist,-8.5,no,template_uncertain,0.117,Chaetodon_melapterus_Bishop_690928567.jpg,yes
Chaetodon_melapterus_iNaturalist_31528972.jpg,Chaetodon melapterus,inaturalist,13.2,no,template_ok,0.1389,Chaetodon_melapterus_Bishop_690928567.jpg,no
Chaetodon_melapterus_iNaturalist_33143451.jpg,Chaetodon melapterus,inaturalist,0.0,no,template_ok,0.0279,Chaetodon_melapterus_Bishop_690928567.jpg,no
Chaetodon_melapterus_iNaturalist_612761090.jpg,Chaetodon melapterus,inaturalist,17.8,no,template_ok,0.0013,Chaetodon_melapterus_Bishop_690928567.jpg,no
Chaetodon_melapterus_iNaturalist_612761452.jpg,Chaetodon melapterus,inaturalist,-13.5,no,template_uncertain,0.0607,Chaetodon_melapterus_Bishop_690928567.jpg,yes
Chaetodon_melapterus_iNaturalist_612969819.jpg,Chaetodon melapterus,inaturalist,0.0,no,template_uncertain,0.1084,Chaetodon_melapterus_Bishop_690928567.jpg,yes
Chaetodon_melapterus_iNaturalist_612990357.jpg,Chaetodon melapterus,inaturalist,0.0,no,template_ok,0.1051,Chaetodon_melapterus_Bishop_690928567.jpg,no
Chaetodon_melapterus_iNaturalist_613002357.jpg,Chaetodon melapterus,inaturalist,2.6,no,template_uncertain,0.086,Chaetodon_melapterus_Bishop_690928567.jpg,yes
Chaetodon_melapterus_FishWise_043599F000025W000003.gif,Chaetodon melapterus,other,2.4,no,template_ok,0.1274,Chaetodon_melapterus_Bishop_690928567.jpg,no
Chaetodon_mertensii_FishPix_140027AF.jpg,Chaetodon mertensii,fishpix,0.0,no,trusted_source,0.0006,Chaetodon_mertensii_Bishop_992543933.jpg,no
Chaetodon_mertensii_Bishop_-727881428.jpg,Chaetodon mertensii,bishop,0.0,no,trusted_source,0.091,Chaetodon_mertensii_Bishop_992543933.jpg,no
Chaetodon_mertensii_Bishop_1869466931.jpg,Chaetodon mertensii,bishop,2.3,no,trusted_source,0.0908,Chaetodon_mertensii_Bishop_992543933.jpg,no
Chaetodon_mertensii_Bishop_2125964090.jpg,Chaetodon mertensii,bishop,0.0,no,trusted_source,0.106,Chaetodon_mertensii_Bishop_992543933.jpg,no
Chaetodon_mertensii_Bishop_992543933.jpg,Chaetodon mertensii,bishop,0.0,no,trusted_source,1.0,Chaetodon_mertensii_Bishop_992543933.jpg,no
Chaetodon_mertensii_FishBase_Chmer_u0.jpg,Chaetodon mertensii,fishbase,8.9,no,trusted_source,0.0208,Chaetodon_mertensii_Bishop_992543933.jpg,no
Chaetodon_mertensii_FishBase_Chmer_u2.jpg,Chaetodon mertensii,fishbase,0.0,no,trusted_source,0.1028,Chaetodon_mertensii_Bishop_992543933.jpg,no
Chaetodon_mertensii_FishBase_Chmer_u3.jpg,Chaetodon mertensii,fishbase,0.0,no,trusted_source,0.1093,Chaetodon_mertensii_Bishop_992543933.jpg,no
Chaetodon_mertensii_FishBase_Chmer_u4.jpg,Chaetodon mertensii,fishbase,0.0,no,trusted_source,0.0942,Chaetodon_mertensii_Bishop_992543933.jpg,no
Chaetodon_mertensii_FishBase_Chmer_u7.jpg,Chaetodon mertensii,fishbase,0.0,no,trusted_source,0.0631,Chaetodon_mertensii_Bishop_992543933.jpg,no
Chaetodon_mertensii_FishBaseUser_1577141580_172.68.102.78.jpg,Chaetodon mertensii,fishbase,15.4,no,trusted_source,0.0593,Chaetodon_mertensii_Bishop_992543933.jpg,no
Chaetodon_mertensii_FishBaseUser_1734903659_162.158.155.14.jpg,Chaetodon mertensii,fishbase,0.0,no,trusted_source,0.0291,Chaetodon_mertensii_Bishop_992543933.jpg,no
Chaetodon_mertensii_FishBaseUser_1734903683_162.158.155.13.jpg,Chaetodon mertensii,fishbase,5.1,no,trusted_source,0.1111,Chaetodon_mertensii_Bishop_992543933.jpg,no
Chaetodon_mertensii_iNaturalist_14452975.jpg,Chaetodon mertensii,inaturalist,-6.3,no,template_ok,0.041,Chaetodon_mertensii_Bishop_992543933.jpg,no
Chaetodon_mertensii_iNaturalist_287390665.jpg,Chaetodon mertensii,inaturalist,6.4,no,template_ok,0.045,Chaetodon_mertensii_Bishop_992543933.jpg,no
Chaetodon_mertensii_iNaturalist_332349948.jpg,Chaetodon mertensii,inaturalist,9.8,no,template_ok,0.0747,Chaetodon_mertensii_Bishop_992543933.jpg,no
Chaetodon_mertensii_iNaturalist_358747064.jpg,Chaetodon mertensii,inaturalist,0.0,no,template_ok,0.0781,Chaetodon_mertensii_Bishop_992543933.jpg,no
Chaetodon_mertensii_iNaturalist_359657682.jpg,Chaetodon mertensii,inaturalist,-13.4,no,template_ok,0.1325,Chaetodon_mertensii_Bishop_992543933.jpg,no
Chaetodon_mertensii_iNaturalist_359657684.jpg,Chaetodon mertensii,inaturalist,0.0,no,template_ok,0.2015,Chaetodon_mertensii_Bishop_992543933.jpg,no
Chaetodon_mertensii_iNaturalist_384666618.jpg,Chaetodon mertensii,inaturalist,16.7,no,template_ok,0.0588,Chaetodon_mertensii_Bishop_992543933.jpg,no
Chaetodon_mertensii_iNaturalist_463708811.jpg,Chaetodon mertensii,inaturalist,-9.5,no,template_ok,0.0906,Chaetodon_mertensii_Bishop_992543933.jpg,no
Chaetodon_mertensii_iNaturalist_477735543.jpg,Chaetodon mertensii,inaturalist,-19.7,no,template_ok,0.0778,Chaetodon_mertensii_Bishop_992543933.jpg,no
Chaetodon_mertensii_iNaturalist_5332933.jpg,Chaetodon mertensii,inaturalist,10.1,no,template_ok,0.0087,Chaetodon_mertensii_Bishop_992543933.jpg,no
Chaetodon_mertensii_FishWise_043949F000112W000006.jpg,Chaetodon mertensii,other,-3.0,no,template_ok,0.1097,Chaetodon_mertensii_Bishop_992543933.jpg,no
Chaetodon_mertensii_FishWise_043949F000112W000007.jpg,Chaetodon mertensii,other,0.0,no,template_ok,0.0934,Chaetodon_mertensii_Bishop_992543933.jpg,no
Chaetodon_mesoleucos_FishPix_141316AF.jpg,Chaetodon mesoleucos,fishpix,-8.1,no,trusted_source,0.1547,Chaetodon_mesoleucos_Bishop_-899095560.jpg,no
Chaetodon_mesoleucos_Bishop_-899095560.jpg,Chaetodon mesoleucos,bishop,6.3,no,trusted_source,1.0,Chaetodon_mesoleucos_Bishop_-899095560.jpg,no
Chaetodon_mesoleucos_FishBase_Chmes_u0.jpg,Chaetodon mesoleucos,fishbase,6.1,no,trusted_source,0.2003,Chaetodon_mesoleucos_Bishop_-899095560.jpg,no
Chaetodon_mesoleucos_FishBase_Chmes_u5.jpg,Chaetodon mesoleucos,fishbase,6.1,no,trusted_source,0.2707,Chaetodon_mesoleucos_Bishop_-899095560.jpg,no
Chaetodon_mesoleucos_FishBase_Chmes_u7.jpg,Chaetodon mesoleucos,fishbase,2.4,no,trusted_source,0.2667,Chaetodon_mesoleucos_Bishop_-899095560.jpg,no
Chaetodon_mesoleucos_FishBase_Chmes_ub.jpg,Chaetodon mesoleucos,fishbase,-13.9,no,trusted_source,0.1176,Chaetodon_mesoleucos_Bishop_-899095560.jpg,no
Chaetodon_mesoleucos_FishBase_Chmes_uc.jpg,Chaetodon mesoleucos,fishbase,0.0,no,trusted_source,0.1799,Chaetodon_mesoleucos_Bishop_-899095560.jpg,no
Chaetodon_mesoleucos_FishBaseUser_1508799035_172.68.102.54.jpg,Chaetodon mesoleucos,fishbase,19.2,no,trusted_source,0.1077,Chaetodon_mesoleucos_Bishop_-899095560.jpg,no
Chaetodon_mesoleucos_iNaturalist_243394041.jpg,Chaetodon mesoleucos,inaturalist,6.9,no,template_ok,0.1814,Chaetodon_mesoleucos_Bishop_-899095560.jpg,no
Chaetodon_mesoleucos_iNaturalist_243394049.jpg,Chaetodon mesoleucos,inaturalist,4.0,no,template_ok,0.2179,Chaetodon_mesoleucos_Bishop_-899095560.jpg,no
Chaetodon_mesoleucos_iNaturalist_260752004.jpg,Chaetodon mesoleucos,inaturalist,-6.7,no,template_uncertain,0.0521,Chaetodon_mesoleucos_Bishop_-899095560.jpg,yes
Chaetodon_mesoleucos_iNaturalist_270114509.jpg,Chaetodon mesoleucos,inaturalist,-15.9,no,template_ok,0.2569,Chaetodon_mesoleucos_Bishop_-899095560.jpg,no
Chaetodon_mesoleucos_iNaturalist_270115709.jpg,Chaetodon mesoleucos,inaturalist,-15.4,no,template_ok,0.0382,Chaetodon_mesoleucos_Bishop_-899095560.jpg,no
Chaetodon_mesoleucos_iNaturalist_439504919.jpg,Chaetodon mesoleucos,inaturalist,7.9,no,template_ok,0.1016,Chaetodon_mesoleucos_Bishop_-899095560.jpg,no
Chaetodon_mesoleucos_iNaturalist_465897429.jpg,Chaetodon mesoleucos,inaturalist,-4.8,no,template_ok,0.2165,Chaetodon_mesoleucos_Bishop_-899095560.jpg,no
Chaetodon_mesoleucos_iNaturalist_465897441.jpg,Chaetodon mesoleucos,inaturalist,0.0,no,template_ok,0.1694,Chaetodon_mesoleucos_Bishop_-899095560.jpg,no
Chaetodon_mesoleucos_iNaturalist_67202713.jpg,Chaetodon mesoleucos,inaturalist,-6.3,yes,template_flip,0.1758,Chaetodon_mesoleucos_Bishop_-899095560.jpg,no
Chaetodon_mesoleucos_iNaturalist_67938601.jpg,Chaetodon mesoleucos,inaturalist,0.0,no,template_ok,0.1847,Chaetodon_mesoleucos_Bishop_-899095560.jpg,no
Chaetodon_mesoleucos_FishWise_043992F000024W000001.jpg,Chaetodon mesoleucos,other,6.3,no,template_ok,0.1986,Chaetodon_mesoleucos_Bishop_-899095560.jpg,no
Chaetodon_mesoleucos_FishWise_043992F000024W000002.jpg,Chaetodon mesoleucos,other,6.0,no,template_ok,0.2741,Chaetodon_mesoleucos_Bishop_-899095560.jpg,no
Chaetodon_mesoleucos_FishWise_043992F000024W000005.jpg,Chaetodon mesoleucos,other,0.0,no,template_ok,0.1214,Chaetodon_mesoleucos_Bishop_-899095560.jpg,no
Chaetodon_meyeri_FishPix_15990AF.jpg,Chaetodon meyeri,fishpix,0.0,no,trusted_source,0.1439,Chaetodon_meyeri_Bishop_-146742631.jpg,no
Chaetodon_meyeri_Bishop_-146742631.jpg,Chaetodon meyeri,bishop,2.9,no,trusted_source,1.0,Chaetodon_meyeri_Bishop_-146742631.jpg,no
Chaetodon_meyeri_FishBase_Chmey_j0.jpg,Chaetodon meyeri,fishbase,-17.4,no,trusted_source,0.2182,Chaetodon_meyeri_Bishop_-146742631.jpg,no
Chaetodon_meyeri_FishBase_Chmey_u0.jpg,Chaetodon meyeri,fishbase,3.0,no,trusted_source,0.1566,Chaetodon_meyeri_Bishop_-146742631.jpg,no
Chaetodon_meyeri_FishBase_Chmey_u2.jpg,Chaetodon meyeri,fishbase,15.1,no,trusted_flagged,0.2125,Chaetodon_meyeri_Bishop_-146742631.jpg,yes
Chaetodon_meyeri_FishBase_Chmey_u3.jpg,Chaetodon meyeri,fishbase,0.0,no,trusted_source,0.0621,Chaetodon_meyeri_Bishop_-146742631.jpg,no
Chaetodon_meyeri_FishBaseUser_1360080745_86.28.236.182.jpg,Chaetodon meyeri,fishbase,0.0,no,trusted_source,0.1335,Chaetodon_meyeri_Bishop_-146742631.jpg,no
Chaetodon_meyeri_FishBaseUser_1361357670_86.28.236.182.jpg,Chaetodon meyeri,fishbase,-18.4,no,trusted_source,0.1064,Chaetodon_meyeri_Bishop_-146742631.jpg,no
Chaetodon_meyeri_FishBaseUser_1385986321_81.98.202.4.jpg,Chaetodon meyeri,fishbase,3.3,no,trusted_source,0.1289,Chaetodon_meyeri_Bishop_-146742631.jpg,no
Chaetodon_meyeri_FishBaseUser_1433348017_2.238.54.39.jpg,Chaetodon meyeri,fishbase,3.6,no,trusted_source,0.0093,Chaetodon_meyeri_Bishop_-146742631.jpg,no
Chaetodon_meyeri_FishBaseUser_1473642555_162.158.165.25.jpg,Chaetodon meyeri,fishbase,0.0,no,trusted_source,0.0834,Chaetodon_meyeri_Bishop_-146742631.jpg,no
Chaetodon_meyeri_FishBaseUser_1508799390_172.68.102.54.jpg,Chaetodon meyeri,fishbase,12.9,no,trusted_source,0.0865,Chaetodon_meyeri_Bishop_-146742631.jpg,no
Chaetodon_meyeri_FishBaseUser_1724129872_172.71.124.212.jpg,Chaetodon meyeri,fishbase,2.7,no,trusted_source,0.0718,Chaetodon_meyeri_Bishop_-146742631.jpg,no
Chaetodon_meyeri_FishBaseUser_1747229967_95.95.129.49.jpg,Chaetodon meyeri,fishbase,0.0,no,trusted_flagged,0.214,Chaetodon_meyeri_Bishop_-146742631.jpg,yes
Chaetodon_meyeri_iNaturalist_233496806.jpg,Chaetodon meyeri,inaturalist,-11.3,no,template_uncertain,0.1442,Chaetodon_meyeri_Bishop_-146742631.jpg,yes
Chaetodon_meyeri_iNaturalist_300418666.jpg,Chaetodon meyeri,inaturalist,-6.8,no,template_uncertain,0.102,Chaetodon_meyeri_Bishop_-146742631.jpg,yes
Chaetodon_meyeri_iNaturalist_351639691.jpg,Chaetodon meyeri,inaturalist,0.0,no,template_ok,0.0426,Chaetodon_meyeri_Bishop_-146742631.jpg,no
Chaetodon_meyeri_iNaturalist_351639745.jpg,Chaetodon meyeri,inaturalist,-11.9,no,template_ok,0.0164,Chaetodon_meyeri_Bishop_-146742631.jpg,no
Chaetodon_meyeri_iNaturalist_390482460.jpg,Chaetodon meyeri,inaturalist,-11.8,no,template_ok,0.0706,Chaetodon_meyeri_Bishop_-146742631.jpg,no
Chaetodon_meyeri_iNaturalist_485931655.jpg,Chaetodon meyeri,inaturalist,-2.2,no,template_uncertain,0.0612,Chaetodon_meyeri_Bishop_-146742631.jpg,yes
Chaetodon_meyeri_iNaturalist_51013610.jpg,Chaetodon meyeri,inaturalist,14.9,yes,template_flip,0.1528,Chaetodon_meyeri_Bishop_-146742631.jpg,no
Chaetodon_meyeri_iNaturalist_534300264.jpg,Chaetodon meyeri,inaturalist,-7.8,no,template_ok,0.0259,Chaetodon_meyeri_Bishop_-146742631.jpg,no
Chaetodon_meyeri_iNaturalist_58457304.jpg,Chaetodon meyeri,inaturalist,17.0,no,template_uncertain,0.1363,Chaetodon_meyeri_Bishop_-146742631.jpg,yes
Chaetodon_meyeri_FishWise_044132F000004W000006.jpg,Chaetodon meyeri,other,8.9,no,template_ok,0.0278,Chaetodon_meyeri_Bishop_-146742631.jpg,no
Chaetodon_meyeri_FishWise_044132F000009W000002.jpg,Chaetodon meyeri,other,7.0,no,template_ok,0.0399,Chaetodon_meyeri_Bishop_-146742631.jpg,no
Chaetodon_meyeri_FishWise_044132F000009W000009.jpg,Chaetodon meyeri,other,0.0,no,template_ok,0.1383,Chaetodon_meyeri_Bishop_-146742631.jpg,no
Chaetodon_meyeri_FishWise_044132F000009W000010.jpg,Chaetodon meyeri,other,0.0,no,template_ok,0.0687,Chaetodon_meyeri_Bishop_-146742631.jpg,no
Chaetodon_meyeri_FishWise_044132F000009W000011.jpg,Chaetodon meyeri,other,-3.1,no,template_ok,0.1279,Chaetodon_meyeri_Bishop_-146742631.jpg,no
Chaetodon_meyeri_FishWise_044132F000009W000012.jpg,Chaetodon meyeri,other,12.9,no,template_ok,0.102,Chaetodon_meyeri_Bishop_-146742631.jpg,no
Chaetodon_meyeri_FishWise_044132F000009W000016.jpg,Chaetodon meyeri,other,-6.1,no,template_ok,0.1279,Chaetodon_meyeri_Bishop_-146742631.jpg,no
Chaetodon_meyeri_FishWise_044132F000009W000017.jpg,Chaetodon meyeri,other,-3.2,no,template_ok,0.2455,Chaetodon_meyeri_Bishop_-146742631.jpg,no
Chaetodon_meyeri_FishWise_044132F000009W000018.jpg,Chaetodon meyeri,other,-5.9,no,template_ok,0.2514,Chaetodon_meyeri_Bishop_-146742631.jpg,no
Chaetodon_meyeri_FishWise_044132F000009W000023.jpg,Chaetodon meyeri,other,-4.0,no,template_ok,0.2012,Chaetodon_meyeri_Bishop_-146742631.jpg,no
Chaetodon_meyeri_FishWise_044132F000009W000024.jpg,Chaetodon meyeri,other,0.0,no,template_ok,0.0628,Chaetodon_meyeri_Bishop_-146742631.jpg,no
Chaetodon_meyeri_FishWise_044132F000009W000026.jpg,Chaetodon meyeri,other,3.7,no,template_ok,0.1505,Chaetodon_meyeri_Bishop_-146742631.jpg,no
Chaetodon_meyeri_FishWise_044132F000024W000001.jpg,Chaetodon meyeri,other,2.3,no,template_ok,0.1567,Chaetodon_meyeri_Bishop_-146742631.jpg,no
Chaetodon_meyeri_FishWise_044132F000112W000007.jpg,Chaetodon meyeri,other,0.0,no,template_ok,0.1469,Chaetodon_meyeri_Bishop_-146742631.jpg,no
Chaetodon_meyeri_FishWise_044132F000112W000013.jpg,Chaetodon meyeri,other,3.0,no,template_ok,0.1261,Chaetodon_meyeri_Bishop_-146742631.jpg,no
Chaetodon_meyeri_FishWise_044132F000112W000014.jpg,Chaetodon meyeri,other,3.3,no,template_ok,0.2154,Chaetodon_meyeri_Bishop_-146742631.jpg,no
Chaetodon_meyeri_FishWise_044132F000167W000003.jpg,Chaetodon meyeri,other,5.6,no,template_ok,0.061,Chaetodon_meyeri_Bishop_-146742631.jpg,no
Chaetodon_meyeri_FishWise_044132F000167W000004.jpg,Chaetodon meyeri,other,10.5,no,template_ok,0.0349,Chaetodon_meyeri_Bishop_-146742631.jpg,no
Chaetodon_meyeri_FishWise_044132F000261W000005.jpg,Chaetodon meyeri,other,17.9,no,template_ok,0.0071,Chaetodon_meyeri_Bishop_-146742631.jpg,no
Chaetodon_meyeri_FishWise_044132F000387W000015.jpg,Chaetodon meyeri,other,2.7,no,template_ok,0.1687,Chaetodon_meyeri_Bishop_-146742631.jpg,no
Chaetodon_meyeri_FishWise_044132F000387W000019.jpg,Chaetodon meyeri,other,13.1,no,template_ok,0.1602,Chaetodon_meyeri_Bishop_-146742631.jpg,no
Chaetodon_meyeri_FishWise_044132F000387W000020.jpg,Chaetodon meyeri,other,12.6,no,template_ok,0.2987,Chaetodon_meyeri_Bishop_-146742631.jpg,no
Chaetodon_meyeri_FishWise_044132F000387W000021.jpg,Chaetodon meyeri,other,3.8,no,template_ok,0.0486,Chaetodon_meyeri_Bishop_-146742631.jpg,no
Chaetodon_meyeri_FishWise_044132F000387W000022.jpg,Chaetodon meyeri,other,0.0,no,template_ok,0.0456,Chaetodon_meyeri_Bishop_-146742631.jpg,no
Chaetodon_meyeri_FishWise_044132F000387W000025.jpg,Chaetodon meyeri,other,2.3,no,template_ok,0.1339,Chaetodon_meyeri_Bishop_-146742631.jpg,no
Chaetodon_miliaris_FishBase_Chmil_u0.jpg,Chaetodon miliaris,fishbase,-2.6,no,trusted_source,0.0103,Chaetodon_miliaris_Bishop_1720766063.jpg,no
Chaetodon_miliaris_Bishop_1720766063.jpg,Chaetodon miliaris,bishop,3.1,no,trusted_source,1.0,Chaetodon_miliaris_Bishop_1720766063.jpg,no
Chaetodon_miliaris_Bishop_725437158.jpg,Chaetodon miliaris,bishop,4.5,no,trusted_source,0.0937,Chaetodon_miliaris_Bishop_1720766063.jpg,no
Chaetodon_miliaris_FishBase_Chmil_u1.jpg,Chaetodon miliaris,fishbase,3.0,no,trusted_source,0.0894,Chaetodon_miliaris_Bishop_1720766063.jpg,no
Chaetodon_miliaris_FishBase_Chmil_u2.jpg,Chaetodon miliaris,fishbase,4.5,no,trusted_source,0.0941,Chaetodon_miliaris_Bishop_1720766063.jpg,no
Chaetodon_miliaris_FishBase_Chmil_u3.jpg,Chaetodon miliaris,fishbase,0.0,no,trusted_source,0.2322,Chaetodon_miliaris_Bishop_1720766063.jpg,no
Chaetodon_miliaris_FishBase_Chmil_u5.jpg,Chaetodon miliaris,fishbase,0.0,no,trusted_source,0.0458,Chaetodon_miliaris_Bishop_1720766063.jpg,no
Chaetodon_miliaris_FishBaseUser_1338031619_67.49.174.50.jpg,Chaetodon miliaris,fishbase,0.0,no,trusted_source,0.0708,Chaetodon_miliaris_Bishop_1720766063.jpg,no
Chaetodon_miliaris_FishBaseUser_1706291476_172.70.82.22.jpg,Chaetodon miliaris,fishbase,12.0,no,trusted_source,0.037,Chaetodon_miliaris_Bishop_1720766063.jpg,no
Chaetodon_miliaris_iNaturalist_178987952.jpg,Chaetodon miliaris,inaturalist,-16.4,no,template_ok,0.0067,Chaetodon_miliaris_Bishop_1720766063.jpg,no
Chaetodon_miliaris_iNaturalist_179529915.jpg,Chaetodon miliaris,inaturalist,0.0,yes,template_flip,0.1573,Chaetodon_miliaris_Bishop_1720766063.jpg,no
Chaetodon_miliaris_iNaturalist_179529921.jpg,Chaetodon miliaris,inaturalist,9.2,no,template_ok,0.1613,Chaetodon_miliaris_Bishop_1720766063.jpg,no
Chaetodon_miliaris_iNaturalist_386290369.jpg,Chaetodon miliaris,inaturalist,7.4,no,template_ok,0.0795,Chaetodon_miliaris_Bishop_1720766063.jpg,no
Chaetodon_miliaris_iNaturalist_386290397.jpg,Chaetodon miliaris,inaturalist,9.0,no,template_ok,0.0941,Chaetodon_miliaris_Bishop_1720766063.jpg,no
Chaetodon_miliaris_iNaturalist_432546006.jpg,Chaetodon miliaris,inaturalist,-11.4,no,template_ok,0.0065,Chaetodon_miliaris_Bishop_1720766063.jpg,no
Chaetodon_miliaris_iNaturalist_596812440.jpg,Chaetodon miliaris,inaturalist,0.0,no,template_ok,0.0022,Chaetodon_miliaris_Bishop_1720766063.jpg,no
Chaetodon_miliaris_iNaturalist_596812456.jpg,Chaetodon miliaris,inaturalist,0.0,no,template_ok,0.01,Chaetodon_miliaris_Bishop_1720766063.jpg,no
Chaetodon_miliaris_iNaturalist_596812485.jpg,Chaetodon miliaris,inaturalist,0.0,no,template_uncertain,0.0763,Chaetodon_miliaris_Bishop_1720766063.jpg,yes
Chaetodon_miliaris_iNaturalist_600454066.jpg,Chaetodon miliaris,inaturalist,9.1,no,template_ok,0.0901,Chaetodon_miliaris_Bishop_1720766063.jpg,no
Chaetodon_miliaris_FishWise_044973F000009W000005.jpg,Chaetodon miliaris,other,2.9,no,template_ok,0.0812,Chaetodon_miliaris_Bishop_1720766063.jpg,no
Chaetodon_miliaris_FishWise_044973F000009W000006.jpg,Chaetodon miliaris,other,9.4,no,template_ok,0.0446,Chaetodon_miliaris_Bishop_1720766063.jpg,no
Chaetodon_miliaris_FishWise_044973F000052W000001.gif,Chaetodon miliaris,other,0.0,no,template_ok,0.0967,Chaetodon_miliaris_Bishop_1720766063.jpg,no
Chaetodon_mitratus_FishPix_85097AF.jpg,Chaetodon mitratus,fishpix,15.2,no,trusted_source,0.0056,Chaetodon_mitratus_Bishop_-777256060.jpg,no
Chaetodon_mitratus_Bishop_-777256060.jpg,Chaetodon mitratus,bishop,3.2,no,trusted_source,1.0,Chaetodon_mitratus_Bishop_-777256060.jpg,no
Chaetodon_mitratus_FishBase_Chmit_u0.jpg,Chaetodon mitratus,fishbase,-3.2,no,trusted_source,0.1136,Chaetodon_mitratus_Bishop_-777256060.jpg,no
Chaetodon_mitratus_FishBase_Chmit_u1.jpg,Chaetodon mitratus,fishbase,3.3,no,trusted_source,0.1605,Chaetodon_mitratus_Bishop_-777256060.jpg,no
Chaetodon_mitratus_FishBase_Chmit_u2.jpg,Chaetodon mitratus,fishbase,14.7,no,trusted_source,0.0057,Chaetodon_mitratus_Bishop_-777256060.jpg,no
Chaetodon_mitratus_FishBase_Chmit_u3.jpg,Chaetodon mitratus,fishbase,0.0,no,trusted_source,0.0151,Chaetodon_mitratus_Bishop_-777256060.jpg,no
Chaetodon_mitratus_FishBase_Chmit_u4.jpg,Chaetodon mitratus,fishbase,0.0,no,trusted_source,0.1476,Chaetodon_mitratus_Bishop_-777256060.jpg,no
Chaetodon_mitratus_FishBaseUser_1393874593_71.202.224.33.jpg,Chaetodon mitratus,fishbase,10.9,no,trusted_source,0.0067,Chaetodon_mitratus_Bishop_-777256060.jpg,no
Chaetodon_mitratus_FishBaseUser_1393876847_71.202.224.33.jpg,Chaetodon mitratus,fishbase,10.5,no,trusted_source,0.0093,Chaetodon_mitratus_Bishop_-777256060.jpg,no
Chaetodon_mitratus_iNaturalist_170685878.jpg,Chaetodon mitratus,inaturalist,0.0,no,template_ok,0.1117,Chaetodon_mitratus_Bishop_-777256060.jpg,no
Chaetodon_mitratus_iNaturalist_170685886.jpg,Chaetodon mitratus,inaturalist,0.0,no,template_ok,0.0614,Chaetodon_mitratus_Bishop_-777256060.jpg,no
Chaetodon_mitratus_iNaturalist_258575955.jpg,Chaetodon mitratus,inaturalist,5.0,no,template_ok,0.0461,Chaetodon_mitratus_Bishop_-777256060.jpg,no
Chaetodon_mitratus_iNaturalist_2691139.jpg,Chaetodon mitratus,inaturalist,11.5,no,template_ok,0.0271,Chaetodon_mitratus_Bishop_-777256060.jpg,no
Chaetodon_mitratus_iNaturalist_476531321.jpg,Chaetodon mitratus,inaturalist,0.0,no,template_ok,0.0717,Chaetodon_mitratus_Bishop_-777256060.jpg,no
Chaetodon_mitratus_iNaturalist_607776891.jpg,Chaetodon mitratus,inaturalist,-8.9,no,template_uncertain,0.0959,Chaetodon_mitratus_Bishop_-777256060.jpg,yes
Chaetodon_mitratus_FishWise_045446F000009W000008.jpg,Chaetodon mitratus,other,3.9,no,template_ok,0.0148,Chaetodon_mitratus_Bishop_-777256060.jpg,no
Chaetodon_mitratus_FishWise_045446F000024W000001.jpg,Chaetodon mitratus,other,0.0,no,template_ok,0.0123,Chaetodon_mitratus_Bishop_-777256060.jpg,no
Chaetodon_mitratus_FishWise_045446F000024W000002.jpg,Chaetodon mitratus,other,3.3,no,template_ok,0.1623,Chaetodon_mitratus_Bishop_-777256060.jpg,no
Chaetodon_mitratus_FishWise_045446F000112W000005.jpg,Chaetodon mitratus,other,0.0,no,template_ok,0.1425,Chaetodon_mitratus_Bishop_-777256060.jpg,no
Chaetodon_mitratus_FishWise_045446F000112W000006.jpg,Chaetodon mitratus,other,6.7,no,template_ok,0.1283,Chaetodon_mitratus_Bishop_-777256060.jpg,no
Chaetodon_mitratus_FishWise_045446F000170W000003.jpg,Chaetodon mitratus,other,4.7,no,template_ok,0.131,Chaetodon_mitratus_Bishop_-777256060.jpg,no
Chaetodon_mitratus_FishWise_045446F000387W000007.jpg,Chaetodon mitratus,other,-4.9,no,template_ok,0.0334,Chaetodon_mitratus_Bishop_-777256060.jpg,no
Chaetodon_mitratus_FishWise_045446F000453W000009.jpg,Chaetodon mitratus,other,2.3,no,template_ok,0.1366,Chaetodon_mitratus_Bishop_-777256060.jpg,no
Chaetodon_modestus_FishPix_11839AF.jpg,Chaetodon modestus,fishpix,-19.2,no,trusted_source,0.0269,Chaetodon_modestus_Bishop_316109402.jpg,no
Chaetodon_modestus_Bishop_316109402.jpg,Chaetodon modestus,bishop,0.0,no,trusted_source,1.0,Chaetodon_modestus_Bishop_316109402.jpg,no
Chaetodon_modestus_FishWise_125671F000042W000001.jpg,Chaetodon modestus,other,0.0,no,template_ok,0.0323,Chaetodon_modestus_Bishop_316109402.jpg,no
Chaetodon_multicinctus_FishPix_76102AF.jpg,Chaetodon multicinctus,fishpix,8.2,no,trusted_source,0.0314,Chaetodon_multicinctus_Bishop_-1285212619.jpg,no
Chaetodon_multicinctus_Bishop_-1145166510.jpg,Chaetodon multicinctus,bishop,0.0,no,trusted_source,0.0304,Chaetodon_multicinctus_Bishop_-1285212619.jpg,no
Chaetodon_multicinctus_Bishop_-1285212619.jpg,Chaetodon multicinctus,bishop,4.9,no,trusted_source,1.0,Chaetodon_multicinctus_Bishop_-1285212619.jpg,no
Chaetodon_multicinctus_FishBase_Chmul_u2.jpg,Chaetodon multicinctus,fishbase,0.0,no,trusted_source,0.0271,Chaetodon_multicinctus_Bishop_-1285212619.jpg,no
Chaetodon_multicinctus_FishBase_Chmul_u3.jpg,Chaetodon multicinctus,fishbase,4.8,no,trusted_source,0.1259,Chaetodon_multicinctus_Bishop_-1285212619.jpg,no
Chaetodon_multicinctus_FishBase_Chmul_u7.jpg,Chaetodon multicinctus,fishbase,0.0,no,trusted_source,0.0685,Chaetodon_multicinctus_Bishop_-1285212619.jpg,no
Chaetodon_multicinctus_FishBaseUser_1676187077_162.158.91.61.jpg,Chaetodon multicinctus,fishbase,-19.5,no,trusted_source,0.0315,Chaetodon_multicinctus_Bishop_-1285212619.jpg,no
Chaetodon_multicinctus_iNaturalist_14228531.jpg,Chaetodon multicinctus,inaturalist,-14.3,no,template_uncertain,0.0539,Chaetodon_multicinctus_Bishop_-1285212619.jpg,yes
Chaetodon_multicinctus_iNaturalist_169957174.jpg,Chaetodon multicinctus,inaturalist,0.0,no,template_uncertain,0.0594,Chaetodon_multicinctus_Bishop_-1285212619.jpg,yes
Chaetodon_multicinctus_iNaturalist_178987277.jpg,Chaetodon multicinctus,inaturalist,0.0,no,template_ok,0.0665,Chaetodon_multicinctus_Bishop_-1285212619.jpg,no
Chaetodon_multicinctus_iNaturalist_456392856.jpg,Chaetodon multicinctus,inaturalist,-11.5,no,template_uncertain,0.0884,Chaetodon_multicinctus_Bishop_-1285212619.jpg,yes
Chaetodon_multicinctus_iNaturalist_457417238.jpg,Chaetodon multicinctus,inaturalist,0.0,yes,template_flip,0.2322,Chaetodon_multicinctus_Bishop_-1285212619.jpg,no
Chaetodon_multicinctus_iNaturalist_466264486.jpg,Chaetodon multicinctus,inaturalist,-7.2,no,template_ok,0.0106,Chaetodon_multicinctus_Bishop_-1285212619.jpg,no
Chaetodon_multicinctus_iNaturalist_502118771.jpg,Chaetodon multicinctus,inaturalist,-16.2,no,template_uncertain,0.0786,Chaetodon_multicinctus_Bishop_-1285212619.jpg,yes
Chaetodon_multicinctus_iNaturalist_51887092.jpg,Chaetodon multicinctus,inaturalist,16.2,no,template_ok,0.0202,Chaetodon_multicinctus_Bishop_-1285212619.jpg,no
Chaetodon_multicinctus_iNaturalist_580823296.jpg,Chaetodon multicinctus,inaturalist,0.0,no,template_ok,0.0952,Chaetodon_multicinctus_Bishop_-1285212619.jpg,no
Chaetodon_multicinctus_FishWise_046454F000009W000004.jpg,Chaetodon multicinctus,other,6.0,no,template_ok,0.0047,Chaetodon_multicinctus_Bishop_-1285212619.jpg,no
Chaetodon_multicinctus_FishWise_046454F000009W000006.jpg,Chaetodon multicinctus,other,-2.5,no,template_ok,0.0625,Chaetodon_multicinctus_Bishop_-1285212619.jpg,no
Chaetodon_nigropunctatus_FishBase_Chnig_u0.jpg,Chaetodon nigropunctatus,fishbase,0.0,no,trusted_source,0.2421,Chaetodon_nigropunctatus_Bishop_1435538384.jpg,no
Chaetodon_nigropunctatus_Bishop_1435538384.jpg,Chaetodon nigropunctatus,bishop,2.7,no,trusted_source,1.0,Chaetodon_nigropunctatus_Bishop_1435538384.jpg,no
Chaetodon_nigropunctatus_Bishop_276052843.jpg,Chaetodon nigropunctatus,bishop,4.6,no,trusted_source,0.2157,Chaetodon_nigropunctatus_Bishop_1435538384.jpg,no
Chaetodon_nigropunctatus_FishBase_Chnig_u1.jpg,Chaetodon nigropunctatus,fishbase,5.6,no,trusted_source,0.2554,Chaetodon_nigropunctatus_Bishop_1435538384.jpg,no
Chaetodon_nigropunctatus_FishBase_Chnig_u2.jpg,Chaetodon nigropunctatus,fishbase,2.4,no,trusted_source,0.3845,Chaetodon_nigropunctatus_Bishop_1435538384.jpg,no
Chaetodon_nigropunctatus_FishBase_Chnig_u4.jpg,Chaetodon nigropunctatus,fishbase,4.3,no,trusted_source,0.2085,Chaetodon_nigropunctatus_Bishop_1435538384.jpg,no
Chaetodon_nigropunctatus_FishBaseUser_1496299588_162.158.92.90.jpg,Chaetodon nigropunctatus,fishbase,-7.4,no,trusted_source,0.2669,Chaetodon_nigropunctatus_Bishop_1435538384.jpg,no
Chaetodon_nigropunctatus_FishBaseUser_1507058346_162.158.89.93.jpg,Chaetodon nigropunctatus,fishbase,-8.7,no,trusted_source,0.0418,Chaetodon_nigropunctatus_Bishop_1435538384.jpg,no
Chaetodon_nigropunctatus_FishBaseUser_1507058410_162.158.89.93.jpg,Chaetodon nigropunctatus,fishbase,-5.8,no,trusted_source,0.2857,Chaetodon_nigropunctatus_Bishop_1435538384.jpg,no
Chaetodon_nigropunctatus_FishBaseUser_1586789502_162.158.93.71.jpg,Chaetodon nigropunctatus,fishbase,-11.9,no,trusted_source,0.3125,Chaetodon_nigropunctatus_Bishop_1435538384.jpg,no
Chaetodon_nigropunctatus_iNaturalist_13558701.jpg,Chaetodon nigropunctatus,inaturalist,-2.8,yes,template_flip,0.312,Chaetodon_nigropunctatus_Bishop_1435538384.jpg,no
Chaetodon_nigropunctatus_iNaturalist_3794625.jpg,Chaetodon nigropunctatus,inaturalist,-5.3,no,template_ok,0.2121,Chaetodon_nigropunctatus_Bishop_1435538384.jpg,no
Chaetodon_nigropunctatus_iNaturalist_3794626.jpg,Chaetodon nigropunctatus,inaturalist,-11.4,no,template_ok,0.2804,Chaetodon_nigropunctatus_Bishop_1435538384.jpg,no
Chaetodon_nigropunctatus_iNaturalist_3794627.jpg,Chaetodon nigropunctatus,inaturalist,18.3,yes,template_flip,0.1582,Chaetodon_nigropunctatus_Bishop_1435538384.jpg,no
Chaetodon_nigropunctatus_iNaturalist_57996527.jpg,Chaetodon nigropunctatus,inaturalist,-14.5,no,template_ok,0.2527,Chaetodon_nigropunctatus_Bishop_1435538384.jpg,no
Chaetodon_nigropunctatus_iNaturalist_604765404.jpg,Chaetodon nigropunctatus,inaturalist,-6.5,no,template_ok,0.3063,Chaetodon_nigropunctatus_Bishop_1435538384.jpg,no
Chaetodon_nigropunctatus_iNaturalist_604772794.jpg,Chaetodon nigropunctatus,inaturalist,10.0,no,template_ok,0.0533,Chaetodon_nigropunctatus_Bishop_1435538384.jpg,no
Chaetodon_nigropunctatus_iNaturalist_604772814.jpg,Chaetodon nigropunctatus,inaturalist,0.0,no,template_ok,0.2332,Chaetodon_nigropunctatus_Bishop_1435538384.jpg,no
Chaetodon_nigropunctatus_iNaturalist_9173198.jpg,Chaetodon nigropunctatus,inaturalist,-7.6,no,template_ok,0.0109,Chaetodon_nigropunctatus_Bishop_1435538384.jpg,no
Chaetodon_nigropunctatus_FishWise_048831F000009W000007.jpg,Chaetodon nigropunctatus,other,8.4,no,template_ok,0.3326,Chaetodon_nigropunctatus_Bishop_1435538384.jpg,no
Chaetodon_nigropunctatus_FishWise_048831F000025W000004.gif,Chaetodon nigropunctatus,other,5.4,no,template_ok,0.2278,Chaetodon_nigropunctatus_Bishop_1435538384.jpg,no
Chaetodon_nigropunctatus_FishWise_048831F000387W000006.jpg,Chaetodon nigropunctatus,other,7.3,no,template_ok,0.3301,Chaetodon_nigropunctatus_Bishop_1435538384.jpg,no
Chaetodon_nippon_FishPix_1590AF.jpg,Chaetodon nippon,fishpix,3.1,no,trusted_source,0.0234,Chaetodon_nippon_Bishop_-751379567.jpg,no
Chaetodon_nippon_Bishop_-751379567.jpg,Chaetodon nippon,bishop,3.2,no,trusted_source,1.0,Chaetodon_nippon_Bishop_-751379567.jpg,no
Chaetodon_nippon_FishBase_Chnip_u0.jpg,Chaetodon nippon,fishbase,8.0,no,trusted_source,0.0701,Chaetodon_nippon_Bishop_-751379567.jpg,no
Chaetodon_nippon_FishBase_Chnip_u1.jpg,Chaetodon nippon,fishbase,3.2,no,trusted_source,0.1089,Chaetodon_nippon_Bishop_-751379567.jpg,no
Chaetodon_nippon_FishBaseUser_1401575352_114.155.215.180.jpg,Chaetodon nippon,fishbase,6.8,no,trusted_source,0.064,Chaetodon_nippon_Bishop_-751379567.jpg,no
Chaetodon_nippon_FishBaseUser_1401575459_114.155.215.180.jpg,Chaetodon nippon,fishbase,0.0,no,trusted_source,0.0164,Chaetodon_nippon_Bishop_-751379567.jpg,no
Chaetodon_nippon_iNaturalist_11570041.jpg,Chaetodon nippon,inaturalist,0.0,no,template_ok,0.0839,Chaetodon_nippon_Bishop_-751379567.jpg,no
Chaetodon_nippon_iNaturalist_11570042.jpg,Chaetodon nippon,inaturalist,7.2,no,template_ok,0.0026,Chaetodon_nippon_Bishop_-751379567.jpg,no
Chaetodon_nippon_iNaturalist_32560890.jpg,Chaetodon nippon,inaturalist,0.0,no,template_uncertain,0.0556,Chaetodon_nippon_Bishop_-751379567.jpg,yes
Chaetodon_nippon_iNaturalist_4412325.jpg,Chaetodon nippon,inaturalist,-11.1,no,template_uncertain,0.0647,Chaetodon_nippon_Bishop_-751379567.jpg,yes
Chaetodon_nippon_iNaturalist_453789927.jpg,Chaetodon nippon,inaturalist,-8.4,no,template_ok,0.043,Chaetodon_nippon_Bishop_-751379567.jpg,no
Chaetodon_nippon_iNaturalist_517620398.jpg,Chaetodon nippon,inaturalist,3.7,no,template_uncertain,0.0702,Chaetodon_nippon_Bishop_-751379567.jpg,yes
Chaetodon_nippon_iNaturalist_574792403.jpg,Chaetodon nippon,inaturalist,-18.5,yes,template_flip,0.2338,Chaetodon_nippon_Bishop_-751379567.jpg,no
Chaetodon_nippon_iNaturalist_586694238.jpg,Chaetodon nippon,inaturalist,0.0,no,template_ok,0.0446,Chaetodon_nippon_Bishop_-751379567.jpg,no
Chaetodon_nippon_iNaturalist_84067425.jpg,Chaetodon nippon,inaturalist,-18.5,no,template_uncertain,0.0752,Chaetodon_nippon_Bishop_-751379567.jpg,yes
Chaetodon_ocellatus_FishPix_22181AF.jpg,Chaetodon ocellatus,fishpix,-19.5,no,trusted_source,0.051,Chaetodon_ocellatus_FishBaseUser_1598572445_162.158.187.179.jpg,no
Chaetodon_ocellatus_FishBase_Choce_u5.jpg,Chaetodon ocellatus,fishbase,-3.2,no,trusted_source,0.069,Chaetodon_ocellatus_FishBaseUser_1598572445_162.158.187.179.jpg,no
Chaetodon_ocellatus_FishBase_Choce_u8.jpg,Chaetodon ocellatus,fishbase,0.0,no,trusted_source,0.0799,Chaetodon_ocellatus_FishBaseUser_1598572445_162.158.187.179.jpg,no
Chaetodon_ocellatus_FishBase_Choce_ub.jpg,Chaetodon ocellatus,fishbase,-15.0,no,trusted_source,0.0692,Chaetodon_ocellatus_FishBaseUser_1598572445_162.158.187.179.jpg,no
Chaetodon_ocellatus_FishBaseUser_1598571923_162.158.187.179.jpg,Chaetodon ocellatus,fishbase,-12.1,no,trusted_source,0.0758,Chaetodon_ocellatus_FishBaseUser_1598572445_162.158.187.179.jpg,no
Chaetodon_ocellatus_FishBaseUser_1598572079_162.158.187.179.jpg,Chaetodon ocellatus,fishbase,0.0,no,trusted_source,0.0372,Chaetodon_ocellatus_FishBaseUser_1598572445_162.158.187.179.jpg,no
Chaetodon_ocellatus_FishBaseUser_1598572174_162.158.187.179.jpg,Chaetodon ocellatus,fishbase,-2.9,no,trusted_source,0.0035,Chaetodon_ocellatus_FishBaseUser_1598572445_162.158.187.179.jpg,no
Chaetodon_ocellatus_FishBaseUser_1598572256_162.158.187.179.jpg,Chaetodon ocellatus,fishbase,0.0,no,trusted_source,0.0777,Chaetodon_ocellatus_FishBaseUser_1598572445_162.158.187.179.jpg,no
Chaetodon_ocellatus_FishBaseUser_1598572342_162.158.187.179.jpg,Chaetodon ocellatus,fishbase,7.8,no,trusted_source,0.0325,Chaetodon_ocellatus_FishBaseUser_1598572445_162.158.187.179.jpg,no
Chaetodon_ocellatus_FishBaseUser_1598572445_162.158.187.179.jpg,Chaetodon ocellatus,fishbase,0.0,no,trusted_source,1.0,Chaetodon_ocellatus_FishBaseUser_1598572445_162.158.187.179.jpg,no
Chaetodon_ocellatus_FishBaseUser_1689857890_172.71.22.73.jpg,Chaetodon ocellatus,fishbase,0.0,no,trusted_source,0.0695,Chaetodon_ocellatus_FishBaseUser_1598572445_162.158.187.179.jpg,no
Chaetodon_ocellatus_FishBaseUser_1690137999_172.71.82.68.jpg,Chaetodon ocellatus,fishbase,14.9,no,trusted_source,0.0046,Chaetodon_ocellatus_FishBaseUser_1598572445_162.158.187.179.jpg,no
Chaetodon_ocellatus_FishBaseUser_1706212482_172.70.83.28.jpg,Chaetodon ocellatus,fishbase,-5.0,no,trusted_source,0.0648,Chaetodon_ocellatus_FishBaseUser_1598572445_162.158.187.179.jpg,no
Chaetodon_ocellatus_FishBaseUser_1706471062_172.70.54.83.jpg,Chaetodon ocellatus,fishbase,-19.9,no,trusted_source,0.0865,Chaetodon_ocellatus_FishBaseUser_1598572445_162.158.187.179.jpg,no
Chaetodon_ocellatus_FishBaseUser_1707603127_172.68.123.141.jpg,Chaetodon ocellatus,fishbase,-9.7,no,trusted_source,0.032,Chaetodon_ocellatus_FishBaseUser_1598572445_162.158.187.179.jpg,no
Chaetodon_ocellatus_FishBaseUser_1712080269_172.70.83.78.jpg,Chaetodon ocellatus,fishbase,-17.9,no,trusted_source,0.0531,Chaetodon_ocellatus_FishBaseUser_1598572445_162.158.187.179.jpg,no
Chaetodon_ocellatus_FishBaseUser_1712080330_172.70.83.77.jpg,Chaetodon ocellatus,fishbase,0.0,no,trusted_source,0.0057,Chaetodon_ocellatus_FishBaseUser_1598572445_162.158.187.179.jpg,no
Chaetodon_ocellatus_FishBaseUser_1747231574_95.95.129.49.jpg,Chaetodon ocellatus,fishbase,-18.8,no,trusted_source,0.0033,Chaetodon_ocellatus_FishBaseUser_1598572445_162.158.187.179.jpg,no
Chaetodon_ocellatus_iNaturalist_21126529.jpg,Chaetodon ocellatus,inaturalist,18.8,no,template_ok,0.0203,Chaetodon_ocellatus_FishBaseUser_1598572445_162.158.187.179.jpg,no
Chaetodon_ocellatus_iNaturalist_241430977.jpg,Chaetodon ocellatus,inaturalist,0.0,no,template_ok,0.0374,Chaetodon_ocellatus_FishBaseUser_1598572445_162.158.187.179.jpg,no
Chaetodon_ocellatus_iNaturalist_441973498.jpg,Chaetodon ocellatus,inaturalist,14.0,no,template_ok,0.1847,Chaetodon_ocellatus_FishBaseUser_1598572445_162.158.187.179.jpg,no
Chaetodon_ocellatus_iNaturalist_441973517.jpg,Chaetodon ocellatus,inaturalist,14.9,no,template_ok,0.1447,Chaetodon_ocellatus_FishBaseUser_1598572445_162.158.187.179.jpg,no
Chaetodon_ocellatus_iNaturalist_451091737.jpg,Chaetodon ocellatus,inaturalist,-5.8,no,template_ok,0.0197,Chaetodon_ocellatus_FishBaseUser_1598572445_162.158.187.179.jpg,no
Chaetodon_ocellatus_iNaturalist_451092106.jpg,Chaetodon ocellatus,inaturalist,-5.7,no,template_ok,0.0226,Chaetodon_ocellatus_FishBaseUser_1598572445_162.158.187.179.jpg,no
Chaetodon_ocellatus_iNaturalist_540068424.jpg,Chaetodon ocellatus,inaturalist,-2.1,no,template_uncertain,0.083,Chaetodon_ocellatus_FishBaseUser_1598572445_162.158.187.179.jpg,yes
Chaetodon_ocellatus_iNaturalist_569216342.jpg,Chaetodon ocellatus,inaturalist,2.0,no,template_ok,0.0058,Chaetodon_ocellatus_FishBaseUser_1598572445_162.158.187.179.jpg,no
Chaetodon_ocellatus_FishWise_090680F000009W000001.jpg,Chaetodon ocellatus,other,11.3,no,template_ok,0.0055,Chaetodon_ocellatus_FishBaseUser_1598572445_162.158.187.179.jpg,no
Chaetodon_ocellatus_FishWise_090680F000009W000002.jpg,Chaetodon ocellatus,other,5.9,no,template_ok,0.0581,Chaetodon_ocellatus_FishBaseUser_1598572445_162.158.187.179.jpg,no
Chaetodon_ocellatus_FishWise_090680F000036W000004.jpg,Chaetodon ocellatus,other,0.0,no,template_ok,0.0272,Chaetodon_ocellatus_FishBaseUser_1598572445_162.158.187.179.jpg,no
Chaetodon_ocellatus_FishWise_090680F006659W000006.jpg,Chaetodon ocellatus,other,4.8,no,template_ok,0.0583,Chaetodon_ocellatus_FishBaseUser_1598572445_162.158.187.179.jpg,no
Chaetodon_ocellatus_FishWise_090680F007724W000005.jpg,Chaetodon ocellatus,other,8.5,no,template_ok,0.0072,Chaetodon_ocellatus_FishBaseUser_1598572445_162.158.187.179.jpg,no
Chaetodon_ocellicaudus_FishPix_5227AF.jpg,Chaetodon ocellicaudus,fishpix,-9.9,no,trusted_flagged,0.2348,Chaetodon_ocellicaudus_Bishop_958979710.jpg,yes
Chaetodon_ocellicaudus_Bishop_958979710.jpg,Chaetodon ocellicaudus,bishop,3.6,no,trusted_source,1.0,Chaetodon_ocellicaudus_Bishop_958979710.jpg,no
Chaetodon_ocellicaudus_FishBase_Choce_j0.jpg,Chaetodon ocellicaudus,fishbase,0.0,no,trusted_flagged,0.3356,Chaetodon_ocellicaudus_Bishop_958979710.jpg,yes
Chaetodon_ocellicaudus_FishBase_Choce_u1.jpg,Chaetodon ocellicaudus,fishbase,5.8,no,trusted_source,0.2687,Chaetodon_ocellicaudus_Bishop_958979710.jpg,no
Chaetodon_ocellicaudus_FishBase_Choce_u4.jpg,Chaetodon ocellicaudus,fishbase,3.9,no,trusted_source,0.2176,Chaetodon_ocellicaudus_Bishop_958979710.jpg,no
Chaetodon_ocellicaudus_FishBaseUser_1354819061_86.28.236.182.jpg,Chaetodon ocellicaudus,fishbase,0.0,no,trusted_source,0.175,Chaetodon_ocellicaudus_Bishop_958979710.jpg,no
Chaetodon_ocellicaudus_FishBaseUser_1354819138_86.28.236.182.jpg,Chaetodon ocellicaudus,fishbase,16.9,no,trusted_source,0.08,Chaetodon_ocellicaudus_Bishop_958979710.jpg,no
Chaetodon_ocellicaudus_FishBaseUser_1577141693_172.68.102.78.jpg,Chaetodon ocellicaudus,fishbase,18.9,no,trusted_source,0.1526,Chaetodon_ocellicaudus_Bishop_958979710.jpg,no
Chaetodon_ocellicaudus_FishBaseUser_1655740932_172.70.126.159.jpg,Chaetodon ocellicaudus,fishbase,0.0,no,trusted_source,0.1868,Chaetodon_ocellicaudus_Bishop_958979710.jpg,no
Chaetodon_ocellicaudus_FishBaseUser_1753601574_219.73.75.40.jpg,Chaetodon ocellicaudus,fishbase,0.0,no,trusted_source,0.0953,Chaetodon_ocellicaudus_Bishop_958979710.jpg,no
Chaetodon_ocellicaudus_iNaturalist_270410292.jpg,Chaetodon ocellicaudus,inaturalist,0.0,no,template_ok,0.347,Chaetodon_ocellicaudus_Bishop_958979710.jpg,no
Chaetodon_ocellicaudus_iNaturalist_340784700.jpg,Chaetodon ocellicaudus,inaturalist,-14.0,no,template_ok,0.0077,Chaetodon_ocellicaudus_Bishop_958979710.jpg,no
Chaetodon_ocellicaudus_iNaturalist_459451753.jpg,Chaetodon ocellicaudus,inaturalist,-8.4,no,template_ok,0.1884,Chaetodon_ocellicaudus_Bishop_958979710.jpg,no
Chaetodon_ocellicaudus_iNaturalist_459663675.jpg,Chaetodon ocellicaudus,inaturalist,-11.3,no,template_ok,0.0161,Chaetodon_ocellicaudus_Bishop_958979710.jpg,no
Chaetodon_ocellicaudus_iNaturalist_467374317.jpg,Chaetodon ocellicaudus,inaturalist,-12.0,no,template_ok,0.1884,Chaetodon_ocellicaudus_Bishop_958979710.jpg,no
Chaetodon_ocellicaudus_iNaturalist_467374320.jpg,Chaetodon ocellicaudus,inaturalist,-2.4,yes,template_flip,0.1809,Chaetodon_ocellicaudus_Bishop_958979710.jpg,no
Chaetodon_ocellicaudus_iNaturalist_472685751.jpg,Chaetodon ocellicaudus,inaturalist,-2.1,yes,template_flip,0.3208,Chaetodon_ocellicaudus_Bishop_958979710.jpg,no
Chaetodon_ocellicaudus_iNaturalist_480811911.jpg,Chaetodon ocellicaudus,inaturalist,10.2,yes,template_flip,0.3307,Chaetodon_ocellicaudus_Bishop_958979710.jpg,no
Chaetodon_ocellicaudus_iNaturalist_48536597.jpg,Chaetodon ocellicaudus,inaturalist,12.2,no,template_ok,0.0742,Chaetodon_ocellicaudus_Bishop_958979710.jpg,no
Chaetodon_ocellicaudus_iNaturalist_530620209.jpg,Chaetodon ocellicaudus,inaturalist,18.2,no,template_uncertain,0.1012,Chaetodon_ocellicaudus_Bishop_958979710.jpg,yes
Chaetodon_ocellicaudus_FishWise_050523F000009W000003.jpg,Chaetodon ocellicaudus,other,0.0,no,template_ok,0.1257,Chaetodon_ocellicaudus_Bishop_958979710.jpg,no
Chaetodon_ocellicaudus_FishWise_050523F000009W000004.jpg,Chaetodon ocellicaudus,other,3.1,no,template_ok,0.1584,Chaetodon_ocellicaudus_Bishop_958979710.jpg,no
Chaetodon_ocellicaudus_FishWise_050523F000009W000005.jpg,Chaetodon ocellicaudus,other,0.0,no,template_ok,0.3179,Chaetodon_ocellicaudus_Bishop_958979710.jpg,no
Chaetodon_ocellicaudus_FishWise_050523F000024W000001.jpg,Chaetodon ocellicaudus,other,0.0,no,template_ok,0.3103,Chaetodon_ocellicaudus_Bishop_958979710.jpg,no
Chaetodon_ocellicaudus_FishWise_050523F000024W000002.jpg,Chaetodon ocellicaudus,other,3.1,no,template_ok,0.227,Chaetodon_ocellicaudus_Bishop_958979710.jpg,no
Chaetodon_ocellicaudus_FishWise_050523F000387W000006.jpg,Chaetodon ocellicaudus,other,0.0,no,template_ok,0.3404,Chaetodon_ocellicaudus_Bishop_958979710.jpg,no
Chaetodon_ocellicaudus_FishWise_050523F000387W000007.jpg,Chaetodon ocellicaudus,other,14.1,no,template_ok,0.3293,Chaetodon_ocellicaudus_Bishop_958979710.jpg,no
Chaetodon_octofasciatus_FishPix_40751AF.jpg,Chaetodon octofasciatus,fishpix,0.0,no,trusted_source,0.0279,Chaetodon_octofasciatus_Bishop_1838436391.jpg,no
Chaetodon_octofasciatus_Bishop_1838436391.jpg,Chaetodon octofasciatus,bishop,3.0,no,trusted_source,1.0,Chaetodon_octofasciatus_Bishop_1838436391.jpg,no
Chaetodon_octofasciatus_FishBase_Choct_j0.jpg,Chaetodon octofasciatus,fishbase,-17.2,no,trusted_source,0.0239,Chaetodon_octofasciatus_Bishop_1838436391.jpg,no
Chaetodon_octofasciatus_FishBase_Choct_j1.jpg,Chaetodon octofasciatus,fishbase,-19.3,no,trusted_source,0.0284,Chaetodon_octofasciatus_Bishop_1838436391.jpg,no
Chaetodon_octofasciatus_FishBase_Choct_j2.jpg,Chaetodon octofasciatus,fishbase,12.4,no,trusted_source,0.0399,Chaetodon_octofasciatus_Bishop_1838436391.jpg,no
Chaetodon_octofasciatus_FishBase_Choct_u0.jpg,Chaetodon octofasciatus,fishbase,0.0,no,trusted_source,0.0011,Chaetodon_octofasciatus_Bishop_1838436391.jpg,no
Chaetodon_octofasciatus_FishBase_Choct_u1.jpg,Chaetodon octofasciatus,fishbase,0.0,no,trusted_source,0.0109,Chaetodon_octofasciatus_Bishop_1838436391.jpg,no
Chaetodon_octofasciatus_FishBase_Choct_u2.jpg,Chaetodon octofasciatus,fishbase,2.6,no,trusted_source,0.1208,Chaetodon_octofasciatus_Bishop_1838436391.jpg,no
Chaetodon_octofasciatus_FishBase_Choct_u3.jpg,Chaetodon octofasciatus,fishbase,-16.7,no,trusted_source,0.0008,Chaetodon_octofasciatus_Bishop_1838436391.jpg,no
Chaetodon_octofasciatus_FishBase_Choct_u4.jpg,Chaetodon octofasciatus,fishbase,0.0,no,trusted_source,0.0964,Chaetodon_octofasciatus_Bishop_1838436391.jpg,no
Chaetodon_octofasciatus_FishBase_Choct_u5.jpg,Chaetodon octofasciatus,fishbase,14.0,no,trusted_source,0.0272,Chaetodon_octofasciatus_Bishop_1838436391.jpg,no
Chaetodon_octofasciatus_FishBase_Choct_u6.jpg,Chaetodon octofasciatus,fishbase,2.7,no,trusted_source,0.0822,Chaetodon_octofasciatus_Bishop_1838436391.jpg,no
Chaetodon_octofasciatus_FishBase_Choct_u7.jpg,Chaetodon octofasciatus,fishbase,4.5,no,trusted_source,0.0236,Chaetodon_octofasciatus_Bishop_1838436391.jpg,no
Chaetodon_octofasciatus_FishBase_Choct_u8.jpg,Chaetodon octofasciatus,fishbase,0.0,no,trusted_source,0.0171,Chaetodon_octofasciatus_Bishop_1838436391.jpg,no
Chaetodon_octofasciatus_FishBase_Choct_u9.jpg,Chaetodon octofasciatus,fishbase,19.4,no,trusted_source,0.0319,Chaetodon_octofasciatus_Bishop_1838436391.jpg,no
Chaetodon_octofasciatus_FishBaseUser_1339683283_86.10.200.84.jpg,Chaetodon octofasciatus,fishbase,0.0,no,trusted_source,0.0311,Chaetodon_octofasciatus_Bishop_1838436391.jpg,no
Chaetodon_octofasciatus_FishBaseUser_1339683352_86.10.200.84.jpg,Chaetodon octofasciatus,fishbase,0.0,no,trusted_source,0.0013,Chaetodon_octofasciatus_Bishop_1838436391.jpg,no
Chaetodon_octofasciatus_FishBaseUser_1406540491_210.212.251.114.jpg,Chaetodon octofasciatus,fishbase,-10.4,no,trusted_source,0.0229,Chaetodon_octofasciatus_Bishop_1838436391.jpg,no
Chaetodon_octofasciatus_FishBaseUser_1441344113_117.206.95.248.jpg,Chaetodon octofasciatus,fishbase,-8.2,no,trusted_source,0.0226,Chaetodon_octofasciatus_Bishop_1838436391.jpg,no
Chaetodon_octofasciatus_FishBaseUser_1469522064_162.158.167.12.jpg,Chaetodon octofasciatus,fishbase,0.0,no,trusted_source,0.1762,Chaetodon_octofasciatus_Bishop_1838436391.jpg,no
Chaetodon_octofasciatus_FishBaseUser_1486518173_162.158.230.121.jpg,Chaetodon octofasciatus,fishbase,6.9,no,trusted_source,0.0324,Chaetodon_octofasciatus_Bishop_1838436391.jpg,no
Chaetodon_octofasciatus_FishBaseUser_1524750600_162.158.167.158.jpg,Chaetodon octofasciatus,fishbase,8.1,no,trusted_source,0.094,Chaetodon_octofasciatus_Bishop_1838436391.jpg,no
Chaetodon_octofasciatus_FishBaseUser_1527581132_162.158.22.210.jpg,Chaetodon octofasciatus,fishbase,-7.2,no,trusted_source,0.0093,Chaetodon_octofasciatus_Bishop_1838436391.jpg,no
Chaetodon_octofasciatus_FishBaseUser_1569480211_172.68.143.140.jpg,Chaetodon octofasciatus,fishbase,4.0,no,trusted_source,0.0555,Chaetodon_octofasciatus_Bishop_1838436391.jpg,no
Chaetodon_octofasciatus_FishBaseUser_1569480322_172.68.141.60.jpg,Chaetodon octofasciatus,fishbase,-6.0,no,trusted_source,0.0456,Chaetodon_octofasciatus_Bishop_1838436391.jpg,no
Chaetodon_octofasciatus_FishBaseUser_1569480361_172.68.189.231.jpg,Chaetodon octofasciatus,fishbase,-4.9,no,trusted_source,0.0316,Chaetodon_octofasciatus_Bishop_1838436391.jpg,no
Chaetodon_octofasciatus_FishBaseUser_1577141796_172.68.102.78.jpg,Chaetodon octofasciatus,fishbase,0.0,no,trusted_source,0.0728,Chaetodon_octofasciatus_Bishop_1838436391.jpg,no
Chaetodon_octofasciatus_FishBaseUser_1656493691_172.70.189.156.jpg,Chaetodon octofasciatus,fishbase,-11.0,no,trusted_source,0.0867,Chaetodon_octofasciatus_Bishop_1838436391.jpg,no
Chaetodon_octofasciatus_FishBaseUser_1672900713_172.71.218.148.jpg,Chaetodon octofasciatus,fishbase,-8.2,no,trusted_source,0.0257,Chaetodon_octofasciatus_Bishop_1838436391.jpg,no
Chaetodon_octofasciatus_FishBaseUser_1672900766_162.158.179.76.jpg,Chaetodon octofasciatus,fishbase,0.0,no,trusted_source,0.0528,Chaetodon_octofasciatus_Bishop_1838436391.jpg,no
Chaetodon_octofasciatus_FishBaseUser_1672900799_162.158.179.76.jpg,Chaetodon octofasciatus,fishbase,13.2,no,trusted_source,0.0969,Chaetodon_octofasciatus_Bishop_1838436391.jpg,no
Chaetodon_octofasciatus_FishBaseUser_1672900851_172.71.214.7.jpg,Chaetodon octofasciatus,fishbase,-7.4,no,trusted_source,0.0261,Chaetodon_octofasciatus_Bishop_1838436391.jpg,no
Chaetodon_octofasciatus_FishBaseUser_1723301095_172.69.132.223.jpg,Chaetodon octofasciatus,fishbase,-19.9,no,trusted_source,0.0522,Chaetodon_octofasciatus_Bishop_1838436391.jpg,no
Chaetodon_octofasciatus_FishBaseUser_1747086503_169.150.203.237.jpg,Chaetodon octofasciatus,fishbase,0.0,no,trusted_source,0.0207,Chaetodon_octofasciatus_Bishop_1838436391.jpg,no
Chaetodon_octofasciatus_FishBaseUser_1747232318_95.95.129.49.jpg,Chaetodon octofasciatus,fishbase,17.1,no,trusted_source,0.0889,Chaetodon_octofasciatus_Bishop_1838436391.jpg,no
Chaetodon_octofasciatus_iNaturalist_187480976.jpg,Chaetodon octofasciatus,inaturalist,0.0,no,template_ok,0.0341,Chaetodon_octofasciatus_Bishop_1838436391.jpg,no
Chaetodon_octofasciatus_iNaturalist_201702755.jpg,Chaetodon octofasciatus,inaturalist,-5.2,no,template_ok,0.0649,Chaetodon_octofasciatus_Bishop_1838436391.jpg,no
Chaetodon_octofasciatus_iNaturalist_318759027.jpg,Chaetodon octofasciatus,inaturalist,18.2,no,template_ok,0.026,Chaetodon_octofasciatus_Bishop_1838436391.jpg,no
Chaetodon_octofasciatus_iNaturalist_318759037.jpg,Chaetodon octofasciatus,inaturalist,-17.4,no,template_uncertain,0.0575,Chaetodon_octofasciatus_Bishop_1838436391.jpg,yes
Chaetodon_octofasciatus_iNaturalist_319578656.jpg,Chaetodon octofasciatus,inaturalist,-7.9,no,template_ok,0.0233,Chaetodon_octofasciatus_Bishop_1838436391.jpg,no
Chaetodon_octofasciatus_iNaturalist_327088836.jpg,Chaetodon octofasciatus,inaturalist,0.0,no,template_uncertain,0.0622,Chaetodon_octofasciatus_Bishop_1838436391.jpg,yes
Chaetodon_octofasciatus_iNaturalist_367755144.jpg,Chaetodon octofasciatus,inaturalist,-18.6,no,template_ok,0.0246,Chaetodon_octofasciatus_Bishop_1838436391.jpg,no
Chaetodon_octofasciatus_iNaturalist_438496468.jpg,Chaetodon octofasciatus,inaturalist,0.0,no,template_uncertain,0.0517,Chaetodon_octofasciatus_Bishop_1838436391.jpg,yes
Chaetodon_octofasciatus_iNaturalist_482079348.jpg,Chaetodon octofasciatus,inaturalist,7.1,no,template_ok,0.0169,Chaetodon_octofasciatus_Bishop_1838436391.jpg,no
Chaetodon_octofasciatus_iNaturalist_573587028.jpg,Chaetodon octofasciatus,inaturalist,5.1,no,template_ok,0.0536,Chaetodon_octofasciatus_Bishop_1838436391.jpg,no
Chaetodon_octofasciatus_FishWise_050607F000004W000008.jpg,Chaetodon octofasciatus,other,0.0,no,template_ok,0.0272,Chaetodon_octofasciatus_Bishop_1838436391.jpg,no
Chaetodon_octofasciatus_FishWise_050607F000112W000009.jpg,Chaetodon octofasciatus,other,3.4,no,template_ok,0.0543,Chaetodon_octofasciatus_Bishop_1838436391.jpg,no
Chaetodon_octofasciatus_FishWise_050607F000112W000010.jpg,Chaetodon octofasciatus,other,2.1,no,template_ok,0.063,Chaetodon_octofasciatus_Bishop_1838436391.jpg,no
Chaetodon_octofasciatus_FishWise_050607F000112W000011.jpg,Chaetodon octofasciatus,other,0.0,no,template_ok,0.0601,Chaetodon_octofasciatus_Bishop_1838436391.jpg,no
Chaetodon_octofasciatus_FishWise_050607F000387W000012.jpg,Chaetodon octofasciatus,other,3.5,no,template_ok,0.044,Chaetodon_octofasciatus_Bishop_1838436391.jpg,no
Chaetodon_octofasciatus_FishWise_050607F000387W000013.jpg,Chaetodon octofasciatus,other,3.5,no,template_ok,0.0353,Chaetodon_octofasciatus_Bishop_1838436391.jpg,no
Chaetodon_ornatissimus_FishPix_10043AF.jpg,Chaetodon ornatissimus,fishpix,-7.4,no,trusted_source,0.0964,Chaetodon_ornatissimus_Bishop_164962524.jpg,no
Chaetodon_ornatissimus_Bishop_164962524.jpg,Chaetodon ornatissimus,bishop,3.5,no,trusted_source,1.0,Chaetodon_ornatissimus_Bishop_164962524.jpg,no
Chaetodon_ornatissimus_Bishop_553414317.jpg,Chaetodon ornatissimus,bishop,4.4,no,trusted_source,0.0805,Chaetodon_ornatissimus_Bishop_164962524.jpg,no
Chaetodon_ornatissimus_FishBase_Chorn_u0.jpg,Chaetodon ornatissimus,fishbase,-16.3,no,trusted_source,0.0281,Chaetodon_ornatissimus_Bishop_164962524.jpg,no
Chaetodon_ornatissimus_FishBase_Chorn_u1.jpg,Chaetodon ornatissimus,fishbase,3.3,no,trusted_source,0.0445,Chaetodon_ornatissimus_Bishop_164962524.jpg,no
Chaetodon_ornatissimus_FishBase_Chorn_u2.jpg,Chaetodon ornatissimus,fishbase,4.3,no,trusted_source,0.08,Chaetodon_ornatissimus_Bishop_164962524.jpg,no
Chaetodon_ornatissimus_FishBase_Chorn_u3.jpg,Chaetodon ornatissimus,fishbase,3.3,no,trusted_source,0.0793,Chaetodon_ornatissimus_Bishop_164962524.jpg,no
Chaetodon_ornatissimus_FishBase_Chorn_u5.jpg,Chaetodon ornatissimus,fishbase,17.7,no,trusted_source,0.0599,Chaetodon_ornatissimus_Bishop_164962524.jpg,no
Chaetodon_ornatissimus_FishBase_Chorn_u7.jpg,Chaetodon ornatissimus,fishbase,4.7,no,trusted_source,0.001,Chaetodon_ornatissimus_Bishop_164962524.jpg,no
Chaetodon_ornatissimus_FishBase_Chorn_uf.jpg,Chaetodon ornatissimus,fishbase,-4.9,no,trusted_source,0.0576,Chaetodon_ornatissimus_Bishop_164962524.jpg,no
Chaetodon_ornatissimus_FishBase_Chorn_uk.jpg,Chaetodon ornatissimus,fishbase,-3.9,no,trusted_source,0.0166,Chaetodon_ornatissimus_Bishop_164962524.jpg,no
Chaetodon_ornatissimus_FishBase_Chorn_um.jpg,Chaetodon ornatissimus,fishbase,-12.5,no,trusted_source,0.0783,Chaetodon_ornatissimus_Bishop_164962524.jpg,no
Chaetodon_ornatissimus_FishBaseUser_1428394230_94.198.16.174.jpg,Chaetodon ornatissimus,fishbase,0.0,no,trusted_source,0.1766,Chaetodon_ornatissimus_Bishop_164962524.jpg,no
Chaetodon_ornatissimus_FishBaseUser_1469522144_162.158.167.12.jpg,Chaetodon ornatissimus,fishbase,0.0,no,trusted_source,0.0696,Chaetodon_ornatissimus_Bishop_164962524.jpg,no
Chaetodon_ornatissimus_FishBaseUser_1508799540_172.68.102.54.jpg,Chaetodon ornatissimus,fishbase,19.6,no,trusted_source,0.0199,Chaetodon_ornatissimus_Bishop_164962524.jpg,no
Chaetodon_ornatissimus_FishBaseUser_1676168749_172.69.33.132.jpg,Chaetodon ornatissimus,fishbase,14.1,no,trusted_source,0.1229,Chaetodon_ornatissimus_Bishop_164962524.jpg,no
Chaetodon_ornatissimus_FishBaseUser_1706289204_108.162.212.117.jpg,Chaetodon ornatissimus,fishbase,-10.1,no,trusted_source,0.0242,Chaetodon_ornatissimus_Bishop_164962524.jpg,no
Chaetodon_ornatissimus_FishBaseUser_1707093967_172.70.255.38.jpg,Chaetodon ornatissimus,fishbase,0.0,no,trusted_source,0.0924,Chaetodon_ornatissimus_Bishop_164962524.jpg,no
Chaetodon_ornatissimus_FishBaseUser_1747232504_95.95.129.49.jpg,Chaetodon ornatissimus,fishbase,-8.2,no,trusted_source,0.0116,Chaetodon_ornatissimus_Bishop_164962524.jpg,no
Chaetodon_ornatissimus_iNaturalist_123987464.jpg,Chaetodon ornatissimus,inaturalist,0.0,no,template_ok,0.11,Chaetodon_ornatissimus_Bishop_164962524.jpg,no
Chaetodon_ornatissimus_iNaturalist_179512141.jpg,Chaetodon ornatissimus,inaturalist,8.3,no,template_ok,0.0216,Chaetodon_ornatissimus_Bishop_164962524.jpg,no
Chaetodon_ornatissimus_iNaturalist_179799134.jpg,Chaetodon ornatissimus,inaturalist,6.6,no,template_uncertain,0.0946,Chaetodon_ornatissimus_Bishop_164962524.jpg,yes
Chaetodon_ornatissimus_iNaturalist_248887270.jpg,Chaetodon ornatissimus,inaturalist,-17.7,no,template_ok,0.0027,Chaetodon_ornatissimus_Bishop_164962524.jpg,no
Chaetodon_ornatissimus_iNaturalist_306927692.jpg,Chaetodon ornatissimus,inaturalist,0.0,no,template_ok,0.0039,Chaetodon_ornatissimus_Bishop_164962524.jpg,no
Chaetodon_ornatissimus_iNaturalist_355757662.jpg,Chaetodon ornatissimus,inaturalist,0.0,no,template_uncertain,0.0504,Chaetodon_ornatissimus_Bishop_164962524.jpg,yes
Chaetodon_ornatissimus_iNaturalist_436943971.jpg,Chaetodon ornatissimus,inaturalist,10.3,no,template_ok,0.036,Chaetodon_ornatissimus_Bishop_164962524.jpg,no
Chaetodon_ornatissimus_iNaturalist_442103313.jpg,Chaetodon ornatissimus,inaturalist,8.8,no,template_ok,0.0244,Chaetodon_ornatissimus_Bishop_164962524.jpg,no
Chaetodon_ornatissimus_iNaturalist_4956860.jpg,Chaetodon ornatissimus,inaturalist,16.1,no,template_ok,0.0473,Chaetodon_ornatissimus_Bishop_164962524.jpg,no
Chaetodon_ornatissimus_iNaturalist_71820287.jpg,Chaetodon ornatissimus,inaturalist,8.0,no,template_ok,0.1146,Chaetodon_ornatissimus_Bishop_164962524.jpg,no
Chaetodon_ornatissimus_FishWise_051623F000009W000009.jpg,Chaetodon ornatissimus,other,4.9,no,template_uncertain,0.0516,Chaetodon_ornatissimus_Bishop_164962524.jpg,yes
Chaetodon_ornatissimus_FishWise_051623F000009W000010.jpg,Chaetodon ornatissimus,other,4.9,no,template_ok,0.0856,Chaetodon_ornatissimus_Bishop_164962524.jpg,no
Chaetodon_ornatissimus_FishWise_051623F000009W000011.jpg,Chaetodon ornatissimus,other,4.5,no,template_ok,0.0747,Chaetodon_ornatissimus_Bishop_164962524.jpg,no
Chaetodon_ornatissimus_FishWise_051623F000009W000016.jpg,Chaetodon ornatissimus,other,2.2,no,template_ok,0.0116,Chaetodon_ornatissimus_Bishop_164962524.jpg,no
Chaetodon_ornatissimus_FishWise_051623F000009W000017.jpg,Chaetodon ornatissimus,other,2.0,no,template_ok,0.0387,Chaetodon_ornatissimus_Bishop_164962524.jpg,no
Chaetodon_ornatissimus_FishWise_051623F000009W000019.jpg,Chaetodon ornatissimus,other,0.0,no,template_ok,0.0192,Chaetodon_ornatissimus_Bishop_164962524.jpg,no
Chaetodon_ornatissimus_FishWise_051623F000009W000020.jpg,Chaetodon ornatissimus,other,2.0,no,template_ok,0.0387,Chaetodon_ornatissimus_Bishop_164962524.jpg,no
Chaetodon_ornatissimus_FishWise_051623F000024W000001.jpg,Chaetodon ornatissimus,other,-16.3,no,template_ok,0.0281,Chaetodon_ornatissimus_Bishop_164962524.jpg,no
Chaetodon_ornatissimus_FishWise_051623F000024W000003.jpg,Chaetodon ornatissimus,other,4.2,no,template_ok,0.0794,Chaetodon_ornatissimus_Bishop_164962524.jpg,no
Chaetodon_ornatissimus_FishWise_051623F000031W000004.jpg,Chaetodon ornatissimus,other,17.4,no,template_uncertain,0.0621,Chaetodon_ornatissimus_Bishop_164962524.jpg,yes
Chaetodon_ornatissimus_FishWise_051623F000039W000002.jpg,Chaetodon ornatissimus,other,3.3,no,template_ok,0.0418,Chaetodon_ornatissimus_Bishop_164962524.jpg,no
Chaetodon_ornatissimus_FishWise_051623F000112W000007.jpg,Chaetodon ornatissimus,other,2.6,no,template_ok,0.08,Chaetodon_ornatissimus_Bishop_164962524.jpg,no
Chaetodon_ornatissimus_FishWise_051623F000112W000013.jpg,Chaetodon ornatissimus,other,2.6,no,template_ok,0.0769,Chaetodon_ornatissimus_Bishop_164962524.jpg,no
Chaetodon_ornatissimus_FishWise_051623F000156W000005.jpg,Chaetodon ornatissimus,other,-12.1,no,template_ok,0.0459,Chaetodon_ornatissimus_Bishop_164962524.jpg,no
Chaetodon_ornatissimus_FishWise_051623F000492W000018.jpg,Chaetodon ornatissimus,other,6.7,no,template_ok,0.0768,Chaetodon_ornatissimus_Bishop_164962524.jpg,no
Chaetodon_oxycephalus_FishPix_22169AF.jpg,Chaetodon oxycephalus,fishpix,-5.3,no,trusted_flagged,0.3487,Chaetodon_oxycephalus_FishBaseUser_1577141959_172.68.102.78.jpg,yes
Chaetodon_oxycephalus_FishBase_Choxy_u0.jpg,Chaetodon oxycephalus,fishbase,6.8,no,trusted_source,0.5534,Chaetodon_oxycephalus_FishBaseUser_1577141959_172.68.102.78.jpg,no
Chaetodon_oxycephalus_FishBase_Choxy_ua.jpg,Chaetodon oxycephalus,fishbase,8.2,no,trusted_source,0.6113,Chaetodon_oxycephalus_FishBaseUser_1577141959_172.68.102.78.jpg,no
Chaetodon_oxycephalus_FishBaseUser_1486517905_162.158.230.121.jpg,Chaetodon oxycephalus,fishbase,-14.8,no,trusted_source,0.0264,Chaetodon_oxycephalus_FishBaseUser_1577141959_172.68.102.78.jpg,no
Chaetodon_oxycephalus_FishBaseUser_1577141959_172.68.102.78.jpg,Chaetodon oxycephalus,fishbase,0.0,no,trusted_source,1.0,Chaetodon_oxycephalus_FishBaseUser_1577141959_172.68.102.78.jpg,no
Chaetodon_oxycephalus_FishBaseUser_1655919649_172.70.178.225.jpg,Chaetodon oxycephalus,fishbase,-5.0,no,trusted_source,0.0384,Chaetodon_oxycephalus_FishBaseUser_1577141959_172.68.102.78.jpg,no
Chaetodon_oxycephalus_FishBaseUser_1752920869_219.77.80.48.jpg,Chaetodon oxycephalus,fishbase,0.0,no,trusted_source,0.0817,Chaetodon_oxycephalus_FishBaseUser_1577141959_172.68.102.78.jpg,no
Chaetodon_oxycephalus_iNaturalist_19630338.jpg,Chaetodon oxycephalus,inaturalist,-14.3,no,template_ok,0.0645,Chaetodon_oxycephalus_FishBaseUser_1577141959_172.68.102.78.jpg,no
Chaetodon_oxycephalus_iNaturalist_423160550.jpg,Chaetodon oxycephalus,inaturalist,12.7,no,template_ok,0.203,Chaetodon_oxycephalus_FishBaseUser_1577141959_172.68.102.78.jpg,no
Chaetodon_oxycephalus_iNaturalist_448971545.jpg,Chaetodon oxycephalus,inaturalist,0.0,yes,template_flip,0.1588,Chaetodon_oxycephalus_FishBaseUser_1577141959_172.68.102.78.jpg,no
Chaetodon_oxycephalus_iNaturalist_458154395.jpg,Chaetodon oxycephalus,inaturalist,15.1,no,template_ok,0.0147,Chaetodon_oxycephalus_FishBaseUser_1577141959_172.68.102.78.jpg,no
Chaetodon_oxycephalus_iNaturalist_463479666.jpg,Chaetodon oxycephalus,inaturalist,0.0,no,template_ok,0.3122,Chaetodon_oxycephalus_FishBaseUser_1577141959_172.68.102.78.jpg,no
Chaetodon_oxycephalus_iNaturalist_474167620.jpg,Chaetodon oxycephalus,inaturalist,9.6,no,template_uncertain,0.1429,Chaetodon_oxycephalus_FishBaseUser_1577141959_172.68.102.78.jpg,yes
Chaetodon_oxycephalus_iNaturalist_474167629.jpg,Chaetodon oxycephalus,inaturalist,7.5,no,template_ok,0.4023,Chaetodon_oxycephalus_FishBaseUser_1577141959_172.68.102.78.jpg,no
Chaetodon_oxycephalus_iNaturalist_487815001.jpg,Chaetodon oxycephalus,inaturalist,0.0,no,template_ok,0.5587,Chaetodon_oxycephalus_FishBaseUser_1577141959_172.68.102.78.jpg,no
Chaetodon_oxycephalus_iNaturalist_564242487.jpg,Chaetodon oxycephalus,inaturalist,0.0,yes,template_flip,0.2611,Chaetodon_oxycephalus_FishBaseUser_1577141959_172.68.102.78.jpg,no
Chaetodon_oxycephalus_iNaturalist_59429662.jpg,Chaetodon oxycephalus,inaturalist,-5.8,no,template_ok,0.318,Chaetodon_oxycephalus_FishBaseUser_1577141959_172.68.102.78.jpg,no
Chaetodon_oxycephalus_FishWise_052042F000009W000002.jpg,Chaetodon oxycephalus,other,2.9,no,template_ok,0.4815,Chaetodon_oxycephalus_FishBaseUser_1577141959_172.68.102.78.jpg,no
Chaetodon_paucifasciatus_FishBase_Chpau_u0.jpg,Chaetodon paucifasciatus,fishbase,12.2,no,trusted_source,0.0017,Chaetodon_paucifasciatus_Bishop_-1576082838.jpg,no
Chaetodon_paucifasciatus_Bishop_-1576082838.jpg,Chaetodon paucifasciatus,bishop,2.2,no,trusted_source,1.0,Chaetodon_paucifasciatus_Bishop_-1576082838.jpg,no
Chaetodon_paucifasciatus_FishBase_Chpau_u1.jpg,Chaetodon paucifasciatus,fishbase,2.1,no,trusted_source,0.0885,Chaetodon_paucifasciatus_Bishop_-1576082838.jpg,no
Chaetodon_paucifasciatus_FishBase_Chpau_u2.jpg,Chaetodon paucifasciatus,fishbase,0.0,no,trusted_source,0.0387,Chaetodon_paucifasciatus_Bishop_-1576082838.jpg,no
Chaetodon_paucifasciatus_FishBase_Chpau_u3.jpg,Chaetodon paucifasciatus,fishbase,6.3,no,trusted_source,0.0372,Chaetodon_paucifasciatus_Bishop_-1576082838.jpg,no
Chaetodon_paucifasciatus_FishBase_Chpau_u4.jpg,Chaetodon paucifasciatus,fishbase,9.7,no,trusted_source,0.016,Chaetodon_paucifasciatus_Bishop_-1576082838.jpg,no
Chaetodon_paucifasciatus_FishBaseUser_1376819168_85.71.241.46.jpg,Chaetodon paucifasciatus,fishbase,5.3,no,trusted_source,0.0628,Chaetodon_paucifasciatus_Bishop_-1576082838.jpg,no
Chaetodon_paucifasciatus_FishBaseUser_1499758323_162.158.230.28.jpg,Chaetodon paucifasciatus,fishbase,-5.1,no,trusted_source,0.0275,Chaetodon_paucifasciatus_Bishop_-1576082838.jpg,no
Chaetodon_paucifasciatus_FishBaseUser_1499758474_162.158.230.28.jpg,Chaetodon paucifasciatus,fishbase,-8.2,no,trusted_source,0.079,Chaetodon_paucifasciatus_Bishop_-1576082838.jpg,no
Chaetodon_paucifasciatus_FishBaseUser_1508799724_172.68.102.54.jpg,Chaetodon paucifasciatus,fishbase,4.1,no,trusted_source,0.0334,Chaetodon_paucifasciatus_Bishop_-1576082838.jpg,no
Chaetodon_paucifasciatus_FishBaseUser_1655397149_172.71.102.121.jpg,Chaetodon paucifasciatus,fishbase,0.0,no,trusted_source,0.0333,Chaetodon_paucifasciatus_Bishop_-1576082838.jpg,no
Chaetodon_paucifasciatus_FishBaseUser_1668976671_172.71.30.106.jpg,Chaetodon paucifasciatus,fishbase,0.0,no,trusted_source,0.0164,Chaetodon_paucifasciatus_Bishop_-1576082838.jpg,no
Chaetodon_paucifasciatus_FishBaseUser_1705777233_172.70.255.60.jpg,Chaetodon paucifasciatus,fishbase,0.0,no,trusted_source,0.0082,Chaetodon_paucifasciatus_Bishop_-1576082838.jpg,no
Chaetodon_paucifasciatus_FishBaseUser_1705777333_172.70.82.152.jpg,Chaetodon paucifasciatus,fishbase,0.0,no,trusted_source,0.0282,Chaetodon_paucifasciatus_Bishop_-1576082838.jpg,no
Chaetodon_paucifasciatus_iNaturalist_157577460.jpg,Chaetodon paucifasciatus,inaturalist,-6.8,no,template_ok,0.0644,Chaetodon_paucifasciatus_Bishop_-1576082838.jpg,no
Chaetodon_paucifasciatus_iNaturalist_157577598.jpg,Chaetodon paucifasciatus,inaturalist,-8.0,no,template_ok,0.07,Chaetodon_paucifasciatus_Bishop_-1576082838.jpg,no
Chaetodon_paucifasciatus_iNaturalist_157581191.jpg,Chaetodon paucifasciatus,inaturalist,-6.0,no,template_ok,0.0519,Chaetodon_paucifasciatus_Bishop_-1576082838.jpg,no
Chaetodon_paucifasciatus_iNaturalist_379831846.jpg,Chaetodon paucifasciatus,inaturalist,9.4,no,template_ok,0.0096,Chaetodon_paucifasciatus_Bishop_-1576082838.jpg,no
Chaetodon_paucifasciatus_iNaturalist_448628514.jpg,Chaetodon paucifasciatus,inaturalist,6.6,no,template_ok,0.008,Chaetodon_paucifasciatus_Bishop_-1576082838.jpg,no
Chaetodon_paucifasciatus_iNaturalist_449356891.jpg,Chaetodon paucifasciatus,inaturalist,0.0,no,template_ok,0.0366,Chaetodon_paucifasciatus_Bishop_-1576082838.jpg,no
Chaetodon_paucifasciatus_iNaturalist_449950227.jpg,Chaetodon paucifasciatus,inaturalist,-18.2,no,template_uncertain,0.0571,Chaetodon_paucifasciatus_Bishop_-1576082838.jpg,yes
Chaetodon_paucifasciatus_iNaturalist_459516012.jpg,Chaetodon paucifasciatus,inaturalist,-9.2,no,template_ok,0.0093,Chaetodon_paucifasciatus_Bishop_-1576082838.jpg,no
Chaetodon_paucifasciatus_iNaturalist_461212819.jpg,Chaetodon paucifasciatus,inaturalist,0.0,yes,template_flip,0.1947,Chaetodon_paucifasciatus_Bishop_-1576082838.jpg,no
Chaetodon_paucifasciatus_iNaturalist_70239542.jpg,Chaetodon paucifasciatus,inaturalist,-7.9,no,template_uncertain,0.0717,Chaetodon_paucifasciatus_Bishop_-1576082838.jpg,yes
Chaetodon_paucifasciatus_FishWise_053582F000009W000005.jpg,Chaetodon paucifasciatus,other,-6.1,no,template_ok,0.0338,Chaetodon_paucifasciatus_Bishop_-1576082838.jpg,no
Chaetodon_paucifasciatus_FishWise_053582F000009W000006.jpg,Chaetodon paucifasciatus,other,3.2,no,template_ok,0.0588,Chaetodon_paucifasciatus_Bishop_-1576082838.jpg,no
Chaetodon_paucifasciatus_FishWise_053582F000009W000007.jpg,Chaetodon paucifasciatus,other,0.0,no,template_ok,0.0313,Chaetodon_paucifasciatus_Bishop_-1576082838.jpg,no
Chaetodon_paucifasciatus_FishWise_053582F000009W000012.jpg,Chaetodon paucifasciatus,other,5.6,no,template_ok,0.0555,Chaetodon_paucifasciatus_Bishop_-1576082838.jpg,no
Chaetodon_paucifasciatus_FishWise_053582F000167W000008.jpg,Chaetodon paucifasciatus,other,0.0,no,template_uncertain,0.0659,Chaetodon_paucifasciatus_Bishop_-1576082838.jpg,yes
Chaetodon_paucifasciatus_FishWise_053582F000175W000003.jpg,Chaetodon paucifasciatus,other,19.9,no,template_ok,0.0194,Chaetodon_paucifasciatus_Bishop_-1576082838.jpg,no
Chaetodon_paucifasciatus_FishWise_053582F000387W000014.jpg,Chaetodon paucifasciatus,other,0.0,no,template_ok,0.0405,Chaetodon_paucifasciatus_Bishop_-1576082838.jpg,no
Chaetodon_pelewensis_FishPix_28225AF.jpg,Chaetodon pelewensis,fishpix,-15.7,no,trusted_source,0.0082,Chaetodon_pelewensis_Bishop_-460781405.jpg,no
Chaetodon_pelewensis_Bishop_-460781405.jpg,Chaetodon pelewensis,bishop,0.0,no,trusted_source,1.0,Chaetodon_pelewensis_Bishop_-460781405.jpg,no
Chaetodon_pelewensis_FishBase_Chpel_u1.jpg,Chaetodon pelewensis,fishbase,0.0,no,trusted_source,0.0533,Chaetodon_pelewensis_Bishop_-460781405.jpg,no
Chaetodon_pelewensis_FishBase_Chpel_u2.jpg,Chaetodon pelewensis,fishbase,9.2,no,trusted_source,0.0424,Chaetodon_pelewensis_Bishop_-460781405.jpg,no
Chaetodon_pelewensis_FishBase_Chpel_u3.jpg,Chaetodon pelewensis,fishbase,9.5,no,trusted_source,0.0315,Chaetodon_pelewensis_Bishop_-460781405.jpg,no
Chaetodon_pelewensis_FishBase_Chpel_u5.jpg,Chaetodon pelewensis,fishbase,19.8,no,trusted_source,0.0264,Chaetodon_pelewensis_Bishop_-460781405.jpg,no
Chaetodon_pelewensis_FishBaseUser_1508799935_172.68.102.54.jpg,Chaetodon pelewensis,fishbase,0.0,no,trusted_source,0.0049,Chaetodon_pelewensis_Bishop_-460781405.jpg,no
Chaetodon_pelewensis_FishBaseUser_1596612426_172.69.14.136.jpg,Chaetodon pelewensis,fishbase,-3.5,no,trusted_source,0.0593,Chaetodon_pelewensis_Bishop_-460781405.jpg,no
Chaetodon_pelewensis_FishBaseUser_1703891637_172.70.55.134.jpg,Chaetodon pelewensis,fishbase,0.0,no,trusted_source,0.0598,Chaetodon_pelewensis_Bishop_-460781405.jpg,no
Chaetodon_pelewensis_FishBaseUser_1706113459_108.162.212.38.jpg,Chaetodon pelewensis,fishbase,12.6,no,trusted_source,0.0022,Chaetodon_pelewensis_Bishop_-460781405.jpg,no
Chaetodon_pelewensis_FishBaseUser_1706113534_172.70.54.82.jpg,Chaetodon pelewensis,fishbase,0.0,no,trusted_source,0.0449,Chaetodon_pelewensis_Bishop_-460781405.jpg,no
Chaetodon_pelewensis_FishBaseUser_1734298768_162.158.154.114.jpg,Chaetodon pelewensis,fishbase,0.0,no,trusted_source,0.0037,Chaetodon_pelewensis_Bishop_-460781405.jpg,no
Chaetodon_pelewensis_iNaturalist_161020063.jpg,Chaetodon pelewensis,inaturalist,-10.6,no,template_ok,0.0129,Chaetodon_pelewensis_Bishop_-460781405.jpg,no
Chaetodon_pelewensis_iNaturalist_197012322.jpg,Chaetodon pelewensis,inaturalist,-16.6,no,template_ok,0.0137,Chaetodon_pelewensis_Bishop_-460781405.jpg,no
Chaetodon_pelewensis_iNaturalist_232521598.jpg,Chaetodon pelewensis,inaturalist,19.6,no,template_ok,0.0026,Chaetodon_pelewensis_Bishop_-460781405.jpg,no
Chaetodon_pelewensis_iNaturalist_249701121.jpg,Chaetodon pelewensis,inaturalist,6.2,no,template_ok,0.0602,Chaetodon_pelewensis_Bishop_-460781405.jpg,no
Chaetodon_pelewensis_iNaturalist_287497554.jpg,Chaetodon pelewensis,inaturalist,0.0,no,template_ok,0.0056,Chaetodon_pelewensis_Bishop_-460781405.jpg,no
Chaetodon_pelewensis_iNaturalist_463900843.jpg,Chaetodon pelewensis,inaturalist,0.0,no,template_ok,0.0235,Chaetodon_pelewensis_Bishop_-460781405.jpg,no
Chaetodon_pelewensis_iNaturalist_487815372.jpg,Chaetodon pelewensis,inaturalist,0.0,no,template_ok,0.0328,Chaetodon_pelewensis_Bishop_-460781405.jpg,no
Chaetodon_pelewensis_iNaturalist_561259185.jpg,Chaetodon pelewensis,inaturalist,-2.6,no,template_ok,0.0351,Chaetodon_pelewensis_Bishop_-460781405.jpg,no
Chaetodon_pelewensis_iNaturalist_590667200.jpg,Chaetodon pelewensis,inaturalist,-10.0,no,template_ok,0.0426,Chaetodon_pelewensis_Bishop_-460781405.jpg,no
Chaetodon_pelewensis_iNaturalist_599436484.jpg,Chaetodon pelewensis,inaturalist,-13.5,no,template_ok,0.0678,Chaetodon_pelewensis_Bishop_-460781405.jpg,no
Chaetodon_pelewensis_FishWise_054006F000112W000003.jpg,Chaetodon pelewensis,other,3.5,no,template_ok,0.0516,Chaetodon_pelewensis_Bishop_-460781405.jpg,no
Chaetodon_pelewensis_FishWise_054006F000112W000005.jpg,Chaetodon pelewensis,other,4.4,no,template_ok,0.0277,Chaetodon_pelewensis_Bishop_-460781405.jpg,no
Chaetodon_pelewensis_FishWise_054006F000387W000006.jpg,Chaetodon pelewensis,other,2.6,no,template_ok,0.0142,Chaetodon_pelewensis_Bishop_-460781405.jpg,no
Chaetodon_pictus_iNaturalist_173874324.jpg,Chaetodon pictus,inaturalist,0.0,no,template_ok,0.1776,Chaetodon_pictus_FishBaseUser_1509180597_172.68.102.54.jpg,no
Chaetodon_pictus_FishBaseUser_1364915741_182.178.114.223.jpg,Chaetodon pictus,fishbase,5.0,no,trusted_source,0.0847,Chaetodon_pictus_FishBaseUser_1509180597_172.68.102.54.jpg,no
Chaetodon_pictus_FishBaseUser_1445595557_39.50.251.126.jpg,Chaetodon pictus,fishbase,6.1,no,trusted_source,0.0551,Chaetodon_pictus_FishBaseUser_1509180597_172.68.102.54.jpg,no
Chaetodon_pictus_FishBaseUser_1445595584_39.57.4.85.jpg,Chaetodon pictus,fishbase,4.8,no,trusted_source,0.0899,Chaetodon_pictus_FishBaseUser_1509180597_172.68.102.54.jpg,no
Chaetodon_pictus_FishBaseUser_1445595668_39.57.4.85.jpg,Chaetodon pictus,fishbase,8.4,no,trusted_source,0.4317,Chaetodon_pictus_FishBaseUser_1509180597_172.68.102.54.jpg,no
Chaetodon_pictus_FishBaseUser_1509180597_172.68.102.54.jpg,Chaetodon pictus,fishbase,6.7,no,trusted_source,1.0,Chaetodon_pictus_FishBaseUser_1509180597_172.68.102.54.jpg,no
Chaetodon_pictus_iNaturalist_179955261.jpg,Chaetodon pictus,inaturalist,-11.2,yes,template_flip,0.5135,Chaetodon_pictus_FishBaseUser_1509180597_172.68.102.54.jpg,no
Chaetodon_pictus_iNaturalist_184329464.jpg,Chaetodon pictus,inaturalist,0.0,no,template_ok,0.2679,Chaetodon_pictus_FishBaseUser_1509180597_172.68.102.54.jpg,no
Chaetodon_pictus_iNaturalist_184329489.jpg,Chaetodon pictus,inaturalist,5.9,no,template_ok,0.0249,Chaetodon_pictus_FishBaseUser_1509180597_172.68.102.54.jpg,no
Chaetodon_pictus_iNaturalist_328475415.jpg,Chaetodon pictus,inaturalist,-2.5,no,template_ok,0.0263,Chaetodon_pictus_FishBaseUser_1509180597_172.68.102.54.jpg,no
Chaetodon_pictus_iNaturalist_60591745.jpg,Chaetodon pictus,inaturalist,0.0,yes,template_flip,0.307,Chaetodon_pictus_FishBaseUser_1509180597_172.68.102.54.jpg,no
Chaetodon_pictus_iNaturalist_606694537.jpg,Chaetodon pictus,inaturalist,0.0,no,template_ok,0.4122,Chaetodon_pictus_FishBaseUser_1509180597_172.68.102.54.jpg,no
Chaetodon_pictus_FishWise_055168F000024W000002.jpg,Chaetodon pictus,other,3.7,no,template_uncertain,0.1331,Chaetodon_pictus_FishBaseUser_1509180597_172.68.102.54.jpg,yes
Chaetodon_pictus_FishWise_055168F000049W000003.jpg,Chaetodon pictus,other,2.9,yes,template_flip,0.1603,Chaetodon_pictus_FishBaseUser_1509180597_172.68.102.54.jpg,no
Chaetodon_plebeius_FishPix_107951AF.jpg,Chaetodon plebeius,fishpix,2.8,no,trusted_source,0.0633,Chaetodon_plebeius_Bishop_-531604202.jpg,no
Chaetodon_plebeius_Bishop_-113106721.jpg,Chaetodon plebeius,bishop,-5.4,no,trusted_source,0.0787,Chaetodon_plebeius_Bishop_-531604202.jpg,no
Chaetodon_plebeius_Bishop_-243381367.jpg,Chaetodon plebeius,bishop,0.0,no,trusted_source,0.0935,Chaetodon_plebeius_Bishop_-531604202.jpg,no
Chaetodon_plebeius_Bishop_-531604202.jpg,Chaetodon plebeius,bishop,0.0,no,trusted_source,1.0,Chaetodon_plebeius_Bishop_-531604202.jpg,no
Chaetodon_plebeius_FishBase_Chple_u0.jpg,Chaetodon plebeius,fishbase,-15.9,no,trusted_source,0.0726,Chaetodon_plebeius_Bishop_-531604202.jpg,no
Chaetodon_plebeius_FishBase_Chple_u1.jpg,Chaetodon plebeius,fishbase,2.6,no,trusted_source,0.0264,Chaetodon_plebeius_Bishop_-531604202.jpg,no
Chaetodon_plebeius_FishBase_Chple_u3.jpg,Chaetodon plebeius,fishbase,0.0,no,trusted_source,0.0922,Chaetodon_plebeius_Bishop_-531604202.jpg,no
Chaetodon_plebeius_FishBase_Chple_u4.jpg,Chaetodon plebeius,fishbase,0.0,no,trusted_source,0.1075,Chaetodon_plebeius_Bishop_-531604202.jpg,no
Chaetodon_plebeius_FishBase_Chple_u5.jpg,Chaetodon plebeius,fishbase,0.0,no,trusted_source,0.0575,Chaetodon_plebeius_Bishop_-531604202.jpg,no
Chaetodon_plebeius_FishBaseUser_1342398189_24.185.16.14.jpg,Chaetodon plebeius,fishbase,-3.5,no,trusted_source,0.0731,Chaetodon_plebeius_Bishop_-531604202.jpg,no
Chaetodon_plebeius_FishBaseUser_1441345149_117.206.95.248.jpg,Chaetodon plebeius,fishbase,0.0,no,trusted_source,0.0033,Chaetodon_plebeius_Bishop_-531604202.jpg,no
Chaetodon_plebeius_FishBaseUser_1509180900_172.68.102.54.jpg,Chaetodon plebeius,fishbase,0.0,no,trusted_source,0.1111,Chaetodon_plebeius_Bishop_-531604202.jpg,no
Chaetodon_plebeius_FishBaseUser_1564641662_162.158.167.114.jpg,Chaetodon plebeius,fishbase,0.0,no,trusted_source,0.042,Chaetodon_plebeius_Bishop_-531604202.jpg,no
Chaetodon_plebeius_FishBaseUser_1652806488_172.70.147.143.jpg,Chaetodon plebeius,fishbase,-6.9,no,trusted_source,0.1166,Chaetodon_plebeius_Bishop_-531604202.jpg,no
Chaetodon_plebeius_FishBaseUser_1703891867_172.70.55.134.jpg,Chaetodon plebeius,fishbase,0.0,no,trusted_source,0.0014,Chaetodon_plebeius_Bishop_-531604202.jpg,no
Chaetodon_plebeius_iNaturalist_14167014.jpg,Chaetodon plebeius,inaturalist,0.0,no,template_ok,0.0763,Chaetodon_plebeius_Bishop_-531604202.jpg,no
Chaetodon_plebeius_iNaturalist_302022715.jpg,Chaetodon plebeius,inaturalist,17.0,no,template_ok,0.031,Chaetodon_plebeius_Bishop_-531604202.jpg,no
Chaetodon_plebeius_iNaturalist_302022740.jpg,Chaetodon plebeius,inaturalist,0.0,no,template_ok,0.007,Chaetodon_plebeius_Bishop_-531604202.jpg,no
Chaetodon_plebeius_iNaturalist_443767734.jpg,Chaetodon plebeius,inaturalist,-6.4,no,template_ok,0.0596,Chaetodon_plebeius_Bishop_-531604202.jpg,no
Chaetodon_plebeius_iNaturalist_536418434.jpg,Chaetodon plebeius,inaturalist,12.8,no,template_ok,0.0727,Chaetodon_plebeius_Bishop_-531604202.jpg,no
Chaetodon_plebeius_iNaturalist_575948942.jpg,Chaetodon plebeius,inaturalist,15.6,no,template_ok,0.0587,Chaetodon_plebeius_Bishop_-531604202.jpg,no
Chaetodon_plebeius_iNaturalist_607534630.jpg,Chaetodon plebeius,inaturalist,-14.7,no,template_ok,0.021,Chaetodon_plebeius_Bishop_-531604202.jpg,no
Chaetodon_plebeius_iNaturalist_607534632.jpg,Chaetodon plebeius,inaturalist,0.0,no,template_ok,0.0036,Chaetodon_plebeius_Bishop_-531604202.jpg,no
Chaetodon_plebeius_iNaturalist_607534637.jpg,Chaetodon plebeius,inaturalist,7.3,no,template_ok,0.0495,Chaetodon_plebeius_Bishop_-531604202.jpg,no
Chaetodon_plebeius_iNaturalist_607534649.jpg,Chaetodon plebeius,inaturalist,5.7,no,template_ok,0.0516,Chaetodon_plebeius_Bishop_-531604202.jpg,no
Chaetodon_plebeius_FishWise_055849F000112W000007.jpg,Chaetodon plebeius,other,10.1,no,template_ok,0.0254,Chaetodon_plebeius_Bishop_-531604202.jpg,no
Chaetodon_plebeius_FishWise_055849F000112W000008.jpg,Chaetodon plebeius,other,4.3,no,template_ok,0.0504,Chaetodon_plebeius_Bishop_-531604202.jpg,no
Chaetodon_punctatofasciatus_FishPix_10063AF.jpg,Chaetodon punctatofasciatus,fishpix,-17.7,no,trusted_source,0.0683,Chaetodon_punctatofasciatus_Bishop_1458053428.jpg,no
Chaetodon_punctatofasciatus_Bishop_1458053428.jpg,Chaetodon punctatofasciatus,bishop,2.4,no,trusted_source,1.0,Chaetodon_punctatofasciatus_Bishop_1458053428.jpg,no
Chaetodon_punctatofasciatus_FishBase_Chpun_u0.jpg,Chaetodon punctatofasciatus,fishbase,-4.9,no,trusted_source,0.0226,Chaetodon_punctatofasciatus_Bishop_1458053428.jpg,no
Chaetodon_punctatofasciatus_FishBase_Chpun_u1.jpg,Chaetodon punctatofasciatus,fishbase,-2.3,no,trusted_source,0.0136,Chaetodon_punctatofasciatus_Bishop_1458053428.jpg,no
Chaetodon_punctatofasciatus_FishBase_Chpun_u3.jpg,Chaetodon punctatofasciatus,fishbase,2.4,no,trusted_source,0.0632,Chaetodon_punctatofasciatus_Bishop_1458053428.jpg,no
Chaetodon_punctatofasciatus_FishBase_Chpun_uo.jpg,Chaetodon punctatofasciatus,fishbase,-7.1,no,trusted_source,0.0328,Chaetodon_punctatofasciatus_Bishop_1458053428.jpg,no
Chaetodon_punctatofasciatus_FishBaseUser_1404900598_82.4.49.242.jpg,Chaetodon punctatofasciatus,fishbase,2.6,no,trusted_source,0.0397,Chaetodon_punctatofasciatus_Bishop_1458053428.jpg,no
Chaetodon_punctatofasciatus_FishBaseUser_1444531758_24.215.186.224.jpg,Chaetodon punctatofasciatus,fishbase,-9.9,no,trusted_source,0.0278,Chaetodon_punctatofasciatus_Bishop_1458053428.jpg,no
Chaetodon_punctatofasciatus_FishBaseUser_1469522223_162.158.167.12.jpg,Chaetodon punctatofasciatus,fishbase,7.5,no,trusted_source,0.0321,Chaetodon_punctatofasciatus_Bishop_1458053428.jpg,no
Chaetodon_punctatofasciatus_FishBaseUser_1480257181_162.158.166.138.jpg,Chaetodon punctatofasciatus,fishbase,0.0,no,trusted_source,0.0339,Chaetodon_punctatofasciatus_Bishop_1458053428.jpg,no
Chaetodon_punctatofasciatus_FishBaseUser_1492969549_108.162.216.108.jpg,Chaetodon punctatofasciatus,fishbase,-16.9,no,trusted_source,0.0634,Chaetodon_punctatofasciatus_Bishop_1458053428.jpg,no
Chaetodon_punctatofasciatus_FishBaseUser_1509181158_172.68.102.54.jpg,Chaetodon punctatofasciatus,fishbase,0.0,no,trusted_source,0.0562,Chaetodon_punctatofasciatus_Bishop_1458053428.jpg,no
Chaetodon_punctatofasciatus_FishBaseUser_1577142157_172.68.102.78.jpg,Chaetodon punctatofasciatus,fishbase,-11.5,no,trusted_source,0.0301,Chaetodon_punctatofasciatus_Bishop_1458053428.jpg,no
Chaetodon_punctatofasciatus_FishBaseUser_1603232319_162.158.187.197.jpg,Chaetodon punctatofasciatus,fishbase,-4.3,no,trusted_source,0.1078,Chaetodon_punctatofasciatus_Bishop_1458053428.jpg,no
Chaetodon_punctatofasciatus_FishBaseUser_1617659926_162.158.75.92.jpg,Chaetodon punctatofasciatus,fishbase,2.9,no,trusted_source,0.0017,Chaetodon_punctatofasciatus_Bishop_1458053428.jpg,no
Chaetodon_punctatofasciatus_FishBaseUser_1704989690_172.70.83.27.jpg,Chaetodon punctatofasciatus,fishbase,0.0,no,trusted_source,0.0375,Chaetodon_punctatofasciatus_Bishop_1458053428.jpg,no
Chaetodon_punctatofasciatus_FishBaseUser_1706914701_172.70.254.22.jpg,Chaetodon punctatofasciatus,fishbase,-17.5,no,trusted_source,0.0087,Chaetodon_punctatofasciatus_Bishop_1458053428.jpg,no
Chaetodon_punctatofasciatus_FishBaseUser_1747331061_185.193.156.153.jpg,Chaetodon punctatofasciatus,fishbase,15.4,no,trusted_source,0.0169,Chaetodon_punctatofasciatus_Bishop_1458053428.jpg,no
Chaetodon_punctatofasciatus_FishBaseUser_1747331073_185.193.156.153.jpg,Chaetodon punctatofasciatus,fishbase,9.6,no,trusted_source,0.0013,Chaetodon_punctatofasciatus_Bishop_1458053428.jpg,no
Chaetodon_punctatofasciatus_iNaturalist_164904201.jpg,Chaetodon punctatofasciatus,inaturalist,0.0,no,template_ok,0.0317,Chaetodon_punctatofasciatus_Bishop_1458053428.jpg,no
Chaetodon_punctatofasciatus_iNaturalist_178832147.jpg,Chaetodon punctatofasciatus,inaturalist,-3.8,no,template_ok,0.0043,Chaetodon_punctatofasciatus_Bishop_1458053428.jpg,no
Chaetodon_punctatofasciatus_iNaturalist_206693422.jpg,Chaetodon punctatofasciatus,inaturalist,-3.2,no,template_ok,0.0256,Chaetodon_punctatofasciatus_Bishop_1458053428.jpg,no
Chaetodon_punctatofasciatus_iNaturalist_255620804.jpg,Chaetodon punctatofasciatus,inaturalist,-14.5,no,template_ok,0.0207,Chaetodon_punctatofasciatus_Bishop_1458053428.jpg,no
Chaetodon_punctatofasciatus_iNaturalist_319541274.jpg,Chaetodon punctatofasciatus,inaturalist,14.8,no,template_ok,0.032,Chaetodon_punctatofasciatus_Bishop_1458053428.jpg,no
Chaetodon_punctatofasciatus_iNaturalist_465096696.jpg,Chaetodon punctatofasciatus,inaturalist,4.6,no,template_ok,0.0806,Chaetodon_punctatofasciatus_Bishop_1458053428.jpg,no
Chaetodon_punctatofasciatus_iNaturalist_477584508.jpg,Chaetodon punctatofasciatus,inaturalist,11.2,no,template_uncertain,0.0508,Chaetodon_punctatofasciatus_Bishop_1458053428.jpg,yes
Chaetodon_punctatofasciatus_iNaturalist_600955661.jpg,Chaetodon punctatofasciatus,inaturalist,5.2,no,template_ok,0.0131,Chaetodon_punctatofasciatus_Bishop_1458053428.jpg,no
Chaetodon_punctatofasciatus_iNaturalist_612954622.jpg,Chaetodon punctatofasciatus,inaturalist,16.1,no,template_ok,0.0147,Chaetodon_punctatofasciatus_Bishop_1458053428.jpg,no
Chaetodon_punctatofasciatus_FishWise_057807F000009W000005.jpg,Chaetodon punctatofasciatus,other,0.0,no,template_ok,0.0191,Chaetodon_punctatofasciatus_Bishop_1458053428.jpg,no
Chaetodon_punctatofasciatus_FishWise_057807F000009W000006.jpg,Chaetodon punctatofasciatus,other,15.4,no,template_ok,0.0074,Chaetodon_punctatofasciatus_Bishop_1458053428.jpg,no
Chaetodon_punctatofasciatus_FishWise_057807F000009W000011.jpg,Chaetodon punctatofasciatus,other,-6.1,no,template_ok,0.0138,Chaetodon_punctatofasciatus_Bishop_1458053428.jpg,no
Chaetodon_punctatofasciatus_FishWise_057807F000009W000012.jpg,Chaetodon punctatofasciatus,other,10.5,no,template_ok,0.007,Chaetodon_punctatofasciatus_Bishop_1458053428.jpg,no
Chaetodon_punctatofasciatus_FishWise_057807F000009W000013.jpg,Chaetodon punctatofasciatus,other,0.0,no,template_ok,0.0165,Chaetodon_punctatofasciatus_Bishop_1458053428.jpg,no
Chaetodon_punctatofasciatus_FishWise_057807F000009W000014.jpg,Chaetodon punctatofasciatus,other,6.6,no,template_ok,0.0377,Chaetodon_punctatofasciatus_Bishop_1458053428.jpg,no
Chaetodon_punctatofasciatus_FishWise_057807F000112W000007.jpg,Chaetodon punctatofasciatus,other,3.1,no,template_ok,0.0429,Chaetodon_punctatofasciatus_Bishop_1458053428.jpg,no
Chaetodon_punctatofasciatus_FishWise_057807F000112W000008.jpg,Chaetodon punctatofasciatus,other,4.5,no,template_ok,0.0583,Chaetodon_punctatofasciatus_Bishop_1458053428.jpg,no
Chaetodon_punctatofasciatus_FishWise_057807F000387W000009.jpg,Chaetodon punctatofasciatus,other,-8.6,no,template_ok,0.0038,Chaetodon_punctatofasciatus_Bishop_1458053428.jpg,no
Chaetodon_punctatofasciatus_FishWise_057807F000387W000010.jpg,Chaetodon punctatofasciatus,other,4.4,no,template_ok,0.026,Chaetodon_punctatofasciatus_Bishop_1458053428.jpg,no
Chaetodon_punctatofasciatus_FishWise_057807F000492W000015.jpg,Chaetodon punctatofasciatus,other,14.7,no,template_ok,0.0213,Chaetodon_punctatofasciatus_Bishop_1458053428.jpg,no
Chaetodon_quadrimaculatus_FishPix_26595AF.jpg,Chaetodon quadrimaculatus,fishpix,13.9,no,trusted_source,0.0945,Chaetodon_quadrimaculatus_FishBaseUser_1734299590_162.158.155.193.jpg,no
Chaetodon_quadrimaculatus_FishBase_Chqua_j0.jpg,Chaetodon quadrimaculatus,fishbase,9.0,no,trusted_source,0.0766,Chaetodon_quadrimaculatus_FishBaseUser_1734299590_162.158.155.193.jpg,no
Chaetodon_quadrimaculatus_FishBase_Chqua_u1.jpg,Chaetodon quadrimaculatus,fishbase,3.7,no,trusted_source,0.0643,Chaetodon_quadrimaculatus_FishBaseUser_1734299590_162.158.155.193.jpg,no
Chaetodon_quadrimaculatus_FishBase_Chqua_u2.jpg,Chaetodon quadrimaculatus,fishbase,15.8,no,trusted_source,0.0838,Chaetodon_quadrimaculatus_FishBaseUser_1734299590_162.158.155.193.jpg,no
Chaetodon_quadrimaculatus_FishBase_Chqua_u5.jpg,Chaetodon quadrimaculatus,fishbase,-8.3,no,trusted_source,0.1083,Chaetodon_quadrimaculatus_FishBaseUser_1734299590_162.158.155.193.jpg,no
Chaetodon_quadrimaculatus_FishBase_Chqua_u6.jpg,Chaetodon quadrimaculatus,fishbase,-4.7,no,trusted_source,0.1379,Chaetodon_quadrimaculatus_FishBaseUser_1734299590_162.158.155.193.jpg,no
Chaetodon_quadrimaculatus_FishBase_Chqua_u8.jpg,Chaetodon quadrimaculatus,fishbase,-13.9,no,trusted_source,0.1446,Chaetodon_quadrimaculatus_FishBaseUser_1734299590_162.158.155.193.jpg,no
Chaetodon_quadrimaculatus_FishBaseUser_1452100666_92.149.71.60.jpg,Chaetodon quadrimaculatus,fishbase,16.7,no,trusted_source,0.0154,Chaetodon_quadrimaculatus_FishBaseUser_1734299590_162.158.155.193.jpg,no
Chaetodon_quadrimaculatus_FishBaseUser_1473590004_108.162.215.216.jpg,Chaetodon quadrimaculatus,fishbase,0.0,no,trusted_source,0.0211,Chaetodon_quadrimaculatus_FishBaseUser_1734299590_162.158.155.193.jpg,no
Chaetodon_quadrimaculatus_FishBaseUser_1734299563_162.158.155.193.jpg,Chaetodon quadrimaculatus,fishbase,18.7,no,trusted_source,0.1352,Chaetodon_quadrimaculatus_FishBaseUser_1734299590_162.158.155.193.jpg,no
Chaetodon_quadrimaculatus_FishBaseUser_1734299590_162.158.155.193.jpg,Chaetodon quadrimaculatus,fishbase,3.8,no,trusted_source,1.0,Chaetodon_quadrimaculatus_FishBaseUser_1734299590_162.158.155.193.jpg,no
Chaetodon_quadrimaculatus_iNaturalist_234795159.jpg,Chaetodon quadrimaculatus,inaturalist,-12.4,no,template_uncertain,0.1024,Chaetodon_quadrimaculatus_FishBaseUser_1734299590_162.158.155.193.jpg,yes
Chaetodon_quadrimaculatus_iNaturalist_23523422.jpg,Chaetodon quadrimaculatus,inaturalist,-7.9,no,template_ok,0.0311,Chaetodon_quadrimaculatus_FishBaseUser_1734299590_162.158.155.193.jpg,no
Chaetodon_quadrimaculatus_iNaturalist_265786115.jpg,Chaetodon quadrimaculatus,inaturalist,0.0,no,template_ok,0.0096,Chaetodon_quadrimaculatus_FishBaseUser_1734299590_162.158.155.193.jpg,no
Chaetodon_quadrimaculatus_iNaturalist_297498864.jpg,Chaetodon quadrimaculatus,inaturalist,10.1,no,template_ok,0.0611,Chaetodon_quadrimaculatus_FishBaseUser_1734299590_162.158.155.193.jpg,no
Chaetodon_quadrimaculatus_iNaturalist_341846702.jpg,Chaetodon quadrimaculatus,inaturalist,-7.2,no,template_ok,0.0151,Chaetodon_quadrimaculatus_FishBaseUser_1734299590_162.158.155.193.jpg,no
Chaetodon_quadrimaculatus_iNaturalist_341846706.jpg,Chaetodon quadrimaculatus,inaturalist,-9.4,no,template_ok,0.0185,Chaetodon_quadrimaculatus_FishBaseUser_1734299590_162.158.155.193.jpg,no
Chaetodon_quadrimaculatus_iNaturalist_375423270.jpg,Chaetodon quadrimaculatus,inaturalist,0.0,no,template_ok,0.1434,Chaetodon_quadrimaculatus_FishBaseUser_1734299590_162.158.155.193.jpg,no
Chaetodon_quadrimaculatus_iNaturalist_439635542.jpg,Chaetodon quadrimaculatus,inaturalist,4.6,no,template_ok,0.0444,Chaetodon_quadrimaculatus_FishBaseUser_1734299590_162.158.155.193.jpg,no
Chaetodon_quadrimaculatus_iNaturalist_556077020.jpg,Chaetodon quadrimaculatus,inaturalist,4.4,no,template_ok,0.0446,Chaetodon_quadrimaculatus_FishBaseUser_1734299590_162.158.155.193.jpg,no
Chaetodon_quadrimaculatus_FishWise_058491F000009W000005.jpg,Chaetodon quadrimaculatus,other,3.5,no,template_ok,0.014,Chaetodon_quadrimaculatus_FishBaseUser_1734299590_162.158.155.193.jpg,no
Chaetodon_quadrimaculatus_FishWise_058491F000009W000006.jpg,Chaetodon quadrimaculatus,other,2.9,no,template_ok,0.0006,Chaetodon_quadrimaculatus_FishBaseUser_1734299590_162.158.155.193.jpg,no
Chaetodon_quadrimaculatus_FishWise_058491F000112W000003.jpg,Chaetodon quadrimaculatus,other,2.1,no,template_ok,0.0098,Chaetodon_quadrimaculatus_FishBaseUser_1734299590_162.158.155.193.jpg,no
Chaetodon_quadrimaculatus_FishWise_058491F006601W000007.jpg,Chaetodon quadrimaculatus,other,0.0,no,template_uncertain,0.0937,Chaetodon_quadrimaculatus_FishBaseUser_1734299590_162.158.155.193.jpg,yes
Chaetodon_rafflesii_FishPix_10012AF.jpg,Chaetodon rafflesii,fishpix,0.0,no,trusted_source,0.0403,Chaetodon_rafflesii_Bishop_497192485.jpg,no
Chaetodon_rafflesii_Bishop_-779601278.jpg,Chaetodon rafflesii,bishop,2.0,no,trusted_source,0.3092,Chaetodon_rafflesii_Bishop_497192485.jpg,no
Chaetodon_rafflesii_Bishop_497192485.jpg,Chaetodon rafflesii,bishop,8.0,no,trusted_source,1.0,Chaetodon_rafflesii_Bishop_497192485.jpg,no
Chaetodon_rafflesii_FishBase_Chraf_u0.jpg,Chaetodon rafflesii,fishbase,0.0,no,trusted_source,0.1236,Chaetodon_rafflesii_Bishop_497192485.jpg,no
Chaetodon_rafflesii_FishBase_Chraf_u1.jpg,Chaetodon rafflesii,fishbase,0.0,no,trusted_source,0.0319,Chaetodon_rafflesii_Bishop_497192485.jpg,no
Chaetodon_rafflesii_FishBase_Chraf_u2.jpg,Chaetodon rafflesii,fishbase,2.3,no,trusted_source,0.3994,Chaetodon_rafflesii_Bishop_497192485.jpg,no
Chaetodon_rafflesii_FishBase_Chraf_u3.jpg,Chaetodon rafflesii,fishbase,0.0,no,trusted_source,0.3025,Chaetodon_rafflesii_Bishop_497192485.jpg,no
Chaetodon_rafflesii_FishBase_Chraf_u4.jpg,Chaetodon rafflesii,fishbase,4.6,no,trusted_source,0.4034,Chaetodon_rafflesii_Bishop_497192485.jpg,no
Chaetodon_rafflesii_FishBaseUser_1354813960_86.28.236.182.jpg,Chaetodon rafflesii,fishbase,-19.2,no,trusted_source,0.3377,Chaetodon_rafflesii_Bishop_497192485.jpg,no
Chaetodon_rafflesii_FishBaseUser_1374873258_83.89.41.145.jpg,Chaetodon rafflesii,fishbase,6.0,no,trusted_source,0.2246,Chaetodon_rafflesii_Bishop_497192485.jpg,no
Chaetodon_rafflesii_FishBaseUser_1424584920_94.198.16.174.jpg,Chaetodon rafflesii,fishbase,-17.0,no,trusted_source,0.1873,Chaetodon_rafflesii_Bishop_497192485.jpg,no
Chaetodon_rafflesii_FishBaseUser_1509181396_172.68.102.54.jpg,Chaetodon rafflesii,fishbase,8.1,no,trusted_source,0.4471,Chaetodon_rafflesii_Bishop_497192485.jpg,no
Chaetodon_rafflesii_FishBaseUser_1527670754_162.158.22.192.jpg,Chaetodon rafflesii,fishbase,5.1,no,trusted_source,0.1474,Chaetodon_rafflesii_Bishop_497192485.jpg,no
Chaetodon_rafflesii_FishBaseUser_1577142348_172.68.102.78.jpg,Chaetodon rafflesii,fishbase,0.0,no,trusted_flagged,0.2932,Chaetodon_rafflesii_Bishop_497192485.jpg,yes
Chaetodon_rafflesii_FishBaseUser_1655755348_108.162.216.231.jpg,Chaetodon rafflesii,fishbase,-12.9,no,trusted_source,0.2761,Chaetodon_rafflesii_Bishop_497192485.jpg,no
Chaetodon_rafflesii_FishBaseUser_1747233018_95.95.129.49.jpg,Chaetodon rafflesii,fishbase,0.0,no,trusted_source,0.0522,Chaetodon_rafflesii_Bishop_497192485.jpg,no
Chaetodon_rafflesii_FishBaseUser_1747233083_95.95.129.49.jpg,Chaetodon rafflesii,fishbase,-9.5,no,trusted_source,0.1507,Chaetodon_rafflesii_Bishop_497192485.jpg,no
Chaetodon_rafflesii_iNaturalist_175108059.jpg,Chaetodon rafflesii,inaturalist,19.1,yes,template_flip,0.3367,Chaetodon_rafflesii_Bishop_497192485.jpg,no
Chaetodon_rafflesii_iNaturalist_175108072.jpg,Chaetodon rafflesii,inaturalist,0.0,no,template_ok,0.2407,Chaetodon_rafflesii_Bishop_497192485.jpg,no
Chaetodon_rafflesii_iNaturalist_333096953.jpg,Chaetodon rafflesii,inaturalist,-10.4,no,template_ok,0.3667,Chaetodon_rafflesii_Bishop_497192485.jpg,no
Chaetodon_rafflesii_iNaturalist_473127027.jpg,Chaetodon rafflesii,inaturalist,-10.4,no,template_ok,0.1944,Chaetodon_rafflesii_Bishop_497192485.jpg,no
Chaetodon_rafflesii_iNaturalist_473127044.jpg,Chaetodon rafflesii,inaturalist,-2.7,no,template_ok,0.5556,Chaetodon_rafflesii_Bishop_497192485.jpg,no
Chaetodon_rafflesii_iNaturalist_473127064.jpg,Chaetodon rafflesii,inaturalist,0.0,no,template_uncertain,0.1392,Chaetodon_rafflesii_Bishop_497192485.jpg,yes
Chaetodon_rafflesii_iNaturalist_54700090.jpg,Chaetodon rafflesii,inaturalist,0.0,yes,template_flip,0.3031,Chaetodon_rafflesii_Bishop_497192485.jpg,no
Chaetodon_rafflesii_iNaturalist_607548016.jpg,Chaetodon rafflesii,inaturalist,7.1,yes,template_flip,0.1652,Chaetodon_rafflesii_Bishop_497192485.jpg,no
Chaetodon_rafflesii_FishWise_058805F000009W000006.jpg,Chaetodon rafflesii,other,5.5,no,template_ok,0.3212,Chaetodon_rafflesii_Bishop_497192485.jpg,no
Chaetodon_rafflesii_FishWise_058805F000009W000008.jpg,Chaetodon rafflesii,other,0.0,no,template_ok,0.39,Chaetodon_rafflesii_Bishop_497192485.jpg,no
Chaetodon_rafflesii_FishWise_058805F000009W000009.jpg,Chaetodon rafflesii,other,3.1,no,template_ok,0.3315,Chaetodon_rafflesii_Bishop_497192485.jpg,no
Chaetodon_rafflesii_FishWise_058805F000009W000010.jpg,Chaetodon rafflesii,other,2.9,no,template_ok,0.3299,Chaetodon_rafflesii_Bishop_497192485.jpg,no
Chaetodon_rafflesii_FishWise_058805F000009W000011.jpg,Chaetodon rafflesii,other,3.0,no,template_ok,0.3403,Chaetodon_rafflesii_Bishop_497192485.jpg,no
Chaetodon_rafflesii_FishWise_058805F000112W000007.jpg,Chaetodon rafflesii,other,2.3,no,template_ok,0.4266,Chaetodon_rafflesii_Bishop_497192485.jpg,no
Chaetodon_rafflesii_FishWise_058805F000493W000012.jpg,Chaetodon rafflesii,other,-16.4,no,template_ok,0.3315,Chaetodon_rafflesii_Bishop_497192485.jpg,no
Chaetodon_rainfordi_FishPix_78816AF.jpg,Chaetodon rainfordi,fishpix,0.0,no,trusted_flagged,0.2513,Chaetodon_rainfordi_Bishop_-805104421.jpg,yes
Chaetodon_rainfordi_Bishop_-805104421.jpg,Chaetodon rainfordi,bishop,0.0,no,trusted_source,1.0,Chaetodon_rainfordi_Bishop_-805104421.jpg,no
Chaetodon_rainfordi_FishBase_Chrai_u0.jpg,Chaetodon rainfordi,fishbase,0.0,no,trusted_source,0.2207,Chaetodon_rainfordi_Bishop_-805104421.jpg,no
Chaetodon_rainfordi_FishBase_Chrai_u1.jpg,Chaetodon rainfordi,fishbase,0.0,no,trusted_source,0.2396,Chaetodon_rainfordi_Bishop_-805104421.jpg,no
Chaetodon_rainfordi_FishBase_Chrai_u3.jpg,Chaetodon rainfordi,fishbase,-9.2,no,trusted_source,0.0871,Chaetodon_rainfordi_Bishop_-805104421.jpg,no
Chaetodon_rainfordi_FishBase_Chrai_u4.jpg,Chaetodon rainfordi,fishbase,14.8,no,trusted_flagged,0.2162,Chaetodon_rainfordi_Bishop_-805104421.jpg,yes
Chaetodon_rainfordi_FishBase_Chrai_u5.jpg,Chaetodon rainfordi,fishbase,19.7,no,trusted_source,0.1032,Chaetodon_rainfordi_Bishop_-805104421.jpg,no
Chaetodon_rainfordi_FishBaseUser_1384926559_130.102.158.16.jpg,Chaetodon rainfordi,fishbase,-17.0,no,trusted_source,0.2834,Chaetodon_rainfordi_Bishop_-805104421.jpg,no
Chaetodon_rainfordi_FishBaseUser_1703950715_108.162.210.111.jpg,Chaetodon rainfordi,fishbase,12.6,no,trusted_flagged,0.3076,Chaetodon_rainfordi_Bishop_-805104421.jpg,yes
Chaetodon_rainfordi_iNaturalist_42481120.jpg,Chaetodon rainfordi,inaturalist,0.0,no,template_ok,0.128,Chaetodon_rainfordi_Bishop_-805104421.jpg,no
Chaetodon_rainfordi_iNaturalist_42541456.jpg,Chaetodon rainfordi,inaturalist,2.9,no,template_ok,0.0649,Chaetodon_rainfordi_Bishop_-805104421.jpg,no
Chaetodon_rainfordi_iNaturalist_449237800.jpg,Chaetodon rainfordi,inaturalist,0.0,no,template_ok,0.0615,Chaetodon_rainfordi_Bishop_-805104421.jpg,no
Chaetodon_rainfordi_iNaturalist_476225553.jpg,Chaetodon rainfordi,inaturalist,0.0,no,template_ok,0.1116,Chaetodon_rainfordi_Bishop_-805104421.jpg,no
Chaetodon_rainfordi_iNaturalist_511704851.jpg,Chaetodon rainfordi,inaturalist,3.6,no,template_ok,0.0478,Chaetodon_rainfordi_Bishop_-805104421.jpg,no
Chaetodon_rainfordi_iNaturalist_595411844.jpg,Chaetodon rainfordi,inaturalist,-6.6,no,template_ok,0.2276,Chaetodon_rainfordi_Bishop_-805104421.jpg,no
Chaetodon_rainfordi_iNaturalist_595670621.jpg,Chaetodon rainfordi,inaturalist,4.6,no,template_ok,0.031,Chaetodon_rainfordi_Bishop_-805104421.jpg,no
Chaetodon_rainfordi_iNaturalist_597922997.jpg,Chaetodon rainfordi,inaturalist,-6.4,no,template_ok,0.1774,Chaetodon_rainfordi_Bishop_-805104421.jpg,no
Chaetodon_rainfordi_FishWise_058830F000112W000003.jpg,Chaetodon rainfordi,other,2.8,no,template_ok,0.2483,Chaetodon_rainfordi_Bishop_-805104421.jpg,no
Chaetodon_reticulatus_FishPix_107134AF.jpg,Chaetodon reticulatus,fishpix,3.6,no,trusted_source,0.0811,Chaetodon_reticulatus_Bishop_-2063111040.jpg,no
Chaetodon_reticulatus_Bishop_-2063111040.jpg,Chaetodon reticulatus,bishop,3.4,no,trusted_source,1.0,Chaetodon_reticulatus_Bishop_-2063111040.jpg,no
Chaetodon_reticulatus_FishBase_Chret_u1.jpg,Chaetodon reticulatus,fishbase,-17.1,no,trusted_source,0.0361,Chaetodon_reticulatus_Bishop_-2063111040.jpg,no
Chaetodon_reticulatus_FishBase_Chret_u4.jpg,Chaetodon reticulatus,fishbase,3.2,no,trusted_source,0.0589,Chaetodon_reticulatus_Bishop_-2063111040.jpg,no
Chaetodon_reticulatus_FishBase_Chret_ub.jpg,Chaetodon reticulatus,fishbase,-16.3,no,trusted_source,0.0915,Chaetodon_reticulatus_Bishop_-2063111040.jpg,no
Chaetodon_reticulatus_FishBase_Chret_ue.jpg,Chaetodon reticulatus,fishbase,0.0,no,trusted_source,0.0456,Chaetodon_reticulatus_Bishop_-2063111040.jpg,no
Chaetodon_reticulatus_FishBaseUser_1545732893_172.68.211.186.jpg,Chaetodon reticulatus,fishbase,-16.0,no,trusted_source,0.0167,Chaetodon_reticulatus_Bishop_-2063111040.jpg,no
Chaetodon_reticulatus_iNaturalist_156611194.jpg,Chaetodon reticulatus,inaturalist,18.1,no,template_ok,0.0109,Chaetodon_reticulatus_Bishop_-2063111040.jpg,no
Chaetodon_reticulatus_iNaturalist_261570999.jpg,Chaetodon reticulatus,inaturalist,6.3,no,template_ok,0.0431,Chaetodon_reticulatus_Bishop_-2063111040.jpg,no
Chaetodon_reticulatus_iNaturalist_30026960.jpg,Chaetodon reticulatus,inaturalist,3.9,no,template_uncertain,0.0784,Chaetodon_reticulatus_Bishop_-2063111040.jpg,yes
Chaetodon_reticulatus_iNaturalist_487632927.jpg,Chaetodon reticulatus,inaturalist,-5.4,no,template_ok,0.0303,Chaetodon_reticulatus_Bishop_-2063111040.jpg,no
Chaetodon_reticulatus_iNaturalist_487632982.jpg,Chaetodon reticulatus,inaturalist,0.0,no,template_ok,0.0212,Chaetodon_reticulatus_Bishop_-2063111040.jpg,no
Chaetodon_reticulatus_iNaturalist_54399841.jpg,Chaetodon reticulatus,inaturalist,0.0,no,template_ok,0.0341,Chaetodon_reticulatus_Bishop_-2063111040.jpg,no
Chaetodon_reticulatus_iNaturalist_573920266.jpg,Chaetodon reticulatus,inaturalist,6.1,no,template_ok,0.0361,Chaetodon_reticulatus_Bishop_-2063111040.jpg,no
Chaetodon_reticulatus_iNaturalist_591169754.jpg,Chaetodon reticulatus,inaturalist,0.0,no,template_ok,0.1275,Chaetodon_reticulatus_Bishop_-2063111040.jpg,no
Chaetodon_reticulatus_iNaturalist_7064003.jpg,Chaetodon reticulatus,inaturalist,19.1,no,template_uncertain,0.0665,Chaetodon_reticulatus_Bishop_-2063111040.jpg,yes
Chaetodon_reticulatus_FishWise_059555F000009W000007.jpg,Chaetodon reticulatus,other,4.2,no,template_ok,0.0393,Chaetodon_reticulatus_Bishop_-2063111040.jpg,no
Chaetodon_reticulatus_FishWise_059555F000112W000003.jpg,Chaetodon reticulatus,other,2.8,no,template_ok,0.0451,Chaetodon_reticulatus_Bishop_-2063111040.jpg,no
Chaetodon_reticulatus_FishWise_059555F000112W000004.jpg,Chaetodon reticulatus,other,3.9,no,template_ok,0.0453,Chaetodon_reticulatus_Bishop_-2063111040.jpg,no
Chaetodon_reticulatus_FishWise_059555F000112W000005.jpg,Chaetodon reticulatus,other,0.0,no,template_ok,0.06,Chaetodon_reticulatus_Bishop_-2063111040.jpg,no
Chaetodon_reticulatus_FishWise_059555F000112W000006.jpg,Chaetodon reticulatus,other,0.0,no,template_ok,0.0482,Chaetodon_reticulatus_Bishop_-2063111040.jpg,no
Chaetodon_robustus_FishBase_Chrob_u6.jpg,Chaetodon robustus,fishbase,-8.9,no,trusted_source,0.0391,Chaetodon_robustus_FishBaseUser_1747233394_95.95.129.49.jpg,no
Chaetodon_robustus_FishBase_Chrob_u5.jpg,Chaetodon robustus,fishbase,16.2,no,trusted_flagged,0.2102,Chaetodon_robustus_FishBaseUser_1747233394_95.95.129.49.jpg,yes
Chaetodon_robustus_FishBase_Chrob_u8.jpg,Chaetodon robustus,fishbase,-11.9,no,trusted_source,0.008,Chaetodon_robustus_FishBaseUser_1747233394_95.95.129.49.jpg,no
Chaetodon_robustus_FishBaseUser_1747233394_95.95.129.49.jpg,Chaetodon robustus,fishbase,-2.0,no,trusted_source,1.0,Chaetodon_robustus_FishBaseUser_1747233394_95.95.129.49.jpg,no
Chaetodon_robustus_FishBaseUser_1747233436_95.95.129.49.jpg,Chaetodon robustus,fishbase,9.3,no,trusted_source,0.0648,Chaetodon_robustus_FishBaseUser_1747233394_95.95.129.49.jpg,no
Chaetodon_robustus_iNaturalist_257423579.jpg,Chaetodon robustus,inaturalist,-6.2,yes,template_flip,0.3864,Chaetodon_robustus_FishBaseUser_1747233394_95.95.129.49.jpg,no
Chaetodon_robustus_iNaturalist_278213241.jpg,Chaetodon robustus,inaturalist,-11.8,no,template_ok,0.1987,Chaetodon_robustus_FishBaseUser_1747233394_95.95.129.49.jpg,no
Chaetodon_robustus_iNaturalist_399369257.jpg,Chaetodon robustus,inaturalist,0.0,no,template_uncertain,0.1476,Chaetodon_robustus_FishBaseUser_1747233394_95.95.129.49.jpg,yes
Chaetodon_robustus_iNaturalist_437534287.jpg,Chaetodon robustus,inaturalist,0.0,no,template_ok,0.1295,Chaetodon_robustus_FishBaseUser_1747233394_95.95.129.49.jpg,no
Chaetodon_robustus_iNaturalist_437534347.jpg,Chaetodon robustus,inaturalist,19.7,no,template_uncertain,0.143,Chaetodon_robustus_FishBaseUser_1747233394_95.95.129.49.jpg,yes
Chaetodon_robustus_iNaturalist_576757436.jpg,Chaetodon robustus,inaturalist,0.0,no,template_uncertain,0.0758,Chaetodon_robustus_FishBaseUser_1747233394_95.95.129.49.jpg,yes
Chaetodon_robustus_iNaturalist_61768271.jpg,Chaetodon robustus,inaturalist,-17.3,no,template_ok,0.139,Chaetodon_robustus_FishBaseUser_1747233394_95.95.129.49.jpg,no
Chaetodon_robustus_iNaturalist_61768284.jpg,Chaetodon robustus,inaturalist,16.6,no,template_ok,0.0124,Chaetodon_robustus_FishBaseUser_1747233394_95.95.129.49.jpg,no
Chaetodon_sanctaehelenae_FishBase_Chsan_u0.jpg,Chaetodon sanctaehelenae,fishbase,19.1,no,trusted_source,1.0,Chaetodon_sanctaehelenae_FishBase_Chsan_u0.jpg,no
Chaetodon_sanctaehelenae_FishBase_Chsan_u1.jpg,Chaetodon sanctaehelenae,fishbase,-8.2,no,trusted_source,0.0249,Chaetodon_sanctaehelenae_FishBase_Chsan_u0.jpg,no
Chaetodon_sanctaehelenae_FishBase_Chsan_u2.jpg,Chaetodon sanctaehelenae,fishbase,-14.7,no,trusted_flagged,0.5198,Chaetodon_sanctaehelenae_FishBase_Chsan_u0.jpg,yes
Chaetodon_sanctaehelenae_FishBase_Chsan_u6.jpg,Chaetodon sanctaehelenae,fishbase,6.4,no,trusted_source,0.6679,Chaetodon_sanctaehelenae_FishBase_Chsan_u0.jpg,no
Chaetodon_sanctaehelenae_iNaturalist_29339037.jpg,Chaetodon sanctaehelenae,inaturalist,-10.1,no,template_ok,0.6317,Chaetodon_sanctaehelenae_FishBase_Chsan_u0.jpg,no
Chaetodon_sanctaehelenae_iNaturalist_418980733.jpg,Chaetodon sanctaehelenae,inaturalist,-4.2,no,template_ok,0.4014,Chaetodon_sanctaehelenae_FishBase_Chsan_u0.jpg,no
Chaetodon_sanctaehelenae_iNaturalist_418983044.jpg,Chaetodon sanctaehelenae,inaturalist,14.6,yes,template_flip,0.3346,Chaetodon_sanctaehelenae_FishBase_Chsan_u0.jpg,no
Chaetodon_sanctaehelenae_iNaturalist_484513376.jpg,Chaetodon sanctaehelenae,inaturalist,5.0,no,template_uncertain,0.0635,Chaetodon_sanctaehelenae_FishBase_Chsan_u0.jpg,yes
Chaetodon_sanctaehelenae_iNaturalist_578388945.jpg,Chaetodon sanctaehelenae,inaturalist,0.0,no,template_ok,0.8933,Chaetodon_sanctaehelenae_FishBase_Chsan_u0.jpg,no
Chaetodon_sanctaehelenae_iNaturalist_578388957.jpg,Chaetodon sanctaehelenae,inaturalist,0.0,no,template_uncertain,0.0964,Chaetodon_sanctaehelenae_FishBase_Chsan_u0.jpg,yes
Chaetodon_sanctaehelenae_iNaturalist_578388963.jpg,Chaetodon sanctaehelenae,inaturalist,0.0,no,template_ok,0.0659,Chaetodon_sanctaehelenae_FishBase_Chsan_u0.jpg,no
Chaetodon_sedentarius_FishBase_Chsed_u1.jpg,Chaetodon sedentarius,fishbase,5.3,no,trusted_source,0.0031,Chaetodon_sedentarius_FishBaseUser_1616347501_108.162.210.120.jpg,no
Chaetodon_sedentarius_FishBase_Chsed_u2.jpg,Chaetodon sedentarius,fishbase,4.3,no,trusted_source,0.0451,Chaetodon_sedentarius_FishBaseUser_1616347501_108.162.210.120.jpg,no
Chaetodon_sedentarius_FishBase_Chsed_u5.jpg,Chaetodon sedentarius,fishbase,6.1,no,trusted_source,0.0066,Chaetodon_sedentarius_FishBaseUser_1616347501_108.162.210.120.jpg,no
Chaetodon_sedentarius_FishBaseUser_1616347326_108.162.210.178.jpg,Chaetodon sedentarius,fishbase,0.0,no,trusted_source,0.0117,Chaetodon_sedentarius_FishBaseUser_1616347501_108.162.210.120.jpg,no
Chaetodon_sedentarius_FishBaseUser_1616347501_108.162.210.120.jpg,Chaetodon sedentarius,fishbase,-9.0,no,trusted_source,1.0,Chaetodon_sedentarius_FishBaseUser_1616347501_108.162.210.120.jpg,no
Chaetodon_sedentarius_FishBaseUser_1658266436_172.70.131.44.jpg,Chaetodon sedentarius,fishbase,-10.2,no,trusted_source,0.0415,Chaetodon_sedentarius_FishBaseUser_1616347501_108.162.210.120.jpg,no
Chaetodon_sedentarius_FishBaseUser_1658266632_172.70.126.199.jpg,Chaetodon sedentarius,fishbase,14.6,no,trusted_source,0.0382,Chaetodon_sedentarius_FishBaseUser_1616347501_108.162.210.120.jpg,no
Chaetodon_sedentarius_FishBaseUser_1705356921_172.70.55.155.jpg,Chaetodon sedentarius,fishbase,5.9,no,trusted_source,0.0018,Chaetodon_sedentarius_FishBaseUser_1616347501_108.162.210.120.jpg,no
Chaetodon_sedentarius_FishBaseUser_1715887571_172.69.132.223.jpg,Chaetodon sedentarius,fishbase,10.9,no,trusted_source,0.0038,Chaetodon_sedentarius_FishBaseUser_1616347501_108.162.210.120.jpg,no
Chaetodon_sedentarius_FishBaseUser_1715887614_172.69.132.222.jpg,Chaetodon sedentarius,fishbase,0.0,no,trusted_source,0.0176,Chaetodon_sedentarius_FishBaseUser_1616347501_108.162.210.120.jpg,no
Chaetodon_sedentarius_iNaturalist_149996653.jpg,Chaetodon sedentarius,inaturalist,-3.8,no,template_uncertain,0.1273,Chaetodon_sedentarius_FishBaseUser_1616347501_108.162.210.120.jpg,yes
Chaetodon_sedentarius_iNaturalist_261909821.jpg,Chaetodon sedentarius,inaturalist,9.3,no,template_ok,0.0365,Chaetodon_sedentarius_FishBaseUser_1616347501_108.162.210.120.jpg,no
Chaetodon_sedentarius_iNaturalist_264761.jpg,Chaetodon sedentarius,inaturalist,0.0,no,template_ok,0.0247,Chaetodon_sedentarius_FishBaseUser_1616347501_108.162.210.120.jpg,no
Chaetodon_sedentarius_iNaturalist_291518510.jpg,Chaetodon sedentarius,inaturalist,-17.3,no,template_ok,0.0095,Chaetodon_sedentarius_FishBaseUser_1616347501_108.162.210.120.jpg,no
Chaetodon_sedentarius_iNaturalist_32020377.jpg,Chaetodon sedentarius,inaturalist,6.8,no,template_uncertain,0.1456,Chaetodon_sedentarius_FishBaseUser_1616347501_108.162.210.120.jpg,yes
Chaetodon_sedentarius_iNaturalist_32020388.jpg,Chaetodon sedentarius,inaturalist,0.0,no,template_uncertain,0.0573,Chaetodon_sedentarius_FishBaseUser_1616347501_108.162.210.120.jpg,yes
Chaetodon_sedentarius_iNaturalist_32020394.jpg,Chaetodon sedentarius,inaturalist,0.0,no,template_uncertain,0.14,Chaetodon_sedentarius_FishBaseUser_1616347501_108.162.210.120.jpg,yes
Chaetodon_sedentarius_iNaturalist_401441222.jpg,Chaetodon sedentarius,inaturalist,-5.3,no,template_ok,0.15,Chaetodon_sedentarius_FishBaseUser_1616347501_108.162.210.120.jpg,no
Chaetodon_sedentarius_iNaturalist_4692917.jpg,Chaetodon sedentarius,inaturalist,-19.8,no,template_ok,0.1519,Chaetodon_sedentarius_FishBaseUser_1616347501_108.162.210.120.jpg,no
Chaetodon_sedentarius_FishWise_063392F000036W000001.jpg,Chaetodon sedentarius,other,2.3,no,template_ok,0.0003,Chaetodon_sedentarius_FishBaseUser_1616347501_108.162.210.120.jpg,no
Chaetodon_sedentarius_FishWise_063392F000057W000005.gif,Chaetodon sedentarius,other,4.3,no,template_ok,0.1171,Chaetodon_sedentarius_FishBaseUser_1616347501_108.162.210.120.jpg,no
Chaetodon_sedentarius_FishWise_063392F000164W000003.jpg,Chaetodon sedentarius,other,7.3,no,template_uncertain,0.0589,Chaetodon_sedentarius_FishBaseUser_1616347501_108.162.210.120.jpg,yes
Chaetodon_selene_FishPix_26453AF.jpg,Chaetodon selene,fishpix,0.0,no,trusted_source,0.1681,Chaetodon_selene_Bishop_-1379331455.jpg,no
Chaetodon_selene_Bishop_-1379331455.jpg,Chaetodon selene,bishop,11.4,no,trusted_source,1.0,Chaetodon_selene_Bishop_-1379331455.jpg,no
Chaetodon_selene_FishBase_Chsel_j0.jpg,Chaetodon selene,fishbase,-6.9,no,trusted_source,0.0421,Chaetodon_selene_Bishop_-1379331455.jpg,no
Chaetodon_selene_FishBase_Chsel_u0.jpg,Chaetodon selene,fishbase,4.0,no,trusted_source,0.2236,Chaetodon_selene_Bishop_-1379331455.jpg,no
Chaetodon_selene_FishBase_Chsel_u1.jpg,Chaetodon selene,fishbase,19.8,no,trusted_flagged,0.2173,Chaetodon_selene_Bishop_-1379331455.jpg,yes
Chaetodon_selene_FishBase_Chsel_u2.jpg,Chaetodon selene,fishbase,9.4,no,trusted_source,0.1538,Chaetodon_selene_Bishop_-1379331455.jpg,no
Chaetodon_selene_FishBaseUser_1368171404_114.155.226.67.jpg,Chaetodon selene,fishbase,6.5,no,trusted_source,0.1002,Chaetodon_selene_Bishop_-1379331455.jpg,no
Chaetodon_selene_FishBaseUser_1515663930_141.101.98.252.jpg,Chaetodon selene,fishbase,0.0,no,trusted_source,0.1648,Chaetodon_selene_Bishop_-1379331455.jpg,no
Chaetodon_selene_FishBaseUser_1672900962_172.71.218.124.jpg,Chaetodon selene,fishbase,-7.0,no,trusted_source,0.1483,Chaetodon_selene_Bishop_-1379331455.jpg,no
Chaetodon_selene_FishBaseUser_1672900969_172.71.218.124.jpg,Chaetodon selene,fishbase,14.5,no,trusted_flagged,0.349,Chaetodon_selene_Bishop_-1379331455.jpg,yes
Chaetodon_selene_FishBaseUser_1753599373_219.73.75.40.jpg,Chaetodon selene,fishbase,11.1,no,trusted_source,0.2312,Chaetodon_selene_Bishop_-1379331455.jpg,no
Chaetodon_selene_iNaturalist_148476948.jpg,Chaetodon selene,inaturalist,0.0,no,template_ok,0.1765,Chaetodon_selene_Bishop_-1379331455.jpg,no
Chaetodon_selene_iNaturalist_194985212.jpg,Chaetodon selene,inaturalist,2.4,no,template_ok,0.1626,Chaetodon_selene_Bishop_-1379331455.jpg,no
Chaetodon_selene_iNaturalist_2465500.jpg,Chaetodon selene,inaturalist,-19.9,no,template_ok,0.2271,Chaetodon_selene_Bishop_-1379331455.jpg,no
Chaetodon_selene_iNaturalist_459791600.jpg,Chaetodon selene,inaturalist,2.3,no,template_ok,0.2538,Chaetodon_selene_Bishop_-1379331455.jpg,no
Chaetodon_selene_iNaturalist_461134965.jpg,Chaetodon selene,inaturalist,0.0,no,template_ok,0.2015,Chaetodon_selene_Bishop_-1379331455.jpg,no
Chaetodon_selene_iNaturalist_517036584.jpg,Chaetodon selene,inaturalist,0.0,no,template_ok,0.1698,Chaetodon_selene_Bishop_-1379331455.jpg,no
Chaetodon_selene_iNaturalist_577593291.jpg,Chaetodon selene,inaturalist,-4.8,no,template_ok,0.185,Chaetodon_selene_Bishop_-1379331455.jpg,no
Chaetodon_selene_iNaturalist_600955401.jpg,Chaetodon selene,inaturalist,10.7,yes,template_flip,0.2462,Chaetodon_selene_Bishop_-1379331455.jpg,no
Chaetodon_selene_iNaturalist_600955409.jpg,Chaetodon selene,inaturalist,17.6,no,template_uncertain,0.1263,Chaetodon_selene_Bishop_-1379331455.jpg,yes
Chaetodon_selene_iNaturalist_84499473.jpg,Chaetodon selene,inaturalist,-18.7,no,template_ok,0.2968,Chaetodon_selene_Bishop_-1379331455.jpg,no
Chaetodon_semeion_FishPix_38321AF.jpg,Chaetodon semeion,fishpix,-3.7,no,trusted_source,0.0291,Chaetodon_semeion_Bishop_238560942.jpg,no
Chaetodon_semeion_Bishop_-1205919593.jpg,Chaetodon semeion,bishop,-2.7,no,trusted_source,0.098,Chaetodon_semeion_Bishop_238560942.jpg,no
Chaetodon_semeion_Bishop_238560942.jpg,Chaetodon semeion,bishop,6.7,no,trusted_source,1.0,Chaetodon_semeion_Bishop_238560942.jpg,no
Chaetodon_semeion_FishBase_Chsem_j0.jpg,Chaetodon semeion,fishbase,16.8,no,trusted_source,0.0184,Chaetodon_semeion_Bishop_238560942.jpg,no
Chaetodon_semeion_FishBase_Chsem_j1.jpg,Chaetodon semeion,fishbase,17.3,no,trusted_source,0.04,Chaetodon_semeion_Bishop_238560942.jpg,no
Chaetodon_semeion_FishBase_Chsem_u0.jpg,Chaetodon semeion,fishbase,6.7,no,trusted_source,0.1031,Chaetodon_semeion_Bishop_238560942.jpg,no
Chaetodon_semeion_FishBase_Chsem_u1.jpg,Chaetodon semeion,fishbase,12.2,no,trusted_source,0.0407,Chaetodon_semeion_Bishop_238560942.jpg,no
Chaetodon_semeion_FishBase_Chsem_u3.jpg,Chaetodon semeion,fishbase,-2.8,no,trusted_source,0.0948,Chaetodon_semeion_Bishop_238560942.jpg,no
Chaetodon_semeion_FishBase_Chsem_u8.jpg,Chaetodon semeion,fishbase,-14.2,no,trusted_source,0.0756,Chaetodon_semeion_Bishop_238560942.jpg,no
Chaetodon_semeion_FishBaseUser_1430209867_86.10.40.87.jpg,Chaetodon semeion,fishbase,8.1,no,trusted_source,0.0096,Chaetodon_semeion_Bishop_238560942.jpg,no
Chaetodon_semeion_FishBaseUser_1430209932_86.10.40.87.jpg,Chaetodon semeion,fishbase,-17.4,no,trusted_source,0.0451,Chaetodon_semeion_Bishop_238560942.jpg,no
Chaetodon_semeion_FishBaseUser_1509181680_172.68.102.54.jpg,Chaetodon semeion,fishbase,0.0,no,trusted_source,0.0268,Chaetodon_semeion_Bishop_238560942.jpg,no
Chaetodon_semeion_FishBaseUser_1626941528_172.68.189.111.jpg,Chaetodon semeion,fishbase,0.0,no,trusted_source,0.0109,Chaetodon_semeion_Bishop_238560942.jpg,no
Chaetodon_semeion_iNaturalist_187549895.jpg,Chaetodon semeion,inaturalist,0.0,no,template_uncertain,0.0969,Chaetodon_semeion_Bishop_238560942.jpg,yes
Chaetodon_semeion_iNaturalist_483843324.jpg,Chaetodon semeion,inaturalist,0.0,no,template_ok,0.0455,Chaetodon_semeion_Bishop_238560942.jpg,no
Chaetodon_semeion_iNaturalist_483843340.jpg,Chaetodon semeion,inaturalist,0.0,no,template_ok,0.0105,Chaetodon_semeion_Bishop_238560942.jpg,no
Chaetodon_semeion_iNaturalist_483843356.jpg,Chaetodon semeion,inaturalist,0.0,no,template_ok,0.018,Chaetodon_semeion_Bishop_238560942.jpg,no
Chaetodon_semeion_iNaturalist_592159669.jpg,Chaetodon semeion,inaturalist,4.4,no,template_ok,0.0127,Chaetodon_semeion_Bishop_238560942.jpg,no
Chaetodon_semeion_iNaturalist_599835880.jpg,Chaetodon semeion,inaturalist,0.0,no,template_ok,0.0124,Chaetodon_semeion_Bishop_238560942.jpg,no
Chaetodon_semeion_iNaturalist_599835888.jpg,Chaetodon semeion,inaturalist,0.0,no,template_uncertain,0.0801,Chaetodon_semeion_Bishop_238560942.jpg,yes
Chaetodon_semeion_iNaturalist_80165040.jpg,Chaetodon semeion,inaturalist,17.3,no,template_ok,0.0205,Chaetodon_semeion_Bishop_238560942.jpg,no
Chaetodon_semeion_iNaturalist_85606809.jpg,Chaetodon semeion,inaturalist,0.0,no,template_ok,0.0534,Chaetodon_semeion_Bishop_238560942.jpg,no
Chaetodon_semeion_FishWise_063473F000009W000005.jpg,Chaetodon semeion,other,8.6,no,template_ok,0.0827,Chaetodon_semeion_Bishop_238560942.jpg,no
Chaetodon_semeion_FishWise_063473F000387W000004.jpg,Chaetodon semeion,other,0.0,no,template_ok,0.0674,Chaetodon_semeion_Bishop_238560942.jpg,no
Chaetodon_semilarvatus_FishPix_32790AF.jpg,Chaetodon semilarvatus,fishpix,0.0,no,trusted_source,0.0088,Chaetodon_semilarvatus_Bishop_-947886964.jpg,no
Chaetodon_semilarvatus_Bishop_-947886964.jpg,Chaetodon semilarvatus,bishop,4.4,no,trusted_source,1.0,Chaetodon_semilarvatus_Bishop_-947886964.jpg,no
Chaetodon_semilarvatus_FishBase_Chsem_u2.jpg,Chaetodon semilarvatus,fishbase,4.3,no,trusted_source,0.2226,Chaetodon_semilarvatus_Bishop_-947886964.jpg,no
Chaetodon_semilarvatus_FishBase_Chsem_u4.jpg,Chaetodon semilarvatus,fishbase,12.8,no,trusted_source,0.0778,Chaetodon_semilarvatus_Bishop_-947886964.jpg,no
Chaetodon_semilarvatus_FishBase_Chsem_u6.jpg,Chaetodon semilarvatus,fishbase,8.8,no,trusted_source,0.1737,Chaetodon_semilarvatus_Bishop_-947886964.jpg,no
Chaetodon_semilarvatus_FishBase_Chsem_u7.jpg,Chaetodon semilarvatus,fishbase,-8.4,no,trusted_source,0.0614,Chaetodon_semilarvatus_Bishop_-947886964.jpg,no
Chaetodon_semilarvatus_FishBase_Chsem_ua.jpg,Chaetodon semilarvatus,fishbase,-6.4,no,trusted_source,0.1555,Chaetodon_semilarvatus_Bishop_-947886964.jpg,no
Chaetodon_semilarvatus_FishBase_Chsem_uc.jpg,Chaetodon semilarvatus,fishbase,-5.3,no,trusted_flagged,0.3426,Chaetodon_semilarvatus_Bishop_-947886964.jpg,yes
Chaetodon_semilarvatus_FishBaseUser_1482253124_188.114.102.48.jpg,Chaetodon semilarvatus,fishbase,3.3,no,trusted_source,0.1009,Chaetodon_semilarvatus_Bishop_-947886964.jpg,no
Chaetodon_semilarvatus_FishBaseUser_1482311557_188.114.102.48.jpg,Chaetodon semilarvatus,fishbase,11.1,no,trusted_source,0.06,Chaetodon_semilarvatus_Bishop_-947886964.jpg,no
Chaetodon_semilarvatus_FishBaseUser_1509181885_172.68.102.54.jpg,Chaetodon semilarvatus,fishbase,10.1,no,trusted_source,0.1899,Chaetodon_semilarvatus_Bishop_-947886964.jpg,no
Chaetodon_semilarvatus_FishBaseUser_1580212474_162.158.94.76.jpg,Chaetodon semilarvatus,fishbase,0.0,no,trusted_source,0.2044,Chaetodon_semilarvatus_Bishop_-947886964.jpg,no
Chaetodon_semilarvatus_FishBaseUser_1585650420_141.101.69.47.jpg,Chaetodon semilarvatus,fishbase,9.6,no,trusted_flagged,0.2457,Chaetodon_semilarvatus_Bishop_-947886964.jpg,yes
Chaetodon_semilarvatus_FishBaseUser_1585650926_108.162.229.206.jpg,Chaetodon semilarvatus,fishbase,-9.0,no,trusted_source,0.1431,Chaetodon_semilarvatus_Bishop_-947886964.jpg,no
Chaetodon_semilarvatus_FishBaseUser_1588281838_141.101.98.34.jpg,Chaetodon semilarvatus,fishbase,2.1,no,trusted_source,0.125,Chaetodon_semilarvatus_Bishop_-947886964.jpg,no
Chaetodon_semilarvatus_FishBaseUser_1671035515_172.71.26.208.jpg,Chaetodon semilarvatus,fishbase,0.0,no,trusted_source,0.1301,Chaetodon_semilarvatus_Bishop_-947886964.jpg,no
Chaetodon_semilarvatus_FishBaseUser_1671035583_172.71.26.209.jpg,Chaetodon semilarvatus,fishbase,-18.7,no,trusted_source,0.0823,Chaetodon_semilarvatus_Bishop_-947886964.jpg,no
Chaetodon_semilarvatus_iNaturalist_120141447.jpg,Chaetodon semilarvatus,inaturalist,-2.6,yes,template_flip,0.1656,Chaetodon_semilarvatus_Bishop_-947886964.jpg,no
Chaetodon_semilarvatus_iNaturalist_120141561.jpg,Chaetodon semilarvatus,inaturalist,13.6,no,template_ok,0.0386,Chaetodon_semilarvatus_Bishop_-947886964.jpg,no
Chaetodon_semilarvatus_iNaturalist_213281979.jpg,Chaetodon semilarvatus,inaturalist,-4.8,yes,template_flip,0.1684,Chaetodon_semilarvatus_Bishop_-947886964.jpg,no
Chaetodon_semilarvatus_iNaturalist_234638753.jpg,Chaetodon semilarvatus,inaturalist,9.6,no,template_ok,0.1024,Chaetodon_semilarvatus_Bishop_-947886964.jpg,no
Chaetodon_semilarvatus_iNaturalist_2675097.jpg,Chaetodon semilarvatus,inaturalist,5.4,no,template_ok,0.2887,Chaetodon_semilarvatus_Bishop_-947886964.jpg,no
Chaetodon_semilarvatus_iNaturalist_480736217.jpg,Chaetodon semilarvatus,inaturalist,3.7,no,template_ok,0.1728,Chaetodon_semilarvatus_Bishop_-947886964.jpg,no
Chaetodon_semilarvatus_iNaturalist_542083393.jpg,Chaetodon semilarvatus,inaturalist,0.0,yes,template_flip,0.1924,Chaetodon_semilarvatus_Bishop_-947886964.jpg,no
Chaetodon_semilarvatus_iNaturalist_581020123.jpg,Chaetodon semilarvatus,inaturalist,-7.8,yes,template_flip,0.2039,Chaetodon_semilarvatus_Bishop_-947886964.jpg,no
Chaetodon_semilarvatus_iNaturalist_589657471.jpg,Chaetodon semilarvatus,inaturalist,0.0,no,template_ok,0.1167,Chaetodon_semilarvatus_Bishop_-947886964.jpg,no
Chaetodon_semilarvatus_iNaturalist_598091917.jpg,Chaetodon semilarvatus,inaturalist,0.0,no,template_ok,0.1592,Chaetodon_semilarvatus_Bishop_-947886964.jpg,no
Chaetodon_semilarvatus_FishWise_063576F000009W000004.jpg,Chaetodon semilarvatus,other,3.2,no,template_ok,0.2558,Chaetodon_semilarvatus_Bishop_-947886964.jpg,no
Chaetodon_semilarvatus_FishWise_063576F000009W000005.jpg,Chaetodon semilarvatus,other,18.6,no,template_uncertain,0.1362,Chaetodon_semilarvatus_Bishop_-947886964.jpg,yes
Chaetodon_semilarvatus_FishWise_063576F000009W000006.jpg,Chaetodon semilarvatus,other,-9.5,no,template_ok,0.2144,Chaetodon_semilarvatus_Bishop_-947886964.jpg,no
Chaetodon_semilarvatus_FishWise_063576F000009W000007.jpg,Chaetodon semilarvatus,other,5.0,no,template_ok,0.1888,Chaetodon_semilarvatus_Bishop_-947886964.jpg,no
Chaetodon_semilarvatus_FishWise_063576F000009W000008.jpg,Chaetodon semilarvatus,other,4.5,no,template_ok,0.1998,Chaetodon_semilarvatus_Bishop_-947886964.jpg,no
Chaetodon_semilarvatus_FishWise_063576F000009W000016.jpg,Chaetodon semilarvatus,other,7.5,no,template_ok,0.1207,Chaetodon_semilarvatus_Bishop_-947886964.jpg,no
Chaetodon_semilarvatus_FishWise_063576F000009W000017.jpg,Chaetodon semilarvatus,other,8.2,no,template_ok,0.0141,Chaetodon_semilarvatus_Bishop_-947886964.jpg,no
Chaetodon_semilarvatus_FishWise_063576F000009W000018.jpg,Chaetodon semilarvatus,other,7.5,no,template_ok,0.135,Chaetodon_semilarvatus_Bishop_-947886964.jpg,no
Chaetodon_semilarvatus_FishWise_063576F000009W000019.jpg,Chaetodon semilarvatus,other,4.3,no,template_ok,0.0507,Chaetodon_semilarvatus_Bishop_-947886964.jpg,no
Chaetodon_semilarvatus_FishWise_063576F000009W000020.jpg,Chaetodon semilarvatus,other,6.9,no,template_ok,0.1841,Chaetodon_semilarvatus_Bishop_-947886964.jpg,no
Chaetodon_semilarvatus_FishWise_063576F000009W000021.jpg,Chaetodon semilarvatus,other,9.8,no,template_ok,0.2838,Chaetodon_semilarvatus_Bishop_-947886964.jpg,no
Chaetodon_semilarvatus_FishWise_063576F000009W000036.jpg,Chaetodon semilarvatus,other,8.5,no,template_ok,0.1748,Chaetodon_semilarvatus_Bishop_-947886964.jpg,no
Chaetodon_semilarvatus_FishWise_063576F000009W000040.jpg,Chaetodon semilarvatus,other,8.6,no,template_ok,0.179,Chaetodon_semilarvatus_Bishop_-947886964.jpg,no
Chaetodon_semilarvatus_FishWise_063576F000009W000042.jpg,Chaetodon semilarvatus,other,-7.2,no,template_ok,0.0798,Chaetodon_semilarvatus_Bishop_-947886964.jpg,no
Chaetodon_semilarvatus_FishWise_063576F000163W000009.jpg,Chaetodon semilarvatus,other,0.0,no,template_ok,0.271,Chaetodon_semilarvatus_Bishop_-947886964.jpg,no
Chaetodon_semilarvatus_FishWise_063576F000167W000022.jpg,Chaetodon semilarvatus,other,0.0,no,template_ok,0.1097,Chaetodon_semilarvatus_Bishop_-947886964.jpg,no
Chaetodon_semilarvatus_FishWise_063576F000175W000010.jpg,Chaetodon semilarvatus,other,8.8,yes,template_flip,0.1805,Chaetodon_semilarvatus_Bishop_-947886964.jpg,no
Chaetodon_semilarvatus_FishWise_063576F000387W000044.jpg,Chaetodon semilarvatus,other,3.4,no,template_ok,0.2187,Chaetodon_semilarvatus_Bishop_-947886964.jpg,no
Chaetodon_semilarvatus_FishWise_063576F000387W000045.jpg,Chaetodon semilarvatus,other,2.8,no,template_ok,0.2984,Chaetodon_semilarvatus_Bishop_-947886964.jpg,no
Chaetodon_semilarvatus_FishWise_063576F000451W000046.jpg,Chaetodon semilarvatus,other,0.0,no,template_ok,0.2754,Chaetodon_semilarvatus_Bishop_-947886964.jpg,no
Chaetodon_semilarvatus_FishWise_063576F006605W000047.jpg,Chaetodon semilarvatus,other,5.9,no,template_ok,0.1941,Chaetodon_semilarvatus_Bishop_-947886964.jpg,no
Chaetodon_smithi_FishBase_Chsmi_u1.jpg,Chaetodon smithi,fishbase,8.7,no,trusted_source,0.2016,Chaetodon_smithi_Bishop_-756583267.jpg,no
Chaetodon_smithi_Bishop_-1166721005.jpg,Chaetodon smithi,bishop,6.7,no,trusted_source,0.2003,Chaetodon_smithi_Bishop_-756583267.jpg,no
Chaetodon_smithi_Bishop_-608924262.jpg,Chaetodon smithi,bishop,9.3,no,trusted_source,0.1971,Chaetodon_smithi_Bishop_-756583267.jpg,no
Chaetodon_smithi_Bishop_-756583267.jpg,Chaetodon smithi,bishop,8.0,no,trusted_source,1.0,Chaetodon_smithi_Bishop_-756583267.jpg,no
Chaetodon_smithi_FishBase_Chsmi_u0.jpg,Chaetodon smithi,fishbase,7.8,no,trusted_source,0.2136,Chaetodon_smithi_Bishop_-756583267.jpg,no
Chaetodon_smithi_FishBase_Chsmi_u2.jpg,Chaetodon smithi,fishbase,0.0,no,trusted_source,0.3637,Chaetodon_smithi_Bishop_-756583267.jpg,no
Chaetodon_smithi_FishBase_Chsmi_u3.jpg,Chaetodon smithi,fishbase,5.7,no,trusted_source,0.2135,Chaetodon_smithi_Bishop_-756583267.jpg,no
Chaetodon_smithi_FishBase_Chsmi_u5.jpg,Chaetodon smithi,fishbase,0.0,no,trusted_source,0.1105,Chaetodon_smithi_Bishop_-756583267.jpg,no
Chaetodon_smithi_iNaturalist_459167446.jpg,Chaetodon smithi,inaturalist,0.0,no,template_ok,0.0029,Chaetodon_smithi_Bishop_-756583267.jpg,no
Chaetodon_speculum_FishPix_12080AF.jpg,Chaetodon speculum,fishpix,13.3,no,trusted_source,0.0612,Chaetodon_speculum_Bishop_65885528.jpg,no
Chaetodon_speculum_Bishop_65885528.jpg,Chaetodon speculum,bishop,8.9,no,trusted_source,1.0,Chaetodon_speculum_Bishop_65885528.jpg,no
Chaetodon_speculum_FishBase_Chspe_j0.jpg,Chaetodon speculum,fishbase,0.0,no,trusted_source,0.026,Chaetodon_speculum_Bishop_65885528.jpg,no
Chaetodon_speculum_FishBase_Chspe_j1.jpg,Chaetodon speculum,fishbase,14.8,no,trusted_source,0.0007,Chaetodon_speculum_Bishop_65885528.jpg,no
Chaetodon_speculum_FishBase_Chspe_u0.jpg,Chaetodon speculum,fishbase,2.3,no,trusted_source,0.0726,Chaetodon_speculum_Bishop_65885528.jpg,no
Chaetodon_speculum_FishBase_Chspe_u1.jpg,Chaetodon speculum,fishbase,3.7,no,trusted_source,0.0605,Chaetodon_speculum_Bishop_65885528.jpg,no
Chaetodon_speculum_FishBase_Chspe_u2.jpg,Chaetodon speculum,fishbase,0.0,no,trusted_source,0.0286,Chaetodon_speculum_Bishop_65885528.jpg,no
Chaetodon_speculum_FishBase_Chspe_u3.jpg,Chaetodon speculum,fishbase,6.6,no,trusted_source,0.0503,Chaetodon_speculum_Bishop_65885528.jpg,no
Chaetodon_speculum_FishBase_Chspe_u4.jpg,Chaetodon speculum,fishbase,2.3,no,trusted_source,0.0382,Chaetodon_speculum_Bishop_65885528.jpg,no
Chaetodon_speculum_FishBase_Chspe_u5.jpg,Chaetodon speculum,fishbase,15.1,no,trusted_source,0.0553,Chaetodon_speculum_Bishop_65885528.jpg,no
Chaetodon_speculum_FishBase_Chspe_u6.jpg,Chaetodon speculum,fishbase,0.0,no,trusted_source,0.0156,Chaetodon_speculum_Bishop_65885528.jpg,no
Chaetodon_speculum_FishBase_Chspe_ua.jpg,Chaetodon speculum,fishbase,-5.3,no,trusted_source,0.0493,Chaetodon_speculum_Bishop_65885528.jpg,no
Chaetodon_speculum_FishBase_Chspe_ub.jpg,Chaetodon speculum,fishbase,0.0,no,trusted_source,0.0904,Chaetodon_speculum_Bishop_65885528.jpg,no
Chaetodon_speculum_FishBase_Chspe_uc.jpg,Chaetodon speculum,fishbase,-6.6,no,trusted_source,0.0454,Chaetodon_speculum_Bishop_65885528.jpg,no
Chaetodon_speculum_FishBaseUser_1454328881_94.198.18.55.jpg,Chaetodon speculum,fishbase,15.7,no,trusted_source,0.0005,Chaetodon_speculum_Bishop_65885528.jpg,no
Chaetodon_speculum_FishBaseUser_1469522295_162.158.167.12.jpg,Chaetodon speculum,fishbase,0.0,no,trusted_source,0.0307,Chaetodon_speculum_Bishop_65885528.jpg,no
Chaetodon_speculum_FishBaseUser_1577142552_172.68.102.78.jpg,Chaetodon speculum,fishbase,-11.7,no,trusted_source,0.0433,Chaetodon_speculum_Bishop_65885528.jpg,no
Chaetodon_speculum_FishBaseUser_1672901012_172.71.218.124.jpg,Chaetodon speculum,fishbase,-6.2,no,trusted_source,0.0795,Chaetodon_speculum_Bishop_65885528.jpg,no
Chaetodon_speculum_FishBaseUser_1672901052_172.70.210.247.jpg,Chaetodon speculum,fishbase,14.9,no,trusted_source,0.0348,Chaetodon_speculum_Bishop_65885528.jpg,no
Chaetodon_speculum_FishBaseUser_1672901079_172.70.210.247.jpg,Chaetodon speculum,fishbase,0.0,no,trusted_source,0.0227,Chaetodon_speculum_Bishop_65885528.jpg,no
Chaetodon_speculum_FishBaseUser_1672901131_172.70.214.230.jpg,Chaetodon speculum,fishbase,15.8,no,trusted_source,0.026,Chaetodon_speculum_Bishop_65885528.jpg,no
Chaetodon_speculum_FishBaseUser_1672901156_172.70.214.231.jpg,Chaetodon speculum,fishbase,7.9,no,trusted_source,0.012,Chaetodon_speculum_Bishop_65885528.jpg,no
Chaetodon_speculum_FishBaseUser_1747234520_95.95.129.49.jpg,Chaetodon speculum,fishbase,-14.1,no,trusted_source,0.0091,Chaetodon_speculum_Bishop_65885528.jpg,no
Chaetodon_speculum_FishBaseUser_1747234603_95.95.129.49.jpg,Chaetodon speculum,fishbase,-12.1,no,trusted_source,0.0644,Chaetodon_speculum_Bishop_65885528.jpg,no
Chaetodon_speculum_iNaturalist_175106878.jpg,Chaetodon speculum,inaturalist,7.3,no,template_uncertain,0.0727,Chaetodon_speculum_Bishop_65885528.jpg,yes
Chaetodon_speculum_iNaturalist_195541810.jpg,Chaetodon speculum,inaturalist,18.0,no,template_ok,0.06,Chaetodon_speculum_Bishop_65885528.jpg,no
Chaetodon_speculum_iNaturalist_209502838.jpg,Chaetodon speculum,inaturalist,19.7,no,template_ok,0.037,Chaetodon_speculum_Bishop_65885528.jpg,no
Chaetodon_speculum_iNaturalist_22549454.jpg,Chaetodon speculum,inaturalist,9.1,no,template_ok,0.0115,Chaetodon_speculum_Bishop_65885528.jpg,no
Chaetodon_speculum_iNaturalist_33179568.jpg,Chaetodon speculum,inaturalist,-12.6,no,template_uncertain,0.0773,Chaetodon_speculum_Bishop_65885528.jpg,yes
Chaetodon_speculum_iNaturalist_351451545.jpg,Chaetodon speculum,inaturalist,0.0,no,template_ok,0.0633,Chaetodon_speculum_Bishop_65885528.jpg,no
Chaetodon_speculum_iNaturalist_468432570.jpg,Chaetodon speculum,inaturalist,11.4,no,template_ok,0.1007,Chaetodon_speculum_Bishop_65885528.jpg,no
Chaetodon_speculum_iNaturalist_5435374.jpg,Chaetodon speculum,inaturalist,-18.0,no,template_ok,0.1138,Chaetodon_speculum_Bishop_65885528.jpg,no
Chaetodon_speculum_iNaturalist_62392281.jpg,Chaetodon speculum,inaturalist,-7.4,no,template_ok,0.0263,Chaetodon_speculum_Bishop_65885528.jpg,no
Chaetodon_speculum_FishWise_065598F000009W000007.jpg,Chaetodon speculum,other,0.0,no,template_ok,0.1174,Chaetodon_speculum_Bishop_65885528.jpg,no
Chaetodon_speculum_FishWise_065598F000009W000008.jpg,Chaetodon speculum,other,2.7,no,template_ok,0.0883,Chaetodon_speculum_Bishop_65885528.jpg,no
Chaetodon_speculum_FishWise_065598F000009W000009.jpg,Chaetodon speculum,other,4.8,no,template_ok,0.062,Chaetodon_speculum_Bishop_65885528.jpg,no
Chaetodon_speculum_FishWise_065598F000009W000010.jpg,Chaetodon speculum,other,2.9,no,template_ok,0.0532,Chaetodon_speculum_Bishop_65885528.jpg,no
Chaetodon_speculum_FishWise_065598F000492W000011.jpg,Chaetodon speculum,other,-7.0,no,template_ok,0.091,Chaetodon_speculum_Bishop_65885528.jpg,no
Chaetodon_striatus_FishBase_Chstr_u0.jpg,Chaetodon striatus,fishbase,14.5,no,trusted_source,0.2601,Chaetodon_striatus_FishBaseUser_1617565353_162.158.75.220.jpg,no
Chaetodon_striatus_FishBase_Chstr_ua.jpg,Chaetodon striatus,fishbase,0.0,no,trusted_source,0.0453,Chaetodon_striatus_FishBaseUser_1617565353_162.158.75.220.jpg,no
Chaetodon_striatus_FishBase_Chstr_ub.jpg,Chaetodon striatus,fishbase,0.0,no,trusted_source,0.1923,Chaetodon_striatus_FishBaseUser_1617565353_162.158.75.220.jpg,no
Chaetodon_striatus_FishBase_Chstr_ui.jpg,Chaetodon striatus,fishbase,0.0,no,trusted_source,0.1746,Chaetodon_striatus_FishBaseUser_1617565353_162.158.75.220.jpg,no
Chaetodon_striatus_FishBaseUser_1423148244_86.205.57.96.jpg,Chaetodon striatus,fishbase,16.9,no,trusted_source,0.0659,Chaetodon_striatus_FishBaseUser_1617565353_162.158.75.220.jpg,no
Chaetodon_striatus_FishBaseUser_1423483398_86.205.50.183.jpg,Chaetodon striatus,fishbase,0.0,no,trusted_source,0.304,Chaetodon_striatus_FishBaseUser_1617565353_162.158.75.220.jpg,no
Chaetodon_striatus_FishBaseUser_1522896022_172.68.25.30.jpg,Chaetodon striatus,fishbase,-14.1,no,trusted_source,0.0337,Chaetodon_striatus_FishBaseUser_1617565353_162.158.75.220.jpg,no
Chaetodon_striatus_FishBaseUser_1528383068_162.158.22.66.jpg,Chaetodon striatus,fishbase,0.0,no,trusted_source,0.1811,Chaetodon_striatus_FishBaseUser_1617565353_162.158.75.220.jpg,no
Chaetodon_striatus_FishBaseUser_1585652207_108.162.229.108.jpg,Chaetodon striatus,fishbase,-12.1,no,trusted_flagged,0.3265,Chaetodon_striatus_FishBaseUser_1617565353_162.158.75.220.jpg,yes
Chaetodon_striatus_FishBaseUser_1617565353_162.158.75.220.jpg,Chaetodon striatus,fishbase,15.1,no,trusted_source,1.0,Chaetodon_striatus_FishBaseUser_1617565353_162.158.75.220.jpg,no
Chaetodon_striatus_FishBaseUser_1634334311_162.158.187.211.jpg,Chaetodon striatus,fishbase,-13.1,no,trusted_source,0.0961,Chaetodon_striatus_FishBaseUser_1617565353_162.158.75.220.jpg,no
Chaetodon_striatus_FishBaseUser_1704493807_108.162.212.15.jpg,Chaetodon striatus,fishbase,2.8,no,trusted_source,0.1829,Chaetodon_striatus_FishBaseUser_1617565353_162.158.75.220.jpg,no
Chaetodon_striatus_FishBaseUser_1706475994_172.70.254.202.jpg,Chaetodon striatus,fishbase,7.9,no,trusted_source,0.0863,Chaetodon_striatus_FishBaseUser_1617565353_162.158.75.220.jpg,no
Chaetodon_striatus_FishBaseUser_1711482796_172.70.55.113.jpg,Chaetodon striatus,fishbase,2.8,no,trusted_source,0.0082,Chaetodon_striatus_FishBaseUser_1617565353_162.158.75.220.jpg,no
Chaetodon_striatus_FishBaseUser_1711482874_172.70.255.52.jpg,Chaetodon striatus,fishbase,-10.3,no,trusted_source,0.0114,Chaetodon_striatus_FishBaseUser_1617565353_162.158.75.220.jpg,no
Chaetodon_striatus_FishBaseUser_1747234862_95.95.129.49.jpg,Chaetodon striatus,fishbase,0.0,no,trusted_source,0.0484,Chaetodon_striatus_FishBaseUser_1617565353_162.158.75.220.jpg,no
Chaetodon_striatus_FishBaseUser_1747234896_95.95.129.49.jpg,Chaetodon striatus,fishbase,0.0,no,trusted_source,0.0015,Chaetodon_striatus_FishBaseUser_1617565353_162.158.75.220.jpg,no
Chaetodon_striatus_iNaturalist_108952720.jpg,Chaetodon striatus,inaturalist,9.6,no,template_uncertain,0.0603,Chaetodon_striatus_FishBaseUser_1617565353_162.158.75.220.jpg,yes
Chaetodon_striatus_iNaturalist_378227586.jpg,Chaetodon striatus,inaturalist,0.0,no,template_ok,0.045,Chaetodon_striatus_FishBaseUser_1617565353_162.158.75.220.jpg,no
Chaetodon_striatus_iNaturalist_44877104.jpg,Chaetodon striatus,inaturalist,13.2,no,template_ok,0.2139,Chaetodon_striatus_FishBaseUser_1617565353_162.158.75.220.jpg,no
Chaetodon_striatus_iNaturalist_455572688.jpg,Chaetodon striatus,inaturalist,9.3,no,template_ok,0.3267,Chaetodon_striatus_FishBaseUser_1617565353_162.158.75.220.jpg,no
Chaetodon_striatus_iNaturalist_516231487.jpg,Chaetodon striatus,inaturalist,0.0,no,template_ok,0.141,Chaetodon_striatus_FishBaseUser_1617565353_162.158.75.220.jpg,no
Chaetodon_striatus_iNaturalist_535152832.jpg,Chaetodon striatus,inaturalist,0.0,no,template_uncertain,0.1211,Chaetodon_striatus_FishBaseUser_1617565353_162.158.75.220.jpg,yes
Chaetodon_striatus_iNaturalist_604196066.jpg,Chaetodon striatus,inaturalist,2.5,no,template_uncertain,0.101,Chaetodon_striatus_FishBaseUser_1617565353_162.158.75.220.jpg,yes
Chaetodon_striatus_iNaturalist_608288977.jpg,Chaetodon striatus,inaturalist,0.0,no,template_ok,0.1955,Chaetodon_striatus_FishBaseUser_1617565353_162.158.75.220.jpg,no
Chaetodon_striatus_FishWise_067087F000057W000003.gif,Chaetodon striatus,other,0.0,no,template_ok,0.0078,Chaetodon_striatus_FishBaseUser_1617565353_162.158.75.220.jpg,no
Chaetodon_striatus_FishWise_067087F000451W000004.jpg,Chaetodon striatus,other,0.0,no,template_ok,0.0396,Chaetodon_striatus_FishBaseUser_1617565353_162.158.75.220.jpg,no
Chaetodon_striatus_FishWise_067087F004577W000005.jpg,Chaetodon striatus,other,-5.4,no,template_uncertain,0.1276,Chaetodon_striatus_FishBaseUser_1617565353_162.158.75.220.jpg,yes
Chaetodon_tinkeri_FishPix_85108AF.jpg,Chaetodon tinkeri,fishpix,-3.2,no,trusted_source,0.0208,Chaetodon_tinkeri_Bishop_-1989865351.jpg,no
Chaetodon_tinkeri_Bishop_-1989865351.jpg,Chaetodon tinkeri,bishop,2.1,no,trusted_source,1.0,Chaetodon_tinkeri_Bishop_-1989865351.jpg,no
Chaetodon_tinkeri_Bishop_-408146097.jpg,Chaetodon tinkeri,bishop,2.4,no,trusted_source,0.0488,Chaetodon_tinkeri_Bishop_-1989865351.jpg,no
Chaetodon_tinkeri_Bishop_1959828294.jpg,Chaetodon tinkeri,bishop,0.0,no,trusted_source,0.1149,Chaetodon_tinkeri_Bishop_-1989865351.jpg,no
Chaetodon_tinkeri_FishBase_Chtin_u0.jpg,Chaetodon tinkeri,fishbase,2.5,no,trusted_source,0.052,Chaetodon_tinkeri_Bishop_-1989865351.jpg,no
Chaetodon_tinkeri_FishBase_Chtin_u1.jpg,Chaetodon tinkeri,fishbase,2.3,no,trusted_source,0.1573,Chaetodon_tinkeri_Bishop_-1989865351.jpg,no
Chaetodon_tinkeri_FishBase_Chtin_u2.jpg,Chaetodon tinkeri,fishbase,2.0,no,trusted_source,0.1297,Chaetodon_tinkeri_Bishop_-1989865351.jpg,no
Chaetodon_tinkeri_FishBase_Chtin_u3.jpg,Chaetodon tinkeri,fishbase,7.8,no,trusted_source,0.1771,Chaetodon_tinkeri_Bishop_-1989865351.jpg,no
Chaetodon_tinkeri_FishBase_Chtin_u4.jpg,Chaetodon tinkeri,fishbase,0.0,no,trusted_source,0.1201,Chaetodon_tinkeri_Bishop_-1989865351.jpg,no
Chaetodon_tinkeri_FishBase_Chtin_u5.jpg,Chaetodon tinkeri,fishbase,5.1,no,trusted_source,0.0975,Chaetodon_tinkeri_Bishop_-1989865351.jpg,no
Chaetodon_tinkeri_FishBaseUser_1368178821_114.155.226.67.jpg,Chaetodon tinkeri,fishbase,-3.4,no,trusted_source,0.053,Chaetodon_tinkeri_Bishop_-1989865351.jpg,no
Chaetodon_tinkeri_iNaturalist_122833590.jpg,Chaetodon tinkeri,inaturalist,11.9,no,template_ok,0.0391,Chaetodon_tinkeri_Bishop_-1989865351.jpg,no
Chaetodon_tinkeri_iNaturalist_122833614.jpg,Chaetodon tinkeri,inaturalist,-4.0,no,template_uncertain,0.123,Chaetodon_tinkeri_Bishop_-1989865351.jpg,yes
Chaetodon_tinkeri_iNaturalist_122833739.jpg,Chaetodon tinkeri,inaturalist,5.7,no,template_ok,0.2328,Chaetodon_tinkeri_Bishop_-1989865351.jpg,no
Chaetodon_tinkeri_iNaturalist_132972673.jpg,Chaetodon tinkeri,inaturalist,0.0,no,template_ok,0.0535,Chaetodon_tinkeri_Bishop_-1989865351.jpg,no
Chaetodon_tinkeri_iNaturalist_415676289.jpg,Chaetodon tinkeri,inaturalist,12.7,no,template_ok,0.0674,Chaetodon_tinkeri_Bishop_-1989865351.jpg,no
Chaetodon_tinkeri_iNaturalist_415676306.jpg,Chaetodon tinkeri,inaturalist,11.2,no,template_ok,0.2077,Chaetodon_tinkeri_Bishop_-1989865351.jpg,no
Chaetodon_tinkeri_iNaturalist_415676341.jpg,Chaetodon tinkeri,inaturalist,0.0,no,template_ok,0.0486,Chaetodon_tinkeri_Bishop_-1989865351.jpg,no
Chaetodon_tinkeri_iNaturalist_66870.jpg,Chaetodon tinkeri,inaturalist,8.9,no,template_ok,0.2192,Chaetodon_tinkeri_Bishop_-1989865351.jpg,no
Chaetodon_tinkeri_iNaturalist_83513651.jpg,Chaetodon tinkeri,inaturalist,15.1,no,template_ok,0.134,Chaetodon_tinkeri_Bishop_-1989865351.jpg,no
Chaetodon_tinkeri_iNaturalist_83513687.jpg,Chaetodon tinkeri,inaturalist,0.0,no,template_ok,0.0771,Chaetodon_tinkeri_Bishop_-1989865351.jpg,no
Chaetodon_tinkeri_FishWise_069790F000024W000001.jpg,Chaetodon tinkeri,other,0.0,no,template_ok,0.1062,Chaetodon_tinkeri_Bishop_-1989865351.jpg,no
Chaetodon_tinkeri_FishWise_069790F000038W000005.jpg,Chaetodon tinkeri,other,15.8,no,template_ok,0.2798,Chaetodon_tinkeri_Bishop_-1989865351.jpg,no
Chaetodon_tinkeri_FishWise_069790F000150W000002.jpg,Chaetodon tinkeri,other,14.8,no,template_ok,0.0892,Chaetodon_tinkeri_Bishop_-1989865351.jpg,no
Chaetodon_triangulum_FishBase_Chtri_ui.jpg,Chaetodon triangulum,fishbase,4.1,no,trusted_source,0.0427,Chaetodon_triangulum_FishBaseUser_1747235050_95.95.129.49.jpg,no
Chaetodon_triangulum_FishBase_Chtri_ub.jpg,Chaetodon triangulum,fishbase,-10.6,no,trusted_flagged,0.2442,Chaetodon_triangulum_FishBaseUser_1747235050_95.95.129.49.jpg,yes
Chaetodon_triangulum_FishBaseUser_1423219576_86.10.40.87.jpg,Chaetodon triangulum,fishbase,0.0,no,trusted_source,0.019,Chaetodon_triangulum_FishBaseUser_1747235050_95.95.129.49.jpg,no
Chaetodon_triangulum_FishBaseUser_1747235050_95.95.129.49.jpg,Chaetodon triangulum,fishbase,2.5,no,trusted_source,1.0,Chaetodon_triangulum_FishBaseUser_1747235050_95.95.129.49.jpg,no
Chaetodon_triangulum_FishBaseUser_3232418624_1960.jpg,Chaetodon triangulum,fishbase,15.8,no,trusted_source,0.2758,Chaetodon_triangulum_FishBaseUser_1747235050_95.95.129.49.jpg,no
Chaetodon_triangulum_iNaturalist_11763186.jpg,Chaetodon triangulum,inaturalist,-13.8,no,template_ok,0.2045,Chaetodon_triangulum_FishBaseUser_1747235050_95.95.129.49.jpg,no
Chaetodon_triangulum_iNaturalist_177669571.jpg,Chaetodon triangulum,inaturalist,10.7,yes,template_flip,0.3154,Chaetodon_triangulum_FishBaseUser_1747235050_95.95.129.49.jpg,no
Chaetodon_triangulum_iNaturalist_280764242.jpg,Chaetodon triangulum,inaturalist,-6.3,yes,template_flip,0.2608,Chaetodon_triangulum_FishBaseUser_1747235050_95.95.129.49.jpg,no
Chaetodon_triangulum_iNaturalist_336501928.jpg,Chaetodon triangulum,inaturalist,0.0,no,template_uncertain,0.1041,Chaetodon_triangulum_FishBaseUser_1747235050_95.95.129.49.jpg,yes
Chaetodon_triangulum_iNaturalist_484927564.jpg,Chaetodon triangulum,inaturalist,12.4,no,template_ok,0.1636,Chaetodon_triangulum_FishBaseUser_1747235050_95.95.129.49.jpg,no
Chaetodon_triangulum_iNaturalist_592518850.jpg,Chaetodon triangulum,inaturalist,4.3,no,template_ok,0.4871,Chaetodon_triangulum_FishBaseUser_1747235050_95.95.129.49.jpg,no
Chaetodon_triangulum_iNaturalist_607414244.jpg,Chaetodon triangulum,inaturalist,0.0,yes,template_flip,0.2895,Chaetodon_triangulum_FishBaseUser_1747235050_95.95.129.49.jpg,no
Chaetodon_triangulum_iNaturalist_607414261.jpg,Chaetodon triangulum,inaturalist,0.0,no,template_uncertain,0.1,Chaetodon_triangulum_FishBaseUser_1747235050_95.95.129.49.jpg,yes
Chaetodon_triangulum_iNaturalist_71648447.jpg,Chaetodon triangulum,inaturalist,-19.5,yes,template_flip,0.1895,Chaetodon_triangulum_FishBaseUser_1747235050_95.95.129.49.jpg,no
Chaetodon_triangulum_FishWise_117086F000112W000001.jpg,Chaetodon triangulum,other,5.6,no,template_ok,0.194,Chaetodon_triangulum_FishBaseUser_1747235050_95.95.129.49.jpg,no
Chaetodon_triangulum_FishWise_117086F000112W000002.jpg,Chaetodon triangulum,other,7.1,no,template_ok,0.3811,Chaetodon_triangulum_FishBaseUser_1747235050_95.95.129.49.jpg,no
Chaetodon_trichrous_FishBase_Chtri_uk.jpg,Chaetodon trichrous,fishbase,16.1,no,trusted_source,0.034,Chaetodon_trichrous_Bishop_-192591132.jpg,no
Chaetodon_trichrous_Bishop_-192591132.jpg,Chaetodon trichrous,bishop,8.2,no,trusted_source,1.0,Chaetodon_trichrous_Bishop_-192591132.jpg,no
Chaetodon_trichrous_FishBase_Chtri_ud.jpg,Chaetodon trichrous,fishbase,8.1,no,trusted_source,0.0508,Chaetodon_trichrous_Bishop_-192591132.jpg,no
Chaetodon_trichrous_iNaturalist_167677313.jpg,Chaetodon trichrous,inaturalist,0.0,no,template_ok,0.0202,Chaetodon_trichrous_Bishop_-192591132.jpg,no
Chaetodon_trichrous_iNaturalist_173142293.jpg,Chaetodon trichrous,inaturalist,-16.9,no,template_ok,0.0224,Chaetodon_trichrous_Bishop_-192591132.jpg,no
Chaetodon_trichrous_iNaturalist_301384831.jpg,Chaetodon trichrous,inaturalist,0.0,no,template_ok,0.0572,Chaetodon_trichrous_Bishop_-192591132.jpg,no
Chaetodon_trichrous_iNaturalist_350883651.jpg,Chaetodon trichrous,inaturalist,0.0,no,template_ok,0.0108,Chaetodon_trichrous_Bishop_-192591132.jpg,no
Chaetodon_trichrous_iNaturalist_472558208.jpg,Chaetodon trichrous,inaturalist,0.0,no,template_uncertain,0.1202,Chaetodon_trichrous_Bishop_-192591132.jpg,yes
Chaetodon_trichrous_iNaturalist_473965444.jpg,Chaetodon trichrous,inaturalist,-6.2,no,template_ok,0.0005,Chaetodon_trichrous_Bishop_-192591132.jpg,no
Chaetodon_trichrous_iNaturalist_527314355.jpg,Chaetodon trichrous,inaturalist,6.7,no,template_ok,0.0122,Chaetodon_trichrous_Bishop_-192591132.jpg,no
Chaetodon_trichrous_iNaturalist_54935427.jpg,Chaetodon trichrous,inaturalist,0.0,no,template_ok,0.0113,Chaetodon_trichrous_Bishop_-192591132.jpg,no
Chaetodon_trichrous_iNaturalist_587089834.jpg,Chaetodon trichrous,inaturalist,-11.3,no,template_ok,0.0314,Chaetodon_trichrous_Bishop_-192591132.jpg,no
Chaetodon_trichrous_iNaturalist_593273450.jpg,Chaetodon trichrous,inaturalist,-19.2,no,template_ok,0.0019,Chaetodon_trichrous_Bishop_-192591132.jpg,no
Chaetodon_tricinctus_FishPix_55752AF.jpg,Chaetodon tricinctus,fishpix,-2.6,no,trusted_source,0.0252,Chaetodon_tricinctus_Bishop_28770837.jpg,no
Chaetodon_tricinctus_Bishop_28770837.jpg,Chaetodon tricinctus,bishop,-2.8,no,trusted_source,1.0,Chaetodon_tricinctus_Bishop_28770837.jpg,no
Chaetodon_tricinctus_FishBase_Chtri_u0.jpg,Chaetodon tricinctus,fishbase,13.5,no,trusted_source,0.0305,Chaetodon_tricinctus_Bishop_28770837.jpg,no
Chaetodon_tricinctus_FishBase_Chtri_u5.jpg,Chaetodon tricinctus,fishbase,0.0,no,trusted_source,0.1195,Chaetodon_tricinctus_Bishop_28770837.jpg,no
Chaetodon_tricinctus_iNaturalist_118360420.jpg,Chaetodon tricinctus,inaturalist,-19.0,no,template_ok,0.1292,Chaetodon_tricinctus_Bishop_28770837.jpg,no
Chaetodon_tricinctus_iNaturalist_13811577.jpg,Chaetodon tricinctus,inaturalist,-10.7,no,template_ok,0.0821,Chaetodon_tricinctus_Bishop_28770837.jpg,no
Chaetodon_tricinctus_iNaturalist_197184716.jpg,Chaetodon tricinctus,inaturalist,0.0,no,template_ok,0.0068,Chaetodon_tricinctus_Bishop_28770837.jpg,no
Chaetodon_tricinctus_iNaturalist_287702131.jpg,Chaetodon tricinctus,inaturalist,9.2,no,template_ok,0.0021,Chaetodon_tricinctus_Bishop_28770837.jpg,no
Chaetodon_tricinctus_iNaturalist_287702203.jpg,Chaetodon tricinctus,inaturalist,0.0,yes,template_flip,0.1926,Chaetodon_tricinctus_Bishop_28770837.jpg,no
Chaetodon_tricinctus_iNaturalist_335443101.jpg,Chaetodon tricinctus,inaturalist,6.1,no,template_uncertain,0.0561,Chaetodon_tricinctus_Bishop_28770837.jpg,yes
Chaetodon_tricinctus_iNaturalist_6629748.jpg,Chaetodon tricinctus,inaturalist,-3.9,yes,template_flip,0.1792,Chaetodon_tricinctus_Bishop_28770837.jpg,no
Chaetodon_tricinctus_iNaturalist_6629751.jpg,Chaetodon tricinctus,inaturalist,3.0,yes,template_flip,0.2061,Chaetodon_tricinctus_Bishop_28770837.jpg,no
Chaetodon_trifascialis_FishPix_140533AF.jpg,Chaetodon trifascialis,fishpix,8.9,no,trusted_source,0.0443,Chaetodon_trifascialis_Bishop_-1790297166.jpg,no
Chaetodon_trifascialis_Bishop_-1790297166.jpg,Chaetodon trifascialis,bishop,2.4,no,trusted_source,1.0,Chaetodon_trifascialis_Bishop_-1790297166.jpg,no
Chaetodon_trifascialis_Bishop_-500274613.jpg,Chaetodon trifascialis,bishop,4.2,no,trusted_source,0.1365,Chaetodon_trifascialis_Bishop_-1790297166.jpg,no
Chaetodon_trifascialis_FishBase_Chtri_j2.jpg,Chaetodon trifascialis,fishbase,0.0,no,trusted_source,0.0908,Chaetodon_trifascialis_Bishop_-1790297166.jpg,no
Chaetodon_trifascialis_FishBase_Chtri_u1.jpg,Chaetodon trifascialis,fishbase,16.3,no,trusted_source,0.049,Chaetodon_trifascialis_Bishop_-1790297166.jpg,no
Chaetodon_trifascialis_FishBase_Chtri_u2.jpg,Chaetodon trifascialis,fishbase,13.3,no,trusted_source,0.017,Chaetodon_trifascialis_Bishop_-1790297166.jpg,no
Chaetodon_trifascialis_FishBase_Chtri_u4.jpg,Chaetodon trifascialis,fishbase,2.2,no,trusted_source,0.152,Chaetodon_trifascialis_Bishop_-1790297166.jpg,no
Chaetodon_trifascialis_FishBase_Chtri_u6.jpg,Chaetodon trifascialis,fishbase,-3.7,no,trusted_source,0.0434,Chaetodon_trifascialis_Bishop_-1790297166.jpg,no
Chaetodon_trifascialis_FishBase_Chtri_u7.jpg,Chaetodon trifascialis,fishbase,4.1,no,trusted_source,0.1401,Chaetodon_trifascialis_Bishop_-1790297166.jpg,no
Chaetodon_trifascialis_FishBase_Chtri_us.jpg,Chaetodon trifascialis,fishbase,-2.3,no,trusted_source,0.1064,Chaetodon_trifascialis_Bishop_-1790297166.jpg,no
Chaetodon_trifascialis_FishBaseUser_1440680146_83.211.38.4.jpg,Chaetodon trifascialis,fishbase,0.0,no,trusted_source,0.1588,Chaetodon_trifascialis_Bishop_-1790297166.jpg,no
Chaetodon_trifascialis_FishBaseUser_1469522368_162.158.167.12.jpg,Chaetodon trifascialis,fishbase,10.3,no,trusted_source,0.0458,Chaetodon_trifascialis_Bishop_-1790297166.jpg,no
Chaetodon_trifascialis_FishBaseUser_1509182180_172.68.102.54.jpg,Chaetodon trifascialis,fishbase,12.8,no,trusted_source,0.0087,Chaetodon_trifascialis_Bishop_-1790297166.jpg,no
Chaetodon_trifascialis_FishBaseUser_1588165734_162.158.111.249.jpg,Chaetodon trifascialis,fishbase,19.3,no,trusted_source,0.0761,Chaetodon_trifascialis_Bishop_-1790297166.jpg,no
Chaetodon_trifascialis_FishBaseUser_1655061204_172.70.178.191.jpg,Chaetodon trifascialis,fishbase,2.8,no,trusted_source,0.0659,Chaetodon_trifascialis_Bishop_-1790297166.jpg,no
Chaetodon_trifascialis_FishBaseUser_1656699224_172.70.178.215.jpg,Chaetodon trifascialis,fishbase,0.0,no,trusted_source,0.0336,Chaetodon_trifascialis_Bishop_-1790297166.jpg,no
Chaetodon_trifascialis_FishBaseUser_1672901201_172.70.214.231.jpg,Chaetodon trifascialis,fishbase,-3.6,no,trusted_source,0.1189,Chaetodon_trifascialis_Bishop_-1790297166.jpg,no
Chaetodon_trifascialis_FishBaseUser_1705879038_172.70.254.222.jpg,Chaetodon trifascialis,fishbase,0.0,no,trusted_source,0.0024,Chaetodon_trifascialis_Bishop_-1790297166.jpg,no
Chaetodon_trifascialis_FishBaseUser_1747235333_95.95.129.49.jpg,Chaetodon trifascialis,fishbase,-14.8,no,trusted_source,0.1693,Chaetodon_trifascialis_Bishop_-1790297166.jpg,no
Chaetodon_trifascialis_FishBaseUser_1747235378_95.95.129.49.jpg,Chaetodon trifascialis,fishbase,-9.3,no,trusted_source,0.1363,Chaetodon_trifascialis_Bishop_-1790297166.jpg,no
Chaetodon_trifascialis_FishBaseUser_1747235416_95.95.129.49.jpg,Chaetodon trifascialis,fishbase,0.0,no,trusted_source,0.0811,Chaetodon_trifascialis_Bishop_-1790297166.jpg,no
Chaetodon_trifascialis_iNaturalist_215411642.jpg,Chaetodon trifascialis,inaturalist,7.7,yes,template_flip,0.1519,Chaetodon_trifascialis_Bishop_-1790297166.jpg,no
Chaetodon_trifascialis_iNaturalist_234150638.jpg,Chaetodon trifascialis,inaturalist,3.5,no,template_ok,0.0763,Chaetodon_trifascialis_Bishop_-1790297166.jpg,no
Chaetodon_trifascialis_iNaturalist_243933.jpg,Chaetodon trifascialis,inaturalist,-11.2,no,template_ok,0.0589,Chaetodon_trifascialis_Bishop_-1790297166.jpg,no
Chaetodon_trifascialis_iNaturalist_27663000.jpg,Chaetodon trifascialis,inaturalist,-13.9,no,template_ok,0.0229,Chaetodon_trifascialis_Bishop_-1790297166.jpg,no
Chaetodon_trifascialis_iNaturalist_328870250.jpg,Chaetodon trifascialis,inaturalist,4.8,no,template_ok,0.0081,Chaetodon_trifascialis_Bishop_-1790297166.jpg,no
Chaetodon_trifascialis_iNaturalist_424671659.jpg,Chaetodon trifascialis,inaturalist,-2.1,no,template_uncertain,0.112,Chaetodon_trifascialis_Bishop_-1790297166.jpg,yes
Chaetodon_trifascialis_iNaturalist_424671676.jpg,Chaetodon trifascialis,inaturalist,9.1,no,template_uncertain,0.1073,Chaetodon_trifascialis_Bishop_-1790297166.jpg,yes
Chaetodon_trifascialis_iNaturalist_424671689.jpg,Chaetodon trifascialis,inaturalist,4.0,no,template_ok,0.0482,Chaetodon_trifascialis_Bishop_-1790297166.jpg,no
Chaetodon_trifascialis_iNaturalist_424671703.jpg,Chaetodon trifascialis,inaturalist,0.0,no,template_uncertain,0.0984,Chaetodon_trifascialis_Bishop_-1790297166.jpg,yes
Chaetodon_trifascialis_iNaturalist_536659908.jpg,Chaetodon trifascialis,inaturalist,10.4,no,template_uncertain,0.103,Chaetodon_trifascialis_Bishop_-1790297166.jpg,yes
Chaetodon_trifascialis_FishWise_070463F000002W000005.jpg,Chaetodon trifascialis,other,2.9,no,template_ok,0.1335,Chaetodon_trifascialis_Bishop_-1790297166.jpg,no
Chaetodon_trifascialis_FishWise_070463F000004W000007.jpg,Chaetodon trifascialis,other,6.9,no,template_ok,0.0877,Chaetodon_trifascialis_Bishop_-1790297166.jpg,no
Chaetodon_trifascialis_FishWise_070463F000009W000004.jpg,Chaetodon trifascialis,other,-3.9,no,template_ok,0.0593,Chaetodon_trifascialis_Bishop_-1790297166.jpg,no
Chaetodon_trifascialis_FishWise_070463F000009W000009.jpg,Chaetodon trifascialis,other,11.1,no,template_ok,0.0621,Chaetodon_trifascialis_Bishop_-1790297166.jpg,no
Chaetodon_trifascialis_FishWise_070463F000009W000010.jpg,Chaetodon trifascialis,other,9.1,yes,template_flip,0.1709,Chaetodon_trifascialis_Bishop_-1790297166.jpg,no
Chaetodon_trifascialis_FishWise_070463F000009W000011.jpg,Chaetodon trifascialis,other,16.8,no,template_ok,0.0718,Chaetodon_trifascialis_Bishop_-1790297166.jpg,no
Chaetodon_trifascialis_FishWise_070463F000009W000012.jpg,Chaetodon trifascialis,other,13.5,no,template_ok,0.0357,Chaetodon_trifascialis_Bishop_-1790297166.jpg,no
Chaetodon_trifascialis_FishWise_070463F000009W000013.jpg,Chaetodon trifascialis,other,0.0,no,template_ok,0.1017,Chaetodon_trifascialis_Bishop_-1790297166.jpg,no
Chaetodon_trifascialis_FishWise_070463F000009W000014.jpg,Chaetodon trifascialis,other,2.7,no,template_ok,0.1827,Chaetodon_trifascialis_Bishop_-1790297166.jpg,no
Chaetodon_trifascialis_FishWise_070463F000009W000019.jpg,Chaetodon trifascialis,other,4.6,no,template_ok,0.1592,Chaetodon_trifascialis_Bishop_-1790297166.jpg,no
Chaetodon_trifascialis_FishWise_070463F000024W000001.jpg,Chaetodon trifascialis,other,16.3,no,template_ok,0.0459,Chaetodon_trifascialis_Bishop_-1790297166.jpg,no
Chaetodon_trifascialis_FishWise_070463F000024W000002.jpg,Chaetodon trifascialis,other,13.3,no,template_ok,0.0194,Chaetodon_trifascialis_Bishop_-1790297166.jpg,no
Chaetodon_trifascialis_FishWise_070463F000024W000003.jpg,Chaetodon trifascialis,other,4.2,no,template_ok,0.14,Chaetodon_trifascialis_Bishop_-1790297166.jpg,no
Chaetodon_trifascialis_FishWise_070463F000112W000008.jpg,Chaetodon trifascialis,other,2.9,no,template_ok,0.1138,Chaetodon_trifascialis_Bishop_-1790297166.jpg,no
Chaetodon_trifascialis_FishWise_070463F000112W000015.jpg,Chaetodon trifascialis,other,3.2,no,template_ok,0.1125,Chaetodon_trifascialis_Bishop_-1790297166.jpg,no
Chaetodon_trifascialis_FishWise_070463F000112W000016.jpg,Chaetodon trifascialis,other,3.9,no,template_ok,0.091,Chaetodon_trifascialis_Bishop_-1790297166.jpg,no
Chaetodon_trifascialis_FishWise_070463F000112W000017.jpg,Chaetodon trifascialis,other,0.0,no,template_ok,0.1389,Chaetodon_trifascialis_Bishop_-1790297166.jpg,no
Chaetodon_trifascialis_FishWise_070463F000387W000021.jpg,Chaetodon trifascialis,other,9.3,no,template_ok,0.0311,Chaetodon_trifascialis_Bishop_-1790297166.jpg,no
Chaetodon_trifascialis_FishWise_070463F000387W000022.jpg,Chaetodon trifascialis,other,0.0,no,template_ok,0.0848,Chaetodon_trifascialis_Bishop_-1790297166.jpg,no
Chaetodon_trifascialis_FishWise_070463F000387W000023.jpg,Chaetodon trifascialis,other,0.0,no,template_ok,0.0308,Chaetodon_trifascialis_Bishop_-1790297166.jpg,no
Chaetodon_trifascialis_FishWise_070463F000387W000024.jpg,Chaetodon trifascialis,other,-3.9,no,template_ok,0.1078,Chaetodon_trifascialis_Bishop_-1790297166.jpg,no
Chaetodon_trifascialis_FishWise_070463F000387W000025.jpg,Chaetodon trifascialis,other,0.0,no,template_ok,0.062,Chaetodon_trifascialis_Bishop_-1790297166.jpg,no
Chaetodon_trifascialis_FishWise_070463F000492W000026.jpg,Chaetodon trifascialis,other,4.3,no,template_ok,0.1441,Chaetodon_trifascialis_Bishop_-1790297166.jpg,no
Chaetodon_trifasciatus_FishPix_55807AF.jpg,Chaetodon trifasciatus,fishpix,0.0,no,trusted_source,0.1116,Chaetodon_trifasciatus_Bishop_-781709008.jpg,no
Chaetodon_trifasciatus_Bishop_-781709008.jpg,Chaetodon trifasciatus,bishop,3.5,no,trusted_source,1.0,Chaetodon_trifasciatus_Bishop_-781709008.jpg,no
Chaetodon_trifasciatus_FishBase_Chtri_u3.jpg,Chaetodon trifasciatus,fishbase,0.0,no,trusted_source,0.0814,Chaetodon_trifasciatus_Bishop_-781709008.jpg,no
Chaetodon_trifasciatus_FishBase_Chtri_uc.jpg,Chaetodon trifasciatus,fishbase,3.5,no,trusted_source,0.106,Chaetodon_trifasciatus_Bishop_-781709008.jpg,no
Chaetodon_trifasciatus_FishBase_Chtri_ur.jpg,Chaetodon trifasciatus,fishbase,-4.6,no,trusted_source,0.0666,Chaetodon_trifasciatus_Bishop_-781709008.jpg,no
Chaetodon_trifasciatus_FishBase_Chtri_ut.jpg,Chaetodon trifasciatus,fishbase,0.0,no,trusted_source,0.081,Chaetodon_trifasciatus_Bishop_-781709008.jpg,no
Chaetodon_trifasciatus_FishBase_Chtri_uv.jpg,Chaetodon trifasciatus,fishbase,0.0,no,trusted_source,0.0329,Chaetodon_trifasciatus_Bishop_-781709008.jpg,no
Chaetodon_trifasciatus_FishBase_Chtri_uw.jpg,Chaetodon trifasciatus,fishbase,-6.7,no,trusted_source,0.052,Chaetodon_trifasciatus_Bishop_-781709008.jpg,no
Chaetodon_trifasciatus_FishBase_Chtri_ux.jpg,Chaetodon trifasciatus,fishbase,0.0,no,trusted_source,0.0769,Chaetodon_trifasciatus_Bishop_-781709008.jpg,no
Chaetodon_trifasciatus_FishBaseUser_1473578737_162.158.165.25.jpg,Chaetodon trifasciatus,fishbase,0.0,no,trusted_source,0.0237,Chaetodon_trifasciatus_Bishop_-781709008.jpg,no
Chaetodon_trifasciatus_FishBaseUser_1509182472_172.68.102.54.jpg,Chaetodon trifasciatus,fishbase,-12.1,no,trusted_source,0.1111,Chaetodon_trifasciatus_Bishop_-781709008.jpg,no
Chaetodon_trifasciatus_FishBaseUser_1526982656_162.158.22.48.jpg,Chaetodon trifasciatus,fishbase,9.5,no,trusted_source,0.0489,Chaetodon_trifasciatus_Bishop_-781709008.jpg,no
Chaetodon_trifasciatus_FishBaseUser_1577142927_172.68.102.78.jpg,Chaetodon trifasciatus,fishbase,0.0,no,trusted_source,0.1073,Chaetodon_trifasciatus_Bishop_-781709008.jpg,no
Chaetodon_trifasciatus_FishBaseUser_1656494131_162.158.170.185.jpg,Chaetodon trifasciatus,fishbase,-16.6,no,trusted_source,0.0192,Chaetodon_trifasciatus_Bishop_-781709008.jpg,no
Chaetodon_trifasciatus_FishBaseUser_1724989518_172.71.81.80.jpg,Chaetodon trifasciatus,fishbase,6.1,no,trusted_source,0.0745,Chaetodon_trifasciatus_Bishop_-781709008.jpg,no
Chaetodon_trifasciatus_iNaturalist_173829537.jpg,Chaetodon trifasciatus,inaturalist,8.6,no,template_uncertain,0.0529,Chaetodon_trifasciatus_Bishop_-781709008.jpg,yes
Chaetodon_trifasciatus_iNaturalist_173829547.jpg,Chaetodon trifasciatus,inaturalist,0.0,no,template_ok,0.0483,Chaetodon_trifasciatus_Bishop_-781709008.jpg,no
Chaetodon_trifasciatus_iNaturalist_173829556.jpg,Chaetodon trifasciatus,inaturalist,0.0,no,template_ok,0.1163,Chaetodon_trifasciatus_Bishop_-781709008.jpg,no
Chaetodon_trifasciatus_iNaturalist_326127996.jpg,Chaetodon trifasciatus,inaturalist,-17.4,no,template_ok,0.0319,Chaetodon_trifasciatus_Bishop_-781709008.jpg,no
Chaetodon_trifasciatus_iNaturalist_332090965.jpg,Chaetodon trifasciatus,inaturalist,-12.6,no,template_ok,0.0646,Chaetodon_trifasciatus_Bishop_-781709008.jpg,no
Chaetodon_trifasciatus_iNaturalist_334508891.jpg,Chaetodon trifasciatus,inaturalist,0.0,no,template_ok,0.0456,Chaetodon_trifasciatus_Bishop_-781709008.jpg,no
Chaetodon_trifasciatus_iNaturalist_434604443.jpg,Chaetodon trifasciatus,inaturalist,0.0,no,template_ok,0.0273,Chaetodon_trifasciatus_Bishop_-781709008.jpg,no
Chaetodon_trifasciatus_iNaturalist_434604519.jpg,Chaetodon trifasciatus,inaturalist,0.0,no,template_ok,0.0531,Chaetodon_trifasciatus_Bishop_-781709008.jpg,no
Chaetodon_trifasciatus_iNaturalist_454497011.jpg,Chaetodon trifasciatus,inaturalist,-10.2,no,template_uncertain,0.0921,Chaetodon_trifasciatus_Bishop_-781709008.jpg,yes
Chaetodon_trifasciatus_iNaturalist_4868636.jpg,Chaetodon trifasciatus,inaturalist,-2.7,no,template_ok,0.0,Chaetodon_trifasciatus_Bishop_-781709008.jpg,no
Chaetodon_trifasciatus_FishWise_070483F000004W000010.jpg,Chaetodon trifasciatus,other,0.0,no,template_ok,0.0724,Chaetodon_trifasciatus_Bishop_-781709008.jpg,no
Chaetodon_trifasciatus_FishWise_070483F000009W000009.jpg,Chaetodon trifasciatus,other,4.5,no,template_ok,0.1598,Chaetodon_trifasciatus_Bishop_-781709008.jpg,no
Chaetodon_trifasciatus_FishWise_070483F000024W000004.jpg,Chaetodon trifasciatus,other,3.7,no,template_ok,0.0996,Chaetodon_trifasciatus_Bishop_-781709008.jpg,no
Chaetodon_trifasciatus_FishWise_070483F000033W000001.jpg,Chaetodon trifasciatus,other,0.0,no,template_uncertain,0.106,Chaetodon_trifasciatus_Bishop_-781709008.jpg,yes
Chaetodon_trifasciatus_FishWise_070483F000112W000007.jpg,Chaetodon trifasciatus,other,0.0,no,template_ok,0.0414,Chaetodon_trifasciatus_Bishop_-781709008.jpg,no
Chaetodon_trifasciatus_FishWise_070483F000112W000008.jpg,Chaetodon trifasciatus,other,0.0,no,template_ok,0.0975,Chaetodon_trifasciatus_Bishop_-781709008.jpg,no
Chaetodon_trifasciatus_FishWise_070483F000167W000006.jpg,Chaetodon trifasciatus,other,2.1,no,template_ok,0.0086,Chaetodon_trifasciatus_Bishop_-781709008.jpg,no
Chaetodon_trifasciatus_FishWise_070483F000387W000011.jpg,Chaetodon trifasciatus,other,0.0,no,template_ok,0.1058,Chaetodon_trifasciatus_Bishop_-781709008.jpg,no
Chaetodon_ulietensis_FishPix_26584AF.jpg,Chaetodon ulietensis,fishpix,5.9,no,trusted_source,0.2373,Chaetodon_ulietensis_Bishop_-201975074.jpg,no
Chaetodon_ulietensis_Bishop_-1430510223.jpg,Chaetodon ulietensis,bishop,7.2,no,trusted_source,0.3068,Chaetodon_ulietensis_Bishop_-201975074.jpg,no
Chaetodon_ulietensis_Bishop_-201975074.jpg,Chaetodon ulietensis,bishop,3.6,no,trusted_source,1.0,Chaetodon_ulietensis_Bishop_-201975074.jpg,no
Chaetodon_ulietensis_FishBase_Chuli_u0.jpg,Chaetodon ulietensis,fishbase,8.0,no,trusted_source,0.1919,Chaetodon_ulietensis_Bishop_-201975074.jpg,no
Chaetodon_ulietensis_FishBase_Chuli_u1.jpg,Chaetodon ulietensis,fishbase,3.7,no,trusted_source,0.3212,Chaetodon_ulietensis_Bishop_-201975074.jpg,no
Chaetodon_ulietensis_FishBase_Chuli_u2.jpg,Chaetodon ulietensis,fishbase,5.9,no,trusted_source,0.2871,Chaetodon_ulietensis_Bishop_-201975074.jpg,no
Chaetodon_ulietensis_FishBase_Chuli_u3.jpg,Chaetodon ulietensis,fishbase,0.0,no,trusted_source,0.305,Chaetodon_ulietensis_Bishop_-201975074.jpg,no
Chaetodon_ulietensis_FishBase_Chuli_u5.jpg,Chaetodon ulietensis,fishbase,0.0,no,trusted_source,0.0846,Chaetodon_ulietensis_Bishop_-201975074.jpg,no
Chaetodon_ulietensis_FishBase_Chuli_u6.jpg,Chaetodon ulietensis,fishbase,13.9,no,trusted_source,0.1606,Chaetodon_ulietensis_Bishop_-201975074.jpg,no
Chaetodon_ulietensis_FishBase_Chuli_u7.jpg,Chaetodon ulietensis,fishbase,8.7,no,trusted_flagged,0.2628,Chaetodon_ulietensis_Bishop_-201975074.jpg,yes
Chaetodon_ulietensis_FishBaseUser_1393613919_71.202.224.33.jpg,Chaetodon ulietensis,fishbase,11.2,no,trusted_flagged,0.3424,Chaetodon_ulietensis_Bishop_-201975074.jpg,yes
Chaetodon_ulietensis_FishBaseUser_1473758818_108.162.215.216.jpg,Chaetodon ulietensis,fishbase,-3.4,no,trusted_flagged,0.2476,Chaetodon_ulietensis_Bishop_-201975074.jpg,yes
Chaetodon_ulietensis_FishBaseUser_1509182680_172.68.102.54.jpg,Chaetodon ulietensis,fishbase,0.0,no,trusted_source,0.237,Chaetodon_ulietensis_Bishop_-201975074.jpg,no
Chaetodon_ulietensis_FishBaseUser_1577143026_172.68.102.78.jpg,Chaetodon ulietensis,fishbase,0.0,no,trusted_source,0.1259,Chaetodon_ulietensis_Bishop_-201975074.jpg,no
Chaetodon_ulietensis_FishBaseUser_1704744860_108.162.212.25.jpg,Chaetodon ulietensis,fishbase,0.0,no,trusted_source,0.0242,Chaetodon_ulietensis_Bishop_-201975074.jpg,no
Chaetodon_ulietensis_FishBaseUser_1706127395_172.70.55.216.jpg,Chaetodon ulietensis,fishbase,0.0,no,trusted_source,0.2118,Chaetodon_ulietensis_Bishop_-201975074.jpg,no
Chaetodon_ulietensis_iNaturalist_1400797.jpg,Chaetodon ulietensis,inaturalist,-5.4,no,template_ok,0.2095,Chaetodon_ulietensis_Bishop_-201975074.jpg,no
Chaetodon_ulietensis_iNaturalist_173697456.jpg,Chaetodon ulietensis,inaturalist,-7.8,yes,template_flip,0.2305,Chaetodon_ulietensis_Bishop_-201975074.jpg,no
Chaetodon_ulietensis_iNaturalist_222874834.jpg,Chaetodon ulietensis,inaturalist,13.7,no,template_ok,0.1008,Chaetodon_ulietensis_Bishop_-201975074.jpg,no
Chaetodon_ulietensis_iNaturalist_230476352.jpg,Chaetodon ulietensis,inaturalist,-8.8,yes,template_flip,0.1777,Chaetodon_ulietensis_Bishop_-201975074.jpg,no
Chaetodon_ulietensis_iNaturalist_326590225.jpg,Chaetodon ulietensis,inaturalist,0.0,no,template_uncertain,0.0797,Chaetodon_ulietensis_Bishop_-201975074.jpg,yes
Chaetodon_ulietensis_iNaturalist_331048079.jpg,Chaetodon ulietensis,inaturalist,-3.2,no,template_ok,0.0503,Chaetodon_ulietensis_Bishop_-201975074.jpg,no
Chaetodon_ulietensis_iNaturalist_453438977.jpg,Chaetodon ulietensis,inaturalist,0.0,no,template_ok,0.2714,Chaetodon_ulietensis_Bishop_-201975074.jpg,no
Chaetodon_ulietensis_iNaturalist_453439299.jpg,Chaetodon ulietensis,inaturalist,2.2,no,template_ok,0.2526,Chaetodon_ulietensis_Bishop_-201975074.jpg,no
Chaetodon_ulietensis_iNaturalist_453440787.jpg,Chaetodon ulietensis,inaturalist,6.5,no,template_ok,0.296,Chaetodon_ulietensis_Bishop_-201975074.jpg,no
Chaetodon_ulietensis_FishWise_071442F000009W000008.jpg,Chaetodon ulietensis,other,8.9,no,template_ok,0.2284,Chaetodon_ulietensis_Bishop_-201975074.jpg,no
Chaetodon_ulietensis_FishWise_071442F000009W000009.jpg,Chaetodon ulietensis,other,3.4,no,template_ok,0.3882,Chaetodon_ulietensis_Bishop_-201975074.jpg,no
Chaetodon_ulietensis_FishWise_071442F000112W000005.jpg,Chaetodon ulietensis,other,3.4,no,template_ok,0.3254,Chaetodon_ulietensis_Bishop_-201975074.jpg,no
Chaetodon_ulietensis_FishWise_071442F000387W000006.jpg,Chaetodon ulietensis,other,10.5,no,template_ok,0.1882,Chaetodon_ulietensis_Bishop_-201975074.jpg,no
Chaetodon_ulietensis_FishWise_071442F000387W000007.jpg,Chaetodon ulietensis,other,8.6,no,template_ok,0.3914,Chaetodon_ulietensis_Bishop_-201975074.jpg,no
Chaetodon_unimaculatus_FishPix_15036AF.jpg,Chaetodon unimaculatus,fishpix,17.2,no,trusted_source,0.0558,Chaetodon_unimaculatus_Bishop_-538563321.jpg,no
Chaetodon_unimaculatus_Bishop_-2035665860.jpg,Chaetodon unimaculatus,bishop,3.0,no,trusted_source,0.0581,Chaetodon_unimaculatus_Bishop_-538563321.jpg,no
Chaetodon_unimaculatus_Bishop_-538563321.jpg,Chaetodon unimaculatus,bishop,6.6,no,trusted_source,1.0,Chaetodon_unimaculatus_Bishop_-538563321.jpg,no
Chaetodon_unimaculatus_FishBase_Chuni_u1.jpg,Chaetodon unimaculatus,fishbase,6.2,no,trusted_source,0.0901,Chaetodon_unimaculatus_Bishop_-538563321.jpg,no
Chaetodon_unimaculatus_FishBase_Chuni_u4.jpg,Chaetodon unimaculatus,fishbase,6.1,no,trusted_source,0.0352,Chaetodon_unimaculatus_Bishop_-538563321.jpg,no
Chaetodon_unimaculatus_FishBase_Chuni_u5.jpg,Chaetodon unimaculatus,fishbase,5.4,no,trusted_source,0.0741,Chaetodon_unimaculatus_Bishop_-538563321.jpg,no
Chaetodon_unimaculatus_FishBase_Chuni_ul.jpg,Chaetodon unimaculatus,fishbase,0.0,no,trusted_source,0.1651,Chaetodon_unimaculatus_Bishop_-538563321.jpg,no
Chaetodon_unimaculatus_FishBaseUser_1454328567_94.198.18.55.jpg,Chaetodon unimaculatus,fishbase,9.8,no,trusted_source,0.0443,Chaetodon_unimaculatus_Bishop_-538563321.jpg,no
Chaetodon_unimaculatus_FishBaseUser_1469522440_162.158.167.12.jpg,Chaetodon unimaculatus,fishbase,0.0,no,trusted_source,0.0373,Chaetodon_unimaculatus_Bishop_-538563321.jpg,no
Chaetodon_unimaculatus_FishBaseUser_1577143148_172.68.102.78.jpg,Chaetodon unimaculatus,fishbase,-11.0,no,trusted_source,0.0452,Chaetodon_unimaculatus_Bishop_-538563321.jpg,no
Chaetodon_unimaculatus_FishBaseUser_1704667498_172.70.82.107.jpg,Chaetodon unimaculatus,fishbase,-3.2,no,trusted_source,0.0997,Chaetodon_unimaculatus_Bishop_-538563321.jpg,no
Chaetodon_unimaculatus_FishBaseUser_1706116213_172.70.254.151.jpg,Chaetodon unimaculatus,fishbase,-13.2,no,trusted_source,0.0327,Chaetodon_unimaculatus_Bishop_-538563321.jpg,no
Chaetodon_unimaculatus_FishBaseUser_1747235776_95.95.129.49.jpg,Chaetodon unimaculatus,fishbase,-18.6,no,trusted_source,0.0096,Chaetodon_unimaculatus_Bishop_-538563321.jpg,no
Chaetodon_unimaculatus_FishBaseUser_1747235827_95.95.129.49.jpg,Chaetodon unimaculatus,fishbase,0.0,no,trusted_source,0.0045,Chaetodon_unimaculatus_Bishop_-538563321.jpg,no
Chaetodon_unimaculatus_iNaturalist_179915614.jpg,Chaetodon unimaculatus,inaturalist,18.9,no,template_ok,0.1646,Chaetodon_unimaculatus_Bishop_-538563321.jpg,no
Chaetodon_unimaculatus_iNaturalist_233496852.jpg,Chaetodon unimaculatus,inaturalist,14.7,no,template_ok,0.0533,Chaetodon_unimaculatus_Bishop_-538563321.jpg,no
Chaetodon_unimaculatus_iNaturalist_553392414.jpg,Chaetodon unimaculatus,inaturalist,8.9,no,template_ok,0.0437,Chaetodon_unimaculatus_Bishop_-538563321.jpg,no
Chaetodon_unimaculatus_iNaturalist_593828871.jpg,Chaetodon unimaculatus,inaturalist,9.4,no,template_ok,0.0076,Chaetodon_unimaculatus_Bishop_-538563321.jpg,no
Chaetodon_unimaculatus_iNaturalist_593828880.jpg,Chaetodon unimaculatus,inaturalist,2.3,no,template_ok,0.0396,Chaetodon_unimaculatus_Bishop_-538563321.jpg,no
Chaetodon_unimaculatus_iNaturalist_602202893.jpg,Chaetodon unimaculatus,inaturalist,0.0,no,template_ok,0.0237,Chaetodon_unimaculatus_Bishop_-538563321.jpg,no
Chaetodon_unimaculatus_iNaturalist_66774276.jpg,Chaetodon unimaculatus,inaturalist,0.0,no,template_ok,0.1618,Chaetodon_unimaculatus_Bishop_-538563321.jpg,no
Chaetodon_unimaculatus_iNaturalist_71907697.jpg,Chaetodon unimaculatus,inaturalist,0.0,no,template_ok,0.0086,Chaetodon_unimaculatus_Bishop_-538563321.jpg,no
Chaetodon_unimaculatus_iNaturalist_91073839.jpg,Chaetodon unimaculatus,inaturalist,4.3,no,template_ok,0.0269,Chaetodon_unimaculatus_Bishop_-538563321.jpg,no
Chaetodon_unimaculatus_FishWise_032065F000009W000013.jpg,Chaetodon unimaculatus,other,-6.8,no,template_ok,0.0215,Chaetodon_unimaculatus_Bishop_-538563321.jpg,no
Chaetodon_unimaculatus_FishWise_032065F000009W000015.jpg,Chaetodon unimaculatus,other,0.0,no,template_ok,0.0101,Chaetodon_unimaculatus_Bishop_-538563321.jpg,no
Chaetodon_unimaculatus_FishWise_032065F000009W000016.jpg,Chaetodon unimaculatus,other,2.7,no,template_ok,0.0219,Chaetodon_unimaculatus_Bishop_-538563321.jpg,no
Chaetodon_unimaculatus_FishWise_032065F000009W000018.jpg,Chaetodon unimaculatus,other,0.0,no,template_ok,0.0397,Chaetodon_unimaculatus_Bishop_-538563321.jpg,no
Chaetodon_unimaculatus_FishWise_032065F000024W000003.jpg,Chaetodon unimaculatus,other,6.0,no,template_ok,0.0345,Chaetodon_unimaculatus_Bishop_-538563321.jpg,no
Chaetodon_unimaculatus_FishWise_032065F000112W000009.jpg,Chaetodon unimaculatus,other,2.3,no,template_ok,0.0501,Chaetodon_unimaculatus_Bishop_-538563321.jpg,no
Chaetodon_unimaculatus_FishWise_032065F000112W000010.jpg,Chaetodon unimaculatus,other,4.6,no,template_ok,0.0566,Chaetodon_unimaculatus_Bishop_-538563321.jpg,no
Chaetodon_unimaculatus_FishWise_032065F000387W000014.jpg,Chaetodon unimaculatus,other,-2.1,no,template_ok,0.0086,Chaetodon_unimaculatus_Bishop_-538563321.jpg,no
Chaetodon_unimaculatus_FishWise_032065F000387W000017.jpg,Chaetodon unimaculatus,other,0.0,no,template_ok,0.0206,Chaetodon_unimaculatus_Bishop_-538563321.jpg,no
Chaetodon_vagabundus_FishPix_10004AF.jpg,Chaetodon vagabundus,fishpix,-11.8,no,trusted_source,0.0491,Chaetodon_vagabundus_Bishop_397124810.jpg,no
Chaetodon_vagabundus_Bishop_-2087127384.jpg,Chaetodon vagabundus,bishop,6.3,no,trusted_source,0.0965,Chaetodon_vagabundus_Bishop_397124810.jpg,no
Chaetodon_vagabundus_Bishop_2044270221.jpg,Chaetodon vagabundus,bishop,3.7,no,trusted_source,0.1233,Chaetodon_vagabundus_Bishop_397124810.jpg,no
Chaetodon_vagabundus_Bishop_397124810.jpg,Chaetodon vagabundus,bishop,4.3,no,trusted_source,1.0,Chaetodon_vagabundus_Bishop_397124810.jpg,no
Chaetodon_vagabundus_FishBase_Chvag_j0.jpg,Chaetodon vagabundus,fishbase,0.0,no,trusted_source,0.2275,Chaetodon_vagabundus_Bishop_397124810.jpg,no
Chaetodon_vagabundus_FishBase_Chvag_j1.jpg,Chaetodon vagabundus,fishbase,-17.3,no,trusted_source,0.2748,Chaetodon_vagabundus_Bishop_397124810.jpg,no
Chaetodon_vagabundus_FishBase_Chvag_u1.jpg,Chaetodon vagabundus,fishbase,5.2,no,trusted_source,0.0332,Chaetodon_vagabundus_Bishop_397124810.jpg,no
Chaetodon_vagabundus_FishBase_Chvag_u3.jpg,Chaetodon vagabundus,fishbase,5.1,no,trusted_source,0.0985,Chaetodon_vagabundus_Bishop_397124810.jpg,no
Chaetodon_vagabundus_FishBase_Chvag_u4.jpg,Chaetodon vagabundus,fishbase,-5.5,no,trusted_source,0.0048,Chaetodon_vagabundus_Bishop_397124810.jpg,no
Chaetodon_vagabundus_FishBase_Chvag_u5.jpg,Chaetodon vagabundus,fishbase,-10.4,no,trusted_source,0.0981,Chaetodon_vagabundus_Bishop_397124810.jpg,no
Chaetodon_vagabundus_FishBase_Chvag_u6.jpg,Chaetodon vagabundus,fishbase,15.2,no,trusted_source,0.0027,Chaetodon_vagabundus_Bishop_397124810.jpg,no
Chaetodon_vagabundus_FishBase_Chvag_u7.jpg,Chaetodon vagabundus,fishbase,-17.7,no,trusted_source,0.1828,Chaetodon_vagabundus_Bishop_397124810.jpg,no
Chaetodon_vagabundus_FishBase_Chvag_u9.jpg,Chaetodon vagabundus,fishbase,6.0,no,trusted_source,0.123,Chaetodon_vagabundus_Bishop_397124810.jpg,no
Chaetodon_vagabundus_FishBaseUser_1469522533_162.158.167.12.jpg,Chaetodon vagabundus,fishbase,-5.5,no,trusted_source,0.1053,Chaetodon_vagabundus_Bishop_397124810.jpg,no
Chaetodon_vagabundus_FishBaseUser_1508873636_162.158.59.66.jpg,Chaetodon vagabundus,fishbase,5.7,no,trusted_source,0.1487,Chaetodon_vagabundus_Bishop_397124810.jpg,no
Chaetodon_vagabundus_FishBaseUser_1509183707_172.68.102.54.jpg,Chaetodon vagabundus,fishbase,-5.9,no,trusted_source,0.0505,Chaetodon_vagabundus_Bishop_397124810.jpg,no
Chaetodon_vagabundus_FishBaseUser_1509183778_172.68.102.54.jpg,Chaetodon vagabundus,fishbase,0.0,no,trusted_source,0.0413,Chaetodon_vagabundus_Bishop_397124810.jpg,no
Chaetodon_vagabundus_FishBaseUser_1577140337_172.68.102.128.jpg,Chaetodon vagabundus,fishbase,0.0,no,trusted_source,0.0716,Chaetodon_vagabundus_Bishop_397124810.jpg,no
Chaetodon_vagabundus_FishBaseUser_1585733306_108.162.229.236.jpg,Chaetodon vagabundus,fishbase,0.0,no,trusted_source,0.0008,Chaetodon_vagabundus_Bishop_397124810.jpg,no
Chaetodon_vagabundus_FishBaseUser_1603232922_162.158.187.197.jpg,Chaetodon vagabundus,fishbase,13.8,no,trusted_source,0.0946,Chaetodon_vagabundus_Bishop_397124810.jpg,no
Chaetodon_vagabundus_FishBaseUser_1655673349_172.70.178.177.jpg,Chaetodon vagabundus,fishbase,16.0,no,trusted_source,0.0925,Chaetodon_vagabundus_Bishop_397124810.jpg,no
Chaetodon_vagabundus_FishBaseUser_1672901252_172.70.207.20.jpg,Chaetodon vagabundus,fishbase,8.0,no,trusted_source,0.1124,Chaetodon_vagabundus_Bishop_397124810.jpg,no
Chaetodon_vagabundus_FishBaseUser_1672901308_172.69.33.29.jpg,Chaetodon vagabundus,fishbase,0.0,no,trusted_source,0.2522,Chaetodon_vagabundus_Bishop_397124810.jpg,no
Chaetodon_vagabundus_FishBaseUser_1672901343_172.71.214.87.jpg,Chaetodon vagabundus,fishbase,0.0,no,trusted_source,0.1467,Chaetodon_vagabundus_Bishop_397124810.jpg,no
Chaetodon_vagabundus_FishBaseUser_1706127278_172.70.82.201.jpg,Chaetodon vagabundus,fishbase,10.2,no,trusted_source,0.0679,Chaetodon_vagabundus_Bishop_397124810.jpg,no
Chaetodon_vagabundus_FishBaseUser_1747236078_95.95.129.49.jpg,Chaetodon vagabundus,fishbase,0.0,no,trusted_source,0.1136,Chaetodon_vagabundus_Bishop_397124810.jpg,no
Chaetodon_vagabundus_FishBaseUser_1747236118_95.95.129.49.jpg,Chaetodon vagabundus,fishbase,0.0,no,trusted_source,0.0555,Chaetodon_vagabundus_Bishop_397124810.jpg,no
Chaetodon_vagabundus_iNaturalist_13817766.jpg,Chaetodon vagabundus,inaturalist,-10.4,no,template_ok,0.0029,Chaetodon_vagabundus_Bishop_397124810.jpg,no
Chaetodon_vagabundus_iNaturalist_209516313.jpg,Chaetodon vagabundus,inaturalist,0.0,no,template_uncertain,0.0592,Chaetodon_vagabundus_Bishop_397124810.jpg,yes
Chaetodon_vagabundus_iNaturalist_232725659.jpg,Chaetodon vagabundus,inaturalist,0.0,no,template_ok,0.0383,Chaetodon_vagabundus_Bishop_397124810.jpg,no
Chaetodon_vagabundus_iNaturalist_234150683.jpg,Chaetodon vagabundus,inaturalist,13.8,no,template_uncertain,0.052,Chaetodon_vagabundus_Bishop_397124810.jpg,yes
Chaetodon_vagabundus_iNaturalist_236696832.jpg,Chaetodon vagabundus,inaturalist,-8.9,no,template_ok,0.1781,Chaetodon_vagabundus_Bishop_397124810.jpg,no
Chaetodon_vagabundus_iNaturalist_236697047.jpg,Chaetodon vagabundus,inaturalist,0.0,no,template_ok,0.0,Chaetodon_vagabundus_Bishop_397124810.jpg,no
Chaetodon_vagabundus_iNaturalist_236697461.jpg,Chaetodon vagabundus,inaturalist,5.9,no,template_uncertain,0.1379,Chaetodon_vagabundus_Bishop_397124810.jpg,yes
Chaetodon_vagabundus_iNaturalist_259101164.jpg,Chaetodon vagabundus,inaturalist,6.6,no,template_ok,0.0794,Chaetodon_vagabundus_Bishop_397124810.jpg,no
Chaetodon_vagabundus_iNaturalist_269786835.jpg,Chaetodon vagabundus,inaturalist,-9.1,no,template_ok,0.123,Chaetodon_vagabundus_Bishop_397124810.jpg,no
Chaetodon_vagabundus_iNaturalist_91073842.jpg,Chaetodon vagabundus,inaturalist,4.6,no,template_ok,0.1547,Chaetodon_vagabundus_Bishop_397124810.jpg,no
Chaetodon_vagabundus_FishWise_072115F000009W000012.jpg,Chaetodon vagabundus,other,5.5,no,template_ok,0.2166,Chaetodon_vagabundus_Bishop_397124810.jpg,no
Chaetodon_vagabundus_FishWise_072115F000009W000013.jpg,Chaetodon vagabundus,other,2.7,no,template_ok,0.1807,Chaetodon_vagabundus_Bishop_397124810.jpg,no
Chaetodon_vagabundus_FishWise_072115F000009W000015.jpg,Chaetodon vagabundus,other,3.9,no,template_ok,0.1136,Chaetodon_vagabundus_Bishop_397124810.jpg,no
Chaetodon_vagabundus_FishWise_072115F000009W000016.jpg,Chaetodon vagabundus,other,0.0,no,template_ok,0.16,Chaetodon_vagabundus_Bishop_397124810.jpg,no
Chaetodon_vagabundus_FishWise_072115F000024W000008.jpg,Chaetodon vagabundus,other,4.2,no,template_ok,0.1242,Chaetodon_vagabundus_Bishop_397124810.jpg,no
Chaetodon_vagabundus_FishWise_072115F000112W000010.jpg,Chaetodon vagabundus,other,3.5,no,template_ok,0.1337,Chaetodon_vagabundus_Bishop_397124810.jpg,no
Chaetodon_vagabundus_FishWise_072115F000112W000011.jpg,Chaetodon vagabundus,other,9.2,no,template_ok,0.1692,Chaetodon_vagabundus_Bishop_397124810.jpg,no
Chaetodon_vagabundus_FishWise_072115F000167W000007.jpg,Chaetodon vagabundus,other,-5.2,yes,template_flip,0.1596,Chaetodon_vagabundus_Bishop_397124810.jpg,no
Chaetodon_vagabundus_FishWise_072115F000167W000009.jpg,Chaetodon vagabundus,other,-4.3,no,template_uncertain,0.0524,Chaetodon_vagabundus_Bishop_397124810.jpg,yes
Chaetodon_vagabundus_FishWise_072115F000387W000014.jpg,Chaetodon vagabundus,other,6.6,no,template_ok,0.166,Chaetodon_vagabundus_Bishop_397124810.jpg,no
Chaetodon_wiebeli_FishPix_107464AF.jpg,Chaetodon wiebeli,fishpix,-3.6,no,trusted_source,0.1142,Chaetodon_wiebeli_Bishop_532247427.jpg,no
Chaetodon_wiebeli_Bishop_532247427.jpg,Chaetodon wiebeli,bishop,0.0,no,trusted_source,1.0,Chaetodon_wiebeli_Bishop_532247427.jpg,no
Chaetodon_wiebeli_FishBase_Chwie_j0.jpg,Chaetodon wiebeli,fishbase,0.0,no,trusted_source,0.1744,Chaetodon_wiebeli_Bishop_532247427.jpg,no
Chaetodon_wiebeli_FishBase_Chwie_u0.jpg,Chaetodon wiebeli,fishbase,3.9,no,trusted_source,0.1045,Chaetodon_wiebeli_Bishop_532247427.jpg,no
Chaetodon_wiebeli_FishBase_Chwie_u1.jpg,Chaetodon wiebeli,fishbase,0.0,no,trusted_source,0.0991,Chaetodon_wiebeli_Bishop_532247427.jpg,no
Chaetodon_wiebeli_FishBase_Chwie_u2.jpg,Chaetodon wiebeli,fishbase,12.1,no,trusted_source,0.0593,Chaetodon_wiebeli_Bishop_532247427.jpg,no
Chaetodon_wiebeli_FishBase_Chwie_u3.jpg,Chaetodon wiebeli,fishbase,-12.2,no,trusted_source,0.0612,Chaetodon_wiebeli_Bishop_532247427.jpg,no
Chaetodon_wiebeli_FishBase_Chwie_u4.jpg,Chaetodon wiebeli,fishbase,0.0,no,trusted_source,0.0606,Chaetodon_wiebeli_Bishop_532247427.jpg,no
Chaetodon_wiebeli_FishBase_Chwie_u5.jpg,Chaetodon wiebeli,fishbase,-5.5,no,trusted_source,0.0249,Chaetodon_wiebeli_Bishop_532247427.jpg,no
Chaetodon_wiebeli_FishBase_Chwie_u6.jpg,Chaetodon wiebeli,fishbase,-8.9,no,trusted_source,0.1727,Chaetodon_wiebeli_Bishop_532247427.jpg,no
Chaetodon_wiebeli_FishBase_Chwie_u7.jpg,Chaetodon wiebeli,fishbase,4.4,no,trusted_source,0.1021,Chaetodon_wiebeli_Bishop_532247427.jpg,no
Chaetodon_wiebeli_FishBaseUser_1569480488_172.68.133.128.jpg,Chaetodon wiebeli,fishbase,-16.9,no,trusted_source,0.0677,Chaetodon_wiebeli_Bishop_532247427.jpg,no
Chaetodon_wiebeli_FishBaseUser_1569480522_172.68.141.54.jpg,Chaetodon wiebeli,fishbase,-4.3,no,trusted_source,0.1056,Chaetodon_wiebeli_Bishop_532247427.jpg,no
Chaetodon_wiebeli_FishBaseUser_1609840471_172.69.33.235.jpg,Chaetodon wiebeli,fishbase,-12.2,no,trusted_source,0.028,Chaetodon_wiebeli_Bishop_532247427.jpg,no
Chaetodon_wiebeli_FishBaseUser_1628569666_172.70.147.80.jpg,Chaetodon wiebeli,fishbase,4.6,no,trusted_source,0.0449,Chaetodon_wiebeli_Bishop_532247427.jpg,no
Chaetodon_wiebeli_FishBaseUser_1672901392_172.71.214.132.jpg,Chaetodon wiebeli,fishbase,0.0,no,trusted_source,0.1225,Chaetodon_wiebeli_Bishop_532247427.jpg,no
Chaetodon_wiebeli_FishBaseUser_1672901418_172.71.214.132.jpg,Chaetodon wiebeli,fishbase,18.0,no,trusted_source,0.1598,Chaetodon_wiebeli_Bishop_532247427.jpg,no
Chaetodon_wiebeli_FishBaseUser_1672901462_172.71.215.98.jpg,Chaetodon wiebeli,fishbase,0.0,no,trusted_source,0.145,Chaetodon_wiebeli_Bishop_532247427.jpg,no
Chaetodon_wiebeli_FishBaseUser_1672901501_172.71.218.148.jpg,Chaetodon wiebeli,fishbase,0.0,no,trusted_source,0.0009,Chaetodon_wiebeli_Bishop_532247427.jpg,no
Chaetodon_wiebeli_iNaturalist_303753000.jpg,Chaetodon wiebeli,inaturalist,-10.8,no,template_ok,0.0234,Chaetodon_wiebeli_Bishop_532247427.jpg,no
Chaetodon_wiebeli_iNaturalist_303837873.jpg,Chaetodon wiebeli,inaturalist,15.6,no,template_ok,0.016,Chaetodon_wiebeli_Bishop_532247427.jpg,no
Chaetodon_wiebeli_iNaturalist_303837884.jpg,Chaetodon wiebeli,inaturalist,0.0,no,template_ok,0.0187,Chaetodon_wiebeli_Bishop_532247427.jpg,no
Chaetodon_wiebeli_iNaturalist_324430476.jpg,Chaetodon wiebeli,inaturalist,10.5,yes,template_flip,0.1922,Chaetodon_wiebeli_Bishop_532247427.jpg,no
Chaetodon_wiebeli_iNaturalist_416917368.jpg,Chaetodon wiebeli,inaturalist,14.4,no,template_uncertain,0.0567,Chaetodon_wiebeli_Bishop_532247427.jpg,yes
Chaetodon_wiebeli_iNaturalist_416922213.jpg,Chaetodon wiebeli,inaturalist,-18.9,no,template_ok,0.0196,Chaetodon_wiebeli_Bishop_532247427.jpg,no
Chaetodon_wiebeli_iNaturalist_433350324.jpg,Chaetodon wiebeli,inaturalist,0.0,no,template_ok,0.0,Chaetodon_wiebeli_Bishop_532247427.jpg,no
Chaetodon_wiebeli_iNaturalist_433350349.jpg,Chaetodon wiebeli,inaturalist,0.0,no,template_ok,0.0,Chaetodon_wiebeli_Bishop_532247427.jpg,no
Chaetodon_wiebeli_iNaturalist_433350357.jpg,Chaetodon wiebeli,inaturalist,0.0,no,template_ok,0.0,Chaetodon_wiebeli_Bishop_532247427.jpg,no
Chaetodon_wiebeli_iNaturalist_586264782.jpg,Chaetodon wiebeli,inaturalist,3.6,yes,template_flip,0.1772,Chaetodon_wiebeli_Bishop_532247427.jpg,no
Chaetodon_xanthocephalus_FishPix_22175AF.jpg,Chaetodon xanthocephalus,fishpix,0.0,no,trusted_source,0.0484,Chaetodon_xanthocephalus_Bishop_-1021247480.jpg,no
Chaetodon_xanthocephalus_Bishop_-1021247480.jpg,Chaetodon xanthocephalus,bishop,4.0,no,trusted_source,1.0,Chaetodon_xanthocephalus_Bishop_-1021247480.jpg,no
Chaetodon_xanthocephalus_FishBase_Chxan_u2.jpg,Chaetodon xanthocephalus,fishbase,12.1,no,trusted_source,0.0047,Chaetodon_xanthocephalus_Bishop_-1021247480.jpg,no
Chaetodon_xanthocephalus_FishBase_Chxan_u5.jpg,Chaetodon xanthocephalus,fishbase,4.0,no,trusted_source,0.1621,Chaetodon_xanthocephalus_Bishop_-1021247480.jpg,no
Chaetodon_xanthocephalus_FishBase_Chxan_uj.jpg,Chaetodon xanthocephalus,fishbase,14.3,no,trusted_source,0.1254,Chaetodon_xanthocephalus_Bishop_-1021247480.jpg,no
Chaetodon_xanthocephalus_FishBase_Chxan_um.jpg,Chaetodon xanthocephalus,fishbase,-16.6,no,trusted_source,0.1316,Chaetodon_xanthocephalus_Bishop_-1021247480.jpg,no
Chaetodon_xanthocephalus_FishBase_Chxan_un.jpg,Chaetodon xanthocephalus,fishbase,4.0,no,trusted_source,0.0661,Chaetodon_xanthocephalus_Bishop_-1021247480.jpg,no
Chaetodon_xanthocephalus_FishBaseUser_1344197185_62.178.129.238.jpg,Chaetodon xanthocephalus,fishbase,9.9,no,trusted_source,0.0984,Chaetodon_xanthocephalus_Bishop_-1021247480.jpg,no
Chaetodon_xanthocephalus_FishBaseUser_1423219931_86.10.40.87.jpg,Chaetodon xanthocephalus,fishbase,6.9,no,trusted_source,0.1408,Chaetodon_xanthocephalus_Bishop_-1021247480.jpg,no
Chaetodon_xanthocephalus_FishBaseUser_1444695202_24.215.186.224.jpg,Chaetodon xanthocephalus,fishbase,-16.5,no,trusted_source,0.0978,Chaetodon_xanthocephalus_Bishop_-1021247480.jpg,no
Chaetodon_xanthocephalus_FishBaseUser_1473648704_162.158.165.25.jpg,Chaetodon xanthocephalus,fishbase,0.0,no,trusted_source,0.1346,Chaetodon_xanthocephalus_Bishop_-1021247480.jpg,no
Chaetodon_xanthocephalus_FishBaseUser_1494615616_162.158.89.165.jpg,Chaetodon xanthocephalus,fishbase,-13.7,no,trusted_flagged,0.2803,Chaetodon_xanthocephalus_Bishop_-1021247480.jpg,yes
Chaetodon_xanthocephalus_FishBaseUser_1509183951_172.68.102.54.jpg,Chaetodon xanthocephalus,fishbase,0.0,no,trusted_source,0.0738,Chaetodon_xanthocephalus_Bishop_-1021247480.jpg,no
Chaetodon_xanthocephalus_FishBaseUser_1547507502_141.101.104.55.jpg,Chaetodon xanthocephalus,fishbase,10.6,no,trusted_source,0.0208,Chaetodon_xanthocephalus_Bishop_-1021247480.jpg,no
Chaetodon_xanthocephalus_FishBaseUser_1585560151_108.162.229.206.jpg,Chaetodon xanthocephalus,fishbase,-6.4,no,trusted_source,0.0226,Chaetodon_xanthocephalus_Bishop_-1021247480.jpg,no
Chaetodon_xanthocephalus_FishBaseUser_1585560544_108.162.229.206.jpg,Chaetodon xanthocephalus,fishbase,-13.6,no,trusted_source,0.0084,Chaetodon_xanthocephalus_Bishop_-1021247480.jpg,no
Chaetodon_xanthocephalus_FishBaseUser_1701479783_162.158.204.130.jpg,Chaetodon xanthocephalus,fishbase,18.2,no,trusted_source,0.0323,Chaetodon_xanthocephalus_Bishop_-1021247480.jpg,no
Chaetodon_xanthocephalus_FishBaseUser_1724958699_172.71.124.11.jpg,Chaetodon xanthocephalus,fishbase,-14.4,no,trusted_source,0.3103,Chaetodon_xanthocephalus_Bishop_-1021247480.jpg,no
Chaetodon_xanthocephalus_FishBaseUser_1724958728_172.71.124.11.jpg,Chaetodon xanthocephalus,fishbase,8.6,no,trusted_source,0.1917,Chaetodon_xanthocephalus_Bishop_-1021247480.jpg,no
Chaetodon_xanthocephalus_iNaturalist_328453538.jpg,Chaetodon xanthocephalus,inaturalist,-10.9,no,template_ok,0.0115,Chaetodon_xanthocephalus_Bishop_-1021247480.jpg,no
Chaetodon_xanthocephalus_iNaturalist_450960736.jpg,Chaetodon xanthocephalus,inaturalist,-4.2,yes,template_flip,0.1559,Chaetodon_xanthocephalus_Bishop_-1021247480.jpg,no
Chaetodon_xanthocephalus_iNaturalist_450960738.jpg,Chaetodon xanthocephalus,inaturalist,0.0,no,template_ok,0.1555,Chaetodon_xanthocephalus_Bishop_-1021247480.jpg,no
Chaetodon_xanthocephalus_iNaturalist_458538297.jpg,Chaetodon xanthocephalus,inaturalist,6.1,no,template_ok,0.0182,Chaetodon_xanthocephalus_Bishop_-1021247480.jpg,no
Chaetodon_xanthocephalus_iNaturalist_458538304.jpg,Chaetodon xanthocephalus,inaturalist,-7.8,no,template_uncertain,0.0574,Chaetodon_xanthocephalus_Bishop_-1021247480.jpg,yes
Chaetodon_xanthocephalus_iNaturalist_482464440.jpg,Chaetodon xanthocephalus,inaturalist,7.9,no,template_ok,0.0235,Chaetodon_xanthocephalus_Bishop_-1021247480.jpg,no
Chaetodon_xanthocephalus_iNaturalist_484448276.jpg,Chaetodon xanthocephalus,inaturalist,0.0,no,template_uncertain,0.1293,Chaetodon_xanthocephalus_Bishop_-1021247480.jpg,yes
Chaetodon_xanthocephalus_iNaturalist_485213070.jpg,Chaetodon xanthocephalus,inaturalist,-13.7,no,template_uncertain,0.0524,Chaetodon_xanthocephalus_Bishop_-1021247480.jpg,yes
Chaetodon_xanthocephalus_iNaturalist_590458116.jpg,Chaetodon xanthocephalus,inaturalist,0.0,no,template_ok,0.2102,Chaetodon_xanthocephalus_Bishop_-1021247480.jpg,no
Chaetodon_xanthocephalus_iNaturalist_593967746.jpg,Chaetodon xanthocephalus,inaturalist,-8.0,yes,template_flip,0.2016,Chaetodon_xanthocephalus_Bishop_-1021247480.jpg,no
Chaetodon_xanthocephalus_FishWise_074889F000009W000003.jpg,Chaetodon xanthocephalus,other,7.6,no,template_ok,0.1018,Chaetodon_xanthocephalus_Bishop_-1021247480.jpg,no
Chaetodon_xanthocephalus_FishWise_074889F000009W000004.jpg,Chaetodon xanthocephalus,other,11.5,no,template_ok,0.1071,Chaetodon_xanthocephalus_Bishop_-1021247480.jpg,no
Chaetodon_xanthocephalus_FishWise_074889F000009W000007.jpg,Chaetodon xanthocephalus,other,0.0,no,template_ok,0.1378,Chaetodon_xanthocephalus_Bishop_-1021247480.jpg,no
Chaetodon_xanthocephalus_FishWise_074889F000009W000008.jpg,Chaetodon xanthocephalus,other,0.0,no,template_ok,0.1447,Chaetodon_xanthocephalus_Bishop_-1021247480.jpg,no
Chaetodon_xanthocephalus_FishWise_074889F000009W000009.jpg,Chaetodon xanthocephalus,other,7.8,no,template_ok,0.092,Chaetodon_xanthocephalus_Bishop_-1021247480.jpg,no
Chaetodon_xanthocephalus_FishWise_074889F000009W000011.jpg,Chaetodon xanthocephalus,other,0.0,no,template_ok,0.1665,Chaetodon_xanthocephalus_Bishop_-1021247480.jpg,no
Chaetodon_xanthocephalus_FishWise_074889F000009W000012.jpg,Chaetodon xanthocephalus,other,0.0,no,template_ok,0.0783,Chaetodon_xanthocephalus_Bishop_-1021247480.jpg,no
Chaetodon_xanthocephalus_FishWise_074889F000009W000013.jpg,Chaetodon xanthocephalus,other,3.1,no,template_ok,0.174,Chaetodon_xanthocephalus_Bishop_-1021247480.jpg,no
Chaetodon_xanthocephalus_FishWise_074889F000009W000014.jpg,Chaetodon xanthocephalus,other,6.8,no,template_ok,0.0399,Chaetodon_xanthocephalus_Bishop_-1021247480.jpg,no
Chaetodon_xanthocephalus_FishWise_074889F000009W000015.jpg,Chaetodon xanthocephalus,other,10.7,no,template_ok,0.0274,Chaetodon_xanthocephalus_Bishop_-1021247480.jpg,no
Chaetodon_xanthocephalus_FishWise_074889F000024W000001.jpg,Chaetodon xanthocephalus,other,9.3,no,template_ok,0.1005,Chaetodon_xanthocephalus_Bishop_-1021247480.jpg,no
Chaetodon_xanthocephalus_FishWise_074889F000024W000002.jpg,Chaetodon xanthocephalus,other,3.9,no,template_ok,0.165,Chaetodon_xanthocephalus_Bishop_-1021247480.jpg,no
Chaetodon_xanthocephalus_FishWise_074889F000112W000006.jpg,Chaetodon xanthocephalus,other,12.1,no,template_ok,0.0363,Chaetodon_xanthocephalus_Bishop_-1021247480.jpg,no
Chaetodon_xanthocephalus_FishWise_074889F000172W000016.jpg,Chaetodon xanthocephalus,other,7.2,no,template_ok,0.0037,Chaetodon_xanthocephalus_Bishop_-1021247480.jpg,no
Chaetodon_xanthocephalus_FishWise_074889F000379W000005.jpg,Chaetodon xanthocephalus,other,6.5,no,template_ok,0.1216,Chaetodon_xanthocephalus_Bishop_-1021247480.jpg,no
Chaetodon_xanthocephalus_FishWise_074889F000387W000010.jpg,Chaetodon xanthocephalus,other,8.0,no,template_ok,0.086,Chaetodon_xanthocephalus_Bishop_-1021247480.jpg,no
Chaetodon_xanthurus_FishPix_13034AF.jpg,Chaetodon xanthurus,fishpix,6.3,no,trusted_source,0.107,Chaetodon_xanthurus_Bishop_-858508951.jpg,no
Chaetodon_xanthurus_Bishop_-858508951.jpg,Chaetodon xanthurus,bishop,2.1,no,trusted_source,1.0,Chaetodon_xanthurus_Bishop_-858508951.jpg,no
Chaetodon_xanthurus_FishBase_Chxan_u3.jpg,Chaetodon xanthurus,fishbase,16.5,no,trusted_source,0.1958,Chaetodon_xanthurus_Bishop_-858508951.jpg,no
Chaetodon_xanthurus_FishBase_Chxan_u6.jpg,Chaetodon xanthurus,fishbase,0.0,no,trusted_source,0.2158,Chaetodon_xanthurus_Bishop_-858508951.jpg,no
Chaetodon_xanthurus_FishBase_Chxan_u7.jpg,Chaetodon xanthurus,fishbase,0.0,no,trusted_source,0.0709,Chaetodon_xanthurus_Bishop_-858508951.jpg,no
Chaetodon_xanthurus_FishBase_Chxan_u8.jpg,Chaetodon xanthurus,fishbase,0.0,no,trusted_source,0.0225,Chaetodon_xanthurus_Bishop_-858508951.jpg,no
Chaetodon_xanthurus_FishBase_Chxan_uk.jpg,Chaetodon xanthurus,fishbase,0.0,no,trusted_source,0.0323,Chaetodon_xanthurus_Bishop_-858508951.jpg,no
Chaetodon_xanthurus_FishBase_Chxan_ul.jpg,Chaetodon xanthurus,fishbase,-5.0,no,trusted_source,0.1121,Chaetodon_xanthurus_Bishop_-858508951.jpg,no
Chaetodon_xanthurus_FishBaseUser_1393926671_202.123.56.125.jpg,Chaetodon xanthurus,fishbase,0.0,no,trusted_source,0.2037,Chaetodon_xanthurus_Bishop_-858508951.jpg,no
Chaetodon_xanthurus_FishBaseUser_1460187834_141.101.99.85.jpg,Chaetodon xanthurus,fishbase,-13.2,no,trusted_source,0.11,Chaetodon_xanthurus_Bishop_-858508951.jpg,no
Chaetodon_xanthurus_FishBaseUser_1509184170_172.68.102.54.jpg,Chaetodon xanthurus,fishbase,9.6,no,trusted_flagged,0.2762,Chaetodon_xanthurus_Bishop_-858508951.jpg,yes
Chaetodon_xanthurus_FishBaseUser_1515662852_141.101.98.252.jpg,Chaetodon xanthurus,fishbase,-12.9,no,trusted_source,0.0733,Chaetodon_xanthurus_Bishop_-858508951.jpg,no
Chaetodon_xanthurus_FishBaseUser_1747085315_169.150.203.237.jpg,Chaetodon xanthurus,fishbase,7.1,no,trusted_source,0.1564,Chaetodon_xanthurus_Bishop_-858508951.jpg,no
Chaetodon_xanthurus_iNaturalist_101304801.jpg,Chaetodon xanthurus,inaturalist,0.0,yes,template_flip,0.1739,Chaetodon_xanthurus_Bishop_-858508951.jpg,no
Chaetodon_xanthurus_iNaturalist_207028115.jpg,Chaetodon xanthurus,inaturalist,3.3,no,template_ok,0.237,Chaetodon_xanthurus_Bishop_-858508951.jpg,no
Chaetodon_xanthurus_iNaturalist_221164225.jpg,Chaetodon xanthurus,inaturalist,0.0,no,template_ok,0.1155,Chaetodon_xanthurus_Bishop_-858508951.jpg,no
Chaetodon_xanthurus_iNaturalist_279115959.jpg,Chaetodon xanthurus,inaturalist,0.0,no,template_ok,0.2072,Chaetodon_xanthurus_Bishop_-858508951.jpg,no
Chaetodon_xanthurus_iNaturalist_332071356.jpg,Chaetodon xanthurus,inaturalist,16.7,no,template_ok,0.0369,Chaetodon_xanthurus_Bishop_-858508951.jpg,no
Chaetodon_xanthurus_iNaturalist_427620838.jpg,Chaetodon xanthurus,inaturalist,-14.3,no,template_ok,0.0401,Chaetodon_xanthurus_Bishop_-858508951.jpg,no
Chaetodon_xanthurus_iNaturalist_427620841.jpg,Chaetodon xanthurus,inaturalist,0.0,no,template_ok,0.1928,Chaetodon_xanthurus_Bishop_-858508951.jpg,no
Chaetodon_xanthurus_iNaturalist_440574102.jpg,Chaetodon xanthurus,inaturalist,-4.2,no,template_ok,0.0247,Chaetodon_xanthurus_Bishop_-858508951.jpg,no
Chaetodon_xanthurus_iNaturalist_440574125.jpg,Chaetodon xanthurus,inaturalist,0.0,yes,template_flip,0.2359,Chaetodon_xanthurus_Bishop_-858508951.jpg,no
Chaetodon_xanthurus_FishWise_075007F000024W000002.jpg,Chaetodon xanthurus,other,2.3,no,template_ok,0.2216,Chaetodon_xanthurus_Bishop_-858508951.jpg,no
Chaetodon_xanthurus_FishWise_075007F000031W000004.jpg,Chaetodon xanthurus,other,0.0,no,template_ok,0.0269,Chaetodon_xanthurus_Bishop_-858508951.jpg,no
Chaetodon_xanthurus_FishWise_075007F000033W000001.jpg,Chaetodon xanthurus,other,16.6,yes,template_flip,0.1824,Chaetodon_xanthurus_Bishop_-858508951.jpg,no
Chaetodon_xanthurus_FishWise_075007F000045W000003.jpg,Chaetodon xanthurus,other,0.0,no,template_ok,0.0661,Chaetodon_xanthurus_Bishop_-858508951.jpg,no
Chaetodon_xanthurus_FishWise_075007F000112W000005.jpg,Chaetodon xanthurus,other,8.2,no,template_ok,0.0609,Chaetodon_xanthurus_Bishop_-858508951.jpg,no
Chaetodon_xanthurus_FishWise_075007F000492W000006.jpg,Chaetodon xanthurus,other,2.2,no,template_ok,0.1939,Chaetodon_xanthurus_Bishop_-858508951.jpg,no
Chaetodon_zanzibarensis_FishBase_Chzan_u1.jpg,Chaetodon zanzibarensis,fishbase,19.3,no,trusted_source,0.0948,Chaetodon_zanzibarensis_FishBase_Chzan_u0.jpg,no
Chaetodon_zanzibarensis_FishBase_Chzan_u0.jpg,Chaetodon zanzibarensis,fishbase,6.7,no,trusted_source,1.0,Chaetodon_zanzibarensis_FishBase_Chzan_u0.jpg,no
Chaetodon_zanzibarensis_FishBase_Chzan_u2.jpg,Chaetodon zanzibarensis,fishbase,-6.6,no,trusted_source,0.0196,Chaetodon_zanzibarensis_FishBase_Chzan_u0.jpg,no
Chaetodon_zanzibarensis_FishBase_Chzan_u3.jpg,Chaetodon zanzibarensis,fishbase,0.0,no,trusted_source,0.1028,Chaetodon_zanzibarensis_FishBase_Chzan_u0.jpg,no
Chaetodon_zanzibarensis_FishBase_Chzan_u4.jpg,Chaetodon zanzibarensis,fishbase,8.2,no,trusted_source,0.007,Chaetodon_zanzibarensis_FishBase_Chzan_u0.jpg,no
Chaetodon_zanzibarensis_iNaturalist_12066147.jpg,Chaetodon zanzibarensis,inaturalist,13.3,no,template_ok,0.0516,Chaetodon_zanzibarensis_FishBase_Chzan_u0.jpg,no
Chaetodon_zanzibarensis_iNaturalist_12066149.jpg,Chaetodon zanzibarensis,inaturalist,17.5,no,template_uncertain,0.1165,Chaetodon_zanzibarensis_FishBase_Chzan_u0.jpg,yes
Chaetodon_zanzibarensis_iNaturalist_12066151.jpg,Chaetodon zanzibarensis,inaturalist,10.8,no,template_ok,0.1356,Chaetodon_zanzibarensis_FishBase_Chzan_u0.jpg,no
Chaetodon_zanzibarensis_iNaturalist_260172993.jpg,Chaetodon zanzibarensis,inaturalist,-18.5,no,template_ok,0.0563,Chaetodon_zanzibarensis_FishBase_Chzan_u0.jpg,no
Chaetodon_zanzibarensis_iNaturalist_426318179.jpg,Chaetodon zanzibarensis,inaturalist,0.0,no,template_ok,0.0024,Chaetodon_zanzibarensis_FishBase_Chzan_u0.jpg,no
Chaetodon_zanzibarensis_iNaturalist_426318182.jpg,Chaetodon zanzibarensis,inaturalist,0.0,no,template_ok,0.023,Chaetodon_zanzibarensis_FishBase_Chzan_u0.jpg,no
Chaetodon_zanzibarensis_iNaturalist_459832994.jpg,Chaetodon zanzibarensis,inaturalist,-13.6,no,template_ok,0.0746,Chaetodon_zanzibarensis_FishBase_Chzan_u0.jpg,no
Chaetodon_zanzibarensis_iNaturalist_459833013.jpg,Chaetodon zanzibarensis,inaturalist,-8.1,no,template_ok,0.0269,Chaetodon_zanzibarensis_FishBase_Chzan_u0.jpg,no
Chaetodon_zanzibarensis_iNaturalist_459837615.jpg,Chaetodon zanzibarensis,inaturalist,0.0,no,template_uncertain,0.0851,Chaetodon_zanzibarensis_FishBase_Chzan_u0.jpg,yes
Chaetodon_zanzibarensis_iNaturalist_66299912.jpg,Chaetodon zanzibarensis,inaturalist,-4.6,no,template_uncertain,0.0725,Chaetodon_zanzibarensis_FishBase_Chzan_u0.jpg,yes
Chaetodon_zanzibarensis_FishWise_075397F000024W000003.jpg,Chaetodon zanzibarensis,other,0.0,no,template_ok,0.108,Chaetodon_zanzibarensis_FishBase_Chzan_u0.jpg,no
Chaetodon_zanzibarensis_FishWise_075397F000112W000001.jpg,Chaetodon zanzibarensis,other,5.1,no,template_ok,0.0217,Chaetodon_zanzibarensis_FishBase_Chzan_u0.jpg,no
Chaetodon_zanzibariensis_Bishop_-1292827274.jpg,Chaetodon zanzibariensis,bishop,3.8,no,trusted_source,1.0,Chaetodon_zanzibariensis_Bishop_-1292827274.jpg,no
Chelmon_marginalis_FishBase_Chmar_u2.jpg,Chelmon marginalis,fishbase,3.4,no,trusted_source,0.5413,Chelmon_marginalis_Bishop_-336691052.jpg,no
Chelmon_marginalis_FishBase_Chmar_u5.jpg,Chelmon marginalis,fishbase,3.3,no,trusted_source,0.4875,Chelmon_marginalis_Bishop_-336691052.jpg,no
Chelmon_marginalis_Bishop_-1899628097.jpg,Chelmon marginalis,bishop,5.7,no,trusted_source,0.3623,Chelmon_marginalis_Bishop_-336691052.jpg,no
Chelmon_marginalis_Bishop_-336691052.jpg,Chelmon marginalis,bishop,3.2,no,trusted_source,1.0,Chelmon_marginalis_Bishop_-336691052.jpg,no
Chelmon_marginalis_Bishop_24220165.jpg,Chelmon marginalis,bishop,3.5,no,trusted_source,0.5363,Chelmon_marginalis_Bishop_-336691052.jpg,no
Chelmon_marginalis_FishBase_Chmar_u4.jpg,Chelmon marginalis,fishbase,5.8,no,trusted_source,0.3598,Chelmon_marginalis_Bishop_-336691052.jpg,no
Chelmon_marginalis_FishBase_Chmar_un.jpg,Chelmon marginalis,fishbase,-12.0,no,trusted_flagged,0.6976,Chelmon_marginalis_Bishop_-336691052.jpg,yes
Chelmon_marginalis_iNaturalist_100384600.jpg,Chelmon marginalis,inaturalist,-18.5,yes,template_flip,0.342,Chelmon_marginalis_Bishop_-336691052.jpg,no
Chelmon_marginalis_iNaturalist_18106798.jpg,Chelmon marginalis,inaturalist,0.0,no,template_ok,0.3833,Chelmon_marginalis_Bishop_-336691052.jpg,no
Chelmon_marginalis_iNaturalist_220605305.jpg,Chelmon marginalis,inaturalist,15.8,yes,template_flip,0.4017,Chelmon_marginalis_Bishop_-336691052.jpg,no
Chelmon_marginalis_iNaturalist_220605314.jpg,Chelmon marginalis,inaturalist,13.6,yes,template_flip,0.7129,Chelmon_marginalis_Bishop_-336691052.jpg,no
Chelmon_marginalis_iNaturalist_271338157.jpg,Chelmon marginalis,inaturalist,7.4,no,template_ok,0.1697,Chelmon_marginalis_Bishop_-336691052.jpg,no
Chelmon_marginalis_iNaturalist_337576196.jpg,Chelmon marginalis,inaturalist,15.7,no,template_ok,0.1794,Chelmon_marginalis_Bishop_-336691052.jpg,no
Chelmon_marginalis_iNaturalist_341061423.jpg,Chelmon marginalis,inaturalist,2.0,no,template_ok,0.422,Chelmon_marginalis_Bishop_-336691052.jpg,no
Chelmon_marginalis_iNaturalist_341730140.jpg,Chelmon marginalis,inaturalist,0.0,no,template_ok,0.0506,Chelmon_marginalis_Bishop_-336691052.jpg,no
Chelmon_marginalis_iNaturalist_570390920.jpg,Chelmon marginalis,inaturalist,11.0,yes,template_flip,0.2868,Chelmon_marginalis_Bishop_-336691052.jpg,no
Chelmon_marginalis_iNaturalist_99323687.jpg,Chelmon marginalis,inaturalist,-10.2,no,template_ok,0.4979,Chelmon_marginalis_Bishop_-336691052.jpg,no
Chelmon_marginalis_FishWise_041756F000066W000004.gif,Chelmon marginalis,other,0.0,no,template_ok,0.4891,Chelmon_marginalis_Bishop_-336691052.jpg,no
Chelmon_muelleri_FishBase_Chmue_u2.jpg,Chelmon muelleri,fishbase,2.0,no,trusted_source,0.1967,Chelmon_muelleri_Bishop_425540539.jpg,no
Chelmon_muelleri_FishBase_Chmue_u3.jpg,Chelmon muelleri,fishbase,9.7,no,trusted_source,0.0671,Chelmon_muelleri_Bishop_425540539.jpg,no
Chelmon_muelleri_Bishop_1919363298.jpg,Chelmon muelleri,bishop,2.1,no,trusted_source,0.1958,Chelmon_muelleri_Bishop_425540539.jpg,no
Chelmon_muelleri_Bishop_425540539.jpg,Chelmon muelleri,bishop,0.0,no,trusted_source,1.0,Chelmon_muelleri_Bishop_425540539.jpg,no
Chelmon_muelleri_FishBase_Chmue_u0.jpg,Chelmon muelleri,fishbase,0.0,no,trusted_source,0.1566,Chelmon_muelleri_Bishop_425540539.jpg,no
Chelmon_muelleri_FishBase_Chmue_u1.jpg,Chelmon muelleri,fishbase,0.0,no,trusted_source,0.2182,Chelmon_muelleri_Bishop_425540539.jpg,no
Chelmon_muelleri_iNaturalist_14858131.jpg,Chelmon muelleri,inaturalist,11.2,no,template_uncertain,0.1439,Chelmon_muelleri_Bishop_425540539.jpg,yes
Chelmon_muelleri_iNaturalist_202629383.jpg,Chelmon muelleri,inaturalist,0.0,no,template_uncertain,0.0787,Chelmon_muelleri_Bishop_425540539.jpg,yes
Chelmon_muelleri_iNaturalist_241886728.jpg,Chelmon muelleri,inaturalist,0.0,yes,template_flip,0.1923,Chelmon_muelleri_Bishop_425540539.jpg,no
Chelmon_muelleri_iNaturalist_341061339.jpg,Chelmon muelleri,inaturalist,2.9,no,template_ok,0.2154,Chelmon_muelleri_Bishop_425540539.jpg,no
Chelmon_muelleri_iNaturalist_41609881.jpg,Chelmon muelleri,inaturalist,0.0,no,template_ok,0.0162,Chelmon_muelleri_Bishop_425540539.jpg,no
Chelmon_muelleri_iNaturalist_600169429.jpg,Chelmon muelleri,inaturalist,5.2,yes,template_flip,0.2868,Chelmon_muelleri_Bishop_425540539.jpg,no
Chelmon_muelleri_iNaturalist_96908510.jpg,Chelmon muelleri,inaturalist,0.0,no,template_ok,0.0958,Chelmon_muelleri_Bishop_425540539.jpg,no
Chelmon_muelleri_iNaturalist_96908513.jpg,Chelmon muelleri,inaturalist,-5.8,no,template_ok,0.0498,Chelmon_muelleri_Bishop_425540539.jpg,no
Chelmon_rostratus_FishPix_33375AF.jpg,Chelmon rostratus,fishpix,-5.5,no,trusted_flagged,0.5079,Chelmon_rostratus_Bishop_-1630595999.jpg,yes
Chelmon_rostratus_Bishop_-1060273696.jpg,Chelmon rostratus,bishop,3.8,no,trusted_source,0.5778,Chelmon_rostratus_Bishop_-1630595999.jpg,no
Chelmon_rostratus_Bishop_-1630595999.jpg,Chelmon rostratus,bishop,2.5,no,trusted_source,1.0,Chelmon_rostratus_Bishop_-1630595999.jpg,no
Chelmon_rostratus_FishBase_Chros_u0.jpg,Chelmon rostratus,fishbase,10.7,no,trusted_source,0.5891,Chelmon_rostratus_Bishop_-1630595999.jpg,no
Chelmon_rostratus_FishBase_Chros_u1.jpg,Chelmon rostratus,fishbase,5.2,no,trusted_source,0.3907,Chelmon_rostratus_Bishop_-1630595999.jpg,no
Chelmon_rostratus_FishBase_Chros_u4.jpg,Chelmon rostratus,fishbase,3.7,no,trusted_source,0.5842,Chelmon_rostratus_Bishop_-1630595999.jpg,no
Chelmon_rostratus_FishBase_Chros_u5.jpg,Chelmon rostratus,fishbase,3.1,no,trusted_source,0.576,Chelmon_rostratus_Bishop_-1630595999.jpg,no
Chelmon_rostratus_FishBase_Chros_u7.jpg,Chelmon rostratus,fishbase,19.2,no,trusted_flagged,0.209,Chelmon_rostratus_Bishop_-1630595999.jpg,yes
Chelmon_rostratus_FishBase_Chros_ua.jpg,Chelmon rostratus,fishbase,8.1,no,trusted_flagged,0.3897,Chelmon_rostratus_Bishop_-1630595999.jpg,yes
Chelmon_rostratus_FishBase_Chros_ub.jpg,Chelmon rostratus,fishbase,-3.8,no,trusted_flagged,0.472,Chelmon_rostratus_Bishop_-1630595999.jpg,yes
Chelmon_rostratus_FishBaseUser_1358267001_217.19.29.93.jpg,Chelmon rostratus,fishbase,-8.6,no,trusted_flagged,0.3899,Chelmon_rostratus_Bishop_-1630595999.jpg,yes
Chelmon_rostratus_FishBaseUser_1378773783_69.127.149.175.jpg,Chelmon rostratus,fishbase,0.0,no,trusted_flagged,0.4964,Chelmon_rostratus_Bishop_-1630595999.jpg,yes
Chelmon_rostratus_FishBaseUser_1392684020_71.202.224.33.jpg,Chelmon rostratus,fishbase,0.0,no,trusted_source,0.6057,Chelmon_rostratus_Bishop_-1630595999.jpg,no
Chelmon_rostratus_FishBaseUser_1452233059_94.198.18.55.jpg,Chelmon rostratus,fishbase,0.0,no,trusted_flagged,0.2753,Chelmon_rostratus_Bishop_-1630595999.jpg,yes
Chelmon_rostratus_FishBaseUser_1509274041_172.68.102.54.jpg,Chelmon rostratus,fishbase,15.6,no,trusted_source,0.3134,Chelmon_rostratus_Bishop_-1630595999.jpg,no
Chelmon_rostratus_FishBaseUser_1510303331_162.158.138.12.jpg,Chelmon rostratus,fishbase,4.4,no,trusted_flagged,0.9174,Chelmon_rostratus_Bishop_-1630595999.jpg,yes
Chelmon_rostratus_FishBaseUser_1520146254_188.114.110.108.jpg,Chelmon rostratus,fishbase,17.3,no,trusted_source,0.4161,Chelmon_rostratus_Bishop_-1630595999.jpg,no
Chelmon_rostratus_FishBaseUser_1527672756_162.158.22.192.jpg,Chelmon rostratus,fishbase,0.0,no,trusted_flagged,0.8359,Chelmon_rostratus_Bishop_-1630595999.jpg,yes
Chelmon_rostratus_FishBaseUser_1569481809_172.68.141.204.jpg,Chelmon rostratus,fishbase,0.0,no,trusted_source,0.077,Chelmon_rostratus_Bishop_-1630595999.jpg,no
Chelmon_rostratus_FishBaseUser_1569481843_172.68.132.127.jpg,Chelmon rostratus,fishbase,16.9,no,trusted_flagged,0.4119,Chelmon_rostratus_Bishop_-1630595999.jpg,yes
Chelmon_rostratus_FishBaseUser_1569481899_172.69.22.88.jpg,Chelmon rostratus,fishbase,0.0,no,trusted_flagged,0.704,Chelmon_rostratus_Bishop_-1630595999.jpg,yes
Chelmon_rostratus_FishBaseUser_1570357428_162.158.106.212.jpg,Chelmon rostratus,fishbase,-6.4,no,trusted_source,0.2495,Chelmon_rostratus_Bishop_-1630595999.jpg,no
Chelmon_rostratus_FishBaseUser_1588557136_188.114.111.235.jpg,Chelmon rostratus,fishbase,-6.8,no,trusted_flagged,0.5166,Chelmon_rostratus_Bishop_-1630595999.jpg,yes
Chelmon_rostratus_FishBaseUser_1623368827_162.158.178.253.jpg,Chelmon rostratus,fishbase,-5.2,no,trusted_flagged,0.7939,Chelmon_rostratus_Bishop_-1630595999.jpg,yes
Chelmon_rostratus_FishBaseUser_1747172127_169.150.203.237.jpg,Chelmon rostratus,fishbase,-12.0,no,trusted_source,0.3565,Chelmon_rostratus_Bishop_-1630595999.jpg,no
Chelmon_rostratus_FishBaseUser_1747172170_169.150.203.237.jpg,Chelmon rostratus,fishbase,-11.5,no,trusted_flagged,0.2288,Chelmon_rostratus_Bishop_-1630595999.jpg,yes
Chelmon_rostratus_FishBaseUser_1747247694_95.95.129.49.jpg,Chelmon rostratus,fishbase,0.0,no,trusted_source,0.436,Chelmon_rostratus_Bishop_-1630595999.jpg,no
Chelmon_rostratus_FishBaseUser_1753626466_219.73.75.40.jpg,Chelmon rostratus,fishbase,9.9,no,trusted_source,0.3382,Chelmon_rostratus_Bishop_-1630595999.jpg,no
Chelmon_rostratus_iNaturalist_10597368.jpg,Chelmon rostratus,inaturalist,0.0,no,template_ok,0.3176,Chelmon_rostratus_Bishop_-1630595999.jpg,no
Chelmon_rostratus_iNaturalist_116164409.jpg,Chelmon rostratus,inaturalist,0.0,yes,template_flip,0.3806,Chelmon_rostratus_Bishop_-1630595999.jpg,no
Chelmon_rostratus_iNaturalist_132056083.jpg,Chelmon rostratus,inaturalist,12.2,no,template_ok,0.0321,Chelmon_rostratus_Bishop_-1630595999.jpg,no
Chelmon_rostratus_iNaturalist_138964692.jpg,Chelmon rostratus,inaturalist,8.8,no,template_ok,0.7896,Chelmon_rostratus_Bishop_-1630595999.jpg,no
Chelmon_rostratus_iNaturalist_165226880.jpg,Chelmon rostratus,inaturalist,0.0,yes,template_flip,0.245,Chelmon_rostratus_Bishop_-1630595999.jpg,no
Chelmon_rostratus_iNaturalist_389832450.jpg,Chelmon rostratus,inaturalist,0.0,no,template_ok,0.6304,Chelmon_rostratus_Bishop_-1630595999.jpg,no
Chelmon_rostratus_iNaturalist_579723287.jpg,Chelmon rostratus,inaturalist,4.6,no,template_ok,0.3531,Chelmon_rostratus_Bishop_-1630595999.jpg,no
Chelmon_rostratus_iNaturalist_579723343.jpg,Chelmon rostratus,inaturalist,15.3,no,template_ok,0.5834,Chelmon_rostratus_Bishop_-1630595999.jpg,no
Chelmon_rostratus_iNaturalist_605809779.jpg,Chelmon rostratus,inaturalist,11.3,no,template_ok,0.0825,Chelmon_rostratus_Bishop_-1630595999.jpg,no
Chelmon_rostratus_FishWise_060866F000112W000006.jpg,Chelmon rostratus,other,4.9,no,template_ok,0.4043,Chelmon_rostratus_Bishop_-1630595999.jpg,no
Chelmon_rostratus_FishWise_060866F000112W000007.jpg,Chelmon rostratus,other,2.5,no,template_ok,0.6373,Chelmon_rostratus_Bishop_-1630595999.jpg,no
Chelmonops_curiosus_FishBase_Chcur_u0.jpg,Chelmonops curiosus,fishbase,18.6,no,trusted_source,1.0,Chelmonops_curiosus_FishBase_Chcur_u0.jpg,no
Chelmonops_curiosus_FishBaseUser_1558011372_162.158.158.141.jpg,Chelmonops curiosus,fishbase,8.2,no,trusted_flagged,0.2008,Chelmonops_curiosus_FishBase_Chcur_u0.jpg,yes
Chelmonops_curiosus_FishBaseUser_1558011406_162.158.158.141.jpg,Chelmonops curiosus,fishbase,19.6,no,trusted_source,0.2396,Chelmonops_curiosus_FishBase_Chcur_u0.jpg,no
Chelmonops_curiosus_iNaturalist_13983228.jpg,Chelmonops curiosus,inaturalist,15.5,no,template_ok,0.0417,Chelmonops_curiosus_FishBase_Chcur_u0.jpg,no
Chelmonops_curiosus_iNaturalist_17452463.jpg,Chelmonops curiosus,inaturalist,12.5,no,template_ok,0.3054,Chelmonops_curiosus_FishBase_Chcur_u0.jpg,no
Chelmonops_curiosus_iNaturalist_199284350.jpg,Chelmonops curiosus,inaturalist,-3.2,no,template_ok,0.0736,Chelmonops_curiosus_FishBase_Chcur_u0.jpg,no
Chelmonops_curiosus_iNaturalist_23672257.jpg,Chelmonops curiosus,inaturalist,0.0,no,template_ok,0.3569,Chelmonops_curiosus_FishBase_Chcur_u0.jpg,no
Chelmonops_curiosus_iNaturalist_23672405.jpg,Chelmonops curiosus,inaturalist,0.0,no,template_ok,0.0658,Chelmonops_curiosus_FishBase_Chcur_u0.jpg,no
Chelmonops_curiosus_iNaturalist_29627923.jpg,Chelmonops curiosus,inaturalist,0.0,yes,template_flip,0.2204,Chelmonops_curiosus_FishBase_Chcur_u0.jpg,no
Chelmonops_curiosus_iNaturalist_29627943.jpg,Chelmonops curiosus,inaturalist,0.0,no,template_ok,0.3303,Chelmonops_curiosus_FishBase_Chcur_u0.jpg,no
Chelmonops_curiosus_iNaturalist_342365702.jpg,Chelmonops curiosus,inaturalist,0.0,yes,template_flip,0.3015,Chelmonops_curiosus_FishBase_Chcur_u0.jpg,no
Chelmonops_curiosus_iNaturalist_342373914.jpg,Chelmonops curiosus,inaturalist,10.8,no,template_ok,0.5714,Chelmonops_curiosus_FishBase_Chcur_u0.jpg,no
Chelmonops_curiosus_FishWise_017502F000492W000001.jpg,Chelmonops curiosus,other,9.8,no,template_ok,0.2812,Chelmonops_curiosus_FishBase_Chcur_u0.jpg,no
Chelmonops_curiosus_FishWise_017502F000492W000002.jpg,Chelmonops curiosus,other,2.6,no,template_ok,0.3364,Chelmonops_curiosus_FishBase_Chcur_u0.jpg,no
Chelmonops_truncatus_FishBase_Chtru_u1.jpg,Chelmonops truncatus,fishbase,0.0,no,trusted_source,0.3431,Chelmonops_truncatus_Bishop_-473926281.jpg,no
Chelmonops_truncatus_Bishop_-473926281.jpg,Chelmonops truncatus,bishop,0.0,no,trusted_source,1.0,Chelmonops_truncatus_Bishop_-473926281.jpg,no
Chelmonops_truncatus_iNaturalist_18275793.jpg,Chelmonops truncatus,inaturalist,-4.9,no,template_ok,0.356,Chelmonops_truncatus_Bishop_-473926281.jpg,no
Chelmonops_truncatus_iNaturalist_20710357.jpg,Chelmonops truncatus,inaturalist,0.0,no,template_ok,0.3765,Chelmonops_truncatus_Bishop_-473926281.jpg,no
Chelmonops_truncatus_iNaturalist_21652115.jpg,Chelmonops truncatus,inaturalist,0.0,yes,template_flip,0.5358,Chelmonops_truncatus_Bishop_-473926281.jpg,no
Chelmonops_truncatus_iNaturalist_21652120.jpg,Chelmonops truncatus,inaturalist,14.5,yes,template_flip,0.243,Chelmonops_truncatus_Bishop_-473926281.jpg,no
Chelmonops_truncatus_iNaturalist_23943685.jpg,Chelmonops truncatus,inaturalist,7.5,yes,template_flip,0.3011,Chelmonops_truncatus_Bishop_-473926281.jpg,no
Chelmonops_truncatus_iNaturalist_24980935.jpg,Chelmonops truncatus,inaturalist,4.6,yes,template_flip,0.5331,Chelmonops_truncatus_Bishop_-473926281.jpg,no
Chelmonops_truncatus_iNaturalist_33025273.jpg,Chelmonops truncatus,inaturalist,0.0,no,template_ok,0.2153,Chelmonops_truncatus_Bishop_-473926281.jpg,no
Chelmonops_truncatus_iNaturalist_42619218.jpg,Chelmonops truncatus,inaturalist,-18.7,no,template_ok,0.422,Chelmonops_truncatus_Bishop_-473926281.jpg,no
Chelmonops_truncatus_iNaturalist_76040538.jpg,Chelmonops truncatus,inaturalist,11.2,no,template_ok,0.303,Chelmonops_truncatus_Bishop_-473926281.jpg,no
Chelmonops_truncatus_iNaturalist_79031638.jpg,Chelmonops truncatus,inaturalist,-11.5,no,template_ok,0.1538,Chelmonops_truncatus_Bishop_-473926281.jpg,no
Chelmonops_truncatus_FishWise_070901F007696W000002.jpg,Chelmonops truncatus,other,8.7,no,template_ok,0.2065,Chelmonops_truncatus_Bishop_-473926281.jpg,no
Coradion_altivelis_FishPix_15047AF.jpg,Coradion altivelis,fishpix,-17.2,no,trusted_source,0.1105,Coradion_altivelis_Bishop_-1400875907.jpg,no
Coradion_altivelis_Bishop_-1400875907.jpg,Coradion altivelis,bishop,0.0,no,trusted_source,1.0,Coradion_altivelis_Bishop_-1400875907.jpg,no
Coradion_altivelis_Bishop_1025347564.jpg,Coradion altivelis,bishop,3.0,no,trusted_source,0.0666,Coradion_altivelis_Bishop_-1400875907.jpg,no
Coradion_altivelis_FishBase_Coalt_u0.jpg,Coradion altivelis,fishbase,0.0,no,trusted_source,0.1063,Coradion_altivelis_Bishop_-1400875907.jpg,no
Coradion_altivelis_FishBase_Coalt_u1.jpg,Coradion altivelis,fishbase,3.2,no,trusted_source,0.0647,Coradion_altivelis_Bishop_-1400875907.jpg,no
Coradion_altivelis_FishBase_Coalt_u2.jpg,Coradion altivelis,fishbase,-6.2,no,trusted_source,0.1039,Coradion_altivelis_Bishop_-1400875907.jpg,no
Coradion_altivelis_FishBase_Coalt_u4.jpg,Coradion altivelis,fishbase,0.0,no,trusted_source,0.0307,Coradion_altivelis_Bishop_-1400875907.jpg,no
Coradion_altivelis_FishBase_Coalt_u5.jpg,Coradion altivelis,fishbase,-7.5,no,trusted_source,0.0338,Coradion_altivelis_Bishop_-1400875907.jpg,no
Coradion_altivelis_FishBase_Coalt_u6.jpg,Coradion altivelis,fishbase,0.0,no,trusted_source,0.0791,Coradion_altivelis_Bishop_-1400875907.jpg,no
Coradion_altivelis_FishBaseUser_1398141298_202.123.56.125.jpg,Coradion altivelis,fishbase,0.0,no,trusted_source,0.0487,Coradion_altivelis_Bishop_-1400875907.jpg,no
Coradion_altivelis_FishBaseUser_1542863051_172.68.211.36.jpg,Coradion altivelis,fishbase,3.9,no,trusted_source,0.0704,Coradion_altivelis_Bishop_-1400875907.jpg,no
Coradion_altivelis_iNaturalist_154303836.jpg,Coradion altivelis,inaturalist,-19.5,no,template_ok,0.0006,Coradion_altivelis_Bishop_-1400875907.jpg,no
Coradion_altivelis_iNaturalist_154303839.jpg,Coradion altivelis,inaturalist,-7.1,no,template_ok,0.0458,Coradion_altivelis_Bishop_-1400875907.jpg,no
Coradion_altivelis_iNaturalist_220153501.jpg,Coradion altivelis,inaturalist,0.0,no,template_ok,0.0454,Coradion_altivelis_Bishop_-1400875907.jpg,no
Coradion_altivelis_iNaturalist_273099920.jpg,Coradion altivelis,inaturalist,17.8,no,template_uncertain,0.072,Coradion_altivelis_Bishop_-1400875907.jpg,yes
Coradion_altivelis_iNaturalist_273101790.jpg,Coradion altivelis,inaturalist,2.2,no,template_uncertain,0.0697,Coradion_altivelis_Bishop_-1400875907.jpg,yes
Coradion_altivelis_iNaturalist_283987512.jpg,Coradion altivelis,inaturalist,0.0,no,template_uncertain,0.1013,Coradion_altivelis_Bishop_-1400875907.jpg,yes
Coradion_altivelis_iNaturalist_319434619.jpg,Coradion altivelis,inaturalist,14.0,no,template_ok,0.0458,Coradion_altivelis_Bishop_-1400875907.jpg,no
Coradion_altivelis_iNaturalist_43170142.jpg,Coradion altivelis,inaturalist,-18.8,no,template_uncertain,0.1238,Coradion_altivelis_Bishop_-1400875907.jpg,yes
Coradion_altivelis_iNaturalist_585934103.jpg,Coradion altivelis,inaturalist,4.4,no,template_ok,0.1274,Coradion_altivelis_Bishop_-1400875907.jpg,no
Coradion_altivelis_iNaturalist_600159384.jpg,Coradion altivelis,inaturalist,13.4,no,template_ok,0.0192,Coradion_altivelis_Bishop_-1400875907.jpg,no
Coradion_altivelis_FishWise_002365F000024W000005.jpg,Coradion altivelis,other,3.3,no,template_ok,0.0586,Coradion_altivelis_Bishop_-1400875907.jpg,no
Coradion_altivelis_FishWise_002365F006689W000004.jpg,Coradion altivelis,other,0.0,no,template_ok,0.0758,Coradion_altivelis_Bishop_-1400875907.jpg,no
Coradion_chrysozonus_FishPix_72095AF.jpg,Coradion chrysozonus,fishpix,0.0,no,trusted_source,0.0082,Coradion_chrysozonus_Bishop_213329914.jpg,no
Coradion_chrysozonus_Bishop_-1821725095.jpg,Coradion chrysozonus,bishop,3.8,no,trusted_source,0.0514,Coradion_chrysozonus_Bishop_213329914.jpg,no
Coradion_chrysozonus_Bishop_1721541363.jpg,Coradion chrysozonus,bishop,4.1,no,trusted_source,0.0779,Coradion_chrysozonus_Bishop_213329914.jpg,no
Coradion_chrysozonus_Bishop_213329914.jpg,Coradion chrysozonus,bishop,0.0,no,trusted_source,1.0,Coradion_chrysozonus_Bishop_213329914.jpg,no
Coradion_chrysozonus_Bishop_28243640.jpg,Coradion chrysozonus,bishop,3.3,no,trusted_source,0.0659,Coradion_chrysozonus_Bishop_213329914.jpg,no
Coradion_chrysozonus_FishBase_Cochr_u0.jpg,Coradion chrysozonus,fishbase,0.0,no,trusted_source,0.191,Coradion_chrysozonus_Bishop_213329914.jpg,no
Coradion_chrysozonus_FishBase_Cochr_u1.jpg,Coradion chrysozonus,fishbase,4.1,no,trusted_source,0.0538,Coradion_chrysozonus_Bishop_213329914.jpg,no
Coradion_chrysozonus_FishBase_Cochr_u2.jpg,Coradion chrysozonus,fishbase,16.4,no,trusted_source,0.1352,Coradion_chrysozonus_Bishop_213329914.jpg,no
Coradion_chrysozonus_FishBase_Cochr_u3.jpg,Coradion chrysozonus,fishbase,2.3,no,trusted_source,0.0765,Coradion_chrysozonus_Bishop_213329914.jpg,no
Coradion_chrysozonus_FishBase_Cochr_u4.jpg,Coradion chrysozonus,fishbase,4.0,no,trusted_source,0.0885,Coradion_chrysozonus_Bishop_213329914.jpg,no
Coradion_chrysozonus_FishBase_Cochr_u5.jpg,Coradion chrysozonus,fishbase,0.0,no,trusted_source,0.1145,Coradion_chrysozonus_Bishop_213329914.jpg,no
Coradion_chrysozonus_FishBase_Cochr_u6.jpg,Coradion chrysozonus,fishbase,11.4,no,trusted_source,0.0276,Coradion_chrysozonus_Bishop_213329914.jpg,no
Coradion_chrysozonus_FishBaseUser_1469522606_162.158.167.12.jpg,Coradion chrysozonus,fishbase,-7.0,no,trusted_source,0.0221,Coradion_chrysozonus_Bishop_213329914.jpg,no
Coradion_chrysozonus_FishBaseUser_1492968478_108.162.216.108.jpg,Coradion chrysozonus,fishbase,9.7,no,trusted_source,0.1133,Coradion_chrysozonus_Bishop_213329914.jpg,no
Coradion_chrysozonus_FishBaseUser_1509285312_172.68.102.54.jpg,Coradion chrysozonus,fishbase,-8.0,no,trusted_source,0.0617,Coradion_chrysozonus_Bishop_213329914.jpg,no
Coradion_chrysozonus_FishBaseUser_1558076283_141.101.99.211.jpg,Coradion chrysozonus,fishbase,6.7,no,trusted_source,0.0686,Coradion_chrysozonus_Bishop_213329914.jpg,no
Coradion_chrysozonus_FishBaseUser_1569482893_172.68.141.54.jpg,Coradion chrysozonus,fishbase,7.4,no,trusted_source,0.0898,Coradion_chrysozonus_Bishop_213329914.jpg,no
Coradion_chrysozonus_FishBaseUser_1569482923_172.68.143.140.jpg,Coradion chrysozonus,fishbase,0.0,no,trusted_source,0.0526,Coradion_chrysozonus_Bishop_213329914.jpg,no
Coradion_chrysozonus_FishBaseUser_1569482956_172.68.132.67.jpg,Coradion chrysozonus,fishbase,9.9,no,trusted_source,0.0219,Coradion_chrysozonus_Bishop_213329914.jpg,no
Coradion_chrysozonus_FishBaseUser_1569482983_162.158.255.18.jpg,Coradion chrysozonus,fishbase,0.0,no,trusted_source,0.1057,Coradion_chrysozonus_Bishop_213329914.jpg,no
Coradion_chrysozonus_FishBaseUser_1577439074_172.68.102.128.jpg,Coradion chrysozonus,fishbase,4.3,no,trusted_source,0.0182,Coradion_chrysozonus_Bishop_213329914.jpg,no
Coradion_chrysozonus_FishBaseUser_1723305897_172.70.255.79.jpg,Coradion chrysozonus,fishbase,0.0,no,trusted_source,0.0979,Coradion_chrysozonus_Bishop_213329914.jpg,no
Coradion_chrysozonus_FishBaseUser_1723305939_172.70.255.80.jpg,Coradion chrysozonus,fishbase,0.0,no,trusted_source,0.0936,Coradion_chrysozonus_Bishop_213329914.jpg,no
Coradion_chrysozonus_FishBaseUser_1747573476_95.95.129.49.jpg,Coradion chrysozonus,fishbase,0.0,no,trusted_flagged,0.2003,Coradion_chrysozonus_Bishop_213329914.jpg,yes
Coradion_chrysozonus_iNaturalist_131619442.jpg,Coradion chrysozonus,inaturalist,7.6,no,template_ok,0.2591,Coradion_chrysozonus_Bishop_213329914.jpg,no
Coradion_chrysozonus_iNaturalist_160228299.jpg,Coradion chrysozonus,inaturalist,7.4,no,template_ok,0.1488,Coradion_chrysozonus_Bishop_213329914.jpg,no
Coradion_chrysozonus_iNaturalist_266332535.jpg,Coradion chrysozonus,inaturalist,18.0,no,template_uncertain,0.0664,Coradion_chrysozonus_Bishop_213329914.jpg,yes
Coradion_chrysozonus_iNaturalist_277154827.jpg,Coradion chrysozonus,inaturalist,-4.0,no,template_ok,0.0115,Coradion_chrysozonus_Bishop_213329914.jpg,no
Coradion_chrysozonus_iNaturalist_325219219.jpg,Coradion chrysozonus,inaturalist,8.6,no,template_ok,0.0426,Coradion_chrysozonus_Bishop_213329914.jpg,no
Coradion_chrysozonus_iNaturalist_336902408.jpg,Coradion chrysozonus,inaturalist,0.0,no,template_uncertain,0.1215,Coradion_chrysozonus_Bishop_213329914.jpg,yes
Coradion_chrysozonus_iNaturalist_336902426.jpg,Coradion chrysozonus,inaturalist,9.7,no,template_ok,0.1177,Coradion_chrysozonus_Bishop_213329914.jpg,no
Coradion_chrysozonus_iNaturalist_368388152.jpg,Coradion chrysozonus,inaturalist,-19.9,no,template_ok,0.0273,Coradion_chrysozonus_Bishop_213329914.jpg,no
Coradion_chrysozonus_iNaturalist_428621525.jpg,Coradion chrysozonus,inaturalist,10.6,no,template_ok,0.1335,Coradion_chrysozonus_Bishop_213329914.jpg,no
Coradion_chrysozonus_iNaturalist_67179004.jpg,Coradion chrysozonus,inaturalist,0.0,no,template_uncertain,0.0687,Coradion_chrysozonus_Bishop_213329914.jpg,yes
Coradion_chrysozonus_FishWise_014871F000492W000008.jpg,Coradion chrysozonus,other,0.0,no,template_ok,0.0296,Coradion_chrysozonus_Bishop_213329914.jpg,no
Coradion_melanopus_FishPix_10029AF.jpg,Coradion melanopus,fishpix,0.0,no,trusted_source,0.0732,Coradion_melanopus_Bishop_1537514406.jpg,no
Coradion_melanopus_Bishop_-1537131019.jpg,Coradion melanopus,bishop,2.5,no,trusted_source,0.1689,Coradion_melanopus_Bishop_1537514406.jpg,no
Coradion_melanopus_Bishop_1397670468.jpg,Coradion melanopus,bishop,2.2,no,trusted_source,0.1709,Coradion_melanopus_Bishop_1537514406.jpg,no
Coradion_melanopus_Bishop_1537514406.jpg,Coradion melanopus,bishop,0.0,no,trusted_source,1.0,Coradion_melanopus_Bishop_1537514406.jpg,no
Coradion_melanopus_Bishop_726040623.jpg,Coradion melanopus,bishop,3.0,no,trusted_source,0.1184,Coradion_melanopus_Bishop_1537514406.jpg,no
Coradion_melanopus_FishBase_Comel_j1.jpg,Coradion melanopus,fishbase,5.5,no,trusted_source,0.014,Coradion_melanopus_Bishop_1537514406.jpg,no
Coradion_melanopus_FishBase_Comel_u0.jpg,Coradion melanopus,fishbase,2.4,no,trusted_source,0.1683,Coradion_melanopus_Bishop_1537514406.jpg,no
Coradion_melanopus_FishBase_Comel_u1.jpg,Coradion melanopus,fishbase,3.0,no,trusted_source,0.1231,Coradion_melanopus_Bishop_1537514406.jpg,no
Coradion_melanopus_FishBase_Comel_u2.jpg,Coradion melanopus,fishbase,0.0,no,trusted_source,0.1911,Coradion_melanopus_Bishop_1537514406.jpg,no
Coradion_melanopus_FishBase_Comel_u4.jpg,Coradion melanopus,fishbase,0.0,no,trusted_source,0.2082,Coradion_melanopus_Bishop_1537514406.jpg,no
Coradion_melanopus_FishBase_Comel_uh.jpg,Coradion melanopus,fishbase,-8.2,no,trusted_source,0.086,Coradion_melanopus_Bishop_1537514406.jpg,no
Coradion_melanopus_FishBase_Comel_ui.jpg,Coradion melanopus,fishbase,6.6,no,trusted_source,0.0761,Coradion_melanopus_Bishop_1537514406.jpg,no
Coradion_melanopus_FishBase_Comel_ul.jpg,Coradion melanopus,fishbase,0.0,no,trusted_source,0.1427,Coradion_melanopus_Bishop_1537514406.jpg,no
Coradion_melanopus_FishBaseUser_1361880729_82.20.1.24.jpg,Coradion melanopus,fishbase,6.2,no,trusted_source,0.065,Coradion_melanopus_Bishop_1537514406.jpg,no
Coradion_melanopus_FishBaseUser_1469522677_162.158.167.12.jpg,Coradion melanopus,fishbase,0.0,no,trusted_source,0.0565,Coradion_melanopus_Bishop_1537514406.jpg,no
Coradion_melanopus_FishBaseUser_1509285460_172.68.102.54.jpg,Coradion melanopus,fishbase,0.0,no,trusted_source,0.1543,Coradion_melanopus_Bishop_1537514406.jpg,no
Coradion_melanopus_FishBaseUser_1747573804_95.95.129.49.jpg,Coradion melanopus,fishbase,9.4,no,trusted_source,0.0865,Coradion_melanopus_Bishop_1537514406.jpg,no
Coradion_melanopus_iNaturalist_179314622.jpg,Coradion melanopus,inaturalist,13.8,no,template_ok,0.233,Coradion_melanopus_Bishop_1537514406.jpg,no
Coradion_melanopus_iNaturalist_19089572.jpg,Coradion melanopus,inaturalist,-16.1,no,template_ok,0.0228,Coradion_melanopus_Bishop_1537514406.jpg,no
Coradion_melanopus_iNaturalist_38455831.jpg,Coradion melanopus,inaturalist,0.0,no,template_ok,0.2913,Coradion_melanopus_Bishop_1537514406.jpg,no
Coradion_melanopus_iNaturalist_461842709.jpg,Coradion melanopus,inaturalist,0.0,yes,template_flip,0.1662,Coradion_melanopus_Bishop_1537514406.jpg,no
Coradion_melanopus_iNaturalist_572762865.jpg,Coradion melanopus,inaturalist,3.6,yes,template_flip,0.2109,Coradion_melanopus_Bishop_1537514406.jpg,no
Coradion_melanopus_iNaturalist_591247918.jpg,Coradion melanopus,inaturalist,0.0,no,template_uncertain,0.0583,Coradion_melanopus_Bishop_1537514406.jpg,yes
Coradion_melanopus_iNaturalist_594962027.jpg,Coradion melanopus,inaturalist,10.7,no,template_ok,0.0499,Coradion_melanopus_Bishop_1537514406.jpg,no
Coradion_melanopus_iNaturalist_594962045.jpg,Coradion melanopus,inaturalist,-6.4,no,template_ok,0.1561,Coradion_melanopus_Bishop_1537514406.jpg,no
Coradion_melanopus_iNaturalist_80459445.jpg,Coradion melanopus,inaturalist,0.0,no,template_uncertain,0.1417,Coradion_melanopus_Bishop_1537514406.jpg,yes
Coradion_melanopus_FishWise_043349F000009W000009.jpg,Coradion melanopus,other,18.0,no,template_ok,0.19,Coradion_melanopus_Bishop_1537514406.jpg,no
Coradion_melanopus_FishWise_043349F000024W000002.jpg,Coradion melanopus,other,2.1,no,template_ok,0.1716,Coradion_melanopus_Bishop_1537514406.jpg,no
Coradion_melanopus_FishWise_043349F000387W000006.jpg,Coradion melanopus,other,0.0,no,template_uncertain,0.1416,Coradion_melanopus_Bishop_1537514406.jpg,yes
Coradion_melanopus_FishWise_043349F000387W000007.jpg,Coradion melanopus,other,14.0,no,template_ok,0.0067,Coradion_melanopus_Bishop_1537514406.jpg,no
Coradion_melanopus_FishWise_043349F000387W000008.jpg,Coradion melanopus,other,0.0,no,template_ok,0.0895,Coradion_melanopus_Bishop_1537514406.jpg,no
Forcipiger_flavissimus_FishPix_11851AF.jpg,Forcipiger flavissimus,fishpix,-11.9,no,trusted_source,0.7449,Forcipiger_flavissimus_Bishop_-1224605166.jpg,no
Forcipiger_flavissimus_Bishop_-1224605166.jpg,Forcipiger flavissimus,bishop,3.8,no,trusted_source,1.0,Forcipiger_flavissimus_Bishop_-1224605166.jpg,no
Forcipiger_flavissimus_Bishop_-1548318421.jpg,Forcipiger flavissimus,bishop,0.0,no,trusted_source,0.6179,Forcipiger_flavissimus_Bishop_-1224605166.jpg,no
Forcipiger_flavissimus_FishBase_Fofla_u0.jpg,Forcipiger flavissimus,fishbase,0.0,no,trusted_source,0.5685,Forcipiger_flavissimus_Bishop_-1224605166.jpg,no
Forcipiger_flavissimus_FishBase_Fofla_u1.jpg,Forcipiger flavissimus,fishbase,19.1,no,trusted_flagged,0.7187,Forcipiger_flavissimus_Bishop_-1224605166.jpg,yes
Forcipiger_flavissimus_FishBase_Fofla_u3.jpg,Forcipiger flavissimus,fishbase,3.8,no,trusted_source,0.5163,Forcipiger_flavissimus_Bishop_-1224605166.jpg,no
Forcipiger_flavissimus_FishBase_Fofla_u4.jpg,Forcipiger flavissimus,fishbase,0.0,no,trusted_source,0.6244,Forcipiger_flavissimus_Bishop_-1224605166.jpg,no
Forcipiger_flavissimus_FishBase_Fofla_u6.jpg,Forcipiger flavissimus,fishbase,0.0,no,trusted_source,0.5933,Forcipiger_flavissimus_Bishop_-1224605166.jpg,no
Forcipiger_flavissimus_FishBase_Fofla_u9.jpg,Forcipiger flavissimus,fishbase,-4.8,no,trusted_source,0.6332,Forcipiger_flavissimus_Bishop_-1224605166.jpg,no
Forcipiger_flavissimus_FishBase_Fofla_uc.jpg,Forcipiger flavissimus,fishbase,14.8,no,trusted_source,0.4312,Forcipiger_flavissimus_Bishop_-1224605166.jpg,no
Forcipiger_flavissimus_FishBase_Fofla_ud.jpg,Forcipiger flavissimus,fishbase,16.0,no,trusted_source,0.1282,Forcipiger_flavissimus_Bishop_-1224605166.jpg,no
Forcipiger_flavissimus_FishBase_Fofla_ue.jpg,Forcipiger flavissimus,fishbase,-12.3,no,trusted_flagged,0.2311,Forcipiger_flavissimus_Bishop_-1224605166.jpg,yes
Forcipiger_flavissimus_FishBase_Fofla_uh.jpg,Forcipiger flavissimus,fishbase,0.0,no,trusted_flagged,0.3637,Forcipiger_flavissimus_Bishop_-1224605166.jpg,yes
Forcipiger_flavissimus_FishBaseUser_1343337179_82.243.202.40.jpg,Forcipiger flavissimus,fishbase,0.0,no,trusted_source,0.4483,Forcipiger_flavissimus_Bishop_-1224605166.jpg,no
Forcipiger_flavissimus_FishBaseUser_1344200216_62.178.129.238.jpg,Forcipiger flavissimus,fishbase,0.0,no,trusted_source,0.2623,Forcipiger_flavissimus_Bishop_-1224605166.jpg,no
Forcipiger_flavissimus_FishBaseUser_1469522787_162.158.167.12.jpg,Forcipiger flavissimus,fishbase,-11.8,no,trusted_flagged,0.2596,Forcipiger_flavissimus_Bishop_-1224605166.jpg,yes
Forcipiger_flavissimus_FishBaseUser_1469522928_162.158.167.12.jpg,Forcipiger flavissimus,fishbase,-6.7,no,trusted_source,0.7587,Forcipiger_flavissimus_Bishop_-1224605166.jpg,no
Forcipiger_flavissimus_FishBaseUser_1473646246_162.158.165.25.jpg,Forcipiger flavissimus,fishbase,7.8,no,trusted_source,0.0979,Forcipiger_flavissimus_Bishop_-1224605166.jpg,no
Forcipiger_flavissimus_FishBaseUser_1562853710_162.158.234.96.jpg,Forcipiger flavissimus,fishbase,-6.9,no,trusted_source,0.7781,Forcipiger_flavissimus_Bishop_-1224605166.jpg,no
Forcipiger_flavissimus_FishBaseUser_1577457307_172.68.102.78.jpg,Forcipiger flavissimus,fishbase,19.5,no,trusted_flagged,0.8182,Forcipiger_flavissimus_Bishop_-1224605166.jpg,yes
Forcipiger_flavissimus_FishBaseUser_1612045431_162.158.129.64.jpg,Forcipiger flavissimus,fishbase,7.4,no,trusted_source,0.2721,Forcipiger_flavissimus_Bishop_-1224605166.jpg,no
Forcipiger_flavissimus_FishBaseUser_1706120434_108.162.212.77.jpg,Forcipiger flavissimus,fishbase,0.0,no,trusted_source,0.1905,Forcipiger_flavissimus_Bishop_-1224605166.jpg,no
Forcipiger_flavissimus_FishBaseUser_1706290177_172.70.54.70.jpg,Forcipiger flavissimus,fishbase,0.0,no,trusted_source,0.1082,Forcipiger_flavissimus_Bishop_-1224605166.jpg,no
Forcipiger_flavissimus_FishBaseUser_1706913878_172.70.255.37.jpg,Forcipiger flavissimus,fishbase,9.8,no,trusted_source,0.0358,Forcipiger_flavissimus_Bishop_-1224605166.jpg,no
Forcipiger_flavissimus_FishBaseUser_1724953820_162.158.170.214.jpg,Forcipiger flavissimus,fishbase,8.7,no,trusted_source,0.2513,Forcipiger_flavissimus_Bishop_-1224605166.jpg,no
Forcipiger_flavissimus_FishBaseUser_1724953913_162.158.170.244.jpg,Forcipiger flavissimus,fishbase,3.3,no,trusted_source,0.6992,Forcipiger_flavissimus_Bishop_-1224605166.jpg,no
Forcipiger_flavissimus_FishBaseUser_1747942465_95.95.129.49.jpg,Forcipiger flavissimus,fishbase,-5.7,no,trusted_source,0.6909,Forcipiger_flavissimus_Bishop_-1224605166.jpg,no
Forcipiger_flavissimus_FishBaseUser_1747942534_95.95.129.49.jpg,Forcipiger flavissimus,fishbase,0.0,no,trusted_source,0.7006,Forcipiger_flavissimus_Bishop_-1224605166.jpg,no
Forcipiger_flavissimus_FishBaseUser_1760314191_101.115.183.201.jpg,Forcipiger flavissimus,fishbase,0.0,no,trusted_source,0.7072,Forcipiger_flavissimus_Bishop_-1224605166.jpg,no
Forcipiger_flavissimus_FishBaseUser_1760314330_101.115.183.201.jpg,Forcipiger flavissimus,fishbase,0.0,no,trusted_flagged,0.697,Forcipiger_flavissimus_Bishop_-1224605166.jpg,yes
Forcipiger_flavissimus_FishBaseUser_1760314748_101.115.183.201.jpg,Forcipiger flavissimus,fishbase,-2.2,no,trusted_source,0.7683,Forcipiger_flavissimus_Bishop_-1224605166.jpg,no
Forcipiger_flavissimus_FishBaseUser_1760314960_101.115.183.201.jpg,Forcipiger flavissimus,fishbase,9.6,no,trusted_flagged,0.6274,Forcipiger_flavissimus_Bishop_-1224605166.jpg,yes
Forcipiger_flavissimus_iNaturalist_170376471.jpg,Forcipiger flavissimus,inaturalist,-3.7,yes,template_flip,0.5974,Forcipiger_flavissimus_Bishop_-1224605166.jpg,no
Forcipiger_flavissimus_iNaturalist_17443763.jpg,Forcipiger flavissimus,inaturalist,-12.7,yes,template_flip,0.343,Forcipiger_flavissimus_Bishop_-1224605166.jpg,no
Forcipiger_flavissimus_iNaturalist_179529899.jpg,Forcipiger flavissimus,inaturalist,12.6,yes,template_flip,0.7781,Forcipiger_flavissimus_Bishop_-1224605166.jpg,no
Forcipiger_flavissimus_iNaturalist_179529903.jpg,Forcipiger flavissimus,inaturalist,6.5,yes,template_flip,0.77,Forcipiger_flavissimus_Bishop_-1224605166.jpg,no
Forcipiger_flavissimus_iNaturalist_222104159.jpg,Forcipiger flavissimus,inaturalist,0.0,no,template_ok,0.1056,Forcipiger_flavissimus_Bishop_-1224605166.jpg,no
Forcipiger_flavissimus_iNaturalist_237549065.jpg,Forcipiger flavissimus,inaturalist,-3.2,yes,template_flip,0.2767,Forcipiger_flavissimus_Bishop_-1224605166.jpg,no
Forcipiger_flavissimus_iNaturalist_260490467.jpg,Forcipiger flavissimus,inaturalist,-3.3,no,template_ok,0.3805,Forcipiger_flavissimus_Bishop_-1224605166.jpg,no
Forcipiger_flavissimus_iNaturalist_389876206.jpg,Forcipiger flavissimus,inaturalist,3.9,yes,template_flip,0.3915,Forcipiger_flavissimus_Bishop_-1224605166.jpg,no
Forcipiger_flavissimus_iNaturalist_59975862.jpg,Forcipiger flavissimus,inaturalist,10.1,yes,template_flip,0.7695,Forcipiger_flavissimus_Bishop_-1224605166.jpg,no
Forcipiger_flavissimus_iNaturalist_64532564.jpg,Forcipiger flavissimus,inaturalist,-10.8,yes,template_flip,0.2272,Forcipiger_flavissimus_Bishop_-1224605166.jpg,no
Forcipiger_flavissimus_FishWise_023887F000004W000017.jpg,Forcipiger flavissimus,other,0.0,no,template_ok,0.5819,Forcipiger_flavissimus_Bishop_-1224605166.jpg,no
Forcipiger_flavissimus_FishWise_023887F000004W000018.jpg,Forcipiger flavissimus,other,5.0,no,template_ok,0.2016,Forcipiger_flavissimus_Bishop_-1224605166.jpg,no
Forcipiger_flavissimus_FishWise_023887F000009W000023.jpg,Forcipiger flavissimus,other,4.7,no,template_ok,0.4156,Forcipiger_flavissimus_Bishop_-1224605166.jpg,no
Forcipiger_flavissimus_FishWise_023887F000009W000024.jpg,Forcipiger flavissimus,other,2.5,no,template_ok,0.4052,Forcipiger_flavissimus_Bishop_-1224605166.jpg,no
Forcipiger_flavissimus_FishWise_023887F000009W000025.jpg,Forcipiger flavissimus,other,-10.4,no,template_ok,0.7768,Forcipiger_flavissimus_Bishop_-1224605166.jpg,no
Forcipiger_flavissimus_FishWise_023887F000009W000026.jpg,Forcipiger flavissimus,other,-2.2,no,template_ok,0.5182,Forcipiger_flavissimus_Bishop_-1224605166.jpg,no
Forcipiger_flavissimus_FishWise_023887F000024W000002.jpg,Forcipiger flavissimus,other,0.0,no,template_ok,0.5822,Forcipiger_flavissimus_Bishop_-1224605166.jpg,no
Forcipiger_flavissimus_FishWise_023887F000024W000004.jpg,Forcipiger flavissimus,other,0.0,no,template_ok,0.6249,Forcipiger_flavissimus_Bishop_-1224605166.jpg,no
Forcipiger_flavissimus_FishWise_023887F000024W000006.jpg,Forcipiger flavissimus,other,3.9,no,template_ok,0.4685,Forcipiger_flavissimus_Bishop_-1224605166.jpg,no
Forcipiger_flavissimus_FishWise_023887F000025W000001.gif,Forcipiger flavissimus,other,4.9,no,template_ok,0.4412,Forcipiger_flavissimus_Bishop_-1224605166.jpg,no
Forcipiger_flavissimus_FishWise_023887F000031W000005.jpg,Forcipiger flavissimus,other,0.0,no,template_ok,0.5885,Forcipiger_flavissimus_Bishop_-1224605166.jpg,no
Forcipiger_flavissimus_FishWise_023887F000090W000003.jpg,Forcipiger flavissimus,other,18.9,yes,template_flip,0.7191,Forcipiger_flavissimus_Bishop_-1224605166.jpg,no
Forcipiger_flavissimus_FishWise_023887F000112W000019.jpg,Forcipiger flavissimus,other,0.0,no,template_ok,0.4807,Forcipiger_flavissimus_Bishop_-1224605166.jpg,no
Forcipiger_flavissimus_FishWise_023887F000112W000020.jpg,Forcipiger flavissimus,other,0.0,no,template_ok,0.4749,Forcipiger_flavissimus_Bishop_-1224605166.jpg,no
Forcipiger_flavissimus_FishWise_023887F000112W000021.jpg,Forcipiger flavissimus,other,0.0,no,template_ok,0.4746,Forcipiger_flavissimus_Bishop_-1224605166.jpg,no
Forcipiger_flavissimus_FishWise_023887F000112W000022.jpg,Forcipiger flavissimus,other,-2.3,no,template_ok,0.5895,Forcipiger_flavissimus_Bishop_-1224605166.jpg,no
Forcipiger_longirostris_FishBase_Folon_u1.jpg,Forcipiger longirostris,fishbase,3.6,no,trusted_source,0.9899,Forcipiger_longirostris_Bishop_2122975038.jpg,no
Forcipiger_longirostris_Bishop_2048048784.jpg,Forcipiger longirostris,bishop,6.4,no,trusted_source,0.733,Forcipiger_longirostris_Bishop_2122975038.jpg,no
Forcipiger_longirostris_Bishop_2122975038.jpg,Forcipiger longirostris,bishop,3.4,no,trusted_source,1.0,Forcipiger_longirostris_Bishop_2122975038.jpg,no
Forcipiger_longirostris_Bishop_545316689.jpg,Forcipiger longirostris,bishop,2.1,no,trusted_source,0.8668,Forcipiger_longirostris_Bishop_2122975038.jpg,no
Forcipiger_longirostris_FishBase_Folon_j0.jpg,Forcipiger longirostris,fishbase,9.4,no,trusted_source,0.7365,Forcipiger_longirostris_Bishop_2122975038.jpg,no
Forcipiger_longirostris_FishBase_Folon_u0.jpg,Forcipiger longirostris,fishbase,6.4,no,trusted_source,0.7299,Forcipiger_longirostris_Bishop_2122975038.jpg,no
Forcipiger_longirostris_FishBase_Folon_u2.jpg,Forcipiger longirostris,fishbase,2.1,no,trusted_source,0.8483,Forcipiger_longirostris_Bishop_2122975038.jpg,no
Forcipiger_longirostris_FishBase_Folon_u3.jpg,Forcipiger longirostris,fishbase,0.0,no,trusted_source,0.0579,Forcipiger_longirostris_Bishop_2122975038.jpg,no
Forcipiger_longirostris_FishBase_Folon_u5.jpg,Forcipiger longirostris,fishbase,-7.0,no,trusted_flagged,0.8913,Forcipiger_longirostris_Bishop_2122975038.jpg,yes
Forcipiger_longirostris_FishBase_Folon_u6.jpg,Forcipiger longirostris,fishbase,-4.4,no,trusted_source,0.3663,Forcipiger_longirostris_Bishop_2122975038.jpg,no
Forcipiger_longirostris_FishBase_Folon_u7.jpg,Forcipiger longirostris,fishbase,18.2,no,trusted_source,0.1904,Forcipiger_longirostris_Bishop_2122975038.jpg,no
Forcipiger_longirostris_FishBaseUser_1344201101_62.178.129.238.jpg,Forcipiger longirostris,fishbase,6.4,no,trusted_source,0.2636,Forcipiger_longirostris_Bishop_2122975038.jpg,no
Forcipiger_longirostris_FishBaseUser_1383590507_202.151.68.202.jpg,Forcipiger longirostris,fishbase,0.0,no,trusted_source,1.1813,Forcipiger_longirostris_Bishop_2122975038.jpg,no
Forcipiger_longirostris_FishBaseUser_1414547612_128.250.0.139.jpg,Forcipiger longirostris,fishbase,0.0,no,trusted_source,1.0225,Forcipiger_longirostris_Bishop_2122975038.jpg,no
Forcipiger_longirostris_FishBaseUser_1430166088_95.242.249.217.jpg,Forcipiger longirostris,fishbase,-14.3,no,trusted_source,1.0407,Forcipiger_longirostris_Bishop_2122975038.jpg,no
Forcipiger_longirostris_FishBaseUser_1444696541_24.215.186.224.jpg,Forcipiger longirostris,fishbase,0.0,no,trusted_flagged,0.6797,Forcipiger_longirostris_Bishop_2122975038.jpg,yes
Forcipiger_longirostris_FishBaseUser_1540306923_162.158.167.176.jpg,Forcipiger longirostris,fishbase,0.0,no,trusted_source,0.8104,Forcipiger_longirostris_Bishop_2122975038.jpg,no
Forcipiger_longirostris_FishBaseUser_1585736003_141.101.69.189.jpg,Forcipiger longirostris,fishbase,-5.0,no,trusted_flagged,1.0905,Forcipiger_longirostris_Bishop_2122975038.jpg,yes
Forcipiger_longirostris_FishBaseUser_1603233166_162.158.187.197.jpg,Forcipiger longirostris,fishbase,0.0,no,trusted_source,0.2778,Forcipiger_longirostris_Bishop_2122975038.jpg,no
Forcipiger_longirostris_FishBaseUser_1704999678_172.70.255.47.jpg,Forcipiger longirostris,fishbase,-12.4,no,trusted_flagged,0.6939,Forcipiger_longirostris_Bishop_2122975038.jpg,yes
Forcipiger_longirostris_FishBaseUser_1706120257_172.70.255.81.jpg,Forcipiger longirostris,fishbase,14.8,no,trusted_flagged,0.3279,Forcipiger_longirostris_Bishop_2122975038.jpg,yes
Forcipiger_longirostris_FishBaseUser_1734044406_172.70.115.186.jpg,Forcipiger longirostris,fishbase,0.0,no,trusted_source,0.8391,Forcipiger_longirostris_Bishop_2122975038.jpg,no
Forcipiger_longirostris_FishBaseUser_1747073148_50.83.213.203.jpg,Forcipiger longirostris,fishbase,5.4,no,trusted_source,1.2772,Forcipiger_longirostris_Bishop_2122975038.jpg,no
Forcipiger_longirostris_FishBaseUser_1747943212_95.95.129.49.jpg,Forcipiger longirostris,fishbase,-2.3,no,trusted_source,0.0232,Forcipiger_longirostris_Bishop_2122975038.jpg,no
Forcipiger_longirostris_FishBaseUser_1747943270_95.95.129.49.jpg,Forcipiger longirostris,fishbase,-10.1,no,trusted_flagged,0.5147,Forcipiger_longirostris_Bishop_2122975038.jpg,yes
Forcipiger_longirostris_FishBaseUser_1760167551_101.115.183.201.jpg,Forcipiger longirostris,fishbase,0.0,no,trusted_flagged,1.2355,Forcipiger_longirostris_Bishop_2122975038.jpg,yes
Forcipiger_longirostris_FishBaseUser_1760167740_101.115.183.201.jpg,Forcipiger longirostris,fishbase,17.9,no,trusted_source,0.4304,Forcipiger_longirostris_Bishop_2122975038.jpg,no
Forcipiger_longirostris_FishBaseUser_1760167831_101.115.183.201.jpg,Forcipiger longirostris,fishbase,-7.7,no,trusted_flagged,0.6055,Forcipiger_longirostris_Bishop_2122975038.jpg,yes
Forcipiger_longirostris_FishBaseUser_1760308864_101.115.183.201.jpg,Forcipiger longirostris,fishbase,5.3,no,trusted_source,0.5225,Forcipiger_longirostris_Bishop_2122975038.jpg,no
Forcipiger_longirostris_FishBaseUser_1760309408_101.115.183.201.jpg,Forcipiger longirostris,fishbase,-19.7,no,trusted_source,1.1761,Forcipiger_longirostris_Bishop_2122975038.jpg,no
Forcipiger_longirostris_iNaturalist_335279641.jpg,Forcipiger longirostris,inaturalist,5.8,no,template_ok,0.9699,Forcipiger_longirostris_Bishop_2122975038.jpg,no
Forcipiger_longirostris_iNaturalist_350169.jpg,Forcipiger longirostris,inaturalist,-8.2,no,template_ok,1.0626,Forcipiger_longirostris_Bishop_2122975038.jpg,no
Forcipiger_longirostris_iNaturalist_415726122.jpg,Forcipiger longirostris,inaturalist,-11.0,yes,template_flip,0.6298,Forcipiger_longirostris_Bishop_2122975038.jpg,no
Forcipiger_longirostris_iNaturalist_474224006.jpg,Forcipiger longirostris,inaturalist,-10.6,yes,template_flip,0.779,Forcipiger_longirostris_Bishop_2122975038.jpg,no
Forcipiger_longirostris_iNaturalist_474224219.jpg,Forcipiger longirostris,inaturalist,0.0,no,template_ok,0.7449,Forcipiger_longirostris_Bishop_2122975038.jpg,no
Forcipiger_longirostris_iNaturalist_474224273.jpg,Forcipiger longirostris,inaturalist,7.1,no,template_ok,0.6502,Forcipiger_longirostris_Bishop_2122975038.jpg,no
Forcipiger_longirostris_iNaturalist_527171759.jpg,Forcipiger longirostris,inaturalist,0.0,no,template_ok,0.9733,Forcipiger_longirostris_Bishop_2122975038.jpg,no
Forcipiger_longirostris_iNaturalist_592502757.jpg,Forcipiger longirostris,inaturalist,2.6,no,template_ok,0.5512,Forcipiger_longirostris_Bishop_2122975038.jpg,no
Forcipiger_longirostris_iNaturalist_592502784.jpg,Forcipiger longirostris,inaturalist,9.5,yes,template_flip,0.7145,Forcipiger_longirostris_Bishop_2122975038.jpg,no
Forcipiger_longirostris_FishWise_038381F000009W000005.jpg,Forcipiger longirostris,other,16.8,no,template_ok,0.9392,Forcipiger_longirostris_Bishop_2122975038.jpg,no
Forcipiger_longirostris_FishWise_038381F000009W000006.jpg,Forcipiger longirostris,other,12.6,no,template_ok,1.1007,Forcipiger_longirostris_Bishop_2122975038.jpg,no
Forcipiger_longirostris_FishWise_038381F000009W000007.jpg,Forcipiger longirostris,other,-7.6,no,template_ok,0.9277,Forcipiger_longirostris_Bishop_2122975038.jpg,no
Forcipiger_longirostris_FishWise_038381F000009W000009.jpg,Forcipiger longirostris,other,-5.1,no,template_ok,1.1373,Forcipiger_longirostris_Bishop_2122975038.jpg,no
Forcipiger_longirostris_FishWise_038381F000009W000010.jpg,Forcipiger longirostris,other,0.0,no,template_ok,0.5331,Forcipiger_longirostris_Bishop_2122975038.jpg,no
Forcipiger_longirostris_FishWise_038381F000009W000011.jpg,Forcipiger longirostris,other,2.8,no,template_ok,0.8208,Forcipiger_longirostris_Bishop_2122975038.jpg,no
Forcipiger_longirostris_FishWise_038381F000009W000012.jpg,Forcipiger longirostris,other,0.0,no,template_ok,0.6991,Forcipiger_longirostris_Bishop_2122975038.jpg,no
Forcipiger_longirostris_FishWise_038381F000009W000013.jpg,Forcipiger longirostris,other,7.4,no,template_ok,0.6103,Forcipiger_longirostris_Bishop_2122975038.jpg,no
Forcipiger_longirostris_FishWise_038381F000009W000014.jpg,Forcipiger longirostris,other,-5.8,no,template_ok,1.0701,Forcipiger_longirostris_Bishop_2122975038.jpg,no
Forcipiger_longirostris_FishWise_038381F000009W000015.jpg,Forcipiger longirostris,other,7.2,yes,template_flip,0.2584,Forcipiger_longirostris_Bishop_2122975038.jpg,no
Forcipiger_longirostris_FishWise_038381F000009W000016.jpg,Forcipiger longirostris,other,9.5,no,template_ok,0.89,Forcipiger_longirostris_Bishop_2122975038.jpg,no
Forcipiger_longirostris_FishWise_038381F000009W000017.jpg,Forcipiger longirostris,other,9.5,no,template_ok,0.89,Forcipiger_longirostris_Bishop_2122975038.jpg,no
Forcipiger_longirostris_FishWise_038381F000104W000003.jpg,Forcipiger longirostris,other,14.8,no,template_ok,0.5574,Forcipiger_longirostris_Bishop_2122975038.jpg,no
Forcipiger_longirostris_FishWise_038381F000112W000008.jpg,Forcipiger longirostris,other,9.4,no,template_ok,0.7487,Forcipiger_longirostris_Bishop_2122975038.jpg,no
Forcipiger_wanai_FishBase_Fowan_u0.jpg,Forcipiger wanai,fishbase,8.0,no,trusted_flagged,0.7787,Forcipiger_wanai_FishBaseUser_1599387577_172.69.33.67.jpg,yes
Forcipiger_wanai_FishBaseUser_1557652063_162.158.167.38.jpg,Forcipiger wanai,fishbase,-6.2,no,trusted_source,0.348,Forcipiger_wanai_FishBaseUser_1599387577_172.69.33.67.jpg,no
Forcipiger_wanai_FishBaseUser_1599387577_172.69.33.67.jpg,Forcipiger wanai,fishbase,13.9,no,trusted_source,1.0,Forcipiger_wanai_FishBaseUser_1599387577_172.69.33.67.jpg,no
Forcipiger_wanai_iNaturalist_435111898.jpg,Forcipiger wanai,inaturalist,-18.4,no,template_ok,0.3864,Forcipiger_wanai_FishBaseUser_1599387577_172.69.33.67.jpg,no
Forcipiger_wanai_iNaturalist_435111986.jpg,Forcipiger wanai,inaturalist,-19.0,no,template_ok,0.3397,Forcipiger_wanai_FishBaseUser_1599387577_172.69.33.67.jpg,no
Forcipiger_wanai_iNaturalist_435112008.jpg,Forcipiger wanai,inaturalist,10.6,no,template_ok,0.0506,Forcipiger_wanai_FishBaseUser_1599387577_172.69.33.67.jpg,no
Forcipiger_wanai_iNaturalist_436511687.jpg,Forcipiger wanai,inaturalist,9.8,yes,template_flip,1.0832,Forcipiger_wanai_FishBaseUser_1599387577_172.69.33.67.jpg,no
Forcipiger_wanai_iNaturalist_456409328.jpg,Forcipiger wanai,inaturalist,-6.4,no,template_ok,0.6134,Forcipiger_wanai_FishBaseUser_1599387577_172.69.33.67.jpg,no
Forcipiger_wanai_iNaturalist_457030087.jpg,Forcipiger wanai,inaturalist,-11.0,yes,template_flip,1.3571,Forcipiger_wanai_FishBaseUser_1599387577_172.69.33.67.jpg,no
Forcipiger_wanai_iNaturalist_458153810.jpg,Forcipiger wanai,inaturalist,20.0,no,template_ok,1.3627,Forcipiger_wanai_FishBaseUser_1599387577_172.69.33.67.jpg,no
Forcipiger_wanai_iNaturalist_566944234.jpg,Forcipiger wanai,inaturalist,0.0,no,template_ok,0.1295,Forcipiger_wanai_FishBaseUser_1599387577_172.69.33.67.jpg,no
Forcipiger_wanai_iNaturalist_59037792.jpg,Forcipiger wanai,inaturalist,0.0,yes,template_flip,0.7212,Forcipiger_wanai_FishBaseUser_1599387577_172.69.33.67.jpg,no
Forcipiger_wanai_iNaturalist_597780049.jpg,Forcipiger wanai,inaturalist,-11.6,no,template_ok,0.7265,Forcipiger_wanai_FishBaseUser_1599387577_172.69.33.67.jpg,no
Hemitaurichthys_multispinosus_FishBase_Hemul_u0.jpg,Hemitaurichthys multispinosus,fishbase,4.7,no,trusted_source,0.4309,Hemitaurichthys_multispinosus_Bishop_1514469863.jpg,no
Hemitaurichthys_multispinosus_Bishop_1514469863.jpg,Hemitaurichthys multispinosus,bishop,4.6,no,trusted_source,1.0,Hemitaurichthys_multispinosus_Bishop_1514469863.jpg,no
Hemitaurichthys_polylepis_FishPix_19342AF.jpg,Hemitaurichthys polylepis,fishpix,19.8,no,trusted_source,0.047,Hemitaurichthys_polylepis_Bishop_224753564.jpg,no
Hemitaurichthys_polylepis_Bishop_224753564.jpg,Hemitaurichthys polylepis,bishop,0.0,no,trusted_source,1.0,Hemitaurichthys_polylepis_Bishop_224753564.jpg,no
Hemitaurichthys_polylepis_FishBase_Hepol_u0.jpg,Hemitaurichthys polylepis,fishbase,17.5,no,trusted_source,0.0466,Hemitaurichthys_polylepis_Bishop_224753564.jpg,no
Hemitaurichthys_polylepis_FishBase_Hepol_u1.jpg,Hemitaurichthys polylepis,fishbase,0.0,no,trusted_source,0.0725,Hemitaurichthys_polylepis_Bishop_224753564.jpg,no
Hemitaurichthys_polylepis_FishBase_Hepol_u2.jpg,Hemitaurichthys polylepis,fishbase,0.0,no,trusted_source,0.0919,Hemitaurichthys_polylepis_Bishop_224753564.jpg,no
Hemitaurichthys_polylepis_FishBase_Hepol_u6.jpg,Hemitaurichthys polylepis,fishbase,0.0,no,trusted_source,0.0006,Hemitaurichthys_polylepis_Bishop_224753564.jpg,no
Hemitaurichthys_polylepis_FishBase_Hepol_u7.jpg,Hemitaurichthys polylepis,fishbase,0.0,no,trusted_source,0.0756,Hemitaurichthys_polylepis_Bishop_224753564.jpg,no
Hemitaurichthys_polylepis_FishBase_Hepol_uc.jpg,Hemitaurichthys polylepis,fishbase,-7.5,no,trusted_source,0.0092,Hemitaurichthys_polylepis_Bishop_224753564.jpg,no
Hemitaurichthys_polylepis_FishBase_Hepol_ud.jpg,Hemitaurichthys polylepis,fishbase,-12.3,no,trusted_source,0.0145,Hemitaurichthys_polylepis_Bishop_224753564.jpg,no
Hemitaurichthys_polylepis_FishBase_Hepol_ue.jpg,Hemitaurichthys polylepis,fishbase,0.0,no,trusted_source,0.0284,Hemitaurichthys_polylepis_Bishop_224753564.jpg,no
Hemitaurichthys_polylepis_FishBaseUser_1469523293_162.158.167.12.jpg,Hemitaurichthys polylepis,fishbase,-5.0,no,trusted_source,0.0285,Hemitaurichthys_polylepis_Bishop_224753564.jpg,no
Hemitaurichthys_polylepis_FishBaseUser_1473565135_162.158.165.25.jpg,Hemitaurichthys polylepis,fishbase,0.0,no,trusted_source,0.0106,Hemitaurichthys_polylepis_Bishop_224753564.jpg,no
Hemitaurichthys_polylepis_FishBaseUser_1703951456_108.162.210.110.jpg,Hemitaurichthys polylepis,fishbase,0.0,no,trusted_source,0.0402,Hemitaurichthys_polylepis_Bishop_224753564.jpg,no
Hemitaurichthys_polylepis_FishBaseUser_1704996733_108.162.212.117.jpg,Hemitaurichthys polylepis,fishbase,0.0,no,trusted_source,0.0223,Hemitaurichthys_polylepis_Bishop_224753564.jpg,no
Hemitaurichthys_polylepis_FishBaseUser_1748163909_95.95.129.49.jpg,Hemitaurichthys polylepis,fishbase,0.0,no,trusted_source,0.0317,Hemitaurichthys_polylepis_Bishop_224753564.jpg,no
Hemitaurichthys_polylepis_FishBaseUser_1748163965_95.95.129.49.jpg,Hemitaurichthys polylepis,fishbase,0.0,no,trusted_source,0.0681,Hemitaurichthys_polylepis_Bishop_224753564.jpg,no
Hemitaurichthys_polylepis_iNaturalist_179467594.jpg,Hemitaurichthys polylepis,inaturalist,0.0,no,template_ok,0.0126,Hemitaurichthys_polylepis_Bishop_224753564.jpg,no
Hemitaurichthys_polylepis_iNaturalist_237757988.jpg,Hemitaurichthys polylepis,inaturalist,0.0,no,template_ok,0.0541,Hemitaurichthys_polylepis_Bishop_224753564.jpg,no
Hemitaurichthys_polylepis_iNaturalist_409603661.jpg,Hemitaurichthys polylepis,inaturalist,0.0,no,template_ok,0.0113,Hemitaurichthys_polylepis_Bishop_224753564.jpg,no
Hemitaurichthys_polylepis_iNaturalist_409603672.jpg,Hemitaurichthys polylepis,inaturalist,0.0,no,template_ok,0.0145,Hemitaurichthys_polylepis_Bishop_224753564.jpg,no
Hemitaurichthys_polylepis_iNaturalist_409603684.jpg,Hemitaurichthys polylepis,inaturalist,0.0,no,template_uncertain,0.0717,Hemitaurichthys_polylepis_Bishop_224753564.jpg,yes
Hemitaurichthys_polylepis_iNaturalist_477147605.jpg,Hemitaurichthys polylepis,inaturalist,5.5,no,template_ok,0.0374,Hemitaurichthys_polylepis_Bishop_224753564.jpg,no
Hemitaurichthys_polylepis_iNaturalist_505103184.jpg,Hemitaurichthys polylepis,inaturalist,0.0,no,template_ok,0.0032,Hemitaurichthys_polylepis_Bishop_224753564.jpg,no
Hemitaurichthys_polylepis_FishWise_056345F000009W000004.jpg,Hemitaurichthys polylepis,other,6.6,no,template_ok,0.041,Hemitaurichthys_polylepis_Bishop_224753564.jpg,no
Hemitaurichthys_polylepis_FishWise_056345F000009W000005.jpg,Hemitaurichthys polylepis,other,6.9,no,template_ok,0.0726,Hemitaurichthys_polylepis_Bishop_224753564.jpg,no
Hemitaurichthys_polylepis_FishWise_056345F000009W000006.jpg,Hemitaurichthys polylepis,other,8.6,no,template_ok,0.0219,Hemitaurichthys_polylepis_Bishop_224753564.jpg,no
Hemitaurichthys_thompsoni_FishPix_76147AF.jpg,Hemitaurichthys thompsoni,fishpix,7.6,no,trusted_source,0.296,Hemitaurichthys_thompsoni_FishBase_Hetho_u0.jpg,no
Hemitaurichthys_thompsoni_FishBase_Hetho_u0.jpg,Hemitaurichthys thompsoni,fishbase,8.4,no,trusted_source,1.0,Hemitaurichthys_thompsoni_FishBase_Hetho_u0.jpg,no
Hemitaurichthys_thompsoni_iNaturalist_122841071.jpg,Hemitaurichthys thompsoni,inaturalist,-3.0,yes,template_flip,0.3252,Hemitaurichthys_thompsoni_FishBase_Hetho_u0.jpg,no
Hemitaurichthys_thompsoni_iNaturalist_263235771.jpg,Hemitaurichthys thompsoni,inaturalist,-12.8,yes,template_flip,0.3359,Hemitaurichthys_thompsoni_FishBase_Hetho_u0.jpg,no
Hemitaurichthys_thompsoni_iNaturalist_535843126.jpg,Hemitaurichthys thompsoni,inaturalist,11.3,yes,template_flip,0.2743,Hemitaurichthys_thompsoni_FishBase_Hetho_u0.jpg,no
Hemitaurichthys_thompsoni_iNaturalist_601149930.jpg,Hemitaurichthys thompsoni,inaturalist,-16.9,yes,template_flip,0.3034,Hemitaurichthys_thompsoni_FishBase_Hetho_u0.jpg,no
Hemitaurichthys_thompsoni_iNaturalist_601149946.jpg,Hemitaurichthys thompsoni,inaturalist,0.0,no,template_uncertain,0.1291,Hemitaurichthys_thompsoni_FishBase_Hetho_u0.jpg,yes
Hemitaurichthys_thompsoni_iNaturalist_601149963.jpg,Hemitaurichthys thompsoni,inaturalist,-11.4,yes,template_flip,0.4379,Hemitaurichthys_thompsoni_FishBase_Hetho_u0.jpg,no
Hemitaurichthys_thompsoni_iNaturalist_610388709.jpg,Hemitaurichthys thompsoni,inaturalist,-13.3,yes,template_flip,0.3802,Hemitaurichthys_thompsoni_FishBase_Hetho_u0.jpg,no
Hemitaurichthys_zoster_FishPix_12049AF.jpg,Hemitaurichthys zoster,fishpix,0.0,no,trusted_source,0.0654,Hemitaurichthys_zoster_Bishop_1598828141.jpg,no
Hemitaurichthys_zoster_Bishop_1598828141.jpg,Hemitaurichthys zoster,bishop,2.8,no,trusted_source,1.0,Hemitaurichthys_zoster_Bishop_1598828141.jpg,no
Hemitaurichthys_zoster_FishBase_Hezos_u0.jpg,Hemitaurichthys zoster,fishbase,2.9,no,trusted_source,0.1231,Hemitaurichthys_zoster_Bishop_1598828141.jpg,no
Hemitaurichthys_zoster_FishBase_Hezos_u1.jpg,Hemitaurichthys zoster,fishbase,14.7,no,trusted_source,0.0082,Hemitaurichthys_zoster_Bishop_1598828141.jpg,no
Hemitaurichthys_zoster_FishBase_Hezos_u3.jpg,Hemitaurichthys zoster,fishbase,-7.4,no,trusted_source,0.0374,Hemitaurichthys_zoster_Bishop_1598828141.jpg,no
Hemitaurichthys_zoster_FishBase_Hezos_u4.jpg,Hemitaurichthys zoster,fishbase,0.0,no,trusted_source,0.0825,Hemitaurichthys_zoster_Bishop_1598828141.jpg,no
Hemitaurichthys_zoster_FishBaseUser_1344202968_62.178.129.238.jpg,Hemitaurichthys zoster,fishbase,3.1,no,trusted_source,0.0185,Hemitaurichthys_zoster_Bishop_1598828141.jpg,no
Hemitaurichthys_zoster_FishBaseUser_1361357028_86.28.236.182.jpg,Hemitaurichthys zoster,fishbase,5.7,no,trusted_source,0.0068,Hemitaurichthys_zoster_Bishop_1598828141.jpg,no
Hemitaurichthys_zoster_FishBaseUser_1473647686_162.158.165.25.jpg,Hemitaurichthys zoster,fishbase,-19.9,no,trusted_source,0.2154,Hemitaurichthys_zoster_Bishop_1598828141.jpg,no
Hemitaurichthys_zoster_FishBaseUser_1473647790_162.158.165.25.jpg,Hemitaurichthys zoster,fishbase,15.2,no,trusted_source,0.0257,Hemitaurichthys_zoster_Bishop_1598828141.jpg,no
Hemitaurichthys_zoster_FishBaseUser_1519055724_188.114.102.246.jpg,Hemitaurichthys zoster,fishbase,0.0,no,trusted_source,0.0076,Hemitaurichthys_zoster_Bishop_1598828141.jpg,no
Hemitaurichthys_zoster_FishBaseUser_1724990224_172.71.81.80.jpg,Hemitaurichthys zoster,fishbase,5.6,no,trusted_source,0.0349,Hemitaurichthys_zoster_Bishop_1598828141.jpg,no
Hemitaurichthys_zoster_FishBaseUser_1748164121_95.95.129.49.jpg,Hemitaurichthys zoster,fishbase,-9.3,no,trusted_source,0.0394,Hemitaurichthys_zoster_Bishop_1598828141.jpg,no
Hemitaurichthys_zoster_iNaturalist_15934136.jpg,Hemitaurichthys zoster,inaturalist,11.7,no,template_ok,0.0223,Hemitaurichthys_zoster_Bishop_1598828141.jpg,no
Hemitaurichthys_zoster_iNaturalist_485085859.jpg,Hemitaurichthys zoster,inaturalist,0.0,no,template_uncertain,0.0762,Hemitaurichthys_zoster_Bishop_1598828141.jpg,yes
Hemitaurichthys_zoster_iNaturalist_567879903.jpg,Hemitaurichthys zoster,inaturalist,-7.6,no,template_ok,0.0108,Hemitaurichthys_zoster_Bishop_1598828141.jpg,no
Hemitaurichthys_zoster_iNaturalist_602452085.jpg,Hemitaurichthys zoster,inaturalist,0.0,no,template_ok,0.0125,Hemitaurichthys_zoster_Bishop_1598828141.jpg,no
Hemitaurichthys_zoster_iNaturalist_602702693.jpg,Hemitaurichthys zoster,inaturalist,12.7,no,template_ok,0.1642,Hemitaurichthys_zoster_Bishop_1598828141.jpg,no
Hemitaurichthys_zoster_iNaturalist_77719643.jpg,Hemitaurichthys zoster,inaturalist,0.0,no,template_ok,0.0336,Hemitaurichthys_zoster_Bishop_1598828141.jpg,no
Hemitaurichthys_zoster_FishWise_075707F000009W000003.jpg,Hemitaurichthys zoster,other,3.2,no,template_ok,0.0805,Hemitaurichthys_zoster_Bishop_1598828141.jpg,no
Hemitaurichthys_zoster_FishWise_075707F000009W000007.jpg,Hemitaurichthys zoster,other,2.7,no,template_ok,0.0263,Hemitaurichthys_zoster_Bishop_1598828141.jpg,no
Hemitaurichthys_zoster_FishWise_075707F000009W000008.jpg,Hemitaurichthys zoster,other,-3.7,no,template_ok,0.0122,Hemitaurichthys_zoster_Bishop_1598828141.jpg,no
Hemitaurichthys_zoster_FishWise_075707F000009W000009.jpg,Hemitaurichthys zoster,other,0.0,no,template_ok,0.0713,Hemitaurichthys_zoster_Bishop_1598828141.jpg,no
Hemitaurichthys_zoster_FishWise_075707F000009W000010.jpg,Hemitaurichthys zoster,other,0.0,no,template_ok,0.0166,Hemitaurichthys_zoster_Bishop_1598828141.jpg,no
Hemitaurichthys_zoster_FishWise_075707F000009W000011.jpg,Hemitaurichthys zoster,other,4.6,no,template_ok,0.0653,Hemitaurichthys_zoster_Bishop_1598828141.jpg,no
Hemitaurichthys_zoster_FishWise_075707F000064W000001.gif,Hemitaurichthys zoster,other,2.7,no,template_ok,0.1023,Hemitaurichthys_zoster_Bishop_1598828141.jpg,no
Hemitaurichthys_zoster_FishWise_075707F000112W000006.jpg,Hemitaurichthys zoster,other,0.0,no,template_ok,0.0634,Hemitaurichthys_zoster_Bishop_1598828141.jpg,no
Hemitaurichthys_zoster_FishWise_075707F000167W000005.jpg,Hemitaurichthys zoster,other,-2.8,no,template_uncertain,0.0972,Hemitaurichthys_zoster_Bishop_1598828141.jpg,yes
Heniochus_acuminatus_FishPix_54009AF.jpg,Heniochus acuminatus,fishpix,2.7,no,trusted_source,0.0957,Heniochus_acuminatus_Bishop_1817843498.jpg,no
Heniochus_acuminatus_Bishop_1817843498.jpg,Heniochus acuminatus,bishop,3.8,no,trusted_source,1.0,Heniochus_acuminatus_Bishop_1817843498.jpg,no
Heniochus_acuminatus_Bishop_1965411939.jpg,Heniochus acuminatus,bishop,0.0,no,trusted_source,0.0345,Heniochus_acuminatus_Bishop_1817843498.jpg,no
Heniochus_acuminatus_Bishop_2027043176.jpg,Heniochus acuminatus,bishop,0.0,no,trusted_source,0.0802,Heniochus_acuminatus_Bishop_1817843498.jpg,no
Heniochus_acuminatus_FishBase_Heacu_j0.jpg,Heniochus acuminatus,fishbase,0.0,no,trusted_source,0.0556,Heniochus_acuminatus_Bishop_1817843498.jpg,no
Heniochus_acuminatus_FishBase_Heacu_j1.jpg,Heniochus acuminatus,fishbase,0.0,no,trusted_source,0.1006,Heniochus_acuminatus_Bishop_1817843498.jpg,no
Heniochus_acuminatus_FishBase_Heacu_u1.jpg,Heniochus acuminatus,fishbase,0.0,no,trusted_source,0.0308,Heniochus_acuminatus_Bishop_1817843498.jpg,no
Heniochus_acuminatus_FishBase_Heacu_u2.jpg,Heniochus acuminatus,fishbase,0.0,no,trusted_source,0.0756,Heniochus_acuminatus_Bishop_1817843498.jpg,no
Heniochus_acuminatus_FishBase_Heacu_u3.jpg,Heniochus acuminatus,fishbase,13.4,no,trusted_source,0.0322,Heniochus_acuminatus_Bishop_1817843498.jpg,no
Heniochus_acuminatus_FishBase_Heacu_u4.jpg,Heniochus acuminatus,fishbase,3.9,no,trusted_source,0.093,Heniochus_acuminatus_Bishop_1817843498.jpg,no
Heniochus_acuminatus_FishBase_Heacu_u6.jpg,Heniochus acuminatus,fishbase,-8.2,no,trusted_source,0.1149,Heniochus_acuminatus_Bishop_1817843498.jpg,no
Heniochus_acuminatus_FishBase_Heacu_ug.jpg,Heniochus acuminatus,fishbase,0.0,no,trusted_source,0.038,Heniochus_acuminatus_Bishop_1817843498.jpg,no
Heniochus_acuminatus_FishBase_Heacu_ui.jpg,Heniochus acuminatus,fishbase,3.9,no,trusted_source,0.0274,Heniochus_acuminatus_Bishop_1817843498.jpg,no
Heniochus_acuminatus_FishBase_Heacu_uj.jpg,Heniochus acuminatus,fishbase,3.8,no,trusted_source,0.1144,Heniochus_acuminatus_Bishop_1817843498.jpg,no
Heniochus_acuminatus_FishBase_Heacu_uk.jpg,Heniochus acuminatus,fishbase,2.7,no,trusted_source,0.1344,Heniochus_acuminatus_Bishop_1817843498.jpg,no
Heniochus_acuminatus_FishBase_Hedip_u3.jpg,Heniochus acuminatus,fishbase,7.5,no,trusted_source,0.0581,Heniochus_acuminatus_Bishop_1817843498.jpg,no
Heniochus_acuminatus_FishBaseUser_1345288087_117.240.235.66.jpg,Heniochus acuminatus,fishbase,-14.1,no,trusted_source,0.003,Heniochus_acuminatus_Bishop_1817843498.jpg,no
Heniochus_acuminatus_FishBaseUser_1357797911_125.17.229.2.jpg,Heniochus acuminatus,fishbase,-7.0,no,trusted_source,0.0197,Heniochus_acuminatus_Bishop_1817843498.jpg,no
Heniochus_acuminatus_FishBaseUser_1361880251_82.20.1.24.jpg,Heniochus acuminatus,fishbase,2.8,no,trusted_source,0.0713,Heniochus_acuminatus_Bishop_1817843498.jpg,no
Heniochus_acuminatus_FishBaseUser_1366041827_182.178.32.137.jpg,Heniochus acuminatus,fishbase,14.1,no,trusted_source,0.0697,Heniochus_acuminatus_Bishop_1817843498.jpg,no
Heniochus_acuminatus_FishBaseUser_1378774478_69.127.149.175.jpg,Heniochus acuminatus,fishbase,0.0,no,trusted_source,0.0383,Heniochus_acuminatus_Bishop_1817843498.jpg,no
Heniochus_acuminatus_FishBaseUser_1378774560_69.127.149.175.jpg,Heniochus acuminatus,fishbase,0.0,no,trusted_source,0.0016,Heniochus_acuminatus_Bishop_1817843498.jpg,no
Heniochus_acuminatus_FishBaseUser_1397911556_5.201.158.99.jpg,Heniochus acuminatus,fishbase,3.0,no,trusted_source,0.0334,Heniochus_acuminatus_Bishop_1817843498.jpg,no
Heniochus_acuminatus_FishBaseUser_1424498408_94.198.16.174.jpg,Heniochus acuminatus,fishbase,3.0,no,trusted_source,0.1131,Heniochus_acuminatus_Bishop_1817843498.jpg,no
Heniochus_acuminatus_FishBaseUser_1435171275_39.33.202.206.jpg,Heniochus acuminatus,fishbase,0.0,no,trusted_source,0.0136,Heniochus_acuminatus_Bishop_1817843498.jpg,no
Heniochus_acuminatus_FishBaseUser_1435171341_39.33.202.206.jpg,Heniochus acuminatus,fishbase,0.0,no,trusted_source,0.0274,Heniochus_acuminatus_Bishop_1817843498.jpg,no
Heniochus_acuminatus_FishBaseUser_1441343189_117.206.95.248.jpg,Heniochus acuminatus,fishbase,-9.9,no,trusted_source,0.0586,Heniochus_acuminatus_Bishop_1817843498.jpg,no
Heniochus_acuminatus_FishBaseUser_1476521901_162.158.31.220.jpg,Heniochus acuminatus,fishbase,0.0,no,trusted_source,0.0274,Heniochus_acuminatus_Bishop_1817843498.jpg,no
Heniochus_acuminatus_FishBaseUser_1481975447_188.114.102.52.jpg,Heniochus acuminatus,fishbase,0.0,no,trusted_source,0.0867,Heniochus_acuminatus_Bishop_1817843498.jpg,no
Heniochus_acuminatus_FishBaseUser_1519786756_188.114.110.132.jpg,Heniochus acuminatus,fishbase,6.0,no,trusted_source,0.0565,Heniochus_acuminatus_Bishop_1817843498.jpg,no
Heniochus_acuminatus_FishBaseUser_1535211996_172.68.146.22.jpg,Heniochus acuminatus,fishbase,0.0,no,trusted_source,0.0575,Heniochus_acuminatus_Bishop_1817843498.jpg,no
Heniochus_acuminatus_FishBaseUser_1541666291_162.158.155.226.jpg,Heniochus acuminatus,fishbase,0.0,no,trusted_source,0.0477,Heniochus_acuminatus_Bishop_1817843498.jpg,no
Heniochus_acuminatus_FishBaseUser_1569828542_172.68.141.60.jpg,Heniochus acuminatus,fishbase,5.6,no,trusted_source,0.0059,Heniochus_acuminatus_Bishop_1817843498.jpg,no
Heniochus_acuminatus_FishBaseUser_1569828565_172.68.189.231.jpg,Heniochus acuminatus,fishbase,0.0,no,trusted_source,0.0342,Heniochus_acuminatus_Bishop_1817843498.jpg,no
Heniochus_acuminatus_FishBaseUser_1569828595_172.68.132.67.jpg,Heniochus acuminatus,fishbase,14.2,no,trusted_source,0.0908,Heniochus_acuminatus_Bishop_1817843498.jpg,no
Heniochus_acuminatus_FishBaseUser_1569828756_162.158.255.18.jpg,Heniochus acuminatus,fishbase,0.0,no,trusted_source,0.0519,Heniochus_acuminatus_Bishop_1817843498.jpg,no
Heniochus_acuminatus_FishBaseUser_1577525378_172.68.102.128.jpg,Heniochus acuminatus,fishbase,12.7,no,trusted_source,0.0408,Heniochus_acuminatus_Bishop_1817843498.jpg,no
Heniochus_acuminatus_FishBaseUser_1577525860_172.68.102.128.jpg,Heniochus acuminatus,fishbase,0.0,no,trusted_source,0.0422,Heniochus_acuminatus_Bishop_1817843498.jpg,no
Heniochus_acuminatus_FishBaseUser_1637581424_162.158.166.242.jpg,Heniochus acuminatus,fishbase,0.0,no,trusted_source,0.0618,Heniochus_acuminatus_Bishop_1817843498.jpg,no
Heniochus_acuminatus_FishBaseUser_1648891926_172.70.188.45.jpg,Heniochus acuminatus,fishbase,-3.3,no,trusted_source,0.0174,Heniochus_acuminatus_Bishop_1817843498.jpg,no
Heniochus_acuminatus_FishBaseUser_1656495866_172.70.143.34.jpg,Heniochus acuminatus,fishbase,0.0,no,trusted_source,0.1815,Heniochus_acuminatus_Bishop_1817843498.jpg,no
Heniochus_acuminatus_FishBaseUser_1672901713_172.71.214.132.jpg,Heniochus acuminatus,fishbase,0.0,no,trusted_source,0.1678,Heniochus_acuminatus_Bishop_1817843498.jpg,no
Heniochus_acuminatus_FishBaseUser_1672901758_162.158.178.62.jpg,Heniochus acuminatus,fishbase,8.5,no,trusted_source,0.0181,Heniochus_acuminatus_Bishop_1817843498.jpg,no
Heniochus_acuminatus_FishBaseUser_1672901777_162.158.178.63.jpg,Heniochus acuminatus,fishbase,0.0,no,trusted_source,0.0202,Heniochus_acuminatus_Bishop_1817843498.jpg,no
Heniochus_acuminatus_FishBaseUser_1706115133_172.70.54.168.jpg,Heniochus acuminatus,fishbase,0.0,no,trusted_source,0.0702,Heniochus_acuminatus_Bishop_1817843498.jpg,no
Heniochus_acuminatus_FishBaseUser_1724989381_172.71.81.145.jpg,Heniochus acuminatus,fishbase,11.4,no,trusted_source,0.0115,Heniochus_acuminatus_Bishop_1817843498.jpg,no
Heniochus_acuminatus_FishBaseUser_1724989443_172.71.82.120.jpg,Heniochus acuminatus,fishbase,7.7,no,trusted_source,0.0208,Heniochus_acuminatus_Bishop_1817843498.jpg,no
Heniochus_acuminatus_FishBaseUser_1739416905_172.70.208.160.jpg,Heniochus acuminatus,fishbase,0.0,no,trusted_source,0.1074,Heniochus_acuminatus_Bishop_1817843498.jpg,no
Heniochus_acuminatus_FishBaseUser_1745462600_125.227.116.37.jpg,Heniochus acuminatus,fishbase,5.2,no,trusted_source,0.0795,Heniochus_acuminatus_Bishop_1817843498.jpg,no
Heniochus_acuminatus_FishBaseUser_1748164378_95.95.129.49.jpg,Heniochus acuminatus,fishbase,-10.8,no,trusted_source,0.1345,Heniochus_acuminatus_Bishop_1817843498.jpg,no
Heniochus_acuminatus_FishBaseUser_1748164433_95.95.129.49.jpg,Heniochus acuminatus,fishbase,-3.4,no,trusted_source,0.0441,Heniochus_acuminatus_Bishop_1817843498.jpg,no
Heniochus_acuminatus_FishBaseUser_1761156316_203.189.184.146.jpg,Heniochus acuminatus,fishbase,-4.3,no,trusted_flagged,0.214,Heniochus_acuminatus_Bishop_1817843498.jpg,yes
Heniochus_acuminatus_iNaturalist_20970094.jpg,Heniochus acuminatus,inaturalist,0.0,no,template_ok,0.0352,Heniochus_acuminatus_Bishop_1817843498.jpg,no
Heniochus_acuminatus_iNaturalist_230063607.jpg,Heniochus acuminatus,inaturalist,16.6,no,template_ok,0.0097,Heniochus_acuminatus_Bishop_1817843498.jpg,no
Heniochus_acuminatus_iNaturalist_251551497.jpg,Heniochus acuminatus,inaturalist,0.0,no,template_ok,0.006,Heniochus_acuminatus_Bishop_1817843498.jpg,no
Heniochus_acuminatus_iNaturalist_386242137.jpg,Heniochus acuminatus,inaturalist,0.0,no,template_ok,0.0302,Heniochus_acuminatus_Bishop_1817843498.jpg,no
Heniochus_acuminatus_iNaturalist_386242143.jpg,Heniochus acuminatus,inaturalist,0.0,no,template_ok,0.029,Heniochus_acuminatus_Bishop_1817843498.jpg,no
Heniochus_acuminatus_iNaturalist_407722773.jpg,Heniochus acuminatus,inaturalist,4.2,no,template_uncertain,0.1173,Heniochus_acuminatus_Bishop_1817843498.jpg,yes
Heniochus_acuminatus_iNaturalist_598752844.jpg,Heniochus acuminatus,inaturalist,-19.4,no,template_ok,0.1165,Heniochus_acuminatus_Bishop_1817843498.jpg,no
Heniochus_acuminatus_iNaturalist_598752856.jpg,Heniochus acuminatus,inaturalist,0.0,no,template_ok,0.0593,Heniochus_acuminatus_Bishop_1817843498.jpg,no
Heniochus_acuminatus_iNaturalist_598753383.jpg,Heniochus acuminatus,inaturalist,0.0,no,template_uncertain,0.0604,Heniochus_acuminatus_Bishop_1817843498.jpg,yes
Heniochus_acuminatus_iNaturalist_598753419.jpg,Heniochus acuminatus,inaturalist,-4.6,no,template_uncertain,0.091,Heniochus_acuminatus_Bishop_1817843498.jpg,yes
Heniochus_acuminatus_FishWise_000442F000007W000009.jpg,Heniochus acuminatus,other,0.0,no,template_ok,0.03,Heniochus_acuminatus_Bishop_1817843498.jpg,no
Heniochus_acuminatus_FishWise_000442F000009W000008.jpg,Heniochus acuminatus,other,12.8,no,template_uncertain,0.1041,Heniochus_acuminatus_Bishop_1817843498.jpg,yes
Heniochus_acuminatus_FishWise_000442F000009W000010.jpg,Heniochus acuminatus,other,16.0,no,template_ok,0.0015,Heniochus_acuminatus_Bishop_1817843498.jpg,no
Heniochus_acuminatus_FishWise_000442F000009W000013.jpg,Heniochus acuminatus,other,11.7,no,template_ok,0.0204,Heniochus_acuminatus_Bishop_1817843498.jpg,no
Heniochus_acuminatus_FishWise_000442F000009W000014.jpg,Heniochus acuminatus,other,10.9,no,template_ok,0.0025,Heniochus_acuminatus_Bishop_1817843498.jpg,no
Heniochus_acuminatus_FishWise_000442F000009W000015.jpg,Heniochus acuminatus,other,0.0,no,template_ok,0.0055,Heniochus_acuminatus_Bishop_1817843498.jpg,no
Heniochus_acuminatus_FishWise_000442F000009W000016.jpg,Heniochus acuminatus,other,12.8,no,template_ok,0.0004,Heniochus_acuminatus_Bishop_1817843498.jpg,no
Heniochus_acuminatus_FishWise_000442F000024W000002.jpg,Heniochus acuminatus,other,0.0,no,template_ok,0.0295,Heniochus_acuminatus_Bishop_1817843498.jpg,no
Heniochus_acuminatus_FishWise_000442F000024W000003.jpg,Heniochus acuminatus,other,13.3,no,template_ok,0.0236,Heniochus_acuminatus_Bishop_1817843498.jpg,no
Heniochus_acuminatus_FishWise_000442F000025W000001.gif,Heniochus acuminatus,other,2.7,no,template_ok,0.1009,Heniochus_acuminatus_Bishop_1817843498.jpg,no
Heniochus_acuminatus_FishWise_000442F000031W000004.jpg,Heniochus acuminatus,other,0.0,no,template_ok,0.0221,Heniochus_acuminatus_Bishop_1817843498.jpg,no
Heniochus_acuminatus_FishWise_000442F000112W000007.jpg,Heniochus acuminatus,other,0.0,no,template_ok,0.0856,Heniochus_acuminatus_Bishop_1817843498.jpg,no
Heniochus_acuminatus_FishWise_000442F000112W000011.jpg,Heniochus acuminatus,other,0.0,no,template_ok,0.0768,Heniochus_acuminatus_Bishop_1817843498.jpg,no
Heniochus_acuminatus_FishWise_000442F000112W000012.jpg,Heniochus acuminatus,other,2.5,no,template_ok,0.1175,Heniochus_acuminatus_Bishop_1817843498.jpg,no
Heniochus_acuminatus_FishWise_000442F004577W000017.jpg,Heniochus acuminatus,other,-17.3,no,template_ok,0.0007,Heniochus_acuminatus_Bishop_1817843498.jpg,no
Heniochus_chrysostomus_FishPix_15259AF.jpg,Heniochus chrysostomus,fishpix,0.0,no,trusted_source,0.1361,Heniochus_chrysostomus_Bishop_1854375753.jpg,no
Heniochus_chrysostomus_Bishop_1854375753.jpg,Heniochus chrysostomus,bishop,0.0,no,trusted_source,1.0,Heniochus_chrysostomus_Bishop_1854375753.jpg,no
Heniochus_chrysostomus_FishBase_Hechr_j0.jpg,Heniochus chrysostomus,fishbase,0.0,no,trusted_source,0.0518,Heniochus_chrysostomus_Bishop_1854375753.jpg,no
Heniochus_chrysostomus_FishBase_Hechr_j1.jpg,Heniochus chrysostomus,fishbase,0.0,no,trusted_source,0.0036,Heniochus_chrysostomus_Bishop_1854375753.jpg,no
Heniochus_chrysostomus_FishBase_Hechr_u0.jpg,Heniochus chrysostomus,fishbase,0.0,no,trusted_source,0.1577,Heniochus_chrysostomus_Bishop_1854375753.jpg,no
Heniochus_chrysostomus_FishBase_Hechr_u1.jpg,Heniochus chrysostomus,fishbase,-3.4,no,trusted_source,0.0909,Heniochus_chrysostomus_Bishop_1854375753.jpg,no
Heniochus_chrysostomus_FishBase_Hechr_u2.jpg,Heniochus chrysostomus,fishbase,-19.9,no,trusted_source,0.1603,Heniochus_chrysostomus_Bishop_1854375753.jpg,no
Heniochus_chrysostomus_FishBase_Hechr_u3.jpg,Heniochus chrysostomus,fishbase,0.0,no,trusted_source,0.0184,Heniochus_chrysostomus_Bishop_1854375753.jpg,no
Heniochus_chrysostomus_FishBase_Hechr_u6.jpg,Heniochus chrysostomus,fishbase,-16.5,no,trusted_source,0.1411,Heniochus_chrysostomus_Bishop_1854375753.jpg,no
Heniochus_chrysostomus_FishBase_Hechr_u7.jpg,Heniochus chrysostomus,fishbase,0.0,no,trusted_source,0.0085,Heniochus_chrysostomus_Bishop_1854375753.jpg,no
Heniochus_chrysostomus_FishBaseUser_1341436591_24.185.16.14.jpg,Heniochus chrysostomus,fishbase,15.5,no,trusted_source,0.0682,Heniochus_chrysostomus_Bishop_1854375753.jpg,no
Heniochus_chrysostomus_FishBaseUser_1343294592_82.243.202.40.jpg,Heniochus chrysostomus,fishbase,0.0,no,trusted_source,0.019,Heniochus_chrysostomus_Bishop_1854375753.jpg,no
Heniochus_chrysostomus_FishBaseUser_1343294769_82.243.202.40.jpg,Heniochus chrysostomus,fishbase,-4.2,no,trusted_source,0.0764,Heniochus_chrysostomus_Bishop_1854375753.jpg,no
Heniochus_chrysostomus_FishBaseUser_1374870794_83.89.41.145.jpg,Heniochus chrysostomus,fishbase,0.0,no,trusted_source,0.1453,Heniochus_chrysostomus_Bishop_1854375753.jpg,no
Heniochus_chrysostomus_FishBaseUser_1389913211_38.99.243.46.jpg,Heniochus chrysostomus,fishbase,17.2,no,trusted_source,0.0775,Heniochus_chrysostomus_Bishop_1854375753.jpg,no
Heniochus_chrysostomus_FishBaseUser_1469523393_162.158.167.12.jpg,Heniochus chrysostomus,fishbase,15.7,no,trusted_source,0.021,Heniochus_chrysostomus_Bishop_1854375753.jpg,no
Heniochus_chrysostomus_FishBaseUser_1577525997_172.68.102.30.jpg,Heniochus chrysostomus,fishbase,0.0,no,trusted_source,0.0484,Heniochus_chrysostomus_Bishop_1854375753.jpg,no
Heniochus_chrysostomus_FishBaseUser_1704667341_172.70.54.42.jpg,Heniochus chrysostomus,fishbase,14.2,no,trusted_source,0.2757,Heniochus_chrysostomus_Bishop_1854375753.jpg,no
Heniochus_chrysostomus_FishBaseUser_1704988942_172.70.82.177.jpg,Heniochus chrysostomus,fishbase,-17.8,no,trusted_source,0.1275,Heniochus_chrysostomus_Bishop_1854375753.jpg,no
Heniochus_chrysostomus_FishBaseUser_1706913708_172.70.55.71.jpg,Heniochus chrysostomus,fishbase,-13.0,no,trusted_source,0.3222,Heniochus_chrysostomus_Bishop_1854375753.jpg,no
Heniochus_chrysostomus_FishBaseUser_1748164718_95.95.129.49.jpg,Heniochus chrysostomus,fishbase,-13.8,no,trusted_source,0.1115,Heniochus_chrysostomus_Bishop_1854375753.jpg,no
Heniochus_chrysostomus_FishBaseUser_1748164773_95.95.129.49.jpg,Heniochus chrysostomus,fishbase,4.9,no,trusted_source,0.0277,Heniochus_chrysostomus_Bishop_1854375753.jpg,no
Heniochus_chrysostomus_iNaturalist_170510325.jpg,Heniochus chrysostomus,inaturalist,0.0,no,template_ok,0.0192,Heniochus_chrysostomus_Bishop_1854375753.jpg,no
Heniochus_chrysostomus_iNaturalist_206734406.jpg,Heniochus chrysostomus,inaturalist,0.0,no,template_ok,0.0261,Heniochus_chrysostomus_Bishop_1854375753.jpg,no
Heniochus_chrysostomus_iNaturalist_237286772.jpg,Heniochus chrysostomus,inaturalist,-7.3,no,template_ok,0.0369,Heniochus_chrysostomus_Bishop_1854375753.jpg,no
Heniochus_chrysostomus_iNaturalist_237286787.jpg,Heniochus chrysostomus,inaturalist,0.0,no,template_ok,0.0203,Heniochus_chrysostomus_Bishop_1854375753.jpg,no
Heniochus_chrysostomus_iNaturalist_237980308.jpg,Heniochus chrysostomus,inaturalist,0.0,no,template_ok,0.0821,Heniochus_chrysostomus_Bishop_1854375753.jpg,no
Heniochus_chrysostomus_iNaturalist_251695494.jpg,Heniochus chrysostomus,inaturalist,-5.0,yes,template_flip,0.1513,Heniochus_chrysostomus_Bishop_1854375753.jpg,no
Heniochus_chrysostomus_iNaturalist_472989237.jpg,Heniochus chrysostomus,inaturalist,14.7,yes,template_flip,0.2144,Heniochus_chrysostomus_Bishop_1854375753.jpg,no
Heniochus_chrysostomus_iNaturalist_9703424.jpg,Heniochus chrysostomus,inaturalist,0.0,yes,template_flip,0.1673,Heniochus_chrysostomus_Bishop_1854375753.jpg,no
Heniochus_chrysostomus_iNaturalist_9703440.jpg,Heniochus chrysostomus,inaturalist,0.0,no,template_uncertain,0.0962,Heniochus_chrysostomus_Bishop_1854375753.jpg,yes
Heniochus_chrysostomus_FishWise_014849F000004W000011.jpg,Heniochus chrysostomus,other,0.0,no,template_ok,0.1509,Heniochus_chrysostomus_Bishop_1854375753.jpg,no
Heniochus_chrysostomus_FishWise_014849F000009W000009.jpg,Heniochus chrysostomus,other,6.5,no,template_ok,0.0053,Heniochus_chrysostomus_Bishop_1854375753.jpg,no
Heniochus_chrysostomus_FishWise_014849F000024W000001.jpg,Heniochus chrysostomus,other,3.6,no,template_ok,0.1711,Heniochus_chrysostomus_Bishop_1854375753.jpg,no
Heniochus_chrysostomus_FishWise_014849F000024W000002.jpg,Heniochus chrysostomus,other,-3.4,no,template_ok,0.0909,Heniochus_chrysostomus_Bishop_1854375753.jpg,no
Heniochus_chrysostomus_FishWise_014849F000031W000004.jpg,Heniochus chrysostomus,other,0.0,no,template_ok,0.0186,Heniochus_chrysostomus_Bishop_1854375753.jpg,no
Heniochus_chrysostomus_FishWise_014849F000090W000003.jpg,Heniochus chrysostomus,other,0.0,yes,template_flip,0.1596,Heniochus_chrysostomus_Bishop_1854375753.jpg,no
Heniochus_chrysostomus_FishWise_014849F000112W000005.jpg,Heniochus chrysostomus,other,0.0,no,template_ok,0.07,Heniochus_chrysostomus_Bishop_1854375753.jpg,no
Heniochus_chrysostomus_FishWise_014849F000112W000006.jpg,Heniochus chrysostomus,other,0.0,no,template_ok,0.0695,Heniochus_chrysostomus_Bishop_1854375753.jpg,no
Heniochus_chrysostomus_FishWise_014849F000112W000010.jpg,Heniochus chrysostomus,other,0.0,no,template_ok,0.043,Heniochus_chrysostomus_Bishop_1854375753.jpg,no
Heniochus_chrysostomus_FishWise_014849F000387W000007.jpg,Heniochus chrysostomus,other,0.0,no,template_ok,0.1142,Heniochus_chrysostomus_Bishop_1854375753.jpg,no
Heniochus_chrysostomus_FishWise_014849F000387W000008.jpg,Heniochus chrysostomus,other,0.0,no,template_ok,0.0671,Heniochus_chrysostomus_Bishop_1854375753.jpg,no
Heniochus_diphreutes_FishPix_11583AF.jpg,Heniochus diphreutes,fishpix,-15.6,no,trusted_source,0.1457,Heniochus_diphreutes_Bishop_1453219286.jpg,no
Heniochus_diphreutes_FishPix_21252AF.jpg,Heniochus diphreutes,fishpix,0.0,no,trusted_source,0.1877,Heniochus_diphreutes_Bishop_1453219286.jpg,no
Heniochus_diphreutes_Bishop_1453219286.jpg,Heniochus diphreutes,bishop,0.0,no,trusted_source,1.0,Heniochus_diphreutes_Bishop_1453219286.jpg,no
Heniochus_diphreutes_FishBase_Hedip_u0.jpg,Heniochus diphreutes,fishbase,11.2,no,trusted_source,0.0605,Heniochus_diphreutes_Bishop_1453219286.jpg,no
Heniochus_diphreutes_FishBase_Hedip_u1.jpg,Heniochus diphreutes,fishbase,2.3,no,trusted_source,0.3324,Heniochus_diphreutes_Bishop_1453219286.jpg,no
Heniochus_diphreutes_FishBase_Hedip_u2.jpg,Heniochus diphreutes,fishbase,0.0,no,trusted_source,0.1591,Heniochus_diphreutes_Bishop_1453219286.jpg,no
Heniochus_diphreutes_FishBase_Hedip_u4.jpg,Heniochus diphreutes,fishbase,0.0,no,trusted_source,0.1034,Heniochus_diphreutes_Bishop_1453219286.jpg,no
Heniochus_diphreutes_FishBase_Hedip_u5.jpg,Heniochus diphreutes,fishbase,0.0,no,trusted_source,0.1955,Heniochus_diphreutes_Bishop_1453219286.jpg,no
Heniochus_diphreutes_FishBaseUser_1343294955_82.243.202.40.jpg,Heniochus diphreutes,fishbase,-2.4,no,trusted_flagged,0.208,Heniochus_diphreutes_Bishop_1453219286.jpg,yes
Heniochus_diphreutes_FishBaseUser_1392098509_71.202.224.33.jpg,Heniochus diphreutes,fishbase,15.9,no,trusted_source,0.1137,Heniochus_diphreutes_Bishop_1453219286.jpg,no
Heniochus_diphreutes_FishBaseUser_1671308371_108.162.238.16.jpg,Heniochus diphreutes,fishbase,0.0,no,trusted_source,0.1188,Heniochus_diphreutes_Bishop_1453219286.jpg,no
Heniochus_diphreutes_FishBaseUser_1671308431_108.162.238.16.jpg,Heniochus diphreutes,fishbase,0.0,no,trusted_flagged,0.2185,Heniochus_diphreutes_Bishop_1453219286.jpg,yes
Heniochus_diphreutes_FishBaseUser_1703958233_108.162.210.114.jpg,Heniochus diphreutes,fishbase,0.0,no,trusted_source,0.177,Heniochus_diphreutes_Bishop_1453219286.jpg,no
Heniochus_diphreutes_FishBaseUser_1748176781_95.95.129.49.jpg,Heniochus diphreutes,fishbase,-15.5,no,trusted_source,0.0661,Heniochus_diphreutes_Bishop_1453219286.jpg,no
Heniochus_diphreutes_iNaturalist_178100777.jpg,Heniochus diphreutes,inaturalist,0.0,no,template_uncertain,0.0956,Heniochus_diphreutes_Bishop_1453219286.jpg,yes
Heniochus_diphreutes_iNaturalist_178879467.jpg,Heniochus diphreutes,inaturalist,6.2,yes,template_flip,0.2391,Heniochus_diphreutes_Bishop_1453219286.jpg,no
Heniochus_diphreutes_iNaturalist_305134134.jpg,Heniochus diphreutes,inaturalist,8.7,no,template_ok,0.2186,Heniochus_diphreutes_Bishop_1453219286.jpg,no
Heniochus_diphreutes_iNaturalist_361214183.jpg,Heniochus diphreutes,inaturalist,3.2,no,template_uncertain,0.1379,Heniochus_diphreutes_Bishop_1453219286.jpg,yes
Heniochus_diphreutes_iNaturalist_361214220.jpg,Heniochus diphreutes,inaturalist,0.0,no,template_ok,0.0994,Heniochus_diphreutes_Bishop_1453219286.jpg,no
Heniochus_diphreutes_iNaturalist_605814253.jpg,Heniochus diphreutes,inaturalist,0.0,yes,template_flip,0.2025,Heniochus_diphreutes_Bishop_1453219286.jpg,no
Heniochus_diphreutes_iNaturalist_605814272.jpg,Heniochus diphreutes,inaturalist,19.6,no,template_uncertain,0.0681,Heniochus_diphreutes_Bishop_1453219286.jpg,yes
Heniochus_diphreutes_iNaturalist_605814292.jpg,Heniochus diphreutes,inaturalist,16.7,no,template_ok,0.0122,Heniochus_diphreutes_Bishop_1453219286.jpg,no
Heniochus_diphreutes_FishWise_019404F000009W000011.jpg,Heniochus diphreutes,other,6.4,no,template_ok,0.0202,Heniochus_diphreutes_Bishop_1453219286.jpg,no
Heniochus_diphreutes_FishWise_019404F000009W000013.jpg,Heniochus diphreutes,other,18.4,yes,template_flip,0.2172,Heniochus_diphreutes_Bishop_1453219286.jpg,no
Heniochus_diphreutes_FishWise_019404F000024W000002.jpg,Heniochus diphreutes,other,11.2,no,template_ok,0.0597,Heniochus_diphreutes_Bishop_1453219286.jpg,no
Heniochus_diphreutes_FishWise_019404F000024W000004.jpg,Heniochus diphreutes,other,-2.1,no,template_ok,0.117,Heniochus_diphreutes_Bishop_1453219286.jpg,no
Heniochus_diphreutes_FishWise_019404F000064W000001.gif,Heniochus diphreutes,other,0.0,no,template_ok,0.0874,Heniochus_diphreutes_Bishop_1453219286.jpg,no
Heniochus_diphreutes_FishWise_019404F000112W000008.jpg,Heniochus diphreutes,other,0.0,no,template_ok,0.1254,Heniochus_diphreutes_Bishop_1453219286.jpg,no
Heniochus_diphreutes_FishWise_019404F000112W000009.jpg,Heniochus diphreutes,other,0.0,no,template_ok,0.0209,Heniochus_diphreutes_Bishop_1453219286.jpg,no
Heniochus_diphreutes_FishWise_019404F000112W000010.jpg,Heniochus diphreutes,other,-7.5,no,template_ok,0.0002,Heniochus_diphreutes_Bishop_1453219286.jpg,no
Heniochus_diphreutes_FishWise_019404F000423W000012.jpg,Heniochus diphreutes,other,-6.1,no,template_ok,0.1663,Heniochus_diphreutes_Bishop_1453219286.jpg,no
Heniochus_intermedius_FishPix_141059AF.jpg,Heniochus intermedius,fishpix,-17.3,no,trusted_source,0.0929,Heniochus_intermedius_Bishop_-20578450.jpg,no
Heniochus_intermedius_Bishop_-20578450.jpg,Heniochus intermedius,bishop,3.1,no,trusted_source,1.0,Heniochus_intermedius_Bishop_-20578450.jpg,no
Heniochus_intermedius_FishBase_Heint_u0.jpg,Heniochus intermedius,fishbase,8.6,no,trusted_source,0.0969,Heniochus_intermedius_Bishop_-20578450.jpg,no
Heniochus_intermedius_FishBase_Heint_u1.jpg,Heniochus intermedius,fishbase,2.9,no,trusted_source,0.1259,Heniochus_intermedius_Bishop_-20578450.jpg,no
Heniochus_intermedius_FishBase_Heint_u2.jpg,Heniochus intermedius,fishbase,7.5,no,trusted_source,0.0562,Heniochus_intermedius_Bishop_-20578450.jpg,no
Heniochus_intermedius_FishBase_Heint_u3.jpg,Heniochus intermedius,fishbase,5.2,no,trusted_source,0.0667,Heniochus_intermedius_Bishop_-20578450.jpg,no
Heniochus_intermedius_FishBase_Heint_u4.jpg,Heniochus intermedius,fishbase,-9.9,no,trusted_source,0.1624,Heniochus_intermedius_Bishop_-20578450.jpg,no
Heniochus_intermedius_FishBaseUser_1368364116_82.20.1.24.jpg,Heniochus intermedius,fishbase,2.4,no,trusted_source,0.057,Heniochus_intermedius_Bishop_-20578450.jpg,no
Heniochus_intermedius_FishBaseUser_1482256259_188.114.102.48.jpg,Heniochus intermedius,fishbase,0.0,no,trusted_flagged,0.2075,Heniochus_intermedius_Bishop_-20578450.jpg,yes
Heniochus_intermedius_FishBaseUser_1482311413_188.114.102.48.jpg,Heniochus intermedius,fishbase,15.9,no,trusted_source,0.0352,Heniochus_intermedius_Bishop_-20578450.jpg,no
Heniochus_intermedius_FishBaseUser_1585395915_141.101.69.75.jpg,Heniochus intermedius,fishbase,0.0,no,trusted_source,0.0511,Heniochus_intermedius_Bishop_-20578450.jpg,no
Heniochus_intermedius_FishBaseUser_1585413762_141.101.69.167.jpg,Heniochus intermedius,fishbase,0.0,no,trusted_source,0.0513,Heniochus_intermedius_Bishop_-20578450.jpg,no
Heniochus_intermedius_FishBaseUser_1671142920_108.162.237.248.jpg,Heniochus intermedius,fishbase,0.0,no,trusted_source,0.1956,Heniochus_intermedius_Bishop_-20578450.jpg,no
Heniochus_intermedius_FishBaseUser_1671142990_108.162.237.248.jpg,Heniochus intermedius,fishbase,15.3,no,trusted_source,0.0871,Heniochus_intermedius_Bishop_-20578450.jpg,no
Heniochus_intermedius_FishBaseUser_1705789226_172.70.82.83.jpg,Heniochus intermedius,fishbase,0.0,no,trusted_source,0.0722,Heniochus_intermedius_Bishop_-20578450.jpg,no
Heniochus_intermedius_FishBaseUser_1748176968_95.95.129.49.jpg,Heniochus intermedius,fishbase,9.7,no,trusted_source,0.1504,Heniochus_intermedius_Bishop_-20578450.jpg,no
Heniochus_intermedius_iNaturalist_190615451.jpg,Heniochus intermedius,inaturalist,-9.5,yes,template_flip,0.1665,Heniochus_intermedius_Bishop_-20578450.jpg,no
Heniochus_intermedius_iNaturalist_354359713.jpg,Heniochus intermedius,inaturalist,-10.3,no,template_ok,0.0275,Heniochus_intermedius_Bishop_-20578450.jpg,no
Heniochus_intermedius_iNaturalist_418060508.jpg,Heniochus intermedius,inaturalist,7.0,no,template_ok,0.127,Heniochus_intermedius_Bishop_-20578450.jpg,no
Heniochus_intermedius_iNaturalist_466154072.jpg,Heniochus intermedius,inaturalist,8.0,no,template_uncertain,0.0504,Heniochus_intermedius_Bishop_-20578450.jpg,yes
Heniochus_intermedius_iNaturalist_468855261.jpg,Heniochus intermedius,inaturalist,-13.6,no,template_ok,0.1831,Heniochus_intermedius_Bishop_-20578450.jpg,no
Heniochus_intermedius_iNaturalist_487588004.jpg,Heniochus intermedius,inaturalist,0.0,no,template_ok,0.0445,Heniochus_intermedius_Bishop_-20578450.jpg,no
Heniochus_intermedius_iNaturalist_511341361.jpg,Heniochus intermedius,inaturalist,0.0,no,template_ok,0.1087,Heniochus_intermedius_Bishop_-20578450.jpg,no
Heniochus_intermedius_iNaturalist_582191458.jpg,Heniochus intermedius,inaturalist,-19.5,no,template_ok,0.0845,Heniochus_intermedius_Bishop_-20578450.jpg,no
Heniochus_intermedius_iNaturalist_582254294.jpg,Heniochus intermedius,inaturalist,0.0,no,template_ok,0.2079,Heniochus_intermedius_Bishop_-20578450.jpg,no
Heniochus_intermedius_iNaturalist_591524712.jpg,Heniochus intermedius,inaturalist,0.0,no,template_uncertain,0.0906,Heniochus_intermedius_Bishop_-20578450.jpg,yes
Heniochus_intermedius_FishWise_031956F000009W000002.jpg,Heniochus intermedius,other,0.0,no,template_ok,0.019,Heniochus_intermedius_Bishop_-20578450.jpg,no
Heniochus_intermedius_FishWise_031956F000009W000006.jpg,Heniochus intermedius,other,9.5,no,template_uncertain,0.0582,Heniochus_intermedius_Bishop_-20578450.jpg,yes
Heniochus_intermedius_FishWise_031956F000009W000008.jpg,Heniochus intermedius,other,10.7,no,template_ok,0.0801,Heniochus_intermedius_Bishop_-20578450.jpg,no
Heniochus_intermedius_FishWise_031956F000009W000010.jpg,Heniochus intermedius,other,15.1,no,template_ok,0.0273,Heniochus_intermedius_Bishop_-20578450.jpg,no
Heniochus_intermedius_FishWise_031956F000024W000001.jpg,Heniochus intermedius,other,8.6,no,template_ok,0.096,Heniochus_intermedius_Bishop_-20578450.jpg,no
Heniochus_intermedius_FishWise_031956F000175W000003.jpg,Heniochus intermedius,other,7.7,no,template_uncertain,0.0556,Heniochus_intermedius_Bishop_-20578450.jpg,yes
Heniochus_intermedius_FishWise_031956F000451W000011.jpg,Heniochus intermedius,other,10.0,no,template_uncertain,0.1249,Heniochus_intermedius_Bishop_-20578450.jpg,yes
Heniochus_monoceros_FishPix_25451AF.jpg,Heniochus monoceros,fishpix,0.0,no,trusted_source,0.045,Heniochus_monoceros_Bishop_-980348940.jpg,no
Heniochus_monoceros_Bishop_-980348940.jpg,Heniochus monoceros,bishop,4.4,no,trusted_source,1.0,Heniochus_monoceros_Bishop_-980348940.jpg,no
Heniochus_monoceros_Bishop_1205143013.jpg,Heniochus monoceros,bishop,0.0,no,trusted_source,0.0982,Heniochus_monoceros_Bishop_-980348940.jpg,no
Heniochus_monoceros_Bishop_1235534495.jpg,Heniochus monoceros,bishop,0.0,no,trusted_source,0.0913,Heniochus_monoceros_Bishop_-980348940.jpg,no
Heniochus_monoceros_FishBase_Hemon_u0.jpg,Heniochus monoceros,fishbase,13.2,no,trusted_source,0.0268,Heniochus_monoceros_Bishop_-980348940.jpg,no
Heniochus_monoceros_FishBase_Hemon_u1.jpg,Heniochus monoceros,fishbase,0.0,no,trusted_source,0.0205,Heniochus_monoceros_Bishop_-980348940.jpg,no
Heniochus_monoceros_FishBase_Hemon_u2.jpg,Heniochus monoceros,fishbase,0.0,no,trusted_source,0.0918,Heniochus_monoceros_Bishop_-980348940.jpg,no
Heniochus_monoceros_FishBase_Hemon_u3.jpg,Heniochus monoceros,fishbase,4.4,no,trusted_source,0.1422,Heniochus_monoceros_Bishop_-980348940.jpg,no
Heniochus_monoceros_FishBase_Hemon_u4.jpg,Heniochus monoceros,fishbase,0.0,no,trusted_source,0.0974,Heniochus_monoceros_Bishop_-980348940.jpg,no
Heniochus_monoceros_FishBase_Hemon_u5.jpg,Heniochus monoceros,fishbase,12.6,no,trusted_source,0.0081,Heniochus_monoceros_Bishop_-980348940.jpg,no
Heniochus_monoceros_FishBase_Hemon_u6.jpg,Heniochus monoceros,fishbase,-5.5,no,trusted_source,0.1008,Heniochus_monoceros_Bishop_-980348940.jpg,no
Heniochus_monoceros_FishBaseUser_1423218993_86.10.40.87.jpg,Heniochus monoceros,fishbase,0.0,no,trusted_source,0.0182,Heniochus_monoceros_Bishop_-980348940.jpg,no
Heniochus_monoceros_FishBaseUser_1423726876_86.205.193.183.jpg,Heniochus monoceros,fishbase,11.7,no,trusted_source,0.0488,Heniochus_monoceros_Bishop_-980348940.jpg,no
Heniochus_monoceros_FishBaseUser_1473562613_162.158.165.25.jpg,Heniochus monoceros,fishbase,-7.1,no,trusted_source,0.084,Heniochus_monoceros_Bishop_-980348940.jpg,no
Heniochus_monoceros_FishBaseUser_1473562707_162.158.165.25.jpg,Heniochus monoceros,fishbase,13.4,no,trusted_source,0.0656,Heniochus_monoceros_Bishop_-980348940.jpg,no
Heniochus_monoceros_FishBaseUser_1481974167_188.114.102.52.jpg,Heniochus monoceros,fishbase,19.5,no,trusted_source,0.0022,Heniochus_monoceros_Bishop_-980348940.jpg,no
Heniochus_monoceros_iNaturalist_14722046.jpg,Heniochus monoceros,inaturalist,0.0,no,template_ok,0.0474,Heniochus_monoceros_Bishop_-980348940.jpg,no
Heniochus_monoceros_iNaturalist_172139341.jpg,Heniochus monoceros,inaturalist,17.8,no,template_uncertain,0.0831,Heniochus_monoceros_Bishop_-980348940.jpg,yes
Heniochus_monoceros_iNaturalist_172139432.jpg,Heniochus monoceros,inaturalist,-12.1,no,template_ok,0.0763,Heniochus_monoceros_Bishop_-980348940.jpg,no
Heniochus_monoceros_iNaturalist_459471784.jpg,Heniochus monoceros,inaturalist,0.0,no,template_uncertain,0.0506,Heniochus_monoceros_Bishop_-980348940.jpg,yes
Heniochus_monoceros_iNaturalist_592878636.jpg,Heniochus monoceros,inaturalist,3.8,no,template_ok,0.121,Heniochus_monoceros_Bishop_-980348940.jpg,no
Heniochus_monoceros_iNaturalist_84610546.jpg,Heniochus monoceros,inaturalist,0.0,no,template_ok,0.0118,Heniochus_monoceros_Bishop_-980348940.jpg,no
Heniochus_monoceros_FishWise_045840F000004W000008.jpg,Heniochus monoceros,other,0.0,no,template_ok,0.0977,Heniochus_monoceros_Bishop_-980348940.jpg,no
Heniochus_monoceros_FishWise_045840F000009W000005.jpg,Heniochus monoceros,other,17.2,no,template_ok,0.0327,Heniochus_monoceros_Bishop_-980348940.jpg,no
Heniochus_monoceros_FishWise_045840F000009W000013.jpg,Heniochus monoceros,other,6.9,no,template_ok,0.0404,Heniochus_monoceros_Bishop_-980348940.jpg,no
Heniochus_monoceros_FishWise_045840F000009W000015.jpg,Heniochus monoceros,other,7.3,no,template_ok,0.0726,Heniochus_monoceros_Bishop_-980348940.jpg,no
Heniochus_monoceros_FishWise_045840F000009W000021.jpg,Heniochus monoceros,other,13.0,no,template_ok,0.0113,Heniochus_monoceros_Bishop_-980348940.jpg,no
Heniochus_monoceros_FishWise_045840F000009W000022.jpg,Heniochus monoceros,other,6.3,no,template_ok,0.1648,Heniochus_monoceros_Bishop_-980348940.jpg,no
Heniochus_monoceros_FishWise_045840F000024W000002.jpg,Heniochus monoceros,other,13.2,no,template_ok,0.0155,Heniochus_monoceros_Bishop_-980348940.jpg,no
Heniochus_monoceros_FishWise_045840F000024W000004.jpg,Heniochus monoceros,other,0.0,no,template_ok,0.0969,Heniochus_monoceros_Bishop_-980348940.jpg,no
Heniochus_monoceros_FishWise_045840F000039W000003.jpg,Heniochus monoceros,other,0.0,no,template_ok,0.0232,Heniochus_monoceros_Bishop_-980348940.jpg,no
Heniochus_monoceros_FishWise_045840F000064W000001.gif,Heniochus monoceros,other,0.0,no,template_ok,0.0598,Heniochus_monoceros_Bishop_-980348940.jpg,no
Heniochus_monoceros_FishWise_045840F000112W000009.jpg,Heniochus monoceros,other,5.2,no,template_ok,0.2032,Heniochus_monoceros_Bishop_-980348940.jpg,no
Heniochus_monoceros_FishWise_045840F000112W000010.jpg,Heniochus monoceros,other,3.8,no,template_ok,0.0907,Heniochus_monoceros_Bishop_-980348940.jpg,no
Heniochus_monoceros_FishWise_045840F000112W000011.jpg,Heniochus monoceros,other,0.0,no,template_ok,0.144,Heniochus_monoceros_Bishop_-980348940.jpg,no
Heniochus_monoceros_FishWise_045840F004577W000023.jpg,Heniochus monoceros,other,17.2,no,template_ok,0.0041,Heniochus_monoceros_Bishop_-980348940.jpg,no
Heniochus_pleurotaenia_FishBase_Heple_u2.jpg,Heniochus pleurotaenia,fishbase,-11.5,no,trusted_source,0.1011,Heniochus_pleurotaenia_Bishop_-1006778558.jpg,no
Heniochus_pleurotaenia_Bishop_-1006778558.jpg,Heniochus pleurotaenia,bishop,2.1,no,trusted_source,1.0,Heniochus_pleurotaenia_Bishop_-1006778558.jpg,no
Heniochus_pleurotaenia_FishBase_Heple_u0.jpg,Heniochus pleurotaenia,fishbase,2.1,no,trusted_source,0.1451,Heniochus_pleurotaenia_Bishop_-1006778558.jpg,no
Heniochus_pleurotaenia_FishBase_Heple_u1.jpg,Heniochus pleurotaenia,fishbase,-6.3,no,trusted_source,0.149,Heniochus_pleurotaenia_Bishop_-1006778558.jpg,no
Heniochus_pleurotaenia_FishBaseUser_1473644314_162.158.165.25.jpg,Heniochus pleurotaenia,fishbase,12.1,no,trusted_source,0.2631,Heniochus_pleurotaenia_Bishop_-1006778558.jpg,no
Heniochus_pleurotaenia_FishBaseUser_1656494839_162.158.170.185.jpg,Heniochus pleurotaenia,fishbase,0.0,no,trusted_source,0.13,Heniochus_pleurotaenia_Bishop_-1006778558.jpg,no
Heniochus_pleurotaenia_iNaturalist_197005693.jpg,Heniochus pleurotaenia,inaturalist,0.0,no,template_ok,0.0366,Heniochus_pleurotaenia_Bishop_-1006778558.jpg,no
Heniochus_pleurotaenia_iNaturalist_474493863.jpg,Heniochus pleurotaenia,inaturalist,0.0,no,template_ok,0.3175,Heniochus_pleurotaenia_Bishop_-1006778558.jpg,no
Heniochus_pleurotaenia_iNaturalist_474493868.jpg,Heniochus pleurotaenia,inaturalist,0.0,yes,template_flip,0.2664,Heniochus_pleurotaenia_Bishop_-1006778558.jpg,no
Heniochus_pleurotaenia_iNaturalist_474493869.jpg,Heniochus pleurotaenia,inaturalist,17.7,no,template_uncertain,0.0882,Heniochus_pleurotaenia_Bishop_-1006778558.jpg,yes
Heniochus_pleurotaenia_iNaturalist_593339856.jpg,Heniochus pleurotaenia,inaturalist,0.0,no,template_ok,0.0586,Heniochus_pleurotaenia_Bishop_-1006778558.jpg,no
Heniochus_pleurotaenia_iNaturalist_593339892.jpg,Heniochus pleurotaenia,inaturalist,0.0,no,template_ok,0.0627,Heniochus_pleurotaenia_Bishop_-1006778558.jpg,no
Heniochus_pleurotaenia_iNaturalist_599641812.jpg,Heniochus pleurotaenia,inaturalist,0.0,no,template_uncertain,0.0795,Heniochus_pleurotaenia_Bishop_-1006778558.jpg,yes
Heniochus_pleurotaenia_iNaturalist_66920433.jpg,Heniochus pleurotaenia,inaturalist,0.0,no,template_ok,0.3394,Heniochus_pleurotaenia_Bishop_-1006778558.jpg,no
Heniochus_pleurotaenia_iNaturalist_78290.jpg,Heniochus pleurotaenia,inaturalist,2.5,no,template_ok,0.1747,Heniochus_pleurotaenia_Bishop_-1006778558.jpg,no
Heniochus_pleurotaenia_FishWise_055941F000024W000001.jpg,Heniochus pleurotaenia,other,2.0,no,template_ok,0.1426,Heniochus_pleurotaenia_Bishop_-1006778558.jpg,no
Heniochus_pleurotaenia_FishWise_055941F000112W000003.jpg,Heniochus pleurotaenia,other,5.6,no,template_ok,0.0231,Heniochus_pleurotaenia_Bishop_-1006778558.jpg,no
Heniochus_pleurotaenia_FishWise_055941F000387W000004.jpg,Heniochus pleurotaenia,other,0.0,no,template_ok,0.238,Heniochus_pleurotaenia_Bishop_-1006778558.jpg,no
Heniochus_pleurotaenia_FishWise_055941F000387W000005.jpg,Heniochus pleurotaenia,other,2.7,no,template_ok,0.168,Heniochus_pleurotaenia_Bishop_-1006778558.jpg,no
Heniochus_pleurotaenia_FishWise_055941F000387W000006.jpg,Heniochus pleurotaenia,other,19.2,no,template_ok,0.1925,Heniochus_pleurotaenia_Bishop_-1006778558.jpg,no
Heniochus_singularius_FishBase_Hesin_u1.jpg,Heniochus singularius,fishbase,0.0,no,trusted_source,0.2214,Heniochus_singularius_Bishop_2065781403.jpg,no
Heniochus_singularius_Bishop_1959970624.jpg,Heniochus singularius,bishop,0.0,no,trusted_source,0.2219,Heniochus_singularius_Bishop_2065781403.jpg,no
Heniochus_singularius_Bishop_2065781403.jpg,Heniochus singularius,bishop,0.0,no,trusted_source,1.0,Heniochus_singularius_Bishop_2065781403.jpg,no
Heniochus_singularius_FishBase_Hesin_u0.jpg,Heniochus singularius,fishbase,10.0,no,trusted_source,0.0543,Heniochus_singularius_Bishop_2065781403.jpg,no
Heniochus_singularius_FishBase_Hesin_u2.jpg,Heniochus singularius,fishbase,0.0,no,trusted_source,0.0041,Heniochus_singularius_Bishop_2065781403.jpg,no
Heniochus_singularius_FishBase_Hesin_u3.jpg,Heniochus singularius,fishbase,0.0,no,trusted_source,0.2116,Heniochus_singularius_Bishop_2065781403.jpg,no
Heniochus_singularius_FishBase_Hesin_u4.jpg,Heniochus singularius,fishbase,0.0,no,trusted_source,0.0927,Heniochus_singularius_Bishop_2065781403.jpg,no
Heniochus_singularius_FishBase_Hesin_u5.jpg,Heniochus singularius,fishbase,4.7,no,trusted_source,0.015,Heniochus_singularius_Bishop_2065781403.jpg,no
Heniochus_singularius_FishBase_Hesin_u6.jpg,Heniochus singularius,fishbase,-10.8,no,trusted_source,0.0475,Heniochus_singularius_Bishop_2065781403.jpg,no
Heniochus_singularius_FishBaseUser_1454327638_94.198.18.55.jpg,Heniochus singularius,fishbase,15.7,no,trusted_source,0.1136,Heniochus_singularius_Bishop_2065781403.jpg,no
Heniochus_singularius_FishBaseUser_1486537901_172.68.106.90.jpg,Heniochus singularius,fishbase,3.3,no,trusted_source,0.1748,Heniochus_singularius_Bishop_2065781403.jpg,no
Heniochus_singularius_FishBaseUser_1707081090_172.70.55.146.jpg,Heniochus singularius,fishbase,0.0,no,trusted_flagged,0.2086,Heniochus_singularius_Bishop_2065781403.jpg,yes
Heniochus_singularius_FishBaseUser_1748177366_95.95.129.49.jpg,Heniochus singularius,fishbase,-11.1,no,trusted_source,0.1275,Heniochus_singularius_Bishop_2065781403.jpg,no
Heniochus_singularius_FishBaseUser_1748177436_95.95.129.49.jpg,Heniochus singularius,fishbase,0.0,no,trusted_source,0.0647,Heniochus_singularius_Bishop_2065781403.jpg,no
Heniochus_singularius_iNaturalist_19670206.jpg,Heniochus singularius,inaturalist,-11.0,no,template_ok,0.0393,Heniochus_singularius_Bishop_2065781403.jpg,no
Heniochus_singularius_iNaturalist_244754514.jpg,Heniochus singularius,inaturalist,0.0,no,template_ok,0.1543,Heniochus_singularius_Bishop_2065781403.jpg,no
Heniochus_singularius_iNaturalist_340601370.jpg,Heniochus singularius,inaturalist,-9.8,no,template_ok,0.1217,Heniochus_singularius_Bishop_2065781403.jpg,no
Heniochus_singularius_iNaturalist_477534054.jpg,Heniochus singularius,inaturalist,-13.1,no,template_uncertain,0.1202,Heniochus_singularius_Bishop_2065781403.jpg,yes
Heniochus_singularius_iNaturalist_478493440.jpg,Heniochus singularius,inaturalist,0.0,yes,template_flip,0.3569,Heniochus_singularius_Bishop_2065781403.jpg,no
Heniochus_singularius_iNaturalist_478493447.jpg,Heniochus singularius,inaturalist,18.7,no,template_ok,0.0377,Heniochus_singularius_Bishop_2065781403.jpg,no
Heniochus_singularius_iNaturalist_479558505.jpg,Heniochus singularius,inaturalist,4.8,no,template_ok,0.225,Heniochus_singularius_Bishop_2065781403.jpg,no
Heniochus_singularius_iNaturalist_483418203.jpg,Heniochus singularius,inaturalist,0.0,no,template_uncertain,0.1085,Heniochus_singularius_Bishop_2065781403.jpg,yes
Heniochus_singularius_FishWise_064983F000009W000005.jpg,Heniochus singularius,other,3.4,no,template_ok,0.1682,Heniochus_singularius_Bishop_2065781403.jpg,no
Heniochus_singularius_FishWise_064983F000024W000001.jpg,Heniochus singularius,other,8.3,no,template_uncertain,0.0581,Heniochus_singularius_Bishop_2065781403.jpg,yes
Heniochus_singularius_FishWise_064983F000024W000002.jpg,Heniochus singularius,other,0.0,no,template_ok,0.2219,Heniochus_singularius_Bishop_2065781403.jpg,no
Heniochus_singularius_FishWise_064983F000031W000003.jpg,Heniochus singularius,other,0.0,no,template_ok,0.001,Heniochus_singularius_Bishop_2065781403.jpg,no
Heniochus_varius_FishPix_15993AF.jpg,Heniochus varius,fishpix,3.7,no,trusted_source,0.0981,Heniochus_varius_Bishop_2014348865.jpg,no
Heniochus_varius_Bishop_2014348865.jpg,Heniochus varius,bishop,6.6,no,trusted_source,1.0,Heniochus_varius_Bishop_2014348865.jpg,no
Heniochus_varius_FishBase_Hevar_u0.jpg,Heniochus varius,fishbase,13.9,no,trusted_source,0.0254,Heniochus_varius_Bishop_2014348865.jpg,no
Heniochus_varius_FishBase_Hevar_u1.jpg,Heniochus varius,fishbase,6.2,no,trusted_source,0.1825,Heniochus_varius_Bishop_2014348865.jpg,no
Heniochus_varius_FishBase_Hevar_u2.jpg,Heniochus varius,fishbase,6.5,no,trusted_source,0.1522,Heniochus_varius_Bishop_2014348865.jpg,no
Heniochus_varius_FishBase_Hevar_u3.jpg,Heniochus varius,fishbase,-7.5,no,trusted_source,0.007,Heniochus_varius_Bishop_2014348865.jpg,no
Heniochus_varius_FishBase_Hevar_u4.jpg,Heniochus varius,fishbase,-12.9,no,trusted_source,0.0818,Heniochus_varius_Bishop_2014348865.jpg,no
Heniochus_varius_FishBase_Hevar_u6.jpg,Heniochus varius,fishbase,0.0,no,trusted_source,0.1365,Heniochus_varius_Bishop_2014348865.jpg,no
Heniochus_varius_FishBase_Hevar_u7.jpg,Heniochus varius,fishbase,-11.1,no,trusted_source,0.155,Heniochus_varius_Bishop_2014348865.jpg,no
Heniochus_varius_FishBase_Hevar_u8.jpg,Heniochus varius,fishbase,-17.2,no,trusted_source,0.0527,Heniochus_varius_Bishop_2014348865.jpg,no
Heniochus_varius_FishBaseUser_1341432052_24.185.16.14.jpg,Heniochus varius,fishbase,0.0,no,trusted_flagged,0.2529,Heniochus_varius_Bishop_2014348865.jpg,yes
Heniochus_varius_FishBaseUser_1354795177_86.28.236.182.jpg,Heniochus varius,fishbase,11.9,no,trusted_source,0.2174,Heniochus_varius_Bishop_2014348865.jpg,no
Heniochus_varius_FishBaseUser_1354795270_86.28.236.182.jpg,Heniochus varius,fishbase,-16.3,no,trusted_source,0.1554,Heniochus_varius_Bishop_2014348865.jpg,no
Heniochus_varius_FishBaseUser_1469523498_162.158.167.12.jpg,Heniochus varius,fishbase,-14.7,no,trusted_source,0.1141,Heniochus_varius_Bishop_2014348865.jpg,no
Heniochus_varius_FishBaseUser_1492971126_108.162.216.108.jpg,Heniochus varius,fishbase,0.0,no,trusted_source,0.0003,Heniochus_varius_Bishop_2014348865.jpg,no
Heniochus_varius_FishBaseUser_1569828886_172.68.132.127.jpg,Heniochus varius,fishbase,-15.9,no,trusted_source,0.1287,Heniochus_varius_Bishop_2014348865.jpg,no
Heniochus_varius_FishBaseUser_1569828952_162.158.255.132.jpg,Heniochus varius,fishbase,-11.1,no,trusted_source,0.2575,Heniochus_varius_Bishop_2014348865.jpg,no
Heniochus_varius_FishBaseUser_1577526153_172.68.102.30.jpg,Heniochus varius,fishbase,12.9,no,trusted_flagged,0.3091,Heniochus_varius_Bishop_2014348865.jpg,yes
Heniochus_varius_FishBaseUser_1599544711_162.158.165.56.jpg,Heniochus varius,fishbase,-13.2,no,trusted_source,0.0759,Heniochus_varius_Bishop_2014348865.jpg,no
Heniochus_varius_FishBaseUser_1703948963_108.162.210.110.jpg,Heniochus varius,fishbase,-7.6,no,trusted_source,0.1635,Heniochus_varius_Bishop_2014348865.jpg,no
Heniochus_varius_FishBaseUser_1748177775_95.95.129.49.jpg,Heniochus varius,fishbase,12.7,no,trusted_source,0.119,Heniochus_varius_Bishop_2014348865.jpg,no
Heniochus_varius_FishBaseUser_1748177834_95.95.129.49.jpg,Heniochus varius,fishbase,0.0,no,trusted_source,0.1595,Heniochus_varius_Bishop_2014348865.jpg,no
Heniochus_varius_FishBaseUser_1748177888_95.95.129.49.jpg,Heniochus varius,fishbase,0.0,no,trusted_source,0.0728,Heniochus_varius_Bishop_2014348865.jpg,no
Heniochus_varius_iNaturalist_294238984.jpg,Heniochus varius,inaturalist,-11.2,yes,template_flip,0.3725,Heniochus_varius_Bishop_2014348865.jpg,no
Heniochus_varius_iNaturalist_345490182.jpg,Heniochus varius,inaturalist,2.7,no,template_ok,0.0445,Heniochus_varius_Bishop_2014348865.jpg,no
Heniochus_varius_iNaturalist_395588221.jpg,Heniochus varius,inaturalist,0.0,no,template_ok,0.0137,Heniochus_varius_Bishop_2014348865.jpg,no
Heniochus_varius_iNaturalist_401424294.jpg,Heniochus varius,inaturalist,0.0,no,template_ok,0.0059,Heniochus_varius_Bishop_2014348865.jpg,no
Heniochus_varius_iNaturalist_401424295.jpg,Heniochus varius,inaturalist,0.0,no,template_ok,0.0015,Heniochus_varius_Bishop_2014348865.jpg,no
Heniochus_varius_iNaturalist_406913809.jpg,Heniochus varius,inaturalist,0.0,no,template_ok,0.0626,Heniochus_varius_Bishop_2014348865.jpg,no
Heniochus_varius_iNaturalist_558793993.jpg,Heniochus varius,inaturalist,-12.6,no,template_uncertain,0.0778,Heniochus_varius_Bishop_2014348865.jpg,yes
Heniochus_varius_iNaturalist_60367466.jpg,Heniochus varius,inaturalist,-10.3,no,template_ok,0.0421,Heniochus_varius_Bishop_2014348865.jpg,no
Heniochus_varius_iNaturalist_703219.jpg,Heniochus varius,inaturalist,0.0,no,template_ok,0.1251,Heniochus_varius_Bishop_2014348865.jpg,no
Heniochus_varius_iNaturalist_919499.jpg,Heniochus varius,inaturalist,-18.7,yes,template_flip,0.1513,Heniochus_varius_Bishop_2014348865.jpg,no
Heniochus_varius_FishWise_072587F000004W000012.jpg,Heniochus varius,other,2.3,no,template_ok,0.0751,Heniochus_varius_Bishop_2014348865.jpg,no
Heniochus_varius_FishWise_072587F000009W000007.jpg,Heniochus varius,other,13.3,no,template_ok,0.2108,Heniochus_varius_Bishop_2014348865.jpg,no
Heniochus_varius_FishWise_072587F000009W000008.jpg,Heniochus varius,other,18.4,no,template_ok,0.0799,Heniochus_varius_Bishop_2014348865.jpg,no
Heniochus_varius_FishWise_072587F000009W000010.jpg,Heniochus varius,other,-3.1,no,template_ok,0.0522,Heniochus_varius_Bishop_2014348865.jpg,no
Heniochus_varius_FishWise_072587F000009W000011.jpg,Heniochus varius,other,12.7,no,template_ok,0.2553,Heniochus_varius_Bishop_2014348865.jpg,no
Heniochus_varius_FishWise_072587F000024W000002.jpg,Heniochus varius,other,11.8,no,template_ok,0.0381,Heniochus_varius_Bishop_2014348865.jpg,no
Heniochus_varius_FishWise_072587F000024W000004.jpg,Heniochus varius,other,6.6,no,template_ok,0.1522,Heniochus_varius_Bishop_2014348865.jpg,no
Heniochus_varius_FishWise_072587F000031W000005.jpg,Heniochus varius,other,-7.2,no,template_ok,0.0001,Heniochus_varius_Bishop_2014348865.jpg,no
Heniochus_varius_FishWise_072587F000066W000001.gif,Heniochus varius,other,7.0,no,template_ok,0.1251,Heniochus_varius_Bishop_2014348865.jpg,no
Heniochus_varius_FishWise_072587F000112W000006.jpg,Heniochus varius,other,0.0,no,template_ok,0.1044,Heniochus_varius_Bishop_2014348865.jpg,no
Heniochus_varius_FishWise_072587F000387W000009.jpg,Heniochus varius,other,9.4,no,template_ok,0.0296,Heniochus_varius_Bishop_2014348865.jpg,no
Johnrandallia_nigrirostris_FishBase_Jonig_u1.jpg,Johnrandallia nigrirostris,fishbase,-17.1,no,trusted_source,0.0347,Johnrandallia_nigrirostris_FishBaseUser_1752336923_149.102.252.46.jpg,no
Johnrandallia_nigrirostris_FishBase_Jonig_u0.jpg,Johnrandallia nigrirostris,fishbase,0.0,no,trusted_source,0.0298,Johnrandallia_nigrirostris_FishBaseUser_1752336923_149.102.252.46.jpg,no
Johnrandallia_nigrirostris_FishBase_Jonig_u2.jpg,Johnrandallia nigrirostris,fishbase,13.3,no,trusted_source,0.1727,Johnrandallia_nigrirostris_FishBaseUser_1752336923_149.102.252.46.jpg,no
Johnrandallia_nigrirostris_FishBase_Jonig_u3.jpg,Johnrandallia nigrirostris,fishbase,0.0,no,trusted_flagged,0.317,Johnrandallia_nigrirostris_FishBaseUser_1752336923_149.102.252.46.jpg,yes
Johnrandallia_nigrirostris_FishBaseUser_1490994715_172.68.34.72.jpg,Johnrandallia nigrirostris,fishbase,4.3,no,trusted_flagged,0.3846,Johnrandallia_nigrirostris_FishBaseUser_1752336923_149.102.252.46.jpg,yes
Johnrandallia_nigrirostris_FishBaseUser_1639504151_108.162.212.36.jpg,Johnrandallia nigrirostris,fishbase,-5.9,no,trusted_source,0.1581,Johnrandallia_nigrirostris_FishBaseUser_1752336923_149.102.252.46.jpg,no
Johnrandallia_nigrirostris_FishBaseUser_1752336898_149.102.252.46.jpg,Johnrandallia nigrirostris,fishbase,0.0,no,trusted_source,0.1315,Johnrandallia_nigrirostris_FishBaseUser_1752336923_149.102.252.46.jpg,no
Johnrandallia_nigrirostris_FishBaseUser_1752336923_149.102.252.46.jpg,Johnrandallia nigrirostris,fishbase,12.8,no,trusted_source,1.0,Johnrandallia_nigrirostris_FishBaseUser_1752336923_149.102.252.46.jpg,no
Johnrandallia_nigrirostris_iNaturalist_14815735.jpg,Johnrandallia nigrirostris,inaturalist,0.0,yes,template_flip,0.152,Johnrandallia_nigrirostris_FishBaseUser_1752336923_149.102.252.46.jpg,no
Johnrandallia_nigrirostris_iNaturalist_274774145.jpg,Johnrandallia nigrirostris,inaturalist,-3.7,no,template_ok,0.02,Johnrandallia_nigrirostris_FishBaseUser_1752336923_149.102.252.46.jpg,no
Johnrandallia_nigrirostris_iNaturalist_2848140.jpg,Johnrandallia nigrirostris,inaturalist,2.4,no,template_ok,0.0141,Johnrandallia_nigrirostris_FishBaseUser_1752336923_149.102.252.46.jpg,no
Johnrandallia_nigrirostris_iNaturalist_338069056.jpg,Johnrandallia nigrirostris,inaturalist,0.0,no,template_ok,0.1527,Johnrandallia_nigrirostris_FishBaseUser_1752336923_149.102.252.46.jpg,no
Johnrandallia_nigrirostris_iNaturalist_338069057.jpg,Johnrandallia nigrirostris,inaturalist,4.3,yes,template_flip,0.2076,Johnrandallia_nigrirostris_FishBaseUser_1752336923_149.102.252.46.jpg,no
Johnrandallia_nigrirostris_iNaturalist_347256914.jpg,Johnrandallia nigrirostris,inaturalist,5.9,no,template_ok,0.1018,Johnrandallia_nigrirostris_FishBaseUser_1752336923_149.102.252.46.jpg,no
Johnrandallia_nigrirostris_iNaturalist_79602584.jpg,Johnrandallia nigrirostris,inaturalist,-8.7,no,template_uncertain,0.107,Johnrandallia_nigrirostris_FishBaseUser_1752336923_149.102.252.46.jpg,yes
Johnrandallia_nigrirostris_iNaturalist_90964108.jpg,Johnrandallia nigrirostris,inaturalist,0.0,no,template_uncertain,0.1368,Johnrandallia_nigrirostris_FishBaseUser_1752336923_149.102.252.46.jpg,yes
Johnrandallia_nigrirostris_FishWise_048646F000025W000001.gif,Johnrandallia nigrirostris,other,0.0,no,template_ok,0.0261,Johnrandallia_nigrirostris_FishBaseUser_1752336923_149.102.252.46.jpg,no
Parachaetodon_ocellatus_FishBase_Paoce_u0.jpg,Parachaetodon ocellatus,fishbase,11.3,no,trusted_source,0.0736,Parachaetodon_ocellatus_Bishop_-506807721.jpg,no
Parachaetodon_ocellatus_Bishop_-154342580.jpg,Parachaetodon ocellatus,bishop,3.7,no,trusted_source,0.054,Parachaetodon_ocellatus_Bishop_-506807721.jpg,no
Parachaetodon_ocellatus_Bishop_-506807721.jpg,Parachaetodon ocellatus,bishop,7.6,no,trusted_source,1.0,Parachaetodon_ocellatus_Bishop_-506807721.jpg,no
Parachaetodon_ocellatus_Bishop_-731143075.jpg,Parachaetodon ocellatus,bishop,2.2,no,trusted_source,0.052,Parachaetodon_ocellatus_Bishop_-506807721.jpg,no
Parachaetodon_ocellatus_FishBase_Paoce_j0.jpg,Parachaetodon ocellatus,fishbase,0.0,no,trusted_source,0.0535,Parachaetodon_ocellatus_Bishop_-506807721.jpg,no
Parachaetodon_ocellatus_FishBase_Paoce_u2.jpg,Parachaetodon ocellatus,fishbase,4.1,no,trusted_source,0.0548,Parachaetodon_ocellatus_Bishop_-506807721.jpg,no
Parachaetodon_ocellatus_FishBase_Paoce_u3.jpg,Parachaetodon ocellatus,fishbase,7.5,no,trusted_source,0.0991,Parachaetodon_ocellatus_Bishop_-506807721.jpg,no
Parachaetodon_ocellatus_FishBase_Paoce_u4.jpg,Parachaetodon ocellatus,fishbase,-10.3,no,trusted_source,0.0212,Parachaetodon_ocellatus_Bishop_-506807721.jpg,no
Parachaetodon_ocellatus_FishBaseUser_1486712838_172.68.106.90.jpg,Parachaetodon ocellatus,fishbase,0.0,no,trusted_source,0.0352,Parachaetodon_ocellatus_Bishop_-506807721.jpg,no
Parachaetodon_ocellatus_FishBaseUser_1613395906_162.158.167.180.jpg,Parachaetodon ocellatus,fishbase,-7.7,no,trusted_source,0.0104,Parachaetodon_ocellatus_Bishop_-506807721.jpg,no
Parachaetodon_ocellatus_iNaturalist_101338050.jpg,Parachaetodon ocellatus,inaturalist,0.0,no,template_ok,0.0344,Parachaetodon_ocellatus_Bishop_-506807721.jpg,no
Parachaetodon_ocellatus_iNaturalist_106487797.jpg,Parachaetodon ocellatus,inaturalist,13.7,no,template_ok,0.0621,Parachaetodon_ocellatus_Bishop_-506807721.jpg,no
Parachaetodon_ocellatus_iNaturalist_10940397.jpg,Parachaetodon ocellatus,inaturalist,0.0,no,template_ok,0.0273,Parachaetodon_ocellatus_Bishop_-506807721.jpg,no
Parachaetodon_ocellatus_iNaturalist_10940553.jpg,Parachaetodon ocellatus,inaturalist,-3.7,no,template_ok,0.1107,Parachaetodon_ocellatus_Bishop_-506807721.jpg,no
Parachaetodon_ocellatus_iNaturalist_127629586.jpg,Parachaetodon ocellatus,inaturalist,0.0,no,template_ok,0.1014,Parachaetodon_ocellatus_Bishop_-506807721.jpg,no
Parachaetodon_ocellatus_iNaturalist_341061427.jpg,Parachaetodon ocellatus,inaturalist,0.0,no,template_ok,0.0572,Parachaetodon_ocellatus_Bishop_-506807721.jpg,no
Parachaetodon_ocellatus_iNaturalist_46792087.jpg,Parachaetodon ocellatus,inaturalist,10.1,no,template_ok,0.0977,Parachaetodon_ocellatus_Bishop_-506807721.jpg,no
Parachaetodon_ocellatus_iNaturalist_568088836.jpg,Parachaetodon ocellatus,inaturalist,0.0,no,template_ok,0.0916,Parachaetodon_ocellatus_Bishop_-506807721.jpg,no
Parachaetodon_ocellatus_iNaturalist_579722938.jpg,Parachaetodon ocellatus,inaturalist,-17.0,no,template_ok,0.1208,Parachaetodon_ocellatus_Bishop_-506807721.jpg,no
Parachaetodon_ocellatus_iNaturalist_61646524.jpg,Parachaetodon ocellatus,inaturalist,0.0,no,template_ok,0.0621,Parachaetodon_ocellatus_Bishop_-506807721.jpg,no
Prognathodes_aculeatus_FishBase_Pracu_u0.jpg,Prognathodes aculeatus,fishbase,0.0,no,trusted_source,0.5929,Prognathodes_aculeatus_FishBaseUser_1706562173_172.70.54.190.jpg,no
Prognathodes_aculeatus_FishBase_Chacu_u1.jpg,Prognathodes aculeatus,fishbase,-11.4,no,trusted_flagged,0.925,Prognathodes_aculeatus_FishBaseUser_1706562173_172.70.54.190.jpg,yes
Prognathodes_aculeatus_FishBase_Pracu_u1.jpg,Prognathodes aculeatus,fishbase,0.0,no,trusted_source,0.8894,Prognathodes_aculeatus_FishBaseUser_1706562173_172.70.54.190.jpg,no
Prognathodes_aculeatus_FishBase_Pracu_u2.jpg,Prognathodes aculeatus,fishbase,3.7,no,trusted_flagged,0.2051,Prognathodes_aculeatus_FishBaseUser_1706562173_172.70.54.190.jpg,yes
Prognathodes_aculeatus_FishBase_Pracu_u3.jpg,Prognathodes aculeatus,fishbase,0.0,no,trusted_source,0.343,Prognathodes_aculeatus_FishBaseUser_1706562173_172.70.54.190.jpg,no
Prognathodes_aculeatus_FishBaseUser_1706562173_172.70.54.190.jpg,Prognathodes aculeatus,fishbase,19.2,no,trusted_source,1.0,Prognathodes_aculeatus_FishBaseUser_1706562173_172.70.54.190.jpg,no
Prognathodes_aculeatus_iNaturalist_147548487.jpg,Prognathodes aculeatus,inaturalist,-4.5,no,template_ok,0.0265,Prognathodes_aculeatus_FishBaseUser_1706562173_172.70.54.190.jpg,no
Prognathodes_aculeatus_iNaturalist_284621950.jpg,Prognathodes aculeatus,inaturalist,0.0,no,template_ok,0.2695,Prognathodes_aculeatus_FishBaseUser_1706562173_172.70.54.190.jpg,no
Prognathodes_aculeatus_iNaturalist_30531970.jpg,Prognathodes aculeatus,inaturalist,0.0,no,template_uncertain,0.0531,Prognathodes_aculeatus_FishBaseUser_1706562173_172.70.54.190.jpg,yes
Prognathodes_aculeatus_iNaturalist_30531979.jpg,Prognathodes aculeatus,inaturalist,-13.7,yes,template_flip,0.6367,Prognathodes_aculeatus_FishBaseUser_1706562173_172.70.54.190.jpg,no
Prognathodes_aculeatus_iNaturalist_390540552.jpg,Prognathodes aculeatus,inaturalist,-14.9,yes,template_flip,0.5857,Prognathodes_aculeatus_FishBaseUser_1706562173_172.70.54.190.jpg,no
Prognathodes_aculeatus_iNaturalist_465334435.jpg,Prognathodes aculeatus,inaturalist,0.0,no,template_ok,0.6238,Prognathodes_aculeatus_FishBaseUser_1706562173_172.70.54.190.jpg,no
Prognathodes_aculeatus_iNaturalist_525211901.jpg,Prognathodes aculeatus,inaturalist,0.0,yes,template_flip,0.6714,Prognathodes_aculeatus_FishBaseUser_1706562173_172.70.54.190.jpg,no
Prognathodes_aculeatus_iNaturalist_549990135.jpg,Prognathodes aculeatus,inaturalist,-16.4,yes,template_flip,0.8551,Prognathodes_aculeatus_FishBaseUser_1706562173_172.70.54.190.jpg,no
Prognathodes_aculeatus_iNaturalist_581759717.jpg,Prognathodes aculeatus,inaturalist,3.8,no,template_ok,0.8801,Prognathodes_aculeatus_FishBaseUser_1706562173_172.70.54.190.jpg,no
Prognathodes_aculeatus_iNaturalist_601647878.jpg,Prognathodes aculeatus,inaturalist,10.6,no,template_ok,0.8922,Prognathodes_aculeatus_FishBaseUser_1706562173_172.70.54.190.jpg,no
Prognathodes_aculeatus_FishWise_109266F000024W000005.jpg,Prognathodes aculeatus,other,4.6,no,template_uncertain,0.1098,Prognathodes_aculeatus_FishBaseUser_1706562173_172.70.54.190.jpg,yes
Prognathodes_aculeatus_FishWise_109266F000057W000006.gif,Prognathodes aculeatus,other,0.0,yes,template_flip,0.2039,Prognathodes_aculeatus_FishBaseUser_1706562173_172.70.54.190.jpg,no
Prognathodes_aculeatus_FishWise_109266F004595W000007.jpg,Prognathodes aculeatus,other,4.6,yes,template_flip,0.2811,Prognathodes_aculeatus_FishBaseUser_1706562173_172.70.54.190.jpg,no
Prognathodes_aya_FishBase_Praya_u0.jpg,Prognathodes aya,fishbase,16.6,no,trusted_flagged,0.2707,Prognathodes_aya_FishBaseUser_1598572601_162.158.187.179.jpg,yes
Prognathodes_aya_FishBase_Chaya_u0.jpg,Prognathodes aya,fishbase,-4.3,no,trusted_source,0.03,Prognathodes_aya_FishBaseUser_1598572601_162.158.187.179.jpg,no
Prognathodes_aya_FishBase_Praya_u1.jpg,Prognathodes aya,fishbase,6.9,no,trusted_source,0.1347,Prognathodes_aya_FishBaseUser_1598572601_162.158.187.179.jpg,no
Prognathodes_aya_FishBaseUser_1393789517_71.202.224.33.jpg,Prognathodes aya,fishbase,3.1,no,trusted_source,0.158,Prognathodes_aya_FishBaseUser_1598572601_162.158.187.179.jpg,no
Prognathodes_aya_FishBaseUser_1393793420_71.202.224.33.jpg,Prognathodes aya,fishbase,-9.9,no,trusted_source,0.0917,Prognathodes_aya_FishBaseUser_1598572601_162.158.187.179.jpg,no
Prognathodes_aya_FishBaseUser_1598572601_162.158.187.179.jpg,Prognathodes aya,fishbase,0.0,no,trusted_source,1.0,Prognathodes_aya_FishBaseUser_1598572601_162.158.187.179.jpg,no
Prognathodes_aya_iNaturalist_414251810.jpg,Prognathodes aya,inaturalist,0.0,yes,template_flip,0.3308,Prognathodes_aya_FishBaseUser_1598572601_162.158.187.179.jpg,no
Prognathodes_aya_iNaturalist_414251812.jpg,Prognathodes aya,inaturalist,-10.3,yes,template_flip,0.3248,Prognathodes_aya_FishBaseUser_1598572601_162.158.187.179.jpg,no
Prognathodes_brasiliensis_FishBase_Prbra_u0.jpg,Prognathodes brasiliensis,fishbase,0.0,no,trusted_source,1.0,Prognathodes_brasiliensis_FishBase_Prbra_u0.jpg,no
Prognathodes_brasiliensis_FishBase_Prbra_u1.jpg,Prognathodes brasiliensis,fishbase,4.4,no,trusted_source,0.0998,Prognathodes_brasiliensis_FishBase_Prbra_u0.jpg,no
Prognathodes_brasiliensis_FishBase_Prbra_u2.jpg,Prognathodes brasiliensis,fishbase,0.0,no,trusted_source,0.0573,Prognathodes_brasiliensis_FishBase_Prbra_u0.jpg,no
Prognathodes_carlhubbsi_FishBase_Prcar_u2.jpg,Prognathodes carlhubbsi,fishbase,2.7,no,trusted_source,0.0309,Prognathodes_carlhubbsi_FishBaseUser_1752435678_146.70.186.116.jpg,no
Prognathodes_carlhubbsi_FishBaseUser_1752435678_146.70.186.116.jpg,Prognathodes carlhubbsi,fishbase,8.4,no,trusted_source,1.0,Prognathodes_carlhubbsi_FishBaseUser_1752435678_146.70.186.116.jpg,no
Prognathodes_carlhubbsi_FishBaseUser_1752435693_146.70.186.116.jpg,Prognathodes carlhubbsi,fishbase,10.2,no,trusted_source,0.1284,Prognathodes_carlhubbsi_FishBaseUser_1752435678_146.70.186.116.jpg,no
Prognathodes_carlhubbsi_FishBaseUser_1752435724_146.70.186.116.jpg,Prognathodes carlhubbsi,fishbase,-18.9,no,trusted_flagged,0.2524,Prognathodes_carlhubbsi_FishBaseUser_1752435678_146.70.186.116.jpg,yes
Prognathodes_carlhubbsi_FishBaseUser_1752435756_146.70.186.116.jpg,Prognathodes carlhubbsi,fishbase,-2.7,no,trusted_flagged,0.2221,Prognathodes_carlhubbsi_FishBaseUser_1752435678_146.70.186.116.jpg,yes
Prognathodes_carlhubbsi_iNaturalist_197703.jpg,Prognathodes carlhubbsi,inaturalist,2.3,no,template_ok,0.0281,Prognathodes_carlhubbsi_FishBaseUser_1752435678_146.70.186.116.jpg,no
Prognathodes_carlhubbsi_iNaturalist_289302294.jpg,Prognathodes carlhubbsi,inaturalist,-15.4,yes,template_flip,0.4297,Prognathodes_carlhubbsi_FishBaseUser_1752435678_146.70.186.116.jpg,no
Prognathodes_carlhubbsi_iNaturalist_296851093.jpg,Prognathodes carlhubbsi,inaturalist,0.0,no,template_uncertain,0.0965,Prognathodes_carlhubbsi_FishBaseUser_1752435678_146.70.186.116.jpg,yes
Prognathodes_carlhubbsi_iNaturalist_369004742.jpg,Prognathodes carlhubbsi,inaturalist,2.9,no,template_ok,0.1319,Prognathodes_carlhubbsi_FishBaseUser_1752435678_146.70.186.116.jpg,no
Prognathodes_carlhubbsi_iNaturalist_369004805.jpg,Prognathodes carlhubbsi,inaturalist,0.0,no,template_ok,0.0047,Prognathodes_carlhubbsi_FishBaseUser_1752435678_146.70.186.116.jpg,no
Prognathodes_carlhubbsi_iNaturalist_422516459.jpg,Prognathodes carlhubbsi,inaturalist,0.0,no,template_ok,0.3286,Prognathodes_carlhubbsi_FishBaseUser_1752435678_146.70.186.116.jpg,no
Prognathodes_carlhubbsi_iNaturalist_422516471.jpg,Prognathodes carlhubbsi,inaturalist,-16.6,yes,template_flip,0.1783,Prognathodes_carlhubbsi_FishBaseUser_1752435678_146.70.186.116.jpg,no
Prognathodes_carlhubbsi_iNaturalist_443367431.jpg,Prognathodes carlhubbsi,inaturalist,0.0,no,template_uncertain,0.059,Prognathodes_carlhubbsi_FishBaseUser_1752435678_146.70.186.116.jpg,yes
Prognathodes_carlhubbsi_iNaturalist_443367465.jpg,Prognathodes carlhubbsi,inaturalist,13.0,no,template_ok,0.3009,Prognathodes_carlhubbsi_FishBaseUser_1752435678_146.70.186.116.jpg,no
Prognathodes_carlhubbsi_iNaturalist_443367541.jpg,Prognathodes carlhubbsi,inaturalist,-18.2,yes,template_flip,0.3113,Prognathodes_carlhubbsi_FishBaseUser_1752435678_146.70.186.116.jpg,no
Prognathodes_dichrous_FishPix_89092AF.jpg,Prognathodes dichrous,fishpix,-6.1,no,trusted_source,0.0974,Prognathodes_dichrous_FishBase_Prdic_u0.jpg,no
Prognathodes_dichrous_FishBase_Prdic_u0.jpg,Prognathodes dichrous,fishbase,5.6,no,trusted_source,1.0,Prognathodes_dichrous_FishBase_Prdic_u0.jpg,no
Prognathodes_dichrous_FishBase_Prdic_u1.jpg,Prognathodes dichrous,fishbase,17.8,no,trusted_source,0.0534,Prognathodes_dichrous_FishBase_Prdic_u0.jpg,no
Prognathodes_dichrous_iNaturalist_59250499.jpg,Prognathodes dichrous,inaturalist,0.0,no,template_ok,0.1028,Prognathodes_dichrous_FishBase_Prdic_u0.jpg,no
Prognathodes_falcifer_FishBase_Chfal_u2.jpg,Prognathodes falcifer,fishbase,-10.9,no,trusted_source,0.0701,Prognathodes_falcifer_FishBaseUser_1635576194_172.70.147.83.jpg,no
Prognathodes_falcifer_FishBaseUser_1635576194_172.70.147.83.jpg,Prognathodes falcifer,fishbase,5.5,no,trusted_source,1.0,Prognathodes_falcifer_FishBaseUser_1635576194_172.70.147.83.jpg,no
Prognathodes_falcifer_iNaturalist_207868114.jpg,Prognathodes falcifer,inaturalist,0.0,no,template_ok,0.0094,Prognathodes_falcifer_FishBaseUser_1635576194_172.70.147.83.jpg,no
Prognathodes_falcifer_iNaturalist_208018123.jpg,Prognathodes falcifer,inaturalist,0.0,no,template_uncertain,0.113,Prognathodes_falcifer_FishBaseUser_1635576194_172.70.147.83.jpg,yes
Prognathodes_falcifer_iNaturalist_240542331.jpg,Prognathodes falcifer,inaturalist,-16.1,no,template_ok,0.0848,Prognathodes_falcifer_FishBaseUser_1635576194_172.70.147.83.jpg,no
Prognathodes_falcifer_iNaturalist_439465583.jpg,Prognathodes falcifer,inaturalist,0.0,no,template_ok,0.0463,Prognathodes_falcifer_FishBaseUser_1635576194_172.70.147.83.jpg,no
Prognathodes_falcifer_iNaturalist_440145575.jpg,Prognathodes falcifer,inaturalist,0.0,no,template_ok,0.0405,Prognathodes_falcifer_FishBaseUser_1635576194_172.70.147.83.jpg,no
Prognathodes_falcifer_iNaturalist_44348913.jpg,Prognathodes falcifer,inaturalist,0.0,no,template_ok,0.0089,Prognathodes_falcifer_FishBaseUser_1635576194_172.70.147.83.jpg,no
Prognathodes_falcifer_iNaturalist_562177023.jpg,Prognathodes falcifer,inaturalist,-6.7,no,template_ok,0.0701,Prognathodes_falcifer_FishBaseUser_1635576194_172.70.147.83.jpg,no
Prognathodes_falcifer_iNaturalist_562177033.jpg,Prognathodes falcifer,inaturalist,-2.7,no,template_uncertain,0.1049,Prognathodes_falcifer_FishBaseUser_1635576194_172.70.147.83.jpg,yes
Prognathodes_falcifer_iNaturalist_562177068.jpg,Prognathodes falcifer,inaturalist,-8.3,no,template_ok,0.0128,Prognathodes_falcifer_FishBaseUser_1635576194_172.70.147.83.jpg,no
Prognathodes_falcifer_FishWise_022553F000025W000001.gif,Prognathodes falcifer,other,0.0,no,template_ok,0.1056,Prognathodes_falcifer_FishBaseUser_1635576194_172.70.147.83.jpg,no
Prognathodes_guyanensis_FishPix_89093AF.jpg,Prognathodes guyanensis,fishpix,10.6,no,trusted_source,0.312,Prognathodes_guyanensis_FishBase_Prguy_u0.jpg,no
Prognathodes_guyanensis_FishBase_Chguy_u0.jpg,Prognathodes guyanensis,fishbase,0.0,no,trusted_source,0.0578,Prognathodes_guyanensis_FishBase_Prguy_u0.jpg,no
Prognathodes_guyanensis_FishBase_Prguy_u0.jpg,Prognathodes guyanensis,fishbase,0.0,no,trusted_source,1.0,Prognathodes_guyanensis_FishBase_Prguy_u0.jpg,no
Prognathodes_guyanensis_FishBase_Prguy_u1.jpg,Prognathodes guyanensis,fishbase,-2.2,no,trusted_source,0.0768,Prognathodes_guyanensis_FishBase_Prguy_u0.jpg,no
Prognathodes_guyanensis_FishBase_Prguy_u2.jpg,Prognathodes guyanensis,fishbase,7.9,no,trusted_source,0.031,Prognathodes_guyanensis_FishBase_Prguy_u0.jpg,no
Prognathodes_guyanensis_iNaturalist_456412996.jpg,Prognathodes guyanensis,inaturalist,18.7,yes,template_flip,0.2925,Prognathodes_guyanensis_FishBase_Prguy_u0.jpg,no
Prognathodes_guyanensis_FishWise_117869F000057W000002.gif,Prognathodes guyanensis,other,3.0,no,template_ok,0.0025,Prognathodes_guyanensis_FishBase_Prguy_u0.jpg,no
Prognathodes_marcellae_FishBase_Prmar_u0.jpg,Prognathodes marcellae,fishbase,0.0,no,trusted_source,1.0,Prognathodes_marcellae_FishBase_Prmar_u0.jpg,no
Prognathodes_marcellae_iNaturalist_166670490.jpg,Prognathodes marcellae,inaturalist,0.0,no,template_ok,0.1489,Prognathodes_marcellae_FishBase_Prmar_u0.jpg,no
Prognathodes_marcellae_iNaturalist_166670964.jpg,Prognathodes marcellae,inaturalist,0.0,yes,template_flip,0.7313,Prognathodes_marcellae_FishBase_Prmar_u0.jpg,no
Prognathodes_marcellae_iNaturalist_176153571.jpg,Prognathodes marcellae,inaturalist,8.8,no,template_ok,0.6873,Prognathodes_marcellae_FishBase_Prmar_u0.jpg,no
Prognathodes_marcellae_iNaturalist_184144288.jpg,Prognathodes marcellae,inaturalist,-16.8,yes,template_flip,0.5034,Prognathodes_marcellae_FishBase_Prmar_u0.jpg,no
Prognathodes_marcellae_iNaturalist_184144302.jpg,Prognathodes marcellae,inaturalist,-6.8,yes,template_flip,0.4933,Prognathodes_marcellae_FishBase_Prmar_u0.jpg,no
Prognathodes_marcellae_iNaturalist_185079663.jpg,Prognathodes marcellae,inaturalist,-8.6,yes,template_flip,0.4065,Prognathodes_marcellae_FishBase_Prmar_u0.jpg,no
Prognathodes_marcellae_iNaturalist_244937622.jpg,Prognathodes marcellae,inaturalist,2.1,no,template_ok,0.2686,Prognathodes_marcellae_FishBase_Prmar_u0.jpg,no
Prognathodes_marcellae_iNaturalist_273249646.jpg,Prognathodes marcellae,inaturalist,4.8,no,template_ok,0.0314,Prognathodes_marcellae_FishBase_Prmar_u0.jpg,no
Prognathodes_obliquus_FishBase_Chobl_u1.jpg,Prognathodes obliquus,fishbase,0.0,no,trusted_source,1.0,Prognathodes_obliquus_FishBase_Chobl_u1.jpg,no
Roa_australis_FishBase_Roaus_u0.jpg,Roa australis,fishbase,2.5,no,trusted_source,1.0,Roa_australis_FishBase_Roaus_u0.jpg,no
Roa_australis_FishWise_120410F000384W000001.jpg,Roa australis,other,2.5,no,template_ok,0.0672,Roa_australis_FishBase_Roaus_u0.jpg,no
Roa_excelsa_FishBase_Chexc_u0.jpg,Roa excelsa,fishbase,0.0,no,trusted_source,1.0,Roa_excelsa_FishBase_Chexc_u0.jpg,no
Roa_excelsa_FishWise_103952F000042W000002.jpg,Roa excelsa,other,2.7,no,template_ok,0.1022,Roa_excelsa_FishBase_Chexc_u0.jpg,no
Roa_jayakari_FishBase_Chjay_u1.jpg,Roa jayakari,fishbase,14.7,no,trusted_flagged,0.3118,Roa_jayakari_FishBaseUser_1671631214_172.70.147.66.jpg,yes
Roa_jayakari_FishBase_Chjay_u0.jpg,Roa jayakari,fishbase,0.0,no,trusted_source,0.0295,Roa_jayakari_FishBaseUser_1671631214_172.70.147.66.jpg,no
Roa_jayakari_FishBase_Chjay_u2.jpg,Roa jayakari,fishbase,0.0,no,trusted_source,0.0173,Roa_jayakari_FishBaseUser_1671631214_172.70.147.66.jpg,no
Roa_jayakari_FishBase_Chjay_u3.jpg,Roa jayakari,fishbase,0.0,no,trusted_source,0.0591,Roa_jayakari_FishBaseUser_1671631214_172.70.147.66.jpg,no
Roa_jayakari_FishBase_Rojay_u0.jpg,Roa jayakari,fishbase,-6.9,no,trusted_source,0.0696,Roa_jayakari_FishBaseUser_1671631214_172.70.147.66.jpg,no
Roa_jayakari_FishBaseUser_1380914544_182.178.28.52.jpg,Roa jayakari,fishbase,2.2,no,trusted_source,0.0593,Roa_jayakari_FishBaseUser_1671631214_172.70.147.66.jpg,no
Roa_jayakari_FishBaseUser_1380914654_182.178.28.52.jpg,Roa jayakari,fishbase,4.9,no,trusted_source,0.0801,Roa_jayakari_FishBaseUser_1671631214_172.70.147.66.jpg,no
Roa_jayakari_FishBaseUser_1380914688_182.178.28.52.jpg,Roa jayakari,fishbase,0.0,no,trusted_source,0.0386,Roa_jayakari_FishBaseUser_1671631214_172.70.147.66.jpg,no
Roa_jayakari_FishBaseUser_1380914710_182.178.28.52.jpg,Roa jayakari,fishbase,0.0,no,trusted_source,0.0103,Roa_jayakari_FishBaseUser_1671631214_172.70.147.66.jpg,no
Roa_jayakari_FishBaseUser_1385719028_210.212.140.226.jpg,Roa jayakari,fishbase,0.0,no,trusted_source,0.0146,Roa_jayakari_FishBaseUser_1671631214_172.70.147.66.jpg,no
Roa_jayakari_FishBaseUser_1476521232_162.158.31.220.jpg,Roa jayakari,fishbase,2.0,no,trusted_source,0.0491,Roa_jayakari_FishBaseUser_1671631214_172.70.147.66.jpg,no
Roa_jayakari_FishBaseUser_1476521377_162.158.31.220.jpg,Roa jayakari,fishbase,0.0,no,trusted_source,0.0611,Roa_jayakari_FishBaseUser_1671631214_172.70.147.66.jpg,no
Roa_jayakari_FishBaseUser_1502595969_188.114.102.42.jpg,Roa jayakari,fishbase,-3.7,no,trusted_source,0.0714,Roa_jayakari_FishBaseUser_1671631214_172.70.147.66.jpg,no
Roa_jayakari_FishBaseUser_1651918392_162.158.163.202.jpg,Roa jayakari,fishbase,0.0,no,trusted_source,0.0294,Roa_jayakari_FishBaseUser_1671631214_172.70.147.66.jpg,no
Roa_jayakari_FishBaseUser_1671631214_172.70.147.66.jpg,Roa jayakari,fishbase,9.5,no,trusted_source,1.0,Roa_jayakari_FishBaseUser_1671631214_172.70.147.66.jpg,no
Roa_jayakari_FishBaseUser_1723181229_162.158.163.107.jpg,Roa jayakari,fishbase,-5.5,no,trusted_flagged,0.3477,Roa_jayakari_FishBaseUser_1671631214_172.70.147.66.jpg,yes
Roa_jayakari_FishWise_123807F000049W000001.jpg,Roa jayakari,other,0.0,no,template_ok,0.019,Roa_jayakari_FishBaseUser_1671631214_172.70.147.66.jpg,no
Roa_jayakari_FishWise_123807F000413W000004.jpg,Roa jayakari,other,0.0,no,template_ok,0.1131,Roa_jayakari_FishBaseUser_1671631214_172.70.147.66.jpg,no
Roa_modesta_FishBase_Chmod_u1.jpg,Roa modesta,fishbase,0.0,no,trusted_source,0.0501,Roa_modesta_FishBaseUser_1672901805_162.158.178.62.jpg,no
Roa_modesta_FishBase_Chmod_u0.jpg,Roa modesta,fishbase,0.0,no,trusted_source,0.0214,Roa_modesta_FishBaseUser_1672901805_162.158.178.62.jpg,no
Roa_modesta_FishBase_Chmod_u2.jpg,Roa modesta,fishbase,5.2,no,trusted_source,0.0254,Roa_modesta_FishBaseUser_1672901805_162.158.178.62.jpg,no
Roa_modesta_FishBase_Chmod_u3.jpg,Roa modesta,fishbase,0.0,no,trusted_source,0.0009,Roa_modesta_FishBaseUser_1672901805_162.158.178.62.jpg,no
Roa_modesta_FishBase_Romod_u0.jpg,Roa modesta,fishbase,0.0,no,trusted_source,0.0623,Roa_modesta_FishBaseUser_1672901805_162.158.178.62.jpg,no
Roa_modesta_FishBase_Romod_u1.jpg,Roa modesta,fishbase,9.1,no,trusted_source,0.0427,Roa_modesta_FishBaseUser_1672901805_162.158.178.62.jpg,no
Roa_modesta_FishBase_Romod_u2.jpg,Roa modesta,fishbase,3.8,no,trusted_source,0.0247,Roa_modesta_FishBaseUser_1672901805_162.158.178.62.jpg,no
Roa_modesta_FishBaseUser_1528004239_162.158.58.173.jpg,Roa modesta,fishbase,5.5,no,trusted_source,0.0259,Roa_modesta_FishBaseUser_1672901805_162.158.178.62.jpg,no
Roa_modesta_FishBaseUser_1672901805_162.158.178.62.jpg,Roa modesta,fishbase,0.0,no,trusted_source,1.0,Roa_modesta_FishBaseUser_1672901805_162.158.178.62.jpg,no
Roa_modesta_FishBaseUser_1672901864_162.158.178.86.jpg,Roa modesta,fishbase,0.0,no,trusted_source,0.0208,Roa_modesta_FishBaseUser_1672901805_162.158.178.62.jpg,no
Roa_modesta_iNaturalist_200235685.jpg,Roa modesta,inaturalist,0.0,no,template_ok,0.0808,Roa_modesta_FishBaseUser_1672901805_162.158.178.62.jpg,no
Roa_modesta_iNaturalist_351064622.jpg,Roa modesta,inaturalist,0.0,no,template_ok,0.0715,Roa_modesta_FishBaseUser_1672901805_162.158.178.62.jpg,no
Roa_modesta_iNaturalist_351064648.jpg,Roa modesta,inaturalist,-12.1,no,template_ok,0.0117,Roa_modesta_FishBaseUser_1672901805_162.158.178.62.jpg,no
Roa_modesta_iNaturalist_351101106.jpg,Roa modesta,inaturalist,-4.4,no,template_ok,0.0449,Roa_modesta_FishBaseUser_1672901805_162.158.178.62.jpg,no
Roa_modesta_iNaturalist_351101127.jpg,Roa modesta,inaturalist,12.1,no,template_uncertain,0.0611,Roa_modesta_FishBaseUser_1672901805_162.158.178.62.jpg,yes
Roa_modesta_iNaturalist_410589366.jpg,Roa modesta,inaturalist,0.0,no,template_uncertain,0.0511,Roa_modesta_FishBaseUser_1672901805_162.158.178.62.jpg,yes
Roa_modesta_iNaturalist_410589399.jpg,Roa modesta,inaturalist,18.1,no,template_ok,0.0188,Roa_modesta_FishBaseUser_1672901805_162.158.178.62.jpg,no
Roa_modesta_iNaturalist_431619017.jpg,Roa modesta,inaturalist,0.0,no,template_ok,0.0196,Roa_modesta_FishBaseUser_1672901805_162.158.178.62.jpg,no
Roa_modesta_iNaturalist_475502900.jpg,Roa modesta,inaturalist,0.0,no,template_ok,0.0484,Roa_modesta_FishBaseUser_1672901805_162.158.178.62.jpg,no
Roa_modesta_FishWise_045566F006601W000001.jpg,Roa modesta,other,13.5,no,template_ok,0.0047,Roa_modesta_FishBaseUser_1672901805_162.158.178.62.jpg,no
Roa_modesta_FishWise_045566F006601W000002.jpg,Roa modesta,other,15.4,no,template_ok,0.0346,Roa_modesta_FishBaseUser_1672901805_162.158.178.62.jpg,no
