filename,species,action,reviewed_at
Amphichaetodon_howensis_Bishop_-1464681654.jpg,Amphichaetodon howensis,exclude,2026-02-11T06:21:05.485772
Amphichaetodon_howensis_Bishop_472868867.jpg,Amphichaetodon howensis,exclude,2026-02-05T12:41:55.883557
Amphichaetodon_howensis_FishBase_Amhow_u0.jpg,Amphichaetodon howensis,resegment,2026-02-10T21:35:19.758106
Amphichaetodon_howensis_FishWise_030360F000048W000001.gif,Amphichaetodon howensis,exclude,2026-02-10T21:50:29.005228
Amphichaetodon_howensis_iNaturalist_11105384.jpg,Amphichaetodon howensis,exclude,2026-02-11T16:55:58.644590
Amphichaetodon_howensis_iNaturalist_267486174.jpg,Amphichaetodon howensis,exclude,2026-02-05T12:49:44.014891
Amphichaetodon_howensis_iNaturalist_33167253.jpg,Amphichaetodon howensis,exclude,2026-02-04T15:39:10.058968
Amphichaetodon_howensis_iNaturalist_33719286.jpg,Amphichaetodon howensis,exclude,2026-02-11T14:26:40.147660
Amphichaetodon_howensis_iNaturalist_33719401.jpg,Amphichaetodon howensis,exclude,2026-02-11T14:26:38.224773
Amphichaetodon_howensis_iNaturalist_33719403.jpg,Amphichaetodon howensis,exclude,2026-02-04T15:39:16.174878
Amphichaetodon_howensis_iNaturalist_384666682.jpg,Amphichaetodon howensis,exclude,2026-02-11T16:52:09.659550
Amphichaetodon_howensis_iNaturalist_392179799.jpg,Amphichaetodon howensis,exclude,2026-02-05T15:54:21.862846
Amphichaetodon_howensis_iNaturalist_593017609.jpg,Amphichaetodon howensis,exclude,2026-02-05T15:54:24.012201
Amphichaetodon_melbae_iNaturalist_462963831.jpg,Amphichaetodon melbae,exclude,2026-02-05T10:42:58.483008
Amphichaetodon_melbae_iNaturalist_577502906.jpg,Amphichaetodon melbae,exclude,2026-02-04T15:39:56.236230
Chaetodon_adiergastos_FishBaseUser_1354818522_86.28.236.182.jpg,Chaetodon adiergastos,resegment,2026-02-08T08:33:11.880617
Chaetodon_adiergastos_FishBaseUser_1508793657_172.68.102.54.jpg,Chaetodon adiergastos,resegment,2026-02-08T08:33:13.581929
Chaetodon_adiergastos_FishBaseUser_1610273317_172.68.243.13.jpg,Chaetodon adiergastos,color_correct,2026-02-10T22:48:55.295664
Chaetodon_adiergastos_FishBaseUser_1747224353_95.95.129.49.jpg,Chaetodon adiergastos,exclude,2026-02-08T18:06:12.884045
Chaetodon_adiergastos_FishBaseUser_1753598392_219.73.75.40.jpg,Chaetodon adiergastos,color_correct,2026-02-10T22:49:00.019700
Chaetodon_adiergastos_FishBase_Chadi_u0.jpg,Chaetodon adiergastos,resegment,2026-02-10T21:51:26.199183
Chaetodon_adiergastos_FishBase_Chadi_u2.jpg,Chaetodon adiergastos,color_correct,2026-02-10T22:46:14.829397
Chaetodon_adiergastos_FishBase_Chadi_u4.jpg,Chaetodon adiergastos,color_correct,2026-02-10T21:52:00.299625
Chaetodon_adiergastos_FishWise_000669F000009W000005.jpg,Chaetodon adiergastos,color_correct,2026-02-10T22:46:46.194833
Chaetodon_adiergastos_FishWise_000669F000009W000007.jpg,Chaetodon adiergastos,resegment,2026-02-10T21:37:06.661397
Chaetodon_adiergastos_FishWise_000669F000009W000009.jpg,Chaetodon adiergastos,color_correct,2026-02-10T21:52:13.404981
Chaetodon_adiergastos_FishWise_000669F000009W000010.jpg,Chaetodon adiergastos,color_correct,2026-02-10T21:52:14.721463
Chaetodon_adiergastos_FishWise_000669F000009W000012.jpg,Chaetodon adiergastos,color_correct,2026-02-10T21:52:38.714196
Chaetodon_adiergastos_FishWise_000669F000009W000013.jpg,Chaetodon adiergastos,color_correct,2026-02-10T21:52:42.788113
Chaetodon_adiergastos_FishWise_000669F000024W000001.jpg,Chaetodon adiergastos,exclude,2026-02-10T21:52:46.548877
Chaetodon_adiergastos_FishWise_000669F000492W000015.jpg,Chaetodon adiergastos,resegment,2026-02-10T22:47:57.510295
Chaetodon_adiergastos_iNaturalist_18099243.jpg,Chaetodon adiergastos,resegment,2026-02-08T08:29:31.972063
Chaetodon_adiergastos_iNaturalist_19737434.jpg,Chaetodon adiergastos,resegment,2026-02-08T08:29:34.556537
Chaetodon_adiergastos_iNaturalist_264257791.jpg,Chaetodon adiergastos,exclude,2026-02-08T08:27:11.531746
Chaetodon_adiergastos_iNaturalist_294596355.jpg,Chaetodon adiergastos,exclude,2026-02-05T12:49:44.014891
Chaetodon_adiergastos_iNaturalist_312479934.jpg,Chaetodon adiergastos,exclude,2026-02-10T22:48:15.564489
Chaetodon_adiergastos_iNaturalist_432980114.jpg,Chaetodon adiergastos,color_correct,2026-02-10T22:48:22.364029
Chaetodon_adiergastos_iNaturalist_468973634.jpg,Chaetodon adiergastos,resegment,2026-02-08T08:33:47.852529
Chaetodon_andamanensis_FishBaseUser_1452839533_94.198.18.55.jpg,Chaetodon andamanensis,exclude,2026-02-08T18:08:44.200578
Chaetodon_andamanensis_FishBaseUser_1739413117_172.71.124.122.jpg,Chaetodon andamanensis,exclude,2026-02-08T18:09:00.860757
Chaetodon_andamanensis_FishBaseUser_1747224556_95.95.129.49.jpg,Chaetodon andamanensis,exclude,2026-02-08T18:08:55.157996
Chaetodon_andamanensis_FishBase_Chand_j0.jpg,Chaetodon andamanensis,exclude,2026-02-04T15:41:03.284794
Chaetodon_andamanensis_FishBase_Chand_u0.jpg,Chaetodon andamanensis,exclude,2026-02-10T22:49:50.258752
Chaetodon_andamanensis_FishBase_Chand_u1.jpg,Chaetodon andamanensis,exclude,2026-02-04T15:41:06.301288
Chaetodon_andamanensis_iNaturalist_153255532.jpg,Chaetodon andamanensis,exclude,2026-02-05T12:49:44.014891
Chaetodon_andamanensis_iNaturalist_173829490.jpg,Chaetodon andamanensis,exclude,2026-02-04T15:41:10.443328
Chaetodon_andamanensis_iNaturalist_177672904.jpg,Chaetodon andamanensis,exclude,2026-02-04T15:41:12.984926
Chaetodon_andamanensis_iNaturalist_205344829.jpg,Chaetodon andamanensis,exclude,2026-02-05T12:49:44.014891
Chaetodon_andamanensis_iNaturalist_2532907.jpg,Chaetodon andamanensis,exclude,2026-02-04T15:41:14.602235
Chaetodon_andamanensis_iNaturalist_309575002.jpg,Chaetodon andamanensis,exclude,2026-02-04T15:41:15.902738
Chaetodon_andamanensis_iNaturalist_486380130.jpg,Chaetodon andamanensis,exclude,2026-02-05T12:49:44.014891
Chaetodon_andamanensis_iNaturalist_545241141.jpg,Chaetodon andamanensis,color_correct,2026-02-10T22:50:39.570320
Chaetodon_andamanensis_iNaturalist_68351989.jpg,Chaetodon andamanensis,exclude,2026-02-04T15:41:21.547498
Chaetodon_argentatus_Bishop_1101542975.jpg,Chaetodon argentatus,exclude,2026-02-05T12:41:55.883644
Chaetodon_argentatus_FishBase_Charg_u3.jpg,Chaetodon argentatus,color_correct,2026-02-10T22:51:32.594126
Chaetodon_argentatus_FishWise_004409F006601W000005.jpg,Chaetodon argentatus,color_correct,2026-02-10T22:53:22.553637
Chaetodon_argentatus_FishWise_004409F006601W000006.jpg,Chaetodon argentatus,exclude,2026-02-10T22:53:29.107267
Chaetodon_argentatus_iNaturalist_263052559.jpg,Chaetodon argentatus,exclude,2026-02-04T15:41:50.947512
Chaetodon_argentatus_iNaturalist_263052573.jpg,Chaetodon argentatus,exclude,2026-02-04T15:41:52.201829
Chaetodon_argentatus_iNaturalist_302749246.jpg,Chaetodon argentatus,exclude,2026-02-04T15:41:53.385333
Chaetodon_argentatus_iNaturalist_304051728.jpg,Chaetodon argentatus,exclude,2026-02-04T15:41:55.535064
Chaetodon_argentatus_iNaturalist_331807669.jpg,Chaetodon argentatus,exclude,2026-02-04T15:41:58.660803
Chaetodon_argentatus_iNaturalist_576759039.jpg,Chaetodon argentatus,exclude,2026-02-04T15:41:57.827029
Chaetodon_argentatus_iNaturalist_59002230.jpg,Chaetodon argentatus,exclude,2026-02-04T15:42:07.385637
Chaetodon_argentatus_iNaturalist_605150779.jpg,Chaetodon argentatus,exclude,2026-02-04T15:42:05.860924
Chaetodon_argentatus_iNaturalist_83513611.jpg,Chaetodon argentatus,exclude,2026-02-04T15:42:04.046307
Chaetodon_assarius_iNaturalist_151182609.jpg,Chaetodon assarius,exclude,2026-02-04T15:42:25.498056
Chaetodon_assarius_iNaturalist_258921023.jpg,Chaetodon assarius,exclude,2026-02-04T15:42:31.972846
Chaetodon_assarius_iNaturalist_291017904.jpg,Chaetodon assarius,exclude,2026-02-04T15:42:32.879881
Chaetodon_assarius_iNaturalist_299428954.jpg,Chaetodon assarius,exclude,2026-02-04T15:42:33.765703
Chaetodon_assarius_iNaturalist_310339741.jpg,Chaetodon assarius,exclude,2026-02-04T15:42:40.506862
Chaetodon_assarius_iNaturalist_484163082.jpg,Chaetodon assarius,exclude,2026-02-04T15:42:38.348614
Chaetodon_assarius_iNaturalist_599485831.jpg,Chaetodon assarius,exclude,2026-02-04T15:42:37.481569
Chaetodon_aureofasciatus_Bishop_1459626629.jpg,Chaetodon aureofasciatus,exclude,2026-02-05T12:41:55.882757
Chaetodon_aureofasciatus_FishBaseUser_1700898771_108.162.226.189.jpg,Chaetodon aureofasciatus,resegment,2026-02-08T18:16:30.479778
Chaetodon_aureofasciatus_FishBase_Chaur_ui.jpg,Chaetodon aureofasciatus,exclude,2026-02-04T15:42:58.232513
Chaetodon_aureofasciatus_iNaturalist_175593141.jpg,Chaetodon aureofasciatus,exclude,2026-02-04T15:43:00.324107
Chaetodon_aureofasciatus_iNaturalist_204606708.jpg,Chaetodon aureofasciatus,exclude,2026-02-04T15:43:01.473750
Chaetodon_aureofasciatus_iNaturalist_22549155.jpg,Chaetodon aureofasciatus,exclude,2026-02-04T15:43:04.015046
Chaetodon_aureofasciatus_iNaturalist_481634544.jpg,Chaetodon aureofasciatus,exclude,2026-02-04T15:43:09.486299
Chaetodon_aureofasciatus_iNaturalist_524851900.jpg,Chaetodon aureofasciatus,exclude,2026-02-04T15:43:10.394625
Chaetodon_aureofasciatus_iNaturalist_592190693.jpg,Chaetodon aureofasciatus,exclude,2026-02-04T15:43:11.153064
Chaetodon_aureofasciatus_iNaturalist_592372199.jpg,Chaetodon aureofasciatus,exclude,2026-02-04T15:43:11.995254
Chaetodon_aureofasciatus_iNaturalist_595413339.jpg,Chaetodon aureofasciatus,exclude,2026-02-04T15:43:15.721783
Chaetodon_aureofasciatus_iNaturalist_598689315.jpg,Chaetodon aureofasciatus,exclude,2026-02-04T15:43:14.268836
Chaetodon_auriga_Bishop_-2122348146.jpg,Chaetodon auriga,exclude,2026-02-05T12:41:55.882659
Chaetodon_auriga_Bishop_1547714619.jpg,Chaetodon auriga,exclude,2026-02-05T12:41:55.883591
Chaetodon_auriga_Bishop_1988149751.jpg,Chaetodon auriga,exclude,2026-02-05T12:41:55.882672
Chaetodon_auriga_Bishop_415255648.jpg,Chaetodon auriga,exclude,2026-02-05T12:41:55.884141
Chaetodon_auriga_Bishop_843681634.jpg,Chaetodon auriga,exclude,2026-02-05T12:41:55.883113
Chaetodon_auriga_FishBaseUser_1357797387_125.17.229.2.jpg,Chaetodon auriga,exclude,2026-02-08T18:24:59.072638
Chaetodon_auriga_FishBaseUser_1361358789_86.28.236.182.jpg,Chaetodon auriga,resegment,2026-02-08T18:23:06.339578
Chaetodon_auriga_FishBaseUser_1418992547_164.100.150.114.jpg,Chaetodon auriga,exclude,2026-02-08T18:18:08.434390
Chaetodon_auriga_FishBaseUser_1526830822_162.158.22.216.jpg,Chaetodon auriga,exclude,2026-02-08T18:20:54.538316
Chaetodon_auriga_FishBaseUser_1585564321_141.101.69.75.jpg,Chaetodon auriga,exclude,2026-02-08T18:25:11.507654
Chaetodon_auriga_FishBaseUser_1585564466_141.101.69.75.jpg,Chaetodon auriga,exclude,2026-02-08T18:19:40.211574
Chaetodon_auriga_FishBaseUser_1585565083_141.101.69.75.jpg,Chaetodon auriga,exclude,2026-02-08T18:19:37.117938
Chaetodon_auriga_FishBaseUser_1656491305_172.70.142.69.jpg,Chaetodon auriga,exclude,2026-02-08T18:22:51.789823
Chaetodon_auriga_FishBaseUser_1672899659_172.70.211.174.jpg,Chaetodon auriga,exclude,2026-02-08T18:22:57.115016
Chaetodon_auriga_FishBaseUser_1672899735_172.69.34.39.jpg,Chaetodon auriga,exclude,2026-02-08T18:22:48.497139
Chaetodon_auriga_FishBaseUser_1704668297_172.70.55.156.jpg,Chaetodon auriga,exclude,2026-02-08T18:22:40.944135
Chaetodon_auriga_FishBaseUser_1705879547_172.70.254.95.jpg,Chaetodon auriga,resegment,2026-02-08T18:22:29.172868
Chaetodon_auriga_FishBaseUser_1724961964_172.68.91.134.jpg,Chaetodon auriga,exclude,2026-02-08T18:22:26.912216
Chaetodon_auriga_FishBaseUser_1724961987_172.68.91.135.jpg,Chaetodon auriga,exclude,2026-02-08T18:22:25.213665
Chaetodon_auriga_FishBaseUser_1747225070_95.95.129.49.jpg,Chaetodon auriga,exclude,2026-02-08T18:22:21.151928
Chaetodon_auriga_FishBaseUser_1747225153_95.95.129.49.jpg,Chaetodon auriga,exclude,2026-02-08T18:22:18.269162
Chaetodon_auriga_FishBase_Chaur_u0.jpg,Chaetodon auriga,exclude,2026-02-04T15:43:27.880750
Chaetodon_auriga_FishBase_Chaur_u3.jpg,Chaetodon auriga,exclude,2026-02-04T15:43:32.956143
Chaetodon_auriga_FishBase_Chaur_u4.jpg,Chaetodon auriga,exclude,2026-02-04T15:43:34.876487
Chaetodon_auriga_FishBase_Chaur_u6.jpg,Chaetodon auriga,fix_orientation,2026-02-04T15:43:39.594793
Chaetodon_auriga_FishBase_Chaur_ud.jpg,Chaetodon auriga,exclude,2026-02-04T15:43:54.830061
Chaetodon_auriga_FishBase_Chaur_ue.jpg,Chaetodon auriga,exclude,2026-02-04T15:43:56.474477
Chaetodon_auriga_FishBase_Chaur_un.jpg,Chaetodon auriga,exclude,2026-02-04T15:44:05.833213
Chaetodon_auriga_FishBase_Chaur_uv.jpg,Chaetodon auriga,fix_orientation,2026-02-04T15:44:10.825116
Chaetodon_auriga_FishBase_Chauru11.jpg,Chaetodon auriga,exclude,2026-02-04T15:44:18.433296
Chaetodon_auriga_FishPix_140582.jpg,Chaetodon auriga,fix_orientation,2026-02-12T15:23:01.321284
Chaetodon_auriga_FishPix_141073.jpg,Chaetodon auriga,exclude,2026-02-12T15:27:32.628028
Chaetodon_auriga_iNaturalist_15056180.jpg,Chaetodon auriga,exclude,2026-02-04T15:44:25.207791
Chaetodon_auriga_iNaturalist_15056242.jpg,Chaetodon auriga,exclude,2026-02-04T15:44:27.416393
Chaetodon_auriga_iNaturalist_15056243.jpg,Chaetodon auriga,exclude,2026-02-04T15:44:28.741191
Chaetodon_auriga_iNaturalist_220938852.jpg,Chaetodon auriga,exclude,2026-02-04T15:44:29.666609
Chaetodon_auriga_iNaturalist_317521711.jpg,Chaetodon auriga,exclude,2026-02-04T15:44:30.993375
Chaetodon_auriga_iNaturalist_389831783.jpg,Chaetodon auriga,exclude,2026-02-04T15:44:32.185784
Chaetodon_auriga_iNaturalist_549267892.jpg,Chaetodon auriga,exclude,2026-02-04T15:44:32.961363
Chaetodon_auriga_iNaturalist_559191666.jpg,Chaetodon auriga,exclude,2026-02-04T15:44:39.608481
Chaetodon_auriga_iNaturalist_69919845.jpg,Chaetodon auriga,exclude,2026-02-04T15:44:35.782947
Chaetodon_auripes_Bishop_-346327811.jpg,Chaetodon auripes,exclude,2026-02-05T12:41:55.884236
Chaetodon_auripes_Bishop_1839596140.jpg,Chaetodon auripes,exclude,2026-02-05T12:41:55.884111
Chaetodon_auripes_FishBase_Chaur_j0.jpg,Chaetodon auripes,exclude,2026-02-04T16:05:23.626431
Chaetodon_auripes_FishBase_Chaur_u2.jpg,Chaetodon auripes,exclude,2026-02-04T16:05:27.121212
Chaetodon_auripes_FishBase_Chaur_uo.jpg,Chaetodon auripes,exclude,2026-02-04T16:05:35.164046
Chaetodon_auripes_FishBase_Chaur_uu.jpg,Chaetodon auripes,exclude,2026-02-04T16:05:36.875653
Chaetodon_auripes_iNaturalist_176256724.jpg,Chaetodon auripes,exclude,2026-02-04T16:05:51.912801
Chaetodon_auripes_iNaturalist_300367621.jpg,Chaetodon auripes,exclude,2026-02-05T12:49:44.014891
Chaetodon_auripes_iNaturalist_398828755.jpg,Chaetodon auripes,exclude,2026-02-04T16:05:54.363037
Chaetodon_auripes_iNaturalist_423034637.jpg,Chaetodon auripes,exclude,2026-02-04T16:05:55.129149
Chaetodon_auripes_iNaturalist_473893703.jpg,Chaetodon auripes,exclude,2026-02-04T16:05:56.021621
Chaetodon_auripes_iNaturalist_474933774.jpg,Chaetodon auripes,exclude,2026-02-04T16:05:57.030475
Chaetodon_auripes_iNaturalist_563039127.jpg,Chaetodon auripes,exclude,2026-02-04T16:05:57.904800
Chaetodon_auripes_iNaturalist_576758934.jpg,Chaetodon auripes,exclude,2026-02-04T16:05:59.946027
Chaetodon_auripes_iNaturalist_609149715.jpg,Chaetodon auripes,exclude,2026-02-04T16:06:02.162120
Chaetodon_auripes_iNaturalist_63544462.jpg,Chaetodon auripes,exclude,2026-02-05T12:49:44.014891
Chaetodon_austriacus_Bishop_-1737564550.jpg,Chaetodon austriacus,exclude,2026-02-05T12:41:55.883584
Chaetodon_austriacus_FishBase_Chaus_u0.jpg,Chaetodon austriacus,exclude,2026-02-04T16:12:03.787997
Chaetodon_austriacus_FishBase_Chaus_u2.jpg,Chaetodon austriacus,exclude,2026-02-04T16:12:05.354032
Chaetodon_austriacus_FishBase_Chaus_u3.jpg,Chaetodon austriacus,resegment,2026-02-07T09:06:54.116239
Chaetodon_austriacus_iNaturalist_102813626.jpg,Chaetodon austriacus,exclude,2026-02-04T16:12:08.429603
Chaetodon_austriacus_iNaturalist_190613965.jpg,Chaetodon austriacus,exclude,2026-02-04T16:12:10.182161
Chaetodon_austriacus_iNaturalist_2086218.jpg,Chaetodon austriacus,exclude,2026-02-04T16:12:11.177643
Chaetodon_austriacus_iNaturalist_2086219.jpg,Chaetodon austriacus,exclude,2026-02-04T16:12:12.382479
Chaetodon_austriacus_iNaturalist_2282534.jpg,Chaetodon austriacus,exclude,2026-02-04T16:12:13.309036
Chaetodon_austriacus_iNaturalist_2282538.jpg,Chaetodon austriacus,exclude,2026-02-04T16:12:14.234363
Chaetodon_austriacus_iNaturalist_3125075.jpg,Chaetodon austriacus,exclude,2026-02-04T16:12:14.925530
Chaetodon_austriacus_iNaturalist_450186908.jpg,Chaetodon austriacus,exclude,2026-02-05T12:49:44.014891
Chaetodon_austriacus_iNaturalist_450388533.jpg,Chaetodon austriacus,exclude,2026-02-05T12:49:44.014891
Chaetodon_austriacus_iNaturalist_606348798.jpg,Chaetodon austriacus,exclude,2026-02-05T12:49:44.014891
Chaetodon_baronessa_Bishop_-2122794458.jpg,Chaetodon baronessa,exclude,2026-02-05T12:41:55.882882
Chaetodon_baronessa_Bishop_1152880952.jpg,Chaetodon baronessa,exclude,2026-02-05T12:41:55.884018
Chaetodon_baronessa_Bishop_601798515.jpg,Chaetodon baronessa,exclude,2026-02-05T12:41:55.883769
Chaetodon_baronessa_Bishop_918345433.jpg,Chaetodon baronessa,exclude,2026-02-05T12:41:55.883809
Chaetodon_baronessa_FishBaseUser_1444522709_24.215.186.224.jpg,Chaetodon baronessa,alt_morph,2026-02-11T14:46:25.879225
Chaetodon_baronessa_FishBaseUser_1527590351_162.158.22.210.jpg,Chaetodon baronessa,exclude,2026-02-11T14:28:57.669022
Chaetodon_baronessa_FishBaseUser_1703892135_172.70.55.134.jpg,Chaetodon baronessa,exclude,2026-02-11T14:46:33.714460
Chaetodon_baronessa_FishBaseUser_1706125656_172.70.55.133.jpg,Chaetodon baronessa,exclude,2026-02-11T14:50:43.611569
Chaetodon_baronessa_FishBaseUser_1707093697_172.70.82.152.jpg,Chaetodon baronessa,exclude,2026-02-11T14:50:46.261205
Chaetodon_baronessa_FishBaseUser_1747225527_95.95.129.49.jpg,Chaetodon baronessa,resegment,2026-02-11T14:29:04.297248
Chaetodon_baronessa_FishBase_Chbar_j0.jpg,Chaetodon baronessa,resegment,2026-02-08T16:00:01.642950
Chaetodon_baronessa_FishBase_Chbar_u2.jpg,Chaetodon baronessa,exclude,2026-02-04T22:37:07.216968
Chaetodon_baronessa_FishBase_Chbar_u5.jpg,Chaetodon baronessa,exclude,2026-02-04T22:37:11.399877
Chaetodon_baronessa_FishBase_Chbar_u7.jpg,Chaetodon baronessa,exclude,2026-02-04T22:37:13.391875
Chaetodon_baronessa_FishWise_007419F000009W000010.jpg,Chaetodon baronessa,exclude,2026-02-11T14:45:45.158816
Chaetodon_baronessa_FishWise_007419F000009W000015.jpg,Chaetodon baronessa,exclude,2026-02-11T14:46:00.921303
Chaetodon_baronessa_FishWise_007419F000033W000001.jpg,Chaetodon baronessa,exclude,2026-02-11T14:28:28.108003
Chaetodon_baronessa_FishWise_007419F000387W000016.jpg,Chaetodon baronessa,alt_morph,2026-02-11T14:46:23.712487
Chaetodon_baronessa_iNaturalist_160681551.jpg,Chaetodon baronessa,exclude,2026-02-04T22:37:28.041526
Chaetodon_baronessa_iNaturalist_287393226.jpg,Chaetodon baronessa,exclude,2026-02-04T22:37:29.283682
Chaetodon_baronessa_iNaturalist_290835408.jpg,Chaetodon baronessa,exclude,2026-02-04T22:37:30.491856
Chaetodon_baronessa_iNaturalist_376477120.jpg,Chaetodon baronessa,exclude,2026-02-04T22:37:32.060092
Chaetodon_baronessa_iNaturalist_390635292.jpg,Chaetodon baronessa,exclude,2026-02-05T12:49:44.014891
Chaetodon_baronessa_iNaturalist_390635305.jpg,Chaetodon baronessa,exclude,2026-02-04T22:37:34.924802
Chaetodon_baronessa_iNaturalist_390635319.jpg,Chaetodon baronessa,exclude,2026-02-04T22:37:36.816242
Chaetodon_baronessa_iNaturalist_390635338.jpg,Chaetodon baronessa,exclude,2026-02-05T12:49:44.014891
Chaetodon_baronessa_iNaturalist_409577421.jpg,Chaetodon baronessa,exclude,2026-02-04T22:37:37.967553
Chaetodon_baronessa_iNaturalist_409626771.jpg,Chaetodon baronessa,exclude,2026-02-04T22:37:39.075313
Chaetodon_bennetti_Bishop_-2064196433.jpg,Chaetodon bennetti,exclude,2026-02-05T12:41:55.884168
Chaetodon_bennetti_Bishop_711591108.jpg,Chaetodon bennetti,exclude,2026-02-05T12:41:55.883742
Chaetodon_bennetti_FishBaseUser_1433887928_2.238.54.39.jpg,Chaetodon bennetti,exclude,2026-02-08T18:32:26.095149
Chaetodon_bennetti_FishBaseUser_1497079694_172.68.132.253.jpg,Chaetodon bennetti,exclude,2026-02-08T18:32:27.243207
Chaetodon_bennetti_FishBaseUser_1741627575_188.114.102.234.jpg,Chaetodon bennetti,exclude,2026-02-08T18:33:37.387756
Chaetodon_bennetti_FishBaseUser_1747086309_169.150.203.237.jpg,Chaetodon bennetti,resegment,2026-02-08T18:33:40.450155
Chaetodon_bennetti_FishBaseUser_1747086353_169.150.203.237.jpg,Chaetodon bennetti,exclude,2026-02-08T18:33:44.539768
Chaetodon_bennetti_FishBaseUser_1747225772_95.95.129.49.jpg,Chaetodon bennetti,exclude,2026-02-08T18:33:46.143066
Chaetodon_bennetti_FishBase_Chben_u3.jpg,Chaetodon bennetti,exclude,2026-02-04T22:37:45.704746
Chaetodon_bennetti_FishPix_16721AF.jpg,Chaetodon bennetti,exclude,2026-02-08T18:33:06.381119
Chaetodon_bennetti_iNaturalist_214592077.jpg,Chaetodon bennetti,exclude,2026-02-04T22:38:01.146331
Chaetodon_bennetti_iNaturalist_450199757.jpg,Chaetodon bennetti,exclude,2026-02-04T22:38:08.155359
Chaetodon_bennetti_iNaturalist_450199763.jpg,Chaetodon bennetti,exclude,2026-02-04T22:38:10.988344
Chaetodon_bennetti_iNaturalist_452973249.jpg,Chaetodon bennetti,exclude,2026-02-04T22:38:11.864512
Chaetodon_bennetti_iNaturalist_476708566.jpg,Chaetodon bennetti,exclude,2026-02-04T22:38:12.896281
Chaetodon_bennetti_iNaturalist_476710068.jpg,Chaetodon bennetti,exclude,2026-02-04T22:38:14.163288
Chaetodon_bennetti_iNaturalist_604198648.jpg,Chaetodon bennetti,exclude,2026-02-04T22:38:14.914533
Chaetodon_bennetti_iNaturalist_605200594.jpg,Chaetodon bennetti,exclude,2026-02-04T22:38:15.895912
Chaetodon_bennetti_iNaturalist_607317919.jpg,Chaetodon bennetti,exclude,2026-02-04T22:38:18.963375
Chaetodon_blackburnii_Bishop_-410407509.jpg,Chaetodon blackburnii,exclude,2026-02-05T12:41:55.883565
Chaetodon_blackburnii_Bishop_1288243346.jpg,Chaetodon blackburnii,exclude,2026-02-05T12:41:55.883512
Chaetodon_blackburnii_Bishop_300609141.jpg,Chaetodon blackburnii,exclude,2026-02-05T12:41:55.882876
Chaetodon_blackburnii_FishBaseUser_1692770238_172.70.90.51.jpg,Chaetodon blackburnii,exclude,2026-02-08T18:35:43.943292
Chaetodon_blackburnii_FishBase_Chbla_j0.jpg,Chaetodon blackburnii,exclude,2026-02-04T22:38:23.684398
Chaetodon_blackburnii_FishBase_Chbla_j1.jpg,Chaetodon blackburnii,exclude,2026-02-08T18:34:59.478665
Chaetodon_blackburnii_iNaturalist_15662749.jpg,Chaetodon blackburnii,exclude,2026-02-04T22:38:27.867921
Chaetodon_blackburnii_iNaturalist_172869684.jpg,Chaetodon blackburnii,exclude,2026-02-05T12:49:44.014891
Chaetodon_blackburnii_iNaturalist_19230596.jpg,Chaetodon blackburnii,exclude,2026-02-04T22:38:28.934115
Chaetodon_blackburnii_iNaturalist_19749462.jpg,Chaetodon blackburnii,exclude,2026-02-04T22:38:29.926753
Chaetodon_blackburnii_iNaturalist_247677288.jpg,Chaetodon blackburnii,exclude,2026-02-04T22:38:32.493938
Chaetodon_blackburnii_iNaturalist_260269269.jpg,Chaetodon blackburnii,exclude,2026-02-04T22:38:33.284379
Chaetodon_blackburnii_iNaturalist_313216433.jpg,Chaetodon blackburnii,exclude,2026-02-04T22:38:34.660302
Chaetodon_blackburnii_iNaturalist_451247543.jpg,Chaetodon blackburnii,exclude,2026-02-04T22:38:35.401520
Chaetodon_blackburnii_iNaturalist_451247554.jpg,Chaetodon blackburnii,exclude,2026-02-04T22:38:36.326431
Chaetodon_blackburnii_iNaturalist_8799394.jpg,Chaetodon blackburnii,exclude,2026-02-04T22:38:37.792859
Chaetodon_burgessi_FishBaseUser_1368178716_114.155.226.67.jpg,Chaetodon burgessi,exclude,2026-02-08T18:39:31.717559
Chaetodon_burgessi_FishBase_Chbur_u1.jpg,Chaetodon burgessi,exclude,2026-02-04T22:39:05.251744
Chaetodon_burgessi_FishBase_Chbur_u4.jpg,Chaetodon burgessi,exclude,2026-02-04T22:39:09.368959
Chaetodon_burgessi_iNaturalist_117360580.jpg,Chaetodon burgessi,exclude,2026-02-04T22:39:16.656293
Chaetodon_burgessi_iNaturalist_1399554.jpg,Chaetodon burgessi,exclude,2026-02-05T12:49:44.014891
Chaetodon_burgessi_iNaturalist_264122895.jpg,Chaetodon burgessi,exclude,2026-02-04T22:39:26.988502
Chaetodon_burgessi_iNaturalist_377051376.jpg,Chaetodon burgessi,exclude,2026-02-04T22:39:28.380813
Chaetodon_burgessi_iNaturalist_417137299.jpg,Chaetodon burgessi,exclude,2026-02-04T22:39:29.947504
Chaetodon_burgessi_iNaturalist_485314131.jpg,Chaetodon burgessi,exclude,2026-02-04T22:39:31.064023
Chaetodon_burgessi_iNaturalist_59037796.jpg,Chaetodon burgessi,exclude,2026-02-04T22:39:33.222899
Chaetodon_burgessi_iNaturalist_608111330.jpg,Chaetodon burgessi,exclude,2026-02-04T22:39:34.604976
Chaetodon_burgessi_iNaturalist_9454337.jpg,Chaetodon burgessi,exclude,2026-02-04T22:39:35.564468
Chaetodon_capistratus_FishBaseUser_1376290842_67.188.132.137.jpg,Chaetodon capistratus,exclude,2026-02-08T18:41:29.547500
Chaetodon_capistratus_FishBaseUser_1495038199_162.158.154.105.jpg,Chaetodon capistratus,exclude,2026-02-08T18:41:39.920707
Chaetodon_capistratus_FishBaseUser_1528207456_162.158.22.24.jpg,Chaetodon capistratus,resegment,2026-02-08T18:40:59.042812
Chaetodon_capistratus_FishBaseUser_1598572753_162.158.187.179.jpg,Chaetodon capistratus,exclude,2026-02-08T18:41:44.835086
Chaetodon_capistratus_FishBaseUser_1708723355_172.70.55.71.jpg,Chaetodon capistratus,exclude,2026-02-08T18:45:02.821422
Chaetodon_capistratus_FishBaseUser_1711483687_172.70.254.83.jpg,Chaetodon capistratus,exclude,2026-02-08T18:45:01.472680
Chaetodon_capistratus_FishBaseUser_1747226077_95.95.129.49.jpg,Chaetodon capistratus,resegment,2026-02-08T18:44:17.587885
Chaetodon_capistratus_FishBase_Chcap_u0.jpg,Chaetodon capistratus,exclude,2026-02-05T12:42:38.121875
Chaetodon_capistratus_FishBase_Chcap_ub.jpg,Chaetodon capistratus,exclude,2026-02-04T22:39:54.360400
Chaetodon_capistratus_iNaturalist_188863842.jpg,Chaetodon capistratus,exclude,2026-02-04T22:40:04.310107
Chaetodon_capistratus_iNaturalist_194558459.jpg,Chaetodon capistratus,exclude,2026-02-04T22:40:06.734930
Chaetodon_capistratus_iNaturalist_308518622.jpg,Chaetodon capistratus,exclude,2026-02-04T22:39:41.876454
Chaetodon_capistratus_iNaturalist_411187850.jpg,Chaetodon capistratus,exclude,2026-02-05T12:49:44.014891
Chaetodon_capistratus_iNaturalist_449536529.jpg,Chaetodon capistratus,exclude,2026-02-04T22:40:08.651711
Chaetodon_capistratus_iNaturalist_449536831.jpg,Chaetodon capistratus,exclude,2026-02-05T12:49:44.014891
Chaetodon_capistratus_iNaturalist_449898623.jpg,Chaetodon capistratus,exclude,2026-02-04T22:40:10.068946
Chaetodon_capistratus_iNaturalist_449898642.jpg,Chaetodon capistratus,exclude,2026-02-04T22:40:10.976937
Chaetodon_capistratus_iNaturalist_476314039.jpg,Chaetodon capistratus,exclude,2026-02-04T22:40:11.801632
Chaetodon_capistratus_iNaturalist_92683344.jpg,Chaetodon capistratus,exclude,2026-02-04T22:40:14.702362
Chaetodon_citrinellus_Bishop_-1191499504.jpg,Chaetodon citrinellus,exclude,2026-02-05T12:41:55.883788
Chaetodon_citrinellus_Bishop_-1736280642.jpg,Chaetodon citrinellus,exclude,2026-02-05T12:41:55.883195
Chaetodon_citrinellus_Bishop_-1937929700.jpg,Chaetodon citrinellus,exclude,2026-02-05T12:41:55.883734
Chaetodon_citrinellus_Bishop_1043818087.jpg,Chaetodon citrinellus,exclude,2026-02-05T12:41:55.883762
Chaetodon_citrinellus_Bishop_520787921.jpg,Chaetodon citrinellus,exclude,2026-02-05T12:41:55.883126
Chaetodon_citrinellus_FishBase_Chcit_u0.jpg,Chaetodon citrinellus,exclude,2026-02-04T22:40:45.873264
Chaetodon_citrinellus_FishBase_Chcit_u6.jpg,Chaetodon citrinellus,exclude,2026-02-04T22:40:48.506596
Chaetodon_citrinellus_iNaturalist_11975509.jpg,Chaetodon citrinellus,exclude,2026-02-04T22:40:51.965559
Chaetodon_citrinellus_iNaturalist_233426826.jpg,Chaetodon citrinellus,exclude,2026-02-04T22:40:53.122808
Chaetodon_citrinellus_iNaturalist_237829084.jpg,Chaetodon citrinellus,exclude,2026-02-04T22:40:55.031935
Chaetodon_citrinellus_iNaturalist_33805303.jpg,Chaetodon citrinellus,exclude,2026-02-04T22:40:55.847476
Chaetodon_citrinellus_iNaturalist_354753796.jpg,Chaetodon citrinellus,exclude,2026-02-04T22:40:56.906840
Chaetodon_citrinellus_iNaturalist_354753799.jpg,Chaetodon citrinellus,exclude,2026-02-04T22:40:59.956310
Chaetodon_citrinellus_iNaturalist_471967882.jpg,Chaetodon citrinellus,exclude,2026-02-04T22:41:01.164626
Chaetodon_citrinellus_iNaturalist_536646907.jpg,Chaetodon citrinellus,exclude,2026-02-04T22:41:02.232418
Chaetodon_citrinellus_iNaturalist_585084786.jpg,Chaetodon citrinellus,exclude,2026-02-04T22:41:03.414698
Chaetodon_citrinellus_iNaturalist_602667833.jpg,Chaetodon citrinellus,exclude,2026-02-04T22:41:04.290032
Chaetodon_collare_Bishop_1403678122.jpg,Chaetodon collare,exclude,2026-02-05T12:41:55.882831
Chaetodon_collare_Bishop_1999007469.jpg,Chaetodon collare,exclude,2026-02-05T12:41:55.882863
Chaetodon_collare_FishBase_Chcol_u1.jpg,Chaetodon collare,exclude,2026-02-04T22:41:11.811360
Chaetodon_collare_FishBase_Chcol_u6.jpg,Chaetodon collare,fix_orientation,2026-02-04T22:41:17.952416
Chaetodon_collare_FishBase_Chcol_u7.jpg,Chaetodon collare,exclude,2026-02-04T22:41:16.077740
Chaetodon_collare_FishBase_Chcol_u9.jpg,Chaetodon collare,exclude,2026-02-04T22:41:15.170396
Chaetodon_collare_FishBase_Chcol_ub.jpg,Chaetodon collare,fix_orientation,2026-02-04T22:41:33.565571
Chaetodon_collare_FishBase_Chcol_uc.jpg,Chaetodon collare,fix_orientation,2026-02-04T22:41:32.611460
Chaetodon_collare_iNaturalist_199056448.jpg,Chaetodon collare,exclude,2026-02-04T22:41:41.940581
Chaetodon_collare_iNaturalist_249083568.jpg,Chaetodon collare,exclude,2026-02-04T22:41:42.807812
Chaetodon_collare_iNaturalist_249083569.jpg,Chaetodon collare,exclude,2026-02-04T22:41:43.666336
Chaetodon_collare_iNaturalist_249083576.jpg,Chaetodon collare,exclude,2026-02-04T22:41:44.440458
Chaetodon_collare_iNaturalist_249083606.jpg,Chaetodon collare,exclude,2026-02-04T22:41:45.218773
Chaetodon_collare_iNaturalist_332653503.jpg,Chaetodon collare,exclude,2026-02-04T22:41:46.456878
Chaetodon_collare_iNaturalist_470988304.jpg,Chaetodon collare,exclude,2026-02-04T22:41:50.523705
Chaetodon_collare_iNaturalist_482033388.jpg,Chaetodon collare,exclude,2026-02-04T22:41:49.481770
Chaetodon_collare_iNaturalist_483798684.jpg,Chaetodon collare,exclude,2026-02-04T22:41:48.840766
Chaetodon_collare_iNaturalist_603923252.jpg,Chaetodon collare,exclude,2026-02-04T22:41:47.893414
Chaetodon_daedalma_Bishop_1811677923.jpg,Chaetodon daedalma,exclude,2026-02-05T12:41:55.883464
Chaetodon_daedalma_FishBase_Chdae_u0.jpg,Chaetodon daedalma,exclude,2026-02-04T22:41:54.612727
Chaetodon_daedalma_iNaturalist_390092673.jpg,Chaetodon daedalma,exclude,2026-02-04T22:41:59.502522
Chaetodon_daedalma_iNaturalist_560372799.jpg,Chaetodon daedalma,exclude,2026-02-05T12:49:44.014891
Chaetodon_daedalma_iNaturalist_560373781.jpg,Chaetodon daedalma,exclude,2026-02-04T22:42:00.836723
Chaetodon_daedalma_iNaturalist_566708005.jpg,Chaetodon daedalma,exclude,2026-02-04T22:42:03.037250
Chaetodon_daedalma_iNaturalist_78269334.jpg,Chaetodon daedalma,exclude,2026-02-04T22:42:04.104825
Chaetodon_declivis_Bishop_-274435096.jpg,Chaetodon declivis,exclude,2026-02-05T12:41:55.884012
Chaetodon_declivis_Bishop_-405463978.jpg,Chaetodon declivis,exclude,2026-02-04T22:43:06.486162
Chaetodon_declivis_Bishop_1376440265.jpg,Chaetodon declivis,exclude,2026-02-05T12:41:55.883904
Chaetodon_declivis_FishBase_Chdec_u0.jpg,Chaetodon declivis,exclude,2026-02-04T22:43:08.841516
Chaetodon_declivis_FishBase_Chdec_ua.jpg,Chaetodon declivis,exclude,2026-02-04T22:43:21.095598
Chaetodon_declivis_FishBase_Chdec_ub.jpg,Chaetodon declivis,exclude,2026-02-04T22:43:51.141861
Chaetodon_declivis_iNaturalist_594486076.jpg,Chaetodon declivis,exclude,2026-02-04T22:43:13.738067
Chaetodon_decussatus_FishBase_Chdec_j0.jpg,Chaetodon decussatus,fix_orientation,2026-02-04T22:48:07.010435
Chaetodon_decussatus_FishBase_Chdec_u4.jpg,Chaetodon decussatus,fix_orientation,2026-02-04T22:48:13.793933
Chaetodon_decussatus_FishBase_Chdec_u5.jpg,Chaetodon decussatus,fix_orientation,2026-02-04T22:48:18.893748
Chaetodon_decussatus_FishBase_Chdec_u6.jpg,Chaetodon decussatus,exclude,2026-02-04T22:48:22.643651
Chaetodon_decussatus_FishBase_Chdec_uc.jpg,Chaetodon decussatus,fix_orientation,2026-02-04T22:48:29.861395
Chaetodon_decussatus_iNaturalist_249961062.jpg,Chaetodon decussatus,exclude,2026-02-04T22:48:39.452296
Chaetodon_decussatus_iNaturalist_249961088.jpg,Chaetodon decussatus,exclude,2026-02-04T22:48:40.736793
Chaetodon_decussatus_iNaturalist_270162452.jpg,Chaetodon decussatus,exclude,2026-02-04T22:48:42.194830
Chaetodon_decussatus_iNaturalist_366445056.jpg,Chaetodon decussatus,exclude,2026-02-04T22:48:43.319417
Chaetodon_decussatus_iNaturalist_42777173.jpg,Chaetodon decussatus,exclude,2026-02-04T22:48:44.253151
Chaetodon_decussatus_iNaturalist_447360473.jpg,Chaetodon decussatus,exclude,2026-02-04T22:48:47.519173
Chaetodon_decussatus_iNaturalist_451789851.jpg,Chaetodon decussatus,exclude,2026-02-04T22:48:48.686144
Chaetodon_decussatus_iNaturalist_451789859.jpg,Chaetodon decussatus,exclude,2026-02-04T22:48:49.670153
Chaetodon_decussatus_iNaturalist_567031020.jpg,Chaetodon decussatus,exclude,2026-02-05T12:49:44.014891
Chaetodon_decussatus_iNaturalist_60833629.jpg,Chaetodon decussatus,exclude,2026-02-04T22:48:50.686677
Chaetodon_dialeucos_Bishop_1297085044.jpg,Chaetodon dialeucos,exclude,2026-02-05T12:41:55.883456
Chaetodon_dialeucos_FishBase_Chdia_j0.jpg,Chaetodon dialeucos,exclude,2026-02-04T22:49:21.211293
Chaetodon_dialeucos_FishBase_Chdia_u1.jpg,Chaetodon dialeucos,exclude,2026-02-04T22:49:23.202873
Chaetodon_dialeucos_iNaturalist_33142941.jpg,Chaetodon dialeucos,exclude,2026-02-04T22:49:27.528010
Chaetodon_dialeucos_iNaturalist_33142997.jpg,Chaetodon dialeucos,exclude,2026-02-04T22:49:28.578601
Chaetodon_dialeucos_iNaturalist_484816549.jpg,Chaetodon dialeucos,exclude,2026-02-04T22:49:31.185953
Chaetodon_dolosus_FishBase_Chdol_u0.jpg,Chaetodon dolosus,exclude,2026-02-05T10:22:49.722012
Chaetodon_dolosus_FishBase_Chdol_u1.jpg,Chaetodon dolosus,exclude,2026-02-05T10:22:55.666286
Chaetodon_dolosus_FishBase_Chdol_u3.jpg,Chaetodon dolosus,exclude,2026-02-05T10:22:57.421288
Chaetodon_dolosus_iNaturalist_15539185.jpg,Chaetodon dolosus,exclude,2026-02-05T10:22:58.587981
Chaetodon_dolosus_iNaturalist_15690595.jpg,Chaetodon dolosus,exclude,2026-02-05T10:22:59.938617
Chaetodon_dolosus_iNaturalist_174031777.jpg,Chaetodon dolosus,exclude,2026-02-05T10:23:03.354149
Chaetodon_dolosus_iNaturalist_174692343.jpg,Chaetodon dolosus,exclude,2026-02-05T10:23:04.229114
Chaetodon_dolosus_iNaturalist_236027673.jpg,Chaetodon dolosus,exclude,2026-02-05T10:23:05.171711
Chaetodon_dolosus_iNaturalist_343070892.jpg,Chaetodon dolosus,exclude,2026-02-05T12:49:44.014891
Chaetodon_dolosus_iNaturalist_343070907.jpg,Chaetodon dolosus,exclude,2026-02-05T10:23:06.138001
Chaetodon_dolosus_iNaturalist_343070914.jpg,Chaetodon dolosus,exclude,2026-02-05T10:23:06.996312
Chaetodon_dolosus_iNaturalist_349460578.jpg,Chaetodon dolosus,exclude,2026-02-05T10:23:07.821004
Chaetodon_dolosus_iNaturalist_56573333.jpg,Chaetodon dolosus,exclude,2026-02-05T10:23:10.204424
Chaetodon_ephippium_Bishop_-1179871461.jpg,Chaetodon ephippium,exclude,2026-02-05T12:41:55.883004
Chaetodon_ephippium_Bishop_-1248760382.jpg,Chaetodon ephippium,exclude,2026-02-05T12:41:55.883836
Chaetodon_ephippium_FishBase_Cheph_u8.jpg,Chaetodon ephippium,fix_orientation,2026-02-05T12:43:53.031735
Chaetodon_ephippium_FishBase_Cheph_uc.jpg,Chaetodon ephippium,exclude,2026-02-05T12:43:57.247899
Chaetodon_ephippium_FishBase_Cheph_ud.jpg,Chaetodon ephippium,exclude,2026-02-05T12:43:58.147172
Chaetodon_ephippium_FishBase_Cheph_ue.jpg,Chaetodon ephippium,exclude,2026-02-05T12:43:59.505104
Chaetodon_ephippium_FishBase_Cheph_uf.jpg,Chaetodon ephippium,exclude,2026-02-05T12:44:02.188773
Chaetodon_ephippium_iNaturalist_15333789.jpg,Chaetodon ephippium,exclude,2026-02-05T12:44:05.081466
Chaetodon_ephippium_iNaturalist_243890971.jpg,Chaetodon ephippium,exclude,2026-02-05T12:49:44.014891
Chaetodon_ephippium_iNaturalist_243890974.jpg,Chaetodon ephippium,exclude,2026-02-05T12:49:44.014891
Chaetodon_ephippium_iNaturalist_330181464.jpg,Chaetodon ephippium,exclude,2026-02-05T12:49:44.014891
Chaetodon_ephippium_iNaturalist_330181465.jpg,Chaetodon ephippium,exclude,2026-02-05T12:49:44.014891
Chaetodon_ephippium_iNaturalist_330181466.jpg,Chaetodon ephippium,exclude,2026-02-05T12:49:44.014891
Chaetodon_ephippium_iNaturalist_363907459.jpg,Chaetodon ephippium,exclude,2026-02-05T12:49:44.014891
Chaetodon_ephippium_iNaturalist_436944065.jpg,Chaetodon ephippium,exclude,2026-02-05T12:49:44.014891
Chaetodon_ephippium_iNaturalist_477534095.jpg,Chaetodon ephippium,exclude,2026-02-05T12:49:44.014891
Chaetodon_ephippium_iNaturalist_549286482.jpg,Chaetodon ephippium,exclude,2026-02-05T12:49:44.014891
Chaetodon_falcula_Bishop_1821335233.jpg,Chaetodon falcula,exclude,2026-02-05T12:41:55.883365
Chaetodon_falcula_FishBase_Chfal_u0.jpg,Chaetodon falcula,fix_orientation,2026-02-05T12:44:34.797626
Chaetodon_falcula_FishBase_Chfal_u5.jpg,Chaetodon falcula,fix_orientation,2026-02-05T12:44:39.033031
Chaetodon_falcula_FishBase_Chfal_u7.jpg,Chaetodon falcula,fix_orientation,2026-02-05T12:44:41.410827
Chaetodon_falcula_iNaturalist_11763158.jpg,Chaetodon falcula,exclude,2026-02-05T12:45:00.614094
Chaetodon_falcula_iNaturalist_317097780.jpg,Chaetodon falcula,exclude,2026-02-05T12:45:02.290324
Chaetodon_falcula_iNaturalist_340839235.jpg,Chaetodon falcula,exclude,2026-02-05T12:45:04.563928
Chaetodon_falcula_iNaturalist_379635851.jpg,Chaetodon falcula,exclude,2026-02-05T12:45:06.877860
Chaetodon_falcula_iNaturalist_419993389.jpg,Chaetodon falcula,exclude,2026-02-05T12:45:14.276911
Chaetodon_falcula_iNaturalist_419993422.jpg,Chaetodon falcula,exclude,2026-02-05T12:45:13.302604
Chaetodon_falcula_iNaturalist_419993448.jpg,Chaetodon falcula,exclude,2026-02-05T12:45:12.310808
Chaetodon_falcula_iNaturalist_443949633.jpg,Chaetodon falcula,exclude,2026-02-05T12:45:11.143091
Chaetodon_falcula_iNaturalist_467014694.jpg,Chaetodon falcula,exclude,2026-02-05T12:45:09.777028
Chaetodon_falcula_iNaturalist_602174061.jpg,Chaetodon falcula,exclude,2026-02-05T12:45:08.851623
Chaetodon_fasciatus_Bishop_-1886056978.jpg,Chaetodon fasciatus,exclude,2026-02-05T12:41:55.883817
Chaetodon_fasciatus_Bishop_2100774615.jpg,Chaetodon fasciatus,exclude,2026-02-05T12:41:55.883357
Chaetodon_fasciatus_FishBase_Chfas_u0.jpg,Chaetodon fasciatus,fix_orientation,2026-02-05T10:44:13.581499
Chaetodon_fasciatus_FishBase_Chfas_uh.jpg,Chaetodon fasciatus,fix_orientation,2026-02-05T12:46:36.191769
Chaetodon_fasciatus_FishBase_Chfas_up.jpg,Chaetodon fasciatus,fix_orientation,2026-02-05T12:46:39.362004
Chaetodon_fasciatus_FishPix_32789AF.jpg,Chaetodon fasciatus,fix_orientation,2026-02-05T12:46:49.426113
Chaetodon_fasciatus_iNaturalist_174967542.jpg,Chaetodon fasciatus,exclude,2026-02-05T10:43:55.726711
Chaetodon_fasciatus_iNaturalist_344206924.jpg,Chaetodon fasciatus,exclude,2026-02-05T10:43:55.726711
Chaetodon_fasciatus_iNaturalist_344206951.jpg,Chaetodon fasciatus,exclude,2026-02-05T10:43:55.726711
Chaetodon_fasciatus_iNaturalist_344206971.jpg,Chaetodon fasciatus,exclude,2026-02-05T10:43:55.726711
Chaetodon_fasciatus_iNaturalist_344206990.jpg,Chaetodon fasciatus,exclude,2026-02-05T10:43:55.726711
Chaetodon_fasciatus_iNaturalist_344207037.jpg,Chaetodon fasciatus,exclude,2026-02-05T10:43:55.726711
Chaetodon_fasciatus_iNaturalist_480744407.jpg,Chaetodon fasciatus,exclude,2026-02-05T10:43:55.726711
Chaetodon_fasciatus_iNaturalist_55868231.jpg,Chaetodon fasciatus,exclude,2026-02-05T10:43:55.726711
Chaetodon_fasciatus_iNaturalist_595286178.jpg,Chaetodon fasciatus,exclude,2026-02-05T10:43:55.726711
Chaetodon_fasciatus_iNaturalist_596429681.jpg,Chaetodon fasciatus,exclude,2026-02-05T10:43:55.726711
Chaetodon_flavirostris_Bishop_1864146380.jpg,Chaetodon flavirostris,exclude,2026-02-05T12:41:55.883433
Chaetodon_flavirostris_FishBase_Chfla_u1.jpg,Chaetodon flavirostris,fix_orientation,2026-02-05T12:47:43.734217
Chaetodon_flavirostris_FishBase_Chfla_us.jpg,Chaetodon flavirostris,fix_orientation,2026-02-05T12:47:40.802061
Chaetodon_flavirostris_FishPix_32909AF.jpg,Chaetodon flavirostris,fix_orientation,2026-02-05T12:47:39.100337
Chaetodon_flavirostris_iNaturalist_12040833.jpg,Chaetodon flavirostris,exclude,2026-02-05T12:47:32.968173
Chaetodon_flavirostris_iNaturalist_12760738.jpg,Chaetodon flavirostris,exclude,2026-02-05T12:47:24.612598
Chaetodon_flavirostris_iNaturalist_17376679.jpg,Chaetodon flavirostris,exclude,2026-02-05T12:47:18.367242
Chaetodon_flavirostris_iNaturalist_17376788.jpg,Chaetodon flavirostris,exclude,2026-02-05T12:47:19.912803
Chaetodon_flavirostris_iNaturalist_177651824.jpg,Chaetodon flavirostris,exclude,2026-02-05T12:47:20.871506
Chaetodon_flavirostris_iNaturalist_19897048.jpg,Chaetodon flavirostris,exclude,2026-02-05T12:47:21.901355
Chaetodon_flavirostris_iNaturalist_20063822.jpg,Chaetodon flavirostris,exclude,2026-02-05T12:47:22.987803
Chaetodon_flavirostris_iNaturalist_361544133.jpg,Chaetodon flavirostris,exclude,2026-02-05T12:47:16.579728
Chaetodon_flavirostris_iNaturalist_425367144.jpg,Chaetodon flavirostris,exclude,2026-02-05T12:47:15.741929
Chaetodon_flavirostris_iNaturalist_5950939.jpg,Chaetodon flavirostris,exclude,2026-02-05T12:47:14.904201
Chaetodon_flavocoronatus_Bishop_-1261632291.jpg,Chaetodon flavocoronatus,exclude,2026-02-05T12:41:55.883520
Chaetodon_flavocoronatus_Bishop_-1599575846.jpg,Chaetodon flavocoronatus,exclude,2026-02-05T12:41:55.884196
Chaetodon_flavocoronatus_iNaturalist_457352545.jpg,Chaetodon flavocoronatus,exclude,2026-02-05T12:49:44.014891
Chaetodon_flavocoronatus_iNaturalist_598684494.jpg,Chaetodon flavocoronatus,exclude,2026-02-05T12:49:44.014891
Chaetodon_flavocoronatus_iNaturalist_598921705.jpg,Chaetodon flavocoronatus,exclude,2026-02-05T12:49:44.014891
Chaetodon_flavocoronatus_iNaturalist_598924792.jpg,Chaetodon flavocoronatus,exclude,2026-02-05T12:49:44.014891
Chaetodon_fremblii_Bishop_5130835.jpg,Chaetodon fremblii,exclude,2026-02-05T12:41:55.882764
Chaetodon_fremblii_FishBase_Chfre_j0.jpg,Chaetodon fremblii,exclude,2026-02-05T13:33:43.904648
Chaetodon_fremblii_FishBase_Chfre_u0.jpg,Chaetodon fremblii,exclude,2026-02-05T13:33:45.362645
Chaetodon_fremblii_FishBase_Chfre_u3.jpg,Chaetodon fremblii,fix_orientation,2026-02-05T13:33:50.805015
Chaetodon_fremblii_FishBase_Chfre_u4.jpg,Chaetodon fremblii,fix_orientation,2026-02-05T13:33:53.205732
Chaetodon_fremblii_FishPix_85090AF.jpg,Chaetodon fremblii,fix_orientation,2026-02-05T13:33:57.388428
Chaetodon_fremblii_iNaturalist_101580731.jpg,Chaetodon fremblii,exclude,2026-02-05T12:49:44.014891
Chaetodon_fremblii_iNaturalist_168295733.jpg,Chaetodon fremblii,exclude,2026-02-05T12:49:44.014891
Chaetodon_fremblii_iNaturalist_257546329.jpg,Chaetodon fremblii,exclude,2026-02-05T12:49:44.014891
Chaetodon_fremblii_iNaturalist_317852.jpg,Chaetodon fremblii,exclude,2026-02-05T12:49:44.014891
Chaetodon_fremblii_iNaturalist_34139600.jpg,Chaetodon fremblii,exclude,2026-02-05T12:49:44.014891
Chaetodon_fremblii_iNaturalist_341654889.jpg,Chaetodon fremblii,exclude,2026-02-05T12:49:44.014891
Chaetodon_fremblii_iNaturalist_380394577.jpg,Chaetodon fremblii,exclude,2026-02-05T12:49:44.014891
Chaetodon_fremblii_iNaturalist_443350802.jpg,Chaetodon fremblii,exclude,2026-02-05T12:49:44.014891
Chaetodon_fremblii_iNaturalist_598700049.jpg,Chaetodon fremblii,exclude,2026-02-05T12:49:44.014891
Chaetodon_fremblii_iNaturalist_598700060.jpg,Chaetodon fremblii,exclude,2026-02-05T12:49:44.014891
Chaetodon_gardineri_Bishop_-1706450280.jpg,Chaetodon gardineri,exclude,2026-02-05T12:41:55.883204
Chaetodon_gardineri_FishBase_Chgar_u2.jpg,Chaetodon gardineri,fix_orientation,2026-02-05T13:47:48.445153
Chaetodon_gardineri_iNaturalist_174082664.jpg,Chaetodon gardineri,exclude,2026-02-05T12:49:44.014891
Chaetodon_gardineri_iNaturalist_278903419.jpg,Chaetodon gardineri,exclude,2026-02-05T12:49:44.014891
Chaetodon_gardineri_iNaturalist_278903646.jpg,Chaetodon gardineri,exclude,2026-02-05T12:49:44.014891
Chaetodon_gardineri_iNaturalist_278909933.jpg,Chaetodon gardineri,exclude,2026-02-05T12:49:44.014891
Chaetodon_gardineri_iNaturalist_60495450.jpg,Chaetodon gardineri,exclude,2026-02-05T12:49:44.014891
Chaetodon_guentheri_Bishop_-184146759.jpg,Chaetodon guentheri,exclude,2026-02-05T12:41:55.882998
Chaetodon_guentheri_FishBase_Chgue_u2.jpg,Chaetodon guentheri,exclude,2026-02-05T13:48:08.189897
Chaetodon_guentheri_FishBase_Chgue_ua.jpg,Chaetodon guentheri,fix_orientation,2026-02-05T13:48:19.069137
Chaetodon_guentheri_iNaturalist_12931521.jpg,Chaetodon guentheri,exclude,2026-02-05T12:49:44.014891
Chaetodon_guentheri_iNaturalist_16103786.jpg,Chaetodon guentheri,exclude,2026-02-05T12:49:44.014891
Chaetodon_guentheri_iNaturalist_17952429.jpg,Chaetodon guentheri,exclude,2026-02-05T12:49:44.014891
Chaetodon_guentheri_iNaturalist_18275791.jpg,Chaetodon guentheri,exclude,2026-02-05T12:49:44.014891
Chaetodon_guentheri_iNaturalist_19964900.jpg,Chaetodon guentheri,exclude,2026-02-05T12:49:44.014891
Chaetodon_guentheri_iNaturalist_19964904.jpg,Chaetodon guentheri,exclude,2026-02-05T12:49:44.014891
Chaetodon_guentheri_iNaturalist_260515897.jpg,Chaetodon guentheri,exclude,2026-02-05T12:49:44.014891
Chaetodon_guentheri_iNaturalist_260515911.jpg,Chaetodon guentheri,exclude,2026-02-05T12:49:44.014891
Chaetodon_guentheri_iNaturalist_298435945.jpg,Chaetodon guentheri,exclude,2026-02-05T12:49:44.014891
Chaetodon_guentheri_iNaturalist_462449919.jpg,Chaetodon guentheri,exclude,2026-02-05T12:49:44.014891
Chaetodon_guttatissimus_Bishop_-1623433841.jpg,Chaetodon guttatissimus,exclude,2026-02-05T12:41:55.883472
Chaetodon_guttatissimus_Bishop_-397235578.jpg,Chaetodon guttatissimus,exclude,2026-02-05T12:41:55.882925
Chaetodon_guttatissimus_FishBase_Chgut_u3.jpg,Chaetodon guttatissimus,fix_orientation,2026-02-07T08:55:36.284487
Chaetodon_guttatissimus_iNaturalist_174031744.jpg,Chaetodon guttatissimus,exclude,2026-02-05T12:49:44.014891
Chaetodon_guttatissimus_iNaturalist_174546136.jpg,Chaetodon guttatissimus,exclude,2026-02-05T12:49:44.014891
Chaetodon_guttatissimus_iNaturalist_233427015.jpg,Chaetodon guttatissimus,exclude,2026-02-05T12:49:44.014891
Chaetodon_guttatissimus_iNaturalist_26864062.jpg,Chaetodon guttatissimus,exclude,2026-02-05T12:49:44.014891
Chaetodon_guttatissimus_iNaturalist_303971849.jpg,Chaetodon guttatissimus,exclude,2026-02-05T12:49:44.014891
Chaetodon_guttatissimus_iNaturalist_380299825.jpg,Chaetodon guttatissimus,exclude,2026-02-05T12:49:44.014891
Chaetodon_guttatissimus_iNaturalist_473229926.jpg,Chaetodon guttatissimus,exclude,2026-02-05T12:49:44.014891
Chaetodon_guttatissimus_iNaturalist_474997418.jpg,Chaetodon guttatissimus,exclude,2026-02-05T12:49:44.014891
Chaetodon_guttatissimus_iNaturalist_504140684.jpg,Chaetodon guttatissimus,exclude,2026-02-05T12:49:44.014891
Chaetodon_guttatissimus_iNaturalist_584519765.jpg,Chaetodon guttatissimus,exclude,2026-02-05T12:49:44.014891
Chaetodon_hoefleri_iNaturalist_349923953.jpg,Chaetodon hoefleri,exclude,2026-02-05T12:49:44.014891
Chaetodon_hoefleri_iNaturalist_349923955.jpg,Chaetodon hoefleri,exclude,2026-02-05T12:49:44.014891
Chaetodon_hoefleri_iNaturalist_349923956.jpg,Chaetodon hoefleri,exclude,2026-02-05T12:49:44.014891
Chaetodon_hoefleri_iNaturalist_349923974.jpg,Chaetodon hoefleri,exclude,2026-02-05T12:49:44.014891
Chaetodon_hoefleri_iNaturalist_349923976.jpg,Chaetodon hoefleri,exclude,2026-02-05T12:49:44.014891
Chaetodon_hoefleri_iNaturalist_349923979.jpg,Chaetodon hoefleri,exclude,2026-02-05T12:49:44.014891
Chaetodon_hoefleri_iNaturalist_349923999.jpg,Chaetodon hoefleri,exclude,2026-02-05T12:49:44.014891
Chaetodon_hoefleri_iNaturalist_349924002.jpg,Chaetodon hoefleri,exclude,2026-02-05T12:49:44.014891
Chaetodon_hoefleri_iNaturalist_350007389.jpg,Chaetodon hoefleri,exclude,2026-02-05T12:49:44.014891
Chaetodon_hoefleri_iNaturalist_424743322.jpg,Chaetodon hoefleri,exclude,2026-02-05T12:49:44.014891
Chaetodon_humeralis_iNaturalist_10169427.jpg,Chaetodon humeralis,exclude,2026-02-05T12:49:44.014891
Chaetodon_humeralis_iNaturalist_11971502.jpg,Chaetodon humeralis,exclude,2026-02-05T12:49:44.014891
Chaetodon_humeralis_iNaturalist_1461105.jpg,Chaetodon humeralis,exclude,2026-02-05T12:49:44.014891
Chaetodon_humeralis_iNaturalist_298048415.jpg,Chaetodon humeralis,exclude,2026-02-05T12:49:44.014891
Chaetodon_humeralis_iNaturalist_456296117.jpg,Chaetodon humeralis,exclude,2026-02-05T12:49:44.014891
Chaetodon_humeralis_iNaturalist_607033378.jpg,Chaetodon humeralis,exclude,2026-02-05T12:49:44.014891
Chaetodon_humeralis_iNaturalist_8288759.jpg,Chaetodon humeralis,exclude,2026-02-05T12:49:44.014891
Chaetodon_humeralis_iNaturalist_85384668.jpg,Chaetodon humeralis,exclude,2026-02-05T12:49:44.014891
Chaetodon_humeralis_iNaturalist_87012423.jpg,Chaetodon humeralis,exclude,2026-02-05T12:49:44.014891
Chaetodon_humeralis_iNaturalist_88599882.jpg,Chaetodon humeralis,exclude,2026-02-05T12:49:44.014891
Chaetodon_interruptus_iNaturalist_15933811.jpg,Chaetodon interruptus,exclude,2026-02-05T12:49:44.014891
Chaetodon_interruptus_iNaturalist_170722148.jpg,Chaetodon interruptus,exclude,2026-02-05T12:49:44.014891
Chaetodon_interruptus_iNaturalist_231967804.jpg,Chaetodon interruptus,exclude,2026-02-05T12:49:44.014891
Chaetodon_interruptus_iNaturalist_422239513.jpg,Chaetodon interruptus,exclude,2026-02-05T12:49:44.014891
Chaetodon_interruptus_iNaturalist_444196719.jpg,Chaetodon interruptus,exclude,2026-02-05T12:49:44.014891
Chaetodon_interruptus_iNaturalist_479599038.jpg,Chaetodon interruptus,exclude,2026-02-05T12:49:44.014891
Chaetodon_interruptus_iNaturalist_75713374.jpg,Chaetodon interruptus,exclude,2026-02-05T12:49:44.014891
Chaetodon_interruptus_iNaturalist_82279573.jpg,Chaetodon interruptus,exclude,2026-02-05T12:49:44.014891
Chaetodon_interruptus_iNaturalist_82279598.jpg,Chaetodon interruptus,exclude,2026-02-05T12:49:44.014891
Chaetodon_interruptus_iNaturalist_82279627.jpg,Chaetodon interruptus,exclude,2026-02-05T12:49:44.014891
Chaetodon_kleinii_Bishop_-1577854379.jpg,Chaetodon kleinii,exclude,2026-02-05T12:41:55.883973
Chaetodon_kleinii_Bishop_308997156.jpg,Chaetodon kleinii,exclude,2026-02-05T12:41:55.883120
Chaetodon_kleinii_Bishop_977649394.jpg,Chaetodon kleinii,exclude,2026-02-05T12:41:55.883078
Chaetodon_kleinii_iNaturalist_336546534.jpg,Chaetodon kleinii,exclude,2026-02-05T12:49:44.014891
Chaetodon_kleinii_iNaturalist_338353090.jpg,Chaetodon kleinii,exclude,2026-02-05T12:49:44.014891
Chaetodon_kleinii_iNaturalist_338353091.jpg,Chaetodon kleinii,exclude,2026-02-05T12:49:44.014891
Chaetodon_kleinii_iNaturalist_409583506.jpg,Chaetodon kleinii,exclude,2026-02-05T12:49:44.014891
Chaetodon_kleinii_iNaturalist_409631622.jpg,Chaetodon kleinii,exclude,2026-02-05T12:49:44.014891
Chaetodon_kleinii_iNaturalist_530434066.jpg,Chaetodon kleinii,exclude,2026-02-05T12:49:44.014891
Chaetodon_kleinii_iNaturalist_530434335.jpg,Chaetodon kleinii,exclude,2026-02-05T12:49:44.014891
Chaetodon_kleinii_iNaturalist_564309402.jpg,Chaetodon kleinii,exclude,2026-02-05T12:49:44.014891
Chaetodon_kleinii_iNaturalist_97428922.jpg,Chaetodon kleinii,exclude,2026-02-05T12:49:44.014891
Chaetodon_kleinii_iNaturalist_97482217.jpg,Chaetodon kleinii,exclude,2026-02-05T12:49:44.014891
Chaetodon_larvatus_Bishop_1783626891.jpg,Chaetodon larvatus,exclude,2026-02-05T12:41:55.882838
Chaetodon_larvatus_iNaturalist_173874128.jpg,Chaetodon larvatus,exclude,2026-02-05T12:49:44.014891
Chaetodon_larvatus_iNaturalist_183943854.jpg,Chaetodon larvatus,exclude,2026-02-05T12:49:44.014891
Chaetodon_larvatus_iNaturalist_183943894.jpg,Chaetodon larvatus,exclude,2026-02-05T12:49:44.014891
Chaetodon_larvatus_iNaturalist_183943928.jpg,Chaetodon larvatus,exclude,2026-02-05T12:49:44.014891
Chaetodon_larvatus_iNaturalist_183943944.jpg,Chaetodon larvatus,exclude,2026-02-05T12:49:44.014891
Chaetodon_larvatus_iNaturalist_183943966.jpg,Chaetodon larvatus,exclude,2026-02-05T12:49:44.014891
Chaetodon_larvatus_iNaturalist_443993229.jpg,Chaetodon larvatus,exclude,2026-02-05T12:49:44.014891
Chaetodon_larvatus_iNaturalist_467594824.jpg,Chaetodon larvatus,exclude,2026-02-05T12:49:44.014891
Chaetodon_larvatus_iNaturalist_605922484.jpg,Chaetodon larvatus,exclude,2026-02-05T12:49:44.014891
Chaetodon_larvatus_iNaturalist_74067025.jpg,Chaetodon larvatus,exclude,2026-02-05T12:49:44.014891
Chaetodon_leucopleura_Bishop_951338608.jpg,Chaetodon leucopleura,exclude,2026-02-05T12:41:55.883964
Chaetodon_leucopleura_iNaturalist_107921304.jpg,Chaetodon leucopleura,exclude,2026-02-05T12:49:44.014891
Chaetodon_leucopleura_iNaturalist_174544780.jpg,Chaetodon leucopleura,exclude,2026-02-05T12:49:44.014891
Chaetodon_leucopleura_iNaturalist_257991081.jpg,Chaetodon leucopleura,exclude,2026-02-05T12:49:44.014891
Chaetodon_leucopleura_iNaturalist_26103099.jpg,Chaetodon leucopleura,exclude,2026-02-05T12:49:44.014891
Chaetodon_leucopleura_iNaturalist_347659715.jpg,Chaetodon leucopleura,exclude,2026-02-05T12:49:44.014891
Chaetodon_leucopleura_iNaturalist_431017214.jpg,Chaetodon leucopleura,exclude,2026-02-05T12:49:44.014891
Chaetodon_leucopleura_iNaturalist_551272520.jpg,Chaetodon leucopleura,exclude,2026-02-05T12:49:44.014891
Chaetodon_leucopleura_iNaturalist_551762355.jpg,Chaetodon leucopleura,exclude,2026-02-05T12:49:44.014891
Chaetodon_leucopleura_iNaturalist_585546055.jpg,Chaetodon leucopleura,exclude,2026-02-05T12:49:44.014891
Chaetodon_leucopleura_iNaturalist_75611947.jpg,Chaetodon leucopleura,exclude,2026-02-05T12:49:44.014891
Chaetodon_lineolatus_Bishop_-879271097.jpg,Chaetodon lineolatus,exclude,2026-02-05T12:41:55.884244
Chaetodon_lineolatus_Bishop_1526268337.jpg,Chaetodon lineolatus,exclude,2026-02-05T12:41:55.883442
Chaetodon_lineolatus_Bishop_1821004318.jpg,Chaetodon lineolatus,exclude,2026-02-05T12:41:55.882680
Chaetodon_lineolatus_iNaturalist_134145241.jpg,Chaetodon lineolatus,exclude,2026-02-05T12:49:44.014891
Chaetodon_lineolatus_iNaturalist_474229031.jpg,Chaetodon lineolatus,exclude,2026-02-05T12:49:44.014891
Chaetodon_lineolatus_iNaturalist_474229195.jpg,Chaetodon lineolatus,exclude,2026-02-05T12:49:44.014891
Chaetodon_lineolatus_iNaturalist_474229198.jpg,Chaetodon lineolatus,exclude,2026-02-05T12:49:44.014891
Chaetodon_lineolatus_iNaturalist_474229199.jpg,Chaetodon lineolatus,exclude,2026-02-05T12:49:44.014891
Chaetodon_lineolatus_iNaturalist_474229221.jpg,Chaetodon lineolatus,exclude,2026-02-05T12:49:44.014891
Chaetodon_lineolatus_iNaturalist_474229225.jpg,Chaetodon lineolatus,exclude,2026-02-05T12:49:44.014891
Chaetodon_lineolatus_iNaturalist_91071941.jpg,Chaetodon lineolatus,exclude,2026-02-05T12:49:44.014891
Chaetodon_lineolatus_iNaturalist_9952627.jpg,Chaetodon lineolatus,exclude,2026-02-05T12:49:44.014891
Chaetodon_lineolatus_iNaturalist_9952634.jpg,Chaetodon lineolatus,exclude,2026-02-05T12:49:44.014891
Chaetodon_litus_Bishop_1983788749.jpg,Chaetodon litus,exclude,2026-02-05T12:41:55.882908
Chaetodon_litus_iNaturalist_12603647.jpg,Chaetodon litus,exclude,2026-02-05T12:49:44.014891
Chaetodon_litus_iNaturalist_13840264.jpg,Chaetodon litus,exclude,2026-02-05T12:49:44.014891
Chaetodon_litus_iNaturalist_250896809.jpg,Chaetodon litus,exclude,2026-02-05T12:49:44.014891
Chaetodon_litus_iNaturalist_250896825.jpg,Chaetodon litus,exclude,2026-02-05T12:49:44.014891
Chaetodon_litus_iNaturalist_324313677.jpg,Chaetodon litus,exclude,2026-02-05T12:49:44.014891
Chaetodon_litus_iNaturalist_474014549.jpg,Chaetodon litus,exclude,2026-02-05T12:49:44.014891
Chaetodon_litus_iNaturalist_490178965.jpg,Chaetodon litus,exclude,2026-02-05T12:49:44.014891
Chaetodon_litus_iNaturalist_534683960.jpg,Chaetodon litus,exclude,2026-02-05T12:49:44.014891
Chaetodon_litus_iNaturalist_534683993.jpg,Chaetodon litus,exclude,2026-02-05T12:49:44.014891
Chaetodon_litus_iNaturalist_534683999.jpg,Chaetodon litus,exclude,2026-02-05T12:49:44.014891
Chaetodon_lunula_Bishop_-530805309.jpg,Chaetodon lunula,exclude,2026-02-05T12:41:55.882870
Chaetodon_lunula_Bishop_1720571305.jpg,Chaetodon lunula,exclude,2026-02-05T12:41:55.883994
Chaetodon_lunula_Bishop_2036473160.jpg,Chaetodon lunula,exclude,2026-02-05T12:41:55.883260
Chaetodon_lunula_Bishop_543936522.jpg,Chaetodon lunula,exclude,2026-02-05T12:41:55.883100
Chaetodon_lunula_iNaturalist_169964645.jpg,Chaetodon lunula,exclude,2026-02-05T12:49:44.014891
Chaetodon_lunula_iNaturalist_178875223.jpg,Chaetodon lunula,exclude,2026-02-05T12:49:44.014891
Chaetodon_lunula_iNaturalist_290315608.jpg,Chaetodon lunula,exclude,2026-02-05T12:49:44.014891
Chaetodon_lunula_iNaturalist_290315687.jpg,Chaetodon lunula,exclude,2026-02-05T12:49:44.014891
Chaetodon_lunula_iNaturalist_331.jpg,Chaetodon lunula,exclude,2026-02-05T12:49:44.014891
Chaetodon_lunula_iNaturalist_3844633.jpg,Chaetodon lunula,exclude,2026-02-05T12:49:44.014891
Chaetodon_lunula_iNaturalist_430979456.jpg,Chaetodon lunula,exclude,2026-02-05T12:49:44.014891
Chaetodon_lunula_iNaturalist_545359972.jpg,Chaetodon lunula,exclude,2026-02-05T12:49:44.014891
Chaetodon_lunula_iNaturalist_58993744.jpg,Chaetodon lunula,exclude,2026-02-05T12:49:44.014891
Chaetodon_lunula_iNaturalist_6462315.jpg,Chaetodon lunula,exclude,2026-02-05T12:49:44.014891
Chaetodon_lunulatus_Bishop_1113667583.jpg,Chaetodon lunulatus,exclude,2026-02-05T12:41:55.882846
Chaetodon_lunulatus_Bishop_1378116790.jpg,Chaetodon lunulatus,exclude,2026-02-05T12:41:55.883012
Chaetodon_lunulatus_iNaturalist_166474504.jpg,Chaetodon lunulatus,exclude,2026-02-05T12:49:44.014891
Chaetodon_lunulatus_iNaturalist_179510692.jpg,Chaetodon lunulatus,exclude,2026-02-05T12:49:44.014891
Chaetodon_lunulatus_iNaturalist_204763068.jpg,Chaetodon lunulatus,exclude,2026-02-05T12:49:44.014891
Chaetodon_lunulatus_iNaturalist_204763090.jpg,Chaetodon lunulatus,exclude,2026-02-05T12:49:44.014891
Chaetodon_lunulatus_iNaturalist_204763105.jpg,Chaetodon lunulatus,exclude,2026-02-05T12:49:44.014891
Chaetodon_lunulatus_iNaturalist_204763128.jpg,Chaetodon lunulatus,exclude,2026-02-05T12:49:44.014891
Chaetodon_lunulatus_iNaturalist_204773665.jpg,Chaetodon lunulatus,exclude,2026-02-05T12:49:44.014891
Chaetodon_lunulatus_iNaturalist_22286339.jpg,Chaetodon lunulatus,exclude,2026-02-05T12:49:44.014891
Chaetodon_lunulatus_iNaturalist_38212451.jpg,Chaetodon lunulatus,exclude,2026-02-05T12:49:44.014891
Chaetodon_lunulatus_iNaturalist_52082572.jpg,Chaetodon lunulatus,exclude,2026-02-05T12:49:44.014891
Chaetodon_madagaskariensis_Bishop_1210446292.jpg,Chaetodon madagaskariensis,exclude,2026-02-05T12:41:55.882852
Chaetodon_madagaskariensis_iNaturalist_220678407.jpg,Chaetodon madagaskariensis,exclude,2026-02-05T12:49:44.014891
Chaetodon_madagaskariensis_iNaturalist_233631122.jpg,Chaetodon madagaskariensis,exclude,2026-02-05T12:49:44.014891
Chaetodon_madagaskariensis_iNaturalist_248069905.jpg,Chaetodon madagaskariensis,exclude,2026-02-05T12:49:44.014891
Chaetodon_madagaskariensis_iNaturalist_300420208.jpg,Chaetodon madagaskariensis,exclude,2026-02-05T12:49:44.014891
Chaetodon_madagaskariensis_iNaturalist_340340714.jpg,Chaetodon madagaskariensis,exclude,2026-02-05T12:49:44.014891
Chaetodon_madagaskariensis_iNaturalist_340340962.jpg,Chaetodon madagaskariensis,exclude,2026-02-05T12:49:44.014891
Chaetodon_madagaskariensis_iNaturalist_554082386.jpg,Chaetodon madagaskariensis,exclude,2026-02-05T12:49:44.014891
Chaetodon_madagaskariensis_iNaturalist_554082399.jpg,Chaetodon madagaskariensis,exclude,2026-02-05T12:49:44.014891
Chaetodon_madagaskariensis_iNaturalist_575992327.jpg,Chaetodon madagaskariensis,exclude,2026-02-05T12:49:44.014891
Chaetodon_madagaskariensis_iNaturalist_585635427.jpg,Chaetodon madagaskariensis,exclude,2026-02-05T12:49:44.014891
Chaetodon_marleyi_Bishop_384825925.jpg,Chaetodon marleyi,exclude,2026-02-05T12:41:55.882743
Chaetodon_marleyi_iNaturalist_359692990.jpg,Chaetodon marleyi,exclude,2026-02-05T12:49:44.014891
Chaetodon_marleyi_iNaturalist_463787418.jpg,Chaetodon marleyi,exclude,2026-02-05T12:49:44.014891
Chaetodon_marleyi_iNaturalist_463787438.jpg,Chaetodon marleyi,exclude,2026-02-05T12:49:44.014891
Chaetodon_marleyi_iNaturalist_463787443.jpg,Chaetodon marleyi,exclude,2026-02-05T12:49:44.014891
Chaetodon_marleyi_iNaturalist_464707333.jpg,Chaetodon marleyi,exclude,2026-02-05T12:49:44.014891
Chaetodon_marleyi_iNaturalist_547984306.jpg,Chaetodon marleyi,exclude,2026-02-05T12:49:44.014891
Chaetodon_marleyi_iNaturalist_553311588.jpg,Chaetodon marleyi,exclude,2026-02-05T12:49:44.014891
Chaetodon_marleyi_iNaturalist_553311592.jpg,Chaetodon marleyi,exclude,2026-02-05T12:49:44.014891
Chaetodon_marleyi_iNaturalist_598506457.jpg,Chaetodon marleyi,exclude,2026-02-05T12:49:44.014891
Chaetodon_melannotus_Bishop_-1126507013.jpg,Chaetodon melannotus,exclude,2026-02-05T12:41:55.883349
Chaetodon_melannotus_Bishop_-1381464288.jpg,Chaetodon melannotus,exclude,2026-02-05T12:41:55.883551
Chaetodon_melannotus_Bishop_-1689715678.jpg,Chaetodon melannotus,exclude,2026-02-05T12:41:55.883024
Chaetodon_melannotus_Bishop_403079329.jpg,Chaetodon melannotus,exclude,2026-02-05T12:41:55.882736
Chaetodon_melannotus_iNaturalist_219530872.jpg,Chaetodon melannotus,exclude,2026-02-05T12:49:44.014891
Chaetodon_melannotus_iNaturalist_225310656.jpg,Chaetodon melannotus,exclude,2026-02-05T12:49:44.014891
Chaetodon_melannotus_iNaturalist_225310685.jpg,Chaetodon melannotus,exclude,2026-02-05T12:49:44.014891
Chaetodon_melannotus_iNaturalist_228710894.jpg,Chaetodon melannotus,exclude,2026-02-05T12:49:44.014891
Chaetodon_melannotus_iNaturalist_241736994.jpg,Chaetodon melannotus,exclude,2026-02-05T12:49:44.014891
Chaetodon_melannotus_iNaturalist_409531338.jpg,Chaetodon melannotus,exclude,2026-02-05T12:49:44.014891
Chaetodon_melannotus_iNaturalist_409632193.jpg,Chaetodon melannotus,exclude,2026-02-05T12:49:44.014891
Chaetodon_melannotus_iNaturalist_82149199.jpg,Chaetodon melannotus,exclude,2026-02-05T12:49:44.014891
Chaetodon_melannotus_iNaturalist_82152925.jpg,Chaetodon melannotus,exclude,2026-02-05T12:49:44.014891
Chaetodon_melannotus_iNaturalist_84610206.jpg,Chaetodon melannotus,exclude,2026-02-05T12:49:44.014891
Chaetodon_melapterus_Bishop_-738901426.jpg,Chaetodon melapterus,exclude,2026-02-05T12:41:55.883481
Chaetodon_melapterus_Bishop_690928567.jpg,Chaetodon melapterus,exclude,2026-02-05T12:41:55.884229
Chaetodon_melapterus_iNaturalist_278909138.jpg,Chaetodon melapterus,exclude,2026-02-05T12:49:44.014891
Chaetodon_melapterus_iNaturalist_302828066.jpg,Chaetodon melapterus,exclude,2026-02-05T12:49:44.014891
Chaetodon_melapterus_iNaturalist_31528972.jpg,Chaetodon melapterus,exclude,2026-02-05T12:49:44.014891
Chaetodon_melapterus_iNaturalist_33143451.jpg,Chaetodon melapterus,exclude,2026-02-05T12:49:44.014891
Chaetodon_melapterus_iNaturalist_612761090.jpg,Chaetodon melapterus,exclude,2026-02-05T12:49:44.014891
Chaetodon_melapterus_iNaturalist_612761452.jpg,Chaetodon melapterus,exclude,2026-02-05T12:49:44.014891
Chaetodon_melapterus_iNaturalist_612969490.jpg,Chaetodon melapterus,exclude,2026-02-05T12:49:44.014891
Chaetodon_melapterus_iNaturalist_612969819.jpg,Chaetodon melapterus,exclude,2026-02-05T12:49:44.014891
Chaetodon_melapterus_iNaturalist_612990357.jpg,Chaetodon melapterus,exclude,2026-02-05T12:49:44.014891
Chaetodon_melapterus_iNaturalist_613002357.jpg,Chaetodon melapterus,exclude,2026-02-05T12:49:44.014891
Chaetodon_mertensii_Bishop_1869466931.jpg,Chaetodon mertensii,exclude,2026-02-05T12:41:55.883085
Chaetodon_mertensii_Bishop_2125964090.jpg,Chaetodon mertensii,exclude,2026-02-05T12:41:55.882954
Chaetodon_mertensii_Bishop_992543933.jpg,Chaetodon mertensii,exclude,2026-02-05T12:41:55.883413
Chaetodon_mertensii_iNaturalist_14452975.jpg,Chaetodon mertensii,exclude,2026-02-05T12:49:44.014891
Chaetodon_mertensii_iNaturalist_287390665.jpg,Chaetodon mertensii,exclude,2026-02-05T12:49:44.014891
Chaetodon_mertensii_iNaturalist_332349948.jpg,Chaetodon mertensii,exclude,2026-02-05T12:49:44.014891
Chaetodon_mertensii_iNaturalist_358747064.jpg,Chaetodon mertensii,exclude,2026-02-05T12:49:44.014891
Chaetodon_mertensii_iNaturalist_359657682.jpg,Chaetodon mertensii,exclude,2026-02-05T12:49:44.014891
Chaetodon_mertensii_iNaturalist_359657684.jpg,Chaetodon mertensii,exclude,2026-02-05T12:49:44.014891
Chaetodon_mertensii_iNaturalist_384666618.jpg,Chaetodon mertensii,exclude,2026-02-05T12:49:44.014891
Chaetodon_mertensii_iNaturalist_463708811.jpg,Chaetodon mertensii,exclude,2026-02-05T12:49:44.014891
Chaetodon_mertensii_iNaturalist_477735543.jpg,Chaetodon mertensii,exclude,2026-02-05T12:49:44.014891
Chaetodon_mertensii_iNaturalist_5332933.jpg,Chaetodon mertensii,exclude,2026-02-05T12:49:44.014891
Chaetodon_mesoleucos_Bishop_-899095560.jpg,Chaetodon mesoleucos,exclude,2026-02-05T12:41:55.882808
Chaetodon_mesoleucos_iNaturalist_243394041.jpg,Chaetodon mesoleucos,exclude,2026-02-05T12:49:44.014891
Chaetodon_mesoleucos_iNaturalist_243394049.jpg,Chaetodon mesoleucos,exclude,2026-02-05T12:49:44.014891
Chaetodon_mesoleucos_iNaturalist_260752004.jpg,Chaetodon mesoleucos,exclude,2026-02-05T12:49:44.014891
Chaetodon_mesoleucos_iNaturalist_270114509.jpg,Chaetodon mesoleucos,exclude,2026-02-05T12:49:44.014891
Chaetodon_mesoleucos_iNaturalist_270115709.jpg,Chaetodon mesoleucos,exclude,2026-02-05T12:49:44.014891
Chaetodon_mesoleucos_iNaturalist_439504919.jpg,Chaetodon mesoleucos,exclude,2026-02-05T12:49:44.014891
Chaetodon_mesoleucos_iNaturalist_465897429.jpg,Chaetodon mesoleucos,exclude,2026-02-05T12:49:44.014891
Chaetodon_mesoleucos_iNaturalist_465897441.jpg,Chaetodon mesoleucos,exclude,2026-02-05T12:49:44.014891
Chaetodon_mesoleucos_iNaturalist_67202713.jpg,Chaetodon mesoleucos,exclude,2026-02-05T12:49:44.014891
Chaetodon_mesoleucos_iNaturalist_67938601.jpg,Chaetodon mesoleucos,exclude,2026-02-05T12:49:44.014891
Chaetodon_meyeri_Bishop_-146742631.jpg,Chaetodon meyeri,exclude,2026-02-05T12:41:55.882816
Chaetodon_meyeri_iNaturalist_233496806.jpg,Chaetodon meyeri,exclude,2026-02-05T12:49:44.014891
Chaetodon_meyeri_iNaturalist_300418666.jpg,Chaetodon meyeri,exclude,2026-02-05T12:49:44.014891
Chaetodon_meyeri_iNaturalist_351639691.jpg,Chaetodon meyeri,exclude,2026-02-05T12:49:44.014891
Chaetodon_meyeri_iNaturalist_351639706.jpg,Chaetodon meyeri,exclude,2026-02-05T12:49:44.014891
Chaetodon_meyeri_iNaturalist_351639745.jpg,Chaetodon meyeri,exclude,2026-02-05T12:49:44.014891
Chaetodon_meyeri_iNaturalist_390482460.jpg,Chaetodon meyeri,exclude,2026-02-05T12:49:44.014891
Chaetodon_meyeri_iNaturalist_485931655.jpg,Chaetodon meyeri,exclude,2026-02-05T12:49:44.014891
Chaetodon_meyeri_iNaturalist_51013610.jpg,Chaetodon meyeri,exclude,2026-02-05T12:49:44.014891
Chaetodon_meyeri_iNaturalist_534300264.jpg,Chaetodon meyeri,exclude,2026-02-05T12:49:44.014891
Chaetodon_meyeri_iNaturalist_58457304.jpg,Chaetodon meyeri,exclude,2026-02-05T12:49:44.014891
Chaetodon_miliaris_Bishop_1720766063.jpg,Chaetodon miliaris,exclude,2026-02-05T12:41:55.883108
Chaetodon_miliaris_Bishop_725437158.jpg,Chaetodon miliaris,exclude,2026-02-05T12:41:55.883846
Chaetodon_miliaris_iNaturalist_178987952.jpg,Chaetodon miliaris,exclude,2026-02-05T12:49:44.014891
Chaetodon_miliaris_iNaturalist_179529915.jpg,Chaetodon miliaris,exclude,2026-02-05T12:49:44.014891
Chaetodon_miliaris_iNaturalist_179529921.jpg,Chaetodon miliaris,exclude,2026-02-05T12:49:44.014891
Chaetodon_miliaris_iNaturalist_386290369.jpg,Chaetodon miliaris,exclude,2026-02-05T12:49:44.014891
Chaetodon_miliaris_iNaturalist_386290397.jpg,Chaetodon miliaris,exclude,2026-02-05T12:49:44.014891
Chaetodon_miliaris_iNaturalist_432546006.jpg,Chaetodon miliaris,exclude,2026-02-05T12:49:44.014891
Chaetodon_miliaris_iNaturalist_596812440.jpg,Chaetodon miliaris,exclude,2026-02-05T12:49:44.014891
Chaetodon_miliaris_iNaturalist_596812456.jpg,Chaetodon miliaris,exclude,2026-02-05T12:49:44.014891
Chaetodon_miliaris_iNaturalist_596812485.jpg,Chaetodon miliaris,exclude,2026-02-05T12:49:44.014891
Chaetodon_miliaris_iNaturalist_600454066.jpg,Chaetodon miliaris,exclude,2026-02-05T12:49:44.014891
Chaetodon_mitratus_Bishop_-777256060.jpg,Chaetodon mitratus,exclude,2026-02-05T12:41:55.883173
Chaetodon_mitratus_iNaturalist_170685878.jpg,Chaetodon mitratus,exclude,2026-02-05T12:49:44.014891
Chaetodon_mitratus_iNaturalist_170685886.jpg,Chaetodon mitratus,exclude,2026-02-05T12:49:44.014891
Chaetodon_mitratus_iNaturalist_258575955.jpg,Chaetodon mitratus,exclude,2026-02-05T12:49:44.014891
Chaetodon_mitratus_iNaturalist_2691139.jpg,Chaetodon mitratus,exclude,2026-02-05T12:49:44.014891
Chaetodon_mitratus_iNaturalist_476531321.jpg,Chaetodon mitratus,exclude,2026-02-05T12:49:44.014891
Chaetodon_mitratus_iNaturalist_607776891.jpg,Chaetodon mitratus,exclude,2026-02-05T12:49:44.014891
Chaetodon_multicinctus_Bishop_-1145166510.jpg,Chaetodon multicinctus,exclude,2026-02-05T12:41:55.883666
Chaetodon_multicinctus_Bishop_-1285212619.jpg,Chaetodon multicinctus,exclude,2026-02-05T12:41:55.882798
Chaetodon_multicinctus_iNaturalist_14228531.jpg,Chaetodon multicinctus,exclude,2026-02-05T12:49:44.014891
Chaetodon_multicinctus_iNaturalist_169957174.jpg,Chaetodon multicinctus,exclude,2026-02-05T12:49:44.014891
Chaetodon_multicinctus_iNaturalist_178987277.jpg,Chaetodon multicinctus,exclude,2026-02-05T12:49:44.014891
Chaetodon_multicinctus_iNaturalist_254011515.jpg,Chaetodon multicinctus,exclude,2026-02-05T12:49:44.014891
Chaetodon_multicinctus_iNaturalist_456392856.jpg,Chaetodon multicinctus,exclude,2026-02-05T12:49:44.014891
Chaetodon_multicinctus_iNaturalist_457417238.jpg,Chaetodon multicinctus,exclude,2026-02-05T12:49:44.014891
Chaetodon_multicinctus_iNaturalist_466264486.jpg,Chaetodon multicinctus,exclude,2026-02-05T12:49:44.014891
Chaetodon_multicinctus_iNaturalist_502118771.jpg,Chaetodon multicinctus,exclude,2026-02-05T12:49:44.014891
Chaetodon_multicinctus_iNaturalist_51887092.jpg,Chaetodon multicinctus,exclude,2026-02-05T12:49:44.014891
Chaetodon_multicinctus_iNaturalist_580823296.jpg,Chaetodon multicinctus,exclude,2026-02-05T12:49:44.014891
Chaetodon_nigropunctatus_Bishop_1435538384.jpg,Chaetodon nigropunctatus,exclude,2026-02-05T12:41:55.883093
Chaetodon_nigropunctatus_Bishop_276052843.jpg,Chaetodon nigropunctatus,exclude,2026-02-05T12:41:55.883727
Chaetodon_nigropunctatus_iNaturalist_13558701.jpg,Chaetodon nigropunctatus,exclude,2026-02-05T12:49:44.014891
Chaetodon_nigropunctatus_iNaturalist_3794625.jpg,Chaetodon nigropunctatus,exclude,2026-02-05T12:49:44.014891
Chaetodon_nigropunctatus_iNaturalist_3794626.jpg,Chaetodon nigropunctatus,exclude,2026-02-05T12:49:44.014891
Chaetodon_nigropunctatus_iNaturalist_3794627.jpg,Chaetodon nigropunctatus,exclude,2026-02-05T12:49:44.014891
Chaetodon_nigropunctatus_iNaturalist_560214858.jpg,Chaetodon nigropunctatus,exclude,2026-02-05T12:49:44.014891
Chaetodon_nigropunctatus_iNaturalist_57996527.jpg,Chaetodon nigropunctatus,exclude,2026-02-05T12:49:44.014891
Chaetodon_nigropunctatus_iNaturalist_604765404.jpg,Chaetodon nigropunctatus,exclude,2026-02-05T12:49:44.014891
Chaetodon_nigropunctatus_iNaturalist_604772794.jpg,Chaetodon nigropunctatus,exclude,2026-02-05T12:49:44.014891
Chaetodon_nigropunctatus_iNaturalist_604772814.jpg,Chaetodon nigropunctatus,exclude,2026-02-05T12:49:44.014891
Chaetodon_nigropunctatus_iNaturalist_9173198.jpg,Chaetodon nigropunctatus,exclude,2026-02-05T12:49:44.014891
Chaetodon_nippon_Bishop_-751379567.jpg,Chaetodon nippon,exclude,2026-02-05T12:41:55.882720
Chaetodon_nippon_iNaturalist_11570041.jpg,Chaetodon nippon,exclude,2026-02-05T12:49:44.014891
Chaetodon_nippon_iNaturalist_11570042.jpg,Chaetodon nippon,exclude,2026-02-05T12:49:44.014891
Chaetodon_nippon_iNaturalist_32560890.jpg,Chaetodon nippon,exclude,2026-02-05T12:49:44.014891
Chaetodon_nippon_iNaturalist_421937638.jpg,Chaetodon nippon,exclude,2026-02-05T12:49:44.014891
Chaetodon_nippon_iNaturalist_4412325.jpg,Chaetodon nippon,exclude,2026-02-05T12:49:44.014891
Chaetodon_nippon_iNaturalist_453789927.jpg,Chaetodon nippon,exclude,2026-02-05T12:49:44.014891
Chaetodon_nippon_iNaturalist_517620398.jpg,Chaetodon nippon,exclude,2026-02-05T12:49:44.014891
Chaetodon_nippon_iNaturalist_574792403.jpg,Chaetodon nippon,exclude,2026-02-05T12:49:44.014891
Chaetodon_nippon_iNaturalist_586694238.jpg,Chaetodon nippon,exclude,2026-02-05T12:49:44.014891
Chaetodon_nippon_iNaturalist_84067425.jpg,Chaetodon nippon,exclude,2026-02-05T12:49:44.014891
Chaetodon_ocellatus_iNaturalist_21126529.jpg,Chaetodon ocellatus,exclude,2026-02-05T12:49:44.014891
Chaetodon_ocellatus_iNaturalist_230787450.jpg,Chaetodon ocellatus,exclude,2026-02-05T12:49:44.014891
Chaetodon_ocellatus_iNaturalist_241430977.jpg,Chaetodon ocellatus,exclude,2026-02-05T12:49:44.014891
Chaetodon_ocellatus_iNaturalist_441973498.jpg,Chaetodon ocellatus,exclude,2026-02-05T12:49:44.014891
Chaetodon_ocellatus_iNaturalist_441973517.jpg,Chaetodon ocellatus,exclude,2026-02-05T12:49:44.014891
Chaetodon_ocellatus_iNaturalist_451091737.jpg,Chaetodon ocellatus,exclude,2026-02-05T12:49:44.014891
Chaetodon_ocellatus_iNaturalist_451092106.jpg,Chaetodon ocellatus,exclude,2026-02-05T12:49:44.014891
Chaetodon_ocellatus_iNaturalist_540068424.jpg,Chaetodon ocellatus,exclude,2026-02-05T12:49:44.014891
Chaetodon_ocellatus_iNaturalist_569216342.jpg,Chaetodon ocellatus,exclude,2026-02-05T12:49:44.014891
Chaetodon_ocellatus_iNaturalist_98005952.jpg,Chaetodon ocellatus,exclude,2026-02-05T12:49:44.014891
Chaetodon_ocellicaudus_Bishop_958979710.jpg,Chaetodon ocellicaudus,exclude,2026-02-05T12:41:55.883828
Chaetodon_ocellicaudus_iNaturalist_270410292.jpg,Chaetodon ocellicaudus,exclude,2026-02-05T12:49:44.014891
Chaetodon_ocellicaudus_iNaturalist_340784700.jpg,Chaetodon ocellicaudus,exclude,2026-02-05T12:49:44.014891
Chaetodon_ocellicaudus_iNaturalist_459451753.jpg,Chaetodon ocellicaudus,exclude,2026-02-05T12:49:44.014891
Chaetodon_ocellicaudus_iNaturalist_459663675.jpg,Chaetodon ocellicaudus,exclude,2026-02-05T12:49:44.014891
Chaetodon_ocellicaudus_iNaturalist_467374317.jpg,Chaetodon ocellicaudus,exclude,2026-02-05T12:49:44.014891
Chaetodon_ocellicaudus_iNaturalist_467374320.jpg,Chaetodon ocellicaudus,exclude,2026-02-05T12:49:44.014891
Chaetodon_ocellicaudus_iNaturalist_472685751.jpg,Chaetodon ocellicaudus,exclude,2026-02-05T12:49:44.014891
Chaetodon_ocellicaudus_iNaturalist_480811911.jpg,Chaetodon ocellicaudus,exclude,2026-02-05T12:49:44.014891
Chaetodon_ocellicaudus_iNaturalist_48536597.jpg,Chaetodon ocellicaudus,exclude,2026-02-05T12:49:44.014891
Chaetodon_ocellicaudus_iNaturalist_530620209.jpg,Chaetodon ocellicaudus,exclude,2026-02-05T12:49:44.014891
Chaetodon_octofasciatus_Bishop_1838436391.jpg,Chaetodon octofasciatus,exclude,2026-02-05T12:41:55.884095
Chaetodon_octofasciatus_iNaturalist_187480976.jpg,Chaetodon octofasciatus,exclude,2026-02-05T12:49:44.014891
Chaetodon_octofasciatus_iNaturalist_201702755.jpg,Chaetodon octofasciatus,exclude,2026-02-05T12:49:44.014891
Chaetodon_octofasciatus_iNaturalist_318759027.jpg,Chaetodon octofasciatus,exclude,2026-02-05T12:49:44.014891
Chaetodon_octofasciatus_iNaturalist_318759037.jpg,Chaetodon octofasciatus,exclude,2026-02-05T12:49:44.014891
Chaetodon_octofasciatus_iNaturalist_319578656.jpg,Chaetodon octofasciatus,exclude,2026-02-05T12:49:44.014891
Chaetodon_octofasciatus_iNaturalist_327088836.jpg,Chaetodon octofasciatus,exclude,2026-02-05T12:49:44.014891
Chaetodon_octofasciatus_iNaturalist_367755144.jpg,Chaetodon octofasciatus,exclude,2026-02-05T12:49:44.014891
Chaetodon_octofasciatus_iNaturalist_438496468.jpg,Chaetodon octofasciatus,exclude,2026-02-05T12:49:44.014891
Chaetodon_octofasciatus_iNaturalist_482079348.jpg,Chaetodon octofasciatus,exclude,2026-02-05T12:49:44.014891
Chaetodon_octofasciatus_iNaturalist_573587028.jpg,Chaetodon octofasciatus,exclude,2026-02-05T12:49:44.014891
Chaetodon_ornatissimus_Bishop_164962524.jpg,Chaetodon ornatissimus,exclude,2026-02-05T12:41:55.883530
Chaetodon_ornatissimus_Bishop_553414317.jpg,Chaetodon ornatissimus,exclude,2026-02-05T12:41:55.883325
Chaetodon_ornatissimus_iNaturalist_123987464.jpg,Chaetodon ornatissimus,exclude,2026-02-05T12:49:44.014891
Chaetodon_ornatissimus_iNaturalist_179512141.jpg,Chaetodon ornatissimus,exclude,2026-02-05T12:49:44.014891
Chaetodon_ornatissimus_iNaturalist_179799134.jpg,Chaetodon ornatissimus,exclude,2026-02-05T12:49:44.014891
Chaetodon_ornatissimus_iNaturalist_248887270.jpg,Chaetodon ornatissimus,exclude,2026-02-05T12:49:44.014891
Chaetodon_ornatissimus_iNaturalist_306927692.jpg,Chaetodon ornatissimus,exclude,2026-02-05T12:49:44.014891
Chaetodon_ornatissimus_iNaturalist_355757662.jpg,Chaetodon ornatissimus,exclude,2026-02-05T12:49:44.014891
Chaetodon_ornatissimus_iNaturalist_436943971.jpg,Chaetodon ornatissimus,exclude,2026-02-05T12:49:44.014891
Chaetodon_ornatissimus_iNaturalist_442103313.jpg,Chaetodon ornatissimus,exclude,2026-02-05T12:49:44.014891
Chaetodon_ornatissimus_iNaturalist_4956860.jpg,Chaetodon ornatissimus,exclude,2026-02-05T12:49:44.014891
Chaetodon_ornatissimus_iNaturalist_71820287.jpg,Chaetodon ornatissimus,exclude,2026-02-05T12:49:44.014891
Chaetodon_oxycephalus_iNaturalist_19630338.jpg,Chaetodon oxycephalus,exclude,2026-02-05T12:49:44.014891
Chaetodon_oxycephalus_iNaturalist_423160550.jpg,Chaetodon oxycephalus,exclude,2026-02-05T12:49:44.014891
Chaetodon_oxycephalus_iNaturalist_448971545.jpg,Chaetodon oxycephalus,exclude,2026-02-05T12:49:44.014891
Chaetodon_oxycephalus_iNaturalist_458154395.jpg,Chaetodon oxycephalus,exclude,2026-02-05T12:49:44.014891
Chaetodon_oxycephalus_iNaturalist_463479666.jpg,Chaetodon oxycephalus,exclude,2026-02-05T12:49:44.014891
Chaetodon_oxycephalus_iNaturalist_474167620.jpg,Chaetodon oxycephalus,exclude,2026-02-05T12:49:44.014891
Chaetodon_oxycephalus_iNaturalist_474167629.jpg,Chaetodon oxycephalus,exclude,2026-02-05T12:49:44.014891
Chaetodon_oxycephalus_iNaturalist_487815001.jpg,Chaetodon oxycephalus,exclude,2026-02-05T12:49:44.014891
Chaetodon_oxycephalus_iNaturalist_564242487.jpg,Chaetodon oxycephalus,exclude,2026-02-05T12:49:44.014891
Chaetodon_oxycephalus_iNaturalist_59429662.jpg,Chaetodon oxycephalus,exclude,2026-02-05T12:49:44.014891
Chaetodon_paucifasciatus_Bishop_-1576082838.jpg,Chaetodon paucifasciatus,exclude,2026-02-05T12:41:55.884104
Chaetodon_paucifasciatus_iNaturalist_157577460.jpg,Chaetodon paucifasciatus,exclude,2026-02-05T12:49:44.014891
Chaetodon_paucifasciatus_iNaturalist_157577598.jpg,Chaetodon paucifasciatus,exclude,2026-02-05T12:49:44.014891
Chaetodon_paucifasciatus_iNaturalist_157581191.jpg,Chaetodon paucifasciatus,exclude,2026-02-05T12:49:44.014891
Chaetodon_paucifasciatus_iNaturalist_379831846.jpg,Chaetodon paucifasciatus,exclude,2026-02-05T12:49:44.014891
Chaetodon_paucifasciatus_iNaturalist_448628514.jpg,Chaetodon paucifasciatus,exclude,2026-02-05T12:49:44.014891
Chaetodon_paucifasciatus_iNaturalist_449356891.jpg,Chaetodon paucifasciatus,exclude,2026-02-05T12:49:44.014891
Chaetodon_paucifasciatus_iNaturalist_449950227.jpg,Chaetodon paucifasciatus,exclude,2026-02-05T12:49:44.014891
Chaetodon_paucifasciatus_iNaturalist_459516012.jpg,Chaetodon paucifasciatus,exclude,2026-02-05T12:49:44.014891
Chaetodon_paucifasciatus_iNaturalist_461212819.jpg,Chaetodon paucifasciatus,exclude,2026-02-05T12:49:44.014891
Chaetodon_paucifasciatus_iNaturalist_70239542.jpg,Chaetodon paucifasciatus,exclude,2026-02-05T12:49:44.014891
Chaetodon_pelewensis_Bishop_-460781405.jpg,Chaetodon pelewensis,exclude,2026-02-05T12:41:55.882824
Chaetodon_pelewensis_iNaturalist_161020063.jpg,Chaetodon pelewensis,exclude,2026-02-05T12:49:44.014891
Chaetodon_pelewensis_iNaturalist_197012322.jpg,Chaetodon pelewensis,exclude,2026-02-05T12:49:44.014891
Chaetodon_pelewensis_iNaturalist_232521598.jpg,Chaetodon pelewensis,exclude,2026-02-05T12:49:44.014891
Chaetodon_pelewensis_iNaturalist_249701121.jpg,Chaetodon pelewensis,exclude,2026-02-05T12:49:44.014891
Chaetodon_pelewensis_iNaturalist_287497554.jpg,Chaetodon pelewensis,exclude,2026-02-05T12:49:44.014891
Chaetodon_pelewensis_iNaturalist_463900843.jpg,Chaetodon pelewensis,exclude,2026-02-05T12:49:44.014891
Chaetodon_pelewensis_iNaturalist_487815372.jpg,Chaetodon pelewensis,exclude,2026-02-05T12:49:44.014891
Chaetodon_pelewensis_iNaturalist_561259185.jpg,Chaetodon pelewensis,exclude,2026-02-05T12:49:44.014891
Chaetodon_pelewensis_iNaturalist_590667200.jpg,Chaetodon pelewensis,exclude,2026-02-05T12:49:44.014891
Chaetodon_pelewensis_iNaturalist_599436484.jpg,Chaetodon pelewensis,exclude,2026-02-05T12:49:44.014891
Chaetodon_pictus_iNaturalist_173874324.jpg,Chaetodon pictus,exclude,2026-02-05T12:49:44.014891
Chaetodon_pictus_iNaturalist_179955261.jpg,Chaetodon pictus,exclude,2026-02-05T12:49:44.014891
Chaetodon_pictus_iNaturalist_184329464.jpg,Chaetodon pictus,exclude,2026-02-05T12:49:44.014891
Chaetodon_pictus_iNaturalist_184329489.jpg,Chaetodon pictus,exclude,2026-02-05T12:49:44.014891
Chaetodon_pictus_iNaturalist_328475415.jpg,Chaetodon pictus,exclude,2026-02-05T12:49:44.014891
Chaetodon_pictus_iNaturalist_3502840.jpg,Chaetodon pictus,exclude,2026-02-05T12:49:44.014891
Chaetodon_pictus_iNaturalist_3502841.jpg,Chaetodon pictus,exclude,2026-02-05T12:49:44.014891
Chaetodon_pictus_iNaturalist_3502842.jpg,Chaetodon pictus,exclude,2026-02-05T12:49:44.014891
Chaetodon_pictus_iNaturalist_3502843.jpg,Chaetodon pictus,exclude,2026-02-05T12:49:44.014891
Chaetodon_pictus_iNaturalist_60591745.jpg,Chaetodon pictus,exclude,2026-02-05T12:49:44.014891
Chaetodon_pictus_iNaturalist_606694537.jpg,Chaetodon pictus,exclude,2026-02-05T12:49:44.014891
Chaetodon_plebeius_Bishop_-243381367.jpg,Chaetodon plebeius,exclude,2026-02-05T12:41:55.884189
Chaetodon_plebeius_Bishop_-531604202.jpg,Chaetodon plebeius,exclude,2026-02-05T12:41:55.884027
Chaetodon_plebeius_iNaturalist_14167014.jpg,Chaetodon plebeius,exclude,2026-02-05T12:49:44.014891
Chaetodon_plebeius_iNaturalist_302022715.jpg,Chaetodon plebeius,exclude,2026-02-05T12:49:44.014891
Chaetodon_plebeius_iNaturalist_302022740.jpg,Chaetodon plebeius,exclude,2026-02-05T12:49:44.014891
Chaetodon_plebeius_iNaturalist_443767734.jpg,Chaetodon plebeius,exclude,2026-02-05T12:49:44.014891
Chaetodon_plebeius_iNaturalist_536418434.jpg,Chaetodon plebeius,exclude,2026-02-05T12:49:44.014891
Chaetodon_plebeius_iNaturalist_575948942.jpg,Chaetodon plebeius,exclude,2026-02-05T12:49:44.014891
Chaetodon_plebeius_iNaturalist_607534630.jpg,Chaetodon plebeius,exclude,2026-02-05T12:49:44.014891
Chaetodon_plebeius_iNaturalist_607534632.jpg,Chaetodon plebeius,exclude,2026-02-05T12:49:44.014891
Chaetodon_plebeius_iNaturalist_607534637.jpg,Chaetodon plebeius,exclude,2026-02-05T12:49:44.014891
Chaetodon_plebeius_iNaturalist_607534649.jpg,Chaetodon plebeius,exclude,2026-02-05T12:49:44.014891
Chaetodon_punctatofasciatus_Bishop_1458053428.jpg,Chaetodon punctatofasciatus,exclude,2026-02-05T12:41:55.884150
Chaetodon_punctatofasciatus_iNaturalist_164904201.jpg,Chaetodon punctatofasciatus,exclude,2026-02-05T12:49:44.014891
Chaetodon_punctatofasciatus_iNaturalist_178832147.jpg,Chaetodon punctatofasciatus,exclude,2026-02-05T12:49:44.014891
Chaetodon_punctatofasciatus_iNaturalist_206693422.jpg,Chaetodon punctatofasciatus,exclude,2026-02-05T12:49:44.014891
Chaetodon_punctatofasciatus_iNaturalist_255620804.jpg,Chaetodon punctatofasciatus,exclude,2026-02-05T12:49:44.014891
Chaetodon_punctatofasciatus_iNaturalist_319541274.jpg,Chaetodon punctatofasciatus,exclude,2026-02-05T12:49:44.014891
Chaetodon_punctatofasciatus_iNaturalist_465096696.jpg,Chaetodon punctatofasciatus,exclude,2026-02-05T12:49:44.014891
Chaetodon_punctatofasciatus_iNaturalist_477584508.jpg,Chaetodon punctatofasciatus,exclude,2026-02-05T12:49:44.014891
Chaetodon_punctatofasciatus_iNaturalist_600955661.jpg,Chaetodon punctatofasciatus,exclude,2026-02-05T12:49:44.014891
Chaetodon_punctatofasciatus_iNaturalist_612954622.jpg,Chaetodon punctatofasciatus,exclude,2026-02-05T12:49:44.014891
Chaetodon_quadrimaculatus_iNaturalist_178914726.jpg,Chaetodon quadrimaculatus,exclude,2026-02-05T12:49:44.014891
Chaetodon_quadrimaculatus_iNaturalist_234795159.jpg,Chaetodon quadrimaculatus,exclude,2026-02-05T12:49:44.014891
Chaetodon_quadrimaculatus_iNaturalist_23523422.jpg,Chaetodon quadrimaculatus,exclude,2026-02-05T12:49:44.014891
Chaetodon_quadrimaculatus_iNaturalist_265786115.jpg,Chaetodon quadrimaculatus,exclude,2026-02-05T12:49:44.014891
Chaetodon_quadrimaculatus_iNaturalist_297498864.jpg,Chaetodon quadrimaculatus,exclude,2026-02-05T12:49:44.014891
Chaetodon_quadrimaculatus_iNaturalist_341846702.jpg,Chaetodon quadrimaculatus,exclude,2026-02-05T12:49:44.014891
Chaetodon_quadrimaculatus_iNaturalist_341846706.jpg,Chaetodon quadrimaculatus,exclude,2026-02-05T12:49:44.014891
Chaetodon_quadrimaculatus_iNaturalist_375423270.jpg,Chaetodon quadrimaculatus,exclude,2026-02-05T12:49:44.014891
Chaetodon_quadrimaculatus_iNaturalist_439635542.jpg,Chaetodon quadrimaculatus,exclude,2026-02-05T12:49:44.014891
Chaetodon_quadrimaculatus_iNaturalist_556077020.jpg,Chaetodon quadrimaculatus,exclude,2026-02-05T12:49:44.014891
Chaetodon_rafflesii_Bishop_-779601278.jpg,Chaetodon rafflesii,exclude,2026-02-05T12:41:55.883032
Chaetodon_rafflesii_Bishop_497192485.jpg,Chaetodon rafflesii,exclude,2026-02-05T12:41:55.883071
Chaetodon_rafflesii_iNaturalist_175108059.jpg,Chaetodon rafflesii,exclude,2026-02-05T12:49:44.014891
Chaetodon_rafflesii_iNaturalist_175108072.jpg,Chaetodon rafflesii,exclude,2026-02-05T12:49:44.014891
Chaetodon_rafflesii_iNaturalist_333096953.jpg,Chaetodon rafflesii,exclude,2026-02-05T12:49:44.014891
Chaetodon_rafflesii_iNaturalist_473127027.jpg,Chaetodon rafflesii,exclude,2026-02-05T12:49:44.014891
Chaetodon_rafflesii_iNaturalist_473127044.jpg,Chaetodon rafflesii,exclude,2026-02-05T12:49:44.014891
Chaetodon_rafflesii_iNaturalist_473127064.jpg,Chaetodon rafflesii,exclude,2026-02-05T12:49:44.014891
Chaetodon_rafflesii_iNaturalist_54700090.jpg,Chaetodon rafflesii,exclude,2026-02-05T12:49:44.014891
Chaetodon_rafflesii_iNaturalist_607548016.jpg,Chaetodon rafflesii,exclude,2026-02-05T12:49:44.014891
Chaetodon_rainfordi_Bishop_-805104421.jpg,Chaetodon rainfordi,exclude,2026-02-05T12:41:55.882991
Chaetodon_rainfordi_iNaturalist_42481120.jpg,Chaetodon rainfordi,exclude,2026-02-05T12:49:44.014891
Chaetodon_rainfordi_iNaturalist_42541456.jpg,Chaetodon rainfordi,exclude,2026-02-05T12:49:44.014891
Chaetodon_rainfordi_iNaturalist_449237800.jpg,Chaetodon rainfordi,exclude,2026-02-05T12:49:44.014891
Chaetodon_rainfordi_iNaturalist_476225553.jpg,Chaetodon rainfordi,exclude,2026-02-05T12:49:44.014891
Chaetodon_rainfordi_iNaturalist_511704851.jpg,Chaetodon rainfordi,exclude,2026-02-05T12:49:44.014891
Chaetodon_rainfordi_iNaturalist_592118460.jpg,Chaetodon rainfordi,exclude,2026-02-05T12:49:44.014891
Chaetodon_rainfordi_iNaturalist_592118909.jpg,Chaetodon rainfordi,exclude,2026-02-05T12:49:44.014891
Chaetodon_rainfordi_iNaturalist_595411844.jpg,Chaetodon rainfordi,exclude,2026-02-05T12:49:44.014891
Chaetodon_rainfordi_iNaturalist_595670621.jpg,Chaetodon rainfordi,exclude,2026-02-05T12:49:44.014891
Chaetodon_rainfordi_iNaturalist_597922997.jpg,Chaetodon rainfordi,exclude,2026-02-05T12:49:44.014891
Chaetodon_reticulatus_Bishop_-2063111040.jpg,Chaetodon reticulatus,exclude,2026-02-05T12:41:55.882728
Chaetodon_reticulatus_iNaturalist_156611194.jpg,Chaetodon reticulatus,exclude,2026-02-05T12:49:44.014891
Chaetodon_reticulatus_iNaturalist_261570999.jpg,Chaetodon reticulatus,exclude,2026-02-05T12:49:44.014891
Chaetodon_reticulatus_iNaturalist_30026960.jpg,Chaetodon reticulatus,exclude,2026-02-05T12:49:44.014891
Chaetodon_reticulatus_iNaturalist_487632927.jpg,Chaetodon reticulatus,exclude,2026-02-05T12:49:44.014891
Chaetodon_reticulatus_iNaturalist_487632982.jpg,Chaetodon reticulatus,exclude,2026-02-05T12:49:44.014891
Chaetodon_reticulatus_iNaturalist_54399841.jpg,Chaetodon reticulatus,exclude,2026-02-05T12:49:44.014891
Chaetodon_reticulatus_iNaturalist_573920266.jpg,Chaetodon reticulatus,exclude,2026-02-05T12:49:44.014891
Chaetodon_reticulatus_iNaturalist_591169754.jpg,Chaetodon reticulatus,exclude,2026-02-05T12:49:44.014891
Chaetodon_reticulatus_iNaturalist_600115611.jpg,Chaetodon reticulatus,exclude,2026-02-05T12:49:44.014891
Chaetodon_reticulatus_iNaturalist_7064003.jpg,Chaetodon reticulatus,exclude,2026-02-05T12:49:44.014891
Chaetodon_robustus_iNaturalist_2549491.jpg,Chaetodon robustus,exclude,2026-02-05T12:49:44.014891
Chaetodon_robustus_iNaturalist_257423579.jpg,Chaetodon robustus,exclude,2026-02-05T12:49:44.014891
Chaetodon_robustus_iNaturalist_278213241.jpg,Chaetodon robustus,exclude,2026-02-05T12:49:44.014891
Chaetodon_robustus_iNaturalist_399369257.jpg,Chaetodon robustus,exclude,2026-02-05T12:49:44.014891
Chaetodon_robustus_iNaturalist_437534287.jpg,Chaetodon robustus,exclude,2026-02-05T12:49:44.014891
Chaetodon_robustus_iNaturalist_437534347.jpg,Chaetodon robustus,exclude,2026-02-05T12:49:44.014891
Chaetodon_robustus_iNaturalist_576757436.jpg,Chaetodon robustus,exclude,2026-02-05T12:49:44.014891
Chaetodon_robustus_iNaturalist_61768271.jpg,Chaetodon robustus,exclude,2026-02-05T12:49:44.014891
Chaetodon_robustus_iNaturalist_61768277.jpg,Chaetodon robustus,exclude,2026-02-05T12:49:44.014891
Chaetodon_robustus_iNaturalist_61768284.jpg,Chaetodon robustus,exclude,2026-02-05T12:49:44.014891
Chaetodon_sanctaehelenae_iNaturalist_29339037.jpg,Chaetodon sanctaehelenae,exclude,2026-02-05T12:49:44.014891
Chaetodon_sanctaehelenae_iNaturalist_418980733.jpg,Chaetodon sanctaehelenae,exclude,2026-02-05T12:49:44.014891
Chaetodon_sanctaehelenae_iNaturalist_418983044.jpg,Chaetodon sanctaehelenae,exclude,2026-02-05T12:49:44.014891
Chaetodon_sanctaehelenae_iNaturalist_484513376.jpg,Chaetodon sanctaehelenae,exclude,2026-02-05T12:49:44.014891
Chaetodon_sanctaehelenae_iNaturalist_578388945.jpg,Chaetodon sanctaehelenae,exclude,2026-02-05T12:49:44.014891
Chaetodon_sanctaehelenae_iNaturalist_578388957.jpg,Chaetodon sanctaehelenae,exclude,2026-02-05T12:49:44.014891
Chaetodon_sanctaehelenae_iNaturalist_578388963.jpg,Chaetodon sanctaehelenae,exclude,2026-02-05T12:49:44.014891
Chaetodon_sedentarius_iNaturalist_149996653.jpg,Chaetodon sedentarius,exclude,2026-02-05T12:49:44.014891
Chaetodon_sedentarius_iNaturalist_261909821.jpg,Chaetodon sedentarius,exclude,2026-02-05T12:49:44.014891
Chaetodon_sedentarius_iNaturalist_264761.jpg,Chaetodon sedentarius,exclude,2026-02-05T12:49:44.014891
Chaetodon_sedentarius_iNaturalist_291518510.jpg,Chaetodon sedentarius,exclude,2026-02-05T12:49:44.014891
Chaetodon_sedentarius_iNaturalist_32020377.jpg,Chaetodon sedentarius,exclude,2026-02-05T12:49:44.014891
Chaetodon_sedentarius_iNaturalist_32020388.jpg,Chaetodon sedentarius,exclude,2026-02-05T12:49:44.014891
Chaetodon_sedentarius_iNaturalist_32020394.jpg,Chaetodon sedentarius,exclude,2026-02-05T12:49:44.014891
Chaetodon_sedentarius_iNaturalist_33101162.jpg,Chaetodon sedentarius,exclude,2026-02-05T12:49:44.014891
Chaetodon_sedentarius_iNaturalist_401441222.jpg,Chaetodon sedentarius,exclude,2026-02-05T12:49:44.014891
Chaetodon_sedentarius_iNaturalist_4692917.jpg,Chaetodon sedentarius,exclude,2026-02-05T12:49:44.014891
Chaetodon_selene_Bishop_-1379331455.jpg,Chaetodon selene,exclude,2026-02-05T12:41:55.883388
Chaetodon_selene_iNaturalist_148476948.jpg,Chaetodon selene,exclude,2026-02-05T12:49:44.014891
Chaetodon_selene_iNaturalist_194985212.jpg,Chaetodon selene,exclude,2026-02-05T12:49:44.014891
Chaetodon_selene_iNaturalist_2465500.jpg,Chaetodon selene,exclude,2026-02-05T12:49:44.014891
Chaetodon_selene_iNaturalist_459791600.jpg,Chaetodon selene,exclude,2026-02-05T12:49:44.014891
Chaetodon_selene_iNaturalist_461134965.jpg,Chaetodon selene,exclude,2026-02-05T12:49:44.014891
Chaetodon_selene_iNaturalist_517036584.jpg,Chaetodon selene,exclude,2026-02-05T12:49:44.014891
Chaetodon_selene_iNaturalist_577593291.jpg,Chaetodon selene,exclude,2026-02-05T12:49:44.014891
Chaetodon_selene_iNaturalist_600955401.jpg,Chaetodon selene,exclude,2026-02-05T12:49:44.014891
Chaetodon_selene_iNaturalist_600955409.jpg,Chaetodon selene,exclude,2026-02-05T12:49:44.014891
Chaetodon_selene_iNaturalist_84499473.jpg,Chaetodon selene,exclude,2026-02-05T12:49:44.014891
Chaetodon_semeion_Bishop_-1205919593.jpg,Chaetodon semeion,exclude,2026-02-05T12:41:55.883601
Chaetodon_semeion_Bishop_238560942.jpg,Chaetodon semeion,exclude,2026-02-05T12:41:55.884037
Chaetodon_semeion_iNaturalist_187549895.jpg,Chaetodon semeion,exclude,2026-02-05T12:49:44.014891
Chaetodon_semeion_iNaturalist_483843324.jpg,Chaetodon semeion,exclude,2026-02-05T12:49:44.014891
Chaetodon_semeion_iNaturalist_483843340.jpg,Chaetodon semeion,exclude,2026-02-05T12:49:44.014891
Chaetodon_semeion_iNaturalist_483843356.jpg,Chaetodon semeion,exclude,2026-02-05T12:49:44.014891
Chaetodon_semeion_iNaturalist_592159669.jpg,Chaetodon semeion,exclude,2026-02-05T12:49:44.014891
Chaetodon_semeion_iNaturalist_592159909.jpg,Chaetodon semeion,exclude,2026-02-05T12:49:44.014891
Chaetodon_semeion_iNaturalist_599835880.jpg,Chaetodon semeion,exclude,2026-02-05T12:49:44.014891
Chaetodon_semeion_iNaturalist_599835888.jpg,Chaetodon semeion,exclude,2026-02-05T12:49:44.014891
Chaetodon_semeion_iNaturalist_80165040.jpg,Chaetodon semeion,exclude,2026-02-05T12:49:44.014891
Chaetodon_semeion_iNaturalist_85606809.jpg,Chaetodon semeion,exclude,2026-02-05T12:49:44.014891
Chaetodon_semilarvatus_Bishop_-947886964.jpg,Chaetodon semilarvatus,exclude,2026-02-05T12:41:55.882711
Chaetodon_semilarvatus_iNaturalist_120141447.jpg,Chaetodon semilarvatus,exclude,2026-02-05T12:49:44.014891
Chaetodon_semilarvatus_iNaturalist_120141561.jpg,Chaetodon semilarvatus,exclude,2026-02-05T12:49:44.014891
Chaetodon_semilarvatus_iNaturalist_213281979.jpg,Chaetodon semilarvatus,exclude,2026-02-05T12:49:44.014891
Chaetodon_semilarvatus_iNaturalist_234638753.jpg,Chaetodon semilarvatus,exclude,2026-02-05T12:49:44.014891
Chaetodon_semilarvatus_iNaturalist_2675097.jpg,Chaetodon semilarvatus,exclude,2026-02-05T12:49:44.014891
Chaetodon_semilarvatus_iNaturalist_480736217.jpg,Chaetodon semilarvatus,exclude,2026-02-05T12:49:44.014891
Chaetodon_semilarvatus_iNaturalist_542083393.jpg,Chaetodon semilarvatus,exclude,2026-02-05T12:49:44.014891
Chaetodon_semilarvatus_iNaturalist_581020123.jpg,Chaetodon semilarvatus,exclude,2026-02-05T12:49:44.014891
Chaetodon_semilarvatus_iNaturalist_589657471.jpg,Chaetodon semilarvatus,exclude,2026-02-05T12:49:44.014891
Chaetodon_semilarvatus_iNaturalist_598091917.jpg,Chaetodon semilarvatus,exclude,2026-02-05T12:49:44.014891
Chaetodon_smithi_Bishop_-1166721005.jpg,Chaetodon smithi,exclude,2026-02-05T12:41:55.883637
Chaetodon_smithi_Bishop_-608924262.jpg,Chaetodon smithi,exclude,2026-02-05T12:41:55.883896
Chaetodon_smithi_Bishop_-756583267.jpg,Chaetodon smithi,exclude,2026-02-05T12:41:55.883135
Chaetodon_smithi_iNaturalist_459167446.jpg,Chaetodon smithi,exclude,2026-02-05T12:49:44.014891
Chaetodon_speculum_Bishop_65885528.jpg,Chaetodon speculum,exclude,2026-02-05T12:41:55.882752
Chaetodon_speculum_iNaturalist_175106878.jpg,Chaetodon speculum,exclude,2026-02-05T12:49:44.014891
Chaetodon_speculum_iNaturalist_195541810.jpg,Chaetodon speculum,exclude,2026-02-05T12:49:44.014891
Chaetodon_speculum_iNaturalist_209502838.jpg,Chaetodon speculum,exclude,2026-02-05T12:49:44.014891
Chaetodon_speculum_iNaturalist_22549454.jpg,Chaetodon speculum,exclude,2026-02-05T12:49:44.014891
Chaetodon_speculum_iNaturalist_33179568.jpg,Chaetodon speculum,exclude,2026-02-05T12:49:44.014891
Chaetodon_speculum_iNaturalist_351451545.jpg,Chaetodon speculum,exclude,2026-02-05T12:49:44.014891
Chaetodon_speculum_iNaturalist_373588991.jpg,Chaetodon speculum,exclude,2026-02-05T12:49:44.014891
Chaetodon_speculum_iNaturalist_468432570.jpg,Chaetodon speculum,exclude,2026-02-05T12:49:44.014891
Chaetodon_speculum_iNaturalist_5435374.jpg,Chaetodon speculum,exclude,2026-02-05T12:49:44.014891
Chaetodon_speculum_iNaturalist_62392281.jpg,Chaetodon speculum,exclude,2026-02-05T12:49:44.014891
Chaetodon_striatus_iNaturalist_108952720.jpg,Chaetodon striatus,exclude,2026-02-05T12:49:44.014891
Chaetodon_striatus_iNaturalist_177316261.jpg,Chaetodon striatus,exclude,2026-02-05T12:49:44.014891
Chaetodon_striatus_iNaturalist_254945429.jpg,Chaetodon striatus,exclude,2026-02-05T12:49:44.014891
Chaetodon_striatus_iNaturalist_378227586.jpg,Chaetodon striatus,exclude,2026-02-05T12:49:44.014891
Chaetodon_striatus_iNaturalist_44877104.jpg,Chaetodon striatus,exclude,2026-02-05T12:49:44.014891
Chaetodon_striatus_iNaturalist_455572688.jpg,Chaetodon striatus,exclude,2026-02-05T12:49:44.014891
Chaetodon_striatus_iNaturalist_516231487.jpg,Chaetodon striatus,exclude,2026-02-05T12:49:44.014891
Chaetodon_striatus_iNaturalist_535152832.jpg,Chaetodon striatus,exclude,2026-02-05T12:49:44.014891
Chaetodon_striatus_iNaturalist_604196066.jpg,Chaetodon striatus,exclude,2026-02-05T12:49:44.014891
Chaetodon_striatus_iNaturalist_608288977.jpg,Chaetodon striatus,exclude,2026-02-05T12:49:44.014891
Chaetodon_tinkeri_Bishop_-1989865351.jpg,Chaetodon tinkeri,exclude,2026-02-05T12:41:55.882784
Chaetodon_tinkeri_Bishop_-408146097.jpg,Chaetodon tinkeri,exclude,2026-02-05T12:41:55.882901
Chaetodon_tinkeri_Bishop_1959828294.jpg,Chaetodon tinkeri,exclude,2026-02-05T12:41:55.883493
Chaetodon_tinkeri_iNaturalist_122833590.jpg,Chaetodon tinkeri,exclude,2026-02-05T12:49:44.014891
Chaetodon_tinkeri_iNaturalist_122833614.jpg,Chaetodon tinkeri,exclude,2026-02-05T12:49:44.014891
Chaetodon_tinkeri_iNaturalist_122833739.jpg,Chaetodon tinkeri,exclude,2026-02-05T12:49:44.014891
Chaetodon_tinkeri_iNaturalist_132972673.jpg,Chaetodon tinkeri,exclude,2026-02-05T12:49:44.014891
Chaetodon_tinkeri_iNaturalist_415676289.jpg,Chaetodon tinkeri,exclude,2026-02-05T12:49:44.014891
Chaetodon_tinkeri_iNaturalist_415676306.jpg,Chaetodon tinkeri,exclude,2026-02-05T12:49:44.014891
Chaetodon_tinkeri_iNaturalist_415676341.jpg,Chaetodon tinkeri,exclude,2026-02-05T12:49:44.014891
Chaetodon_tinkeri_iNaturalist_66870.jpg,Chaetodon tinkeri,exclude,2026-02-05T12:49:44.014891
Chaetodon_tinkeri_iNaturalist_83513651.jpg,Chaetodon tinkeri,exclude,2026-02-05T12:49:44.014891
Chaetodon_tinkeri_iNaturalist_83513687.jpg,Chaetodon tinkeri,exclude,2026-02-05T12:49:44.014891
Chaetodon_triangulum_iNaturalist_11763186.jpg,Chaetodon triangulum,exclude,2026-02-05T12:49:44.014891
Chaetodon_triangulum_iNaturalist_149101164.jpg,Chaetodon triangulum,exclude,2026-02-05T12:49:44.014891
Chaetodon_triangulum_iNaturalist_177669571.jpg,Chaetodon triangulum,exclude,2026-02-05T12:49:44.014891
Chaetodon_triangulum_iNaturalist_280764242.jpg,Chaetodon triangulum,exclude,2026-02-05T12:49:44.014891
Chaetodon_triangulum_iNaturalist_336501928.jpg,Chaetodon triangulum,exclude,2026-02-05T12:49:44.014891
Chaetodon_triangulum_iNaturalist_484927564.jpg,Chaetodon triangulum,exclude,2026-02-05T12:49:44.014891
Chaetodon_triangulum_iNaturalist_592518850.jpg,Chaetodon triangulum,exclude,2026-02-05T12:49:44.014891
Chaetodon_triangulum_iNaturalist_607414244.jpg,Chaetodon triangulum,exclude,2026-02-05T12:49:44.014891
Chaetodon_triangulum_iNaturalist_607414261.jpg,Chaetodon triangulum,exclude,2026-02-05T12:49:44.014891
Chaetodon_triangulum_iNaturalist_71648447.jpg,Chaetodon triangulum,exclude,2026-02-05T12:49:44.014891
Chaetodon_trichrous_Bishop_-192591132.jpg,Chaetodon trichrous,exclude,2026-02-05T12:41:55.884161
Chaetodon_trichrous_iNaturalist_167677313.jpg,Chaetodon trichrous,exclude,2026-02-05T12:49:44.014891
Chaetodon_trichrous_iNaturalist_173142293.jpg,Chaetodon trichrous,exclude,2026-02-05T12:49:44.014891
Chaetodon_trichrous_iNaturalist_301384831.jpg,Chaetodon trichrous,exclude,2026-02-05T12:49:44.014891
Chaetodon_trichrous_iNaturalist_350883651.jpg,Chaetodon trichrous,exclude,2026-02-05T12:49:44.014891
Chaetodon_trichrous_iNaturalist_472558208.jpg,Chaetodon trichrous,exclude,2026-02-05T12:49:44.014891
Chaetodon_trichrous_iNaturalist_473965444.jpg,Chaetodon trichrous,exclude,2026-02-05T12:49:44.014891
Chaetodon_trichrous_iNaturalist_527314355.jpg,Chaetodon trichrous,exclude,2026-02-05T12:49:44.014891
Chaetodon_trichrous_iNaturalist_54935427.jpg,Chaetodon trichrous,exclude,2026-02-05T12:49:44.014891
Chaetodon_trichrous_iNaturalist_593273450.jpg,Chaetodon trichrous,exclude,2026-02-05T12:49:44.014891
Chaetodon_tricinctus_iNaturalist_118360420.jpg,Chaetodon tricinctus,exclude,2026-02-05T12:49:44.014891
Chaetodon_tricinctus_iNaturalist_13811577.jpg,Chaetodon tricinctus,exclude,2026-02-05T12:49:44.014891
Chaetodon_tricinctus_iNaturalist_197184716.jpg,Chaetodon tricinctus,exclude,2026-02-05T12:49:44.014891
Chaetodon_tricinctus_iNaturalist_248668717.jpg,Chaetodon tricinctus,exclude,2026-02-05T12:49:44.014891
Chaetodon_tricinctus_iNaturalist_287702131.jpg,Chaetodon tricinctus,exclude,2026-02-05T12:49:44.014891
Chaetodon_tricinctus_iNaturalist_287702203.jpg,Chaetodon tricinctus,exclude,2026-02-05T12:49:44.014891
Chaetodon_tricinctus_iNaturalist_322706422.jpg,Chaetodon tricinctus,exclude,2026-02-05T12:49:44.014891
Chaetodon_tricinctus_iNaturalist_335443101.jpg,Chaetodon tricinctus,exclude,2026-02-05T12:49:44.014891
Chaetodon_tricinctus_iNaturalist_6629748.jpg,Chaetodon tricinctus,exclude,2026-02-05T12:49:44.014891
Chaetodon_tricinctus_iNaturalist_6629751.jpg,Chaetodon tricinctus,exclude,2026-02-05T12:49:44.014891
Chaetodon_trifascialis_Bishop_-1790297166.jpg,Chaetodon trifascialis,exclude,2026-02-05T12:41:55.883041
Chaetodon_trifascialis_Bishop_-500274613.jpg,Chaetodon trifascialis,exclude,2026-02-05T12:41:55.883301
Chaetodon_trifascialis_iNaturalist_215411642.jpg,Chaetodon trifascialis,exclude,2026-02-05T12:49:44.014891
Chaetodon_trifascialis_iNaturalist_234150638.jpg,Chaetodon trifascialis,exclude,2026-02-05T12:49:44.014891
Chaetodon_trifascialis_iNaturalist_243933.jpg,Chaetodon trifascialis,exclude,2026-02-05T12:49:44.014891
Chaetodon_trifascialis_iNaturalist_27663000.jpg,Chaetodon trifascialis,exclude,2026-02-05T12:49:44.014891
Chaetodon_trifascialis_iNaturalist_328870250.jpg,Chaetodon trifascialis,exclude,2026-02-05T12:49:44.014891
Chaetodon_trifascialis_iNaturalist_424671659.jpg,Chaetodon trifascialis,exclude,2026-02-05T12:49:44.014891
Chaetodon_trifascialis_iNaturalist_424671676.jpg,Chaetodon trifascialis,exclude,2026-02-05T12:49:44.014891
Chaetodon_trifascialis_iNaturalist_424671689.jpg,Chaetodon trifascialis,exclude,2026-02-05T12:49:44.014891
Chaetodon_trifascialis_iNaturalist_424671703.jpg,Chaetodon trifascialis,exclude,2026-02-05T12:49:44.014891
Chaetodon_trifascialis_iNaturalist_536659908.jpg,Chaetodon trifascialis,exclude,2026-02-05T12:49:44.014891
Chaetodon_trifasciatus_Bishop_-781709008.jpg,Chaetodon trifasciatus,exclude,2026-02-05T12:41:55.884004
Chaetodon_trifasciatus_iNaturalist_173829537.jpg,Chaetodon trifasciatus,exclude,2026-02-05T12:49:44.014891
Chaetodon_trifasciatus_iNaturalist_173829547.jpg,Chaetodon trifasciatus,exclude,2026-02-05T12:49:44.014891
Chaetodon_trifasciatus_iNaturalist_173829556.jpg,Chaetodon trifasciatus,exclude,2026-02-05T12:49:44.014891
Chaetodon_trifasciatus_iNaturalist_326127996.jpg,Chaetodon trifasciatus,exclude,2026-02-05T12:49:44.014891
Chaetodon_trifasciatus_iNaturalist_332090965.jpg,Chaetodon trifasciatus,exclude,2026-02-05T12:49:44.014891
Chaetodon_trifasciatus_iNaturalist_334508891.jpg,Chaetodon trifasciatus,exclude,2026-02-05T12:49:44.014891
Chaetodon_trifasciatus_iNaturalist_434604443.jpg,Chaetodon trifasciatus,exclude,2026-02-05T12:49:44.014891
Chaetodon_trifasciatus_iNaturalist_434604519.jpg,Chaetodon trifasciatus,exclude,2026-02-05T12:49:44.014891
Chaetodon_trifasciatus_iNaturalist_454497011.jpg,Chaetodon trifasciatus,exclude,2026-02-05T12:49:44.014891
Chaetodon_trifasciatus_iNaturalist_4868636.jpg,Chaetodon trifasciatus,exclude,2026-02-05T12:49:44.014891
Chaetodon_ulietensis_Bishop_-1430510223.jpg,Chaetodon ulietensis,exclude,2026-02-05T12:41:55.882703
Chaetodon_ulietensis_Bishop_-201975074.jpg,Chaetodon ulietensis,exclude,2026-02-05T12:41:55.883425
Chaetodon_ulietensis_iNaturalist_1400797.jpg,Chaetodon ulietensis,exclude,2026-02-05T12:49:44.014891
Chaetodon_ulietensis_iNaturalist_173697456.jpg,Chaetodon ulietensis,exclude,2026-02-05T12:49:44.014891
Chaetodon_ulietensis_iNaturalist_222874834.jpg,Chaetodon ulietensis,exclude,2026-02-05T12:49:44.014891
Chaetodon_ulietensis_iNaturalist_230476352.jpg,Chaetodon ulietensis,exclude,2026-02-05T12:49:44.014891
Chaetodon_ulietensis_iNaturalist_326590225.jpg,Chaetodon ulietensis,exclude,2026-02-05T12:49:44.014891
Chaetodon_ulietensis_iNaturalist_331048079.jpg,Chaetodon ulietensis,exclude,2026-02-05T12:49:44.014891
Chaetodon_ulietensis_iNaturalist_453438977.jpg,Chaetodon ulietensis,exclude,2026-02-05T12:49:44.014891
Chaetodon_ulietensis_iNaturalist_453439299.jpg,Chaetodon ulietensis,exclude,2026-02-05T12:49:44.014891
Chaetodon_ulietensis_iNaturalist_453440787.jpg,Chaetodon ulietensis,exclude,2026-02-05T12:49:44.014891
Chaetodon_ulietensis_iNaturalist_453444823.jpg,Chaetodon ulietensis,exclude,2026-02-05T12:49:44.014891
Chaetodon_unimaculatus_Bishop_-538563321.jpg,Chaetodon unimaculatus,exclude,2026-02-05T12:41:55.883156
Chaetodon_unimaculatus_iNaturalist_179915614.jpg,Chaetodon unimaculatus,exclude,2026-02-05T12:49:44.014891
Chaetodon_unimaculatus_iNaturalist_233496852.jpg,Chaetodon unimaculatus,exclude,2026-02-05T12:49:44.014891
Chaetodon_unimaculatus_iNaturalist_553392414.jpg,Chaetodon unimaculatus,exclude,2026-02-05T12:49:44.014891
Chaetodon_unimaculatus_iNaturalist_553392498.jpg,Chaetodon unimaculatus,exclude,2026-02-05T12:49:44.014891
Chaetodon_unimaculatus_iNaturalist_593828871.jpg,Chaetodon unimaculatus,exclude,2026-02-05T12:49:44.014891
Chaetodon_unimaculatus_iNaturalist_593828880.jpg,Chaetodon unimaculatus,exclude,2026-02-05T12:49:44.014891
Chaetodon_unimaculatus_iNaturalist_602202893.jpg,Chaetodon unimaculatus,exclude,2026-02-05T12:49:44.014891
Chaetodon_unimaculatus_iNaturalist_66774276.jpg,Chaetodon unimaculatus,exclude,2026-02-05T12:49:44.014891
Chaetodon_unimaculatus_iNaturalist_71907697.jpg,Chaetodon unimaculatus,exclude,2026-02-05T12:49:44.014891
Chaetodon_unimaculatus_iNaturalist_91073839.jpg,Chaetodon unimaculatus,exclude,2026-02-05T12:49:44.014891
Chaetodon_vagabundus_iNaturalist_13817766.jpg,Chaetodon vagabundus,exclude,2026-02-05T12:49:44.014891
Chaetodon_vagabundus_iNaturalist_209516313.jpg,Chaetodon vagabundus,exclude,2026-02-05T12:49:44.014891
Chaetodon_vagabundus_iNaturalist_232725659.jpg,Chaetodon vagabundus,exclude,2026-02-05T12:49:44.014891
Chaetodon_vagabundus_iNaturalist_234150683.jpg,Chaetodon vagabundus,exclude,2026-02-05T12:49:44.014891
Chaetodon_vagabundus_iNaturalist_236696832.jpg,Chaetodon vagabundus,exclude,2026-02-05T12:49:44.014891
Chaetodon_vagabundus_iNaturalist_236697047.jpg,Chaetodon vagabundus,exclude,2026-02-05T12:49:44.014891
Chaetodon_vagabundus_iNaturalist_236697461.jpg,Chaetodon vagabundus,exclude,2026-02-05T12:49:44.014891
Chaetodon_vagabundus_iNaturalist_259101164.jpg,Chaetodon vagabundus,exclude,2026-02-05T12:49:44.014891
Chaetodon_vagabundus_iNaturalist_269786835.jpg,Chaetodon vagabundus,exclude,2026-02-05T12:49:44.014891
Chaetodon_vagabundus_iNaturalist_91073842.jpg,Chaetodon vagabundus,exclude,2026-02-05T12:49:44.014891
Chaetodon_wiebeli_Bishop_532247427.jpg,Chaetodon wiebeli,exclude,2026-02-05T12:41:55.883711
Chaetodon_wiebeli_iNaturalist_303753000.jpg,Chaetodon wiebeli,exclude,2026-02-05T12:49:44.014891
Chaetodon_wiebeli_iNaturalist_303837873.jpg,Chaetodon wiebeli,exclude,2026-02-05T12:49:44.014891
Chaetodon_wiebeli_iNaturalist_303837884.jpg,Chaetodon wiebeli,exclude,2026-02-05T12:49:44.014891
Chaetodon_wiebeli_iNaturalist_324430476.jpg,Chaetodon wiebeli,exclude,2026-02-05T12:49:44.014891
Chaetodon_wiebeli_iNaturalist_416917368.jpg,Chaetodon wiebeli,exclude,2026-02-05T12:49:44.014891
Chaetodon_wiebeli_iNaturalist_416922213.jpg,Chaetodon wiebeli,exclude,2026-02-05T12:49:44.014891
Chaetodon_wiebeli_iNaturalist_433350324.jpg,Chaetodon wiebeli,exclude,2026-02-05T12:49:44.014891
Chaetodon_wiebeli_iNaturalist_433350349.jpg,Chaetodon wiebeli,exclude,2026-02-05T12:49:44.014891
Chaetodon_wiebeli_iNaturalist_433350357.jpg,Chaetodon wiebeli,exclude,2026-02-05T12:49:44.014891
Chaetodon_wiebeli_iNaturalist_586264782.jpg,Chaetodon wiebeli,exclude,2026-02-05T12:49:44.014891
Chaetodon_xanthocephalus_Bishop_-1021247480.jpg,Chaetodon xanthocephalus,exclude,2026-02-05T12:41:55.884073
Chaetodon_xanthocephalus_iNaturalist_328453538.jpg,Chaetodon xanthocephalus,exclude,2026-02-05T12:49:44.014891
Chaetodon_xanthocephalus_iNaturalist_450960736.jpg,Chaetodon xanthocephalus,exclude,2026-02-05T12:49:44.014891
Chaetodon_xanthocephalus_iNaturalist_450960738.jpg,Chaetodon xanthocephalus,exclude,2026-02-05T12:49:44.014891
Chaetodon_xanthocephalus_iNaturalist_458538297.jpg,Chaetodon xanthocephalus,exclude,2026-02-05T12:49:44.014891
Chaetodon_xanthocephalus_iNaturalist_458538304.jpg,Chaetodon xanthocephalus,exclude,2026-02-05T12:49:44.014891
Chaetodon_xanthocephalus_iNaturalist_482464440.jpg,Chaetodon xanthocephalus,exclude,2026-02-05T12:49:44.014891
Chaetodon_xanthocephalus_iNaturalist_484448276.jpg,Chaetodon xanthocephalus,exclude,2026-02-05T12:49:44.014891
Chaetodon_xanthocephalus_iNaturalist_485213070.jpg,Chaetodon xanthocephalus,exclude,2026-02-05T12:49:44.014891
Chaetodon_xanthocephalus_iNaturalist_590458116.jpg,Chaetodon xanthocephalus,exclude,2026-02-05T12:49:44.014891
Chaetodon_xanthocephalus_iNaturalist_593967746.jpg,Chaetodon xanthocephalus,exclude,2026-02-05T12:49:44.014891
Chaetodon_xanthurus_Bishop_-858508951.jpg,Chaetodon xanthurus,exclude,2026-02-05T12:41:55.883542
Chaetodon_xanthurus_iNaturalist_101304801.jpg,Chaetodon xanthurus,exclude,2026-02-05T12:49:44.014891
Chaetodon_xanthurus_iNaturalist_207028115.jpg,Chaetodon xanthurus,exclude,2026-02-05T12:49:44.014891
Chaetodon_xanthurus_iNaturalist_221164225.jpg,Chaetodon xanthurus,exclude,2026-02-05T12:49:44.014891
Chaetodon_xanthurus_iNaturalist_227051829.jpg,Chaetodon xanthurus,exclude,2026-02-05T12:49:44.014891
Chaetodon_xanthurus_iNaturalist_279115959.jpg,Chaetodon xanthurus,exclude,2026-02-05T12:49:44.014891
Chaetodon_xanthurus_iNaturalist_332071356.jpg,Chaetodon xanthurus,exclude,2026-02-05T12:49:44.014891
Chaetodon_xanthurus_iNaturalist_427620838.jpg,Chaetodon xanthurus,exclude,2026-02-05T12:49:44.014891
Chaetodon_xanthurus_iNaturalist_427620841.jpg,Chaetodon xanthurus,exclude,2026-02-05T12:49:44.014891
Chaetodon_xanthurus_iNaturalist_440574102.jpg,Chaetodon xanthurus,exclude,2026-02-05T12:49:44.014891
Chaetodon_xanthurus_iNaturalist_440574125.jpg,Chaetodon xanthurus,exclude,2026-02-05T12:49:44.014891
Chaetodon_zanzibarensis_iNaturalist_12066147.jpg,Chaetodon zanzibarensis,exclude,2026-02-05T12:49:44.014891
Chaetodon_zanzibarensis_iNaturalist_12066149.jpg,Chaetodon zanzibarensis,exclude,2026-02-05T12:49:44.014891
Chaetodon_zanzibarensis_iNaturalist_12066151.jpg,Chaetodon zanzibarensis,exclude,2026-02-05T12:49:44.014891
Chaetodon_zanzibarensis_iNaturalist_260172993.jpg,Chaetodon zanzibarensis,exclude,2026-02-05T12:49:44.014891
Chaetodon_zanzibarensis_iNaturalist_426318179.jpg,Chaetodon zanzibarensis,exclude,2026-02-05T12:49:44.014891
Chaetodon_zanzibarensis_iNaturalist_426318182.jpg,Chaetodon zanzibarensis,exclude,2026-02-05T12:49:44.014891
Chaetodon_zanzibarensis_iNaturalist_459832994.jpg,Chaetodon zanzibarensis,exclude,2026-02-05T12:49:44.014891
Chaetodon_zanzibarensis_iNaturalist_459833013.jpg,Chaetodon zanzibarensis,exclude,2026-02-05T12:49:44.014891
Chaetodon_zanzibarensis_iNaturalist_459837615.jpg,Chaetodon zanzibarensis,exclude,2026-02-05T12:49:44.014891
Chaetodon_zanzibarensis_iNaturalist_66299912.jpg,Chaetodon zanzibarensis,exclude,2026-02-05T12:49:44.014891
Chelmon_marginalis_Bishop_-1899628097.jpg,Chelmon marginalis,exclude,2026-02-05T12:41:55.883403
Chelmon_marginalis_Bishop_-336691052.jpg,Chelmon marginalis,exclude,2026-02-05T12:41:55.883314
Chelmon_marginalis_Bishop_24220165.jpg,Chelmon marginalis,exclude,2026-02-05T12:41:55.883857
Chelmon_marginalis_iNaturalist_100384600.jpg,Chelmon marginalis,exclude,2026-02-05T12:49:44.014891
Chelmon_marginalis_iNaturalist_18106798.jpg,Chelmon marginalis,exclude,2026-02-05T12:49:44.014891
Chelmon_marginalis_iNaturalist_220605305.jpg,Chelmon marginalis,exclude,2026-02-05T12:49:44.014891
Chelmon_marginalis_iNaturalist_220605314.jpg,Chelmon marginalis,exclude,2026-02-05T12:49:44.014891
Chelmon_marginalis_iNaturalist_271338157.jpg,Chelmon marginalis,exclude,2026-02-05T12:49:44.014891
Chelmon_marginalis_iNaturalist_337576196.jpg,Chelmon marginalis,exclude,2026-02-05T12:49:44.014891
Chelmon_marginalis_iNaturalist_341061423.jpg,Chelmon marginalis,exclude,2026-02-05T12:49:44.014891
Chelmon_marginalis_iNaturalist_341730140.jpg,Chelmon marginalis,exclude,2026-02-05T12:49:44.014891
Chelmon_marginalis_iNaturalist_570390920.jpg,Chelmon marginalis,exclude,2026-02-05T12:49:44.014891
Chelmon_marginalis_iNaturalist_99323687.jpg,Chelmon marginalis,exclude,2026-02-05T12:49:44.014891
Chelmon_muelleri_Bishop_1919363298.jpg,Chelmon muelleri,exclude,2026-02-05T12:41:55.883505
Chelmon_muelleri_Bishop_425540539.jpg,Chelmon muelleri,exclude,2026-02-05T12:41:55.883984
Chelmon_muelleri_iNaturalist_143981394.jpg,Chelmon muelleri,exclude,2026-02-05T12:49:44.014891
Chelmon_muelleri_iNaturalist_14858131.jpg,Chelmon muelleri,exclude,2026-02-05T12:49:44.014891
Chelmon_muelleri_iNaturalist_178180829.jpg,Chelmon muelleri,exclude,2026-02-05T12:49:44.014891
Chelmon_muelleri_iNaturalist_202629383.jpg,Chelmon muelleri,exclude,2026-02-05T12:49:44.014891
Chelmon_muelleri_iNaturalist_241886728.jpg,Chelmon muelleri,exclude,2026-02-05T12:49:44.014891
Chelmon_muelleri_iNaturalist_341061339.jpg,Chelmon muelleri,exclude,2026-02-05T12:49:44.014891
Chelmon_muelleri_iNaturalist_41609881.jpg,Chelmon muelleri,exclude,2026-02-05T12:49:44.014891
Chelmon_muelleri_iNaturalist_600169429.jpg,Chelmon muelleri,exclude,2026-02-05T12:49:44.014891
Chelmon_muelleri_iNaturalist_96908510.jpg,Chelmon muelleri,exclude,2026-02-05T12:49:44.014891
Chelmon_muelleri_iNaturalist_96908513.jpg,Chelmon muelleri,exclude,2026-02-05T12:49:44.014891
Chelmon_rostratus_Bishop_-1060273696.jpg,Chelmon rostratus,exclude,2026-02-05T12:41:55.883943
Chelmon_rostratus_Bishop_-1630595999.jpg,Chelmon rostratus,exclude,2026-02-05T12:41:55.883955
Chelmon_rostratus_iNaturalist_10597368.jpg,Chelmon rostratus,exclude,2026-02-05T12:49:44.014891
Chelmon_rostratus_iNaturalist_116164409.jpg,Chelmon rostratus,exclude,2026-02-05T12:49:44.014891
Chelmon_rostratus_iNaturalist_132056083.jpg,Chelmon rostratus,exclude,2026-02-05T12:49:44.014891
Chelmon_rostratus_iNaturalist_138964692.jpg,Chelmon rostratus,exclude,2026-02-05T12:49:44.014891
Chelmon_rostratus_iNaturalist_165226880.jpg,Chelmon rostratus,exclude,2026-02-05T12:49:44.014891
Chelmon_rostratus_iNaturalist_389832450.jpg,Chelmon rostratus,exclude,2026-02-05T12:49:44.014891
Chelmon_rostratus_iNaturalist_422514686.jpg,Chelmon rostratus,exclude,2026-02-05T12:49:44.014891
Chelmon_rostratus_iNaturalist_579723287.jpg,Chelmon rostratus,exclude,2026-02-05T12:49:44.014891
Chelmon_rostratus_iNaturalist_579723343.jpg,Chelmon rostratus,exclude,2026-02-05T12:49:44.014891
Chelmon_rostratus_iNaturalist_605809779.jpg,Chelmon rostratus,exclude,2026-02-05T12:49:44.014891
Chelmonops_curiosus_iNaturalist_13983228.jpg,Chelmonops curiosus,exclude,2026-02-05T12:49:44.014891
Chelmonops_curiosus_iNaturalist_17452463.jpg,Chelmonops curiosus,exclude,2026-02-05T12:49:44.014891
Chelmonops_curiosus_iNaturalist_199284350.jpg,Chelmonops curiosus,exclude,2026-02-05T12:49:44.014891
Chelmonops_curiosus_iNaturalist_23672405.jpg,Chelmonops curiosus,exclude,2026-02-05T12:49:44.014891
Chelmonops_curiosus_iNaturalist_255611113.jpg,Chelmonops curiosus,exclude,2026-02-05T12:49:44.014891
Chelmonops_curiosus_iNaturalist_29627923.jpg,Chelmonops curiosus,exclude,2026-02-05T12:49:44.014891
Chelmonops_curiosus_iNaturalist_29627943.jpg,Chelmonops curiosus,exclude,2026-02-05T12:49:44.014891
Chelmonops_curiosus_iNaturalist_342365702.jpg,Chelmonops curiosus,exclude,2026-02-05T12:49:44.014891
Chelmonops_curiosus_iNaturalist_342373914.jpg,Chelmonops curiosus,exclude,2026-02-05T12:49:44.014891
Chelmonops_truncatus_Bishop_-473926281.jpg,Chelmonops truncatus,exclude,2026-02-05T12:41:55.883656
Chelmonops_truncatus_iNaturalist_18275793.jpg,Chelmonops truncatus,exclude,2026-02-05T12:49:44.014891
Chelmonops_truncatus_iNaturalist_20710357.jpg,Chelmonops truncatus,exclude,2026-02-05T12:49:44.014891
Chelmonops_truncatus_iNaturalist_21652115.jpg,Chelmonops truncatus,exclude,2026-02-05T12:49:44.014891
Chelmonops_truncatus_iNaturalist_21652120.jpg,Chelmonops truncatus,exclude,2026-02-05T12:49:44.014891
Chelmonops_truncatus_iNaturalist_23943685.jpg,Chelmonops truncatus,exclude,2026-02-05T12:49:44.014891
Chelmonops_truncatus_iNaturalist_24980935.jpg,Chelmonops truncatus,exclude,2026-02-05T12:49:44.014891
Chelmonops_truncatus_iNaturalist_33025273.jpg,Chelmonops truncatus,exclude,2026-02-05T12:49:44.014891
Chelmonops_truncatus_iNaturalist_42619218.jpg,Chelmonops truncatus,exclude,2026-02-05T12:49:44.014891
Chelmonops_truncatus_iNaturalist_76040538.jpg,Chelmonops truncatus,exclude,2026-02-05T12:49:44.014891
Chelmonops_truncatus_iNaturalist_79031638.jpg,Chelmonops truncatus,exclude,2026-02-05T12:49:44.014891
Coradion_altivelis_Bishop_-1400875907.jpg,Coradion altivelis,exclude,2026-02-05T12:41:55.883377
Coradion_altivelis_Bishop_1025347564.jpg,Coradion altivelis,exclude,2026-02-05T12:41:55.882918
Coradion_altivelis_iNaturalist_154303836.jpg,Coradion altivelis,exclude,2026-02-05T12:49:44.014891
Coradion_altivelis_iNaturalist_154303839.jpg,Coradion altivelis,exclude,2026-02-05T12:49:44.014891
Coradion_altivelis_iNaturalist_220153501.jpg,Coradion altivelis,exclude,2026-02-05T12:49:44.014891
Coradion_altivelis_iNaturalist_273099920.jpg,Coradion altivelis,exclude,2026-02-05T12:49:44.014891
Coradion_altivelis_iNaturalist_273101790.jpg,Coradion altivelis,exclude,2026-02-05T12:49:44.014891
Coradion_altivelis_iNaturalist_283987512.jpg,Coradion altivelis,exclude,2026-02-05T12:49:44.014891
Coradion_altivelis_iNaturalist_319434619.jpg,Coradion altivelis,exclude,2026-02-05T12:49:44.014891
Coradion_altivelis_iNaturalist_43170142.jpg,Coradion altivelis,exclude,2026-02-05T12:49:44.014891
Coradion_altivelis_iNaturalist_585934103.jpg,Coradion altivelis,exclude,2026-02-05T12:49:44.014891
Coradion_altivelis_iNaturalist_600159384.jpg,Coradion altivelis,exclude,2026-02-05T12:49:44.014891
Coradion_chrysozonus_Bishop_-1821725095.jpg,Coradion chrysozonus,exclude,2026-02-05T12:41:55.883186
Coradion_chrysozonus_Bishop_1721541363.jpg,Coradion chrysozonus,exclude,2026-02-05T12:41:55.883614
Coradion_chrysozonus_Bishop_213329914.jpg,Coradion chrysozonus,exclude,2026-02-05T12:41:55.882946
Coradion_chrysozonus_Bishop_28243640.jpg,Coradion chrysozonus,exclude,2026-02-05T12:41:55.883883
Coradion_chrysozonus_iNaturalist_131619442.jpg,Coradion chrysozonus,exclude,2026-02-05T12:49:44.014891
Coradion_chrysozonus_iNaturalist_160228299.jpg,Coradion chrysozonus,exclude,2026-02-05T12:49:44.014891
Coradion_chrysozonus_iNaturalist_266332535.jpg,Coradion chrysozonus,exclude,2026-02-05T12:49:44.014891
Coradion_chrysozonus_iNaturalist_277154827.jpg,Coradion chrysozonus,exclude,2026-02-05T12:49:44.014891
Coradion_chrysozonus_iNaturalist_325219219.jpg,Coradion chrysozonus,exclude,2026-02-05T12:49:44.014891
Coradion_chrysozonus_iNaturalist_336902408.jpg,Coradion chrysozonus,exclude,2026-02-05T12:49:44.014891
Coradion_chrysozonus_iNaturalist_336902426.jpg,Coradion chrysozonus,exclude,2026-02-05T12:49:44.014891
Coradion_chrysozonus_iNaturalist_368388152.jpg,Coradion chrysozonus,exclude,2026-02-05T12:49:44.014891
Coradion_chrysozonus_iNaturalist_428621525.jpg,Coradion chrysozonus,exclude,2026-02-05T12:49:44.014891
Coradion_chrysozonus_iNaturalist_67179004.jpg,Coradion chrysozonus,exclude,2026-02-05T12:49:44.014891
Coradion_melanopus_Bishop_-1537131019.jpg,Coradion melanopus,exclude,2026-02-05T12:41:55.883577
Coradion_melanopus_Bishop_1397670468.jpg,Coradion melanopus,exclude,2026-02-05T12:41:55.883754
Coradion_melanopus_Bishop_1537514406.jpg,Coradion melanopus,exclude,2026-02-05T12:41:55.882892
Coradion_melanopus_Bishop_726040623.jpg,Coradion melanopus,exclude,2026-02-05T12:41:55.883626
Coradion_melanopus_iNaturalist_179314622.jpg,Coradion melanopus,exclude,2026-02-05T12:49:44.014891
Coradion_melanopus_iNaturalist_19089572.jpg,Coradion melanopus,exclude,2026-02-05T12:49:44.014891
Coradion_melanopus_iNaturalist_38455831.jpg,Coradion melanopus,exclude,2026-02-05T12:49:44.014891
Coradion_melanopus_iNaturalist_461842709.jpg,Coradion melanopus,exclude,2026-02-05T12:49:44.014891
Coradion_melanopus_iNaturalist_471470053.jpg,Coradion melanopus,exclude,2026-02-05T12:49:44.014891
Coradion_melanopus_iNaturalist_572762865.jpg,Coradion melanopus,exclude,2026-02-05T12:49:44.014891
Coradion_melanopus_iNaturalist_591247918.jpg,Coradion melanopus,exclude,2026-02-05T12:49:44.014891
Coradion_melanopus_iNaturalist_594962027.jpg,Coradion melanopus,exclude,2026-02-05T12:49:44.014891
Coradion_melanopus_iNaturalist_594962045.jpg,Coradion melanopus,exclude,2026-02-05T12:49:44.014891
Coradion_melanopus_iNaturalist_80459445.jpg,Coradion melanopus,exclude,2026-02-05T12:49:44.014891
Forcipiger_flavissimus_Bishop_-1224605166.jpg,Forcipiger flavissimus,exclude,2026-02-05T12:41:55.883781
Forcipiger_flavissimus_Bishop_-1548318421.jpg,Forcipiger flavissimus,exclude,2026-02-05T12:41:55.884220
Forcipiger_flavissimus_iNaturalist_170376471.jpg,Forcipiger flavissimus,exclude,2026-02-05T12:49:44.014891
Forcipiger_flavissimus_iNaturalist_17443763.jpg,Forcipiger flavissimus,exclude,2026-02-05T12:49:44.014891
Forcipiger_flavissimus_iNaturalist_179529899.jpg,Forcipiger flavissimus,exclude,2026-02-05T12:49:44.014891
Forcipiger_flavissimus_iNaturalist_179529903.jpg,Forcipiger flavissimus,exclude,2026-02-05T12:49:44.014891
Forcipiger_flavissimus_iNaturalist_222104159.jpg,Forcipiger flavissimus,exclude,2026-02-05T12:49:44.014891
Forcipiger_flavissimus_iNaturalist_237549065.jpg,Forcipiger flavissimus,exclude,2026-02-05T12:49:44.014891
Forcipiger_flavissimus_iNaturalist_260490467.jpg,Forcipiger flavissimus,exclude,2026-02-05T12:49:44.014891
Forcipiger_flavissimus_iNaturalist_389876206.jpg,Forcipiger flavissimus,exclude,2026-02-05T12:49:44.014891
Forcipiger_flavissimus_iNaturalist_59975862.jpg,Forcipiger flavissimus,exclude,2026-02-05T12:49:44.014891
Forcipiger_flavissimus_iNaturalist_64532564.jpg,Forcipiger flavissimus,exclude,2026-02-05T12:49:44.014891
Forcipiger_longirostris_Bishop_2048048784.jpg,Forcipiger longirostris,exclude,2026-02-05T12:41:55.884179
Forcipiger_longirostris_Bishop_2122975038.jpg,Forcipiger longirostris,exclude,2026-02-05T12:41:55.883678
Forcipiger_longirostris_Bishop_545316689.jpg,Forcipiger longirostris,exclude,2026-02-05T12:41:55.882964
Forcipiger_longirostris_iNaturalist_335279641.jpg,Forcipiger longirostris,exclude,2026-02-05T12:49:44.014891
Forcipiger_longirostris_iNaturalist_350169.jpg,Forcipiger longirostris,exclude,2026-02-05T12:49:44.014891
Forcipiger_longirostris_iNaturalist_415726122.jpg,Forcipiger longirostris,exclude,2026-02-05T12:49:44.014891
Forcipiger_longirostris_iNaturalist_474224006.jpg,Forcipiger longirostris,exclude,2026-02-05T12:49:44.014891
Forcipiger_longirostris_iNaturalist_474224219.jpg,Forcipiger longirostris,exclude,2026-02-05T12:49:44.014891
Forcipiger_longirostris_iNaturalist_474224273.jpg,Forcipiger longirostris,exclude,2026-02-05T12:49:44.014891
Forcipiger_longirostris_iNaturalist_527171759.jpg,Forcipiger longirostris,exclude,2026-02-05T12:49:44.014891
Forcipiger_longirostris_iNaturalist_592502757.jpg,Forcipiger longirostris,exclude,2026-02-05T12:49:44.014891
Forcipiger_longirostris_iNaturalist_592502784.jpg,Forcipiger longirostris,exclude,2026-02-05T12:49:44.014891
Forcipiger_longirostris_iNaturalist_72235.jpg,Forcipiger longirostris,exclude,2026-02-05T12:49:44.014891
Forcipiger_wanai_iNaturalist_435111898.jpg,Forcipiger wanai,exclude,2026-02-05T12:49:44.014891
Forcipiger_wanai_iNaturalist_435111986.jpg,Forcipiger wanai,exclude,2026-02-05T12:49:44.014891
Forcipiger_wanai_iNaturalist_435112008.jpg,Forcipiger wanai,exclude,2026-02-05T12:49:44.014891
Forcipiger_wanai_iNaturalist_436511687.jpg,Forcipiger wanai,exclude,2026-02-05T12:49:44.014891
Forcipiger_wanai_iNaturalist_456409328.jpg,Forcipiger wanai,exclude,2026-02-05T12:49:44.014891
Forcipiger_wanai_iNaturalist_457030087.jpg,Forcipiger wanai,exclude,2026-02-05T12:49:44.014891
Forcipiger_wanai_iNaturalist_458153810.jpg,Forcipiger wanai,exclude,2026-02-05T12:49:44.014891
Forcipiger_wanai_iNaturalist_566944234.jpg,Forcipiger wanai,exclude,2026-02-05T12:49:44.014891
Forcipiger_wanai_iNaturalist_59037792.jpg,Forcipiger wanai,exclude,2026-02-05T12:49:44.014891
Forcipiger_wanai_iNaturalist_597780049.jpg,Forcipiger wanai,exclude,2026-02-05T12:49:44.014891
Hemitaurichthys_multispinosus_Bishop_1514469863.jpg,Hemitaurichthys multispinosus,exclude,2026-02-05T12:41:55.883699
Hemitaurichthys_polylepis_Bishop_224753564.jpg,Hemitaurichthys polylepis,exclude,2026-02-05T12:41:55.883062
Hemitaurichthys_polylepis_iNaturalist_179467594.jpg,Hemitaurichthys polylepis,exclude,2026-02-05T12:49:44.014891
Hemitaurichthys_polylepis_iNaturalist_187785592.jpg,Hemitaurichthys polylepis,exclude,2026-02-05T12:49:44.014891
Hemitaurichthys_polylepis_iNaturalist_237757988.jpg,Hemitaurichthys polylepis,exclude,2026-02-05T12:49:44.014891
Hemitaurichthys_polylepis_iNaturalist_327765402.jpg,Hemitaurichthys polylepis,exclude,2026-02-05T12:49:44.014891
Hemitaurichthys_polylepis_iNaturalist_377517077.jpg,Hemitaurichthys polylepis,exclude,2026-02-05T12:49:44.014891
Hemitaurichthys_polylepis_iNaturalist_409603661.jpg,Hemitaurichthys polylepis,exclude,2026-02-05T12:49:44.014891
Hemitaurichthys_polylepis_iNaturalist_409603672.jpg,Hemitaurichthys polylepis,exclude,2026-02-05T12:49:44.014891
Hemitaurichthys_polylepis_iNaturalist_409603684.jpg,Hemitaurichthys polylepis,exclude,2026-02-05T12:49:44.014891
Hemitaurichthys_polylepis_iNaturalist_477147605.jpg,Hemitaurichthys polylepis,exclude,2026-02-05T12:49:44.014891
Hemitaurichthys_polylepis_iNaturalist_505103184.jpg,Hemitaurichthys polylepis,exclude,2026-02-05T12:49:44.014891
Hemitaurichthys_thompsoni_iNaturalist_122841071.jpg,Hemitaurichthys thompsoni,exclude,2026-02-05T12:49:44.014891
Hemitaurichthys_thompsoni_iNaturalist_263235771.jpg,Hemitaurichthys thompsoni,exclude,2026-02-05T12:49:44.014891
Hemitaurichthys_thompsoni_iNaturalist_535843126.jpg,Hemitaurichthys thompsoni,exclude,2026-02-05T12:49:44.014891
Hemitaurichthys_thompsoni_iNaturalist_596365479.jpg,Hemitaurichthys thompsoni,exclude,2026-02-05T12:49:44.014891
Hemitaurichthys_thompsoni_iNaturalist_596365493.jpg,Hemitaurichthys thompsoni,exclude,2026-02-05T12:49:44.014891
Hemitaurichthys_thompsoni_iNaturalist_596365502.jpg,Hemitaurichthys thompsoni,exclude,2026-02-05T12:49:44.014891
Hemitaurichthys_thompsoni_iNaturalist_601149930.jpg,Hemitaurichthys thompsoni,exclude,2026-02-05T12:49:44.014891
Hemitaurichthys_thompsoni_iNaturalist_601149946.jpg,Hemitaurichthys thompsoni,exclude,2026-02-05T12:49:44.014891
Hemitaurichthys_thompsoni_iNaturalist_601149963.jpg,Hemitaurichthys thompsoni,exclude,2026-02-05T12:49:44.014891
Hemitaurichthys_thompsoni_iNaturalist_610388709.jpg,Hemitaurichthys thompsoni,exclude,2026-02-05T12:49:44.014891
Hemitaurichthys_zoster_Bishop_1598828141.jpg,Hemitaurichthys zoster,exclude,2026-02-05T12:41:55.884135
Hemitaurichthys_zoster_iNaturalist_15934136.jpg,Hemitaurichthys zoster,exclude,2026-02-05T12:49:44.014891
Hemitaurichthys_zoster_iNaturalist_485085859.jpg,Hemitaurichthys zoster,exclude,2026-02-05T12:49:44.014891
Hemitaurichthys_zoster_iNaturalist_567879903.jpg,Hemitaurichthys zoster,exclude,2026-02-05T12:49:44.014891
Hemitaurichthys_zoster_iNaturalist_568089875.jpg,Hemitaurichthys zoster,exclude,2026-02-05T12:49:44.014891
Hemitaurichthys_zoster_iNaturalist_601708912.jpg,Hemitaurichthys zoster,exclude,2026-02-05T12:49:44.014891
Hemitaurichthys_zoster_iNaturalist_602452085.jpg,Hemitaurichthys zoster,exclude,2026-02-05T12:49:44.014891
Hemitaurichthys_zoster_iNaturalist_602702693.jpg,Hemitaurichthys zoster,exclude,2026-02-05T12:49:44.014891
Hemitaurichthys_zoster_iNaturalist_602702709.jpg,Hemitaurichthys zoster,exclude,2026-02-05T12:49:44.014891
Hemitaurichthys_zoster_iNaturalist_602702894.jpg,Hemitaurichthys zoster,exclude,2026-02-05T12:49:44.014891
Hemitaurichthys_zoster_iNaturalist_77719643.jpg,Hemitaurichthys zoster,exclude,2026-02-05T12:49:44.014891
Heniochus_acuminatus_Bishop_1817843498.jpg,Heniochus acuminatus,exclude,2026-02-05T12:41:55.882693
Heniochus_acuminatus_Bishop_1965411939.jpg,Heniochus acuminatus,exclude,2026-02-05T12:41:55.882982
Heniochus_acuminatus_Bishop_2027043176.jpg,Heniochus acuminatus,exclude,2026-02-05T12:41:55.883871
Heniochus_acuminatus_iNaturalist_20970094.jpg,Heniochus acuminatus,exclude,2026-02-05T12:49:44.014891
Heniochus_acuminatus_iNaturalist_230063607.jpg,Heniochus acuminatus,exclude,2026-02-05T12:49:44.014891
Heniochus_acuminatus_iNaturalist_251551497.jpg,Heniochus acuminatus,exclude,2026-02-05T12:49:44.014891
Heniochus_acuminatus_iNaturalist_386242137.jpg,Heniochus acuminatus,exclude,2026-02-05T12:49:44.014891
Heniochus_acuminatus_iNaturalist_386242143.jpg,Heniochus acuminatus,exclude,2026-02-05T12:49:44.014891
Heniochus_acuminatus_iNaturalist_407722773.jpg,Heniochus acuminatus,exclude,2026-02-05T12:49:44.014891
Heniochus_acuminatus_iNaturalist_598752844.jpg,Heniochus acuminatus,exclude,2026-02-05T12:49:44.014891
Heniochus_acuminatus_iNaturalist_598752856.jpg,Heniochus acuminatus,exclude,2026-02-05T12:49:44.014891
Heniochus_acuminatus_iNaturalist_598753383.jpg,Heniochus acuminatus,exclude,2026-02-05T12:49:44.014891
Heniochus_acuminatus_iNaturalist_598753419.jpg,Heniochus acuminatus,exclude,2026-02-05T12:49:44.014891
Heniochus_chrysostomus_Bishop_1854375753.jpg,Heniochus chrysostomus,exclude,2026-02-05T12:41:55.883217
Heniochus_chrysostomus_iNaturalist_170510325.jpg,Heniochus chrysostomus,exclude,2026-02-05T12:49:44.014891
Heniochus_chrysostomus_iNaturalist_206734406.jpg,Heniochus chrysostomus,exclude,2026-02-05T12:49:44.014891
Heniochus_chrysostomus_iNaturalist_237286772.jpg,Heniochus chrysostomus,exclude,2026-02-05T12:49:44.014891
Heniochus_chrysostomus_iNaturalist_237286787.jpg,Heniochus chrysostomus,exclude,2026-02-05T12:49:44.014891
Heniochus_chrysostomus_iNaturalist_237980308.jpg,Heniochus chrysostomus,exclude,2026-02-05T12:49:44.014891
Heniochus_chrysostomus_iNaturalist_251695494.jpg,Heniochus chrysostomus,exclude,2026-02-05T12:49:44.014891
Heniochus_chrysostomus_iNaturalist_472989237.jpg,Heniochus chrysostomus,exclude,2026-02-05T12:49:44.014891
Heniochus_chrysostomus_iNaturalist_9703424.jpg,Heniochus chrysostomus,exclude,2026-02-05T12:49:44.014891
Heniochus_chrysostomus_iNaturalist_9703440.jpg,Heniochus chrysostomus,exclude,2026-02-05T12:49:44.014891
Heniochus_chrysostomus_iNaturalist_9703441.jpg,Heniochus chrysostomus,exclude,2026-02-05T12:49:44.014891
Heniochus_diphreutes_Bishop_1453219286.jpg,Heniochus diphreutes,exclude,2026-02-05T12:41:55.884050
Heniochus_diphreutes_iNaturalist_178100777.jpg,Heniochus diphreutes,exclude,2026-02-05T12:49:44.014891
Heniochus_diphreutes_iNaturalist_178101152.jpg,Heniochus diphreutes,exclude,2026-02-05T12:49:44.014891
Heniochus_diphreutes_iNaturalist_178101157.jpg,Heniochus diphreutes,exclude,2026-02-05T12:49:44.014891
Heniochus_diphreutes_iNaturalist_178879467.jpg,Heniochus diphreutes,exclude,2026-02-05T12:49:44.014891
Heniochus_diphreutes_iNaturalist_305134134.jpg,Heniochus diphreutes,exclude,2026-02-05T12:49:44.014891
Heniochus_diphreutes_iNaturalist_361214183.jpg,Heniochus diphreutes,exclude,2026-02-05T12:49:44.014891
Heniochus_diphreutes_iNaturalist_361214220.jpg,Heniochus diphreutes,exclude,2026-02-05T12:49:44.014891
Heniochus_diphreutes_iNaturalist_605814253.jpg,Heniochus diphreutes,exclude,2026-02-05T12:49:44.014891
Heniochus_diphreutes_iNaturalist_605814272.jpg,Heniochus diphreutes,exclude,2026-02-05T12:49:44.014891
Heniochus_diphreutes_iNaturalist_605814292.jpg,Heniochus diphreutes,exclude,2026-02-05T12:49:44.014891
Heniochus_intermedius_Bishop_-20578450.jpg,Heniochus intermedius,exclude,2026-02-05T12:41:55.883918
Heniochus_intermedius_iNaturalist_190615451.jpg,Heniochus intermedius,exclude,2026-02-05T12:49:44.014891
Heniochus_intermedius_iNaturalist_354359713.jpg,Heniochus intermedius,exclude,2026-02-05T12:49:44.014891
Heniochus_intermedius_iNaturalist_418060508.jpg,Heniochus intermedius,exclude,2026-02-05T12:49:44.014891
Heniochus_intermedius_iNaturalist_466154072.jpg,Heniochus intermedius,exclude,2026-02-05T12:49:44.014891
Heniochus_intermedius_iNaturalist_468855261.jpg,Heniochus intermedius,exclude,2026-02-05T12:49:44.014891
Heniochus_intermedius_iNaturalist_487588004.jpg,Heniochus intermedius,exclude,2026-02-05T12:49:44.014891
Heniochus_intermedius_iNaturalist_511341361.jpg,Heniochus intermedius,exclude,2026-02-05T12:49:44.014891
Heniochus_intermedius_iNaturalist_582191458.jpg,Heniochus intermedius,exclude,2026-02-05T12:49:44.014891
Heniochus_intermedius_iNaturalist_582254294.jpg,Heniochus intermedius,exclude,2026-02-05T12:49:44.014891
Heniochus_intermedius_iNaturalist_591524712.jpg,Heniochus intermedius,exclude,2026-02-05T12:49:44.014891
Heniochus_monoceros_Bishop_-980348940.jpg,Heniochus monoceros,exclude,2026-02-05T12:41:55.884085
Heniochus_monoceros_Bishop_1205143013.jpg,Heniochus monoceros,exclude,2026-02-05T12:41:55.883052
Heniochus_monoceros_Bishop_1235534495.jpg,Heniochus monoceros,exclude,2026-02-05T12:41:55.883931
Heniochus_monoceros_iNaturalist_14722046.jpg,Heniochus monoceros,exclude,2026-02-05T12:49:44.014891
Heniochus_monoceros_iNaturalist_172139341.jpg,Heniochus monoceros,exclude,2026-02-05T12:49:44.014891
Heniochus_monoceros_iNaturalist_172139432.jpg,Heniochus monoceros,exclude,2026-02-05T12:49:44.014891
Heniochus_monoceros_iNaturalist_459471784.jpg,Heniochus monoceros,exclude,2026-02-05T12:49:44.014891
Heniochus_monoceros_iNaturalist_580445463.jpg,Heniochus monoceros,exclude,2026-02-05T12:49:44.014891
Heniochus_monoceros_iNaturalist_580445465.jpg,Heniochus monoceros,exclude,2026-02-05T12:49:44.014891
Heniochus_monoceros_iNaturalist_580445466.jpg,Heniochus monoceros,exclude,2026-02-05T12:49:44.014891
Heniochus_monoceros_iNaturalist_580445490.jpg,Heniochus monoceros,exclude,2026-02-05T12:49:44.014891
Heniochus_monoceros_iNaturalist_592878636.jpg,Heniochus monoceros,exclude,2026-02-05T12:49:44.014891
Heniochus_monoceros_iNaturalist_84610546.jpg,Heniochus monoceros,exclude,2026-02-05T12:49:44.014891
Heniochus_pleurotaenia_Bishop_-1006778558.jpg,Heniochus pleurotaenia,exclude,2026-02-05T12:41:55.884123
Heniochus_pleurotaenia_iNaturalist_197005693.jpg,Heniochus pleurotaenia,exclude,2026-02-05T12:49:44.014891
Heniochus_pleurotaenia_iNaturalist_474493863.jpg,Heniochus pleurotaenia,exclude,2026-02-05T12:49:44.014891
Heniochus_pleurotaenia_iNaturalist_474493865.jpg,Heniochus pleurotaenia,exclude,2026-02-05T12:49:44.014891
Heniochus_pleurotaenia_iNaturalist_474493868.jpg,Heniochus pleurotaenia,exclude,2026-02-05T12:49:44.014891
Heniochus_pleurotaenia_iNaturalist_474493869.jpg,Heniochus pleurotaenia,exclude,2026-02-05T12:49:44.014891
Heniochus_pleurotaenia_iNaturalist_593339856.jpg,Heniochus pleurotaenia,exclude,2026-02-05T12:49:44.014891
Heniochus_pleurotaenia_iNaturalist_593339892.jpg,Heniochus pleurotaenia,exclude,2026-02-05T12:49:44.014891
Heniochus_pleurotaenia_iNaturalist_599641812.jpg,Heniochus pleurotaenia,exclude,2026-02-05T12:49:44.014891
Heniochus_pleurotaenia_iNaturalist_66920433.jpg,Heniochus pleurotaenia,exclude,2026-02-05T12:49:44.014891
Heniochus_pleurotaenia_iNaturalist_78290.jpg,Heniochus pleurotaenia,exclude,2026-02-05T12:49:44.014891
Heniochus_singularius_Bishop_1959970624.jpg,Heniochus singularius,exclude,2026-02-05T12:41:55.882936
Heniochus_singularius_Bishop_2065781403.jpg,Heniochus singularius,exclude,2026-02-05T12:41:55.884208
Heniochus_singularius_iNaturalist_19670206.jpg,Heniochus singularius,exclude,2026-02-05T12:49:44.014891
Heniochus_singularius_iNaturalist_244754514.jpg,Heniochus singularius,exclude,2026-02-05T12:49:44.014891
Heniochus_singularius_iNaturalist_340601370.jpg,Heniochus singularius,exclude,2026-02-05T12:49:44.014891
Heniochus_singularius_iNaturalist_477534054.jpg,Heniochus singularius,exclude,2026-02-05T12:49:44.014891
Heniochus_singularius_iNaturalist_478493440.jpg,Heniochus singularius,exclude,2026-02-05T12:49:44.014891
Heniochus_singularius_iNaturalist_478493447.jpg,Heniochus singularius,exclude,2026-02-05T12:49:44.014891
Heniochus_singularius_iNaturalist_479558505.jpg,Heniochus singularius,exclude,2026-02-05T12:49:44.014891
Heniochus_singularius_iNaturalist_483418197.jpg,Heniochus singularius,exclude,2026-02-05T12:49:44.014891
Heniochus_singularius_iNaturalist_483418203.jpg,Heniochus singularius,exclude,2026-02-05T12:49:44.014891
Heniochus_singularius_iNaturalist_483418207.jpg,Heniochus singularius,exclude,2026-02-05T12:49:44.014891
Heniochus_varius_Bishop_2014348865.jpg,Heniochus varius,exclude,2026-02-05T12:41:55.883802
Heniochus_varius_iNaturalist_294238984.jpg,Heniochus varius,exclude,2026-02-05T12:49:44.014891
Heniochus_varius_iNaturalist_345490182.jpg,Heniochus varius,exclude,2026-02-05T12:49:44.014891
Heniochus_varius_iNaturalist_395588221.jpg,Heniochus varius,exclude,2026-02-05T12:49:44.014891
Heniochus_varius_iNaturalist_401424294.jpg,Heniochus varius,exclude,2026-02-05T12:49:44.014891
Heniochus_varius_iNaturalist_401424295.jpg,Heniochus varius,exclude,2026-02-05T12:49:44.014891
Heniochus_varius_iNaturalist_406913809.jpg,Heniochus varius,exclude,2026-02-05T12:49:44.014891
Heniochus_varius_iNaturalist_558793993.jpg,Heniochus varius,exclude,2026-02-05T12:49:44.014891
Heniochus_varius_iNaturalist_60367466.jpg,Heniochus varius,exclude,2026-02-05T12:49:44.014891
Heniochus_varius_iNaturalist_703219.jpg,Heniochus varius,exclude,2026-02-05T12:49:44.014891
Heniochus_varius_iNaturalist_919499.jpg,Heniochus varius,exclude,2026-02-05T12:49:44.014891
Johnrandallia_nigrirostris_iNaturalist_140802403.jpg,Johnrandallia nigrirostris,exclude,2026-02-05T12:49:44.014891
Johnrandallia_nigrirostris_iNaturalist_14815735.jpg,Johnrandallia nigrirostris,exclude,2026-02-05T12:49:44.014891
Johnrandallia_nigrirostris_iNaturalist_274774145.jpg,Johnrandallia nigrirostris,exclude,2026-02-05T12:49:44.014891
Johnrandallia_nigrirostris_iNaturalist_2848140.jpg,Johnrandallia nigrirostris,exclude,2026-02-05T12:49:44.014891
Johnrandallia_nigrirostris_iNaturalist_299336234.jpg,Johnrandallia nigrirostris,exclude,2026-02-05T12:49:44.014891
Johnrandallia_nigrirostris_iNaturalist_338069056.jpg,Johnrandallia nigrirostris,exclude,2026-02-05T12:49:44.014891
Johnrandallia_nigrirostris_iNaturalist_338069057.jpg,Johnrandallia nigrirostris,exclude,2026-02-05T12:49:44.014891
Johnrandallia_nigrirostris_iNaturalist_347256914.jpg,Johnrandallia nigrirostris,exclude,2026-02-05T12:49:44.014891
Johnrandallia_nigrirostris_iNaturalist_79602584.jpg,Johnrandallia nigrirostris,exclude,2026-02-05T12:49:44.014891
Johnrandallia_nigrirostris_iNaturalist_90964108.jpg,Johnrandallia nigrirostris,exclude,2026-02-05T12:49:44.014891
Parachaetodon_ocellatus_Bishop_-154342580.jpg,Parachaetodon ocellatus,exclude,2026-02-05T12:41:55.884062
Parachaetodon_ocellatus_Bishop_-506807721.jpg,Parachaetodon ocellatus,exclude,2026-02-05T12:41:55.883339
Parachaetodon_ocellatus_Bishop_-731143075.jpg,Parachaetodon ocellatus,exclude,2026-02-05T12:41:55.882775
Parachaetodon_ocellatus_FishBase_Paoce_u0.jpg,Parachaetodon ocellatus,resegment,2026-02-08T19:31:59.144688
Parachaetodon_ocellatus_iNaturalist_101338050.jpg,Parachaetodon ocellatus,exclude,2026-02-05T12:49:44.014891
Parachaetodon_ocellatus_iNaturalist_106487797.jpg,Parachaetodon ocellatus,exclude,2026-02-05T12:49:44.014891
Parachaetodon_ocellatus_iNaturalist_10940397.jpg,Parachaetodon ocellatus,exclude,2026-02-05T12:49:44.014891
Parachaetodon_ocellatus_iNaturalist_10940553.jpg,Parachaetodon ocellatus,exclude,2026-02-05T12:49:44.014891
Parachaetodon_ocellatus_iNaturalist_127629586.jpg,Parachaetodon ocellatus,exclude,2026-02-05T12:49:44.014891
Parachaetodon_ocellatus_iNaturalist_341061427.jpg,Parachaetodon ocellatus,exclude,2026-02-05T12:49:44.014891
Parachaetodon_ocellatus_iNaturalist_46792087.jpg,Parachaetodon ocellatus,exclude,2026-02-05T12:49:44.014891
Parachaetodon_ocellatus_iNaturalist_568088836.jpg,Parachaetodon ocellatus,exclude,2026-02-05T12:49:44.014891
Parachaetodon_ocellatus_iNaturalist_579722938.jpg,Parachaetodon ocellatus,exclude,2026-02-05T12:49:44.014891
Parachaetodon_ocellatus_iNaturalist_61646524.jpg,Parachaetodon ocellatus,exclude,2026-02-05T12:49:44.014891
Prognathodes_aculeatus_FishBaseUser_1706562173_172.70.54.190.jpg,Prognathodes aculeatus,exclude,2026-02-08T19:27:57.821274
Prognathodes_aculeatus_iNaturalist_147548487.jpg,Prognathodes aculeatus,exclude,2026-02-05T12:49:44.014891
Prognathodes_aculeatus_iNaturalist_284621950.jpg,Prognathodes aculeatus,exclude,2026-02-05T12:49:44.014891
Prognathodes_aculeatus_iNaturalist_30531970.jpg,Prognathodes aculeatus,exclude,2026-02-05T12:49:44.014891
Prognathodes_aculeatus_iNaturalist_30531979.jpg,Prognathodes aculeatus,exclude,2026-02-05T12:49:44.014891
Prognathodes_aculeatus_iNaturalist_390540552.jpg,Prognathodes aculeatus,exclude,2026-02-05T12:49:44.014891
Prognathodes_aculeatus_iNaturalist_465334435.jpg,Prognathodes aculeatus,exclude,2026-02-05T12:49:44.014891
Prognathodes_aculeatus_iNaturalist_525211901.jpg,Prognathodes aculeatus,exclude,2026-02-05T12:49:44.014891
Prognathodes_aculeatus_iNaturalist_549990135.jpg,Prognathodes aculeatus,exclude,2026-02-05T12:49:44.014891
Prognathodes_aculeatus_iNaturalist_581759717.jpg,Prognathodes aculeatus,exclude,2026-02-05T12:49:44.014891
Prognathodes_aculeatus_iNaturalist_601647878.jpg,Prognathodes aculeatus,exclude,2026-02-05T12:49:44.014891
Prognathodes_aya_iNaturalist_345856582.jpg,Prognathodes aya,exclude,2026-02-05T12:49:44.014891
Prognathodes_aya_iNaturalist_414251810.jpg,Prognathodes aya,exclude,2026-02-05T12:49:44.014891
Prognathodes_aya_iNaturalist_414251812.jpg,Prognathodes aya,exclude,2026-02-05T12:49:44.014891
Prognathodes_carlhubbsi_iNaturalist_197703.jpg,Prognathodes carlhubbsi,exclude,2026-02-05T12:49:44.014891
Prognathodes_carlhubbsi_iNaturalist_289302294.jpg,Prognathodes carlhubbsi,exclude,2026-02-05T12:49:44.014891
Prognathodes_carlhubbsi_iNaturalist_296851093.jpg,Prognathodes carlhubbsi,exclude,2026-02-05T12:49:44.014891
Prognathodes_carlhubbsi_iNaturalist_369004742.jpg,Prognathodes carlhubbsi,exclude,2026-02-05T12:49:44.014891
Prognathodes_carlhubbsi_iNaturalist_369004805.jpg,Prognathodes carlhubbsi,exclude,2026-02-05T12:49:44.014891
Prognathodes_carlhubbsi_iNaturalist_422516459.jpg,Prognathodes carlhubbsi,exclude,2026-02-05T12:49:44.014891
Prognathodes_carlhubbsi_iNaturalist_422516471.jpg,Prognathodes carlhubbsi,exclude,2026-02-05T12:49:44.014891
Prognathodes_carlhubbsi_iNaturalist_443367431.jpg,Prognathodes carlhubbsi,exclude,2026-02-05T12:49:44.014891
Prognathodes_carlhubbsi_iNaturalist_443367465.jpg,Prognathodes carlhubbsi,exclude,2026-02-05T12:49:44.014891
Prognathodes_carlhubbsi_iNaturalist_443367541.jpg,Prognathodes carlhubbsi,exclude,2026-02-05T12:49:44.014891
Prognathodes_dichrous_iNaturalist_59250499.jpg,Prognathodes dichrous,exclude,2026-02-05T12:49:44.014891
Prognathodes_falcifer_FishBase_Chfal_u2.jpg,Prognathodes falcifer,resegment,2026-02-08T19:20:06.871712
Prognathodes_falcifer_iNaturalist_207868114.jpg,Prognathodes falcifer,exclude,2026-02-05T12:49:44.014891
Prognathodes_falcifer_iNaturalist_208018123.jpg,Prognathodes falcifer,exclude,2026-02-05T12:49:44.014891
Prognathodes_falcifer_iNaturalist_240542331.jpg,Prognathodes falcifer,exclude,2026-02-05T12:49:44.014891
Prognathodes_falcifer_iNaturalist_439465583.jpg,Prognathodes falcifer,exclude,2026-02-05T12:49:44.014891
Prognathodes_falcifer_iNaturalist_440145575.jpg,Prognathodes falcifer,exclude,2026-02-05T12:49:44.014891
Prognathodes_falcifer_iNaturalist_44348913.jpg,Prognathodes falcifer,exclude,2026-02-05T12:49:44.014891
Prognathodes_falcifer_iNaturalist_562177023.jpg,Prognathodes falcifer,exclude,2026-02-05T12:49:44.014891
Prognathodes_falcifer_iNaturalist_562177033.jpg,Prognathodes falcifer,exclude,2026-02-05T12:49:44.014891
Prognathodes_falcifer_iNaturalist_60191150.jpg,Prognathodes falcifer,exclude,2026-02-05T12:49:44.014891
Prognathodes_guyanensis_iNaturalist_456412996.jpg,Prognathodes guyanensis,exclude,2026-02-05T12:49:44.014891
Prognathodes_marcellae_FishBase_Prmar_u0.jpg,Prognathodes marcellae,exclude,2026-02-08T19:16:57.045245
Prognathodes_marcellae_iNaturalist_166670490.jpg,Prognathodes marcellae,exclude,2026-02-05T12:49:44.014891
Prognathodes_marcellae_iNaturalist_166670964.jpg,Prognathodes marcellae,exclude,2026-02-05T12:49:44.014891
Prognathodes_marcellae_iNaturalist_176153571.jpg,Prognathodes marcellae,exclude,2026-02-05T12:49:44.014891
Prognathodes_marcellae_iNaturalist_185079663.jpg,Prognathodes marcellae,exclude,2026-02-05T12:49:44.014891
Prognathodes_marcellae_iNaturalist_219633983.jpg,Prognathodes marcellae,exclude,2026-02-05T12:49:44.014891
Prognathodes_marcellae_iNaturalist_244937622.jpg,Prognathodes marcellae,exclude,2026-02-05T12:49:44.014891
Roa_jayakari_FishBaseUser_1380914544_182.178.28.52.jpg,Roa jayakari,exclude,2026-02-08T18:48:39.346162
Roa_jayakari_FishBaseUser_1380914654_182.178.28.52.jpg,Roa jayakari,exclude,2026-02-08T18:48:39.346162
Roa_jayakari_FishBaseUser_1380914688_182.178.28.52.jpg,Roa jayakari,exclude,2026-02-08T18:48:39.346162
Roa_jayakari_FishBaseUser_1380914710_182.178.28.52.jpg,Roa jayakari,exclude,2026-02-08T18:48:39.346162
Roa_jayakari_FishBaseUser_1385719028_210.212.140.226.jpg,Roa jayakari,exclude,2026-02-08T18:48:39.346162
Roa_jayakari_FishBaseUser_1476521232_162.158.31.220.jpg,Roa jayakari,exclude,2026-02-08T18:48:39.346162
Roa_jayakari_FishBaseUser_1476521377_162.158.31.220.jpg,Roa jayakari,exclude,2026-02-08T18:48:39.346162
Roa_jayakari_FishBaseUser_1502595969_188.114.102.42.jpg,Roa jayakari,exclude,2026-02-08T18:48:39.346162
Roa_jayakari_FishBaseUser_1651918392_162.158.163.202.jpg,Roa jayakari,exclude,2026-02-08T18:48:39.346162
Roa_jayakari_FishBaseUser_1671631214_172.70.147.66.jpg,Roa jayakari,exclude,2026-02-08T18:48:39.346162
Roa_jayakari_FishBaseUser_1723181229_162.158.163.107.jpg,Roa jayakari,exclude,2026-02-08T18:48:39.346162
Roa_jayakari_FishBase_Chjay_u1.jpg,Roa jayakari,exclude,2026-02-08T18:48:44.461243
Roa_modesta_FishBase_Chmod_u0.jpg,Roa modesta,exclude,2026-02-08T18:46:59.849527
Roa_modesta_FishBase_Romod_u0.jpg,Roa modesta,exclude,2026-02-08T18:47:58.897057
Roa_modesta_iNaturalist_200235685.jpg,Roa modesta,exclude,2026-02-05T12:49:44.014891
Roa_modesta_iNaturalist_351064622.jpg,Roa modesta,exclude,2026-02-05T12:49:44.014891
Roa_modesta_iNaturalist_351064648.jpg,Roa modesta,exclude,2026-02-05T12:49:44.014891
Roa_modesta_iNaturalist_351101087.jpg,Roa modesta,exclude,2026-02-05T12:49:44.014891
Roa_modesta_iNaturalist_351101106.jpg,Roa modesta,exclude,2026-02-05T12:49:44.014891
Roa_modesta_iNaturalist_351101127.jpg,Roa modesta,exclude,2026-02-05T12:49:44.014891
Roa_modesta_iNaturalist_410589366.jpg,Roa modesta,exclude,2026-02-05T12:49:44.014891
Roa_modesta_iNaturalist_410589399.jpg,Roa modesta,exclude,2026-02-05T12:49:44.014891
Roa_modesta_iNaturalist_431619017.jpg,Roa modesta,exclude,2026-02-05T12:49:44.014891
Roa_modesta_iNaturalist_475502900.jpg,Roa modesta,exclude,2026-02-05T12:49:44.014891
